frame_idx,seq,sample_id,weather,patch_idx,foreground,camera,lidar,radar,dominant,dominant_value,dominance_margin,entropy,balance_score,fg_gate
0,1,00182,normal,487,1,,0.999613,0.000387,L,0.999613,0.999226,0.004942,0.000774,0.202408
0,1,00182,normal,1134,1,,1.000000,0.000000,L,1.000000,1.000000,0.000003,0.000000,0.525523
0,1,00182,normal,1404,1,,0.998551,0.001449,L,0.998551,0.997101,0.015757,0.002899,0.083356
0,1,00182,normal,402,1,,0.999154,0.000846,L,0.999154,0.998309,0.009851,0.001691,0.164084
0,1,00182,normal,1040,1,,0.997367,0.002633,L,0.997367,0.994734,0.026358,0.005266,0.072515
0,1,00182,normal,1315,1,,0.999710,0.000290,L,0.999710,0.999421,0.003821,0.000579,0.121320
0,1,00182,normal,1132,1,,0.999856,0.000143,L,0.999856,0.999713,0.002039,0.000287,0.110742
0,1,00182,normal,1133,1,,1.000000,0.000000,L,1.000000,0.999999,0.000006,0.000001,0.427117
0,1,00182,normal,1047,1,,0.999590,0.000410,L,0.999590,0.999180,0.005207,0.000820,0.066960
0,1,00182,normal,581,1,,0.997098,0.002902,L,0.997098,0.994196,0.028641,0.005804,0.131903
0,1,00182,normal,1226,1,,0.999991,0.000009,L,0.999991,0.999981,0.000169,0.000019,0.141515
0,1,00182,normal,1130,1,,0.999129,0.000871,L,0.999129,0.998257,0.010114,0.001743,0.087132
0,1,00182,normal,1317,1,,0.999698,0.000302,L,0.999698,0.999397,0.003963,0.000603,0.074924
0,1,00182,normal,1311,1,,0.997825,0.002175,L,0.997825,0.995651,0.022369,0.004349,0.092940
0,1,00182,normal,1222,1,,1.000000,0.000000,L,1.000000,0.999999,0.000011,0.000001,0.274834
0,1,00182,normal,1225,1,,1.000000,0.000000,L,1.000000,0.999999,0.000006,0.000001,0.515874
0,1,00182,normal,1310,1,,0.999231,0.000769,L,0.999231,0.998463,0.009059,0.001537,0.096875
0,1,00182,normal,1043,1,,0.999195,0.000805,L,0.999195,0.998389,0.009438,0.001611,0.073057
0,1,00182,normal,1224,1,,1.000000,0.000000,L,1.000000,1.000000,0.000000,0.000000,0.764142
0,1,00182,normal,1131,1,,0.998812,0.001188,L,0.998812,0.997624,0.013258,0.002376,0.088472
0,1,00182,normal,1403,1,,0.998351,0.001649,L,0.998351,0.996701,0.017624,0.003299,0.078895
0,1,00182,normal,1407,1,,0.998660,0.001340,L,0.998660,0.997321,0.014718,0.002679,0.076416
0,1,00182,normal,306,1,,0.999649,0.000351,L,0.999649,0.999297,0.004539,0.000703,0.096294
0,1,00182,normal,1400,1,,0.998211,0.001789,L,0.998211,0.996422,0.018907,0.003578,0.085195
0,1,00182,normal,311,1,,0.999029,0.000971,L,0.999029,0.998058,0.011116,0.001942,0.092455
0,1,00182,normal,396,1,,0.999963,0.000037,L,0.999963,0.999927,0.000593,0.000073,0.239475
0,1,00182,normal,490,1,,1.000000,0.000000,L,1.000000,1.000000,0.000003,0.000000,0.699379
0,1,00182,normal,312,1,,0.998827,0.001173,L,0.998827,0.997654,0.013112,0.002346,0.074492
0,1,00182,normal,1223,1,,1.000000,0.000000,L,1.000000,1.000000,0.000000,0.000000,0.676369
0,1,00182,normal,1221,1,,0.999625,0.000375,L,0.999625,0.999250,0.004806,0.000750,0.092118
0,1,00182,normal,1402,1,,0.996933,0.003067,L,0.996933,0.993865,0.030027,0.006135,0.077140
0,1,00182,normal,492,1,,0.997485,0.002515,L,0.997485,0.994970,0.025342,0.005030,0.121232
0,1,00182,normal,1405,1,,0.999525,0.000475,L,0.999525,0.999050,0.005930,0.000950,0.072676
0,1,00182,normal,580,1,,0.998525,0.001475,L,0.998525,0.997050,0.016001,0.002950,0.182810
0,1,00182,normal,488,1,,0.999923,0.000077,L,0.999923,0.999847,0.001157,0.000153,0.299460
0,1,00182,normal,577,1,,0.997072,0.002928,L,0.997072,0.994143,0.028862,0.005857,0.129712
0,1,00182,normal,758,0,,0.997854,0.002146,L,0.997854,0.995709,0.022111,0.004291,0.078503
0,1,00182,normal,798,0,,0.999121,0.000879,L,0.999121,0.998242,0.010191,0.001758,0.057776
0,1,00182,normal,1087,0,,0.997008,0.002992,L,0.997008,0.994016,0.029396,0.005984,0.185627
0,1,00182,normal,1366,0,,0.998959,0.001041,L,0.998959,0.997919,0.011812,0.002081,0.063284
0,1,00182,normal,156,0,,0.999647,0.000353,L,0.999647,0.999294,0.004557,0.000706,0.073235
0,1,00182,normal,725,0,,0.997365,0.002635,L,0.997365,0.994731,0.026370,0.005269,0.058509
0,1,00182,normal,183,0,,0.998911,0.001089,L,0.998911,0.997822,0.012290,0.002178,0.080409
0,1,00182,normal,1185,0,,0.998468,0.001531,L,0.998468,0.996937,0.016528,0.003063,0.068954
0,1,00182,normal,1145,0,,0.999456,0.000544,L,0.999456,0.998913,0.006679,0.001087,0.040496
0,1,00182,normal,626,0,,0.999853,0.000147,L,0.999853,0.999706,0.002082,0.000294,0.041967
0,1,00182,normal,617,0,,0.998789,0.001211,L,0.998789,0.997579,0.013477,0.002421,0.053275
0,1,00182,normal,964,0,,0.998799,0.001201,L,0.998799,0.997599,0.013379,0.002401,0.047105
0,1,00182,normal,288,0,,0.999568,0.000432,L,0.999568,0.999135,0.005455,0.000865,0.039306
0,1,00182,normal,1380,0,,0.999388,0.000612,L,0.999388,0.998775,0.007418,0.001225,0.100051
0,1,00182,normal,1234,0,,0.999718,0.000282,L,0.999718,0.999437,0.003728,0.000563,0.042800
0,1,00182,normal,660,0,,0.997658,0.002342,L,0.997658,0.995316,0.023839,0.004684,0.125505
0,1,00182,normal,50,0,,0.999252,0.000748,L,0.999252,0.998504,0.008844,0.001496,0.078860
0,1,00182,normal,783,0,,0.998938,0.001062,L,0.998938,0.997876,0.012023,0.002124,0.057951
1,1,00539,normal,1300,1,,0.999508,0.000492,L,0.999508,0.999017,0.006113,0.000983,0.077006
1,1,00539,normal,1206,1,,0.999879,0.000121,L,0.999879,0.999758,0.001752,0.000242,0.252661
1,1,00539,normal,1133,1,,0.996405,0.003595,L,0.996405,0.992809,0.034372,0.007191,0.114708
1,1,00539,normal,1128,1,,0.997919,0.002081,L,0.997919,0.995837,0.021541,0.004163,0.215060
1,1,00539,normal,1039,1,,0.997639,0.002361,L,0.997639,0.995279,0.024002,0.004721,0.192849
1,1,00539,normal,1208,1,,0.998900,0.001100,L,0.998900,0.997801,0.012394,0.002199,0.166674
1,1,00539,normal,1225,1,,0.999514,0.000486,L,0.999514,0.999028,0.006052,0.000972,0.060817
1,1,00539,normal,1309,1,,0.998989,0.001011,L,0.998989,0.997978,0.011518,0.002022,0.158344
1,1,00539,normal,1316,1,,0.998971,0.001029,L,0.998971,0.997941,0.011699,0.002059,0.059526
1,1,00539,normal,1209,1,,0.999282,0.000718,L,0.999282,0.998565,0.008532,0.001435,0.097353
1,1,00539,normal,1401,1,,1.000000,0.000000,L,1.000000,1.000000,0.000002,0.000000,0.643852
1,1,00539,normal,1406,1,,0.996971,0.003028,L,0.996971,0.993943,0.029702,0.006057,0.142943
1,1,00539,normal,1221,1,,0.998442,0.001558,L,0.998442,0.996885,0.016772,0.003115,0.101444
1,1,00539,normal,1207,1,,0.999711,0.000289,L,0.999711,0.999423,0.003811,0.000577,0.232202
1,1,00539,normal,1040,1,,0.998414,0.001586,L,0.998414,0.996829,0.017033,0.003171,0.119647
1,1,00539,normal,1125,1,,0.998254,0.001746,L,0.998254,0.996508,0.018512,0.003492,0.174419
1,1,00539,normal,1296,1,,1.000000,0.000000,L,1.000000,1.000000,0.000002,0.000000,0.674654
1,1,00539,normal,1403,1,,0.999992,0.000008,L,0.999992,0.999983,0.000154,0.000017,0.337485
1,1,00539,normal,1214,1,,0.996743,0.003257,L,0.996743,0.993486,0.031601,0.006514,0.081774
1,1,00539,normal,1313,1,,0.999993,0.000007,L,0.999993,0.999986,0.000127,0.000014,0.391519
1,1,00539,normal,1222,1,,0.998942,0.001058,L,0.998942,0.997885,0.011979,0.002115,0.111661
1,1,00539,normal,1218,1,,0.999072,0.000928,L,0.999072,0.998144,0.010687,0.001856,0.137805
1,1,00539,normal,1127,1,,0.999538,0.000462,L,0.999538,0.999075,0.005791,0.000925,0.231512
1,1,00539,normal,1037,1,,1.000000,0.000000,L,1.000000,1.000000,0.000000,0.000000,0.942881
1,1,00539,normal,1314,1,,0.995398,0.004602,L,0.995398,0.990797,0.042349,0.009203,0.132812
1,1,00539,normal,1217,1,,0.999493,0.000507,L,0.999493,0.998985,0.006285,0.001015,0.165707
1,1,00539,normal,1136,1,,0.998840,0.001160,L,0.998840,0.997681,0.012981,0.002319,0.066946
1,1,00539,normal,1389,1,,0.998953,0.001047,L,0.998953,0.997906,0.011876,0.002094,0.178404
1,1,00539,normal,1298,1,,1.000000,0.000000,L,1.000000,1.000000,0.000004,0.000000,0.638159
1,1,00539,normal,944,1,,0.998931,0.001069,L,0.998931,0.997863,0.012088,0.002137,0.102831
1,1,00539,normal,1399,1,,0.998213,0.001787,L,0.998213,0.996426,0.018887,0.003574,0.160419
1,1,00539,normal,1035,1,,0.999938,0.000062,L,0.999938,0.999875,0.000963,0.000125,0.273361
1,1,00539,normal,1402,1,,1.000000,0.000000,L,1.000000,1.000000,0.000001,0.000000,0.648008
1,1,00539,normal,1223,1,,0.998182,0.001818,L,0.998182,0.996365,0.019168,0.003635,0.154014
1,1,00539,normal,861,1,,0.997626,0.002374,L,0.997626,0.995252,0.024117,0.004748,0.096688
1,1,00539,normal,1038,1,,1.000000,0.000000,L,1.000000,1.000000,0.000002,0.000000,0.714781
1,1,00539,normal,545,0,,0.992246,0.007754,L,0.992246,0.984492,0.065504,0.015508,0.071252
1,1,00539,normal,918,0,,0.999221,0.000779,L,0.999221,0.998442,0.009168,0.001558,0.038559
1,1,00539,normal,539,0,,0.999896,0.000104,L,0.999896,0.999791,0.001532,0.000209,0.056311
1,1,00539,normal,297,0,,0.996548,0.003452,L,0.996548,0.993095,0.033207,0.006905,0.066341
1,1,00539,normal,1153,0,,0.999165,0.000835,L,0.999165,0.998330,0.009742,0.001670,0.048840
1,1,00539,normal,1355,0,,0.996615,0.003386,L,0.996615,0.993229,0.032659,0.006771,0.110481
1,1,00539,normal,549,0,,0.997791,0.002209,L,0.997791,0.995581,0.022676,0.004419,0.051928
1,1,00539,normal,479,0,,0.999512,0.000488,L,0.999512,0.999023,0.006076,0.000977,0.051582
1,1,00539,normal,679,0,,0.997394,0.002606,L,0.997394,0.994789,0.026121,0.005211,0.069531
1,1,00539,normal,293,0,,0.997827,0.002173,L,0.997827,0.995654,0.022356,0.004346,0.052263
1,1,00539,normal,1186,0,,0.998349,0.001651,L,0.998349,0.996697,0.017642,0.003303,0.057141
1,1,00539,normal,252,0,,0.999710,0.000290,L,0.999710,0.999420,0.003825,0.000580,0.054890
1,1,00539,normal,548,0,,0.996918,0.003082,L,0.996918,0.993837,0.030147,0.006163,0.058639
1,1,00539,normal,601,0,,0.998922,0.001078,L,0.998922,0.997844,0.012180,0.002156,0.113339
1,1,00539,normal,1233,0,,0.999426,0.000574,L,0.999426,0.998852,0.007010,0.001148,0.051153
1,1,00539,normal,954,0,,0.996893,0.003107,L,0.996893,0.993785,0.030360,0.006215,0.070783
1,1,00539,normal,1368,0,,0.999582,0.000418,L,0.999582,0.999163,0.005300,0.000837,0.069745
1,1,00539,normal,821,0,,0.998836,0.001164,L,0.998836,0.997672,0.013022,0.002328,0.051822
2,3,00285,normal,1162,1,,0.997412,0.002588,L,0.997412,0.994824,0.025972,0.005176,0.092603
2,3,00285,normal,800,1,,0.999137,0.000863,L,0.999137,0.998274,0.010030,0.001726,0.072164
2,3,00285,normal,801,1,,0.999533,0.000467,L,0.999533,0.999067,0.005836,0.000933,0.107850
2,3,00285,normal,985,1,,1.000000,0.000000,L,1.000000,1.000000,0.000001,0.000000,0.516887
2,3,00285,normal,893,1,,0.999999,0.000001,L,0.999999,0.999999,0.000016,0.000001,0.396165
2,3,00285,normal,1075,1,,0.999507,0.000493,L,0.999507,0.999014,0.006129,0.000986,0.118912
2,3,00285,normal,806,1,,0.999736,0.000264,L,0.999736,0.999473,0.003515,0.000527,0.038776
2,3,00285,normal,897,1,,0.999369,0.000631,L,0.999369,0.998739,0.007613,0.001261,0.053315
2,3,00285,normal,1163,1,,0.998781,0.001219,L,0.998781,0.997562,0.013557,0.002438,0.092864
2,3,00285,normal,1077,1,,0.999392,0.000608,L,0.999392,0.998785,0.007368,0.001215,0.054131
2,3,00285,normal,1070,1,,0.998315,0.001685,L,0.998315,0.996629,0.017955,0.003371,0.077738
2,3,00285,normal,805,1,,0.998573,0.001427,L,0.998573,0.997146,0.015547,0.002854,0.053585
2,3,00285,normal,983,1,,1.000000,0.000000,L,1.000000,1.000000,0.000000,0.000000,0.675298
2,3,00285,normal,980,1,,0.999971,0.000029,L,0.999971,0.999943,0.000472,0.000057,0.108419
2,3,00285,normal,1076,1,,0.999447,0.000553,L,0.999447,0.998893,0.006784,0.001107,0.067908
2,3,00285,normal,1161,1,,0.997090,0.002910,L,0.997090,0.994180,0.028707,0.005820,0.093733
2,3,00285,normal,803,1,,0.999841,0.000159,L,0.999841,0.999681,0.002239,0.000319,0.064637
2,3,00285,normal,802,1,,0.999869,0.000131,L,0.999869,0.999738,0.001881,0.000262,0.088823
2,3,00285,normal,804,1,,0.999547,0.000453,L,0.999547,0.999094,0.005684,0.000906,0.055381
2,3,00285,normal,1165,1,,0.999529,0.000471,L,0.999529,0.999059,0.005880,0.000941,0.061385
2,3,00285,normal,1071,1,,0.996449,0.003551,L,0.996449,0.992898,0.034009,0.007102,0.092056
2,3,00285,normal,891,1,,0.999250,0.000750,L,0.999250,0.998499,0.008870,0.001501,0.147727
2,3,00285,normal,984,1,,1.000000,0.000000,L,1.000000,1.000000,0.000000,0.000000,0.699155
2,3,00285,normal,895,1,,0.999925,0.000075,L,0.999925,0.999850,0.001138,0.000150,0.111824
2,3,00285,normal,982,1,,0.999997,0.000003,L,0.999997,0.999995,0.000054,0.000005,0.382086
2,3,00285,normal,1072,1,,0.998398,0.001602,L,0.998398,0.996796,0.017184,0.003204,0.116241
2,3,00285,normal,807,1,,0.999574,0.000426,L,0.999574,0.999148,0.005387,0.000852,0.042812
2,3,00285,normal,981,1,,0.998662,0.001338,L,0.998662,0.997323,0.014704,0.002677,0.136556
2,3,00285,normal,896,1,,0.999697,0.000303,L,0.999697,0.999393,0.003982,0.000607,0.050096
2,3,00285,normal,1074,1,,0.999920,0.000080,L,0.999920,0.999840,0.001204,0.000160,0.149647
2,3,00285,normal,1160,1,,0.997817,0.002183,L,0.997817,0.995634,0.022443,0.004366,0.068883
2,3,00285,normal,987,1,,0.999131,0.000869,L,0.999131,0.998262,0.010088,0.001738,0.071963
2,3,00285,normal,986,1,,0.999446,0.000554,L,0.999446,0.998891,0.006795,0.001109,0.086533
2,3,00285,normal,892,1,,0.999791,0.000209,L,0.999791,0.999582,0.002853,0.000418,0.182959
2,3,00285,normal,894,1,,1.000000,0.000000,L,1.000000,1.000000,0.000003,0.000000,0.345209
2,3,00285,normal,1073,1,,0.999650,0.000350,L,0.999650,0.999300,0.004521,0.000700,0.140014
2,3,00285,normal,465,0,,0.999899,0.000101,L,0.999899,0.999797,0.001490,0.000203,0.092331
2,3,00285,normal,665,0,,0.999635,0.000365,L,0.999635,0.999270,0.004695,0.000730,0.038069
2,3,00285,normal,924,0,,0.998210,0.001790,L,0.998210,0.996420,0.018916,0.003580,0.085936
2,3,00285,normal,139,0,,0.999435,0.000565,L,0.999435,0.998869,0.006914,0.001131,0.071544
2,3,00285,normal,788,0,,0.999606,0.000394,L,0.999606,0.999212,0.005027,0.000788,0.040994
2,3,00285,normal,560,0,,0.999468,0.000532,L,0.999468,0.998937,0.006551,0.001063,0.039530
2,3,00285,normal,914,0,,0.998046,0.001954,L,0.998046,0.996093,0.020398,0.003907,0.086717
2,3,00285,normal,925,0,,0.998061,0.001939,L,0.998061,0.996122,0.020264,0.003878,0.086173
2,3,00285,normal,609,0,,0.998675,0.001325,L,0.998675,0.997349,0.014581,0.002651,0.047145
2,3,00285,normal,513,0,,0.999486,0.000514,L,0.999486,0.998971,0.006361,0.001029,0.047154
2,3,00285,normal,929,0,,0.997171,0.002829,L,0.997171,0.994341,0.028029,0.005659,0.092322
2,3,00285,normal,1312,0,,0.998498,0.001502,L,0.998498,0.996995,0.016256,0.003005,0.099274
2,3,00285,normal,848,0,,0.998299,0.001701,L,0.998299,0.996597,0.018104,0.003403,0.057759
2,3,00285,normal,977,0,,0.998561,0.001439,L,0.998561,0.997122,0.015661,0.002878,0.048570
2,3,00285,normal,607,0,,0.999301,0.000699,L,0.999301,0.998602,0.008335,0.001398,0.055106
2,3,00285,normal,641,0,,0.997471,0.002529,L,0.997471,0.994941,0.025466,0.005059,0.089204
2,3,00285,normal,344,0,,0.999723,0.000277,L,0.999723,0.999446,0.003674,0.000554,0.042723
2,3,00285,normal,208,0,,0.997771,0.002229,L,0.997771,0.995542,0.022846,0.004458,0.091843
3,5,00300,normal,1333,1,,0.999218,0.000782,L,0.999218,0.998435,0.009202,0.001565,0.047161
3,5,00300,normal,1022,1,,0.997776,0.002224,L,0.997776,0.995553,0.022802,0.004447,0.107537
3,5,00300,normal,1061,1,,0.999962,0.000038,L,0.999962,0.999923,0.000618,0.000077,0.080115
3,5,00300,normal,1423,1,,0.998342,0.001658,L,0.998342,0.996684,0.017702,0.003316,0.061536
3,5,00300,normal,1150,1,,1.000000,0.000000,L,1.000000,1.000000,0.000002,0.000000,0.229049
3,5,00300,normal,840,1,,1.000000,0.000000,L,1.000000,0.999999,0.000011,0.000001,0.717897
3,5,00300,normal,1151,1,,1.000000,0.000000,L,1.000000,1.000000,0.000000,0.000000,0.372458
3,5,00300,normal,1244,1,,0.999594,0.000406,L,0.999594,0.999187,0.005164,0.000813,0.037482
3,5,00300,normal,1239,1,,0.999735,0.000265,L,0.999735,0.999469,0.003535,0.000531,0.137293
3,5,00300,normal,1152,1,,1.000000,0.000000,L,1.000000,1.000000,0.000001,0.000000,0.252975
3,5,00300,normal,1242,1,,1.000000,0.000000,L,1.000000,1.000000,0.000002,0.000000,0.178779
3,5,00300,normal,1238,1,,0.999706,0.000294,L,0.999706,0.999411,0.003877,0.000589,0.128955
3,5,00300,normal,929,1,,0.999167,0.000833,L,0.999167,0.998333,0.009725,0.001667,0.165487
3,5,00300,normal,1024,1,,0.997052,0.002948,L,0.997052,0.994104,0.029027,0.005896,0.080253
3,5,00300,normal,664,1,,0.997086,0.002914,L,0.997086,0.994173,0.028738,0.005827,0.078485
3,5,00300,normal,754,1,,0.995907,0.004093,L,0.995907,0.991814,0.038360,0.008186,0.151795
3,5,00300,normal,1329,1,,0.999075,0.000925,L,0.999075,0.998149,0.010660,0.001851,0.065639
3,5,00300,normal,842,1,,1.000000,0.000000,L,1.000000,1.000000,0.000000,0.000000,0.999883
3,5,00300,normal,753,1,,0.998056,0.001944,L,0.998056,0.996113,0.020308,0.003887,0.190512
3,5,00300,normal,1328,1,,0.999067,0.000933,L,0.999067,0.998134,0.010737,0.001866,0.075699
3,5,00300,normal,969,1,,0.999729,0.000271,L,0.999729,0.999458,0.003602,0.000542,0.065996
3,5,00300,normal,1154,1,,0.998725,0.001275,L,0.998725,0.997450,0.014097,0.002550,0.046475
3,5,00300,normal,839,1,,0.999318,0.000682,L,0.999318,0.998637,0.008153,0.001363,0.189063
3,5,00300,normal,1148,1,,0.999896,0.000104,L,0.999896,0.999792,0.001523,0.000208,0.168238
3,5,00300,normal,844,1,,0.996889,0.003111,L,0.996889,0.993778,0.030393,0.006222,0.218605
3,5,00300,normal,1060,1,,0.999983,0.000017,L,0.999983,0.999966,0.000291,0.000034,0.086263
3,5,00300,normal,934,1,,0.997062,0.002938,L,0.997062,0.994124,0.028944,0.005876,0.163569
3,5,00300,normal,1332,1,,0.999632,0.000368,L,0.999632,0.999263,0.004733,0.000737,0.047475
3,5,00300,normal,1059,1,,0.999950,0.000050,L,0.999950,0.999901,0.000781,0.000099,0.088529
3,5,00300,normal,661,1,,0.995955,0.004045,L,0.995955,0.991909,0.037984,0.008091,0.083270
3,5,00300,normal,1153,1,,0.999914,0.000086,L,0.999914,0.999828,0.001287,0.000172,0.069809
3,5,00300,normal,843,1,,1.000000,0.000000,L,1.000000,1.000000,0.000004,0.000000,0.783562
3,5,00300,normal,1330,1,,0.999713,0.000287,L,0.999713,0.999426,0.003791,0.000574,0.050204
3,5,00300,normal,1025,1,,0.998199,0.001801,L,0.998199,0.996398,0.019018,0.003602,0.061182
3,5,00300,normal,1240,1,,1.000000,0.000000,L,1.000000,1.000000,0.000005,0.000000,0.137337
3,5,00300,normal,1421,1,,0.999559,0.000441,L,0.999559,0.999117,0.005557,0.000883,0.052745
3,5,00300,normal,981,0,,0.998171,0.001829,L,0.998171,0.996342,0.019272,0.003658,0.060891
3,5,00300,normal,695,0,,0.999557,0.000443,L,0.999557,0.999113,0.005578,0.000887,0.049322
3,5,00300,normal,137,0,,0.999657,0.000343,L,0.999657,0.999313,0.004447,0.000687,0.064658
3,5,00300,normal,807,0,,0.999809,0.000191,L,0.999809,0.999619,0.002630,0.000381,0.071417
3,5,00300,normal,1118,0,,0.998055,0.001945,L,0.998055,0.996111,0.020316,0.003889,0.070730
3,5,00300,normal,1089,0,,0.998686,0.001314,L,0.998686,0.997373,0.014468,0.002627,0.043413
3,5,00300,normal,904,0,,0.997836,0.002164,L,0.997836,0.995672,0.022276,0.004328,0.045525
3,5,00300,normal,643,0,,0.997142,0.002858,L,0.997142,0.994283,0.028273,0.005717,0.049968
3,5,00300,normal,878,0,,0.998419,0.001581,L,0.998419,0.996838,0.016992,0.003162,0.076462
3,5,00300,normal,187,0,,0.997479,0.002521,L,0.997479,0.994958,0.025391,0.005042,0.098839
3,5,00300,normal,245,0,,0.999550,0.000450,L,0.999550,0.999100,0.005649,0.000900,0.048829
3,5,00300,normal,573,0,,0.997854,0.002146,L,0.997854,0.995709,0.022111,0.004291,0.085789
3,5,00300,normal,244,0,,0.999556,0.000444,L,0.999556,0.999112,0.005583,0.000888,0.047526
3,5,00300,normal,112,0,,0.999022,0.000978,L,0.999022,0.998044,0.011189,0.001956,0.066768
3,5,00300,normal,1111,0,,0.996549,0.003451,L,0.996549,0.993099,0.033193,0.006901,0.095077
3,5,00300,normal,265,0,,0.999663,0.000337,L,0.999663,0.999326,0.004371,0.000674,0.045092
3,5,00300,normal,506,0,,0.995804,0.004196,L,0.995804,0.991608,0.039176,0.008392,0.050928
3,5,00300,normal,673,0,,0.999058,0.000942,L,0.999058,0.998116,0.010825,0.001884,0.071728
4,7,00272,normal,1055,1,,1.000000,0.000000,L,1.000000,1.000000,0.000003,0.000000,0.151700
4,7,00272,normal,1007,1,,0.999999,0.000001,L,0.999999,0.999998,0.000023,0.000002,0.492556
4,7,00272,normal,1142,1,,0.999515,0.000485,L,0.999515,0.999030,0.006041,0.000970,0.087067
4,7,00272,normal,873,1,,0.998126,0.001874,L,0.998126,0.996251,0.019682,0.003749,0.103138
4,7,00272,normal,1275,1,,0.996840,0.003160,L,0.996840,0.993680,0.030796,0.006320,0.129485
4,7,00272,normal,916,1,,0.998515,0.001485,L,0.998515,0.997030,0.016091,0.002970,0.100665
4,7,00272,normal,1148,1,,0.999008,0.000992,L,0.999008,0.998016,0.011328,0.001984,0.046921
4,7,00272,normal,1056,1,,1.000000,0.000000,L,1.000000,1.000000,0.000005,0.000000,0.193800
4,7,00272,normal,1184,1,,0.997228,0.002772,L,0.997228,0.994456,0.027541,0.005544,0.124995
4,7,00272,normal,913,1,,0.999160,0.000840,L,0.999160,0.998320,0.009795,0.001680,0.094936
4,7,00272,normal,915,1,,0.998581,0.001419,L,0.998581,0.997162,0.015470,0.002838,0.109391
4,7,00272,normal,872,1,,0.998357,0.001643,L,0.998357,0.996714,0.017567,0.003286,0.101543
4,7,00272,normal,1278,1,,0.999114,0.000886,L,0.999114,0.998227,0.010265,0.001773,0.146408
4,7,00272,normal,1274,1,,0.997394,0.002606,L,0.997394,0.994788,0.026125,0.005212,0.116420
4,7,00272,normal,877,1,,0.998361,0.001639,L,0.998361,0.996722,0.017527,0.003278,0.060823
4,7,00272,normal,1097,1,,1.000000,0.000000,L,1.000000,1.000000,0.000002,0.000000,0.756891
4,7,00272,normal,1008,1,,0.999563,0.000437,L,0.999563,0.999127,0.005503,0.000873,0.180639
4,7,00272,normal,1096,1,,1.000000,0.000000,L,1.000000,1.000000,0.000000,0.000000,0.984284
4,7,00272,normal,914,1,,0.998698,0.001302,L,0.998698,0.997396,0.014355,0.002604,0.101484
4,7,00272,normal,1144,1,,0.999985,0.000015,L,0.999985,0.999970,0.000262,0.000030,0.086861
4,7,00272,normal,1057,1,,0.999802,0.000198,L,0.999802,0.999604,0.002722,0.000396,0.065308
4,7,00272,normal,964,1,,0.999976,0.000024,L,0.999976,0.999953,0.000399,0.000047,0.099481
4,7,00272,normal,967,1,,0.997184,0.002816,L,0.997184,0.994367,0.027918,0.005633,0.075741
4,7,00272,normal,1273,1,,0.998280,0.001720,L,0.998280,0.996560,0.018274,0.003440,0.104794
4,7,00272,normal,1149,1,,0.999370,0.000630,L,0.999370,0.998741,0.007603,0.001259,0.036917
4,7,00272,normal,1098,1,,0.999359,0.000641,L,0.999359,0.998718,0.007724,0.001282,0.206160
4,7,00272,normal,1143,1,,0.999397,0.000603,L,0.999397,0.998794,0.007321,0.001206,0.088119
4,7,00272,normal,875,1,,0.999382,0.000618,L,0.999382,0.998764,0.007479,0.001236,0.073160
4,7,00272,normal,1005,1,,0.999997,0.000003,L,0.999997,0.999995,0.000055,0.000005,0.480942
4,7,00272,normal,1059,1,,0.999121,0.000879,L,0.999121,0.998241,0.010195,0.001759,0.038504
4,7,00272,normal,965,1,,0.999996,0.000004,L,0.999996,0.999992,0.000081,0.000008,0.102629
4,7,00272,normal,1145,1,,0.999998,0.000002,L,0.999998,0.999995,0.000046,0.000005,0.099707
4,7,00272,normal,1185,1,,0.997594,0.002406,L,0.997594,0.995188,0.024396,0.004812,0.158226
4,7,00272,normal,878,1,,0.997925,0.002075,L,0.997925,0.995850,0.021482,0.004150,0.053879
4,7,00272,normal,874,1,,0.999501,0.000499,L,0.999501,0.999002,0.006196,0.000998,0.087595
4,7,00272,normal,962,1,,0.999420,0.000580,L,0.999420,0.998839,0.007077,0.001161,0.077915
4,7,00272,normal,907,0,,0.997719,0.002281,L,0.997719,0.995438,0.023307,0.004562,0.044061
4,7,00272,normal,559,0,,0.998990,0.001010,L,0.998990,0.997979,0.011510,0.002021,0.039779
4,7,00272,normal,870,0,,0.996701,0.003299,L,0.996701,0.993402,0.031946,0.006598,0.079661
4,7,00272,normal,788,0,,0.998700,0.001300,L,0.998700,0.997400,0.014337,0.002600,0.059932
4,7,00272,normal,555,0,,0.998968,0.001032,L,0.998968,0.997937,0.011722,0.002063,0.042256
4,7,00272,normal,430,0,,0.999185,0.000815,L,0.999185,0.998370,0.009540,0.001630,0.049624
4,7,00272,normal,339,0,,0.998530,0.001470,L,0.998530,0.997061,0.015949,0.002939,0.039792
4,7,00272,normal,1348,0,,0.999419,0.000581,L,0.999419,0.998838,0.007085,0.001162,0.056552
4,7,00272,normal,425,0,,0.999311,0.000689,L,0.999311,0.998621,0.008234,0.001379,0.055867
4,7,00272,normal,231,0,,0.997964,0.002036,L,0.997964,0.995928,0.021138,0.004072,0.091915
4,7,00272,normal,892,0,,0.997528,0.002472,L,0.997528,0.995057,0.024966,0.004943,0.055859
4,7,00272,normal,993,0,,0.997931,0.002069,L,0.997931,0.995862,0.021432,0.004138,0.047376
4,7,00272,normal,908,0,,0.996886,0.003114,L,0.996886,0.993772,0.030416,0.006228,0.045486
4,7,00272,normal,930,0,,0.998099,0.001901,L,0.998099,0.996198,0.019923,0.003802,0.115911
4,7,00272,normal,1282,0,,0.998461,0.001539,L,0.998461,0.996922,0.016597,0.003078,0.148006
4,7,00272,normal,324,0,,0.999285,0.000715,L,0.999285,0.998569,0.008507,0.001431,0.058897
4,7,00272,normal,173,0,,0.999598,0.000402,L,0.999598,0.999196,0.005113,0.000804,0.074943
4,7,00272,normal,586,0,,0.999602,0.000398,L,0.999602,0.999204,0.005068,0.000796,0.055794
5,8,00481,normal,1273,1,,0.997561,0.002439,L,0.997561,0.995121,0.024688,0.004879,0.179101
5,8,00481,normal,1096,1,,0.999095,0.000905,L,0.999095,0.998191,0.010452,0.001809,0.105428
5,8,00481,normal,903,1,,0.998349,0.001651,L,0.998349,0.996697,0.017642,0.003303,0.158310
5,8,00481,normal,574,1,,0.997500,0.002500,L,0.997500,0.994999,0.025215,0.005001,0.083437
5,8,00481,normal,904,1,,0.997815,0.002185,L,0.997815,0.995631,0.022457,0.004369,0.173666
5,8,00481,normal,1275,1,,0.998013,0.001987,L,0.998013,0.996025,0.020701,0.003975,0.143974
5,8,00481,normal,1184,1,,0.999828,0.000172,L,0.999828,0.999656,0.002396,0.000344,0.093229
5,8,00481,normal,1083,1,,0.998178,0.001822,L,0.998178,0.996356,0.019208,0.003644,0.208725
5,8,00481,normal,815,1,,0.997318,0.002682,L,0.997318,0.994635,0.026778,0.005365,0.137072
5,8,00481,normal,999,1,,0.999535,0.000465,L,0.999535,0.999070,0.005816,0.000930,0.150306
5,8,00481,normal,663,1,,0.996371,0.003629,L,0.996371,0.992741,0.034646,0.007259,0.139922
5,8,00481,normal,817,1,,0.995547,0.004453,L,0.995547,0.991094,0.041191,0.008906,0.118931
5,8,00481,normal,1173,1,,0.997113,0.002887,L,0.997113,0.994226,0.028513,0.005774,0.161803
5,8,00481,normal,1082,1,,0.998343,0.001657,L,0.998343,0.996686,0.017696,0.003314,0.169868
5,8,00481,normal,394,1,,0.997997,0.002003,L,0.997997,0.995994,0.020839,0.004006,0.077993
5,8,00481,normal,573,1,,0.994398,0.005602,L,0.994398,0.988797,0.049958,0.011203,0.146440
5,8,00481,normal,915,1,,0.997873,0.002127,L,0.997873,0.995746,0.021948,0.004254,0.095685
5,8,00481,normal,1183,1,,0.999684,0.000316,L,0.999684,0.999369,0.004126,0.000631,0.109635
5,8,00481,normal,478,1,,0.999834,0.000166,L,0.999834,0.999669,0.002318,0.000331,0.133965
5,8,00481,normal,393,1,,0.996412,0.003588,L,0.996412,0.992823,0.034313,0.007177,0.072592
5,8,00481,normal,1366,1,,0.997017,0.002983,L,0.997017,0.994033,0.029324,0.005967,0.131504
5,8,00481,normal,818,1,,0.995997,0.004003,L,0.995997,0.991995,0.037642,0.008005,0.115058
5,8,00481,normal,569,1,,0.999997,0.000003,L,0.999997,0.999995,0.000054,0.000005,0.584872
5,8,00481,normal,1271,1,,0.995873,0.004127,L,0.995873,0.991745,0.038633,0.008255,0.141495
5,8,00481,normal,1276,1,,0.997164,0.002836,L,0.997164,0.994328,0.028083,0.005672,0.148762
5,8,00481,normal,1267,1,,0.998123,0.001877,L,0.998123,0.996246,0.019704,0.003754,0.142914
5,8,00481,normal,1172,1,,0.995672,0.004328,L,0.995672,0.991345,0.040211,0.008655,0.107313
5,8,00481,normal,1005,1,,0.998089,0.001911,L,0.998089,0.996179,0.020010,0.003821,0.157352
5,8,00481,normal,754,1,,0.997437,0.002562,L,0.997437,0.994875,0.025750,0.005125,0.075013
5,8,00481,normal,908,1,,0.997368,0.002632,L,0.997368,0.994737,0.026344,0.005263,0.125708
5,8,00481,normal,389,1,,0.999989,0.000011,L,0.999989,0.999978,0.000201,0.000022,0.171891
5,8,00481,normal,813,1,,0.998167,0.001833,L,0.998167,0.996335,0.019303,0.003665,0.132064
5,8,00481,normal,816,1,,0.997362,0.002638,L,0.997362,0.994723,0.026402,0.005277,0.099939
5,8,00481,normal,480,1,,1.000000,0.000000,L,1.000000,0.999999,0.000007,0.000001,0.594749
5,8,00481,normal,1084,1,,0.998470,0.001530,L,0.998470,0.996940,0.016517,0.003060,0.189899
5,8,00481,normal,995,1,,1.000000,0.000000,L,1.000000,1.000000,0.000000,0.000000,0.771570
5,8,00481,normal,463,0,,0.995721,0.004279,L,0.995721,0.991441,0.039833,0.008559,0.093054
5,8,00481,normal,104,0,,0.997988,0.002012,L,0.997988,0.995976,0.020922,0.004024,0.070793
5,8,00481,normal,36,0,,0.998745,0.001255,L,0.998745,0.997490,0.013906,0.002510,0.070689
5,8,00481,normal,1406,0,,0.997036,0.002964,L,0.997036,0.994072,0.029164,0.005928,0.086946
5,8,00481,normal,74,0,,0.998323,0.001677,L,0.998323,0.996645,0.017883,0.003355,0.089904
5,8,00481,normal,989,0,,0.998768,0.001232,L,0.998768,0.997536,0.013683,0.002464,0.074037
5,8,00481,normal,139,0,,0.998782,0.001219,L,0.998782,0.997563,0.013553,0.002437,0.068523
5,8,00481,normal,671,0,,0.999407,0.000593,L,0.999407,0.998814,0.007214,0.001186,0.041537
5,8,00481,normal,836,0,,0.998104,0.001896,L,0.998104,0.996207,0.019880,0.003793,0.055686
5,8,00481,normal,701,0,,0.998447,0.001553,L,0.998447,0.996893,0.016732,0.003107,0.077394
5,8,00481,normal,787,0,,0.999530,0.000470,L,0.999530,0.999059,0.005878,0.000941,0.039439
5,8,00481,normal,704,0,,0.998894,0.001106,L,0.998894,0.997788,0.012455,0.002212,0.087993
5,8,00481,normal,982,0,,0.999129,0.000871,L,0.999129,0.998258,0.010108,0.001742,0.094317
5,8,00481,normal,365,0,,0.993651,0.006349,L,0.993651,0.987301,0.055477,0.012699,0.088498
5,8,00481,normal,347,0,,0.996263,0.003737,L,0.996263,0.992526,0.035517,0.007474,0.095096
5,8,00481,normal,428,0,,0.998742,0.001258,L,0.998742,0.997485,0.013932,0.002515,0.066094
5,8,00481,normal,563,0,,0.994498,0.005502,L,0.994498,0.988996,0.049212,0.011004,0.120900
5,8,00481,normal,1162,0,,0.999920,0.000080,L,0.999920,0.999839,0.001211,0.000161,0.104352
6,9,00347,normal,415,1,,1.000000,0.000000,L,1.000000,0.999999,0.000006,0.000001,0.582275
6,9,00347,normal,10,1,,0.999982,0.000018,L,0.999982,0.999964,0.000307,0.000036,0.143966
6,9,00347,normal,190,1,,0.998308,0.001692,L,0.998308,0.996616,0.018015,0.003384,0.086759
6,9,00347,normal,894,1,,0.999566,0.000434,L,0.999566,0.999131,0.005477,0.000869,0.220678
6,9,00347,normal,717,1,,0.999947,0.000053,L,0.999947,0.999894,0.000831,0.000106,0.156282
6,9,00347,normal,596,1,,0.998748,0.001252,L,0.998748,0.997496,0.013876,0.002504,0.224915
6,9,00347,normal,719,1,,0.999473,0.000527,L,0.999473,0.998946,0.006502,0.001054,0.052935
6,9,00347,normal,898,1,,0.999502,0.000498,L,0.999502,0.999003,0.006186,0.000997,0.061604
6,9,00347,normal,510,1,,0.999167,0.000833,L,0.999167,0.998333,0.009725,0.001667,0.049924
6,9,00347,normal,417,1,,1.000000,0.000000,L,1.000000,1.000000,0.000002,0.000000,0.724955
6,9,00347,normal,509,1,,0.998428,0.001572,L,0.998428,0.996856,0.016908,0.003144,0.119542
6,9,00347,normal,327,1,,0.999523,0.000477,L,0.999523,0.999046,0.005953,0.000954,0.155841
6,9,00347,normal,598,1,,0.998783,0.001217,L,0.998783,0.997565,0.013541,0.002435,0.115149
6,9,00347,normal,624,1,,0.999919,0.000081,L,0.999919,0.999837,0.001223,0.000163,0.109891
6,9,00347,normal,595,1,,0.998531,0.001469,L,0.998531,0.997063,0.015938,0.002937,0.211021
6,9,00347,normal,625,1,,0.999786,0.000214,L,0.999786,0.999572,0.002920,0.000428,0.100940
6,9,00347,normal,96,1,,0.996405,0.003595,L,0.996405,0.992809,0.034372,0.007191,0.149623
6,9,00347,normal,9,1,,1.000000,0.000000,L,1.000000,1.000000,0.000002,0.000000,0.597553
6,9,00347,normal,95,1,,0.997653,0.002347,L,0.997653,0.995305,0.023887,0.004695,0.124498
6,9,00347,normal,6,1,,0.998387,0.001613,L,0.998387,0.996773,0.017290,0.003227,0.136156
6,9,00347,normal,986,1,,0.999004,0.000996,L,0.999004,0.998009,0.011364,0.001991,0.090572
6,9,00347,normal,98,1,,0.997951,0.002049,L,0.997951,0.995902,0.021251,0.004098,0.134114
6,9,00347,normal,988,1,,0.999141,0.000859,L,0.999141,0.998281,0.009992,0.001719,0.051455
6,9,00347,normal,103,1,,0.998638,0.001362,L,0.998638,0.997277,0.014925,0.002723,0.086250
6,9,00347,normal,192,1,,0.997264,0.002736,L,0.997264,0.994528,0.027233,0.005472,0.080585
6,9,00347,normal,985,1,,0.998199,0.001801,L,0.998199,0.996397,0.019019,0.003603,0.125057
6,9,00347,normal,806,1,,1.000000,0.000000,L,1.000000,1.000000,0.000000,0.000000,0.729265
6,9,00347,normal,193,1,,0.997647,0.002353,L,0.997647,0.995294,0.023935,0.004706,0.079125
6,9,00347,normal,12,1,,0.999995,0.000005,L,0.999995,0.999991,0.000089,0.000009,0.122728
6,9,00347,normal,507,1,,1.000000,0.000000,L,1.000000,0.999999,0.000011,0.000001,0.777930
6,9,00347,normal,897,1,,0.999519,0.000481,L,0.999519,0.999038,0.005998,0.000962,0.137491
6,9,00347,normal,240,1,,0.999817,0.000183,L,0.999817,0.999634,0.002537,0.000366,0.058399
6,9,00347,normal,597,1,,0.996164,0.003836,L,0.996164,0.992327,0.036316,0.007673,0.202429
6,9,00347,normal,808,1,,0.999563,0.000437,L,0.999563,0.999125,0.005511,0.000875,0.079810
6,9,00347,normal,807,1,,1.000000,0.000000,L,1.000000,0.999999,0.000011,0.000001,0.419928
6,9,00347,normal,102,1,,0.998267,0.001733,L,0.998267,0.996534,0.018393,0.003466,0.092337
6,9,00347,normal,542,0,,0.998402,0.001598,L,0.998402,0.996804,0.017150,0.003196,0.108752
6,9,00347,normal,1119,0,,0.998877,0.001123,L,0.998877,0.997753,0.012627,0.002247,0.094119
6,9,00347,normal,972,0,,0.998963,0.001037,L,0.998963,0.997926,0.011773,0.002074,0.056231
6,9,00347,normal,370,0,,0.996423,0.003577,L,0.996423,0.992846,0.034223,0.007154,0.083197
6,9,00347,normal,1194,0,,0.998206,0.001794,L,0.998206,0.996413,0.018948,0.003587,0.097911
6,9,00347,normal,1103,0,,0.999570,0.000430,L,0.999570,0.999141,0.005425,0.000859,0.095780
6,9,00347,normal,1426,0,,0.999071,0.000929,L,0.999071,0.998142,0.010696,0.001858,0.061485
6,9,00347,normal,395,0,,0.999349,0.000651,L,0.999349,0.998698,0.007829,0.001302,0.069529
6,9,00347,normal,83,0,,0.999786,0.000214,L,0.999786,0.999571,0.002921,0.000429,0.057194
6,9,00347,normal,614,0,,0.999504,0.000496,L,0.999504,0.999007,0.006163,0.000993,0.054667
6,9,00347,normal,800,0,,0.999816,0.000184,L,0.999816,0.999631,0.002554,0.000369,0.067394
6,9,00347,normal,567,0,,0.999143,0.000857,L,0.999143,0.998286,0.009970,0.001714,0.052841
6,9,00347,normal,463,0,,0.997686,0.002314,L,0.997686,0.995372,0.023594,0.004628,0.061469
6,9,00347,normal,156,0,,0.999447,0.000553,L,0.999447,0.998894,0.006780,0.001106,0.059443
6,9,00347,normal,916,0,,0.996985,0.003015,L,0.996985,0.993970,0.029589,0.006030,0.078824
6,9,00347,normal,270,0,,0.997199,0.002801,L,0.997199,0.994397,0.027790,0.005603,0.072387
6,9,00347,normal,1185,0,,0.998270,0.001730,L,0.998270,0.996541,0.018364,0.003459,0.074962
6,9,00347,normal,1235,0,,0.999005,0.000995,L,0.999005,0.998011,0.011355,0.001989,0.060195
7,9,00742,normal,398,1,,0.999428,0.000572,L,0.999428,0.998856,0.006986,0.001144,0.188403
7,9,00742,normal,134,1,,0.999765,0.000235,L,0.999765,0.999531,0.003167,0.000469,0.051263
7,9,00742,normal,620,1,,0.999837,0.000163,L,0.999837,0.999673,0.002290,0.000327,0.189487
7,9,00742,normal,132,1,,0.998543,0.001457,L,0.998543,0.997087,0.015827,0.002913,0.064323
7,9,00742,normal,488,1,,0.999616,0.000384,L,0.999616,0.999233,0.004906,0.000767,0.117971
7,9,00742,normal,532,1,,0.999764,0.000236,L,0.999764,0.999528,0.003181,0.000472,0.179798
7,9,00742,normal,128,1,,0.999209,0.000791,L,0.999209,0.998419,0.009288,0.001581,0.084421
7,9,00742,normal,623,1,,1.000000,0.000000,L,1.000000,1.000000,0.000001,0.000000,0.664539
7,9,00742,normal,219,1,,0.998366,0.001634,L,0.998366,0.996733,0.017480,0.003267,0.168159
7,9,00742,normal,489,1,,0.997535,0.002465,L,0.997535,0.995071,0.024905,0.004929,0.158366
7,9,00742,normal,491,1,,0.998808,0.001192,L,0.998808,0.997617,0.013292,0.002383,0.174189
7,9,00742,normal,399,1,,0.998662,0.001338,L,0.998662,0.997325,0.014697,0.002675,0.206703
7,9,00742,normal,220,1,,0.998440,0.001560,L,0.998440,0.996879,0.016798,0.003121,0.185157
7,9,00742,normal,133,1,,0.999815,0.000185,L,0.999815,0.999630,0.002561,0.000370,0.051516
7,9,00742,normal,403,1,,0.999740,0.000260,L,0.999740,0.999480,0.003469,0.000520,0.215212
7,9,00742,normal,221,1,,0.999744,0.000256,L,0.999744,0.999488,0.003424,0.000512,0.183496
7,9,00742,normal,710,1,,0.999569,0.000431,L,0.999569,0.999137,0.005445,0.000863,0.138507
7,9,00742,normal,311,1,,1.000000,0.000000,L,1.000000,1.000000,0.000000,0.000000,0.966042
7,9,00742,normal,310,1,,1.000000,0.000000,L,1.000000,1.000000,0.000001,0.000000,0.755737
7,9,00742,normal,626,1,,0.999469,0.000531,L,0.999469,0.998937,0.006546,0.001063,0.197533
7,9,00742,normal,805,1,,0.999545,0.000455,L,0.999545,0.999089,0.005712,0.000911,0.043287
7,9,00742,normal,308,1,,0.999777,0.000223,L,0.999777,0.999555,0.003023,0.000445,0.217465
7,9,00742,normal,716,1,,0.999290,0.000710,L,0.999290,0.998580,0.008451,0.001420,0.137636
7,9,00742,normal,224,1,,0.998888,0.001112,L,0.998888,0.997776,0.012515,0.002224,0.055521
7,9,00742,normal,801,1,,0.995594,0.004406,L,0.995594,0.991188,0.040826,0.008812,0.087074
7,9,00742,normal,531,1,,0.999327,0.000673,L,0.999327,0.998653,0.008067,0.001347,0.197220
7,9,00742,normal,314,1,,0.999186,0.000814,L,0.999186,0.998371,0.009532,0.001629,0.064068
7,9,00742,normal,401,1,,1.000000,0.000000,L,1.000000,0.999999,0.000007,0.000001,0.698295
7,9,00742,normal,806,1,,0.999449,0.000551,L,0.999449,0.998899,0.006755,0.001101,0.050324
7,9,00742,normal,622,1,,1.000000,0.000000,L,1.000000,1.000000,0.000002,0.000000,0.599069
7,9,00742,normal,621,1,,0.999974,0.000026,L,0.999974,0.999948,0.000436,0.000052,0.279601
7,9,00742,normal,711,1,,0.999933,0.000067,L,0.999933,0.999867,0.001021,0.000133,0.165459
7,9,00742,normal,714,1,,0.999998,0.000002,L,0.999998,0.999997,0.000034,0.000003,0.445566
7,9,00742,normal,129,1,,0.998792,0.001208,L,0.998792,0.997584,0.013452,0.002416,0.094936
7,9,00742,normal,222,1,,0.998936,0.001064,L,0.998936,0.997871,0.012046,0.002129,0.140523
7,9,00742,normal,625,1,,0.999528,0.000472,L,0.999528,0.999056,0.005894,0.000944,0.206507
7,9,00742,normal,617,0,,0.999585,0.000415,L,0.999585,0.999171,0.005257,0.000829,0.053624
7,9,00742,normal,1190,0,,0.998852,0.001149,L,0.998852,0.997703,0.012872,0.002297,0.078727
7,9,00742,normal,1273,0,,0.998056,0.001944,L,0.998056,0.996113,0.020309,0.003887,0.063392
7,9,00742,normal,718,0,,0.998835,0.001165,L,0.998835,0.997671,0.013029,0.002329,0.139136
7,9,00742,normal,1091,0,,0.997605,0.002395,L,0.997605,0.995210,0.024301,0.004790,0.107344
7,9,00742,normal,918,0,,0.999061,0.000939,L,0.999061,0.998123,0.010793,0.001877,0.064925
7,9,00742,normal,588,0,,0.998730,0.001270,L,0.998730,0.997460,0.014049,0.002540,0.048931
7,9,00742,normal,1370,0,,0.997826,0.002174,L,0.997826,0.995652,0.022361,0.004348,0.088791
7,9,00742,normal,315,0,,0.999455,0.000545,L,0.999455,0.998911,0.006691,0.001089,0.039485
7,9,00742,normal,285,0,,0.999689,0.000311,L,0.999689,0.999379,0.004069,0.000621,0.061342
7,9,00742,normal,477,0,,0.999395,0.000605,L,0.999395,0.998790,0.007341,0.001210,0.086855
7,9,00742,normal,1362,0,,0.999243,0.000757,L,0.999243,0.998487,0.008936,0.001513,0.069297
7,9,00742,normal,1204,0,,0.998296,0.001704,L,0.998296,0.996592,0.018126,0.003408,0.065374
7,9,00742,normal,858,0,,0.997748,0.002252,L,0.997748,0.995496,0.023051,0.004504,0.055041
7,9,00742,normal,211,0,,0.997480,0.002520,L,0.997480,0.994960,0.025384,0.005040,0.099962
7,9,00742,normal,907,0,,0.998730,0.001269,L,0.998730,0.997461,0.014045,0.002539,0.054985
7,9,00742,normal,396,0,,0.998920,0.001080,L,0.998920,0.997840,0.012199,0.002160,0.142923
7,9,00742,normal,734,0,,0.998481,0.001519,L,0.998481,0.996961,0.016414,0.003039,0.094457
8,10,00381,normal,712,1,,0.997957,0.002043,L,0.997957,0.995913,0.021202,0.004087,0.080930
8,10,00381,normal,166,1,,0.999980,0.000020,L,0.999980,0.999960,0.000341,0.000040,0.095948
8,10,00381,normal,713,1,,0.998505,0.001495,L,0.998505,0.997009,0.016190,0.002991,0.138308
8,10,00381,normal,259,1,,0.999998,0.000002,L,0.999998,0.999996,0.000041,0.000004,0.250856
8,10,00381,normal,1193,1,,1.000000,0.000000,L,1.000000,1.000000,0.000001,0.000000,0.778604
8,10,00381,normal,717,1,,0.999967,0.000033,L,0.999967,0.999933,0.000543,0.000067,0.466798
8,10,00381,normal,879,1,,1.000000,0.000000,L,1.000000,1.000000,0.000000,0.000000,0.651581
8,10,00381,normal,170,1,,0.999996,0.000004,L,0.999996,0.999991,0.000084,0.000009,0.173162
8,10,00381,normal,968,1,,0.999999,0.000001,L,0.999999,0.999997,0.000031,0.000003,0.459036
8,10,00381,normal,876,1,,0.999576,0.000424,L,0.999576,0.999152,0.005361,0.000848,0.129768
8,10,00381,normal,716,1,,0.999962,0.000038,L,0.999962,0.999923,0.000618,0.000077,0.445158
8,10,00381,normal,446,1,,0.998010,0.001990,L,0.998010,0.996019,0.020728,0.003981,0.069701
8,10,00381,normal,969,1,,0.999999,0.000001,L,0.999999,0.999999,0.000012,0.000001,0.469162
8,10,00381,normal,1055,1,,0.995545,0.004455,L,0.995545,0.991090,0.041210,0.008910,0.110921
8,10,00381,normal,260,1,,0.999919,0.000081,L,0.999919,0.999838,0.001218,0.000162,0.130873
8,10,00381,normal,1308,1,,0.998724,0.001276,L,0.998724,0.997448,0.014106,0.002552,0.179903
8,10,00381,normal,1044,1,,0.997898,0.002102,L,0.997898,0.995796,0.021723,0.004204,0.073048
8,10,00381,normal,622,1,,0.998701,0.001299,L,0.998701,0.997403,0.014325,0.002597,0.086675
8,10,00381,normal,806,1,,0.998847,0.001153,L,0.998847,0.997694,0.012914,0.002306,0.179375
8,10,00381,normal,699,1,,0.999667,0.000333,L,0.999667,0.999333,0.004333,0.000667,0.067871
8,10,00381,normal,348,1,,0.998905,0.001095,L,0.998905,0.997809,0.012350,0.002191,0.077750
8,10,00381,normal,880,1,,1.000000,0.000000,L,1.000000,1.000000,0.000002,0.000000,0.415156
8,10,00381,normal,345,1,,0.999112,0.000888,L,0.999112,0.998225,0.010278,0.001775,0.059583
8,10,00381,normal,1011,1,,0.998187,0.001813,L,0.998187,0.996374,0.019126,0.003626,0.146958
8,10,00381,normal,792,1,,0.999123,0.000877,L,0.999123,0.998247,0.010168,0.001753,0.071646
8,10,00381,normal,1129,1,,0.997400,0.002600,L,0.997400,0.994801,0.026071,0.005199,0.183967
8,10,00381,normal,351,1,,0.999705,0.000295,L,0.999705,0.999410,0.003885,0.000590,0.062683
8,10,00381,normal,1225,1,,0.998663,0.001337,L,0.998663,0.997326,0.014691,0.002674,0.081479
8,10,00381,normal,803,1,,0.995561,0.004439,L,0.995561,0.991123,0.041080,0.008877,0.085688
8,10,00381,normal,1398,1,,0.996284,0.003716,L,0.996284,0.992568,0.035346,0.007432,0.129389
8,10,00381,normal,1219,1,,0.999997,0.000003,L,0.999997,0.999994,0.000059,0.000006,0.460508
8,10,00381,normal,973,1,,0.998985,0.001015,L,0.998985,0.997970,0.011557,0.002030,0.067415
8,10,00381,normal,82,1,,0.998570,0.001430,L,0.998570,0.997139,0.015577,0.002861,0.068195
8,10,00381,normal,535,1,,0.998913,0.001087,L,0.998913,0.997826,0.012268,0.002174,0.154446
8,10,00381,normal,1310,1,,0.999999,0.000001,L,0.999999,0.999998,0.000024,0.000002,0.515398
8,10,00381,normal,629,1,,0.999895,0.000105,L,0.999895,0.999790,0.001537,0.000210,0.289878
8,10,00381,normal,472,0,,0.999401,0.000599,L,0.999401,0.998803,0.007271,0.001197,0.041960
8,10,00381,normal,222,0,,0.999226,0.000774,L,0.999226,0.998452,0.009115,0.001548,0.043408
8,10,00381,normal,139,0,,0.999014,0.000986,L,0.999014,0.998029,0.011265,0.001971,0.057158
8,10,00381,normal,237,0,,0.999774,0.000226,L,0.999774,0.999548,0.003061,0.000452,0.049804
8,10,00381,normal,583,0,,0.999390,0.000610,L,0.999390,0.998780,0.007395,0.001220,0.033268
8,10,00381,normal,813,0,,0.998529,0.001471,L,0.998529,0.997057,0.015964,0.002943,0.035148
8,10,00381,normal,577,0,,0.999435,0.000564,L,0.999435,0.998871,0.006905,0.001129,0.035814
8,10,00381,normal,680,0,,0.997949,0.002051,L,0.997949,0.995898,0.021270,0.004102,0.044185
8,10,00381,normal,740,0,,0.999738,0.000262,L,0.999738,0.999476,0.003496,0.000524,0.031966
8,10,00381,normal,1369,0,,0.995758,0.004242,L,0.995758,0.991516,0.039539,0.008484,0.093517
8,10,00381,normal,1427,0,,0.999054,0.000945,L,0.999054,0.998109,0.010862,0.001891,0.103583
8,10,00381,normal,1146,0,,0.996563,0.003437,L,0.996563,0.993125,0.033084,0.006875,0.106362
8,10,00381,normal,219,0,,0.997640,0.002360,L,0.997640,0.995280,0.023994,0.004720,0.064875
8,10,00381,normal,1274,0,,0.996274,0.003726,L,0.996274,0.992548,0.035429,0.007452,0.090241
8,10,00381,normal,148,0,,0.999154,0.000846,L,0.999154,0.998308,0.009854,0.001692,0.070337
8,10,00381,normal,1001,0,,0.997496,0.002504,L,0.997496,0.994993,0.025242,0.005007,0.093329
8,10,00381,normal,655,0,,0.999166,0.000834,L,0.999166,0.998332,0.009733,0.001668,0.042263
8,10,00381,normal,1031,0,,0.994905,0.005095,L,0.994905,0.989811,0.046135,0.010189,0.069961
9,10,00569,normal,170,1,,0.999785,0.000215,L,0.999785,0.999570,0.002932,0.000430,0.046544
9,10,00569,normal,1221,1,,0.998539,0.001461,L,0.998539,0.997078,0.015868,0.002922,0.211784
9,10,00569,normal,519,1,,0.997703,0.002297,L,0.997703,0.995406,0.023444,0.004594,0.062090
9,10,00569,normal,167,1,,0.999463,0.000537,L,0.999463,0.998926,0.006606,0.001074,0.083575
9,10,00569,normal,290,1,,0.998066,0.001934,L,0.998066,0.996132,0.020220,0.003868,0.143256
9,10,00569,normal,875,1,,0.999273,0.000727,L,0.999273,0.998546,0.008629,0.001454,0.156880
9,10,00569,normal,1218,1,,0.998328,0.001672,L,0.998328,0.996655,0.017836,0.003345,0.184386
9,10,00569,normal,254,1,,0.999252,0.000748,L,0.999252,0.998504,0.008848,0.001496,0.109097
9,10,00569,normal,518,1,,0.997589,0.002411,L,0.997589,0.995178,0.024442,0.004822,0.068534
9,10,00569,normal,260,1,,0.999918,0.000082,L,0.999918,0.999836,0.001229,0.000164,0.055108
9,10,00569,normal,700,1,,0.999758,0.000242,L,0.999758,0.999515,0.003259,0.000485,0.077208
9,10,00569,normal,606,1,,0.999744,0.000256,L,0.999744,0.999488,0.003425,0.000512,0.206552
9,10,00569,normal,525,1,,0.997746,0.002254,L,0.997746,0.995493,0.023064,0.004507,0.062928
9,10,00569,normal,1039,1,,0.999970,0.000030,L,0.999970,0.999939,0.000497,0.000061,0.313108
9,10,00569,normal,173,1,,0.999768,0.000232,L,0.999768,0.999537,0.003132,0.000463,0.059914
9,10,00569,normal,258,1,,0.999248,0.000752,L,0.999248,0.998495,0.008893,0.001505,0.149616
9,10,00569,normal,443,1,,0.999149,0.000851,L,0.999149,0.998297,0.009910,0.001703,0.057205
9,10,00569,normal,1134,1,,0.999068,0.000932,L,0.999068,0.998136,0.010729,0.001864,0.054075
9,10,00569,normal,1040,1,,1.000000,0.000000,L,1.000000,1.000000,0.000005,0.000000,0.534935
9,10,00569,normal,516,1,,0.999642,0.000358,L,0.999642,0.999284,0.004616,0.000716,0.065913
9,10,00569,normal,348,1,,0.999999,0.000001,L,0.999999,0.999999,0.000012,0.000001,0.539009
9,10,00569,normal,527,1,,0.996913,0.003087,L,0.996913,0.993826,0.030191,0.006174,0.078438
9,10,00569,normal,531,1,,0.999326,0.000674,L,0.999326,0.998652,0.008070,0.001348,0.058168
9,10,00569,normal,296,1,,0.998234,0.001766,L,0.998234,0.996468,0.018696,0.003532,0.066727
9,10,00569,normal,1313,1,,0.997259,0.002741,L,0.997259,0.994517,0.027281,0.005483,0.092073
9,10,00569,normal,1133,1,,0.998075,0.001925,L,0.998075,0.996151,0.020136,0.003849,0.153869
9,10,00569,normal,289,1,,0.999354,0.000646,L,0.999354,0.998708,0.007776,0.001292,0.099811
9,10,00569,normal,608,1,,0.998659,0.001340,L,0.998659,0.997319,0.014725,0.002681,0.177092
9,10,00569,normal,950,1,,0.996893,0.003107,L,0.996893,0.993787,0.030354,0.006213,0.111797
9,10,00569,normal,385,1,,0.999384,0.000616,L,0.999384,0.998768,0.007456,0.001232,0.109874
9,10,00569,normal,702,1,,0.999787,0.000213,L,0.999787,0.999573,0.002911,0.000427,0.033629
9,10,00569,normal,202,1,,0.997560,0.002440,L,0.997560,0.995120,0.024691,0.004880,0.112803
9,10,00569,normal,949,1,,0.996376,0.003624,L,0.996376,0.992753,0.034600,0.007247,0.112551
9,10,00569,normal,439,1,,0.999788,0.000212,L,0.999788,0.999577,0.002889,0.000423,0.073214
9,10,00569,normal,695,1,,0.999871,0.000129,L,0.999871,0.999741,0.001857,0.000259,0.227226
9,10,00569,normal,515,1,,0.999714,0.000286,L,0.999714,0.999429,0.003775,0.000571,0.079362
9,10,00569,normal,1301,0,,0.997719,0.002281,L,0.997719,0.995438,0.023305,0.004562,0.051333
9,10,00569,normal,1281,0,,0.999025,0.000975,L,0.999025,0.998050,0.011159,0.001950,0.041810
9,10,00569,normal,330,0,,0.999698,0.000302,L,0.999698,0.999395,0.003972,0.000605,0.033212
9,10,00569,normal,778,0,,0.999274,0.000726,L,0.999274,0.998547,0.008622,0.001453,0.052301
9,10,00569,normal,1051,0,,0.999205,0.000795,L,0.999205,0.998409,0.009337,0.001591,0.052956
9,10,00569,normal,430,0,,0.998406,0.001594,L,0.998406,0.996812,0.017112,0.003188,0.047713
9,10,00569,normal,1427,0,,0.999293,0.000707,L,0.999293,0.998586,0.008420,0.001414,0.049185
9,10,00569,normal,1365,0,,0.996171,0.003829,L,0.996171,0.992342,0.036255,0.007658,0.098582
9,10,00569,normal,837,0,,0.998407,0.001593,L,0.998407,0.996814,0.017101,0.003186,0.052720
9,10,00569,normal,1253,0,,0.999708,0.000292,L,0.999708,0.999415,0.003855,0.000585,0.051547
9,10,00569,normal,721,0,,0.998821,0.001179,L,0.998821,0.997641,0.013172,0.002359,0.075561
9,10,00569,normal,1171,0,,0.998645,0.001355,L,0.998645,0.997290,0.014862,0.002710,0.050825
9,10,00569,normal,115,0,,0.998628,0.001371,L,0.998628,0.997257,0.015020,0.002743,0.069578
9,10,00569,normal,369,0,,0.996679,0.003321,L,0.996679,0.993357,0.032132,0.006643,0.072145
9,10,00569,normal,1034,0,,0.995601,0.004399,L,0.995601,0.991202,0.040769,0.008798,0.082526
9,10,00569,normal,807,0,,0.999529,0.000471,L,0.999529,0.999058,0.005884,0.000942,0.053939
9,10,00569,normal,741,0,,0.998293,0.001707,L,0.998293,0.996586,0.018153,0.003414,0.060932
9,10,00569,normal,615,0,,0.998122,0.001878,L,0.998122,0.996244,0.019715,0.003756,0.057457
10,10,01146,normal,885,1,,0.999773,0.000227,L,0.999773,0.999547,0.003070,0.000453,0.052102
10,10,01146,normal,615,1,,0.999976,0.000024,L,0.999976,0.999952,0.000404,0.000048,0.072302
10,10,01146,normal,79,1,,0.998603,0.001397,L,0.998603,0.997206,0.015261,0.002794,0.139453
10,10,01146,normal,215,1,,0.999884,0.000116,L,0.999884,0.999769,0.001679,0.000231,0.242018
10,10,01146,normal,1193,1,,0.999645,0.000355,L,0.999645,0.999291,0.004576,0.000709,0.110344
10,10,01146,normal,922,1,,0.999637,0.000363,L,0.999637,0.999275,0.004669,0.000725,0.062990
10,10,01146,normal,1102,1,,0.999518,0.000482,L,0.999518,0.999036,0.006009,0.000964,0.242119
10,10,01146,normal,309,1,,0.999896,0.000104,L,0.999896,0.999793,0.001521,0.000207,0.232429
10,10,01146,normal,105,1,,0.997528,0.002472,L,0.997528,0.995056,0.024969,0.004944,0.096139
10,10,01146,normal,1371,1,,0.998815,0.001185,L,0.998815,0.997631,0.013225,0.002369,0.120805
10,10,01146,normal,1099,1,,1.000000,0.000000,L,1.000000,1.000000,0.000000,0.000000,0.809419
10,10,01146,normal,1010,1,,0.999029,0.000971,L,0.999029,0.998057,0.011122,0.001943,0.222927
10,10,01146,normal,345,1,,0.997813,0.002187,L,0.997813,0.995626,0.022479,0.004374,0.096407
10,10,01146,normal,884,1,,0.999765,0.000235,L,0.999765,0.999530,0.003170,0.000470,0.063575
10,10,01146,normal,218,1,,0.999728,0.000272,L,0.999728,0.999457,0.003611,0.000543,0.250247
10,10,01146,normal,1276,1,,0.998687,0.001313,L,0.998687,0.997374,0.014460,0.002626,0.062590
10,10,01146,normal,283,1,,0.999975,0.000025,L,0.999975,0.999949,0.000425,0.000051,0.477831
10,10,01146,normal,793,1,,0.999534,0.000466,L,0.999534,0.999068,0.005832,0.000932,0.200358
10,10,01146,normal,1280,1,,0.997109,0.002891,L,0.997109,0.994218,0.028548,0.005782,0.176727
10,10,01146,normal,1006,1,,0.998322,0.001678,L,0.998322,0.996644,0.017889,0.003356,0.082560
10,10,01146,normal,701,1,,0.999999,0.000001,L,0.999999,0.999999,0.000014,0.000001,0.484164
10,10,01146,normal,526,1,,0.999410,0.000590,L,0.999410,0.998821,0.007176,0.001179,0.049016
10,10,01146,normal,468,1,,0.996952,0.003048,L,0.996952,0.993905,0.029863,0.006095,0.076287
10,10,01146,normal,524,1,,0.999690,0.000310,L,0.999690,0.999381,0.004055,0.000619,0.059031
10,10,01146,normal,467,1,,0.997043,0.002957,L,0.997043,0.994085,0.029107,0.005915,0.075508
10,10,01146,normal,1369,1,,0.998451,0.001549,L,0.998451,0.996902,0.016694,0.003098,0.158985
10,10,01146,normal,1279,1,,0.997330,0.002670,L,0.997330,0.994660,0.026672,0.005340,0.177158
10,10,01146,normal,108,1,,0.999261,0.000739,L,0.999261,0.998521,0.008756,0.001479,0.055682
10,10,01146,normal,1103,1,,0.998268,0.001732,L,0.998268,0.996536,0.018386,0.003464,0.163114
10,10,01146,normal,81,1,,0.998833,0.001167,L,0.998833,0.997666,0.013051,0.002334,0.088563
10,10,01146,normal,124,1,,0.998951,0.001049,L,0.998951,0.997902,0.011896,0.002098,0.111591
10,10,01146,normal,438,1,,0.999459,0.000541,L,0.999459,0.998919,0.006646,0.001081,0.057670
10,10,01146,normal,1366,1,,0.994344,0.005656,L,0.994344,0.988689,0.050361,0.011311,0.057427
10,10,01146,normal,1192,1,,0.999176,0.000824,L,0.999176,0.998352,0.009628,0.001648,0.193143
10,10,01146,normal,525,1,,0.999709,0.000291,L,0.999709,0.999417,0.003843,0.000583,0.054036
10,10,01146,normal,191,1,,0.998928,0.001072,L,0.998928,0.997856,0.012123,0.002144,0.141906
10,10,01146,normal,1236,0,,0.997139,0.002861,L,0.997139,0.994278,0.028295,0.005722,0.079603
10,10,01146,normal,1134,0,,0.999281,0.000719,L,0.999281,0.998562,0.008544,0.001438,0.056633
10,10,01146,normal,40,0,,0.998161,0.001839,L,0.998161,0.996322,0.019363,0.003678,0.073900
10,10,01146,normal,117,0,,0.998651,0.001349,L,0.998651,0.997303,0.014803,0.002697,0.054936
10,10,01146,normal,877,0,,0.998668,0.001332,L,0.998668,0.997336,0.014644,0.002664,0.052433
10,10,01146,normal,1437,0,,0.999892,0.000108,L,0.999892,0.999784,0.001578,0.000216,0.066753
10,10,01146,normal,380,0,,0.999410,0.000590,L,0.999410,0.998820,0.007183,0.001180,0.093159
10,10,01146,normal,806,0,,0.999194,0.000806,L,0.999194,0.998387,0.009448,0.001613,0.049599
10,10,01146,normal,1047,0,,0.999562,0.000438,L,0.999562,0.999124,0.005520,0.000876,0.050753
10,10,01146,normal,839,0,,0.995285,0.004715,L,0.995285,0.990570,0.043225,0.009430,0.140469
10,10,01146,normal,1085,0,,0.999261,0.000739,L,0.999261,0.998521,0.008757,0.001479,0.050266
10,10,01146,normal,32,0,,0.998968,0.001032,L,0.998968,0.997936,0.011728,0.002064,0.065471
10,10,01146,normal,1205,0,,0.999177,0.000823,L,0.999177,0.998354,0.009621,0.001646,0.051772
10,10,01146,normal,907,0,,0.998838,0.001162,L,0.998838,0.997675,0.013007,0.002325,0.048648
10,10,01146,normal,415,0,,0.999377,0.000623,L,0.999377,0.998754,0.007532,0.001246,0.054938
10,10,01146,normal,1401,0,,0.999458,0.000542,L,0.999458,0.998916,0.006662,0.001084,0.101222
10,10,01146,normal,819,0,,0.996607,0.003393,L,0.996607,0.993215,0.032718,0.006785,0.060374
10,10,01146,normal,756,0,,0.996697,0.003303,L,0.996697,0.993395,0.031978,0.006605,0.063186
11,11,00508,normal,1243,1,,1.000000,0.000000,L,1.000000,1.000000,0.000001,0.000000,0.601739
11,11,00508,normal,1013,1,,0.999571,0.000429,L,0.999571,0.999142,0.005415,0.000858,0.124031
11,11,00508,normal,1372,1,,0.997206,0.002794,L,0.997206,0.994413,0.027725,0.005587,0.170241
11,11,00508,normal,1240,1,,0.999930,0.000070,L,0.999930,0.999860,0.001066,0.000140,0.143876
11,11,00508,normal,1191,1,,0.999999,0.000001,L,0.999999,0.999999,0.000013,0.000001,0.591587
11,11,00508,normal,1153,1,,0.999965,0.000035,L,0.999965,0.999930,0.000567,0.000070,0.258462
11,11,00508,normal,1192,1,,1.000000,0.000000,L,1.000000,1.000000,0.000000,0.000000,0.919859
11,11,00508,normal,1427,1,,0.999169,0.000831,L,0.999169,0.998338,0.009704,0.001662,0.064986
11,11,00508,normal,1152,1,,0.999964,0.000036,L,0.999964,0.999928,0.000580,0.000072,0.222436
11,11,00508,normal,1196,1,,0.999959,0.000041,L,0.999959,0.999919,0.000652,0.000081,0.086496
11,11,00508,normal,1374,1,,0.999460,0.000540,L,0.999460,0.998920,0.006639,0.001080,0.141506
11,11,00508,normal,1242,1,,1.000000,0.000000,L,1.000000,0.999999,0.000010,0.000001,0.467174
11,11,00508,normal,1247,1,,0.999456,0.000544,L,0.999456,0.998912,0.006685,0.001088,0.079829
11,11,00508,normal,1154,1,,0.999749,0.000251,L,0.999749,0.999499,0.003359,0.000501,0.217701
11,11,00508,normal,1335,1,,0.999360,0.000640,L,0.999360,0.998720,0.007716,0.001280,0.118619
11,11,00508,normal,1370,1,,0.999123,0.000877,L,0.999123,0.998246,0.010169,0.001754,0.166107
11,11,00508,normal,1426,1,,0.998968,0.001032,L,0.998968,0.997936,0.011724,0.002064,0.090585
11,11,00508,normal,1101,1,,0.999646,0.000354,L,0.999646,0.999292,0.004571,0.000708,0.220631
11,11,00508,normal,1285,1,,0.999973,0.000027,L,0.999973,0.999946,0.000446,0.000054,0.144222
11,11,00508,normal,1099,1,,0.999823,0.000177,L,0.999823,0.999646,0.002459,0.000354,0.118660
11,11,00508,normal,1336,1,,0.999318,0.000682,L,0.999318,0.998636,0.008156,0.001364,0.098237
11,11,00508,normal,1282,1,,0.999469,0.000531,L,0.999469,0.998939,0.006539,0.001061,0.213599
11,11,00508,normal,1015,1,,0.999804,0.000196,L,0.999804,0.999609,0.002691,0.000391,0.069328
11,11,00508,normal,1012,1,,0.999422,0.000578,L,0.999422,0.998844,0.007051,0.001156,0.145333
11,11,00508,normal,1150,1,,0.999219,0.000781,L,0.999219,0.998437,0.009192,0.001563,0.117017
11,11,00508,normal,1280,1,,0.999132,0.000869,L,0.999132,0.998263,0.010085,0.001737,0.183982
11,11,00508,normal,1279,1,,0.999206,0.000794,L,0.999206,0.998412,0.009321,0.001588,0.147839
11,11,00508,normal,1284,1,,0.999700,0.000300,L,0.999700,0.999401,0.003939,0.000599,0.193502
11,11,00508,normal,1244,1,,1.000000,0.000000,L,1.000000,1.000000,0.000003,0.000000,0.545480
11,11,00508,normal,1193,1,,1.000000,0.000000,L,1.000000,1.000000,0.000000,0.000000,0.914175
11,11,00508,normal,1425,1,,0.998671,0.001329,L,0.998671,0.997342,0.014616,0.002658,0.082803
11,11,00508,normal,1245,1,,0.999544,0.000456,L,0.999544,0.999087,0.005722,0.000913,0.178077
11,11,00508,normal,1241,1,,0.999716,0.000284,L,0.999716,0.999432,0.003756,0.000568,0.169927
11,11,00508,normal,1010,1,,0.998428,0.001572,L,0.998428,0.996857,0.016902,0.003143,0.082633
11,11,00508,normal,1156,1,,0.999169,0.000831,L,0.999169,0.998337,0.009707,0.001663,0.117134
11,11,00508,normal,1281,1,,0.998884,0.001116,L,0.998884,0.997769,0.012551,0.002231,0.197816
11,11,00508,normal,506,0,,0.999705,0.000295,L,0.999705,0.999411,0.003880,0.000589,0.048935
11,11,00508,normal,785,0,,0.999495,0.000505,L,0.999495,0.998991,0.006255,0.001009,0.048318
11,11,00508,normal,734,0,,0.999260,0.000740,L,0.999260,0.998520,0.008761,0.001480,0.037407
11,11,00508,normal,925,0,,0.997650,0.002350,L,0.997650,0.995299,0.023913,0.004701,0.069469
11,11,00508,normal,48,0,,0.999206,0.000794,L,0.999206,0.998412,0.009325,0.001588,0.084433
11,11,00508,normal,0,0,,0.996768,0.003232,L,0.996768,0.993535,0.031398,0.006465,0.096767
11,11,00508,normal,443,0,,0.999713,0.000287,L,0.999713,0.999425,0.003796,0.000575,0.071040
11,11,00508,normal,547,0,,0.998215,0.001785,L,0.998215,0.996430,0.018868,0.003570,0.050651
11,11,00508,normal,987,0,,0.998933,0.001067,L,0.998933,0.997866,0.012071,0.002134,0.047832
11,11,00508,normal,1438,0,,0.999373,0.000627,L,0.999373,0.998745,0.007578,0.001255,0.057306
11,11,00508,normal,221,0,,0.999116,0.000884,L,0.999116,0.998231,0.010245,0.001769,0.180269
11,11,00508,normal,1385,0,,0.998309,0.001691,L,0.998309,0.996619,0.018004,0.003381,0.064042
11,11,00508,normal,71,0,,0.999787,0.000213,L,0.999787,0.999575,0.002901,0.000425,0.078111
11,11,00508,normal,974,0,,0.998322,0.001678,L,0.998322,0.996645,0.017886,0.003355,0.113607
11,11,00508,normal,268,0,,0.999695,0.000305,L,0.999695,0.999389,0.004006,0.000611,0.053397
11,11,00508,normal,764,0,,0.996048,0.003952,L,0.996048,0.992096,0.037240,0.007904,0.135275
11,11,00508,normal,21,0,,0.999043,0.000957,L,0.999043,0.998087,0.010974,0.001913,0.059426
11,11,00508,normal,226,0,,0.998060,0.001940,L,0.998060,0.996120,0.020273,0.003880,0.107687
12,11,01128,normal,353,1,,0.999874,0.000126,L,0.999874,0.999748,0.001815,0.000252,0.105520
12,11,01128,normal,354,1,,0.999905,0.000095,L,0.999905,0.999810,0.001407,0.000190,0.087348
12,11,01128,normal,355,1,,0.999968,0.000032,L,0.999968,0.999936,0.000524,0.000064,0.079694
12,11,01128,normal,356,1,,0.999921,0.000078,L,0.999921,0.999843,0.001184,0.000157,0.080330
12,11,01128,normal,357,1,,0.999781,0.000219,L,0.999781,0.999562,0.002979,0.000438,0.071510
12,11,01128,normal,358,1,,0.999404,0.000596,L,0.999404,0.998808,0.007244,0.001192,0.063516
12,11,01128,normal,359,1,,0.999825,0.000175,L,0.999825,0.999650,0.002436,0.000350,0.047498
12,11,01128,normal,443,1,,0.999927,0.000073,L,0.999927,0.999854,0.001109,0.000146,0.094016
12,11,01128,normal,444,1,,0.999788,0.000212,L,0.999788,0.999577,0.002889,0.000423,0.089314
12,11,01128,normal,445,1,,0.999927,0.000073,L,0.999927,0.999854,0.001106,0.000146,0.122684
12,11,01128,normal,446,1,,0.999929,0.000071,L,0.999929,0.999859,0.001077,0.000141,0.118438
12,11,01128,normal,447,1,,0.999862,0.000138,L,0.999862,0.999725,0.001964,0.000275,0.124220
12,11,01128,normal,448,1,,0.999505,0.000495,L,0.999505,0.999010,0.006147,0.000990,0.125858
12,11,01128,normal,449,1,,0.999723,0.000277,L,0.999723,0.999447,0.003668,0.000553,0.076451
12,11,01128,normal,533,1,,0.999949,0.000052,L,0.999949,0.999897,0.000808,0.000103,0.090725
12,11,01128,normal,534,1,,0.999328,0.000672,L,0.999328,0.998656,0.008049,0.001344,0.174807
12,11,01128,normal,535,1,,1.000000,0.000000,L,1.000000,0.999999,0.000009,0.000001,0.464435
12,11,01128,normal,536,1,,1.000000,0.000000,L,1.000000,1.000000,0.000000,0.000000,0.613382
12,11,01128,normal,537,1,,1.000000,0.000000,L,1.000000,1.000000,0.000001,0.000000,0.589001
12,11,01128,normal,538,1,,0.999994,0.000006,L,0.999994,0.999988,0.000112,0.000012,0.315915
12,11,01128,normal,539,1,,0.999652,0.000348,L,0.999652,0.999304,0.004498,0.000696,0.104621
12,11,01128,normal,623,1,,0.999987,0.000013,L,0.999987,0.999974,0.000230,0.000026,0.125716
12,11,01128,normal,624,1,,0.999500,0.000500,L,0.999500,0.998999,0.006208,0.001001,0.176188
12,11,01128,normal,625,1,,0.999997,0.000003,L,0.999997,0.999995,0.000052,0.000005,0.419982
12,11,01128,normal,626,1,,1.000000,0.000000,L,1.000000,1.000000,0.000002,0.000000,0.596353
12,11,01128,normal,627,1,,1.000000,0.000000,L,1.000000,1.000000,0.000003,0.000000,0.544342
12,11,01128,normal,628,1,,0.999983,0.000017,L,0.999983,0.999965,0.000299,0.000035,0.279553
12,11,01128,normal,629,1,,0.999630,0.000370,L,0.999630,0.999260,0.004750,0.000740,0.085163
12,11,01128,normal,713,1,,0.999817,0.000183,L,0.999817,0.999633,0.002540,0.000367,0.081455
12,11,01128,normal,714,1,,0.998729,0.001271,L,0.998729,0.997458,0.014058,0.002542,0.121916
12,11,01128,normal,715,1,,0.999663,0.000337,L,0.999663,0.999326,0.004376,0.000674,0.124577
12,11,01128,normal,716,1,,0.999761,0.000239,L,0.999761,0.999522,0.003220,0.000478,0.166690
12,11,01128,normal,717,1,,0.999631,0.000369,L,0.999631,0.999262,0.004740,0.000738,0.122796
12,11,01128,normal,718,1,,0.999347,0.000653,L,0.999347,0.998694,0.007852,0.001306,0.095857
12,11,01128,normal,719,1,,0.999739,0.000261,L,0.999739,0.999478,0.003482,0.000522,0.059245
12,11,01128,normal,878,0,,0.999587,0.000413,L,0.999587,0.999174,0.005237,0.000826,0.066809
12,11,01128,normal,992,0,,0.998553,0.001447,L,0.998553,0.997106,0.015734,0.002894,0.115859
12,11,01128,normal,525,0,,0.999254,0.000746,L,0.999254,0.998508,0.008825,0.001492,0.053075
12,11,01128,normal,50,0,,0.998721,0.001279,L,0.998721,0.997442,0.014136,0.002558,0.078427
12,11,01128,normal,1239,0,,0.999484,0.000516,L,0.999484,0.998968,0.006378,0.001032,0.048813
12,11,01128,normal,556,0,,0.998504,0.001496,L,0.998504,0.997008,0.016198,0.002992,0.071144
12,11,01128,normal,1218,0,,0.999846,0.000154,L,0.999846,0.999692,0.002170,0.000308,0.061493
12,11,01128,normal,1105,0,,0.999146,0.000854,L,0.999146,0.998293,0.009932,0.001707,0.080269
12,11,01128,normal,689,0,,0.998017,0.001983,L,0.998017,0.996033,0.020665,0.003967,0.064250
12,11,01128,normal,1016,0,,0.999840,0.000160,L,0.999840,0.999680,0.002251,0.000320,0.090172
12,11,01128,normal,754,0,,0.998382,0.001618,L,0.998382,0.996763,0.017336,0.003237,0.065371
12,11,01128,normal,948,0,,0.999092,0.000908,L,0.999092,0.998184,0.010484,0.001816,0.090622
12,11,01128,normal,617,0,,0.999175,0.000825,L,0.999175,0.998351,0.009636,0.001649,0.057315
12,11,01128,normal,1305,0,,0.999718,0.000282,L,0.999718,0.999436,0.003734,0.000564,0.079370
12,11,01128,normal,68,0,,0.999800,0.000200,L,0.999800,0.999601,0.002741,0.000399,0.079331
12,11,01128,normal,912,0,,0.996879,0.003121,L,0.996879,0.993757,0.030477,0.006243,0.099053
12,11,01128,normal,1068,0,,0.999158,0.000842,L,0.999158,0.998317,0.009812,0.001683,0.053471
12,11,01128,normal,226,0,,0.999229,0.000771,L,0.999229,0.998458,0.009083,0.001542,0.060704
13,12,00413,normal,1029,1,,0.997517,0.002483,L,0.997517,0.995033,0.025068,0.004967,0.120716
13,12,00413,normal,1209,1,,1.000000,0.000000,L,1.000000,1.000000,0.000000,0.000000,0.958206
13,12,00413,normal,1120,1,,0.999767,0.000233,L,0.999767,0.999534,0.003150,0.000466,0.283032
13,12,00413,normal,1390,1,,0.997555,0.002445,L,0.997555,0.995109,0.024738,0.004891,0.156854
13,12,00413,normal,1121,1,,0.999174,0.000826,L,0.999174,0.998348,0.009652,0.001652,0.182523
13,12,00413,normal,1301,1,,0.999224,0.000776,L,0.999224,0.998448,0.009134,0.001552,0.142358
13,12,00413,normal,1027,1,,0.997166,0.002834,L,0.997166,0.994332,0.028066,0.005668,0.093315
13,12,00413,normal,1298,1,,0.999655,0.000345,L,0.999655,0.999311,0.004460,0.000689,0.216656
13,12,00413,normal,1300,1,,0.999390,0.000610,L,0.999390,0.998780,0.007395,0.001220,0.195958
13,12,00413,normal,1389,1,,0.997549,0.002451,L,0.997549,0.995098,0.024787,0.004902,0.176963
13,12,00413,normal,1388,1,,0.997287,0.002713,L,0.997287,0.994574,0.027040,0.005426,0.190002
13,12,00413,normal,1296,1,,0.998392,0.001608,L,0.998392,0.996784,0.017241,0.003216,0.154599
13,12,00413,normal,1026,1,,0.997658,0.002342,L,0.997658,0.995315,0.023842,0.004685,0.087590
13,12,00413,normal,1117,1,,0.997839,0.002161,L,0.997839,0.995677,0.022252,0.004323,0.169982
13,12,00413,normal,1385,1,,0.999030,0.000970,L,0.999030,0.998060,0.011107,0.001940,0.090392
13,12,00413,normal,1118,1,,0.999982,0.000018,L,0.999982,0.999964,0.000306,0.000036,0.338910
13,12,00413,normal,1387,1,,0.997235,0.002765,L,0.997235,0.994470,0.027482,0.005530,0.181446
13,12,00413,normal,1391,1,,0.999822,0.000178,L,0.999822,0.999644,0.002477,0.000356,0.141874
13,12,00413,normal,1302,1,,0.999778,0.000222,L,0.999778,0.999556,0.003017,0.000444,0.115032
13,12,00413,normal,1205,1,,0.999958,0.000042,L,0.999958,0.999916,0.000672,0.000084,0.117374
13,12,00413,normal,1206,1,,0.999387,0.000613,L,0.999387,0.998775,0.007422,0.001225,0.160242
13,12,00413,normal,1297,1,,0.999160,0.000840,L,0.999160,0.998320,0.009796,0.001680,0.193809
13,12,00413,normal,1032,1,,0.996123,0.003877,L,0.996123,0.992245,0.036643,0.007755,0.082174
13,12,00413,normal,1299,1,,0.999977,0.000023,L,0.999977,0.999953,0.000392,0.000047,0.362889
13,12,00413,normal,1208,1,,1.000000,0.000000,L,1.000000,1.000000,0.000000,0.000000,0.919413
13,12,00413,normal,1028,1,,0.998894,0.001106,L,0.998894,0.997787,0.012460,0.002213,0.095683
13,12,00413,normal,1212,1,,0.997966,0.002034,L,0.997966,0.995932,0.021118,0.004068,0.129710
13,12,00413,normal,1116,1,,0.998500,0.001500,L,0.998500,0.996999,0.016237,0.003001,0.128464
13,12,00413,normal,1386,1,,0.996912,0.003088,L,0.996912,0.993823,0.030203,0.006177,0.132493
13,12,00413,normal,1207,1,,0.999995,0.000005,L,0.999995,0.999989,0.000104,0.000011,0.386631
13,12,00413,normal,1295,1,,0.999781,0.000219,L,0.999781,0.999562,0.002976,0.000438,0.117142
13,12,00413,normal,1115,1,,0.999741,0.000259,L,0.999741,0.999482,0.003460,0.000518,0.096199
13,12,00413,normal,1122,1,,0.997512,0.002488,L,0.997512,0.995024,0.025107,0.004976,0.131371
13,12,00413,normal,1030,1,,0.997989,0.002011,L,0.997989,0.995979,0.020908,0.004021,0.076680
13,12,00413,normal,1031,1,,0.997578,0.002422,L,0.997578,0.995155,0.024539,0.004845,0.091935
13,12,00413,normal,1211,1,,0.998381,0.001619,L,0.998381,0.996761,0.017346,0.003239,0.195950
13,12,00413,normal,738,0,,0.999321,0.000679,L,0.999321,0.998643,0.008120,0.001357,0.038590
13,12,00413,normal,197,0,,0.998026,0.001974,L,0.998026,0.996051,0.020585,0.003949,0.041676
13,12,00413,normal,92,0,,0.994873,0.005127,L,0.994873,0.989745,0.046386,0.010255,0.080643
13,12,00413,normal,1200,0,,0.996836,0.003164,L,0.996836,0.993673,0.030828,0.006327,0.067857
13,12,00413,normal,1253,0,,0.999646,0.000354,L,0.999646,0.999291,0.004574,0.000709,0.050259
13,12,00413,normal,1072,0,,0.997152,0.002848,L,0.997152,0.994303,0.028188,0.005697,0.064475
13,12,00413,normal,802,0,,0.999919,0.000081,L,0.999919,0.999839,0.001214,0.000161,0.065180
13,12,00413,normal,580,0,,0.997308,0.002692,L,0.997308,0.994617,0.026856,0.005383,0.046786
13,12,00413,normal,977,0,,0.998743,0.001257,L,0.998743,0.997487,0.013922,0.002513,0.045267
13,12,00413,normal,1078,0,,0.999243,0.000757,L,0.999243,0.998486,0.008938,0.001514,0.048703
13,12,00413,normal,1256,0,,0.999467,0.000533,L,0.999467,0.998933,0.006568,0.001067,0.053117
13,12,00413,normal,583,0,,0.993312,0.006688,L,0.993312,0.986624,0.057933,0.013376,0.069882
13,12,00413,normal,76,0,,0.999843,0.000157,L,0.999843,0.999686,0.002209,0.000314,0.063259
13,12,00413,normal,191,0,,0.998293,0.001707,L,0.998293,0.996586,0.018155,0.003414,0.050916
13,12,00413,normal,1157,0,,0.999093,0.000907,L,0.999093,0.998187,0.010471,0.001813,0.056217
13,12,00413,normal,555,0,,0.999438,0.000562,L,0.999438,0.998876,0.006877,0.001124,0.031050
13,12,00413,normal,0,0,,0.997116,0.002884,L,0.997116,0.994233,0.028485,0.005767,0.092754
13,12,00413,normal,919,0,,0.999253,0.000747,L,0.999253,0.998507,0.008833,0.001493,0.035417
14,12,00822,normal,697,1,,1.000000,0.000000,L,1.000000,1.000000,0.000001,0.000000,0.895658
14,12,00822,normal,516,1,,0.998380,0.001620,L,0.998380,0.996760,0.017353,0.003240,0.105457
14,12,00822,normal,517,1,,0.998296,0.001704,L,0.998296,0.996592,0.018126,0.003408,0.104009
14,12,00822,normal,792,1,,0.999466,0.000534,L,0.999466,0.998933,0.006571,0.001067,0.047246
14,12,00822,normal,521,1,,0.999511,0.000489,L,0.999511,0.999021,0.006087,0.000979,0.052502
14,12,00822,normal,519,1,,0.998219,0.001781,L,0.998219,0.996438,0.018833,0.003562,0.084825
14,12,00822,normal,702,1,,0.999457,0.000543,L,0.999457,0.998914,0.006672,0.001086,0.050524
14,12,00822,normal,606,1,,0.997984,0.002016,L,0.997984,0.995967,0.020961,0.004033,0.218146
14,12,00822,normal,698,1,,1.000000,0.000000,L,1.000000,1.000000,0.000000,0.000000,0.993114
14,12,00822,normal,518,1,,0.998311,0.001689,L,0.998311,0.996622,0.017992,0.003378,0.081948
14,12,00822,normal,875,1,,0.997802,0.002198,L,0.997802,0.995604,0.022575,0.004396,0.128923
14,12,00822,normal,610,1,,0.998174,0.001826,L,0.998174,0.996348,0.019243,0.003652,0.072959
14,12,00822,normal,695,1,,0.999783,0.000217,L,0.999783,0.999566,0.002955,0.000434,0.262927
14,12,00822,normal,701,1,,0.998222,0.001778,L,0.998222,0.996445,0.018803,0.003555,0.085733
14,12,00822,normal,515,1,,0.999297,0.000703,L,0.999297,0.998595,0.008374,0.001405,0.073039
14,12,00822,normal,787,1,,0.999302,0.000698,L,0.999302,0.998605,0.008322,0.001395,0.220896
14,12,00822,normal,785,1,,0.999420,0.000580,L,0.999420,0.998839,0.007076,0.001161,0.193747
14,12,00822,normal,790,1,,0.999387,0.000613,L,0.999387,0.998774,0.007428,0.001226,0.076156
14,12,00822,normal,520,1,,0.999280,0.000720,L,0.999280,0.998561,0.008551,0.001439,0.053008
14,12,00822,normal,608,1,,0.999999,0.000001,L,0.999999,0.999998,0.000024,0.000002,0.547389
14,12,00822,normal,877,1,,0.995676,0.004324,L,0.995676,0.991352,0.040183,0.008648,0.129894
14,12,00822,normal,791,1,,0.999037,0.000963,L,0.999037,0.998073,0.011041,0.001927,0.062338
14,12,00822,normal,699,1,,1.000000,0.000000,L,1.000000,1.000000,0.000000,0.000000,0.829747
14,12,00822,normal,609,1,,0.999794,0.000206,L,0.999794,0.999589,0.002816,0.000411,0.152591
14,12,00822,normal,879,1,,0.999233,0.000767,L,0.999233,0.998465,0.009047,0.001535,0.046370
14,12,00822,normal,789,1,,0.999983,0.000017,L,0.999983,0.999966,0.000296,0.000034,0.198132
14,12,00822,normal,786,1,,0.997761,0.002239,L,0.997761,0.995521,0.022939,0.004479,0.211443
14,12,00822,normal,696,1,,0.999768,0.000232,L,0.999768,0.999536,0.003135,0.000464,0.264542
14,12,00822,normal,788,1,,0.999999,0.000001,L,0.999999,0.999998,0.000019,0.000002,0.537802
14,12,00822,normal,522,1,,0.999527,0.000473,L,0.999527,0.999054,0.005905,0.000946,0.047797
14,12,00822,normal,612,1,,0.999585,0.000415,L,0.999585,0.999170,0.005262,0.000830,0.050830
14,12,00822,normal,700,1,,0.999818,0.000182,L,0.999818,0.999636,0.002524,0.000364,0.083976
14,12,00822,normal,882,1,,0.999368,0.000632,L,0.999368,0.998737,0.007625,0.001263,0.045425
14,12,00822,normal,880,1,,0.999144,0.000856,L,0.999144,0.998287,0.009962,0.001713,0.052595
14,12,00822,normal,876,1,,0.995769,0.004231,L,0.995769,0.991538,0.039452,0.008462,0.164816
14,12,00822,normal,605,1,,0.999448,0.000552,L,0.999448,0.998895,0.006774,0.001105,0.192362
14,12,00822,normal,1397,0,,0.999299,0.000701,L,0.999299,0.998598,0.008359,0.001402,0.079203
14,12,00822,normal,807,0,,0.999709,0.000291,L,0.999709,0.999417,0.003841,0.000583,0.052352
14,12,00822,normal,357,0,,0.999743,0.000257,L,0.999743,0.999486,0.003436,0.000514,0.055502
14,12,00822,normal,888,0,,0.999357,0.000643,L,0.999357,0.998715,0.007741,0.001285,0.136289
14,12,00822,normal,664,0,,0.999170,0.000830,L,0.999170,0.998341,0.009689,0.001659,0.041761
14,12,00822,normal,1325,0,,0.999044,0.000956,L,0.999044,0.998087,0.010972,0.001913,0.053229
14,12,00822,normal,741,0,,0.998070,0.001930,L,0.998070,0.996141,0.020182,0.003859,0.089189
14,12,00822,normal,283,0,,0.995913,0.004087,L,0.995913,0.991826,0.038313,0.008174,0.162409
14,12,00822,normal,562,0,,0.996008,0.003992,L,0.996008,0.992016,0.037558,0.007984,0.125720
14,12,00822,normal,65,0,,0.999772,0.000228,L,0.999772,0.999543,0.003091,0.000457,0.045036
14,12,00822,normal,131,0,,0.999678,0.000322,L,0.999678,0.999357,0.004195,0.000643,0.054816
14,12,00822,normal,1202,0,,0.997080,0.002920,L,0.997080,0.994160,0.028794,0.005840,0.083626
14,12,00822,normal,162,0,,0.999750,0.000250,L,0.999750,0.999500,0.003354,0.000500,0.075065
14,12,00822,normal,1422,0,,0.998863,0.001137,L,0.998863,0.997726,0.012760,0.002274,0.080054
14,12,00822,normal,440,0,,0.999742,0.000258,L,0.999742,0.999483,0.003451,0.000517,0.053283
14,12,00822,normal,85,0,,0.999797,0.000203,L,0.999797,0.999594,0.002782,0.000406,0.078487
14,12,00822,normal,831,0,,0.998167,0.001834,L,0.998167,0.996333,0.019312,0.003667,0.070394
14,12,00822,normal,246,0,,0.999838,0.000162,L,0.999838,0.999676,0.002277,0.000324,0.036361
15,15,00208,normal,1041,1,,0.999979,0.000021,L,0.999979,0.999958,0.000353,0.000042,0.239758
15,15,00208,normal,767,1,,0.999988,0.000012,L,0.999988,0.999975,0.000221,0.000025,0.048012
15,15,00208,normal,950,1,,0.999662,0.000338,L,0.999662,0.999324,0.004385,0.000676,0.056279
15,15,00208,normal,1218,1,,0.998733,0.001267,L,0.998733,0.997465,0.014025,0.002535,0.067362
15,15,00208,normal,949,1,,0.999943,0.000057,L,0.999943,0.999887,0.000882,0.000113,0.063087
15,15,00208,normal,1035,1,,0.999869,0.000131,L,0.999869,0.999738,0.001880,0.000262,0.055320
15,15,00208,normal,677,1,,0.999272,0.000728,L,0.999272,0.998544,0.008638,0.001456,0.049754
15,15,00208,normal,676,1,,0.999724,0.000276,L,0.999724,0.999447,0.003665,0.000553,0.053937
15,15,00208,normal,858,1,,1.000000,0.000000,L,1.000000,1.000000,0.000002,0.000000,0.090105
15,15,00208,normal,497,1,,0.999566,0.000434,L,0.999566,0.999132,0.005474,0.000868,0.059027
15,15,00208,normal,1042,1,,0.999993,0.000007,L,0.999993,0.999986,0.000133,0.000014,0.369525
15,15,00208,normal,499,1,,0.999843,0.000156,L,0.999843,0.999687,0.002204,0.000313,0.057209
15,15,00208,normal,232,1,,0.999761,0.000239,L,0.999761,0.999521,0.003223,0.000479,0.046370
15,15,00208,normal,322,1,,0.999710,0.000290,L,0.999710,0.999420,0.003826,0.000580,0.051070
15,15,00208,normal,504,1,,1.000000,0.000000,L,1.000000,0.999999,0.000007,0.000001,0.084049
15,15,00208,normal,774,1,,0.999593,0.000407,L,0.999593,0.999186,0.005170,0.000814,0.040248
15,15,00208,normal,1222,1,,1.000000,0.000001,L,1.000000,0.999999,0.000012,0.000001,0.339043
15,15,00208,normal,1311,1,,0.999819,0.000181,L,0.999819,0.999637,0.002516,0.000363,0.095847
15,15,00208,normal,1133,1,,1.000000,0.000000,L,1.000000,0.999999,0.000008,0.000001,0.533231
15,15,00208,normal,144,1,,0.999732,0.000268,L,0.999732,0.999464,0.003565,0.000536,0.056708
15,15,00208,normal,855,1,,0.999997,0.000003,L,0.999997,0.999994,0.000061,0.000006,0.062304
15,15,00208,normal,588,1,,0.999164,0.000836,L,0.999164,0.998328,0.009752,0.001672,0.055300
15,15,00208,normal,501,1,,0.999935,0.000065,L,0.999935,0.999869,0.001004,0.000131,0.064547
15,15,00208,normal,679,1,,0.999449,0.000551,L,0.999449,0.998897,0.006763,0.001103,0.061066
15,15,00208,normal,1220,1,,0.999843,0.000157,L,0.999843,0.999686,0.002211,0.000314,0.091998
15,15,00208,normal,1219,1,,0.998023,0.001977,L,0.998023,0.996045,0.020612,0.003955,0.078016
15,15,00208,normal,233,1,,0.999831,0.000169,L,0.999831,0.999662,0.002358,0.000338,0.050060
15,15,00208,normal,325,1,,0.999962,0.000038,L,0.999962,0.999924,0.000610,0.000076,0.049867
15,15,00208,normal,498,1,,0.999353,0.000647,L,0.999353,0.998707,0.007784,0.001293,0.062831
15,15,00208,normal,592,1,,0.998976,0.001024,L,0.998976,0.997952,0.011647,0.002048,0.057671
15,15,00208,normal,1038,1,,0.999831,0.000169,L,0.999831,0.999661,0.002364,0.000339,0.071120
15,15,00208,normal,1127,1,,0.999736,0.000264,L,0.999736,0.999472,0.003516,0.000528,0.050694
15,15,00208,normal,945,1,,0.999991,0.000009,L,0.999991,0.999982,0.000162,0.000018,0.065162
15,15,00208,normal,237,1,,0.999817,0.000183,L,0.999817,0.999635,0.002533,0.000365,0.064061
15,15,00208,normal,770,1,,0.999818,0.000182,L,0.999818,0.999636,0.002527,0.000364,0.037178
15,15,00208,normal,766,1,,0.999936,0.000064,L,0.999936,0.999873,0.000979,0.000127,0.049934
15,15,00208,normal,764,0,,0.999988,0.000012,L,0.999988,0.999976,0.000211,0.000024,0.048819
15,15,00208,normal,1006,0,,0.997204,0.002796,L,0.997204,0.994408,0.027743,0.005592,0.166195
15,15,00208,normal,1122,0,,0.998757,0.001243,L,0.998757,0.997515,0.013785,0.002485,0.049894
15,15,00208,normal,636,0,,0.997113,0.002887,L,0.997113,0.994226,0.028512,0.005774,0.092575
15,15,00208,normal,1089,0,,0.998086,0.001914,L,0.998086,0.996172,0.020041,0.003828,0.068495
15,15,00208,normal,628,0,,0.999258,0.000742,L,0.999258,0.998516,0.008783,0.001484,0.127637
15,15,00208,normal,618,0,,0.997634,0.002366,L,0.997634,0.995267,0.024052,0.004733,0.087454
15,15,00208,normal,759,0,,0.999518,0.000482,L,0.999518,0.999036,0.006005,0.000964,0.101832
15,15,00208,normal,1335,0,,0.999003,0.000997,L,0.999003,0.998006,0.011378,0.001994,0.062838
15,15,00208,normal,271,0,,0.987489,0.012511,L,0.987489,0.974977,0.097016,0.025023,0.090075
15,15,00208,normal,1276,0,,0.996083,0.003917,L,0.996083,0.992166,0.036962,0.007834,0.076344
15,15,00208,normal,619,0,,0.997878,0.002122,L,0.997878,0.995755,0.021905,0.004245,0.083679
15,15,00208,normal,781,0,,0.999489,0.000511,L,0.999489,0.998978,0.006324,0.001022,0.037250
15,15,00208,normal,884,0,,0.998359,0.001641,L,0.998359,0.996718,0.017548,0.003282,0.087402
15,15,00208,normal,1001,0,,0.995660,0.004340,L,0.995660,0.991320,0.040307,0.008680,0.080952
15,15,00208,normal,145,0,,0.999729,0.000271,L,0.999729,0.999458,0.003605,0.000542,0.054844
15,15,00208,normal,1145,0,,0.998843,0.001157,L,0.998843,0.997686,0.012955,0.002314,0.052424
15,15,00208,normal,1439,0,,0.998425,0.001576,L,0.998425,0.996849,0.016939,0.003151,0.068222
16,15,00561,normal,582,1,,0.997896,0.002103,L,0.997896,0.995793,0.021738,0.004207,0.141774
16,15,00561,normal,764,1,,1.000000,0.000000,L,1.000000,1.000000,0.000004,0.000000,0.731504
16,15,00561,normal,583,1,,0.997324,0.002676,L,0.997324,0.994649,0.026720,0.005351,0.180899
16,15,00561,normal,672,1,,0.999494,0.000506,L,0.999494,0.998987,0.006272,0.001013,0.204106
16,15,00561,normal,761,1,,0.999789,0.000211,L,0.999789,0.999578,0.002881,0.000422,0.115831
16,15,00561,normal,857,1,,0.998004,0.001996,L,0.998004,0.996008,0.020780,0.003992,0.085659
16,15,00561,normal,588,1,,0.996802,0.003198,L,0.996802,0.993603,0.031116,0.006397,0.108688
16,15,00561,normal,586,1,,0.998884,0.001116,L,0.998884,0.997769,0.012551,0.002231,0.182496
16,15,00561,normal,858,1,,0.998230,0.001770,L,0.998230,0.996460,0.018734,0.003540,0.069989
16,15,00561,normal,491,1,,0.997470,0.002530,L,0.997470,0.994940,0.025472,0.005060,0.108994
16,15,00561,normal,852,1,,0.998026,0.001974,L,0.998026,0.996052,0.020583,0.003948,0.136546
16,15,00561,normal,766,1,,0.999281,0.000719,L,0.999281,0.998562,0.008544,0.001438,0.265241
16,15,00561,normal,497,1,,0.998384,0.001616,L,0.998384,0.996767,0.017319,0.003233,0.066045
16,15,00561,normal,584,1,,0.999997,0.000003,L,0.999997,0.999995,0.000054,0.000005,0.442405
16,15,00561,normal,762,1,,0.999079,0.000921,L,0.999079,0.998157,0.010621,0.001843,0.199337
16,15,00561,normal,677,1,,0.995324,0.004676,L,0.995324,0.990648,0.042924,0.009352,0.247657
16,15,00561,normal,581,1,,0.999163,0.000837,L,0.999163,0.998327,0.009761,0.001673,0.097107
16,15,00561,normal,767,1,,0.998238,0.001761,L,0.998238,0.996477,0.018655,0.003523,0.205598
16,15,00561,normal,856,1,,0.996781,0.003219,L,0.996781,0.993561,0.031290,0.006439,0.147442
16,15,00561,normal,494,1,,0.996440,0.003560,L,0.996440,0.992880,0.034083,0.007120,0.167110
16,15,00561,normal,671,1,,0.999931,0.000069,L,0.999931,0.999861,0.001058,0.000139,0.115036
16,15,00561,normal,851,1,,0.997253,0.002747,L,0.997253,0.994507,0.027326,0.005493,0.100206
16,15,00561,normal,492,1,,0.997692,0.002308,L,0.997692,0.995383,0.023545,0.004617,0.119257
16,15,00561,normal,495,1,,0.996602,0.003398,L,0.996602,0.993204,0.032761,0.006796,0.105946
16,15,00561,normal,675,1,,1.000000,0.000000,L,1.000000,1.000000,0.000000,0.000000,0.983656
16,15,00561,normal,496,1,,0.995317,0.004683,L,0.995317,0.990634,0.042977,0.009366,0.098496
16,15,00561,normal,855,1,,0.997047,0.002953,L,0.997047,0.994095,0.029067,0.005905,0.171226
16,15,00561,normal,585,1,,0.999998,0.000002,L,0.999998,0.999995,0.000047,0.000005,0.447580
16,15,00561,normal,853,1,,0.997911,0.002089,L,0.997911,0.995822,0.021609,0.004178,0.167999
16,15,00561,normal,854,1,,0.997856,0.002144,L,0.997856,0.995713,0.022094,0.004287,0.176667
16,15,00561,normal,587,1,,0.996518,0.003482,L,0.996518,0.993035,0.033451,0.006965,0.134772
16,15,00561,normal,676,1,,0.999999,0.000001,L,0.999999,0.999998,0.000023,0.000002,0.639324
16,15,00561,normal,768,1,,0.998412,0.001588,L,0.998412,0.996823,0.017060,0.003177,0.133747
16,15,00561,normal,673,1,,1.000000,0.000000,L,1.000000,1.000000,0.000005,0.000000,0.652023
16,15,00561,normal,493,1,,0.997463,0.002537,L,0.997463,0.994926,0.025533,0.005074,0.165450
16,15,00561,normal,763,1,,0.999949,0.000051,L,0.999949,0.999898,0.000802,0.000102,0.326866
16,15,00561,normal,628,0,,0.999810,0.000190,L,0.999810,0.999620,0.002626,0.000380,0.045669
16,15,00561,normal,462,0,,0.997073,0.002927,L,0.997073,0.994146,0.028850,0.005854,0.078892
16,15,00561,normal,80,0,,0.999784,0.000216,L,0.999784,0.999568,0.002941,0.000432,0.084060
16,15,00561,normal,363,0,,0.996429,0.003571,L,0.996429,0.992858,0.034173,0.007142,0.141451
16,15,00561,normal,1175,0,,0.998115,0.001885,L,0.998115,0.996230,0.019780,0.003770,0.087009
16,15,00561,normal,803,0,,0.999448,0.000552,L,0.999448,0.998896,0.006771,0.001104,0.038332
16,15,00561,normal,614,0,,0.999930,0.000070,L,0.999930,0.999859,0.001074,0.000141,0.071108
16,15,00561,normal,1124,0,,0.996509,0.003491,L,0.996509,0.993019,0.033518,0.006981,0.101181
16,15,00561,normal,145,0,,0.999464,0.000536,L,0.999464,0.998929,0.006593,0.001071,0.084784
16,15,00561,normal,684,0,,0.999242,0.000758,L,0.999242,0.998483,0.008954,0.001517,0.056689
16,15,00561,normal,1320,0,,0.994411,0.005589,L,0.994411,0.988822,0.049864,0.011178,0.201470
16,15,00561,normal,832,0,,0.998948,0.001052,L,0.998948,0.997896,0.011927,0.002104,0.076168
16,15,00561,normal,221,0,,0.997365,0.002635,L,0.997365,0.994731,0.026370,0.005269,0.129069
16,15,00561,normal,1303,0,,0.991297,0.008703,L,0.991297,0.982594,0.072067,0.017406,0.085521
16,15,00561,normal,487,0,,0.997131,0.002869,L,0.997131,0.994261,0.028367,0.005739,0.069627
16,15,00561,normal,281,0,,0.996468,0.003532,L,0.996468,0.992936,0.033855,0.007064,0.068701
16,15,00561,normal,780,0,,0.999476,0.000524,L,0.999476,0.998952,0.006469,0.001048,0.044884
16,15,00561,normal,191,0,,0.996600,0.003400,L,0.996600,0.993201,0.032774,0.006799,0.084592
17,16,00302,normal,841,1,,0.997746,0.002254,L,0.997746,0.995492,0.023069,0.004508,0.187785
17,16,00302,normal,927,1,,0.999885,0.000115,L,0.999885,0.999771,0.001665,0.000229,0.171714
17,16,00302,normal,752,1,,0.997782,0.002218,L,0.997782,0.995565,0.022749,0.004435,0.175384
17,16,00302,normal,662,1,,0.997160,0.002840,L,0.997160,0.994321,0.028115,0.005679,0.072437
17,16,00302,normal,840,1,,0.999980,0.000020,L,0.999980,0.999960,0.000339,0.000040,0.372409
17,16,00302,normal,572,1,,0.998659,0.001341,L,0.998659,0.997319,0.014727,0.002681,0.062503
17,16,00302,normal,836,1,,0.999765,0.000235,L,0.999765,0.999530,0.003175,0.000470,0.162240
17,16,00302,normal,749,1,,1.000000,0.000000,L,1.000000,1.000000,0.000000,0.000000,0.998387
17,16,00302,normal,568,1,,0.997319,0.002681,L,0.997319,0.994638,0.026765,0.005362,0.091052
17,16,00302,normal,656,1,,0.999520,0.000480,L,0.999520,0.999040,0.005986,0.000960,0.118973
17,16,00302,normal,837,1,,0.999575,0.000425,L,0.999575,0.999149,0.005378,0.000851,0.185152
17,16,00302,normal,747,1,,0.999887,0.000113,L,0.999887,0.999775,0.001639,0.000225,0.241440
17,16,00302,normal,570,1,,0.997756,0.002244,L,0.997756,0.995513,0.022978,0.004487,0.072684
17,16,00302,normal,661,1,,0.998237,0.001763,L,0.998237,0.996474,0.018667,0.003526,0.091144
17,16,00302,normal,750,1,,1.000000,0.000000,L,1.000000,1.000000,0.000000,0.000000,0.965799
17,16,00302,normal,932,1,,0.996558,0.003442,L,0.996558,0.993116,0.033120,0.006884,0.094738
17,16,00302,normal,567,1,,0.997915,0.002085,L,0.997915,0.995831,0.021569,0.004169,0.084901
17,16,00302,normal,838,1,,0.999520,0.000480,L,0.999520,0.999041,0.005980,0.000959,0.205385
17,16,00302,normal,843,1,,0.997724,0.002276,L,0.997724,0.995449,0.023257,0.004551,0.083255
17,16,00302,normal,926,1,,0.999756,0.000244,L,0.999756,0.999512,0.003281,0.000488,0.122537
17,16,00302,normal,566,1,,0.998277,0.001723,L,0.998277,0.996554,0.018302,0.003446,0.090520
17,16,00302,normal,660,1,,0.999998,0.000002,L,0.999998,0.999996,0.000039,0.000004,0.281282
17,16,00302,normal,930,1,,0.995433,0.004567,L,0.995433,0.990865,0.042082,0.009135,0.092950
17,16,00302,normal,746,1,,0.999856,0.000144,L,0.999856,0.999713,0.002041,0.000287,0.194801
17,16,00302,normal,933,1,,0.996879,0.003121,L,0.996879,0.993758,0.030472,0.006242,0.083458
17,16,00302,normal,657,1,,0.997593,0.002408,L,0.997593,0.995185,0.024410,0.004815,0.117565
17,16,00302,normal,929,1,,0.995874,0.004126,L,0.995874,0.991748,0.038621,0.008252,0.121502
17,16,00302,normal,931,1,,0.995116,0.004884,L,0.995116,0.990232,0.044529,0.009768,0.089812
17,16,00302,normal,569,1,,0.997824,0.002176,L,0.997824,0.995648,0.022382,0.004352,0.071555
17,16,00302,normal,658,1,,0.999030,0.000970,L,0.999030,0.998061,0.011104,0.001939,0.177370
17,16,00302,normal,659,1,,1.000000,0.000000,L,1.000000,0.999999,0.000009,0.000001,0.453584
17,16,00302,normal,751,1,,0.999996,0.000004,L,0.999996,0.999992,0.000074,0.000008,0.503836
17,16,00302,normal,839,1,,0.999998,0.000002,L,0.999998,0.999997,0.000031,0.000003,0.547775
17,16,00302,normal,748,1,,1.000000,0.000000,L,1.000000,1.000000,0.000001,0.000000,0.829219
17,16,00302,normal,571,1,,0.998826,0.001174,L,0.998826,0.997652,0.013121,0.002348,0.062160
17,16,00302,normal,928,1,,0.997183,0.002817,L,0.997183,0.994367,0.027920,0.005633,0.118019
17,16,00302,normal,17,0,,0.997516,0.002484,L,0.997516,0.995033,0.025070,0.004967,0.092272
17,16,00302,normal,1157,0,,0.998904,0.001096,L,0.998904,0.997807,0.012361,0.002193,0.055552
17,16,00302,normal,1418,0,,0.998849,0.001151,L,0.998849,0.997697,0.012901,0.002303,0.073694
17,16,00302,normal,803,0,,0.999710,0.000290,L,0.999710,0.999421,0.003821,0.000579,0.034301
17,16,00302,normal,924,0,,0.998241,0.001759,L,0.998241,0.996483,0.018629,0.003517,0.060782
17,16,00302,normal,669,0,,0.997773,0.002227,L,0.997773,0.995547,0.022828,0.004453,0.089164
17,16,00302,normal,258,0,,0.999854,0.000146,L,0.999854,0.999707,0.002076,0.000293,0.045739
17,16,00302,normal,1315,0,,0.999279,0.000721,L,0.999279,0.998558,0.008567,0.001442,0.048267
17,16,00302,normal,892,0,,0.999608,0.000392,L,0.999608,0.999217,0.004998,0.000783,0.031091
17,16,00302,normal,1433,0,,0.998985,0.001015,L,0.998985,0.997970,0.011559,0.002030,0.065205
17,16,00302,normal,111,0,,0.998651,0.001349,L,0.998651,0.997302,0.014808,0.002698,0.099599
17,16,00302,normal,162,0,,0.999788,0.000212,L,0.999788,0.999577,0.002888,0.000423,0.059889
17,16,00302,normal,148,0,,0.999272,0.000728,L,0.999272,0.998544,0.008638,0.001456,0.145976
17,16,00302,normal,1419,0,,0.998915,0.001085,L,0.998915,0.997831,0.012247,0.002169,0.079300
17,16,00302,normal,145,0,,0.999909,0.000091,L,0.999909,0.999818,0.001353,0.000182,0.103762
17,16,00302,normal,1295,0,,0.999233,0.000767,L,0.999233,0.998467,0.009040,0.001533,0.052527
17,16,00302,normal,518,0,,0.999755,0.000245,L,0.999755,0.999510,0.003293,0.000490,0.047145
17,16,00302,normal,234,0,,0.998427,0.001573,L,0.998427,0.996853,0.016919,0.003147,0.093387
18,17,00200,normal,1375,1,,0.997856,0.002144,L,0.997856,0.995712,0.022095,0.004288,0.114065
18,17,00200,normal,275,1,,0.999953,0.000047,L,0.999953,0.999907,0.000740,0.000093,0.409279
18,17,00200,normal,1284,1,,0.998925,0.001075,L,0.998925,0.997851,0.012147,0.002149,0.184427
18,17,00200,normal,72,1,,0.998659,0.001341,L,0.998659,0.997318,0.014731,0.002682,0.087222
18,17,00200,normal,279,1,,0.999581,0.000419,L,0.999581,0.999163,0.005301,0.000837,0.224942
18,17,00200,normal,1269,1,,0.996797,0.003203,L,0.996797,0.993595,0.031152,0.006405,0.146215
18,17,00200,normal,366,1,,0.999907,0.000093,L,0.999907,0.999814,0.001378,0.000186,0.368887
18,17,00200,normal,1192,1,,0.999920,0.000080,L,0.999920,0.999840,0.001206,0.000160,0.342705
18,17,00200,normal,1369,1,,0.999094,0.000906,L,0.999094,0.998188,0.010463,0.001812,0.168613
18,17,00200,normal,183,1,,0.997950,0.002050,L,0.997950,0.995899,0.021265,0.004101,0.173065
18,17,00200,normal,460,1,,0.998329,0.001671,L,0.998329,0.996658,0.017823,0.003342,0.080673
18,17,00200,normal,343,1,,0.999253,0.000747,L,0.999253,0.998506,0.008835,0.001494,0.085753
18,17,00200,normal,160,1,,0.999980,0.000020,L,0.999980,0.999960,0.000338,0.000040,0.211052
18,17,00200,normal,1372,1,,0.999999,0.000001,L,0.999999,0.999999,0.000013,0.000001,0.582929
18,17,00200,normal,1359,1,,0.996082,0.003917,L,0.996082,0.992165,0.036964,0.007835,0.118210
18,17,00200,normal,430,1,,0.999017,0.000984,L,0.999017,0.998033,0.011243,0.001967,0.124727
18,17,00200,normal,250,1,,1.000000,0.000000,L,1.000000,1.000000,0.000000,0.000000,0.602385
18,17,00200,normal,162,1,,0.999977,0.000023,L,0.999977,0.999953,0.000395,0.000047,0.106289
18,17,00200,normal,1282,1,,1.000000,0.000000,L,1.000000,1.000000,0.000000,0.000000,0.999129
18,17,00200,normal,1352,1,,0.999816,0.000184,L,0.999816,0.999632,0.002547,0.000368,0.118583
18,17,00200,normal,273,1,,0.998956,0.001044,L,0.998956,0.997912,0.011847,0.002088,0.227505
18,17,00200,normal,74,1,,0.999198,0.000802,L,0.999198,0.998395,0.009408,0.001605,0.082356
18,17,00200,normal,1175,1,,0.999978,0.000022,L,0.999978,0.999957,0.000365,0.000043,0.383735
18,17,00200,normal,339,1,,0.999206,0.000794,L,0.999206,0.998412,0.009321,0.001588,0.148954
18,17,00200,normal,99,1,,0.997717,0.002283,L,0.997717,0.995435,0.023320,0.004565,0.072703
18,17,00200,normal,1191,1,,0.999168,0.000832,L,0.999168,0.998335,0.009716,0.001665,0.285009
18,17,00200,normal,340,1,,0.999855,0.000145,L,0.999855,0.999709,0.002064,0.000291,0.184009
18,17,00200,normal,272,1,,0.997421,0.002579,L,0.997421,0.994842,0.025895,0.005158,0.198524
18,17,00200,normal,367,1,,0.999421,0.000579,L,0.999421,0.998842,0.007061,0.001158,0.285135
18,17,00200,normal,1354,1,,0.999237,0.000763,L,0.999237,0.998473,0.009005,0.001527,0.164741
18,17,00200,normal,93,1,,0.998213,0.001787,L,0.998213,0.996427,0.018886,0.003573,0.093607
18,17,00200,normal,431,1,,0.999273,0.000727,L,0.999273,0.998546,0.008629,0.001454,0.112872
18,17,00200,normal,184,1,,0.998277,0.001723,L,0.998277,0.996554,0.018300,0.003446,0.170889
18,17,00200,normal,1195,1,,0.999341,0.000659,L,0.999341,0.998683,0.007909,0.001317,0.088070
18,17,00200,normal,71,1,,0.998520,0.001480,L,0.998520,0.997040,0.016046,0.002960,0.105238
18,17,00200,normal,75,1,,0.999441,0.000559,L,0.999441,0.998881,0.006849,0.001119,0.074384
18,17,00200,normal,609,0,,0.999260,0.000740,L,0.999260,0.998520,0.008761,0.001480,0.052270
18,17,00200,normal,908,0,,0.997436,0.002564,L,0.997436,0.994872,0.025762,0.005128,0.079908
18,17,00200,normal,989,0,,0.999135,0.000865,L,0.999135,0.998270,0.010049,0.001730,0.053279
18,17,00200,normal,1220,0,,0.997378,0.002622,L,0.997378,0.994756,0.026260,0.005244,0.054996
18,17,00200,normal,1042,0,,0.999362,0.000638,L,0.999362,0.998724,0.007693,0.001276,0.035624
18,17,00200,normal,214,0,,0.997088,0.002912,L,0.997088,0.994176,0.028726,0.005824,0.061552
18,17,00200,normal,111,0,,0.997784,0.002216,L,0.997784,0.995568,0.022732,0.004432,0.084407
18,17,00200,normal,1288,0,,0.994430,0.005570,L,0.994430,0.988860,0.049723,0.011140,0.100670
18,17,00200,normal,560,0,,0.999038,0.000962,L,0.999038,0.998076,0.011030,0.001924,0.037269
18,17,00200,normal,689,0,,0.999409,0.000591,L,0.999409,0.998818,0.007191,0.001182,0.080131
18,17,00200,normal,1006,0,,0.999343,0.000657,L,0.999343,0.998685,0.007896,0.001315,0.065330
18,17,00200,normal,888,0,,0.998631,0.001369,L,0.998631,0.997262,0.014998,0.002738,0.051180
18,17,00200,normal,1211,0,,0.997215,0.002785,L,0.997215,0.994429,0.027656,0.005571,0.077745
18,17,00200,normal,180,0,,0.998257,0.001743,L,0.998257,0.996514,0.018488,0.003486,0.100419
18,17,00200,normal,34,0,,0.998809,0.001191,L,0.998809,0.997617,0.013289,0.002383,0.066919
18,17,00200,normal,306,0,,0.998660,0.001340,L,0.998660,0.997321,0.014718,0.002679,0.049954
18,17,00200,normal,1064,0,,0.998483,0.001517,L,0.998483,0.996965,0.016396,0.003035,0.054540
18,17,00200,normal,35,0,,0.999471,0.000529,L,0.999471,0.998943,0.006516,0.001057,0.059564
19,18,00190,normal,514,1,,0.998879,0.001121,L,0.998879,0.997758,0.012602,0.002242,0.122356
19,18,00190,normal,589,1,,0.998332,0.001668,L,0.998332,0.996664,0.017796,0.003336,0.195129
19,18,00190,normal,784,1,,0.997391,0.002610,L,0.997391,0.994781,0.026155,0.005219,0.114425
19,18,00190,normal,1136,1,,0.999975,0.000025,L,0.999975,0.999950,0.000419,0.000050,0.368690
19,18,00190,normal,678,1,,1.000000,0.000000,L,1.000000,1.000000,0.000004,0.000000,0.634333
19,18,00190,normal,513,1,,0.999422,0.000578,L,0.999422,0.998845,0.007048,0.001155,0.102046
19,18,00190,normal,676,1,,0.999908,0.000092,L,0.999908,0.999817,0.001362,0.000183,0.114182
19,18,00190,normal,786,1,,0.999225,0.000775,L,0.999225,0.998450,0.009127,0.001550,0.062093
19,18,00190,normal,516,1,,0.999848,0.000152,L,0.999848,0.999696,0.002150,0.000304,0.112063
19,18,00190,normal,858,1,,0.998705,0.001295,L,0.998705,0.997409,0.014294,0.002591,0.139145
19,18,00190,normal,857,1,,0.997373,0.002627,L,0.997373,0.994746,0.026305,0.005254,0.113774
19,18,00190,normal,1227,1,,0.998569,0.001430,L,0.998569,0.997139,0.015579,0.002861,0.098859
19,18,00190,normal,608,1,,0.997294,0.002706,L,0.997294,0.994588,0.026978,0.005412,0.074926
19,18,00190,normal,586,1,,0.998740,0.001260,L,0.998740,0.997479,0.013956,0.002521,0.098984
19,18,00190,normal,787,1,,0.998667,0.001334,L,0.998667,0.997333,0.014658,0.002667,0.048501
19,18,00190,normal,957,1,,0.996831,0.003169,L,0.996831,0.993661,0.030875,0.006339,0.153896
19,18,00190,normal,680,1,,1.000000,0.000000,L,1.000000,1.000000,0.000001,0.000000,0.948381
19,18,00190,normal,788,1,,0.998747,0.001253,L,0.998747,0.997494,0.013884,0.002506,0.047539
19,18,00190,normal,1138,1,,0.999027,0.000973,L,0.999027,0.998055,0.011134,0.001945,0.159286
19,18,00190,normal,1047,1,,0.999483,0.000517,L,0.999483,0.998966,0.006392,0.001034,0.241450
19,18,00190,normal,1137,1,,0.999169,0.000831,L,0.999169,0.998338,0.009699,0.001662,0.195041
19,18,00190,normal,1132,1,,0.998811,0.001189,L,0.998811,0.997622,0.013266,0.002378,0.095157
19,18,00190,normal,773,1,,0.998030,0.001971,L,0.998030,0.996059,0.020549,0.003941,0.078586
19,18,00190,normal,1043,1,,0.999951,0.000049,L,0.999951,0.999902,0.000770,0.000098,0.153117
19,18,00190,normal,771,1,,0.999597,0.000403,L,0.999597,0.999194,0.005129,0.000806,0.312430
19,18,00190,normal,519,1,,0.997701,0.002299,L,0.997701,0.995401,0.023467,0.004599,0.094725
19,18,00190,normal,681,1,,0.999720,0.000280,L,0.999720,0.999440,0.003709,0.000560,0.443113
19,18,00190,normal,607,1,,0.999897,0.000103,L,0.999897,0.999795,0.001509,0.000205,0.132666
19,18,00190,normal,1223,1,,0.998817,0.001183,L,0.998817,0.997634,0.013210,0.002366,0.080502
19,18,00190,normal,679,1,,1.000000,0.000000,L,1.000000,1.000000,0.000000,0.000000,0.871963
19,18,00190,normal,956,1,,0.998407,0.001593,L,0.998407,0.996813,0.017104,0.003187,0.185820
19,18,00190,normal,789,1,,0.997444,0.002556,L,0.997444,0.994887,0.025698,0.005113,0.059150
19,18,00190,normal,1133,1,,0.999410,0.000590,L,0.999410,0.998820,0.007179,0.001180,0.118312
19,18,00190,normal,517,1,,0.999059,0.000941,L,0.999059,0.998117,0.010822,0.001883,0.147909
19,18,00190,normal,1226,1,,0.996694,0.003306,L,0.996694,0.993389,0.032001,0.006611,0.117781
19,18,00190,normal,1048,1,,0.997166,0.002834,L,0.997166,0.994331,0.028070,0.005669,0.178433
19,18,00190,normal,652,0,,0.997997,0.002002,L,0.997997,0.995995,0.020836,0.004005,0.043422
19,18,00190,normal,335,0,,0.999903,0.000097,L,0.999903,0.999807,0.001427,0.000193,0.048237
19,18,00190,normal,222,0,,0.999481,0.000519,L,0.999481,0.998963,0.006409,0.001037,0.056735
19,18,00190,normal,1305,0,,0.991460,0.008540,L,0.991460,0.982920,0.070950,0.017080,0.125563
19,18,00190,normal,917,0,,0.999299,0.000701,L,0.999299,0.998598,0.008355,0.001402,0.033311
19,18,00190,normal,816,0,,0.997840,0.002160,L,0.997840,0.995681,0.022236,0.004319,0.055301
19,18,00190,normal,1073,0,,0.998972,0.001028,L,0.998972,0.997943,0.011690,0.002057,0.048843
19,18,00190,normal,32,0,,0.999036,0.000964,L,0.999036,0.998071,0.011053,0.001929,0.067825
19,18,00190,normal,598,0,,0.997927,0.002073,L,0.997927,0.995853,0.021469,0.004147,0.066388
19,18,00190,normal,811,0,,0.996735,0.003265,L,0.996735,0.993470,0.031669,0.006530,0.074057
19,18,00190,normal,1060,0,,0.999138,0.000862,L,0.999138,0.998277,0.010014,0.001723,0.051156
19,18,00190,normal,497,0,,0.996242,0.003758,L,0.996242,0.992485,0.035682,0.007515,0.063987
19,18,00190,normal,1326,0,,0.999269,0.000731,L,0.999269,0.998538,0.008670,0.001462,0.050185
19,18,00190,normal,830,0,,0.999509,0.000491,L,0.999509,0.999018,0.006106,0.000982,0.038126
19,18,00190,normal,180,0,,0.998548,0.001451,L,0.998548,0.997097,0.015778,0.002903,0.084920
19,18,00190,normal,563,0,,0.996351,0.003649,L,0.996351,0.992702,0.034804,0.007298,0.054045
19,18,00190,normal,490,0,,0.995812,0.004188,L,0.995812,0.991624,0.039112,0.008376,0.101220
19,18,00190,normal,1150,0,,0.999197,0.000803,L,0.999197,0.998394,0.009412,0.001606,0.051621
20,18,00525,normal,1008,1,,0.999990,0.000010,L,0.999990,0.999980,0.000182,0.000020,0.352342
20,18,00525,normal,1222,1,,0.996923,0.003077,L,0.996923,0.993845,0.030110,0.006155,0.166264
20,18,00525,normal,1040,1,,1.000000,0.000000,L,1.000000,1.000000,0.000001,0.000000,0.701442
20,18,00525,normal,858,1,,0.999399,0.000601,L,0.999399,0.998798,0.007299,0.001202,0.064151
20,18,00525,normal,1223,1,,0.995756,0.004244,L,0.995756,0.991513,0.039551,0.008487,0.126427
20,18,00525,normal,1098,1,,1.000000,0.000000,L,1.000000,1.000000,0.000000,0.000000,0.893181
20,18,00525,normal,1280,1,,0.995310,0.004690,L,0.995310,0.990621,0.043030,0.009379,0.163675
20,18,00525,normal,1041,1,,1.000000,0.000000,L,1.000000,1.000000,0.000000,0.000000,0.938412
20,18,00525,normal,1278,1,,0.998154,0.001846,L,0.998154,0.996309,0.019421,0.003691,0.158345
20,18,00525,normal,864,1,,0.997731,0.002269,L,0.997731,0.995462,0.023200,0.004538,0.076168
20,18,00525,normal,1011,1,,0.999558,0.000442,L,0.999558,0.999117,0.005559,0.000883,0.259242
20,18,00525,normal,1189,1,,0.999973,0.000027,L,0.999973,0.999947,0.000442,0.000053,0.368286
20,18,00525,normal,865,1,,0.998717,0.001283,L,0.998717,0.997435,0.014171,0.002565,0.059016
20,18,00525,normal,1192,1,,0.996908,0.003092,L,0.996908,0.993817,0.030229,0.006183,0.174184
20,18,00525,normal,1282,1,,0.998006,0.001994,L,0.998006,0.996012,0.020761,0.003988,0.122913
20,18,00525,normal,920,1,,0.998013,0.001987,L,0.998013,0.996026,0.020697,0.003974,0.111343
20,18,00525,normal,952,1,,0.999373,0.000626,L,0.999373,0.998747,0.007570,0.001253,0.210901
20,18,00525,normal,1276,1,,0.997577,0.002423,L,0.997577,0.995153,0.024548,0.004847,0.051763
20,18,00525,normal,1188,1,,0.998905,0.001095,L,0.998905,0.997809,0.012352,0.002191,0.184972
20,18,00525,normal,1132,1,,0.999995,0.000006,L,0.999995,0.999989,0.000104,0.000011,0.453429
20,18,00525,normal,861,1,,0.999107,0.000893,L,0.999107,0.998213,0.010336,0.001787,0.075710
20,18,00525,normal,954,1,,0.998260,0.001740,L,0.998260,0.996521,0.018455,0.003479,0.139777
20,18,00525,normal,1044,1,,0.997390,0.002610,L,0.997390,0.994779,0.026162,0.005221,0.201663
20,18,00525,normal,1187,1,,0.998104,0.001896,L,0.998104,0.996208,0.019880,0.003792,0.147306
20,18,00525,normal,1135,1,,0.998484,0.001516,L,0.998484,0.996968,0.016385,0.003032,0.120524
20,18,00525,normal,1012,1,,0.998613,0.001387,L,0.998613,0.997226,0.015169,0.002774,0.218020
20,18,00525,normal,1279,1,,0.998837,0.001163,L,0.998837,0.997673,0.013017,0.002327,0.168818
20,18,00525,normal,919,1,,0.998460,0.001540,L,0.998460,0.996921,0.016605,0.003079,0.087556
20,18,00525,normal,1096,1,,0.999120,0.000880,L,0.999120,0.998240,0.010200,0.001760,0.066811
20,18,00525,normal,916,1,,0.998484,0.001516,L,0.998484,0.996968,0.016382,0.003032,0.048572
20,18,00525,normal,863,1,,0.996622,0.003378,L,0.996622,0.993245,0.032593,0.006755,0.102278
20,18,00525,normal,1006,1,,0.999073,0.000927,L,0.999073,0.998146,0.010677,0.001854,0.083450
20,18,00525,normal,1133,1,,0.996670,0.003330,L,0.996670,0.993340,0.032204,0.006660,0.215221
20,18,00525,normal,1009,1,,1.000000,0.000000,L,1.000000,1.000000,0.000001,0.000000,0.665828
20,18,00525,normal,1190,1,,0.999763,0.000237,L,0.999763,0.999526,0.003198,0.000474,0.262383
20,18,00525,normal,1043,1,,0.999996,0.000004,L,0.999996,0.999992,0.000074,0.000008,0.496409
20,18,00525,normal,497,0,,0.998317,0.001683,L,0.998317,0.996635,0.017932,0.003365,0.058464
20,18,00525,normal,211,0,,0.996120,0.003880,L,0.996120,0.992240,0.036664,0.007760,0.130437
20,18,00525,normal,812,0,,0.996343,0.003657,L,0.996343,0.992686,0.034872,0.007314,0.116365
20,18,00525,normal,1400,0,,0.997594,0.002406,L,0.997594,0.995188,0.024397,0.004812,0.081007
20,18,00525,normal,1351,0,,0.997082,0.002918,L,0.997082,0.994164,0.028777,0.005836,0.093886
20,18,00525,normal,1431,0,,0.998979,0.001021,L,0.998979,0.997958,0.011618,0.002042,0.062601
20,18,00525,normal,243,0,,0.998573,0.001427,L,0.998573,0.997146,0.015547,0.002854,0.059339
20,18,00525,normal,1075,0,,0.998179,0.001821,L,0.998179,0.996358,0.019197,0.003642,0.060386
20,18,00525,normal,1030,0,,0.996787,0.003213,L,0.996787,0.993575,0.031235,0.006425,0.058832
20,18,00525,normal,1183,0,,0.996434,0.003566,L,0.996434,0.992869,0.034129,0.007131,0.055600
20,18,00525,normal,605,0,,0.998524,0.001476,L,0.998524,0.997049,0.016004,0.002951,0.066510
20,18,00525,normal,779,0,,0.999622,0.000378,L,0.999622,0.999244,0.004843,0.000756,0.031455
20,18,00525,normal,375,0,,0.998562,0.001438,L,0.998562,0.997124,0.015651,0.002876,0.065307
20,18,00525,normal,568,0,,0.998651,0.001349,L,0.998651,0.997302,0.014805,0.002698,0.049529
20,18,00525,normal,788,0,,0.999848,0.000152,L,0.999848,0.999697,0.002142,0.000303,0.040517
20,18,00525,normal,562,0,,0.996592,0.003408,L,0.996592,0.993185,0.032840,0.006815,0.097293
20,18,00525,normal,620,0,,0.999780,0.000220,L,0.999780,0.999561,0.002986,0.000439,0.052520
20,18,00525,normal,1274,0,,0.996787,0.003213,L,0.996787,0.993573,0.031241,0.006427,0.053260
21,19,00289,normal,782,1,,0.993119,0.006881,L,0.993119,0.986238,0.059319,0.013762,0.107097
21,19,00289,normal,1053,1,,0.998909,0.001091,L,0.998909,0.997819,0.012305,0.002181,0.233977
21,19,00289,normal,1308,1,,0.999562,0.000438,L,0.999562,0.999124,0.005517,0.000876,0.127534
21,19,00289,normal,869,1,,0.997741,0.002259,L,0.997741,0.995481,0.023116,0.004519,0.155668
21,19,00289,normal,1305,1,,0.998070,0.001930,L,0.998070,0.996139,0.020189,0.003861,0.145239
21,19,00289,normal,1050,1,,0.996500,0.003500,L,0.996500,0.992999,0.033599,0.007001,0.250293
21,19,00289,normal,1399,1,,0.999050,0.000950,L,0.999050,0.998100,0.010909,0.001900,0.096746
21,19,00289,normal,1306,1,,0.999592,0.000408,L,0.999592,0.999184,0.005182,0.000816,0.167190
21,19,00289,normal,962,1,,0.998871,0.001129,L,0.998871,0.997742,0.012683,0.002258,0.264522
21,19,00289,normal,781,1,,0.996034,0.003966,L,0.996034,0.992069,0.037348,0.007931,0.104449
21,19,00289,normal,868,1,,0.998394,0.001606,L,0.998394,0.996788,0.017221,0.003212,0.125656
21,19,00289,normal,1049,1,,0.993648,0.006352,L,0.993648,0.987296,0.055497,0.012704,0.204801
21,19,00289,normal,1307,1,,0.999619,0.000381,L,0.999619,0.999238,0.004878,0.000762,0.136501
21,19,00289,normal,873,1,,0.996447,0.003553,L,0.996447,0.992894,0.034026,0.007106,0.148456
21,19,00289,normal,958,1,,0.997914,0.002086,L,0.997914,0.995828,0.021583,0.004172,0.150681
21,19,00289,normal,778,1,,0.998765,0.001235,L,0.998765,0.997529,0.013716,0.002471,0.081059
21,19,00289,normal,693,1,,0.998684,0.001316,L,0.998684,0.997368,0.014491,0.002632,0.066675
21,19,00289,normal,692,1,,0.995898,0.004102,L,0.995898,0.991796,0.038432,0.008204,0.068310
21,19,00289,normal,1048,1,,0.995518,0.004482,L,0.995518,0.991037,0.041417,0.008963,0.168406
21,19,00289,normal,1400,1,,0.998401,0.001599,L,0.998401,0.996802,0.017157,0.003198,0.085185
21,19,00289,normal,1051,1,,0.999033,0.000967,L,0.999033,0.998065,0.011081,0.001935,0.259412
21,19,00289,normal,871,1,,0.999948,0.000052,L,0.999948,0.999896,0.000817,0.000104,0.331227
21,19,00289,normal,1219,1,,0.999385,0.000615,L,0.999385,0.998769,0.007451,0.001231,0.119982
21,19,00289,normal,1220,1,,0.999025,0.000975,L,0.999025,0.998050,0.011156,0.001950,0.087142
21,19,00289,normal,1398,1,,0.999596,0.000404,L,0.999596,0.999192,0.005138,0.000808,0.098047
21,19,00289,normal,1139,1,,0.994834,0.005166,L,0.994834,0.989668,0.046678,0.010332,0.175418
21,19,00289,normal,870,1,,0.999778,0.000222,L,0.999778,0.999555,0.003019,0.000445,0.178583
21,19,00289,normal,779,1,,0.997135,0.002865,L,0.997135,0.994270,0.028328,0.005730,0.104086
21,19,00289,normal,1310,1,,0.999019,0.000981,L,0.999019,0.998038,0.011219,0.001962,0.092048
21,19,00289,normal,1217,1,,0.999709,0.000291,L,0.999709,0.999418,0.003839,0.000582,0.135180
21,19,00289,normal,691,1,,0.995777,0.004223,L,0.995777,0.991553,0.039392,0.008447,0.064180
21,19,00289,normal,1309,1,,0.999142,0.000858,L,0.999142,0.998284,0.009977,0.001716,0.109931
21,19,00289,normal,872,1,,0.999130,0.000870,L,0.999130,0.998260,0.010099,0.001740,0.112187
21,19,00289,normal,780,1,,0.995015,0.004985,L,0.995015,0.990031,0.045296,0.009969,0.096165
21,19,00289,normal,1394,1,,0.997904,0.002096,L,0.997904,0.995809,0.021669,0.004191,0.124837
21,19,00289,normal,783,1,,0.997673,0.002327,L,0.997673,0.995347,0.023704,0.004653,0.113629
21,19,00289,normal,760,0,,0.999076,0.000924,L,0.999076,0.998153,0.010642,0.001847,0.058547
21,19,00289,normal,211,0,,0.998575,0.001425,L,0.998575,0.997150,0.015528,0.002850,0.076056
21,19,00289,normal,170,0,,0.999070,0.000930,L,0.999070,0.998140,0.010706,0.001860,0.067454
21,19,00289,normal,733,0,,0.999228,0.000772,L,0.999228,0.998456,0.009095,0.001544,0.056107
21,19,00289,normal,823,0,,0.999030,0.000970,L,0.999030,0.998060,0.011106,0.001940,0.038572
21,19,00289,normal,245,0,,0.998140,0.001860,L,0.998140,0.996280,0.019553,0.003720,0.069127
21,19,00289,normal,514,0,,0.998867,0.001133,L,0.998867,0.997735,0.012718,0.002265,0.065760
21,19,00289,normal,52,0,,0.998277,0.001723,L,0.998277,0.996555,0.018299,0.003445,0.079869
21,19,00289,normal,125,0,,0.999108,0.000892,L,0.999108,0.998216,0.010324,0.001784,0.071876
21,19,00289,normal,1373,0,,0.998755,0.001245,L,0.998755,0.997510,0.013807,0.002490,0.097713
21,19,00289,normal,215,0,,0.998685,0.001315,L,0.998685,0.997369,0.014484,0.002631,0.077213
21,19,00289,normal,1252,0,,0.999326,0.000674,L,0.999326,0.998651,0.008076,0.001349,0.051595
21,19,00289,normal,511,0,,0.998958,0.001042,L,0.998958,0.997916,0.011823,0.002084,0.065896
21,19,00289,normal,1337,0,,0.999032,0.000968,L,0.999032,0.998064,0.011090,0.001936,0.064225
21,19,00289,normal,955,0,,0.998033,0.001967,L,0.998033,0.996067,0.020515,0.003933,0.089720
21,19,00289,normal,365,0,,0.998130,0.001870,L,0.998130,0.996261,0.019639,0.003739,0.083652
21,19,00289,normal,495,0,,0.999452,0.000548,L,0.999452,0.998905,0.006723,0.001095,0.033449
21,19,00289,normal,578,0,,0.998186,0.001814,L,0.998186,0.996373,0.019130,0.003627,0.084221
22,19,00628,normal,934,1,,0.996251,0.003749,L,0.996251,0.992502,0.035615,0.007498,0.162706
22,19,00628,normal,844,1,,0.999998,0.000002,L,0.999998,0.999997,0.000032,0.000003,0.584519
22,19,00628,normal,662,1,,0.998183,0.001817,L,0.998183,0.996365,0.019166,0.003635,0.206206
22,19,00628,normal,846,1,,0.994385,0.005615,L,0.994385,0.988770,0.050058,0.011230,0.208416
22,19,00628,normal,845,1,,0.999596,0.000404,L,0.999596,0.999191,0.005140,0.000809,0.262104
22,19,00628,normal,571,1,,0.998115,0.001885,L,0.998115,0.996230,0.019779,0.003770,0.180707
22,19,00628,normal,847,1,,0.996918,0.003082,L,0.996918,0.993837,0.030146,0.006163,0.122669
22,19,00628,normal,575,1,,0.995249,0.004751,L,0.995249,0.990497,0.043507,0.009503,0.104234
22,19,00628,normal,664,1,,1.000000,0.000000,L,1.000000,1.000000,0.000004,0.000000,0.642140
22,19,00628,normal,842,1,,0.998248,0.001752,L,0.998248,0.996497,0.018565,0.003503,0.208403
22,19,00628,normal,1172,1,,0.995525,0.004475,L,0.995525,0.991049,0.041368,0.008951,0.098664
22,19,00628,normal,666,1,,0.997434,0.002566,L,0.997434,0.994868,0.025782,0.005132,0.181873
22,19,00628,normal,663,1,,0.999949,0.000051,L,0.999949,0.999899,0.000795,0.000101,0.297044
22,19,00628,normal,998,1,,0.999760,0.000240,L,0.999760,0.999520,0.003234,0.000480,0.349511
22,19,00628,normal,754,1,,1.000000,0.000000,L,1.000000,1.000000,0.000000,0.000000,0.999539
22,19,00628,normal,903,1,,0.999381,0.000619,L,0.999381,0.998761,0.007494,0.001239,0.153761
22,19,00628,normal,1174,1,,0.995563,0.004437,L,0.995563,0.991126,0.041068,0.008874,0.180196
22,19,00628,normal,814,1,,0.998529,0.001471,L,0.998529,0.997059,0.015957,0.002941,0.173819
22,19,00628,normal,813,1,,0.997714,0.002286,L,0.997714,0.995427,0.023352,0.004573,0.103889
22,19,00628,normal,904,1,,0.999776,0.000224,L,0.999776,0.999552,0.003038,0.000448,0.250098
22,19,00628,normal,817,1,,0.995732,0.004268,L,0.995732,0.991464,0.039743,0.008536,0.159697
22,19,00628,normal,577,1,,0.996920,0.003080,L,0.996920,0.993840,0.030131,0.006160,0.089905
22,19,00628,normal,1084,1,,0.999087,0.000913,L,0.999087,0.998174,0.010536,0.001826,0.250896
22,19,00628,normal,1086,1,,0.999980,0.000020,L,0.999980,0.999960,0.000339,0.000040,0.465652
22,19,00628,normal,1082,1,,0.998720,0.001280,L,0.998720,0.997441,0.014143,0.002559,0.136002
22,19,00628,normal,816,1,,0.995519,0.004481,L,0.995519,0.991038,0.041410,0.008962,0.195555
22,19,00628,normal,992,1,,0.999432,0.000568,L,0.999432,0.998865,0.006938,0.001135,0.139744
22,19,00628,normal,752,1,,0.999992,0.000008,L,0.999992,0.999983,0.000155,0.000017,0.454334
22,19,00628,normal,1176,1,,0.995330,0.004670,L,0.995330,0.990660,0.042878,0.009340,0.196154
22,19,00628,normal,661,1,,0.999311,0.000689,L,0.999311,0.998621,0.008235,0.001379,0.179338
22,19,00628,normal,843,1,,0.999347,0.000653,L,0.999347,0.998693,0.007856,0.001307,0.244737
22,19,00628,normal,1087,1,,0.999331,0.000669,L,0.999331,0.998663,0.008015,0.001337,0.266283
22,19,00628,normal,932,1,,0.997640,0.002360,L,0.997640,0.995280,0.023997,0.004720,0.141782
22,19,00628,normal,667,1,,0.997197,0.002803,L,0.997197,0.994394,0.027804,0.005606,0.122967
22,19,00628,normal,818,1,,0.997774,0.002226,L,0.997774,0.995548,0.022824,0.004452,0.101717
22,19,00628,normal,935,1,,0.990276,0.009724,L,0.990276,0.980552,0.078957,0.019448,0.139209
22,19,00628,normal,1124,0,,0.999366,0.000634,L,0.999366,0.998731,0.007655,0.001269,0.055793
22,19,00628,normal,1104,0,,0.998124,0.001876,L,0.998124,0.996248,0.019698,0.003752,0.063084
22,19,00628,normal,675,0,,0.996520,0.003480,L,0.996520,0.993041,0.033429,0.006959,0.106950
22,19,00628,normal,262,0,,0.999105,0.000895,L,0.999105,0.998211,0.010350,0.001789,0.091434
22,19,00628,normal,624,0,,0.999490,0.000510,L,0.999490,0.998981,0.006309,0.001019,0.090648
22,19,00628,normal,877,0,,0.998444,0.001556,L,0.998444,0.996888,0.016758,0.003112,0.071673
22,19,00628,normal,1201,0,,0.996627,0.003373,L,0.996627,0.993255,0.032554,0.006745,0.077207
22,19,00628,normal,823,0,,0.996888,0.003112,L,0.996888,0.993776,0.030399,0.006224,0.078003
22,19,00628,normal,951,0,,0.999806,0.000194,L,0.999806,0.999613,0.002669,0.000387,0.036991
22,19,00628,normal,769,0,,0.996814,0.003186,L,0.996814,0.993628,0.031015,0.006372,0.060168
22,19,00628,normal,399,0,,0.998080,0.001920,L,0.998080,0.996160,0.020093,0.003840,0.077266
22,19,00628,normal,425,0,,0.999690,0.000310,L,0.999690,0.999380,0.004061,0.000620,0.041616
22,19,00628,normal,645,0,,0.998828,0.001173,L,0.998828,0.997655,0.013107,0.002345,0.043604
22,19,00628,normal,909,0,,0.997822,0.002178,L,0.997822,0.995644,0.022401,0.004356,0.176482
22,19,00628,normal,952,0,,0.999705,0.000295,L,0.999705,0.999410,0.003885,0.000590,0.033121
22,19,00628,normal,1420,0,,0.999251,0.000749,L,0.999251,0.998502,0.008855,0.001498,0.085719
22,19,00628,normal,1240,0,,0.999466,0.000534,L,0.999466,0.998933,0.006571,0.001067,0.090347
22,19,00628,normal,38,0,,0.999372,0.000628,L,0.999372,0.998743,0.007589,0.001257,0.092306
23,20,00628,normal,513,1,,0.999646,0.000354,L,0.999646,0.999292,0.004569,0.000708,0.114138
23,20,00628,normal,514,1,,0.999142,0.000858,L,0.999142,0.998285,0.009975,0.001715,0.099323
23,20,00628,normal,515,1,,0.999584,0.000417,L,0.999584,0.999167,0.005278,0.000833,0.128440
23,20,00628,normal,516,1,,0.999686,0.000315,L,0.999686,0.999371,0.004113,0.000629,0.105442
23,20,00628,normal,517,1,,0.998377,0.001623,L,0.998377,0.996754,0.017379,0.003246,0.110347
23,20,00628,normal,518,1,,0.997861,0.002139,L,0.997861,0.995721,0.022056,0.004279,0.071126
23,20,00628,normal,519,1,,0.997541,0.002459,L,0.997541,0.995082,0.024859,0.004918,0.063376
23,20,00628,normal,603,1,,0.999658,0.000342,L,0.999658,0.999315,0.004435,0.000685,0.205244
23,20,00628,normal,604,1,,0.999847,0.000153,L,0.999847,0.999695,0.002154,0.000305,0.283275
23,20,00628,normal,605,1,,1.000000,0.000000,L,1.000000,1.000000,0.000002,0.000000,0.837604
23,20,00628,normal,606,1,,1.000000,0.000000,L,1.000000,1.000000,0.000001,0.000000,0.840372
23,20,00628,normal,607,1,,1.000000,0.000000,L,1.000000,0.999999,0.000010,0.000001,0.618515
23,20,00628,normal,608,1,,0.999022,0.000978,L,0.999022,0.998044,0.011189,0.001956,0.160488
23,20,00628,normal,609,1,,0.998903,0.001097,L,0.998903,0.997806,0.012367,0.002194,0.103713
23,20,00628,normal,693,1,,0.998638,0.001362,L,0.998638,0.997276,0.014932,0.002724,0.193983
23,20,00628,normal,694,1,,0.999497,0.000503,L,0.999497,0.998994,0.006237,0.001006,0.241969
23,20,00628,normal,695,1,,0.999999,0.000001,L,0.999999,0.999998,0.000018,0.000002,0.741907
23,20,00628,normal,696,1,,1.000000,0.000000,L,1.000000,1.000000,0.000003,0.000000,0.934905
23,20,00628,normal,697,1,,0.999998,0.000002,L,0.999998,0.999997,0.000033,0.000003,0.765419
23,20,00628,normal,698,1,,0.999270,0.000731,L,0.999270,0.998539,0.008665,0.001461,0.080944
23,20,00628,normal,699,1,,0.998679,0.001321,L,0.998679,0.997358,0.014536,0.002642,0.062705
23,20,00628,normal,783,1,,0.997505,0.002495,L,0.997505,0.995009,0.025171,0.004991,0.162999
23,20,00628,normal,784,1,,0.996968,0.003032,L,0.996968,0.993937,0.029729,0.006063,0.175568
23,20,00628,normal,785,1,,0.999617,0.000383,L,0.999617,0.999234,0.004898,0.000766,0.181547
23,20,00628,normal,786,1,,0.999277,0.000723,L,0.999277,0.998553,0.008591,0.001447,0.166752
23,20,00628,normal,787,1,,0.998128,0.001871,L,0.998128,0.996257,0.019656,0.003743,0.113652
23,20,00628,normal,788,1,,0.999112,0.000888,L,0.999112,0.998224,0.010281,0.001776,0.063443
23,20,00628,normal,789,1,,0.997796,0.002204,L,0.997796,0.995593,0.022624,0.004407,0.082578
23,20,00628,normal,1427,0,,0.999034,0.000966,L,0.999034,0.998068,0.011067,0.001932,0.062602
23,20,00628,normal,476,0,,0.998818,0.001182,L,0.998818,0.997637,0.013195,0.002363,0.097433
23,20,00628,normal,309,0,,0.999719,0.000281,L,0.999719,0.999437,0.003723,0.000563,0.067545
23,20,00628,normal,545,0,,0.996710,0.003290,L,0.996710,0.993419,0.031875,0.006581,0.047765
23,20,00628,normal,231,0,,0.999014,0.000986,L,0.999014,0.998028,0.011267,0.001972,0.137862
23,20,00628,normal,1353,0,,0.998719,0.001282,L,0.998719,0.997437,0.014160,0.002563,0.105271
23,20,00628,normal,212,0,,0.998580,0.001420,L,0.998580,0.997160,0.015481,0.002840,0.089785
23,20,00628,normal,907,0,,0.998271,0.001729,L,0.998271,0.996541,0.018361,0.003459,0.062153
23,20,00628,normal,624,0,,0.999710,0.000290,L,0.999710,0.999419,0.003829,0.000581,0.051712
23,20,00628,normal,247,0,,0.998986,0.001014,L,0.998986,0.997972,0.011545,0.002028,0.087939
23,20,00628,normal,1376,0,,0.999836,0.000164,L,0.999836,0.999673,0.002295,0.000327,0.069338
23,20,00628,normal,921,0,,0.999439,0.000561,L,0.999439,0.998879,0.006863,0.001121,0.035497
23,20,00628,normal,94,0,,0.998933,0.001067,L,0.998933,0.997866,0.012071,0.002134,0.096854
23,20,00628,normal,1256,0,,0.999245,0.000755,L,0.999245,0.998490,0.008918,0.001510,0.039695
23,20,00628,normal,680,0,,0.997978,0.002022,L,0.997978,0.995956,0.021012,0.004044,0.063620
23,20,00628,normal,508,0,,0.999548,0.000452,L,0.999548,0.999096,0.005675,0.000904,0.073932
23,20,00628,normal,988,0,,0.999033,0.000967,L,0.999033,0.998067,0.011074,0.001933,0.060964
23,20,00628,normal,1255,0,,0.999210,0.000790,L,0.999210,0.998420,0.009281,0.001580,0.041233
24,13,00096,overcast,853,1,,1.000000,0.000000,L,1.000000,1.000000,0.000000,0.000000,0.834635
24,13,00096,overcast,612,1,,0.999984,0.000016,L,0.999984,0.999968,0.000282,0.000032,0.341456
24,13,00096,overcast,1122,1,,0.997848,0.002152,L,0.997848,0.995697,0.022166,0.004303,0.194004
24,13,00096,overcast,671,1,,0.997635,0.002365,L,0.997635,0.995269,0.024043,0.004731,0.090644
24,13,00096,overcast,700,1,,0.998926,0.001073,L,0.998926,0.997853,0.012136,0.002147,0.071256
24,13,00096,overcast,1391,1,,0.998984,0.001016,L,0.998984,0.997968,0.011568,0.002032,0.110712
24,13,00096,overcast,1124,1,,0.998037,0.001963,L,0.998037,0.996074,0.020480,0.003926,0.194510
24,13,00096,overcast,674,1,,0.996198,0.003802,L,0.996198,0.992397,0.036036,0.007603,0.071136
24,13,00096,overcast,941,1,,0.998581,0.001419,L,0.998581,0.997162,0.015472,0.002838,0.190593
24,13,00096,overcast,1394,1,,0.997660,0.002340,L,0.997660,0.995320,0.023823,0.004680,0.200067
24,13,00096,overcast,430,1,,0.999453,0.000547,L,0.999453,0.998906,0.006717,0.001094,0.113098
24,13,00096,overcast,939,1,,0.999877,0.000123,L,0.999877,0.999754,0.001776,0.000246,0.119958
24,13,00096,overcast,1432,1,,0.999858,0.000142,L,0.999858,0.999716,0.002021,0.000284,0.065489
24,13,00096,overcast,344,1,,0.998683,0.001317,L,0.998683,0.997365,0.014503,0.002635,0.101495
24,13,00096,overcast,1127,1,,0.998114,0.001887,L,0.998114,0.996227,0.019792,0.003773,0.131531
24,13,00096,overcast,855,1,,0.998143,0.001857,L,0.998143,0.996287,0.019522,0.003713,0.075641
24,13,00096,overcast,1434,1,,0.998663,0.001337,L,0.998663,0.997326,0.014691,0.002674,0.077045
24,13,00096,overcast,1034,1,,0.996286,0.003714,L,0.996286,0.992572,0.035329,0.007428,0.120678
24,13,00096,overcast,343,1,,0.999680,0.000320,L,0.999680,0.999361,0.004173,0.000639,0.074313
24,13,00096,overcast,611,1,,0.999884,0.000116,L,0.999884,0.999769,0.001677,0.000231,0.193815
24,13,00096,overcast,1302,1,,1.000000,0.000000,L,1.000000,0.999999,0.000007,0.000001,0.579316
24,13,00096,overcast,1340,1,,1.000000,0.000000,L,1.000000,1.000000,0.000001,0.000000,0.365629
24,13,00096,overcast,1428,1,,0.999988,0.000012,L,0.999988,0.999977,0.000208,0.000023,0.126450
24,13,00096,overcast,672,1,,0.997536,0.002464,L,0.997536,0.995072,0.024902,0.004928,0.096034
24,13,00096,overcast,1249,1,,0.999945,0.000055,L,0.999945,0.999889,0.000863,0.000111,0.099445
24,13,00096,overcast,704,1,,0.998733,0.001267,L,0.998733,0.997467,0.014017,0.002533,0.108114
24,13,00096,overcast,1395,1,,0.995950,0.004050,L,0.995950,0.991900,0.038019,0.008100,0.165107
24,13,00096,overcast,1431,1,,1.000000,0.000000,L,1.000000,1.000000,0.000002,0.000000,0.200104
24,13,00096,overcast,940,1,,0.998915,0.001085,L,0.998915,0.997831,0.012245,0.002169,0.147425
24,13,00096,overcast,341,1,,0.999937,0.000063,L,0.999937,0.999873,0.000974,0.000127,0.056122
24,13,00096,overcast,522,1,,1.000000,0.000000,L,1.000000,1.000000,0.000001,0.000000,0.671392
24,13,00096,overcast,673,1,,0.997302,0.002698,L,0.997302,0.994604,0.026913,0.005396,0.081241
24,13,00096,overcast,525,1,,0.999930,0.000070,L,0.999930,0.999860,0.001070,0.000140,0.234449
24,13,00096,overcast,1337,1,,0.999735,0.000265,L,0.999735,0.999470,0.003531,0.000530,0.145957
24,13,00096,overcast,614,1,,0.998958,0.001042,L,0.998958,0.997916,0.011822,0.002084,0.187760
24,13,00096,overcast,1250,1,,0.999470,0.000530,L,0.999470,0.998939,0.006535,0.001061,0.074368
24,13,00096,overcast,1044,0,,0.995065,0.004935,L,0.995065,0.990129,0.044920,0.009871,0.091100
24,13,00096,overcast,1073,0,,0.997796,0.002204,L,0.997796,0.995592,0.022627,0.004408,0.062888
24,13,00096,overcast,984,0,,0.998369,0.001631,L,0.998369,0.996737,0.017457,0.003263,0.054964
24,13,00096,overcast,626,0,,0.999338,0.000662,L,0.999338,0.998676,0.007945,0.001324,0.037690
24,13,00096,overcast,1111,0,,0.997203,0.002797,L,0.997203,0.994406,0.027752,0.005594,0.112524
24,13,00096,overcast,1064,0,,0.999571,0.000429,L,0.999571,0.999142,0.005417,0.000858,0.035004
24,13,00096,overcast,245,0,,0.999695,0.000305,L,0.999695,0.999390,0.004003,0.000610,0.052197
24,13,00096,overcast,744,0,,0.999646,0.000354,L,0.999646,0.999292,0.004568,0.000708,0.169655
24,13,00096,overcast,766,0,,0.998115,0.001885,L,0.998115,0.996229,0.019782,0.003771,0.083812
24,13,00096,overcast,382,0,,0.999146,0.000854,L,0.999146,0.998293,0.009932,0.001707,0.137056
24,13,00096,overcast,58,0,,0.999555,0.000445,L,0.999555,0.999111,0.005592,0.000889,0.070648
24,13,00096,overcast,622,0,,0.999389,0.000611,L,0.999389,0.998778,0.007403,0.001222,0.040435
24,13,00096,overcast,1353,0,,0.998058,0.001942,L,0.998058,0.996116,0.020294,0.003884,0.098315
24,13,00096,overcast,789,0,,0.998187,0.001813,L,0.998187,0.996374,0.019124,0.003626,0.070412
24,13,00096,overcast,210,0,,0.999243,0.000757,L,0.999243,0.998485,0.008945,0.001515,0.070719
24,13,00096,overcast,283,0,,0.998307,0.001693,L,0.998307,0.996614,0.018027,0.003386,0.080537
24,13,00096,overcast,733,0,,0.998688,0.001312,L,0.998688,0.997377,0.014450,0.002623,0.102979
24,13,00096,overcast,1208,0,,0.999765,0.000235,L,0.999765,0.999530,0.003172,0.000470,0.087997
25,13,00113,overcast,850,1,,0.998384,0.001616,L,0.998384,0.996769,0.017311,0.003231,0.091041
25,13,00113,overcast,576,1,,0.998318,0.001682,L,0.998318,0.996636,0.017925,0.003364,0.131578
25,13,00113,overcast,669,1,,0.999965,0.000035,L,0.999965,0.999930,0.000569,0.000070,0.186260
25,13,00113,overcast,266,1,,0.999791,0.000209,L,0.999791,0.999583,0.002853,0.000417,0.083059
25,13,00113,overcast,847,1,,0.998570,0.001430,L,0.998570,0.997140,0.015577,0.002860,0.254430
25,13,00113,overcast,1227,1,,0.998945,0.001055,L,0.998945,0.997890,0.011953,0.002110,0.106947
25,13,00113,overcast,575,1,,0.998709,0.001291,L,0.998709,0.997417,0.014255,0.002583,0.097776
25,13,00113,overcast,1135,1,,0.999534,0.000466,L,0.999534,0.999068,0.005829,0.000932,0.209373
25,13,00113,overcast,1226,1,,0.998658,0.001342,L,0.998658,0.997317,0.014736,0.002683,0.209932
25,13,00113,overcast,1313,1,,0.999996,0.000004,L,0.999996,0.999991,0.000084,0.000009,0.458706
25,13,00113,overcast,627,1,,0.998520,0.001480,L,0.998520,0.997040,0.016048,0.002960,0.061696
25,13,00113,overcast,578,1,,0.996830,0.003170,L,0.996830,0.993660,0.030883,0.006340,0.111744
25,13,00113,overcast,534,1,,0.999904,0.000096,L,0.999904,0.999808,0.001420,0.000192,0.078611
25,13,00113,overcast,845,1,,0.999008,0.000992,L,0.999008,0.998016,0.011328,0.001984,0.203808
25,13,00113,overcast,940,1,,0.997451,0.002549,L,0.997451,0.994902,0.025635,0.005098,0.082428
25,13,00113,overcast,448,1,,0.999877,0.000123,L,0.999877,0.999754,0.001772,0.000246,0.082205
25,13,00113,overcast,938,1,,0.993519,0.006481,L,0.993519,0.987037,0.056437,0.012963,0.157938
25,13,00113,overcast,628,1,,0.999469,0.000531,L,0.999469,0.998938,0.006545,0.001062,0.050686
25,13,00113,overcast,758,1,,1.000000,0.000000,L,1.000000,1.000000,0.000001,0.000000,0.914205
25,13,00113,overcast,1046,1,,0.999011,0.000989,L,0.999011,0.998022,0.011297,0.001978,0.068447
25,13,00113,overcast,580,1,,0.998871,0.001129,L,0.998871,0.997742,0.012684,0.002258,0.072705
25,13,00113,overcast,1401,1,,0.996716,0.003284,L,0.996716,0.993432,0.031826,0.006568,0.138019
25,13,00113,overcast,1310,1,,0.999965,0.000035,L,0.999965,0.999930,0.000570,0.000070,0.118437
25,13,00113,overcast,355,1,,0.999936,0.000064,L,0.999936,0.999872,0.000983,0.000128,0.067167
25,13,00113,overcast,755,1,,0.999774,0.000226,L,0.999774,0.999547,0.003068,0.000453,0.269223
25,13,00113,overcast,1043,1,,0.999295,0.000704,L,0.999295,0.998591,0.008393,0.001409,0.085492
25,13,00113,overcast,354,1,,0.999871,0.000129,L,0.999871,0.999741,0.001858,0.000259,0.072424
25,13,00113,overcast,357,1,,0.999637,0.000363,L,0.999637,0.999274,0.004675,0.000726,0.067460
25,13,00113,overcast,1223,1,,1.000000,0.000000,L,1.000000,1.000000,0.000000,0.000000,0.789500
25,13,00113,overcast,667,1,,1.000000,0.000000,L,1.000000,1.000000,0.000000,0.000000,0.819469
25,13,00113,overcast,1400,1,,0.998238,0.001762,L,0.998238,0.996475,0.018663,0.003525,0.107935
25,13,00113,overcast,533,1,,0.998514,0.001486,L,0.998514,0.997028,0.016101,0.002972,0.073334
25,13,00113,overcast,1041,1,,0.998700,0.001300,L,0.998700,0.997400,0.014337,0.002600,0.069862
25,13,00113,overcast,574,1,,0.999337,0.000663,L,0.999337,0.998675,0.007953,0.001325,0.086007
25,13,00113,overcast,624,1,,0.998571,0.001429,L,0.998571,0.997143,0.015563,0.002857,0.099857
25,13,00113,overcast,1315,1,,0.999874,0.000126,L,0.999874,0.999748,0.001817,0.000252,0.291550
25,13,00113,overcast,9,0,,0.997520,0.002480,L,0.997520,0.995040,0.025040,0.004960,0.098433
25,13,00113,overcast,1210,0,,0.997942,0.002058,L,0.997942,0.995884,0.021334,0.004116,0.060784
25,13,00113,overcast,400,0,,0.997996,0.002004,L,0.997996,0.995991,0.020853,0.004009,0.083170
25,13,00113,overcast,1116,0,,0.998070,0.001930,L,0.998070,0.996141,0.020182,0.003859,0.108436
25,13,00113,overcast,662,0,,0.999326,0.000674,L,0.999326,0.998652,0.008071,0.001348,0.084095
25,13,00113,overcast,832,0,,0.999495,0.000505,L,0.999495,0.998989,0.006263,0.001011,0.066696
25,13,00113,overcast,1163,0,,0.999218,0.000782,L,0.999218,0.998436,0.009198,0.001564,0.071420
25,13,00113,overcast,398,0,,0.998348,0.001653,L,0.998348,0.996695,0.017653,0.003305,0.062717
25,13,00113,overcast,969,0,,0.998800,0.001200,L,0.998800,0.997599,0.013376,0.002401,0.056926
25,13,00113,overcast,1269,0,,0.998748,0.001252,L,0.998748,0.997496,0.013875,0.002504,0.088428
25,13,00113,overcast,126,0,,0.998696,0.001304,L,0.998696,0.997392,0.014375,0.002608,0.064744
25,13,00113,overcast,607,0,,0.999352,0.000648,L,0.999352,0.998705,0.007793,0.001295,0.044741
25,13,00113,overcast,1068,0,,0.996159,0.003841,L,0.996159,0.992318,0.036350,0.007682,0.128590
25,13,00113,overcast,647,0,,0.999709,0.000291,L,0.999709,0.999418,0.003840,0.000582,0.036706
25,13,00113,overcast,923,0,,0.999584,0.000416,L,0.999584,0.999169,0.005267,0.000831,0.035035
25,13,00113,overcast,331,0,,0.999751,0.000249,L,0.999751,0.999502,0.003338,0.000498,0.034908
25,13,00113,overcast,1079,0,,0.999555,0.000445,L,0.999555,0.999111,0.005593,0.000889,0.076213
25,13,00113,overcast,69,0,,0.999734,0.000266,L,0.999734,0.999467,0.003547,0.000533,0.056389
26,13,00129,overcast,1054,1,,1.000000,0.000000,L,1.000000,1.000000,0.000000,0.000000,0.551963
26,13,00129,overcast,965,1,,0.999084,0.000916,L,0.999084,0.998167,0.010569,0.001833,0.209044
26,13,00129,overcast,1148,1,,0.997115,0.002885,L,0.997115,0.994231,0.028495,0.005769,0.074871
26,13,00129,overcast,1142,1,,0.998526,0.001474,L,0.998526,0.997051,0.015993,0.002949,0.128636
26,13,00129,overcast,1058,1,,0.998555,0.001445,L,0.998555,0.997111,0.015712,0.002889,0.071175
26,13,00129,overcast,872,1,,0.998587,0.001413,L,0.998587,0.997173,0.015417,0.002827,0.051481
26,13,00129,overcast,1237,1,,0.998198,0.001802,L,0.998198,0.996395,0.019029,0.003605,0.072563
26,13,00129,overcast,660,1,,0.999445,0.000555,L,0.999445,0.998889,0.006807,0.001111,0.203790
26,13,00129,overcast,755,1,,0.996482,0.003518,L,0.996482,0.992964,0.033740,0.007036,0.092435
26,13,00129,overcast,1236,1,,0.996756,0.003244,L,0.996756,0.993512,0.031496,0.006488,0.085712
26,13,00129,overcast,873,1,,0.999243,0.000757,L,0.999243,0.998486,0.008938,0.001514,0.054517
26,13,00129,overcast,1327,1,,0.999611,0.000389,L,0.999611,0.999223,0.004963,0.000777,0.070725
26,13,00129,overcast,576,1,,0.999171,0.000829,L,0.999171,0.998342,0.009683,0.001658,0.053078
26,13,00129,overcast,964,1,,0.997636,0.002364,L,0.997636,0.995273,0.024028,0.004727,0.148672
26,13,00129,overcast,845,1,,0.995486,0.004513,L,0.995486,0.990973,0.041664,0.009027,0.065937
26,13,00129,overcast,1235,1,,0.997632,0.002368,L,0.997632,0.995264,0.024068,0.004736,0.105205
26,13,00129,overcast,875,1,,0.997226,0.002774,L,0.997226,0.994451,0.027561,0.005549,0.150479
26,13,00129,overcast,666,1,,0.999062,0.000938,L,0.999062,0.998124,0.010788,0.001876,0.055956
26,13,00129,overcast,840,1,,0.999281,0.000719,L,0.999281,0.998562,0.008542,0.001438,0.181030
26,13,00129,overcast,482,1,,0.997474,0.002526,L,0.997474,0.994949,0.025434,0.005051,0.090915
26,13,00129,overcast,968,1,,0.998079,0.001921,L,0.998079,0.996158,0.020103,0.003842,0.108520
26,13,00129,overcast,575,1,,0.997007,0.002993,L,0.997007,0.994014,0.029406,0.005986,0.091971
26,13,00129,overcast,486,1,,0.999694,0.000306,L,0.999694,0.999388,0.004011,0.000612,0.044625
26,13,00129,overcast,480,1,,0.998629,0.001371,L,0.998629,0.997258,0.015015,0.002742,0.082669
26,13,00129,overcast,481,1,,0.997776,0.002224,L,0.997776,0.995552,0.022802,0.004448,0.095531
26,13,00129,overcast,1326,1,,0.999048,0.000952,L,0.999048,0.998096,0.010929,0.001904,0.077158
26,13,00129,overcast,665,1,,0.997632,0.002368,L,0.997632,0.995263,0.024069,0.004737,0.098399
26,13,00129,overcast,1144,1,,1.000000,0.000000,L,1.000000,1.000000,0.000000,0.000000,0.568995
26,13,00129,overcast,754,1,,0.997280,0.002720,L,0.997280,0.994560,0.027097,0.005440,0.149655
26,13,00129,overcast,967,1,,0.999064,0.000936,L,0.999064,0.998128,0.010766,0.001872,0.166103
26,13,00129,overcast,1143,1,,0.999993,0.000007,L,0.999993,0.999987,0.000123,0.000013,0.188280
26,13,00129,overcast,1057,1,,0.999742,0.000258,L,0.999742,0.999484,0.003444,0.000516,0.157344
26,13,00129,overcast,874,1,,0.998536,0.001464,L,0.998536,0.997072,0.015897,0.002928,0.098629
26,13,00129,overcast,1055,1,,1.000000,0.000000,L,1.000000,1.000000,0.000001,0.000000,0.567182
26,13,00129,overcast,749,1,,0.999965,0.000035,L,0.999965,0.999930,0.000568,0.000070,0.206092
26,13,00129,overcast,569,1,,0.999872,0.000128,L,0.999872,0.999744,0.001838,0.000256,0.192270
26,13,00129,overcast,496,0,,0.996972,0.003028,L,0.996972,0.993945,0.029695,0.006055,0.048484
26,13,00129,overcast,165,0,,0.999658,0.000342,L,0.999658,0.999316,0.004431,0.000684,0.043120
26,13,00129,overcast,707,0,,0.999704,0.000296,L,0.999704,0.999407,0.003901,0.000593,0.089682
26,13,00129,overcast,512,0,,0.999329,0.000671,L,0.999329,0.998659,0.008036,0.001341,0.034620
26,13,00129,overcast,908,0,,0.997426,0.002574,L,0.997426,0.994852,0.025850,0.005148,0.092330
26,13,00129,overcast,651,0,,0.999555,0.000445,L,0.999555,0.999110,0.005597,0.000890,0.033342
26,13,00129,overcast,66,0,,0.999763,0.000237,L,0.999763,0.999526,0.003193,0.000474,0.053324
26,13,00129,overcast,1395,0,,0.998437,0.001563,L,0.998437,0.996874,0.016825,0.003126,0.079779
26,13,00129,overcast,615,0,,0.999770,0.000230,L,0.999770,0.999540,0.003111,0.000460,0.055962
26,13,00129,overcast,289,0,,0.999115,0.000885,L,0.999115,0.998229,0.010255,0.001771,0.053679
26,13,00129,overcast,342,0,,0.999662,0.000338,L,0.999662,0.999325,0.004382,0.000675,0.033246
26,13,00129,overcast,62,0,,0.999833,0.000167,L,0.999833,0.999666,0.002334,0.000334,0.059666
26,13,00129,overcast,1196,0,,0.998776,0.001224,L,0.998776,0.997552,0.013608,0.002448,0.060568
26,13,00129,overcast,387,0,,0.999023,0.000977,L,0.999023,0.998047,0.011174,0.001953,0.075366
26,13,00129,overcast,477,0,,0.999473,0.000527,L,0.999473,0.998946,0.006502,0.001054,0.080943
26,13,00129,overcast,959,0,,0.998206,0.001794,L,0.998206,0.996412,0.018954,0.003588,0.068922
26,13,00129,overcast,235,0,,0.998925,0.001075,L,0.998925,0.997850,0.012152,0.002150,0.055267
26,13,00129,overcast,798,0,,0.997495,0.002505,L,0.997495,0.994990,0.025255,0.005010,0.128783
27,13,00146,overcast,388,1,,1.000000,0.000000,L,1.000000,1.000000,0.000001,0.000000,0.752085
27,13,00146,overcast,565,1,,0.999634,0.000366,L,0.999634,0.999267,0.004712,0.000733,0.196219
27,13,00146,overcast,475,1,,0.999813,0.000187,L,0.999813,0.999625,0.002591,0.000375,0.247790
27,13,00146,overcast,391,1,,0.998988,0.001012,L,0.998988,0.997976,0.011526,0.002024,0.098586
27,13,00146,overcast,480,1,,0.998748,0.001252,L,0.998748,0.997497,0.013872,0.002503,0.094738
27,13,00146,overcast,885,1,,1.000000,0.000000,L,1.000000,1.000000,0.000001,0.000000,0.802946
27,13,00146,overcast,477,1,,1.000000,0.000000,L,1.000000,1.000000,0.000000,0.000000,0.960726
27,13,00146,overcast,476,1,,0.999999,0.000001,L,0.999999,0.999999,0.000015,0.000001,0.698474
27,13,00146,overcast,795,1,,1.000000,0.000000,L,1.000000,1.000000,0.000001,0.000000,0.683598
27,13,00146,overcast,706,1,,0.999361,0.000639,L,0.999361,0.998723,0.007697,0.001277,0.090121
27,13,00146,overcast,977,1,,0.997828,0.002172,L,0.997828,0.995657,0.022342,0.004343,0.116300
27,13,00146,overcast,702,1,,0.999749,0.000251,L,0.999749,0.999498,0.003362,0.000502,0.088159
27,13,00146,overcast,386,1,,1.000000,0.000000,L,1.000000,1.000000,0.000004,0.000000,0.646250
27,13,00146,overcast,389,1,,0.999991,0.000009,L,0.999991,0.999982,0.000165,0.000018,0.336562
27,13,00146,overcast,976,1,,0.998454,0.001546,L,0.998454,0.996908,0.016665,0.003092,0.171388
27,13,00146,overcast,974,1,,0.998228,0.001772,L,0.998228,0.996457,0.018747,0.003543,0.146562
27,13,00146,overcast,797,1,,0.999707,0.000293,L,0.999707,0.999415,0.003859,0.000585,0.219939
27,13,00146,overcast,567,1,,0.997503,0.002497,L,0.997503,0.995005,0.025189,0.004995,0.180841
27,13,00146,overcast,975,1,,0.999396,0.000604,L,0.999396,0.998792,0.007327,0.001208,0.144722
27,13,00146,overcast,705,1,,0.999818,0.000182,L,0.999818,0.999636,0.002524,0.000364,0.094846
27,13,00146,overcast,384,1,,0.999798,0.000202,L,0.999798,0.999596,0.002771,0.000404,0.163590
27,13,00146,overcast,972,1,,0.998213,0.001787,L,0.998213,0.996426,0.018888,0.003574,0.133107
27,13,00146,overcast,796,1,,1.000000,0.000000,L,1.000000,1.000000,0.000002,0.000000,0.628161
27,13,00146,overcast,295,1,,0.998272,0.001728,L,0.998272,0.996544,0.018349,0.003456,0.104539
27,13,00146,overcast,798,1,,0.999580,0.000420,L,0.999580,0.999161,0.005312,0.000839,0.094980
27,13,00146,overcast,566,1,,0.997670,0.002330,L,0.997670,0.995340,0.023736,0.004660,0.187171
27,13,00146,overcast,385,1,,0.999359,0.000641,L,0.999359,0.998717,0.007728,0.001283,0.196934
27,13,00146,overcast,703,1,,0.999706,0.000294,L,0.999706,0.999412,0.003871,0.000588,0.084584
27,13,00146,overcast,210,1,,0.998790,0.001210,L,0.998790,0.997580,0.013472,0.002420,0.096641
27,13,00146,overcast,478,1,,1.000000,0.000000,L,1.000000,1.000000,0.000000,0.000000,0.857818
27,13,00146,overcast,568,1,,0.996640,0.003360,L,0.996640,0.993280,0.032449,0.006720,0.174404
27,13,00146,overcast,298,1,,0.998626,0.001374,L,0.998626,0.997252,0.015046,0.002748,0.109621
27,13,00146,overcast,886,1,,1.000000,0.000000,L,1.000000,1.000000,0.000002,0.000000,0.722062
27,13,00146,overcast,792,1,,0.999740,0.000260,L,0.999740,0.999481,0.003468,0.000519,0.134724
27,13,00146,overcast,884,1,,1.000000,0.000000,L,1.000000,1.000000,0.000003,0.000000,0.627385
27,13,00146,overcast,882,1,,0.999765,0.000235,L,0.999765,0.999530,0.003174,0.000470,0.137290
27,13,00146,overcast,1007,0,,0.999108,0.000892,L,0.999108,0.998216,0.010321,0.001784,0.038314
27,13,00146,overcast,1377,0,,0.998026,0.001974,L,0.998026,0.996053,0.020577,0.003947,0.069611
27,13,00146,overcast,1182,0,,0.998119,0.001881,L,0.998119,0.996237,0.019747,0.003763,0.104870
27,13,00146,overcast,713,0,,0.999337,0.000663,L,0.999337,0.998673,0.007959,0.001327,0.032088
27,13,00146,overcast,712,0,,0.999440,0.000560,L,0.999440,0.998880,0.006854,0.001120,0.036081
27,13,00146,overcast,44,0,,0.999887,0.000113,L,0.999887,0.999774,0.001648,0.000226,0.051953
27,13,00146,overcast,1275,0,,0.998338,0.001661,L,0.998338,0.996677,0.017736,0.003323,0.121248
27,13,00146,overcast,485,0,,0.998917,0.001083,L,0.998917,0.997833,0.012235,0.002167,0.061322
27,13,00146,overcast,1214,0,,0.998654,0.001346,L,0.998654,0.997308,0.014780,0.002692,0.062953
27,13,00146,overcast,542,0,,0.999144,0.000856,L,0.999144,0.998288,0.009956,0.001712,0.049990
27,13,00146,overcast,173,0,,0.999695,0.000305,L,0.999695,0.999390,0.004005,0.000610,0.063990
27,13,00146,overcast,824,0,,0.997948,0.002052,L,0.997948,0.995896,0.021279,0.004104,0.075370
27,13,00146,overcast,160,0,,0.999590,0.000410,L,0.999590,0.999179,0.005210,0.000821,0.050566
27,13,00146,overcast,1189,0,,0.999249,0.000751,L,0.999249,0.998499,0.008873,0.001501,0.046768
27,13,00146,overcast,1127,0,,0.998591,0.001409,L,0.998591,0.997183,0.015373,0.002817,0.069387
27,13,00146,overcast,203,0,,0.998664,0.001336,L,0.998664,0.997327,0.014685,0.002673,0.066120
27,13,00146,overcast,983,0,,0.999076,0.000924,L,0.999076,0.998151,0.010651,0.001849,0.043187
27,13,00146,overcast,572,0,,0.999381,0.000619,L,0.999381,0.998762,0.007489,0.001238,0.088888
28,13,00250,overcast,1254,1,,0.999396,0.000604,L,0.999396,0.998793,0.007325,0.001207,0.038282
28,13,00250,overcast,1255,1,,0.999564,0.000436,L,0.999564,0.999128,0.005495,0.000872,0.047067
28,13,00250,overcast,1256,1,,0.999567,0.000433,L,0.999567,0.999134,0.005464,0.000866,0.048596
28,13,00250,overcast,1257,1,,0.999547,0.000453,L,0.999547,0.999094,0.005687,0.000906,0.056761
28,13,00250,overcast,1344,1,,0.999769,0.000231,L,0.999769,0.999539,0.003119,0.000461,0.064710
28,13,00250,overcast,1345,1,,0.999951,0.000049,L,0.999951,0.999901,0.000777,0.000099,0.068705
28,13,00250,overcast,1346,1,,0.999956,0.000044,L,0.999956,0.999912,0.000700,0.000088,0.063881
28,13,00250,overcast,1347,1,,0.999943,0.000057,L,0.999943,0.999886,0.000888,0.000114,0.059764
28,13,00250,overcast,1348,1,,0.999777,0.000223,L,0.999777,0.999554,0.003029,0.000446,0.066558
28,13,00250,overcast,1349,1,,0.999356,0.000644,L,0.999356,0.998712,0.007754,0.001288,0.071529
28,13,00250,overcast,1434,1,,0.999875,0.000125,L,0.999875,0.999751,0.001797,0.000249,0.079468
28,13,00250,overcast,1435,1,,0.999971,0.000029,L,0.999971,0.999943,0.000475,0.000057,0.077513
28,13,00250,overcast,1436,1,,0.999970,0.000030,L,0.999970,0.999940,0.000493,0.000060,0.080564
28,13,00250,overcast,1437,1,,0.999941,0.000059,L,0.999941,0.999882,0.000914,0.000118,0.070720
28,13,00250,overcast,1438,1,,0.999416,0.000584,L,0.999416,0.998831,0.007121,0.001169,0.075131
28,13,00250,overcast,1439,1,,0.998642,0.001358,L,0.998642,0.997283,0.014896,0.002717,0.073975
28,13,00250,overcast,1055,0,,0.998550,0.001450,L,0.998550,0.997100,0.015765,0.002900,0.056774
28,13,00250,overcast,1067,0,,0.999184,0.000816,L,0.999184,0.998368,0.009548,0.001632,0.041214
28,13,00250,overcast,569,0,,0.998687,0.001313,L,0.998687,0.997374,0.014464,0.002626,0.048595
28,13,00250,overcast,616,0,,0.999658,0.000342,L,0.999658,0.999316,0.004430,0.000684,0.039736
28,13,00250,overcast,1371,0,,0.997780,0.002220,L,0.997780,0.995559,0.022772,0.004441,0.064620
28,13,00250,overcast,343,0,,0.999846,0.000154,L,0.999846,0.999692,0.002174,0.000308,0.037143
28,13,00250,overcast,528,0,,0.999738,0.000262,L,0.999738,0.999476,0.003496,0.000524,0.038140
28,13,00250,overcast,586,0,,0.998422,0.001578,L,0.998422,0.996845,0.016959,0.003155,0.047065
28,13,00250,overcast,533,0,,0.999472,0.000528,L,0.999472,0.998944,0.006509,0.001056,0.041000
28,13,00250,overcast,508,0,,0.999953,0.000047,L,0.999953,0.999906,0.000742,0.000094,0.040527
28,13,00250,overcast,298,0,,0.998919,0.001081,L,0.998919,0.997838,0.012212,0.002162,0.067500
28,13,00250,overcast,1288,0,,0.997107,0.002893,L,0.997107,0.994215,0.028561,0.005785,0.066679
28,13,00250,overcast,155,0,,0.999082,0.000918,L,0.999082,0.998164,0.010585,0.001836,0.057743
28,13,00250,overcast,567,0,,0.998855,0.001145,L,0.998855,0.997709,0.012843,0.002291,0.051905
28,13,00250,overcast,43,0,,0.999139,0.000861,L,0.999139,0.998278,0.010010,0.001722,0.072113
28,13,00250,overcast,390,0,,0.999174,0.000826,L,0.999174,0.998347,0.009655,0.001653,0.044664
28,13,00250,overcast,94,0,,0.997806,0.002194,L,0.997806,0.995613,0.022537,0.004387,0.098393
28,13,00250,overcast,393,0,,0.995874,0.004126,L,0.995874,0.991749,0.038619,0.008251,0.068226
29,22,00152,overcast,853,1,,0.997838,0.002162,L,0.997838,0.995676,0.022258,0.004324,0.152064
29,22,00152,overcast,1141,1,,0.998672,0.001328,L,0.998672,0.997343,0.014609,0.002657,0.153609
29,22,00152,overcast,855,1,,0.997921,0.002079,L,0.997921,0.995842,0.021518,0.004158,0.201545
29,22,00152,overcast,678,1,,0.999053,0.000947,L,0.999053,0.998105,0.010881,0.001895,0.095506
29,22,00152,overcast,673,1,,0.999391,0.000609,L,0.999391,0.998783,0.007379,0.001217,0.198855
29,22,00152,overcast,587,1,,0.997244,0.002756,L,0.997244,0.994488,0.027404,0.005512,0.094218
29,22,00152,overcast,1161,1,,0.999395,0.000605,L,0.999395,0.998789,0.007345,0.001211,0.123521
29,22,00152,overcast,1335,1,,0.998391,0.001609,L,0.998391,0.996782,0.017252,0.003218,0.163602
29,22,00152,overcast,1140,1,,0.998571,0.001429,L,0.998571,0.997143,0.015561,0.002857,0.179058
29,22,00152,overcast,1067,1,,0.999988,0.000012,L,0.999988,0.999976,0.000211,0.000024,0.203245
29,22,00152,overcast,1065,1,,0.999399,0.000601,L,0.999399,0.998798,0.007298,0.001202,0.122000
29,22,00152,overcast,1232,1,,0.999975,0.000025,L,0.999975,0.999951,0.000412,0.000049,0.274066
29,22,00152,overcast,499,1,,0.998626,0.001374,L,0.998626,0.997252,0.015045,0.002748,0.055703
29,22,00152,overcast,1317,1,,0.999918,0.000082,L,0.999918,0.999836,0.001230,0.000164,0.214650
29,22,00152,overcast,1227,1,,0.999938,0.000062,L,0.999938,0.999876,0.000953,0.000124,0.169070
29,22,00152,overcast,589,1,,0.997783,0.002217,L,0.997783,0.995565,0.022745,0.004435,0.063142
29,22,00152,overcast,1066,1,,0.999874,0.000126,L,0.999874,0.999747,0.001818,0.000253,0.138290
29,22,00152,overcast,1336,1,,0.999057,0.000943,L,0.999057,0.998114,0.010839,0.001886,0.174480
29,22,00152,overcast,672,1,,0.999953,0.000047,L,0.999953,0.999906,0.000745,0.000094,0.157790
29,22,00152,overcast,677,1,,1.000000,0.000000,L,1.000000,0.999999,0.000007,0.000001,0.581647
29,22,00152,overcast,1412,1,,0.996908,0.003092,L,0.996908,0.993816,0.030235,0.006184,0.110982
29,22,00152,overcast,1251,1,,0.999559,0.000441,L,0.999559,0.999117,0.005557,0.000883,0.101215
29,22,00152,overcast,1340,1,,0.999121,0.000879,L,0.999121,0.998242,0.010192,0.001758,0.082410
29,22,00152,overcast,1337,1,,0.999584,0.000416,L,0.999584,0.999167,0.005277,0.000833,0.164940
29,22,00152,overcast,767,1,,1.000000,0.000000,L,1.000000,1.000000,0.000005,0.000000,0.634055
29,22,00152,overcast,497,1,,0.999042,0.000958,L,0.999042,0.998085,0.010983,0.001915,0.050100
29,22,00152,overcast,1230,1,,1.000000,0.000000,L,1.000000,1.000000,0.000001,0.000000,0.680160
29,22,00152,overcast,1322,1,,0.999996,0.000004,L,0.999996,0.999992,0.000081,0.000008,0.391019
29,22,00152,overcast,1231,1,,1.000000,0.000000,L,1.000000,1.000000,0.000001,0.000000,0.650757
29,22,00152,overcast,1156,1,,0.999991,0.000009,L,0.999991,0.999982,0.000165,0.000018,0.250404
29,22,00152,overcast,1248,1,,1.000000,0.000000,L,1.000000,1.000000,0.000005,0.000000,0.523396
29,22,00152,overcast,493,1,,0.996600,0.003400,L,0.996600,0.993199,0.032780,0.006801,0.086164
29,22,00152,overcast,1048,1,,0.999064,0.000936,L,0.999064,0.998127,0.010771,0.001873,0.050064
29,22,00152,overcast,1408,1,,0.997436,0.002564,L,0.997436,0.994873,0.025760,0.005127,0.164863
29,22,00152,overcast,584,1,,0.997385,0.002615,L,0.997385,0.994771,0.026198,0.005229,0.164077
29,22,00152,overcast,1158,1,,1.000000,0.000000,L,1.000000,1.000000,0.000000,0.000000,0.674058
29,22,00152,overcast,239,0,,0.999124,0.000876,L,0.999124,0.998248,0.010161,0.001752,0.058927
29,22,00152,overcast,663,0,,0.998309,0.001691,L,0.998309,0.996617,0.018012,0.003383,0.051172
29,22,00152,overcast,252,0,,0.998356,0.001644,L,0.998356,0.996713,0.017570,0.003287,0.094210
29,22,00152,overcast,83,0,,0.999981,0.000019,L,0.999981,0.999963,0.000322,0.000037,0.055332
29,22,00152,overcast,139,0,,0.999374,0.000626,L,0.999374,0.998749,0.007560,0.001251,0.052427
29,22,00152,overcast,196,0,,0.996090,0.003910,L,0.996090,0.992180,0.036903,0.007820,0.048108
29,22,00152,overcast,1021,0,,0.999611,0.000389,L,0.999611,0.999223,0.004962,0.000777,0.038072
29,22,00152,overcast,949,0,,0.995968,0.004032,L,0.995968,0.991936,0.037875,0.008064,0.064510
29,22,00152,overcast,502,0,,0.999862,0.000138,L,0.999862,0.999725,0.001964,0.000275,0.056483
29,22,00152,overcast,259,0,,0.998489,0.001511,L,0.998489,0.996978,0.016335,0.003022,0.150645
29,22,00152,overcast,1169,0,,0.999489,0.000511,L,0.999489,0.998978,0.006324,0.001022,0.050221
29,22,00152,overcast,383,0,,0.999396,0.000604,L,0.999396,0.998792,0.007332,0.001208,0.034507
29,22,00152,overcast,191,0,,0.998139,0.001861,L,0.998139,0.996278,0.019563,0.003722,0.067124
29,22,00152,overcast,242,0,,0.998738,0.001262,L,0.998738,0.997476,0.013972,0.002524,0.072015
29,22,00152,overcast,1193,0,,0.997446,0.002554,L,0.997446,0.994892,0.025678,0.005108,0.078044
29,22,00152,overcast,1386,0,,0.995455,0.004545,L,0.995455,0.990909,0.041913,0.009091,0.103337
29,22,00152,overcast,369,0,,0.997839,0.002160,L,0.997839,0.995679,0.022243,0.004321,0.082659
29,22,00152,overcast,309,0,,0.998574,0.001427,L,0.998574,0.997147,0.015542,0.002853,0.058917
30,22,00169,overcast,1428,1,,0.998954,0.001046,L,0.998954,0.997908,0.011862,0.002092,0.087117
30,22,00169,overcast,679,1,,0.998216,0.001784,L,0.998216,0.996432,0.018862,0.003568,0.082502
30,22,00169,overcast,1340,1,,0.999495,0.000505,L,0.999495,0.998990,0.006260,0.001010,0.050113
30,22,00169,overcast,1341,1,,0.999374,0.000626,L,0.999374,0.998748,0.007564,0.001252,0.047482
30,22,00169,overcast,854,1,,0.998992,0.001008,L,0.998992,0.997984,0.011485,0.002016,0.230932
30,22,00169,overcast,675,1,,0.998222,0.001778,L,0.998222,0.996445,0.018801,0.003555,0.185853
30,22,00169,overcast,1155,1,,0.999822,0.000178,L,0.999822,0.999644,0.002472,0.000356,0.204538
30,22,00169,overcast,1158,1,,1.000000,0.000001,L,1.000000,0.999999,0.000011,0.000001,0.349049
30,22,00169,overcast,858,1,,0.999901,0.000099,L,0.999901,0.999801,0.001464,0.000199,0.320013
30,22,00169,overcast,1339,1,,0.999740,0.000260,L,0.999740,0.999481,0.003467,0.000519,0.062027
30,22,00169,overcast,586,1,,0.998022,0.001978,L,0.998022,0.996045,0.020613,0.003955,0.076337
30,22,00169,overcast,860,1,,0.999075,0.000925,L,0.999075,0.998149,0.010659,0.001851,0.062958
30,22,00169,overcast,1068,1,,0.999760,0.000240,L,0.999760,0.999519,0.003235,0.000481,0.069139
30,22,00169,overcast,1247,1,,1.000000,0.000000,L,1.000000,1.000000,0.000001,0.000000,0.641878
30,22,00169,overcast,1251,1,,0.999648,0.000352,L,0.999648,0.999296,0.004544,0.000704,0.044015
30,22,00169,overcast,947,1,,0.997972,0.002028,L,0.997972,0.995943,0.021069,0.004057,0.171659
30,22,00169,overcast,1066,1,,0.999986,0.000014,L,0.999986,0.999973,0.000240,0.000027,0.116009
30,22,00169,overcast,1336,1,,0.999848,0.000152,L,0.999848,0.999695,0.002152,0.000305,0.137370
30,22,00169,overcast,587,1,,0.998177,0.001823,L,0.998177,0.996355,0.019212,0.003645,0.064169
30,22,00169,overcast,770,1,,0.999230,0.000770,L,0.999230,0.998461,0.009072,0.001539,0.064481
30,22,00169,overcast,1338,1,,0.999983,0.000017,L,0.999983,0.999967,0.000290,0.000033,0.103825
30,22,00169,overcast,768,1,,0.999989,0.000011,L,0.999989,0.999977,0.000205,0.000023,0.487941
30,22,00169,overcast,680,1,,0.999331,0.000670,L,0.999331,0.998661,0.008026,0.001339,0.058314
30,22,00169,overcast,1249,1,,0.999996,0.000004,L,0.999996,0.999993,0.000071,0.000007,0.090208
30,22,00169,overcast,1070,1,,0.999182,0.000818,L,0.999182,0.998363,0.009572,0.001637,0.054908
30,22,00169,overcast,853,1,,0.998483,0.001517,L,0.998483,0.996967,0.016389,0.003033,0.195237
30,22,00169,overcast,769,1,,0.998179,0.001821,L,0.998179,0.996358,0.019196,0.003642,0.180286
30,22,00169,overcast,585,1,,0.997228,0.002772,L,0.997228,0.994456,0.027541,0.005544,0.085606
30,22,00169,overcast,1431,1,,0.999001,0.000999,L,0.999001,0.998002,0.011398,0.001998,0.060091
30,22,00169,overcast,1430,1,,0.998935,0.001065,L,0.998935,0.997869,0.012057,0.002131,0.065924
30,22,00169,overcast,764,1,,0.999839,0.000161,L,0.999839,0.999677,0.002265,0.000323,0.267641
30,22,00169,overcast,589,1,,0.999060,0.000940,L,0.999060,0.998120,0.010808,0.001880,0.047865
30,22,00169,overcast,1154,1,,0.999925,0.000075,L,0.999925,0.999849,0.001142,0.000151,0.213275
30,22,00169,overcast,1248,1,,1.000000,0.000000,L,1.000000,1.000000,0.000001,0.000000,0.511000
30,22,00169,overcast,856,1,,1.000000,0.000000,L,1.000000,1.000000,0.000004,0.000000,0.745660
30,22,00169,overcast,1427,1,,0.999809,0.000191,L,0.999809,0.999618,0.002633,0.000382,0.105061
30,22,00169,overcast,474,0,,0.998718,0.001282,L,0.998718,0.997436,0.014165,0.002564,0.050524
30,22,00169,overcast,1020,0,,0.997859,0.002141,L,0.997859,0.995718,0.022072,0.004282,0.087481
30,22,00169,overcast,1090,0,,0.997724,0.002276,L,0.997724,0.995447,0.023265,0.004553,0.078680
30,22,00169,overcast,1078,0,,0.999048,0.000952,L,0.999048,0.998097,0.010924,0.001903,0.046821
30,22,00169,overcast,528,0,,0.999745,0.000255,L,0.999745,0.999489,0.003416,0.000511,0.029540
30,22,00169,overcast,1390,0,,0.998570,0.001430,L,0.998570,0.997139,0.015578,0.002861,0.069944
30,22,00169,overcast,704,0,,0.998832,0.001168,L,0.998832,0.997663,0.013067,0.002337,0.035268
30,22,00169,overcast,464,0,,0.998629,0.001371,L,0.998629,0.997259,0.015012,0.002741,0.042770
30,22,00169,overcast,1284,0,,0.997895,0.002105,L,0.997895,0.995791,0.021748,0.004209,0.092716
30,22,00169,overcast,398,0,,0.999630,0.000370,L,0.999630,0.999261,0.004748,0.000739,0.034158
30,22,00169,overcast,1315,0,,0.999808,0.000192,L,0.999808,0.999617,0.002642,0.000383,0.072046
30,22,00169,overcast,1382,0,,0.996245,0.003755,L,0.996245,0.992489,0.035664,0.007511,0.090638
30,22,00169,overcast,229,0,,0.999424,0.000576,L,0.999424,0.998848,0.007028,0.001152,0.049316
30,22,00169,overcast,424,0,,0.999742,0.000258,L,0.999742,0.999483,0.003451,0.000517,0.053283
30,22,00169,overcast,1289,0,,0.998376,0.001624,L,0.998376,0.996753,0.017386,0.003247,0.078570
30,22,00169,overcast,746,0,,0.999534,0.000466,L,0.999534,0.999068,0.005832,0.000932,0.050240
30,22,00169,overcast,1228,0,,0.999284,0.000716,L,0.999284,0.998569,0.008510,0.001431,0.053437
30,22,00169,overcast,824,0,,0.997880,0.002120,L,0.997880,0.995760,0.021883,0.004240,0.056340
31,22,00185,overcast,1128,1,,0.997792,0.002208,L,0.997792,0.995583,0.022666,0.004417,0.143051
31,22,00185,overcast,949,1,,0.998942,0.001058,L,0.998942,0.997883,0.011988,0.002117,0.145219
31,22,00185,overcast,1123,1,,0.998559,0.001441,L,0.998559,0.997119,0.015675,0.002881,0.105067
31,22,00185,overcast,765,1,,0.995338,0.004662,L,0.995338,0.990676,0.042816,0.009324,0.077412
31,22,00185,overcast,947,1,,1.000000,0.000000,L,1.000000,1.000000,0.000001,0.000000,0.819278
31,22,00185,overcast,855,1,,0.996031,0.003969,L,0.996031,0.992063,0.037372,0.007937,0.163676
31,22,00185,overcast,856,1,,0.996757,0.003243,L,0.996757,0.993514,0.031485,0.006486,0.188612
31,22,00185,overcast,1130,1,,0.999368,0.000632,L,0.999368,0.998736,0.007631,0.001264,0.049885
31,22,00185,overcast,1217,1,,0.999407,0.000593,L,0.999407,0.998814,0.007210,0.001186,0.083029
31,22,00185,overcast,1036,1,,1.000000,0.000001,L,1.000000,0.999999,0.000011,0.000001,0.693708
31,22,00185,overcast,950,1,,0.998836,0.001164,L,0.998836,0.997671,0.013026,0.002329,0.083213
31,22,00185,overcast,943,1,,0.999919,0.000081,L,0.999919,0.999837,0.001223,0.000163,0.150543
31,22,00185,overcast,1125,1,,0.997896,0.002104,L,0.997896,0.995792,0.021741,0.004208,0.192040
31,22,00185,overcast,1127,1,,0.999354,0.000646,L,0.999354,0.998708,0.007778,0.001292,0.195338
31,22,00185,overcast,1220,1,,0.999165,0.000835,L,0.999165,0.998330,0.009745,0.001670,0.040214
31,22,00185,overcast,1033,1,,0.999390,0.000610,L,0.999390,0.998780,0.007392,0.001220,0.153595
31,22,00185,overcast,1037,1,,1.000000,0.000000,L,1.000000,0.999999,0.000007,0.000001,0.694288
31,22,00185,overcast,1040,1,,0.999306,0.000694,L,0.999306,0.998611,0.008286,0.001389,0.060328
31,22,00185,overcast,1038,1,,0.999926,0.000074,L,0.999926,0.999852,0.001121,0.000148,0.335480
31,22,00185,overcast,1219,1,,0.998480,0.001519,L,0.998480,0.996961,0.016416,0.003039,0.052186
31,22,00185,overcast,764,1,,0.995782,0.004218,L,0.995782,0.991565,0.039346,0.008435,0.077274
31,22,00185,overcast,944,1,,0.999525,0.000475,L,0.999525,0.999051,0.005924,0.000949,0.180181
31,22,00185,overcast,853,1,,0.998760,0.001240,L,0.998760,0.997519,0.013764,0.002481,0.104114
31,22,00185,overcast,1039,1,,0.999040,0.000960,L,0.999040,0.998080,0.011007,0.001920,0.134034
31,22,00185,overcast,859,1,,0.998955,0.001045,L,0.998955,0.997909,0.011859,0.002091,0.063126
31,22,00185,overcast,860,1,,0.999470,0.000530,L,0.999470,0.998940,0.006532,0.001060,0.045499
31,22,00185,overcast,1124,1,,0.997466,0.002534,L,0.997466,0.994932,0.025505,0.005068,0.183076
31,22,00185,overcast,766,1,,0.996611,0.003389,L,0.996611,0.993222,0.032687,0.006778,0.075253
31,22,00185,overcast,948,1,,0.999997,0.000003,L,0.999997,0.999993,0.000068,0.000007,0.510974
31,22,00185,overcast,1034,1,,0.998663,0.001337,L,0.998663,0.997326,0.014692,0.002674,0.208620
31,22,00185,overcast,854,1,,0.998053,0.001947,L,0.998053,0.996106,0.020339,0.003894,0.137154
31,22,00185,overcast,1126,1,,0.999621,0.000379,L,0.999621,0.999241,0.004858,0.000759,0.218353
31,22,00185,overcast,1218,1,,0.999347,0.000653,L,0.999347,0.998693,0.007855,0.001307,0.063401
31,22,00185,overcast,1035,1,,0.999868,0.000132,L,0.999868,0.999736,0.001894,0.000264,0.286335
31,22,00185,overcast,857,1,,0.997438,0.002562,L,0.997438,0.994876,0.025745,0.005124,0.173648
31,22,00185,overcast,945,1,,0.999994,0.000006,L,0.999994,0.999987,0.000120,0.000013,0.478748
31,22,00185,overcast,98,0,,0.998347,0.001653,L,0.998347,0.996695,0.017655,0.003305,0.115275
31,22,00185,overcast,451,0,,0.999262,0.000738,L,0.999262,0.998524,0.008741,0.001476,0.053269
31,22,00185,overcast,530,0,,0.999064,0.000936,L,0.999064,0.998127,0.010771,0.001873,0.066410
31,22,00185,overcast,993,0,,0.998650,0.001350,L,0.998650,0.997300,0.014815,0.002700,0.031286
31,22,00185,overcast,816,0,,0.997359,0.002641,L,0.997359,0.994719,0.026422,0.005281,0.043139
31,22,00185,overcast,12,0,,0.997130,0.002870,L,0.997130,0.994260,0.028370,0.005740,0.096034
31,22,00185,overcast,493,0,,0.999065,0.000935,L,0.999065,0.998129,0.010760,0.001871,0.041484
31,22,00185,overcast,571,0,,0.997328,0.002672,L,0.997328,0.994657,0.026687,0.005343,0.043498
31,22,00185,overcast,38,0,,0.999213,0.000787,L,0.999213,0.998427,0.009245,0.001573,0.069988
31,22,00185,overcast,757,0,,0.999114,0.000886,L,0.999114,0.998228,0.010262,0.001772,0.038569
31,22,00185,overcast,17,0,,0.996665,0.003335,L,0.996665,0.993330,0.032243,0.006670,0.069078
31,22,00185,overcast,230,0,,0.997163,0.002837,L,0.997163,0.994325,0.028095,0.005675,0.065191
31,22,00185,overcast,51,0,,0.998571,0.001429,L,0.998571,0.997142,0.015564,0.002858,0.061197
31,22,00185,overcast,1152,0,,0.999517,0.000483,L,0.999517,0.999033,0.006020,0.000967,0.032532
31,22,00185,overcast,1190,0,,0.997937,0.002063,L,0.997937,0.995874,0.021379,0.004126,0.061774
31,22,00185,overcast,1209,0,,0.996768,0.003232,L,0.996768,0.993535,0.031399,0.006465,0.066490
31,22,00185,overcast,388,0,,0.998807,0.001193,L,0.998807,0.997614,0.013304,0.002386,0.043363
31,22,00185,overcast,54,0,,0.999546,0.000454,L,0.999546,0.999091,0.005702,0.000909,0.066946
32,22,00202,overcast,1163,1,,0.999683,0.000317,L,0.999683,0.999366,0.004143,0.000634,0.046826
32,22,00202,overcast,1040,1,,0.996694,0.003306,L,0.996694,0.993387,0.032008,0.006613,0.196587
32,22,00202,overcast,1129,1,,0.998178,0.001822,L,0.998178,0.996356,0.019209,0.003644,0.150125
32,22,00202,overcast,945,1,,0.999932,0.000068,L,0.999932,0.999863,0.001044,0.000137,0.127414
32,22,00202,overcast,768,1,,0.997477,0.002523,L,0.997477,0.994953,0.025413,0.005047,0.129526
32,22,00202,overcast,1431,1,,0.998075,0.001924,L,0.998075,0.996151,0.020135,0.003849,0.099009
32,22,00202,overcast,767,1,,0.998164,0.001836,L,0.998164,0.996328,0.019334,0.003672,0.114019
32,22,00202,overcast,1433,1,,0.998871,0.001129,L,0.998871,0.997742,0.012684,0.002258,0.075210
32,22,00202,overcast,1158,1,,0.999991,0.000009,L,0.999991,0.999983,0.000158,0.000017,0.394830
32,22,00202,overcast,1160,1,,0.999887,0.000113,L,0.999887,0.999774,0.001648,0.000226,0.228078
32,22,00202,overcast,946,1,,0.999338,0.000662,L,0.999338,0.998677,0.007943,0.001323,0.199108
32,22,00202,overcast,1427,1,,0.998798,0.001202,L,0.998798,0.997596,0.013394,0.002404,0.144964
32,22,00202,overcast,1156,1,,0.999882,0.000119,L,0.999882,0.999763,0.001717,0.000237,0.110720
32,22,00202,overcast,1341,1,,0.999578,0.000422,L,0.999578,0.999156,0.005339,0.000844,0.138052
32,22,00202,overcast,863,1,,0.999536,0.000464,L,0.999536,0.999072,0.005809,0.000928,0.036020
32,22,00202,overcast,1252,1,,0.999745,0.000255,L,0.999745,0.999489,0.003416,0.000511,0.065440
32,22,00202,overcast,1429,1,,0.999617,0.000383,L,0.999617,0.999233,0.004904,0.000767,0.147124
32,22,00202,overcast,1251,1,,0.999963,0.000037,L,0.999963,0.999925,0.000602,0.000075,0.211520
32,22,00202,overcast,1125,1,,0.997558,0.002442,L,0.997558,0.995117,0.024707,0.004883,0.065896
32,22,00202,overcast,1036,1,,0.996961,0.003039,L,0.996961,0.993922,0.029789,0.006078,0.167882
32,22,00202,overcast,1132,1,,0.999120,0.000880,L,0.999120,0.998240,0.010202,0.001760,0.070475
32,22,00202,overcast,1343,1,,0.999322,0.000678,L,0.999322,0.998644,0.008113,0.001356,0.058721
32,22,00202,overcast,1157,1,,0.999951,0.000049,L,0.999951,0.999901,0.000778,0.000099,0.192519
32,22,00202,overcast,1338,1,,0.999996,0.000004,L,0.999996,0.999991,0.000085,0.000009,0.433072
32,22,00202,overcast,770,1,,0.997212,0.002788,L,0.997212,0.994423,0.027679,0.005577,0.083380
32,22,00202,overcast,1067,1,,0.999925,0.000075,L,0.999925,0.999849,0.001141,0.000151,0.108308
32,22,00202,overcast,1430,1,,0.998132,0.001868,L,0.998132,0.996264,0.019624,0.003736,0.152591
32,22,00202,overcast,1126,1,,0.995569,0.004431,L,0.995569,0.991138,0.041022,0.008862,0.102073
32,22,00202,overcast,1127,1,,0.997393,0.002607,L,0.997393,0.994785,0.026137,0.005215,0.142410
32,22,00202,overcast,1250,1,,1.000000,0.000000,L,1.000000,1.000000,0.000001,0.000000,0.626433
32,22,00202,overcast,1038,1,,0.999415,0.000585,L,0.999415,0.998830,0.007124,0.001170,0.227887
32,22,00202,overcast,1159,1,,0.999992,0.000008,L,0.999992,0.999983,0.000154,0.000017,0.381356
32,22,00202,overcast,1037,1,,0.998520,0.001480,L,0.998520,0.997040,0.016046,0.002960,0.208002
32,22,00202,overcast,950,1,,0.999996,0.000004,L,0.999996,0.999991,0.000085,0.000009,0.516632
32,22,00202,overcast,1426,1,,0.998559,0.001441,L,0.998559,0.997119,0.015676,0.002881,0.124440
32,22,00202,overcast,952,1,,0.998591,0.001408,L,0.998591,0.997183,0.015371,0.002817,0.089298
32,22,00202,overcast,1210,0,,0.996386,0.003614,L,0.996386,0.992771,0.034526,0.007229,0.077519
32,22,00202,overcast,614,0,,0.997102,0.002898,L,0.997102,0.994204,0.028608,0.005796,0.078512
32,22,00202,overcast,121,0,,0.999532,0.000469,L,0.999532,0.999063,0.005858,0.000937,0.049973
32,22,00202,overcast,394,0,,0.999026,0.000974,L,0.999026,0.998051,0.011151,0.001949,0.040662
32,22,00202,overcast,547,0,,0.998247,0.001753,L,0.998247,0.996494,0.018577,0.003506,0.039175
32,22,00202,overcast,825,0,,0.998312,0.001688,L,0.998312,0.996623,0.017984,0.003377,0.048809
32,22,00202,overcast,99,0,,0.998631,0.001369,L,0.998631,0.997262,0.014995,0.002738,0.058071
32,22,00202,overcast,816,0,,0.998686,0.001314,L,0.998686,0.997372,0.014473,0.002628,0.066052
32,22,00202,overcast,357,0,,0.999761,0.000239,L,0.999761,0.999522,0.003222,0.000478,0.055295
32,22,00202,overcast,954,0,,0.999303,0.000697,L,0.999303,0.998606,0.008317,0.001394,0.054381
32,22,00202,overcast,1070,0,,0.999775,0.000225,L,0.999775,0.999551,0.003045,0.000449,0.067141
32,22,00202,overcast,101,0,,0.998662,0.001338,L,0.998662,0.997324,0.014700,0.002676,0.052648
32,22,00202,overcast,1438,0,,0.999298,0.000702,L,0.999298,0.998596,0.008364,0.001404,0.059272
32,22,00202,overcast,1031,0,,0.994669,0.005331,L,0.994669,0.989337,0.047929,0.010663,0.086580
32,22,00202,overcast,533,0,,0.999494,0.000506,L,0.999494,0.998989,0.006264,0.001011,0.054546
32,22,00202,overcast,474,0,,0.998491,0.001509,L,0.998491,0.996982,0.016316,0.003018,0.045557
32,22,00202,overcast,677,0,,0.997941,0.002059,L,0.997941,0.995882,0.021341,0.004118,0.070256
32,22,00202,overcast,512,0,,0.998550,0.001450,L,0.998550,0.997100,0.015762,0.002900,0.074496
33,22,00218,overcast,948,1,,0.999400,0.000600,L,0.999400,0.998800,0.007286,0.001200,0.175081
33,22,00218,overcast,861,1,,1.000000,0.000000,L,1.000000,1.000000,0.000002,0.000000,0.471162
33,22,00218,overcast,863,1,,0.999687,0.000313,L,0.999687,0.999373,0.004098,0.000627,0.059458
33,22,00218,overcast,953,1,,0.999708,0.000292,L,0.999708,0.999416,0.003848,0.000584,0.136261
33,22,00218,overcast,1040,1,,0.999382,0.000618,L,0.999382,0.998764,0.007480,0.001236,0.240650
33,22,00218,overcast,769,1,,0.997854,0.002146,L,0.997854,0.995707,0.022118,0.004293,0.075378
33,22,00218,overcast,1342,1,,0.999999,0.000001,L,0.999999,0.999999,0.000013,0.000001,0.479464
33,22,00218,overcast,1255,1,,0.999681,0.000318,L,0.999681,0.999363,0.004159,0.000637,0.071306
33,22,00218,overcast,1248,1,,0.999956,0.000044,L,0.999956,0.999912,0.000698,0.000088,0.125717
33,22,00218,overcast,1253,1,,0.999953,0.000047,L,0.999953,0.999905,0.000750,0.000095,0.188059
33,22,00218,overcast,1044,1,,0.998943,0.001057,L,0.998943,0.997887,0.011970,0.002113,0.080449
33,22,00218,overcast,771,1,,0.998355,0.001646,L,0.998355,0.996709,0.017588,0.003291,0.071919
33,22,00218,overcast,1132,1,,0.997435,0.002565,L,0.997435,0.994870,0.025771,0.005130,0.148711
33,22,00218,overcast,1432,1,,0.999567,0.000433,L,0.999567,0.999134,0.005465,0.000866,0.134788
33,22,00218,overcast,858,1,,0.999724,0.000276,L,0.999724,0.999448,0.003661,0.000552,0.091675
33,22,00218,overcast,1043,1,,0.998873,0.001127,L,0.998873,0.997747,0.012659,0.002253,0.143295
33,22,00218,overcast,768,1,,0.998556,0.001444,L,0.998556,0.997111,0.015710,0.002889,0.065977
33,22,00218,overcast,1254,1,,0.999836,0.000164,L,0.999836,0.999672,0.002297,0.000328,0.066292
33,22,00218,overcast,1159,1,,0.999768,0.000232,L,0.999768,0.999535,0.003139,0.000465,0.114613
33,22,00218,overcast,955,1,,0.999368,0.000632,L,0.999368,0.998735,0.007631,0.001265,0.055308
33,22,00218,overcast,773,1,,0.999473,0.000527,L,0.999473,0.998946,0.006502,0.001054,0.049977
33,22,00218,overcast,1130,1,,0.998149,0.001851,L,0.998149,0.996298,0.019469,0.003702,0.188311
33,22,00218,overcast,1129,1,,0.997918,0.002082,L,0.997918,0.995835,0.021550,0.004165,0.178720
33,22,00218,overcast,1435,1,,0.999871,0.000129,L,0.999871,0.999742,0.001856,0.000258,0.078681
33,22,00218,overcast,862,1,,0.999999,0.000001,L,0.999999,0.999997,0.000027,0.000003,0.178580
33,22,00218,overcast,1434,1,,0.999946,0.000054,L,0.999946,0.999891,0.000848,0.000109,0.089939
33,22,00218,overcast,1158,1,,0.999721,0.000279,L,0.999721,0.999442,0.003699,0.000558,0.096320
33,22,00218,overcast,1162,1,,0.999698,0.000302,L,0.999698,0.999395,0.003971,0.000605,0.140456
33,22,00218,overcast,775,1,,0.999705,0.000295,L,0.999705,0.999411,0.003881,0.000589,0.046866
33,22,00218,overcast,1429,1,,0.997356,0.002644,L,0.997356,0.994713,0.026447,0.005287,0.157012
33,22,00218,overcast,1433,1,,0.999719,0.000281,L,0.999719,0.999438,0.003718,0.000562,0.095616
33,22,00218,overcast,1164,1,,0.999401,0.000599,L,0.999401,0.998803,0.007271,0.001197,0.064294
33,22,00218,overcast,774,1,,0.999729,0.000271,L,0.999729,0.999458,0.003600,0.000542,0.046060
33,22,00218,overcast,772,1,,0.998981,0.001019,L,0.998981,0.997963,0.011592,0.002037,0.056122
33,22,00218,overcast,1340,1,,0.999917,0.000083,L,0.999917,0.999834,0.001246,0.000166,0.203592
33,22,00218,overcast,951,1,,1.000000,0.000000,L,1.000000,1.000000,0.000000,0.000000,0.814949
33,22,00218,overcast,556,0,,0.999255,0.000745,L,0.999255,0.998510,0.008814,0.001490,0.042978
33,22,00218,overcast,421,0,,0.999105,0.000895,L,0.999105,0.998210,0.010355,0.001790,0.149134
33,22,00218,overcast,826,0,,0.997378,0.002622,L,0.997378,0.994756,0.026260,0.005244,0.061573
33,22,00218,overcast,1197,0,,0.998459,0.001541,L,0.998459,0.996917,0.016620,0.003083,0.058764
33,22,00218,overcast,978,0,,0.999754,0.000246,L,0.999754,0.999507,0.003308,0.000493,0.058817
33,22,00218,overcast,412,0,,0.996967,0.003033,L,0.996967,0.993933,0.029743,0.006067,0.062457
33,22,00218,overcast,193,0,,0.997770,0.002230,L,0.997770,0.995541,0.022854,0.004459,0.080539
33,22,00218,overcast,1422,0,,0.997721,0.002279,L,0.997721,0.995443,0.023285,0.004557,0.061060
33,22,00218,overcast,365,0,,0.997179,0.002821,L,0.997179,0.994358,0.027959,0.005642,0.055227
33,22,00218,overcast,1199,0,,0.998278,0.001722,L,0.998278,0.996556,0.018293,0.003444,0.059367
33,22,00218,overcast,1282,0,,0.998157,0.001843,L,0.998157,0.996314,0.019396,0.003686,0.080212
33,22,00218,overcast,566,0,,0.999097,0.000903,L,0.999097,0.998193,0.010437,0.001807,0.037417
33,22,00218,overcast,1312,0,,0.998570,0.001430,L,0.998570,0.997140,0.015577,0.002860,0.069500
33,22,00218,overcast,956,0,,0.999474,0.000526,L,0.999474,0.998948,0.006487,0.001052,0.046494
33,22,00218,overcast,302,0,,0.996614,0.003386,L,0.996614,0.993227,0.032665,0.006773,0.082388
33,22,00218,overcast,434,0,,0.999255,0.000745,L,0.999255,0.998510,0.008818,0.001490,0.042800
33,22,00218,overcast,1150,0,,0.999212,0.000788,L,0.999212,0.998423,0.009264,0.001577,0.085439
33,22,00218,overcast,550,0,,0.999377,0.000623,L,0.999377,0.998754,0.007533,0.001246,0.040901
34,22,00235,overcast,952,1,,0.999999,0.000001,L,0.999999,0.999999,0.000016,0.000001,0.680695
34,22,00235,overcast,954,1,,0.999999,0.000001,L,0.999999,0.999999,0.000015,0.000001,0.652244
34,22,00235,overcast,863,1,,0.999686,0.000314,L,0.999686,0.999372,0.004109,0.000628,0.073315
34,22,00235,overcast,1224,1,,0.996707,0.003293,L,0.996707,0.993415,0.031896,0.006585,0.093266
34,22,00235,overcast,1225,1,,0.998200,0.001800,L,0.998200,0.996400,0.019004,0.003600,0.067236
34,22,00235,overcast,860,1,,0.999577,0.000423,L,0.999577,0.999154,0.005349,0.000846,0.098210
34,22,00235,overcast,1165,1,,0.999455,0.000545,L,0.999455,0.998909,0.006698,0.001091,0.132128
34,22,00235,overcast,1071,1,,0.998401,0.001599,L,0.998401,0.996802,0.017159,0.003198,0.083982
34,22,00235,overcast,1435,1,,0.997885,0.002115,L,0.997885,0.995770,0.021839,0.004230,0.115450
34,22,00235,overcast,864,1,,0.999497,0.000503,L,0.999497,0.998993,0.006241,0.001007,0.067621
34,22,00235,overcast,953,1,,1.000000,0.000000,L,1.000000,1.000000,0.000003,0.000000,0.800591
34,22,00235,overcast,1133,1,,0.999119,0.000881,L,0.999119,0.998237,0.010214,0.001763,0.216526
34,22,00235,overcast,1047,1,,0.999173,0.000827,L,0.999173,0.998347,0.009657,0.001653,0.049541
34,22,00235,overcast,950,1,,0.999727,0.000273,L,0.999727,0.999454,0.003625,0.000546,0.182664
34,22,00235,overcast,1253,1,,1.000000,0.000000,L,1.000000,1.000000,0.000003,0.000000,0.602410
34,22,00235,overcast,1226,1,,0.999115,0.000885,L,0.999115,0.998230,0.010251,0.001770,0.055141
34,22,00235,overcast,1343,1,,1.000000,0.000000,L,1.000000,0.999999,0.000010,0.000001,0.585571
34,22,00235,overcast,1342,1,,0.999646,0.000354,L,0.999646,0.999293,0.004563,0.000707,0.192463
34,22,00235,overcast,1256,1,,0.999613,0.000387,L,0.999613,0.999227,0.004942,0.000773,0.068980
34,22,00235,overcast,1168,1,,0.998892,0.001108,L,0.998892,0.997783,0.012480,0.002217,0.057299
34,22,00235,overcast,1131,1,,0.996624,0.003376,L,0.996624,0.993249,0.032578,0.006751,0.205446
34,22,00235,overcast,1166,1,,0.999580,0.000420,L,0.999580,0.999160,0.005316,0.000840,0.070999
34,22,00235,overcast,1167,1,,0.999260,0.000739,L,0.999260,0.998521,0.008758,0.001479,0.064900
34,22,00235,overcast,1046,1,,0.998954,0.001046,L,0.998954,0.997908,0.011865,0.002092,0.078801
34,22,00235,overcast,1134,1,,0.997236,0.002764,L,0.997236,0.994473,0.027469,0.005527,0.172809
34,22,00235,overcast,1135,1,,0.997484,0.002516,L,0.997484,0.994968,0.025348,0.005032,0.097741
34,22,00235,overcast,1347,1,,0.999318,0.000683,L,0.999318,0.998635,0.008162,0.001365,0.050840
34,22,00235,overcast,1344,1,,1.000000,0.000000,L,1.000000,1.000000,0.000004,0.000000,0.575450
34,22,00235,overcast,1043,1,,1.000000,0.000000,L,1.000000,0.999999,0.000008,0.000001,0.700733
34,22,00235,overcast,956,1,,0.998829,0.001171,L,0.998829,0.997659,0.013089,0.002341,0.071548
34,22,00235,overcast,1042,1,,0.999995,0.000005,L,0.999995,0.999990,0.000094,0.000010,0.558698
34,22,00235,overcast,1345,1,,0.999994,0.000006,L,0.999994,0.999988,0.000112,0.000012,0.395971
34,22,00235,overcast,770,1,,0.996015,0.003985,L,0.996015,0.992030,0.037505,0.007970,0.075690
34,22,00235,overcast,951,1,,0.999702,0.000298,L,0.999702,0.999405,0.003917,0.000595,0.250716
34,22,00235,overcast,1045,1,,0.999370,0.000630,L,0.999370,0.998740,0.007605,0.001260,0.181360
34,22,00235,overcast,1431,1,,0.996539,0.003461,L,0.996539,0.993079,0.033274,0.006921,0.159174
34,22,00235,overcast,244,0,,0.999149,0.000851,L,0.999149,0.998298,0.009905,0.001702,0.081139
34,22,00235,overcast,489,0,,0.998807,0.001193,L,0.998807,0.997613,0.013310,0.002387,0.051514
34,22,00235,overcast,854,0,,0.995708,0.004292,L,0.995708,0.991416,0.039933,0.008584,0.056936
34,22,00235,overcast,281,0,,0.998373,0.001627,L,0.998373,0.996747,0.017413,0.003253,0.071444
34,22,00235,overcast,153,0,,0.999753,0.000247,L,0.999753,0.999505,0.003320,0.000495,0.058304
34,22,00235,overcast,375,0,,0.997559,0.002441,L,0.997559,0.995118,0.024700,0.004882,0.062827
34,22,00235,overcast,23,0,,0.997369,0.002631,L,0.997369,0.994737,0.026342,0.005263,0.072608
34,22,00235,overcast,1144,0,,0.998595,0.001405,L,0.998595,0.997189,0.015341,0.002811,0.065810
34,22,00235,overcast,1067,0,,0.999879,0.000121,L,0.999879,0.999758,0.001750,0.000242,0.036492
34,22,00235,overcast,1288,0,,0.998923,0.001077,L,0.998923,0.997846,0.012170,0.002154,0.073062
34,22,00235,overcast,48,0,,0.999773,0.000227,L,0.999773,0.999545,0.003080,0.000455,0.050452
34,22,00235,overcast,110,0,,0.996911,0.003089,L,0.996911,0.993821,0.030211,0.006179,0.087791
34,22,00235,overcast,1059,0,,0.999445,0.000555,L,0.999445,0.998889,0.006806,0.001111,0.034816
34,22,00235,overcast,581,0,,0.998110,0.001890,L,0.998110,0.996220,0.019824,0.003780,0.060544
34,22,00235,overcast,986,0,,0.996216,0.003784,L,0.996216,0.992432,0.035895,0.007568,0.116962
34,22,00235,overcast,1408,0,,0.998941,0.001059,L,0.998941,0.997882,0.011996,0.002118,0.053505
34,22,00235,overcast,414,0,,0.997591,0.002409,L,0.997591,0.995182,0.024425,0.004818,0.057236
34,22,00235,overcast,784,0,,0.998911,0.001089,L,0.998911,0.997822,0.012291,0.002178,0.062074
35,22,00252,overcast,983,1,,0.999477,0.000523,L,0.999477,0.998955,0.006450,0.001045,0.110241
35,22,00252,overcast,1168,1,,0.999561,0.000438,L,0.999561,0.999123,0.005523,0.000877,0.062835
35,22,00252,overcast,958,1,,0.999017,0.000982,L,0.999017,0.998035,0.011233,0.001965,0.049079
35,22,00252,overcast,1048,1,,0.999208,0.000792,L,0.999208,0.998416,0.009302,0.001584,0.040316
35,22,00252,overcast,897,1,,1.000000,0.000000,L,1.000000,0.999999,0.000009,0.000001,0.255759
35,22,00252,overcast,986,1,,0.999999,0.000001,L,0.999999,0.999998,0.000019,0.000002,0.338673
35,22,00252,overcast,686,1,,0.999472,0.000528,L,0.999472,0.998944,0.006512,0.001056,0.166113
35,22,00252,overcast,713,1,,0.998569,0.001431,L,0.998569,0.997139,0.015580,0.002861,0.074588
35,22,00252,overcast,867,1,,0.998805,0.001195,L,0.998805,0.997610,0.013323,0.002390,0.124212
35,22,00252,overcast,959,1,,0.998417,0.001583,L,0.998417,0.996833,0.017013,0.003167,0.044770
35,22,00252,overcast,804,1,,0.999856,0.000144,L,0.999856,0.999712,0.002043,0.000288,0.080482
35,22,00252,overcast,1164,1,,0.999399,0.000601,L,0.999399,0.998799,0.007294,0.001201,0.090990
35,22,00252,overcast,683,1,,0.999158,0.000842,L,0.999158,0.998316,0.009817,0.001684,0.110770
35,22,00252,overcast,1165,1,,0.999503,0.000497,L,0.999503,0.999005,0.006175,0.000995,0.069770
35,22,00252,overcast,716,1,,0.999055,0.000945,L,0.999055,0.998110,0.010860,0.001890,0.086182
35,22,00252,overcast,778,1,,0.998888,0.001112,L,0.998888,0.997777,0.012512,0.002223,0.053074
35,22,00252,overcast,714,1,,0.998509,0.001490,L,0.998509,0.997019,0.016144,0.002981,0.071817
35,22,00252,overcast,868,1,,0.998841,0.001159,L,0.998841,0.997681,0.012978,0.002319,0.049978
35,22,00252,overcast,1166,1,,0.999274,0.000726,L,0.999274,0.998547,0.008621,0.001453,0.068643
35,22,00252,overcast,1074,1,,0.998107,0.001893,L,0.998107,0.996214,0.019852,0.003786,0.073663
35,22,00252,overcast,982,1,,0.999830,0.000170,L,0.999830,0.999660,0.002372,0.000340,0.091914
35,22,00252,overcast,1163,1,,0.999417,0.000583,L,0.999417,0.998835,0.007101,0.001165,0.091408
35,22,00252,overcast,1075,1,,0.999314,0.000686,L,0.999314,0.998627,0.008203,0.001373,0.066497
35,22,00252,overcast,715,1,,0.998838,0.001162,L,0.998838,0.997676,0.013005,0.002324,0.091745
35,22,00252,overcast,592,1,,0.998204,0.001796,L,0.998204,0.996408,0.018970,0.003592,0.057743
35,22,00252,overcast,776,1,,1.000000,0.000000,L,1.000000,1.000000,0.000001,0.000000,0.798636
35,22,00252,overcast,989,1,,0.999253,0.000747,L,0.999253,0.998506,0.008834,0.001494,0.058021
35,22,00252,overcast,809,1,,0.999439,0.000561,L,0.999439,0.998877,0.006872,0.001123,0.040664
35,22,00252,overcast,952,1,,0.998318,0.001682,L,0.998318,0.996635,0.017929,0.003365,0.085742
35,22,00252,overcast,1047,1,,0.999204,0.000796,L,0.999204,0.998409,0.009339,0.001591,0.053962
35,22,00252,overcast,865,1,,1.000000,0.000000,L,1.000000,1.000000,0.000004,0.000000,0.694902
35,22,00252,overcast,779,1,,0.999148,0.000852,L,0.999148,0.998296,0.009917,0.001704,0.037911
35,22,00252,overcast,773,1,,0.999927,0.000073,L,0.999927,0.999853,0.001112,0.000147,0.355673
35,22,00252,overcast,988,1,,0.999406,0.000594,L,0.999406,0.998813,0.007220,0.001187,0.066517
35,22,00252,overcast,1072,1,,0.998673,0.001327,L,0.998673,0.997345,0.014601,0.002655,0.079842
35,22,00252,overcast,1049,1,,0.998453,0.001547,L,0.998453,0.996907,0.016670,0.003093,0.046528
35,22,00252,overcast,875,0,,0.999274,0.000726,L,0.999274,0.998548,0.008620,0.001452,0.050959
35,22,00252,overcast,407,0,,0.999774,0.000226,L,0.999774,0.999547,0.003069,0.000453,0.054116
35,22,00252,overcast,1404,0,,0.998870,0.001130,L,0.998870,0.997739,0.012695,0.002261,0.117448
35,22,00252,overcast,1252,0,,0.999663,0.000337,L,0.999663,0.999325,0.004377,0.000675,0.057553
35,22,00252,overcast,629,0,,0.999517,0.000483,L,0.999517,0.999034,0.006015,0.000966,0.053192
35,22,00252,overcast,1191,0,,0.997634,0.002366,L,0.997634,0.995267,0.024051,0.004733,0.061645
35,22,00252,overcast,656,0,,0.998324,0.001676,L,0.998324,0.996647,0.017873,0.003353,0.052391
35,22,00252,overcast,702,0,,0.999163,0.000837,L,0.999163,0.998325,0.009767,0.001675,0.049321
35,22,00252,overcast,520,0,,0.999507,0.000493,L,0.999507,0.999014,0.006125,0.000986,0.052104
35,22,00252,overcast,1432,0,,0.998981,0.001019,L,0.998981,0.997962,0.011595,0.002038,0.083933
35,22,00252,overcast,1399,0,,0.998874,0.001126,L,0.998874,0.997748,0.012653,0.002252,0.054390
35,22,00252,overcast,1402,0,,0.999025,0.000975,L,0.999025,0.998050,0.011158,0.001950,0.092321
35,22,00252,overcast,1358,0,,0.998509,0.001491,L,0.998509,0.997018,0.016151,0.002982,0.128895
35,22,00252,overcast,784,0,,0.999125,0.000875,L,0.999125,0.998251,0.010147,0.001749,0.079166
35,22,00252,overcast,681,0,,0.999637,0.000363,L,0.999637,0.999274,0.004674,0.000726,0.066003
35,22,00252,overcast,1391,0,,0.999922,0.000078,L,0.999922,0.999844,0.001180,0.000156,0.092066
35,22,00252,overcast,849,0,,0.995413,0.004587,L,0.995413,0.990826,0.042235,0.009174,0.072597
35,22,00252,overcast,709,0,,0.999571,0.000429,L,0.999571,0.999141,0.005423,0.000859,0.048520
36,22,00268,overcast,506,1,,0.999486,0.000514,L,0.999486,0.998972,0.006359,0.001028,0.048222
36,22,00268,overcast,594,1,,0.998199,0.001800,L,0.998199,0.996399,0.019011,0.003601,0.158481
36,22,00268,overcast,867,1,,0.998696,0.001304,L,0.998696,0.997392,0.014377,0.002608,0.079562
36,22,00268,overcast,593,1,,0.998779,0.001221,L,0.998779,0.997558,0.013575,0.002442,0.115523
36,22,00268,overcast,866,1,,0.997945,0.002055,L,0.997945,0.995890,0.021307,0.004110,0.146762
36,22,00268,overcast,864,1,,0.996822,0.003178,L,0.996822,0.993643,0.030952,0.006357,0.138656
36,22,00268,overcast,599,1,,0.999648,0.000352,L,0.999648,0.999296,0.004543,0.000704,0.035888
36,22,00268,overcast,773,1,,0.997317,0.002683,L,0.997317,0.994634,0.026782,0.005366,0.166284
36,22,00268,overcast,507,1,,0.998486,0.001514,L,0.998486,0.996972,0.016363,0.003028,0.058752
36,22,00268,overcast,863,1,,0.995592,0.004409,L,0.995592,0.991183,0.040845,0.008817,0.099601
36,22,00268,overcast,688,1,,0.999885,0.000115,L,0.999885,0.999770,0.001669,0.000230,0.121426
36,22,00268,overcast,689,1,,0.999581,0.000419,L,0.999581,0.999162,0.005305,0.000838,0.047762
36,22,00268,overcast,868,1,,0.999588,0.000412,L,0.999588,0.999176,0.005228,0.000824,0.049478
36,22,00268,overcast,502,1,,0.999321,0.000679,L,0.999321,0.998642,0.008126,0.001358,0.061361
36,22,00268,overcast,686,1,,1.000000,0.000000,L,1.000000,1.000000,0.000000,0.000000,0.809824
36,22,00268,overcast,774,1,,0.998644,0.001356,L,0.998644,0.997288,0.014875,0.002712,0.202625
36,22,00268,overcast,596,1,,0.999996,0.000004,L,0.999996,0.999991,0.000086,0.000009,0.331959
36,22,00268,overcast,598,1,,0.999104,0.000896,L,0.999104,0.998207,0.010367,0.001793,0.070169
36,22,00268,overcast,505,1,,0.999468,0.000532,L,0.999468,0.998936,0.006551,0.001064,0.073763
36,22,00268,overcast,869,1,,0.999703,0.000297,L,0.999703,0.999406,0.003909,0.000594,0.034643
36,22,00268,overcast,687,1,,1.000000,0.000000,L,1.000000,1.000000,0.000000,0.000000,0.689743
36,22,00268,overcast,779,1,,0.999493,0.000507,L,0.999493,0.998986,0.006281,0.001014,0.046789
36,22,00268,overcast,682,1,,0.999991,0.000009,L,0.999991,0.999981,0.000169,0.000019,0.103657
36,22,00268,overcast,508,1,,0.998901,0.001099,L,0.998901,0.997802,0.012386,0.002198,0.038987
36,22,00268,overcast,684,1,,0.999950,0.000050,L,0.999950,0.999900,0.000789,0.000100,0.283004
36,22,00268,overcast,595,1,,0.999911,0.000089,L,0.999911,0.999822,0.001323,0.000178,0.211493
36,22,00268,overcast,503,1,,0.999247,0.000753,L,0.999247,0.998494,0.008899,0.001506,0.083849
36,22,00268,overcast,592,1,,0.999877,0.000123,L,0.999877,0.999755,0.001771,0.000245,0.089790
36,22,00268,overcast,509,1,,0.999640,0.000360,L,0.999640,0.999281,0.004632,0.000719,0.033516
36,22,00268,overcast,777,1,,0.999878,0.000122,L,0.999878,0.999755,0.001765,0.000245,0.236756
36,22,00268,overcast,683,1,,0.999385,0.000615,L,0.999385,0.998770,0.007447,0.001230,0.153581
36,22,00268,overcast,597,1,,0.999752,0.000247,L,0.999752,0.999505,0.003322,0.000495,0.129367
36,22,00268,overcast,775,1,,0.999955,0.000045,L,0.999955,0.999910,0.000718,0.000090,0.323902
36,22,00268,overcast,862,1,,0.998969,0.001031,L,0.998969,0.997939,0.011712,0.002061,0.070740
36,22,00268,overcast,778,1,,0.999620,0.000380,L,0.999620,0.999241,0.004861,0.000759,0.098140
36,22,00268,overcast,685,1,,1.000000,0.000000,L,1.000000,1.000000,0.000000,0.000000,0.807408
36,22,00268,overcast,720,0,,0.993365,0.006635,L,0.993365,0.986730,0.057550,0.013270,0.094555
36,22,00268,overcast,381,0,,0.998974,0.001026,L,0.998974,0.997949,0.011662,0.002051,0.037281
36,22,00268,overcast,408,0,,0.998901,0.001099,L,0.998901,0.997802,0.012388,0.002198,0.044421
36,22,00268,overcast,380,0,,0.998481,0.001519,L,0.998481,0.996961,0.016414,0.003039,0.041925
36,22,00268,overcast,993,0,,0.998591,0.001409,L,0.998591,0.997183,0.015372,0.002817,0.041844
36,22,00268,overcast,1043,0,,0.997178,0.002822,L,0.997178,0.994356,0.027966,0.005644,0.063150
36,22,00268,overcast,1034,0,,0.998104,0.001896,L,0.998104,0.996209,0.019875,0.003791,0.060049
36,22,00268,overcast,382,0,,0.999068,0.000932,L,0.999068,0.998137,0.010723,0.001863,0.040854
36,22,00268,overcast,1275,0,,0.997409,0.002591,L,0.997409,0.994818,0.025997,0.005182,0.100821
36,22,00268,overcast,1085,0,,0.999137,0.000863,L,0.999137,0.998275,0.010025,0.001725,0.037550
36,22,00268,overcast,637,0,,0.996641,0.003359,L,0.996641,0.993282,0.032443,0.006718,0.049670
36,22,00268,overcast,227,0,,0.998796,0.001204,L,0.998796,0.997593,0.013408,0.002407,0.063568
36,22,00268,overcast,860,0,,0.998303,0.001697,L,0.998303,0.996606,0.018064,0.003394,0.044679
36,22,00268,overcast,512,0,,0.999440,0.000560,L,0.999440,0.998880,0.006859,0.001120,0.046812
36,22,00268,overcast,911,0,,0.998085,0.001915,L,0.998085,0.996170,0.020049,0.003830,0.039754
36,22,00268,overcast,1420,0,,0.999938,0.000062,L,0.999938,0.999875,0.000961,0.000125,0.102982
36,22,00268,overcast,1290,0,,0.999169,0.000831,L,0.999169,0.998339,0.009699,0.001661,0.092708
36,22,00268,overcast,1254,0,,0.998729,0.001271,L,0.998729,0.997459,0.014057,0.002541,0.067280
37,22,00285,overcast,779,1,,0.999971,0.000029,L,0.999971,0.999942,0.000477,0.000058,0.251934
37,22,00285,overcast,511,1,,0.999165,0.000835,L,0.999165,0.998331,0.009739,0.001669,0.109923
37,22,00285,overcast,596,1,,0.999195,0.000805,L,0.999195,0.998390,0.009436,0.001610,0.227020
37,22,00285,overcast,600,1,,0.999682,0.000318,L,0.999682,0.999365,0.004150,0.000635,0.055846
37,22,00285,overcast,775,1,,0.999554,0.000446,L,0.999554,0.999109,0.005603,0.000891,0.209385
37,22,00285,overcast,507,1,,0.999690,0.000310,L,0.999690,0.999379,0.004064,0.000621,0.103468
37,22,00285,overcast,871,1,,0.999246,0.000754,L,0.999246,0.998493,0.008905,0.001507,0.048426
37,22,00285,overcast,780,1,,0.999383,0.000617,L,0.999383,0.998766,0.007468,0.001234,0.074690
37,22,00285,overcast,689,1,,0.999944,0.000056,L,0.999944,0.999888,0.000869,0.000112,0.361657
37,22,00285,overcast,504,1,,0.998132,0.001868,L,0.998132,0.996263,0.019627,0.003737,0.076794
37,22,00285,overcast,506,1,,0.999083,0.000917,L,0.999083,0.998166,0.010576,0.001834,0.083360
37,22,00285,overcast,599,1,,0.998849,0.001151,L,0.998849,0.997699,0.012894,0.002301,0.123665
37,22,00285,overcast,684,1,,0.999860,0.000140,L,0.999860,0.999720,0.001992,0.000280,0.214967
37,22,00285,overcast,870,1,,0.999453,0.000547,L,0.999453,0.998906,0.006718,0.001094,0.049027
37,22,00285,overcast,687,1,,1.000000,0.000000,L,1.000000,1.000000,0.000001,0.000000,0.788043
37,22,00285,overcast,864,1,,0.997393,0.002607,L,0.997393,0.994787,0.026130,0.005213,0.110187
37,22,00285,overcast,777,1,,1.000000,0.000000,L,1.000000,1.000000,0.000000,0.000000,0.788860
37,22,00285,overcast,598,1,,0.999403,0.000597,L,0.999403,0.998805,0.007258,0.001195,0.230311
37,22,00285,overcast,508,1,,0.999000,0.001001,L,0.999000,0.997999,0.011413,0.002001,0.073722
37,22,00285,overcast,776,1,,1.000000,0.000000,L,1.000000,0.999999,0.000008,0.000001,0.637440
37,22,00285,overcast,778,1,,1.000000,0.000000,L,1.000000,1.000000,0.000001,0.000000,0.683955
37,22,00285,overcast,867,1,,0.999315,0.000685,L,0.999315,0.998631,0.008185,0.001369,0.158505
37,22,00285,overcast,865,1,,0.996749,0.003251,L,0.996749,0.993499,0.031548,0.006501,0.158837
37,22,00285,overcast,774,1,,0.999672,0.000328,L,0.999672,0.999345,0.004265,0.000655,0.168670
37,22,00285,overcast,868,1,,0.999649,0.000351,L,0.999649,0.999298,0.004535,0.000702,0.111512
37,22,00285,overcast,866,1,,0.997928,0.002072,L,0.997928,0.995856,0.021458,0.004144,0.166554
37,22,00285,overcast,594,1,,0.998814,0.001186,L,0.998814,0.997628,0.013237,0.002372,0.167921
37,22,00285,overcast,781,1,,0.999431,0.000569,L,0.999431,0.998861,0.006958,0.001139,0.050742
37,22,00285,overcast,597,1,,0.999623,0.000377,L,0.999623,0.999245,0.004835,0.000755,0.258397
37,22,00285,overcast,691,1,,0.999732,0.000268,L,0.999732,0.999464,0.003566,0.000536,0.054152
37,22,00285,overcast,505,1,,0.997355,0.002645,L,0.997355,0.994709,0.026461,0.005291,0.111473
37,22,00285,overcast,686,1,,0.999999,0.000001,L,0.999999,0.999999,0.000015,0.000001,0.593176
37,22,00285,overcast,509,1,,0.999238,0.000762,L,0.999238,0.998476,0.008991,0.001524,0.106517
37,22,00285,overcast,595,1,,0.998622,0.001378,L,0.998622,0.997244,0.015080,0.002756,0.208700
37,22,00285,overcast,601,1,,0.999751,0.000249,L,0.999751,0.999502,0.003339,0.000498,0.045195
37,22,00285,overcast,869,1,,0.999393,0.000607,L,0.999393,0.998787,0.007358,0.001213,0.057428
37,22,00285,overcast,1205,0,,0.996615,0.003385,L,0.996615,0.993230,0.032654,0.006770,0.066804
37,22,00285,overcast,486,0,,0.998409,0.001591,L,0.998409,0.996817,0.017087,0.003183,0.067709
37,22,00285,overcast,1156,0,,0.998237,0.001763,L,0.998237,0.996474,0.018671,0.003526,0.078592
37,22,00285,overcast,944,0,,0.996476,0.003524,L,0.996476,0.992952,0.033790,0.007048,0.050290
37,22,00285,overcast,55,0,,0.999554,0.000446,L,0.999554,0.999108,0.005609,0.000892,0.049368
37,22,00285,overcast,306,0,,0.999968,0.000032,L,0.999968,0.999936,0.000523,0.000064,0.058990
37,22,00285,overcast,529,0,,0.999230,0.000770,L,0.999230,0.998460,0.009077,0.001540,0.034404
37,22,00285,overcast,783,0,,0.999513,0.000487,L,0.999513,0.999027,0.006058,0.000973,0.047502
37,22,00285,overcast,1217,0,,0.996708,0.003292,L,0.996708,0.993415,0.031892,0.006585,0.064385
37,22,00285,overcast,852,0,,0.998512,0.001488,L,0.998512,0.997024,0.016123,0.002976,0.044707
37,22,00285,overcast,854,0,,0.996708,0.003292,L,0.996708,0.993417,0.031887,0.006583,0.054508
37,22,00285,overcast,519,0,,0.999429,0.000571,L,0.999429,0.998857,0.006979,0.001143,0.072084
37,22,00285,overcast,287,0,,0.999361,0.000639,L,0.999361,0.998722,0.007705,0.001278,0.038788
37,22,00285,overcast,964,0,,0.998552,0.001448,L,0.998552,0.997105,0.015741,0.002895,0.043702
37,22,00285,overcast,27,0,,0.997858,0.002142,L,0.997858,0.995716,0.022081,0.004284,0.054032
37,22,00285,overcast,733,0,,0.999593,0.000407,L,0.999593,0.999187,0.005166,0.000813,0.027747
37,22,00285,overcast,1346,0,,0.999404,0.000596,L,0.999404,0.998808,0.007242,0.001192,0.037998
37,22,00285,overcast,566,0,,0.998516,0.001484,L,0.998516,0.997032,0.016085,0.002968,0.043556
38,22,00451,overcast,509,1,,0.998303,0.001697,L,0.998303,0.996607,0.018060,0.003393,0.053383
38,22,00451,overcast,1330,1,,0.998970,0.001030,L,0.998970,0.997939,0.011710,0.002061,0.066579
38,22,00451,overcast,774,1,,0.996552,0.003448,L,0.996552,0.993105,0.033168,0.006895,0.121527
38,22,00451,overcast,1149,1,,0.998005,0.001995,L,0.998005,0.996010,0.020770,0.003990,0.061229
38,22,00451,overcast,968,1,,0.999405,0.000595,L,0.999405,0.998810,0.007234,0.001190,0.048618
38,22,00451,overcast,1325,1,,0.998608,0.001392,L,0.998608,0.997215,0.015219,0.002785,0.081788
38,22,00451,overcast,1236,1,,0.997697,0.002303,L,0.997697,0.995393,0.023501,0.004607,0.094618
38,22,00451,overcast,1233,1,,0.996278,0.003722,L,0.996278,0.992556,0.035394,0.007444,0.087852
38,22,00451,overcast,970,1,,0.999734,0.000266,L,0.999734,0.999467,0.003547,0.000533,0.034629
38,22,00451,overcast,1144,1,,0.999967,0.000034,L,0.999967,0.999933,0.000547,0.000067,0.351115
38,22,00451,overcast,510,1,,0.998119,0.001881,L,0.998119,0.996238,0.019743,0.003762,0.051887
38,22,00451,overcast,1055,1,,1.000000,0.000000,L,1.000000,1.000000,0.000001,0.000000,0.668383
38,22,00451,overcast,1267,1,,0.997536,0.002464,L,0.997536,0.995072,0.024899,0.004928,0.197911
38,22,00451,overcast,996,1,,0.999609,0.000391,L,0.999609,0.999218,0.004988,0.000782,0.225085
38,22,00451,overcast,911,1,,0.996799,0.003201,L,0.996799,0.993599,0.031134,0.006401,0.090954
38,22,00451,overcast,864,1,,0.995306,0.004694,L,0.995306,0.990613,0.043061,0.009387,0.088029
38,22,00451,overcast,1270,1,,0.997616,0.002384,L,0.997616,0.995233,0.024203,0.004767,0.179213
38,22,00451,overcast,964,1,,0.998249,0.001751,L,0.998249,0.996498,0.018558,0.003502,0.121474
38,22,00451,overcast,1239,1,,0.998595,0.001405,L,0.998595,0.997190,0.015338,0.002810,0.057367
38,22,00451,overcast,998,1,,0.998998,0.001002,L,0.998998,0.997996,0.011427,0.002004,0.268536
38,22,00451,overcast,1238,1,,0.998035,0.001965,L,0.998035,0.996071,0.020496,0.003929,0.082044
38,22,00451,overcast,1148,1,,0.997239,0.002762,L,0.997239,0.994477,0.027452,0.005523,0.087074
38,22,00451,overcast,1053,1,,0.999383,0.000617,L,0.999383,0.998767,0.007465,0.001233,0.168166
38,22,00451,overcast,1237,1,,0.997943,0.002057,L,0.997943,0.995885,0.021328,0.004115,0.065029
38,22,00451,overcast,1001,1,,0.998273,0.001727,L,0.998273,0.996546,0.018339,0.003454,0.134816
38,22,00451,overcast,1085,1,,0.999836,0.000164,L,0.999836,0.999673,0.002293,0.000327,0.258374
38,22,00451,overcast,1329,1,,0.999435,0.000565,L,0.999435,0.998870,0.006910,0.001130,0.060989
38,22,00451,overcast,780,1,,0.999482,0.000518,L,0.999482,0.998964,0.006403,0.001036,0.058248
38,22,00451,overcast,969,1,,0.999750,0.000250,L,0.999750,0.999500,0.003350,0.000500,0.035528
38,22,00451,overcast,906,1,,0.995975,0.004025,L,0.995975,0.991949,0.037825,0.008051,0.147879
38,22,00451,overcast,691,1,,0.999666,0.000334,L,0.999666,0.999331,0.004344,0.000669,0.039178
38,22,00451,overcast,777,1,,0.999959,0.000041,L,0.999959,0.999919,0.000650,0.000081,0.372806
38,22,00451,overcast,1056,1,,1.000000,0.000000,L,1.000000,1.000000,0.000001,0.000000,0.670743
38,22,00451,overcast,963,1,,0.999243,0.000757,L,0.999243,0.998486,0.008939,0.001514,0.100619
38,22,00451,overcast,594,1,,0.998561,0.001439,L,0.998561,0.997122,0.015659,0.002878,0.093455
38,22,00451,overcast,1146,1,,1.000000,0.000000,L,1.000000,1.000000,0.000003,0.000000,0.664771
38,22,00451,overcast,1098,0,,0.999115,0.000885,L,0.999115,0.998229,0.010255,0.001771,0.093167
38,22,00451,overcast,1337,0,,0.999873,0.000127,L,0.999873,0.999746,0.001826,0.000254,0.077594
38,22,00451,overcast,525,0,,0.999503,0.000497,L,0.999503,0.999006,0.006172,0.000994,0.051374
38,22,00451,overcast,160,0,,0.999640,0.000360,L,0.999640,0.999279,0.004642,0.000721,0.071115
38,22,00451,overcast,98,0,,0.997233,0.002767,L,0.997233,0.994467,0.027496,0.005533,0.088875
38,22,00451,overcast,1021,0,,0.996304,0.003696,L,0.996304,0.992608,0.035187,0.007392,0.104874
38,22,00451,overcast,396,0,,0.999129,0.000871,L,0.999129,0.998257,0.010114,0.001743,0.049227
38,22,00451,overcast,727,0,,0.993474,0.006526,L,0.993474,0.986949,0.056757,0.013051,0.081404
38,22,00451,overcast,817,0,,0.998803,0.001197,L,0.998803,0.997607,0.013342,0.002393,0.076002
38,22,00451,overcast,1333,0,,0.998893,0.001107,L,0.998893,0.997785,0.012470,0.002215,0.060759
38,22,00451,overcast,1287,0,,0.998763,0.001237,L,0.998763,0.997526,0.013730,0.002474,0.137075
38,22,00451,overcast,1010,0,,0.998586,0.001414,L,0.998586,0.997172,0.015422,0.002828,0.076284
38,22,00451,overcast,706,0,,0.999584,0.000416,L,0.999584,0.999168,0.005271,0.000832,0.049106
38,22,00451,overcast,1094,0,,0.997346,0.002654,L,0.997346,0.994693,0.026532,0.005307,0.142799
38,22,00451,overcast,1255,0,,0.999585,0.000415,L,0.999585,0.999170,0.005263,0.000830,0.054658
38,22,00451,overcast,419,0,,0.998523,0.001477,L,0.998523,0.997046,0.016016,0.002954,0.060139
38,22,00451,overcast,913,0,,0.997523,0.002477,L,0.997523,0.995046,0.025013,0.004954,0.073357
38,22,00451,overcast,1207,0,,0.997164,0.002835,L,0.997164,0.994329,0.028079,0.005671,0.063016
39,22,00467,overcast,1062,1,,0.998913,0.001087,L,0.998913,0.997825,0.012273,0.002175,0.190347
39,22,00467,overcast,1006,1,,0.997589,0.002411,L,0.997589,0.995177,0.024444,0.004823,0.146811
39,22,00467,overcast,1276,1,,0.997860,0.002140,L,0.997860,0.995721,0.022058,0.004279,0.123115
39,22,00467,overcast,861,1,,0.998588,0.001412,L,0.998588,0.997177,0.015401,0.002823,0.072138
39,22,00467,overcast,1281,1,,0.999151,0.000849,L,0.999151,0.998302,0.009883,0.001698,0.078960
39,22,00467,overcast,887,1,,0.999427,0.000573,L,0.999427,0.998855,0.006993,0.001145,0.048285
39,22,00467,overcast,772,1,,0.998986,0.001014,L,0.998986,0.997973,0.011543,0.002027,0.060801
39,22,00467,overcast,501,1,,0.996208,0.003792,L,0.996208,0.992416,0.035959,0.007584,0.084965
39,22,00467,overcast,882,1,,0.997957,0.002043,L,0.997957,0.995914,0.021200,0.004086,0.051336
39,22,00467,overcast,502,1,,0.997123,0.002877,L,0.997123,0.994246,0.028430,0.005754,0.078907
39,22,00467,overcast,1011,1,,0.999546,0.000454,L,0.999546,0.999093,0.005693,0.000907,0.057193
39,22,00467,overcast,1009,1,,0.998810,0.001190,L,0.998810,0.997620,0.013278,0.002380,0.105232
39,22,00467,overcast,1097,1,,1.000000,0.000000,L,1.000000,1.000000,0.000001,0.000000,0.983963
39,22,00467,overcast,1189,1,,0.997861,0.002139,L,0.997861,0.995722,0.022055,0.004278,0.091917
39,22,00467,overcast,1332,1,,0.999638,0.000362,L,0.999638,0.999275,0.004665,0.000725,0.088555
39,22,00467,overcast,1274,1,,0.997378,0.002622,L,0.997378,0.994755,0.026266,0.005245,0.102019
39,22,00467,overcast,1249,1,,0.998369,0.001631,L,0.998369,0.996738,0.017455,0.003262,0.116602
39,22,00467,overcast,972,1,,0.998291,0.001709,L,0.998291,0.996583,0.018171,0.003417,0.098794
39,22,00467,overcast,767,1,,0.996276,0.003724,L,0.996276,0.992552,0.035410,0.007448,0.193930
39,22,00467,overcast,586,1,,0.999924,0.000076,L,0.999924,0.999848,0.001149,0.000152,0.131778
39,22,00467,overcast,1008,1,,0.999156,0.000845,L,0.999156,0.998311,0.009840,0.001689,0.153018
39,22,00467,overcast,977,1,,0.999718,0.000282,L,0.999718,0.999435,0.003737,0.000565,0.048842
39,22,00467,overcast,1244,1,,0.998746,0.001254,L,0.998746,0.997493,0.013892,0.002507,0.196291
39,22,00467,overcast,1338,1,,0.999645,0.000355,L,0.999645,0.999289,0.004584,0.000711,0.100646
39,22,00467,overcast,863,1,,0.998330,0.001670,L,0.998330,0.996659,0.017818,0.003341,0.047638
39,22,00467,overcast,500,1,,0.995689,0.004311,L,0.995689,0.991378,0.040080,0.008622,0.096208
39,22,00467,overcast,1066,1,,0.999957,0.000043,L,0.999957,0.999913,0.000691,0.000087,0.295245
39,22,00467,overcast,1331,1,,0.999586,0.000414,L,0.999586,0.999173,0.005247,0.000827,0.080435
39,22,00467,overcast,1154,1,,1.000000,0.000000,L,1.000000,1.000000,0.000005,0.000000,0.627321
39,22,00467,overcast,498,1,,0.997387,0.002613,L,0.997387,0.994774,0.026184,0.005226,0.119752
39,22,00467,overcast,1191,1,,0.996345,0.003655,L,0.996345,0.992689,0.034858,0.007311,0.071444
39,22,00467,overcast,771,1,,0.999693,0.000307,L,0.999693,0.999386,0.004026,0.000614,0.209202
39,22,00467,overcast,588,1,,0.998739,0.001261,L,0.998739,0.997478,0.013964,0.002522,0.202902
39,22,00467,overcast,1275,1,,0.997670,0.002330,L,0.997670,0.995340,0.023735,0.004660,0.116478
39,22,00467,overcast,1190,1,,0.996539,0.003461,L,0.996539,0.993079,0.033274,0.006921,0.075683
39,22,00467,overcast,1065,1,,1.000000,0.000000,L,1.000000,1.000000,0.000004,0.000000,0.625508
39,22,00467,overcast,280,0,,0.999295,0.000705,L,0.999295,0.998589,0.008401,0.001411,0.131307
39,22,00467,overcast,1140,0,,0.998428,0.001572,L,0.998428,0.996856,0.016904,0.003144,0.048555
39,22,00467,overcast,482,0,,0.996742,0.003258,L,0.996742,0.993485,0.031606,0.006515,0.089457
39,22,00467,overcast,1435,0,,0.999405,0.000595,L,0.999405,0.998811,0.007229,0.001189,0.054441
39,22,00467,overcast,967,0,,0.998007,0.001993,L,0.998007,0.996014,0.020751,0.003986,0.089514
39,22,00467,overcast,196,0,,0.998851,0.001149,L,0.998851,0.997702,0.012878,0.002298,0.073975
39,22,00467,overcast,1125,0,,0.998510,0.001490,L,0.998510,0.997021,0.016137,0.002979,0.059730
39,22,00467,overcast,1426,0,,0.996486,0.003514,L,0.996486,0.992971,0.033712,0.007029,0.101150
39,22,00467,overcast,1378,0,,0.998930,0.001070,L,0.998930,0.997859,0.012106,0.002141,0.092952
39,22,00467,overcast,1439,0,,0.999158,0.000842,L,0.999158,0.998315,0.009818,0.001685,0.042135
39,22,00467,overcast,434,0,,0.999664,0.000336,L,0.999664,0.999328,0.004363,0.000672,0.035629
39,22,00467,overcast,511,0,,0.999756,0.000244,L,0.999756,0.999512,0.003281,0.000488,0.046738
39,22,00467,overcast,742,0,,0.999015,0.000985,L,0.999015,0.998030,0.011259,0.001970,0.046312
39,22,00467,overcast,33,0,,0.999375,0.000625,L,0.999375,0.998749,0.007558,0.001251,0.085890
39,22,00467,overcast,1075,0,,0.999289,0.000711,L,0.999289,0.998577,0.008465,0.001423,0.043132
39,22,00467,overcast,5,0,,0.997938,0.002062,L,0.997938,0.995877,0.021365,0.004123,0.082777
39,22,00467,overcast,32,0,,0.999456,0.000544,L,0.999456,0.998912,0.006685,0.001088,0.082555
39,22,00467,overcast,67,0,,0.999736,0.000264,L,0.999736,0.999471,0.003523,0.000529,0.077673
40,22,00484,overcast,1070,1,,0.999525,0.000475,L,0.999525,0.999050,0.005929,0.000950,0.104808
40,22,00484,overcast,716,1,,1.000000,0.000000,L,1.000000,1.000000,0.000004,0.000000,0.169887
40,22,00484,overcast,980,1,,0.997201,0.002799,L,0.997201,0.994403,0.027767,0.005597,0.069607
40,22,00484,overcast,494,1,,0.998560,0.001440,L,0.998560,0.997120,0.015669,0.002880,0.083992
40,22,00484,overcast,809,1,,0.999512,0.000488,L,0.999512,0.999023,0.006075,0.000977,0.052863
40,22,00484,overcast,1430,1,,0.999606,0.000394,L,0.999606,0.999212,0.005022,0.000788,0.094694
40,22,00484,overcast,1257,1,,0.999052,0.000947,L,0.999052,0.998105,0.010882,0.001895,0.059329
40,22,00484,overcast,1196,1,,0.999998,0.000002,L,0.999998,0.999996,0.000037,0.000004,0.594935
40,22,00484,overcast,768,1,,0.998194,0.001806,L,0.998194,0.996389,0.019058,0.003611,0.090740
40,22,00484,overcast,1343,1,,0.999203,0.000797,L,0.999203,0.998407,0.009349,0.001593,0.126593
40,22,00484,overcast,1435,1,,0.999697,0.000303,L,0.999697,0.999395,0.003975,0.000605,0.077867
40,22,00484,overcast,1016,1,,0.998115,0.001885,L,0.998115,0.996231,0.019774,0.003769,0.185726
40,22,00484,overcast,588,1,,0.999115,0.000885,L,0.999115,0.998229,0.010255,0.001771,0.083499
40,22,00484,overcast,1433,1,,0.999074,0.000926,L,0.999074,0.998148,0.010665,0.001852,0.101469
40,22,00484,overcast,495,1,,0.998354,0.001646,L,0.998354,0.996707,0.017596,0.003293,0.097124
40,22,00484,overcast,1252,1,,0.999618,0.000382,L,0.999618,0.999236,0.004889,0.000764,0.180140
40,22,00484,overcast,1344,1,,0.999282,0.000718,L,0.999282,0.998563,0.008539,0.001437,0.092105
40,22,00484,overcast,982,1,,0.999582,0.000418,L,0.999582,0.999165,0.005290,0.000835,0.064600
40,22,00484,overcast,1195,1,,0.999313,0.000687,L,0.999313,0.998626,0.008209,0.001374,0.206158
40,22,00484,overcast,625,1,,0.999889,0.000111,L,0.999889,0.999778,0.001621,0.000222,0.052104
40,22,00484,overcast,673,1,,1.000000,0.000000,L,1.000000,1.000000,0.000002,0.000000,0.758707
40,22,00484,overcast,807,1,,1.000000,0.000000,L,1.000000,1.000000,0.000001,0.000000,0.578352
40,22,00484,overcast,808,1,,0.999951,0.000049,L,0.999951,0.999901,0.000777,0.000099,0.102283
40,22,00484,overcast,1103,1,,0.999634,0.000366,L,0.999634,0.999267,0.004710,0.000733,0.170386
40,22,00484,overcast,496,1,,0.997856,0.002144,L,0.997856,0.995713,0.022095,0.004287,0.058721
40,22,00484,overcast,1106,1,,1.000000,0.000000,L,1.000000,1.000000,0.000001,0.000000,0.827373
40,22,00484,overcast,899,1,,0.999368,0.000632,L,0.999368,0.998735,0.007632,0.001265,0.055884
40,22,00484,overcast,1161,1,,0.999775,0.000225,L,0.999775,0.999550,0.003051,0.000450,0.217198
40,22,00484,overcast,498,1,,0.998278,0.001722,L,0.998278,0.996556,0.018293,0.003444,0.075498
40,22,00484,overcast,767,1,,0.998035,0.001965,L,0.998035,0.996070,0.020501,0.003930,0.077940
40,22,00484,overcast,1073,1,,0.999989,0.000011,L,0.999989,0.999978,0.000197,0.000022,0.315148
40,22,00484,overcast,988,1,,0.999276,0.000724,L,0.999276,0.998553,0.008593,0.001447,0.061056
40,22,00484,overcast,897,1,,0.999825,0.000175,L,0.999825,0.999649,0.002440,0.000351,0.088191
40,22,00484,overcast,1108,1,,1.000000,0.000000,L,1.000000,1.000000,0.000003,0.000000,0.731561
40,22,00484,overcast,1340,1,,0.998858,0.001142,L,0.998858,0.997715,0.012812,0.002285,0.128848
40,22,00484,overcast,1286,1,,0.998122,0.001878,L,0.998122,0.996244,0.019717,0.003756,0.194406
40,22,00484,overcast,1088,0,,0.998819,0.001181,L,0.998819,0.997637,0.013193,0.002363,0.038246
40,22,00484,overcast,255,0,,0.999842,0.000158,L,0.999842,0.999685,0.002220,0.000315,0.045958
40,22,00484,overcast,438,0,,0.999717,0.000283,L,0.999717,0.999433,0.003749,0.000567,0.057257
40,22,00484,overcast,78,0,,0.999807,0.000193,L,0.999807,0.999613,0.002663,0.000387,0.069354
40,22,00484,overcast,192,0,,0.998318,0.001682,L,0.998318,0.996637,0.017923,0.003363,0.048713
40,22,00484,overcast,476,0,,0.999541,0.000459,L,0.999541,0.999082,0.005754,0.000918,0.062566
40,22,00484,overcast,837,0,,0.999909,0.000091,L,0.999909,0.999818,0.001350,0.000182,0.050855
40,22,00484,overcast,1067,0,,0.998567,0.001433,L,0.998567,0.997135,0.015600,0.002865,0.053490
40,22,00484,overcast,787,0,,0.999227,0.000773,L,0.999227,0.998453,0.009108,0.001547,0.108148
40,22,00484,overcast,1333,0,,0.999605,0.000395,L,0.999605,0.999210,0.005037,0.000790,0.061618
40,22,00484,overcast,1184,0,,0.996445,0.003555,L,0.996445,0.992889,0.034046,0.007111,0.062766
40,22,00484,overcast,136,0,,0.998843,0.001157,L,0.998843,0.997687,0.012951,0.002313,0.057866
40,22,00484,overcast,1123,0,,0.998764,0.001236,L,0.998764,0.997528,0.013723,0.002472,0.076532
40,22,00484,overcast,1375,0,,0.998449,0.001551,L,0.998449,0.996898,0.016708,0.003102,0.160283
40,22,00484,overcast,125,0,,0.998390,0.001610,L,0.998390,0.996780,0.017259,0.003220,0.069481
40,22,00484,overcast,571,0,,0.997188,0.002812,L,0.997188,0.994376,0.027879,0.005624,0.055681
40,22,00484,overcast,488,0,,0.998348,0.001652,L,0.998348,0.996696,0.017651,0.003304,0.063815
40,22,00484,overcast,433,0,,0.999783,0.000217,L,0.999783,0.999567,0.002949,0.000433,0.041130
41,22,00500,overcast,853,1,,0.996324,0.003676,L,0.996324,0.992648,0.035025,0.007352,0.118140
41,22,00500,overcast,762,1,,0.999372,0.000628,L,0.999372,0.998745,0.007582,0.001255,0.247374
41,22,00500,overcast,1203,1,,0.998411,0.001589,L,0.998411,0.996823,0.017061,0.003177,0.159990
41,22,00500,overcast,1296,1,,0.998775,0.001225,L,0.998775,0.997549,0.013619,0.002451,0.214683
41,22,00500,overcast,1386,1,,0.998362,0.001638,L,0.998362,0.996723,0.017523,0.003277,0.156258
41,22,00500,overcast,622,1,,0.999616,0.000384,L,0.999616,0.999232,0.004912,0.000768,0.263792
41,22,00500,overcast,492,1,,0.999346,0.000654,L,0.999346,0.998691,0.007865,0.001309,0.069218
41,22,00500,overcast,1116,1,,1.000000,0.000000,L,1.000000,1.000000,0.000001,0.000000,0.785743
41,22,00500,overcast,803,1,,1.000000,0.000000,L,1.000000,1.000000,0.000005,0.000000,0.375492
41,22,00500,overcast,626,1,,0.999601,0.000399,L,0.999601,0.999202,0.005080,0.000798,0.051540
41,22,00500,overcast,673,1,,1.000000,0.000000,L,1.000000,1.000000,0.000003,0.000000,0.777338
41,22,00500,overcast,1387,1,,0.999048,0.000952,L,0.999048,0.998095,0.010932,0.001905,0.107864
41,22,00500,overcast,1026,1,,0.997575,0.002425,L,0.997575,0.995149,0.024565,0.004851,0.175958
41,22,00500,overcast,715,1,,0.999424,0.000577,L,0.999424,0.998847,0.007035,0.001153,0.164070
41,22,00500,overcast,493,1,,0.998944,0.001056,L,0.998944,0.997887,0.011966,0.002113,0.073725
41,22,00500,overcast,852,1,,0.997335,0.002665,L,0.997335,0.994669,0.026634,0.005331,0.164307
41,22,00500,overcast,621,1,,0.998724,0.001276,L,0.998724,0.997448,0.014107,0.002552,0.126611
41,22,00500,overcast,986,1,,0.999334,0.000666,L,0.999334,0.998667,0.007993,0.001333,0.045495
41,22,00500,overcast,712,1,,0.999942,0.000058,L,0.999942,0.999885,0.000895,0.000115,0.290045
41,22,00500,overcast,895,1,,0.999232,0.000768,L,0.999232,0.998465,0.009050,0.001535,0.072769
41,22,00500,overcast,806,1,,0.999722,0.000278,L,0.999722,0.999445,0.003682,0.000555,0.038231
41,22,00500,overcast,579,1,,0.999020,0.000980,L,0.999020,0.998040,0.011207,0.001960,0.110064
41,22,00500,overcast,580,1,,0.998376,0.001624,L,0.998376,0.996752,0.017390,0.003248,0.178504
41,22,00500,overcast,1294,1,,0.997814,0.002186,L,0.997814,0.995627,0.022471,0.004373,0.193915
41,22,00500,overcast,764,1,,0.996651,0.003349,L,0.996651,0.993302,0.032361,0.006698,0.203724
41,22,00500,overcast,981,1,,0.996545,0.003455,L,0.996545,0.993091,0.033224,0.006909,0.084087
41,22,00500,overcast,800,1,,0.999996,0.000004,L,0.999996,0.999991,0.000082,0.000009,0.117949
41,22,00500,overcast,624,1,,0.999282,0.000718,L,0.999282,0.998565,0.008530,0.001435,0.200429
41,22,00500,overcast,856,1,,0.996088,0.003912,L,0.996088,0.992176,0.036923,0.007824,0.066978
41,22,00500,overcast,627,1,,0.999505,0.000495,L,0.999505,0.999009,0.006153,0.000991,0.041367
41,22,00500,overcast,1027,1,,0.998015,0.001985,L,0.998015,0.996030,0.020681,0.003970,0.182560
41,22,00500,overcast,582,1,,1.000000,0.000000,L,1.000000,1.000000,0.000004,0.000000,0.636075
41,22,00500,overcast,760,1,,0.996110,0.003890,L,0.996110,0.992221,0.036742,0.007779,0.198710
41,22,00500,overcast,804,1,,1.000000,0.000000,L,1.000000,0.999999,0.000007,0.000001,0.317334
41,22,00500,overcast,714,1,,0.999976,0.000024,L,0.999976,0.999951,0.000408,0.000049,0.369255
41,22,00500,overcast,894,1,,0.999959,0.000042,L,0.999959,0.999917,0.000664,0.000083,0.060795
41,22,00500,overcast,51,0,,0.999737,0.000263,L,0.999737,0.999473,0.003510,0.000527,0.049880
41,22,00500,overcast,963,0,,0.999116,0.000884,L,0.999116,0.998233,0.010239,0.001767,0.031292
41,22,00500,overcast,781,0,,0.999429,0.000571,L,0.999429,0.998858,0.006977,0.001142,0.037328
41,22,00500,overcast,302,0,,0.998132,0.001868,L,0.998132,0.996263,0.019629,0.003737,0.045649
41,22,00500,overcast,45,0,,0.998542,0.001458,L,0.998542,0.997083,0.015841,0.002917,0.070262
41,22,00500,overcast,297,0,,0.998950,0.001050,L,0.998950,0.997899,0.011908,0.002101,0.043866
41,22,00500,overcast,13,0,,0.997969,0.002031,L,0.997969,0.995937,0.021095,0.004063,0.066696
41,22,00500,overcast,1099,0,,0.999008,0.000992,L,0.999008,0.998015,0.011333,0.001985,0.044799
41,22,00500,overcast,707,0,,0.999409,0.000591,L,0.999409,0.998819,0.007186,0.001181,0.033272
41,22,00500,overcast,303,0,,0.999164,0.000836,L,0.999164,0.998329,0.009749,0.001671,0.036771
41,22,00500,overcast,1007,0,,0.998117,0.001883,L,0.998117,0.996235,0.019758,0.003765,0.049060
41,22,00500,overcast,97,0,,0.998283,0.001718,L,0.998283,0.996565,0.018252,0.003435,0.050108
41,22,00500,overcast,1054,0,,0.998476,0.001524,L,0.998476,0.996952,0.016457,0.003048,0.045411
41,22,00500,overcast,677,0,,0.999520,0.000480,L,0.999520,0.999041,0.005980,0.000959,0.043432
41,22,00500,overcast,487,0,,0.998733,0.001267,L,0.998733,0.997467,0.014017,0.002533,0.055729
41,22,00500,overcast,794,0,,0.999451,0.000549,L,0.999451,0.998902,0.006737,0.001098,0.034512
41,22,00500,overcast,441,0,,0.999773,0.000227,L,0.999773,0.999545,0.003079,0.000455,0.036963
41,22,00500,overcast,1042,0,,0.993136,0.006864,L,0.993136,0.986272,0.059197,0.013728,0.100937
42,22,00517,overcast,674,1,,0.998337,0.001663,L,0.998337,0.996674,0.017749,0.003326,0.057173
42,22,00517,overcast,1123,1,,0.999817,0.000183,L,0.999817,0.999635,0.002532,0.000365,0.109886
42,22,00517,overcast,535,1,,0.999713,0.000287,L,0.999713,0.999426,0.003793,0.000574,0.038176
42,22,00517,overcast,893,1,,0.999519,0.000481,L,0.999519,0.999038,0.005998,0.000962,0.077600
42,22,00517,overcast,585,1,,0.997540,0.002460,L,0.997540,0.995080,0.024867,0.004920,0.055057
42,22,00517,overcast,580,1,,1.000000,0.000000,L,1.000000,1.000000,0.000003,0.000000,0.664538
42,22,00517,overcast,848,1,,0.998975,0.001025,L,0.998975,0.997950,0.011659,0.002050,0.092119
42,22,00517,overcast,889,1,,0.997919,0.002081,L,0.997919,0.995838,0.021539,0.004162,0.105383
42,22,00517,overcast,1213,1,,0.998990,0.001010,L,0.998990,0.997979,0.011511,0.002021,0.092385
42,22,00517,overcast,1220,1,,0.996616,0.003384,L,0.996616,0.993232,0.032646,0.006768,0.100529
42,22,00517,overcast,851,1,,0.996243,0.003757,L,0.996243,0.992487,0.035674,0.007513,0.141491
42,22,00517,overcast,894,1,,0.999324,0.000676,L,0.999324,0.998648,0.008094,0.001352,0.083475
42,22,00517,overcast,1040,1,,0.998912,0.001088,L,0.998912,0.997824,0.012277,0.002176,0.050722
42,22,00517,overcast,578,1,,0.999774,0.000226,L,0.999774,0.999547,0.003069,0.000453,0.111710
42,22,00517,overcast,490,1,,0.997987,0.002013,L,0.997987,0.995975,0.020927,0.004025,0.102303
42,22,00517,overcast,1308,1,,0.999452,0.000548,L,0.999452,0.998905,0.006723,0.001095,0.180953
42,22,00517,overcast,583,1,,0.997584,0.002416,L,0.997584,0.995169,0.024480,0.004831,0.176420
42,22,00517,overcast,495,1,,0.999124,0.000876,L,0.999124,0.998247,0.010166,0.001753,0.041094
42,22,00517,overcast,1033,1,,0.999062,0.000938,L,0.999062,0.998123,0.010790,0.001877,0.091007
42,22,00517,overcast,800,1,,0.999999,0.000001,L,0.999999,0.999999,0.000016,0.000001,0.347151
42,22,00517,overcast,533,1,,0.999180,0.000820,L,0.999180,0.998359,0.009594,0.001641,0.047064
42,22,00517,overcast,713,1,,0.999980,0.000020,L,0.999980,0.999960,0.000343,0.000040,0.089796
42,22,00517,overcast,1128,1,,0.999995,0.000005,L,0.999995,0.999989,0.000102,0.000011,0.513012
42,22,00517,overcast,710,1,,1.000000,0.000000,L,1.000000,1.000000,0.000001,0.000000,0.364218
42,22,00517,overcast,672,1,,1.000000,0.000000,L,1.000000,1.000000,0.000002,0.000000,0.734763
42,22,00517,overcast,624,1,,0.999463,0.000537,L,0.999463,0.998926,0.006610,0.001074,0.052641
42,22,00517,overcast,850,1,,0.995130,0.004870,L,0.995130,0.990260,0.044418,0.009740,0.136009
42,22,00517,overcast,760,1,,0.998463,0.001537,L,0.998463,0.996926,0.016580,0.003074,0.196349
42,22,00517,overcast,849,1,,0.995051,0.004949,L,0.995051,0.990102,0.045025,0.009898,0.155904
42,22,00517,overcast,1038,1,,0.995794,0.004206,L,0.995794,0.991587,0.039258,0.008413,0.161350
42,22,00517,overcast,531,1,,0.999913,0.000087,L,0.999913,0.999826,0.001300,0.000174,0.053862
42,22,00517,overcast,709,1,,0.999919,0.000081,L,0.999919,0.999837,0.001223,0.000163,0.098404
42,22,00517,overcast,488,1,,0.999104,0.000896,L,0.999104,0.998208,0.010362,0.001792,0.071577
42,22,00517,overcast,584,1,,0.996916,0.003084,L,0.996916,0.993832,0.030167,0.006168,0.071414
42,22,00517,overcast,1310,1,,0.999372,0.000628,L,0.999372,0.998744,0.007584,0.001256,0.143243
42,22,00517,overcast,619,1,,0.999896,0.000104,L,0.999896,0.999792,0.001526,0.000208,0.091348
42,22,00517,overcast,1015,0,,0.998454,0.001546,L,0.998454,0.996909,0.016661,0.003091,0.049493
42,22,00517,overcast,615,0,,0.999564,0.000436,L,0.999564,0.999127,0.005500,0.000873,0.059143
42,22,00517,overcast,1174,0,,0.995896,0.004104,L,0.995896,0.991791,0.038451,0.008209,0.092603
42,22,00517,overcast,559,0,,0.999767,0.000233,L,0.999767,0.999535,0.003144,0.000465,0.028994
42,22,00517,overcast,200,0,,0.998489,0.001511,L,0.998489,0.996978,0.016337,0.003022,0.046653
42,22,00517,overcast,344,0,,0.999823,0.000177,L,0.999823,0.999646,0.002463,0.000354,0.032531
42,22,00517,overcast,1407,0,,0.999954,0.000046,L,0.999954,0.999908,0.000726,0.000092,0.079305
42,22,00517,overcast,1110,0,,0.999102,0.000898,L,0.999102,0.998204,0.010384,0.001796,0.045933
42,22,00517,overcast,196,0,,0.997558,0.002442,L,0.997558,0.995117,0.024706,0.004883,0.047360
42,22,00517,overcast,1375,0,,0.999837,0.000163,L,0.999837,0.999674,0.002284,0.000326,0.097147
42,22,00517,overcast,464,0,,0.999246,0.000754,L,0.999246,0.998493,0.008905,0.001507,0.035462
42,22,00517,overcast,267,0,,0.999710,0.000290,L,0.999710,0.999420,0.003825,0.000580,0.042278
42,22,00517,overcast,1258,0,,0.999246,0.000754,L,0.999246,0.998492,0.008909,0.001508,0.052442
42,22,00517,overcast,125,0,,0.999720,0.000280,L,0.999720,0.999440,0.003709,0.000560,0.052111
42,22,00517,overcast,1031,0,,0.996188,0.003812,L,0.996188,0.992377,0.036116,0.007623,0.099204
42,22,00517,overcast,796,0,,0.999968,0.000032,L,0.999968,0.999936,0.000523,0.000064,0.131080
42,22,00517,overcast,1137,0,,0.999312,0.000688,L,0.999312,0.998624,0.008220,0.001376,0.060262
42,22,00517,overcast,235,0,,0.999289,0.000711,L,0.999289,0.998578,0.008460,0.001422,0.044446
43,22,00534,overcast,1315,1,,0.998774,0.001226,L,0.998774,0.997549,0.013621,0.002451,0.170059
43,22,00534,overcast,584,1,,0.998439,0.001561,L,0.998439,0.996879,0.016800,0.003121,0.053683
43,22,00534,overcast,854,1,,0.996876,0.003124,L,0.996876,0.993752,0.030497,0.006248,0.075675
43,22,00534,overcast,799,1,,1.000000,0.000000,L,1.000000,0.999999,0.000009,0.000001,0.592798
43,22,00534,overcast,712,1,,0.999648,0.000352,L,0.999648,0.999297,0.004542,0.000703,0.046985
43,22,00534,overcast,890,1,,0.999521,0.000478,L,0.999521,0.999043,0.005967,0.000957,0.204904
43,22,00534,overcast,1050,1,,0.999868,0.000132,L,0.999868,0.999735,0.001897,0.000265,0.045167
43,22,00534,overcast,889,1,,0.999720,0.000280,L,0.999720,0.999441,0.003705,0.000559,0.256625
43,22,00534,overcast,1230,1,,0.997129,0.002871,L,0.997129,0.994259,0.028376,0.005741,0.076144
43,22,00534,overcast,581,1,,1.000000,0.000000,L,1.000000,1.000000,0.000001,0.000000,0.744634
43,22,00534,overcast,529,1,,0.999693,0.000307,L,0.999693,0.999387,0.004023,0.000613,0.052857
43,22,00534,overcast,1043,1,,0.999204,0.000796,L,0.999204,0.998407,0.009346,0.001593,0.175585
43,22,00534,overcast,707,1,,0.999995,0.000004,L,0.999995,0.999991,0.000086,0.000009,0.357662
43,22,00534,overcast,1313,1,,0.998252,0.001748,L,0.998252,0.996504,0.018530,0.003496,0.157373
43,22,00534,overcast,760,1,,0.999097,0.000903,L,0.999097,0.998194,0.010432,0.001806,0.228792
43,22,00534,overcast,959,1,,0.999554,0.000446,L,0.999554,0.999108,0.005604,0.000892,0.042573
43,22,00534,overcast,765,1,,0.998909,0.001091,L,0.998909,0.997819,0.012306,0.002181,0.067048
43,22,00534,overcast,671,1,,1.000000,0.000000,L,1.000000,1.000000,0.000000,0.000000,0.992571
43,22,00534,overcast,583,1,,0.997914,0.002085,L,0.997914,0.995829,0.021577,0.004171,0.103582
43,22,00534,overcast,709,1,,1.000000,0.000000,L,1.000000,1.000000,0.000000,0.000000,0.626834
43,22,00534,overcast,619,1,,0.999994,0.000006,L,0.999994,0.999987,0.000121,0.000013,0.074794
43,22,00534,overcast,488,1,,0.998644,0.001356,L,0.998644,0.997288,0.014871,0.002712,0.096063
43,22,00534,overcast,887,1,,0.998584,0.001416,L,0.998584,0.997168,0.015442,0.002832,0.185154
43,22,00534,overcast,759,1,,0.998193,0.001807,L,0.998193,0.996385,0.019074,0.003615,0.206120
43,22,00534,overcast,670,1,,1.000000,0.000000,L,1.000000,1.000000,0.000000,0.000000,0.995469
43,22,00534,overcast,532,1,,0.999621,0.000379,L,0.999621,0.999242,0.004854,0.000758,0.037671
43,22,00534,overcast,960,1,,0.999585,0.000415,L,0.999585,0.999169,0.005266,0.000831,0.042056
43,22,00534,overcast,1140,1,,0.999643,0.000357,L,0.999643,0.999286,0.004603,0.000714,0.049581
43,22,00534,overcast,710,1,,0.999999,0.000001,L,0.999999,0.999997,0.000027,0.000003,0.406778
43,22,00534,overcast,851,1,,0.995359,0.004641,L,0.995359,0.990718,0.042652,0.009282,0.135580
43,22,00534,overcast,579,1,,0.998815,0.001185,L,0.998815,0.997631,0.013225,0.002369,0.221613
43,22,00534,overcast,886,1,,0.996369,0.003631,L,0.996369,0.992738,0.034658,0.007262,0.150199
43,22,00534,overcast,491,1,,0.998237,0.001763,L,0.998237,0.996475,0.018665,0.003525,0.129629
43,22,00534,overcast,795,1,,0.999996,0.000004,L,0.999996,0.999992,0.000078,0.000008,0.196219
43,22,00534,overcast,1139,1,,0.999561,0.000439,L,0.999561,0.999121,0.005533,0.000879,0.064534
43,22,00534,overcast,618,1,,0.999990,0.000010,L,0.999990,0.999980,0.000182,0.000020,0.066566
43,22,00534,overcast,315,0,,0.998797,0.001203,L,0.998797,0.997594,0.013403,0.002406,0.049947
43,22,00534,overcast,573,0,,0.997021,0.002979,L,0.997021,0.994041,0.029291,0.005959,0.044307
43,22,00534,overcast,895,0,,0.999180,0.000820,L,0.999180,0.998360,0.009589,0.001640,0.061268
43,22,00534,overcast,971,0,,0.999097,0.000902,L,0.999097,0.998195,0.010429,0.001805,0.035786
43,22,00534,overcast,1368,0,,0.998714,0.001286,L,0.998714,0.997429,0.014200,0.002571,0.098126
43,22,00534,overcast,186,0,,0.996296,0.003704,L,0.996296,0.992592,0.035252,0.007408,0.055342
43,22,00534,overcast,1110,0,,0.999445,0.000555,L,0.999445,0.998890,0.006805,0.001110,0.057192
43,22,00534,overcast,1364,0,,0.998838,0.001162,L,0.998838,0.997677,0.013000,0.002323,0.097833
43,22,00534,overcast,183,0,,0.993522,0.006478,L,0.993522,0.987044,0.056413,0.012956,0.072096
43,22,00534,overcast,1220,0,,0.996040,0.003960,L,0.996040,0.992080,0.037302,0.007920,0.075677
43,22,00534,overcast,263,0,,0.999782,0.000218,L,0.999782,0.999564,0.002967,0.000436,0.044573
43,22,00534,overcast,306,0,,0.999676,0.000324,L,0.999676,0.999352,0.004223,0.000648,0.038473
43,22,00534,overcast,1141,0,,0.999087,0.000913,L,0.999087,0.998174,0.010535,0.001826,0.051256
43,22,00534,overcast,1174,0,,0.996530,0.003470,L,0.996530,0.993061,0.033347,0.006939,0.076489
43,22,00534,overcast,1365,0,,0.998827,0.001173,L,0.998827,0.997653,0.013115,0.002347,0.105211
43,22,00534,overcast,287,0,,0.999869,0.000131,L,0.999869,0.999739,0.001875,0.000261,0.040563
43,22,00534,overcast,1331,0,,0.999407,0.000593,L,0.999407,0.998813,0.007217,0.001187,0.044029
43,22,00534,overcast,401,0,,0.999220,0.000780,L,0.999220,0.998441,0.009173,0.001559,0.061997
44,22,00550,overcast,890,1,,0.999550,0.000450,L,0.999550,0.999100,0.005652,0.000900,0.042224
44,22,00550,overcast,1322,1,,0.999153,0.000847,L,0.999153,0.998305,0.009870,0.001695,0.085706
44,22,00550,overcast,577,1,,0.999673,0.000326,L,0.999673,0.999347,0.004252,0.000653,0.221960
44,22,00550,overcast,759,1,,0.998297,0.001703,L,0.998297,0.996594,0.018120,0.003406,0.233832
44,22,00550,overcast,708,1,,0.999679,0.000321,L,0.999679,0.999358,0.004188,0.000642,0.129938
44,22,00550,overcast,963,1,,0.999700,0.000300,L,0.999700,0.999399,0.003947,0.000601,0.083488
44,22,00550,overcast,1326,1,,0.998682,0.001318,L,0.998682,0.997364,0.014509,0.002636,0.090387
44,22,00550,overcast,889,1,,0.999529,0.000471,L,0.999529,0.999057,0.005888,0.000943,0.047892
44,22,00550,overcast,1053,1,,0.999580,0.000420,L,0.999580,0.999160,0.005314,0.000840,0.181439
44,22,00550,overcast,756,1,,0.998643,0.001357,L,0.998643,0.997286,0.014884,0.002714,0.188186
44,22,00550,overcast,965,1,,0.999460,0.000540,L,0.999460,0.998919,0.006645,0.001081,0.081498
44,22,00550,overcast,848,1,,0.992611,0.007389,L,0.992611,0.985222,0.062938,0.014778,0.161863
44,22,00550,overcast,523,1,,0.999833,0.000167,L,0.999833,0.999665,0.002342,0.000335,0.058819
44,22,00550,overcast,885,1,,0.999904,0.000096,L,0.999904,0.999807,0.001424,0.000193,0.067654
44,22,00550,overcast,762,1,,0.998088,0.001912,L,0.998088,0.996175,0.020024,0.003825,0.075848
44,22,00550,overcast,884,1,,0.999764,0.000236,L,0.999764,0.999528,0.003182,0.000472,0.063513
44,22,00550,overcast,615,1,,0.999967,0.000033,L,0.999967,0.999934,0.000540,0.000066,0.344064
44,22,00550,overcast,526,1,,0.999798,0.000202,L,0.999798,0.999597,0.002766,0.000403,0.054555
44,22,00550,overcast,1143,1,,0.999921,0.000079,L,0.999921,0.999841,0.001196,0.000159,0.153497
44,22,00550,overcast,1147,1,,0.998909,0.001091,L,0.998909,0.997818,0.012308,0.002182,0.195463
44,22,00550,overcast,529,1,,0.999597,0.000403,L,0.999597,0.999194,0.005127,0.000806,0.036936
44,22,00550,overcast,706,1,,1.000000,0.000000,L,1.000000,0.999999,0.000008,0.000001,0.653481
44,22,00550,overcast,530,1,,0.999665,0.000335,L,0.999665,0.999329,0.004354,0.000671,0.030895
44,22,00550,overcast,704,1,,0.999908,0.000092,L,0.999908,0.999817,0.001362,0.000183,0.250898
44,22,00550,overcast,579,1,,1.000000,0.000000,L,1.000000,1.000000,0.000001,0.000000,0.753284
44,22,00550,overcast,1144,1,,1.000000,0.000000,L,1.000000,1.000000,0.000000,0.000000,0.707223
44,22,00550,overcast,964,1,,0.999476,0.000524,L,0.999476,0.998953,0.006463,0.001047,0.091812
44,22,00550,overcast,847,1,,0.993261,0.006739,L,0.993261,0.986521,0.058303,0.013479,0.168728
44,22,00550,overcast,798,1,,0.999585,0.000415,L,0.999585,0.999170,0.005259,0.000830,0.090924
44,22,00550,overcast,707,1,,1.000000,0.000001,L,1.000000,0.999999,0.000011,0.000001,0.608171
44,22,00550,overcast,887,1,,0.999703,0.000297,L,0.999703,0.999406,0.003910,0.000594,0.084116
44,22,00550,overcast,883,1,,0.999868,0.000132,L,0.999868,0.999737,0.001886,0.000263,0.057094
44,22,00550,overcast,969,1,,0.999002,0.000998,L,0.999002,0.998004,0.011388,0.001996,0.052147
44,22,00550,overcast,492,1,,0.999131,0.000869,L,0.999131,0.998262,0.010088,0.001738,0.041007
44,22,00550,overcast,487,1,,0.998127,0.001873,L,0.998127,0.996255,0.019668,0.003745,0.090381
44,22,00550,overcast,761,1,,0.997309,0.002691,L,0.997309,0.994618,0.026853,0.005382,0.166253
44,22,00550,overcast,541,0,,0.999219,0.000781,L,0.999219,0.998437,0.009191,0.001563,0.050342
44,22,00550,overcast,36,0,,0.999338,0.000662,L,0.999338,0.998675,0.007949,0.001325,0.052549
44,22,00550,overcast,1386,0,,0.999340,0.000660,L,0.999340,0.998680,0.007924,0.001320,0.084407
44,22,00550,overcast,1128,0,,0.997518,0.002482,L,0.997518,0.995037,0.025053,0.004963,0.063928
44,22,00550,overcast,1038,0,,0.998318,0.001682,L,0.998318,0.996637,0.017921,0.003363,0.049004
44,22,00550,overcast,1150,0,,0.998059,0.001941,L,0.998059,0.996117,0.020287,0.003883,0.062243
44,22,00550,overcast,721,0,,0.999461,0.000539,L,0.999461,0.998922,0.006629,0.001078,0.025241
44,22,00550,overcast,104,0,,0.998758,0.001242,L,0.998758,0.997516,0.013782,0.002484,0.050136
44,22,00550,overcast,1313,0,,0.999372,0.000628,L,0.999372,0.998744,0.007583,0.001256,0.073464
44,22,00550,overcast,1244,0,,0.998461,0.001539,L,0.998461,0.996923,0.016595,0.003077,0.067119
44,22,00550,overcast,451,0,,0.999332,0.000668,L,0.999332,0.998663,0.008013,0.001337,0.048206
44,22,00550,overcast,505,0,,0.997823,0.002178,L,0.997823,0.995645,0.022394,0.004355,0.059274
44,22,00550,overcast,353,0,,0.999847,0.000153,L,0.999847,0.999694,0.002162,0.000306,0.036829
44,22,00550,overcast,598,0,,0.999234,0.000766,L,0.999234,0.998467,0.009037,0.001533,0.032978
44,22,00550,overcast,517,0,,0.999511,0.000489,L,0.999511,0.999022,0.006085,0.000978,0.033202
44,22,00550,overcast,1173,0,,0.995830,0.004170,L,0.995830,0.991660,0.038969,0.008340,0.090742
44,22,00550,overcast,751,0,,0.998846,0.001154,L,0.998846,0.997692,0.012924,0.002308,0.046557
44,22,00550,overcast,993,0,,0.997421,0.002579,L,0.997421,0.994843,0.025890,0.005157,0.050694
45,22,00567,overcast,1067,1,,0.999989,0.000011,L,0.999989,0.999978,0.000194,0.000022,0.066206
45,22,00567,overcast,578,1,,0.999908,0.000092,L,0.999908,0.999817,0.001360,0.000183,0.317777
45,22,00567,overcast,792,1,,0.999971,0.000029,L,0.999971,0.999943,0.000475,0.000057,0.083734
45,22,00567,overcast,706,1,,0.999569,0.000431,L,0.999569,0.999139,0.005436,0.000861,0.044103
45,22,00567,overcast,614,1,,0.999979,0.000021,L,0.999979,0.999958,0.000354,0.000042,0.096000
45,22,00567,overcast,795,1,,0.999838,0.000162,L,0.999838,0.999676,0.002276,0.000324,0.050176
45,22,00567,overcast,611,1,,0.999926,0.000074,L,0.999926,0.999853,0.001118,0.000147,0.067728
45,22,00567,overcast,666,1,,1.000000,0.000000,L,1.000000,1.000000,0.000000,0.000000,0.994730
45,22,00567,overcast,579,1,,0.999947,0.000053,L,0.999947,0.999895,0.000825,0.000105,0.185195
45,22,00567,overcast,1153,1,,1.000000,0.000000,L,1.000000,1.000000,0.000003,0.000000,0.547257
45,22,00567,overcast,577,1,,1.000000,0.000000,L,1.000000,0.999999,0.000006,0.000001,0.627697
45,22,00567,overcast,973,1,,0.999608,0.000392,L,0.999608,0.999217,0.004998,0.000783,0.122180
45,22,00567,overcast,976,1,,0.999707,0.000293,L,0.999707,0.999413,0.003865,0.000587,0.053713
45,22,00567,overcast,700,1,,0.999721,0.000279,L,0.999721,0.999442,0.003700,0.000558,0.065866
45,22,00567,overcast,1335,1,,0.999941,0.000059,L,0.999941,0.999882,0.000917,0.000118,0.066393
45,22,00567,overcast,755,1,,0.998715,0.001285,L,0.998715,0.997430,0.014196,0.002570,0.207612
45,22,00567,overcast,575,1,,0.998843,0.001157,L,0.998843,0.997687,0.012952,0.002313,0.208303
45,22,00567,overcast,1246,1,,0.999359,0.000641,L,0.999359,0.998718,0.007725,0.001282,0.090957
45,22,00567,overcast,1331,1,,0.998799,0.001201,L,0.998799,0.997599,0.013380,0.002401,0.075007
45,22,00567,overcast,488,1,,0.998633,0.001367,L,0.998633,0.997267,0.014973,0.002733,0.080236
45,22,00567,overcast,703,1,,1.000000,0.000000,L,1.000000,1.000000,0.000000,0.000000,0.405494
45,22,00567,overcast,1244,1,,0.999849,0.000151,L,0.999849,0.999697,0.002139,0.000303,0.096848
45,22,00567,overcast,487,1,,0.999401,0.000599,L,0.999401,0.998801,0.007281,0.001199,0.116319
45,22,00567,overcast,977,1,,0.999797,0.000203,L,0.999797,0.999593,0.002788,0.000407,0.040010
45,22,00567,overcast,794,1,,0.999968,0.000032,L,0.999968,0.999936,0.000521,0.000064,0.084161
45,22,00567,overcast,1063,1,,0.999998,0.000002,L,0.999998,0.999996,0.000037,0.000004,0.434774
45,22,00567,overcast,483,1,,0.998514,0.001486,L,0.998514,0.997028,0.016100,0.002972,0.082008
45,22,00567,overcast,701,1,,0.999953,0.000047,L,0.999953,0.999907,0.000738,0.000093,0.099531
45,22,00567,overcast,664,1,,0.999876,0.000124,L,0.999876,0.999753,0.001783,0.000247,0.249939
45,22,00567,overcast,486,1,,0.999647,0.000353,L,0.999647,0.999294,0.004559,0.000706,0.108400
45,22,00567,overcast,971,1,,0.999774,0.000226,L,0.999774,0.999549,0.003058,0.000451,0.091334
45,22,00567,overcast,1152,1,,0.999979,0.000021,L,0.999979,0.999957,0.000361,0.000043,0.301705
45,22,00567,overcast,522,1,,0.999986,0.000014,L,0.999986,0.999972,0.000249,0.000028,0.046071
45,22,00567,overcast,1065,1,,0.999937,0.000063,L,0.999937,0.999874,0.000968,0.000126,0.229313
45,22,00567,overcast,845,1,,0.997072,0.002928,L,0.997072,0.994144,0.028860,0.005856,0.172214
45,22,00567,overcast,1242,1,,0.997819,0.002181,L,0.997819,0.995639,0.022422,0.004361,0.079303
45,22,00567,overcast,154,0,,0.999826,0.000174,L,0.999826,0.999653,0.002419,0.000347,0.043950
45,22,00567,overcast,193,0,,0.998758,0.001242,L,0.998758,0.997516,0.013778,0.002484,0.039755
45,22,00567,overcast,812,0,,0.998648,0.001352,L,0.998648,0.997297,0.014831,0.002703,0.047086
45,22,00567,overcast,0,0,,0.996506,0.003494,L,0.996506,0.993012,0.033548,0.006988,0.097366
45,22,00567,overcast,1092,0,,0.999767,0.000233,L,0.999767,0.999535,0.003144,0.000465,0.029358
45,22,00567,overcast,1205,0,,0.997061,0.002939,L,0.997061,0.994121,0.028955,0.005879,0.058804
45,22,00567,overcast,982,0,,0.999141,0.000859,L,0.999141,0.998283,0.009984,0.001717,0.038098
45,22,00567,overcast,369,0,,0.997105,0.002895,L,0.997105,0.994209,0.028585,0.005791,0.041416
45,22,00567,overcast,1116,0,,0.998633,0.001367,L,0.998633,0.997265,0.014980,0.002735,0.073798
45,22,00567,overcast,1291,0,,0.998121,0.001879,L,0.998121,0.996241,0.019728,0.003759,0.090498
45,22,00567,overcast,399,0,,0.999313,0.000686,L,0.999313,0.998627,0.008204,0.001373,0.051254
45,22,00567,overcast,1424,0,,0.999929,0.000071,L,0.999929,0.999857,0.001085,0.000143,0.072954
45,22,00567,overcast,648,0,,0.999116,0.000884,L,0.999116,0.998231,0.010246,0.001769,0.043220
45,22,00567,overcast,1073,0,,0.999348,0.000652,L,0.999348,0.998696,0.007839,0.001304,0.037839
45,22,00567,overcast,17,0,,0.998576,0.001424,L,0.998576,0.997151,0.015521,0.002849,0.052325
45,22,00567,overcast,291,0,,0.999628,0.000372,L,0.999628,0.999256,0.004776,0.000744,0.040389
45,22,00567,overcast,1094,0,,0.999068,0.000932,L,0.999068,0.998137,0.010723,0.001863,0.037085
45,22,00567,overcast,418,0,,0.999796,0.000204,L,0.999796,0.999591,0.002798,0.000409,0.062184
46,22,00583,overcast,524,1,,0.999111,0.000889,L,0.999111,0.998222,0.010294,0.001778,0.040090
46,22,00583,overcast,485,1,,0.997897,0.002103,L,0.997897,0.995795,0.021729,0.004205,0.083790
46,22,00583,overcast,574,1,,0.999199,0.000801,L,0.999199,0.998398,0.009392,0.001602,0.181488
46,22,00583,overcast,1166,1,,0.999203,0.000797,L,0.999203,0.998406,0.009355,0.001594,0.067756
46,22,00583,overcast,664,1,,0.999999,0.000001,L,0.999999,0.999999,0.000016,0.000001,0.574949
46,22,00583,overcast,1074,1,,0.999899,0.000101,L,0.999899,0.999799,0.001480,0.000201,0.090785
46,22,00583,overcast,518,1,,0.999941,0.000059,L,0.999941,0.999883,0.000908,0.000117,0.059856
46,22,00583,overcast,1341,1,,0.998547,0.001453,L,0.998547,0.997093,0.015795,0.002907,0.177852
46,22,00583,overcast,704,1,,0.999705,0.000295,L,0.999705,0.999411,0.003882,0.000589,0.049904
46,22,00583,overcast,881,1,,0.998762,0.001238,L,0.998762,0.997524,0.013743,0.002476,0.129193
46,22,00583,overcast,577,1,,0.999990,0.000010,L,0.999990,0.999980,0.000184,0.000020,0.429109
46,22,00583,overcast,790,1,,0.999457,0.000543,L,0.999457,0.998915,0.006669,0.001085,0.227830
46,22,00583,overcast,982,1,,0.999890,0.000110,L,0.999890,0.999780,0.001605,0.000220,0.110937
46,22,00583,overcast,793,1,,0.999912,0.000088,L,0.999912,0.999823,0.001318,0.000177,0.062973
46,22,00583,overcast,1255,1,,0.999597,0.000404,L,0.999597,0.999193,0.005132,0.000807,0.119049
46,22,00583,overcast,843,1,,0.995065,0.004935,L,0.995065,0.990130,0.044916,0.009870,0.177431
46,22,00583,overcast,579,1,,0.998356,0.001644,L,0.998356,0.996711,0.017578,0.003289,0.080105
46,22,00583,overcast,489,1,,0.998888,0.001112,L,0.998888,0.997775,0.012518,0.002225,0.042955
46,22,00583,overcast,1076,1,,0.999380,0.000620,L,0.999380,0.998760,0.007502,0.001240,0.064925
46,22,00583,overcast,752,1,,0.998956,0.001044,L,0.998956,0.997911,0.011848,0.002089,0.133048
46,22,00583,overcast,519,1,,0.999981,0.000019,L,0.999981,0.999962,0.000325,0.000038,0.063092
46,22,00583,overcast,611,1,,0.999983,0.000017,L,0.999983,0.999966,0.000294,0.000034,0.210348
46,22,00583,overcast,1163,1,,1.000000,0.000000,L,1.000000,1.000000,0.000001,0.000000,0.535814
46,22,00583,overcast,753,1,,0.997555,0.002445,L,0.997555,0.995109,0.024739,0.004891,0.199465
46,22,00583,overcast,575,1,,1.000000,0.000000,L,1.000000,0.999999,0.000006,0.000001,0.561669
46,22,00583,overcast,755,1,,0.999422,0.000578,L,0.999422,0.998845,0.007048,0.001155,0.236246
46,22,00583,overcast,879,1,,0.996730,0.003270,L,0.996730,0.993459,0.031711,0.006541,0.183701
46,22,00583,overcast,849,1,,0.996807,0.003193,L,0.996807,0.993615,0.031069,0.006385,0.077191
46,22,00583,overcast,572,1,,0.999743,0.000257,L,0.999743,0.999487,0.003430,0.000513,0.113236
46,22,00583,overcast,523,1,,0.999070,0.000930,L,0.999070,0.998140,0.010709,0.001860,0.046802
46,22,00583,overcast,700,1,,0.999999,0.000001,L,0.999999,0.999998,0.000025,0.000002,0.662675
46,22,00583,overcast,1164,1,,0.999998,0.000002,L,0.999998,0.999997,0.000032,0.000003,0.376931
46,22,00583,overcast,663,1,,0.999812,0.000188,L,0.999812,0.999625,0.002594,0.000375,0.195193
46,22,00583,overcast,520,1,,0.999976,0.000024,L,0.999976,0.999951,0.000410,0.000049,0.057506
46,22,00583,overcast,791,1,,0.999499,0.000501,L,0.999499,0.998998,0.006215,0.001002,0.185501
46,22,00583,overcast,484,1,,0.997380,0.002620,L,0.997380,0.994759,0.026248,0.005241,0.091648
46,22,00583,overcast,1113,0,,0.999079,0.000921,L,0.999079,0.998157,0.010619,0.001843,0.055493
46,22,00583,overcast,1396,0,,0.999815,0.000185,L,0.999815,0.999631,0.002558,0.000369,0.102671
46,22,00583,overcast,839,0,,0.997527,0.002473,L,0.997527,0.995053,0.024981,0.004947,0.066271
46,22,00583,overcast,514,0,,0.999497,0.000503,L,0.999497,0.998994,0.006238,0.001006,0.036931
46,22,00583,overcast,557,0,,0.998552,0.001448,L,0.998552,0.997104,0.015744,0.002896,0.043226
46,22,00583,overcast,751,0,,0.998357,0.001643,L,0.998357,0.996714,0.017564,0.003286,0.074959
46,22,00583,overcast,232,0,,0.999577,0.000423,L,0.999577,0.999154,0.005353,0.000846,0.041648
46,22,00583,overcast,946,0,,0.996110,0.003890,L,0.996110,0.992220,0.036744,0.007780,0.056332
46,22,00583,overcast,1257,0,,0.999288,0.000712,L,0.999288,0.998576,0.008474,0.001424,0.068773
46,22,00583,overcast,568,0,,0.998172,0.001828,L,0.998172,0.996345,0.019257,0.003655,0.050600
46,22,00583,overcast,1045,0,,0.999748,0.000252,L,0.999748,0.999495,0.003379,0.000505,0.035321
46,22,00583,overcast,70,0,,0.999652,0.000348,L,0.999652,0.999305,0.004496,0.000695,0.053143
46,22,00583,overcast,271,0,,0.995274,0.004726,L,0.995274,0.990548,0.043309,0.009452,0.106227
46,22,00583,overcast,534,0,,0.999617,0.000383,L,0.999617,0.999234,0.004902,0.000766,0.095814
46,22,00583,overcast,1409,0,,0.999905,0.000095,L,0.999905,0.999811,0.001403,0.000189,0.108026
46,22,00583,overcast,1132,0,,0.999032,0.000967,L,0.999032,0.998065,0.011083,0.001935,0.048069
46,22,00583,overcast,1369,0,,0.999740,0.000260,L,0.999740,0.999479,0.003476,0.000521,0.095403
46,22,00583,overcast,474,0,,0.998315,0.001685,L,0.998315,0.996630,0.017952,0.003370,0.055285
47,22,00600,overcast,485,1,,0.998282,0.001718,L,0.998282,0.996564,0.018255,0.003436,0.088964
47,22,00600,overcast,881,1,,0.999679,0.000321,L,0.999679,0.999357,0.004191,0.000643,0.035104
47,22,00600,overcast,758,1,,0.997016,0.002984,L,0.997016,0.994032,0.029332,0.005968,0.194327
47,22,00600,overcast,517,1,,0.999981,0.000019,L,0.999981,0.999961,0.000332,0.000039,0.202774
47,22,00600,overcast,785,1,,0.998303,0.001697,L,0.998303,0.996607,0.018060,0.003393,0.111018
47,22,00600,overcast,486,1,,0.998261,0.001739,L,0.998261,0.996523,0.018447,0.003477,0.097244
47,22,00600,overcast,698,1,,1.000000,0.000000,L,1.000000,1.000000,0.000005,0.000000,0.706374
47,22,00600,overcast,699,1,,0.999999,0.000001,L,0.999999,0.999999,0.000013,0.000001,0.623606
47,22,00600,overcast,702,1,,0.999596,0.000404,L,0.999596,0.999192,0.005137,0.000808,0.038264
47,22,00600,overcast,756,1,,0.999271,0.000729,L,0.999271,0.998543,0.008646,0.001457,0.244990
47,22,00600,overcast,516,1,,0.999830,0.000170,L,0.999830,0.999659,0.002379,0.000341,0.131535
47,22,00600,overcast,844,1,,0.995055,0.004945,L,0.995055,0.990110,0.044992,0.009890,0.128742
47,22,00600,overcast,483,1,,0.997900,0.002100,L,0.997900,0.995800,0.021707,0.004200,0.089614
47,22,00600,overcast,670,1,,0.998342,0.001658,L,0.998342,0.996683,0.017706,0.003317,0.062824
47,22,00600,overcast,849,1,,0.995969,0.004031,L,0.995969,0.991937,0.037872,0.008063,0.070087
47,22,00600,overcast,666,1,,1.000000,0.000000,L,1.000000,1.000000,0.000000,0.000000,0.999862
47,22,00600,overcast,875,1,,0.998602,0.001398,L,0.998602,0.997204,0.015272,0.002796,0.070774
47,22,00600,overcast,606,1,,0.999828,0.000172,L,0.999828,0.999657,0.002393,0.000343,0.243572
47,22,00600,overcast,611,1,,0.999574,0.000426,L,0.999574,0.999149,0.005379,0.000851,0.066925
47,22,00600,overcast,667,1,,1.000000,0.000000,L,1.000000,1.000000,0.000002,0.000000,0.883291
47,22,00600,overcast,696,1,,0.999708,0.000292,L,0.999708,0.999416,0.003849,0.000584,0.239309
47,22,00600,overcast,579,1,,0.999503,0.000497,L,0.999503,0.999005,0.006175,0.000995,0.071957
47,22,00600,overcast,878,1,,0.999848,0.000152,L,0.999848,0.999696,0.002148,0.000304,0.068721
47,22,00600,overcast,607,1,,0.999998,0.000002,L,0.999998,0.999996,0.000039,0.000004,0.563501
47,22,00600,overcast,695,1,,0.999324,0.000676,L,0.999324,0.998649,0.008090,0.001351,0.192257
47,22,00600,overcast,609,1,,0.999997,0.000003,L,0.999997,0.999994,0.000064,0.000006,0.530171
47,22,00600,overcast,663,1,,0.999425,0.000575,L,0.999425,0.998849,0.007023,0.001151,0.193803
47,22,00600,overcast,759,1,,0.996779,0.003221,L,0.996779,0.993558,0.031304,0.006442,0.105119
47,22,00600,overcast,608,1,,1.000000,0.000000,L,1.000000,0.999999,0.000007,0.000001,0.706412
47,22,00600,overcast,488,1,,0.997819,0.002181,L,0.997819,0.995639,0.022421,0.004361,0.073731
47,22,00600,overcast,573,1,,0.999582,0.000418,L,0.999582,0.999164,0.005296,0.000836,0.144555
47,22,00600,overcast,880,1,,0.999798,0.000202,L,0.999798,0.999596,0.002769,0.000404,0.042015
47,22,00600,overcast,605,1,,0.999363,0.000637,L,0.999363,0.998726,0.007680,0.001274,0.195706
47,22,00600,overcast,760,1,,0.999104,0.000896,L,0.999104,0.998207,0.010366,0.001793,0.053693
47,22,00600,overcast,575,1,,1.000000,0.000000,L,1.000000,1.000000,0.000004,0.000000,0.601018
47,22,00600,overcast,790,1,,0.999565,0.000435,L,0.999565,0.999131,0.005482,0.000869,0.069831
47,22,00600,overcast,779,0,,0.998577,0.001423,L,0.998577,0.997153,0.015513,0.002847,0.067409
47,22,00600,overcast,114,0,,0.998297,0.001703,L,0.998297,0.996594,0.018117,0.003406,0.046722
47,22,00600,overcast,1042,0,,0.997541,0.002459,L,0.997541,0.995083,0.024853,0.004917,0.056278
47,22,00600,overcast,977,0,,0.998833,0.001167,L,0.998833,0.997667,0.013049,0.002333,0.044109
47,22,00600,overcast,863,0,,0.997413,0.002587,L,0.997413,0.994825,0.025964,0.005175,0.060879
47,22,00600,overcast,509,0,,0.995892,0.004108,L,0.995892,0.991785,0.038477,0.008215,0.083897
47,22,00600,overcast,1053,0,,0.998930,0.001070,L,0.998930,0.997860,0.012100,0.002140,0.059162
47,22,00600,overcast,1379,0,,0.999681,0.000319,L,0.999681,0.999361,0.004170,0.000639,0.088132
47,22,00600,overcast,44,0,,0.997209,0.002791,L,0.997209,0.994419,0.027700,0.005581,0.061922
47,22,00600,overcast,1323,0,,0.999150,0.000850,L,0.999150,0.998300,0.009896,0.001700,0.074055
47,22,00600,overcast,193,0,,0.997679,0.002321,L,0.997679,0.995358,0.023656,0.004642,0.049444
47,22,00600,overcast,421,0,,0.996719,0.003281,L,0.996719,0.993439,0.031796,0.006561,0.087206
47,22,00600,overcast,308,0,,0.999472,0.000528,L,0.999472,0.998945,0.006506,0.001055,0.054354
47,22,00600,overcast,1311,0,,0.999327,0.000673,L,0.999327,0.998654,0.008062,0.001346,0.077237
47,22,00600,overcast,1218,0,,0.998842,0.001158,L,0.998842,0.997685,0.012962,0.002315,0.052629
47,22,00600,overcast,873,0,,0.996812,0.003188,L,0.996812,0.993625,0.031027,0.006375,0.083350
47,22,00600,overcast,904,0,,0.995860,0.004140,L,0.995860,0.991720,0.038735,0.008280,0.045846
47,22,00600,overcast,37,0,,0.999833,0.000167,L,0.999833,0.999666,0.002335,0.000334,0.055441
48,38,00158,fog,404,1,,0.998342,0.001658,L,0.998342,0.996684,0.017704,0.003316,0.069895
48,38,00158,fog,405,1,,0.999274,0.000726,L,0.999274,0.998548,0.008617,0.001452,0.065483
48,38,00158,fog,406,1,,0.999546,0.000454,L,0.999546,0.999092,0.005696,0.000908,0.061050
48,38,00158,fog,407,1,,0.999679,0.000321,L,0.999679,0.999358,0.004189,0.000642,0.052495
48,38,00158,fog,491,1,,0.998974,0.001026,L,0.998974,0.997948,0.011668,0.002052,0.111839
48,38,00158,fog,492,1,,0.997637,0.002363,L,0.997637,0.995274,0.024021,0.004726,0.135835
48,38,00158,fog,493,1,,0.999241,0.000759,L,0.999241,0.998482,0.008963,0.001518,0.157103
48,38,00158,fog,494,1,,0.999401,0.000599,L,0.999401,0.998802,0.007277,0.001198,0.143262
48,38,00158,fog,495,1,,0.997882,0.002118,L,0.997882,0.995764,0.021864,0.004236,0.132358
48,38,00158,fog,496,1,,0.999524,0.000476,L,0.999524,0.999048,0.005943,0.000952,0.063410
48,38,00158,fog,497,1,,0.999627,0.000373,L,0.999627,0.999255,0.004780,0.000745,0.051458
48,38,00158,fog,581,1,,0.999504,0.000496,L,0.999504,0.999007,0.006163,0.000993,0.173487
48,38,00158,fog,582,1,,0.999994,0.000006,L,0.999994,0.999989,0.000108,0.000011,0.432094
48,38,00158,fog,583,1,,1.000000,0.000000,L,1.000000,1.000000,0.000000,0.000000,0.869834
48,38,00158,fog,584,1,,1.000000,0.000000,L,1.000000,1.000000,0.000000,0.000000,0.923325
48,38,00158,fog,585,1,,0.999998,0.000002,L,0.999998,0.999997,0.000035,0.000003,0.557256
48,38,00158,fog,586,1,,0.999486,0.000514,L,0.999486,0.998972,0.006355,0.001028,0.210226
48,38,00158,fog,587,1,,0.999364,0.000636,L,0.999364,0.998728,0.007671,0.001272,0.087854
48,38,00158,fog,671,1,,0.999331,0.000669,L,0.999331,0.998662,0.008018,0.001338,0.205905
48,38,00158,fog,672,1,,0.999974,0.000025,L,0.999974,0.999949,0.000425,0.000051,0.414472
48,38,00158,fog,673,1,,1.000000,0.000000,L,1.000000,1.000000,0.000002,0.000000,0.834083
48,38,00158,fog,674,1,,1.000000,0.000000,L,1.000000,1.000000,0.000001,0.000000,0.869827
48,38,00158,fog,675,1,,0.999990,0.000010,L,0.999990,0.999980,0.000181,0.000020,0.517488
48,38,00158,fog,676,1,,0.999412,0.000588,L,0.999412,0.998824,0.007161,0.001176,0.177870
48,38,00158,fog,677,1,,0.999330,0.000670,L,0.999330,0.998660,0.008032,0.001340,0.090408
48,38,00158,fog,761,1,,0.997559,0.002441,L,0.997559,0.995118,0.024700,0.004882,0.205034
48,38,00158,fog,762,1,,0.997427,0.002573,L,0.997427,0.994853,0.025843,0.005147,0.196933
48,38,00158,fog,763,1,,0.998825,0.001175,L,0.998825,0.997651,0.013127,0.002349,0.212381
48,38,00158,fog,764,1,,0.998876,0.001124,L,0.998876,0.997753,0.012630,0.002247,0.217964
48,38,00158,fog,765,1,,0.999219,0.000781,L,0.999219,0.998439,0.009185,0.001561,0.146320
48,38,00158,fog,766,1,,0.999401,0.000599,L,0.999401,0.998803,0.007271,0.001197,0.103028
48,38,00158,fog,767,1,,0.999453,0.000547,L,0.999453,0.998905,0.006722,0.001095,0.060789
48,38,00158,fog,768,1,,0.999482,0.000518,L,0.999482,0.998964,0.006402,0.001036,0.059822
48,38,00158,fog,998,0,,0.999168,0.000832,L,0.999168,0.998337,0.009710,0.001663,0.032909
48,38,00158,fog,613,0,,0.999284,0.000716,L,0.999284,0.998569,0.008509,0.001431,0.057913
48,38,00158,fog,90,0,,0.997685,0.002315,L,0.997685,0.995370,0.023605,0.004630,0.075657
48,38,00158,fog,388,0,,0.996753,0.003247,L,0.996753,0.993506,0.031517,0.006494,0.063956
48,38,00158,fog,813,0,,0.999203,0.000797,L,0.999203,0.998406,0.009352,0.001594,0.033292
48,38,00158,fog,276,0,,0.998462,0.001538,L,0.998462,0.996924,0.016588,0.003076,0.081602
48,38,00158,fog,927,0,,0.999024,0.000976,L,0.999024,0.998048,0.011170,0.001952,0.024998
48,38,00158,fog,781,0,,0.999668,0.000332,L,0.999668,0.999337,0.004311,0.000663,0.033518
48,38,00158,fog,637,0,,0.996893,0.003107,L,0.996893,0.993786,0.030358,0.006214,0.038676
48,38,00158,fog,4,0,,0.998680,0.001320,L,0.998680,0.997359,0.014532,0.002641,0.085797
48,38,00158,fog,1125,0,,0.999379,0.000621,L,0.999379,0.998757,0.007515,0.001243,0.039908
48,38,00158,fog,1420,0,,0.998660,0.001340,L,0.998660,0.997320,0.014719,0.002680,0.084595
48,38,00158,fog,667,0,,0.997720,0.002280,L,0.997720,0.995440,0.023295,0.004560,0.078117
48,38,00158,fog,1320,0,,0.999192,0.000808,L,0.999192,0.998383,0.009470,0.001617,0.059998
48,38,00158,fog,395,0,,0.999674,0.000326,L,0.999674,0.999347,0.004249,0.000653,0.036236
48,38,00158,fog,714,0,,0.999286,0.000714,L,0.999286,0.998572,0.008493,0.001428,0.047420
48,38,00158,fog,242,0,,0.999829,0.000171,L,0.999829,0.999659,0.002381,0.000341,0.102728
48,38,00158,fog,278,0,,0.998543,0.001457,L,0.998543,0.997086,0.015828,0.002914,0.071912
49,38,00204,fog,680,1,,0.998363,0.001637,L,0.998363,0.996725,0.017513,0.003275,0.093907
49,38,00204,fog,681,1,,0.997564,0.002436,L,0.997564,0.995128,0.024657,0.004872,0.088567
49,38,00204,fog,682,1,,0.998681,0.001319,L,0.998681,0.997362,0.014522,0.002638,0.078953
49,38,00204,fog,683,1,,0.998223,0.001778,L,0.998223,0.996445,0.018801,0.003555,0.084118
49,38,00204,fog,684,1,,0.997367,0.002633,L,0.997367,0.994734,0.026355,0.005266,0.065939
49,38,00204,fog,685,1,,0.999415,0.000585,L,0.999415,0.998831,0.007123,0.001169,0.042059
49,38,00204,fog,686,1,,0.999440,0.000560,L,0.999440,0.998880,0.006855,0.001120,0.040493
49,38,00204,fog,770,1,,0.999825,0.000175,L,0.999825,0.999650,0.002436,0.000350,0.163188
49,38,00204,fog,771,1,,0.999376,0.000624,L,0.999376,0.998752,0.007543,0.001248,0.191645
49,38,00204,fog,772,1,,0.999999,0.000001,L,0.999999,0.999998,0.000020,0.000002,0.575531
49,38,00204,fog,773,1,,1.000000,0.000000,L,1.000000,1.000000,0.000003,0.000000,0.688111
49,38,00204,fog,774,1,,0.999996,0.000004,L,0.999996,0.999992,0.000081,0.000008,0.466887
49,38,00204,fog,775,1,,0.999393,0.000608,L,0.999393,0.998785,0.007367,0.001215,0.062053
49,38,00204,fog,776,1,,0.999485,0.000515,L,0.999485,0.998969,0.006372,0.001031,0.045823
49,38,00204,fog,860,1,,0.999635,0.000365,L,0.999635,0.999269,0.004699,0.000731,0.210777
49,38,00204,fog,861,1,,0.999988,0.000012,L,0.999988,0.999976,0.000215,0.000024,0.485818
49,38,00204,fog,862,1,,1.000000,0.000000,L,1.000000,1.000000,0.000001,0.000000,0.902988
49,38,00204,fog,863,1,,1.000000,0.000000,L,1.000000,1.000000,0.000000,0.000000,0.978176
49,38,00204,fog,864,1,,1.000000,0.000000,L,1.000000,1.000000,0.000001,0.000000,0.796914
49,38,00204,fog,865,1,,0.999468,0.000532,L,0.999468,0.998936,0.006555,0.001064,0.238818
49,38,00204,fog,866,1,,0.999405,0.000595,L,0.999405,0.998809,0.007239,0.001191,0.058335
49,38,00204,fog,950,1,,0.995467,0.004533,L,0.995467,0.990934,0.041816,0.009066,0.139756
49,38,00204,fog,951,1,,0.995166,0.004834,L,0.995166,0.990333,0.044140,0.009667,0.198122
49,38,00204,fog,952,1,,0.999294,0.000706,L,0.999294,0.998588,0.008410,0.001412,0.263924
49,38,00204,fog,953,1,,0.999920,0.000080,L,0.999920,0.999840,0.001201,0.000160,0.393078
49,38,00204,fog,954,1,,0.999321,0.000679,L,0.999321,0.998643,0.008122,0.001357,0.239784
49,38,00204,fog,955,1,,0.998887,0.001113,L,0.998887,0.997773,0.012529,0.002227,0.127208
49,38,00204,fog,956,1,,0.998865,0.001135,L,0.998865,0.997729,0.012744,0.002271,0.067846
49,38,00204,fog,1040,1,,0.993719,0.006281,L,0.993719,0.987438,0.054977,0.012562,0.087151
49,38,00204,fog,1041,1,,0.989385,0.010615,L,0.989385,0.978770,0.084842,0.021230,0.142818
49,38,00204,fog,1042,1,,0.995649,0.004351,L,0.995649,0.991298,0.040394,0.008702,0.165487
49,38,00204,fog,1043,1,,0.997923,0.002077,L,0.997923,0.995845,0.021505,0.004155,0.131941
49,38,00204,fog,1044,1,,0.998647,0.001353,L,0.998647,0.997294,0.014845,0.002706,0.084855
49,38,00204,fog,1045,1,,0.999163,0.000837,L,0.999163,0.998326,0.009763,0.001674,0.046354
49,38,00204,fog,1046,1,,0.999096,0.000904,L,0.999096,0.998191,0.010448,0.001809,0.042193
49,38,00204,fog,458,0,,0.997797,0.002203,L,0.997797,0.995594,0.022618,0.004406,0.104398
49,38,00204,fog,187,0,,0.998003,0.001997,L,0.998003,0.996005,0.020790,0.003995,0.130881
49,38,00204,fog,626,0,,0.998332,0.001668,L,0.998332,0.996665,0.017793,0.003335,0.087444
49,38,00204,fog,1292,0,,0.999225,0.000775,L,0.999225,0.998450,0.009126,0.001550,0.049363
49,38,00204,fog,636,0,,0.990528,0.009472,L,0.990528,0.981057,0.077270,0.018943,0.064884
49,38,00204,fog,609,0,,0.999743,0.000257,L,0.999743,0.999485,0.003441,0.000515,0.047162
49,38,00204,fog,915,0,,0.999139,0.000861,L,0.999139,0.998277,0.010011,0.001723,0.026607
49,38,00204,fog,1217,0,,0.999438,0.000562,L,0.999438,0.998877,0.006873,0.001123,0.047766
49,38,00204,fog,1112,0,,0.998869,0.001131,L,0.998869,0.997739,0.012697,0.002261,0.045491
49,38,00204,fog,594,0,,0.999360,0.000640,L,0.999360,0.998720,0.007712,0.001280,0.037464
49,38,00204,fog,704,0,,0.999703,0.000297,L,0.999703,0.999405,0.003914,0.000595,0.049989
49,38,00204,fog,608,0,,0.999736,0.000264,L,0.999736,0.999473,0.003516,0.000527,0.045910
49,38,00204,fog,819,0,,0.999709,0.000291,L,0.999709,0.999419,0.003832,0.000581,0.026680
49,38,00204,fog,728,0,,0.999295,0.000705,L,0.999295,0.998591,0.008394,0.001409,0.023194
49,38,00204,fog,986,0,,0.998576,0.001424,L,0.998576,0.997153,0.015515,0.002847,0.036927
49,38,00204,fog,342,0,,0.999660,0.000340,L,0.999660,0.999320,0.004406,0.000680,0.062852
49,38,00204,fog,1015,0,,0.998673,0.001327,L,0.998673,0.997345,0.014600,0.002655,0.043677
49,38,00204,fog,385,0,,0.999520,0.000480,L,0.999520,0.999040,0.005985,0.000960,0.046938
50,38,00249,fog,596,1,,0.997870,0.002129,L,0.997870,0.995741,0.021969,0.004259,0.098766
50,38,00249,fog,597,1,,0.998259,0.001741,L,0.998259,0.996517,0.018472,0.003483,0.118835
50,38,00249,fog,598,1,,0.998561,0.001439,L,0.998561,0.997123,0.015657,0.002877,0.122329
50,38,00249,fog,599,1,,0.997241,0.002759,L,0.997241,0.994482,0.027429,0.005518,0.092567
50,38,00249,fog,600,1,,0.998257,0.001743,L,0.998257,0.996513,0.018489,0.003487,0.061240
50,38,00249,fog,601,1,,0.997788,0.002212,L,0.997788,0.995576,0.022699,0.004424,0.056569
50,38,00249,fog,602,1,,0.995391,0.004609,L,0.995391,0.990783,0.042403,0.009217,0.064592
50,38,00249,fog,686,1,,0.999126,0.000874,L,0.999126,0.998251,0.010145,0.001749,0.190481
50,38,00249,fog,687,1,,0.999943,0.000057,L,0.999943,0.999887,0.000882,0.000113,0.298025
50,38,00249,fog,688,1,,1.000000,0.000000,L,1.000000,0.999999,0.000006,0.000001,0.676830
50,38,00249,fog,689,1,,1.000000,0.000001,L,1.000000,0.999999,0.000012,0.000001,0.644006
50,38,00249,fog,690,1,,0.999242,0.000758,L,0.999242,0.998483,0.008953,0.001517,0.117705
50,38,00249,fog,691,1,,0.999467,0.000533,L,0.999467,0.998934,0.006562,0.001066,0.052908
50,38,00249,fog,692,1,,0.999390,0.000610,L,0.999390,0.998780,0.007397,0.001220,0.037826
50,38,00249,fog,776,1,,0.999596,0.000404,L,0.999596,0.999193,0.005134,0.000807,0.208569
50,38,00249,fog,777,1,,0.999999,0.000001,L,0.999999,0.999998,0.000026,0.000002,0.633123
50,38,00249,fog,778,1,,1.000000,0.000000,L,1.000000,1.000000,0.000001,0.000000,0.984232
50,38,00249,fog,779,1,,1.000000,0.000000,L,1.000000,1.000000,0.000001,0.000000,0.946565
50,38,00249,fog,780,1,,0.999995,0.000005,L,0.999995,0.999989,0.000103,0.000011,0.504007
50,38,00249,fog,781,1,,0.999409,0.000591,L,0.999409,0.998817,0.007194,0.001183,0.079420
50,38,00249,fog,782,1,,0.999538,0.000462,L,0.999538,0.999076,0.005785,0.000924,0.050946
50,38,00249,fog,866,1,,0.997736,0.002264,L,0.997736,0.995471,0.023160,0.004529,0.196192
50,38,00249,fog,867,1,,0.998960,0.001040,L,0.998960,0.997921,0.011801,0.002079,0.192783
50,38,00249,fog,868,1,,0.999936,0.000064,L,0.999936,0.999872,0.000983,0.000128,0.385840
50,38,00249,fog,869,1,,0.999930,0.000070,L,0.999930,0.999860,0.001066,0.000140,0.357711
50,38,00249,fog,870,1,,0.999206,0.000794,L,0.999206,0.998411,0.009327,0.001589,0.091705
50,38,00249,fog,871,1,,0.999297,0.000703,L,0.999297,0.998595,0.008372,0.001405,0.049610
50,38,00249,fog,872,1,,0.999491,0.000509,L,0.999491,0.998982,0.006300,0.001018,0.033708
50,38,00249,fog,956,1,,0.992660,0.007340,L,0.992660,0.985319,0.062593,0.014681,0.105317
50,38,00249,fog,957,1,,0.990437,0.009563,L,0.990437,0.980875,0.077879,0.019125,0.136133
50,38,00249,fog,748,0,,0.999482,0.000518,L,0.999482,0.998964,0.006403,0.001036,0.039264
50,38,00249,fog,819,0,,0.999300,0.000700,L,0.999300,0.998599,0.008349,0.001401,0.024754
50,38,00249,fog,791,0,,0.999756,0.000244,L,0.999756,0.999511,0.003285,0.000489,0.051435
50,38,00249,fog,1134,0,,0.999455,0.000545,L,0.999455,0.998910,0.006697,0.001090,0.042787
50,38,00249,fog,519,0,,0.999691,0.000309,L,0.999691,0.999383,0.004045,0.000617,0.035202
50,38,00249,fog,1225,0,,0.999536,0.000464,L,0.999536,0.999072,0.005807,0.000928,0.044479
50,38,00249,fog,210,0,,0.999573,0.000427,L,0.999573,0.999146,0.005393,0.000854,0.042770
50,38,00249,fog,704,0,,0.999472,0.000528,L,0.999472,0.998944,0.006512,0.001056,0.162207
50,38,00249,fog,393,0,,0.998961,0.001039,L,0.998961,0.997922,0.011794,0.002078,0.042848
50,38,00249,fog,541,0,,0.995312,0.004688,L,0.995312,0.990624,0.043016,0.009376,0.159643
50,38,00249,fog,964,0,,0.999231,0.000769,L,0.999231,0.998461,0.009068,0.001539,0.025989
50,38,00249,fog,760,0,,0.999392,0.000608,L,0.999392,0.998784,0.007375,0.001216,0.039775
50,38,00249,fog,414,0,,0.999723,0.000277,L,0.999723,0.999445,0.003677,0.000555,0.042742
50,38,00249,fog,380,0,,0.999838,0.000162,L,0.999838,0.999675,0.002278,0.000325,0.107111
50,38,00249,fog,124,0,,0.999326,0.000674,L,0.999326,0.998651,0.008076,0.001349,0.044591
50,38,00249,fog,793,0,,0.999597,0.000403,L,0.999597,0.999193,0.005129,0.000807,0.059486
50,38,00249,fog,481,0,,0.999103,0.000897,L,0.999103,0.998206,0.010374,0.001794,0.038348
50,38,00249,fog,743,0,,0.999541,0.000459,L,0.999541,0.999082,0.005754,0.000918,0.022826
51,38,00295,fog,50,1,,0.999957,0.000043,L,0.999957,0.999914,0.000683,0.000086,0.185929
51,38,00295,fog,51,1,,0.999818,0.000182,L,0.999818,0.999636,0.002527,0.000364,0.230522
51,38,00295,fog,52,1,,1.000000,0.000000,L,1.000000,1.000000,0.000001,0.000000,0.724708
51,38,00295,fog,53,1,,1.000000,0.000000,L,1.000000,1.000000,0.000000,0.000000,0.850133
51,38,00295,fog,54,1,,1.000000,0.000000,L,1.000000,1.000000,0.000002,0.000000,0.652224
51,38,00295,fog,55,1,,0.999440,0.000559,L,0.999440,0.998881,0.006851,0.001119,0.117229
51,38,00295,fog,56,1,,0.999764,0.000236,L,0.999764,0.999528,0.003184,0.000472,0.063354
51,38,00295,fog,57,1,,0.999817,0.000183,L,0.999817,0.999635,0.002531,0.000365,0.057195
51,38,00295,fog,140,1,,0.999559,0.000441,L,0.999559,0.999119,0.005548,0.000881,0.166708
51,38,00295,fog,141,1,,0.999452,0.000548,L,0.999452,0.998905,0.006724,0.001095,0.209503
51,38,00295,fog,142,1,,0.999999,0.000001,L,0.999999,0.999998,0.000018,0.000002,0.575050
51,38,00295,fog,143,1,,1.000000,0.000000,L,1.000000,1.000000,0.000003,0.000000,0.712545
51,38,00295,fog,144,1,,0.999998,0.000002,L,0.999998,0.999996,0.000043,0.000004,0.473639
51,38,00295,fog,145,1,,0.999029,0.000971,L,0.999029,0.998058,0.011119,0.001942,0.139479
51,38,00295,fog,146,1,,0.999601,0.000399,L,0.999601,0.999201,0.005086,0.000799,0.064780
51,38,00295,fog,230,1,,0.997117,0.002883,L,0.997117,0.994234,0.028481,0.005766,0.151608
51,38,00295,fog,231,1,,0.996301,0.003699,L,0.996301,0.992602,0.035210,0.007398,0.165097
51,38,00295,fog,232,1,,0.999038,0.000962,L,0.999038,0.998076,0.011029,0.001924,0.144696
51,38,00295,fog,233,1,,0.999272,0.000728,L,0.999272,0.998544,0.008641,0.001456,0.127951
51,38,00295,fog,321,1,,0.993300,0.006700,L,0.993300,0.986599,0.058020,0.013401,0.109948
51,38,00295,fog,305,0,,0.999822,0.000178,L,0.999822,0.999643,0.002478,0.000357,0.037674
51,38,00295,fog,9,0,,0.998733,0.001267,L,0.998733,0.997466,0.014020,0.002534,0.073429
51,38,00295,fog,711,0,,0.999765,0.000235,L,0.999765,0.999531,0.003168,0.000469,0.036734
51,38,00295,fog,845,0,,0.999014,0.000986,L,0.999014,0.998029,0.011263,0.001971,0.042211
51,38,00295,fog,611,0,,0.999283,0.000717,L,0.999283,0.998565,0.008528,0.001435,0.050249
51,38,00295,fog,1072,0,,0.998778,0.001222,L,0.998778,0.997555,0.013589,0.002445,0.045516
51,38,00295,fog,1165,0,,0.999006,0.000994,L,0.999006,0.998012,0.011346,0.001988,0.051965
51,38,00295,fog,2,0,,0.996009,0.003991,L,0.996009,0.992019,0.037548,0.007981,0.093536
51,38,00295,fog,683,0,,0.997987,0.002013,L,0.997987,0.995974,0.020929,0.004026,0.053392
51,38,00295,fog,1289,0,,0.998937,0.001063,L,0.998937,0.997874,0.012030,0.002126,0.111066
51,38,00295,fog,560,0,,0.999667,0.000333,L,0.999667,0.999334,0.004328,0.000666,0.040739
51,38,00295,fog,862,0,,0.999969,0.000031,L,0.999969,0.999937,0.000513,0.000063,0.091648
51,38,00295,fog,613,0,,0.999705,0.000295,L,0.999705,0.999410,0.003886,0.000590,0.038063
51,38,00295,fog,1153,0,,0.999298,0.000702,L,0.999298,0.998596,0.008364,0.001404,0.044045
51,38,00295,fog,895,0,,0.999483,0.000517,L,0.999483,0.998966,0.006392,0.001034,0.050172
51,38,00295,fog,446,0,,0.999627,0.000373,L,0.999627,0.999253,0.004790,0.000747,0.065838
51,38,00295,fog,786,0,,0.999011,0.000989,L,0.999011,0.998022,0.011296,0.001978,0.065103
51,38,00295,fog,501,0,,0.999685,0.000315,L,0.999685,0.999371,0.004116,0.000629,0.040334
52,39,00174,fog,964,1,,0.996972,0.003028,L,0.996972,0.993944,0.029698,0.006056,0.105798
52,39,00174,fog,782,1,,0.999409,0.000591,L,0.999409,0.998818,0.007188,0.001182,0.207689
52,39,00174,fog,787,1,,0.999557,0.000443,L,0.999557,0.999114,0.005573,0.000886,0.061878
52,39,00174,fog,698,1,,0.999505,0.000495,L,0.999505,0.999011,0.006145,0.000989,0.050180
52,39,00174,fog,878,1,,0.999437,0.000563,L,0.999437,0.998875,0.006885,0.001125,0.053107
52,39,00174,fog,876,1,,0.999404,0.000596,L,0.999404,0.998808,0.007242,0.001192,0.100096
52,39,00174,fog,968,1,,0.999158,0.000842,L,0.999158,0.998316,0.009816,0.001684,0.042460
52,39,00174,fog,607,1,,0.999509,0.000491,L,0.999509,0.999018,0.006105,0.000982,0.042447
52,39,00174,fog,694,1,,1.000000,0.000000,L,1.000000,1.000000,0.000005,0.000000,0.584657
52,39,00174,fog,604,1,,0.999476,0.000524,L,0.999476,0.998951,0.006471,0.001049,0.079657
52,39,00174,fog,785,1,,1.000000,0.000000,L,1.000000,1.000000,0.000000,0.000000,0.826994
52,39,00174,fog,788,1,,0.999387,0.000613,L,0.999387,0.998775,0.007422,0.001225,0.074090
52,39,00174,fog,967,1,,0.999314,0.000686,L,0.999314,0.998629,0.008194,0.001371,0.041140
52,39,00174,fog,696,1,,0.999697,0.000303,L,0.999697,0.999394,0.003976,0.000606,0.080639
52,39,00174,fog,606,1,,0.998748,0.001252,L,0.998748,0.997496,0.013878,0.002504,0.053648
52,39,00174,fog,961,1,,0.996190,0.003810,L,0.996190,0.992381,0.036100,0.007619,0.070722
52,39,00174,fog,877,1,,0.999551,0.000449,L,0.999551,0.999103,0.005636,0.000897,0.051716
52,39,00174,fog,781,1,,0.999972,0.000028,L,0.999972,0.999944,0.000463,0.000056,0.197609
52,39,00174,fog,691,1,,0.999970,0.000030,L,0.999970,0.999940,0.000491,0.000060,0.128676
52,39,00174,fog,692,1,,0.999117,0.000883,L,0.999117,0.998234,0.010230,0.001766,0.179300
52,39,00174,fog,786,1,,0.999998,0.000002,L,0.999998,0.999996,0.000042,0.000004,0.443002
52,39,00174,fog,605,1,,0.998910,0.001090,L,0.998910,0.997819,0.012303,0.002181,0.069428
52,39,00174,fog,872,1,,0.996539,0.003461,L,0.996539,0.993077,0.033281,0.006923,0.189808
52,39,00174,fog,966,1,,0.999216,0.000784,L,0.999216,0.998433,0.009215,0.001567,0.058565
52,39,00174,fog,601,1,,0.998953,0.001047,L,0.998953,0.997906,0.011872,0.002094,0.088631
52,39,00174,fog,783,1,,0.999999,0.000001,L,0.999999,0.999998,0.000020,0.000002,0.546715
52,39,00174,fog,603,1,,0.999489,0.000511,L,0.999489,0.998978,0.006323,0.001022,0.087202
52,39,00174,fog,963,1,,0.992974,0.007026,L,0.992974,0.985949,0.060355,0.014051,0.112037
52,39,00174,fog,608,1,,0.999510,0.000490,L,0.999510,0.999020,0.006092,0.000980,0.046936
52,39,00174,fog,784,1,,1.000000,0.000000,L,1.000000,1.000000,0.000000,0.000000,0.843343
52,39,00174,fog,871,1,,0.998021,0.001979,L,0.998021,0.996043,0.020623,0.003957,0.141636
52,39,00174,fog,873,1,,0.999403,0.000597,L,0.999403,0.998807,0.007252,0.001193,0.188102
52,39,00174,fog,965,1,,0.998401,0.001599,L,0.998401,0.996801,0.017160,0.003199,0.076843
52,39,00174,fog,602,1,,0.998875,0.001125,L,0.998875,0.997749,0.012645,0.002251,0.109770
52,39,00174,fog,693,1,,0.999838,0.000162,L,0.999838,0.999676,0.002273,0.000324,0.203650
52,39,00174,fog,962,1,,0.990714,0.009286,L,0.990714,0.981427,0.076025,0.018573,0.102244
52,39,00174,fog,1366,0,,0.998327,0.001673,L,0.998327,0.996655,0.017840,0.003345,0.081076
52,39,00174,fog,1099,0,,0.999455,0.000545,L,0.999455,0.998911,0.006692,0.001089,0.029985
52,39,00174,fog,174,0,,0.999795,0.000205,L,0.999795,0.999590,0.002805,0.000410,0.052213
52,39,00174,fog,571,0,,0.997575,0.002425,L,0.997575,0.995150,0.024564,0.004850,0.050836
52,39,00174,fog,402,0,,0.999740,0.000260,L,0.999740,0.999480,0.003469,0.000520,0.053642
52,39,00174,fog,219,0,,0.999732,0.000268,L,0.999732,0.999465,0.003563,0.000535,0.057916
52,39,00174,fog,1019,0,,0.998446,0.001554,L,0.998446,0.996892,0.016740,0.003108,0.051482
52,39,00174,fog,144,0,,0.999770,0.000230,L,0.999770,0.999539,0.003115,0.000461,0.067261
52,39,00174,fog,983,0,,0.999157,0.000843,L,0.999157,0.998315,0.009821,0.001685,0.031264
52,39,00174,fog,385,0,,0.998678,0.001322,L,0.998678,0.997356,0.014549,0.002644,0.042785
52,39,00174,fog,19,0,,0.998959,0.001041,L,0.998959,0.997917,0.011819,0.002083,0.154498
52,39,00174,fog,1307,0,,0.999237,0.000763,L,0.999237,0.998473,0.009006,0.001527,0.056516
52,39,00174,fog,49,0,,0.999832,0.000168,L,0.999832,0.999664,0.002351,0.000336,0.054840
52,39,00174,fog,312,0,,0.999796,0.000204,L,0.999796,0.999593,0.002789,0.000407,0.050543
52,39,00174,fog,1313,0,,0.999312,0.000688,L,0.999312,0.998624,0.008222,0.001376,0.051155
52,39,00174,fog,239,0,,0.999678,0.000322,L,0.999678,0.999356,0.004201,0.000644,0.054089
52,39,00174,fog,460,0,,0.995958,0.004042,L,0.995958,0.991916,0.037956,0.008084,0.067264
52,39,00174,fog,329,0,,0.999680,0.000320,L,0.999680,0.999360,0.004176,0.000640,0.051578
53,39,00220,fog,416,1,,0.999124,0.000876,L,0.999124,0.998248,0.010161,0.001752,0.066467
53,39,00220,fog,417,1,,0.999193,0.000807,L,0.999193,0.998387,0.009452,0.001613,0.054912
53,39,00220,fog,418,1,,0.999530,0.000470,L,0.999530,0.999059,0.005878,0.000941,0.051059
53,39,00220,fog,419,1,,0.999529,0.000471,L,0.999529,0.999059,0.005882,0.000941,0.050449
53,39,00220,fog,502,1,,0.999565,0.000435,L,0.999565,0.999129,0.005490,0.000871,0.094889
53,39,00220,fog,503,1,,0.999701,0.000299,L,0.999701,0.999402,0.003932,0.000598,0.130811
53,39,00220,fog,504,1,,0.999933,0.000067,L,0.999933,0.999867,0.001022,0.000133,0.192296
53,39,00220,fog,505,1,,0.999946,0.000054,L,0.999946,0.999893,0.000839,0.000107,0.282182
53,39,00220,fog,506,1,,0.999916,0.000084,L,0.999916,0.999833,0.001252,0.000167,0.176654
53,39,00220,fog,507,1,,0.998776,0.001224,L,0.998776,0.997552,0.013605,0.002448,0.099922
53,39,00220,fog,508,1,,0.999659,0.000341,L,0.999659,0.999317,0.004423,0.000683,0.044615
53,39,00220,fog,509,1,,0.999638,0.000362,L,0.999638,0.999275,0.004664,0.000725,0.041289
53,39,00220,fog,592,1,,0.999958,0.000042,L,0.999958,0.999916,0.000671,0.000084,0.096569
53,39,00220,fog,593,1,,0.999283,0.000717,L,0.999283,0.998567,0.008520,0.001433,0.162058
53,39,00220,fog,594,1,,0.999950,0.000050,L,0.999950,0.999899,0.000792,0.000101,0.252775
53,39,00220,fog,595,1,,0.999999,0.000001,L,0.999999,0.999998,0.000024,0.000002,0.506264
53,39,00220,fog,596,1,,0.999999,0.000001,L,0.999999,0.999999,0.000016,0.000001,0.542701
53,39,00220,fog,597,1,,0.999975,0.000025,L,0.999975,0.999950,0.000421,0.000050,0.299633
53,39,00220,fog,598,1,,0.999643,0.000357,L,0.999643,0.999286,0.004601,0.000714,0.072201
53,39,00220,fog,599,1,,0.999650,0.000350,L,0.999650,0.999300,0.004525,0.000700,0.041776
53,39,00220,fog,683,1,,0.999765,0.000235,L,0.999765,0.999529,0.003175,0.000471,0.129055
53,39,00220,fog,684,1,,0.999967,0.000034,L,0.999967,0.999933,0.000546,0.000067,0.289977
53,39,00220,fog,685,1,,0.999998,0.000002,L,0.999998,0.999997,0.000034,0.000003,0.514520
53,39,00220,fog,686,1,,0.999998,0.000002,L,0.999998,0.999996,0.000039,0.000004,0.501489
53,39,00220,fog,687,1,,0.999886,0.000114,L,0.999886,0.999772,0.001658,0.000228,0.174284
53,39,00220,fog,688,1,,0.999700,0.000300,L,0.999700,0.999400,0.003945,0.000600,0.075029
53,39,00220,fog,689,1,,0.999669,0.000331,L,0.999669,0.999338,0.004306,0.000662,0.052337
53,39,00220,fog,773,1,,0.998249,0.001751,L,0.998249,0.996499,0.018555,0.003501,0.100389
53,39,00220,fog,774,1,,0.998732,0.001268,L,0.998732,0.997464,0.014032,0.002536,0.138227
53,39,00220,fog,775,1,,0.999747,0.000253,L,0.999747,0.999495,0.003384,0.000505,0.119348
53,39,00220,fog,776,1,,0.999807,0.000193,L,0.999807,0.999615,0.002655,0.000385,0.097001
53,39,00220,fog,777,1,,0.999605,0.000395,L,0.999605,0.999210,0.005038,0.000790,0.071899
53,39,00220,fog,778,1,,0.999739,0.000261,L,0.999739,0.999478,0.003485,0.000522,0.054153
53,39,00220,fog,779,1,,0.999749,0.000251,L,0.999749,0.999498,0.003362,0.000502,0.038710
53,39,00220,fog,1205,0,,0.999139,0.000861,L,0.999139,0.998278,0.010007,0.001722,0.046719
53,39,00220,fog,242,0,,0.999783,0.000217,L,0.999783,0.999566,0.002952,0.000434,0.057561
53,39,00220,fog,292,0,,0.997104,0.002896,L,0.997104,0.994209,0.028587,0.005791,0.082129
53,39,00220,fog,185,0,,0.993670,0.006330,L,0.993670,0.987339,0.055338,0.012661,0.106796
53,39,00220,fog,331,0,,0.999620,0.000380,L,0.999620,0.999239,0.004868,0.000761,0.066737
53,39,00220,fog,348,0,,0.999828,0.000172,L,0.999828,0.999656,0.002396,0.000344,0.042723
53,39,00220,fog,844,0,,0.998832,0.001168,L,0.998832,0.997665,0.013058,0.002335,0.044790
53,39,00220,fog,403,0,,0.999726,0.000274,L,0.999726,0.999452,0.003635,0.000548,0.056926
53,39,00220,fog,182,0,,0.997355,0.002645,L,0.997355,0.994709,0.026461,0.005291,0.114355
53,39,00220,fog,22,0,,0.999549,0.000451,L,0.999549,0.999097,0.005667,0.000903,0.053193
53,39,00220,fog,246,0,,0.999681,0.000319,L,0.999681,0.999361,0.004170,0.000639,0.053587
53,39,00220,fog,77,0,,0.999807,0.000193,L,0.999807,0.999614,0.002662,0.000386,0.066336
53,39,00220,fog,920,0,,0.998568,0.001432,L,0.998568,0.997135,0.015598,0.002865,0.079441
53,39,00220,fog,1097,0,,0.998849,0.001151,L,0.998849,0.997697,0.012901,0.002303,0.057679
53,39,00220,fog,1227,0,,0.999668,0.000332,L,0.999668,0.999336,0.004315,0.000664,0.037317
53,39,00220,fog,1376,0,,0.999288,0.000712,L,0.999288,0.998576,0.008469,0.001424,0.096696
53,39,00220,fog,42,0,,0.999780,0.000220,L,0.999780,0.999560,0.002990,0.000440,0.070722
53,39,00220,fog,970,0,,0.998552,0.001448,L,0.998552,0.997103,0.015749,0.002897,0.058161
54,39,00265,fog,44,1,,0.999315,0.000685,L,0.999315,0.998629,0.008192,0.001371,0.085437
54,39,00265,fog,45,1,,0.999120,0.000880,L,0.999120,0.998240,0.010199,0.001760,0.125458
54,39,00265,fog,46,1,,0.998845,0.001155,L,0.998845,0.997690,0.012937,0.002310,0.156907
54,39,00265,fog,47,1,,0.998057,0.001943,L,0.998057,0.996114,0.020303,0.003886,0.178471
54,39,00265,fog,48,1,,0.998777,0.001223,L,0.998777,0.997553,0.013599,0.002447,0.135247
54,39,00265,fog,49,1,,0.999745,0.000255,L,0.999745,0.999490,0.003409,0.000510,0.091000
54,39,00265,fog,50,1,,0.999835,0.000165,L,0.999835,0.999670,0.002311,0.000330,0.059380
54,39,00265,fog,134,1,,0.999630,0.000370,L,0.999630,0.999260,0.004751,0.000740,0.138002
54,39,00265,fog,135,1,,0.999297,0.000703,L,0.999297,0.998594,0.008378,0.001406,0.185135
54,39,00265,fog,136,1,,0.999997,0.000003,L,0.999997,0.999994,0.000057,0.000006,0.492606
54,39,00265,fog,137,1,,1.000000,0.000000,L,1.000000,1.000000,0.000002,0.000000,0.685913
54,39,00265,fog,138,1,,0.999995,0.000005,L,0.999995,0.999991,0.000090,0.000009,0.442749
54,39,00265,fog,139,1,,0.999315,0.000685,L,0.999315,0.998629,0.008193,0.001371,0.179895
54,39,00265,fog,140,1,,0.999746,0.000254,L,0.999746,0.999491,0.003404,0.000509,0.060971
54,39,00265,fog,224,1,,0.999770,0.000231,L,0.999770,0.999539,0.003118,0.000461,0.129967
54,39,00265,fog,225,1,,0.999722,0.000278,L,0.999722,0.999443,0.003690,0.000557,0.199299
54,39,00265,fog,226,1,,1.000000,0.000000,L,1.000000,1.000000,0.000000,0.000000,0.776582
54,39,00265,fog,227,1,,1.000000,0.000000,L,1.000000,1.000000,0.000000,0.000000,0.947550
54,39,00265,fog,228,1,,1.000000,0.000000,L,1.000000,1.000000,0.000001,0.000000,0.809887
54,39,00265,fog,229,1,,0.999609,0.000391,L,0.999609,0.999218,0.004989,0.000782,0.226891
54,39,00265,fog,230,1,,0.999662,0.000338,L,0.999662,0.999323,0.004388,0.000677,0.084991
54,39,00265,fog,314,1,,0.999008,0.000992,L,0.999008,0.998015,0.011331,0.001985,0.102789
54,39,00265,fog,315,1,,0.998891,0.001109,L,0.998891,0.997782,0.012485,0.002218,0.154756
54,39,00265,fog,316,1,,0.999931,0.000069,L,0.999931,0.999861,0.001058,0.000139,0.149904
54,39,00265,fog,317,1,,0.999996,0.000004,L,0.999996,0.999991,0.000083,0.000009,0.439354
54,39,00265,fog,318,1,,0.999952,0.000048,L,0.999952,0.999904,0.000756,0.000096,0.241799
54,39,00265,fog,319,1,,0.999769,0.000231,L,0.999769,0.999538,0.003124,0.000462,0.074674
54,39,00265,fog,320,1,,0.999733,0.000267,L,0.999733,0.999466,0.003553,0.000534,0.046599
54,39,00265,fog,404,1,,0.998514,0.001486,L,0.998514,0.997029,0.016098,0.002971,0.083920
54,39,00265,fog,405,1,,0.997760,0.002240,L,0.997760,0.995519,0.022949,0.004481,0.115509
54,39,00265,fog,406,1,,0.998210,0.001790,L,0.998210,0.996420,0.018917,0.003580,0.104312
54,39,00265,fog,407,1,,0.999153,0.000847,L,0.999153,0.998306,0.009865,0.001694,0.084194
54,39,00265,fog,408,1,,0.999701,0.000299,L,0.999701,0.999402,0.003930,0.000598,0.055791
54,39,00265,fog,1053,0,,0.999848,0.000152,L,0.999848,0.999696,0.002144,0.000304,0.065686
54,39,00265,fog,483,0,,0.999605,0.000395,L,0.999605,0.999211,0.005031,0.000789,0.036630
54,39,00265,fog,764,0,,0.999716,0.000284,L,0.999716,0.999431,0.003759,0.000569,0.033567
54,39,00265,fog,72,0,,0.999836,0.000164,L,0.999836,0.999672,0.002297,0.000328,0.053482
54,39,00265,fog,494,0,,0.999578,0.000422,L,0.999578,0.999156,0.005338,0.000844,0.054023
54,39,00265,fog,1122,0,,0.999101,0.000899,L,0.999101,0.998202,0.010396,0.001798,0.035303
54,39,00265,fog,188,0,,0.999216,0.000784,L,0.999216,0.998433,0.009214,0.001567,0.114283
54,39,00265,fog,868,0,,0.999020,0.000980,L,0.999020,0.998040,0.011210,0.001960,0.032281
54,39,00265,fog,298,0,,0.999349,0.000651,L,0.999349,0.998698,0.007829,0.001302,0.027478
54,39,00265,fog,615,0,,0.999421,0.000579,L,0.999421,0.998843,0.007057,0.001157,0.052639
54,39,00265,fog,1394,0,,0.999243,0.000757,L,0.999243,0.998486,0.008941,0.001514,0.043915
54,39,00265,fog,563,0,,0.999854,0.000146,L,0.999854,0.999708,0.002068,0.000292,0.022876
54,39,00265,fog,1088,0,,0.998935,0.001065,L,0.998935,0.997871,0.012050,0.002129,0.030328
54,39,00265,fog,286,0,,0.998877,0.001123,L,0.998877,0.997753,0.012627,0.002247,0.051658
54,39,00265,fog,282,0,,0.998609,0.001391,L,0.998609,0.997217,0.015209,0.002783,0.067747
54,39,00265,fog,1043,0,,0.998664,0.001336,L,0.998664,0.997329,0.014679,0.002671,0.040106
54,39,00265,fog,1413,0,,0.999166,0.000834,L,0.999166,0.998333,0.009729,0.001667,0.047559
54,39,00265,fog,878,0,,0.999485,0.000515,L,0.999485,0.998970,0.006368,0.001030,0.037116
55,39,00491,fog,1135,1,,0.999870,0.000130,L,0.999870,0.999741,0.001862,0.000259,0.063143
55,39,00491,fog,1136,1,,0.999906,0.000094,L,0.999906,0.999812,0.001396,0.000188,0.067758
55,39,00491,fog,1137,1,,0.999988,0.000012,L,0.999988,0.999977,0.000206,0.000023,0.088662
55,39,00491,fog,1138,1,,0.999994,0.000006,L,0.999994,0.999987,0.000118,0.000013,0.111303
55,39,00491,fog,1139,1,,0.999965,0.000035,L,0.999965,0.999929,0.000574,0.000071,0.094973
55,39,00491,fog,1140,1,,0.998775,0.001225,L,0.998775,0.997550,0.013614,0.002450,0.090120
55,39,00491,fog,1225,1,,0.999936,0.000064,L,0.999936,0.999872,0.000984,0.000128,0.090829
55,39,00491,fog,1226,1,,0.999454,0.000546,L,0.999454,0.998908,0.006703,0.001092,0.147370
55,39,00491,fog,1227,1,,0.999996,0.000004,L,0.999996,0.999992,0.000074,0.000008,0.397129
55,39,00491,fog,1228,1,,1.000000,0.000000,L,1.000000,1.000000,0.000002,0.000000,0.597500
55,39,00491,fog,1229,1,,1.000000,0.000000,L,1.000000,1.000000,0.000002,0.000000,0.624031
55,39,00491,fog,1230,1,,0.999977,0.000023,L,0.999977,0.999953,0.000393,0.000047,0.313479
55,39,00491,fog,1231,1,,0.999411,0.000589,L,0.999411,0.998821,0.007173,0.001179,0.075147
55,39,00491,fog,1232,1,,0.999158,0.000842,L,0.999158,0.998317,0.009810,0.001683,0.054577
55,39,00491,fog,1315,1,,0.999795,0.000205,L,0.999795,0.999590,0.002805,0.000410,0.147824
55,39,00491,fog,1316,1,,0.999024,0.000976,L,0.999024,0.998048,0.011168,0.001952,0.197356
55,39,00491,fog,1317,1,,0.999982,0.000018,L,0.999982,0.999965,0.000302,0.000035,0.351114
55,39,00491,fog,1318,1,,1.000000,0.000000,L,1.000000,0.999999,0.000008,0.000001,0.585881
55,39,00491,fog,1319,1,,1.000000,0.000000,L,1.000000,0.999999,0.000010,0.000001,0.578435
55,39,00491,fog,1320,1,,0.999887,0.000113,L,0.999887,0.999775,0.001639,0.000225,0.266140
55,39,00491,fog,1321,1,,0.999068,0.000932,L,0.999068,0.998136,0.010727,0.001864,0.072555
55,39,00491,fog,1405,1,,0.998558,0.001442,L,0.998558,0.997116,0.015686,0.002884,0.112848
55,39,00491,fog,1406,1,,0.998290,0.001710,L,0.998290,0.996580,0.018183,0.003420,0.158796
55,39,00491,fog,1407,1,,0.999498,0.000502,L,0.999498,0.998996,0.006228,0.001004,0.190791
55,39,00491,fog,1408,1,,0.999805,0.000195,L,0.999805,0.999610,0.002685,0.000390,0.201875
55,39,00491,fog,1409,1,,0.998908,0.001092,L,0.998908,0.997816,0.012319,0.002184,0.173807
55,39,00491,fog,1410,1,,0.997385,0.002615,L,0.997385,0.994770,0.026204,0.005230,0.129894
55,39,00491,fog,1411,1,,0.998714,0.001286,L,0.998714,0.997429,0.014199,0.002571,0.062455
55,39,00491,fog,500,0,,0.998927,0.001073,L,0.998927,0.997854,0.012130,0.002146,0.052895
55,39,00491,fog,288,0,,0.999857,0.000143,L,0.999857,0.999714,0.002034,0.000286,0.027219
55,39,00491,fog,72,0,,0.999822,0.000178,L,0.999822,0.999643,0.002479,0.000357,0.066732
55,39,00491,fog,532,0,,0.999827,0.000173,L,0.999827,0.999654,0.002409,0.000346,0.034748
55,39,00491,fog,298,0,,0.999856,0.000144,L,0.999856,0.999711,0.002051,0.000289,0.028378
55,39,00491,fog,1343,0,,0.999218,0.000782,L,0.999218,0.998435,0.009201,0.001565,0.093811
55,39,00491,fog,528,0,,0.999840,0.000159,L,0.999840,0.999681,0.002241,0.000319,0.032553
55,39,00491,fog,1278,0,,0.998960,0.001040,L,0.998960,0.997920,0.011807,0.002080,0.048428
55,39,00491,fog,1221,0,,0.998979,0.001021,L,0.998979,0.997957,0.011620,0.002043,0.039279
55,39,00491,fog,57,0,,0.999793,0.000206,L,0.999793,0.999587,0.002826,0.000413,0.050493
55,39,00491,fog,1036,0,,0.998953,0.001047,L,0.998953,0.997906,0.011877,0.002094,0.030356
55,39,00491,fog,136,0,,0.998629,0.001371,L,0.998629,0.997258,0.015015,0.002742,0.069584
55,39,00491,fog,672,0,,0.999819,0.000181,L,0.999819,0.999637,0.002515,0.000363,0.034282
55,39,00491,fog,438,0,,0.999807,0.000193,L,0.999807,0.999614,0.002661,0.000386,0.037407
55,39,00491,fog,923,0,,0.999089,0.000911,L,0.999089,0.998178,0.010513,0.001822,0.024148
55,39,00491,fog,943,0,,0.999009,0.000991,L,0.999009,0.998018,0.011320,0.001982,0.032233
55,39,00491,fog,453,0,,0.999602,0.000398,L,0.999602,0.999204,0.005072,0.000796,0.071017
55,39,00491,fog,405,0,,0.999095,0.000905,L,0.999095,0.998189,0.010458,0.001811,0.076700
56,39,00537,fog,595,1,,0.997778,0.002222,L,0.997778,0.995556,0.022787,0.004444,0.067628
56,39,00537,fog,596,1,,0.997593,0.002407,L,0.997593,0.995186,0.024406,0.004814,0.078039
56,39,00537,fog,685,1,,0.999098,0.000902,L,0.999098,0.998196,0.010426,0.001804,0.097871
56,39,00537,fog,686,1,,0.997739,0.002261,L,0.997739,0.995479,0.023126,0.004521,0.191991
56,39,00537,fog,687,1,,0.999084,0.000916,L,0.999084,0.998169,0.010562,0.001831,0.224157
56,39,00537,fog,688,1,,0.999585,0.000415,L,0.999585,0.999171,0.005258,0.000829,0.289450
56,39,00537,fog,689,1,,0.997950,0.002050,L,0.997950,0.995899,0.021264,0.004101,0.224806
56,39,00537,fog,690,1,,0.999309,0.000691,L,0.999309,0.998619,0.008248,0.001381,0.127403
56,39,00537,fog,691,1,,0.999227,0.000773,L,0.999227,0.998453,0.009109,0.001547,0.070756
56,39,00537,fog,775,1,,0.999934,0.000066,L,0.999934,0.999869,0.001006,0.000131,0.207435
56,39,00537,fog,776,1,,0.999992,0.000008,L,0.999992,0.999985,0.000141,0.000015,0.440687
56,39,00537,fog,777,1,,1.000000,0.000000,L,1.000000,1.000000,0.000000,0.000000,0.981761
56,39,00537,fog,778,1,,1.000000,0.000000,L,1.000000,1.000000,0.000000,0.000000,0.997653
56,39,00537,fog,779,1,,1.000000,0.000000,L,1.000000,1.000000,0.000002,0.000000,0.803703
56,39,00537,fog,780,1,,0.999614,0.000386,L,0.999614,0.999228,0.004935,0.000772,0.273624
56,39,00537,fog,781,1,,0.999284,0.000716,L,0.999284,0.998567,0.008518,0.001433,0.089553
56,39,00537,fog,864,1,,0.999988,0.000012,L,0.999988,0.999976,0.000214,0.000024,0.124563
56,39,00537,fog,865,1,,0.999431,0.000569,L,0.999431,0.998863,0.006950,0.001137,0.172960
56,39,00537,fog,866,1,,0.999871,0.000129,L,0.999871,0.999742,0.001851,0.000258,0.269034
56,39,00537,fog,867,1,,0.999999,0.000001,L,0.999999,0.999999,0.000012,0.000001,0.795846
56,39,00537,fog,868,1,,1.000000,0.000000,L,1.000000,1.000000,0.000003,0.000000,0.847570
56,39,00537,fog,869,1,,0.999998,0.000002,L,0.999998,0.999997,0.000032,0.000003,0.663673
56,39,00537,fog,870,1,,0.999520,0.000480,L,0.999520,0.999040,0.005985,0.000960,0.214837
56,39,00537,fog,871,1,,0.999260,0.000740,L,0.999260,0.998520,0.008763,0.001480,0.074696
56,39,00537,fog,954,1,,0.996007,0.003993,L,0.996007,0.992014,0.037565,0.007986,0.066556
56,39,00537,fog,955,1,,0.995110,0.004890,L,0.995110,0.990220,0.044573,0.009780,0.071365
56,39,00537,fog,956,1,,0.993850,0.006150,L,0.993850,0.987699,0.054021,0.012301,0.127353
56,39,00537,fog,957,1,,0.998254,0.001746,L,0.998254,0.996507,0.018516,0.003493,0.213295
56,39,00537,fog,958,1,,0.998974,0.001026,L,0.998974,0.997948,0.011667,0.002052,0.189149
56,39,00537,fog,959,1,,0.998514,0.001486,L,0.998514,0.997029,0.016099,0.002971,0.181691
56,39,00537,fog,960,1,,0.999085,0.000915,L,0.999085,0.998170,0.010554,0.001830,0.106649
56,39,00537,fog,961,1,,0.998985,0.001015,L,0.998985,0.997970,0.011557,0.002030,0.060182
56,39,00537,fog,180,0,,0.975472,0.024528,L,0.975472,0.950944,0.166160,0.049056,0.075802
56,39,00537,fog,68,0,,0.999749,0.000251,L,0.999749,0.999498,0.003364,0.000502,0.054768
56,39,00537,fog,1332,0,,0.999206,0.000794,L,0.999206,0.998413,0.009318,0.001587,0.061448
56,39,00537,fog,1010,0,,0.999454,0.000546,L,0.999454,0.998907,0.006708,0.001093,0.047964
56,39,00537,fog,747,0,,0.999384,0.000616,L,0.999384,0.998768,0.007460,0.001232,0.033686
56,39,00537,fog,789,0,,0.999598,0.000402,L,0.999598,0.999196,0.005114,0.000804,0.038318
56,39,00537,fog,251,0,,0.999813,0.000187,L,0.999813,0.999626,0.002585,0.000374,0.062956
56,39,00537,fog,422,0,,0.999554,0.000446,L,0.999554,0.999107,0.005612,0.000893,0.057263
56,39,00537,fog,1092,0,,0.996825,0.003175,L,0.996825,0.993649,0.030926,0.006351,0.090790
56,39,00537,fog,293,0,,0.998763,0.001237,L,0.998763,0.997526,0.013730,0.002474,0.048216
56,39,00537,fog,633,0,,0.999288,0.000712,L,0.999288,0.998577,0.008468,0.001423,0.048713
56,39,00537,fog,1252,0,,0.999232,0.000768,L,0.999232,0.998464,0.009051,0.001536,0.039933
56,39,00537,fog,1157,0,,0.999006,0.000994,L,0.999006,0.998012,0.011348,0.001988,0.040726
56,39,00537,fog,590,0,,0.999635,0.000365,L,0.999635,0.999270,0.004697,0.000730,0.046412
56,39,00537,fog,1346,0,,0.999369,0.000631,L,0.999369,0.998737,0.007622,0.001263,0.042271
56,39,00537,fog,1372,0,,0.999170,0.000830,L,0.999170,0.998340,0.009690,0.001660,0.087620
56,39,00537,fog,1076,0,,0.998997,0.001003,L,0.998997,0.997993,0.011442,0.002007,0.034855
56,39,00537,fog,147,0,,0.999665,0.000335,L,0.999665,0.999330,0.004349,0.000670,0.045647
57,39,00582,fog,855,1,,0.991628,0.008372,L,0.991628,0.983255,0.069799,0.016745,0.162416
57,39,00582,fog,768,1,,0.998589,0.001411,L,0.998589,0.997177,0.015398,0.002823,0.186477
57,39,00582,fog,674,1,,0.999507,0.000493,L,0.999507,0.999013,0.006130,0.000987,0.220194
57,39,00582,fog,493,1,,0.999500,0.000500,L,0.999500,0.999001,0.006199,0.000999,0.106312
57,39,00582,fog,590,1,,0.999591,0.000409,L,0.999591,0.999181,0.005197,0.000819,0.059828
57,39,00582,fog,498,1,,0.998612,0.001388,L,0.998612,0.997225,0.015173,0.002775,0.079507
57,39,00582,fog,765,1,,0.998746,0.001254,L,0.998746,0.997492,0.013895,0.002508,0.218683
57,39,00582,fog,673,1,,0.999984,0.000016,L,0.999984,0.999967,0.000284,0.000033,0.237295
57,39,00582,fog,857,1,,0.998388,0.001612,L,0.998388,0.996777,0.017275,0.003223,0.094825
57,39,00582,fog,680,1,,0.999511,0.000489,L,0.999511,0.999022,0.006082,0.000978,0.055252
57,39,00582,fog,767,1,,0.999499,0.000501,L,0.999499,0.998998,0.006216,0.001002,0.316049
57,39,00582,fog,856,1,,0.996043,0.003957,L,0.996043,0.992085,0.037283,0.007915,0.149435
57,39,00582,fog,678,1,,0.999996,0.000004,L,0.999996,0.999992,0.000075,0.000008,0.654750
57,39,00582,fog,853,1,,0.992123,0.007877,L,0.992123,0.984245,0.066367,0.015755,0.097018
57,39,00582,fog,499,1,,0.999672,0.000328,L,0.999672,0.999344,0.004270,0.000656,0.045970
57,39,00582,fog,588,1,,0.999848,0.000152,L,0.999848,0.999696,0.002146,0.000304,0.349851
57,39,00582,fog,584,1,,0.998991,0.001009,L,0.998991,0.997981,0.011501,0.002019,0.179499
57,39,00582,fog,860,1,,0.999406,0.000594,L,0.999406,0.998812,0.007222,0.001188,0.037557
57,39,00582,fog,769,1,,0.999283,0.000717,L,0.999283,0.998565,0.008529,0.001435,0.056479
57,39,00582,fog,677,1,,1.000000,0.000000,L,1.000000,1.000000,0.000000,0.000000,0.999756
57,39,00582,fog,858,1,,0.999264,0.000736,L,0.999264,0.998527,0.008725,0.001473,0.060725
57,39,00582,fog,770,1,,0.999394,0.000606,L,0.999394,0.998789,0.007347,0.001211,0.051686
57,39,00582,fog,679,1,,0.999235,0.000765,L,0.999235,0.998469,0.009027,0.001531,0.123926
57,39,00582,fog,589,1,,0.999361,0.000639,L,0.999361,0.998722,0.007700,0.001278,0.085089
57,39,00582,fog,494,1,,0.998791,0.001209,L,0.998791,0.997582,0.013462,0.002418,0.093816
57,39,00582,fog,500,1,,0.999757,0.000243,L,0.999757,0.999513,0.003273,0.000487,0.039926
57,39,00582,fog,764,1,,0.997027,0.002973,L,0.997027,0.994054,0.029238,0.005946,0.203083
57,39,00582,fog,583,1,,0.999956,0.000043,L,0.999956,0.999913,0.000693,0.000087,0.164526
57,39,00582,fog,586,1,,1.000000,0.000000,L,1.000000,1.000000,0.000003,0.000000,0.781610
57,39,00582,fog,676,1,,1.000000,0.000000,L,1.000000,1.000000,0.000000,0.000000,0.999857
57,39,00582,fog,587,1,,1.000000,0.000000,L,1.000000,1.000000,0.000002,0.000000,0.867370
57,39,00582,fog,495,1,,0.998119,0.001882,L,0.998119,0.996237,0.019747,0.003763,0.100644
57,39,00582,fog,763,1,,0.999321,0.000679,L,0.999321,0.998642,0.008124,0.001358,0.154204
57,39,00582,fog,497,1,,0.997395,0.002605,L,0.997395,0.994791,0.026113,0.005209,0.148563
57,39,00582,fog,854,1,,0.990830,0.009170,L,0.990830,0.981660,0.075239,0.018340,0.120938
57,39,00582,fog,766,1,,0.999681,0.000319,L,0.999681,0.999363,0.004159,0.000637,0.316833
57,39,00582,fog,1300,0,,0.998011,0.001989,L,0.998011,0.996022,0.020714,0.003978,0.074563
57,39,00582,fog,1221,0,,0.999291,0.000709,L,0.999291,0.998582,0.008440,0.001418,0.045181
57,39,00582,fog,1149,0,,0.999225,0.000775,L,0.999225,0.998450,0.009126,0.001550,0.029564
57,39,00582,fog,273,0,,0.990077,0.009923,L,0.990077,0.980154,0.080283,0.019846,0.081653
57,39,00582,fog,653,0,,0.999699,0.000301,L,0.999699,0.999398,0.003953,0.000602,0.026059
57,39,00582,fog,264,0,,0.998089,0.001911,L,0.998089,0.996179,0.020011,0.003821,0.064147
57,39,00582,fog,828,0,,0.998618,0.001382,L,0.998618,0.997236,0.015120,0.002764,0.038437
57,39,00582,fog,1001,0,,0.998155,0.001845,L,0.998155,0.996310,0.019416,0.003690,0.050627
57,39,00582,fog,513,0,,0.999737,0.000263,L,0.999737,0.999474,0.003510,0.000526,0.032144
57,39,00582,fog,682,0,,0.999637,0.000363,L,0.999637,0.999273,0.004676,0.000727,0.041137
57,39,00582,fog,835,0,,0.998678,0.001322,L,0.998678,0.997356,0.014550,0.002644,0.032761
57,39,00582,fog,176,0,,0.999306,0.000694,L,0.999306,0.998612,0.008283,0.001388,0.070179
57,39,00582,fog,350,0,,0.999865,0.000135,L,0.999865,0.999729,0.001935,0.000271,0.108314
57,39,00582,fog,103,0,,0.997715,0.002285,L,0.997715,0.995429,0.023344,0.004571,0.078964
57,39,00582,fog,1316,0,,0.999320,0.000680,L,0.999320,0.998640,0.008138,0.001360,0.040516
57,39,00582,fog,699,0,,0.999721,0.000279,L,0.999721,0.999441,0.003701,0.000559,0.029375
57,39,00582,fog,894,0,,0.999350,0.000650,L,0.999350,0.998700,0.007822,0.001300,0.027655
57,39,00582,fog,740,0,,0.999355,0.000645,L,0.999355,0.998710,0.007765,0.001290,0.026774
58,40,00476,fog,54,1,,0.997292,0.002708,L,0.997292,0.994584,0.026995,0.005416,0.122774
58,40,00476,fog,613,1,,0.999980,0.000020,L,0.999980,0.999961,0.000335,0.000039,0.253477
58,40,00476,fog,238,1,,0.999485,0.000515,L,0.999485,0.998970,0.006370,0.001030,0.158235
58,40,00476,fog,412,1,,0.998056,0.001944,L,0.998056,0.996111,0.020314,0.003889,0.161133
58,40,00476,fog,324,1,,0.999765,0.000235,L,0.999765,0.999529,0.003176,0.000471,0.246301
58,40,00476,fog,101,1,,0.999049,0.000950,L,0.999049,0.998099,0.010913,0.001901,0.110549
58,40,00476,fog,55,1,,0.998086,0.001914,L,0.998086,0.996172,0.020040,0.003828,0.196095
58,40,00476,fog,147,1,,0.998803,0.001196,L,0.998803,0.997607,0.013339,0.002393,0.215670
58,40,00476,fog,232,1,,0.999839,0.000161,L,0.999839,0.999677,0.002266,0.000323,0.193609
58,40,00476,fog,367,1,,0.998482,0.001518,L,0.998482,0.996964,0.016403,0.003036,0.218946
58,40,00476,fog,881,1,,0.999727,0.000273,L,0.999727,0.999455,0.003622,0.000545,0.929594
58,40,00476,fog,519,1,,0.999371,0.000629,L,0.999371,0.998742,0.007594,0.001258,0.041058
58,40,00476,fog,705,1,,0.999476,0.000524,L,0.999476,0.998952,0.006465,0.001048,0.048314
58,40,00476,fog,145,1,,0.999999,0.000001,L,0.999999,0.999998,0.000018,0.000002,0.586488
58,40,00476,fog,276,1,,0.999220,0.000780,L,0.999220,0.998440,0.009177,0.001560,0.224521
58,40,00476,fog,883,1,,0.999200,0.000800,L,0.999200,0.998401,0.009380,0.001599,0.330098
58,40,00476,fog,103,1,,0.999297,0.000703,L,0.999297,0.998595,0.008374,0.001405,0.051074
58,40,00476,fog,880,1,,0.996008,0.003992,L,0.996008,0.992016,0.037558,0.007984,0.347642
58,40,00476,fog,53,1,,0.997835,0.002165,L,0.997835,0.995671,0.022281,0.004329,0.093079
58,40,00476,fog,193,1,,0.999268,0.000732,L,0.999268,0.998536,0.008683,0.001464,0.057111
58,40,00476,fog,280,1,,1.000000,0.000000,L,1.000000,1.000000,0.000001,0.000000,0.999988
58,40,00476,fog,414,1,,0.998692,0.001308,L,0.998692,0.997385,0.014410,0.002615,0.145065
58,40,00476,fog,418,1,,0.999506,0.000495,L,0.999506,0.999011,0.006144,0.000989,0.063589
58,40,00476,fog,520,1,,0.999339,0.000661,L,0.999339,0.998678,0.007936,0.001322,0.045247
58,40,00476,fog,283,1,,0.999240,0.000760,L,0.999240,0.998480,0.008970,0.001520,0.058003
58,40,00476,fog,281,1,,0.999999,0.000001,L,0.999999,0.999999,0.000012,0.000001,0.779048
58,40,00476,fog,608,1,,0.999997,0.000003,L,0.999997,0.999994,0.000056,0.000006,0.101118
58,40,00476,fog,148,1,,0.999348,0.000652,L,0.999348,0.998696,0.007838,0.001304,0.109096
58,40,00476,fog,282,1,,0.997759,0.002241,L,0.997759,0.995518,0.022952,0.004482,0.197817
58,40,00476,fog,144,1,,0.999497,0.000503,L,0.999497,0.998995,0.006233,0.001005,0.179386
58,40,00476,fog,884,1,,0.999325,0.000675,L,0.999325,0.998650,0.008082,0.001350,0.039570
58,40,00476,fog,56,1,,0.997803,0.002197,L,0.997803,0.995606,0.022568,0.004394,0.191832
58,40,00476,fog,186,1,,0.999598,0.000402,L,0.999598,0.999196,0.005113,0.000804,0.184737
58,40,00476,fog,326,1,,0.999995,0.000005,L,0.999995,0.999991,0.000088,0.000009,0.744918
58,40,00476,fog,233,1,,0.999630,0.000370,L,0.999630,0.999260,0.004752,0.000740,0.223011
58,40,00476,fog,189,1,,1.000000,0.000000,L,1.000000,1.000000,0.000002,0.000000,0.793664
58,40,00476,fog,1043,0,,0.999065,0.000935,L,0.999065,0.998131,0.010754,0.001869,0.040594
58,40,00476,fog,257,0,,0.999798,0.000202,L,0.999798,0.999596,0.002769,0.000404,0.043618
58,40,00476,fog,784,0,,0.999697,0.000303,L,0.999697,0.999395,0.003973,0.000605,0.040463
58,40,00476,fog,428,0,,0.999750,0.000250,L,0.999750,0.999501,0.003348,0.000499,0.041375
58,40,00476,fog,1007,0,,0.999032,0.000968,L,0.999032,0.998065,0.011085,0.001935,0.077606
58,40,00476,fog,876,0,,0.999297,0.000703,L,0.999297,0.998593,0.008381,0.001407,0.031456
58,40,00476,fog,933,0,,0.999767,0.000233,L,0.999767,0.999533,0.003153,0.000467,0.094641
58,40,00476,fog,75,0,,0.999794,0.000206,L,0.999794,0.999589,0.002814,0.000411,0.069766
58,40,00476,fog,420,0,,0.999821,0.000179,L,0.999821,0.999642,0.002486,0.000358,0.041861
58,40,00476,fog,780,0,,0.999654,0.000346,L,0.999654,0.999309,0.004472,0.000691,0.035236
58,40,00476,fog,1055,0,,0.999146,0.000854,L,0.999146,0.998292,0.009939,0.001708,0.033313
58,40,00476,fog,1245,0,,0.999440,0.000560,L,0.999440,0.998880,0.006860,0.001120,0.037122
58,40,00476,fog,29,0,,0.999787,0.000213,L,0.999787,0.999575,0.002901,0.000425,0.078111
58,40,00476,fog,293,0,,0.999328,0.000672,L,0.999328,0.998656,0.008052,0.001344,0.051369
58,40,00476,fog,1115,0,,0.998813,0.001187,L,0.998813,0.997625,0.013251,0.002375,0.075222
58,40,00476,fog,1004,0,,0.998582,0.001418,L,0.998582,0.997164,0.015461,0.002836,0.073303
58,40,00476,fog,513,0,,0.999815,0.000185,L,0.999815,0.999629,0.002566,0.000371,0.050025
58,40,00476,fog,663,0,,0.999034,0.000966,L,0.999034,0.998069,0.011065,0.001931,0.054692
59,40,00521,fog,125,1,,0.998975,0.001025,L,0.998975,0.997950,0.011658,0.002050,0.097819
59,40,00521,fog,90,1,,0.999160,0.000840,L,0.999160,0.998320,0.009792,0.001680,0.069709
59,40,00521,fog,218,1,,1.000000,0.000000,L,1.000000,1.000000,0.000000,0.000000,0.994514
59,40,00521,fog,220,1,,0.999305,0.000695,L,0.999305,0.998611,0.008290,0.001389,0.194787
59,40,00521,fog,395,1,,0.998405,0.001595,L,0.998405,0.996810,0.017122,0.003190,0.142279
59,40,00521,fog,398,1,,0.998217,0.001783,L,0.998217,0.996433,0.018854,0.003567,0.277879
59,40,00521,fog,703,1,,0.998345,0.001655,L,0.998345,0.996690,0.017678,0.003310,0.099394
59,40,00521,fog,93,1,,0.998930,0.001070,L,0.998930,0.997859,0.012105,0.002141,0.104853
59,40,00521,fog,306,1,,0.999633,0.000367,L,0.999633,0.999267,0.004713,0.000733,0.231820
59,40,00521,fog,216,1,,0.999577,0.000423,L,0.999577,0.999155,0.005345,0.000845,0.192584
59,40,00521,fog,185,1,,0.999966,0.000034,L,0.999966,0.999931,0.000559,0.000069,0.113485
59,40,00521,fog,131,1,,0.999308,0.000692,L,0.999308,0.998615,0.008265,0.001385,0.071140
59,40,00521,fog,797,1,,0.999060,0.000940,L,0.999060,0.998120,0.010808,0.001880,0.160294
59,40,00521,fog,128,1,,0.999496,0.000504,L,0.999496,0.998992,0.006246,0.001008,0.162207
59,40,00521,fog,709,1,,0.999414,0.000586,L,0.999414,0.998827,0.007140,0.001173,0.056904
59,40,00521,fog,615,1,,0.999970,0.000030,L,0.999970,0.999941,0.000489,0.000059,0.405760
59,40,00521,fog,883,1,,0.994015,0.005985,L,0.994015,0.988031,0.052802,0.011969,0.077126
59,40,00521,fog,450,1,,0.989535,0.010465,L,0.989535,0.979070,0.083862,0.020930,0.104093
59,40,00521,fog,529,1,,0.999623,0.000377,L,0.999623,0.999246,0.004830,0.000754,0.041632
59,40,00521,fog,799,1,,0.999496,0.000504,L,0.999496,0.998992,0.006246,0.001008,0.038022
59,40,00521,fog,795,1,,0.994773,0.005227,L,0.994773,0.989545,0.047143,0.010455,0.176579
59,40,00521,fog,884,1,,0.994269,0.005731,L,0.994269,0.988538,0.050923,0.011462,0.086576
59,40,00521,fog,620,1,,0.999281,0.000719,L,0.999281,0.998563,0.008540,0.001437,0.141417
59,40,00521,fog,311,1,,0.999062,0.000938,L,0.999062,0.998124,0.010785,0.001876,0.107526
59,40,00521,fog,613,1,,0.999570,0.000430,L,0.999570,0.999140,0.005428,0.000860,0.085779
59,40,00521,fog,530,1,,0.999433,0.000567,L,0.999433,0.998866,0.006934,0.001134,0.076505
59,40,00521,fog,707,1,,0.999999,0.000001,L,0.999999,0.999999,0.000013,0.000001,0.784739
59,40,00521,fog,365,1,,0.999213,0.000787,L,0.999213,0.998427,0.009246,0.001573,0.165261
59,40,00521,fog,451,1,,0.993527,0.006473,L,0.993527,0.987053,0.056379,0.012947,0.138988
59,40,00521,fog,217,1,,1.000000,0.000000,L,1.000000,1.000000,0.000000,0.000000,0.832435
59,40,00521,fog,274,1,,0.999928,0.000072,L,0.999928,0.999857,0.001089,0.000143,0.220115
59,40,00521,fog,182,1,,0.999999,0.000001,L,0.999999,0.999997,0.000030,0.000003,0.451910
59,40,00521,fog,92,1,,0.996785,0.003215,L,0.996785,0.993570,0.031254,0.006430,0.103404
59,40,00521,fog,614,1,,0.998861,0.001139,L,0.998861,0.997723,0.012777,0.002277,0.175654
59,40,00521,fog,275,1,,0.999963,0.000037,L,0.999963,0.999925,0.000602,0.000075,0.155086
59,40,00521,fog,360,1,,0.998723,0.001277,L,0.998723,0.997445,0.014120,0.002555,0.167763
59,40,00521,fog,1313,0,,0.999262,0.000738,L,0.999262,0.998524,0.008745,0.001476,0.056827
59,40,00521,fog,550,0,,0.999430,0.000569,L,0.999430,0.998861,0.006959,0.001139,0.091136
59,40,00521,fog,336,0,,0.999822,0.000178,L,0.999822,0.999644,0.002472,0.000356,0.052550
59,40,00521,fog,965,0,,0.998844,0.001156,L,0.998844,0.997687,0.012950,0.002313,0.047477
59,40,00521,fog,1100,0,,0.997843,0.002157,L,0.997843,0.995687,0.022209,0.004313,0.103378
59,40,00521,fog,770,0,,0.999247,0.000753,L,0.999247,0.998495,0.008894,0.001505,0.048795
59,40,00521,fog,406,0,,0.999559,0.000441,L,0.999559,0.999119,0.005548,0.000881,0.052729
59,40,00521,fog,575,0,,0.995077,0.004923,L,0.995077,0.990154,0.044827,0.009846,0.079783
59,40,00521,fog,549,0,,0.999487,0.000513,L,0.999487,0.998974,0.006349,0.001026,0.103735
59,40,00521,fog,842,0,,0.998960,0.001040,L,0.998960,0.997920,0.011806,0.002080,0.054582
59,40,00521,fog,520,0,,0.999764,0.000236,L,0.999764,0.999527,0.003188,0.000473,0.058188
59,40,00521,fog,1340,0,,0.999364,0.000636,L,0.999364,0.998728,0.007672,0.001272,0.038495
59,40,00521,fog,685,0,,0.999237,0.000763,L,0.999237,0.998475,0.008998,0.001525,0.048152
59,40,00521,fog,36,0,,0.998132,0.001868,L,0.998132,0.996265,0.019622,0.003735,0.077599
59,40,00521,fog,564,0,,0.999353,0.000647,L,0.999353,0.998707,0.007783,0.001293,0.027124
59,40,00521,fog,267,0,,0.999718,0.000282,L,0.999718,0.999437,0.003729,0.000563,0.054543
59,40,00521,fog,15,0,,0.999148,0.000852,L,0.999148,0.998296,0.009916,0.001704,0.059387
59,40,00521,fog,74,0,,0.999754,0.000246,L,0.999754,0.999508,0.003307,0.000492,0.050802
60,40,00567,fog,111,1,,0.998525,0.001475,L,0.998525,0.997049,0.016001,0.002951,0.082302
60,40,00567,fog,112,1,,0.998205,0.001795,L,0.998205,0.996409,0.018965,0.003591,0.078108
60,40,00567,fog,113,1,,0.998240,0.001760,L,0.998240,0.996480,0.018642,0.003520,0.073907
60,40,00567,fog,114,1,,0.998974,0.001026,L,0.998974,0.997949,0.011663,0.002051,0.101347
60,40,00567,fog,115,1,,0.998290,0.001709,L,0.998290,0.996581,0.018178,0.003419,0.099905
60,40,00567,fog,116,1,,0.997886,0.002115,L,0.997886,0.995771,0.021836,0.004229,0.080367
60,40,00567,fog,117,1,,0.997927,0.002073,L,0.997927,0.995854,0.021467,0.004146,0.076751
60,40,00567,fog,201,1,,0.998402,0.001598,L,0.998402,0.996803,0.017153,0.003197,0.127115
60,40,00567,fog,202,1,,0.996622,0.003378,L,0.996622,0.993244,0.032599,0.006756,0.119243
60,40,00567,fog,203,1,,0.997760,0.002240,L,0.997760,0.995520,0.022943,0.004480,0.170708
60,40,00567,fog,204,1,,0.999143,0.000856,L,0.999143,0.998287,0.009962,0.001713,0.195247
60,40,00567,fog,205,1,,0.996420,0.003580,L,0.996420,0.992840,0.034245,0.007160,0.196974
60,40,00567,fog,206,1,,0.994295,0.005705,L,0.994295,0.988589,0.050731,0.011411,0.115735
60,40,00567,fog,207,1,,0.994721,0.005279,L,0.994721,0.989442,0.047535,0.010558,0.086256
60,40,00567,fog,291,1,,0.999300,0.000700,L,0.999300,0.998601,0.008343,0.001399,0.138454
60,40,00567,fog,292,1,,0.999985,0.000015,L,0.999985,0.999969,0.000267,0.000031,0.387917
60,40,00567,fog,293,1,,1.000000,0.000000,L,1.000000,1.000000,0.000001,0.000000,0.986907
60,40,00567,fog,294,1,,1.000000,0.000000,L,1.000000,1.000000,0.000000,0.000000,0.999746
60,40,00567,fog,295,1,,1.000000,0.000000,L,1.000000,1.000000,0.000001,0.000000,0.843435
60,40,00567,fog,296,1,,0.998323,0.001677,L,0.998323,0.996646,0.017880,0.003354,0.203965
60,40,00567,fog,297,1,,0.999257,0.000743,L,0.999257,0.998515,0.008791,0.001485,0.065993
60,40,00567,fog,381,1,,0.999163,0.000837,L,0.999163,0.998325,0.009768,0.001675,0.145417
60,40,00567,fog,382,1,,0.999559,0.000441,L,0.999559,0.999118,0.005553,0.000882,0.180496
60,40,00567,fog,383,1,,0.999999,0.000001,L,0.999999,0.999998,0.000017,0.000002,0.688079
60,40,00567,fog,384,1,,1.000000,0.000000,L,1.000000,1.000000,0.000002,0.000000,0.896350
60,40,00567,fog,385,1,,0.999998,0.000002,L,0.999998,0.999996,0.000038,0.000004,0.680356
60,40,00567,fog,386,1,,0.999678,0.000322,L,0.999678,0.999356,0.004198,0.000644,0.235456
60,40,00567,fog,387,1,,0.999841,0.000159,L,0.999841,0.999682,0.002238,0.000318,0.062806
60,40,00567,fog,471,1,,0.993921,0.006079,L,0.993921,0.987842,0.053496,0.012158,0.110130
60,40,00567,fog,472,1,,0.997889,0.002111,L,0.997889,0.995777,0.021809,0.004223,0.149418
60,40,00567,fog,473,1,,0.995000,0.005000,L,0.995000,0.990000,0.045416,0.010000,0.204460
60,40,00567,fog,474,1,,0.994508,0.005492,L,0.994508,0.989017,0.049136,0.010983,0.209944
60,40,00567,fog,475,1,,0.992658,0.007342,L,0.992658,0.985317,0.062603,0.014683,0.180454
60,40,00567,fog,476,1,,0.999166,0.000833,L,0.999166,0.998333,0.009727,0.001667,0.063346
60,40,00567,fog,477,1,,0.999683,0.000317,L,0.999683,0.999365,0.004146,0.000635,0.042124
60,40,00567,fog,1373,0,,0.997969,0.002031,L,0.997969,0.995938,0.021090,0.004062,0.054911
60,40,00567,fog,638,0,,0.997309,0.002691,L,0.997309,0.994618,0.026850,0.005382,0.073743
60,40,00567,fog,620,0,,0.999743,0.000257,L,0.999743,0.999485,0.003441,0.000515,0.056239
60,40,00567,fog,1227,0,,0.998856,0.001144,L,0.998856,0.997711,0.012831,0.002289,0.064006
60,40,00567,fog,490,0,,0.999572,0.000428,L,0.999572,0.999145,0.005402,0.000855,0.033443
60,40,00567,fog,1242,0,,0.999134,0.000866,L,0.999134,0.998268,0.010061,0.001732,0.079432
60,40,00567,fog,684,0,,0.998889,0.001111,L,0.998889,0.997777,0.012509,0.002223,0.048698
60,40,00567,fog,727,0,,0.997460,0.002540,L,0.997460,0.994921,0.025554,0.005079,0.049410
60,40,00567,fog,522,0,,0.999839,0.000161,L,0.999839,0.999679,0.002256,0.000321,0.035616
60,40,00567,fog,548,0,,0.999851,0.000149,L,0.999851,0.999702,0.002106,0.000298,0.065840
60,40,00567,fog,1095,0,,0.996640,0.003360,L,0.996640,0.993280,0.032450,0.006720,0.075852
60,40,00567,fog,1258,0,,0.999453,0.000547,L,0.999453,0.998906,0.006714,0.001094,0.042215
60,40,00567,fog,1411,0,,0.998871,0.001129,L,0.998871,0.997742,0.012681,0.002258,0.065629
60,40,00567,fog,887,0,,0.999521,0.000479,L,0.999521,0.999042,0.005971,0.000958,0.050735
60,40,00567,fog,1267,0,,0.996491,0.003508,L,0.996491,0.992983,0.033664,0.007017,0.140737
60,40,00567,fog,1219,0,,0.998469,0.001531,L,0.998469,0.996938,0.016523,0.003062,0.064988
60,40,00567,fog,391,0,,0.999400,0.000600,L,0.999400,0.998800,0.007290,0.001200,0.056460
60,40,00567,fog,852,0,,0.997594,0.002406,L,0.997594,0.995189,0.024393,0.004811,0.071440
61,41,00192,fog,960,1,,0.998553,0.001447,L,0.998553,0.997105,0.015740,0.002895,0.083031
61,41,00192,fog,961,1,,0.997657,0.002343,L,0.997657,0.995315,0.023845,0.004685,0.112559
61,41,00192,fog,962,1,,0.999080,0.000920,L,0.999080,0.998160,0.010608,0.001840,0.113953
61,41,00192,fog,963,1,,0.999130,0.000870,L,0.999130,0.998260,0.010099,0.001740,0.103478
61,41,00192,fog,964,1,,0.998223,0.001777,L,0.998223,0.996445,0.018801,0.003555,0.072084
61,41,00192,fog,965,1,,0.999310,0.000690,L,0.999310,0.998621,0.008237,0.001379,0.040968
61,41,00192,fog,966,1,,0.999227,0.000773,L,0.999227,0.998454,0.009108,0.001546,0.033475
61,41,00192,fog,1049,1,,0.999931,0.000069,L,0.999931,0.999862,0.001051,0.000138,0.095314
61,41,00192,fog,1050,1,,0.998970,0.001030,L,0.998970,0.997940,0.011707,0.002060,0.153230
61,41,00192,fog,1051,1,,0.999994,0.000006,L,0.999994,0.999988,0.000113,0.000012,0.388566
61,41,00192,fog,1052,1,,1.000000,0.000000,L,1.000000,1.000000,0.000000,0.000000,0.725886
61,41,00192,fog,1053,1,,1.000000,0.000000,L,1.000000,1.000000,0.000000,0.000000,0.717150
61,41,00192,fog,1054,1,,0.999990,0.000011,L,0.999990,0.999979,0.000190,0.000021,0.215380
61,41,00192,fog,1055,1,,0.999341,0.000659,L,0.999341,0.998683,0.007910,0.001317,0.053880
61,41,00192,fog,1056,1,,0.999322,0.000678,L,0.999322,0.998643,0.008118,0.001357,0.037267
61,41,00192,fog,1139,1,,0.999924,0.000076,L,0.999924,0.999849,0.001143,0.000151,0.092209
61,41,00192,fog,1140,1,,0.998501,0.001499,L,0.998501,0.997001,0.016229,0.002999,0.137922
61,41,00192,fog,1141,1,,0.999959,0.000041,L,0.999959,0.999919,0.000651,0.000081,0.251761
61,41,00192,fog,1142,1,,1.000000,0.000000,L,1.000000,1.000000,0.000002,0.000000,0.681049
61,41,00192,fog,1143,1,,1.000000,0.000000,L,1.000000,1.000000,0.000001,0.000000,0.689755
61,41,00192,fog,1144,1,,0.999972,0.000028,L,0.999972,0.999945,0.000458,0.000055,0.329310
61,41,00192,fog,1145,1,,0.999403,0.000597,L,0.999403,0.998805,0.007258,0.001195,0.066945
61,41,00192,fog,1146,1,,0.999366,0.000634,L,0.999366,0.998733,0.007646,0.001267,0.047571
61,41,00192,fog,1229,1,,0.999492,0.000508,L,0.999492,0.998984,0.006293,0.001016,0.079972
61,41,00192,fog,1230,1,,0.998576,0.001424,L,0.998576,0.997151,0.015521,0.002849,0.080884
61,41,00192,fog,1231,1,,0.999111,0.000889,L,0.999111,0.998223,0.010288,0.001777,0.113854
61,41,00192,fog,1232,1,,0.999235,0.000765,L,0.999235,0.998469,0.009026,0.001531,0.164800
61,41,00192,fog,1233,1,,0.998999,0.001001,L,0.998999,0.997998,0.011418,0.002002,0.135243
61,41,00192,fog,1234,1,,0.998992,0.001008,L,0.998992,0.997983,0.011491,0.002017,0.094287
61,41,00192,fog,1235,1,,0.999625,0.000375,L,0.999625,0.999250,0.004808,0.000750,0.056209
61,41,00192,fog,1236,1,,0.999593,0.000407,L,0.999593,0.999187,0.005167,0.000813,0.050282
61,41,00192,fog,1322,1,,0.999756,0.000244,L,0.999756,0.999512,0.003279,0.000488,0.105986
61,41,00192,fog,1323,1,,0.998843,0.001157,L,0.998843,0.997685,0.012959,0.002315,0.089614
61,41,00192,fog,1324,1,,0.998962,0.001038,L,0.998962,0.997925,0.011782,0.002075,0.084403
61,41,00192,fog,1325,1,,0.999236,0.000764,L,0.999236,0.998473,0.009009,0.001527,0.085506
61,41,00192,fog,1326,1,,0.999249,0.000751,L,0.999249,0.998498,0.008877,0.001502,0.079488
61,41,00192,fog,82,0,,0.999774,0.000226,L,0.999774,0.999547,0.003068,0.000453,0.082734
61,41,00192,fog,623,0,,0.999757,0.000243,L,0.999757,0.999514,0.003265,0.000486,0.044686
61,41,00192,fog,667,0,,0.999560,0.000440,L,0.999560,0.999121,0.005538,0.000879,0.035495
61,41,00192,fog,170,0,,0.999743,0.000257,L,0.999743,0.999485,0.003441,0.000515,0.074094
61,41,00192,fog,1241,0,,0.999248,0.000752,L,0.999248,0.998495,0.008893,0.001505,0.047955
61,41,00192,fog,1317,0,,0.999162,0.000838,L,0.999162,0.998325,0.009771,0.001675,0.056410
61,41,00192,fog,657,0,,0.999176,0.000824,L,0.999176,0.998353,0.009627,0.001647,0.035221
61,41,00192,fog,895,0,,0.999635,0.000365,L,0.999635,0.999269,0.004700,0.000731,0.037962
61,41,00192,fog,405,0,,0.999345,0.000655,L,0.999345,0.998690,0.007874,0.001310,0.079779
61,41,00192,fog,358,0,,0.999728,0.000272,L,0.999728,0.999457,0.003609,0.000543,0.057543
61,41,00192,fog,470,0,,0.999624,0.000375,L,0.999624,0.999249,0.004814,0.000751,0.025515
61,41,00192,fog,502,0,,0.999705,0.000295,L,0.999705,0.999411,0.003881,0.000589,0.037727
61,41,00192,fog,1249,0,,0.999186,0.000814,L,0.999186,0.998371,0.009531,0.001629,0.053389
61,41,00192,fog,830,0,,0.999080,0.000920,L,0.999080,0.998161,0.010603,0.001839,0.053384
61,41,00192,fog,637,0,,0.998675,0.001325,L,0.998675,0.997351,0.014574,0.002649,0.053372
61,41,00192,fog,1379,0,,0.998789,0.001211,L,0.998789,0.997579,0.013476,0.002421,0.063648
61,41,00192,fog,1109,0,,0.999946,0.000054,L,0.999946,0.999893,0.000839,0.000107,0.060368
61,41,00192,fog,988,0,,0.998918,0.001082,L,0.998918,0.997837,0.012217,0.002163,0.067633
62,41,00238,fog,615,1,,0.999401,0.000599,L,0.999401,0.998801,0.007279,0.001199,0.035046
62,41,00238,fog,610,1,,0.999571,0.000429,L,0.999571,0.999143,0.005415,0.000857,0.097135
62,41,00238,fog,611,1,,0.999232,0.000768,L,0.999232,0.998463,0.009058,0.001537,0.081678
62,41,00238,fog,884,1,,0.999611,0.000389,L,0.999611,0.999222,0.004965,0.000778,0.045397
62,41,00238,fog,701,1,,0.999999,0.000001,L,0.999999,0.999998,0.000020,0.000002,0.603202
62,41,00238,fog,614,1,,0.999516,0.000484,L,0.999516,0.999032,0.006026,0.000968,0.036659
62,41,00238,fog,971,1,,0.997960,0.002040,L,0.997960,0.995920,0.021173,0.004080,0.101044
62,41,00238,fog,703,1,,0.999464,0.000536,L,0.999464,0.998927,0.006601,0.001073,0.063804
62,41,00238,fog,699,1,,0.999424,0.000576,L,0.999424,0.998848,0.007032,0.001152,0.205438
62,41,00238,fog,791,1,,1.000000,0.000000,L,1.000000,1.000000,0.000000,0.000000,0.949300
62,41,00238,fog,704,1,,0.999550,0.000450,L,0.999550,0.999099,0.005656,0.000901,0.041434
62,41,00238,fog,792,1,,1.000000,0.000000,L,1.000000,1.000000,0.000001,0.000000,0.729995
62,41,00238,fog,973,1,,0.999239,0.000761,L,0.999239,0.998478,0.008979,0.001522,0.057751
62,41,00238,fog,793,1,,0.999578,0.000422,L,0.999578,0.999156,0.005341,0.000844,0.064864
62,41,00238,fog,968,1,,0.993168,0.006832,L,0.993168,0.986335,0.058972,0.013665,0.100979
62,41,00238,fog,882,1,,0.999994,0.000006,L,0.999994,0.999989,0.000107,0.000011,0.149156
62,41,00238,fog,970,1,,0.997172,0.002828,L,0.997172,0.994344,0.028016,0.005656,0.113337
62,41,00238,fog,609,1,,0.999109,0.000891,L,0.999109,0.998218,0.010312,0.001782,0.069917
62,41,00238,fog,878,1,,0.998502,0.001498,L,0.998502,0.997004,0.016217,0.002996,0.129561
62,41,00238,fog,705,1,,0.999541,0.000459,L,0.999541,0.999082,0.005754,0.000918,0.037593
62,41,00238,fog,975,1,,0.999005,0.000995,L,0.999005,0.998011,0.011354,0.001989,0.047436
62,41,00238,fog,608,1,,0.998374,0.001626,L,0.998374,0.996749,0.017404,0.003251,0.062155
62,41,00238,fog,879,1,,0.998758,0.001242,L,0.998758,0.997516,0.013781,0.002484,0.196861
62,41,00238,fog,702,1,,0.999713,0.000287,L,0.999713,0.999425,0.003796,0.000575,0.198294
62,41,00238,fog,789,1,,0.999965,0.000035,L,0.999965,0.999930,0.000569,0.000070,0.369045
62,41,00238,fog,790,1,,1.000000,0.000000,L,1.000000,1.000000,0.000001,0.000000,0.949439
62,41,00238,fog,795,1,,0.999581,0.000419,L,0.999581,0.999162,0.005307,0.000838,0.050628
62,41,00238,fog,881,1,,0.999999,0.000001,L,0.999999,0.999998,0.000019,0.000002,0.490736
62,41,00238,fog,788,1,,0.999389,0.000611,L,0.999389,0.998777,0.007409,0.001223,0.174227
62,41,00238,fog,883,1,,0.999746,0.000254,L,0.999746,0.999492,0.003399,0.000508,0.038077
62,41,00238,fog,613,1,,0.999533,0.000467,L,0.999533,0.999066,0.005839,0.000934,0.038193
62,41,00238,fog,700,1,,0.999995,0.000005,L,0.999995,0.999989,0.000102,0.000011,0.511878
62,41,00238,fog,698,1,,0.999749,0.000251,L,0.999749,0.999499,0.003359,0.000501,0.132926
62,41,00238,fog,612,1,,0.998495,0.001505,L,0.998495,0.996991,0.016277,0.003009,0.063912
62,41,00238,fog,880,1,,0.999991,0.000009,L,0.999991,0.999982,0.000167,0.000018,0.475082
62,41,00238,fog,885,1,,0.999492,0.000508,L,0.999492,0.998984,0.006289,0.001016,0.041589
62,41,00238,fog,826,0,,0.999011,0.000989,L,0.999011,0.998023,0.011295,0.001977,0.036947
62,41,00238,fog,1075,0,,0.999072,0.000928,L,0.999072,0.998145,0.010683,0.001855,0.039407
62,41,00238,fog,684,0,,0.999290,0.000710,L,0.999290,0.998580,0.008451,0.001420,0.031188
62,41,00238,fog,1048,0,,0.998572,0.001428,L,0.998572,0.997143,0.015560,0.002857,0.054230
62,41,00238,fog,1005,0,,0.997528,0.002472,L,0.997528,0.995055,0.024973,0.004945,0.060399
62,41,00238,fog,1067,0,,0.998972,0.001028,L,0.998972,0.997944,0.011686,0.002056,0.044257
62,41,00238,fog,1214,0,,0.998094,0.001906,L,0.998094,0.996188,0.019969,0.003812,0.050956
62,41,00238,fog,11,0,,0.998086,0.001914,L,0.998086,0.996171,0.020043,0.003829,0.115873
62,41,00238,fog,217,0,,0.999864,0.000136,L,0.999864,0.999728,0.001943,0.000272,0.036692
62,41,00238,fog,857,0,,0.999488,0.000512,L,0.999488,0.998976,0.006333,0.001024,0.029620
62,41,00238,fog,847,0,,0.998830,0.001170,L,0.998830,0.997660,0.013081,0.002340,0.059470
62,41,00238,fog,714,0,,0.999479,0.000521,L,0.999479,0.998958,0.006434,0.001042,0.038250
62,41,00238,fog,481,0,,0.999762,0.000238,L,0.999762,0.999524,0.003210,0.000476,0.025994
62,41,00238,fog,260,0,,0.998420,0.001580,L,0.998420,0.996839,0.016983,0.003161,0.131599
62,41,00238,fog,740,0,,0.999094,0.000906,L,0.999094,0.998187,0.010469,0.001813,0.029439
62,41,00238,fog,716,0,,0.999779,0.000221,L,0.999779,0.999559,0.002997,0.000441,0.052389
62,41,00238,fog,1175,0,,0.996734,0.003266,L,0.996734,0.993468,0.031678,0.006532,0.099823
62,41,00238,fog,1431,0,,0.999234,0.000766,L,0.999234,0.998467,0.009036,0.001533,0.045452
63,44,00250,fog,1062,1,,0.996069,0.003931,L,0.996069,0.992137,0.037074,0.007863,0.108439
63,44,00250,fog,1063,1,,0.998912,0.001088,L,0.998912,0.997823,0.012283,0.002177,0.113269
63,44,00250,fog,1064,1,,0.999762,0.000238,L,0.999762,0.999523,0.003211,0.000477,0.112056
63,44,00250,fog,1065,1,,0.999647,0.000353,L,0.999647,0.999295,0.004552,0.000705,0.137519
63,44,00250,fog,1066,1,,0.999268,0.000732,L,0.999268,0.998537,0.008676,0.001463,0.129259
63,44,00250,fog,1151,1,,0.999834,0.000166,L,0.999834,0.999668,0.002325,0.000332,0.142909
63,44,00250,fog,1152,1,,0.998747,0.001253,L,0.998747,0.997493,0.013891,0.002507,0.127368
63,44,00250,fog,1153,1,,0.999976,0.000024,L,0.999976,0.999953,0.000397,0.000047,0.221360
63,44,00250,fog,1154,1,,0.999999,0.000001,L,0.999999,0.999997,0.000030,0.000003,0.477878
63,44,00250,fog,1155,1,,0.999995,0.000005,L,0.999995,0.999990,0.000097,0.000010,0.464186
63,44,00250,fog,1156,1,,0.999875,0.000125,L,0.999875,0.999749,0.001806,0.000251,0.286094
63,44,00250,fog,1157,1,,0.999261,0.000739,L,0.999261,0.998522,0.008752,0.001478,0.163829
63,44,00250,fog,1158,1,,0.999144,0.000856,L,0.999144,0.998287,0.009961,0.001713,0.113264
63,44,00250,fog,1241,1,,0.999358,0.000642,L,0.999358,0.998717,0.007731,0.001283,0.135245
63,44,00250,fog,1242,1,,0.999371,0.000629,L,0.999371,0.998742,0.007597,0.001258,0.135710
63,44,00250,fog,1243,1,,0.999989,0.000011,L,0.999989,0.999978,0.000201,0.000022,0.355924
63,44,00250,fog,1244,1,,0.999997,0.000003,L,0.999997,0.999994,0.000061,0.000006,0.473485
63,44,00250,fog,1245,1,,0.999985,0.000015,L,0.999985,0.999971,0.000255,0.000029,0.424915
63,44,00250,fog,1246,1,,0.999610,0.000390,L,0.999610,0.999219,0.004982,0.000781,0.147542
63,44,00250,fog,1247,1,,0.999490,0.000510,L,0.999490,0.998981,0.006309,0.001019,0.140851
63,44,00250,fog,1248,1,,0.999562,0.000438,L,0.999562,0.999125,0.005513,0.000875,0.074392
63,44,00250,fog,1331,1,,0.998608,0.001392,L,0.998608,0.997216,0.015217,0.002784,0.099741
63,44,00250,fog,1332,1,,0.998990,0.001010,L,0.998990,0.997980,0.011506,0.002020,0.115267
63,44,00250,fog,1333,1,,0.999901,0.000099,L,0.999901,0.999802,0.001463,0.000198,0.136484
63,44,00250,fog,1334,1,,0.999958,0.000042,L,0.999958,0.999915,0.000678,0.000085,0.254746
63,44,00250,fog,1335,1,,0.999533,0.000467,L,0.999533,0.999067,0.005838,0.000933,0.165369
63,44,00250,fog,1336,1,,0.998903,0.001097,L,0.998903,0.997806,0.012367,0.002194,0.091058
63,44,00250,fog,1337,1,,0.999217,0.000783,L,0.999217,0.998434,0.009209,0.001566,0.073377
63,44,00250,fog,1338,1,,0.999350,0.000650,L,0.999350,0.998699,0.007824,0.001301,0.053441
63,44,00250,fog,1423,1,,0.998978,0.001022,L,0.998978,0.997956,0.011625,0.002044,0.121374
63,44,00250,fog,1424,1,,0.998896,0.001104,L,0.998896,0.997792,0.012437,0.002208,0.135873
63,44,00250,fog,1425,1,,0.998465,0.001535,L,0.998465,0.996930,0.016563,0.003070,0.111864
63,44,00250,fog,1426,1,,0.998822,0.001178,L,0.998822,0.997645,0.013156,0.002355,0.079106
63,44,00250,fog,1427,1,,0.998900,0.001100,L,0.998900,0.997799,0.012402,0.002201,0.066706
63,44,00250,fog,1428,1,,0.998925,0.001075,L,0.998925,0.997850,0.012151,0.002150,0.065402
63,44,00250,fog,276,0,,0.999559,0.000441,L,0.999559,0.999119,0.005547,0.000881,0.069820
63,44,00250,fog,300,0,,0.997246,0.002754,L,0.997246,0.994492,0.027388,0.005508,0.049037
63,44,00250,fog,1258,0,,0.999342,0.000658,L,0.999342,0.998684,0.007905,0.001316,0.051716
63,44,00250,fog,524,0,,0.998890,0.001110,L,0.998890,0.997781,0.012491,0.002219,0.050760
63,44,00250,fog,642,0,,0.999013,0.000987,L,0.999013,0.998025,0.011281,0.001975,0.033197
63,44,00250,fog,102,0,,0.999618,0.000382,L,0.999618,0.999237,0.004883,0.000763,0.043261
63,44,00250,fog,660,0,,0.998931,0.001069,L,0.998931,0.997862,0.012094,0.002138,0.037789
63,44,00250,fog,266,0,,0.998973,0.001027,L,0.998973,0.997946,0.011678,0.002054,0.070195
63,44,00250,fog,1284,0,,0.999228,0.000771,L,0.999228,0.998457,0.009090,0.001543,0.043806
63,44,00250,fog,59,0,,0.998895,0.001105,L,0.998895,0.997789,0.012450,0.002211,0.062471
63,44,00250,fog,264,0,,0.999431,0.000569,L,0.999431,0.998863,0.006951,0.001137,0.058735
63,44,00250,fog,4,0,,0.999710,0.000290,L,0.999710,0.999420,0.003824,0.000580,0.077773
63,44,00250,fog,230,0,,0.999886,0.000114,L,0.999886,0.999771,0.001662,0.000229,0.033990
63,44,00250,fog,827,0,,0.993820,0.006180,L,0.993820,0.987640,0.054239,0.012360,0.052382
63,44,00250,fog,171,0,,0.999168,0.000832,L,0.999168,0.998337,0.009709,0.001663,0.072352
63,44,00250,fog,631,0,,0.999045,0.000955,L,0.999045,0.998090,0.010959,0.001910,0.075511
63,44,00250,fog,886,0,,0.998930,0.001070,L,0.998930,0.997860,0.012103,0.002140,0.075311
63,44,00250,fog,792,0,,0.999719,0.000281,L,0.999719,0.999438,0.003717,0.000562,0.043548
64,44,00583,fog,757,1,,0.999998,0.000002,L,0.999998,0.999996,0.000037,0.000004,0.552915
64,44,00583,fog,758,1,,1.000000,0.000000,L,1.000000,1.000000,0.000002,0.000000,0.924606
64,44,00583,fog,759,1,,1.000000,0.000000,L,1.000000,1.000000,0.000003,0.000000,0.841601
64,44,00583,fog,847,1,,0.999989,0.000011,L,0.999989,0.999978,0.000196,0.000022,0.597111
64,44,00583,fog,848,1,,1.000000,0.000000,L,1.000000,0.999999,0.000009,0.000001,0.954591
64,44,00583,fog,849,1,,0.999999,0.000001,L,0.999999,0.999999,0.000013,0.000001,0.994059
64,44,00583,fog,850,1,,0.999912,0.000088,L,0.999912,0.999823,0.001317,0.000177,0.580345
64,44,00583,fog,851,1,,0.999087,0.000913,L,0.999087,0.998174,0.010535,0.001826,0.292306
64,44,00583,fog,852,1,,0.999266,0.000734,L,0.999266,0.998531,0.008704,0.001469,0.053540
64,44,00583,fog,937,1,,0.994772,0.005228,L,0.994772,0.989544,0.047149,0.010456,0.212211
64,44,00583,fog,938,1,,0.999141,0.000859,L,0.999141,0.998281,0.009992,0.001719,0.230190
64,44,00583,fog,939,1,,0.999039,0.000961,L,0.999039,0.998077,0.011023,0.001923,0.276679
64,44,00583,fog,940,1,,0.998452,0.001548,L,0.998452,0.996903,0.016686,0.003097,0.272668
64,44,00583,fog,941,1,,0.998513,0.001487,L,0.998513,0.997026,0.016110,0.002974,0.216966
64,44,00583,fog,942,1,,0.998609,0.001391,L,0.998609,0.997217,0.015208,0.002783,0.104814
64,44,00583,fog,943,1,,0.998737,0.001263,L,0.998737,0.997475,0.013979,0.002525,0.063003
64,44,00583,fog,1026,1,,0.992007,0.007993,L,0.992007,0.984013,0.067176,0.015987,0.116611
64,44,00583,fog,1027,1,,0.990467,0.009533,L,0.990467,0.980933,0.077683,0.019067,0.172215
64,44,00583,fog,1028,1,,0.998103,0.001897,L,0.998103,0.996207,0.019884,0.003793,0.167330
64,44,00583,fog,1029,1,,0.997693,0.002307,L,0.997693,0.995385,0.023537,0.004615,0.175204
64,44,00583,fog,1030,1,,0.998372,0.001628,L,0.998372,0.996743,0.017429,0.003257,0.169979
64,44,00583,fog,1031,1,,0.998490,0.001510,L,0.998490,0.996980,0.016328,0.003020,0.089441
64,44,00583,fog,1032,1,,0.998752,0.001248,L,0.998752,0.997504,0.013835,0.002496,0.059285
64,44,00583,fog,1033,1,,0.998876,0.001124,L,0.998876,0.997752,0.012633,0.002248,0.046302
64,44,00583,fog,1118,1,,0.999047,0.000953,L,0.999047,0.998093,0.010942,0.001907,0.084408
64,44,00583,fog,1119,1,,0.999032,0.000968,L,0.999032,0.998064,0.011087,0.001936,0.092939
64,44,00583,fog,1120,1,,0.999089,0.000911,L,0.999089,0.998179,0.010510,0.001821,0.094020
64,44,00583,fog,1121,1,,0.999086,0.000914,L,0.999086,0.998173,0.010543,0.001827,0.068613
64,44,00583,fog,1122,1,,0.998936,0.001064,L,0.998936,0.997871,0.012046,0.002129,0.082514
64,44,00583,fog,1123,1,,0.998949,0.001051,L,0.998949,0.997899,0.011911,0.002101,0.055660
64,44,00583,fog,1211,1,,0.999493,0.000506,L,0.999493,0.998987,0.006275,0.001013,0.095638
64,44,00583,fog,1212,1,,0.999298,0.000702,L,0.999298,0.998595,0.008370,0.001405,0.075600
64,44,00583,fog,171,0,,0.999457,0.000543,L,0.999457,0.998914,0.006671,0.001086,0.071868
64,44,00583,fog,1256,0,,0.999161,0.000838,L,0.999161,0.998323,0.009778,0.001677,0.052553
64,44,00583,fog,1397,0,,0.999055,0.000945,L,0.999055,0.998109,0.010862,0.001891,0.060889
64,44,00583,fog,1427,0,,0.999132,0.000868,L,0.999132,0.998264,0.010077,0.001736,0.061277
64,44,00583,fog,591,0,,0.999790,0.000210,L,0.999790,0.999579,0.002874,0.000421,0.029195
64,44,00583,fog,730,0,,0.997638,0.002362,L,0.997638,0.995276,0.024014,0.004724,0.037305
64,44,00583,fog,310,0,,0.999648,0.000352,L,0.999648,0.999296,0.004548,0.000704,0.031809
64,44,00583,fog,116,0,,0.999696,0.000304,L,0.999696,0.999391,0.003995,0.000609,0.065447
64,44,00583,fog,931,0,,0.998818,0.001182,L,0.998818,0.997636,0.013200,0.002364,0.030255
64,44,00583,fog,749,0,,0.999472,0.000528,L,0.999472,0.998944,0.006509,0.001056,0.027481
64,44,00583,fog,169,0,,0.999846,0.000154,L,0.999846,0.999692,0.002172,0.000308,0.071189
64,44,00583,fog,647,0,,0.998213,0.001787,L,0.998213,0.996425,0.018891,0.003575,0.057914
64,44,00583,fog,1402,0,,0.999104,0.000896,L,0.999104,0.998208,0.010363,0.001792,0.063769
64,44,00583,fog,1373,0,,0.998944,0.001056,L,0.998944,0.997889,0.011960,0.002111,0.058975
64,44,00583,fog,1168,0,,0.999224,0.000776,L,0.999224,0.998448,0.009138,0.001552,0.050520
64,44,00583,fog,1157,0,,0.998948,0.001052,L,0.998948,0.997896,0.011923,0.002104,0.056306
64,44,00583,fog,429,0,,0.999511,0.000489,L,0.999511,0.999021,0.006086,0.000979,0.051177
64,44,00583,fog,572,0,,0.999729,0.000271,L,0.999729,0.999459,0.003597,0.000541,0.025305
65,45,00192,fog,1289,1,,0.999680,0.000320,L,0.999680,0.999360,0.004176,0.000640,0.225623
65,45,00192,fog,1382,1,,0.999886,0.000114,L,0.999886,0.999773,0.001653,0.000227,0.264092
65,45,00192,fog,1272,1,,0.996556,0.003444,L,0.996556,0.993111,0.033142,0.006889,0.199770
65,45,00192,fog,1273,1,,0.998710,0.001290,L,0.998710,0.997419,0.014246,0.002581,0.225933
65,45,00192,fog,1203,1,,0.999999,0.000001,L,0.999999,0.999998,0.000018,0.000002,0.622494
65,45,00192,fog,1293,1,,0.999990,0.000010,L,0.999990,0.999980,0.000181,0.000020,0.469397
65,45,00192,fog,1022,1,,0.997947,0.002053,L,0.997947,0.995894,0.021286,0.004106,0.092576
65,45,00192,fog,1368,1,,0.998913,0.001087,L,0.998913,0.997826,0.012268,0.002174,0.053570
65,45,00192,fog,1383,1,,0.999638,0.000362,L,0.999638,0.999276,0.004658,0.000724,0.156884
65,45,00192,fog,1205,1,,0.999911,0.000089,L,0.999911,0.999822,0.001323,0.000178,0.048932
65,45,00192,fog,1291,1,,1.000000,0.000000,L,1.000000,1.000000,0.000006,0.000000,0.716244
65,45,00192,fog,1198,1,,0.999815,0.000185,L,0.999815,0.999630,0.002559,0.000370,0.203625
65,45,00192,fog,1364,1,,0.999994,0.000006,L,0.999994,0.999988,0.000116,0.000012,0.999993
65,45,00192,fog,1295,1,,0.999962,0.000038,L,0.999962,0.999924,0.000615,0.000076,0.060568
65,45,00192,fog,1182,1,,0.997852,0.002148,L,0.997852,0.995704,0.022132,0.004296,0.092771
65,45,00192,fog,1113,1,,0.998428,0.001573,L,0.998428,0.996855,0.016912,0.003145,0.099130
65,45,00192,fog,1277,1,,0.999742,0.000258,L,0.999742,0.999484,0.003448,0.000516,0.111753
65,45,00192,fog,1112,1,,0.997777,0.002223,L,0.997777,0.995554,0.022795,0.004446,0.181489
65,45,00192,fog,1367,1,,0.998507,0.001493,L,0.998507,0.997013,0.016171,0.002987,0.113353
65,45,00192,fog,1366,1,,0.999997,0.000003,L,0.999997,0.999995,0.000052,0.000005,0.976932
65,45,00192,fog,1384,1,,0.999943,0.000057,L,0.999943,0.999887,0.000882,0.000113,0.090365
65,45,00192,fog,1181,1,,0.997931,0.002069,L,0.997931,0.995861,0.021434,0.004139,0.062949
65,45,00192,fog,1274,1,,0.999984,0.000016,L,0.999984,0.999968,0.000279,0.000032,0.486267
65,45,00192,fog,1108,1,,0.999364,0.000636,L,0.999364,0.998728,0.007669,0.001272,0.155452
65,45,00192,fog,1114,1,,0.999350,0.000650,L,0.999350,0.998701,0.007816,0.001299,0.053033
65,45,00192,fog,1361,1,,0.999826,0.000174,L,0.999826,0.999653,0.002420,0.000347,0.227394
65,45,00192,fog,1271,1,,0.997715,0.002285,L,0.997715,0.995431,0.023337,0.004569,0.166624
65,45,00192,fog,1199,1,,0.999570,0.000430,L,0.999570,0.999140,0.005428,0.000860,0.225589
65,45,00192,fog,1204,1,,0.999963,0.000037,L,0.999963,0.999927,0.000593,0.000073,0.077272
65,45,00192,fog,1185,1,,0.999572,0.000428,L,0.999572,0.999144,0.005404,0.000856,0.150315
65,45,00192,fog,1275,1,,0.999996,0.000004,L,0.999996,0.999992,0.000079,0.000008,0.625462
65,45,00192,fog,1115,1,,0.999487,0.000513,L,0.999487,0.998975,0.006342,0.001025,0.036922
65,45,00192,fog,1110,1,,0.998321,0.001679,L,0.998321,0.996642,0.017900,0.003358,0.172936
65,45,00192,fog,1363,1,,0.999954,0.000046,L,0.999954,0.999907,0.000735,0.000093,0.461185
65,45,00192,fog,1109,1,,0.998404,0.001596,L,0.998404,0.996808,0.017129,0.003192,0.169914
65,45,00192,fog,1385,1,,0.999925,0.000075,L,0.999925,0.999850,0.001133,0.000150,0.057742
65,45,00192,fog,1391,0,,0.999004,0.000996,L,0.999004,0.998008,0.011370,0.001992,0.057805
65,45,00192,fog,709,0,,0.999598,0.000402,L,0.999598,0.999195,0.005118,0.000805,0.051563
65,45,00192,fog,212,0,,0.999765,0.000235,L,0.999765,0.999530,0.003174,0.000470,0.029418
65,45,00192,fog,249,0,,0.999832,0.000168,L,0.999832,0.999663,0.002354,0.000337,0.054259
65,45,00192,fog,674,0,,0.999610,0.000390,L,0.999610,0.999220,0.004978,0.000780,0.030000
65,45,00192,fog,346,0,,0.999818,0.000183,L,0.999818,0.999635,0.002530,0.000365,0.052407
65,45,00192,fog,819,0,,0.998058,0.001942,L,0.998058,0.996116,0.020292,0.003884,0.127539
65,45,00192,fog,1347,0,,0.999497,0.000503,L,0.999497,0.998994,0.006239,0.001006,0.051286
65,45,00192,fog,682,0,,0.999270,0.000730,L,0.999270,0.998541,0.008657,0.001459,0.034524
65,45,00192,fog,763,0,,0.999558,0.000442,L,0.999558,0.999117,0.005560,0.000883,0.025038
65,45,00192,fog,866,0,,0.998885,0.001115,L,0.998885,0.997769,0.012548,0.002231,0.043569
65,45,00192,fog,82,0,,0.999787,0.000213,L,0.999787,0.999574,0.002904,0.000426,0.078131
65,45,00192,fog,934,0,,0.999024,0.000976,L,0.999024,0.998048,0.011167,0.001952,0.055476
65,45,00192,fog,809,0,,0.999697,0.000303,L,0.999697,0.999394,0.003979,0.000606,0.051785
65,45,00192,fog,752,0,,0.996890,0.003110,L,0.996890,0.993780,0.030382,0.006220,0.045303
65,45,00192,fog,143,0,,0.999771,0.000229,L,0.999771,0.999542,0.003097,0.000458,0.058342
65,45,00192,fog,561,0,,0.998319,0.001681,L,0.998319,0.996638,0.017919,0.003362,0.035371
65,45,00192,fog,197,0,,0.999792,0.000208,L,0.999792,0.999583,0.002849,0.000417,0.025679
66,45,00237,fog,1290,1,,0.999859,0.000141,L,0.999859,0.999719,0.002001,0.000281,0.268146
66,45,00237,fog,1204,1,,0.999456,0.000544,L,0.999456,0.998913,0.006681,0.001087,0.153249
66,45,00237,fog,1184,1,,0.999795,0.000205,L,0.999795,0.999590,0.002808,0.000410,0.177386
66,45,00237,fog,1185,1,,0.999177,0.000823,L,0.999177,0.998355,0.009617,0.001645,0.171310
66,45,00237,fog,1378,1,,0.999939,0.000061,L,0.999939,0.999879,0.000937,0.000121,0.196521
66,45,00237,fog,1379,1,,0.999814,0.000186,L,0.999814,0.999628,0.002573,0.000372,0.236292
66,45,00237,fog,1361,1,,0.999947,0.000053,L,0.999947,0.999894,0.000830,0.000106,0.212331
66,45,00237,fog,1198,1,,0.999973,0.000027,L,0.999973,0.999947,0.000445,0.000053,0.294217
66,45,00237,fog,1023,1,,0.998694,0.001306,L,0.998694,0.997388,0.014395,0.002612,0.061011
66,45,00237,fog,1364,1,,0.999996,0.000004,L,0.999996,0.999992,0.000077,0.000008,0.999991
66,45,00237,fog,1288,1,,0.999959,0.000041,L,0.999959,0.999917,0.000664,0.000083,0.252570
66,45,00237,fog,1293,1,,0.999252,0.000748,L,0.999252,0.998504,0.008845,0.001496,0.275987
66,45,00237,fog,1278,1,,0.999804,0.000196,L,0.999804,0.999608,0.002699,0.000392,0.053031
66,45,00237,fog,1112,1,,0.999785,0.000215,L,0.999785,0.999570,0.002931,0.000430,0.268946
66,45,00237,fog,1200,1,,0.999877,0.000123,L,0.999877,0.999754,0.001773,0.000246,0.284778
66,45,00237,fog,1380,1,,0.999510,0.000490,L,0.999510,0.999019,0.006099,0.000981,0.195662
66,45,00237,fog,1384,1,,0.998570,0.001430,L,0.998570,0.997140,0.015574,0.002860,0.095685
66,45,00237,fog,1289,1,,0.999848,0.000152,L,0.999848,0.999696,0.002146,0.000304,0.219148
66,45,00237,fog,1382,1,,0.998054,0.001946,L,0.998054,0.996109,0.020326,0.003891,0.172801
66,45,00237,fog,1181,1,,0.997661,0.002340,L,0.997661,0.995321,0.023818,0.004679,0.064790
66,45,00237,fog,1273,1,,0.998892,0.001108,L,0.998892,0.997783,0.012481,0.002217,0.217075
66,45,00237,fog,1202,1,,0.999958,0.000042,L,0.999958,0.999917,0.000666,0.000083,0.541311
66,45,00237,fog,1365,1,,0.999994,0.000006,L,0.999994,0.999988,0.000115,0.000012,0.999998
66,45,00237,fog,1110,1,,0.999628,0.000372,L,0.999628,0.999255,0.004779,0.000745,0.144366
66,45,00237,fog,1383,1,,0.998004,0.001996,L,0.998004,0.996007,0.020781,0.003993,0.124533
66,45,00237,fog,1108,1,,0.999202,0.000798,L,0.999202,0.998404,0.009363,0.001596,0.108522
66,45,00237,fog,1362,1,,0.999364,0.000636,L,0.999364,0.998727,0.007675,0.001273,0.198713
66,45,00237,fog,1205,1,,0.999540,0.000460,L,0.999540,0.999080,0.005762,0.000920,0.065448
66,45,00237,fog,1368,1,,0.997290,0.002710,L,0.997290,0.994581,0.027012,0.005419,0.064527
66,45,00237,fog,1292,1,,0.999641,0.000359,L,0.999641,0.999282,0.004624,0.000718,0.318720
66,45,00237,fog,1272,1,,0.997153,0.002847,L,0.997153,0.994306,0.028175,0.005694,0.186297
66,45,00237,fog,1199,1,,0.999673,0.000327,L,0.999673,0.999346,0.004257,0.000654,0.204734
66,45,00237,fog,1381,1,,0.999484,0.000516,L,0.999484,0.998967,0.006383,0.001033,0.204563
66,45,00237,fog,1022,1,,0.998056,0.001944,L,0.998056,0.996113,0.020307,0.003887,0.082797
66,45,00237,fog,1111,1,,0.999846,0.000154,L,0.999846,0.999692,0.002172,0.000308,0.254620
66,45,00237,fog,1183,1,,0.999331,0.000670,L,0.999331,0.998661,0.008026,0.001339,0.137208
66,45,00237,fog,761,0,,0.999614,0.000386,L,0.999614,0.999227,0.004939,0.000773,0.029943
66,45,00237,fog,1153,0,,0.998776,0.001224,L,0.998776,0.997551,0.013609,0.002449,0.055565
66,45,00237,fog,1051,0,,0.999268,0.000732,L,0.999268,0.998536,0.008681,0.001464,0.044219
66,45,00237,fog,892,0,,0.998979,0.001021,L,0.998979,0.997958,0.011618,0.002042,0.054509
66,45,00237,fog,676,0,,0.999507,0.000493,L,0.999507,0.999014,0.006126,0.000986,0.028554
66,45,00237,fog,408,0,,0.999825,0.000175,L,0.999825,0.999649,0.002441,0.000351,0.030465
66,45,00237,fog,202,0,,0.999731,0.000269,L,0.999731,0.999463,0.003573,0.000537,0.026811
66,45,00237,fog,219,0,,0.999843,0.000157,L,0.999843,0.999685,0.002216,0.000315,0.031978
66,45,00237,fog,457,0,,0.996828,0.003172,L,0.996828,0.993655,0.030901,0.006345,0.082972
66,45,00237,fog,642,0,,0.995193,0.004807,L,0.995193,0.990385,0.043939,0.009615,0.061025
66,45,00237,fog,417,0,,0.999779,0.000221,L,0.999779,0.999558,0.003002,0.000442,0.047115
66,45,00237,fog,1057,0,,0.997756,0.002244,L,0.997756,0.995511,0.022983,0.004489,0.064489
66,45,00237,fog,834,0,,0.999418,0.000582,L,0.999418,0.998837,0.007091,0.001163,0.033579
66,45,00237,fog,865,0,,0.998710,0.001290,L,0.998710,0.997420,0.014243,0.002580,0.063979
66,45,00237,fog,671,0,,0.999621,0.000379,L,0.999621,0.999242,0.004852,0.000758,0.028663
66,45,00237,fog,541,0,,0.999193,0.000807,L,0.999193,0.998385,0.009460,0.001615,0.131567
66,45,00237,fog,1043,0,,0.998997,0.001003,L,0.998997,0.997994,0.011437,0.002006,0.045989
66,45,00237,fog,740,0,,0.999555,0.000445,L,0.999555,0.999110,0.005595,0.000890,0.026905
67,45,00283,fog,1288,1,,0.998450,0.001550,L,0.998450,0.996899,0.016705,0.003101,0.201126
67,45,00283,fog,1018,1,,0.996717,0.003283,L,0.996717,0.993434,0.031815,0.006566,0.086702
67,45,00283,fog,1274,1,,0.999998,0.000002,L,0.999998,0.999996,0.000042,0.000004,0.670302
67,45,00283,fog,1184,1,,0.999940,0.000060,L,0.999940,0.999881,0.000924,0.000119,0.251071
67,45,00283,fog,1277,1,,0.999233,0.000767,L,0.999233,0.998466,0.009045,0.001534,0.133849
67,45,00283,fog,1364,1,,0.999997,0.000003,L,0.999997,0.999994,0.000061,0.000006,0.999991
67,45,00283,fog,1021,1,,0.997487,0.002513,L,0.997487,0.994975,0.025322,0.005025,0.070676
67,45,00283,fog,1278,1,,0.999293,0.000707,L,0.999293,0.998586,0.008418,0.001414,0.063787
67,45,00283,fog,1109,1,,0.998139,0.001861,L,0.998139,0.996279,0.019559,0.003721,0.190054
67,45,00283,fog,1276,1,,0.999760,0.000240,L,0.999760,0.999520,0.003232,0.000480,0.316038
67,45,00283,fog,1111,1,,0.999989,0.000011,L,0.999989,0.999978,0.000198,0.000022,0.426753
67,45,00283,fog,1293,1,,0.999917,0.000083,L,0.999917,0.999834,0.001245,0.000166,0.146771
67,45,00283,fog,1204,1,,0.999891,0.000109,L,0.999891,0.999782,0.001593,0.000218,0.054302
67,45,00283,fog,1275,1,,0.999999,0.000001,L,0.999999,0.999999,0.000017,0.000001,0.731540
67,45,00283,fog,1366,1,,0.999998,0.000002,L,0.999998,0.999996,0.000041,0.000004,0.988735
67,45,00283,fog,1110,1,,0.999889,0.000111,L,0.999889,0.999779,0.001613,0.000221,0.257000
67,45,00283,fog,1203,1,,0.999871,0.000129,L,0.999871,0.999742,0.001851,0.000258,0.249043
67,45,00283,fog,1363,1,,0.999985,0.000015,L,0.999985,0.999970,0.000262,0.000030,0.586436
67,45,00283,fog,1378,1,,0.998636,0.001364,L,0.998636,0.997272,0.014951,0.002728,0.171062
67,45,00283,fog,1108,1,,0.999288,0.000712,L,0.999288,0.998575,0.008476,0.001425,0.186724
67,45,00283,fog,1114,1,,0.999039,0.000961,L,0.999039,0.998079,0.011013,0.001921,0.052285
67,45,00283,fog,1181,1,,0.997454,0.002546,L,0.997454,0.994908,0.025607,0.005092,0.058610
67,45,00283,fog,1365,1,,0.999995,0.000005,L,0.999995,0.999990,0.000096,0.000010,0.999998
67,45,00283,fog,1273,1,,0.999019,0.000981,L,0.999019,0.998038,0.011220,0.001962,0.234008
67,45,00283,fog,1201,1,,1.000000,0.000000,L,1.000000,1.000000,0.000000,0.000000,0.953362
67,45,00283,fog,1367,1,,0.998500,0.001500,L,0.998500,0.997001,0.016231,0.002999,0.149690
67,45,00283,fog,1294,1,,0.999956,0.000044,L,0.999956,0.999911,0.000705,0.000089,0.063848
67,45,00283,fog,1368,1,,0.996388,0.003612,L,0.996388,0.992776,0.034504,0.007224,0.075667
67,45,00283,fog,1292,1,,0.999987,0.000013,L,0.999987,0.999973,0.000237,0.000027,0.432599
67,45,00283,fog,1384,1,,0.999965,0.000035,L,0.999965,0.999929,0.000573,0.000071,0.061880
67,45,00283,fog,1020,1,,0.997085,0.002915,L,0.997085,0.994170,0.028752,0.005830,0.078321
67,45,00283,fog,1112,1,,0.998482,0.001518,L,0.998482,0.996964,0.016404,0.003036,0.146320
67,45,00283,fog,1023,1,,0.999173,0.000827,L,0.999173,0.998345,0.009665,0.001655,0.052811
67,45,00283,fog,1271,1,,0.997947,0.002053,L,0.997947,0.995894,0.021290,0.004106,0.178825
67,45,00283,fog,1362,1,,0.999083,0.000917,L,0.999083,0.998166,0.010576,0.001834,0.200557
67,45,00283,fog,1381,1,,0.999974,0.000026,L,0.999974,0.999949,0.000429,0.000051,0.254580
67,45,00283,fog,386,0,,0.999821,0.000179,L,0.999821,0.999642,0.002488,0.000358,0.025860
67,45,00283,fog,133,0,,0.999821,0.000179,L,0.999821,0.999643,0.002480,0.000357,0.046706
67,45,00283,fog,1248,0,,0.999085,0.000915,L,0.999085,0.998169,0.010560,0.001831,0.056758
67,45,00283,fog,24,0,,0.999827,0.000173,L,0.999827,0.999654,0.002411,0.000346,0.055645
67,45,00283,fog,126,0,,0.999811,0.000189,L,0.999811,0.999622,0.002611,0.000378,0.050935
67,45,00283,fog,105,0,,0.999264,0.000736,L,0.999264,0.998528,0.008724,0.001472,0.039102
67,45,00283,fog,673,0,,0.999559,0.000441,L,0.999559,0.999118,0.005553,0.000882,0.036742
67,45,00283,fog,672,0,,0.999660,0.000340,L,0.999660,0.999319,0.004413,0.000681,0.027978
67,45,00283,fog,747,0,,0.999241,0.000759,L,0.999241,0.998482,0.008959,0.001518,0.026221
67,45,00283,fog,137,0,,0.999817,0.000183,L,0.999817,0.999635,0.002530,0.000365,0.049793
67,45,00283,fog,690,0,,0.999444,0.000556,L,0.999444,0.998888,0.006814,0.001112,0.042218
67,45,00283,fog,226,0,,0.999865,0.000135,L,0.999865,0.999731,0.001925,0.000269,0.046406
67,45,00283,fog,875,0,,0.998763,0.001237,L,0.998763,0.997525,0.013734,0.002475,0.046478
67,45,00283,fog,928,0,,0.999237,0.000763,L,0.999237,0.998474,0.009004,0.001526,0.047933
67,45,00283,fog,1371,0,,0.996385,0.003615,L,0.996385,0.992770,0.034532,0.007230,0.067590
67,45,00283,fog,134,0,,0.999827,0.000173,L,0.999827,0.999655,0.002406,0.000345,0.045660
67,45,00283,fog,708,0,,0.999596,0.000404,L,0.999596,0.999192,0.005136,0.000808,0.051559
67,45,00283,fog,223,0,,0.999871,0.000129,L,0.999871,0.999743,0.001848,0.000257,0.039407
68,45,00476,fog,1181,1,,0.997128,0.002872,L,0.997128,0.994256,0.028388,0.005744,0.064222
68,45,00476,fog,1182,1,,0.997898,0.002102,L,0.997898,0.995796,0.021723,0.004204,0.104969
68,45,00476,fog,1183,1,,0.999124,0.000876,L,0.999124,0.998249,0.010158,0.001751,0.127634
68,45,00476,fog,1184,1,,0.999756,0.000244,L,0.999756,0.999511,0.003284,0.000489,0.184837
68,45,00476,fog,1185,1,,0.999581,0.000419,L,0.999581,0.999161,0.005311,0.000839,0.172256
68,45,00476,fog,1271,1,,0.997970,0.002030,L,0.997970,0.995940,0.021081,0.004060,0.162748
68,45,00476,fog,1272,1,,0.997506,0.002494,L,0.997506,0.995012,0.025160,0.004988,0.197904
68,45,00476,fog,1273,1,,0.998476,0.001524,L,0.998476,0.996952,0.016459,0.003048,0.217455
68,45,00476,fog,1274,1,,0.999990,0.000010,L,0.999990,0.999980,0.000180,0.000020,0.544768
68,45,00476,fog,1275,1,,0.999997,0.000003,L,0.999997,0.999995,0.000053,0.000005,0.660817
68,45,00476,fog,1276,1,,0.999529,0.000472,L,0.999529,0.999057,0.005891,0.000943,0.288460
68,45,00476,fog,1277,1,,0.999305,0.000695,L,0.999305,0.998611,0.008289,0.001389,0.121383
68,45,00476,fog,1278,1,,0.999556,0.000444,L,0.999556,0.999112,0.005588,0.000888,0.053530
68,45,00476,fog,1361,1,,0.998683,0.001317,L,0.998683,0.997367,0.014497,0.002633,0.193216
68,45,00476,fog,1362,1,,0.999043,0.000957,L,0.999043,0.998085,0.010981,0.001915,0.210583
68,45,00476,fog,1363,1,,0.999972,0.000028,L,0.999972,0.999944,0.000467,0.000056,0.556781
68,45,00476,fog,1364,1,,0.999991,0.000009,L,0.999991,0.999982,0.000163,0.000018,0.999997
68,45,00476,fog,1365,1,,0.999989,0.000011,L,0.999989,0.999978,0.000194,0.000022,1.000000
68,45,00476,fog,1366,1,,0.999997,0.000003,L,0.999997,0.999994,0.000056,0.000006,0.992549
68,45,00476,fog,1367,1,,0.997366,0.002634,L,0.997366,0.994732,0.026362,0.005268,0.123409
68,45,00476,fog,1368,1,,0.996908,0.003091,L,0.996908,0.993817,0.030228,0.006183,0.061533
68,45,00476,fog,751,0,,0.996572,0.003428,L,0.996572,0.993144,0.033009,0.006856,0.041802
68,45,00476,fog,924,0,,0.999386,0.000614,L,0.999386,0.998773,0.007433,0.001227,0.030496
68,45,00476,fog,495,0,,0.999816,0.000185,L,0.999816,0.999631,0.002555,0.000369,0.036183
68,45,00476,fog,5,0,,0.998760,0.001240,L,0.998760,0.997521,0.013757,0.002479,0.067119
68,45,00476,fog,1221,0,,0.999016,0.000984,L,0.999016,0.998031,0.011251,0.001969,0.054315
68,45,00476,fog,866,0,,0.999519,0.000481,L,0.999519,0.999038,0.005994,0.000962,0.051756
68,45,00476,fog,588,0,,0.999702,0.000298,L,0.999702,0.999403,0.003925,0.000597,0.040715
68,45,00476,fog,1021,0,,0.999295,0.000705,L,0.999295,0.998589,0.008402,0.001411,0.050306
68,45,00476,fog,746,0,,0.996560,0.003440,L,0.996560,0.993121,0.033103,0.006879,0.038311
68,45,00476,fog,559,0,,0.999330,0.000670,L,0.999330,0.998660,0.008031,0.001340,0.025991
68,45,00476,fog,312,0,,0.999870,0.000130,L,0.999870,0.999740,0.001863,0.000260,0.030771
68,45,00476,fog,304,0,,0.999642,0.000358,L,0.999642,0.999283,0.004618,0.000717,0.035180
68,45,00476,fog,1108,0,,0.998947,0.001053,L,0.998947,0.997893,0.011937,0.002107,0.035773
68,45,00476,fog,1422,0,,0.999128,0.000872,L,0.999128,0.998257,0.010117,0.001743,0.060302
68,45,00476,fog,639,0,,0.994582,0.005418,L,0.994582,0.989164,0.048581,0.010836,0.062328
68,45,00476,fog,65,0,,0.999760,0.000240,L,0.999760,0.999519,0.003237,0.000481,0.088296
68,45,00476,fog,585,0,,0.999735,0.000265,L,0.999735,0.999470,0.003531,0.000530,0.038702
68,45,00476,fog,179,0,,0.999630,0.000370,L,0.999630,0.999260,0.004754,0.000740,0.069950
69,45,00522,fog,1181,1,,0.997959,0.002041,L,0.997959,0.995918,0.021182,0.004082,0.067831
69,45,00522,fog,1182,1,,0.998175,0.001825,L,0.998175,0.996349,0.019238,0.003651,0.096551
69,45,00522,fog,1183,1,,0.999022,0.000978,L,0.999022,0.998044,0.011187,0.001956,0.121671
69,45,00522,fog,1184,1,,0.999691,0.000309,L,0.999691,0.999382,0.004046,0.000618,0.170846
69,45,00522,fog,1185,1,,0.999360,0.000640,L,0.999360,0.998720,0.007712,0.001280,0.167218
69,45,00522,fog,1271,1,,0.998601,0.001399,L,0.998601,0.997201,0.015284,0.002799,0.168094
69,45,00522,fog,1272,1,,0.997590,0.002410,L,0.997590,0.995180,0.024430,0.004820,0.199000
69,45,00522,fog,1273,1,,0.998854,0.001146,L,0.998854,0.997707,0.012852,0.002293,0.219713
69,45,00522,fog,1274,1,,0.999997,0.000003,L,0.999997,0.999994,0.000063,0.000006,0.630631
69,45,00522,fog,1275,1,,0.999999,0.000001,L,0.999999,0.999998,0.000019,0.000002,0.719962
69,45,00522,fog,1276,1,,0.999530,0.000470,L,0.999530,0.999061,0.005869,0.000939,0.281378
69,45,00522,fog,1277,1,,0.998144,0.001856,L,0.998144,0.996288,0.019517,0.003712,0.137903
69,45,00522,fog,1278,1,,0.999305,0.000695,L,0.999305,0.998610,0.008294,0.001390,0.052290
69,45,00522,fog,1361,1,,0.999840,0.000160,L,0.999840,0.999679,0.002253,0.000321,0.229507
69,45,00522,fog,1362,1,,0.999487,0.000513,L,0.999487,0.998974,0.006346,0.001026,0.228787
69,45,00522,fog,1363,1,,0.999982,0.000018,L,0.999982,0.999964,0.000309,0.000036,0.603953
69,45,00522,fog,1364,1,,0.999994,0.000006,L,0.999994,0.999988,0.000117,0.000012,0.999997
69,45,00522,fog,1365,1,,0.999991,0.000009,L,0.999991,0.999983,0.000157,0.000017,0.999999
69,45,00522,fog,1366,1,,0.999998,0.000002,L,0.999998,0.999996,0.000044,0.000004,0.995842
69,45,00522,fog,1367,1,,0.992317,0.007683,L,0.992317,0.984634,0.065009,0.015366,0.175272
69,45,00522,fog,1368,1,,0.995984,0.004016,L,0.995984,0.991968,0.037749,0.008032,0.075014
69,45,00522,fog,1372,0,,0.999462,0.000538,L,0.999462,0.998923,0.006622,0.001077,0.087562
69,45,00522,fog,1358,0,,0.996018,0.003982,L,0.996018,0.992035,0.037483,0.007965,0.162793
69,45,00522,fog,20,0,,0.999810,0.000190,L,0.999810,0.999620,0.002625,0.000380,0.043674
69,45,00522,fog,1051,0,,0.998935,0.001065,L,0.998935,0.997870,0.012053,0.002130,0.045836
69,45,00522,fog,152,0,,0.999859,0.000141,L,0.999859,0.999719,0.002003,0.000281,0.048286
69,45,00522,fog,15,0,,0.999743,0.000257,L,0.999743,0.999487,0.003432,0.000513,0.045295
69,45,00522,fog,285,0,,0.999587,0.000414,L,0.999587,0.999173,0.005244,0.000827,0.031718
69,45,00522,fog,250,0,,0.999832,0.000168,L,0.999832,0.999663,0.002354,0.000337,0.054259
69,45,00522,fog,426,0,,0.999737,0.000263,L,0.999737,0.999474,0.003505,0.000526,0.070210
69,45,00522,fog,31,0,,0.999793,0.000207,L,0.999793,0.999586,0.002835,0.000414,0.054600
69,45,00522,fog,1294,0,,0.998789,0.001210,L,0.998789,0.997579,0.013475,0.002421,0.095852
69,45,00522,fog,517,0,,0.999740,0.000260,L,0.999740,0.999480,0.003472,0.000520,0.061418
69,45,00522,fog,1357,0,,0.996777,0.003223,L,0.996777,0.993553,0.031322,0.006447,0.121339
69,45,00522,fog,536,0,,0.999868,0.000132,L,0.999868,0.999737,0.001887,0.000263,0.054274
69,45,00522,fog,929,0,,0.999171,0.000829,L,0.999171,0.998342,0.009683,0.001658,0.037983
69,45,00522,fog,2,0,,0.999023,0.000977,L,0.999023,0.998047,0.011175,0.001953,0.080161
69,45,00522,fog,531,0,,0.999776,0.000224,L,0.999776,0.999551,0.003043,0.000449,0.052261
69,45,00522,fog,203,0,,0.999691,0.000309,L,0.999691,0.999381,0.004055,0.000619,0.025473
70,45,00567,fog,1181,1,,0.997734,0.002266,L,0.997734,0.995469,0.023170,0.004531,0.066333
70,45,00567,fog,1182,1,,0.997954,0.002046,L,0.997954,0.995908,0.021227,0.004092,0.099179
70,45,00567,fog,1183,1,,0.999113,0.000887,L,0.999113,0.998226,0.010271,0.001774,0.130583
70,45,00567,fog,1184,1,,0.999818,0.000182,L,0.999818,0.999636,0.002524,0.000364,0.177592
70,45,00567,fog,1185,1,,0.999383,0.000617,L,0.999383,0.998766,0.007470,0.001234,0.165176
70,45,00567,fog,1271,1,,0.998471,0.001528,L,0.998471,0.996943,0.016501,0.003057,0.162331
70,45,00567,fog,1272,1,,0.997854,0.002146,L,0.997854,0.995707,0.022119,0.004293,0.193775
70,45,00567,fog,1273,1,,0.998832,0.001168,L,0.998832,0.997664,0.013063,0.002336,0.217397
70,45,00567,fog,1274,1,,0.999996,0.000004,L,0.999996,0.999992,0.000076,0.000008,0.621816
70,45,00567,fog,1275,1,,0.999999,0.000001,L,0.999999,0.999997,0.000029,0.000003,0.691682
70,45,00567,fog,1276,1,,0.999406,0.000594,L,0.999406,0.998813,0.007218,0.001187,0.249994
70,45,00567,fog,1277,1,,0.999250,0.000750,L,0.999250,0.998500,0.008869,0.001500,0.112826
70,45,00567,fog,1278,1,,0.999739,0.000261,L,0.999739,0.999478,0.003483,0.000522,0.046076
70,45,00567,fog,1361,1,,0.999763,0.000237,L,0.999763,0.999527,0.003190,0.000473,0.221725
70,45,00567,fog,1362,1,,0.999494,0.000506,L,0.999494,0.998988,0.006269,0.001012,0.230001
70,45,00567,fog,1363,1,,0.999979,0.000021,L,0.999979,0.999958,0.000358,0.000042,0.592933
70,45,00567,fog,1364,1,,0.999992,0.000008,L,0.999992,0.999983,0.000153,0.000017,0.999997
70,45,00567,fog,1365,1,,0.999990,0.000010,L,0.999990,0.999980,0.000177,0.000020,0.999999
70,45,00567,fog,1366,1,,0.999997,0.000003,L,0.999997,0.999995,0.000052,0.000005,0.990743
70,45,00567,fog,1367,1,,0.994681,0.005319,L,0.994681,0.989361,0.047838,0.010639,0.136248
70,45,00567,fog,1368,1,,0.998935,0.001065,L,0.998935,0.997870,0.012052,0.002130,0.047643
70,45,00567,fog,105,0,,0.999213,0.000787,L,0.999213,0.998426,0.009250,0.001574,0.038923
70,45,00567,fog,746,0,,0.995736,0.004263,L,0.995736,0.991473,0.039707,0.008527,0.039374
70,45,00567,fog,1109,0,,0.999212,0.000788,L,0.999212,0.998424,0.009258,0.001576,0.038317
70,45,00567,fog,1376,0,,0.999266,0.000734,L,0.999266,0.998531,0.008705,0.001469,0.121716
70,45,00567,fog,823,0,,0.996032,0.003968,L,0.996032,0.992063,0.037371,0.007937,0.070154
70,45,00567,fog,498,0,,0.999826,0.000174,L,0.999826,0.999651,0.002429,0.000349,0.030282
70,45,00567,fog,549,0,,0.997564,0.002436,L,0.997564,0.995127,0.024660,0.004873,0.038051
70,45,00567,fog,1016,0,,0.999392,0.000608,L,0.999392,0.998784,0.007373,0.001216,0.025214
70,45,00567,fog,92,0,,0.998946,0.001054,L,0.998946,0.997892,0.011945,0.002108,0.099320
70,45,00567,fog,478,0,,0.999907,0.000093,L,0.999907,0.999814,0.001377,0.000186,0.033582
70,45,00567,fog,18,0,,0.999819,0.000181,L,0.999819,0.999639,0.002507,0.000361,0.043582
70,45,00567,fog,956,0,,0.999504,0.000496,L,0.999504,0.999009,0.006155,0.000991,0.043022
70,45,00567,fog,985,0,,0.998913,0.001087,L,0.998913,0.997826,0.012270,0.002174,0.047858
70,45,00567,fog,702,0,,0.999600,0.000400,L,0.999600,0.999200,0.005091,0.000800,0.051641
70,45,00567,fog,1039,0,,0.998325,0.001675,L,0.998325,0.996650,0.017859,0.003350,0.054422
70,45,00567,fog,912,0,,0.995417,0.004583,L,0.995417,0.990833,0.042208,0.009167,0.106289
70,45,00567,fog,1137,0,,0.999493,0.000507,L,0.999493,0.998986,0.006280,0.001014,0.047848
70,45,00567,fog,519,0,,0.999755,0.000245,L,0.999755,0.999509,0.003296,0.000491,0.060215
71,45,00613,fog,1181,1,,0.998329,0.001671,L,0.998329,0.996658,0.017822,0.003342,0.054246
71,45,00613,fog,1182,1,,0.998373,0.001627,L,0.998373,0.996746,0.017417,0.003254,0.092575
71,45,00613,fog,1183,1,,0.999322,0.000678,L,0.999322,0.998645,0.008111,0.001355,0.130473
71,45,00613,fog,1184,1,,0.999905,0.000095,L,0.999905,0.999809,0.001410,0.000191,0.222674
71,45,00613,fog,1185,1,,0.999731,0.000269,L,0.999731,0.999462,0.003576,0.000538,0.165491
71,45,00613,fog,1271,1,,0.998227,0.001773,L,0.998227,0.996455,0.018758,0.003545,0.162842
71,45,00613,fog,1272,1,,0.997472,0.002528,L,0.997472,0.994945,0.025451,0.005055,0.194580
71,45,00613,fog,1273,1,,0.999143,0.000857,L,0.999143,0.998286,0.009970,0.001714,0.229799
71,45,00613,fog,1274,1,,0.999997,0.000003,L,0.999997,0.999994,0.000056,0.000006,0.644336
71,45,00613,fog,1275,1,,0.999999,0.000001,L,0.999999,0.999998,0.000020,0.000002,0.727026
71,45,00613,fog,1276,1,,0.999730,0.000270,L,0.999730,0.999460,0.003591,0.000540,0.304237
71,45,00613,fog,1277,1,,0.999476,0.000524,L,0.999476,0.998952,0.006468,0.001048,0.105685
71,45,00613,fog,1278,1,,0.999554,0.000446,L,0.999554,0.999109,0.005604,0.000891,0.047702
71,45,00613,fog,1361,1,,0.999499,0.000501,L,0.999499,0.998997,0.006219,0.001003,0.212994
71,45,00613,fog,1362,1,,0.999027,0.000973,L,0.999027,0.998054,0.011137,0.001946,0.196402
71,45,00613,fog,1363,1,,0.999981,0.000019,L,0.999981,0.999962,0.000324,0.000038,0.556673
71,45,00613,fog,1364,1,,0.999996,0.000004,L,0.999996,0.999991,0.000082,0.000009,0.999995
71,45,00613,fog,1365,1,,0.999994,0.000006,L,0.999994,0.999989,0.000108,0.000011,0.999999
71,45,00613,fog,1366,1,,0.999998,0.000002,L,0.999998,0.999996,0.000043,0.000004,0.991738
71,45,00613,fog,1367,1,,0.997168,0.002831,L,0.997168,0.994337,0.028046,0.005663,0.108850
71,45,00613,fog,1368,1,,0.997356,0.002644,L,0.997356,0.994712,0.026451,0.005288,0.058077
71,45,00613,fog,935,0,,0.999534,0.000466,L,0.999534,0.999069,0.005826,0.000931,0.034389
71,45,00613,fog,995,0,,0.991774,0.008226,L,0.991774,0.983547,0.068791,0.016453,0.072585
71,45,00613,fog,389,0,,0.999628,0.000372,L,0.999628,0.999256,0.004776,0.000744,0.025791
71,45,00613,fog,858,0,,0.998526,0.001473,L,0.998526,0.997053,0.015985,0.002947,0.040198
71,45,00613,fog,1192,0,,0.999030,0.000970,L,0.999030,0.998059,0.011111,0.001941,0.038959
71,45,00613,fog,1102,0,,0.999351,0.000649,L,0.999351,0.998701,0.007811,0.001299,0.027026
71,45,00613,fog,756,0,,0.999099,0.000901,L,0.999099,0.998199,0.010410,0.001801,0.027346
71,45,00613,fog,939,0,,0.999196,0.000804,L,0.999196,0.998392,0.009423,0.001608,0.033005
71,45,00613,fog,1386,0,,0.999069,0.000931,L,0.999069,0.998138,0.010716,0.001862,0.084417
71,45,00613,fog,819,0,,0.996350,0.003650,L,0.996350,0.992700,0.034813,0.007300,0.092176
71,45,00613,fog,1212,0,,0.997320,0.002680,L,0.997320,0.994640,0.026760,0.005360,0.082724
71,45,00613,fog,1382,0,,0.998793,0.001207,L,0.998793,0.997586,0.013444,0.002414,0.115345
71,45,00613,fog,190,0,,0.998977,0.001023,L,0.998977,0.997953,0.011640,0.002047,0.063411
71,45,00613,fog,454,0,,0.996684,0.003316,L,0.996684,0.993368,0.032088,0.006632,0.179072
71,45,00613,fog,484,0,,0.999603,0.000397,L,0.999603,0.999205,0.005062,0.000795,0.028662
71,45,00613,fog,388,0,,0.999755,0.000245,L,0.999755,0.999509,0.003296,0.000491,0.024654
71,45,00613,fog,129,0,,0.999806,0.000194,L,0.999806,0.999612,0.002673,0.000388,0.046203
71,45,00613,fog,828,0,,0.999172,0.000828,L,0.999172,0.998343,0.009676,0.001657,0.035817
72,21,00197,rain,29,1,,0.998980,0.001020,L,0.998980,0.997960,0.011608,0.002040,0.080883
72,21,00197,rain,30,1,,0.999147,0.000853,L,0.999147,0.998294,0.009925,0.001706,0.102634
72,21,00197,rain,31,1,,0.999958,0.000042,L,0.999958,0.999916,0.000673,0.000084,0.128570
72,21,00197,rain,32,1,,1.000000,0.000000,L,1.000000,1.000000,0.000002,0.000000,0.532201
72,21,00197,rain,33,1,,1.000000,0.000000,L,1.000000,1.000000,0.000001,0.000000,0.571319
72,21,00197,rain,34,1,,0.999998,0.000002,L,0.999998,0.999996,0.000036,0.000004,0.231377
72,21,00197,rain,35,1,,0.997446,0.002554,L,0.997446,0.994892,0.025678,0.005108,0.066403
72,21,00197,rain,36,1,,0.996515,0.003485,L,0.996515,0.993030,0.033474,0.006970,0.079986
72,21,00197,rain,119,1,,0.998400,0.001600,L,0.998400,0.996799,0.017170,0.003201,0.073912
72,21,00197,rain,120,1,,0.998672,0.001328,L,0.998672,0.997343,0.014610,0.002657,0.075639
72,21,00197,rain,121,1,,0.998860,0.001140,L,0.998860,0.997720,0.012790,0.002280,0.080539
72,21,00197,rain,122,1,,0.999999,0.000001,L,0.999999,0.999997,0.000031,0.000003,0.175872
72,21,00197,rain,123,1,,1.000000,0.000000,L,1.000000,0.999999,0.000007,0.000001,0.241809
72,21,00197,rain,124,1,,0.999912,0.000088,L,0.999912,0.999823,0.001317,0.000177,0.086583
72,21,00197,rain,210,1,,0.999289,0.000711,L,0.999289,0.998578,0.008461,0.001422,0.089782
72,21,00197,rain,211,1,,0.993462,0.006538,L,0.993462,0.986923,0.056850,0.013077,0.077353
72,21,00197,rain,212,1,,0.995598,0.004402,L,0.995598,0.991196,0.040794,0.008804,0.082420
72,21,00197,rain,213,1,,0.997745,0.002255,L,0.997745,0.995491,0.023073,0.004509,0.069271
72,21,00197,rain,301,1,,0.996804,0.003196,L,0.996804,0.993608,0.031095,0.006392,0.078042
72,21,00197,rain,302,1,,0.993254,0.006746,L,0.993254,0.986508,0.058351,0.013492,0.074436
72,21,00197,rain,391,1,,0.997526,0.002474,L,0.997526,0.995053,0.024984,0.004947,0.082215
72,21,00197,rain,1036,0,,0.999247,0.000753,L,0.999247,0.998493,0.008903,0.001507,0.054149
72,21,00197,rain,1353,0,,0.995383,0.004617,L,0.995383,0.990765,0.042470,0.009235,0.089409
72,21,00197,rain,1333,0,,0.999311,0.000689,L,0.999311,0.998622,0.008228,0.001378,0.051156
72,21,00197,rain,157,0,,0.999765,0.000235,L,0.999765,0.999530,0.003169,0.000470,0.060385
72,21,00197,rain,220,0,,0.998551,0.001449,L,0.998551,0.997102,0.015752,0.002898,0.089781
72,21,00197,rain,310,0,,0.999251,0.000749,L,0.999251,0.998501,0.008859,0.001499,0.082102
72,21,00197,rain,1201,0,,0.997392,0.002608,L,0.997392,0.994784,0.026141,0.005216,0.075211
72,21,00197,rain,663,0,,0.998916,0.001085,L,0.998916,0.997831,0.012245,0.002169,0.075049
72,21,00197,rain,873,0,,0.998777,0.001223,L,0.998777,0.997554,0.013597,0.002446,0.047252
72,21,00197,rain,754,0,,0.999666,0.000334,L,0.999666,0.999332,0.004337,0.000668,0.071115
72,21,00197,rain,1136,0,,0.998926,0.001074,L,0.998926,0.997852,0.012143,0.002148,0.063949
72,21,00197,rain,6,0,,0.998501,0.001499,L,0.998501,0.997002,0.016226,0.002998,0.099193
72,21,00197,rain,1019,0,,0.999512,0.000488,L,0.999512,0.999025,0.006068,0.000975,0.108423
72,21,00197,rain,1222,0,,0.999007,0.000993,L,0.999007,0.998014,0.011338,0.001986,0.070482
72,21,00197,rain,785,0,,0.999244,0.000756,L,0.999244,0.998488,0.008927,0.001512,0.048698
72,21,00197,rain,593,0,,0.999743,0.000257,L,0.999743,0.999486,0.003438,0.000514,0.034547
72,21,00197,rain,406,0,,0.995043,0.004957,L,0.995043,0.990086,0.045088,0.009914,0.073645
72,21,00197,rain,372,0,,0.999841,0.000159,L,0.999841,0.999682,0.002236,0.000318,0.075459
73,21,00256,rain,209,1,,0.997996,0.002004,L,0.997996,0.995992,0.020852,0.004008,0.088563
73,21,00256,rain,536,1,,0.998462,0.001538,L,0.998462,0.996925,0.016587,0.003075,0.080774
73,21,00256,rain,119,1,,0.997117,0.002883,L,0.997117,0.994233,0.028484,0.005767,0.077239
73,21,00256,rain,446,1,,0.999165,0.000835,L,0.999165,0.998330,0.009741,0.001670,0.088427
73,21,00256,rain,478,1,,0.997159,0.002841,L,0.997159,0.994318,0.028126,0.005682,0.054068
73,21,00256,rain,358,1,,1.000000,0.000000,L,1.000000,1.000000,0.000001,0.000000,0.430731
73,21,00256,rain,386,1,,0.999246,0.000754,L,0.999246,0.998492,0.008911,0.001508,0.101090
73,21,00256,rain,268,1,,0.999954,0.000046,L,0.999954,0.999908,0.000727,0.000092,0.075982
73,21,00256,rain,357,1,,0.999996,0.000004,L,0.999996,0.999992,0.000079,0.000008,0.103384
73,21,00256,rain,204,1,,0.999178,0.000822,L,0.999178,0.998355,0.009614,0.001645,0.198194
73,21,00256,rain,356,1,,0.999769,0.000231,L,0.999769,0.999539,0.003119,0.000461,0.092551
73,21,00256,rain,266,1,,0.999293,0.000707,L,0.999293,0.998586,0.008417,0.001414,0.087372
73,21,00256,rain,479,1,,0.997224,0.002776,L,0.997224,0.994449,0.027572,0.005551,0.045632
73,21,00256,rain,24,1,,0.999289,0.000711,L,0.999289,0.998579,0.008457,0.001421,0.098691
73,21,00256,rain,296,1,,1.000000,0.000000,L,1.000000,1.000000,0.000003,0.000000,0.539891
73,21,00256,rain,206,1,,1.000000,0.000000,L,1.000000,0.999999,0.000010,0.000001,0.399272
73,21,00256,rain,115,1,,0.998778,0.001222,L,0.998778,0.997556,0.013586,0.002444,0.089556
73,21,00256,rain,294,1,,0.999971,0.000029,L,0.999971,0.999942,0.000480,0.000058,0.353909
73,21,00256,rain,389,1,,0.998831,0.001169,L,0.998831,0.997662,0.013073,0.002338,0.070466
73,21,00256,rain,178,1,,0.998694,0.001306,L,0.998694,0.997389,0.014391,0.002611,0.090147
73,21,00256,rain,537,1,,0.998639,0.001361,L,0.998639,0.997278,0.014921,0.002722,0.077965
73,21,00256,rain,207,1,,0.999992,0.000008,L,0.999992,0.999983,0.000154,0.000017,0.126062
73,21,00256,rain,118,1,,0.997359,0.002641,L,0.997359,0.994719,0.026421,0.005281,0.070515
73,21,00256,rain,293,1,,0.999874,0.000126,L,0.999874,0.999748,0.001812,0.000252,0.217607
73,21,00256,rain,295,1,,0.999998,0.000002,L,0.999998,0.999996,0.000044,0.000004,0.460373
73,21,00256,rain,359,1,,1.000000,0.000000,L,1.000000,1.000000,0.000000,0.000000,0.429351
73,21,00256,rain,269,1,,0.999993,0.000007,L,0.999993,0.999986,0.000126,0.000014,0.090931
73,21,00256,rain,208,1,,0.998304,0.001696,L,0.998304,0.996607,0.018057,0.003393,0.104047
73,21,00256,rain,205,1,,0.999995,0.000005,L,0.999995,0.999989,0.000103,0.000011,0.292326
73,21,00256,rain,385,1,,0.998792,0.001208,L,0.998792,0.997583,0.013455,0.002417,0.117408
73,21,00256,rain,477,1,,0.996444,0.003556,L,0.996444,0.992887,0.034054,0.007113,0.074666
73,21,00256,rain,116,1,,0.997778,0.002222,L,0.997778,0.995556,0.022787,0.004444,0.090419
73,21,00256,rain,383,1,,0.998558,0.001442,L,0.998558,0.997116,0.015688,0.002884,0.127861
73,21,00256,rain,299,1,,0.999965,0.000035,L,0.999965,0.999930,0.000566,0.000070,0.096739
73,21,00256,rain,539,1,,0.999722,0.000278,L,0.999722,0.999444,0.003686,0.000556,0.061706
73,21,00256,rain,114,1,,0.998937,0.001063,L,0.998937,0.997873,0.012036,0.002127,0.113912
73,21,00256,rain,1333,0,,0.999312,0.000688,L,0.999312,0.998624,0.008222,0.001376,0.051155
73,21,00256,rain,546,0,,0.999205,0.000795,L,0.999205,0.998409,0.009337,0.001591,0.045405
73,21,00256,rain,173,0,,0.999570,0.000430,L,0.999570,0.999141,0.005425,0.000859,0.075676
73,21,00256,rain,1317,0,,0.999395,0.000605,L,0.999395,0.998790,0.007339,0.001210,0.119065
73,21,00256,rain,1363,0,,0.998821,0.001179,L,0.998821,0.997643,0.013165,0.002357,0.064611
73,21,00256,rain,1082,0,,0.997912,0.002088,L,0.997912,0.995823,0.021602,0.004177,0.058251
73,21,00256,rain,109,0,,0.999573,0.000427,L,0.999573,0.999146,0.005397,0.000854,0.046085
73,21,00256,rain,1052,0,,0.998947,0.001053,L,0.998947,0.997895,0.011931,0.002105,0.039020
73,21,00256,rain,624,0,,0.999834,0.000166,L,0.999834,0.999669,0.002320,0.000331,0.052895
73,21,00256,rain,419,0,,0.999655,0.000345,L,0.999655,0.999311,0.004460,0.000689,0.053538
73,21,00256,rain,1282,0,,0.999008,0.000992,L,0.999008,0.998016,0.011328,0.001984,0.077255
73,21,00256,rain,1308,0,,0.999156,0.000844,L,0.999156,0.998313,0.009831,0.001687,0.076327
73,21,00256,rain,1338,0,,0.999312,0.000688,L,0.999312,0.998624,0.008222,0.001376,0.051155
73,21,00256,rain,1087,0,,0.996020,0.003980,L,0.996020,0.992040,0.037465,0.007960,0.079979
73,21,00256,rain,1264,0,,0.999327,0.000673,L,0.999327,0.998655,0.008058,0.001345,0.105188
73,21,00256,rain,914,0,,0.997963,0.002037,L,0.997963,0.995925,0.021147,0.004075,0.036237
73,21,00256,rain,134,0,,0.999180,0.000820,L,0.999180,0.998360,0.009590,0.001640,0.099792
73,21,00256,rain,692,0,,0.997659,0.002341,L,0.997659,0.995318,0.023829,0.004682,0.065952
74,21,00462,rain,494,1,,0.999660,0.000340,L,0.999660,0.999321,0.004402,0.000679,0.030966
74,21,00462,rain,184,1,,0.998899,0.001101,L,0.998899,0.997797,0.012411,0.002203,0.255681
74,21,00462,rain,611,1,,0.999703,0.000297,L,0.999703,0.999407,0.003904,0.000593,0.062669
74,21,00462,rain,296,1,,1.000000,0.000000,L,1.000000,1.000000,0.000002,0.000000,0.554654
74,21,00462,rain,210,1,,0.999914,0.000086,L,0.999914,0.999828,0.001288,0.000172,0.212532
74,21,00462,rain,519,1,,0.999399,0.000601,L,0.999399,0.998797,0.007301,0.001203,0.056402
74,21,00462,rain,390,1,,0.998598,0.001402,L,0.998598,0.997196,0.015310,0.002804,0.195062
74,21,00462,rain,1325,1,,0.999196,0.000804,L,0.999196,0.998392,0.009422,0.001608,0.211360
74,21,00462,rain,382,1,,0.998708,0.001292,L,0.998708,0.997415,0.014265,0.002585,0.090076
74,21,00462,rain,523,1,,0.999840,0.000160,L,0.999840,0.999680,0.002251,0.000320,0.068246
74,21,00462,rain,307,1,,0.999961,0.000039,L,0.999961,0.999923,0.000621,0.000077,0.105090
74,21,00462,rain,217,1,,0.999699,0.000301,L,0.999699,0.999398,0.003954,0.000602,0.074608
74,21,00462,rain,134,1,,0.999233,0.000767,L,0.999233,0.998465,0.009048,0.001535,0.074430
74,21,00462,rain,116,1,,0.996493,0.003507,L,0.996493,0.992986,0.033652,0.007014,0.061071
74,21,00462,rain,292,1,,0.998379,0.001621,L,0.998379,0.996759,0.017358,0.003241,0.161300
74,21,00462,rain,431,1,,1.000000,0.000000,L,1.000000,1.000000,0.000001,0.000000,0.221002
74,21,00462,rain,387,1,,0.999722,0.000278,L,0.999722,0.999445,0.003681,0.000555,0.129666
74,21,00462,rain,224,1,,0.998539,0.001461,L,0.998539,0.997078,0.015865,0.002922,0.082202
74,21,00462,rain,452,1,,0.990864,0.009136,L,0.990864,0.981728,0.075010,0.018272,0.096375
74,21,00462,rain,364,1,,1.000000,0.000000,L,1.000000,0.999999,0.000007,0.000001,0.728668
74,21,00462,rain,95,1,,0.995997,0.004003,L,0.995997,0.991993,0.037648,0.008007,0.069201
74,21,00462,rain,1323,1,,0.999929,0.000071,L,0.999929,0.999858,0.001082,0.000142,0.216302
74,21,00462,rain,271,1,,0.998474,0.001526,L,0.998474,0.996948,0.016477,0.003052,0.185867
74,21,00462,rain,609,1,,0.999480,0.000520,L,0.999480,0.998961,0.006419,0.001039,0.057655
74,21,00462,rain,340,1,,0.999998,0.000002,L,0.999998,0.999997,0.000031,0.000003,0.068580
74,21,00462,rain,272,1,,0.999870,0.000130,L,0.999870,0.999741,0.001861,0.000259,0.360817
74,21,00462,rain,133,1,,0.999477,0.000523,L,0.999477,0.998953,0.006460,0.001047,0.082267
74,21,00462,rain,456,1,,0.997258,0.002742,L,0.997258,0.994515,0.027289,0.005485,0.072545
74,21,00462,rain,186,1,,0.996357,0.003643,L,0.996357,0.992715,0.034753,0.007285,0.164723
74,21,00462,rain,384,1,,0.998063,0.001937,L,0.998063,0.996126,0.020249,0.003874,0.135093
74,21,00462,rain,252,1,,0.999516,0.000483,L,0.999516,0.999033,0.006023,0.000967,0.076572
74,21,00462,rain,398,1,,0.998065,0.001935,L,0.998065,0.996131,0.020227,0.003869,0.104385
74,21,00462,rain,131,1,,0.997605,0.002395,L,0.997605,0.995211,0.024298,0.004789,0.077983
74,21,00462,rain,613,1,,0.999678,0.000322,L,0.999678,0.999355,0.004205,0.000645,0.058342
74,21,00462,rain,402,1,,0.998909,0.001091,L,0.998909,0.997819,0.012305,0.002181,0.069690
74,21,00462,rain,1415,1,,0.999999,0.000001,L,0.999999,0.999998,0.000025,0.000002,0.532194
74,21,00462,rain,981,0,,0.998648,0.001352,L,0.998648,0.997296,0.014836,0.002704,0.056850
74,21,00462,rain,60,0,,0.997533,0.002467,L,0.997533,0.995066,0.024927,0.004934,0.188002
74,21,00462,rain,1269,0,,0.999789,0.000211,L,0.999789,0.999579,0.002876,0.000421,0.055685
74,21,00462,rain,1276,0,,0.999165,0.000835,L,0.999165,0.998330,0.009742,0.001670,0.035239
74,21,00462,rain,1000,0,,0.996342,0.003658,L,0.996342,0.992684,0.034878,0.007316,0.079046
74,21,00462,rain,375,0,,0.998065,0.001935,L,0.998065,0.996130,0.020231,0.003870,0.044366
74,21,00462,rain,422,0,,0.999192,0.000808,L,0.999192,0.998383,0.009470,0.001617,0.066639
74,21,00462,rain,841,0,,0.999311,0.000689,L,0.999311,0.998621,0.008233,0.001379,0.031345
74,21,00462,rain,1018,0,,0.998684,0.001316,L,0.998684,0.997369,0.014487,0.002631,0.035717
74,21,00462,rain,282,0,,0.995147,0.004853,L,0.995147,0.990295,0.044286,0.009705,0.076594
74,21,00462,rain,734,0,,0.998037,0.001963,L,0.998037,0.996073,0.020486,0.003927,0.043124
74,21,00462,rain,1140,0,,0.999075,0.000925,L,0.999075,0.998151,0.010652,0.001849,0.051984
74,21,00462,rain,1275,0,,0.998262,0.001738,L,0.998262,0.996523,0.018444,0.003477,0.046216
74,21,00462,rain,872,0,,0.999069,0.000931,L,0.999069,0.998138,0.010719,0.001862,0.040132
74,21,00462,rain,1029,0,,0.998800,0.001200,L,0.998800,0.997600,0.013375,0.002400,0.062540
74,21,00462,rain,102,0,,0.997319,0.002681,L,0.997319,0.994638,0.026767,0.005362,0.108060
74,21,00462,rain,68,0,,0.999291,0.000709,L,0.999291,0.998582,0.008439,0.001418,0.069149
74,21,00462,rain,317,0,,0.999657,0.000343,L,0.999657,0.999315,0.004439,0.000685,0.036088
75,21,00520,rain,116,1,,0.996562,0.003438,L,0.996562,0.993123,0.033092,0.006877,0.069181
75,21,00520,rain,392,1,,0.999998,0.000002,L,0.999998,0.999997,0.000035,0.000003,0.185398
75,21,00520,rain,360,1,,0.999770,0.000230,L,0.999770,0.999540,0.003111,0.000460,0.134414
75,21,00520,rain,569,1,,0.995719,0.004281,L,0.995719,0.991438,0.039846,0.008562,0.042806
75,21,00520,rain,248,1,,0.999910,0.000090,L,0.999910,0.999819,0.001345,0.000181,0.082466
75,21,00520,rain,383,1,,0.998923,0.001077,L,0.998923,0.997847,0.012168,0.002153,0.256521
75,21,00520,rain,115,1,,0.994234,0.005766,L,0.994234,0.988468,0.051182,0.011532,0.105213
75,21,00520,rain,180,1,,0.999880,0.000120,L,0.999880,0.999759,0.001740,0.000241,0.105067
75,21,00520,rain,574,1,,0.999159,0.000841,L,0.999159,0.998319,0.009800,0.001681,0.034426
75,21,00520,rain,215,1,,0.998290,0.001710,L,0.998290,0.996580,0.018181,0.003420,0.063463
75,21,00520,rain,431,1,,0.999454,0.000546,L,0.999454,0.998908,0.006704,0.001092,0.059660
75,21,00520,rain,304,1,,0.999032,0.000968,L,0.999032,0.998063,0.011092,0.001937,0.054070
75,21,00520,rain,362,1,,0.999995,0.000005,L,0.999995,0.999990,0.000096,0.000010,0.442325
75,21,00520,rain,516,1,,0.998649,0.001351,L,0.998649,0.997298,0.014824,0.002702,0.084969
75,21,00520,rain,390,1,,0.999702,0.000298,L,0.999702,0.999404,0.003918,0.000596,0.116453
75,21,00520,rain,298,1,,0.999964,0.000036,L,0.999964,0.999928,0.000587,0.000072,0.266560
75,21,00520,rain,297,1,,0.999953,0.000047,L,0.999953,0.999905,0.000748,0.000095,0.302682
75,21,00520,rain,366,1,,0.998671,0.001329,L,0.998671,0.997341,0.014619,0.002659,0.125185
75,21,00520,rain,250,1,,0.998560,0.001440,L,0.998560,0.997120,0.015671,0.002880,0.079075
75,21,00520,rain,518,1,,0.999698,0.000302,L,0.999698,0.999397,0.003964,0.000603,0.073947
75,21,00520,rain,456,1,,0.999235,0.000765,L,0.999235,0.998470,0.009025,0.001530,0.084041
75,21,00520,rain,382,1,,0.997775,0.002225,L,0.997775,0.995550,0.022813,0.004450,0.214339
75,21,00520,rain,427,1,,1.000000,0.000000,L,1.000000,1.000000,0.000005,0.000000,0.239509
75,21,00520,rain,181,1,,0.998540,0.001460,L,0.998540,0.997080,0.015858,0.002920,0.103038
75,21,00520,rain,455,1,,0.999711,0.000289,L,0.999711,0.999422,0.003813,0.000578,0.111345
75,21,00520,rain,475,1,,0.996351,0.003649,L,0.996351,0.992702,0.034805,0.007298,0.080832
75,21,00520,rain,519,1,,0.999116,0.000884,L,0.999116,0.998232,0.010242,0.001768,0.075112
75,21,00520,rain,520,1,,0.999749,0.000251,L,0.999749,0.999497,0.003370,0.000503,0.053599
75,21,00520,rain,386,1,,0.999461,0.000539,L,0.999461,0.998923,0.006625,0.001077,0.252574
75,21,00520,rain,210,1,,0.997680,0.002320,L,0.997680,0.995360,0.023648,0.004640,0.142898
75,21,00520,rain,183,1,,0.995864,0.004136,L,0.995864,0.991729,0.038700,0.008271,0.186254
75,21,00520,rain,118,1,,0.998592,0.001408,L,0.998592,0.997185,0.015362,0.002815,0.073538
75,21,00520,rain,295,1,,1.000000,0.000000,L,1.000000,1.000000,0.000000,0.000000,0.989473
75,21,00520,rain,521,1,,0.999668,0.000332,L,0.999668,0.999336,0.004318,0.000664,0.056032
75,21,00520,rain,203,1,,0.994698,0.005302,L,0.994698,0.989396,0.047708,0.010604,0.211872
75,21,00520,rain,246,1,,0.999468,0.000532,L,0.999468,0.998936,0.006555,0.001064,0.084597
75,21,00520,rain,781,0,,0.999486,0.000514,L,0.999486,0.998972,0.006357,0.001028,0.052262
75,21,00520,rain,772,0,,0.999431,0.000569,L,0.999431,0.998861,0.006958,0.001139,0.043741
75,21,00520,rain,1205,0,,0.999443,0.000557,L,0.999443,0.998886,0.006823,0.001114,0.045778
75,21,00520,rain,146,0,,0.999087,0.000913,L,0.999087,0.998174,0.010534,0.001826,0.053019
75,21,00520,rain,1079,0,,0.999290,0.000710,L,0.999290,0.998580,0.008451,0.001420,0.054027
75,21,00520,rain,287,0,,0.997571,0.002429,L,0.997571,0.995143,0.024594,0.004857,0.103717
75,21,00520,rain,722,0,,0.993209,0.006791,L,0.993209,0.986418,0.058675,0.013582,0.051056
75,21,00520,rain,108,0,,0.998350,0.001650,L,0.998350,0.996700,0.017632,0.003300,0.079587
75,21,00520,rain,850,0,,0.999534,0.000466,L,0.999534,0.999068,0.005829,0.000932,0.040182
75,21,00520,rain,1032,0,,0.999167,0.000833,L,0.999167,0.998334,0.009724,0.001666,0.037671
75,21,00520,rain,870,0,,0.999432,0.000568,L,0.999432,0.998865,0.006940,0.001135,0.039152
75,21,00520,rain,36,0,,0.999271,0.000729,L,0.999271,0.998542,0.008648,0.001458,0.056577
75,21,00520,rain,156,0,,0.999570,0.000430,L,0.999570,0.999141,0.005424,0.000859,0.080437
75,21,00520,rain,763,0,,0.999787,0.000213,L,0.999787,0.999574,0.002904,0.000426,0.036160
75,21,00520,rain,1036,0,,0.998887,0.001113,L,0.998887,0.997775,0.012521,0.002225,0.057991
75,21,00520,rain,254,0,,0.999732,0.000268,L,0.999732,0.999464,0.003567,0.000536,0.080723
75,21,00520,rain,577,0,,0.993183,0.006817,L,0.993183,0.986367,0.058859,0.013633,0.074138
75,21,00520,rain,1171,0,,0.999421,0.000579,L,0.999421,0.998841,0.007066,0.001159,0.052670
76,21,00577,rain,299,1,,1.000000,0.000000,L,1.000000,1.000000,0.000003,0.000000,0.709859
76,21,00577,rain,466,1,,0.996888,0.003112,L,0.996888,0.993775,0.030402,0.006225,0.071158
76,21,00577,rain,1224,1,,0.996247,0.003753,L,0.996247,0.992494,0.035644,0.007506,0.060428
76,21,00577,rain,291,1,,0.999999,0.000001,L,0.999999,0.999997,0.000028,0.000003,0.326280
76,21,00577,rain,112,1,,0.997701,0.002299,L,0.997701,0.995402,0.023464,0.004598,0.077159
76,21,00577,rain,493,1,,0.998888,0.001112,L,0.998888,0.997775,0.012519,0.002225,0.048673
76,21,00577,rain,461,1,,0.996073,0.003927,L,0.996073,0.992146,0.037039,0.007854,0.072661
76,21,00577,rain,286,1,,0.999101,0.000899,L,0.999101,0.998202,0.010394,0.001798,0.102756
76,21,00577,rain,274,1,,1.000000,0.000000,L,1.000000,1.000000,0.000000,0.000000,0.990396
76,21,00577,rain,1402,1,,0.999742,0.000258,L,0.999742,0.999484,0.003447,0.000516,0.078952
76,21,00577,rain,290,1,,0.999997,0.000003,L,0.999997,0.999994,0.000062,0.000006,0.377414
76,21,00577,rain,375,1,,0.998594,0.001406,L,0.998594,0.997189,0.015345,0.002811,0.081560
76,21,00577,rain,225,1,,0.997674,0.002326,L,0.997674,0.995348,0.023701,0.004652,0.072004
76,21,00577,rain,213,1,,0.998859,0.001141,L,0.998859,0.997717,0.012803,0.002283,0.102730
76,21,00577,rain,224,1,,0.997673,0.002327,L,0.997673,0.995346,0.023706,0.004654,0.096443
76,21,00577,rain,92,1,,0.997946,0.002054,L,0.997946,0.995891,0.021301,0.004109,0.078874
76,21,00577,rain,312,1,,0.999995,0.000005,L,0.999995,0.999991,0.000088,0.000009,0.313034
76,21,00577,rain,294,1,,0.999914,0.000086,L,0.999914,0.999829,0.001279,0.000171,0.243163
76,21,00577,rain,573,1,,0.999542,0.000458,L,0.999542,0.999085,0.005737,0.000915,0.028047
76,21,00577,rain,490,1,,0.998338,0.001662,L,0.998338,0.996675,0.017745,0.003325,0.060736
76,21,00577,rain,1325,1,,0.999878,0.000122,L,0.999878,0.999756,0.001761,0.000244,0.107935
76,21,00577,rain,1395,1,,0.999992,0.000007,L,0.999992,0.999985,0.000138,0.000015,0.121721
76,21,00577,rain,379,1,,0.998378,0.001622,L,0.998378,0.996756,0.017370,0.003244,0.111263
76,21,00577,rain,1313,1,,0.998794,0.001206,L,0.998794,0.997588,0.013429,0.002412,0.061258
76,21,00577,rain,285,1,,0.999752,0.000248,L,0.999752,0.999503,0.003332,0.000497,0.079870
76,21,00577,rain,1413,1,,1.000000,0.000000,L,1.000000,1.000000,0.000001,0.000000,0.536223
76,21,00577,rain,314,1,,0.998855,0.001144,L,0.998855,0.997711,0.012833,0.002289,0.058728
76,21,00577,rain,567,1,,0.991551,0.008449,L,0.991551,0.983103,0.070323,0.016897,0.110557
76,21,00577,rain,221,1,,0.999975,0.000025,L,0.999975,0.999950,0.000417,0.000050,0.080400
76,21,00577,rain,368,1,,0.998827,0.001173,L,0.998827,0.997654,0.013110,0.002346,0.120449
76,21,00577,rain,275,1,,0.999998,0.000002,L,0.999998,0.999997,0.000035,0.000003,0.252169
76,21,00577,rain,460,1,,0.996393,0.003607,L,0.996393,0.992786,0.034466,0.007214,0.073379
76,21,00577,rain,1406,1,,0.999819,0.000182,L,0.999819,0.999637,0.002518,0.000363,0.190458
76,21,00577,rain,470,1,,0.997048,0.002952,L,0.997048,0.994097,0.029059,0.005903,0.077538
76,21,00577,rain,129,1,,0.998662,0.001338,L,0.998662,0.997325,0.014698,0.002675,0.056466
76,21,00577,rain,1403,1,,0.999879,0.000121,L,0.999879,0.999758,0.001749,0.000242,0.070437
76,21,00577,rain,707,0,,0.999779,0.000221,L,0.999779,0.999558,0.003005,0.000442,0.040026
76,21,00577,rain,970,0,,0.998782,0.001218,L,0.998782,0.997564,0.013548,0.002436,0.045429
76,21,00577,rain,812,0,,0.998455,0.001545,L,0.998455,0.996910,0.016656,0.003090,0.041130
76,21,00577,rain,546,0,,0.992352,0.007648,L,0.992352,0.984705,0.064760,0.015295,0.054903
76,21,00577,rain,816,0,,0.999718,0.000282,L,0.999718,0.999436,0.003734,0.000564,0.057598
76,21,00577,rain,238,0,,0.999360,0.000640,L,0.999360,0.998721,0.007710,0.001279,0.070745
76,21,00577,rain,899,0,,0.999316,0.000684,L,0.999316,0.998633,0.008174,0.001367,0.048311
76,21,00577,rain,724,0,,0.997657,0.002343,L,0.997657,0.995314,0.023846,0.004686,0.039133
76,21,00577,rain,545,0,,0.994589,0.005411,L,0.994589,0.989178,0.048529,0.010822,0.064887
76,21,00577,rain,1371,0,,0.999141,0.000859,L,0.999141,0.998282,0.009985,0.001718,0.085955
76,21,00577,rain,1168,0,,0.998699,0.001301,L,0.998699,0.997398,0.014347,0.002602,0.074590
76,21,00577,rain,914,0,,0.999732,0.000268,L,0.999732,0.999464,0.003568,0.000536,0.066792
76,21,00577,rain,742,0,,0.999785,0.000215,L,0.999785,0.999569,0.002934,0.000431,0.025318
76,21,00577,rain,618,0,,0.999710,0.000290,L,0.999710,0.999419,0.003830,0.000581,0.067852
76,21,00577,rain,134,0,,0.999211,0.000789,L,0.999211,0.998422,0.009270,0.001578,0.062685
76,21,00577,rain,590,0,,0.999457,0.000543,L,0.999457,0.998913,0.006677,0.001087,0.046008
76,21,00577,rain,1196,0,,0.997495,0.002505,L,0.997495,0.994990,0.025257,0.005010,0.049132
76,21,00577,rain,1153,0,,0.999004,0.000996,L,0.999004,0.998007,0.011371,0.001993,0.048633
77,23,00184,rain,932,1,,0.997996,0.002004,L,0.997996,0.995992,0.020850,0.004008,0.090172
77,23,00184,rain,1135,1,,0.999653,0.000347,L,0.999653,0.999306,0.004490,0.000694,0.126556
77,23,00184,rain,1286,1,,0.997402,0.002598,L,0.997402,0.994804,0.026057,0.005196,0.086050
77,23,00184,rain,789,1,,0.999930,0.000070,L,0.999930,0.999859,0.001074,0.000141,0.254451
77,23,00184,rain,790,1,,1.000000,0.000000,L,1.000000,0.999999,0.000011,0.000001,0.585227
77,23,00184,rain,1141,1,,0.999997,0.000003,L,0.999997,0.999993,0.000068,0.000007,0.405223
77,23,00184,rain,882,1,,0.998009,0.001991,L,0.998009,0.996018,0.020734,0.003982,0.074441
77,23,00184,rain,1046,1,,0.999056,0.000944,L,0.999056,0.998111,0.010852,0.001889,0.170406
77,23,00184,rain,517,1,,0.997729,0.002271,L,0.997729,0.995458,0.023216,0.004542,0.085005
77,23,00184,rain,787,1,,0.999890,0.000110,L,0.999890,0.999779,0.001611,0.000221,0.141089
77,23,00184,rain,702,1,,0.999863,0.000137,L,0.999863,0.999726,0.001956,0.000274,0.111347
77,23,00184,rain,1016,1,,0.999052,0.000948,L,0.999052,0.998105,0.010883,0.001895,0.124439
77,23,00184,rain,1110,1,,1.000000,0.000000,L,1.000000,1.000000,0.000000,0.000000,0.996924
77,23,00184,rain,699,1,,0.999999,0.000001,L,0.999999,0.999997,0.000028,0.000003,0.516713
77,23,00184,rain,613,1,,0.999337,0.000663,L,0.999337,0.998675,0.007952,0.001325,0.036724
77,23,00184,rain,1018,1,,0.997780,0.002220,L,0.997780,0.995560,0.022769,0.004440,0.216110
77,23,00184,rain,610,1,,0.998889,0.001111,L,0.998889,0.997778,0.012508,0.002222,0.183900
77,23,00184,rain,956,1,,0.998525,0.001475,L,0.998525,0.997050,0.015997,0.002950,0.180258
77,23,00184,rain,794,1,,0.999282,0.000718,L,0.999282,0.998565,0.008532,0.001435,0.047888
77,23,00184,rain,792,1,,0.999116,0.000884,L,0.999116,0.998232,0.010239,0.001768,0.113852
77,23,00184,rain,1232,1,,0.997666,0.002334,L,0.997666,0.995333,0.023766,0.004667,0.100230
77,23,00184,rain,1292,1,,0.998979,0.001021,L,0.998979,0.997957,0.011619,0.002043,0.136177
77,23,00184,rain,614,1,,0.999267,0.000733,L,0.999267,0.998533,0.008695,0.001467,0.055289
77,23,00184,rain,931,1,,0.997822,0.002178,L,0.997822,0.995644,0.022401,0.004356,0.117117
77,23,00184,rain,1137,1,,0.999655,0.000345,L,0.999655,0.999311,0.004460,0.000689,0.164913
77,23,00184,rain,1048,1,,1.000000,0.000000,L,1.000000,1.000000,0.000001,0.000000,0.645535
77,23,00184,rain,1291,1,,0.998506,0.001494,L,0.998506,0.997011,0.016180,0.002989,0.124283
77,23,00184,rain,607,1,,0.999492,0.000508,L,0.999492,0.998985,0.006289,0.001015,0.116829
77,23,00184,rain,1201,1,,0.996870,0.003130,L,0.996870,0.993739,0.030552,0.006261,0.194283
77,23,00184,rain,958,1,,0.997637,0.002363,L,0.997637,0.995275,0.024020,0.004725,0.201756
77,23,00184,rain,1047,1,,0.999852,0.000148,L,0.999852,0.999703,0.002099,0.000297,0.210985
77,23,00184,rain,612,1,,0.997301,0.002699,L,0.997301,0.994602,0.026919,0.005398,0.073726
77,23,00184,rain,1045,1,,0.999893,0.000107,L,0.999893,0.999787,0.001562,0.000213,0.106037
77,23,00184,rain,793,1,,0.999110,0.000890,L,0.999110,0.998219,0.010307,0.001781,0.046818
77,23,00184,rain,1138,1,,1.000000,0.000000,L,1.000000,0.999999,0.000006,0.000001,0.533642
77,23,00184,rain,1287,1,,0.998762,0.001238,L,0.998762,0.997525,0.013737,0.002475,0.119064
77,23,00184,rain,1118,0,,0.998889,0.001111,L,0.998889,0.997777,0.012509,0.002223,0.053519
77,23,00184,rain,842,0,,0.998666,0.001334,L,0.998666,0.997331,0.014666,0.002669,0.051476
77,23,00184,rain,690,0,,0.999470,0.000530,L,0.999470,0.998940,0.006531,0.001060,0.037107
77,23,00184,rain,354,0,,0.999807,0.000193,L,0.999807,0.999614,0.002659,0.000386,0.060866
77,23,00184,rain,639,0,,0.996846,0.003154,L,0.996846,0.993693,0.030745,0.006307,0.053343
77,23,00184,rain,231,0,,0.998169,0.001831,L,0.998169,0.996337,0.019292,0.003663,0.070469
77,23,00184,rain,1341,0,,0.999311,0.000689,L,0.999311,0.998623,0.008225,0.001377,0.051155
77,23,00184,rain,495,0,,0.996090,0.003910,L,0.996090,0.992181,0.036901,0.007819,0.078315
77,23,00184,rain,458,0,,0.997869,0.002131,L,0.997869,0.995738,0.021982,0.004262,0.053102
77,23,00184,rain,281,0,,0.999416,0.000584,L,0.999416,0.998833,0.007113,0.001167,0.042642
77,23,00184,rain,390,0,,0.999284,0.000716,L,0.999284,0.998568,0.008513,0.001432,0.034995
77,23,00184,rain,585,0,,0.996545,0.003455,L,0.996545,0.993089,0.033232,0.006911,0.083052
77,23,00184,rain,473,0,,0.999681,0.000319,L,0.999681,0.999362,0.004164,0.000638,0.035918
77,23,00184,rain,1096,0,,0.999145,0.000855,L,0.999145,0.998291,0.009944,0.001709,0.036842
77,23,00184,rain,66,0,,0.999110,0.000890,L,0.999110,0.998220,0.010304,0.001780,0.059727
77,23,00184,rain,340,0,,0.999452,0.000548,L,0.999452,0.998903,0.006731,0.001097,0.038838
77,23,00184,rain,296,0,,0.999173,0.000827,L,0.999173,0.998346,0.009660,0.001654,0.037724
77,23,00184,rain,968,0,,0.994992,0.005008,L,0.994992,0.989984,0.045475,0.010016,0.091098
78,23,00241,rain,1011,1,,1.000000,0.000000,L,1.000000,1.000000,0.000000,0.000000,0.844128
78,23,00241,rain,1193,1,,0.998531,0.001469,L,0.998531,0.997062,0.015942,0.002938,0.079489
78,23,00241,rain,937,1,,0.997970,0.002030,L,0.997970,0.995940,0.021081,0.004060,0.072513
78,23,00241,rain,1102,1,,0.995694,0.004306,L,0.995694,0.991389,0.040039,0.008611,0.193488
78,23,00241,rain,828,1,,0.998536,0.001464,L,0.998536,0.997072,0.015893,0.002928,0.080328
78,23,00241,rain,876,1,,0.998958,0.001042,L,0.998958,0.997915,0.011830,0.002085,0.051202
78,23,00241,rain,608,1,,0.999335,0.000664,L,0.999335,0.998671,0.007972,0.001329,0.063391
78,23,00241,rain,853,1,,0.999540,0.000460,L,0.999540,0.999079,0.005768,0.000921,0.108556
78,23,00241,rain,758,1,,0.999461,0.000539,L,0.999461,0.998921,0.006635,0.001079,0.202719
78,23,00241,rain,942,1,,0.997213,0.002787,L,0.997213,0.994427,0.027666,0.005573,0.143807
78,23,00241,rain,609,1,,0.999644,0.000356,L,0.999644,0.999289,0.004587,0.000711,0.039216
78,23,00241,rain,877,1,,0.998310,0.001690,L,0.998310,0.996619,0.018003,0.003381,0.044362
78,23,00241,rain,1189,1,,0.999123,0.000877,L,0.999123,0.998246,0.010170,0.001754,0.101723
78,23,00241,rain,698,1,,0.999361,0.000639,L,0.999361,0.998722,0.007703,0.001278,0.054334
78,23,00241,rain,667,1,,0.998863,0.001137,L,0.998863,0.997726,0.012759,0.002274,0.146560
78,23,00241,rain,1012,1,,1.000000,0.000000,L,1.000000,1.000000,0.000002,0.000000,0.736453
78,23,00241,rain,852,1,,0.999719,0.000280,L,0.999719,0.999439,0.003714,0.000561,0.213302
78,23,00241,rain,784,1,,0.998837,0.001163,L,0.998837,0.997675,0.013010,0.002325,0.103736
78,23,00241,rain,761,1,,1.000000,0.000000,L,1.000000,1.000000,0.000000,0.000000,0.939812
78,23,00241,rain,940,1,,0.997129,0.002871,L,0.997129,0.994258,0.028378,0.005742,0.139380
78,23,00241,rain,939,1,,0.997112,0.002888,L,0.997112,0.994224,0.028521,0.005776,0.113286
78,23,00241,rain,607,1,,0.999960,0.000040,L,0.999960,0.999920,0.000642,0.000080,0.101972
78,23,00241,rain,518,1,,0.999028,0.000972,L,0.999028,0.998056,0.011127,0.001944,0.047551
78,23,00241,rain,699,1,,0.999466,0.000534,L,0.999466,0.998932,0.006575,0.001068,0.042354
78,23,00241,rain,849,1,,0.999814,0.000186,L,0.999814,0.999628,0.002575,0.000372,0.220806
78,23,00241,rain,673,1,,0.999190,0.000810,L,0.999190,0.998381,0.009482,0.001619,0.178802
78,23,00241,rain,1014,1,,0.998447,0.001553,L,0.998447,0.996894,0.016729,0.003106,0.113848
78,23,00241,rain,517,1,,0.999417,0.000583,L,0.999417,0.998834,0.007103,0.001166,0.065968
78,23,00241,rain,762,1,,1.000000,0.000000,L,1.000000,1.000000,0.000004,0.000000,0.751525
78,23,00241,rain,606,1,,0.999994,0.000006,L,0.999994,0.999988,0.000112,0.000012,0.196851
78,23,00241,rain,1013,1,,0.999735,0.000265,L,0.999735,0.999469,0.003536,0.000531,0.255718
78,23,00241,rain,1190,1,,0.997660,0.002340,L,0.997660,0.995320,0.023823,0.004680,0.085817
78,23,00241,rain,514,1,,0.999311,0.000689,L,0.999311,0.998622,0.008232,0.001378,0.108341
78,23,00241,rain,873,1,,0.997178,0.002822,L,0.997178,0.994356,0.027967,0.005644,0.083448
78,23,00241,rain,1008,1,,0.999284,0.000716,L,0.999284,0.998568,0.008514,0.001432,0.116898
78,23,00241,rain,919,1,,0.998043,0.001957,L,0.998043,0.996085,0.020431,0.003915,0.166722
78,23,00241,rain,479,0,,0.998796,0.001204,L,0.998796,0.997593,0.013408,0.002407,0.058659
78,23,00241,rain,373,0,,0.997359,0.002641,L,0.997359,0.994719,0.026421,0.005281,0.145601
78,23,00241,rain,1401,0,,0.999062,0.000938,L,0.999062,0.998125,0.010783,0.001875,0.057810
78,23,00241,rain,799,0,,0.999765,0.000235,L,0.999765,0.999529,0.003177,0.000471,0.052255
78,23,00241,rain,455,0,,0.998502,0.001498,L,0.998502,0.997004,0.016215,0.002996,0.052197
78,23,00241,rain,1177,0,,0.996859,0.003141,L,0.996859,0.993718,0.030641,0.006282,0.101072
78,23,00241,rain,808,0,,0.999700,0.000300,L,0.999700,0.999400,0.003945,0.000600,0.056472
78,23,00241,rain,47,0,,0.998589,0.001411,L,0.998589,0.997178,0.015395,0.002822,0.051922
78,23,00241,rain,444,0,,0.999746,0.000254,L,0.999746,0.999491,0.003404,0.000509,0.057103
78,23,00241,rain,449,0,,0.999830,0.000170,L,0.999830,0.999660,0.002371,0.000340,0.058566
78,23,00241,rain,307,0,,0.998903,0.001097,L,0.998903,0.997806,0.012370,0.002194,0.063922
78,23,00241,rain,635,0,,0.994687,0.005313,L,0.994687,0.989374,0.047793,0.010626,0.043087
78,23,00241,rain,367,0,,0.995498,0.004502,L,0.995498,0.990996,0.041574,0.009004,0.070555
78,23,00241,rain,316,0,,0.998575,0.001425,L,0.998575,0.997151,0.015524,0.002849,0.075168
78,23,00241,rain,92,0,,0.997505,0.002495,L,0.997505,0.995010,0.025167,0.004990,0.092121
78,23,00241,rain,62,0,,0.997923,0.002077,L,0.997923,0.995846,0.021503,0.004154,0.073557
78,23,00241,rain,164,0,,0.999698,0.000302,L,0.999698,0.999395,0.003971,0.000605,0.075579
78,23,00241,rain,993,0,,0.999135,0.000865,L,0.999135,0.998270,0.010050,0.001730,0.033801
79,23,00299,rain,513,1,,0.999775,0.000225,L,0.999775,0.999551,0.003046,0.000449,0.082487
79,23,00299,rain,396,1,,0.998509,0.001491,L,0.998509,0.997018,0.016148,0.002982,0.166993
79,23,00299,rain,662,1,,0.999313,0.000687,L,0.999313,0.998627,0.008206,0.001373,0.096167
79,23,00299,rain,511,1,,0.998561,0.001439,L,0.998561,0.997121,0.015663,0.002879,0.061701
79,23,00299,rain,760,1,,0.999587,0.000413,L,0.999587,0.999174,0.005238,0.000826,0.243785
79,23,00299,rain,1028,1,,0.999429,0.000571,L,0.999429,0.998858,0.006975,0.001142,0.082582
79,23,00299,rain,247,1,,0.999696,0.000304,L,0.999696,0.999393,0.003987,0.000607,0.049781
79,23,00299,rain,337,1,,0.999451,0.000549,L,0.999451,0.998903,0.006734,0.001097,0.070306
79,23,00299,rain,1032,1,,0.998394,0.001606,L,0.998394,0.996788,0.017224,0.003212,0.083360
79,23,00299,rain,245,1,,0.999733,0.000267,L,0.999733,0.999466,0.003555,0.000534,0.121760
79,23,00299,rain,332,1,,0.999930,0.000070,L,0.999930,0.999860,0.001065,0.000140,0.137616
79,23,00299,rain,398,1,,0.999475,0.000525,L,0.999475,0.998950,0.006479,0.001050,0.091702
79,23,00299,rain,765,1,,0.998938,0.001062,L,0.998938,0.997875,0.012027,0.002125,0.071330
79,23,00299,rain,606,1,,0.999762,0.000239,L,0.999762,0.999523,0.003214,0.000477,0.042809
79,23,00299,rain,307,1,,0.998605,0.001395,L,0.998605,0.997209,0.015246,0.002791,0.098765
79,23,00299,rain,759,1,,0.998715,0.001285,L,0.998715,0.997429,0.014198,0.002571,0.157959
79,23,00299,rain,944,1,,0.997276,0.002724,L,0.997276,0.994552,0.027133,0.005448,0.100452
79,23,00299,rain,855,1,,0.996977,0.003023,L,0.996977,0.993954,0.029656,0.006046,0.079444
79,23,00299,rain,604,1,,0.998829,0.001171,L,0.998829,0.997657,0.013095,0.002343,0.066404
79,23,00299,rain,939,1,,0.995405,0.004595,L,0.995405,0.990810,0.042297,0.009190,0.094438
79,23,00299,rain,854,1,,0.997554,0.002446,L,0.997554,0.995108,0.024746,0.004892,0.122279
79,23,00299,rain,602,1,,0.996970,0.003030,L,0.996970,0.993941,0.029712,0.006059,0.061966
79,23,00299,rain,761,1,,1.000000,0.000000,L,1.000000,1.000000,0.000000,0.000000,0.737433
79,23,00299,rain,425,1,,0.999986,0.000014,L,0.999986,0.999973,0.000239,0.000027,0.298729
79,23,00299,rain,304,1,,0.997332,0.002668,L,0.997332,0.994665,0.026652,0.005335,0.100293
79,23,00299,rain,335,1,,0.999992,0.000008,L,0.999992,0.999985,0.000139,0.000015,0.404305
79,23,00299,rain,243,1,,0.999982,0.000018,L,0.999982,0.999964,0.000306,0.000036,0.103792
79,23,00299,rain,945,1,,0.996709,0.003291,L,0.996709,0.993417,0.031885,0.006583,0.124130
79,23,00299,rain,605,1,,0.999530,0.000470,L,0.999530,0.999059,0.005877,0.000941,0.064272
79,23,00299,rain,305,1,,0.998037,0.001963,L,0.998037,0.996074,0.020481,0.003926,0.093352
79,23,00299,rain,485,1,,1.000000,0.000000,L,1.000000,1.000000,0.000000,0.000000,0.846302
79,23,00299,rain,850,1,,0.999961,0.000039,L,0.999961,0.999922,0.000627,0.000078,0.291832
79,23,00299,rain,484,1,,1.000000,0.000000,L,1.000000,1.000000,0.000001,0.000000,0.698256
79,23,00299,rain,246,1,,0.999682,0.000318,L,0.999682,0.999363,0.004157,0.000637,0.082050
79,23,00299,rain,515,1,,0.999570,0.000430,L,0.999570,0.999141,0.005426,0.000859,0.081280
79,23,00299,rain,1035,1,,0.999552,0.000448,L,0.999552,0.999104,0.005627,0.000896,0.091725
79,23,00299,rain,703,0,,0.999731,0.000268,L,0.999731,0.999463,0.003572,0.000537,0.052746
79,23,00299,rain,1239,0,,0.999045,0.000955,L,0.999045,0.998089,0.010960,0.001911,0.065546
79,23,00299,rain,218,0,,0.999199,0.000801,L,0.999199,0.998397,0.009398,0.001603,0.083757
79,23,00299,rain,901,0,,0.999517,0.000483,L,0.999517,0.999034,0.006015,0.000966,0.028703
79,23,00299,rain,749,0,,0.997602,0.002398,L,0.997602,0.995204,0.024327,0.004796,0.050722
79,23,00299,rain,1376,0,,0.998579,0.001421,L,0.998579,0.997159,0.015487,0.002841,0.072383
79,23,00299,rain,1234,0,,0.999404,0.000596,L,0.999404,0.998809,0.007239,0.001191,0.059746
79,23,00299,rain,74,0,,0.999762,0.000238,L,0.999762,0.999524,0.003207,0.000476,0.078963
79,23,00299,rain,358,0,,0.999737,0.000263,L,0.999737,0.999475,0.003504,0.000525,0.054340
79,23,00299,rain,158,0,,0.999759,0.000241,L,0.999759,0.999519,0.003239,0.000481,0.056292
79,23,00299,rain,1335,0,,0.999311,0.000689,L,0.999311,0.998622,0.008229,0.001378,0.051170
79,23,00299,rain,1130,0,,0.999647,0.000353,L,0.999647,0.999294,0.004555,0.000706,0.085948
79,23,00299,rain,370,0,,0.998007,0.001993,L,0.998007,0.996013,0.020755,0.003987,0.059261
79,23,00299,rain,58,0,,0.999753,0.000247,L,0.999753,0.999507,0.003312,0.000493,0.053682
79,23,00299,rain,458,0,,0.998207,0.001793,L,0.998207,0.996415,0.018940,0.003585,0.060168
79,23,00299,rain,1202,0,,0.999260,0.000740,L,0.999260,0.998520,0.008763,0.001480,0.064192
79,23,00299,rain,1155,0,,0.998883,0.001117,L,0.998883,0.997766,0.012563,0.002234,0.052448
79,23,00299,rain,181,0,,0.997768,0.002232,L,0.997768,0.995537,0.022873,0.004463,0.132412
80,23,00505,rain,609,1,,0.999759,0.000241,L,0.999759,0.999518,0.003245,0.000482,0.056077
80,23,00505,rain,873,1,,0.998979,0.001021,L,0.998979,0.997958,0.011618,0.002042,0.057796
80,23,00505,rain,745,1,,0.999606,0.000394,L,0.999606,0.999211,0.005028,0.000789,0.225364
80,23,00505,rain,568,1,,0.997623,0.002377,L,0.997623,0.995246,0.024146,0.004754,0.186599
80,23,00505,rain,698,1,,0.999742,0.000258,L,0.999742,0.999484,0.003444,0.000516,0.064766
80,23,00505,rain,569,1,,0.997488,0.002512,L,0.997488,0.994977,0.025312,0.005023,0.161011
80,23,00505,rain,840,1,,0.997040,0.002960,L,0.997040,0.994079,0.029132,0.005921,0.136407
80,23,00505,rain,876,1,,0.999956,0.000044,L,0.999956,0.999912,0.000704,0.000088,0.051378
80,23,00505,rain,786,1,,0.999999,0.000001,L,0.999999,0.999999,0.000013,0.000001,0.431695
80,23,00505,rain,566,1,,0.997460,0.002540,L,0.997460,0.994920,0.025557,0.005080,0.128882
80,23,00505,rain,696,1,,1.000000,0.000000,L,1.000000,1.000000,0.000004,0.000000,0.538629
80,23,00505,rain,784,1,,0.999987,0.000013,L,0.999987,0.999974,0.000227,0.000026,0.121491
80,23,00505,rain,605,1,,0.999991,0.000009,L,0.999991,0.999981,0.000170,0.000019,0.271502
80,23,00505,rain,606,1,,0.999963,0.000037,L,0.999963,0.999926,0.000602,0.000074,0.209017
80,23,00505,rain,875,1,,0.999979,0.000021,L,0.999979,0.999958,0.000356,0.000042,0.047581
80,23,00505,rain,659,1,,0.999998,0.000002,L,0.999998,0.999997,0.000034,0.000003,0.560188
80,23,00505,rain,930,1,,0.997017,0.002983,L,0.997017,0.994033,0.029325,0.005967,0.081350
80,23,00505,rain,699,1,,0.999632,0.000367,L,0.999632,0.999265,0.004723,0.000735,0.064924
80,23,00505,rain,565,1,,0.998782,0.001218,L,0.998782,0.997564,0.013546,0.002436,0.107195
80,23,00505,rain,785,1,,0.999999,0.000001,L,0.999999,0.999998,0.000018,0.000002,0.343719
80,23,00505,rain,693,1,,0.999741,0.000259,L,0.999741,0.999483,0.003456,0.000517,0.111651
80,23,00505,rain,656,1,,0.998521,0.001479,L,0.998521,0.997042,0.016035,0.002958,0.220502
80,23,00505,rain,839,1,,0.997110,0.002890,L,0.997110,0.994219,0.028543,0.005781,0.208424
80,23,00505,rain,694,1,,0.999992,0.000008,L,0.999992,0.999984,0.000145,0.000016,0.344970
80,23,00505,rain,787,1,,0.999981,0.000019,L,0.999981,0.999962,0.000326,0.000038,0.118421
80,23,00505,rain,697,1,,0.999987,0.000013,L,0.999987,0.999975,0.000225,0.000025,0.204734
80,23,00505,rain,874,1,,0.999877,0.000123,L,0.999877,0.999753,0.001780,0.000247,0.052418
80,23,00505,rain,655,1,,0.999258,0.000742,L,0.999258,0.998515,0.008787,0.001485,0.210288
80,23,00505,rain,658,1,,1.000000,0.000000,L,1.000000,1.000000,0.000002,0.000000,0.719788
80,23,00505,rain,751,1,,0.998641,0.001359,L,0.998641,0.997282,0.014902,0.002718,0.095690
80,23,00505,rain,570,1,,0.998725,0.001275,L,0.998725,0.997451,0.014095,0.002549,0.111026
80,23,00505,rain,747,1,,1.000000,0.000000,L,1.000000,1.000000,0.000002,0.000000,0.762883
80,23,00505,rain,746,1,,0.999937,0.000063,L,0.999937,0.999874,0.000968,0.000126,0.304719
80,23,00505,rain,567,1,,0.997761,0.002239,L,0.997761,0.995523,0.022932,0.004477,0.157468
80,23,00505,rain,608,1,,0.999758,0.000242,L,0.999758,0.999516,0.003256,0.000484,0.071579
80,23,00505,rain,657,1,,0.999999,0.000001,L,0.999999,0.999998,0.000026,0.000002,0.547233
80,23,00505,rain,949,0,,0.997906,0.002094,L,0.997906,0.995811,0.021657,0.004189,0.043687
80,23,00505,rain,326,0,,0.999698,0.000302,L,0.999698,0.999396,0.003970,0.000604,0.076480
80,23,00505,rain,107,0,,0.996871,0.003129,L,0.996871,0.993743,0.030538,0.006257,0.083514
80,23,00505,rain,1273,0,,0.997899,0.002101,L,0.997899,0.995797,0.021718,0.004203,0.080687
80,23,00505,rain,517,0,,0.999390,0.000610,L,0.999390,0.998780,0.007396,0.001220,0.107569
80,23,00505,rain,830,0,,0.998230,0.001770,L,0.998230,0.996461,0.018729,0.003539,0.049978
80,23,00505,rain,1319,0,,0.999547,0.000453,L,0.999547,0.999095,0.005680,0.000905,0.065325
80,23,00505,rain,1242,0,,0.998830,0.001170,L,0.998830,0.997660,0.013085,0.002340,0.115839
80,23,00505,rain,1134,0,,0.997394,0.002606,L,0.997394,0.994789,0.026121,0.005211,0.060222
80,23,00505,rain,1365,0,,0.998642,0.001358,L,0.998642,0.997284,0.014893,0.002716,0.083079
80,23,00505,rain,640,0,,0.997529,0.002471,L,0.997529,0.995057,0.024963,0.004943,0.067420
80,23,00505,rain,816,0,,0.998132,0.001868,L,0.998132,0.996264,0.019626,0.003736,0.048256
80,23,00505,rain,557,0,,0.998496,0.001504,L,0.998496,0.996992,0.016271,0.003008,0.085148
80,23,00505,rain,1260,0,,0.998200,0.001800,L,0.998200,0.996400,0.019004,0.003600,0.109411
80,23,00505,rain,627,0,,0.999811,0.000189,L,0.999811,0.999621,0.002614,0.000379,0.053183
80,23,00505,rain,437,0,,0.999677,0.000323,L,0.999677,0.999354,0.004210,0.000646,0.074029
80,23,00505,rain,887,0,,0.999174,0.000826,L,0.999174,0.998348,0.009653,0.001652,0.053620
80,23,00505,rain,617,0,,0.999739,0.000261,L,0.999739,0.999478,0.003485,0.000522,0.053957
81,23,00562,rain,742,1,,0.999649,0.000351,L,0.999649,0.999298,0.004535,0.000702,0.229120
81,23,00562,rain,566,1,,0.998278,0.001722,L,0.998278,0.996555,0.018297,0.003445,0.129423
81,23,00562,rain,565,1,,0.997747,0.002253,L,0.997747,0.995494,0.023060,0.004506,0.174286
81,23,00562,rain,501,1,,0.999533,0.000467,L,0.999533,0.999066,0.005841,0.000934,0.123279
81,23,00562,rain,499,1,,0.999708,0.000292,L,0.999708,0.999416,0.003850,0.000584,0.169144
81,23,00562,rain,564,1,,0.997165,0.002835,L,0.997165,0.994331,0.028073,0.005669,0.201940
81,23,00562,rain,857,1,,0.998300,0.001700,L,0.998300,0.996601,0.018089,0.003399,0.066000
81,23,00562,rain,834,1,,0.997341,0.002659,L,0.997341,0.994682,0.026577,0.005318,0.191611
81,23,00562,rain,471,1,,0.998301,0.001699,L,0.998301,0.996601,0.018086,0.003399,0.094362
81,23,00562,rain,774,1,,0.998495,0.001505,L,0.998495,0.996989,0.016284,0.003011,0.070751
81,23,00562,rain,470,1,,0.997933,0.002067,L,0.997933,0.995867,0.021409,0.004133,0.097437
81,23,00562,rain,498,1,,0.999648,0.000352,L,0.999648,0.999295,0.004551,0.000705,0.123906
81,23,00562,rain,682,1,,0.999706,0.000294,L,0.999706,0.999412,0.003875,0.000588,0.210050
81,23,00562,rain,745,1,,0.999969,0.000031,L,0.999969,0.999939,0.000502,0.000061,0.403695
81,23,00562,rain,590,1,,0.999999,0.000001,L,0.999999,0.999997,0.000027,0.000003,0.545729
81,23,00562,rain,743,1,,1.000000,0.000000,L,1.000000,1.000000,0.000006,0.000000,0.665626
81,23,00562,rain,744,1,,1.000000,0.000000,L,1.000000,1.000000,0.000003,0.000000,0.720142
81,23,00562,rain,859,1,,0.999500,0.000500,L,0.999500,0.998999,0.006207,0.001001,0.064515
81,23,00562,rain,654,1,,1.000000,0.000000,L,1.000000,1.000000,0.000000,0.000000,0.832052
81,23,00562,rain,497,1,,0.999843,0.000157,L,0.999843,0.999687,0.002205,0.000313,0.059499
81,23,00562,rain,588,1,,0.999707,0.000293,L,0.999707,0.999414,0.003862,0.000586,0.202296
81,23,00562,rain,864,1,,0.998244,0.001756,L,0.998244,0.996487,0.018609,0.003513,0.061040
81,23,00562,rain,684,1,,0.999417,0.000583,L,0.999417,0.998834,0.007107,0.001166,0.048682
81,23,00562,rain,592,1,,0.999737,0.000263,L,0.999737,0.999475,0.003504,0.000525,0.158762
81,23,00562,rain,740,1,,0.999392,0.000608,L,0.999392,0.998784,0.007371,0.001216,0.168930
81,23,00562,rain,767,1,,0.998487,0.001513,L,0.998487,0.996974,0.016357,0.003026,0.090341
81,23,00562,rain,747,1,,0.999206,0.000794,L,0.999206,0.998413,0.009318,0.001587,0.091323
81,23,00562,rain,651,1,,0.998922,0.001078,L,0.998922,0.997844,0.012178,0.002156,0.209886
81,23,00562,rain,683,1,,0.999174,0.000826,L,0.999174,0.998347,0.009655,0.001653,0.117421
81,23,00562,rain,835,1,,0.997066,0.002934,L,0.997066,0.994132,0.028910,0.005868,0.167265
81,23,00562,rain,830,1,,0.999324,0.000676,L,0.999324,0.998648,0.008094,0.001352,0.090666
81,23,00562,rain,562,1,,0.997572,0.002428,L,0.997572,0.995143,0.024592,0.004857,0.165736
81,23,00562,rain,771,1,,0.999951,0.000049,L,0.999951,0.999902,0.000774,0.000098,0.216261
81,23,00562,rain,587,1,,0.999669,0.000331,L,0.999669,0.999337,0.004309,0.000663,0.137730
81,23,00562,rain,502,1,,0.999414,0.000586,L,0.999414,0.998828,0.007139,0.001172,0.073494
81,23,00562,rain,589,1,,0.999978,0.000022,L,0.999978,0.999956,0.000375,0.000044,0.359648
81,23,00562,rain,1404,0,,0.997082,0.002918,L,0.997082,0.994164,0.028775,0.005836,0.080704
81,23,00562,rain,1126,0,,0.997865,0.002135,L,0.997865,0.995729,0.022021,0.004271,0.055829
81,23,00562,rain,1253,0,,0.999587,0.000413,L,0.999587,0.999174,0.005239,0.000826,0.055555
81,23,00562,rain,1335,0,,0.998250,0.001750,L,0.998250,0.996501,0.018546,0.003499,0.069782
81,23,00562,rain,1279,0,,0.999471,0.000528,L,0.999471,0.998943,0.006515,0.001057,0.068630
81,23,00562,rain,1058,0,,0.998742,0.001258,L,0.998742,0.997484,0.013935,0.002516,0.037994
81,23,00562,rain,1027,0,,0.998652,0.001348,L,0.998652,0.997304,0.014798,0.002696,0.048343
81,23,00562,rain,1311,0,,0.999353,0.000647,L,0.999353,0.998706,0.007787,0.001294,0.072651
81,23,00562,rain,1377,0,,0.998196,0.001804,L,0.998196,0.996392,0.019041,0.003608,0.065838
81,23,00562,rain,1059,0,,0.998885,0.001115,L,0.998885,0.997770,0.012546,0.002230,0.042234
81,23,00562,rain,273,0,,0.997138,0.002862,L,0.997138,0.994276,0.028305,0.005724,0.171444
81,23,00562,rain,1097,0,,0.997357,0.002643,L,0.997357,0.994714,0.026441,0.005286,0.064896
81,23,00562,rain,792,0,,0.998887,0.001113,L,0.998887,0.997775,0.012521,0.002225,0.048583
81,23,00562,rain,479,0,,0.999044,0.000956,L,0.999044,0.998088,0.010967,0.001912,0.074369
81,23,00562,rain,720,0,,0.995938,0.004062,L,0.995938,0.991875,0.038118,0.008125,0.056114
81,23,00562,rain,847,0,,0.999091,0.000909,L,0.999091,0.998182,0.010496,0.001818,0.049973
81,23,00562,rain,1287,0,,0.999542,0.000458,L,0.999542,0.999084,0.005740,0.000916,0.067584
81,23,00562,rain,301,0,,0.998807,0.001193,L,0.998807,0.997614,0.013304,0.002386,0.065864
82,24,00171,rain,338,1,,0.999368,0.000632,L,0.999368,0.998736,0.007626,0.001264,0.215695
82,24,00171,rain,241,1,,0.997880,0.002120,L,0.997880,0.995760,0.021885,0.004240,0.130040
82,24,00171,rain,66,1,,0.999716,0.000284,L,0.999716,0.999432,0.003756,0.000568,0.147243
82,24,00171,rain,253,1,,0.999805,0.000195,L,0.999805,0.999609,0.002690,0.000391,0.065938
82,24,00171,rain,518,1,,0.997345,0.002655,L,0.997345,0.994690,0.026546,0.005310,0.095483
82,24,00171,rain,428,1,,0.999421,0.000579,L,0.999421,0.998842,0.007064,0.001158,0.180902
82,24,00171,rain,152,1,,0.999349,0.000651,L,0.999349,0.998697,0.007835,0.001303,0.169443
82,24,00171,rain,65,1,,1.000000,0.000000,L,1.000000,1.000000,0.000001,0.000000,0.622159
82,24,00171,rain,340,1,,1.000000,0.000000,L,1.000000,1.000000,0.000002,0.000000,0.689421
82,24,00171,rain,244,1,,0.999529,0.000471,L,0.999529,0.999058,0.005885,0.000942,0.091076
82,24,00171,rain,342,1,,0.999677,0.000323,L,0.999677,0.999354,0.004211,0.000646,0.240199
82,24,00171,rain,343,1,,0.999636,0.000364,L,0.999636,0.999273,0.004679,0.000727,0.083819
82,24,00171,rain,62,1,,0.999870,0.000130,L,0.999870,0.999741,0.001861,0.000259,0.152013
82,24,00171,rain,433,1,,0.999606,0.000394,L,0.999606,0.999212,0.005024,0.000788,0.099375
82,24,00171,rain,151,1,,0.999150,0.000850,L,0.999150,0.998301,0.009893,0.001699,0.132877
82,24,00171,rain,155,1,,0.999998,0.000002,L,0.999998,0.999997,0.000034,0.000003,0.421797
82,24,00171,rain,341,1,,0.999999,0.000001,L,0.999999,0.999998,0.000018,0.000002,0.588102
82,24,00171,rain,519,1,,0.999248,0.000752,L,0.999248,0.998497,0.008883,0.001503,0.154067
82,24,00171,rain,339,1,,0.999999,0.000001,L,0.999999,0.999997,0.000028,0.000003,0.511522
82,24,00171,rain,67,1,,0.999771,0.000229,L,0.999771,0.999543,0.003094,0.000457,0.080991
82,24,00171,rain,427,1,,0.999584,0.000416,L,0.999584,0.999168,0.005272,0.000832,0.094538
82,24,00171,rain,429,1,,1.000000,0.000001,L,1.000000,0.999999,0.000011,0.000001,0.622823
82,24,00171,rain,434,1,,0.999765,0.000235,L,0.999765,0.999529,0.003177,0.000471,0.050610
82,24,00171,rain,248,1,,0.999032,0.000968,L,0.999032,0.998065,0.011084,0.001935,0.104536
82,24,00171,rain,250,1,,0.999688,0.000312,L,0.999688,0.999376,0.004082,0.000624,0.156684
82,24,00171,rain,337,1,,0.999829,0.000171,L,0.999829,0.999657,0.002390,0.000343,0.164601
82,24,00171,rain,517,1,,0.997915,0.002085,L,0.997915,0.995830,0.021574,0.004170,0.065176
82,24,00171,rain,157,1,,0.999775,0.000226,L,0.999775,0.999549,0.003058,0.000451,0.100761
82,24,00171,rain,246,1,,0.999486,0.000514,L,0.999486,0.998971,0.006361,0.001029,0.101713
82,24,00171,rain,156,1,,0.999596,0.000404,L,0.999596,0.999191,0.005140,0.000809,0.152262
82,24,00171,rain,430,1,,1.000000,0.000000,L,1.000000,1.000000,0.000001,0.000000,0.783295
82,24,00171,rain,520,1,,0.999798,0.000202,L,0.999798,0.999596,0.002772,0.000404,0.162601
82,24,00171,rain,251,1,,0.999276,0.000724,L,0.999276,0.998553,0.008593,0.001447,0.164475
82,24,00171,rain,242,1,,0.998364,0.001636,L,0.998364,0.996728,0.017502,0.003272,0.107607
82,24,00171,rain,344,1,,0.999785,0.000215,L,0.999785,0.999570,0.002931,0.000430,0.043780
82,24,00171,rain,153,1,,0.999996,0.000004,L,0.999996,0.999991,0.000082,0.000009,0.356915
82,24,00171,rain,992,0,,0.998847,0.001153,L,0.998847,0.997693,0.012919,0.002307,0.042246
82,24,00171,rain,1129,0,,0.999760,0.000240,L,0.999760,0.999520,0.003234,0.000480,0.046996
82,24,00171,rain,861,0,,0.999632,0.000368,L,0.999632,0.999264,0.004731,0.000736,0.057988
82,24,00171,rain,1363,0,,0.995795,0.004205,L,0.995795,0.991590,0.039249,0.008410,0.084518
82,24,00171,rain,591,0,,0.999321,0.000679,L,0.999321,0.998642,0.008126,0.001358,0.038870
82,24,00171,rain,781,0,,0.999677,0.000323,L,0.999677,0.999353,0.004217,0.000647,0.068514
82,24,00171,rain,725,0,,0.999814,0.000186,L,0.999814,0.999629,0.002569,0.000371,0.038395
82,24,00171,rain,856,0,,0.998279,0.001721,L,0.998279,0.996558,0.018284,0.003442,0.061177
82,24,00171,rain,936,0,,0.999308,0.000692,L,0.999308,0.998616,0.008263,0.001384,0.110009
82,24,00171,rain,1143,0,,0.999515,0.000485,L,0.999515,0.999031,0.006035,0.000969,0.051763
82,24,00171,rain,535,0,,0.999705,0.000295,L,0.999705,0.999410,0.003887,0.000590,0.035997
82,24,00171,rain,721,0,,0.999396,0.000604,L,0.999396,0.998791,0.007334,0.001209,0.027359
82,24,00171,rain,149,0,,0.999537,0.000463,L,0.999537,0.999074,0.005795,0.000926,0.084554
82,24,00171,rain,1195,0,,0.997839,0.002161,L,0.997839,0.995678,0.022247,0.004322,0.091318
82,24,00171,rain,1401,0,,0.998893,0.001107,L,0.998893,0.997786,0.012464,0.002214,0.068492
82,24,00171,rain,374,0,,0.999377,0.000623,L,0.999377,0.998753,0.007537,0.001247,0.032079
82,24,00171,rain,678,0,,0.999191,0.000809,L,0.999191,0.998382,0.009474,0.001618,0.036436
82,24,00171,rain,987,0,,0.999013,0.000987,L,0.999013,0.998026,0.011279,0.001974,0.041928
83,24,00228,rain,234,1,,0.999486,0.000514,L,0.999486,0.998972,0.006357,0.001028,0.096706
83,24,00228,rain,437,1,,0.999222,0.000778,L,0.999222,0.998443,0.009162,0.001557,0.145862
83,24,00228,rain,411,1,,0.999389,0.000611,L,0.999389,0.998779,0.007400,0.001221,0.244589
83,24,00228,rain,508,1,,0.998099,0.001901,L,0.998099,0.996197,0.019927,0.003803,0.076480
83,24,00228,rain,1260,1,,0.999992,0.000008,L,0.999992,0.999984,0.000150,0.000016,0.183828
83,24,00228,rain,167,1,,0.999770,0.000230,L,0.999770,0.999539,0.003116,0.000461,0.102769
83,24,00228,rain,228,1,,0.999708,0.000292,L,0.999708,0.999416,0.003847,0.000584,0.096665
83,24,00228,rain,321,1,,1.000000,0.000000,L,1.000000,1.000000,0.000000,0.000000,0.959225
83,24,00228,rain,782,1,,0.999021,0.000979,L,0.999021,0.998043,0.011196,0.001957,0.072824
83,24,00228,rain,1261,1,,0.999999,0.000001,L,0.999999,0.999998,0.000018,0.000002,0.393815
83,24,00228,rain,259,1,,0.999806,0.000195,L,0.999806,0.999611,0.002678,0.000389,0.166445
83,24,00228,rain,257,1,,0.999377,0.000623,L,0.999377,0.998754,0.007534,0.001246,0.144545
83,24,00228,rain,530,1,,0.998909,0.001091,L,0.998909,0.997818,0.012310,0.002182,0.110378
83,24,00228,rain,688,1,,0.999996,0.000004,L,0.999996,0.999992,0.000080,0.000008,0.485114
83,24,00228,rain,409,1,,0.998480,0.001520,L,0.998480,0.996960,0.016422,0.003040,0.199685
83,24,00228,rain,533,1,,0.999381,0.000619,L,0.999381,0.998763,0.007486,0.001237,0.080505
83,24,00228,rain,350,1,,1.000000,0.000000,L,1.000000,1.000000,0.000002,0.000000,0.629472
83,24,00228,rain,781,1,,0.999311,0.000689,L,0.999311,0.998622,0.008231,0.001378,0.190311
83,24,00228,rain,260,1,,0.999935,0.000065,L,0.999935,0.999869,0.001002,0.000131,0.202873
83,24,00228,rain,528,1,,0.997147,0.002853,L,0.997147,0.994294,0.028228,0.005706,0.091374
83,24,00228,rain,599,1,,0.999994,0.000006,L,0.999994,0.999989,0.000107,0.000011,0.461615
83,24,00228,rain,867,1,,0.996591,0.003409,L,0.996591,0.993182,0.032853,0.006818,0.077269
83,24,00228,rain,783,1,,0.999073,0.000927,L,0.999073,0.998145,0.010679,0.001855,0.050059
83,24,00228,rain,413,1,,0.998971,0.001029,L,0.998971,0.997943,0.011692,0.002057,0.155740
83,24,00228,rain,509,1,,0.998097,0.001903,L,0.998097,0.996194,0.019943,0.003806,0.090180
83,24,00228,rain,602,1,,0.999201,0.000799,L,0.999201,0.998401,0.009377,0.001599,0.208863
83,24,00228,rain,868,1,,0.994195,0.005805,L,0.994195,0.988389,0.051476,0.011611,0.094623
83,24,00228,rain,231,1,,1.000000,0.000000,L,1.000000,1.000000,0.000005,0.000000,0.646680
83,24,00228,rain,1172,1,,0.996062,0.003938,L,0.996062,0.992124,0.037128,0.007876,0.131135
83,24,00228,rain,1263,1,,0.999888,0.000112,L,0.999888,0.999776,0.001634,0.000224,0.172214
83,24,00228,rain,778,1,,0.998903,0.001097,L,0.998903,0.997807,0.012364,0.002193,0.171450
83,24,00228,rain,502,1,,0.996173,0.003827,L,0.996173,0.992346,0.036240,0.007654,0.140079
83,24,00228,rain,348,1,,0.999807,0.000193,L,0.999807,0.999613,0.002664,0.000387,0.201856
83,24,00228,rain,410,1,,0.998598,0.001402,L,0.998598,0.997197,0.015307,0.002803,0.212198
83,24,00228,rain,872,1,,0.999355,0.000645,L,0.999355,0.998710,0.007765,0.001290,0.041967
83,24,00228,rain,499,1,,0.998117,0.001883,L,0.998117,0.996235,0.019756,0.003765,0.112161
83,24,00228,rain,647,0,,0.997812,0.002188,L,0.997812,0.995624,0.022485,0.004376,0.042393
83,24,00228,rain,360,0,,0.997758,0.002242,L,0.997758,0.995515,0.022965,0.004485,0.073096
83,24,00228,rain,1413,0,,0.998838,0.001162,L,0.998838,0.997677,0.013001,0.002323,0.088048
83,24,00228,rain,1203,0,,0.998632,0.001368,L,0.998632,0.997263,0.014990,0.002737,0.066655
83,24,00228,rain,700,0,,0.999526,0.000474,L,0.999526,0.999052,0.005917,0.000948,0.034275
83,24,00228,rain,0,0,,0.993780,0.006220,L,0.993780,0.987561,0.054528,0.012439,0.101441
83,24,00228,rain,1437,0,,0.999312,0.000688,L,0.999312,0.998625,0.008216,0.001375,0.059877
83,24,00228,rain,1410,0,,0.998870,0.001130,L,0.998870,0.997741,0.012687,0.002259,0.089529
83,24,00228,rain,594,0,,0.999431,0.000569,L,0.999431,0.998861,0.006957,0.001139,0.054952
83,24,00228,rain,1155,0,,0.999655,0.000345,L,0.999655,0.999310,0.004468,0.000690,0.038687
83,24,00228,rain,251,0,,0.999561,0.000439,L,0.999561,0.999121,0.005533,0.000879,0.058656
83,24,00228,rain,986,0,,0.998832,0.001168,L,0.998832,0.997663,0.013065,0.002337,0.044500
83,24,00228,rain,1392,0,,0.998987,0.001013,L,0.998987,0.997974,0.011537,0.002026,0.068972
83,24,00228,rain,797,0,,0.999729,0.000271,L,0.999729,0.999458,0.003603,0.000542,0.032396
83,24,00228,rain,1238,0,,0.999494,0.000506,L,0.999494,0.998987,0.006273,0.001013,0.036855
83,24,00228,rain,13,0,,0.997843,0.002157,L,0.997843,0.995686,0.022212,0.004314,0.094774
83,24,00228,rain,1284,0,,0.998428,0.001572,L,0.998428,0.996857,0.016902,0.003143,0.115998
83,24,00228,rain,29,0,,0.997374,0.002626,L,0.997374,0.994748,0.026298,0.005252,0.072936
84,24,00286,rain,426,1,,0.999960,0.000040,L,0.999960,0.999919,0.000648,0.000081,0.292948
84,24,00286,rain,577,1,,0.998586,0.001414,L,0.998586,0.997172,0.015425,0.002828,0.108223
84,24,00286,rain,338,1,,0.999611,0.000389,L,0.999611,0.999223,0.004963,0.000777,0.060460
84,24,00286,rain,512,1,,0.999786,0.000214,L,0.999786,0.999573,0.002912,0.000427,0.103127
84,24,00286,rain,681,1,,0.999231,0.000769,L,0.999231,0.998462,0.009064,0.001538,0.089641
84,24,00286,rain,393,1,,0.998742,0.001258,L,0.998742,0.997484,0.013936,0.002516,0.185757
84,24,00286,rain,248,1,,0.999706,0.000294,L,0.999706,0.999412,0.003871,0.000588,0.056753
84,24,00286,rain,247,1,,0.999490,0.000509,L,0.999490,0.998981,0.006307,0.001019,0.090287
84,24,00286,rain,856,1,,0.997067,0.002933,L,0.997067,0.994135,0.028898,0.005865,0.152577
84,24,00286,rain,770,1,,0.999858,0.000142,L,0.999858,0.999716,0.002022,0.000284,0.247925
84,24,00286,rain,576,1,,0.997291,0.002709,L,0.997291,0.994582,0.027006,0.005418,0.187609
84,24,00286,rain,516,1,,0.999204,0.000796,L,0.999204,0.998409,0.009338,0.001591,0.190524
84,24,00286,rain,398,1,,0.998869,0.001131,L,0.998869,0.997737,0.012704,0.002263,0.106150
84,24,00286,rain,585,1,,0.999130,0.000870,L,0.999130,0.998260,0.010099,0.001740,0.114031
84,24,00286,rain,855,1,,0.996986,0.003014,L,0.996986,0.993973,0.029577,0.006027,0.119007
84,24,00286,rain,395,1,,1.000000,0.000000,L,1.000000,1.000000,0.000000,0.000000,0.899614
84,24,00286,rain,682,1,,0.999258,0.000742,L,0.999258,0.998516,0.008786,0.001484,0.050547
84,24,00286,rain,588,1,,0.997728,0.002272,L,0.997728,0.995455,0.023230,0.004545,0.203908
84,24,00286,rain,333,1,,0.999873,0.000127,L,0.999873,0.999746,0.001828,0.000254,0.183656
84,24,00286,rain,676,1,,0.998947,0.001053,L,0.998947,0.997894,0.011933,0.002106,0.209601
84,24,00286,rain,336,1,,0.998551,0.001449,L,0.998551,0.997102,0.015754,0.002898,0.180410
84,24,00286,rain,607,1,,0.999521,0.000479,L,0.999521,0.999041,0.005977,0.000959,0.069469
84,24,00286,rain,422,1,,0.999616,0.000384,L,0.999616,0.999231,0.004915,0.000769,0.099195
84,24,00286,rain,589,1,,0.996848,0.003152,L,0.996848,0.993695,0.030735,0.006305,0.181276
84,24,00286,rain,602,1,,0.999292,0.000708,L,0.999292,0.998584,0.008428,0.001416,0.077666
84,24,00286,rain,334,1,,0.999994,0.000006,L,0.999994,0.999987,0.000120,0.000013,0.355533
84,24,00286,rain,572,1,,0.999172,0.000828,L,0.999172,0.998343,0.009674,0.001657,0.110980
84,24,00286,rain,592,1,,0.999116,0.000884,L,0.999116,0.998231,0.010246,0.001769,0.055794
84,24,00286,rain,488,1,,0.998601,0.001399,L,0.998601,0.997201,0.015285,0.002799,0.087264
84,24,00286,rain,483,1,,0.999384,0.000616,L,0.999384,0.998767,0.007462,0.001233,0.189452
84,24,00286,rain,574,1,,0.997965,0.002035,L,0.997965,0.995929,0.021132,0.004071,0.183305
84,24,00286,rain,307,1,,0.998426,0.001574,L,0.998426,0.996851,0.016928,0.003149,0.144549
84,24,00286,rain,304,1,,0.997756,0.002244,L,0.997756,0.995512,0.022978,0.004488,0.193153
84,24,00286,rain,421,1,,0.999830,0.000170,L,0.999830,0.999660,0.002373,0.000340,0.092480
84,24,00286,rain,306,1,,0.998148,0.001852,L,0.998148,0.996295,0.019482,0.003705,0.222387
84,24,00286,rain,515,1,,0.999990,0.000010,L,0.999990,0.999979,0.000188,0.000021,0.366585
84,24,00286,rain,955,0,,0.999036,0.000964,L,0.999036,0.998071,0.011051,0.001929,0.042030
84,24,00286,rain,1380,0,,0.999269,0.000731,L,0.999269,0.998538,0.008669,0.001462,0.089029
84,24,00286,rain,987,0,,0.999991,0.000009,L,0.999991,0.999982,0.000167,0.000018,0.061562
84,24,00286,rain,619,0,,0.999598,0.000402,L,0.999598,0.999197,0.005110,0.000803,0.050080
84,24,00286,rain,505,0,,0.999280,0.000720,L,0.999280,0.998560,0.008555,0.001440,0.062393
84,24,00286,rain,1143,0,,0.999553,0.000447,L,0.999553,0.999105,0.005624,0.000895,0.034799
84,24,00286,rain,949,0,,0.998710,0.001290,L,0.998710,0.997421,0.014238,0.002579,0.059924
84,24,00286,rain,105,0,,0.998207,0.001793,L,0.998207,0.996414,0.018944,0.003586,0.050249
84,24,00286,rain,401,0,,0.999660,0.000340,L,0.999660,0.999319,0.004412,0.000681,0.042280
84,24,00286,rain,864,0,,0.999138,0.000862,L,0.999138,0.998276,0.010016,0.001724,0.034033
84,24,00286,rain,777,0,,0.999389,0.000611,L,0.999389,0.998778,0.007406,0.001222,0.031201
84,24,00286,rain,458,0,,0.999223,0.000777,L,0.999223,0.998446,0.009146,0.001554,0.040407
84,24,00286,rain,899,0,,0.999960,0.000040,L,0.999960,0.999919,0.000646,0.000081,0.064261
84,24,00286,rain,635,0,,0.995805,0.004195,L,0.995805,0.991611,0.039165,0.008389,0.076825
84,24,00286,rain,1430,0,,0.998955,0.001045,L,0.998955,0.997910,0.011853,0.002090,0.068112
84,24,00286,rain,733,0,,0.999690,0.000310,L,0.999690,0.999380,0.004058,0.000620,0.037696
84,24,00286,rain,17,0,,0.998483,0.001517,L,0.998483,0.996966,0.016391,0.003034,0.061106
84,24,00286,rain,377,0,,0.998992,0.001008,L,0.998992,0.997983,0.011491,0.002017,0.031609
85,24,00492,rain,601,1,,0.999997,0.000003,L,0.999997,0.999994,0.000056,0.000006,0.513927
85,24,00492,rain,515,1,,0.999467,0.000533,L,0.999467,0.998934,0.006566,0.001066,0.051844
85,24,00492,rain,252,1,,0.999771,0.000229,L,0.999771,0.999542,0.003098,0.000458,0.175383
85,24,00492,rain,873,1,,0.998862,0.001138,L,0.998862,0.997724,0.012772,0.002276,0.062254
85,24,00492,rain,391,1,,1.000000,0.000000,L,1.000000,1.000000,0.000002,0.000000,0.881181
85,24,00492,rain,210,1,,0.998253,0.001747,L,0.998253,0.996507,0.018520,0.003493,0.105714
85,24,00492,rain,513,1,,0.998084,0.001916,L,0.998084,0.996169,0.020056,0.003831,0.098356
85,24,00492,rain,254,1,,0.999505,0.000495,L,0.999505,0.999010,0.006148,0.000990,0.194869
85,24,00492,rain,299,1,,0.999741,0.000259,L,0.999741,0.999483,0.003456,0.000517,0.083952
85,24,00492,rain,433,1,,1.000000,0.000000,L,1.000000,1.000000,0.000004,0.000000,0.629774
85,24,00492,rain,215,1,,0.998932,0.001068,L,0.998932,0.997865,0.012079,0.002135,0.078596
85,24,00492,rain,574,1,,0.998872,0.001128,L,0.998872,0.997743,0.012675,0.002257,0.073010
85,24,00492,rain,870,1,,0.993300,0.006700,L,0.993300,0.986600,0.058017,0.013400,0.126638
85,24,00492,rain,604,1,,0.999213,0.000787,L,0.999213,0.998426,0.009250,0.001574,0.146159
85,24,00492,rain,345,1,,0.999912,0.000088,L,0.999912,0.999825,0.001308,0.000175,0.282084
85,24,00492,rain,605,1,,0.999245,0.000755,L,0.999245,0.998490,0.008922,0.001510,0.075797
85,24,00492,rain,691,1,,1.000000,0.000000,L,1.000000,1.000000,0.000000,0.000000,0.968564
85,24,00492,rain,256,1,,0.999120,0.000880,L,0.999120,0.998239,0.010205,0.001761,0.083984
85,24,00492,rain,785,1,,0.999404,0.000596,L,0.999404,0.998808,0.007246,0.001192,0.050070
85,24,00492,rain,395,1,,0.999539,0.000461,L,0.999539,0.999078,0.005773,0.000922,0.082433
85,24,00492,rain,209,1,,0.999387,0.000613,L,0.999387,0.998773,0.007430,0.001227,0.080279
85,24,00492,rain,300,1,,0.997246,0.002754,L,0.997246,0.994492,0.027389,0.005508,0.176487
85,24,00492,rain,875,1,,0.999449,0.000551,L,0.999449,0.998898,0.006761,0.001102,0.040468
85,24,00492,rain,434,1,,1.000000,0.000000,L,1.000000,0.999999,0.000007,0.000001,0.603075
85,24,00492,rain,390,1,,0.999496,0.000505,L,0.999496,0.998991,0.006254,0.001009,0.213780
85,24,00492,rain,694,1,,0.999470,0.000530,L,0.999470,0.998940,0.006531,0.001060,0.241286
85,24,00492,rain,211,1,,0.995925,0.004075,L,0.995925,0.991850,0.038219,0.008150,0.135583
85,24,00492,rain,526,1,,0.999517,0.000483,L,0.999517,0.999033,0.006020,0.000967,0.058715
85,24,00492,rain,213,1,,0.995289,0.004711,L,0.995289,0.990578,0.043197,0.009422,0.163705
85,24,00492,rain,874,1,,0.999152,0.000848,L,0.999152,0.998305,0.009872,0.001695,0.057334
85,24,00492,rain,389,1,,0.999388,0.000612,L,0.999388,0.998775,0.007419,0.001225,0.128712
85,24,00492,rain,780,1,,0.999423,0.000577,L,0.999423,0.998846,0.007039,0.001154,0.165535
85,24,00492,rain,251,1,,0.999597,0.000403,L,0.999597,0.999194,0.005124,0.000806,0.130156
85,24,00492,rain,392,1,,1.000000,0.000000,L,1.000000,1.000000,0.000000,0.000000,0.999992
85,24,00492,rain,781,1,,0.999990,0.000010,L,0.999990,0.999980,0.000183,0.000020,0.454847
85,24,00492,rain,569,1,,0.995342,0.004658,L,0.995342,0.990683,0.042788,0.009317,0.073943
85,24,00492,rain,596,0,,0.999655,0.000345,L,0.999655,0.999310,0.004465,0.000690,0.033553
85,24,00492,rain,1407,0,,0.999299,0.000701,L,0.999299,0.998597,0.008359,0.001403,0.043972
85,24,00492,rain,554,0,,0.999482,0.000518,L,0.999482,0.998965,0.006396,0.001035,0.027886
85,24,00492,rain,1106,0,,0.996970,0.003030,L,0.996970,0.993940,0.029713,0.006060,0.117385
85,24,00492,rain,956,0,,0.998529,0.001471,L,0.998529,0.997057,0.015964,0.002943,0.047265
85,24,00492,rain,16,0,,0.999136,0.000864,L,0.999136,0.998271,0.010044,0.001729,0.069173
85,24,00492,rain,835,0,,0.997166,0.002834,L,0.997166,0.994332,0.028065,0.005668,0.052276
85,24,00492,rain,503,0,,0.999545,0.000455,L,0.999545,0.999090,0.005706,0.000910,0.028613
85,24,00492,rain,358,0,,0.999735,0.000265,L,0.999735,0.999470,0.003531,0.000530,0.054429
85,24,00492,rain,716,0,,0.999452,0.000548,L,0.999452,0.998904,0.006730,0.001096,0.047592
85,24,00492,rain,199,0,,0.997670,0.002330,L,0.997670,0.995340,0.023736,0.004660,0.073114
85,24,00492,rain,771,0,,0.998963,0.001037,L,0.998963,0.997926,0.011776,0.002074,0.046912
85,24,00492,rain,818,0,,0.998556,0.001444,L,0.998556,0.997112,0.015707,0.002888,0.075730
85,24,00492,rain,652,0,,0.999203,0.000797,L,0.999203,0.998407,0.009350,0.001593,0.040630
85,24,00492,rain,856,0,,0.998733,0.001267,L,0.998733,0.997465,0.014024,0.002535,0.044229
85,24,00492,rain,1267,0,,0.997429,0.002571,L,0.997429,0.994859,0.025820,0.005141,0.154078
85,24,00492,rain,637,0,,0.999785,0.000214,L,0.999785,0.999571,0.002923,0.000429,0.070720
85,24,00492,rain,104,0,,0.997622,0.002378,L,0.997622,0.995244,0.024152,0.004756,0.091943
86,24,00549,rain,745,1,,0.999134,0.000866,L,0.999134,0.998268,0.010059,0.001732,0.130933
86,24,00549,rain,839,1,,0.997995,0.002005,L,0.997995,0.995989,0.020862,0.004011,0.225442
86,24,00549,rain,567,1,,0.997281,0.002719,L,0.997281,0.994562,0.027092,0.005438,0.170640
86,24,00549,rain,655,1,,0.999626,0.000374,L,0.999626,0.999251,0.004803,0.000749,0.149602
86,24,00549,rain,782,1,,0.999107,0.000893,L,0.999107,0.998215,0.010329,0.001785,0.109568
86,24,00549,rain,957,1,,0.999441,0.000559,L,0.999441,0.998882,0.006846,0.001118,0.160083
86,24,00549,rain,660,1,,0.999901,0.000099,L,0.999901,0.999802,0.001460,0.000198,0.342100
86,24,00549,rain,686,1,,0.999862,0.000138,L,0.999862,0.999725,0.001962,0.000275,0.105990
86,24,00549,rain,869,1,,0.999987,0.000013,L,0.999987,0.999975,0.000223,0.000025,0.084525
86,24,00549,rain,751,1,,0.999777,0.000223,L,0.999777,0.999554,0.003029,0.000446,0.075946
86,24,00549,rain,863,1,,0.997781,0.002219,L,0.997781,0.995562,0.022762,0.004438,0.058499
86,24,00549,rain,954,1,,0.997963,0.002037,L,0.997963,0.995926,0.021145,0.004074,0.128018
86,24,00549,rain,750,1,,0.999858,0.000141,L,0.999858,0.999717,0.002013,0.000283,0.357183
86,24,00549,rain,1225,1,,0.999319,0.000681,L,0.999319,0.998638,0.008148,0.001362,0.087306
86,24,00549,rain,1139,1,,0.999621,0.000379,L,0.999621,0.999242,0.004854,0.000758,0.052064
86,24,00549,rain,1043,1,,0.999468,0.000532,L,0.999468,0.998935,0.006559,0.001065,0.125039
86,24,00549,rain,1227,1,,0.998719,0.001281,L,0.998719,0.997438,0.014155,0.002562,0.059485
86,24,00549,rain,955,1,,0.999577,0.000423,L,0.999577,0.999153,0.005355,0.000847,0.147039
86,24,00549,rain,779,1,,1.000000,0.000000,L,1.000000,1.000000,0.000004,0.000000,0.643070
86,24,00549,rain,597,1,,0.997685,0.002315,L,0.997685,0.995371,0.023600,0.004629,0.107488
86,24,00549,rain,866,1,,0.999465,0.000535,L,0.999465,0.998930,0.006588,0.001070,0.103717
86,24,00549,rain,748,1,,1.000000,0.000000,L,1.000000,1.000000,0.000000,0.000000,0.999910
86,24,00549,rain,690,1,,0.999997,0.000003,L,0.999997,0.999995,0.000053,0.000005,0.421111
86,24,00549,rain,840,1,,0.997399,0.002601,L,0.997399,0.994798,0.026081,0.005202,0.145179
86,24,00549,rain,1044,1,,0.998942,0.001058,L,0.998942,0.997883,0.011986,0.002117,0.181990
86,24,00549,rain,596,1,,0.998726,0.001274,L,0.998726,0.997452,0.014087,0.002548,0.073367
86,24,00549,rain,570,1,,0.999689,0.000312,L,0.999689,0.999377,0.004078,0.000623,0.082359
86,24,00549,rain,568,1,,0.997757,0.002243,L,0.997757,0.995514,0.022971,0.004486,0.199554
86,24,00549,rain,960,1,,0.999537,0.000463,L,0.999537,0.999075,0.005792,0.000925,0.051718
86,24,00549,rain,1049,1,,0.999367,0.000633,L,0.999367,0.998733,0.007644,0.001267,0.077830
86,24,00549,rain,598,1,,0.998778,0.001222,L,0.998778,0.997557,0.013584,0.002443,0.173400
86,24,00549,rain,659,1,,0.999999,0.000001,L,0.999999,0.999997,0.000030,0.000003,0.644979
86,24,00549,rain,661,1,,0.999728,0.000272,L,0.999728,0.999457,0.003609,0.000543,0.065241
86,24,00549,rain,1045,1,,1.000000,0.000000,L,1.000000,1.000000,0.000000,0.000000,0.738586
86,24,00549,rain,1136,1,,1.000000,0.000000,L,1.000000,1.000000,0.000005,0.000000,0.641830
86,24,00549,rain,835,1,,0.998286,0.001714,L,0.998286,0.996571,0.018222,0.003429,0.131842
86,24,00549,rain,480,0,,0.998415,0.001585,L,0.998415,0.996829,0.017031,0.003171,0.068610
86,24,00549,rain,252,0,,0.999832,0.000168,L,0.999832,0.999663,0.002354,0.000337,0.054259
86,24,00549,rain,383,0,,0.998694,0.001306,L,0.998694,0.997389,0.014391,0.002611,0.081695
86,24,00549,rain,198,0,,0.999356,0.000644,L,0.999356,0.998712,0.007755,0.001288,0.091091
86,24,00549,rain,581,0,,0.999771,0.000229,L,0.999771,0.999543,0.003095,0.000457,0.042084
86,24,00549,rain,1090,0,,0.999392,0.000608,L,0.999392,0.998783,0.007376,0.001217,0.032366
86,24,00549,rain,288,0,,0.998457,0.001543,L,0.998457,0.996913,0.016639,0.003087,0.072093
86,24,00549,rain,967,0,,0.998795,0.001205,L,0.998795,0.997590,0.013422,0.002410,0.049759
86,24,00549,rain,914,0,,0.999072,0.000928,L,0.999072,0.998144,0.010685,0.001856,0.027526
86,24,00549,rain,121,0,,0.998616,0.001384,L,0.998616,0.997233,0.015136,0.002767,0.053506
86,24,00549,rain,1194,0,,0.996932,0.003068,L,0.996932,0.993863,0.030036,0.006137,0.045552
86,24,00549,rain,417,0,,0.999524,0.000477,L,0.999524,0.999047,0.005946,0.000953,0.031293
86,24,00549,rain,207,0,,0.999629,0.000371,L,0.999629,0.999257,0.004767,0.000743,0.073191
86,24,00549,rain,603,0,,0.999542,0.000458,L,0.999542,0.999084,0.005743,0.000916,0.049696
86,24,00549,rain,31,0,,0.998879,0.001121,L,0.998879,0.997759,0.012600,0.002241,0.056659
86,24,00549,rain,625,0,,0.999862,0.000138,L,0.999862,0.999724,0.001968,0.000276,0.054339
86,24,00549,rain,13,0,,0.997867,0.002133,L,0.997867,0.995735,0.021996,0.004265,0.092661
86,24,00549,rain,889,0,,0.999520,0.000480,L,0.999520,0.999039,0.005989,0.000961,0.051760
87,25,00154,rain,194,1,,0.994765,0.005235,L,0.994765,0.989530,0.047203,0.010470,0.130078
87,25,00154,rain,212,1,,0.998442,0.001558,L,0.998442,0.996884,0.016775,0.003116,0.126112
87,25,00154,rain,641,1,,0.991166,0.008834,L,0.991166,0.982333,0.072958,0.017667,0.172757
87,25,00154,rain,126,1,,0.999717,0.000283,L,0.999717,0.999434,0.003742,0.000566,0.075227
87,25,00154,rain,727,1,,0.999998,0.000002,L,0.999998,0.999996,0.000041,0.000004,0.701417
87,25,00154,rain,908,1,,0.994333,0.005667,L,0.994333,0.988666,0.050446,0.011334,0.185450
87,25,00154,rain,273,1,,0.998579,0.001421,L,0.998579,0.997157,0.015494,0.002843,0.199230
87,25,00154,rain,822,1,,0.999932,0.000068,L,0.999932,0.999864,0.001037,0.000136,0.045120
87,25,00154,rain,287,1,,0.998899,0.001101,L,0.998899,0.997798,0.012409,0.002202,0.120412
87,25,00154,rain,361,1,,1.000000,0.000000,L,1.000000,1.000000,0.000004,0.000000,0.998165
87,25,00154,rain,283,1,,0.999394,0.000606,L,0.999394,0.998789,0.007346,0.001211,0.261917
87,25,00154,rain,732,1,,0.999436,0.000564,L,0.999436,0.998872,0.006899,0.001128,0.050760
87,25,00154,rain,555,1,,0.996515,0.003485,L,0.996515,0.993031,0.033470,0.006969,0.152654
87,25,00154,rain,303,1,,1.000000,0.000000,L,1.000000,1.000000,0.000002,0.000000,0.514796
87,25,00154,rain,451,1,,0.999488,0.000512,L,0.999488,0.998977,0.006331,0.001023,0.147085
87,25,00154,rain,465,1,,0.999989,0.000011,L,0.999989,0.999978,0.000197,0.000022,0.626071
87,25,00154,rain,210,1,,0.999916,0.000084,L,0.999916,0.999833,0.001254,0.000167,0.093329
87,25,00154,rain,377,1,,0.999820,0.000180,L,0.999820,0.999641,0.002494,0.000359,0.452376
87,25,00154,rain,551,1,,0.991679,0.008321,L,0.991679,0.983357,0.069448,0.016643,0.139716
87,25,00154,rain,554,1,,0.998998,0.001003,L,0.998998,0.997995,0.011433,0.002005,0.171101
87,25,00154,rain,820,1,,0.998170,0.001830,L,0.998170,0.996339,0.019283,0.003661,0.141942
87,25,00154,rain,394,1,,0.999999,0.000001,L,0.999999,0.999999,0.000016,0.000001,0.171250
87,25,00154,rain,453,1,,0.998937,0.001063,L,0.998937,0.997873,0.012037,0.002127,0.190681
87,25,00154,rain,636,1,,0.996725,0.003275,L,0.996725,0.993451,0.031747,0.006549,0.194514
87,25,00154,rain,274,1,,0.998861,0.001139,L,0.998861,0.997722,0.012778,0.002278,0.239637
87,25,00154,rain,364,1,,0.999787,0.000213,L,0.999787,0.999574,0.002908,0.000426,0.265595
87,25,00154,rain,454,1,,0.998232,0.001768,L,0.998232,0.996463,0.018719,0.003537,0.132125
87,25,00154,rain,729,1,,1.000000,0.000000,L,1.000000,0.999999,0.000008,0.000001,0.999996
87,25,00154,rain,638,1,,1.000000,0.000000,L,1.000000,0.999999,0.000009,0.000001,0.731321
87,25,00154,rain,553,1,,0.998145,0.001855,L,0.998145,0.996290,0.019506,0.003710,0.172883
87,25,00154,rain,549,1,,0.990815,0.009185,L,0.990815,0.981629,0.075342,0.018371,0.144761
87,25,00154,rain,450,1,,0.999360,0.000640,L,0.999360,0.998720,0.007712,0.001280,0.122928
87,25,00154,rain,557,1,,0.999016,0.000984,L,0.999016,0.998033,0.011245,0.001967,0.054311
87,25,00154,rain,547,1,,0.994092,0.005908,L,0.994092,0.988184,0.052237,0.011816,0.164150
87,25,00154,rain,546,1,,0.998262,0.001738,L,0.998262,0.996524,0.018438,0.003476,0.161396
87,25,00154,rain,639,1,,0.999998,0.000002,L,0.999998,0.999996,0.000039,0.000004,0.673888
87,25,00154,rain,1172,0,,0.996945,0.003055,L,0.996945,0.993891,0.029920,0.006109,0.068024
87,25,00154,rain,745,0,,0.999565,0.000435,L,0.999565,0.999130,0.005487,0.000870,0.044269
87,25,00154,rain,96,0,,0.999564,0.000436,L,0.999564,0.999128,0.005495,0.000872,0.051830
87,25,00154,rain,795,0,,0.999549,0.000451,L,0.999549,0.999098,0.005664,0.000902,0.031782
87,25,00154,rain,505,0,,0.999806,0.000194,L,0.999806,0.999612,0.002675,0.000388,0.040083
87,25,00154,rain,1025,0,,0.998803,0.001197,L,0.998803,0.997607,0.013341,0.002393,0.040335
87,25,00154,rain,400,0,,0.999683,0.000317,L,0.999683,0.999366,0.004140,0.000634,0.054670
87,25,00154,rain,627,0,,0.999843,0.000157,L,0.999843,0.999686,0.002211,0.000314,0.054669
87,25,00154,rain,209,0,,0.999908,0.000092,L,0.999908,0.999816,0.001365,0.000184,0.072327
87,25,00154,rain,784,0,,0.999578,0.000422,L,0.999578,0.999157,0.005336,0.000843,0.050380
87,25,00154,rain,1412,0,,0.999128,0.000872,L,0.999128,0.998257,0.010117,0.001743,0.060302
87,25,00154,rain,949,0,,0.998534,0.001466,L,0.998534,0.997068,0.015915,0.002932,0.069990
87,25,00154,rain,1134,0,,0.999022,0.000978,L,0.999022,0.998044,0.011189,0.001956,0.037711
87,25,00154,rain,1392,0,,0.999203,0.000797,L,0.999203,0.998406,0.009355,0.001594,0.063372
87,25,00154,rain,1260,0,,0.999033,0.000967,L,0.999033,0.998066,0.011077,0.001934,0.061971
87,25,00154,rain,1250,0,,0.999853,0.000147,L,0.999853,0.999705,0.002088,0.000295,0.062710
87,25,00154,rain,499,0,,0.999757,0.000243,L,0.999757,0.999514,0.003266,0.000486,0.048558
87,25,00154,rain,511,0,,0.999776,0.000224,L,0.999776,0.999551,0.003043,0.000449,0.052261
88,25,00211,rain,1285,1,,0.999819,0.000181,L,0.999819,0.999639,0.002505,0.000361,0.046018
88,25,00211,rain,470,1,,0.993343,0.006657,L,0.993343,0.986686,0.057709,0.013314,0.090863
88,25,00211,rain,553,1,,0.997958,0.002042,L,0.997958,0.995916,0.021191,0.004084,0.096623
88,25,00211,rain,206,1,,0.999951,0.000049,L,0.999951,0.999903,0.000769,0.000097,0.473467
88,25,00211,rain,830,1,,0.999889,0.000111,L,0.999889,0.999778,0.001622,0.000222,0.043860
88,25,00211,rain,1368,1,,0.998433,0.001567,L,0.998433,0.996867,0.016856,0.003133,0.226733
88,25,00211,rain,559,1,,0.996105,0.003895,L,0.996105,0.992211,0.036781,0.007789,0.086732
88,25,00211,rain,828,1,,0.991384,0.008616,L,0.991384,0.982768,0.071472,0.017232,0.101436
88,25,00211,rain,560,1,,0.995679,0.004321,L,0.995679,0.991358,0.040158,0.008642,0.088025
88,25,00211,rain,278,1,,0.998318,0.001682,L,0.998318,0.996636,0.017926,0.003364,0.266602
88,25,00211,rain,646,1,,0.999999,0.000001,L,0.999999,0.999998,0.000019,0.000002,0.729084
88,25,00211,rain,113,1,,0.996727,0.003273,L,0.996727,0.993454,0.031734,0.006546,0.095504
88,25,00211,rain,827,1,,0.994476,0.005524,L,0.994476,0.988952,0.049379,0.011048,0.124836
88,25,00211,rain,292,1,,0.996239,0.003761,L,0.996239,0.992477,0.035711,0.007523,0.113930
88,25,00211,rain,556,1,,0.995822,0.004178,L,0.995822,0.991643,0.039036,0.008357,0.219607
88,25,00211,rain,298,1,,0.999966,0.000034,L,0.999966,0.999931,0.000559,0.000069,0.612376
88,25,00211,rain,202,1,,0.998599,0.001401,L,0.998599,0.997198,0.015303,0.002802,0.127227
88,25,00211,rain,388,1,,0.999785,0.000215,L,0.999785,0.999571,0.002924,0.000429,0.343770
88,25,00211,rain,548,1,,0.998850,0.001150,L,0.998850,0.997699,0.012889,0.002301,0.203828
88,25,00211,rain,647,1,,1.000000,0.000000,L,1.000000,1.000000,0.000003,0.000000,0.998059
88,25,00211,rain,547,1,,0.993025,0.006975,L,0.993025,0.986050,0.059992,0.013950,0.190498
88,25,00211,rain,293,1,,0.998339,0.001661,L,0.998339,0.996679,0.017728,0.003321,0.140482
88,25,00211,rain,733,1,,0.991810,0.008190,L,0.991810,0.983620,0.068541,0.016380,0.044192
88,25,00211,rain,459,1,,0.999997,0.000003,L,0.999997,0.999994,0.000057,0.000006,0.674915
88,25,00211,rain,383,1,,0.992265,0.007735,L,0.992265,0.984530,0.065373,0.015470,0.154658
88,25,00211,rain,373,1,,0.999322,0.000678,L,0.999322,0.998643,0.008118,0.001357,0.063974
88,25,00211,rain,1278,1,,0.999028,0.000972,L,0.999028,0.998055,0.011131,0.001945,0.195217
88,25,00211,rain,118,1,,0.997632,0.002368,L,0.997632,0.995265,0.024064,0.004735,0.076242
88,25,00211,rain,464,1,,0.991859,0.008141,L,0.991859,0.983717,0.068203,0.016283,0.162856
88,25,00211,rain,648,1,,1.000000,0.000000,L,1.000000,1.000000,0.000002,0.000000,0.869745
88,25,00211,rain,643,1,,0.996097,0.003903,L,0.996097,0.992194,0.036850,0.007806,0.075817
88,25,00211,rain,1284,1,,0.999915,0.000085,L,0.999915,0.999829,0.001277,0.000171,0.074305
88,25,00211,rain,386,1,,0.999999,0.000001,L,0.999999,0.999999,0.000014,0.000001,0.939941
88,25,00211,rain,557,1,,0.997248,0.002752,L,0.997248,0.994496,0.027370,0.005504,0.219895
88,25,00211,rain,467,1,,0.995191,0.004809,L,0.995191,0.990383,0.043947,0.009617,0.156345
88,25,00211,rain,295,1,,0.999999,0.000001,L,0.999999,0.999998,0.000026,0.000002,0.993979
88,25,00211,rain,344,0,,0.999864,0.000136,L,0.999864,0.999729,0.001938,0.000271,0.046519
88,25,00211,rain,90,0,,0.999453,0.000547,L,0.999453,0.998906,0.006714,0.001094,0.045970
88,25,00211,rain,1344,0,,0.999252,0.000748,L,0.999252,0.998505,0.008842,0.001495,0.051583
88,25,00211,rain,12,0,,0.999606,0.000394,L,0.999606,0.999212,0.005026,0.000788,0.052493
88,25,00211,rain,1337,0,,0.999421,0.000579,L,0.999421,0.998842,0.007064,0.001158,0.047091
88,25,00211,rain,536,0,,0.999868,0.000132,L,0.999868,0.999737,0.001887,0.000263,0.054274
88,25,00211,rain,1405,0,,0.999076,0.000924,L,0.999076,0.998152,0.010644,0.001848,0.059690
88,25,00211,rain,1178,0,,0.999171,0.000829,L,0.999171,0.998342,0.009680,0.001658,0.044546
88,25,00211,rain,589,0,,0.999764,0.000236,L,0.999764,0.999529,0.003181,0.000471,0.043030
88,25,00211,rain,182,0,,0.999017,0.000983,L,0.999017,0.998034,0.011240,0.001966,0.086946
88,25,00211,rain,992,0,,0.998793,0.001207,L,0.998793,0.997586,0.013442,0.002414,0.059610
88,25,00211,rain,744,0,,0.999327,0.000673,L,0.999327,0.998654,0.008063,0.001346,0.043974
88,25,00211,rain,587,0,,0.999775,0.000226,L,0.999775,0.999549,0.003058,0.000451,0.036732
88,25,00211,rain,447,0,,0.999745,0.000255,L,0.999745,0.999491,0.003408,0.000509,0.057166
88,25,00211,rain,351,0,,0.999877,0.000123,L,0.999877,0.999754,0.001774,0.000246,0.038897
88,25,00211,rain,194,0,,0.999246,0.000754,L,0.999246,0.998491,0.008912,0.001509,0.066532
88,25,00211,rain,425,0,,0.999803,0.000197,L,0.999803,0.999605,0.002714,0.000395,0.033286
88,25,00211,rain,193,0,,0.999120,0.000880,L,0.999120,0.998240,0.010200,0.001760,0.049325
89,25,00269,rain,181,1,,0.997251,0.002749,L,0.997251,0.994503,0.027342,0.005497,0.107944
89,25,00269,rain,1122,1,,0.998447,0.001553,L,0.998447,0.996893,0.016734,0.003107,0.103863
89,25,00269,rain,182,1,,0.995558,0.004442,L,0.995558,0.991116,0.041107,0.008884,0.130090
89,25,00269,rain,364,1,,0.999083,0.000917,L,0.999083,0.998166,0.010574,0.001834,0.135352
89,25,00269,rain,490,1,,0.999969,0.000031,L,0.999969,0.999939,0.000503,0.000061,0.315093
89,25,00269,rain,118,1,,0.999970,0.000030,L,0.999970,0.999940,0.000496,0.000060,0.489475
89,25,00269,rain,274,1,,0.999085,0.000915,L,0.999085,0.998169,0.010560,0.001831,0.071901
89,25,00269,rain,390,1,,0.996619,0.003381,L,0.996619,0.993237,0.032624,0.006763,0.087705
89,25,00269,rain,1393,1,,0.999979,0.000021,L,0.999979,0.999959,0.000351,0.000041,0.116771
89,25,00269,rain,1304,1,,1.000000,0.000000,L,1.000000,1.000000,0.000002,0.000000,0.507538
89,25,00269,rain,402,1,,0.997057,0.002943,L,0.997057,0.994114,0.028985,0.005886,0.088514
89,25,00269,rain,491,1,,1.000000,0.000000,L,1.000000,1.000000,0.000001,0.000000,0.779209
89,25,00269,rain,119,1,,0.999999,0.000001,L,0.999999,0.999999,0.000016,0.000001,0.737836
89,25,00269,rain,1212,1,,1.000000,0.000000,L,1.000000,1.000000,0.000001,0.000000,0.529005
89,25,00269,rain,1302,1,,1.000000,0.000000,L,1.000000,1.000000,0.000002,0.000000,0.509706
89,25,00269,rain,180,1,,0.999504,0.000496,L,0.999504,0.999007,0.006164,0.000993,0.054893
89,25,00269,rain,764,1,,0.999520,0.000480,L,0.999520,0.999040,0.005987,0.000960,0.040063
89,25,00269,rain,398,1,,0.997658,0.002342,L,0.997658,0.995317,0.023837,0.004683,0.075625
89,25,00269,rain,211,1,,0.999880,0.000120,L,0.999880,0.999760,0.001737,0.000240,0.288204
89,25,00269,rain,116,1,,0.998875,0.001125,L,0.998875,0.997751,0.012638,0.002249,0.147336
89,25,00269,rain,207,1,,0.996693,0.003307,L,0.996693,0.993387,0.032010,0.006613,0.203785
89,25,00269,rain,273,1,,0.998915,0.001085,L,0.998915,0.997831,0.012246,0.002169,0.143784
89,25,00269,rain,212,1,,0.999821,0.000179,L,0.999821,0.999642,0.002489,0.000358,0.080661
89,25,00269,rain,494,1,,0.999485,0.000515,L,0.999485,0.998970,0.006367,0.001030,0.043994
89,25,00269,rain,31,1,,0.997345,0.002655,L,0.997345,0.994691,0.026542,0.005309,0.095234
89,25,00269,rain,389,1,,0.997563,0.002437,L,0.997563,0.995126,0.024666,0.004874,0.091205
89,25,00269,rain,1394,1,,0.998620,0.001380,L,0.998620,0.997239,0.015105,0.002761,0.097579
89,25,00269,rain,760,1,,0.994730,0.005270,L,0.994730,0.989459,0.047469,0.010541,0.087642
89,25,00269,rain,1215,1,,1.000000,0.000000,L,1.000000,1.000000,0.000006,0.000000,0.336323
89,25,00269,rain,1121,1,,0.999462,0.000538,L,0.999462,0.998924,0.006618,0.001076,0.136690
89,25,00269,rain,1126,1,,0.999810,0.000190,L,0.999810,0.999620,0.002625,0.000380,0.089413
89,25,00269,rain,120,1,,0.999980,0.000020,L,0.999980,0.999960,0.000339,0.000040,0.459033
89,25,00269,rain,763,1,,0.999281,0.000719,L,0.999281,0.998562,0.008545,0.001438,0.043749
89,25,00269,rain,29,1,,0.998262,0.001739,L,0.998262,0.996523,0.018445,0.003477,0.137671
89,25,00269,rain,1213,1,,1.000000,0.000000,L,1.000000,1.000000,0.000000,0.000000,0.741004
89,25,00269,rain,453,1,,0.998849,0.001151,L,0.998849,0.997697,0.012901,0.002303,0.121039
89,25,00269,rain,753,0,,0.999775,0.000225,L,0.999775,0.999549,0.003055,0.000451,0.033942
89,25,00269,rain,641,0,,0.999711,0.000289,L,0.999711,0.999423,0.003810,0.000577,0.046568
89,25,00269,rain,113,0,,0.998384,0.001616,L,0.998384,0.996768,0.017314,0.003232,0.050816
89,25,00269,rain,694,0,,0.999680,0.000320,L,0.999680,0.999360,0.004175,0.000640,0.036003
89,25,00269,rain,335,0,,0.999842,0.000158,L,0.999842,0.999684,0.002225,0.000316,0.044479
89,25,00269,rain,1402,0,,0.999021,0.000979,L,0.999021,0.998043,0.011195,0.001957,0.063202
89,25,00269,rain,1385,0,,0.997293,0.002707,L,0.997293,0.994585,0.026992,0.005415,0.075301
89,25,00269,rain,263,0,,0.999887,0.000113,L,0.999887,0.999775,0.001639,0.000225,0.200317
89,25,00269,rain,860,0,,0.999119,0.000881,L,0.999119,0.998239,0.010208,0.001761,0.047751
89,25,00269,rain,1381,0,,0.999009,0.000991,L,0.999009,0.998018,0.011319,0.001982,0.061040
89,25,00269,rain,771,0,,0.999369,0.000631,L,0.999369,0.998737,0.007621,0.001263,0.047590
89,25,00269,rain,1174,0,,0.995631,0.004369,L,0.995631,0.991261,0.040539,0.008739,0.059588
89,25,00269,rain,155,0,,0.999710,0.000290,L,0.999710,0.999420,0.003828,0.000580,0.058796
89,25,00269,rain,382,0,,0.999064,0.000936,L,0.999064,0.998128,0.010765,0.001872,0.032220
89,25,00269,rain,57,0,,0.999813,0.000187,L,0.999813,0.999626,0.002584,0.000374,0.063713
89,25,00269,rain,1290,0,,0.999322,0.000678,L,0.999322,0.998644,0.008117,0.001356,0.038884
89,25,00269,rain,1271,0,,0.999087,0.000913,L,0.999087,0.998174,0.010535,0.001826,0.057644
89,25,00269,rain,1263,0,,0.999450,0.000550,L,0.999450,0.998900,0.006750,0.001100,0.030802
90,25,00475,rain,673,1,,0.998265,0.001735,L,0.998265,0.996529,0.018415,0.003471,0.186320
90,25,00475,rain,590,1,,0.999545,0.000455,L,0.999545,0.999091,0.005704,0.000909,0.038083
90,25,00475,rain,955,1,,0.998799,0.001201,L,0.998799,0.997598,0.013383,0.002402,0.095453
90,25,00475,rain,1133,1,,0.999868,0.000132,L,0.999868,0.999737,0.001887,0.000263,0.255447
90,25,00475,rain,796,1,,0.999620,0.000380,L,0.999620,0.999239,0.004870,0.000761,0.036202
90,25,00475,rain,1045,1,,1.000000,0.000000,L,1.000000,1.000000,0.000001,0.000000,0.628634
90,25,00475,rain,880,1,,0.998979,0.001021,L,0.998979,0.997958,0.011617,0.002042,0.116495
90,25,00475,rain,971,1,,0.994067,0.005933,L,0.994067,0.988133,0.052423,0.011867,0.068110
90,25,00475,rain,585,1,,1.000000,0.000000,L,1.000000,1.000000,0.000002,0.000000,0.792210
90,25,00475,rain,887,1,,0.999607,0.000393,L,0.999607,0.999214,0.005015,0.000786,0.031597
90,25,00475,rain,1046,1,,0.999998,0.000002,L,0.999998,0.999997,0.000033,0.000003,0.337961
90,25,00475,rain,881,1,,0.999945,0.000055,L,0.999945,0.999891,0.000852,0.000109,0.113985
90,25,00475,rain,885,1,,0.999461,0.000539,L,0.999461,0.998923,0.006625,0.001077,0.037524
90,25,00475,rain,952,1,,0.999341,0.000659,L,0.999341,0.998682,0.007915,0.001318,0.093720
90,25,00475,rain,677,1,,0.998630,0.001370,L,0.998630,0.997260,0.015007,0.002740,0.199907
90,25,00475,rain,493,1,,0.999762,0.000238,L,0.999762,0.999523,0.003211,0.000477,0.101937
90,25,00475,rain,404,1,,0.998645,0.001355,L,0.998645,0.997290,0.014864,0.002710,0.152634
90,25,00475,rain,1316,1,,0.998572,0.001428,L,0.998572,0.997144,0.015556,0.002856,0.066804
90,25,00475,rain,1313,1,,0.999966,0.000034,L,0.999966,0.999932,0.000557,0.000068,0.175272
90,25,00475,rain,975,1,,0.999169,0.000831,L,0.999169,0.998338,0.009702,0.001662,0.037580
90,25,00475,rain,498,1,,0.999677,0.000323,L,0.999677,0.999354,0.004210,0.000646,0.287345
90,25,00475,rain,1043,1,,0.999437,0.000563,L,0.999437,0.998873,0.006895,0.001127,0.218895
90,25,00475,rain,702,1,,0.999899,0.000101,L,0.999899,0.999799,0.001482,0.000201,0.128145
90,25,00475,rain,976,1,,0.999191,0.000809,L,0.999191,0.998382,0.009475,0.001618,0.035264
90,25,00475,rain,680,1,,0.999640,0.000360,L,0.999640,0.999280,0.004640,0.000720,0.034810
90,25,00475,rain,676,1,,0.999195,0.000805,L,0.999195,0.998390,0.009436,0.001610,0.225146
90,25,00475,rain,797,1,,0.999700,0.000300,L,0.999700,0.999401,0.003938,0.000599,0.035460
90,25,00475,rain,765,1,,0.990137,0.009863,L,0.990137,0.980273,0.079887,0.019727,0.133432
90,25,00475,rain,705,1,,0.999618,0.000382,L,0.999618,0.999236,0.004888,0.000764,0.052077
90,25,00475,rain,1136,1,,1.000000,0.000000,L,1.000000,1.000000,0.000002,0.000000,0.610930
90,25,00475,rain,1318,1,,0.999461,0.000539,L,0.999461,0.998923,0.006626,0.001077,0.043064
90,25,00475,rain,1138,1,,0.999140,0.000860,L,0.999140,0.998280,0.009998,0.001720,0.082869
90,25,00475,rain,499,1,,0.999435,0.000565,L,0.999435,0.998870,0.006911,0.001130,0.135182
90,25,00475,rain,956,1,,0.997492,0.002508,L,0.997492,0.994984,0.025279,0.005016,0.088969
90,25,00475,rain,1228,1,,0.999576,0.000424,L,0.999576,0.999153,0.005358,0.000847,0.048565
90,25,00475,rain,500,1,,0.999505,0.000495,L,0.999505,0.999011,0.006144,0.000989,0.056580
90,25,00475,rain,126,0,,0.999156,0.000844,L,0.999156,0.998312,0.009833,0.001688,0.084866
90,25,00475,rain,512,0,,0.999736,0.000264,L,0.999736,0.999472,0.003520,0.000528,0.056409
90,25,00475,rain,302,0,,0.999529,0.000470,L,0.999529,0.999059,0.005879,0.000941,0.034459
90,25,00475,rain,221,0,,0.998120,0.001880,L,0.998120,0.996240,0.019733,0.003760,0.052654
90,25,00475,rain,377,0,,0.999793,0.000207,L,0.999793,0.999586,0.002830,0.000414,0.021103
90,25,00475,rain,1347,0,,0.999404,0.000596,L,0.999404,0.998808,0.007245,0.001192,0.050056
90,25,00475,rain,145,0,,0.999469,0.000531,L,0.999469,0.998938,0.006545,0.001062,0.061016
90,25,00475,rain,37,0,,0.999811,0.000189,L,0.999811,0.999622,0.002613,0.000378,0.079975
90,25,00475,rain,149,0,,0.999969,0.000031,L,0.999969,0.999939,0.000505,0.000061,0.077384
90,25,00475,rain,8,0,,0.999823,0.000177,L,0.999823,0.999646,0.002462,0.000354,0.054890
90,25,00475,rain,1186,0,,0.993597,0.006403,L,0.993597,0.987194,0.055867,0.012806,0.106203
90,25,00475,rain,646,0,,0.999022,0.000978,L,0.999022,0.998045,0.011185,0.001955,0.031465
90,25,00475,rain,828,0,,0.999346,0.000654,L,0.999346,0.998693,0.007859,0.001307,0.031622
90,25,00475,rain,399,0,,0.999554,0.000446,L,0.999554,0.999108,0.005605,0.000892,0.034444
90,25,00475,rain,1268,0,,0.994998,0.005002,L,0.994998,0.989996,0.045431,0.010004,0.185426
90,25,00475,rain,1331,0,,0.999088,0.000912,L,0.999088,0.998177,0.010522,0.001823,0.058574
90,25,00475,rain,961,0,,0.998769,0.001231,L,0.998769,0.997539,0.013670,0.002461,0.046884
90,25,00475,rain,443,0,,0.999784,0.000216,L,0.999784,0.999568,0.002945,0.000432,0.040256
91,25,00532,rain,615,1,,0.998565,0.001435,L,0.998565,0.997131,0.015619,0.002869,0.046341
91,25,00532,rain,483,1,,0.999580,0.000420,L,0.999580,0.999159,0.005321,0.000841,0.126268
91,25,00532,rain,665,1,,0.998422,0.001578,L,0.998422,0.996844,0.016962,0.003156,0.208057
91,25,00532,rain,664,1,,0.998037,0.001963,L,0.998037,0.996074,0.020484,0.003926,0.188272
91,25,00532,rain,57,1,,0.998441,0.001559,L,0.998441,0.996882,0.016785,0.003118,0.063217
91,25,00532,rain,325,1,,0.999949,0.000051,L,0.999949,0.999898,0.000803,0.000102,0.089727
91,25,00532,rain,701,1,,0.999478,0.000522,L,0.999478,0.998956,0.006444,0.001044,0.061608
91,25,00532,rain,329,1,,0.999731,0.000269,L,0.999731,0.999463,0.003573,0.000537,0.037198
91,25,00532,rain,797,1,,0.999555,0.000445,L,0.999555,0.999109,0.005601,0.000891,0.050291
91,25,00532,rain,578,1,,0.999490,0.000510,L,0.999490,0.998981,0.006309,0.001019,0.260298
91,25,00532,rain,398,1,,0.999577,0.000423,L,0.999577,0.999155,0.005347,0.000845,0.043646
91,25,00532,rain,795,1,,0.999602,0.000398,L,0.999602,0.999203,0.005074,0.000797,0.061764
91,25,00532,rain,703,1,,0.999992,0.000008,L,0.999992,0.999983,0.000152,0.000017,0.050044
91,25,00532,rain,882,1,,0.999956,0.000044,L,0.999956,0.999912,0.000700,0.000088,0.069656
91,25,00532,rain,880,1,,0.999868,0.000132,L,0.999868,0.999736,0.001894,0.000264,0.095450
91,25,00532,rain,616,1,,0.999376,0.000625,L,0.999376,0.998751,0.007549,0.001249,0.037642
91,25,00532,rain,418,1,,0.999613,0.000387,L,0.999613,0.999227,0.004941,0.000773,0.050235
91,25,00532,rain,330,1,,0.999723,0.000277,L,0.999723,0.999447,0.003667,0.000553,0.042956
91,25,00532,rain,611,1,,0.999660,0.000340,L,0.999660,0.999320,0.004411,0.000680,0.042043
91,25,00532,rain,488,1,,0.999499,0.000501,L,0.999499,0.998998,0.006217,0.001002,0.066035
91,25,00532,rain,239,1,,0.999730,0.000270,L,0.999730,0.999459,0.003595,0.000541,0.041026
91,25,00532,rain,234,1,,0.999493,0.000506,L,0.999493,0.998987,0.006275,0.001013,0.099446
91,25,00532,rain,326,1,,0.999997,0.000003,L,0.999997,0.999994,0.000060,0.000006,0.216465
91,25,00532,rain,487,1,,1.000000,0.000000,L,1.000000,1.000000,0.000002,0.000000,0.653398
91,25,00532,rain,235,1,,0.999999,0.000001,L,0.999999,0.999999,0.000017,0.000001,0.314784
91,25,00532,rain,148,1,,0.999778,0.000222,L,0.999778,0.999557,0.003011,0.000443,0.060399
91,25,00532,rain,666,1,,0.998591,0.001409,L,0.998591,0.997183,0.015372,0.002817,0.230771
91,25,00532,rain,700,1,,0.999882,0.000118,L,0.999882,0.999765,0.001706,0.000235,0.062740
91,25,00532,rain,485,1,,1.000000,0.000000,L,1.000000,1.000000,0.000001,0.000000,0.752566
91,25,00532,rain,415,1,,0.997983,0.002017,L,0.997983,0.995967,0.020962,0.004033,0.080912
91,25,00532,rain,579,1,,0.999286,0.000714,L,0.999286,0.998572,0.008494,0.001428,0.063475
91,25,00532,rain,791,1,,0.999663,0.000336,L,0.999663,0.999327,0.004367,0.000673,0.070312
91,25,00532,rain,575,1,,1.000000,0.000000,L,1.000000,1.000000,0.000005,0.000000,0.776191
91,25,00532,rain,793,1,,1.000000,0.000000,L,1.000000,1.000000,0.000004,0.000000,0.120347
91,25,00532,rain,705,1,,0.999221,0.000779,L,0.999221,0.998442,0.009168,0.001558,0.048207
91,25,00532,rain,327,1,,0.999991,0.000009,L,0.999991,0.999982,0.000163,0.000018,0.097320
91,25,00532,rain,421,0,,0.999803,0.000197,L,0.999803,0.999606,0.002712,0.000394,0.043417
91,25,00532,rain,1178,0,,0.999352,0.000648,L,0.999352,0.998705,0.007795,0.001295,0.131356
91,25,00532,rain,1400,0,,0.999171,0.000829,L,0.999171,0.998342,0.009681,0.001658,0.056980
91,25,00532,rain,45,0,,0.999829,0.000171,L,0.999829,0.999658,0.002384,0.000342,0.057539
91,25,00532,rain,565,0,,0.999823,0.000177,L,0.999823,0.999647,0.002458,0.000353,0.023390
91,25,00532,rain,834,0,,0.999587,0.000414,L,0.999587,0.999173,0.005244,0.000827,0.031099
91,25,00532,rain,609,0,,0.999622,0.000378,L,0.999622,0.999245,0.004839,0.000755,0.033377
91,25,00532,rain,785,0,,0.999627,0.000373,L,0.999627,0.999254,0.004786,0.000746,0.048207
91,25,00532,rain,92,0,,0.998713,0.001287,L,0.998713,0.997425,0.014217,0.002575,0.070821
91,25,00532,rain,268,0,,0.999738,0.000262,L,0.999738,0.999477,0.003492,0.000523,0.043919
91,25,00532,rain,1153,0,,0.998840,0.001161,L,0.998840,0.997679,0.012989,0.002321,0.058292
91,25,00532,rain,992,0,,0.998985,0.001015,L,0.998985,0.997971,0.011553,0.002029,0.040852
91,25,00532,rain,383,0,,0.999826,0.000174,L,0.999826,0.999652,0.002422,0.000348,0.024981
91,25,00532,rain,1256,0,,0.999440,0.000560,L,0.999440,0.998879,0.006860,0.001121,0.054380
91,25,00532,rain,465,0,,0.999385,0.000615,L,0.999385,0.998771,0.007444,0.001229,0.030870
91,25,00532,rain,1008,0,,0.999089,0.000911,L,0.999089,0.998177,0.010518,0.001823,0.052286
91,25,00532,rain,680,0,,0.999728,0.000272,L,0.999728,0.999456,0.003616,0.000544,0.040479
91,25,00532,rain,27,0,,0.999833,0.000167,L,0.999833,0.999666,0.002337,0.000334,0.054415
92,25,00589,rain,311,1,,0.999383,0.000617,L,0.999383,0.998766,0.007467,0.001234,0.048323
92,25,00589,rain,220,1,,0.999152,0.000848,L,0.999152,0.998304,0.009874,0.001696,0.065725
92,25,00589,rain,759,1,,0.999068,0.000932,L,0.999068,0.998136,0.010726,0.001864,0.169310
92,25,00589,rain,490,1,,0.998380,0.001620,L,0.998380,0.996760,0.017354,0.003240,0.096803
92,25,00589,rain,673,1,,0.999479,0.000521,L,0.999479,0.998958,0.006436,0.001042,0.052817
92,25,00589,rain,672,1,,0.997039,0.002961,L,0.997039,0.994077,0.029140,0.005923,0.126513
92,25,00589,rain,401,1,,0.999631,0.000369,L,0.999631,0.999261,0.004745,0.000739,0.049748
92,25,00589,rain,398,1,,1.000000,0.000000,L,1.000000,1.000000,0.000000,0.000000,0.992327
92,25,00589,rain,485,1,,0.999707,0.000293,L,0.999707,0.999414,0.003861,0.000586,0.133075
92,25,00589,rain,396,1,,0.999689,0.000311,L,0.999689,0.999377,0.004075,0.000623,0.190097
92,25,00589,rain,492,1,,0.999490,0.000510,L,0.999490,0.998980,0.006316,0.001020,0.035377
92,25,00589,rain,222,1,,0.999726,0.000274,L,0.999726,0.999453,0.003634,0.000547,0.044198
92,25,00589,rain,761,1,,1.000000,0.000000,L,1.000000,1.000000,0.000000,0.000000,0.852304
92,25,00589,rain,402,1,,0.999616,0.000384,L,0.999616,0.999232,0.004912,0.000768,0.042877
92,25,00589,rain,491,1,,0.999200,0.000800,L,0.999200,0.998399,0.009387,0.001601,0.046355
92,25,00589,rain,306,1,,0.998310,0.001690,L,0.998310,0.996620,0.017998,0.003380,0.178727
92,25,00589,rain,397,1,,0.999999,0.000001,L,0.999999,0.999998,0.000021,0.000002,0.621335
92,25,00589,rain,765,1,,0.999529,0.000471,L,0.999529,0.999059,0.005881,0.000941,0.035770
92,25,00589,rain,758,1,,0.999809,0.000191,L,0.999809,0.999619,0.002631,0.000381,0.131733
92,25,00589,rain,668,1,,0.998784,0.001216,L,0.998784,0.997569,0.013525,0.002431,0.135909
92,25,00589,rain,939,1,,0.995918,0.004082,L,0.995918,0.991837,0.038271,0.008163,0.119554
92,25,00589,rain,852,1,,1.000000,0.000000,L,1.000000,1.000000,0.000002,0.000000,0.612319
92,25,00589,rain,943,1,,0.998925,0.001075,L,0.998925,0.997851,0.012148,0.002149,0.063933
92,25,00589,rain,312,1,,0.999578,0.000422,L,0.999578,0.999157,0.005335,0.000843,0.039920
92,25,00589,rain,762,1,,1.000000,0.000000,L,1.000000,1.000000,0.000001,0.000000,0.732677
92,25,00589,rain,487,1,,0.998939,0.001061,L,0.998939,0.997878,0.012013,0.002122,0.204474
92,25,00589,rain,849,1,,0.999340,0.000659,L,0.999340,0.998681,0.007919,0.001319,0.157913
92,25,00589,rain,217,1,,0.996716,0.003284,L,0.996716,0.993432,0.031825,0.006568,0.123907
92,25,00589,rain,940,1,,0.996146,0.003854,L,0.996146,0.992292,0.036458,0.007708,0.114802
92,25,00589,rain,851,1,,1.000000,0.000000,L,1.000000,1.000000,0.000000,0.000000,0.811470
92,25,00589,rain,219,1,,0.997578,0.002422,L,0.997578,0.995156,0.024538,0.004844,0.103858
92,25,00589,rain,763,1,,0.999584,0.000416,L,0.999584,0.999169,0.005268,0.000831,0.150953
92,25,00589,rain,489,1,,0.999852,0.000148,L,0.999852,0.999704,0.002096,0.000296,0.287016
92,25,00589,rain,395,1,,0.999944,0.000056,L,0.999944,0.999888,0.000868,0.000112,0.131799
92,25,00589,rain,221,1,,0.999538,0.000462,L,0.999538,0.999076,0.005786,0.000924,0.052454
92,25,00589,rain,854,1,,0.999514,0.000486,L,0.999514,0.999028,0.006051,0.000972,0.042635
92,25,00589,rain,209,0,,0.999734,0.000266,L,0.999734,0.999468,0.003541,0.000532,0.038257
92,25,00589,rain,292,0,,0.999820,0.000180,L,0.999820,0.999640,0.002499,0.000360,0.042190
92,25,00589,rain,1123,0,,0.996160,0.003840,L,0.996160,0.992320,0.036343,0.007680,0.102101
92,25,00589,rain,373,0,,0.999689,0.000311,L,0.999689,0.999378,0.004074,0.000622,0.021114
92,25,00589,rain,1304,0,,0.997727,0.002273,L,0.997727,0.995454,0.023235,0.004546,0.083684
92,25,00589,rain,1183,0,,0.999014,0.000986,L,0.999014,0.998028,0.011268,0.001972,0.101330
92,25,00589,rain,1055,0,,0.997798,0.002202,L,0.997798,0.995595,0.022614,0.004405,0.071966
92,25,00589,rain,224,0,,0.999795,0.000205,L,0.999795,0.999591,0.002802,0.000409,0.039406
92,25,00589,rain,1098,0,,0.997714,0.002286,L,0.997714,0.995429,0.023346,0.004571,0.079170
92,25,00589,rain,996,0,,0.999216,0.000784,L,0.999216,0.998433,0.009216,0.001567,0.074236
92,25,00589,rain,275,0,,0.997930,0.002070,L,0.997930,0.995860,0.021441,0.004140,0.034594
92,25,00589,rain,1372,0,,0.997784,0.002216,L,0.997784,0.995567,0.022737,0.004433,0.155755
92,25,00589,rain,680,0,,0.999054,0.000946,L,0.999054,0.998108,0.010869,0.001892,0.032506
92,25,00589,rain,1330,0,,0.999274,0.000726,L,0.999274,0.998548,0.008619,0.001452,0.051233
92,25,00589,rain,47,0,,0.999789,0.000211,L,0.999789,0.999579,0.002876,0.000421,0.077261
92,25,00589,rain,936,0,,0.997327,0.002673,L,0.997327,0.994653,0.026701,0.005347,0.070156
92,25,00589,rain,906,0,,0.999493,0.000507,L,0.999493,0.998986,0.006283,0.001014,0.056572
92,25,00589,rain,121,0,,0.999692,0.000308,L,0.999692,0.999385,0.004034,0.000615,0.048972
93,26,00284,rain,832,1,,0.999992,0.000008,L,0.999992,0.999985,0.000139,0.000015,0.536842
93,26,00284,rain,921,1,,0.995858,0.004142,L,0.995858,0.991715,0.038752,0.008285,0.187484
93,26,00284,rain,654,1,,0.998435,0.001565,L,0.998435,0.996870,0.016842,0.003130,0.102180
93,26,00284,rain,741,1,,0.998865,0.001135,L,0.998865,0.997730,0.012740,0.002270,0.224471
93,26,00284,rain,746,1,,0.998140,0.001860,L,0.998140,0.996279,0.019556,0.003721,0.097409
93,26,00284,rain,743,1,,1.000000,0.000000,L,1.000000,0.999999,0.000007,0.000001,0.764965
93,26,00284,rain,1017,1,,0.999637,0.000363,L,0.999637,0.999275,0.004669,0.000725,0.063753
93,26,00284,rain,836,1,,0.999161,0.000839,L,0.999161,0.998323,0.009779,0.001677,0.075436
93,26,00284,rain,835,1,,0.999477,0.000523,L,0.999477,0.998954,0.006454,0.001046,0.072247
93,26,00284,rain,1016,1,,0.999779,0.000221,L,0.999779,0.999558,0.003001,0.000442,0.052287
93,26,00284,rain,1014,1,,0.999398,0.000602,L,0.999398,0.998796,0.007309,0.001204,0.058144
93,26,00284,rain,744,1,,1.000000,0.000000,L,1.000000,0.999999,0.000011,0.000001,0.579976
93,26,00284,rain,831,1,,0.999469,0.000531,L,0.999469,0.998939,0.006538,0.001061,0.220774
93,26,00284,rain,922,1,,0.997264,0.002736,L,0.997264,0.994527,0.027238,0.005473,0.144630
93,26,00284,rain,920,1,,0.999624,0.000375,L,0.999624,0.999249,0.004814,0.000751,0.204008
93,26,00284,rain,1012,1,,0.994576,0.005424,L,0.994576,0.989152,0.048628,0.010848,0.157547
93,26,00284,rain,652,1,,0.997360,0.002640,L,0.997360,0.994719,0.026418,0.005281,0.181191
93,26,00284,rain,927,1,,0.999324,0.000676,L,0.999324,0.998649,0.008089,0.001351,0.069137
93,26,00284,rain,745,1,,0.999073,0.000927,L,0.999073,0.998145,0.010681,0.001855,0.096279
93,26,00284,rain,561,1,,0.999417,0.000583,L,0.999417,0.998834,0.007103,0.001166,0.042502
93,26,00284,rain,742,1,,0.999993,0.000007,L,0.999993,0.999985,0.000136,0.000015,0.577029
93,26,00284,rain,924,1,,0.999525,0.000475,L,0.999525,0.999049,0.005933,0.000951,0.079461
93,26,00284,rain,925,1,,0.999716,0.000284,L,0.999716,0.999431,0.003761,0.000569,0.063462
93,26,00284,rain,923,1,,0.999442,0.000558,L,0.999442,0.998884,0.006834,0.001116,0.113424
93,26,00284,rain,1015,1,,0.999671,0.000329,L,0.999671,0.999341,0.004287,0.000659,0.050758
93,26,00284,rain,919,1,,0.999106,0.000894,L,0.999106,0.998211,0.010347,0.001789,0.153157
93,26,00284,rain,1105,1,,0.999422,0.000578,L,0.999422,0.998844,0.007051,0.001156,0.037018
93,26,00284,rain,1013,1,,0.996666,0.003334,L,0.996666,0.993331,0.032239,0.006669,0.107026
93,26,00284,rain,1104,1,,0.998517,0.001483,L,0.998517,0.997034,0.016073,0.002966,0.059228
93,26,00284,rain,651,1,,0.998583,0.001417,L,0.998583,0.997165,0.015455,0.002835,0.120752
93,26,00284,rain,747,1,,0.999007,0.000993,L,0.999007,0.998015,0.011335,0.001985,0.072604
93,26,00284,rain,926,1,,0.999857,0.000143,L,0.999857,0.999714,0.002033,0.000286,0.064530
93,26,00284,rain,830,1,,0.999453,0.000547,L,0.999453,0.998906,0.006714,0.001094,0.184888
93,26,00284,rain,1106,1,,0.999394,0.000606,L,0.999394,0.998788,0.007351,0.001212,0.051685
93,26,00284,rain,653,1,,0.998056,0.001944,L,0.998056,0.996113,0.020308,0.003887,0.123677
93,26,00284,rain,833,1,,1.000000,0.000000,L,1.000000,1.000000,0.000005,0.000000,0.722126
93,26,00284,rain,367,0,,0.999182,0.000818,L,0.999182,0.998364,0.009571,0.001636,0.061530
93,26,00284,rain,699,0,,0.999493,0.000507,L,0.999493,0.998986,0.006283,0.001014,0.059031
93,26,00284,rain,216,0,,0.998898,0.001102,L,0.998898,0.997797,0.012413,0.002203,0.046938
93,26,00284,rain,105,0,,0.998004,0.001996,L,0.998004,0.996009,0.020775,0.003991,0.125051
93,26,00284,rain,1321,0,,0.999392,0.000608,L,0.999392,0.998784,0.007374,0.001216,0.052821
93,26,00284,rain,88,0,,0.997905,0.002096,L,0.997905,0.995809,0.021667,0.004191,0.099818
93,26,00284,rain,604,0,,0.998946,0.001054,L,0.998946,0.997892,0.011945,0.002108,0.063980
93,26,00284,rain,1051,0,,0.998895,0.001105,L,0.998895,0.997790,0.012444,0.002210,0.050544
93,26,00284,rain,352,0,,0.999793,0.000207,L,0.999793,0.999586,0.002833,0.000414,0.092699
93,26,00284,rain,1399,0,,0.998277,0.001723,L,0.998277,0.996555,0.018299,0.003445,0.056706
93,26,00284,rain,489,0,,0.999548,0.000452,L,0.999548,0.999096,0.005675,0.000904,0.043351
93,26,00284,rain,589,0,,0.998927,0.001073,L,0.998927,0.997855,0.012129,0.002145,0.058471
93,26,00284,rain,594,0,,0.998483,0.001517,L,0.998483,0.996966,0.016393,0.003034,0.076883
93,26,00284,rain,1372,0,,0.998029,0.001971,L,0.998029,0.996058,0.020555,0.003942,0.076679
93,26,00284,rain,157,0,,0.999698,0.000302,L,0.999698,0.999395,0.003972,0.000605,0.070241
93,26,00284,rain,273,0,,0.996479,0.003521,L,0.996479,0.992957,0.033769,0.007043,0.088935
93,26,00284,rain,1416,0,,0.998893,0.001107,L,0.998893,0.997786,0.012468,0.002214,0.066364
93,26,00284,rain,239,0,,0.998979,0.001021,L,0.998979,0.997958,0.011616,0.002042,0.052226
94,33,00214,rain,1243,1,,0.999933,0.000067,L,0.999933,0.999867,0.001020,0.000133,0.089613
94,33,00214,rain,1157,1,,0.999969,0.000031,L,0.999969,0.999939,0.000502,0.000061,0.124305
94,33,00214,rain,1425,1,,0.999619,0.000381,L,0.999619,0.999238,0.004877,0.000762,0.089631
94,33,00214,rain,1250,1,,0.999509,0.000491,L,0.999509,0.999018,0.006106,0.000982,0.059242
94,33,00214,rain,1339,1,,0.999399,0.000601,L,0.999399,0.998799,0.007295,0.001201,0.056230
94,33,00214,rain,1065,1,,0.999727,0.000273,L,0.999727,0.999454,0.003624,0.000546,0.095062
94,33,00214,rain,1158,1,,0.999056,0.000944,L,0.999056,0.998113,0.010844,0.001887,0.172267
94,33,00214,rain,1335,1,,0.999989,0.000011,L,0.999989,0.999977,0.000204,0.000023,0.089678
94,33,00214,rain,1153,1,,0.999812,0.000188,L,0.999812,0.999623,0.002602,0.000377,0.093261
94,33,00214,rain,1160,1,,0.999103,0.000897,L,0.999103,0.998206,0.010376,0.001794,0.064677
94,33,00214,rain,1156,1,,0.999996,0.000004,L,0.999996,0.999991,0.000084,0.000009,0.217008
94,33,00214,rain,1337,1,,0.999999,0.000001,L,0.999999,0.999998,0.000019,0.000002,0.241711
94,33,00214,rain,1069,1,,0.998685,0.001315,L,0.998685,0.997371,0.014479,0.002629,0.080560
94,33,00214,rain,1063,1,,0.996338,0.003662,L,0.996338,0.992676,0.034909,0.007324,0.097794
94,33,00214,rain,1245,1,,1.000000,0.000000,L,1.000000,1.000000,0.000002,0.000000,0.344962
94,33,00214,rain,1340,1,,0.999270,0.000730,L,0.999270,0.998540,0.008657,0.001460,0.067552
94,33,00214,rain,1247,1,,1.000000,0.000000,L,1.000000,1.000000,0.000000,0.000000,0.573422
94,33,00214,rain,1336,1,,1.000000,0.000000,L,1.000000,0.999999,0.000008,0.000001,0.267586
94,33,00214,rain,1423,1,,0.998064,0.001936,L,0.998064,0.996129,0.020236,0.003871,0.072547
94,33,00214,rain,1426,1,,0.999873,0.000127,L,0.999873,0.999745,0.001832,0.000255,0.092708
94,33,00214,rain,1068,1,,0.998714,0.001286,L,0.998714,0.997429,0.014199,0.002571,0.104018
94,33,00214,rain,1334,1,,0.998356,0.001644,L,0.998356,0.996711,0.017577,0.003289,0.082916
94,33,00214,rain,1333,1,,0.999652,0.000348,L,0.999652,0.999305,0.004497,0.000695,0.076030
94,33,00214,rain,1427,1,,0.998585,0.001416,L,0.998585,0.997169,0.015438,0.002831,0.081851
94,33,00214,rain,1249,1,,0.999622,0.000378,L,0.999622,0.999244,0.004840,0.000756,0.063058
94,33,00214,rain,1429,1,,0.998883,0.001117,L,0.998883,0.997766,0.012566,0.002234,0.073832
94,33,00214,rain,1246,1,,1.000000,0.000000,L,1.000000,1.000000,0.000000,0.000000,0.578499
94,33,00214,rain,1338,1,,0.999608,0.000392,L,0.999608,0.999217,0.004996,0.000783,0.076290
94,33,00214,rain,1428,1,,0.998237,0.001763,L,0.998237,0.996475,0.018665,0.003525,0.096679
94,33,00214,rain,1066,1,,0.999300,0.000700,L,0.999300,0.998601,0.008343,0.001399,0.093000
94,33,00214,rain,1155,1,,0.999980,0.000020,L,0.999980,0.999960,0.000344,0.000040,0.101471
94,33,00214,rain,1248,1,,0.999987,0.000013,L,0.999987,0.999975,0.000226,0.000025,0.158064
94,33,00214,rain,1064,1,,0.998624,0.001376,L,0.998624,0.997248,0.015062,0.002752,0.107697
94,33,00214,rain,1424,1,,0.997924,0.002076,L,0.997924,0.995848,0.021494,0.004152,0.077964
94,33,00214,rain,1244,1,,0.999682,0.000318,L,0.999682,0.999364,0.004155,0.000636,0.091292
94,33,00214,rain,1154,1,,0.999790,0.000210,L,0.999790,0.999581,0.002863,0.000419,0.123496
94,33,00214,rain,1187,0,,0.999081,0.000919,L,0.999081,0.998162,0.010597,0.001838,0.040689
94,33,00214,rain,211,0,,0.999400,0.000600,L,0.999400,0.998799,0.007292,0.001201,0.074833
94,33,00214,rain,115,0,,0.998791,0.001209,L,0.998791,0.997581,0.013465,0.002419,0.249608
94,33,00214,rain,137,0,,0.999686,0.000314,L,0.999686,0.999371,0.004112,0.000629,0.174963
94,33,00214,rain,1413,0,,0.999168,0.000832,L,0.999168,0.998336,0.009711,0.001664,0.065836
94,33,00214,rain,178,0,,0.999589,0.000411,L,0.999589,0.999178,0.005214,0.000822,0.071127
94,33,00214,rain,845,0,,0.999657,0.000343,L,0.999657,0.999315,0.004438,0.000685,0.027258
94,33,00214,rain,113,0,,0.997394,0.002606,L,0.997394,0.994787,0.026127,0.005213,0.130946
94,33,00214,rain,501,0,,0.999832,0.000168,L,0.999832,0.999665,0.002344,0.000335,0.031409
94,33,00214,rain,739,0,,0.999808,0.000192,L,0.999808,0.999616,0.002645,0.000384,0.020881
94,33,00214,rain,647,0,,0.999766,0.000234,L,0.999766,0.999532,0.003159,0.000468,0.026160
94,33,00214,rain,1393,0,,0.999193,0.000807,L,0.999193,0.998386,0.009455,0.001614,0.048152
94,33,00214,rain,517,0,,0.999824,0.000176,L,0.999824,0.999649,0.002443,0.000351,0.030182
94,33,00214,rain,1028,0,,0.999014,0.000986,L,0.999014,0.998027,0.011273,0.001973,0.037926
94,33,00214,rain,1105,0,,0.999195,0.000805,L,0.999195,0.998389,0.009440,0.001611,0.028075
94,33,00214,rain,1176,0,,0.998730,0.001270,L,0.998730,0.997460,0.014050,0.002540,0.068467
94,33,00214,rain,787,0,,0.999686,0.000314,L,0.999686,0.999372,0.004106,0.000628,0.031316
94,33,00214,rain,233,0,,0.999866,0.000134,L,0.999866,0.999731,0.001922,0.000269,0.037344
95,34,00175,rain,900,1,,0.998329,0.001671,L,0.998329,0.996658,0.017823,0.003342,0.117082
95,34,00175,rain,901,1,,0.998893,0.001107,L,0.998893,0.997786,0.012468,0.002214,0.159819
95,34,00175,rain,902,1,,0.998187,0.001813,L,0.998187,0.996375,0.019123,0.003625,0.151200
95,34,00175,rain,903,1,,0.996921,0.003079,L,0.996921,0.993842,0.030124,0.006158,0.146063
95,34,00175,rain,904,1,,0.996334,0.003666,L,0.996334,0.992668,0.034945,0.007332,0.162916
95,34,00175,rain,905,1,,0.998430,0.001570,L,0.998430,0.996860,0.016889,0.003140,0.132923
95,34,00175,rain,990,1,,0.999923,0.000077,L,0.999923,0.999846,0.001160,0.000154,0.121754
95,34,00175,rain,991,1,,0.999950,0.000050,L,0.999950,0.999899,0.000792,0.000101,0.211266
95,34,00175,rain,992,1,,0.999988,0.000012,L,0.999988,0.999976,0.000212,0.000024,0.240294
95,34,00175,rain,993,1,,0.999506,0.000494,L,0.999506,0.999012,0.006137,0.000988,0.197384
95,34,00175,rain,994,1,,0.998129,0.001871,L,0.998129,0.996258,0.019653,0.003742,0.177229
95,34,00175,rain,995,1,,0.997538,0.002462,L,0.997538,0.995075,0.024886,0.004925,0.145231
95,34,00175,rain,1080,1,,0.999999,0.000001,L,0.999999,0.999998,0.000019,0.000002,0.493083
95,34,00175,rain,1081,1,,1.000000,0.000000,L,1.000000,0.999999,0.000007,0.000001,0.655574
95,34,00175,rain,1082,1,,1.000000,0.000000,L,1.000000,1.000000,0.000002,0.000000,0.732736
95,34,00175,rain,1083,1,,1.000000,0.000000,L,1.000000,0.999999,0.000007,0.000001,0.609027
95,34,00175,rain,1084,1,,0.999998,0.000002,L,0.999998,0.999997,0.000032,0.000003,0.415061
95,34,00175,rain,1085,1,,0.999935,0.000065,L,0.999935,0.999870,0.001001,0.000130,0.156898
95,34,00175,rain,1170,1,,0.999946,0.000054,L,0.999946,0.999893,0.000839,0.000107,0.127508
95,34,00175,rain,1171,1,,0.999731,0.000269,L,0.999731,0.999463,0.003573,0.000537,0.128453
95,34,00175,rain,1172,1,,0.999991,0.000009,L,0.999991,0.999982,0.000164,0.000018,0.176823
95,34,00175,rain,1173,1,,0.999680,0.000320,L,0.999680,0.999360,0.004176,0.000640,0.136857
95,34,00175,rain,1174,1,,0.999485,0.000515,L,0.999485,0.998971,0.006365,0.001029,0.094592
95,34,00175,rain,1175,1,,0.999368,0.000632,L,0.999368,0.998736,0.007627,0.001264,0.071450
95,34,00175,rain,1260,1,,0.994888,0.005112,L,0.994888,0.989777,0.046265,0.010223,0.123623
95,34,00175,rain,1261,1,,0.996402,0.003598,L,0.996402,0.992804,0.034391,0.007196,0.114900
95,34,00175,rain,1262,1,,0.997859,0.002141,L,0.997859,0.995718,0.022070,0.004282,0.134188
95,34,00175,rain,1263,1,,0.998198,0.001802,L,0.998198,0.996396,0.019024,0.003604,0.123813
95,34,00175,rain,1264,1,,0.999063,0.000937,L,0.999063,0.998126,0.010779,0.001874,0.122457
95,34,00175,rain,1265,1,,0.999222,0.000778,L,0.999222,0.998445,0.009154,0.001555,0.078107
95,34,00175,rain,565,0,,0.999328,0.000672,L,0.999328,0.998655,0.008056,0.001345,0.097000
95,34,00175,rain,985,0,,0.998744,0.001256,L,0.998744,0.997488,0.013916,0.002512,0.047372
95,34,00175,rain,1052,0,,0.999018,0.000982,L,0.999018,0.998037,0.011225,0.001963,0.040307
95,34,00175,rain,696,0,,0.999775,0.000225,L,0.999775,0.999550,0.003050,0.000450,0.038239
95,34,00175,rain,1074,0,,0.998831,0.001169,L,0.998831,0.997662,0.013070,0.002338,0.049341
95,34,00175,rain,181,0,,0.960724,0.039276,L,0.960724,0.921448,0.238962,0.078552,0.093130
95,34,00175,rain,1054,0,,0.999186,0.000813,L,0.999186,0.998373,0.009522,0.001627,0.037704
95,34,00175,rain,916,0,,0.999639,0.000361,L,0.999639,0.999278,0.004651,0.000722,0.033078
95,34,00175,rain,844,0,,0.999272,0.000728,L,0.999272,0.998543,0.008642,0.001457,0.028556
95,34,00175,rain,863,0,,0.999467,0.000533,L,0.999467,0.998935,0.006561,0.001065,0.032632
95,34,00175,rain,746,0,,0.999319,0.000681,L,0.999319,0.998639,0.008143,0.001361,0.044892
95,34,00175,rain,1036,0,,0.998298,0.001702,L,0.998298,0.996596,0.018109,0.003404,0.060591
95,34,00175,rain,1313,0,,0.998811,0.001189,L,0.998811,0.997623,0.013264,0.002377,0.046003
95,34,00175,rain,671,0,,0.999718,0.000282,L,0.999718,0.999436,0.003730,0.000564,0.054348
95,34,00175,rain,1422,0,,0.999968,0.000032,L,0.999968,0.999936,0.000523,0.000064,0.080559
95,34,00175,rain,825,0,,0.999112,0.000888,L,0.999112,0.998224,0.010281,0.001776,0.043738
95,34,00175,rain,631,0,,0.999097,0.000903,L,0.999097,0.998194,0.010435,0.001806,0.066610
95,34,00175,rain,928,0,,0.999099,0.000901,L,0.999099,0.998198,0.010412,0.001802,0.045310
96,30,00123,sleet,283,1,,0.997991,0.002009,L,0.997991,0.995983,0.020892,0.004017,0.158245
96,30,00123,sleet,284,1,,0.996002,0.003998,L,0.996002,0.992004,0.037607,0.007996,0.153779
96,30,00123,sleet,285,1,,0.997613,0.002387,L,0.997613,0.995226,0.024232,0.004774,0.091129
96,30,00123,sleet,286,1,,0.997915,0.002085,L,0.997915,0.995830,0.021575,0.004170,0.098286
96,30,00123,sleet,373,1,,0.998744,0.001255,L,0.998744,0.997489,0.013909,0.002511,0.149606
96,30,00123,sleet,374,1,,0.997104,0.002896,L,0.997104,0.994208,0.028588,0.005792,0.151057
96,30,00123,sleet,375,1,,0.999174,0.000826,L,0.999174,0.998348,0.009649,0.001652,0.090129
96,30,00123,sleet,376,1,,0.999582,0.000418,L,0.999582,0.999163,0.005299,0.000837,0.105831
96,30,00123,sleet,463,1,,0.998447,0.001553,L,0.998447,0.996894,0.016731,0.003106,0.209257
96,30,00123,sleet,464,1,,0.999725,0.000275,L,0.999725,0.999450,0.003647,0.000550,0.263396
96,30,00123,sleet,465,1,,0.998916,0.001084,L,0.998916,0.997833,0.012237,0.002167,0.160323
96,30,00123,sleet,466,1,,0.999082,0.000918,L,0.999082,0.998164,0.010586,0.001836,0.096046
96,30,00123,sleet,553,1,,0.999446,0.000554,L,0.999446,0.998891,0.006795,0.001109,0.262521
96,30,00123,sleet,554,1,,1.000000,0.000000,L,1.000000,1.000000,0.000003,0.000000,0.825856
96,30,00123,sleet,555,1,,0.997578,0.002422,L,0.997578,0.995157,0.024533,0.004843,0.245877
96,30,00123,sleet,642,1,,0.999441,0.000559,L,0.999441,0.998881,0.006849,0.001119,0.170834
96,30,00123,sleet,643,1,,0.999371,0.000630,L,0.999371,0.998741,0.007602,0.001259,0.263603
96,30,00123,sleet,644,1,,1.000000,0.000000,L,1.000000,1.000000,0.000004,0.000000,0.815284
96,30,00123,sleet,645,1,,0.999985,0.000015,L,0.999985,0.999971,0.000256,0.000029,0.436251
96,30,00123,sleet,732,1,,0.999347,0.000653,L,0.999347,0.998695,0.007848,0.001305,0.222628
96,30,00123,sleet,733,1,,0.999015,0.000985,L,0.999015,0.998029,0.011261,0.001971,0.263055
96,30,00123,sleet,734,1,,0.999962,0.000038,L,0.999962,0.999925,0.000608,0.000075,0.402186
96,30,00123,sleet,735,1,,0.999956,0.000044,L,0.999956,0.999912,0.000703,0.000088,0.361131
96,30,00123,sleet,822,1,,0.998141,0.001859,L,0.998141,0.996283,0.019540,0.003717,0.142659
96,30,00123,sleet,823,1,,0.998680,0.001320,L,0.998680,0.997359,0.014532,0.002641,0.178298
96,30,00123,sleet,824,1,,0.997134,0.002866,L,0.997134,0.994267,0.028341,0.005733,0.139359
96,30,00123,sleet,825,1,,0.996934,0.003066,L,0.996934,0.993869,0.030013,0.006131,0.107976
96,30,00123,sleet,913,1,,0.997218,0.002782,L,0.997218,0.994436,0.027627,0.005564,0.101063
96,30,00123,sleet,914,1,,0.997080,0.002920,L,0.997080,0.994161,0.028789,0.005839,0.106472
96,30,00123,sleet,915,1,,0.996668,0.003332,L,0.996668,0.993336,0.032221,0.006664,0.097789
96,30,00123,sleet,1199,0,,0.998684,0.001316,L,0.998684,0.997368,0.014490,0.002632,0.062582
96,30,00123,sleet,1399,0,,0.999226,0.000774,L,0.999226,0.998451,0.009119,0.001549,0.041147
96,30,00123,sleet,398,0,,0.999171,0.000829,L,0.999171,0.998343,0.009678,0.001657,0.063316
96,30,00123,sleet,891,0,,0.999520,0.000480,L,0.999520,0.999039,0.005989,0.000961,0.051760
96,30,00123,sleet,787,0,,0.999613,0.000387,L,0.999613,0.999227,0.004941,0.000773,0.041434
96,30,00123,sleet,753,0,,0.997003,0.002997,L,0.997003,0.994006,0.029439,0.005994,0.061339
96,30,00123,sleet,506,0,,0.999765,0.000235,L,0.999765,0.999530,0.003174,0.000470,0.053039
96,30,00123,sleet,728,0,,0.997217,0.002783,L,0.997217,0.994434,0.027634,0.005566,0.103171
96,30,00123,sleet,530,0,,0.999776,0.000224,L,0.999776,0.999551,0.003043,0.000449,0.052261
96,30,00123,sleet,729,0,,0.996157,0.003843,L,0.996157,0.992314,0.036368,0.007686,0.114036
96,30,00123,sleet,1412,0,,0.999007,0.000993,L,0.999007,0.998013,0.011343,0.001987,0.067992
96,30,00123,sleet,259,0,,0.999832,0.000168,L,0.999832,0.999663,0.002354,0.000337,0.054259
96,30,00123,sleet,501,0,,0.999776,0.000224,L,0.999776,0.999551,0.003043,0.000449,0.052261
96,30,00123,sleet,659,0,,0.997217,0.002783,L,0.997217,0.994434,0.027634,0.005566,0.058342
96,30,00123,sleet,187,0,,0.995182,0.004817,L,0.995182,0.990365,0.044016,0.009635,0.084690
96,30,00123,sleet,1339,0,,0.999312,0.000688,L,0.999312,0.998624,0.008222,0.001376,0.051155
96,30,00123,sleet,424,0,,0.999789,0.000211,L,0.999789,0.999578,0.002884,0.000422,0.042742
96,30,00123,sleet,1203,0,,0.998766,0.001234,L,0.998766,0.997532,0.013701,0.002468,0.068549
97,30,00171,sleet,462,1,,0.997411,0.002589,L,0.997411,0.994822,0.025978,0.005178,0.195355
97,30,00171,sleet,552,1,,0.998448,0.001552,L,0.998448,0.996897,0.016716,0.003103,0.211403
97,30,00171,sleet,553,1,,0.997299,0.002700,L,0.997299,0.994599,0.026933,0.005401,0.197625
97,30,00171,sleet,554,1,,0.997834,0.002166,L,0.997834,0.995669,0.022290,0.004331,0.184301
97,30,00171,sleet,555,1,,0.998182,0.001818,L,0.998182,0.996363,0.019173,0.003637,0.152882
97,30,00171,sleet,642,1,,0.998924,0.001076,L,0.998924,0.997849,0.012157,0.002151,0.220352
97,30,00171,sleet,643,1,,0.999840,0.000160,L,0.999840,0.999680,0.002251,0.000320,0.255488
97,30,00171,sleet,644,1,,0.999179,0.000821,L,0.999179,0.998358,0.009601,0.001642,0.190434
97,30,00171,sleet,645,1,,0.999678,0.000322,L,0.999678,0.999356,0.004199,0.000644,0.142897
97,30,00171,sleet,732,1,,0.999526,0.000474,L,0.999526,0.999053,0.005915,0.000947,0.234905
97,30,00171,sleet,733,1,,1.000000,0.000000,L,1.000000,1.000000,0.000006,0.000000,0.565600
97,30,00171,sleet,734,1,,0.998273,0.001727,L,0.998273,0.996546,0.018339,0.003454,0.129894
97,30,00171,sleet,821,1,,0.997772,0.002228,L,0.997772,0.995544,0.022841,0.004456,0.160577
97,30,00171,sleet,822,1,,0.999999,0.000001,L,0.999999,0.999998,0.000018,0.000002,0.644810
97,30,00171,sleet,823,1,,1.000000,0.000000,L,1.000000,1.000000,0.000003,0.000000,0.819049
97,30,00171,sleet,824,1,,0.997418,0.002582,L,0.997418,0.994836,0.025917,0.005164,0.164748
97,30,00171,sleet,911,1,,0.998511,0.001489,L,0.998511,0.997021,0.016134,0.002979,0.189110
97,30,00171,sleet,912,1,,0.999982,0.000018,L,0.999982,0.999963,0.000317,0.000037,0.448594
97,30,00171,sleet,913,1,,1.000000,0.000000,L,1.000000,1.000000,0.000006,0.000000,0.703981
97,30,00171,sleet,914,1,,0.999440,0.000560,L,0.999440,0.998880,0.006857,0.001120,0.227898
97,30,00171,sleet,1001,1,,0.998319,0.001681,L,0.998319,0.996637,0.017919,0.003363,0.211741
97,30,00171,sleet,1002,1,,0.999210,0.000790,L,0.999210,0.998421,0.009277,0.001579,0.261537
97,30,00171,sleet,1003,1,,0.999969,0.000031,L,0.999969,0.999937,0.000514,0.000063,0.402432
97,30,00171,sleet,1004,1,,0.999709,0.000291,L,0.999709,0.999418,0.003839,0.000582,0.285771
97,30,00171,sleet,1090,1,,0.996710,0.003290,L,0.996710,0.993419,0.031876,0.006581,0.128636
97,30,00171,sleet,1091,1,,0.998633,0.001367,L,0.998633,0.997267,0.014975,0.002733,0.217927
97,30,00171,sleet,1092,1,,0.997301,0.002699,L,0.997301,0.994602,0.026919,0.005398,0.186751
97,30,00171,sleet,1093,1,,0.996204,0.003796,L,0.996204,0.992409,0.035989,0.007591,0.179484
97,30,00171,sleet,1183,1,,0.996423,0.003577,L,0.996423,0.992846,0.034223,0.007154,0.114601
97,30,00171,sleet,723,0,,0.998687,0.001313,L,0.998687,0.997373,0.014465,0.002627,0.101482
97,30,00171,sleet,559,0,,0.999280,0.000720,L,0.999280,0.998561,0.008552,0.001439,0.194716
97,30,00171,sleet,1025,0,,0.998570,0.001430,L,0.998570,0.997140,0.015576,0.002860,0.062727
97,30,00171,sleet,8,0,,0.998684,0.001316,L,0.998684,0.997367,0.014496,0.002633,0.097882
97,30,00171,sleet,1047,0,,0.998891,0.001109,L,0.998891,0.997782,0.012486,0.002218,0.037713
97,30,00171,sleet,1072,0,,0.998697,0.001303,L,0.998697,0.997394,0.014366,0.002606,0.047940
97,30,00171,sleet,1199,0,,0.995726,0.004274,L,0.995726,0.991452,0.039789,0.008548,0.079201
97,30,00171,sleet,219,0,,0.999765,0.000235,L,0.999765,0.999531,0.003166,0.000469,0.039281
97,30,00171,sleet,832,0,,0.998593,0.001407,L,0.998593,0.997186,0.015359,0.002814,0.056376
97,30,00171,sleet,1303,0,,0.999188,0.000812,L,0.999188,0.998376,0.009505,0.001624,0.070283
97,30,00171,sleet,88,0,,0.999681,0.000319,L,0.999681,0.999361,0.004170,0.000639,0.078225
97,30,00171,sleet,154,0,,0.999732,0.000268,L,0.999732,0.999465,0.003563,0.000535,0.088182
97,30,00171,sleet,944,0,,0.998858,0.001142,L,0.998858,0.997716,0.012810,0.002284,0.043060
97,30,00171,sleet,272,0,,0.994305,0.005695,L,0.994305,0.988610,0.050654,0.011390,0.109474
97,30,00171,sleet,511,0,,0.999769,0.000231,L,0.999769,0.999538,0.003124,0.000462,0.068952
97,30,00171,sleet,316,0,,0.999817,0.000183,L,0.999817,0.999635,0.002532,0.000365,0.052368
97,30,00171,sleet,1340,0,,0.999312,0.000688,L,0.999312,0.998624,0.008222,0.001376,0.051155
97,30,00171,sleet,1005,0,,0.998516,0.001484,L,0.998516,0.997033,0.016079,0.002967,0.217589
98,30,00219,sleet,1182,1,,0.999964,0.000036,L,0.999964,0.999929,0.000576,0.000071,0.306772
98,30,00219,sleet,1089,1,,0.999293,0.000707,L,0.999293,0.998586,0.008419,0.001414,0.220352
98,30,00219,sleet,1179,1,,0.998265,0.001735,L,0.998265,0.996531,0.018408,0.003469,0.194393
98,30,00219,sleet,1360,1,,0.996664,0.003336,L,0.996664,0.993329,0.032249,0.006671,0.134234
98,30,00219,sleet,910,1,,0.998624,0.001376,L,0.998624,0.997248,0.015064,0.002752,0.204535
98,30,00219,sleet,731,1,,0.998406,0.001594,L,0.998406,0.996812,0.017112,0.003188,0.151656
98,30,00219,sleet,1180,1,,0.999228,0.000772,L,0.999228,0.998456,0.009095,0.001544,0.210359
98,30,00219,sleet,914,1,,0.999144,0.000856,L,0.999144,0.998289,0.009952,0.001711,0.100559
98,30,00219,sleet,1181,1,,0.999921,0.000079,L,0.999921,0.999842,0.001188,0.000158,0.295065
98,30,00219,sleet,1187,1,,0.998832,0.001168,L,0.998832,0.997664,0.013064,0.002336,0.085076
98,30,00219,sleet,822,1,,0.999564,0.000436,L,0.999564,0.999129,0.005493,0.000871,0.165094
98,30,00219,sleet,1275,1,,0.997878,0.002122,L,0.997878,0.995756,0.021903,0.004244,0.080892
98,30,00219,sleet,823,1,,0.998894,0.001106,L,0.998894,0.997788,0.012459,0.002212,0.095822
98,30,00219,sleet,732,1,,0.997801,0.002199,L,0.997801,0.995603,0.022581,0.004397,0.105183
98,30,00219,sleet,1005,1,,0.997036,0.002964,L,0.997036,0.994071,0.029166,0.005929,0.096386
98,30,00219,sleet,1003,1,,0.996587,0.003413,L,0.996587,0.993173,0.032887,0.006827,0.119858
98,30,00219,sleet,1361,1,,0.997156,0.002844,L,0.997156,0.994312,0.028151,0.005688,0.138834
98,30,00219,sleet,1364,1,,0.997510,0.002490,L,0.997510,0.995020,0.025123,0.004980,0.093965
98,30,00219,sleet,1007,1,,0.998909,0.001091,L,0.998909,0.997818,0.012309,0.002182,0.072713
98,30,00219,sleet,1185,1,,0.998119,0.001881,L,0.998119,0.996239,0.019738,0.003761,0.091076
98,30,00219,sleet,1006,1,,0.997208,0.002792,L,0.997208,0.994417,0.027707,0.005583,0.091437
98,30,00219,sleet,1097,1,,0.999028,0.000972,L,0.999028,0.998057,0.011125,0.001943,0.086379
98,30,00219,sleet,1186,1,,0.998813,0.001187,L,0.998813,0.997626,0.013246,0.002374,0.090805
98,30,00219,sleet,821,1,,0.998715,0.001285,L,0.998715,0.997431,0.014191,0.002569,0.204586
98,30,00219,sleet,1095,1,,0.999167,0.000833,L,0.999167,0.998334,0.009721,0.001666,0.091247
98,30,00219,sleet,1000,1,,0.998862,0.001138,L,0.998862,0.997723,0.012773,0.002277,0.239007
98,30,00219,sleet,1270,1,,0.997614,0.002386,L,0.997614,0.995227,0.024227,0.004773,0.180455
98,30,00219,sleet,912,1,,0.999230,0.000770,L,0.999230,0.998460,0.009075,0.001540,0.160170
98,30,00219,sleet,1091,1,,1.000000,0.000000,L,1.000000,1.000000,0.000002,0.000000,0.850266
98,30,00219,sleet,1090,1,,0.999611,0.000389,L,0.999611,0.999222,0.004966,0.000778,0.259055
98,30,00219,sleet,1096,1,,0.998702,0.001298,L,0.998702,0.997405,0.014315,0.002595,0.096257
98,30,00219,sleet,1276,1,,0.998920,0.001080,L,0.998920,0.997841,0.012198,0.002159,0.099823
98,30,00219,sleet,1273,1,,0.996997,0.003003,L,0.996997,0.993993,0.029492,0.006007,0.118152
98,30,00219,sleet,1002,1,,1.000000,0.000000,L,1.000000,1.000000,0.000003,0.000000,0.734346
98,30,00219,sleet,1094,1,,0.995924,0.004076,L,0.995924,0.991848,0.038228,0.008152,0.101209
98,30,00219,sleet,1004,1,,0.997425,0.002575,L,0.997425,0.994850,0.025858,0.005150,0.109384
98,30,00219,sleet,308,0,,0.999615,0.000385,L,0.999615,0.999231,0.004918,0.000769,0.045538
98,30,00219,sleet,894,0,,0.999508,0.000492,L,0.999508,0.999016,0.006118,0.000984,0.051456
98,30,00219,sleet,935,0,,0.995483,0.004517,L,0.995483,0.990967,0.041689,0.009033,0.067536
98,30,00219,sleet,1224,0,,0.999186,0.000814,L,0.999186,0.998371,0.009531,0.001629,0.053389
98,30,00219,sleet,108,0,,0.995454,0.004546,L,0.995454,0.990907,0.041919,0.009093,0.093239
98,30,00219,sleet,1314,0,,0.999312,0.000688,L,0.999312,0.998624,0.008222,0.001376,0.051155
98,30,00219,sleet,817,0,,0.996387,0.003612,L,0.996387,0.992775,0.034510,0.007225,0.086745
98,30,00219,sleet,1313,0,,0.999312,0.000688,L,0.999312,0.998624,0.008222,0.001376,0.051155
98,30,00219,sleet,516,0,,0.999776,0.000224,L,0.999776,0.999551,0.003043,0.000449,0.052261
98,30,00219,sleet,566,0,,0.996697,0.003303,L,0.996697,0.993394,0.031980,0.006606,0.112393
98,30,00219,sleet,625,0,,0.999862,0.000138,L,0.999862,0.999723,0.001973,0.000277,0.056918
98,30,00219,sleet,19,0,,0.995571,0.004429,L,0.995571,0.991143,0.041003,0.008857,0.077230
98,30,00219,sleet,1040,0,,0.998698,0.001302,L,0.998698,0.997395,0.014359,0.002605,0.047938
98,30,00219,sleet,313,0,,0.999835,0.000164,L,0.999835,0.999671,0.002304,0.000329,0.052846
98,30,00219,sleet,396,0,,0.999569,0.000431,L,0.999569,0.999138,0.005441,0.000862,0.039275
98,30,00219,sleet,902,0,,0.998694,0.001306,L,0.998694,0.997389,0.014390,0.002611,0.055287
98,30,00219,sleet,347,0,,0.999818,0.000183,L,0.999818,0.999635,0.002530,0.000365,0.052407
98,30,00219,sleet,514,0,,0.999776,0.000224,L,0.999776,0.999551,0.003043,0.000449,0.052261
99,30,00384,sleet,1183,1,,0.996549,0.003451,L,0.996549,0.993099,0.033192,0.006901,0.185468
99,30,00384,sleet,277,1,,1.000000,0.000000,L,1.000000,1.000000,0.000002,0.000000,0.801883
99,30,00384,sleet,825,1,,0.999798,0.000202,L,0.999798,0.999597,0.002766,0.000403,0.092259
99,30,00384,sleet,1004,1,,0.999094,0.000906,L,0.999094,0.998188,0.010465,0.001812,0.272357
99,30,00384,sleet,1002,1,,0.999998,0.000002,L,0.999998,0.999996,0.000045,0.000004,0.596976
99,30,00384,sleet,913,1,,1.000000,0.000000,L,1.000000,1.000000,0.000002,0.000000,0.774120
99,30,00384,sleet,1093,1,,0.999998,0.000002,L,0.999998,0.999995,0.000048,0.000005,0.540904
99,30,00384,sleet,732,1,,0.999106,0.000894,L,0.999106,0.998212,0.010341,0.001788,0.176864
99,30,00384,sleet,9,1,,0.999924,0.000076,L,0.999924,0.999848,0.001152,0.000152,0.148663
99,30,00384,sleet,912,1,,0.999998,0.000002,L,0.999998,0.999996,0.000038,0.000004,0.379656
99,30,00384,sleet,367,1,,1.000000,0.000000,L,1.000000,1.000000,0.000002,0.000000,0.761543
99,30,00384,sleet,728,1,,0.995690,0.004310,L,0.995690,0.991379,0.040076,0.008621,0.083711
99,30,00384,sleet,275,1,,0.999027,0.000974,L,0.999027,0.998053,0.011143,0.001947,0.208733
99,30,00384,sleet,544,1,,0.998144,0.001856,L,0.998144,0.996289,0.019513,0.003711,0.134446
99,30,00384,sleet,1181,1,,0.998717,0.001283,L,0.998717,0.997434,0.014175,0.002566,0.178814
99,30,00384,sleet,824,1,,0.999659,0.000341,L,0.999659,0.999319,0.004414,0.000681,0.142044
99,30,00384,sleet,279,1,,0.999528,0.000472,L,0.999528,0.999056,0.005894,0.000944,0.203686
99,30,00384,sleet,10,1,,0.999528,0.000472,L,0.999528,0.999057,0.005892,0.000943,0.118143
99,30,00384,sleet,7,1,,0.999814,0.000186,L,0.999814,0.999627,0.002578,0.000373,0.167960
99,30,00384,sleet,915,1,,0.995052,0.004948,L,0.995052,0.990103,0.045020,0.009897,0.142174
99,30,00384,sleet,366,1,,0.999961,0.000039,L,0.999961,0.999922,0.000624,0.000078,0.359429
99,30,00384,sleet,635,1,,0.998901,0.001099,L,0.998901,0.997801,0.012390,0.002199,0.103343
99,30,00384,sleet,458,1,,0.997598,0.002402,L,0.997598,0.995197,0.024360,0.004803,0.200213
99,30,00384,sleet,643,1,,0.998748,0.001252,L,0.998748,0.997495,0.013879,0.002505,0.112082
99,30,00384,sleet,100,1,,0.999991,0.000009,L,0.999991,0.999983,0.000156,0.000017,0.119312
99,30,00384,sleet,547,1,,0.994807,0.005193,L,0.994807,0.989614,0.046883,0.010386,0.191327
99,30,00384,sleet,365,1,,0.998638,0.001362,L,0.998638,0.997276,0.014929,0.002724,0.195297
99,30,00384,sleet,98,1,,1.000000,0.000000,L,1.000000,0.999999,0.000010,0.000001,0.380595
99,30,00384,sleet,276,1,,0.999766,0.000234,L,0.999766,0.999532,0.003162,0.000468,0.282599
99,30,00384,sleet,733,1,,0.999171,0.000828,L,0.999171,0.998343,0.009676,0.001657,0.155699
99,30,00384,sleet,457,1,,0.999871,0.000129,L,0.999871,0.999742,0.001853,0.000258,0.282510
99,30,00384,sleet,187,1,,1.000000,0.000000,L,1.000000,1.000000,0.000004,0.000000,0.658761
99,30,00384,sleet,186,1,,0.998876,0.001124,L,0.998876,0.997753,0.012629,0.002247,0.218616
99,30,00384,sleet,1003,1,,1.000000,0.000000,L,1.000000,1.000000,0.000005,0.000000,0.817147
99,30,00384,sleet,1001,1,,0.999502,0.000498,L,0.999502,0.999004,0.006180,0.000996,0.207192
99,30,00384,sleet,6,1,,0.998992,0.001008,L,0.998992,0.997984,0.011487,0.002016,0.135845
99,30,00384,sleet,928,0,,0.998543,0.001457,L,0.998543,0.997085,0.015832,0.002915,0.085584
99,30,00384,sleet,767,0,,0.999536,0.000464,L,0.999536,0.999072,0.005809,0.000928,0.066458
99,30,00384,sleet,905,0,,0.996068,0.003932,L,0.996068,0.992137,0.037076,0.007863,0.076116
99,30,00384,sleet,1054,0,,0.998918,0.001082,L,0.998918,0.997835,0.012224,0.002165,0.036903
99,30,00384,sleet,870,0,,0.999649,0.000351,L,0.999649,0.999298,0.004536,0.000702,0.035800
99,30,00384,sleet,1072,0,,0.998697,0.001303,L,0.998697,0.997394,0.014366,0.002606,0.047940
99,30,00384,sleet,831,0,,0.997833,0.002167,L,0.997833,0.995666,0.022301,0.004334,0.092269
99,30,00384,sleet,288,0,,0.997549,0.002451,L,0.997549,0.995098,0.024786,0.004902,0.086354
99,30,00384,sleet,586,0,,0.999743,0.000257,L,0.999743,0.999486,0.003436,0.000514,0.049959
99,30,00384,sleet,3,0,,0.998565,0.001435,L,0.998565,0.997130,0.015625,0.002870,0.089266
99,30,00384,sleet,262,0,,0.999831,0.000169,L,0.999831,0.999662,0.002358,0.000338,0.054248
99,30,00384,sleet,350,0,,0.999818,0.000183,L,0.999818,0.999635,0.002530,0.000365,0.052407
99,30,00384,sleet,521,0,,0.999776,0.000224,L,0.999776,0.999551,0.003043,0.000449,0.052261
99,30,00384,sleet,77,0,,0.999787,0.000213,L,0.999787,0.999575,0.002901,0.000425,0.078111
99,30,00384,sleet,603,0,,0.999713,0.000287,L,0.999713,0.999425,0.003795,0.000575,0.065870
99,30,00384,sleet,1132,0,,0.998959,0.001041,L,0.998959,0.997917,0.011818,0.002083,0.054546
99,30,00384,sleet,872,0,,0.999584,0.000416,L,0.999584,0.999167,0.005276,0.000833,0.051961
99,30,00384,sleet,641,0,,0.999149,0.000851,L,0.999149,0.998298,0.009905,0.001702,0.104150
100,30,00432,sleet,1185,1,,0.999249,0.000751,L,0.999249,0.998498,0.008877,0.001502,0.176596
100,30,00432,sleet,1365,1,,0.999682,0.000318,L,0.999682,0.999364,0.004154,0.000636,0.142261
100,30,00432,sleet,1367,1,,0.999978,0.000022,L,0.999978,0.999956,0.000375,0.000044,0.178363
100,30,00432,sleet,97,1,,0.998361,0.001639,L,0.998361,0.996722,0.017529,0.003278,0.122071
100,30,00432,sleet,1277,1,,0.999958,0.000042,L,0.999958,0.999915,0.000678,0.000085,0.250661
100,30,00432,sleet,917,1,,0.998351,0.001649,L,0.998351,0.996701,0.017624,0.003299,0.169903
100,30,00432,sleet,100,1,,0.999999,0.000001,L,0.999999,0.999998,0.000019,0.000002,0.338674
100,30,00432,sleet,368,1,,0.998482,0.001518,L,0.998482,0.996965,0.016399,0.003035,0.203886
100,30,00432,sleet,10,1,,0.999999,0.000001,L,0.999999,0.999999,0.000015,0.000001,0.282030
100,30,00432,sleet,367,1,,0.996335,0.003665,L,0.996335,0.992670,0.034935,0.007330,0.150407
100,30,00432,sleet,1006,1,,0.998315,0.001685,L,0.998315,0.996630,0.017952,0.003370,0.236495
100,30,00432,sleet,1184,1,,0.999114,0.000886,L,0.999114,0.998228,0.010262,0.001772,0.135531
100,30,00432,sleet,1275,1,,0.999182,0.000818,L,0.999182,0.998364,0.009569,0.001636,0.160068
100,30,00432,sleet,914,1,,0.998618,0.001382,L,0.998618,0.997237,0.015116,0.002763,0.138892
100,30,00432,sleet,825,1,,0.996805,0.003195,L,0.996805,0.993610,0.031088,0.006390,0.101071
100,30,00432,sleet,916,1,,0.997759,0.002241,L,0.997759,0.995518,0.022955,0.004482,0.177797
100,30,00432,sleet,1096,1,,0.999930,0.000070,L,0.999930,0.999859,0.001071,0.000141,0.285570
100,30,00432,sleet,8,1,,0.997187,0.002813,L,0.997187,0.994373,0.027893,0.005627,0.153789
100,30,00432,sleet,1007,1,,0.999117,0.000883,L,0.999117,0.998235,0.010227,0.001765,0.261242
100,30,00432,sleet,1368,1,,0.999912,0.000088,L,0.999912,0.999823,0.001318,0.000177,0.099227
100,30,00432,sleet,370,1,,0.997128,0.002872,L,0.997128,0.994257,0.028384,0.005743,0.214878
100,30,00432,sleet,1278,1,,0.999567,0.000433,L,0.999567,0.999135,0.005459,0.000865,0.116148
100,30,00432,sleet,281,1,,0.999979,0.000021,L,0.999979,0.999958,0.000355,0.000042,0.469613
100,30,00432,sleet,457,1,,0.992457,0.007543,L,0.992457,0.984915,0.064021,0.015085,0.114465
100,30,00432,sleet,190,1,,0.999995,0.000005,L,0.999995,0.999991,0.000088,0.000009,0.498355
100,30,00432,sleet,824,1,,0.997114,0.002886,L,0.997114,0.994227,0.028508,0.005773,0.100383
100,30,00432,sleet,189,1,,0.999996,0.000004,L,0.999996,0.999992,0.000077,0.000008,0.450908
100,30,00432,sleet,369,1,,0.997436,0.002564,L,0.997436,0.994873,0.025760,0.005127,0.212963
100,30,00432,sleet,1366,1,,0.999752,0.000248,L,0.999752,0.999504,0.003326,0.000496,0.155713
100,30,00432,sleet,1097,1,,0.999971,0.000029,L,0.999971,0.999943,0.000473,0.000057,0.332570
100,30,00432,sleet,1187,1,,0.999984,0.000016,L,0.999984,0.999968,0.000276,0.000032,0.319291
100,30,00432,sleet,1274,1,,0.997980,0.002020,L,0.997980,0.995960,0.020993,0.004040,0.117891
100,30,00432,sleet,1095,1,,0.999548,0.000452,L,0.999548,0.999097,0.005671,0.000903,0.199775
100,30,00432,sleet,98,1,,0.999197,0.000803,L,0.999197,0.998395,0.009411,0.001605,0.129321
100,30,00432,sleet,277,1,,0.998935,0.001065,L,0.998935,0.997869,0.012055,0.002131,0.177928
100,30,00432,sleet,1188,1,,0.999913,0.000087,L,0.999913,0.999827,0.001293,0.000173,0.100214
100,30,00432,sleet,1024,0,,0.999193,0.000807,L,0.999193,0.998385,0.009460,0.001615,0.060348
100,30,00432,sleet,325,0,,0.999847,0.000153,L,0.999847,0.999695,0.002154,0.000305,0.041691
100,30,00432,sleet,423,0,,0.999742,0.000258,L,0.999742,0.999483,0.003451,0.000517,0.053283
100,30,00432,sleet,1288,0,,0.996922,0.003078,L,0.996922,0.993844,0.030114,0.006156,0.104566
100,30,00432,sleet,1018,0,,0.999061,0.000939,L,0.999061,0.998123,0.010793,0.001877,0.059700
100,30,00432,sleet,1385,0,,0.997279,0.002721,L,0.997279,0.994558,0.027107,0.005442,0.082581
100,30,00432,sleet,155,0,,0.999742,0.000258,L,0.999742,0.999484,0.003445,0.000516,0.074037
100,30,00432,sleet,752,0,,0.998027,0.001973,L,0.998027,0.996055,0.020568,0.003945,0.063499
100,30,00432,sleet,109,0,,0.996406,0.003593,L,0.996406,0.992813,0.034355,0.007187,0.177412
100,30,00432,sleet,196,0,,0.997092,0.002908,L,0.997092,0.994185,0.028689,0.005815,0.168456
100,30,00432,sleet,997,0,,0.999186,0.000814,L,0.999186,0.998372,0.009526,0.001628,0.052079
100,30,00432,sleet,784,0,,0.999578,0.000422,L,0.999578,0.999157,0.005336,0.000843,0.050380
100,30,00432,sleet,1119,0,,0.999475,0.000525,L,0.999475,0.998950,0.006480,0.001050,0.044799
100,30,00432,sleet,484,0,,0.997395,0.002605,L,0.997395,0.994791,0.026113,0.005209,0.062962
100,30,00432,sleet,691,0,,0.999600,0.000400,L,0.999600,0.999200,0.005091,0.000800,0.051641
100,30,00432,sleet,344,0,,0.999818,0.000183,L,0.999818,0.999635,0.002530,0.000365,0.052407
100,30,00432,sleet,1057,0,,0.998698,0.001302,L,0.998698,0.997395,0.014359,0.002605,0.047938
100,30,00432,sleet,63,0,,0.999787,0.000213,L,0.999787,0.999575,0.002901,0.000425,0.078111
101,31,00163,sleet,814,1,,0.999266,0.000734,L,0.999266,0.998532,0.008700,0.001468,0.094246
101,31,00163,sleet,815,1,,0.998500,0.001500,L,0.998500,0.997001,0.016230,0.002999,0.096131
101,31,00163,sleet,902,1,,0.999920,0.000080,L,0.999920,0.999839,0.001210,0.000161,0.159389
101,31,00163,sleet,903,1,,0.999991,0.000009,L,0.999991,0.999982,0.000167,0.000018,0.221702
101,31,00163,sleet,904,1,,0.999996,0.000004,L,0.999996,0.999991,0.000083,0.000009,0.233496
101,31,00163,sleet,905,1,,0.999548,0.000452,L,0.999548,0.999095,0.005678,0.000905,0.152034
101,31,00163,sleet,990,1,,0.999925,0.000075,L,0.999925,0.999850,0.001139,0.000150,0.140468
101,31,00163,sleet,991,1,,0.999970,0.000030,L,0.999970,0.999941,0.000490,0.000059,0.212580
101,31,00163,sleet,992,1,,0.999998,0.000002,L,0.999998,0.999997,0.000033,0.000003,0.322547
101,31,00163,sleet,993,1,,1.000000,0.000000,L,1.000000,1.000000,0.000004,0.000000,0.505050
101,31,00163,sleet,994,1,,1.000000,0.000000,L,1.000000,1.000000,0.000003,0.000000,0.463543
101,31,00163,sleet,995,1,,0.999966,0.000034,L,0.999966,0.999932,0.000556,0.000068,0.182867
101,31,00163,sleet,996,1,,0.998386,0.001614,L,0.998386,0.996771,0.017301,0.003229,0.117608
101,31,00163,sleet,1080,1,,0.999995,0.000005,L,0.999995,0.999989,0.000100,0.000011,0.222395
101,31,00163,sleet,1081,1,,0.999995,0.000005,L,0.999995,0.999991,0.000089,0.000009,0.378455
101,31,00163,sleet,1082,1,,1.000000,0.000000,L,1.000000,1.000000,0.000002,0.000000,0.682317
101,31,00163,sleet,1083,1,,1.000000,0.000000,L,1.000000,1.000000,0.000001,0.000000,0.759058
101,31,00163,sleet,1084,1,,1.000000,0.000000,L,1.000000,1.000000,0.000001,0.000000,0.638337
101,31,00163,sleet,1085,1,,0.999995,0.000005,L,0.999995,0.999990,0.000094,0.000010,0.295285
101,31,00163,sleet,1086,1,,0.997918,0.002082,L,0.997918,0.995837,0.021544,0.004163,0.133353
101,31,00163,sleet,1170,1,,0.999999,0.000001,L,0.999999,0.999997,0.000031,0.000003,0.377477
101,31,00163,sleet,1171,1,,0.999998,0.000002,L,0.999998,0.999996,0.000040,0.000004,0.479302
101,31,00163,sleet,1172,1,,1.000000,0.000000,L,1.000000,1.000000,0.000005,0.000000,0.582356
101,31,00163,sleet,1173,1,,1.000000,0.000000,L,1.000000,1.000000,0.000002,0.000000,0.591468
101,31,00163,sleet,1174,1,,0.999999,0.000001,L,0.999999,0.999997,0.000029,0.000003,0.291682
101,31,00163,sleet,1175,1,,0.996980,0.003020,L,0.996980,0.993961,0.029629,0.006039,0.116362
101,31,00163,sleet,1176,1,,0.995020,0.004980,L,0.995020,0.990040,0.045263,0.009960,0.124609
101,31,00163,sleet,1260,1,,0.999996,0.000004,L,0.999996,0.999993,0.000070,0.000007,0.302158
101,31,00163,sleet,1261,1,,0.999987,0.000013,L,0.999987,0.999974,0.000234,0.000026,0.196105
101,31,00163,sleet,1262,1,,0.999992,0.000008,L,0.999992,0.999985,0.000141,0.000015,0.271592
101,31,00163,sleet,1263,1,,0.999974,0.000026,L,0.999974,0.999947,0.000440,0.000053,0.205077
101,31,00163,sleet,1264,1,,0.997247,0.002753,L,0.997247,0.994494,0.027378,0.005506,0.136300
101,31,00163,sleet,1350,1,,0.999438,0.000562,L,0.999438,0.998876,0.006880,0.001124,0.116894
101,31,00163,sleet,1351,1,,0.999496,0.000503,L,0.999496,0.998993,0.006242,0.001007,0.126755
101,31,00163,sleet,1352,1,,0.997980,0.002020,L,0.997980,0.995959,0.020996,0.004041,0.104111
101,31,00163,sleet,517,0,,0.999776,0.000224,L,0.999776,0.999551,0.003043,0.000449,0.052261
101,31,00163,sleet,580,0,,0.998423,0.001577,L,0.998423,0.996846,0.016953,0.003154,0.045426
101,31,00163,sleet,1146,0,,0.998949,0.001051,L,0.998949,0.997898,0.011914,0.002102,0.052263
101,31,00163,sleet,525,0,,0.999776,0.000224,L,0.999776,0.999551,0.003043,0.000449,0.052261
101,31,00163,sleet,13,0,,0.999752,0.000248,L,0.999752,0.999504,0.003329,0.000496,0.041832
101,31,00163,sleet,1005,0,,0.998089,0.001910,L,0.998089,0.996179,0.020008,0.003821,0.201475
101,31,00163,sleet,726,0,,0.996911,0.003089,L,0.996911,0.993822,0.030207,0.006178,0.080198
101,31,00163,sleet,1266,0,,0.997260,0.002739,L,0.997260,0.994521,0.027265,0.005479,0.119653
101,31,00163,sleet,1004,0,,0.997346,0.002654,L,0.997346,0.994692,0.026537,0.005308,0.195945
101,31,00163,sleet,952,0,,0.999135,0.000865,L,0.999135,0.998270,0.010049,0.001730,0.031773
101,31,00163,sleet,1398,0,,0.999220,0.000780,L,0.999220,0.998441,0.009174,0.001559,0.048425
101,31,00163,sleet,1396,0,,0.999191,0.000809,L,0.999191,0.998381,0.009480,0.001619,0.049556
101,31,00163,sleet,955,0,,0.998997,0.001003,L,0.998997,0.997993,0.011441,0.002007,0.048375
101,31,00163,sleet,967,0,,0.998997,0.001003,L,0.998997,0.997993,0.011441,0.002007,0.048375
101,31,00163,sleet,888,0,,0.999520,0.000480,L,0.999520,0.999039,0.005989,0.000961,0.051760
101,31,00163,sleet,931,0,,0.997352,0.002648,L,0.997352,0.994704,0.026485,0.005296,0.055345
101,31,00163,sleet,810,0,,0.996888,0.003112,L,0.996888,0.993776,0.030398,0.006224,0.099268
101,31,00163,sleet,465,0,,0.999963,0.000037,L,0.999963,0.999927,0.000592,0.000073,0.054050
102,50,00211,sleet,260,1,,0.999847,0.000153,L,0.999847,0.999694,0.002157,0.000306,0.051859
102,50,00211,sleet,350,1,,0.999823,0.000177,L,0.999823,0.999646,0.002461,0.000354,0.057979
102,50,00211,sleet,351,1,,0.999830,0.000170,L,0.999830,0.999661,0.002370,0.000339,0.056159
102,50,00211,sleet,352,1,,0.999815,0.000185,L,0.999815,0.999630,0.002562,0.000370,0.064906
102,50,00211,sleet,353,1,,0.999794,0.000206,L,0.999794,0.999588,0.002822,0.000412,0.085415
102,50,00211,sleet,354,1,,0.999792,0.000208,L,0.999792,0.999584,0.002847,0.000416,0.070779
102,50,00211,sleet,355,1,,0.999814,0.000186,L,0.999814,0.999628,0.002575,0.000372,0.055427
102,50,00211,sleet,356,1,,0.999816,0.000184,L,0.999816,0.999632,0.002546,0.000368,0.044905
102,50,00211,sleet,440,1,,0.999739,0.000262,L,0.999739,0.999477,0.003489,0.000523,0.058550
102,50,00211,sleet,441,1,,0.999712,0.000288,L,0.999712,0.999424,0.003802,0.000576,0.079474
102,50,00211,sleet,442,1,,0.999700,0.000300,L,0.999700,0.999399,0.003949,0.000601,0.093748
102,50,00211,sleet,443,1,,0.999685,0.000315,L,0.999685,0.999370,0.004116,0.000630,0.119125
102,50,00211,sleet,444,1,,0.999656,0.000344,L,0.999656,0.999312,0.004452,0.000688,0.098727
102,50,00211,sleet,445,1,,0.999710,0.000290,L,0.999710,0.999420,0.003827,0.000580,0.066452
102,50,00211,sleet,446,1,,0.999724,0.000276,L,0.999724,0.999449,0.003656,0.000551,0.057130
102,50,00211,sleet,530,1,,0.999797,0.000203,L,0.999797,0.999594,0.002783,0.000406,0.051469
102,50,00211,sleet,531,1,,0.999790,0.000210,L,0.999790,0.999579,0.002873,0.000421,0.056167
102,50,00211,sleet,532,1,,0.999769,0.000231,L,0.999769,0.999539,0.003120,0.000461,0.067651
102,50,00211,sleet,533,1,,0.999771,0.000229,L,0.999771,0.999543,0.003095,0.000457,0.068035
102,50,00211,sleet,534,1,,0.999782,0.000218,L,0.999782,0.999564,0.002968,0.000436,0.072810
102,50,00211,sleet,535,1,,0.999871,0.000129,L,0.999871,0.999742,0.001852,0.000258,0.044060
102,50,00211,sleet,536,1,,0.999891,0.000109,L,0.999891,0.999783,0.001586,0.000217,0.038108
102,50,00211,sleet,620,1,,0.999736,0.000264,L,0.999736,0.999472,0.003516,0.000528,0.052575
102,50,00211,sleet,621,1,,0.999720,0.000280,L,0.999720,0.999440,0.003707,0.000560,0.060175
102,50,00211,sleet,622,1,,0.999682,0.000318,L,0.999682,0.999364,0.004153,0.000636,0.083590
102,50,00211,sleet,623,1,,0.999669,0.000331,L,0.999669,0.999338,0.004303,0.000662,0.101392
102,50,00211,sleet,624,1,,0.999705,0.000295,L,0.999705,0.999409,0.003889,0.000591,0.117746
102,50,00211,sleet,625,1,,0.999846,0.000154,L,0.999846,0.999692,0.002170,0.000308,0.061599
102,50,00211,sleet,626,1,,0.999898,0.000102,L,0.999898,0.999796,0.001498,0.000204,0.047647
102,50,00211,sleet,876,0,,0.999608,0.000392,L,0.999608,0.999216,0.004999,0.000784,0.035210
102,50,00211,sleet,479,0,,0.999854,0.000146,L,0.999854,0.999707,0.002075,0.000293,0.027709
102,50,00211,sleet,238,0,,0.999856,0.000144,L,0.999856,0.999711,0.002049,0.000289,0.044568
102,50,00211,sleet,498,0,,0.999800,0.000200,L,0.999800,0.999599,0.002752,0.000401,0.044091
102,50,00211,sleet,1198,0,,0.999249,0.000751,L,0.999249,0.998497,0.008882,0.001503,0.038766
102,50,00211,sleet,63,0,,0.999928,0.000072,L,0.999928,0.999857,0.001090,0.000143,0.046924
102,50,00211,sleet,1225,0,,0.999016,0.000984,L,0.999016,0.998032,0.011247,0.001968,0.061112
102,50,00211,sleet,682,0,,0.999512,0.000488,L,0.999512,0.999025,0.006069,0.000975,0.058986
102,50,00211,sleet,939,0,,0.998699,0.001301,L,0.998699,0.997398,0.014346,0.002602,0.048568
102,50,00211,sleet,466,0,,0.998975,0.001025,L,0.998975,0.997949,0.011661,0.002051,0.050008
102,50,00211,sleet,23,0,,0.999820,0.000180,L,0.999820,0.999639,0.002505,0.000361,0.076895
102,50,00211,sleet,1335,0,,0.999297,0.000703,L,0.999297,0.998594,0.008378,0.001406,0.060324
102,50,00211,sleet,119,0,,0.996384,0.003616,L,0.996384,0.992768,0.034538,0.007232,0.088819
102,50,00211,sleet,29,0,,0.997894,0.002106,L,0.997894,0.995787,0.021764,0.004213,0.084867
102,50,00211,sleet,875,0,,0.999625,0.000375,L,0.999625,0.999250,0.004807,0.000750,0.032847
102,50,00211,sleet,454,0,,0.997826,0.002174,L,0.997826,0.995653,0.022359,0.004347,0.078346
102,50,00211,sleet,739,0,,0.999654,0.000346,L,0.999654,0.999308,0.004478,0.000692,0.021917
102,50,00211,sleet,169,0,,0.999803,0.000197,L,0.999803,0.999607,0.002704,0.000393,0.055978
103,50,00259,sleet,65,1,,0.999480,0.000520,L,0.999480,0.998960,0.006421,0.001040,0.061108
103,50,00259,sleet,66,1,,0.999406,0.000594,L,0.999406,0.998812,0.007220,0.001188,0.059783
103,50,00259,sleet,67,1,,0.999250,0.000750,L,0.999250,0.998500,0.008869,0.001500,0.057620
103,50,00259,sleet,68,1,,0.999501,0.000499,L,0.999501,0.999003,0.006188,0.000997,0.047713
103,50,00259,sleet,69,1,,0.999238,0.000762,L,0.999238,0.998476,0.008993,0.001524,0.068642
103,50,00259,sleet,70,1,,0.999720,0.000280,L,0.999720,0.999440,0.003711,0.000560,0.077736
103,50,00259,sleet,71,1,,0.999816,0.000184,L,0.999816,0.999633,0.002544,0.000367,0.070432
103,50,00259,sleet,155,1,,0.999310,0.000690,L,0.999310,0.998619,0.008246,0.001381,0.061696
103,50,00259,sleet,156,1,,0.999835,0.000165,L,0.999835,0.999669,0.002315,0.000331,0.066830
103,50,00259,sleet,157,1,,0.999996,0.000004,L,0.999996,0.999992,0.000080,0.000008,0.086215
103,50,00259,sleet,158,1,,0.999999,0.000001,L,0.999999,0.999998,0.000026,0.000002,0.126073
103,50,00259,sleet,159,1,,0.999982,0.000018,L,0.999982,0.999965,0.000302,0.000035,0.104444
103,50,00259,sleet,160,1,,0.999547,0.000453,L,0.999547,0.999095,0.005681,0.000905,0.074988
103,50,00259,sleet,161,1,,0.999757,0.000243,L,0.999757,0.999514,0.003271,0.000486,0.057822
103,50,00259,sleet,245,1,,0.999166,0.000834,L,0.999166,0.998332,0.009731,0.001668,0.081395
103,50,00259,sleet,246,1,,0.999931,0.000069,L,0.999931,0.999862,0.001053,0.000138,0.089817
103,50,00259,sleet,247,1,,0.999998,0.000002,L,0.999998,0.999997,0.000034,0.000003,0.494320
103,50,00259,sleet,248,1,,0.999999,0.000001,L,0.999999,0.999998,0.000018,0.000002,0.512791
103,50,00259,sleet,249,1,,0.999995,0.000005,L,0.999995,0.999990,0.000093,0.000010,0.324848
103,50,00259,sleet,250,1,,0.999682,0.000318,L,0.999682,0.999364,0.004153,0.000636,0.064516
103,50,00259,sleet,251,1,,0.999797,0.000203,L,0.999797,0.999594,0.002782,0.000406,0.041767
103,50,00259,sleet,335,1,,0.997054,0.002946,L,0.997054,0.994107,0.029014,0.005893,0.067538
103,50,00259,sleet,336,1,,0.997878,0.002122,L,0.997878,0.995755,0.021905,0.004245,0.103002
103,50,00259,sleet,337,1,,0.999805,0.000195,L,0.999805,0.999609,0.002690,0.000391,0.130555
103,50,00259,sleet,338,1,,0.999832,0.000168,L,0.999832,0.999663,0.002354,0.000337,0.117577
103,50,00259,sleet,339,1,,0.999806,0.000194,L,0.999806,0.999612,0.002670,0.000388,0.082299
103,50,00259,sleet,340,1,,0.999666,0.000334,L,0.999666,0.999333,0.004335,0.000667,0.048583
103,50,00259,sleet,341,1,,0.999775,0.000225,L,0.999775,0.999550,0.003050,0.000450,0.033619
103,50,00259,sleet,1116,0,,0.999487,0.000513,L,0.999487,0.998973,0.006351,0.001027,0.066609
103,50,00259,sleet,774,0,,0.999577,0.000423,L,0.999577,0.999154,0.005348,0.000846,0.042823
103,50,00259,sleet,1233,0,,0.998895,0.001105,L,0.998895,0.997789,0.012450,0.002211,0.064429
103,50,00259,sleet,807,0,,0.999745,0.000255,L,0.999745,0.999490,0.003414,0.000510,0.039790
103,50,00259,sleet,361,0,,0.998563,0.001437,L,0.998563,0.997126,0.015639,0.002874,0.090112
103,50,00259,sleet,600,0,,0.999458,0.000542,L,0.999458,0.998915,0.006666,0.001085,0.026709
103,50,00259,sleet,365,0,,0.999051,0.000949,L,0.999051,0.998102,0.010898,0.001898,0.093412
103,50,00259,sleet,962,0,,0.999950,0.000050,L,0.999950,0.999900,0.000786,0.000100,0.053947
103,50,00259,sleet,0,0,,0.997846,0.002154,L,0.997846,0.995692,0.022185,0.004308,0.095859
103,50,00259,sleet,1423,0,,0.999219,0.000781,L,0.999219,0.998439,0.009184,0.001561,0.045848
103,50,00259,sleet,1360,0,,0.998531,0.001470,L,0.998531,0.997061,0.015947,0.002939,0.139425
103,50,00259,sleet,939,0,,0.998124,0.001876,L,0.998124,0.996248,0.019695,0.003752,0.040585
103,50,00259,sleet,87,0,,0.999813,0.000187,L,0.999813,0.999626,0.002584,0.000374,0.056284
103,50,00259,sleet,293,0,,0.999872,0.000128,L,0.999872,0.999744,0.001840,0.000256,0.026301
103,50,00259,sleet,1136,0,,0.998849,0.001151,L,0.998849,0.997699,0.012894,0.002301,0.053065
103,50,00259,sleet,769,0,,0.999442,0.000558,L,0.999442,0.998883,0.006840,0.001117,0.066600
103,50,00259,sleet,195,0,,0.999852,0.000148,L,0.999852,0.999704,0.002096,0.000296,0.024669
103,50,00259,sleet,660,0,,0.998783,0.001217,L,0.998783,0.997566,0.013539,0.002434,0.030800
104,50,00456,sleet,181,1,,0.995980,0.004020,L,0.995980,0.991960,0.037783,0.008040,0.130003
104,50,00456,sleet,234,1,,0.999690,0.000310,L,0.999690,0.999379,0.004066,0.000621,0.148210
104,50,00456,sleet,322,1,,0.999992,0.000008,L,0.999992,0.999983,0.000152,0.000017,0.525157
104,50,00456,sleet,454,1,,0.999105,0.000895,L,0.999105,0.998210,0.010353,0.001790,0.149848
104,50,00456,sleet,451,1,,0.996006,0.003994,L,0.996006,0.992012,0.037574,0.007988,0.148126
104,50,00456,sleet,507,1,,0.999706,0.000294,L,0.999706,0.999413,0.003870,0.000587,0.040679
104,50,00456,sleet,415,1,,0.999934,0.000066,L,0.999934,0.999869,0.001006,0.000131,0.379679
104,50,00456,sleet,92,1,,0.994352,0.005648,L,0.994352,0.988704,0.050303,0.011296,0.097088
104,50,00456,sleet,233,1,,0.999808,0.000192,L,0.999808,0.999616,0.002650,0.000384,0.180172
104,50,00456,sleet,147,1,,0.999718,0.000282,L,0.999718,0.999436,0.003734,0.000564,0.093059
104,50,00456,sleet,506,1,,0.999573,0.000427,L,0.999573,0.999146,0.005394,0.000854,0.052160
104,50,00456,sleet,141,1,,0.998652,0.001348,L,0.998652,0.997304,0.014795,0.002696,0.064775
104,50,00456,sleet,232,1,,0.998693,0.001307,L,0.998693,0.997385,0.014408,0.002615,0.144919
104,50,00456,sleet,144,1,,0.999120,0.000880,L,0.999120,0.998239,0.010204,0.001761,0.065380
104,50,00456,sleet,326,1,,0.999408,0.000592,L,0.999408,0.998816,0.007199,0.001184,0.114034
104,50,00456,sleet,275,1,,0.999838,0.000162,L,0.999838,0.999677,0.002268,0.000323,0.090456
104,50,00456,sleet,417,1,,0.999646,0.000354,L,0.999646,0.999292,0.004571,0.000708,0.044310
104,50,00456,sleet,365,1,,0.999200,0.000800,L,0.999200,0.998400,0.009386,0.001600,0.174567
104,50,00456,sleet,501,1,,0.995477,0.004523,L,0.995477,0.990953,0.041742,0.009047,0.104595
104,50,00456,sleet,274,1,,0.999847,0.000153,L,0.999847,0.999694,0.002158,0.000306,0.238304
104,50,00456,sleet,236,1,,0.999612,0.000388,L,0.999612,0.999224,0.004955,0.000776,0.076871
104,50,00456,sleet,91,1,,0.996858,0.003141,L,0.996858,0.993717,0.030644,0.006283,0.077402
104,50,00456,sleet,414,1,,1.000000,0.000000,L,1.000000,0.999999,0.000006,0.000001,0.737679
104,50,00456,sleet,503,1,,0.999752,0.000248,L,0.999752,0.999504,0.003330,0.000496,0.099771
104,50,00456,sleet,93,1,,0.997477,0.002523,L,0.997477,0.994954,0.025411,0.005046,0.102107
104,50,00456,sleet,142,1,,0.998458,0.001542,L,0.998458,0.996916,0.016627,0.003084,0.058221
104,50,00456,sleet,237,1,,0.999755,0.000245,L,0.999755,0.999511,0.003287,0.000489,0.057383
104,50,00456,sleet,143,1,,0.999227,0.000773,L,0.999227,0.998453,0.009110,0.001547,0.058238
104,50,00456,sleet,273,1,,1.000000,0.000000,L,1.000000,1.000000,0.000001,0.000000,0.790269
104,50,00456,sleet,452,1,,0.998991,0.001009,L,0.998991,0.997982,0.011495,0.002018,0.175258
104,50,00456,sleet,180,1,,0.998929,0.001071,L,0.998929,0.997859,0.012108,0.002141,0.080394
104,50,00456,sleet,325,1,,0.999980,0.000020,L,0.999980,0.999960,0.000339,0.000040,0.492390
104,50,00456,sleet,413,1,,0.999999,0.000001,L,0.999999,0.999999,0.000014,0.000001,0.712889
104,50,00456,sleet,364,1,,0.999332,0.000668,L,0.999332,0.998664,0.008009,0.001336,0.221157
104,50,00456,sleet,361,1,,1.000000,0.000000,L,1.000000,0.999999,0.000007,0.000001,0.741293
104,50,00456,sleet,183,1,,0.995580,0.004420,L,0.995580,0.991160,0.040935,0.008840,0.178685
104,50,00456,sleet,150,0,,0.999777,0.000223,L,0.999777,0.999553,0.003033,0.000447,0.059000
104,50,00456,sleet,1307,0,,0.999416,0.000584,L,0.999416,0.998833,0.007111,0.001167,0.041284
104,50,00456,sleet,1061,0,,0.998425,0.001575,L,0.998425,0.996850,0.016933,0.003150,0.060560
104,50,00456,sleet,929,0,,0.997636,0.002364,L,0.997636,0.995272,0.024029,0.004728,0.071179
104,50,00456,sleet,1196,0,,0.999006,0.000994,L,0.999006,0.998013,0.011344,0.001987,0.098893
104,50,00456,sleet,934,0,,0.998799,0.001201,L,0.998799,0.997598,0.013382,0.002402,0.059145
104,50,00456,sleet,317,0,,0.998885,0.001115,L,0.998885,0.997769,0.012548,0.002231,0.106887
104,50,00456,sleet,334,0,,0.999863,0.000137,L,0.999863,0.999727,0.001951,0.000273,0.036525
104,50,00456,sleet,810,0,,0.996261,0.003739,L,0.996261,0.992522,0.035532,0.007478,0.086181
104,50,00456,sleet,715,0,,0.999522,0.000478,L,0.999522,0.999043,0.005965,0.000957,0.028550
104,50,00456,sleet,971,0,,0.998977,0.001023,L,0.998977,0.997954,0.011636,0.002046,0.044355
104,50,00456,sleet,535,0,,0.996002,0.003998,L,0.996002,0.992005,0.037604,0.007995,0.057789
104,50,00456,sleet,884,0,,0.999574,0.000426,L,0.999574,0.999149,0.005380,0.000851,0.034533
104,50,00456,sleet,213,0,,0.999832,0.000168,L,0.999832,0.999663,0.002354,0.000337,0.054259
104,50,00456,sleet,604,0,,0.999727,0.000273,L,0.999727,0.999455,0.003620,0.000545,0.048089
104,50,00456,sleet,652,0,,0.998806,0.001194,L,0.998806,0.997612,0.013315,0.002388,0.054140
104,50,00456,sleet,1378,0,,0.998388,0.001612,L,0.998388,0.996776,0.017278,0.003224,0.084448
104,50,00456,sleet,173,0,,0.999427,0.000573,L,0.999427,0.998855,0.006995,0.001145,0.120881
105,50,00504,sleet,212,1,,0.999570,0.000430,L,0.999570,0.999140,0.005429,0.000860,0.100976
105,50,00504,sleet,213,1,,0.999078,0.000922,L,0.999078,0.998156,0.010626,0.001844,0.105321
105,50,00504,sleet,214,1,,0.997362,0.002638,L,0.997362,0.994723,0.026401,0.005277,0.155531
105,50,00504,sleet,215,1,,0.997383,0.002617,L,0.997383,0.994765,0.026223,0.005235,0.187414
105,50,00504,sleet,216,1,,0.997914,0.002086,L,0.997914,0.995828,0.021582,0.004172,0.130244
105,50,00504,sleet,217,1,,0.999079,0.000921,L,0.999079,0.998159,0.010613,0.001841,0.080444
105,50,00504,sleet,218,1,,0.999472,0.000528,L,0.999472,0.998944,0.006512,0.001056,0.052774
105,50,00504,sleet,219,1,,0.999690,0.000310,L,0.999690,0.999380,0.004060,0.000620,0.042341
105,50,00504,sleet,302,1,,0.999913,0.000088,L,0.999913,0.999825,0.001306,0.000175,0.194699
105,50,00504,sleet,303,1,,0.999605,0.000395,L,0.999605,0.999210,0.005037,0.000790,0.214775
105,50,00504,sleet,304,1,,0.999998,0.000001,L,0.999998,0.999997,0.000031,0.000003,0.573094
105,50,00504,sleet,305,1,,1.000000,0.000000,L,1.000000,1.000000,0.000001,0.000000,0.954376
105,50,00504,sleet,306,1,,1.000000,0.000000,L,1.000000,1.000000,0.000001,0.000000,0.801210
105,50,00504,sleet,307,1,,0.999991,0.000009,L,0.999991,0.999981,0.000170,0.000019,0.411507
105,50,00504,sleet,308,1,,0.999294,0.000706,L,0.999294,0.998588,0.008407,0.001412,0.086091
105,50,00504,sleet,309,1,,0.999602,0.000398,L,0.999602,0.999205,0.005064,0.000795,0.043884
105,50,00504,sleet,392,1,,0.999928,0.000072,L,0.999928,0.999857,0.001089,0.000143,0.177331
105,50,00504,sleet,393,1,,0.999852,0.000148,L,0.999852,0.999704,0.002095,0.000296,0.232937
105,50,00504,sleet,394,1,,0.999999,0.000001,L,0.999999,0.999999,0.000014,0.000001,0.689410
105,50,00504,sleet,395,1,,1.000000,0.000000,L,1.000000,1.000000,0.000001,0.000000,0.999260
105,50,00504,sleet,396,1,,1.000000,0.000000,L,1.000000,1.000000,0.000001,0.000000,0.984483
105,50,00504,sleet,397,1,,0.999996,0.000004,L,0.999996,0.999991,0.000084,0.000009,0.497906
105,50,00504,sleet,398,1,,0.999011,0.000989,L,0.999011,0.998022,0.011299,0.001978,0.079204
105,50,00504,sleet,399,1,,0.999541,0.000459,L,0.999541,0.999082,0.005753,0.000918,0.047591
105,50,00504,sleet,482,1,,0.999068,0.000932,L,0.999068,0.998136,0.010726,0.001864,0.094423
105,50,00504,sleet,483,1,,0.998569,0.001431,L,0.998569,0.997137,0.015587,0.002863,0.130295
105,50,00504,sleet,484,1,,0.998557,0.001443,L,0.998557,0.997115,0.015693,0.002885,0.167432
105,50,00504,sleet,485,1,,0.999619,0.000381,L,0.999619,0.999238,0.004875,0.000762,0.194666
105,50,00504,sleet,486,1,,0.999709,0.000291,L,0.999709,0.999417,0.003842,0.000583,0.193364
105,50,00504,sleet,487,1,,0.999485,0.000515,L,0.999485,0.998970,0.006368,0.001030,0.080183
105,50,00504,sleet,488,1,,0.999400,0.000600,L,0.999400,0.998800,0.007287,0.001200,0.056342
105,50,00504,sleet,489,1,,0.999641,0.000359,L,0.999641,0.999282,0.004625,0.000718,0.039353
105,50,00504,sleet,574,0,,0.994601,0.005399,L,0.994601,0.989203,0.048436,0.010797,0.158046
105,50,00504,sleet,568,0,,0.998833,0.001167,L,0.998833,0.997666,0.013053,0.002334,0.047867
105,50,00504,sleet,181,0,,0.998056,0.001944,L,0.998056,0.996111,0.020315,0.003889,0.128200
105,50,00504,sleet,386,0,,0.998134,0.001866,L,0.998134,0.996268,0.019605,0.003732,0.061535
105,50,00504,sleet,479,0,,0.998520,0.001480,L,0.998520,0.997040,0.016046,0.002960,0.046109
105,50,00504,sleet,583,0,,0.999228,0.000772,L,0.999228,0.998457,0.009092,0.001543,0.030949
105,50,00504,sleet,1111,0,,0.999576,0.000424,L,0.999576,0.999153,0.005358,0.000847,0.057998
105,50,00504,sleet,1240,0,,0.999186,0.000814,L,0.999186,0.998371,0.009531,0.001629,0.053389
105,50,00504,sleet,1148,0,,0.999005,0.000995,L,0.999005,0.998010,0.011361,0.001990,0.039544
105,50,00504,sleet,522,0,,0.999822,0.000178,L,0.999822,0.999644,0.002476,0.000356,0.032980
105,50,00504,sleet,405,0,,0.999779,0.000221,L,0.999779,0.999558,0.003000,0.000442,0.035628
105,50,00504,sleet,1102,0,,0.996736,0.003264,L,0.996736,0.993472,0.031660,0.006528,0.107023
105,50,00504,sleet,1172,0,,0.999067,0.000933,L,0.999067,0.998135,0.010733,0.001865,0.077932
105,50,00504,sleet,863,0,,0.999371,0.000629,L,0.999371,0.998742,0.007596,0.001258,0.043554
105,50,00504,sleet,84,0,,0.999823,0.000177,L,0.999823,0.999645,0.002467,0.000355,0.059758
105,50,00504,sleet,613,0,,0.999764,0.000236,L,0.999764,0.999529,0.003181,0.000471,0.039241
105,50,00504,sleet,1215,0,,0.999964,0.000036,L,0.999964,0.999928,0.000587,0.000072,0.052170
105,50,00504,sleet,1015,0,,0.998644,0.001356,L,0.998644,0.997288,0.014872,0.002712,0.066666
106,50,00552,sleet,462,1,,0.992080,0.007920,L,0.992080,0.984160,0.066666,0.015840,0.077377
106,50,00552,sleet,286,1,,1.000000,0.000000,L,1.000000,1.000000,0.000002,0.000000,1.000000
106,50,00552,sleet,377,1,,0.999991,0.000009,L,0.999991,0.999981,0.000168,0.000019,0.662982
106,50,00552,sleet,104,1,,0.996702,0.003298,L,0.996702,0.993405,0.031936,0.006595,0.123702
106,50,00552,sleet,372,1,,0.999012,0.000988,L,0.999012,0.998024,0.011288,0.001976,0.196356
106,50,00552,sleet,376,1,,1.000000,0.000000,L,1.000000,0.999999,0.000011,0.000001,0.941602
106,50,00552,sleet,198,1,,0.999307,0.000693,L,0.999307,0.998615,0.008269,0.001385,0.114859
106,50,00552,sleet,465,1,,0.997654,0.002346,L,0.997654,0.995308,0.023872,0.004692,0.198844
106,50,00552,sleet,378,1,,0.999493,0.000507,L,0.999493,0.998986,0.006282,0.001014,0.263219
106,50,00552,sleet,468,1,,0.999190,0.000810,L,0.999190,0.998380,0.009485,0.001620,0.045762
106,50,00552,sleet,289,1,,0.999467,0.000533,L,0.999467,0.998935,0.006559,0.001065,0.070980
106,50,00552,sleet,103,1,,0.998897,0.001103,L,0.998897,0.997795,0.012423,0.002205,0.098496
106,50,00552,sleet,199,1,,0.999659,0.000341,L,0.999659,0.999319,0.004415,0.000681,0.056792
106,50,00552,sleet,287,1,,1.000000,0.000000,L,1.000000,0.999999,0.000008,0.000001,0.864736
106,50,00552,sleet,464,1,,0.998350,0.001650,L,0.998350,0.996700,0.017629,0.003300,0.177546
106,50,00552,sleet,195,1,,0.998975,0.001025,L,0.998975,0.997950,0.011658,0.002050,0.241657
106,50,00552,sleet,196,1,,0.999674,0.000326,L,0.999674,0.999349,0.004241,0.000651,0.305474
106,50,00552,sleet,285,1,,1.000000,0.000000,L,1.000000,1.000000,0.000005,0.000000,0.999991
106,50,00552,sleet,109,1,,0.999621,0.000379,L,0.999621,0.999241,0.004857,0.000759,0.057474
106,50,00552,sleet,373,1,,0.999293,0.000707,L,0.999293,0.998586,0.008421,0.001414,0.249077
106,50,00552,sleet,194,1,,0.996348,0.003652,L,0.996348,0.992696,0.034830,0.007304,0.203794
106,50,00552,sleet,288,1,,0.999789,0.000211,L,0.999789,0.999578,0.002879,0.000422,0.384125
106,50,00552,sleet,106,1,,0.996320,0.003680,L,0.996320,0.992641,0.035053,0.007359,0.136608
106,50,00552,sleet,467,1,,0.998786,0.001214,L,0.998786,0.997572,0.013512,0.002428,0.075023
106,50,00552,sleet,102,1,,0.999020,0.000980,L,0.999020,0.998040,0.011210,0.001960,0.077072
106,50,00552,sleet,469,1,,0.999503,0.000497,L,0.999503,0.999006,0.006169,0.000994,0.033026
106,50,00552,sleet,105,1,,0.995632,0.004368,L,0.995632,0.991265,0.040525,0.008735,0.137569
106,50,00552,sleet,284,1,,0.999997,0.000003,L,0.999997,0.999994,0.000060,0.000006,0.711369
106,50,00552,sleet,463,1,,0.995637,0.004363,L,0.995637,0.991275,0.040486,0.008725,0.120505
106,50,00552,sleet,379,1,,0.999500,0.000500,L,0.999500,0.999000,0.006205,0.001000,0.046766
106,50,00552,sleet,282,1,,0.999749,0.000251,L,0.999749,0.999498,0.003367,0.000502,0.262683
106,50,00552,sleet,108,1,,0.999008,0.000992,L,0.999008,0.998016,0.011327,0.001984,0.077056
106,50,00552,sleet,192,1,,0.999305,0.000695,L,0.999305,0.998610,0.008293,0.001390,0.164773
106,50,00552,sleet,197,1,,0.998916,0.001084,L,0.998916,0.997833,0.012237,0.002167,0.183495
106,50,00552,sleet,107,1,,0.998184,0.001816,L,0.998184,0.996369,0.019150,0.003631,0.097842
106,50,00552,sleet,466,1,,0.998845,0.001155,L,0.998845,0.997691,0.012931,0.002309,0.119400
106,50,00552,sleet,527,0,,0.999841,0.000159,L,0.999841,0.999682,0.002238,0.000318,0.030606
106,50,00552,sleet,331,0,,0.999839,0.000161,L,0.999839,0.999678,0.002262,0.000322,0.045883
106,50,00552,sleet,570,0,,0.999487,0.000513,L,0.999487,0.998973,0.006350,0.001027,0.049481
106,50,00552,sleet,953,0,,0.999190,0.000810,L,0.999190,0.998381,0.009483,0.001619,0.034308
106,50,00552,sleet,215,0,,0.999832,0.000168,L,0.999832,0.999663,0.002354,0.000337,0.054259
106,50,00552,sleet,958,0,,0.999018,0.000982,L,0.999018,0.998036,0.011229,0.001964,0.040609
106,50,00552,sleet,1120,0,,0.998910,0.001090,L,0.998910,0.997820,0.012298,0.002180,0.056165
106,50,00552,sleet,225,0,,0.999843,0.000157,L,0.999843,0.999686,0.002212,0.000314,0.050454
106,50,00552,sleet,34,0,,0.999787,0.000213,L,0.999787,0.999575,0.002901,0.000425,0.078111
106,50,00552,sleet,517,0,,0.999823,0.000177,L,0.999823,0.999646,0.002459,0.000354,0.032862
106,50,00552,sleet,340,0,,0.999872,0.000128,L,0.999872,0.999745,0.001834,0.000255,0.035222
106,50,00552,sleet,203,0,,0.999795,0.000205,L,0.999795,0.999591,0.002803,0.000409,0.051153
106,50,00552,sleet,354,0,,0.999824,0.000176,L,0.999824,0.999649,0.002445,0.000351,0.055379
106,50,00552,sleet,4,0,,0.998119,0.001881,L,0.998119,0.996237,0.019747,0.003763,0.126079
106,50,00552,sleet,668,0,,0.999600,0.000400,L,0.999600,0.999200,0.005091,0.000800,0.051641
106,50,00552,sleet,460,0,,0.992529,0.007471,L,0.992529,0.985058,0.063515,0.014942,0.075088
106,50,00552,sleet,1437,0,,0.999299,0.000701,L,0.999299,0.998598,0.008354,0.001402,0.062612
106,50,00552,sleet,862,0,,0.999656,0.000344,L,0.999656,0.999312,0.004455,0.000688,0.035457
107,51,00237,sleet,424,1,,0.999626,0.000374,L,0.999626,0.999253,0.004792,0.000747,0.109910
107,51,00237,sleet,425,1,,0.999632,0.000368,L,0.999632,0.999265,0.004725,0.000735,0.111005
107,51,00237,sleet,426,1,,0.999709,0.000291,L,0.999709,0.999418,0.003840,0.000582,0.174436
107,51,00237,sleet,427,1,,0.999640,0.000360,L,0.999640,0.999280,0.004638,0.000720,0.278043
107,51,00237,sleet,428,1,,0.999587,0.000413,L,0.999587,0.999174,0.005238,0.000826,0.255747
107,51,00237,sleet,429,1,,0.999191,0.000809,L,0.999191,0.998381,0.009480,0.001619,0.198991
107,51,00237,sleet,430,1,,0.999476,0.000524,L,0.999476,0.998952,0.006468,0.001048,0.098227
107,51,00237,sleet,431,1,,0.999657,0.000343,L,0.999657,0.999315,0.004440,0.000685,0.043387
107,51,00237,sleet,514,1,,0.999993,0.000007,L,0.999993,0.999987,0.000122,0.000013,0.262568
107,51,00237,sleet,515,1,,0.999954,0.000046,L,0.999954,0.999909,0.000725,0.000091,0.262373
107,51,00237,sleet,516,1,,0.999924,0.000076,L,0.999924,0.999847,0.001153,0.000153,0.397941
107,51,00237,sleet,517,1,,0.999982,0.000018,L,0.999982,0.999965,0.000303,0.000035,0.746772
107,51,00237,sleet,518,1,,0.999981,0.000019,L,0.999981,0.999963,0.000320,0.000037,0.777097
107,51,00237,sleet,519,1,,0.999929,0.000071,L,0.999929,0.999858,0.001079,0.000142,0.557644
107,51,00237,sleet,520,1,,0.999471,0.000529,L,0.999471,0.998941,0.006524,0.001059,0.212166
107,51,00237,sleet,521,1,,0.999519,0.000481,L,0.999519,0.999038,0.005996,0.000962,0.062479
107,51,00237,sleet,604,1,,0.999991,0.000009,L,0.999991,0.999982,0.000165,0.000018,0.396843
107,51,00237,sleet,605,1,,0.999973,0.000027,L,0.999973,0.999947,0.000443,0.000053,0.473353
107,51,00237,sleet,606,1,,0.999955,0.000045,L,0.999955,0.999911,0.000710,0.000089,0.616955
107,51,00237,sleet,607,1,,0.999997,0.000003,L,0.999997,0.999995,0.000054,0.000005,0.998061
107,51,00237,sleet,608,1,,0.999999,0.000001,L,0.999999,0.999997,0.000029,0.000003,0.899550
107,51,00237,sleet,609,1,,0.999991,0.000009,L,0.999991,0.999981,0.000168,0.000019,0.651160
107,51,00237,sleet,610,1,,0.999461,0.000539,L,0.999461,0.998921,0.006634,0.001079,0.196403
107,51,00237,sleet,611,1,,0.999639,0.000361,L,0.999639,0.999278,0.004648,0.000722,0.042305
107,51,00237,sleet,694,1,,0.999598,0.000402,L,0.999598,0.999195,0.005119,0.000805,0.053832
107,51,00237,sleet,695,1,,0.999380,0.000620,L,0.999380,0.998760,0.007502,0.001240,0.132455
107,51,00237,sleet,696,1,,0.999623,0.000377,L,0.999623,0.999247,0.004827,0.000753,0.424546
107,51,00237,sleet,697,1,,0.999966,0.000034,L,0.999966,0.999931,0.000559,0.000069,0.815099
107,51,00237,sleet,698,1,,0.999977,0.000023,L,0.999977,0.999954,0.000390,0.000046,0.701176
107,51,00237,sleet,699,1,,0.999932,0.000068,L,0.999932,0.999864,0.001041,0.000136,0.475599
107,51,00237,sleet,700,1,,0.999286,0.000714,L,0.999286,0.998572,0.008491,0.001428,0.069955
107,51,00237,sleet,701,1,,0.999623,0.000377,L,0.999623,0.999245,0.004835,0.000755,0.033248
107,51,00237,sleet,482,0,,0.999776,0.000224,L,0.999776,0.999551,0.003043,0.000449,0.052261
107,51,00237,sleet,176,0,,0.999741,0.000259,L,0.999741,0.999481,0.003464,0.000519,0.061359
107,51,00237,sleet,811,0,,0.999694,0.000306,L,0.999694,0.999387,0.004019,0.000613,0.055258
107,51,00237,sleet,843,0,,0.999520,0.000480,L,0.999520,0.999039,0.005989,0.000961,0.051760
107,51,00237,sleet,107,0,,0.999818,0.000182,L,0.999818,0.999636,0.002525,0.000364,0.046512
107,51,00237,sleet,743,0,,0.999673,0.000327,L,0.999673,0.999345,0.004262,0.000655,0.027802
107,51,00237,sleet,1271,0,,0.999362,0.000638,L,0.999362,0.998724,0.007690,0.001276,0.035444
107,51,00237,sleet,312,0,,0.999818,0.000183,L,0.999818,0.999635,0.002530,0.000365,0.052407
107,51,00237,sleet,1113,0,,0.998993,0.001007,L,0.998993,0.997986,0.011478,0.002014,0.048588
107,51,00237,sleet,99,0,,0.999784,0.000216,L,0.999784,0.999568,0.002941,0.000432,0.054470
107,51,00237,sleet,996,0,,0.999690,0.000310,L,0.999690,0.999380,0.004063,0.000620,0.050089
107,51,00237,sleet,243,0,,0.999846,0.000154,L,0.999846,0.999691,0.002178,0.000309,0.044596
107,51,00237,sleet,660,0,,0.999600,0.000400,L,0.999600,0.999200,0.005091,0.000800,0.051641
107,51,00237,sleet,1094,0,,0.999176,0.000824,L,0.999176,0.998352,0.009631,0.001648,0.027134
107,51,00237,sleet,1439,0,,0.999010,0.000990,L,0.999010,0.998020,0.011306,0.001980,0.056467
107,51,00237,sleet,1083,0,,0.998852,0.001148,L,0.998852,0.997704,0.012870,0.002296,0.095040
107,51,00237,sleet,868,0,,0.999411,0.000589,L,0.999411,0.998821,0.007172,0.001179,0.069281
107,51,00237,sleet,1136,0,,0.999037,0.000963,L,0.999037,0.998074,0.011041,0.001926,0.039343
108,51,00286,sleet,360,1,,0.999969,0.000031,L,0.999969,0.999938,0.000506,0.000062,0.216311
108,51,00286,sleet,388,1,,0.999941,0.000059,L,0.999941,0.999883,0.000909,0.000117,0.976577
108,51,00286,sleet,297,1,,0.999816,0.000184,L,0.999816,0.999632,0.002550,0.000368,0.372773
108,51,00286,sleet,186,1,,0.999548,0.000452,L,0.999548,0.999097,0.005671,0.000903,0.075254
108,51,00286,sleet,275,1,,0.999952,0.000048,L,0.999952,0.999904,0.000758,0.000096,0.540555
108,51,00286,sleet,389,1,,0.999920,0.000080,L,0.999920,0.999840,0.001204,0.000160,0.693993
108,51,00286,sleet,476,1,,0.999697,0.000303,L,0.999697,0.999394,0.003978,0.000606,0.122152
108,51,00286,sleet,387,1,,0.999806,0.000194,L,0.999806,0.999612,0.002674,0.000388,0.376284
108,51,00286,sleet,655,1,,0.999537,0.000463,L,0.999537,0.999074,0.005797,0.000926,0.041846
108,51,00286,sleet,569,1,,0.999674,0.000326,L,0.999674,0.999347,0.004251,0.000653,0.053468
108,51,00286,sleet,391,1,,0.999614,0.000386,L,0.999614,0.999228,0.004932,0.000772,0.149467
108,51,00286,sleet,386,1,,0.999686,0.000314,L,0.999686,0.999372,0.004106,0.000628,0.190124
108,51,00286,sleet,362,1,,0.999992,0.000008,L,0.999992,0.999983,0.000155,0.000017,0.724903
108,51,00286,sleet,540,1,,0.990477,0.009523,L,0.990477,0.980954,0.077613,0.019046,0.133367
108,51,00286,sleet,544,1,,0.997805,0.002195,L,0.997805,0.995611,0.022545,0.004389,0.091439
108,51,00286,sleet,567,1,,0.999611,0.000389,L,0.999611,0.999222,0.004970,0.000778,0.114189
108,51,00286,sleet,301,1,,0.999695,0.000305,L,0.999695,0.999391,0.003998,0.000609,0.140552
108,51,00286,sleet,181,1,,0.998880,0.001120,L,0.998880,0.997760,0.012594,0.002240,0.134874
108,51,00286,sleet,363,1,,1.000000,0.000000,L,1.000000,0.999999,0.000008,0.000001,0.999913
108,51,00286,sleet,545,1,,0.998449,0.001551,L,0.998449,0.996898,0.016713,0.003102,0.079764
108,51,00286,sleet,661,1,,0.999644,0.000356,L,0.999644,0.999288,0.004593,0.000712,0.041421
108,51,00286,sleet,564,1,,0.999727,0.000273,L,0.999727,0.999453,0.003631,0.000547,0.042298
108,51,00286,sleet,658,1,,0.999473,0.000527,L,0.999473,0.998947,0.006496,0.001053,0.061606
108,51,00286,sleet,475,1,,0.999722,0.000278,L,0.999722,0.999445,0.003681,0.000555,0.070987
108,51,00286,sleet,365,1,,0.999997,0.000003,L,0.999997,0.999994,0.000059,0.000006,0.847245
108,51,00286,sleet,384,1,,0.999685,0.000315,L,0.999685,0.999370,0.004121,0.000630,0.169242
108,51,00286,sleet,385,1,,0.999669,0.000331,L,0.999669,0.999337,0.004308,0.000663,0.150772
108,51,00286,sleet,364,1,,1.000000,0.000000,L,1.000000,1.000000,0.000003,0.000000,0.999998
108,51,00286,sleet,547,1,,0.998944,0.001056,L,0.998944,0.997888,0.011966,0.002112,0.056801
108,51,00286,sleet,546,1,,0.998713,0.001287,L,0.998713,0.997425,0.014217,0.002575,0.059819
108,51,00286,sleet,273,1,,0.999999,0.000001,L,0.999999,0.999997,0.000030,0.000003,0.784173
108,51,00286,sleet,271,1,,0.999321,0.000679,L,0.999321,0.998643,0.008121,0.001357,0.163100
108,51,00286,sleet,656,1,,0.999478,0.000522,L,0.999478,0.998955,0.006449,0.001045,0.075101
108,51,00286,sleet,277,1,,0.999384,0.000616,L,0.999384,0.998768,0.007456,0.001232,0.114580
108,51,00286,sleet,660,1,,0.999648,0.000352,L,0.999648,0.999296,0.004545,0.000704,0.037743
108,51,00286,sleet,361,1,,0.999342,0.000658,L,0.999342,0.998684,0.007906,0.001316,0.200557
108,51,00286,sleet,489,0,,0.999802,0.000198,L,0.999802,0.999604,0.002719,0.000396,0.047410
108,51,00286,sleet,685,0,,0.999588,0.000412,L,0.999588,0.999175,0.005232,0.000825,0.051431
108,51,00286,sleet,669,0,,0.999657,0.000343,L,0.999657,0.999314,0.004444,0.000686,0.041736
108,51,00286,sleet,586,0,,0.999639,0.000361,L,0.999639,0.999278,0.004647,0.000722,0.078197
108,51,00286,sleet,946,0,,0.999057,0.000943,L,0.999057,0.998114,0.010838,0.001886,0.038031
108,51,00286,sleet,1317,0,,0.999405,0.000595,L,0.999405,0.998809,0.007237,0.001191,0.040930
108,51,00286,sleet,1148,0,,0.999038,0.000962,L,0.999038,0.998076,0.011030,0.001924,0.039644
108,51,00286,sleet,1058,0,,0.998794,0.001206,L,0.998794,0.997588,0.013430,0.002412,0.035954
108,51,00286,sleet,429,0,,0.999747,0.000253,L,0.999747,0.999495,0.003383,0.000505,0.047706
108,51,00286,sleet,1132,0,,0.998771,0.001229,L,0.998771,0.997543,0.013650,0.002457,0.058032
108,51,00286,sleet,923,0,,0.999000,0.001000,L,0.999000,0.997999,0.011412,0.002001,0.041448
108,51,00286,sleet,1335,0,,0.999307,0.000693,L,0.999307,0.998615,0.008270,0.001385,0.054828
108,51,00286,sleet,1,0,,0.998960,0.001040,L,0.998960,0.997920,0.011806,0.002080,0.066053
108,51,00286,sleet,1224,0,,0.999228,0.000773,L,0.999228,0.998455,0.009100,0.001545,0.043874
108,51,00286,sleet,90,0,,0.998435,0.001565,L,0.998435,0.996869,0.016845,0.003131,0.066716
108,51,00286,sleet,30,0,,0.999821,0.000180,L,0.999821,0.999641,0.002493,0.000359,0.055675
108,51,00286,sleet,931,0,,0.999185,0.000815,L,0.999185,0.998370,0.009540,0.001630,0.030342
108,51,00286,sleet,239,0,,0.999854,0.000146,L,0.999854,0.999707,0.002074,0.000293,0.039493
109,52,00181,sleet,592,1,,0.999676,0.000324,L,0.999676,0.999353,0.004219,0.000647,0.049696
109,52,00181,sleet,866,1,,0.999194,0.000806,L,0.999194,0.998389,0.009441,0.001611,0.129198
109,52,00181,sleet,956,1,,0.998619,0.001381,L,0.998619,0.997239,0.015107,0.002761,0.054144
109,52,00181,sleet,955,1,,0.998592,0.001408,L,0.998592,0.997183,0.015370,0.002817,0.060059
109,52,00181,sleet,860,1,,0.999308,0.000692,L,0.999308,0.998615,0.008265,0.001385,0.092734
109,52,00181,sleet,772,1,,0.999709,0.000291,L,0.999709,0.999417,0.003841,0.000583,0.514389
109,52,00181,sleet,951,1,,0.998982,0.001018,L,0.998982,0.997965,0.011583,0.002035,0.040017
109,52,00181,sleet,864,1,,0.999719,0.000281,L,0.999719,0.999439,0.003717,0.000561,0.621341
109,52,00181,sleet,685,1,,0.999398,0.000602,L,0.999398,0.998796,0.007308,0.001204,0.130649
109,52,00181,sleet,771,1,,0.999472,0.000528,L,0.999472,0.998944,0.006510,0.001056,0.287849
109,52,00181,sleet,953,1,,0.998585,0.001415,L,0.998585,0.997170,0.015431,0.002830,0.074309
109,52,00181,sleet,596,1,,0.999695,0.000305,L,0.999695,0.999391,0.003998,0.000609,0.047535
109,52,00181,sleet,681,1,,0.999466,0.000534,L,0.999466,0.998933,0.006571,0.001067,0.074110
109,52,00181,sleet,954,1,,0.998482,0.001518,L,0.998482,0.996963,0.016406,0.003037,0.083633
109,52,00181,sleet,950,1,,0.998934,0.001066,L,0.998934,0.997868,0.012060,0.002132,0.043187
109,52,00181,sleet,775,1,,0.999626,0.000374,L,0.999626,0.999252,0.004799,0.000748,0.462460
109,52,00181,sleet,863,1,,0.999657,0.000343,L,0.999657,0.999314,0.004442,0.000686,0.566162
109,52,00181,sleet,595,1,,0.999702,0.000298,L,0.999702,0.999404,0.003923,0.000596,0.048877
109,52,00181,sleet,770,1,,0.999412,0.000588,L,0.999412,0.998824,0.007159,0.001176,0.093214
109,52,00181,sleet,777,1,,0.999532,0.000468,L,0.999532,0.999064,0.005850,0.000936,0.051924
109,52,00181,sleet,591,1,,0.999705,0.000295,L,0.999705,0.999409,0.003889,0.000591,0.045278
109,52,00181,sleet,684,1,,0.999400,0.000600,L,0.999400,0.998800,0.007287,0.001200,0.213772
109,52,00181,sleet,597,1,,0.999762,0.000239,L,0.999762,0.999523,0.003214,0.000477,0.034808
109,52,00181,sleet,774,1,,0.999878,0.000122,L,0.999878,0.999756,0.001764,0.000244,0.739579
109,52,00181,sleet,594,1,,0.999653,0.000347,L,0.999653,0.999305,0.004494,0.000695,0.062519
109,52,00181,sleet,773,1,,0.999877,0.000123,L,0.999877,0.999754,0.001775,0.000246,0.717629
109,52,00181,sleet,862,1,,0.999430,0.000570,L,0.999430,0.998861,0.006959,0.001139,0.355249
109,52,00181,sleet,682,1,,0.999381,0.000619,L,0.999381,0.998761,0.007494,0.001239,0.193699
109,52,00181,sleet,590,1,,0.999670,0.000330,L,0.999670,0.999339,0.004296,0.000661,0.050897
109,52,00181,sleet,861,1,,0.999387,0.000613,L,0.999387,0.998773,0.007430,0.001227,0.346119
109,52,00181,sleet,952,1,,0.998858,0.001142,L,0.998858,0.997717,0.012806,0.002283,0.048787
109,52,00181,sleet,867,1,,0.999416,0.000584,L,0.999416,0.998832,0.007114,0.001168,0.053389
109,52,00181,sleet,683,1,,0.999453,0.000547,L,0.999453,0.998906,0.006715,0.001094,0.281464
109,52,00181,sleet,593,1,,0.999668,0.000332,L,0.999668,0.999336,0.004316,0.000664,0.051057
109,52,00181,sleet,865,1,,0.999363,0.000637,L,0.999363,0.998725,0.007685,0.001275,0.394402
109,52,00181,sleet,680,1,,0.999533,0.000467,L,0.999533,0.999067,0.005837,0.000933,0.055159
109,52,00181,sleet,1010,0,,0.998802,0.001198,L,0.998802,0.997605,0.013351,0.002395,0.055487
109,52,00181,sleet,1278,0,,0.999326,0.000674,L,0.999326,0.998652,0.008072,0.001348,0.051835
109,52,00181,sleet,1291,0,,0.999320,0.000680,L,0.999320,0.998639,0.008141,0.001361,0.051453
109,52,00181,sleet,9,0,,0.998584,0.001416,L,0.998584,0.997167,0.015447,0.002833,0.081699
109,52,00181,sleet,1282,0,,0.999224,0.000776,L,0.999224,0.998448,0.009134,0.001552,0.061117
109,52,00181,sleet,931,0,,0.999147,0.000853,L,0.999147,0.998294,0.009926,0.001706,0.048301
109,52,00181,sleet,1017,0,,0.999130,0.000870,L,0.999130,0.998260,0.010098,0.001740,0.052275
109,52,00181,sleet,126,0,,0.999682,0.000318,L,0.999682,0.999364,0.004154,0.000636,0.074242
109,52,00181,sleet,1279,0,,0.999325,0.000675,L,0.999325,0.998649,0.008087,0.001351,0.051560
109,52,00181,sleet,1072,0,,0.998983,0.001017,L,0.998983,0.997966,0.011576,0.002034,0.030684
109,52,00181,sleet,254,0,,0.999864,0.000136,L,0.999864,0.999728,0.001944,0.000272,0.047662
109,52,00181,sleet,846,0,,0.999377,0.000623,L,0.999377,0.998754,0.007535,0.001246,0.048298
109,52,00181,sleet,317,0,,0.999865,0.000135,L,0.999865,0.999731,0.001924,0.000269,0.035721
109,52,00181,sleet,571,0,,0.999707,0.000293,L,0.999707,0.999413,0.003867,0.000587,0.051896
109,52,00181,sleet,758,0,,0.999569,0.000431,L,0.999569,0.999138,0.005441,0.000862,0.051766
109,52,00181,sleet,206,0,,0.999816,0.000184,L,0.999816,0.999632,0.002552,0.000368,0.053447
109,52,00181,sleet,167,0,,0.999788,0.000212,L,0.999788,0.999576,0.002896,0.000424,0.061003
109,52,00181,sleet,709,0,,0.999697,0.000303,L,0.999697,0.999393,0.003983,0.000607,0.027420
110,52,00229,sleet,675,1,,0.998756,0.001244,L,0.998756,0.997511,0.013803,0.002489,0.130421
110,52,00229,sleet,676,1,,0.999378,0.000622,L,0.999378,0.998756,0.007522,0.001244,0.110959
110,52,00229,sleet,677,1,,0.999677,0.000323,L,0.999677,0.999355,0.004208,0.000645,0.196524
110,52,00229,sleet,678,1,,0.999430,0.000570,L,0.999430,0.998859,0.006970,0.001141,0.150653
110,52,00229,sleet,679,1,,0.999302,0.000698,L,0.999302,0.998603,0.008330,0.001397,0.079097
110,52,00229,sleet,680,1,,0.999372,0.000628,L,0.999372,0.998744,0.007588,0.001256,0.046890
110,52,00229,sleet,681,1,,0.999457,0.000543,L,0.999457,0.998914,0.006672,0.001086,0.039968
110,52,00229,sleet,765,1,,0.998249,0.001751,L,0.998249,0.996498,0.018561,0.003502,0.206808
110,52,00229,sleet,766,1,,0.999865,0.000135,L,0.999865,0.999731,0.001925,0.000269,0.417345
110,52,00229,sleet,767,1,,0.999998,0.000002,L,0.999998,0.999997,0.000033,0.000003,0.770024
110,52,00229,sleet,768,1,,1.000000,0.000000,L,1.000000,0.999999,0.000011,0.000001,0.977488
110,52,00229,sleet,769,1,,0.999999,0.000001,L,0.999999,0.999999,0.000013,0.000001,0.757988
110,52,00229,sleet,770,1,,0.999350,0.000650,L,0.999350,0.998701,0.007815,0.001299,0.105329
110,52,00229,sleet,771,1,,0.999512,0.000488,L,0.999512,0.999024,0.006071,0.000976,0.036344
110,52,00229,sleet,855,1,,0.996153,0.003847,L,0.996153,0.992305,0.036404,0.007695,0.217111
110,52,00229,sleet,856,1,,0.998212,0.001788,L,0.998212,0.996425,0.018893,0.003575,0.265228
110,52,00229,sleet,857,1,,0.999968,0.000032,L,0.999968,0.999936,0.000525,0.000064,0.611187
110,52,00229,sleet,858,1,,0.999997,0.000003,L,0.999997,0.999993,0.000066,0.000007,0.703731
110,52,00229,sleet,859,1,,0.999979,0.000021,L,0.999979,0.999957,0.000363,0.000043,0.576696
110,52,00229,sleet,860,1,,0.998923,0.001077,L,0.998923,0.997845,0.012175,0.002155,0.108423
110,52,00229,sleet,861,1,,0.999233,0.000767,L,0.999233,0.998465,0.009047,0.001535,0.043882
110,52,00229,sleet,945,1,,0.990952,0.009048,L,0.990952,0.981903,0.074417,0.018097,0.164800
110,52,00229,sleet,946,1,,0.988928,0.011072,L,0.988928,0.977855,0.087821,0.022145,0.185007
110,52,00229,sleet,947,1,,0.997811,0.002189,L,0.997811,0.995623,0.022493,0.004377,0.164401
110,52,00229,sleet,948,1,,0.997762,0.002238,L,0.997762,0.995524,0.022927,0.004476,0.146055
110,52,00229,sleet,949,1,,0.998249,0.001751,L,0.998249,0.996499,0.018555,0.003501,0.105671
110,52,00229,sleet,950,1,,0.998490,0.001510,L,0.998490,0.996981,0.016323,0.003019,0.054155
110,52,00229,sleet,951,1,,0.998853,0.001147,L,0.998853,0.997706,0.012858,0.002294,0.039365
110,52,00229,sleet,1081,0,,0.998693,0.001307,L,0.998693,0.997385,0.014408,0.002615,0.119821
110,52,00229,sleet,796,0,,0.999578,0.000422,L,0.999578,0.999157,0.005336,0.000843,0.050380
110,52,00229,sleet,324,0,,0.999784,0.000216,L,0.999784,0.999568,0.002940,0.000432,0.052614
110,52,00229,sleet,1432,0,,0.999128,0.000872,L,0.999128,0.998256,0.010121,0.001744,0.060302
110,52,00229,sleet,298,0,,0.999818,0.000183,L,0.999818,0.999635,0.002530,0.000365,0.052407
110,52,00229,sleet,843,0,,0.999520,0.000480,L,0.999520,0.999039,0.005989,0.000961,0.051760
110,52,00229,sleet,777,0,,0.999578,0.000422,L,0.999578,0.999157,0.005336,0.000843,0.050380
110,52,00229,sleet,608,0,,0.999721,0.000279,L,0.999721,0.999443,0.003693,0.000557,0.042257
110,52,00229,sleet,538,0,,0.999853,0.000147,L,0.999853,0.999707,0.002080,0.000293,0.053594
110,52,00229,sleet,1087,0,,0.999958,0.000042,L,0.999958,0.999916,0.000669,0.000084,0.039490
110,52,00229,sleet,194,0,,0.999753,0.000247,L,0.999753,0.999507,0.003310,0.000493,0.057671
110,52,00229,sleet,398,0,,0.999744,0.000256,L,0.999744,0.999488,0.003427,0.000512,0.053095
110,52,00229,sleet,495,0,,0.999776,0.000224,L,0.999776,0.999552,0.003037,0.000448,0.042522
110,52,00229,sleet,1215,0,,0.999529,0.000471,L,0.999529,0.999058,0.005882,0.000942,0.048657
110,52,00229,sleet,651,0,,0.999600,0.000400,L,0.999600,0.999200,0.005091,0.000800,0.051641
110,52,00229,sleet,1394,0,,0.999004,0.000996,L,0.999004,0.998009,0.011364,0.001991,0.052145
110,52,00229,sleet,239,0,,0.999832,0.000168,L,0.999832,0.999663,0.002354,0.000337,0.054259
110,52,00229,sleet,137,0,,0.999776,0.000224,L,0.999776,0.999552,0.003038,0.000448,0.057087
111,52,00277,sleet,678,1,,0.999992,0.000008,L,0.999992,0.999985,0.000142,0.000015,0.068138
111,52,00277,sleet,679,1,,0.999904,0.000096,L,0.999904,0.999809,0.001416,0.000191,0.053536
111,52,00277,sleet,680,1,,0.999882,0.000118,L,0.999882,0.999765,0.001705,0.000235,0.133255
111,52,00277,sleet,681,1,,0.999977,0.000023,L,0.999977,0.999954,0.000389,0.000046,0.262834
111,52,00277,sleet,682,1,,0.999954,0.000046,L,0.999954,0.999908,0.000729,0.000092,0.375567
111,52,00277,sleet,683,1,,0.999897,0.000103,L,0.999897,0.999794,0.001511,0.000206,0.137116
111,52,00277,sleet,684,1,,0.999296,0.000704,L,0.999296,0.998592,0.008385,0.001408,0.053750
111,52,00277,sleet,685,1,,0.999407,0.000593,L,0.999407,0.998813,0.007215,0.001187,0.041501
111,52,00277,sleet,768,1,,0.999827,0.000173,L,0.999827,0.999655,0.002408,0.000345,0.118976
111,52,00277,sleet,769,1,,0.999280,0.000721,L,0.999280,0.998559,0.008560,0.001441,0.185168
111,52,00277,sleet,770,1,,0.999833,0.000167,L,0.999833,0.999666,0.002335,0.000334,0.455823
111,52,00277,sleet,771,1,,0.999988,0.000012,L,0.999988,0.999977,0.000208,0.000023,0.714360
111,52,00277,sleet,772,1,,0.999988,0.000012,L,0.999988,0.999976,0.000211,0.000024,0.720918
111,52,00277,sleet,773,1,,0.999885,0.000115,L,0.999885,0.999770,0.001668,0.000230,0.532935
111,52,00277,sleet,774,1,,0.999158,0.000842,L,0.999158,0.998316,0.009817,0.001684,0.117022
111,52,00277,sleet,775,1,,0.999473,0.000527,L,0.999473,0.998946,0.006500,0.001054,0.041446
111,52,00277,sleet,858,1,,0.994356,0.005644,L,0.994356,0.988713,0.050273,0.011287,0.123196
111,52,00277,sleet,859,1,,0.994707,0.005293,L,0.994707,0.989414,0.047640,0.010586,0.231783
111,52,00277,sleet,860,1,,0.999592,0.000408,L,0.999592,0.999183,0.005185,0.000817,0.673249
111,52,00277,sleet,861,1,,0.999867,0.000133,L,0.999867,0.999733,0.001908,0.000267,0.999457
111,52,00277,sleet,862,1,,0.999912,0.000088,L,0.999912,0.999824,0.001315,0.000176,0.997888
111,52,00277,sleet,863,1,,0.999855,0.000145,L,0.999855,0.999710,0.002059,0.000290,0.815712
111,52,00277,sleet,864,1,,0.999298,0.000702,L,0.999298,0.998596,0.008366,0.001404,0.404463
111,52,00277,sleet,865,1,,0.999114,0.000887,L,0.999114,0.998227,0.010267,0.001773,0.077362
111,52,00277,sleet,948,1,,0.996594,0.003406,L,0.996594,0.993188,0.032825,0.006812,0.074846
111,52,00277,sleet,949,1,,0.989994,0.010006,L,0.989994,0.979988,0.080833,0.020012,0.134940
111,52,00277,sleet,950,1,,0.993514,0.006487,L,0.993514,0.987027,0.056474,0.012973,0.203555
111,52,00277,sleet,951,1,,0.999189,0.000811,L,0.999189,0.998378,0.009496,0.001622,0.357615
111,52,00277,sleet,952,1,,0.999350,0.000650,L,0.999350,0.998701,0.007814,0.001299,0.401009
111,52,00277,sleet,953,1,,0.999394,0.000606,L,0.999394,0.998787,0.007356,0.001213,0.491743
111,52,00277,sleet,954,1,,0.998656,0.001344,L,0.998656,0.997312,0.014757,0.002688,0.184648
111,52,00277,sleet,955,1,,0.998689,0.001311,L,0.998689,0.997378,0.014445,0.002622,0.066495
111,52,00277,sleet,615,0,,0.999776,0.000224,L,0.999776,0.999551,0.003043,0.000449,0.033786
111,52,00277,sleet,1146,0,,0.999051,0.000949,L,0.999051,0.998102,0.010898,0.001898,0.043754
111,52,00277,sleet,296,0,,0.999826,0.000174,L,0.999826,0.999652,0.002424,0.000348,0.054337
111,52,00277,sleet,445,0,,0.999754,0.000246,L,0.999754,0.999508,0.003303,0.000492,0.050493
111,52,00277,sleet,1045,0,,0.998992,0.001008,L,0.998992,0.997983,0.011491,0.002017,0.047903
111,52,00277,sleet,11,0,,0.998895,0.001105,L,0.998895,0.997791,0.012443,0.002209,0.084961
111,52,00277,sleet,84,0,,0.999787,0.000213,L,0.999787,0.999574,0.002907,0.000426,0.078192
111,52,00277,sleet,1143,0,,0.999096,0.000904,L,0.999096,0.998192,0.010445,0.001808,0.034622
111,52,00277,sleet,730,0,,0.988656,0.011344,L,0.988656,0.977312,0.089576,0.022688,0.155233
111,52,00277,sleet,646,0,,0.999470,0.000530,L,0.999470,0.998940,0.006534,0.001060,0.048382
111,52,00277,sleet,400,0,,0.999768,0.000232,L,0.999768,0.999537,0.003130,0.000463,0.044121
111,52,00277,sleet,351,0,,0.999851,0.000149,L,0.999851,0.999703,0.002104,0.000297,0.036477
111,52,00277,sleet,1124,0,,0.999063,0.000937,L,0.999063,0.998127,0.010774,0.001873,0.040686
111,52,00277,sleet,829,0,,0.999445,0.000555,L,0.999445,0.998891,0.006798,0.001109,0.047631
111,52,00277,sleet,1129,0,,0.999336,0.000664,L,0.999336,0.998672,0.007967,0.001328,0.047606
111,52,00277,sleet,1076,0,,0.998956,0.001044,L,0.998956,0.997912,0.011843,0.002088,0.038330
111,52,00277,sleet,391,0,,0.999753,0.000247,L,0.999753,0.999505,0.003321,0.000495,0.046718
111,52,00277,sleet,66,0,,0.999821,0.000179,L,0.999821,0.999643,0.002481,0.000357,0.068782
112,52,00502,sleet,233,1,,0.999869,0.000131,L,0.999869,0.999738,0.001881,0.000262,0.037440
112,52,00502,sleet,234,1,,0.999882,0.000118,L,0.999882,0.999764,0.001709,0.000236,0.033445
112,52,00502,sleet,235,1,,0.999877,0.000123,L,0.999877,0.999755,0.001771,0.000245,0.037269
112,52,00502,sleet,236,1,,0.999875,0.000125,L,0.999875,0.999751,0.001796,0.000249,0.040962
112,52,00502,sleet,237,1,,0.999870,0.000130,L,0.999870,0.999739,0.001870,0.000261,0.043556
112,52,00502,sleet,238,1,,0.999872,0.000128,L,0.999872,0.999744,0.001841,0.000256,0.043184
112,52,00502,sleet,239,1,,0.999875,0.000125,L,0.999875,0.999751,0.001795,0.000249,0.040630
112,52,00502,sleet,323,1,,0.999871,0.000129,L,0.999871,0.999742,0.001852,0.000258,0.031736
112,52,00502,sleet,324,1,,0.999878,0.000122,L,0.999878,0.999755,0.001768,0.000245,0.032414
112,52,00502,sleet,325,1,,0.999873,0.000127,L,0.999873,0.999747,0.001821,0.000253,0.035223
112,52,00502,sleet,326,1,,0.999827,0.000173,L,0.999827,0.999655,0.002407,0.000345,0.057310
112,52,00502,sleet,327,1,,0.999822,0.000178,L,0.999822,0.999644,0.002476,0.000356,0.058771
112,52,00502,sleet,328,1,,0.999814,0.000186,L,0.999814,0.999629,0.002568,0.000371,0.064378
112,52,00502,sleet,329,1,,0.999850,0.000150,L,0.999850,0.999700,0.002120,0.000300,0.045074
112,52,00502,sleet,413,1,,0.999808,0.000193,L,0.999808,0.999615,0.002654,0.000385,0.034077
112,52,00502,sleet,414,1,,0.999823,0.000177,L,0.999823,0.999647,0.002457,0.000353,0.030894
112,52,00502,sleet,415,1,,0.999819,0.000181,L,0.999819,0.999637,0.002517,0.000363,0.036842
112,52,00502,sleet,416,1,,0.999801,0.000199,L,0.999801,0.999603,0.002728,0.000397,0.042682
112,52,00502,sleet,417,1,,0.999748,0.000252,L,0.999748,0.999495,0.003381,0.000505,0.066655
112,52,00502,sleet,418,1,,0.999759,0.000241,L,0.999759,0.999519,0.003239,0.000481,0.059380
112,52,00502,sleet,419,1,,0.999797,0.000203,L,0.999797,0.999593,0.002786,0.000407,0.045377
112,52,00502,sleet,503,1,,0.999845,0.000155,L,0.999845,0.999689,0.002189,0.000311,0.028675
112,52,00502,sleet,504,1,,0.999847,0.000153,L,0.999847,0.999694,0.002160,0.000306,0.028556
112,52,00502,sleet,505,1,,0.999855,0.000145,L,0.999855,0.999711,0.002052,0.000289,0.028863
112,52,00502,sleet,506,1,,0.999850,0.000150,L,0.999850,0.999699,0.002126,0.000301,0.031609
112,52,00502,sleet,507,1,,0.999843,0.000157,L,0.999843,0.999685,0.002216,0.000315,0.034710
112,52,00502,sleet,508,1,,0.999837,0.000163,L,0.999837,0.999675,0.002281,0.000325,0.034499
112,52,00502,sleet,509,1,,0.999828,0.000172,L,0.999828,0.999657,0.002395,0.000343,0.035852
112,52,00502,sleet,593,1,,0.999798,0.000202,L,0.999798,0.999596,0.002768,0.000404,0.029319
112,52,00502,sleet,594,1,,0.999795,0.000205,L,0.999795,0.999590,0.002811,0.000410,0.027857
112,52,00502,sleet,595,1,,0.999801,0.000199,L,0.999801,0.999602,0.002735,0.000398,0.028704
112,52,00502,sleet,596,1,,0.999794,0.000206,L,0.999794,0.999587,0.002825,0.000413,0.029513
112,52,00502,sleet,597,1,,0.999743,0.000257,L,0.999743,0.999486,0.003436,0.000514,0.045214
112,52,00502,sleet,598,1,,0.999730,0.000270,L,0.999730,0.999461,0.003585,0.000539,0.044724
112,52,00502,sleet,599,1,,0.999701,0.000299,L,0.999701,0.999403,0.003926,0.000597,0.052761
112,52,00502,sleet,1083,0,,0.999190,0.000810,L,0.999190,0.998380,0.009487,0.001620,0.150661
112,52,00502,sleet,1255,0,,0.999138,0.000862,L,0.999138,0.998275,0.010023,0.001725,0.050759
112,52,00502,sleet,373,0,,0.999810,0.000190,L,0.999810,0.999620,0.002624,0.000380,0.025269
112,52,00502,sleet,138,0,,0.999802,0.000198,L,0.999802,0.999604,0.002720,0.000396,0.050120
112,52,00502,sleet,691,0,,0.999583,0.000417,L,0.999583,0.999165,0.005289,0.000835,0.038288
112,52,00502,sleet,134,0,,0.999793,0.000207,L,0.999793,0.999586,0.002831,0.000414,0.055866
112,52,00502,sleet,162,0,,0.999775,0.000225,L,0.999775,0.999550,0.003052,0.000450,0.064707
112,52,00502,sleet,1364,0,,0.999091,0.000909,L,0.999091,0.998182,0.010496,0.001818,0.051791
112,52,00502,sleet,984,0,,0.998887,0.001114,L,0.998887,0.997773,0.012530,0.002227,0.051024
112,52,00502,sleet,131,0,,0.999752,0.000249,L,0.999752,0.999503,0.003334,0.000497,0.074188
112,52,00502,sleet,125,0,,0.999742,0.000258,L,0.999742,0.999484,0.003445,0.000516,0.074037
112,52,00502,sleet,332,0,,0.999859,0.000141,L,0.999859,0.999718,0.002008,0.000282,0.040793
112,52,00502,sleet,813,0,,0.999388,0.000612,L,0.999388,0.998775,0.007420,0.001225,0.059816
112,52,00502,sleet,311,0,,0.999810,0.000190,L,0.999810,0.999620,0.002625,0.000380,0.063395
112,52,00502,sleet,274,0,,0.995241,0.004759,L,0.995241,0.990483,0.043562,0.009517,0.168101
112,52,00502,sleet,721,0,,0.999396,0.000604,L,0.999396,0.998793,0.007326,0.001207,0.078313
112,52,00502,sleet,175,0,,0.999813,0.000187,L,0.999813,0.999627,0.002580,0.000373,0.046700
112,52,00502,sleet,1182,0,,0.999194,0.000806,L,0.999194,0.998388,0.009445,0.001612,0.051018
113,52,00550,sleet,224,1,,0.999165,0.000835,L,0.999165,0.998330,0.009741,0.001670,0.124139
113,52,00550,sleet,225,1,,0.999499,0.000501,L,0.999499,0.998997,0.006218,0.001003,0.099797
113,52,00550,sleet,226,1,,0.999812,0.000188,L,0.999812,0.999623,0.002604,0.000377,0.060055
113,52,00550,sleet,227,1,,0.999473,0.000527,L,0.999473,0.998946,0.006498,0.001054,0.073558
113,52,00550,sleet,228,1,,0.999201,0.000799,L,0.999201,0.998401,0.009378,0.001599,0.076865
113,52,00550,sleet,229,1,,0.999694,0.000306,L,0.999694,0.999388,0.004016,0.000612,0.050834
113,52,00550,sleet,230,1,,0.999786,0.000214,L,0.999786,0.999571,0.002923,0.000429,0.038295
113,52,00550,sleet,314,1,,0.998362,0.001638,L,0.998362,0.996725,0.017515,0.003275,0.197288
113,52,00550,sleet,315,1,,0.999072,0.000928,L,0.999072,0.998144,0.010687,0.001856,0.111755
113,52,00550,sleet,316,1,,0.999986,0.000014,L,0.999986,0.999971,0.000251,0.000029,0.291444
113,52,00550,sleet,317,1,,0.999999,0.000001,L,0.999999,0.999999,0.000012,0.000001,0.490617
113,52,00550,sleet,318,1,,0.999989,0.000011,L,0.999989,0.999978,0.000200,0.000022,0.302014
113,52,00550,sleet,319,1,,0.999418,0.000582,L,0.999418,0.998836,0.007093,0.001164,0.059776
113,52,00550,sleet,320,1,,0.999672,0.000328,L,0.999672,0.999343,0.004273,0.000657,0.035171
113,52,00550,sleet,404,1,,0.998614,0.001386,L,0.998614,0.997228,0.015157,0.002772,0.198567
113,52,00550,sleet,405,1,,0.999729,0.000271,L,0.999729,0.999459,0.003596,0.000541,0.174428
113,52,00550,sleet,406,1,,1.000000,0.000000,L,1.000000,1.000000,0.000006,0.000000,0.652561
113,52,00550,sleet,407,1,,1.000000,0.000000,L,1.000000,1.000000,0.000001,0.000000,0.955196
113,52,00550,sleet,408,1,,1.000000,0.000000,L,1.000000,1.000000,0.000003,0.000000,0.657308
113,52,00550,sleet,409,1,,0.999331,0.000669,L,0.999331,0.998662,0.008022,0.001338,0.062903
113,52,00550,sleet,410,1,,0.999525,0.000475,L,0.999525,0.999051,0.005926,0.000949,0.039416
113,52,00550,sleet,494,1,,0.997515,0.002485,L,0.997515,0.995031,0.025080,0.004969,0.143166
113,52,00550,sleet,495,1,,0.997356,0.002644,L,0.997356,0.994711,0.026454,0.005289,0.107356
113,52,00550,sleet,496,1,,0.999545,0.000455,L,0.999545,0.999090,0.005708,0.000910,0.097840
113,52,00550,sleet,497,1,,0.999481,0.000519,L,0.999481,0.998962,0.006409,0.001038,0.181486
113,52,00550,sleet,498,1,,0.999335,0.000665,L,0.999335,0.998671,0.007975,0.001329,0.229565
113,52,00550,sleet,499,1,,0.998863,0.001137,L,0.998863,0.997726,0.012758,0.002274,0.109813
113,52,00550,sleet,500,1,,0.999295,0.000705,L,0.999295,0.998591,0.008395,0.001409,0.038875
113,52,00550,sleet,586,1,,0.997526,0.002474,L,0.997526,0.995052,0.024985,0.004948,0.132669
113,52,00550,sleet,587,1,,0.999215,0.000785,L,0.999215,0.998430,0.009228,0.001570,0.316526
113,52,00550,sleet,588,1,,0.999082,0.000918,L,0.999082,0.998164,0.010586,0.001836,0.305474
113,52,00550,sleet,589,1,,0.998424,0.001576,L,0.998424,0.996847,0.016947,0.003153,0.109238
113,52,00550,sleet,590,1,,0.998972,0.001028,L,0.998972,0.997945,0.011683,0.002055,0.039585
113,52,00550,sleet,1102,0,,0.999954,0.000046,L,0.999954,0.999909,0.000723,0.000091,0.033258
113,52,00550,sleet,71,0,,0.999846,0.000154,L,0.999846,0.999691,0.002176,0.000309,0.050649
113,52,00550,sleet,522,0,,0.999790,0.000210,L,0.999790,0.999580,0.002868,0.000420,0.041825
113,52,00550,sleet,457,0,,0.999477,0.000523,L,0.999477,0.998953,0.006461,0.001047,0.048727
113,52,00550,sleet,1378,0,,0.998930,0.001070,L,0.998930,0.997861,0.012098,0.002139,0.058554
113,52,00550,sleet,1392,0,,0.999070,0.000930,L,0.999070,0.998140,0.010709,0.001860,0.055775
113,52,00550,sleet,818,0,,0.998668,0.001332,L,0.998668,0.997336,0.014645,0.002664,0.085887
113,52,00550,sleet,22,0,,0.999791,0.000209,L,0.999791,0.999583,0.002852,0.000417,0.073166
113,52,00550,sleet,1361,0,,0.999017,0.000983,L,0.999017,0.998035,0.011234,0.001965,0.048417
113,52,00550,sleet,518,0,,0.999830,0.000170,L,0.999830,0.999660,0.002373,0.000340,0.030839
113,52,00550,sleet,9,0,,0.999780,0.000220,L,0.999780,0.999561,0.002985,0.000439,0.062767
113,52,00550,sleet,1094,0,,0.998956,0.001044,L,0.998956,0.997911,0.011847,0.002089,0.029593
113,52,00550,sleet,963,0,,0.999094,0.000906,L,0.999094,0.998189,0.010460,0.001811,0.031710
113,52,00550,sleet,1200,0,,0.999164,0.000836,L,0.999164,0.998328,0.009750,0.001672,0.054183
113,52,00550,sleet,338,0,,0.999878,0.000122,L,0.999878,0.999757,0.001756,0.000243,0.030773
113,52,00550,sleet,349,0,,0.999843,0.000157,L,0.999843,0.999687,0.002205,0.000313,0.042925
113,52,00550,sleet,1223,0,,0.999887,0.000113,L,0.999887,0.999775,0.001640,0.000225,0.076725
113,52,00550,sleet,154,0,,0.999824,0.000176,L,0.999824,0.999647,0.002454,0.000353,0.046931
114,52,00598,sleet,222,1,,0.999857,0.000143,L,0.999857,0.999715,0.002027,0.000285,0.049161
114,52,00598,sleet,223,1,,0.999866,0.000134,L,0.999866,0.999733,0.001912,0.000267,0.046588
114,52,00598,sleet,224,1,,0.999848,0.000152,L,0.999848,0.999697,0.002143,0.000303,0.057365
114,52,00598,sleet,225,1,,0.999857,0.000143,L,0.999857,0.999714,0.002034,0.000286,0.052147
114,52,00598,sleet,226,1,,0.999843,0.000157,L,0.999843,0.999686,0.002212,0.000314,0.054838
114,52,00598,sleet,227,1,,0.999853,0.000147,L,0.999853,0.999706,0.002085,0.000294,0.048240
114,52,00598,sleet,228,1,,0.999841,0.000159,L,0.999841,0.999682,0.002237,0.000318,0.046023
114,52,00598,sleet,229,1,,0.999838,0.000162,L,0.999838,0.999676,0.002275,0.000324,0.046748
114,52,00598,sleet,312,1,,0.999850,0.000150,L,0.999850,0.999699,0.002127,0.000301,0.045373
114,52,00598,sleet,313,1,,0.999859,0.000141,L,0.999859,0.999718,0.002007,0.000282,0.041874
114,52,00598,sleet,314,1,,0.999821,0.000180,L,0.999821,0.999641,0.002493,0.000359,0.063644
114,52,00598,sleet,315,1,,0.999860,0.000140,L,0.999860,0.999720,0.001992,0.000280,0.042645
114,52,00598,sleet,316,1,,0.999839,0.000161,L,0.999839,0.999677,0.002265,0.000323,0.044491
114,52,00598,sleet,317,1,,0.999824,0.000177,L,0.999824,0.999647,0.002456,0.000353,0.046039
114,52,00598,sleet,318,1,,0.999841,0.000159,L,0.999841,0.999682,0.002238,0.000318,0.037408
114,52,00598,sleet,319,1,,0.999822,0.000178,L,0.999822,0.999645,0.002470,0.000355,0.043038
114,52,00598,sleet,402,1,,0.999759,0.000241,L,0.999759,0.999518,0.003245,0.000482,0.050064
114,52,00598,sleet,403,1,,0.999761,0.000239,L,0.999761,0.999521,0.003226,0.000479,0.051608
114,52,00598,sleet,404,1,,0.999741,0.000259,L,0.999741,0.999482,0.003461,0.000518,0.071093
114,52,00598,sleet,405,1,,0.999735,0.000265,L,0.999735,0.999470,0.003531,0.000530,0.071194
114,52,00598,sleet,406,1,,0.999709,0.000291,L,0.999709,0.999417,0.003843,0.000583,0.068077
114,52,00598,sleet,407,1,,0.999752,0.000248,L,0.999752,0.999504,0.003327,0.000496,0.048364
114,52,00598,sleet,408,1,,0.999761,0.000239,L,0.999761,0.999522,0.003221,0.000478,0.041208
114,52,00598,sleet,409,1,,0.999775,0.000225,L,0.999775,0.999551,0.003046,0.000449,0.038000
114,52,00598,sleet,492,1,,0.999804,0.000196,L,0.999804,0.999609,0.002692,0.000391,0.040968
114,52,00598,sleet,493,1,,0.999801,0.000199,L,0.999801,0.999602,0.002733,0.000398,0.043284
114,52,00598,sleet,494,1,,0.999805,0.000195,L,0.999805,0.999610,0.002685,0.000390,0.045095
114,52,00598,sleet,495,1,,0.999819,0.000182,L,0.999819,0.999637,0.002518,0.000363,0.040024
114,52,00598,sleet,496,1,,0.999785,0.000215,L,0.999785,0.999570,0.002930,0.000430,0.045674
114,52,00598,sleet,497,1,,0.999775,0.000225,L,0.999775,0.999550,0.003054,0.000450,0.045963
114,52,00598,sleet,498,1,,0.999802,0.000198,L,0.999802,0.999604,0.002719,0.000396,0.038481
114,52,00598,sleet,499,1,,0.999814,0.000186,L,0.999814,0.999628,0.002572,0.000372,0.033911
114,52,00598,sleet,950,0,,0.998970,0.001030,L,0.998970,0.997940,0.011706,0.002060,0.030652
114,52,00598,sleet,1413,0,,0.999044,0.000956,L,0.999044,0.998089,0.010964,0.001911,0.052517
114,52,00598,sleet,529,0,,0.999521,0.000478,L,0.999521,0.999043,0.005967,0.000957,0.056831
114,52,00598,sleet,759,0,,0.999585,0.000414,L,0.999585,0.999171,0.005255,0.000829,0.029064
114,52,00598,sleet,1102,0,,0.998865,0.001135,L,0.998865,0.997730,0.012741,0.002270,0.053333
114,52,00598,sleet,806,0,,0.999806,0.000194,L,0.999806,0.999613,0.002667,0.000387,0.033968
114,52,00598,sleet,578,0,,0.999767,0.000233,L,0.999767,0.999533,0.003153,0.000467,0.033670
114,52,00598,sleet,1110,0,,0.999501,0.000499,L,0.999501,0.999003,0.006189,0.000997,0.026959
114,52,00598,sleet,10,0,,0.999399,0.000601,L,0.999399,0.998797,0.007302,0.001203,0.076174
114,52,00598,sleet,1278,0,,0.999312,0.000688,L,0.999312,0.998624,0.008222,0.001376,0.051155
114,52,00598,sleet,484,0,,0.999774,0.000226,L,0.999774,0.999548,0.003065,0.000452,0.042477
114,52,00598,sleet,216,0,,0.999871,0.000129,L,0.999871,0.999742,0.001850,0.000258,0.035959
114,52,00598,sleet,1227,0,,0.999140,0.000860,L,0.999140,0.998280,0.009996,0.001720,0.061911
114,52,00598,sleet,1017,0,,0.999107,0.000893,L,0.999107,0.998215,0.010330,0.001785,0.045391
114,52,00598,sleet,874,0,,0.999459,0.000541,L,0.999459,0.998918,0.006650,0.001082,0.037008
114,52,00598,sleet,456,0,,0.999464,0.000536,L,0.999464,0.998928,0.006597,0.001072,0.066051
114,52,00598,sleet,1223,0,,0.998191,0.001809,L,0.998191,0.996382,0.019090,0.003618,0.063723
114,52,00598,sleet,677,0,,0.999529,0.000471,L,0.999529,0.999057,0.005890,0.000943,0.044896
115,53,00199,sleet,830,1,,0.999247,0.000753,L,0.999247,0.998495,0.008894,0.001505,0.078345
115,53,00199,sleet,828,1,,0.999999,0.000001,L,0.999999,0.999999,0.000014,0.000001,0.655742
115,53,00199,sleet,915,1,,0.997077,0.002923,L,0.997077,0.994155,0.028814,0.005845,0.143774
115,53,00199,sleet,829,1,,0.999989,0.000011,L,0.999989,0.999978,0.000196,0.000022,0.443548
115,53,00199,sleet,644,1,,0.999921,0.000079,L,0.999921,0.999843,0.001184,0.000157,0.089689
115,53,00199,sleet,917,1,,0.991890,0.008110,L,0.991890,0.983779,0.067988,0.016221,0.209622
115,53,00199,sleet,646,1,,0.997275,0.002725,L,0.997275,0.994550,0.027144,0.005450,0.168628
115,53,00199,sleet,918,1,,0.993288,0.006713,L,0.993288,0.986575,0.058109,0.013425,0.156276
115,53,00199,sleet,741,1,,0.999466,0.000534,L,0.999466,0.998932,0.006577,0.001068,0.046676
115,53,00199,sleet,826,1,,0.998698,0.001302,L,0.998698,0.997395,0.014360,0.002605,0.198731
115,53,00199,sleet,738,1,,1.000000,0.000000,L,1.000000,1.000000,0.000000,0.000000,0.997507
115,53,00199,sleet,558,1,,0.996447,0.003553,L,0.996447,0.992894,0.034026,0.007106,0.095743
115,53,00199,sleet,827,1,,0.999991,0.000009,L,0.999991,0.999982,0.000165,0.000018,0.475805
115,53,00199,sleet,740,1,,0.999357,0.000643,L,0.999357,0.998714,0.007743,0.001286,0.113343
115,53,00199,sleet,561,1,,0.999542,0.000458,L,0.999542,0.999084,0.005744,0.000916,0.041709
115,53,00199,sleet,647,1,,0.999575,0.000425,L,0.999575,0.999149,0.005376,0.000851,0.161392
115,53,00199,sleet,825,1,,0.999020,0.000980,L,0.999020,0.998039,0.011213,0.001961,0.173151
115,53,00199,sleet,736,1,,0.999991,0.000009,L,0.999991,0.999982,0.000162,0.000018,0.442408
115,53,00199,sleet,916,1,,0.996456,0.003544,L,0.996456,0.992911,0.033957,0.007089,0.169557
115,53,00199,sleet,557,1,,0.996599,0.003401,L,0.996599,0.993199,0.032782,0.006801,0.086287
115,53,00199,sleet,734,1,,0.999964,0.000036,L,0.999964,0.999927,0.000588,0.000073,0.138633
115,53,00199,sleet,920,1,,0.998367,0.001633,L,0.998367,0.996734,0.017473,0.003266,0.075007
115,53,00199,sleet,554,1,,0.999330,0.000670,L,0.999330,0.998660,0.008029,0.001340,0.055765
115,53,00199,sleet,559,1,,0.998266,0.001734,L,0.998266,0.996533,0.018400,0.003467,0.061482
115,53,00199,sleet,556,1,,0.995560,0.004440,L,0.995560,0.991120,0.041092,0.008880,0.102602
115,53,00199,sleet,737,1,,1.000000,0.000000,L,1.000000,1.000000,0.000000,0.000000,0.968451
115,53,00199,sleet,650,1,,0.999425,0.000575,L,0.999425,0.998850,0.007019,0.001150,0.056033
115,53,00199,sleet,921,1,,0.998695,0.001305,L,0.998695,0.997389,0.014389,0.002611,0.053268
115,53,00199,sleet,648,1,,0.999948,0.000052,L,0.999948,0.999897,0.000811,0.000103,0.303457
115,53,00199,sleet,555,1,,0.998229,0.001771,L,0.998229,0.996459,0.018738,0.003541,0.085522
115,53,00199,sleet,651,1,,0.999445,0.000554,L,0.999445,0.998891,0.006797,0.001109,0.045902
115,53,00199,sleet,824,1,,0.999892,0.000108,L,0.999892,0.999783,0.001584,0.000217,0.122199
115,53,00199,sleet,919,1,,0.996386,0.003614,L,0.996386,0.992772,0.034521,0.007228,0.106353
115,53,00199,sleet,739,1,,1.000000,0.000000,L,1.000000,1.000000,0.000001,0.000000,0.795412
115,53,00199,sleet,645,1,,0.998931,0.001070,L,0.998931,0.997861,0.012097,0.002139,0.098661
115,53,00199,sleet,735,1,,0.999102,0.000898,L,0.999102,0.998204,0.010383,0.001796,0.191027
115,53,00199,sleet,526,0,,0.999812,0.000188,L,0.999812,0.999624,0.002599,0.000376,0.039198
115,53,00199,sleet,1212,0,,0.999323,0.000677,L,0.999323,0.998646,0.008104,0.001354,0.044436
115,53,00199,sleet,312,0,,0.999823,0.000177,L,0.999823,0.999646,0.002464,0.000354,0.058524
115,53,00199,sleet,11,0,,0.999593,0.000407,L,0.999593,0.999186,0.005173,0.000814,0.075228
115,53,00199,sleet,74,0,,0.999783,0.000217,L,0.999783,0.999567,0.002949,0.000433,0.074511
115,53,00199,sleet,850,0,,0.999431,0.000569,L,0.999431,0.998862,0.006953,0.001138,0.060907
115,53,00199,sleet,1394,0,,0.999155,0.000845,L,0.999155,0.998311,0.009842,0.001689,0.056573
115,53,00199,sleet,1246,0,,0.999223,0.000777,L,0.999223,0.998446,0.009148,0.001554,0.053219
115,53,00199,sleet,898,0,,0.999450,0.000550,L,0.999450,0.998900,0.006747,0.001100,0.050677
115,53,00199,sleet,437,0,,0.999761,0.000239,L,0.999761,0.999522,0.003221,0.000478,0.044877
115,53,00199,sleet,547,0,,0.999572,0.000428,L,0.999572,0.999143,0.005410,0.000857,0.040913
115,53,00199,sleet,683,0,,0.999506,0.000494,L,0.999506,0.999012,0.006141,0.000988,0.059111
115,53,00199,sleet,609,0,,0.999742,0.000258,L,0.999742,0.999483,0.003451,0.000517,0.042817
115,53,00199,sleet,788,0,,0.999575,0.000425,L,0.999575,0.999149,0.005377,0.000851,0.052757
115,53,00199,sleet,586,0,,0.999692,0.000308,L,0.999692,0.999384,0.004039,0.000616,0.053795
115,53,00199,sleet,153,0,,0.999774,0.000226,L,0.999774,0.999548,0.003066,0.000452,0.069733
115,53,00199,sleet,627,0,,0.999843,0.000157,L,0.999843,0.999686,0.002211,0.000314,0.054669
115,53,00199,sleet,348,0,,0.999850,0.000150,L,0.999850,0.999701,0.002119,0.000299,0.044493
116,53,00247,sleet,551,1,,0.997802,0.002198,L,0.997802,0.995603,0.022578,0.004397,0.122231
116,53,00247,sleet,552,1,,0.995978,0.004022,L,0.995978,0.991957,0.037794,0.008043,0.133867
116,53,00247,sleet,553,1,,0.994771,0.005229,L,0.994771,0.989542,0.047155,0.010458,0.112709
116,53,00247,sleet,554,1,,0.995261,0.004739,L,0.995261,0.990522,0.043413,0.009478,0.097560
116,53,00247,sleet,555,1,,0.997195,0.002805,L,0.997195,0.994389,0.027825,0.005611,0.070662
116,53,00247,sleet,556,1,,0.999567,0.000433,L,0.999567,0.999135,0.005457,0.000865,0.044942
116,53,00247,sleet,557,1,,0.999601,0.000399,L,0.999601,0.999202,0.005082,0.000798,0.040550
116,53,00247,sleet,641,1,,0.998792,0.001208,L,0.998792,0.997585,0.013448,0.002415,0.146495
116,53,00247,sleet,642,1,,0.997711,0.002289,L,0.997711,0.995421,0.023378,0.004579,0.177466
116,53,00247,sleet,643,1,,0.999005,0.000995,L,0.999005,0.998011,0.011354,0.001989,0.201539
116,53,00247,sleet,644,1,,0.999925,0.000075,L,0.999925,0.999849,0.001140,0.000151,0.282286
116,53,00247,sleet,645,1,,0.997889,0.002111,L,0.997889,0.995779,0.021801,0.004221,0.170608
116,53,00247,sleet,646,1,,0.999390,0.000610,L,0.999390,0.998780,0.007397,0.001220,0.057127
116,53,00247,sleet,647,1,,0.999419,0.000581,L,0.999419,0.998837,0.007087,0.001163,0.046832
116,53,00247,sleet,731,1,,0.999050,0.000950,L,0.999050,0.998100,0.010909,0.001900,0.217231
116,53,00247,sleet,732,1,,0.999875,0.000125,L,0.999875,0.999751,0.001796,0.000249,0.301273
116,53,00247,sleet,733,1,,1.000000,0.000000,L,1.000000,1.000000,0.000000,0.000000,0.947003
116,53,00247,sleet,734,1,,1.000000,0.000000,L,1.000000,1.000000,0.000000,0.000000,0.999878
116,53,00247,sleet,735,1,,1.000000,0.000000,L,1.000000,1.000000,0.000000,0.000000,0.938168
116,53,00247,sleet,736,1,,0.999340,0.000660,L,0.999340,0.998679,0.007929,0.001321,0.181477
116,53,00247,sleet,737,1,,0.999293,0.000707,L,0.999293,0.998585,0.008423,0.001415,0.061541
116,53,00247,sleet,821,1,,0.997405,0.002595,L,0.997405,0.994809,0.026033,0.005191,0.137888
116,53,00247,sleet,822,1,,0.998836,0.001164,L,0.998836,0.997672,0.013022,0.002328,0.196188
116,53,00247,sleet,823,1,,0.999947,0.000053,L,0.999947,0.999895,0.000825,0.000105,0.347717
116,53,00247,sleet,824,1,,0.999999,0.000001,L,0.999999,0.999999,0.000013,0.000001,0.633753
116,53,00247,sleet,825,1,,0.999983,0.000017,L,0.999983,0.999966,0.000292,0.000034,0.407128
116,53,00247,sleet,826,1,,0.999090,0.000910,L,0.999090,0.998180,0.010503,0.001820,0.126696
116,53,00247,sleet,827,1,,0.999017,0.000983,L,0.999017,0.998034,0.011240,0.001966,0.063239
116,53,00247,sleet,911,1,,0.991045,0.008955,L,0.991045,0.982090,0.073782,0.017910,0.090017
116,53,00247,sleet,912,1,,0.998488,0.001512,L,0.998488,0.996975,0.016349,0.003025,0.145217
116,53,00247,sleet,913,1,,0.993985,0.006015,L,0.993985,0.987970,0.053025,0.012030,0.170935
116,53,00247,sleet,914,1,,0.989585,0.010415,L,0.989585,0.979170,0.083532,0.020830,0.170802
116,53,00247,sleet,915,1,,0.991157,0.008843,L,0.991157,0.982314,0.073023,0.017686,0.146207
116,53,00247,sleet,916,1,,0.998084,0.001916,L,0.998084,0.996168,0.020060,0.003832,0.118997
116,53,00247,sleet,917,1,,0.998323,0.001677,L,0.998323,0.996645,0.017882,0.003355,0.101641
116,53,00247,sleet,869,0,,0.999502,0.000498,L,0.999502,0.999003,0.006186,0.000997,0.057259
116,53,00247,sleet,760,0,,0.999590,0.000410,L,0.999590,0.999180,0.005206,0.000820,0.044695
116,53,00247,sleet,666,0,,0.999600,0.000400,L,0.999600,0.999200,0.005091,0.000800,0.051641
116,53,00247,sleet,1173,0,,0.998706,0.001294,L,0.998706,0.997412,0.014279,0.002588,0.044108
116,53,00247,sleet,1201,0,,0.999170,0.000830,L,0.999170,0.998340,0.009693,0.001660,0.047782
116,53,00247,sleet,1197,0,,0.999171,0.000829,L,0.999171,0.998341,0.009686,0.001659,0.046643
116,53,00247,sleet,988,0,,0.999025,0.000975,L,0.999025,0.998050,0.011158,0.001950,0.042557
116,53,00247,sleet,51,0,,0.998695,0.001305,L,0.998695,0.997389,0.014389,0.002611,0.063007
116,53,00247,sleet,1393,0,,0.999193,0.000807,L,0.999193,0.998386,0.009454,0.001614,0.058601
116,53,00247,sleet,1118,0,,0.998894,0.001106,L,0.998894,0.997788,0.012459,0.002212,0.055451
116,53,00247,sleet,1291,0,,0.999335,0.000665,L,0.999335,0.998671,0.007973,0.001329,0.055045
116,53,00247,sleet,1235,0,,0.999113,0.000887,L,0.999113,0.998225,0.010276,0.001775,0.068795
116,53,00247,sleet,956,0,,0.998990,0.001010,L,0.998990,0.997981,0.011504,0.002019,0.043721
116,53,00247,sleet,85,0,,0.999818,0.000182,L,0.999818,0.999636,0.002525,0.000364,0.069349
116,53,00247,sleet,467,0,,0.999647,0.000353,L,0.999647,0.999294,0.004560,0.000706,0.036488
116,53,00247,sleet,247,0,,0.999849,0.000151,L,0.999849,0.999698,0.002131,0.000302,0.056124
116,53,00247,sleet,295,0,,0.999818,0.000183,L,0.999818,0.999635,0.002530,0.000365,0.052407
116,53,00247,sleet,439,0,,0.999727,0.000273,L,0.999727,0.999454,0.003623,0.000546,0.061213
117,53,00295,sleet,558,1,,0.999587,0.000413,L,0.999587,0.999173,0.005242,0.000827,0.089058
117,53,00295,sleet,559,1,,0.998986,0.001014,L,0.998986,0.997973,0.011543,0.002027,0.098310
117,53,00295,sleet,560,1,,0.999514,0.000486,L,0.999514,0.999028,0.006050,0.000972,0.089916
117,53,00295,sleet,561,1,,0.999019,0.000981,L,0.999019,0.998037,0.011221,0.001963,0.092541
117,53,00295,sleet,562,1,,0.997584,0.002416,L,0.997584,0.995169,0.024480,0.004831,0.097737
117,53,00295,sleet,563,1,,0.999562,0.000438,L,0.999562,0.999124,0.005520,0.000876,0.050895
117,53,00295,sleet,564,1,,0.999637,0.000363,L,0.999637,0.999273,0.004676,0.000727,0.043344
117,53,00295,sleet,648,1,,0.999626,0.000374,L,0.999626,0.999251,0.004802,0.000749,0.154792
117,53,00295,sleet,649,1,,0.999678,0.000322,L,0.999678,0.999356,0.004200,0.000644,0.225941
117,53,00295,sleet,650,1,,0.999999,0.000001,L,0.999999,0.999998,0.000021,0.000002,0.685943
117,53,00295,sleet,651,1,,1.000000,0.000000,L,1.000000,1.000000,0.000004,0.000000,0.864308
117,53,00295,sleet,652,1,,0.999998,0.000002,L,0.999998,0.999995,0.000049,0.000005,0.698573
117,53,00295,sleet,653,1,,0.999201,0.000799,L,0.999201,0.998401,0.009378,0.001599,0.232249
117,53,00295,sleet,654,1,,0.999451,0.000549,L,0.999451,0.998902,0.006737,0.001098,0.055913
117,53,00295,sleet,738,1,,0.999069,0.000931,L,0.999069,0.998138,0.010717,0.001862,0.171447
117,53,00295,sleet,739,1,,0.999971,0.000029,L,0.999971,0.999942,0.000482,0.000058,0.496365
117,53,00295,sleet,740,1,,1.000000,0.000000,L,1.000000,1.000000,0.000004,0.000000,0.992027
117,53,00295,sleet,741,1,,1.000000,0.000000,L,1.000000,1.000000,0.000003,0.000000,0.999981
117,53,00295,sleet,742,1,,1.000000,0.000000,L,1.000000,1.000000,0.000005,0.000000,0.994437
117,53,00295,sleet,743,1,,0.999082,0.000918,L,0.999082,0.998163,0.010590,0.001837,0.229171
117,53,00295,sleet,744,1,,0.999355,0.000645,L,0.999355,0.998710,0.007769,0.001290,0.054286
117,53,00295,sleet,828,1,,0.997450,0.002550,L,0.997450,0.994900,0.025645,0.005100,0.099712
117,53,00295,sleet,829,1,,0.994243,0.005757,L,0.994243,0.988487,0.051113,0.011513,0.151361
117,53,00295,sleet,830,1,,0.998992,0.001008,L,0.998992,0.997983,0.011492,0.002017,0.111403
117,53,00295,sleet,831,1,,0.999316,0.000684,L,0.999316,0.998632,0.008180,0.001368,0.177181
117,53,00295,sleet,832,1,,0.998992,0.001008,L,0.998992,0.997985,0.011485,0.002015,0.137257
117,53,00295,sleet,833,1,,0.998929,0.001071,L,0.998929,0.997859,0.012107,0.002141,0.069012
117,53,00295,sleet,834,1,,0.999248,0.000752,L,0.999248,0.998496,0.008888,0.001504,0.045368
117,53,00295,sleet,918,1,,0.993093,0.006907,L,0.993093,0.986187,0.059503,0.013813,0.071451
117,53,00295,sleet,919,1,,0.984683,0.015317,L,0.984683,0.969365,0.114272,0.030635,0.115203
117,53,00295,sleet,920,1,,0.994016,0.005984,L,0.994016,0.988032,0.052796,0.011968,0.091633
117,53,00295,sleet,921,1,,0.997717,0.002283,L,0.997717,0.995434,0.023325,0.004566,0.074790
117,53,00295,sleet,922,1,,0.998065,0.001935,L,0.998065,0.996129,0.020234,0.003871,0.074823
117,53,00295,sleet,923,1,,0.998473,0.001527,L,0.998473,0.996946,0.016489,0.003054,0.069340
117,53,00295,sleet,924,1,,0.998571,0.001429,L,0.998571,0.997142,0.015564,0.002858,0.058837
117,53,00295,sleet,1402,0,,0.999204,0.000796,L,0.999204,0.998409,0.009339,0.001591,0.048462
117,53,00295,sleet,942,0,,0.999125,0.000875,L,0.999125,0.998250,0.010153,0.001750,0.030128
117,53,00295,sleet,987,0,,0.998868,0.001133,L,0.998868,0.997735,0.012716,0.002265,0.045092
117,53,00295,sleet,70,0,,0.999803,0.000197,L,0.999803,0.999606,0.002707,0.000394,0.064854
117,53,00295,sleet,1318,0,,0.999269,0.000731,L,0.999269,0.998537,0.008674,0.001463,0.045332
117,53,00295,sleet,895,0,,0.999503,0.000497,L,0.999503,0.999005,0.006175,0.000995,0.053823
117,53,00295,sleet,1116,0,,0.998891,0.001109,L,0.998891,0.997781,0.012489,0.002219,0.061844
117,53,00295,sleet,766,0,,0.999718,0.000282,L,0.999718,0.999435,0.003737,0.000565,0.025153
117,53,00295,sleet,1121,0,,0.998721,0.001279,L,0.998721,0.997441,0.014139,0.002559,0.059345
117,53,00295,sleet,145,0,,0.999796,0.000204,L,0.999796,0.999592,0.002796,0.000408,0.050301
117,53,00295,sleet,999,0,,0.999145,0.000855,L,0.999145,0.998291,0.009944,0.001709,0.032695
117,53,00295,sleet,927,0,,0.998973,0.001027,L,0.998973,0.997946,0.011675,0.002054,0.034728
117,53,00295,sleet,807,0,,0.999711,0.000289,L,0.999711,0.999422,0.003815,0.000578,0.045999
117,53,00295,sleet,1291,0,,0.999342,0.000658,L,0.999342,0.998684,0.007905,0.001316,0.052402
117,53,00295,sleet,899,0,,0.999635,0.000365,L,0.999635,0.999270,0.004696,0.000730,0.038780
117,53,00295,sleet,1202,0,,0.999176,0.000824,L,0.999176,0.998351,0.009634,0.001649,0.063356
117,53,00295,sleet,71,0,,0.999821,0.000179,L,0.999821,0.999642,0.002484,0.000358,0.055425
117,53,00295,sleet,172,0,,0.999771,0.000229,L,0.999771,0.999543,0.003097,0.000457,0.070036
118,53,00492,sleet,498,1,,0.999586,0.000414,L,0.999586,0.999172,0.005249,0.000828,0.045140
118,53,00492,sleet,764,1,,0.999862,0.000138,L,0.999862,0.999723,0.001974,0.000277,0.612118
118,53,00492,sleet,762,1,,0.996340,0.003660,L,0.996340,0.992680,0.034895,0.007320,0.199203
118,53,00492,sleet,852,1,,0.997404,0.002596,L,0.997404,0.994808,0.026038,0.005192,0.100425
118,53,00492,sleet,763,1,,0.999539,0.000461,L,0.999539,0.999079,0.005770,0.000921,0.358165
118,53,00492,sleet,587,1,,0.999553,0.000447,L,0.999553,0.999106,0.005620,0.000894,0.048917
118,53,00492,sleet,672,1,,0.999679,0.000321,L,0.999679,0.999359,0.004185,0.000641,0.230269
118,53,00492,sleet,857,1,,0.999499,0.000501,L,0.999499,0.998999,0.006211,0.001001,0.037017
118,53,00492,sleet,583,1,,0.999996,0.000004,L,0.999996,0.999992,0.000075,0.000008,0.486033
118,53,00492,sleet,493,1,,0.999882,0.000118,L,0.999882,0.999764,0.001709,0.000236,0.068517
118,53,00492,sleet,586,1,,0.999700,0.000300,L,0.999700,0.999400,0.003942,0.000600,0.162563
118,53,00492,sleet,677,1,,0.999235,0.000765,L,0.999235,0.998471,0.009019,0.001529,0.219339
118,53,00492,sleet,585,1,,0.999997,0.000004,L,0.999997,0.999993,0.000069,0.000007,0.577886
118,53,00492,sleet,766,1,,0.999333,0.000667,L,0.999333,0.998666,0.007998,0.001334,0.324469
118,53,00492,sleet,855,1,,0.999196,0.000804,L,0.999196,0.998392,0.009427,0.001608,0.097630
118,53,00492,sleet,673,1,,0.999979,0.000021,L,0.999979,0.999957,0.000363,0.000043,0.629403
118,53,00492,sleet,671,1,,0.999623,0.000377,L,0.999623,0.999245,0.004835,0.000755,0.176220
118,53,00492,sleet,584,1,,0.999999,0.000001,L,0.999999,0.999998,0.000019,0.000002,0.625416
118,53,00492,sleet,768,1,,0.999561,0.000439,L,0.999561,0.999122,0.005529,0.000878,0.051176
118,53,00492,sleet,674,1,,0.999999,0.000001,L,0.999999,0.999998,0.000024,0.000002,0.997674
118,53,00492,sleet,676,1,,0.999820,0.000180,L,0.999820,0.999639,0.002503,0.000361,0.603874
118,53,00492,sleet,765,1,,0.999779,0.000221,L,0.999779,0.999558,0.003003,0.000442,0.564350
118,53,00492,sleet,853,1,,0.998695,0.001305,L,0.998695,0.997391,0.014381,0.002609,0.119235
118,53,00492,sleet,495,1,,0.999813,0.000187,L,0.999813,0.999625,0.002592,0.000375,0.096738
118,53,00492,sleet,675,1,,0.999996,0.000004,L,0.999996,0.999993,0.000072,0.000007,0.975250
118,53,00492,sleet,494,1,,0.999891,0.000109,L,0.999891,0.999781,0.001597,0.000219,0.095834
118,53,00492,sleet,678,1,,0.999570,0.000430,L,0.999570,0.999139,0.005434,0.000861,0.049376
118,53,00492,sleet,582,1,,0.999939,0.000061,L,0.999939,0.999879,0.000937,0.000121,0.122080
118,53,00492,sleet,854,1,,0.999207,0.000793,L,0.999207,0.998413,0.009316,0.001587,0.109523
118,53,00492,sleet,497,1,,0.999527,0.000473,L,0.999527,0.999054,0.005909,0.000946,0.049048
118,53,00492,sleet,492,1,,0.999810,0.000190,L,0.999810,0.999620,0.002623,0.000380,0.057717
118,53,00492,sleet,856,1,,0.999373,0.000627,L,0.999373,0.998746,0.007573,0.001254,0.057231
118,53,00492,sleet,858,1,,0.999421,0.000579,L,0.999421,0.998843,0.007057,0.001157,0.043445
118,53,00492,sleet,851,1,,0.998845,0.001155,L,0.998845,0.997690,0.012938,0.002310,0.093839
118,53,00492,sleet,761,1,,0.995936,0.004064,L,0.995936,0.991872,0.038131,0.008128,0.185603
118,53,00492,sleet,767,1,,0.999276,0.000724,L,0.999276,0.998552,0.008599,0.001448,0.073380
118,53,00492,sleet,149,0,,0.999671,0.000329,L,0.999671,0.999341,0.004285,0.000659,0.075161
118,53,00492,sleet,239,0,,0.999801,0.000199,L,0.999801,0.999602,0.002735,0.000398,0.055556
118,53,00492,sleet,630,0,,0.999540,0.000460,L,0.999540,0.999079,0.005768,0.000921,0.064179
118,53,00492,sleet,1425,0,,0.999128,0.000872,L,0.999128,0.998257,0.010117,0.001743,0.060302
118,53,00492,sleet,324,0,,0.999818,0.000183,L,0.999818,0.999635,0.002530,0.000365,0.052407
118,53,00492,sleet,506,0,,0.999776,0.000224,L,0.999776,0.999551,0.003043,0.000449,0.052261
118,53,00492,sleet,89,0,,0.999514,0.000486,L,0.999514,0.999028,0.006048,0.000972,0.084917
118,53,00492,sleet,551,0,,0.999732,0.000268,L,0.999732,0.999463,0.003570,0.000537,0.039976
118,53,00492,sleet,619,0,,0.999698,0.000302,L,0.999698,0.999396,0.003970,0.000604,0.065303
118,53,00492,sleet,642,0,,0.999607,0.000393,L,0.999607,0.999214,0.005015,0.000786,0.039161
118,53,00492,sleet,802,0,,0.999678,0.000322,L,0.999678,0.999357,0.004196,0.000643,0.034103
118,53,00492,sleet,869,0,,0.999519,0.000481,L,0.999519,0.999039,0.005991,0.000961,0.051759
118,53,00492,sleet,473,0,,0.999746,0.000254,L,0.999746,0.999492,0.003397,0.000508,0.055283
118,53,00492,sleet,860,0,,0.999331,0.000669,L,0.999331,0.998662,0.008021,0.001338,0.039951
118,53,00492,sleet,1287,0,,0.999113,0.000887,L,0.999113,0.998225,0.010277,0.001775,0.078044
118,53,00492,sleet,1426,0,,0.999128,0.000872,L,0.999128,0.998257,0.010117,0.001743,0.060302
118,53,00492,sleet,1399,0,,0.998946,0.001054,L,0.998946,0.997892,0.011945,0.002108,0.057976
118,53,00492,sleet,1122,0,,0.999222,0.000778,L,0.999222,0.998443,0.009161,0.001557,0.047382
119,53,00541,sleet,46,1,,0.999817,0.000183,L,0.999817,0.999634,0.002536,0.000366,0.063761
119,53,00541,sleet,47,1,,0.999796,0.000204,L,0.999796,0.999592,0.002798,0.000408,0.076260
119,53,00541,sleet,48,1,,0.999798,0.000202,L,0.999798,0.999596,0.002770,0.000404,0.074226
119,53,00541,sleet,49,1,,0.999803,0.000197,L,0.999803,0.999605,0.002713,0.000395,0.069140
119,53,00541,sleet,50,1,,0.999795,0.000205,L,0.999795,0.999590,0.002811,0.000410,0.071738
119,53,00541,sleet,51,1,,0.999806,0.000194,L,0.999806,0.999613,0.002667,0.000387,0.062478
119,53,00541,sleet,52,1,,0.999804,0.000196,L,0.999804,0.999608,0.002697,0.000392,0.063684
119,53,00541,sleet,53,1,,0.999826,0.000174,L,0.999826,0.999653,0.002421,0.000347,0.051573
119,53,00541,sleet,136,1,,0.999749,0.000251,L,0.999749,0.999498,0.003362,0.000502,0.076457
119,53,00541,sleet,137,1,,0.999725,0.000275,L,0.999725,0.999451,0.003646,0.000549,0.088105
119,53,00541,sleet,138,1,,0.999729,0.000271,L,0.999729,0.999457,0.003605,0.000543,0.084135
119,53,00541,sleet,139,1,,0.999755,0.000245,L,0.999755,0.999510,0.003290,0.000490,0.067833
119,53,00541,sleet,140,1,,0.999744,0.000256,L,0.999744,0.999489,0.003419,0.000511,0.068793
119,53,00541,sleet,141,1,,0.999779,0.000221,L,0.999779,0.999557,0.003006,0.000443,0.052983
119,53,00541,sleet,142,1,,0.999760,0.000240,L,0.999760,0.999520,0.003234,0.000480,0.056155
119,53,00541,sleet,143,1,,0.999781,0.000219,L,0.999781,0.999562,0.002976,0.000438,0.048007
119,53,00541,sleet,1261,0,,0.997639,0.002361,L,0.997639,0.995278,0.024004,0.004722,0.096687
119,53,00541,sleet,222,0,,0.999865,0.000135,L,0.999865,0.999730,0.001932,0.000270,0.034350
119,53,00541,sleet,971,0,,0.998975,0.001025,L,0.998975,0.997951,0.011653,0.002049,0.072002
119,53,00541,sleet,186,0,,0.999768,0.000232,L,0.999768,0.999536,0.003136,0.000464,0.052877
119,53,00541,sleet,442,0,,0.999756,0.000244,L,0.999756,0.999513,0.003277,0.000487,0.044679
119,53,00541,sleet,975,0,,0.999108,0.000892,L,0.999108,0.998215,0.010327,0.001785,0.046800
119,53,00541,sleet,259,0,,0.999851,0.000149,L,0.999851,0.999703,0.002105,0.000297,0.048043
119,53,00541,sleet,1434,0,,0.998968,0.001032,L,0.998968,0.997937,0.011722,0.002063,0.065399
119,53,00541,sleet,353,0,,0.999858,0.000142,L,0.999858,0.999715,0.002024,0.000285,0.043261
119,53,00541,sleet,156,0,,0.999805,0.000195,L,0.999805,0.999609,0.002690,0.000391,0.049915
119,53,00541,sleet,864,0,,0.999520,0.000480,L,0.999520,0.999039,0.005989,0.000961,0.051760
119,53,00541,sleet,1427,0,,0.999146,0.000854,L,0.999146,0.998291,0.009940,0.001709,0.054014
119,53,00541,sleet,1037,0,,0.998732,0.001268,L,0.998732,0.997464,0.014032,0.002536,0.040271
119,53,00541,sleet,595,0,,0.999693,0.000307,L,0.999693,0.999387,0.004022,0.000613,0.052337
119,53,00541,sleet,836,0,,0.999540,0.000460,L,0.999540,0.999080,0.005766,0.000920,0.038934
119,53,00541,sleet,599,0,,0.999730,0.000270,L,0.999730,0.999461,0.003587,0.000539,0.054772
119,53,00541,sleet,740,0,,0.999613,0.000387,L,0.999613,0.999225,0.004950,0.000775,0.035743
119,53,00541,sleet,754,0,,0.999601,0.000399,L,0.999601,0.999202,0.005079,0.000798,0.047010
120,42,00159,lightsnow,235,1,,0.999640,0.000360,L,0.999640,0.999280,0.004640,0.000720,0.074193
120,42,00159,lightsnow,236,1,,0.999431,0.000569,L,0.999431,0.998862,0.006952,0.001138,0.085226
120,42,00159,lightsnow,237,1,,0.999064,0.000936,L,0.999064,0.998128,0.010767,0.001872,0.105990
120,42,00159,lightsnow,238,1,,0.999335,0.000665,L,0.999335,0.998670,0.007979,0.001330,0.132831
120,42,00159,lightsnow,239,1,,0.998774,0.001226,L,0.998774,0.997547,0.013629,0.002453,0.130542
120,42,00159,lightsnow,240,1,,0.998060,0.001940,L,0.998060,0.996120,0.020275,0.003880,0.129939
120,42,00159,lightsnow,241,1,,0.999811,0.000189,L,0.999811,0.999622,0.002607,0.000378,0.062773
120,42,00159,lightsnow,242,1,,0.999799,0.000201,L,0.999799,0.999597,0.002762,0.000403,0.056739
120,42,00159,lightsnow,326,1,,0.999593,0.000407,L,0.999593,0.999187,0.005168,0.000813,0.183196
120,42,00159,lightsnow,327,1,,0.998847,0.001153,L,0.998847,0.997693,0.012921,0.002307,0.205578
120,42,00159,lightsnow,328,1,,0.999998,0.000002,L,0.999998,0.999996,0.000036,0.000004,0.477053
120,42,00159,lightsnow,329,1,,1.000000,0.000000,L,1.000000,1.000000,0.000002,0.000000,0.663583
120,42,00159,lightsnow,330,1,,0.999995,0.000005,L,0.999995,0.999991,0.000088,0.000009,0.444504
120,42,00159,lightsnow,331,1,,0.999536,0.000464,L,0.999536,0.999072,0.005810,0.000928,0.135049
120,42,00159,lightsnow,332,1,,0.999596,0.000404,L,0.999596,0.999191,0.005140,0.000809,0.072913
120,42,00159,lightsnow,416,1,,0.999535,0.000465,L,0.999535,0.999069,0.005823,0.000931,0.207837
120,42,00159,lightsnow,417,1,,0.999536,0.000464,L,0.999536,0.999071,0.005811,0.000929,0.232442
120,42,00159,lightsnow,418,1,,1.000000,0.000000,L,1.000000,1.000000,0.000001,0.000000,0.778167
120,42,00159,lightsnow,419,1,,1.000000,0.000000,L,1.000000,1.000000,0.000000,0.000000,0.915623
120,42,00159,lightsnow,420,1,,1.000000,0.000000,L,1.000000,1.000000,0.000001,0.000000,0.739663
120,42,00159,lightsnow,421,1,,0.999439,0.000561,L,0.999439,0.998878,0.006865,0.001122,0.133244
120,42,00159,lightsnow,422,1,,0.999446,0.000554,L,0.999446,0.998892,0.006793,0.001108,0.067217
120,42,00159,lightsnow,506,1,,0.997315,0.002685,L,0.997315,0.994630,0.026800,0.005370,0.109566
120,42,00159,lightsnow,507,1,,0.996465,0.003535,L,0.996465,0.992930,0.033880,0.007070,0.159655
120,42,00159,lightsnow,508,1,,0.999100,0.000900,L,0.999100,0.998200,0.010404,0.001800,0.143423
120,42,00159,lightsnow,509,1,,0.999797,0.000203,L,0.999797,0.999594,0.002786,0.000406,0.134407
120,42,00159,lightsnow,510,1,,0.999479,0.000521,L,0.999479,0.998958,0.006434,0.001042,0.073796
120,42,00159,lightsnow,511,1,,0.999531,0.000469,L,0.999531,0.999061,0.005866,0.000939,0.049869
120,42,00159,lightsnow,512,1,,0.999507,0.000493,L,0.999507,0.999014,0.006130,0.000986,0.038897
120,42,00159,lightsnow,596,1,,0.994749,0.005251,L,0.994749,0.989498,0.047321,0.010502,0.079013
120,42,00159,lightsnow,597,1,,0.993974,0.006026,L,0.993974,0.987948,0.053107,0.012052,0.095459
120,42,00159,lightsnow,598,1,,0.996906,0.003094,L,0.996906,0.993812,0.030250,0.006188,0.100559
120,42,00159,lightsnow,599,1,,0.998486,0.001514,L,0.998486,0.996972,0.016363,0.003028,0.084793
120,42,00159,lightsnow,715,0,,0.999321,0.000679,L,0.999321,0.998642,0.008126,0.001358,0.042462
120,42,00159,lightsnow,257,0,,0.999822,0.000178,L,0.999822,0.999644,0.002474,0.000356,0.069914
120,42,00159,lightsnow,80,0,,0.999787,0.000213,L,0.999787,0.999575,0.002901,0.000425,0.078111
120,42,00159,lightsnow,8,0,,0.996582,0.003418,L,0.996582,0.993164,0.032925,0.006836,0.083501
120,42,00159,lightsnow,729,0,,0.999639,0.000361,L,0.999639,0.999278,0.004648,0.000722,0.022714
120,42,00159,lightsnow,1378,0,,0.996851,0.003149,L,0.996851,0.993703,0.030705,0.006297,0.099575
120,42,00159,lightsnow,838,0,,0.999335,0.000664,L,0.999335,0.998671,0.007972,0.001329,0.035887
120,42,00159,lightsnow,1149,0,,0.999631,0.000369,L,0.999631,0.999261,0.004743,0.000739,0.040423
120,42,00159,lightsnow,725,0,,0.996193,0.003807,L,0.996193,0.992385,0.036082,0.007615,0.053614
120,42,00159,lightsnow,898,0,,0.999982,0.000018,L,0.999982,0.999965,0.000303,0.000035,0.084640
120,42,00159,lightsnow,934,0,,0.999508,0.000492,L,0.999508,0.999016,0.006114,0.000984,0.034010
120,42,00159,lightsnow,1255,0,,0.999538,0.000462,L,0.999538,0.999075,0.005790,0.000925,0.037104
120,42,00159,lightsnow,757,0,,0.999335,0.000665,L,0.999335,0.998670,0.007979,0.001330,0.031575
120,42,00159,lightsnow,954,0,,0.997851,0.002149,L,0.997851,0.995702,0.022140,0.004298,0.055521
120,42,00159,lightsnow,1263,0,,0.996953,0.003047,L,0.996953,0.993905,0.029861,0.006095,0.122443
120,42,00159,lightsnow,1129,0,,0.999837,0.000163,L,0.999837,0.999674,0.002289,0.000326,0.062884
120,42,00159,lightsnow,341,0,,0.999800,0.000200,L,0.999800,0.999599,0.002750,0.000401,0.052082
120,42,00159,lightsnow,551,0,,0.999741,0.000259,L,0.999741,0.999483,0.003455,0.000517,0.020530
121,42,00194,lightsnow,692,1,,0.997683,0.002317,L,0.997683,0.995366,0.023620,0.004634,0.094541
121,42,00194,lightsnow,786,1,,0.999014,0.000985,L,0.999014,0.998029,0.011263,0.001971,0.083184
121,42,00194,lightsnow,694,1,,0.999193,0.000807,L,0.999193,0.998386,0.009453,0.001614,0.051466
121,42,00194,lightsnow,1053,1,,0.996678,0.003322,L,0.996678,0.993356,0.032138,0.006644,0.098297
121,42,00194,lightsnow,874,1,,1.000000,0.000000,L,1.000000,1.000000,0.000000,0.000000,0.867961
121,42,00194,lightsnow,873,1,,1.000000,0.000000,L,1.000000,1.000000,0.000002,0.000000,0.699496
121,42,00194,lightsnow,787,1,,0.999592,0.000408,L,0.999592,0.999185,0.005178,0.000815,0.038791
121,42,00194,lightsnow,1055,1,,0.999234,0.000766,L,0.999234,0.998469,0.009030,0.001531,0.057047
121,42,00194,lightsnow,784,1,,0.999999,0.000001,L,0.999999,0.999997,0.000028,0.000003,0.528743
121,42,00194,lightsnow,877,1,,0.999615,0.000385,L,0.999615,0.999231,0.004918,0.000769,0.050597
121,42,00194,lightsnow,1058,1,,0.999573,0.000427,L,0.999573,0.999146,0.005396,0.000854,0.031890
121,42,00194,lightsnow,691,1,,0.996594,0.003406,L,0.996594,0.993187,0.032829,0.006813,0.110618
121,42,00194,lightsnow,964,1,,0.999998,0.000002,L,0.999998,0.999996,0.000039,0.000004,0.410470
121,42,00194,lightsnow,788,1,,0.999548,0.000452,L,0.999548,0.999096,0.005676,0.000904,0.036202
121,42,00194,lightsnow,697,1,,0.999433,0.000567,L,0.999433,0.998866,0.006935,0.001134,0.035730
121,42,00194,lightsnow,963,1,,0.999245,0.000755,L,0.999245,0.998490,0.008918,0.001510,0.156585
121,42,00194,lightsnow,1052,1,,0.993735,0.006265,L,0.993735,0.987470,0.054862,0.012530,0.097458
121,42,00194,lightsnow,698,1,,0.999514,0.000486,L,0.999514,0.999028,0.006049,0.000972,0.031541
121,42,00194,lightsnow,782,1,,0.998906,0.001094,L,0.998906,0.997813,0.012335,0.002187,0.199178
121,42,00194,lightsnow,872,1,,0.999361,0.000639,L,0.999361,0.998722,0.007701,0.001278,0.196537
121,42,00194,lightsnow,1056,1,,0.999604,0.000396,L,0.999604,0.999207,0.005050,0.000793,0.045482
121,42,00194,lightsnow,1057,1,,0.999619,0.000381,L,0.999619,0.999239,0.004872,0.000761,0.036797
121,42,00194,lightsnow,966,1,,0.999681,0.000319,L,0.999681,0.999362,0.004167,0.000638,0.093020
121,42,00194,lightsnow,1054,1,,0.998605,0.001395,L,0.998605,0.997210,0.015246,0.002790,0.077841
121,42,00194,lightsnow,1051,1,,0.995410,0.004590,L,0.995410,0.990820,0.042258,0.009180,0.081551
121,42,00194,lightsnow,968,1,,0.999409,0.000591,L,0.999409,0.998819,0.007186,0.001181,0.043172
121,42,00194,lightsnow,871,1,,0.999969,0.000031,L,0.999969,0.999938,0.000508,0.000062,0.145452
121,42,00194,lightsnow,961,1,,0.999164,0.000836,L,0.999164,0.998328,0.009755,0.001672,0.097409
121,42,00194,lightsnow,783,1,,0.999833,0.000167,L,0.999833,0.999665,0.002341,0.000335,0.246816
121,42,00194,lightsnow,696,1,,0.998813,0.001187,L,0.998813,0.997627,0.013244,0.002373,0.047178
121,42,00194,lightsnow,695,1,,0.998515,0.001485,L,0.998515,0.997031,0.016090,0.002969,0.056501
121,42,00194,lightsnow,785,1,,0.999991,0.000009,L,0.999991,0.999983,0.000158,0.000017,0.293403
121,42,00194,lightsnow,781,1,,0.999869,0.000131,L,0.999869,0.999739,0.001872,0.000261,0.198806
121,42,00194,lightsnow,876,1,,0.999999,0.000001,L,0.999999,0.999998,0.000020,0.000002,0.337443
121,42,00194,lightsnow,878,1,,0.999508,0.000492,L,0.999508,0.999017,0.006112,0.000983,0.040851
121,42,00194,lightsnow,875,1,,1.000000,0.000000,L,1.000000,1.000000,0.000000,0.000000,0.757678
121,42,00194,lightsnow,1168,0,,0.999293,0.000707,L,0.999293,0.998587,0.008414,0.001413,0.054486
121,42,00194,lightsnow,334,0,,0.999399,0.000601,L,0.999399,0.998797,0.007302,0.001203,0.037905
121,42,00194,lightsnow,9,0,,0.998990,0.001010,L,0.998990,0.997980,0.011508,0.002020,0.070785
121,42,00194,lightsnow,145,0,,0.999788,0.000212,L,0.999788,0.999575,0.002898,0.000425,0.058069
121,42,00194,lightsnow,1241,0,,0.999774,0.000226,L,0.999774,0.999548,0.003066,0.000452,0.042792
121,42,00194,lightsnow,21,0,,0.999344,0.000656,L,0.999344,0.998687,0.007886,0.001313,0.048760
121,42,00194,lightsnow,1131,0,,0.998424,0.001576,L,0.998424,0.996847,0.016947,0.003153,0.043099
121,42,00194,lightsnow,534,0,,0.999802,0.000198,L,0.999802,0.999604,0.002722,0.000396,0.052851
121,42,00194,lightsnow,1110,0,,0.998001,0.001999,L,0.998001,0.996002,0.020807,0.003998,0.056668
121,42,00194,lightsnow,28,0,,0.999156,0.000844,L,0.999156,0.998311,0.009839,0.001689,0.061587
121,42,00194,lightsnow,1323,0,,0.998074,0.001926,L,0.998074,0.996147,0.020152,0.003853,0.057420
121,42,00194,lightsnow,591,0,,0.999819,0.000181,L,0.999819,0.999637,0.002515,0.000363,0.027084
121,42,00194,lightsnow,742,0,,0.999788,0.000212,L,0.999788,0.999576,0.002892,0.000424,0.025161
121,42,00194,lightsnow,1297,0,,0.999222,0.000778,L,0.999222,0.998444,0.009156,0.001556,0.078273
121,42,00194,lightsnow,449,0,,0.999876,0.000124,L,0.999876,0.999753,0.001784,0.000247,0.056520
121,42,00194,lightsnow,1368,0,,0.998836,0.001164,L,0.998836,0.997671,0.013026,0.002329,0.084874
121,42,00194,lightsnow,807,0,,0.999415,0.000585,L,0.999415,0.998830,0.007128,0.001170,0.049220
121,42,00194,lightsnow,948,0,,0.999032,0.000968,L,0.999032,0.998063,0.011091,0.001937,0.054060
122,42,00229,lightsnow,970,1,,0.999285,0.000715,L,0.999285,0.998570,0.008502,0.001430,0.054796
122,42,00229,lightsnow,969,1,,0.999578,0.000422,L,0.999578,0.999155,0.005342,0.000845,0.046368
122,42,00229,lightsnow,967,1,,0.999981,0.000019,L,0.999981,0.999963,0.000319,0.000037,0.135760
122,42,00229,lightsnow,879,1,,0.999367,0.000633,L,0.999367,0.998734,0.007638,0.001266,0.039421
122,42,00229,lightsnow,1236,1,,0.999047,0.000953,L,0.999047,0.998093,0.010940,0.001907,0.121548
122,42,00229,lightsnow,1060,1,,0.999332,0.000667,L,0.999332,0.998665,0.008004,0.001335,0.085487
122,42,00229,lightsnow,1149,1,,0.999410,0.000590,L,0.999410,0.998820,0.007180,0.001180,0.085688
122,42,00229,lightsnow,965,1,,0.999922,0.000078,L,0.999922,0.999844,0.001179,0.000156,0.116167
122,42,00229,lightsnow,1146,1,,0.999998,0.000002,L,0.999998,0.999996,0.000039,0.000004,0.493220
122,42,00229,lightsnow,1143,1,,0.999474,0.000526,L,0.999474,0.998947,0.006493,0.001053,0.156085
122,42,00229,lightsnow,1235,1,,0.998590,0.001410,L,0.998590,0.997179,0.015388,0.002821,0.111532
122,42,00229,lightsnow,1053,1,,0.999395,0.000605,L,0.999395,0.998790,0.007343,0.001210,0.104032
122,42,00229,lightsnow,968,1,,0.999354,0.000646,L,0.999354,0.998708,0.007776,0.001292,0.072599
122,42,00229,lightsnow,1148,1,,0.999600,0.000400,L,0.999600,0.999200,0.005094,0.000800,0.181387
122,42,00229,lightsnow,1150,1,,0.999026,0.000974,L,0.999026,0.998052,0.011148,0.001948,0.110282
122,42,00229,lightsnow,1145,1,,0.999970,0.000030,L,0.999970,0.999939,0.000497,0.000061,0.306062
122,42,00229,lightsnow,875,1,,0.999631,0.000369,L,0.999631,0.999262,0.004741,0.000738,0.048952
122,42,00229,lightsnow,1147,1,,0.999996,0.000004,L,0.999996,0.999993,0.000072,0.000007,0.443778
122,42,00229,lightsnow,966,1,,0.999997,0.000003,L,0.999997,0.999994,0.000060,0.000006,0.287515
122,42,00229,lightsnow,1233,1,,0.998866,0.001134,L,0.998866,0.997732,0.012732,0.002268,0.081612
122,42,00229,lightsnow,874,1,,0.999108,0.000892,L,0.999108,0.998216,0.010322,0.001784,0.045573
122,42,00229,lightsnow,873,1,,0.998389,0.001611,L,0.998389,0.996777,0.017272,0.003223,0.045234
122,42,00229,lightsnow,1059,1,,0.999463,0.000537,L,0.999463,0.998926,0.006608,0.001074,0.096144
122,42,00229,lightsnow,1234,1,,0.996688,0.003312,L,0.996688,0.993376,0.032053,0.006624,0.092424
122,42,00229,lightsnow,1054,1,,0.998940,0.001060,L,0.998940,0.997880,0.012004,0.002120,0.177715
122,42,00229,lightsnow,1055,1,,1.000000,0.000000,L,1.000000,1.000000,0.000006,0.000000,0.543729
122,42,00229,lightsnow,1237,1,,0.999032,0.000968,L,0.999032,0.998064,0.011086,0.001936,0.090202
122,42,00229,lightsnow,1057,1,,1.000000,0.000000,L,1.000000,1.000000,0.000001,0.000000,0.647607
122,42,00229,lightsnow,1144,1,,0.997915,0.002085,L,0.997915,0.995829,0.021576,0.004171,0.187810
122,42,00229,lightsnow,1058,1,,0.999617,0.000383,L,0.999617,0.999234,0.004900,0.000766,0.153009
122,42,00229,lightsnow,877,1,,0.998909,0.001091,L,0.998909,0.997819,0.012306,0.002181,0.059727
122,42,00229,lightsnow,963,1,,0.998405,0.001595,L,0.998405,0.996810,0.017121,0.003190,0.078168
122,42,00229,lightsnow,1238,1,,0.999165,0.000835,L,0.999165,0.998331,0.009738,0.001669,0.085739
122,42,00229,lightsnow,880,1,,0.999273,0.000727,L,0.999273,0.998546,0.008625,0.001454,0.043818
122,42,00229,lightsnow,1056,1,,1.000000,0.000000,L,1.000000,1.000000,0.000000,0.000000,0.676689
122,42,00229,lightsnow,964,1,,0.998076,0.001924,L,0.998076,0.996153,0.020127,0.003847,0.101806
122,42,00229,lightsnow,1365,0,,0.998306,0.001694,L,0.998306,0.996611,0.018039,0.003389,0.101331
122,42,00229,lightsnow,600,0,,0.999485,0.000515,L,0.999485,0.998970,0.006367,0.001030,0.038962
122,42,00229,lightsnow,1430,0,,0.999099,0.000901,L,0.999099,0.998198,0.010414,0.001802,0.066181
122,42,00229,lightsnow,1151,0,,0.998957,0.001043,L,0.998957,0.997913,0.011838,0.002087,0.093299
122,42,00229,lightsnow,1387,0,,0.999950,0.000050,L,0.999950,0.999900,0.000786,0.000100,0.080383
122,42,00229,lightsnow,305,0,,0.998521,0.001479,L,0.998521,0.997043,0.016033,0.002957,0.068162
122,42,00229,lightsnow,137,0,,0.999810,0.000190,L,0.999810,0.999621,0.002618,0.000379,0.043501
122,42,00229,lightsnow,215,0,,0.999033,0.000967,L,0.999033,0.998066,0.011077,0.001934,0.080007
122,42,00229,lightsnow,1384,0,,0.999864,0.000136,L,0.999864,0.999728,0.001944,0.000272,0.087709
122,42,00229,lightsnow,111,0,,0.999110,0.000890,L,0.999110,0.998221,0.010300,0.001779,0.075605
122,42,00229,lightsnow,4,0,,0.999882,0.000118,L,0.999882,0.999763,0.001714,0.000237,0.084324
122,42,00229,lightsnow,1335,0,,0.999250,0.000750,L,0.999250,0.998499,0.008870,0.001501,0.053476
122,42,00229,lightsnow,800,0,,0.999569,0.000431,L,0.999569,0.999139,0.005436,0.000861,0.050295
122,42,00229,lightsnow,1315,0,,0.999660,0.000340,L,0.999660,0.999319,0.004412,0.000681,0.072374
122,42,00229,lightsnow,1042,0,,0.999104,0.000896,L,0.999104,0.998208,0.010363,0.001792,0.047805
122,42,00229,lightsnow,16,0,,0.997436,0.002564,L,0.997436,0.994871,0.025768,0.005129,0.109543
122,42,00229,lightsnow,1246,0,,0.999127,0.000873,L,0.999127,0.998255,0.010126,0.001745,0.055200
122,42,00229,lightsnow,204,0,,0.998000,0.002000,L,0.998000,0.996000,0.020812,0.004000,0.055152
123,42,00264,lightsnow,960,1,,0.998676,0.001324,L,0.998676,0.997352,0.014568,0.002648,0.075274
123,42,00264,lightsnow,961,1,,0.999546,0.000454,L,0.999546,0.999091,0.005701,0.000909,0.082573
123,42,00264,lightsnow,962,1,,0.999803,0.000197,L,0.999803,0.999607,0.002704,0.000393,0.066841
123,42,00264,lightsnow,963,1,,0.999829,0.000171,L,0.999829,0.999657,0.002392,0.000343,0.074728
123,42,00264,lightsnow,964,1,,0.999258,0.000742,L,0.999258,0.998515,0.008789,0.001485,0.059797
123,42,00264,lightsnow,965,1,,0.999816,0.000185,L,0.999816,0.999631,0.002555,0.000369,0.040463
123,42,00264,lightsnow,966,1,,0.999662,0.000338,L,0.999662,0.999324,0.004387,0.000676,0.037150
123,42,00264,lightsnow,1050,1,,0.999195,0.000805,L,0.999195,0.998391,0.009431,0.001609,0.151039
123,42,00264,lightsnow,1051,1,,0.999765,0.000235,L,0.999765,0.999531,0.003168,0.000469,0.190202
123,42,00264,lightsnow,1052,1,,1.000000,0.000000,L,1.000000,1.000000,0.000001,0.000000,0.582053
123,42,00264,lightsnow,1053,1,,1.000000,0.000000,L,1.000000,1.000000,0.000000,0.000000,0.690656
123,42,00264,lightsnow,1054,1,,1.000000,0.000000,L,1.000000,1.000000,0.000003,0.000000,0.438751
123,42,00264,lightsnow,1055,1,,0.999632,0.000368,L,0.999632,0.999265,0.004724,0.000735,0.068464
123,42,00264,lightsnow,1056,1,,0.999608,0.000392,L,0.999608,0.999216,0.005003,0.000784,0.038144
123,42,00264,lightsnow,1140,1,,0.999281,0.000719,L,0.999281,0.998562,0.008542,0.001438,0.182783
123,42,00264,lightsnow,1141,1,,0.999507,0.000493,L,0.999507,0.999015,0.006123,0.000985,0.201090
123,42,00264,lightsnow,1142,1,,1.000000,0.000000,L,1.000000,0.999999,0.000007,0.000001,0.566325
123,42,00264,lightsnow,1143,1,,1.000000,0.000000,L,1.000000,1.000000,0.000001,0.000000,0.663673
123,42,00264,lightsnow,1144,1,,1.000000,0.000000,L,1.000000,0.999999,0.000008,0.000001,0.509655
123,42,00264,lightsnow,1145,1,,0.999467,0.000533,L,0.999467,0.998934,0.006562,0.001066,0.089175
123,42,00264,lightsnow,1146,1,,0.999514,0.000486,L,0.999514,0.999028,0.006052,0.000972,0.045564
123,42,00264,lightsnow,1230,1,,0.998275,0.001725,L,0.998275,0.996551,0.018319,0.003449,0.095969
123,42,00264,lightsnow,1231,1,,0.997137,0.002863,L,0.997137,0.994273,0.028315,0.005727,0.146002
123,42,00264,lightsnow,1232,1,,0.998784,0.001216,L,0.998784,0.997569,0.013524,0.002431,0.166181
123,42,00264,lightsnow,1233,1,,0.998607,0.001394,L,0.998607,0.997213,0.015229,0.002787,0.125614
123,42,00264,lightsnow,1234,1,,0.996933,0.003067,L,0.996933,0.993867,0.030021,0.006133,0.110532
123,42,00264,lightsnow,1235,1,,0.997641,0.002359,L,0.997641,0.995282,0.023988,0.004718,0.063554
123,42,00264,lightsnow,1236,1,,0.998368,0.001632,L,0.998368,0.996735,0.017466,0.003265,0.054419
123,42,00264,lightsnow,1018,0,,0.999195,0.000805,L,0.999195,0.998389,0.009439,0.001611,0.039472
123,42,00264,lightsnow,199,0,,0.998960,0.001040,L,0.998960,0.997921,0.011801,0.002079,0.069033
123,42,00264,lightsnow,495,0,,0.999778,0.000222,L,0.999778,0.999555,0.003019,0.000445,0.035432
123,42,00264,lightsnow,205,0,,0.997471,0.002529,L,0.997471,0.994942,0.025461,0.005058,0.052927
123,42,00264,lightsnow,89,0,,0.999539,0.000461,L,0.999539,0.999078,0.005772,0.000922,0.077803
123,42,00264,lightsnow,538,0,,0.999856,0.000144,L,0.999856,0.999713,0.002041,0.000287,0.052823
123,42,00264,lightsnow,1033,0,,0.999395,0.000605,L,0.999395,0.998790,0.007342,0.001210,0.034191
123,42,00264,lightsnow,1340,0,,0.999612,0.000388,L,0.999612,0.999225,0.004953,0.000775,0.078441
123,42,00264,lightsnow,685,0,,0.999645,0.000355,L,0.999645,0.999290,0.004580,0.000710,0.040687
123,42,00264,lightsnow,493,0,,0.999749,0.000251,L,0.999749,0.999497,0.003368,0.000503,0.043313
123,42,00264,lightsnow,742,0,,0.999797,0.000203,L,0.999797,0.999594,0.002781,0.000406,0.025708
123,42,00264,lightsnow,16,0,,0.999759,0.000241,L,0.999759,0.999517,0.003248,0.000483,0.068877
123,42,00264,lightsnow,170,0,,0.999742,0.000258,L,0.999742,0.999484,0.003445,0.000516,0.074037
123,42,00264,lightsnow,1048,0,,0.999876,0.000124,L,0.999876,0.999753,0.001782,0.000247,0.099101
123,42,00264,lightsnow,844,0,,0.999236,0.000764,L,0.999236,0.998472,0.009011,0.001528,0.035128
123,42,00264,lightsnow,417,0,,0.999685,0.000315,L,0.999685,0.999370,0.004121,0.000630,0.051539
123,42,00264,lightsnow,356,0,,0.999792,0.000208,L,0.999792,0.999584,0.002844,0.000416,0.050548
123,42,00264,lightsnow,1381,0,,0.999276,0.000724,L,0.999276,0.998551,0.008601,0.001449,0.098739
124,42,00298,lightsnow,867,1,,0.999744,0.000256,L,0.999744,0.999488,0.003421,0.000512,0.076084
124,42,00298,lightsnow,265,1,,0.998951,0.001049,L,0.998951,0.997902,0.011895,0.002098,0.051638
124,42,00298,lightsnow,1051,1,,0.998800,0.001200,L,0.998800,0.997599,0.013377,0.002401,0.142841
124,42,00298,lightsnow,873,1,,0.999576,0.000424,L,0.999576,0.999152,0.005363,0.000848,0.088980
124,42,00298,lightsnow,872,1,,0.999744,0.000256,L,0.999744,0.999488,0.003423,0.000512,0.214123
124,42,00298,lightsnow,624,1,,0.998730,0.001270,L,0.998730,0.997459,0.014053,0.002541,0.046651
124,42,00298,lightsnow,532,1,,0.999924,0.000076,L,0.999924,0.999849,0.001143,0.000151,0.037882
124,42,00298,lightsnow,1050,1,,0.999632,0.000368,L,0.999632,0.999264,0.004726,0.000736,0.197551
124,42,00298,lightsnow,780,1,,0.999427,0.000573,L,0.999427,0.998853,0.007002,0.001147,0.188788
124,42,00298,lightsnow,963,1,,0.999637,0.000363,L,0.999637,0.999274,0.004674,0.000726,0.059693
124,42,00298,lightsnow,262,1,,0.999840,0.000160,L,0.999840,0.999679,0.002254,0.000321,0.063766
124,42,00298,lightsnow,441,1,,1.000000,0.000000,L,1.000000,1.000000,0.000005,0.000000,0.105672
124,42,00298,lightsnow,964,1,,0.999666,0.000334,L,0.999666,0.999331,0.004344,0.000669,0.034206
124,42,00298,lightsnow,349,1,,0.999867,0.000133,L,0.999867,0.999733,0.001908,0.000267,0.058036
124,42,00298,lightsnow,531,1,,0.999954,0.000047,L,0.999954,0.999907,0.000737,0.000093,0.035652
124,42,00298,lightsnow,962,1,,0.999995,0.000005,L,0.999995,0.999990,0.000094,0.000010,0.431295
124,42,00298,lightsnow,621,1,,0.999550,0.000450,L,0.999550,0.999101,0.005647,0.000899,0.036442
124,42,00298,lightsnow,443,1,,0.999746,0.000254,L,0.999746,0.999491,0.003404,0.000509,0.037762
124,42,00298,lightsnow,530,1,,0.999908,0.000092,L,0.999908,0.999816,0.001364,0.000184,0.039159
124,42,00298,lightsnow,535,1,,0.998949,0.001051,L,0.998949,0.997898,0.011916,0.002102,0.041431
124,42,00298,lightsnow,258,1,,0.999274,0.000726,L,0.999274,0.998549,0.008613,0.001451,0.069806
124,42,00298,lightsnow,958,1,,0.999023,0.000977,L,0.999023,0.998046,0.011176,0.001954,0.136347
124,42,00298,lightsnow,622,1,,0.999458,0.000543,L,0.999458,0.998915,0.006668,0.001085,0.035962
124,42,00298,lightsnow,444,1,,0.999238,0.000762,L,0.999238,0.998476,0.008989,0.001524,0.040190
124,42,00298,lightsnow,1142,1,,0.998412,0.001588,L,0.998412,0.996823,0.017059,0.003177,0.059143
124,42,00298,lightsnow,355,1,,0.998732,0.001268,L,0.998732,0.997464,0.014032,0.002536,0.042312
124,42,00298,lightsnow,350,1,,0.999998,0.000002,L,0.999998,0.999996,0.000039,0.000004,0.068377
124,42,00298,lightsnow,259,1,,0.999396,0.000604,L,0.999396,0.998792,0.007330,0.001208,0.080730
124,42,00298,lightsnow,1052,1,,0.997570,0.002430,L,0.997570,0.995140,0.024605,0.004860,0.092947
124,42,00298,lightsnow,874,1,,0.999675,0.000325,L,0.999675,0.999349,0.004239,0.000651,0.036311
124,42,00298,lightsnow,442,1,,0.999999,0.000001,L,0.999999,0.999998,0.000022,0.000002,0.082883
124,42,00298,lightsnow,263,1,,0.999481,0.000519,L,0.999481,0.998962,0.006412,0.001038,0.059775
124,42,00298,lightsnow,1054,1,,0.998321,0.001679,L,0.998321,0.996643,0.017893,0.003357,0.046257
124,42,00298,lightsnow,445,1,,0.998538,0.001462,L,0.998538,0.997075,0.015879,0.002925,0.047608
124,42,00298,lightsnow,1047,1,,0.997696,0.002304,L,0.997696,0.995393,0.023504,0.004607,0.075410
124,42,00298,lightsnow,533,1,,0.999870,0.000130,L,0.999870,0.999741,0.001861,0.000259,0.032966
124,42,00298,lightsnow,1234,0,,0.998846,0.001154,L,0.998846,0.997692,0.012927,0.002308,0.053791
124,42,00298,lightsnow,1086,0,,0.998438,0.001562,L,0.998438,0.996875,0.016816,0.003125,0.031716
124,42,00298,lightsnow,860,0,,0.998884,0.001116,L,0.998884,0.997768,0.012555,0.002232,0.036073
124,42,00298,lightsnow,922,0,,0.999256,0.000744,L,0.999256,0.998513,0.008801,0.001487,0.026468
124,42,00298,lightsnow,941,0,,0.999529,0.000470,L,0.999529,0.999059,0.005879,0.000941,0.030068
124,42,00298,lightsnow,931,0,,0.999089,0.000911,L,0.999089,0.998178,0.010514,0.001822,0.038986
124,42,00298,lightsnow,1404,0,,0.997427,0.002573,L,0.997427,0.994855,0.025839,0.005145,0.087942
124,42,00298,lightsnow,1227,0,,0.999128,0.000872,L,0.999128,0.998256,0.010119,0.001744,0.062738
124,42,00298,lightsnow,161,0,,0.999727,0.000273,L,0.999727,0.999454,0.003628,0.000546,0.073776
124,42,00298,lightsnow,75,0,,0.999707,0.000293,L,0.999707,0.999413,0.003866,0.000587,0.078237
124,42,00298,lightsnow,1033,0,,0.999359,0.000641,L,0.999359,0.998718,0.007722,0.001282,0.047488
124,42,00298,lightsnow,601,0,,0.999362,0.000638,L,0.999362,0.998724,0.007690,0.001276,0.040755
124,42,00298,lightsnow,928,0,,0.999142,0.000858,L,0.999142,0.998283,0.009982,0.001717,0.032256
124,42,00298,lightsnow,35,0,,0.999586,0.000414,L,0.999586,0.999172,0.005248,0.000828,0.052024
124,42,00298,lightsnow,658,0,,0.999712,0.000288,L,0.999712,0.999425,0.003799,0.000575,0.042432
124,42,00298,lightsnow,74,0,,0.999791,0.000209,L,0.999791,0.999583,0.002851,0.000417,0.078972
124,42,00298,lightsnow,232,0,,0.999874,0.000126,L,0.999874,0.999747,0.001820,0.000253,0.037523
124,42,00298,lightsnow,316,0,,0.999814,0.000186,L,0.999814,0.999627,0.002576,0.000373,0.045277
125,42,00482,lightsnow,1334,1,,0.999011,0.000989,L,0.999011,0.998022,0.011299,0.001978,0.068376
125,42,00482,lightsnow,1240,1,,0.999974,0.000025,L,0.999974,0.999949,0.000425,0.000051,0.134454
125,42,00482,lightsnow,1151,1,,1.000000,0.000000,L,1.000000,1.000000,0.000000,0.000000,0.709059
125,42,00482,lightsnow,1152,1,,1.000000,0.000000,L,1.000000,1.000000,0.000001,0.000000,0.607180
125,42,00482,lightsnow,1333,1,,0.999170,0.000830,L,0.999170,0.998340,0.009691,0.001660,0.077146
125,42,00482,lightsnow,1148,1,,0.999914,0.000086,L,0.999914,0.999828,0.001286,0.000172,0.131814
125,42,00482,lightsnow,1058,1,,0.999818,0.000182,L,0.999818,0.999636,0.002524,0.000364,0.089562
125,42,00482,lightsnow,1063,1,,0.999242,0.000758,L,0.999242,0.998484,0.008950,0.001516,0.070852
125,42,00482,lightsnow,970,1,,0.999127,0.000873,L,0.999127,0.998255,0.010127,0.001745,0.053088
125,42,00482,lightsnow,1243,1,,0.999591,0.000409,L,0.999591,0.999181,0.005197,0.000819,0.099911
125,42,00482,lightsnow,1059,1,,0.998960,0.001040,L,0.998960,0.997921,0.011802,0.002079,0.107260
125,42,00482,lightsnow,968,1,,0.997408,0.002592,L,0.997408,0.994815,0.026007,0.005185,0.056676
125,42,00482,lightsnow,1155,1,,0.998746,0.001254,L,0.998746,0.997491,0.013899,0.002509,0.072061
125,42,00482,lightsnow,1328,1,,0.998527,0.001473,L,0.998527,0.997054,0.015979,0.002946,0.074262
125,42,00482,lightsnow,1330,1,,0.999767,0.000233,L,0.999767,0.999534,0.003145,0.000466,0.111993
125,42,00482,lightsnow,973,1,,0.998486,0.001514,L,0.998486,0.996972,0.016366,0.003028,0.057207
125,42,00482,lightsnow,971,1,,0.998681,0.001319,L,0.998681,0.997361,0.014523,0.002639,0.057746
125,42,00482,lightsnow,1153,1,,0.999877,0.000123,L,0.999877,0.999754,0.001774,0.000246,0.101727
125,42,00482,lightsnow,1064,1,,0.998952,0.001048,L,0.998952,0.997903,0.011888,0.002097,0.053283
125,42,00482,lightsnow,1150,1,,1.000000,0.000000,L,1.000000,1.000000,0.000002,0.000000,0.587677
125,42,00482,lightsnow,974,1,,0.999067,0.000933,L,0.999067,0.998133,0.010740,0.001867,0.044000
125,42,00482,lightsnow,1242,1,,0.999993,0.000007,L,0.999993,0.999985,0.000134,0.000015,0.253592
125,42,00482,lightsnow,975,1,,0.998922,0.001078,L,0.998922,0.997844,0.012181,0.002156,0.048406
125,42,00482,lightsnow,1244,1,,0.999452,0.000548,L,0.999452,0.998904,0.006727,0.001096,0.068405
125,42,00482,lightsnow,1060,1,,0.999988,0.000012,L,0.999988,0.999976,0.000214,0.000024,0.137548
125,42,00482,lightsnow,1329,1,,0.998911,0.001089,L,0.998911,0.997822,0.012288,0.002178,0.090156
125,42,00482,lightsnow,1065,1,,0.998380,0.001620,L,0.998380,0.996761,0.017349,0.003239,0.061334
125,42,00482,lightsnow,1241,1,,0.999999,0.000001,L,0.999999,0.999997,0.000027,0.000003,0.452038
125,42,00482,lightsnow,969,1,,0.998503,0.001497,L,0.998503,0.997006,0.016208,0.002994,0.056913
125,42,00482,lightsnow,1332,1,,0.999216,0.000784,L,0.999216,0.998431,0.009222,0.001569,0.083099
125,42,00482,lightsnow,1331,1,,0.999875,0.000125,L,0.999875,0.999751,0.001796,0.000249,0.119020
125,42,00482,lightsnow,1154,1,,0.999275,0.000725,L,0.999275,0.998550,0.008605,0.001450,0.067364
125,42,00482,lightsnow,1149,1,,0.999757,0.000243,L,0.999757,0.999513,0.003273,0.000487,0.144092
125,42,00482,lightsnow,1238,1,,0.999099,0.000901,L,0.999099,0.998198,0.010412,0.001802,0.091550
125,42,00482,lightsnow,972,1,,0.998108,0.001892,L,0.998108,0.996216,0.019842,0.003784,0.065218
125,42,00482,lightsnow,1239,1,,0.998458,0.001542,L,0.998458,0.996915,0.016629,0.003085,0.120153
125,42,00482,lightsnow,1308,0,,0.999372,0.000628,L,0.999372,0.998744,0.007584,0.001256,0.037216
125,42,00482,lightsnow,213,0,,0.999839,0.000161,L,0.999839,0.999679,0.002255,0.000321,0.049341
125,42,00482,lightsnow,1385,0,,0.998854,0.001146,L,0.998854,0.997708,0.012850,0.002292,0.064226
125,42,00482,lightsnow,205,0,,0.999872,0.000128,L,0.999872,0.999745,0.001836,0.000255,0.031084
125,42,00482,lightsnow,484,0,,0.999774,0.000226,L,0.999774,0.999548,0.003065,0.000452,0.041605
125,42,00482,lightsnow,1044,0,,0.998698,0.001302,L,0.998698,0.997396,0.014356,0.002604,0.047945
125,42,00482,lightsnow,527,0,,0.999763,0.000237,L,0.999763,0.999526,0.003199,0.000474,0.052374
125,42,00482,lightsnow,449,0,,0.999989,0.000011,L,0.999989,0.999977,0.000204,0.000023,0.070754
125,42,00482,lightsnow,540,0,,0.999430,0.000570,L,0.999430,0.998859,0.006968,0.001141,0.069615
125,42,00482,lightsnow,840,0,,0.999204,0.000796,L,0.999204,0.998408,0.009342,0.001592,0.044547
125,42,00482,lightsnow,422,0,,0.999179,0.000821,L,0.999179,0.998359,0.009596,0.001641,0.081076
125,42,00482,lightsnow,7,0,,0.998663,0.001337,L,0.998663,0.997326,0.014690,0.002674,0.075059
125,42,00482,lightsnow,846,0,,0.999217,0.000783,L,0.999217,0.998433,0.009213,0.001567,0.044089
125,42,00482,lightsnow,628,0,,0.999859,0.000141,L,0.999859,0.999717,0.002012,0.000283,0.049523
125,42,00482,lightsnow,1050,0,,0.999170,0.000830,L,0.999170,0.998340,0.009690,0.001660,0.047614
125,42,00482,lightsnow,684,0,,0.999688,0.000312,L,0.999688,0.999376,0.004087,0.000624,0.053120
125,42,00482,lightsnow,1272,0,,0.993735,0.006265,L,0.993735,0.987471,0.054857,0.012529,0.148975
125,42,00482,lightsnow,145,0,,0.999202,0.000798,L,0.999202,0.998404,0.009362,0.001596,0.078484
126,42,00517,lightsnow,691,1,,0.998237,0.001763,L,0.998237,0.996474,0.018669,0.003526,0.174870
126,42,00517,lightsnow,692,1,,0.999035,0.000965,L,0.999035,0.998070,0.011057,0.001930,0.151834
126,42,00517,lightsnow,693,1,,0.999660,0.000340,L,0.999660,0.999319,0.004414,0.000681,0.141484
126,42,00517,lightsnow,694,1,,0.999385,0.000615,L,0.999385,0.998770,0.007450,0.001230,0.102443
126,42,00517,lightsnow,695,1,,0.997884,0.002116,L,0.997884,0.995769,0.021846,0.004231,0.119966
126,42,00517,lightsnow,696,1,,0.999194,0.000806,L,0.999194,0.998388,0.009444,0.001612,0.061452
126,42,00517,lightsnow,697,1,,0.999310,0.000690,L,0.999310,0.998621,0.008237,0.001379,0.045978
126,42,00517,lightsnow,781,1,,0.999840,0.000160,L,0.999840,0.999680,0.002250,0.000320,0.200962
126,42,00517,lightsnow,782,1,,0.999632,0.000368,L,0.999632,0.999265,0.004724,0.000735,0.195006
126,42,00517,lightsnow,783,1,,0.999999,0.000001,L,0.999999,0.999999,0.000017,0.000001,0.558512
126,42,00517,lightsnow,784,1,,1.000000,0.000000,L,1.000000,1.000000,0.000001,0.000000,0.691446
126,42,00517,lightsnow,785,1,,0.999998,0.000002,L,0.999998,0.999996,0.000037,0.000004,0.447881
126,42,00517,lightsnow,786,1,,0.999410,0.000590,L,0.999410,0.998819,0.007185,0.001181,0.118179
126,42,00517,lightsnow,787,1,,0.999389,0.000611,L,0.999389,0.998779,0.007401,0.001221,0.059643
126,42,00517,lightsnow,871,1,,0.999908,0.000092,L,0.999908,0.999816,0.001363,0.000184,0.136969
126,42,00517,lightsnow,872,1,,0.999936,0.000064,L,0.999936,0.999873,0.000979,0.000127,0.224659
126,42,00517,lightsnow,873,1,,1.000000,0.000000,L,1.000000,1.000000,0.000001,0.000000,0.775311
126,42,00517,lightsnow,874,1,,1.000000,0.000000,L,1.000000,1.000000,0.000000,0.000000,0.852334
126,42,00517,lightsnow,875,1,,1.000000,0.000000,L,1.000000,1.000000,0.000001,0.000000,0.721146
126,42,00517,lightsnow,876,1,,0.999561,0.000439,L,0.999561,0.999122,0.005530,0.000878,0.199678
126,42,00517,lightsnow,877,1,,0.999469,0.000531,L,0.999469,0.998938,0.006543,0.001062,0.070031
126,42,00517,lightsnow,961,1,,0.995627,0.004373,L,0.995627,0.991253,0.040570,0.008747,0.094347
126,42,00517,lightsnow,962,1,,0.996382,0.003618,L,0.996382,0.992764,0.034556,0.007236,0.104437
126,42,00517,lightsnow,963,1,,0.999568,0.000432,L,0.999568,0.999137,0.005447,0.000863,0.153567
126,42,00517,lightsnow,964,1,,0.999920,0.000080,L,0.999920,0.999841,0.001200,0.000159,0.355442
126,42,00517,lightsnow,965,1,,0.999756,0.000244,L,0.999756,0.999512,0.003278,0.000488,0.254151
126,42,00517,lightsnow,966,1,,0.999332,0.000668,L,0.999332,0.998664,0.008012,0.001336,0.169719
126,42,00517,lightsnow,967,1,,0.999233,0.000767,L,0.999233,0.998466,0.009041,0.001534,0.058000
126,42,00517,lightsnow,1051,1,,0.997527,0.002473,L,0.997527,0.995054,0.024980,0.004946,0.077270
126,42,00517,lightsnow,1052,1,,0.994931,0.005069,L,0.994931,0.989863,0.045939,0.010137,0.082880
126,42,00517,lightsnow,1053,1,,0.997267,0.002733,L,0.997267,0.994534,0.027208,0.005466,0.086318
126,42,00517,lightsnow,1054,1,,0.998577,0.001423,L,0.998577,0.997153,0.015513,0.002847,0.069250
126,42,00517,lightsnow,1055,1,,0.999265,0.000735,L,0.999265,0.998531,0.008707,0.001469,0.050728
126,42,00517,lightsnow,1056,1,,0.999381,0.000619,L,0.999381,0.998762,0.007492,0.001238,0.046561
126,42,00517,lightsnow,1057,1,,0.999413,0.000587,L,0.999413,0.998827,0.007142,0.001173,0.032791
126,42,00517,lightsnow,657,0,,0.999013,0.000987,L,0.999013,0.998026,0.011280,0.001974,0.033042
126,42,00517,lightsnow,860,0,,0.999520,0.000480,L,0.999520,0.999039,0.005989,0.000961,0.051760
126,42,00517,lightsnow,1131,0,,0.998883,0.001117,L,0.998883,0.997766,0.012566,0.002234,0.053965
126,42,00517,lightsnow,795,0,,0.999676,0.000324,L,0.999676,0.999352,0.004224,0.000648,0.056757
126,42,00517,lightsnow,956,0,,0.998785,0.001215,L,0.998785,0.997569,0.013522,0.002431,0.038926
126,42,00517,lightsnow,1,0,,0.998154,0.001847,L,0.998154,0.996307,0.019430,0.003693,0.083011
126,42,00517,lightsnow,968,0,,0.999241,0.000759,L,0.999241,0.998483,0.008956,0.001517,0.035451
126,42,00517,lightsnow,283,0,,0.999639,0.000361,L,0.999639,0.999277,0.004654,0.000723,0.027279
126,42,00517,lightsnow,441,0,,0.999723,0.000277,L,0.999723,0.999447,0.003668,0.000553,0.041782
126,42,00517,lightsnow,604,0,,0.999131,0.000869,L,0.999131,0.998262,0.010092,0.001738,0.066582
126,42,00517,lightsnow,346,0,,0.999940,0.000060,L,0.999940,0.999880,0.000931,0.000120,0.041244
126,42,00517,lightsnow,733,0,,0.999398,0.000602,L,0.999398,0.998796,0.007306,0.001204,0.023587
126,42,00517,lightsnow,658,0,,0.999008,0.000992,L,0.999008,0.998016,0.011329,0.001984,0.036035
126,42,00517,lightsnow,632,0,,0.999408,0.000592,L,0.999408,0.998816,0.007204,0.001184,0.071995
126,42,00517,lightsnow,777,0,,0.999224,0.000776,L,0.999224,0.998448,0.009139,0.001552,0.047974
126,42,00517,lightsnow,1316,0,,0.999322,0.000678,L,0.999322,0.998644,0.008116,0.001356,0.039415
126,42,00517,lightsnow,271,0,,0.998572,0.001428,L,0.998572,0.997144,0.015557,0.002856,0.079385
126,42,00517,lightsnow,1072,0,,0.998933,0.001067,L,0.998933,0.997866,0.012072,0.002134,0.036316
127,42,00552,lightsnow,593,1,,0.999656,0.000344,L,0.999656,0.999312,0.004456,0.000688,0.069880
127,42,00552,lightsnow,594,1,,0.999256,0.000744,L,0.999256,0.998511,0.008808,0.001489,0.080166
127,42,00552,lightsnow,595,1,,0.999580,0.000420,L,0.999580,0.999160,0.005317,0.000840,0.115834
127,42,00552,lightsnow,596,1,,0.999527,0.000473,L,0.999527,0.999054,0.005904,0.000946,0.189521
127,42,00552,lightsnow,597,1,,0.998875,0.001125,L,0.998875,0.997750,0.012642,0.002250,0.167206
127,42,00552,lightsnow,598,1,,0.998816,0.001184,L,0.998816,0.997632,0.013216,0.002368,0.106244
127,42,00552,lightsnow,599,1,,0.999532,0.000468,L,0.999532,0.999064,0.005853,0.000936,0.048029
127,42,00552,lightsnow,600,1,,0.999607,0.000393,L,0.999607,0.999213,0.005018,0.000787,0.039964
127,42,00552,lightsnow,683,1,,0.999986,0.000014,L,0.999986,0.999971,0.000251,0.000029,0.104420
127,42,00552,lightsnow,684,1,,0.999585,0.000415,L,0.999585,0.999170,0.005261,0.000830,0.150736
127,42,00552,lightsnow,685,1,,0.999995,0.000005,L,0.999995,0.999990,0.000097,0.000010,0.484537
127,42,00552,lightsnow,686,1,,1.000000,0.000000,L,1.000000,1.000000,0.000003,0.000000,0.731173
127,42,00552,lightsnow,687,1,,1.000000,0.000000,L,1.000000,1.000000,0.000003,0.000000,0.739165
127,42,00552,lightsnow,688,1,,0.999863,0.000137,L,0.999863,0.999726,0.001955,0.000274,0.372770
127,42,00552,lightsnow,689,1,,0.999239,0.000761,L,0.999239,0.998477,0.008986,0.001523,0.175568
127,42,00552,lightsnow,690,1,,0.999477,0.000523,L,0.999477,0.998953,0.006458,0.001047,0.049027
127,42,00552,lightsnow,773,1,,0.999933,0.000067,L,0.999933,0.999866,0.001028,0.000134,0.098686
127,42,00552,lightsnow,774,1,,0.999489,0.000511,L,0.999489,0.998978,0.006322,0.001022,0.135425
127,42,00552,lightsnow,775,1,,0.999998,0.000002,L,0.999998,0.999997,0.000032,0.000003,0.613159
127,42,00552,lightsnow,776,1,,1.000000,0.000000,L,1.000000,1.000000,0.000001,0.000000,0.971556
127,42,00552,lightsnow,777,1,,1.000000,0.000000,L,1.000000,1.000000,0.000001,0.000000,0.974483
127,42,00552,lightsnow,778,1,,0.999991,0.000009,L,0.999991,0.999981,0.000169,0.000019,0.527669
127,42,00552,lightsnow,779,1,,0.999282,0.000718,L,0.999282,0.998563,0.008539,0.001437,0.162730
127,42,00552,lightsnow,780,1,,0.999459,0.000541,L,0.999459,0.998919,0.006646,0.001081,0.063113
127,42,00552,lightsnow,863,1,,0.995630,0.004370,L,0.995630,0.991260,0.040545,0.008740,0.081003
127,42,00552,lightsnow,864,1,,0.994120,0.005880,L,0.994120,0.988240,0.052029,0.011760,0.089379
127,42,00552,lightsnow,865,1,,0.999379,0.000621,L,0.999379,0.998757,0.007514,0.001243,0.075488
127,42,00552,lightsnow,866,1,,0.999856,0.000143,L,0.999856,0.999713,0.002039,0.000287,0.104772
127,42,00552,lightsnow,867,1,,0.999720,0.000280,L,0.999720,0.999441,0.003704,0.000559,0.090443
127,42,00552,lightsnow,868,1,,0.999185,0.000815,L,0.999185,0.998370,0.009540,0.001630,0.060112
127,42,00552,lightsnow,869,1,,0.999246,0.000754,L,0.999246,0.998491,0.008914,0.001509,0.054949
127,42,00552,lightsnow,870,1,,0.999428,0.000572,L,0.999428,0.998856,0.006987,0.001144,0.043916
127,42,00552,lightsnow,725,0,,0.999445,0.000555,L,0.999445,0.998889,0.006806,0.001111,0.046939
127,42,00552,lightsnow,498,0,,0.999760,0.000240,L,0.999760,0.999521,0.003229,0.000479,0.047164
127,42,00552,lightsnow,955,0,,0.993846,0.006154,L,0.993846,0.987691,0.054050,0.012309,0.062495
127,42,00552,lightsnow,1437,0,,0.999405,0.000595,L,0.999405,0.998809,0.007237,0.001191,0.041144
127,42,00552,lightsnow,1349,0,,0.998956,0.001044,L,0.998956,0.997912,0.011845,0.002088,0.072403
127,42,00552,lightsnow,151,0,,0.999573,0.000427,L,0.999573,0.999146,0.005396,0.000854,0.058669
127,42,00552,lightsnow,46,0,,0.999812,0.000188,L,0.999812,0.999624,0.002600,0.000376,0.065010
127,42,00552,lightsnow,840,0,,0.999326,0.000674,L,0.999326,0.998653,0.008068,0.001347,0.038745
127,42,00552,lightsnow,631,0,,0.999403,0.000597,L,0.999403,0.998807,0.007251,0.001193,0.109351
127,42,00552,lightsnow,1052,0,,0.998759,0.001241,L,0.998759,0.997517,0.013775,0.002483,0.043708
127,42,00552,lightsnow,1040,0,,0.999348,0.000652,L,0.999348,0.998696,0.007838,0.001304,0.040265
127,42,00552,lightsnow,1385,0,,0.999005,0.000995,L,0.999005,0.998009,0.011362,0.001991,0.110893
127,42,00552,lightsnow,938,0,,0.998939,0.001061,L,0.998939,0.997877,0.012017,0.002123,0.032907
127,42,00552,lightsnow,386,0,,0.999679,0.000321,L,0.999679,0.999358,0.004190,0.000642,0.028181
127,42,00552,lightsnow,217,0,,0.999493,0.000507,L,0.999493,0.998986,0.006284,0.001014,0.054171
127,42,00552,lightsnow,1228,0,,0.999753,0.000247,L,0.999753,0.999506,0.003318,0.000494,0.036253
127,42,00552,lightsnow,1232,0,,0.999231,0.000769,L,0.999231,0.998463,0.009060,0.001537,0.039916
127,42,00552,lightsnow,342,0,,0.999167,0.000833,L,0.999167,0.998333,0.009725,0.001667,0.039219
128,42,00587,lightsnow,317,1,,0.999515,0.000485,L,0.999515,0.999030,0.006039,0.000970,0.119017
128,42,00587,lightsnow,318,1,,0.998917,0.001083,L,0.998917,0.997835,0.012226,0.002165,0.154425
128,42,00587,lightsnow,319,1,,0.999497,0.000503,L,0.999497,0.998994,0.006237,0.001006,0.171757
128,42,00587,lightsnow,320,1,,0.999223,0.000777,L,0.999223,0.998447,0.009143,0.001553,0.193983
128,42,00587,lightsnow,321,1,,0.998823,0.001177,L,0.998823,0.997646,0.013151,0.002354,0.203564
128,42,00587,lightsnow,322,1,,0.999253,0.000746,L,0.999253,0.998507,0.008831,0.001493,0.153899
128,42,00587,lightsnow,323,1,,0.999545,0.000455,L,0.999545,0.999089,0.005712,0.000911,0.111680
128,42,00587,lightsnow,407,1,,0.999941,0.000059,L,0.999941,0.999882,0.000915,0.000118,0.183604
128,42,00587,lightsnow,408,1,,0.999301,0.000699,L,0.999301,0.998602,0.008335,0.001398,0.203897
128,42,00587,lightsnow,409,1,,0.999990,0.000010,L,0.999990,0.999980,0.000177,0.000020,0.439583
128,42,00587,lightsnow,410,1,,1.000000,0.000000,L,1.000000,1.000000,0.000006,0.000000,0.674055
128,42,00587,lightsnow,411,1,,0.999999,0.000001,L,0.999999,0.999999,0.000016,0.000001,0.633052
128,42,00587,lightsnow,412,1,,0.999478,0.000522,L,0.999478,0.998956,0.006447,0.001044,0.225253
128,42,00587,lightsnow,413,1,,0.999427,0.000573,L,0.999427,0.998855,0.006994,0.001145,0.107311
128,42,00587,lightsnow,497,1,,0.999936,0.000064,L,0.999936,0.999872,0.000986,0.000128,0.124842
128,42,00587,lightsnow,498,1,,0.999876,0.000124,L,0.999876,0.999752,0.001791,0.000248,0.154699
128,42,00587,lightsnow,499,1,,1.000000,0.000000,L,1.000000,1.000000,0.000005,0.000000,0.715256
128,42,00587,lightsnow,500,1,,1.000000,0.000000,L,1.000000,1.000000,0.000001,0.000000,0.973964
128,42,00587,lightsnow,501,1,,1.000000,0.000000,L,1.000000,1.000000,0.000001,0.000000,0.895068
128,42,00587,lightsnow,502,1,,0.999989,0.000011,L,0.999989,0.999977,0.000203,0.000023,0.412677
128,42,00587,lightsnow,503,1,,0.999570,0.000430,L,0.999570,0.999139,0.005432,0.000861,0.067136
128,42,00587,lightsnow,587,1,,0.998130,0.001870,L,0.998130,0.996261,0.019640,0.003739,0.084865
128,42,00587,lightsnow,588,1,,0.997069,0.002931,L,0.997069,0.994138,0.028883,0.005862,0.089358
128,42,00587,lightsnow,589,1,,0.999982,0.000018,L,0.999982,0.999963,0.000315,0.000037,0.204851
128,42,00587,lightsnow,590,1,,0.999997,0.000003,L,0.999997,0.999993,0.000066,0.000007,0.399569
128,42,00587,lightsnow,591,1,,0.999974,0.000026,L,0.999974,0.999949,0.000426,0.000051,0.288603
128,42,00587,lightsnow,592,1,,0.999588,0.000412,L,0.999588,0.999175,0.005231,0.000825,0.074463
128,42,00587,lightsnow,593,1,,0.999672,0.000328,L,0.999672,0.999344,0.004272,0.000656,0.053130
128,42,00587,lightsnow,677,1,,0.998048,0.001952,L,0.998048,0.996096,0.020384,0.003904,0.071220
128,42,00587,lightsnow,678,1,,0.995392,0.004608,L,0.995392,0.990784,0.042397,0.009216,0.076406
128,42,00587,lightsnow,679,1,,0.998008,0.001992,L,0.998008,0.996017,0.020738,0.003983,0.067776
128,42,00587,lightsnow,680,1,,0.999508,0.000492,L,0.999508,0.999016,0.006119,0.000984,0.057628
128,42,00587,lightsnow,681,1,,0.999560,0.000440,L,0.999560,0.999121,0.005537,0.000879,0.048400
128,42,00587,lightsnow,682,1,,0.999673,0.000327,L,0.999673,0.999346,0.004259,0.000654,0.051026
128,42,00587,lightsnow,683,1,,0.999753,0.000247,L,0.999753,0.999507,0.003312,0.000493,0.041619
128,42,00587,lightsnow,363,0,,0.996797,0.003203,L,0.996797,0.993594,0.031153,0.006406,0.058039
128,42,00587,lightsnow,1065,0,,0.999057,0.000943,L,0.999057,0.998115,0.010835,0.001885,0.046525
128,42,00587,lightsnow,1432,0,,0.999121,0.000879,L,0.999121,0.998242,0.010189,0.001758,0.061339
128,42,00587,lightsnow,806,0,,0.999764,0.000236,L,0.999764,0.999529,0.003179,0.000471,0.054386
128,42,00587,lightsnow,1348,0,,0.999474,0.000527,L,0.999474,0.998947,0.006494,0.001053,0.050199
128,42,00587,lightsnow,822,0,,0.996654,0.003346,L,0.996654,0.993308,0.032334,0.006692,0.042865
128,42,00587,lightsnow,648,0,,0.999325,0.000675,L,0.999325,0.998649,0.008087,0.001351,0.028248
128,42,00587,lightsnow,985,0,,0.998913,0.001087,L,0.998913,0.997826,0.012270,0.002174,0.047858
128,42,00587,lightsnow,1100,0,,0.998568,0.001432,L,0.998568,0.997135,0.015596,0.002865,0.098835
128,42,00587,lightsnow,915,0,,0.998502,0.001498,L,0.998502,0.997003,0.016219,0.002997,0.054213
128,42,00587,lightsnow,773,0,,0.999719,0.000281,L,0.999719,0.999437,0.003723,0.000563,0.056123
128,42,00587,lightsnow,958,0,,0.998967,0.001033,L,0.998967,0.997935,0.011731,0.002065,0.038702
128,42,00587,lightsnow,538,0,,0.999857,0.000143,L,0.999857,0.999715,0.002028,0.000285,0.055519
128,42,00587,lightsnow,187,0,,0.999218,0.000782,L,0.999218,0.998437,0.009194,0.001563,0.082143
128,42,00587,lightsnow,1052,0,,0.998494,0.001506,L,0.998494,0.996987,0.016293,0.003013,0.059254
128,42,00587,lightsnow,1134,0,,0.998706,0.001294,L,0.998706,0.997412,0.014279,0.002588,0.068346
128,42,00587,lightsnow,1276,0,,0.998813,0.001187,L,0.998813,0.997625,0.013252,0.002375,0.084423
128,42,00587,lightsnow,1250,0,,0.999290,0.000710,L,0.999290,0.998581,0.008447,0.001419,0.042862
129,43,00169,lightsnow,757,1,,0.999496,0.000505,L,0.999496,0.998991,0.006253,0.001009,0.067439
129,43,00169,lightsnow,758,1,,0.999358,0.000642,L,0.999358,0.998716,0.007737,0.001284,0.101268
129,43,00169,lightsnow,846,1,,0.999764,0.000236,L,0.999764,0.999528,0.003187,0.000472,0.085528
129,43,00169,lightsnow,847,1,,0.999864,0.000136,L,0.999864,0.999728,0.001944,0.000272,0.271183
129,43,00169,lightsnow,848,1,,0.999873,0.000127,L,0.999873,0.999746,0.001829,0.000254,0.304006
129,43,00169,lightsnow,849,1,,0.999937,0.000063,L,0.999937,0.999874,0.000967,0.000126,0.585278
129,43,00169,lightsnow,850,1,,0.999910,0.000090,L,0.999910,0.999821,0.001334,0.000179,0.597286
129,43,00169,lightsnow,936,1,,0.999718,0.000282,L,0.999718,0.999436,0.003732,0.000564,0.117809
129,43,00169,lightsnow,937,1,,0.999896,0.000104,L,0.999896,0.999792,0.001526,0.000208,0.291562
129,43,00169,lightsnow,938,1,,0.999997,0.000003,L,0.999997,0.999994,0.000059,0.000006,0.584475
129,43,00169,lightsnow,939,1,,0.999995,0.000005,L,0.999995,0.999989,0.000102,0.000011,0.624274
129,43,00169,lightsnow,940,1,,0.999937,0.000063,L,0.999937,0.999874,0.000971,0.000126,0.450173
129,43,00169,lightsnow,1026,1,,0.999648,0.000352,L,0.999648,0.999296,0.004543,0.000704,0.124582
129,43,00169,lightsnow,1027,1,,0.999997,0.000003,L,0.999997,0.999994,0.000055,0.000006,0.432727
129,43,00169,lightsnow,1028,1,,1.000000,0.000000,L,1.000000,1.000000,0.000005,0.000000,0.634947
129,43,00169,lightsnow,1029,1,,1.000000,0.000000,L,1.000000,0.999999,0.000009,0.000001,0.591269
129,43,00169,lightsnow,1030,1,,0.999992,0.000008,L,0.999992,0.999984,0.000144,0.000016,0.475266
129,43,00169,lightsnow,1116,1,,0.999705,0.000294,L,0.999705,0.999411,0.003879,0.000589,0.120123
129,43,00169,lightsnow,1117,1,,1.000000,0.000000,L,1.000000,1.000000,0.000002,0.000000,0.459076
129,43,00169,lightsnow,1118,1,,0.999991,0.000009,L,0.999991,0.999982,0.000166,0.000018,0.244800
129,43,00169,lightsnow,1119,1,,0.999979,0.000021,L,0.999979,0.999958,0.000359,0.000042,0.154183
129,43,00169,lightsnow,1205,1,,0.999976,0.000024,L,0.999976,0.999953,0.000396,0.000047,0.141550
129,43,00169,lightsnow,1206,1,,0.999913,0.000087,L,0.999913,0.999826,0.001298,0.000174,0.171673
129,43,00169,lightsnow,1207,1,,1.000000,0.000000,L,1.000000,1.000000,0.000001,0.000000,0.577692
129,43,00169,lightsnow,1208,1,,1.000000,0.000000,L,1.000000,1.000000,0.000003,0.000000,0.418021
129,43,00169,lightsnow,1209,1,,0.999992,0.000008,L,0.999992,0.999984,0.000146,0.000016,0.262241
129,43,00169,lightsnow,1295,1,,0.999387,0.000613,L,0.999387,0.998774,0.007428,0.001226,0.150346
129,43,00169,lightsnow,1296,1,,0.999710,0.000290,L,0.999710,0.999421,0.003823,0.000579,0.176693
129,43,00169,lightsnow,1297,1,,0.999998,0.000002,L,0.999998,0.999996,0.000038,0.000004,0.397872
129,43,00169,lightsnow,1298,1,,0.999999,0.000001,L,0.999999,0.999998,0.000022,0.000002,0.435091
129,43,00169,lightsnow,1299,1,,0.999985,0.000015,L,0.999985,0.999970,0.000264,0.000030,0.230915
129,43,00169,lightsnow,1386,1,,0.998961,0.001039,L,0.998961,0.997922,0.011795,0.002078,0.168810
129,43,00169,lightsnow,1387,1,,0.999680,0.000320,L,0.999680,0.999361,0.004174,0.000639,0.179028
129,43,00169,lightsnow,1388,1,,0.999905,0.000095,L,0.999905,0.999810,0.001406,0.000190,0.200941
129,43,00169,lightsnow,1389,1,,0.998203,0.001797,L,0.998203,0.996406,0.018981,0.003594,0.141301
129,43,00169,lightsnow,12,0,,0.999208,0.000792,L,0.999208,0.998416,0.009302,0.001584,0.086421
129,43,00169,lightsnow,630,0,,0.989654,0.010346,L,0.989654,0.979308,0.083079,0.020692,0.111890
129,43,00169,lightsnow,1121,0,,0.999388,0.000612,L,0.999388,0.998776,0.007413,0.001224,0.064460
129,43,00169,lightsnow,399,0,,0.999304,0.000696,L,0.999304,0.998607,0.008307,0.001393,0.056432
129,43,00169,lightsnow,62,0,,0.999787,0.000213,L,0.999787,0.999575,0.002901,0.000425,0.078111
129,43,00169,lightsnow,532,0,,0.999841,0.000159,L,0.999841,0.999683,0.002231,0.000317,0.032814
129,43,00169,lightsnow,64,0,,0.999788,0.000213,L,0.999788,0.999575,0.002899,0.000425,0.078131
129,43,00169,lightsnow,1112,0,,0.999163,0.000837,L,0.999163,0.998326,0.009765,0.001674,0.049082
129,43,00169,lightsnow,966,0,,0.998821,0.001179,L,0.998821,0.997642,0.013167,0.002358,0.047223
129,43,00169,lightsnow,297,0,,0.999851,0.000149,L,0.999851,0.999702,0.002111,0.000298,0.034802
129,43,00169,lightsnow,1343,0,,0.999414,0.000586,L,0.999414,0.998828,0.007139,0.001172,0.037088
129,43,00169,lightsnow,1084,0,,0.999404,0.000596,L,0.999404,0.998807,0.007248,0.001193,0.025706
129,43,00169,lightsnow,859,0,,0.999316,0.000684,L,0.999316,0.998631,0.008183,0.001369,0.033104
129,43,00169,lightsnow,1210,0,,0.999284,0.000716,L,0.999284,0.998568,0.008512,0.001432,0.112652
129,43,00169,lightsnow,1354,0,,0.998707,0.001293,L,0.998707,0.997413,0.014274,0.002587,0.080265
129,43,00169,lightsnow,36,0,,0.999789,0.000211,L,0.999789,0.999578,0.002880,0.000422,0.077059
129,43,00169,lightsnow,1143,0,,0.999009,0.000991,L,0.999009,0.998018,0.011320,0.001982,0.053415
129,43,00169,lightsnow,1019,0,,0.998421,0.001579,L,0.998421,0.996843,0.016967,0.003157,0.038861
130,43,00204,lightsnow,697,1,,0.999401,0.000599,L,0.999401,0.998803,0.007273,0.001197,0.072199
130,43,00204,lightsnow,318,1,,0.999996,0.000004,L,0.999996,0.999992,0.000073,0.000008,0.396584
130,43,00204,lightsnow,231,1,,0.999088,0.000912,L,0.999088,0.998175,0.010529,0.001825,0.100399
130,43,00204,lightsnow,499,1,,0.999954,0.000046,L,0.999954,0.999907,0.000733,0.000093,0.404283
130,43,00204,lightsnow,140,1,,0.999300,0.000700,L,0.999300,0.998599,0.008351,0.001401,0.059877
130,43,00204,lightsnow,320,1,,1.000000,0.000000,L,1.000000,0.999999,0.000008,0.000001,0.617578
130,43,00204,lightsnow,412,1,,0.999467,0.000533,L,0.999467,0.998934,0.006563,0.001066,0.134256
130,43,00204,lightsnow,608,1,,0.999433,0.000567,L,0.999433,0.998867,0.006929,0.001133,0.056522
130,43,00204,lightsnow,604,1,,0.999994,0.000006,L,0.999994,0.999989,0.000107,0.000011,0.110745
130,43,00204,lightsnow,606,1,,0.998219,0.001781,L,0.998219,0.996439,0.018830,0.003561,0.168827
130,43,00204,lightsnow,406,1,,0.999841,0.000159,L,0.999841,0.999681,0.002240,0.000319,0.162463
130,43,00204,lightsnow,877,1,,0.999717,0.000283,L,0.999717,0.999434,0.003741,0.000566,0.033453
130,43,00204,lightsnow,497,1,,0.997926,0.002074,L,0.997926,0.995851,0.021479,0.004149,0.164005
130,43,00204,lightsnow,694,1,,1.000000,0.000000,L,1.000000,1.000000,0.000000,0.000000,0.707474
130,43,00204,lightsnow,782,1,,0.998520,0.001480,L,0.998520,0.997040,0.016044,0.002960,0.080429
130,43,00204,lightsnow,781,1,,0.999785,0.000215,L,0.999785,0.999571,0.002924,0.000429,0.088018
130,43,00204,lightsnow,602,1,,0.999523,0.000477,L,0.999523,0.999046,0.005953,0.000954,0.079051
130,43,00204,lightsnow,410,1,,1.000000,0.000000,L,1.000000,0.999999,0.000010,0.000001,0.659605
130,43,00204,lightsnow,587,1,,0.995839,0.004161,L,0.995839,0.991678,0.038901,0.008322,0.118545
130,43,00204,lightsnow,141,1,,0.999693,0.000307,L,0.999693,0.999386,0.004029,0.000614,0.061737
130,43,00204,lightsnow,227,1,,0.999014,0.000986,L,0.999014,0.998027,0.011272,0.001973,0.089424
130,43,00204,lightsnow,228,1,,0.999871,0.000129,L,0.999871,0.999742,0.001851,0.000258,0.070779
130,43,00204,lightsnow,230,1,,0.999784,0.000216,L,0.999784,0.999568,0.002944,0.000432,0.097396
130,43,00204,lightsnow,605,1,,0.999982,0.000018,L,0.999982,0.999965,0.000302,0.000035,0.111646
130,43,00204,lightsnow,232,1,,0.999804,0.000196,L,0.999804,0.999609,0.002691,0.000391,0.069799
130,43,00204,lightsnow,407,1,,0.999306,0.000694,L,0.999306,0.998613,0.008280,0.001387,0.187716
130,43,00204,lightsnow,783,1,,0.999985,0.000015,L,0.999985,0.999970,0.000261,0.000030,0.067029
130,43,00204,lightsnow,322,1,,0.999626,0.000374,L,0.999626,0.999252,0.004795,0.000748,0.083124
130,43,00204,lightsnow,319,1,,1.000000,0.000000,L,1.000000,1.000000,0.000004,0.000000,0.598896
130,43,00204,lightsnow,692,1,,0.999752,0.000248,L,0.999752,0.999503,0.003332,0.000497,0.075978
130,43,00204,lightsnow,514,1,,0.999354,0.000646,L,0.999354,0.998708,0.007775,0.001292,0.060468
130,43,00204,lightsnow,321,1,,0.999809,0.000191,L,0.999809,0.999618,0.002636,0.000382,0.257520
130,43,00204,lightsnow,229,1,,0.999933,0.000067,L,0.999933,0.999866,0.001024,0.000134,0.072560
130,43,00204,lightsnow,876,1,,0.999896,0.000104,L,0.999896,0.999792,0.001524,0.000208,0.039546
130,43,00204,lightsnow,878,1,,0.999733,0.000267,L,0.999733,0.999466,0.003558,0.000534,0.033727
130,43,00204,lightsnow,871,1,,0.998032,0.001968,L,0.998032,0.996063,0.020530,0.003937,0.075457
130,43,00204,lightsnow,6,0,,0.997716,0.002284,L,0.997716,0.995432,0.023334,0.004568,0.099288
130,43,00204,lightsnow,131,0,,0.999604,0.000396,L,0.999604,0.999208,0.005046,0.000792,0.071621
130,43,00204,lightsnow,567,0,,0.999749,0.000250,L,0.999749,0.999499,0.003358,0.000501,0.041906
130,43,00204,lightsnow,829,0,,0.999499,0.000501,L,0.999499,0.998999,0.006211,0.001001,0.034585
130,43,00204,lightsnow,308,0,,0.999835,0.000165,L,0.999835,0.999670,0.002309,0.000330,0.046487
130,43,00204,lightsnow,476,0,,0.999815,0.000185,L,0.999815,0.999631,0.002557,0.000369,0.039746
130,43,00204,lightsnow,285,0,,0.999598,0.000402,L,0.999598,0.999195,0.005120,0.000805,0.046347
130,43,00204,lightsnow,479,0,,0.999776,0.000224,L,0.999776,0.999551,0.003043,0.000449,0.052261
130,43,00204,lightsnow,1171,0,,0.999340,0.000660,L,0.999340,0.998680,0.007925,0.001320,0.046026
130,43,00204,lightsnow,1367,0,,0.999130,0.000870,L,0.999130,0.998260,0.010099,0.001740,0.052054
130,43,00204,lightsnow,3,0,,0.997596,0.002404,L,0.997596,0.995191,0.024382,0.004809,0.105465
130,43,00204,lightsnow,86,0,,0.999784,0.000216,L,0.999784,0.999568,0.002943,0.000432,0.078554
130,43,00204,lightsnow,109,0,,0.999808,0.000192,L,0.999808,0.999616,0.002647,0.000384,0.040633
130,43,00204,lightsnow,1158,0,,0.999065,0.000935,L,0.999065,0.998130,0.010759,0.001870,0.042014
130,43,00204,lightsnow,1414,0,,0.998387,0.001613,L,0.998387,0.996773,0.017291,0.003227,0.159986
130,43,00204,lightsnow,300,0,,0.999818,0.000183,L,0.999818,0.999635,0.002530,0.000365,0.052407
130,43,00204,lightsnow,1428,0,,0.999775,0.000224,L,0.999775,0.999551,0.003045,0.000449,0.056673
130,43,00204,lightsnow,199,0,,0.999868,0.000132,L,0.999868,0.999736,0.001894,0.000264,0.029175
131,43,00239,lightsnow,513,1,,0.999363,0.000637,L,0.999363,0.998726,0.007682,0.001274,0.040242
131,43,00239,lightsnow,514,1,,0.999400,0.000600,L,0.999400,0.998800,0.007289,0.001200,0.034037
131,43,00239,lightsnow,515,1,,0.999579,0.000421,L,0.999579,0.999158,0.005328,0.000842,0.033739
131,43,00239,lightsnow,601,1,,0.999784,0.000216,L,0.999784,0.999567,0.002945,0.000433,0.043328
131,43,00239,lightsnow,602,1,,0.999693,0.000307,L,0.999693,0.999385,0.004030,0.000615,0.063496
131,43,00239,lightsnow,603,1,,0.999621,0.000379,L,0.999621,0.999243,0.004851,0.000757,0.055576
131,43,00239,lightsnow,604,1,,0.998828,0.001172,L,0.998828,0.997657,0.013098,0.002343,0.087014
131,43,00239,lightsnow,605,1,,0.999334,0.000666,L,0.999334,0.998669,0.007984,0.001331,0.061858
131,43,00239,lightsnow,606,1,,0.999395,0.000605,L,0.999395,0.998790,0.007343,0.001210,0.052939
131,43,00239,lightsnow,689,1,,0.999943,0.000057,L,0.999943,0.999885,0.000892,0.000115,0.085606
131,43,00239,lightsnow,690,1,,0.999591,0.000409,L,0.999591,0.999181,0.005197,0.000819,0.077872
131,43,00239,lightsnow,691,1,,0.999557,0.000443,L,0.999557,0.999113,0.005578,0.000887,0.092344
131,43,00239,lightsnow,692,1,,0.999991,0.000009,L,0.999991,0.999983,0.000157,0.000017,0.498129
131,43,00239,lightsnow,693,1,,0.999998,0.000002,L,0.999998,0.999997,0.000035,0.000003,0.634905
131,43,00239,lightsnow,694,1,,0.999658,0.000342,L,0.999658,0.999316,0.004431,0.000684,0.301375
131,43,00239,lightsnow,695,1,,0.999432,0.000568,L,0.999432,0.998864,0.006943,0.001136,0.234592
131,43,00239,lightsnow,696,1,,0.999328,0.000672,L,0.999328,0.998657,0.008048,0.001343,0.100582
131,43,00239,lightsnow,779,1,,0.999995,0.000006,L,0.999995,0.999989,0.000104,0.000011,0.203505
131,43,00239,lightsnow,780,1,,0.999890,0.000110,L,0.999890,0.999780,0.001603,0.000220,0.170815
131,43,00239,lightsnow,781,1,,0.999990,0.000010,L,0.999990,0.999980,0.000183,0.000020,0.392190
131,43,00239,lightsnow,782,1,,1.000000,0.000000,L,1.000000,1.000000,0.000001,0.000000,0.943166
131,43,00239,lightsnow,783,1,,1.000000,0.000000,L,1.000000,1.000000,0.000001,0.000000,0.993057
131,43,00239,lightsnow,784,1,,0.999999,0.000001,L,0.999999,0.999999,0.000014,0.000001,0.748698
131,43,00239,lightsnow,785,1,,0.999573,0.000427,L,0.999573,0.999146,0.005398,0.000854,0.362123
131,43,00239,lightsnow,786,1,,0.999402,0.000598,L,0.999402,0.998804,0.007265,0.001196,0.127075
131,43,00239,lightsnow,870,1,,0.998546,0.001454,L,0.998546,0.997092,0.015800,0.002908,0.169666
131,43,00239,lightsnow,871,1,,0.999778,0.000222,L,0.999778,0.999556,0.003014,0.000444,0.226134
131,43,00239,lightsnow,872,1,,0.999986,0.000014,L,0.999986,0.999973,0.000242,0.000027,0.516416
131,43,00239,lightsnow,873,1,,0.999997,0.000003,L,0.999997,0.999994,0.000055,0.000006,0.633032
131,43,00239,lightsnow,874,1,,0.999972,0.000028,L,0.999972,0.999944,0.000461,0.000056,0.519383
131,43,00239,lightsnow,875,1,,0.999475,0.000525,L,0.999475,0.998950,0.006478,0.001050,0.182120
131,43,00239,lightsnow,960,1,,0.994077,0.005923,L,0.994077,0.988154,0.052348,0.011846,0.112384
131,43,00239,lightsnow,961,1,,0.995297,0.004703,L,0.995297,0.990594,0.043134,0.009406,0.141095
131,43,00239,lightsnow,962,1,,0.999084,0.000916,L,0.999084,0.998168,0.010564,0.001832,0.085141
131,43,00239,lightsnow,963,1,,0.999163,0.000837,L,0.999163,0.998327,0.009761,0.001673,0.095328
131,43,00239,lightsnow,1050,1,,0.998960,0.001040,L,0.998960,0.997919,0.011809,0.002081,0.047037
131,43,00239,lightsnow,1427,0,,0.998358,0.001642,L,0.998358,0.996717,0.017553,0.003283,0.068816
131,43,00239,lightsnow,1047,0,,0.999378,0.000622,L,0.999378,0.998756,0.007523,0.001244,0.041247
131,43,00239,lightsnow,858,0,,0.999562,0.000438,L,0.999562,0.999124,0.005518,0.000876,0.033879
131,43,00239,lightsnow,1098,0,,0.998964,0.001036,L,0.998964,0.997928,0.011763,0.002072,0.047157
131,43,00239,lightsnow,1100,0,,0.999110,0.000890,L,0.999110,0.998219,0.010306,0.001781,0.040957
131,43,00239,lightsnow,1288,0,,0.999312,0.000688,L,0.999312,0.998624,0.008222,0.001376,0.051155
131,43,00239,lightsnow,456,0,,0.997989,0.002011,L,0.997989,0.995978,0.020913,0.004022,0.075874
131,43,00239,lightsnow,369,0,,0.999129,0.000871,L,0.999129,0.998258,0.010108,0.001742,0.045742
131,43,00239,lightsnow,879,0,,0.999208,0.000792,L,0.999208,0.998416,0.009302,0.001584,0.039937
131,43,00239,lightsnow,1206,0,,0.999156,0.000844,L,0.999156,0.998312,0.009834,0.001688,0.052034
131,43,00239,lightsnow,238,0,,0.999764,0.000236,L,0.999764,0.999527,0.003188,0.000473,0.043155
131,43,00239,lightsnow,1308,0,,0.999469,0.000531,L,0.999469,0.998938,0.006540,0.001062,0.034319
131,43,00239,lightsnow,263,0,,0.999829,0.000171,L,0.999829,0.999659,0.002382,0.000341,0.047261
131,43,00239,lightsnow,350,0,,0.999751,0.000249,L,0.999751,0.999501,0.003344,0.000499,0.073286
131,43,00239,lightsnow,1017,0,,0.998698,0.001302,L,0.998698,0.997395,0.014359,0.002605,0.047938
131,43,00239,lightsnow,609,0,,0.999484,0.000516,L,0.999484,0.998969,0.006376,0.001031,0.043282
131,43,00239,lightsnow,1143,0,,0.999388,0.000612,L,0.999388,0.998776,0.007418,0.001224,0.032443
131,43,00239,lightsnow,1251,0,,0.998767,0.001233,L,0.998767,0.997535,0.013690,0.002465,0.060949
132,43,00273,lightsnow,514,1,,0.999325,0.000675,L,0.999325,0.998649,0.008087,0.001351,0.036998
132,43,00273,lightsnow,515,1,,0.999517,0.000483,L,0.999517,0.999034,0.006016,0.000966,0.036650
132,43,00273,lightsnow,601,1,,0.999796,0.000204,L,0.999796,0.999592,0.002795,0.000408,0.049157
132,43,00273,lightsnow,602,1,,0.999781,0.000219,L,0.999781,0.999562,0.002977,0.000438,0.072814
132,43,00273,lightsnow,603,1,,0.999500,0.000500,L,0.999500,0.999001,0.006201,0.000999,0.066228
132,43,00273,lightsnow,604,1,,0.997975,0.002025,L,0.997975,0.995949,0.021041,0.004051,0.114188
132,43,00273,lightsnow,605,1,,0.999305,0.000695,L,0.999305,0.998610,0.008295,0.001390,0.069084
132,43,00273,lightsnow,606,1,,0.999330,0.000670,L,0.999330,0.998660,0.008033,0.001340,0.061319
132,43,00273,lightsnow,689,1,,0.999992,0.000008,L,0.999992,0.999984,0.000149,0.000016,0.160315
132,43,00273,lightsnow,690,1,,0.999833,0.000167,L,0.999833,0.999666,0.002337,0.000334,0.105271
132,43,00273,lightsnow,691,1,,0.999710,0.000290,L,0.999710,0.999420,0.003829,0.000580,0.109214
132,43,00273,lightsnow,692,1,,1.000000,0.000000,L,1.000000,0.999999,0.000011,0.000001,0.608054
132,43,00273,lightsnow,693,1,,1.000000,0.000000,L,1.000000,1.000000,0.000002,0.000000,0.796381
132,43,00273,lightsnow,694,1,,0.999993,0.000007,L,0.999993,0.999986,0.000126,0.000014,0.534486
132,43,00273,lightsnow,695,1,,0.999481,0.000519,L,0.999481,0.998963,0.006407,0.001037,0.251847
132,43,00273,lightsnow,696,1,,0.999364,0.000636,L,0.999364,0.998727,0.007675,0.001273,0.121453
132,43,00273,lightsnow,779,1,,0.999994,0.000006,L,0.999994,0.999988,0.000110,0.000012,0.151818
132,43,00273,lightsnow,780,1,,0.999694,0.000306,L,0.999694,0.999388,0.004014,0.000612,0.154059
132,43,00273,lightsnow,781,1,,0.999985,0.000015,L,0.999985,0.999970,0.000264,0.000030,0.375590
132,43,00273,lightsnow,782,1,,1.000000,0.000000,L,1.000000,1.000000,0.000001,0.000000,0.980291
132,43,00273,lightsnow,783,1,,1.000000,0.000000,L,1.000000,1.000000,0.000001,0.000000,0.997761
132,43,00273,lightsnow,784,1,,1.000000,0.000000,L,1.000000,1.000000,0.000004,0.000000,0.798672
132,43,00273,lightsnow,785,1,,0.999604,0.000396,L,0.999604,0.999208,0.005048,0.000792,0.331503
132,43,00273,lightsnow,786,1,,0.999480,0.000520,L,0.999480,0.998960,0.006421,0.001040,0.120991
132,43,00273,lightsnow,870,1,,0.997515,0.002485,L,0.997515,0.995031,0.025078,0.004969,0.192083
132,43,00273,lightsnow,871,1,,0.998369,0.001631,L,0.998369,0.996738,0.017453,0.003262,0.221964
132,43,00273,lightsnow,872,1,,0.999898,0.000102,L,0.999898,0.999795,0.001505,0.000205,0.341744
132,43,00273,lightsnow,873,1,,0.999984,0.000016,L,0.999984,0.999968,0.000275,0.000032,0.555849
132,43,00273,lightsnow,874,1,,0.999941,0.000059,L,0.999941,0.999881,0.000920,0.000119,0.429759
132,43,00273,lightsnow,875,1,,0.999559,0.000441,L,0.999559,0.999119,0.005548,0.000881,0.161693
132,43,00273,lightsnow,876,1,,0.999638,0.000362,L,0.999638,0.999275,0.004664,0.000725,0.057984
132,43,00273,lightsnow,960,1,,0.994394,0.005606,L,0.994394,0.988788,0.049993,0.011212,0.089934
132,43,00273,lightsnow,961,1,,0.992632,0.007368,L,0.992632,0.985264,0.062788,0.014736,0.121475
132,43,00273,lightsnow,962,1,,0.997672,0.002328,L,0.997672,0.995344,0.023717,0.004656,0.077228
132,43,00273,lightsnow,963,1,,0.999035,0.000965,L,0.999035,0.998070,0.011056,0.001930,0.081257
132,43,00273,lightsnow,1050,1,,0.999114,0.000886,L,0.999114,0.998229,0.010258,0.001771,0.038476
132,43,00273,lightsnow,1243,0,,0.998906,0.001094,L,0.998906,0.997811,0.012341,0.002189,0.059671
132,43,00273,lightsnow,513,0,,0.999424,0.000576,L,0.999424,0.998847,0.007035,0.001153,0.042977
132,43,00273,lightsnow,68,0,,0.999804,0.000196,L,0.999804,0.999609,0.002692,0.000391,0.068946
132,43,00273,lightsnow,738,0,,0.999540,0.000460,L,0.999540,0.999080,0.005761,0.000920,0.037716
132,43,00273,lightsnow,319,0,,0.999828,0.000172,L,0.999828,0.999656,0.002398,0.000344,0.046268
132,43,00273,lightsnow,577,0,,0.999755,0.000245,L,0.999755,0.999511,0.003288,0.000489,0.038352
132,43,00273,lightsnow,1,0,,0.998191,0.001809,L,0.998191,0.996383,0.019086,0.003617,0.078389
132,43,00273,lightsnow,21,0,,0.999833,0.000166,L,0.999833,0.999667,0.002330,0.000333,0.056533
132,43,00273,lightsnow,1395,0,,0.999067,0.000933,L,0.999067,0.998134,0.010736,0.001866,0.062723
132,43,00273,lightsnow,760,0,,0.999665,0.000335,L,0.999665,0.999330,0.004351,0.000670,0.039285
132,43,00273,lightsnow,947,0,,0.998980,0.001020,L,0.998980,0.997960,0.011608,0.002040,0.037647
132,43,00273,lightsnow,1170,0,,0.999312,0.000688,L,0.999312,0.998625,0.008216,0.001375,0.049329
132,43,00273,lightsnow,581,0,,0.999790,0.000210,L,0.999790,0.999580,0.002870,0.000420,0.036200
132,43,00273,lightsnow,729,0,,0.997023,0.002977,L,0.997023,0.994046,0.029270,0.005954,0.048974
132,43,00273,lightsnow,1348,0,,0.999415,0.000585,L,0.999415,0.998830,0.007124,0.001170,0.063033
132,43,00273,lightsnow,747,0,,0.999578,0.000422,L,0.999578,0.999157,0.005336,0.000843,0.050380
132,43,00273,lightsnow,382,0,,0.999782,0.000218,L,0.999782,0.999564,0.002966,0.000436,0.039752
132,43,00273,lightsnow,565,0,,0.999753,0.000247,L,0.999753,0.999507,0.003311,0.000493,0.040163
133,43,00457,lightsnow,260,1,,0.999541,0.000459,L,0.999541,0.999082,0.005750,0.000918,0.057941
133,43,00457,lightsnow,526,1,,0.999610,0.000390,L,0.999610,0.999221,0.004976,0.000779,0.173102
133,43,00457,lightsnow,616,1,,0.999628,0.000372,L,0.999628,0.999256,0.004776,0.000744,0.092554
133,43,00457,lightsnow,784,1,,0.999434,0.000566,L,0.999434,0.998867,0.006925,0.001133,0.064971
133,43,00457,lightsnow,621,1,,0.999733,0.000267,L,0.999733,0.999465,0.003560,0.000535,0.054542
133,43,00457,lightsnow,778,1,,0.999864,0.000136,L,0.999864,0.999728,0.001944,0.000272,0.089093
133,43,00457,lightsnow,873,1,,0.999602,0.000399,L,0.999602,0.999203,0.005075,0.000797,0.066083
133,43,00457,lightsnow,869,1,,0.999849,0.000151,L,0.999849,0.999698,0.002137,0.000302,0.065132
133,43,00457,lightsnow,620,1,,0.999687,0.000313,L,0.999687,0.999375,0.004090,0.000625,0.071667
133,43,00457,lightsnow,690,1,,0.999968,0.000032,L,0.999968,0.999935,0.000531,0.000065,0.070834
133,43,00457,lightsnow,963,1,,0.999386,0.000614,L,0.999386,0.998772,0.007437,0.001228,0.047600
133,43,00457,lightsnow,615,1,,0.999667,0.000333,L,0.999667,0.999334,0.004326,0.000666,0.065322
133,43,00457,lightsnow,351,1,,0.999846,0.000154,L,0.999846,0.999691,0.002176,0.000309,0.053588
133,43,00457,lightsnow,689,1,,0.999056,0.000944,L,0.999056,0.998112,0.010848,0.001888,0.098820
133,43,00457,lightsnow,529,1,,0.999935,0.000065,L,0.999935,0.999869,0.001002,0.000131,0.598042
133,43,00457,lightsnow,958,1,,0.994590,0.005410,L,0.994590,0.989180,0.048522,0.010820,0.068756
133,43,00457,lightsnow,962,1,,0.999278,0.000722,L,0.999278,0.998555,0.008580,0.001445,0.051599
133,43,00457,lightsnow,528,1,,0.999947,0.000053,L,0.999947,0.999895,0.000823,0.000105,0.691339
133,43,00457,lightsnow,779,1,,0.999994,0.000006,L,0.999994,0.999988,0.000110,0.000012,0.117725
133,43,00457,lightsnow,619,1,,0.999621,0.000379,L,0.999621,0.999242,0.004855,0.000758,0.146378
133,43,00457,lightsnow,870,1,,1.000000,0.000000,L,1.000000,1.000000,0.000003,0.000000,0.315004
133,43,00457,lightsnow,259,1,,0.999053,0.000947,L,0.999053,0.998106,0.010876,0.001894,0.081066
133,43,00457,lightsnow,1049,1,,0.994043,0.005957,L,0.994043,0.988086,0.052598,0.011914,0.065223
133,43,00457,lightsnow,782,1,,1.000000,0.000000,L,1.000000,1.000000,0.000002,0.000000,0.553555
133,43,00457,lightsnow,350,1,,0.999772,0.000228,L,0.999772,0.999543,0.003091,0.000457,0.066174
133,43,00457,lightsnow,438,1,,0.999905,0.000095,L,0.999905,0.999810,0.001408,0.000190,0.601412
133,43,00457,lightsnow,868,1,,0.999216,0.000784,L,0.999216,0.998432,0.009219,0.001568,0.077583
133,43,00457,lightsnow,530,1,,0.999827,0.000173,L,0.999827,0.999654,0.002414,0.000346,0.284853
133,43,00457,lightsnow,434,1,,0.999765,0.000235,L,0.999765,0.999530,0.003171,0.000470,0.071539
133,43,00457,lightsnow,617,1,,0.999662,0.000338,L,0.999662,0.999324,0.004384,0.000676,0.261707
133,43,00457,lightsnow,708,1,,0.999623,0.000377,L,0.999623,0.999245,0.004836,0.000755,0.051319
133,43,00457,lightsnow,874,1,,0.999545,0.000455,L,0.999545,0.999089,0.005712,0.000911,0.060955
133,43,00457,lightsnow,693,1,,0.999447,0.000553,L,0.999447,0.998894,0.006780,0.001106,0.046106
133,43,00457,lightsnow,781,1,,1.000000,0.000000,L,1.000000,1.000000,0.000000,0.000000,0.907271
133,43,00457,lightsnow,441,1,,0.999960,0.000040,L,0.999960,0.999919,0.000647,0.000081,0.099492
133,43,00457,lightsnow,618,1,,0.999602,0.000398,L,0.999602,0.999204,0.005070,0.000796,0.185417
133,43,00457,lightsnow,473,0,,0.999797,0.000203,L,0.999797,0.999594,0.002786,0.000406,0.040719
133,43,00457,lightsnow,758,0,,0.999652,0.000348,L,0.999652,0.999304,0.004503,0.000696,0.036421
133,43,00457,lightsnow,1195,0,,0.999208,0.000792,L,0.999208,0.998417,0.009299,0.001583,0.046572
133,43,00457,lightsnow,474,0,,0.999776,0.000224,L,0.999776,0.999551,0.003043,0.000449,0.052261
133,43,00457,lightsnow,883,0,,0.999636,0.000364,L,0.999636,0.999271,0.004688,0.000729,0.033017
133,43,00457,lightsnow,497,0,,0.999782,0.000218,L,0.999782,0.999564,0.002967,0.000436,0.046859
133,43,00457,lightsnow,391,0,,0.999760,0.000240,L,0.999760,0.999519,0.003236,0.000481,0.045342
133,43,00457,lightsnow,1434,0,,0.999989,0.000011,L,0.999989,0.999978,0.000199,0.000022,0.089506
133,43,00457,lightsnow,917,0,,0.998919,0.001081,L,0.998919,0.997838,0.012211,0.002162,0.034512
133,43,00457,lightsnow,1019,0,,0.998698,0.001302,L,0.998698,0.997395,0.014359,0.002605,0.047938
133,43,00457,lightsnow,303,0,,0.999855,0.000145,L,0.999855,0.999711,0.002054,0.000289,0.039310
133,43,00457,lightsnow,1071,0,,0.999282,0.000718,L,0.999282,0.998565,0.008532,0.001435,0.042756
133,43,00457,lightsnow,632,0,,0.998744,0.001256,L,0.998744,0.997487,0.013917,0.002513,0.047290
133,43,00457,lightsnow,1201,0,,0.999207,0.000793,L,0.999207,0.998413,0.009317,0.001587,0.049799
133,43,00457,lightsnow,732,0,,0.998966,0.001034,L,0.998966,0.997933,0.011742,0.002067,0.062289
133,43,00457,lightsnow,714,0,,0.999434,0.000566,L,0.999434,0.998867,0.006926,0.001133,0.049278
133,43,00457,lightsnow,163,0,,0.999730,0.000270,L,0.999730,0.999459,0.003595,0.000541,0.078807
133,43,00457,lightsnow,131,0,,0.999803,0.000197,L,0.999803,0.999606,0.002709,0.000394,0.052902
134,43,00492,lightsnow,787,1,,0.999796,0.000204,L,0.999796,0.999592,0.002798,0.000408,0.191757
134,43,00492,lightsnow,609,1,,0.999992,0.000007,L,0.999992,0.999985,0.000138,0.000015,0.566949
134,43,00492,lightsnow,289,1,,0.999993,0.000007,L,0.999993,0.999986,0.000132,0.000014,0.528530
134,43,00492,lightsnow,7,1,,0.999997,0.000003,L,0.999997,0.999994,0.000061,0.000006,0.582578
134,43,00492,lightsnow,474,1,,0.999632,0.000368,L,0.999632,0.999264,0.004727,0.000736,0.040562
134,43,00492,lightsnow,294,1,,0.999603,0.000397,L,0.999603,0.999206,0.005059,0.000794,0.054271
134,43,00492,lightsnow,96,1,,0.999562,0.000438,L,0.999562,0.999124,0.005521,0.000876,0.251911
134,43,00492,lightsnow,938,1,,0.999134,0.000866,L,0.999134,0.998268,0.010060,0.001732,0.053104
134,43,00492,lightsnow,183,1,,0.988391,0.011609,L,0.988391,0.976782,0.091281,0.023218,0.152381
134,43,00492,lightsnow,607,1,,0.999973,0.000027,L,0.999973,0.999946,0.000452,0.000054,0.415028
134,43,00492,lightsnow,1118,1,,0.999990,0.000010,L,0.999990,0.999979,0.000189,0.000021,0.233513
134,43,00492,lightsnow,384,1,,0.999503,0.000497,L,0.999503,0.999005,0.006176,0.000995,0.055288
134,43,00492,lightsnow,184,1,,0.995177,0.004823,L,0.995177,0.990354,0.044058,0.009646,0.149886
134,43,00492,lightsnow,98,1,,0.997246,0.002754,L,0.997246,0.994492,0.027389,0.005508,0.197328
134,43,00492,lightsnow,293,1,,0.999349,0.000651,L,0.999349,0.998697,0.007833,0.001303,0.158646
134,43,00492,lightsnow,95,1,,0.999313,0.000687,L,0.999313,0.998625,0.008213,0.001375,0.240905
134,43,00492,lightsnow,381,1,,1.000000,0.000000,L,1.000000,0.999999,0.000009,0.000001,0.959540
134,43,00492,lightsnow,287,1,,0.998177,0.001823,L,0.998177,0.996355,0.019214,0.003645,0.159238
134,43,00492,lightsnow,1205,1,,0.999428,0.000572,L,0.999428,0.998855,0.006991,0.001145,0.197597
134,43,00492,lightsnow,934,1,,0.997010,0.002989,L,0.997010,0.994021,0.029376,0.005979,0.139046
134,43,00492,lightsnow,1025,1,,1.000000,0.000000,L,1.000000,0.999999,0.000008,0.000001,0.656030
134,43,00492,lightsnow,1204,1,,0.997602,0.002398,L,0.997602,0.995203,0.024332,0.004797,0.181981
134,43,00492,lightsnow,1116,1,,1.000000,0.000000,L,1.000000,1.000000,0.000000,0.000000,0.944860
134,43,00492,lightsnow,520,1,,0.999330,0.000670,L,0.999330,0.998660,0.008032,0.001340,0.073187
134,43,00492,lightsnow,290,1,,1.000000,0.000000,L,1.000000,1.000000,0.000002,0.000000,0.999024
134,43,00492,lightsnow,340,1,,0.999577,0.000423,L,0.999577,0.999154,0.005349,0.000846,0.052435
134,43,00492,lightsnow,516,1,,0.999676,0.000324,L,0.999676,0.999353,0.004220,0.000647,0.078540
134,43,00492,lightsnow,9,1,,0.999992,0.000008,L,0.999992,0.999985,0.000143,0.000015,0.445459
134,43,00492,lightsnow,522,1,,0.999602,0.000398,L,0.999602,0.999204,0.005069,0.000796,0.058625
134,43,00492,lightsnow,1294,1,,0.994791,0.005209,L,0.994791,0.989582,0.047004,0.010418,0.136200
134,43,00492,lightsnow,3,1,,0.998837,0.001163,L,0.998837,0.997674,0.013014,0.002326,0.160312
134,43,00492,lightsnow,99,1,,0.997940,0.002059,L,0.997940,0.995881,0.021346,0.004119,0.166166
134,43,00492,lightsnow,111,1,,0.994370,0.005630,L,0.994370,0.988741,0.050168,0.011259,0.125179
134,43,00492,lightsnow,933,1,,0.998800,0.001200,L,0.998800,0.997599,0.013377,0.002401,0.137513
134,43,00492,lightsnow,339,1,,0.999617,0.000383,L,0.999617,0.999234,0.004901,0.000766,0.053138
134,43,00492,lightsnow,698,1,,0.999999,0.000001,L,0.999999,0.999999,0.000013,0.000001,0.681490
134,43,00492,lightsnow,501,0,,0.999819,0.000181,L,0.999819,0.999638,0.002511,0.000362,0.038847
134,43,00492,lightsnow,131,0,,0.999806,0.000194,L,0.999806,0.999613,0.002667,0.000387,0.047839
134,43,00492,lightsnow,1127,0,,0.999174,0.000826,L,0.999174,0.998347,0.009655,0.001653,0.031296
134,43,00492,lightsnow,1095,0,,0.999422,0.000578,L,0.999422,0.998845,0.007048,0.001155,0.025701
134,43,00492,lightsnow,73,0,,0.999733,0.000267,L,0.999733,0.999466,0.003555,0.000534,0.077595
134,43,00492,lightsnow,338,0,,0.999678,0.000321,L,0.999678,0.999357,0.004194,0.000643,0.046796
134,43,00492,lightsnow,1172,0,,0.997193,0.002807,L,0.997193,0.994387,0.027836,0.005613,0.068850
134,43,00492,lightsnow,1253,0,,0.999178,0.000822,L,0.999178,0.998355,0.009613,0.001645,0.053522
134,43,00492,lightsnow,812,0,,0.998759,0.001241,L,0.998759,0.997517,0.013775,0.002483,0.039601
134,43,00492,lightsnow,102,0,,0.998865,0.001135,L,0.998865,0.997730,0.012741,0.002270,0.054728
134,43,00492,lightsnow,311,0,,0.999842,0.000158,L,0.999842,0.999685,0.002220,0.000315,0.041474
134,43,00492,lightsnow,671,0,,0.999276,0.000724,L,0.999276,0.998552,0.008596,0.001448,0.032094
134,43,00492,lightsnow,129,0,,0.999781,0.000219,L,0.999781,0.999563,0.002975,0.000437,0.062074
134,43,00492,lightsnow,1424,0,,0.999127,0.000873,L,0.999127,0.998254,0.010128,0.001746,0.060381
134,43,00492,lightsnow,573,0,,0.999056,0.000944,L,0.999056,0.998112,0.010847,0.001888,0.045830
134,43,00492,lightsnow,1341,0,,0.999312,0.000688,L,0.999312,0.998624,0.008222,0.001376,0.051155
134,43,00492,lightsnow,1231,0,,0.999021,0.000979,L,0.999021,0.998042,0.011200,0.001958,0.068948
134,43,00492,lightsnow,835,0,,0.999340,0.000660,L,0.999340,0.998680,0.007926,0.001320,0.062471
135,43,00527,lightsnow,942,1,,0.999239,0.000761,L,0.999239,0.998479,0.008978,0.001521,0.224369
135,43,00527,lightsnow,1212,1,,0.999463,0.000537,L,0.999463,0.998926,0.006606,0.001074,0.132881
135,43,00527,lightsnow,96,1,,0.999876,0.000124,L,0.999876,0.999752,0.001791,0.000248,0.268721
135,43,00527,lightsnow,945,1,,0.998965,0.001035,L,0.998965,0.997930,0.011757,0.002070,0.038109
135,43,00527,lightsnow,854,1,,0.999206,0.000794,L,0.999206,0.998411,0.009327,0.001589,0.041078
135,43,00527,lightsnow,91,1,,0.994700,0.005300,L,0.994700,0.989401,0.047691,0.010599,0.075691
135,43,00527,lightsnow,941,1,,0.999085,0.000915,L,0.999085,0.998169,0.010560,0.001831,0.146365
135,43,00527,lightsnow,938,1,,0.999239,0.000761,L,0.999239,0.998478,0.008983,0.001522,0.050756
135,43,00527,lightsnow,1035,1,,0.998510,0.001490,L,0.998510,0.997019,0.016143,0.002981,0.076467
135,43,00527,lightsnow,1121,1,,0.999912,0.000088,L,0.999912,0.999824,0.001315,0.000176,0.422139
135,43,00527,lightsnow,3,1,,0.998408,0.001592,L,0.998408,0.996817,0.017088,0.003183,0.134374
135,43,00527,lightsnow,94,1,,0.997967,0.002033,L,0.997967,0.995935,0.021106,0.004065,0.141080
135,43,00527,lightsnow,940,1,,0.998079,0.001921,L,0.998079,0.996157,0.020107,0.003843,0.098169
135,43,00527,lightsnow,1030,1,,0.999564,0.000436,L,0.999564,0.999128,0.005493,0.000872,0.206667
135,43,00527,lightsnow,1031,1,,0.999949,0.000051,L,0.999949,0.999898,0.000799,0.000102,0.505539
135,43,00527,lightsnow,1120,1,,0.999367,0.000633,L,0.999367,0.998734,0.007639,0.001266,0.188605
135,43,00527,lightsnow,765,1,,0.999386,0.000614,L,0.999386,0.998772,0.007434,0.001228,0.034125
135,43,00527,lightsnow,95,1,,0.999372,0.000628,L,0.999372,0.998745,0.007583,0.001255,0.183749
135,43,00527,lightsnow,188,1,,0.996475,0.003525,L,0.996475,0.992949,0.033802,0.007051,0.062141
135,43,00527,lightsnow,944,1,,0.998716,0.001284,L,0.998716,0.997432,0.014184,0.002568,0.057543
135,43,00527,lightsnow,1125,1,,0.999182,0.000818,L,0.999182,0.998364,0.009568,0.001636,0.055654
135,43,00527,lightsnow,850,1,,0.999244,0.000756,L,0.999244,0.998487,0.008933,0.001513,0.044387
135,43,00527,lightsnow,7,1,,0.999861,0.000139,L,0.999861,0.999723,0.001976,0.000277,0.298573
135,43,00527,lightsnow,1124,1,,0.999085,0.000915,L,0.999085,0.998170,0.010555,0.001830,0.146019
135,43,00527,lightsnow,1029,1,,0.997140,0.002860,L,0.997140,0.994281,0.028284,0.005719,0.143893
135,43,00527,lightsnow,852,1,,0.998426,0.001574,L,0.998426,0.996853,0.016922,0.003147,0.060647
135,43,00527,lightsnow,97,1,,0.998853,0.001147,L,0.998853,0.997706,0.012857,0.002294,0.199437
135,43,00527,lightsnow,943,1,,0.998587,0.001413,L,0.998587,0.997173,0.015417,0.002827,0.162397
135,43,00527,lightsnow,98,1,,0.996634,0.003366,L,0.996634,0.993267,0.032502,0.006733,0.139308
135,43,00527,lightsnow,92,1,,0.998564,0.001436,L,0.998564,0.997128,0.015631,0.002872,0.089188
135,43,00527,lightsnow,1,1,,0.999189,0.000811,L,0.999189,0.998378,0.009495,0.001622,0.102146
135,43,00527,lightsnow,764,1,,0.999306,0.000694,L,0.999306,0.998612,0.008283,0.001388,0.036222
135,43,00527,lightsnow,1210,1,,0.998311,0.001689,L,0.998311,0.996622,0.017991,0.003378,0.149186
135,43,00527,lightsnow,8,1,,0.997205,0.002795,L,0.997205,0.994411,0.027734,0.005589,0.167089
135,43,00527,lightsnow,851,1,,0.998897,0.001103,L,0.998897,0.997794,0.012426,0.002206,0.046571
135,43,00527,lightsnow,1034,1,,0.998496,0.001504,L,0.998496,0.996991,0.016276,0.003009,0.136353
135,43,00527,lightsnow,954,0,,0.998944,0.001056,L,0.998944,0.997888,0.011965,0.002112,0.048070
135,43,00527,lightsnow,182,0,,0.990887,0.009113,L,0.990887,0.981774,0.074853,0.018226,0.090155
135,43,00527,lightsnow,597,0,,0.999699,0.000301,L,0.999699,0.999398,0.003953,0.000602,0.057433
135,43,00527,lightsnow,1369,0,,0.999213,0.000787,L,0.999213,0.998426,0.009250,0.001574,0.046143
135,43,00527,lightsnow,157,0,,0.999751,0.000249,L,0.999751,0.999502,0.003342,0.000498,0.082870
135,43,00527,lightsnow,1301,0,,0.999438,0.000562,L,0.999438,0.998877,0.006875,0.001123,0.072612
135,43,00527,lightsnow,1295,0,,0.999408,0.000592,L,0.999408,0.998815,0.007204,0.001185,0.050133
135,43,00527,lightsnow,224,0,,0.999765,0.000235,L,0.999765,0.999530,0.003170,0.000470,0.032225
135,43,00527,lightsnow,1117,0,,0.998992,0.001008,L,0.998992,0.997985,0.011483,0.002015,0.065867
135,43,00527,lightsnow,1066,0,,0.998819,0.001181,L,0.998819,0.997637,0.013192,0.002363,0.042702
135,43,00527,lightsnow,976,0,,0.999100,0.000900,L,0.999100,0.998201,0.010401,0.001799,0.037458
135,43,00527,lightsnow,582,0,,0.999546,0.000454,L,0.999546,0.999091,0.005701,0.000909,0.026529
135,43,00527,lightsnow,1073,0,,0.998510,0.001490,L,0.998510,0.997020,0.016142,0.002980,0.058217
135,43,00527,lightsnow,102,0,,0.999000,0.001000,L,0.999000,0.998000,0.011409,0.002000,0.054170
135,43,00527,lightsnow,105,0,,0.999231,0.000769,L,0.999231,0.998461,0.009068,0.001539,0.055163
135,43,00527,lightsnow,351,0,,0.999866,0.000134,L,0.999866,0.999732,0.001919,0.000268,0.050742
135,43,00527,lightsnow,1249,0,,0.999112,0.000888,L,0.999112,0.998225,0.010279,0.001775,0.062890
135,43,00527,lightsnow,1049,0,,0.998825,0.001175,L,0.998825,0.997650,0.013129,0.002350,0.042228
136,48,00117,lightsnow,1088,1,,0.999995,0.000005,L,0.999995,0.999990,0.000096,0.000010,0.646628
136,48,00117,lightsnow,1001,1,,0.999927,0.000073,L,0.999927,0.999854,0.001106,0.000146,0.408822
136,48,00117,lightsnow,1272,1,,0.998654,0.001346,L,0.998654,0.997308,0.014776,0.002692,0.060141
136,48,00117,lightsnow,1269,1,,0.994061,0.005939,L,0.994061,0.988123,0.052463,0.011877,0.159123
136,48,00117,lightsnow,1268,1,,0.997923,0.002077,L,0.997923,0.995846,0.021501,0.004154,0.190745
136,48,00117,lightsnow,1093,1,,0.993198,0.006802,L,0.993198,0.986396,0.058754,0.013604,0.184943
136,48,00117,lightsnow,1178,1,,0.996927,0.003073,L,0.996927,0.993855,0.030071,0.006145,0.204886
136,48,00117,lightsnow,1089,1,,1.000000,0.000000,L,1.000000,1.000000,0.000005,0.000000,0.999929
136,48,00117,lightsnow,1003,1,,0.995505,0.004495,L,0.995505,0.991011,0.041517,0.008989,0.171835
136,48,00117,lightsnow,1000,1,,1.000000,0.000000,L,1.000000,1.000000,0.000003,0.000000,0.850445
136,48,00117,lightsnow,1271,1,,0.997554,0.002447,L,0.997554,0.995107,0.024749,0.004893,0.061715
136,48,00117,lightsnow,907,1,,0.998761,0.001239,L,0.998761,0.997522,0.013750,0.002478,0.155214
136,48,00117,lightsnow,1181,1,,0.995027,0.004973,L,0.995027,0.990055,0.045205,0.009945,0.135200
136,48,00117,lightsnow,1176,1,,0.999202,0.000798,L,0.999202,0.998404,0.009365,0.001596,0.203870
136,48,00117,lightsnow,996,1,,0.999105,0.000895,L,0.999105,0.998209,0.010356,0.001791,0.176468
136,48,00117,lightsnow,908,1,,0.998428,0.001572,L,0.998428,0.996856,0.016908,0.003144,0.181936
136,48,00117,lightsnow,998,1,,0.999822,0.000178,L,0.999822,0.999643,0.002479,0.000357,0.318434
136,48,00117,lightsnow,1270,1,,0.995031,0.004969,L,0.995031,0.990062,0.045179,0.009938,0.103012
136,48,00117,lightsnow,1179,1,,0.995142,0.004858,L,0.995142,0.990283,0.044330,0.009717,0.197796
136,48,00117,lightsnow,911,1,,0.996946,0.003054,L,0.996946,0.993892,0.029914,0.006108,0.175309
136,48,00117,lightsnow,1086,1,,0.999585,0.000415,L,0.999585,0.999170,0.005261,0.000830,0.231217
136,48,00117,lightsnow,1183,1,,0.999147,0.000853,L,0.999147,0.998293,0.009929,0.001707,0.051742
136,48,00117,lightsnow,910,1,,0.997017,0.002983,L,0.997017,0.994034,0.029320,0.005966,0.193936
136,48,00117,lightsnow,1266,1,,0.987317,0.012683,L,0.987317,0.974634,0.098096,0.025366,0.168421
136,48,00117,lightsnow,1090,1,,1.000000,0.000000,L,1.000000,1.000000,0.000002,0.000000,0.999617
136,48,00117,lightsnow,1087,1,,0.999351,0.000649,L,0.999351,0.998702,0.007806,0.001298,0.267060
136,48,00117,lightsnow,1273,1,,0.998885,0.001115,L,0.998885,0.997770,0.012543,0.002230,0.052463
136,48,00117,lightsnow,1267,1,,0.997120,0.002880,L,0.997120,0.994240,0.028458,0.005760,0.188827
136,48,00117,lightsnow,999,1,,1.000000,0.000000,L,1.000000,1.000000,0.000003,0.000000,0.846419
136,48,00117,lightsnow,1002,1,,0.996630,0.003370,L,0.996630,0.993261,0.032528,0.006739,0.235123
136,48,00117,lightsnow,913,1,,0.997926,0.002074,L,0.997926,0.995852,0.021474,0.004148,0.110390
136,48,00117,lightsnow,1091,1,,0.999992,0.000008,L,0.999992,0.999983,0.000152,0.000017,0.661772
136,48,00117,lightsnow,997,1,,0.998234,0.001766,L,0.998234,0.996467,0.018700,0.003533,0.209197
136,48,00117,lightsnow,1177,1,,0.999036,0.000964,L,0.999036,0.998071,0.011053,0.001929,0.205795
136,48,00117,lightsnow,912,1,,0.997944,0.002056,L,0.997944,0.995888,0.021313,0.004112,0.159074
136,48,00117,lightsnow,1182,1,,0.998936,0.001064,L,0.998936,0.997872,0.012043,0.002128,0.073708
136,48,00117,lightsnow,626,0,,0.999679,0.000321,L,0.999679,0.999358,0.004189,0.000642,0.050642
136,48,00117,lightsnow,958,0,,0.999259,0.000741,L,0.999259,0.998518,0.008772,0.001482,0.063310
136,48,00117,lightsnow,540,0,,0.984688,0.015312,L,0.984688,0.969375,0.114243,0.030625,0.112499
136,48,00117,lightsnow,412,0,,0.999237,0.000763,L,0.999237,0.998473,0.009005,0.001527,0.106707
136,48,00117,lightsnow,1350,0,,0.998094,0.001906,L,0.998094,0.996188,0.019969,0.003812,0.080248
136,48,00117,lightsnow,550,0,,0.997631,0.002369,L,0.997631,0.995263,0.024072,0.004737,0.094410
136,48,00117,lightsnow,1189,0,,0.999544,0.000456,L,0.999544,0.999089,0.005713,0.000911,0.055911
136,48,00117,lightsnow,191,0,,0.994869,0.005131,L,0.994869,0.989739,0.046409,0.010261,0.096726
136,48,00117,lightsnow,247,0,,0.999764,0.000236,L,0.999764,0.999528,0.003182,0.000472,0.054735
136,48,00117,lightsnow,205,0,,0.996923,0.003077,L,0.996923,0.993845,0.030111,0.006155,0.069173
136,48,00117,lightsnow,1227,0,,0.999233,0.000767,L,0.999233,0.998466,0.009046,0.001534,0.047308
136,48,00117,lightsnow,975,0,,0.999076,0.000924,L,0.999076,0.998152,0.010644,0.001848,0.047417
136,48,00117,lightsnow,680,0,,0.998167,0.001833,L,0.998167,0.996335,0.019303,0.003665,0.055122
136,48,00117,lightsnow,704,0,,0.994420,0.005580,L,0.994420,0.988841,0.049793,0.011159,0.084203
136,48,00117,lightsnow,484,0,,0.997999,0.002001,L,0.997999,0.995997,0.020827,0.004003,0.110669
136,48,00117,lightsnow,1054,0,,0.998863,0.001137,L,0.998863,0.997726,0.012760,0.002274,0.047706
136,48,00117,lightsnow,1399,0,,0.999149,0.000851,L,0.999149,0.998299,0.009903,0.001701,0.050685
136,48,00117,lightsnow,668,0,,0.998896,0.001104,L,0.998896,0.997791,0.012441,0.002209,0.064638
137,48,00152,lightsnow,816,1,,0.998702,0.001298,L,0.998702,0.997403,0.014322,0.002597,0.125983
137,48,00152,lightsnow,817,1,,0.998764,0.001236,L,0.998764,0.997527,0.013727,0.002473,0.131063
137,48,00152,lightsnow,818,1,,0.997606,0.002394,L,0.997606,0.995211,0.024296,0.004789,0.135393
137,48,00152,lightsnow,819,1,,0.997567,0.002433,L,0.997567,0.995133,0.024636,0.004867,0.139324
137,48,00152,lightsnow,820,1,,0.998464,0.001536,L,0.998464,0.996928,0.016573,0.003072,0.134945
137,48,00152,lightsnow,821,1,,0.997876,0.002124,L,0.997876,0.995751,0.021924,0.004249,0.118939
137,48,00152,lightsnow,822,1,,0.998045,0.001955,L,0.998045,0.996089,0.020412,0.003911,0.093662
137,48,00152,lightsnow,823,1,,0.999889,0.000111,L,0.999889,0.999778,0.001617,0.000222,0.064504
137,48,00152,lightsnow,907,1,,0.999341,0.000659,L,0.999341,0.998682,0.007913,0.001318,0.142207
137,48,00152,lightsnow,908,1,,0.997451,0.002549,L,0.997451,0.994902,0.025636,0.005098,0.156818
137,48,00152,lightsnow,909,1,,0.998817,0.001183,L,0.998817,0.997633,0.013212,0.002367,0.195794
137,48,00152,lightsnow,910,1,,1.000000,0.000000,L,1.000000,0.999999,0.000009,0.000001,0.634120
137,48,00152,lightsnow,911,1,,0.999998,0.000002,L,0.999998,0.999996,0.000041,0.000004,0.532366
137,48,00152,lightsnow,912,1,,0.998231,0.001769,L,0.998231,0.996462,0.018723,0.003538,0.231159
137,48,00152,lightsnow,913,1,,0.999811,0.000189,L,0.999811,0.999622,0.002608,0.000378,0.292332
137,48,00152,lightsnow,997,1,,0.999008,0.000992,L,0.999008,0.998016,0.011329,0.001984,0.143171
137,48,00152,lightsnow,998,1,,0.999512,0.000488,L,0.999512,0.999024,0.006074,0.000976,0.167264
137,48,00152,lightsnow,999,1,,1.000000,0.000000,L,1.000000,1.000000,0.000005,0.000000,0.767719
137,48,00152,lightsnow,1000,1,,1.000000,0.000000,L,1.000000,1.000000,0.000002,0.000000,0.998274
137,48,00152,lightsnow,1001,1,,1.000000,0.000000,L,1.000000,1.000000,0.000002,0.000000,0.991753
137,48,00152,lightsnow,1002,1,,0.999749,0.000251,L,0.999749,0.999498,0.003364,0.000502,0.333109
137,48,00152,lightsnow,1003,1,,0.998327,0.001673,L,0.998327,0.996654,0.017844,0.003346,0.231909
137,48,00152,lightsnow,1087,1,,0.999269,0.000731,L,0.999269,0.998538,0.008671,0.001462,0.188355
137,48,00152,lightsnow,1088,1,,0.999049,0.000951,L,0.999049,0.998097,0.010921,0.001903,0.187180
137,48,00152,lightsnow,1089,1,,0.998400,0.001600,L,0.998400,0.996801,0.017163,0.003199,0.232566
137,48,00152,lightsnow,1090,1,,0.999015,0.000985,L,0.999015,0.998030,0.011256,0.001970,0.227788
137,48,00152,lightsnow,1091,1,,0.998551,0.001449,L,0.998551,0.997102,0.015756,0.002898,0.229489
137,48,00152,lightsnow,1092,1,,0.995399,0.004601,L,0.995399,0.990798,0.042345,0.009202,0.195609
137,48,00152,lightsnow,1093,1,,0.999173,0.000827,L,0.999173,0.998346,0.009659,0.001654,0.157559
137,48,00152,lightsnow,1177,1,,0.998824,0.001176,L,0.998824,0.997648,0.013139,0.002352,0.165886
137,48,00152,lightsnow,1178,1,,0.999695,0.000305,L,0.999695,0.999390,0.004003,0.000610,0.161716
137,48,00152,lightsnow,1179,1,,0.995572,0.004428,L,0.995572,0.991143,0.041000,0.008857,0.164021
137,48,00152,lightsnow,1180,1,,0.992251,0.007749,L,0.992251,0.984502,0.065471,0.015498,0.152442
137,48,00152,lightsnow,1181,1,,0.994203,0.005797,L,0.994203,0.988405,0.051417,0.011595,0.137654
137,48,00152,lightsnow,1182,1,,0.998595,0.001405,L,0.998595,0.997191,0.015334,0.002809,0.078028
137,48,00152,lightsnow,1183,1,,0.999320,0.000680,L,0.999320,0.998640,0.008138,0.001360,0.058213
137,48,00152,lightsnow,959,0,,0.999438,0.000562,L,0.999438,0.998875,0.006883,0.001125,0.049100
137,48,00152,lightsnow,100,0,,0.998079,0.001921,L,0.998079,0.996157,0.020108,0.003843,0.065521
137,48,00152,lightsnow,429,0,,0.999689,0.000311,L,0.999689,0.999378,0.004075,0.000622,0.051706
137,48,00152,lightsnow,219,0,,0.998750,0.001250,L,0.998750,0.997500,0.013859,0.002500,0.060169
137,48,00152,lightsnow,83,0,,0.998961,0.001038,L,0.998961,0.997923,0.011790,0.002077,0.075701
137,48,00152,lightsnow,50,0,,0.998659,0.001340,L,0.998659,0.997319,0.014725,0.002681,0.066651
137,48,00152,lightsnow,803,0,,0.999712,0.000288,L,0.999712,0.999424,0.003804,0.000576,0.050321
137,48,00152,lightsnow,1168,0,,0.999320,0.000680,L,0.999320,0.998640,0.008136,0.001360,0.049303
137,48,00152,lightsnow,964,0,,0.999218,0.000782,L,0.999218,0.998437,0.009194,0.001563,0.049252
137,48,00152,lightsnow,193,0,,0.998488,0.001512,L,0.998488,0.996977,0.016343,0.003023,0.075742
137,48,00152,lightsnow,1102,0,,0.999464,0.000536,L,0.999464,0.998928,0.006599,0.001072,0.048100
137,48,00152,lightsnow,494,0,,0.997296,0.002704,L,0.997296,0.994591,0.026966,0.005409,0.087420
137,48,00152,lightsnow,1074,0,,0.998710,0.001290,L,0.998710,0.997420,0.014242,0.002580,0.048670
137,48,00152,lightsnow,1333,0,,0.999306,0.000694,L,0.999306,0.998611,0.008286,0.001389,0.051205
137,48,00152,lightsnow,826,0,,0.998390,0.001610,L,0.998390,0.996780,0.017259,0.003220,0.054211
137,48,00152,lightsnow,1348,0,,0.999474,0.000527,L,0.999474,0.998947,0.006494,0.001053,0.050199
137,48,00152,lightsnow,1154,0,,0.999107,0.000893,L,0.999107,0.998214,0.010332,0.001786,0.050050
137,48,00152,lightsnow,230,0,,0.998512,0.001488,L,0.998512,0.997024,0.016122,0.002976,0.083206
138,48,00187,lightsnow,903,1,,0.998828,0.001173,L,0.998828,0.997655,0.013106,0.002345,0.206259
138,48,00187,lightsnow,904,1,,0.997049,0.002951,L,0.997049,0.994097,0.029057,0.005903,0.213774
138,48,00187,lightsnow,905,1,,0.997926,0.002074,L,0.997926,0.995852,0.021477,0.004148,0.240238
138,48,00187,lightsnow,906,1,,0.999994,0.000006,L,0.999994,0.999988,0.000110,0.000012,0.483665
138,48,00187,lightsnow,907,1,,0.998787,0.001213,L,0.998787,0.997575,0.013496,0.002425,0.261076
138,48,00187,lightsnow,908,1,,0.998174,0.001826,L,0.998174,0.996349,0.019241,0.003651,0.257911
138,48,00187,lightsnow,909,1,,0.995679,0.004321,L,0.995679,0.991357,0.040163,0.008643,0.291160
138,48,00187,lightsnow,992,1,,0.999277,0.000723,L,0.999277,0.998554,0.008584,0.001446,0.183433
138,48,00187,lightsnow,993,1,,0.998967,0.001033,L,0.998967,0.997935,0.011732,0.002065,0.210546
138,48,00187,lightsnow,994,1,,0.999942,0.000058,L,0.999942,0.999884,0.000902,0.000116,0.321347
138,48,00187,lightsnow,995,1,,1.000000,0.000000,L,1.000000,1.000000,0.000001,0.000000,0.983421
138,48,00187,lightsnow,996,1,,1.000000,0.000000,L,1.000000,1.000000,0.000001,0.000000,0.998309
138,48,00187,lightsnow,997,1,,1.000000,0.000000,L,1.000000,1.000000,0.000002,0.000000,0.970907
138,48,00187,lightsnow,998,1,,0.998071,0.001929,L,0.998071,0.996143,0.020172,0.003857,0.235831
138,48,00187,lightsnow,999,1,,0.993844,0.006157,L,0.993844,0.987687,0.054066,0.012313,0.250227
138,48,00187,lightsnow,1082,1,,0.998747,0.001253,L,0.998747,0.997495,0.013883,0.002505,0.175708
138,48,00187,lightsnow,1083,1,,0.998752,0.001248,L,0.998752,0.997504,0.013838,0.002496,0.216835
138,48,00187,lightsnow,1084,1,,0.998860,0.001140,L,0.998860,0.997720,0.012788,0.002280,0.249613
138,48,00187,lightsnow,1085,1,,0.999074,0.000926,L,0.999074,0.998147,0.010669,0.001853,0.262963
138,48,00187,lightsnow,1086,1,,0.999953,0.000047,L,0.999953,0.999905,0.000750,0.000095,0.405980
138,48,00187,lightsnow,1087,1,,0.999053,0.000947,L,0.999053,0.998106,0.010877,0.001894,0.263862
138,48,00187,lightsnow,1088,1,,0.997817,0.002183,L,0.997817,0.995633,0.022446,0.004367,0.250167
138,48,00187,lightsnow,1089,1,,0.999043,0.000957,L,0.999043,0.998086,0.010980,0.001914,0.291910
138,48,00187,lightsnow,1172,1,,0.994561,0.005439,L,0.994561,0.989122,0.048739,0.010878,0.118267
138,48,00187,lightsnow,1173,1,,0.998688,0.001312,L,0.998688,0.997376,0.014453,0.002624,0.183972
138,48,00187,lightsnow,1174,1,,0.998695,0.001305,L,0.998695,0.997390,0.014387,0.002610,0.225507
138,48,00187,lightsnow,1175,1,,0.995254,0.004746,L,0.995254,0.990509,0.043463,0.009491,0.206950
138,48,00187,lightsnow,1176,1,,0.994811,0.005189,L,0.994811,0.989623,0.046851,0.010377,0.209741
138,48,00187,lightsnow,1177,1,,0.996220,0.003780,L,0.996220,0.992440,0.035861,0.007560,0.161267
138,48,00187,lightsnow,1178,1,,0.999184,0.000816,L,0.999184,0.998367,0.009552,0.001633,0.206227
138,48,00187,lightsnow,1179,1,,0.999152,0.000848,L,0.999152,0.998303,0.009880,0.001697,0.151308
138,48,00187,lightsnow,504,0,,0.998412,0.001588,L,0.998412,0.996824,0.017054,0.003176,0.073862
138,48,00187,lightsnow,1247,0,,0.999234,0.000766,L,0.999234,0.998468,0.009033,0.001532,0.053383
138,48,00187,lightsnow,364,0,,0.997963,0.002037,L,0.997963,0.995927,0.021142,0.004073,0.202591
138,48,00187,lightsnow,797,0,,0.999622,0.000378,L,0.999622,0.999245,0.004837,0.000755,0.052402
138,48,00187,lightsnow,1408,0,,0.998990,0.001009,L,0.998990,0.997981,0.011502,0.002019,0.064010
138,48,00187,lightsnow,1001,0,,0.995318,0.004682,L,0.995318,0.990637,0.042969,0.009363,0.172700
138,48,00187,lightsnow,542,0,,0.981659,0.018341,L,0.981659,0.963318,0.132022,0.036682,0.119633
138,48,00187,lightsnow,974,0,,0.999315,0.000685,L,0.999315,0.998631,0.008186,0.001369,0.048044
138,48,00187,lightsnow,952,0,,0.999216,0.000784,L,0.999216,0.998433,0.009216,0.001567,0.042325
138,48,00187,lightsnow,795,0,,0.999638,0.000362,L,0.999638,0.999276,0.004660,0.000724,0.053078
138,48,00187,lightsnow,220,0,,0.997206,0.002794,L,0.997206,0.994411,0.027730,0.005589,0.091413
138,48,00187,lightsnow,914,0,,0.999488,0.000512,L,0.999488,0.998976,0.006333,0.001024,0.048412
138,48,00187,lightsnow,569,0,,0.997631,0.002369,L,0.997631,0.995261,0.024078,0.004739,0.047919
138,48,00187,lightsnow,605,0,,0.998265,0.001735,L,0.998265,0.996530,0.018414,0.003470,0.085192
138,48,00187,lightsnow,1229,0,,0.999320,0.000680,L,0.999320,0.998639,0.008140,0.001361,0.051176
138,48,00187,lightsnow,623,0,,0.999678,0.000322,L,0.999678,0.999356,0.004201,0.000644,0.050370
138,48,00187,lightsnow,223,0,,0.999453,0.000547,L,0.999453,0.998907,0.006713,0.001093,0.074695
138,48,00187,lightsnow,1307,0,,0.999961,0.000039,L,0.999961,0.999922,0.000629,0.000078,0.083982
139,48,00222,lightsnow,557,1,,0.998029,0.001971,L,0.998029,0.996058,0.020556,0.003942,0.049790
139,48,00222,lightsnow,558,1,,0.998391,0.001609,L,0.998391,0.996783,0.017247,0.003217,0.042393
139,48,00222,lightsnow,642,1,,0.999054,0.000946,L,0.999054,0.998109,0.010865,0.001891,0.131502
139,48,00222,lightsnow,643,1,,0.996589,0.003411,L,0.996589,0.993177,0.032870,0.006823,0.159016
139,48,00222,lightsnow,644,1,,0.998383,0.001617,L,0.998383,0.996767,0.017321,0.003233,0.216337
139,48,00222,lightsnow,645,1,,0.999004,0.000996,L,0.999004,0.998009,0.011365,0.001991,0.219189
139,48,00222,lightsnow,646,1,,0.997645,0.002355,L,0.997645,0.995290,0.023952,0.004710,0.189934
139,48,00222,lightsnow,647,1,,0.999016,0.000984,L,0.999016,0.998033,0.011245,0.001967,0.068769
139,48,00222,lightsnow,648,1,,0.999273,0.000727,L,0.999273,0.998546,0.008627,0.001454,0.046004
139,48,00222,lightsnow,732,1,,0.999303,0.000697,L,0.999303,0.998606,0.008315,0.001394,0.210312
139,48,00222,lightsnow,733,1,,0.999705,0.000295,L,0.999705,0.999410,0.003886,0.000590,0.270268
139,48,00222,lightsnow,734,1,,1.000000,0.000000,L,1.000000,1.000000,0.000001,0.000000,0.909945
139,48,00222,lightsnow,735,1,,1.000000,0.000000,L,1.000000,1.000000,0.000000,0.000000,0.999900
139,48,00222,lightsnow,736,1,,1.000000,0.000000,L,1.000000,1.000000,0.000001,0.000000,0.856815
139,48,00222,lightsnow,737,1,,0.999397,0.000603,L,0.999397,0.998793,0.007323,0.001207,0.137771
139,48,00222,lightsnow,738,1,,0.999625,0.000374,L,0.999625,0.999251,0.004803,0.000749,0.034744
139,48,00222,lightsnow,822,1,,0.999216,0.000784,L,0.999216,0.998431,0.009223,0.001569,0.192878
139,48,00222,lightsnow,823,1,,0.999642,0.000358,L,0.999642,0.999284,0.004614,0.000716,0.234341
139,48,00222,lightsnow,824,1,,0.999997,0.000003,L,0.999997,0.999994,0.000063,0.000006,0.565355
139,48,00222,lightsnow,825,1,,1.000000,0.000000,L,1.000000,1.000000,0.000003,0.000000,0.814523
139,48,00222,lightsnow,826,1,,0.999997,0.000003,L,0.999997,0.999994,0.000058,0.000006,0.551549
139,48,00222,lightsnow,827,1,,0.998919,0.001081,L,0.998919,0.997838,0.012210,0.002162,0.064043
139,48,00222,lightsnow,828,1,,0.998956,0.001044,L,0.998956,0.997912,0.011844,0.002088,0.049001
139,48,00222,lightsnow,912,1,,0.998235,0.001765,L,0.998235,0.996470,0.018687,0.003530,0.180529
139,48,00222,lightsnow,913,1,,0.997353,0.002647,L,0.997353,0.994706,0.026476,0.005294,0.198797
139,48,00222,lightsnow,914,1,,0.994294,0.005706,L,0.994294,0.988589,0.050734,0.011411,0.204570
139,48,00222,lightsnow,915,1,,0.992492,0.007508,L,0.992492,0.984984,0.063779,0.015016,0.194340
139,48,00222,lightsnow,916,1,,0.995401,0.004599,L,0.995401,0.990802,0.042328,0.009198,0.107417
139,48,00222,lightsnow,917,1,,0.998761,0.001239,L,0.998761,0.997523,0.013748,0.002477,0.036304
139,48,00222,lightsnow,918,1,,0.999095,0.000905,L,0.999095,0.998189,0.010457,0.001811,0.027475
139,48,00222,lightsnow,1186,0,,0.999395,0.000605,L,0.999395,0.998791,0.007336,0.001209,0.029749
139,48,00222,lightsnow,466,0,,0.996756,0.003244,L,0.996756,0.993513,0.031490,0.006487,0.067740
139,48,00222,lightsnow,28,0,,0.999492,0.000508,L,0.999492,0.998984,0.006290,0.001016,0.094438
139,48,00222,lightsnow,465,0,,0.996695,0.003305,L,0.996695,0.993390,0.031999,0.006610,0.068589
139,48,00222,lightsnow,1180,0,,0.993387,0.006613,L,0.993387,0.986775,0.057388,0.013225,0.060315
139,48,00222,lightsnow,767,0,,0.999870,0.000130,L,0.999870,0.999740,0.001866,0.000260,0.051549
139,48,00222,lightsnow,1215,0,,0.997358,0.002642,L,0.997358,0.994716,0.026435,0.005284,0.081066
139,48,00222,lightsnow,300,0,,0.999400,0.000600,L,0.999400,0.998801,0.007284,0.001199,0.048500
139,48,00222,lightsnow,1391,0,,0.998928,0.001072,L,0.998928,0.997857,0.012118,0.002143,0.098754
139,48,00222,lightsnow,314,0,,0.999451,0.000549,L,0.999451,0.998901,0.006741,0.001099,0.038432
139,48,00222,lightsnow,14,0,,0.997769,0.002231,L,0.997769,0.995538,0.022868,0.004462,0.082393
139,48,00222,lightsnow,888,0,,0.999552,0.000448,L,0.999552,0.999105,0.005625,0.000895,0.050099
139,48,00222,lightsnow,371,0,,0.997278,0.002722,L,0.997278,0.994556,0.027117,0.005444,0.152983
139,48,00222,lightsnow,345,0,,0.999855,0.000145,L,0.999855,0.999711,0.002053,0.000289,0.038067
139,48,00222,lightsnow,536,0,,0.999901,0.000099,L,0.999901,0.999803,0.001456,0.000197,0.036415
139,48,00222,lightsnow,625,0,,0.999889,0.000111,L,0.999889,0.999779,0.001613,0.000221,0.037484
139,48,00222,lightsnow,275,0,,0.998879,0.001121,L,0.998879,0.997758,0.012601,0.002242,0.162128
139,48,00222,lightsnow,842,0,,0.999066,0.000934,L,0.999066,0.998132,0.010745,0.001868,0.034781
140,48,00367,lightsnow,464,1,,0.998689,0.001311,L,0.998689,0.997377,0.014446,0.002623,0.068766
140,48,00367,lightsnow,465,1,,0.997333,0.002667,L,0.997333,0.994666,0.026648,0.005334,0.102314
140,48,00367,lightsnow,466,1,,0.995295,0.004705,L,0.995295,0.990590,0.043151,0.009410,0.155979
140,48,00367,lightsnow,467,1,,0.995098,0.004902,L,0.995098,0.990197,0.044662,0.009803,0.145795
140,48,00367,lightsnow,468,1,,0.995301,0.004699,L,0.995301,0.990603,0.043099,0.009397,0.158841
140,48,00367,lightsnow,469,1,,0.998941,0.001059,L,0.998941,0.997882,0.011995,0.002118,0.069520
140,48,00367,lightsnow,470,1,,0.999579,0.000421,L,0.999579,0.999158,0.005330,0.000842,0.054335
140,48,00367,lightsnow,554,1,,0.998947,0.001053,L,0.998947,0.997894,0.011932,0.002106,0.147345
140,48,00367,lightsnow,555,1,,0.996987,0.003013,L,0.996987,0.993974,0.029572,0.006026,0.182737
140,48,00367,lightsnow,556,1,,0.997339,0.002661,L,0.997339,0.994679,0.026593,0.005321,0.207504
140,48,00367,lightsnow,557,1,,0.999846,0.000154,L,0.999846,0.999692,0.002172,0.000308,0.292994
140,48,00367,lightsnow,558,1,,0.999843,0.000157,L,0.999843,0.999685,0.002214,0.000315,0.310578
140,48,00367,lightsnow,559,1,,0.997598,0.002402,L,0.997598,0.995196,0.024363,0.004804,0.180113
140,48,00367,lightsnow,560,1,,0.999252,0.000748,L,0.999252,0.998504,0.008847,0.001496,0.091245
140,48,00367,lightsnow,644,1,,0.997884,0.002116,L,0.997884,0.995768,0.021849,0.004232,0.173714
140,48,00367,lightsnow,645,1,,0.998522,0.001478,L,0.998522,0.997045,0.016025,0.002955,0.227887
140,48,00367,lightsnow,646,1,,0.999998,0.000002,L,0.999998,0.999997,0.000033,0.000003,0.715673
140,48,00367,lightsnow,647,1,,1.000000,0.000000,L,1.000000,1.000000,0.000001,0.000000,1.000000
140,48,00367,lightsnow,648,1,,1.000000,0.000000,L,1.000000,1.000000,0.000000,0.000000,0.999767
140,48,00367,lightsnow,649,1,,0.999998,0.000002,L,0.999998,0.999996,0.000039,0.000004,0.595585
140,48,00367,lightsnow,650,1,,0.999124,0.000876,L,0.999124,0.998249,0.010157,0.001751,0.085293
140,48,00367,lightsnow,734,1,,0.997792,0.002208,L,0.997792,0.995585,0.022661,0.004415,0.157695
140,48,00367,lightsnow,735,1,,0.999157,0.000843,L,0.999157,0.998314,0.009825,0.001686,0.244968
140,48,00367,lightsnow,736,1,,0.999765,0.000235,L,0.999765,0.999530,0.003170,0.000470,0.341919
140,48,00367,lightsnow,737,1,,0.999994,0.000006,L,0.999994,0.999989,0.000107,0.000011,0.650723
140,48,00367,lightsnow,738,1,,0.999994,0.000006,L,0.999994,0.999988,0.000110,0.000012,0.558523
140,48,00367,lightsnow,739,1,,0.999104,0.000896,L,0.999104,0.998209,0.010359,0.001791,0.141277
140,48,00367,lightsnow,740,1,,0.998928,0.001072,L,0.998928,0.997855,0.012126,0.002145,0.057189
140,48,00367,lightsnow,824,1,,0.991677,0.008323,L,0.991677,0.983354,0.069458,0.016646,0.053870
140,48,00367,lightsnow,825,1,,0.994537,0.005463,L,0.994537,0.989073,0.048923,0.010927,0.122938
140,48,00367,lightsnow,826,1,,0.995756,0.004244,L,0.995756,0.991513,0.039551,0.008487,0.168806
140,48,00367,lightsnow,827,1,,0.991770,0.008230,L,0.991770,0.983539,0.068819,0.016461,0.166260
140,48,00367,lightsnow,828,1,,0.991690,0.008310,L,0.991690,0.983380,0.069369,0.016620,0.111842
140,48,00367,lightsnow,829,1,,0.996944,0.003056,L,0.996944,0.993888,0.029934,0.006112,0.058680
140,48,00367,lightsnow,830,1,,0.998471,0.001529,L,0.998471,0.996942,0.016506,0.003058,0.051678
140,48,00367,lightsnow,683,0,,0.998378,0.001622,L,0.998378,0.996757,0.017367,0.003243,0.049850
140,48,00367,lightsnow,298,0,,0.999925,0.000075,L,0.999925,0.999850,0.001135,0.000150,0.061404
140,48,00367,lightsnow,1096,0,,0.999248,0.000752,L,0.999248,0.998496,0.008885,0.001504,0.027115
140,48,00367,lightsnow,1107,0,,0.998745,0.001255,L,0.998745,0.997489,0.013908,0.002511,0.051207
140,48,00367,lightsnow,295,0,,0.997431,0.002569,L,0.997431,0.994862,0.025808,0.005138,0.063495
140,48,00367,lightsnow,385,0,,0.999521,0.000479,L,0.999521,0.999041,0.005977,0.000959,0.051326
140,48,00367,lightsnow,845,0,,0.999040,0.000960,L,0.999040,0.998080,0.011007,0.001920,0.036149
140,48,00367,lightsnow,891,0,,0.999519,0.000481,L,0.999519,0.999038,0.005997,0.000962,0.051756
140,48,00367,lightsnow,996,0,,0.998850,0.001150,L,0.998850,0.997700,0.012885,0.002300,0.063027
140,48,00367,lightsnow,881,0,,0.999501,0.000499,L,0.999501,0.999001,0.006198,0.000999,0.048537
140,48,00367,lightsnow,1195,0,,0.999494,0.000506,L,0.999494,0.998988,0.006270,0.001012,0.064333
140,48,00367,lightsnow,693,0,,0.999398,0.000602,L,0.999398,0.998796,0.007311,0.001204,0.054029
140,48,00367,lightsnow,244,0,,0.999833,0.000167,L,0.999833,0.999665,0.002341,0.000335,0.041915
140,48,00367,lightsnow,1178,0,,0.994619,0.005381,L,0.994619,0.989239,0.048301,0.010761,0.066541
140,48,00367,lightsnow,1306,0,,0.997258,0.002743,L,0.997258,0.994515,0.027291,0.005485,0.064398
140,48,00367,lightsnow,581,0,,0.999856,0.000144,L,0.999856,0.999711,0.002051,0.000289,0.040988
140,48,00367,lightsnow,92,0,,0.998101,0.001899,L,0.998101,0.996202,0.019907,0.003798,0.095370
140,48,00367,lightsnow,625,0,,0.999853,0.000147,L,0.999853,0.999707,0.002080,0.000293,0.087194
141,48,00402,lightsnow,468,1,,0.998878,0.001122,L,0.998878,0.997757,0.012611,0.002243,0.065948
141,48,00402,lightsnow,469,1,,0.997717,0.002283,L,0.997717,0.995434,0.023321,0.004566,0.086021
141,48,00402,lightsnow,470,1,,0.994711,0.005289,L,0.994711,0.989422,0.047608,0.010578,0.103640
141,48,00402,lightsnow,471,1,,0.996830,0.003170,L,0.996830,0.993661,0.030879,0.006339,0.091893
141,48,00402,lightsnow,472,1,,0.997935,0.002065,L,0.997935,0.995869,0.021399,0.004131,0.101080
141,48,00402,lightsnow,473,1,,0.999553,0.000447,L,0.999553,0.999106,0.005618,0.000894,0.071156
141,48,00402,lightsnow,474,1,,0.999649,0.000351,L,0.999649,0.999298,0.004534,0.000702,0.068343
141,48,00402,lightsnow,558,1,,0.999507,0.000493,L,0.999507,0.999014,0.006125,0.000986,0.131180
141,48,00402,lightsnow,559,1,,0.998139,0.001861,L,0.998139,0.996277,0.019564,0.003723,0.134115
141,48,00402,lightsnow,560,1,,0.997463,0.002537,L,0.997463,0.994926,0.025533,0.005074,0.171184
141,48,00402,lightsnow,561,1,,0.999125,0.000875,L,0.999125,0.998251,0.010147,0.001749,0.178827
141,48,00402,lightsnow,562,1,,0.998459,0.001541,L,0.998459,0.996917,0.016621,0.003083,0.201621
141,48,00402,lightsnow,563,1,,0.998718,0.001282,L,0.998718,0.997436,0.014165,0.002564,0.109433
141,48,00402,lightsnow,564,1,,0.999528,0.000472,L,0.999528,0.999056,0.005895,0.000944,0.070912
141,48,00402,lightsnow,648,1,,0.999747,0.000253,L,0.999747,0.999494,0.003390,0.000506,0.191446
141,48,00402,lightsnow,649,1,,0.999217,0.000783,L,0.999217,0.998434,0.009210,0.001566,0.218096
141,48,00402,lightsnow,650,1,,1.000000,0.000000,L,1.000000,1.000000,0.000004,0.000000,0.781954
141,48,00402,lightsnow,651,1,,1.000000,0.000000,L,1.000000,1.000000,0.000000,0.000000,0.999901
141,48,00402,lightsnow,652,1,,1.000000,0.000000,L,1.000000,1.000000,0.000000,0.000000,0.994280
141,48,00402,lightsnow,653,1,,0.999988,0.000012,L,0.999988,0.999976,0.000213,0.000024,0.544862
141,48,00402,lightsnow,654,1,,0.999307,0.000693,L,0.999307,0.998615,0.008268,0.001385,0.114853
141,48,00402,lightsnow,738,1,,0.999373,0.000627,L,0.999373,0.998746,0.007578,0.001254,0.201569
141,48,00402,lightsnow,739,1,,0.999258,0.000742,L,0.999258,0.998515,0.008788,0.001485,0.248391
141,48,00402,lightsnow,740,1,,0.999938,0.000061,L,0.999938,0.999877,0.000949,0.000123,0.457446
141,48,00402,lightsnow,741,1,,1.000000,0.000000,L,1.000000,0.999999,0.000008,0.000001,0.903758
141,48,00402,lightsnow,742,1,,0.999998,0.000002,L,0.999998,0.999996,0.000037,0.000004,0.731552
141,48,00402,lightsnow,743,1,,0.999569,0.000431,L,0.999569,0.999137,0.005444,0.000863,0.257701
141,48,00402,lightsnow,744,1,,0.998860,0.001140,L,0.998860,0.997721,0.012785,0.002279,0.099194
141,48,00402,lightsnow,828,1,,0.998087,0.001913,L,0.998087,0.996175,0.020028,0.003825,0.088991
141,48,00402,lightsnow,829,1,,0.999342,0.000658,L,0.999342,0.998685,0.007900,0.001315,0.183057
141,48,00402,lightsnow,830,1,,0.994950,0.005050,L,0.994950,0.989900,0.045797,0.010100,0.175989
141,48,00402,lightsnow,831,1,,0.994247,0.005753,L,0.994247,0.988493,0.051090,0.011507,0.182727
141,48,00402,lightsnow,832,1,,0.993440,0.006560,L,0.993440,0.986879,0.057009,0.013121,0.118861
141,48,00402,lightsnow,833,1,,0.997719,0.002281,L,0.997719,0.995438,0.023308,0.004562,0.065069
141,48,00402,lightsnow,834,1,,0.998473,0.001526,L,0.998473,0.996947,0.016482,0.003053,0.057168
141,48,00402,lightsnow,1198,0,,0.999982,0.000018,L,0.999982,0.999963,0.000317,0.000037,0.073683
141,48,00402,lightsnow,457,0,,0.999543,0.000457,L,0.999543,0.999085,0.005733,0.000915,0.030908
141,48,00402,lightsnow,1000,0,,0.999134,0.000866,L,0.999134,0.998268,0.010057,0.001732,0.036152
141,48,00402,lightsnow,555,0,,0.998702,0.001298,L,0.998702,0.997404,0.014318,0.002596,0.046281
141,48,00402,lightsnow,620,0,,0.999736,0.000264,L,0.999736,0.999472,0.003520,0.000528,0.060715
141,48,00402,lightsnow,142,0,,0.999799,0.000201,L,0.999799,0.999598,0.002760,0.000402,0.055597
141,48,00402,lightsnow,884,0,,0.999200,0.000800,L,0.999200,0.998401,0.009380,0.001599,0.046965
141,48,00402,lightsnow,144,0,,0.999628,0.000372,L,0.999628,0.999256,0.004774,0.000744,0.071069
141,48,00402,lightsnow,1433,0,,0.999105,0.000895,L,0.999105,0.998211,0.010349,0.001789,0.065469
141,48,00402,lightsnow,924,0,,0.998845,0.001155,L,0.998845,0.997690,0.012937,0.002310,0.046938
141,48,00402,lightsnow,462,0,,0.999240,0.000760,L,0.999240,0.998481,0.008967,0.001519,0.036406
141,48,00402,lightsnow,487,0,,0.999791,0.000209,L,0.999791,0.999581,0.002862,0.000419,0.053904
141,48,00402,lightsnow,584,0,,0.999772,0.000228,L,0.999772,0.999544,0.003085,0.000456,0.038927
141,48,00402,lightsnow,316,0,,0.999846,0.000154,L,0.999846,0.999692,0.002171,0.000308,0.039090
141,48,00402,lightsnow,791,0,,0.999492,0.000508,L,0.999492,0.998985,0.006287,0.001015,0.043260
141,48,00402,lightsnow,1063,0,,0.998960,0.001040,L,0.998960,0.997920,0.011805,0.002080,0.043799
141,48,00402,lightsnow,65,0,,0.999818,0.000182,L,0.999818,0.999636,0.002522,0.000364,0.057645
141,48,00402,lightsnow,135,0,,0.999698,0.000302,L,0.999698,0.999396,0.003968,0.000604,0.057684
142,48,00437,lightsnow,739,1,,0.998576,0.001424,L,0.998576,0.997152,0.015517,0.002848,0.245383
142,48,00437,lightsnow,648,1,,1.000000,0.000000,L,1.000000,1.000000,0.000001,0.000000,0.848855
142,48,00437,lightsnow,471,1,,0.999519,0.000481,L,0.999519,0.999039,0.005990,0.000961,0.074968
142,48,00437,lightsnow,467,1,,0.997438,0.002562,L,0.997438,0.994876,0.025746,0.005124,0.092023
142,48,00437,lightsnow,831,1,,0.998966,0.001034,L,0.998966,0.997933,0.011743,0.002067,0.044752
142,48,00437,lightsnow,829,1,,0.990212,0.009788,L,0.990212,0.980424,0.079383,0.019576,0.126991
142,48,00437,lightsnow,556,1,,0.998540,0.001460,L,0.998540,0.997079,0.015860,0.002921,0.144711
142,48,00437,lightsnow,651,1,,0.999074,0.000926,L,0.999074,0.998149,0.010661,0.001851,0.136690
142,48,00437,lightsnow,557,1,,0.999115,0.000885,L,0.999115,0.998230,0.010250,0.001770,0.167600
142,48,00437,lightsnow,736,1,,0.998735,0.001265,L,0.998735,0.997471,0.013999,0.002529,0.123828
142,48,00437,lightsnow,826,1,,0.993615,0.006385,L,0.993615,0.987229,0.055738,0.012771,0.043087
142,48,00437,lightsnow,832,1,,0.999060,0.000940,L,0.999060,0.998120,0.010807,0.001880,0.062700
142,48,00437,lightsnow,465,1,,0.999391,0.000609,L,0.999391,0.998782,0.007384,0.001218,0.076322
142,48,00437,lightsnow,647,1,,0.999992,0.000008,L,0.999992,0.999985,0.000142,0.000015,0.432055
142,48,00437,lightsnow,742,1,,0.998923,0.001077,L,0.998923,0.997846,0.012171,0.002154,0.057070
142,48,00437,lightsnow,650,1,,0.999996,0.000004,L,0.999996,0.999992,0.000078,0.000008,0.644903
142,48,00437,lightsnow,470,1,,0.997523,0.002477,L,0.997523,0.995047,0.025011,0.004953,0.170732
142,48,00437,lightsnow,738,1,,0.998548,0.001452,L,0.998548,0.997095,0.015786,0.002905,0.228720
142,48,00437,lightsnow,741,1,,0.998816,0.001184,L,0.998816,0.997633,0.013213,0.002367,0.060799
142,48,00437,lightsnow,560,1,,0.999948,0.000052,L,0.999948,0.999895,0.000820,0.000105,0.477491
142,48,00437,lightsnow,652,1,,0.999213,0.000786,L,0.999213,0.998427,0.009245,0.001573,0.059878
142,48,00437,lightsnow,559,1,,1.000000,0.000000,L,1.000000,1.000000,0.000001,0.000000,0.746799
142,48,00437,lightsnow,472,1,,0.999570,0.000430,L,0.999570,0.999139,0.005432,0.000861,0.102865
142,48,00437,lightsnow,830,1,,0.997029,0.002971,L,0.997029,0.994057,0.029223,0.005943,0.066707
142,48,00437,lightsnow,561,1,,0.999196,0.000804,L,0.999196,0.998391,0.009430,0.001609,0.121965
142,48,00437,lightsnow,649,1,,1.000000,0.000000,L,1.000000,1.000000,0.000000,0.000000,0.990540
142,48,00437,lightsnow,466,1,,0.998760,0.001240,L,0.998760,0.997520,0.013758,0.002480,0.068754
142,48,00437,lightsnow,735,1,,0.997168,0.002832,L,0.997168,0.994336,0.028050,0.005664,0.055672
142,48,00437,lightsnow,562,1,,0.999350,0.000650,L,0.999350,0.998699,0.007823,0.001301,0.089311
142,48,00437,lightsnow,737,1,,0.998884,0.001116,L,0.998884,0.997768,0.012555,0.002232,0.187220
142,48,00437,lightsnow,740,1,,0.996965,0.003035,L,0.996965,0.993930,0.029758,0.006070,0.156024
142,48,00437,lightsnow,468,1,,0.996564,0.003436,L,0.996564,0.993128,0.033073,0.006872,0.161020
142,48,00437,lightsnow,558,1,,1.000000,0.000000,L,1.000000,1.000000,0.000002,0.000000,0.681858
142,48,00437,lightsnow,825,1,,0.991946,0.008054,L,0.991946,0.983891,0.067599,0.016109,0.044377
142,48,00437,lightsnow,555,1,,0.999581,0.000419,L,0.999581,0.999163,0.005303,0.000837,0.095722
142,48,00437,lightsnow,827,1,,0.994674,0.005326,L,0.994674,0.989348,0.047889,0.010652,0.104629
142,48,00437,lightsnow,912,0,,0.999261,0.000739,L,0.999261,0.998522,0.008752,0.001478,0.030688
142,48,00437,lightsnow,575,0,,0.999720,0.000280,L,0.999720,0.999439,0.003712,0.000561,0.052836
142,48,00437,lightsnow,1416,0,,0.999090,0.000910,L,0.999090,0.998179,0.010508,0.001821,0.052604
142,48,00437,lightsnow,162,0,,0.999760,0.000240,L,0.999760,0.999520,0.003233,0.000480,0.068304
142,48,00437,lightsnow,622,0,,0.999729,0.000271,L,0.999729,0.999457,0.003605,0.000543,0.050482
142,48,00437,lightsnow,930,0,,0.998871,0.001129,L,0.998871,0.997743,0.012678,0.002257,0.052092
142,48,00437,lightsnow,77,0,,0.999787,0.000213,L,0.999787,0.999575,0.002901,0.000425,0.078111
142,48,00437,lightsnow,586,0,,0.999797,0.000203,L,0.999797,0.999593,0.002789,0.000407,0.051839
142,48,00437,lightsnow,836,0,,0.998820,0.001180,L,0.998820,0.997639,0.013184,0.002361,0.050635
142,48,00437,lightsnow,684,0,,0.998228,0.001772,L,0.998228,0.996456,0.018752,0.003544,0.101315
142,48,00437,lightsnow,658,0,,0.999687,0.000313,L,0.999687,0.999375,0.004091,0.000625,0.050392
142,48,00437,lightsnow,298,0,,0.999367,0.000633,L,0.999367,0.998735,0.007635,0.001265,0.069955
142,48,00437,lightsnow,1023,0,,0.999094,0.000906,L,0.999094,0.998188,0.010462,0.001812,0.048724
142,48,00437,lightsnow,704,0,,0.999523,0.000477,L,0.999523,0.999045,0.005955,0.000955,0.049538
142,48,00437,lightsnow,628,0,,0.999807,0.000193,L,0.999807,0.999615,0.002657,0.000385,0.052444
142,48,00437,lightsnow,513,0,,0.999472,0.000528,L,0.999472,0.998944,0.006508,0.001056,0.030033
142,48,00437,lightsnow,348,0,,0.999818,0.000183,L,0.999818,0.999635,0.002530,0.000365,0.052407
142,48,00437,lightsnow,929,0,,0.998903,0.001097,L,0.998903,0.997805,0.012371,0.002195,0.052348
143,49,00593,lightsnow,1173,1,,0.999015,0.000985,L,0.999015,0.998029,0.011262,0.001971,0.102850
143,49,00593,lightsnow,1174,1,,0.999199,0.000801,L,0.999199,0.998399,0.009389,0.001601,0.113258
143,49,00593,lightsnow,1175,1,,0.999342,0.000658,L,0.999342,0.998684,0.007904,0.001316,0.156807
143,49,00593,lightsnow,1263,1,,0.999866,0.000134,L,0.999866,0.999733,0.001913,0.000267,0.150488
143,49,00593,lightsnow,1264,1,,0.999894,0.000106,L,0.999894,0.999789,0.001549,0.000211,0.206801
143,49,00593,lightsnow,1265,1,,0.999956,0.000044,L,0.999956,0.999912,0.000698,0.000088,0.280932
143,49,00593,lightsnow,1266,1,,0.999730,0.000270,L,0.999730,0.999461,0.003586,0.000539,0.254481
143,49,00593,lightsnow,1267,1,,0.999400,0.000600,L,0.999400,0.998800,0.007287,0.001200,0.261790
143,49,00593,lightsnow,1268,1,,0.998853,0.001147,L,0.998853,0.997706,0.012858,0.002294,0.225481
143,49,00593,lightsnow,1269,1,,0.999411,0.000589,L,0.999411,0.998822,0.007167,0.001178,0.197728
143,49,00593,lightsnow,1353,1,,0.999943,0.000057,L,0.999943,0.999886,0.000890,0.000114,0.160260
143,49,00593,lightsnow,1354,1,,0.999991,0.000009,L,0.999991,0.999982,0.000166,0.000018,0.424039
143,49,00593,lightsnow,1355,1,,0.999989,0.000011,L,0.999989,0.999978,0.000199,0.000022,0.429265
143,49,00593,lightsnow,1356,1,,0.999920,0.000080,L,0.999920,0.999840,0.001204,0.000160,0.305945
143,49,00593,lightsnow,1357,1,,0.999107,0.000893,L,0.999107,0.998213,0.010336,0.001787,0.220298
143,49,00593,lightsnow,1358,1,,0.993329,0.006671,L,0.993329,0.986657,0.057812,0.013343,0.208591
143,49,00593,lightsnow,1359,1,,0.997895,0.002105,L,0.997895,0.995790,0.021751,0.004210,0.168331
143,49,00593,lightsnow,901,0,,0.999438,0.000562,L,0.999438,0.998876,0.006880,0.001124,0.076395
143,49,00593,lightsnow,542,0,,0.998110,0.001890,L,0.998110,0.996221,0.019820,0.003779,0.073761
143,49,00593,lightsnow,1220,0,,0.999284,0.000716,L,0.999284,0.998568,0.008513,0.001432,0.037551
143,49,00593,lightsnow,1326,0,,0.999312,0.000688,L,0.999312,0.998624,0.008222,0.001376,0.051155
143,49,00593,lightsnow,225,0,,0.999971,0.000029,L,0.999971,0.999942,0.000477,0.000058,0.051862
143,49,00593,lightsnow,1332,0,,0.999312,0.000688,L,0.999312,0.998624,0.008222,0.001376,0.051155
143,49,00593,lightsnow,1250,0,,0.999186,0.000814,L,0.999186,0.998371,0.009531,0.001629,0.053389
143,49,00593,lightsnow,399,0,,0.999597,0.000403,L,0.999597,0.999194,0.005126,0.000806,0.050311
143,49,00593,lightsnow,378,0,,0.998556,0.001444,L,0.998556,0.997112,0.015708,0.002888,0.115166
143,49,00593,lightsnow,788,0,,0.999578,0.000422,L,0.999578,0.999157,0.005336,0.000843,0.050380
143,49,00593,lightsnow,1398,0,,0.999176,0.000824,L,0.999176,0.998352,0.009627,0.001648,0.049353
143,49,00593,lightsnow,375,0,,0.998380,0.001620,L,0.998380,0.996760,0.017352,0.003240,0.102648
143,49,00593,lightsnow,246,0,,0.999832,0.000168,L,0.999832,0.999663,0.002354,0.000337,0.054259
143,49,00593,lightsnow,253,0,,0.999832,0.000168,L,0.999832,0.999663,0.002354,0.000337,0.054259
143,49,00593,lightsnow,42,0,,0.999415,0.000585,L,0.999415,0.998831,0.007123,0.001169,0.061020
143,49,00593,lightsnow,4,0,,0.996217,0.003783,L,0.996217,0.992434,0.035888,0.007566,0.103315
143,49,00593,lightsnow,1270,0,,0.999392,0.000608,L,0.999392,0.998785,0.007369,0.001215,0.106101
143,49,00593,lightsnow,758,0,,0.999679,0.000321,L,0.999679,0.999359,0.004183,0.000641,0.043087
144,46,00155,heavysnow,548,1,,0.995884,0.004116,L,0.995884,0.991768,0.038542,0.008232,0.147335
144,46,00155,heavysnow,549,1,,0.996119,0.003881,L,0.996119,0.992238,0.036674,0.007762,0.150674
144,46,00155,heavysnow,550,1,,0.992336,0.007664,L,0.992336,0.984672,0.064873,0.015328,0.189859
144,46,00155,heavysnow,551,1,,0.992813,0.007187,L,0.992813,0.985627,0.061504,0.014373,0.163510
144,46,00155,heavysnow,552,1,,0.997173,0.002827,L,0.997173,0.994345,0.028010,0.005655,0.107900
144,46,00155,heavysnow,553,1,,0.999279,0.000721,L,0.999279,0.998558,0.008564,0.001442,0.073461
144,46,00155,heavysnow,554,1,,0.999470,0.000530,L,0.999470,0.998940,0.006533,0.001060,0.098961
144,46,00155,heavysnow,638,1,,0.997162,0.002838,L,0.997162,0.994324,0.028101,0.005676,0.158449
144,46,00155,heavysnow,639,1,,0.997365,0.002635,L,0.997365,0.994730,0.026374,0.005270,0.193342
144,46,00155,heavysnow,640,1,,0.997928,0.002072,L,0.997928,0.995855,0.021461,0.004145,0.218466
144,46,00155,heavysnow,641,1,,0.998459,0.001541,L,0.998459,0.996917,0.016622,0.003083,0.261644
144,46,00155,heavysnow,642,1,,0.995617,0.004383,L,0.995617,0.991233,0.040649,0.008767,0.226474
144,46,00155,heavysnow,643,1,,0.998658,0.001342,L,0.998658,0.997316,0.014740,0.002684,0.141935
144,46,00155,heavysnow,644,1,,0.999085,0.000915,L,0.999085,0.998169,0.010558,0.001831,0.085186
144,46,00155,heavysnow,728,1,,0.998672,0.001328,L,0.998672,0.997344,0.014608,0.002656,0.236877
144,46,00155,heavysnow,729,1,,0.999960,0.000040,L,0.999960,0.999921,0.000637,0.000079,0.528154
144,46,00155,heavysnow,730,1,,0.999999,0.000001,L,0.999999,0.999998,0.000021,0.000002,0.999683
144,46,00155,heavysnow,731,1,,0.999999,0.000001,L,0.999999,0.999999,0.000014,0.000001,1.000000
144,46,00155,heavysnow,732,1,,0.999999,0.000001,L,0.999999,0.999998,0.000017,0.000002,0.999992
144,46,00155,heavysnow,733,1,,0.999618,0.000382,L,0.999618,0.999235,0.004893,0.000765,0.586167
144,46,00155,heavysnow,734,1,,0.999350,0.000650,L,0.999350,0.998700,0.007821,0.001300,0.436507
144,46,00155,heavysnow,818,1,,0.997739,0.002261,L,0.997739,0.995477,0.023132,0.004523,0.220738
144,46,00155,heavysnow,819,1,,0.999168,0.000832,L,0.999168,0.998336,0.009711,0.001664,0.302111
144,46,00155,heavysnow,820,1,,0.999539,0.000461,L,0.999539,0.999079,0.005771,0.000921,0.369043
144,46,00155,heavysnow,821,1,,0.999999,0.000001,L,0.999999,0.999997,0.000028,0.000003,0.936517
144,46,00155,heavysnow,822,1,,0.999994,0.000006,L,0.999994,0.999988,0.000112,0.000012,0.720084
144,46,00155,heavysnow,823,1,,0.998890,0.001110,L,0.998890,0.997780,0.012496,0.002220,0.374026
144,46,00155,heavysnow,824,1,,0.998800,0.001200,L,0.998800,0.997599,0.013376,0.002401,0.245932
144,46,00155,heavysnow,908,1,,0.991546,0.008454,L,0.991546,0.983092,0.070360,0.016908,0.093896
144,46,00155,heavysnow,909,1,,0.996425,0.003575,L,0.996425,0.992849,0.034208,0.007151,0.168908
144,46,00155,heavysnow,910,1,,0.992855,0.007145,L,0.992855,0.985709,0.061209,0.014291,0.188830
144,46,00155,heavysnow,911,1,,0.991127,0.008873,L,0.991127,0.982254,0.073227,0.017746,0.188371
144,46,00155,heavysnow,912,1,,0.996943,0.003057,L,0.996943,0.993886,0.029941,0.006114,0.103148
144,46,00155,heavysnow,913,1,,0.998366,0.001634,L,0.998366,0.996732,0.017482,0.003268,0.071920
144,46,00155,heavysnow,914,1,,0.998740,0.001261,L,0.998740,0.997479,0.013958,0.002521,0.037999
144,46,00155,heavysnow,314,0,,0.999858,0.000142,L,0.999858,0.999716,0.002022,0.000284,0.033458
144,46,00155,heavysnow,626,0,,0.999891,0.000109,L,0.999891,0.999782,0.001590,0.000218,0.049928
144,46,00155,heavysnow,747,0,,0.999085,0.000915,L,0.999085,0.998171,0.010551,0.001829,0.051687
144,46,00155,heavysnow,1108,0,,0.996284,0.003716,L,0.996284,0.992568,0.035346,0.007432,0.167911
144,46,00155,heavysnow,869,0,,0.999564,0.000436,L,0.999564,0.999128,0.005493,0.000872,0.032357
144,46,00155,heavysnow,610,0,,0.999551,0.000449,L,0.999551,0.999103,0.005638,0.000897,0.049809
144,46,00155,heavysnow,445,0,,0.999772,0.000228,L,0.999772,0.999543,0.003093,0.000457,0.040854
144,46,00155,heavysnow,717,0,,0.999832,0.000168,L,0.999832,0.999664,0.002347,0.000336,0.040045
144,46,00155,heavysnow,902,0,,0.998334,0.001666,L,0.998334,0.996667,0.017781,0.003333,0.065823
144,46,00155,heavysnow,309,0,,0.999856,0.000144,L,0.999856,0.999711,0.002050,0.000289,0.030891
144,46,00155,heavysnow,1437,0,,0.999386,0.000614,L,0.999386,0.998771,0.007440,0.001229,0.044883
144,46,00155,heavysnow,363,0,,0.997783,0.002217,L,0.997783,0.995567,0.022739,0.004433,0.084162
144,46,00155,heavysnow,147,0,,0.999794,0.000206,L,0.999794,0.999588,0.002821,0.000412,0.063784
144,46,00155,heavysnow,1116,0,,0.999627,0.000373,L,0.999627,0.999254,0.004786,0.000746,0.050077
144,46,00155,heavysnow,794,0,,0.999662,0.000338,L,0.999662,0.999325,0.004382,0.000675,0.029812
144,46,00155,heavysnow,871,0,,0.999538,0.000462,L,0.999538,0.999075,0.005789,0.000925,0.034975
144,46,00155,heavysnow,831,0,,0.999019,0.000981,L,0.999019,0.998039,0.011215,0.001961,0.052972
144,46,00155,heavysnow,138,0,,0.999800,0.000200,L,0.999800,0.999599,0.002750,0.000401,0.059020
145,46,00203,heavysnow,554,1,,0.999652,0.000348,L,0.999652,0.999305,0.004496,0.000695,0.110392
145,46,00203,heavysnow,555,1,,0.998589,0.001411,L,0.998589,0.997177,0.015399,0.002823,0.137311
145,46,00203,heavysnow,556,1,,0.997412,0.002588,L,0.997412,0.994825,0.025968,0.005175,0.187996
145,46,00203,heavysnow,557,1,,0.997532,0.002468,L,0.997532,0.995064,0.024934,0.004936,0.210135
145,46,00203,heavysnow,558,1,,0.998765,0.001235,L,0.998765,0.997530,0.013711,0.002470,0.230026
145,46,00203,heavysnow,559,1,,0.997040,0.002960,L,0.997040,0.994081,0.029126,0.005919,0.177358
145,46,00203,heavysnow,560,1,,0.999443,0.000557,L,0.999443,0.998886,0.006823,0.001114,0.084549
145,46,00203,heavysnow,561,1,,0.999465,0.000535,L,0.999465,0.998930,0.006586,0.001070,0.058265
145,46,00203,heavysnow,644,1,,0.999784,0.000216,L,0.999784,0.999567,0.002948,0.000433,0.182294
145,46,00203,heavysnow,645,1,,0.998984,0.001016,L,0.998984,0.997967,0.011571,0.002033,0.213151
145,46,00203,heavysnow,646,1,,0.999961,0.000039,L,0.999961,0.999921,0.000633,0.000079,0.381038
145,46,00203,heavysnow,647,1,,1.000000,0.000000,L,1.000000,1.000000,0.000001,0.000000,0.999659
145,46,00203,heavysnow,648,1,,1.000000,0.000000,L,1.000000,1.000000,0.000000,0.000000,0.999999
145,46,00203,heavysnow,649,1,,1.000000,0.000000,L,1.000000,1.000000,0.000002,0.000000,0.878469
145,46,00203,heavysnow,650,1,,0.999388,0.000612,L,0.999388,0.998776,0.007414,0.001224,0.224829
145,46,00203,heavysnow,651,1,,0.999305,0.000695,L,0.999305,0.998610,0.008295,0.001390,0.066008
145,46,00203,heavysnow,734,1,,0.999433,0.000567,L,0.999433,0.998866,0.006931,0.001134,0.164073
145,46,00203,heavysnow,735,1,,0.998715,0.001285,L,0.998715,0.997431,0.014190,0.002569,0.218630
145,46,00203,heavysnow,736,1,,0.999355,0.000645,L,0.999355,0.998711,0.007761,0.001289,0.270595
145,46,00203,heavysnow,737,1,,0.999998,0.000002,L,0.999998,0.999996,0.000043,0.000004,0.709772
145,46,00203,heavysnow,738,1,,1.000000,0.000000,L,1.000000,1.000000,0.000006,0.000000,0.842314
145,46,00203,heavysnow,739,1,,0.999998,0.000002,L,0.999998,0.999995,0.000047,0.000005,0.610935
145,46,00203,heavysnow,740,1,,0.999252,0.000748,L,0.999252,0.998505,0.008843,0.001495,0.210996
145,46,00203,heavysnow,741,1,,0.999333,0.000667,L,0.999333,0.998666,0.007997,0.001334,0.057319
145,46,00203,heavysnow,824,1,,0.991705,0.008295,L,0.991705,0.983411,0.069263,0.016589,0.059785
145,46,00203,heavysnow,825,1,,0.995869,0.004132,L,0.995869,0.991737,0.038666,0.008263,0.112623
145,46,00203,heavysnow,826,1,,0.998892,0.001108,L,0.998892,0.997783,0.012480,0.002217,0.158370
145,46,00203,heavysnow,827,1,,0.995807,0.004193,L,0.995807,0.991614,0.039152,0.008386,0.165042
145,46,00203,heavysnow,828,1,,0.996676,0.003324,L,0.996676,0.993352,0.032154,0.006648,0.114286
145,46,00203,heavysnow,829,1,,0.998369,0.001631,L,0.998369,0.996739,0.017452,0.003261,0.063549
145,46,00203,heavysnow,830,1,,0.998953,0.001047,L,0.998953,0.997906,0.011873,0.002094,0.050770
145,46,00203,heavysnow,831,1,,0.999192,0.000808,L,0.999192,0.998384,0.009468,0.001616,0.039325
145,46,00203,heavysnow,529,0,,0.999192,0.000808,L,0.999192,0.998384,0.009465,0.001616,0.052394
145,46,00203,heavysnow,257,0,,0.999832,0.000168,L,0.999832,0.999663,0.002352,0.000337,0.054260
145,46,00203,heavysnow,346,0,,0.999818,0.000182,L,0.999818,0.999636,0.002521,0.000364,0.052434
145,46,00203,heavysnow,160,0,,0.999749,0.000251,L,0.999749,0.999498,0.003365,0.000502,0.077269
145,46,00203,heavysnow,811,0,,0.999227,0.000773,L,0.999227,0.998454,0.009107,0.001546,0.068236
145,46,00203,heavysnow,1202,0,,0.997956,0.002044,L,0.997956,0.995912,0.021207,0.004088,0.123559
145,46,00203,heavysnow,590,0,,0.999508,0.000492,L,0.999508,0.999016,0.006118,0.000984,0.042007
145,46,00203,heavysnow,1342,0,,0.999236,0.000764,L,0.999236,0.998472,0.009014,0.001528,0.044202
145,46,00203,heavysnow,483,0,,0.999022,0.000978,L,0.999022,0.998044,0.011186,0.001956,0.053780
145,46,00203,heavysnow,126,0,,0.999764,0.000236,L,0.999764,0.999527,0.003190,0.000473,0.054882
145,46,00203,heavysnow,522,0,,0.999776,0.000224,L,0.999776,0.999551,0.003043,0.000449,0.052261
145,46,00203,heavysnow,197,0,,0.999765,0.000235,L,0.999765,0.999530,0.003173,0.000470,0.038250
145,46,00203,heavysnow,128,0,,0.999782,0.000218,L,0.999782,0.999564,0.002965,0.000436,0.060353
145,46,00203,heavysnow,821,0,,0.990070,0.009930,L,0.990070,0.980140,0.080329,0.019860,0.064512
145,46,00203,heavysnow,845,0,,0.998099,0.001901,L,0.998099,0.996197,0.019927,0.003803,0.067207
145,46,00203,heavysnow,1014,0,,0.997978,0.002022,L,0.997978,0.995956,0.021012,0.004044,0.041797
145,46,00203,heavysnow,397,0,,0.999381,0.000619,L,0.999381,0.998762,0.007491,0.001238,0.041153
145,46,00203,heavysnow,325,0,,0.999865,0.000135,L,0.999865,0.999731,0.001925,0.000269,0.038332
146,46,00250,heavysnow,564,1,,0.999552,0.000448,L,0.999552,0.999104,0.005629,0.000896,0.062223
146,46,00250,heavysnow,657,1,,1.000000,0.000000,L,1.000000,1.000000,0.000001,0.000000,0.619150
146,46,00250,heavysnow,927,1,,0.998626,0.001374,L,0.998626,0.997252,0.015042,0.002748,0.095637
146,46,00250,heavysnow,563,1,,0.999918,0.000082,L,0.999918,0.999836,0.001234,0.000164,0.048903
146,46,00250,heavysnow,569,1,,0.999075,0.000925,L,0.999075,0.998151,0.010652,0.001849,0.042465
146,46,00250,heavysnow,655,1,,0.999448,0.000552,L,0.999448,0.998896,0.006771,0.001104,0.127528
146,46,00250,heavysnow,656,1,,0.999999,0.000001,L,0.999999,0.999998,0.000017,0.000002,0.576008
146,46,00250,heavysnow,750,1,,0.998325,0.001675,L,0.998325,0.996650,0.017860,0.003350,0.109016
146,46,00250,heavysnow,566,1,,0.998535,0.001465,L,0.998535,0.997070,0.015907,0.002930,0.073943
146,46,00250,heavysnow,929,1,,0.997963,0.002037,L,0.997963,0.995925,0.021148,0.004075,0.076130
146,46,00250,heavysnow,567,1,,0.997598,0.002402,L,0.997598,0.995196,0.024362,0.004804,0.061301
146,46,00250,heavysnow,660,1,,0.999192,0.000808,L,0.999192,0.998384,0.009464,0.001616,0.049798
146,46,00250,heavysnow,928,1,,0.998271,0.001729,L,0.998271,0.996543,0.018353,0.003457,0.043720
146,46,00250,heavysnow,745,1,,0.999680,0.000320,L,0.999680,0.999360,0.004174,0.000640,0.226264
146,46,00250,heavysnow,744,1,,0.999502,0.000498,L,0.999502,0.999004,0.006182,0.000996,0.190469
146,46,00250,heavysnow,834,1,,0.998672,0.001328,L,0.998672,0.997343,0.014610,0.002657,0.226314
146,46,00250,heavysnow,747,1,,1.000000,0.000000,L,1.000000,1.000000,0.000001,0.000000,0.998504
146,46,00250,heavysnow,748,1,,1.000000,0.000000,L,1.000000,0.999999,0.000007,0.000001,0.771911
146,46,00250,heavysnow,743,1,,0.999995,0.000005,L,0.999995,0.999990,0.000100,0.000010,0.081725
146,46,00250,heavysnow,565,1,,0.998644,0.001356,L,0.998644,0.997289,0.014870,0.002711,0.069208
146,46,00250,heavysnow,833,1,,0.999740,0.000260,L,0.999740,0.999479,0.003475,0.000521,0.185305
146,46,00250,heavysnow,654,1,,0.999589,0.000411,L,0.999589,0.999177,0.005220,0.000823,0.122216
146,46,00250,heavysnow,746,1,,0.999999,0.000001,L,0.999999,0.999999,0.000012,0.000001,0.792063
146,46,00250,heavysnow,570,1,,0.998949,0.001052,L,0.998949,0.997897,0.011919,0.002103,0.051072
146,46,00250,heavysnow,653,1,,0.999980,0.000020,L,0.999980,0.999960,0.000343,0.000040,0.107887
146,46,00250,heavysnow,838,1,,0.998752,0.001248,L,0.998752,0.997503,0.013841,0.002497,0.246823
146,46,00250,heavysnow,839,1,,0.996939,0.003061,L,0.996939,0.993878,0.029974,0.006122,0.125237
146,46,00250,heavysnow,835,1,,0.996459,0.003541,L,0.996459,0.992918,0.033930,0.007082,0.235479
146,46,00250,heavysnow,840,1,,0.995444,0.004556,L,0.995444,0.990889,0.041993,0.009111,0.099786
146,46,00250,heavysnow,926,1,,0.998440,0.001560,L,0.998440,0.996881,0.016792,0.003119,0.066669
146,46,00250,heavysnow,836,1,,0.998280,0.001720,L,0.998280,0.996561,0.018272,0.003439,0.257292
146,46,00250,heavysnow,930,1,,0.998566,0.001434,L,0.998566,0.997132,0.015613,0.002868,0.081898
146,46,00250,heavysnow,837,1,,0.997559,0.002441,L,0.997559,0.995117,0.024704,0.004883,0.257907
146,46,00250,heavysnow,658,1,,1.000000,0.000000,L,1.000000,0.999999,0.000011,0.000001,0.454885
146,46,00250,heavysnow,659,1,,0.999288,0.000712,L,0.999288,0.998575,0.008476,0.001425,0.051174
146,46,00250,heavysnow,749,1,,0.998626,0.001375,L,0.998626,0.997251,0.015049,0.002749,0.162128
146,46,00250,heavysnow,1375,0,,0.997432,0.002568,L,0.997432,0.994865,0.025796,0.005135,0.069084
146,46,00250,heavysnow,351,0,,0.999830,0.000170,L,0.999830,0.999661,0.002368,0.000339,0.049966
146,46,00250,heavysnow,585,0,,0.999436,0.000564,L,0.999436,0.998871,0.006904,0.001129,0.034715
146,46,00250,heavysnow,1176,0,,0.999165,0.000835,L,0.999165,0.998330,0.009743,0.001670,0.037194
146,46,00250,heavysnow,146,0,,0.999774,0.000226,L,0.999774,0.999549,0.003060,0.000451,0.062499
146,46,00250,heavysnow,1277,0,,0.999458,0.000542,L,0.999458,0.998916,0.006664,0.001084,0.025799
146,46,00250,heavysnow,350,0,,0.999846,0.000154,L,0.999846,0.999692,0.002171,0.000308,0.043684
146,46,00250,heavysnow,63,0,,0.999665,0.000335,L,0.999665,0.999330,0.004350,0.000670,0.056766
146,46,00250,heavysnow,736,0,,0.999702,0.000298,L,0.999702,0.999404,0.003921,0.000596,0.024016
146,46,00250,heavysnow,615,0,,0.999752,0.000248,L,0.999752,0.999503,0.003332,0.000497,0.043488
146,46,00250,heavysnow,432,0,,0.999741,0.000258,L,0.999741,0.999483,0.003453,0.000517,0.049078
146,46,00250,heavysnow,1190,0,,0.999363,0.000637,L,0.999363,0.998726,0.007682,0.001274,0.026922
146,46,00250,heavysnow,1265,0,,0.999449,0.000551,L,0.999449,0.998898,0.006761,0.001102,0.029610
146,46,00250,heavysnow,1268,0,,0.999309,0.000691,L,0.999309,0.998619,0.008247,0.001381,0.036874
146,46,00250,heavysnow,1018,0,,0.996901,0.003099,L,0.996901,0.993802,0.030290,0.006198,0.073288
146,46,00250,heavysnow,373,0,,0.999892,0.000108,L,0.999892,0.999784,0.001579,0.000216,0.022736
146,46,00250,heavysnow,635,0,,0.999369,0.000631,L,0.999369,0.998738,0.007619,0.001262,0.065593
146,46,00250,heavysnow,1415,0,,0.999128,0.000872,L,0.999128,0.998257,0.010117,0.001743,0.060302
147,46,00298,heavysnow,562,1,,0.999925,0.000075,L,0.999925,0.999849,0.001142,0.000151,0.079305
147,46,00298,heavysnow,563,1,,0.998561,0.001439,L,0.998561,0.997123,0.015656,0.002877,0.064414
147,46,00298,heavysnow,564,1,,0.999295,0.000705,L,0.999295,0.998591,0.008395,0.001409,0.056168
147,46,00298,heavysnow,565,1,,0.999619,0.000381,L,0.999619,0.999239,0.004873,0.000761,0.044066
147,46,00298,heavysnow,566,1,,0.998955,0.001045,L,0.998955,0.997910,0.011856,0.002090,0.068197
147,46,00298,heavysnow,567,1,,0.998921,0.001079,L,0.998921,0.997842,0.012193,0.002158,0.050526
147,46,00298,heavysnow,568,1,,0.998920,0.001080,L,0.998920,0.997841,0.012196,0.002159,0.074651
147,46,00298,heavysnow,569,1,,0.999120,0.000880,L,0.999120,0.998240,0.010202,0.001760,0.056470
147,46,00298,heavysnow,652,1,,0.999943,0.000057,L,0.999943,0.999886,0.000884,0.000114,0.102854
147,46,00298,heavysnow,653,1,,0.998286,0.001714,L,0.998286,0.996572,0.018220,0.003428,0.073901
147,46,00298,heavysnow,654,1,,0.999968,0.000032,L,0.999968,0.999936,0.000527,0.000064,0.080144
147,46,00298,heavysnow,655,1,,1.000000,0.000000,L,1.000000,1.000000,0.000004,0.000000,0.504323
147,46,00298,heavysnow,656,1,,1.000000,0.000000,L,1.000000,1.000000,0.000003,0.000000,0.540628
147,46,00298,heavysnow,657,1,,0.999885,0.000115,L,0.999885,0.999770,0.001668,0.000230,0.064534
147,46,00298,heavysnow,658,1,,0.998888,0.001112,L,0.998888,0.997777,0.012511,0.002223,0.056941
147,46,00298,heavysnow,659,1,,0.999125,0.000875,L,0.999125,0.998250,0.010149,0.001750,0.048234
147,46,00298,heavysnow,742,1,,0.997918,0.002082,L,0.997918,0.995836,0.021545,0.004164,0.093045
147,46,00298,heavysnow,743,1,,0.998725,0.001275,L,0.998725,0.997450,0.014099,0.002550,0.095151
147,46,00298,heavysnow,744,1,,0.999914,0.000086,L,0.999914,0.999828,0.001287,0.000172,0.083110
147,46,00298,heavysnow,745,1,,1.000000,0.000000,L,1.000000,0.999999,0.000007,0.000001,0.691674
147,46,00298,heavysnow,746,1,,1.000000,0.000000,L,1.000000,1.000000,0.000005,0.000000,0.846887
147,46,00298,heavysnow,747,1,,0.999747,0.000253,L,0.999747,0.999494,0.003389,0.000506,0.207290
147,46,00298,heavysnow,748,1,,0.998752,0.001248,L,0.998752,0.997504,0.013839,0.002496,0.224839
147,46,00298,heavysnow,749,1,,0.999019,0.000981,L,0.999019,0.998038,0.011220,0.001962,0.090801
147,46,00298,heavysnow,832,1,,0.993476,0.006524,L,0.993476,0.986952,0.056745,0.013048,0.072486
147,46,00298,heavysnow,833,1,,0.994644,0.005356,L,0.994644,0.989288,0.048114,0.010712,0.077359
147,46,00298,heavysnow,834,1,,0.993861,0.006139,L,0.993861,0.987723,0.053934,0.012277,0.082835
147,46,00298,heavysnow,835,1,,0.998332,0.001668,L,0.998332,0.996663,0.017800,0.003337,0.064746
147,46,00298,heavysnow,836,1,,0.997808,0.002192,L,0.997808,0.995616,0.022522,0.004384,0.075116
147,46,00298,heavysnow,837,1,,0.998762,0.001238,L,0.998762,0.997525,0.013739,0.002475,0.057934
147,46,00298,heavysnow,838,1,,0.998541,0.001459,L,0.998541,0.997081,0.015851,0.002919,0.077272
147,46,00298,heavysnow,839,1,,0.999128,0.000872,L,0.999128,0.998256,0.010122,0.001744,0.057647
147,46,00298,heavysnow,1426,0,,0.999038,0.000962,L,0.999038,0.998075,0.011032,0.001925,0.047070
147,46,00298,heavysnow,982,0,,0.999253,0.000747,L,0.999253,0.998506,0.008835,0.001494,0.027816
147,46,00298,heavysnow,68,0,,0.999815,0.000185,L,0.999815,0.999631,0.002558,0.000369,0.064793
147,46,00298,heavysnow,1007,0,,0.998478,0.001522,L,0.998478,0.996957,0.016436,0.003043,0.110118
147,46,00298,heavysnow,340,0,,0.999812,0.000188,L,0.999812,0.999624,0.002596,0.000376,0.067768
147,46,00298,heavysnow,92,0,,0.997907,0.002093,L,0.997907,0.995813,0.021648,0.004187,0.081527
147,46,00298,heavysnow,367,0,,0.998509,0.001491,L,0.998509,0.997019,0.016146,0.002981,0.033321
147,46,00298,heavysnow,255,0,,0.999806,0.000194,L,0.999806,0.999612,0.002674,0.000388,0.069198
147,46,00298,heavysnow,579,0,,0.999742,0.000258,L,0.999742,0.999484,0.003450,0.000516,0.041557
147,46,00298,heavysnow,959,0,,0.998826,0.001174,L,0.998826,0.997652,0.013122,0.002348,0.062032
147,46,00298,heavysnow,587,0,,0.999764,0.000236,L,0.999764,0.999528,0.003183,0.000472,0.033090
147,46,00298,heavysnow,844,0,,0.999477,0.000523,L,0.999477,0.998954,0.006454,0.001046,0.044288
147,46,00298,heavysnow,286,0,,0.994719,0.005281,L,0.994719,0.989439,0.047547,0.010561,0.210007
147,46,00298,heavysnow,419,0,,0.999735,0.000265,L,0.999735,0.999469,0.003536,0.000531,0.069494
147,46,00298,heavysnow,517,0,,0.999799,0.000201,L,0.999799,0.999597,0.002762,0.000403,0.043370
147,46,00298,heavysnow,1195,0,,0.997159,0.002841,L,0.997159,0.994317,0.028128,0.005683,0.085521
147,46,00298,heavysnow,660,0,,0.999186,0.000814,L,0.999186,0.998373,0.009524,0.001627,0.049878
147,46,00298,heavysnow,1295,0,,0.999241,0.000759,L,0.999241,0.998482,0.008963,0.001518,0.055614
148,54,00162,heavysnow,439,1,,0.999354,0.000646,L,0.999354,0.998707,0.007781,0.001293,0.069357
148,54,00162,heavysnow,1196,1,,1.000000,0.000000,L,1.000000,1.000000,0.000003,0.000000,0.782108
148,54,00162,heavysnow,705,1,,0.999125,0.000875,L,0.999125,0.998250,0.010152,0.001750,0.084013
148,54,00162,heavysnow,525,1,,0.999378,0.000622,L,0.999378,0.998756,0.007521,0.001244,0.127545
148,54,00162,heavysnow,708,1,,0.999915,0.000085,L,0.999915,0.999830,0.001269,0.000170,0.333622
148,54,00162,heavysnow,797,1,,0.999069,0.000931,L,0.999069,0.998137,0.010720,0.001863,0.160846
148,54,00162,heavysnow,524,1,,0.999983,0.000017,L,0.999983,0.999965,0.000298,0.000035,0.110650
148,54,00162,heavysnow,1103,1,,0.998727,0.001273,L,0.998727,0.997453,0.014083,0.002547,0.208589
148,54,00162,heavysnow,1281,1,,0.999881,0.000119,L,0.999881,0.999762,0.001721,0.000238,0.162995
148,54,00162,heavysnow,437,1,,0.999905,0.000095,L,0.999905,0.999809,0.001413,0.000191,0.103972
148,54,00162,heavysnow,1197,1,,0.999062,0.000938,L,0.999062,0.998124,0.010788,0.001876,0.202548
148,54,00162,heavysnow,1195,1,,1.000000,0.000000,L,1.000000,1.000000,0.000000,0.000000,0.985944
148,54,00162,heavysnow,1288,1,,0.999338,0.000662,L,0.999338,0.998675,0.007949,0.001325,0.060979
148,54,00162,heavysnow,1287,1,,0.998086,0.001914,L,0.998086,0.996171,0.020045,0.003829,0.118882
148,54,00162,heavysnow,796,1,,0.998400,0.001600,L,0.998400,0.996801,0.017164,0.003199,0.078834
148,54,00162,heavysnow,1105,1,,0.998973,0.001027,L,0.998973,0.997947,0.011673,0.002053,0.257669
148,54,00162,heavysnow,1377,1,,0.995444,0.004556,L,0.995444,0.990888,0.041993,0.009112,0.079875
148,54,00162,heavysnow,619,1,,0.999999,0.000001,L,0.999999,0.999998,0.000019,0.000002,0.485631
148,54,00162,heavysnow,1108,1,,0.999448,0.000552,L,0.999448,0.998896,0.006770,0.001104,0.056912
148,54,00162,heavysnow,1376,1,,0.995710,0.004290,L,0.995710,0.991419,0.039918,0.008581,0.160218
148,54,00162,heavysnow,620,1,,0.999744,0.000256,L,0.999744,0.999488,0.003421,0.000512,0.044853
148,54,00162,heavysnow,704,1,,0.999774,0.000226,L,0.999774,0.999548,0.003063,0.000452,0.050268
148,54,00162,heavysnow,1375,1,,0.998001,0.001999,L,0.998001,0.996003,0.020802,0.003997,0.201147
148,54,00162,heavysnow,1198,1,,0.999738,0.000262,L,0.999738,0.999476,0.003496,0.000524,0.054555
148,54,00162,heavysnow,530,1,,0.999708,0.000292,L,0.999708,0.999417,0.003844,0.000583,0.047359
148,54,00162,heavysnow,615,1,,0.999636,0.000364,L,0.999636,0.999272,0.004683,0.000728,0.098933
148,54,00162,heavysnow,527,1,,1.000000,0.000000,L,1.000000,1.000000,0.000002,0.000000,0.591124
148,54,00162,heavysnow,1106,1,,0.998921,0.001079,L,0.998921,0.997842,0.012190,0.002158,0.232937
148,54,00162,heavysnow,801,1,,0.999636,0.000364,L,0.999636,0.999273,0.004678,0.000727,0.039857
148,54,00162,heavysnow,1193,1,,0.999384,0.000616,L,0.999384,0.998768,0.007458,0.001232,0.241811
148,54,00162,heavysnow,1371,1,,0.999736,0.000264,L,0.999736,0.999472,0.003518,0.000528,0.122775
148,54,00162,heavysnow,711,1,,0.999739,0.000261,L,0.999739,0.999478,0.003482,0.000522,0.032252
148,54,00162,heavysnow,528,1,,1.000000,0.000000,L,1.000000,1.000000,0.000001,0.000000,0.580971
148,54,00162,heavysnow,436,1,,0.999713,0.000287,L,0.999713,0.999425,0.003795,0.000575,0.090543
148,54,00162,heavysnow,800,1,,0.999685,0.000315,L,0.999685,0.999371,0.004115,0.000629,0.036198
148,54,00162,heavysnow,1282,1,,0.999667,0.000333,L,0.999667,0.999335,0.004322,0.000665,0.204016
148,54,00162,heavysnow,908,0,,0.997510,0.002490,L,0.997510,0.995021,0.025122,0.004979,0.052157
148,54,00162,heavysnow,769,0,,0.999708,0.000292,L,0.999708,0.999416,0.003851,0.000584,0.027018
148,54,00162,heavysnow,176,0,,0.999752,0.000248,L,0.999752,0.999503,0.003331,0.000497,0.052579
148,54,00162,heavysnow,1151,0,,0.999193,0.000807,L,0.999193,0.998386,0.009457,0.001614,0.033491
148,54,00162,heavysnow,1113,0,,0.996879,0.003121,L,0.996879,0.993757,0.030477,0.006243,0.061790
148,54,00162,heavysnow,1433,0,,0.999851,0.000149,L,0.999851,0.999702,0.002108,0.000298,0.057723
148,54,00162,heavysnow,1342,0,,0.999524,0.000476,L,0.999524,0.999049,0.005937,0.000951,0.071115
148,54,00162,heavysnow,1253,0,,0.999699,0.000301,L,0.999699,0.999398,0.003954,0.000602,0.051601
148,54,00162,heavysnow,860,0,,0.999411,0.000589,L,0.999411,0.998822,0.007172,0.001178,0.031761
148,54,00162,heavysnow,717,0,,0.999784,0.000216,L,0.999784,0.999568,0.002941,0.000432,0.041562
148,54,00162,heavysnow,410,0,,0.999806,0.000194,L,0.999806,0.999612,0.002675,0.000388,0.035442
148,54,00162,heavysnow,1250,0,,0.999519,0.000481,L,0.999519,0.999037,0.005998,0.000963,0.057861
148,54,00162,heavysnow,578,0,,0.999348,0.000652,L,0.999348,0.998696,0.007842,0.001304,0.048150
148,54,00162,heavysnow,686,0,,0.999687,0.000313,L,0.999687,0.999374,0.004096,0.000626,0.030288
148,54,00162,heavysnow,119,0,,0.999201,0.000799,L,0.999201,0.998402,0.009372,0.001598,0.056211
148,54,00162,heavysnow,899,0,,0.999461,0.000539,L,0.999461,0.998922,0.006631,0.001078,0.042689
148,54,00162,heavysnow,1382,0,,0.999198,0.000802,L,0.999198,0.998397,0.009401,0.001603,0.063683
148,54,00162,heavysnow,739,0,,0.998666,0.001334,L,0.998666,0.997332,0.014663,0.002668,0.035214
149,54,00209,heavysnow,1018,1,,0.999166,0.000834,L,0.999166,0.998331,0.009737,0.001669,0.263528
149,54,00209,heavysnow,1198,1,,0.999992,0.000008,L,0.999992,0.999985,0.000139,0.000015,0.472285
149,54,00209,heavysnow,1199,1,,0.998949,0.001051,L,0.998949,0.997898,0.011916,0.002102,0.212122
149,54,00209,heavysnow,538,1,,0.999833,0.000167,L,0.999833,0.999665,0.002341,0.000335,0.057751
149,54,00209,heavysnow,929,1,,0.995714,0.004286,L,0.995714,0.991427,0.039887,0.008573,0.098658
149,54,00209,heavysnow,359,1,,0.999857,0.000143,L,0.999857,0.999715,0.002029,0.000285,0.090399
149,54,00209,heavysnow,1196,1,,0.999306,0.000693,L,0.999306,0.998613,0.008278,0.001387,0.196675
149,54,00209,heavysnow,447,1,,0.999734,0.000266,L,0.999734,0.999467,0.003547,0.000533,0.075888
149,54,00209,heavysnow,357,1,,0.999717,0.000283,L,0.999717,0.999435,0.003740,0.000565,0.085167
149,54,00209,heavysnow,1109,1,,0.999995,0.000005,L,0.999995,0.999990,0.000091,0.000010,0.585189
149,54,00209,heavysnow,1200,1,,0.999458,0.000542,L,0.999458,0.998917,0.006658,0.001083,0.119072
149,54,00209,heavysnow,1019,1,,0.997942,0.002058,L,0.997942,0.995885,0.021330,0.004115,0.229299
149,54,00209,heavysnow,1110,1,,0.998737,0.001263,L,0.998737,0.997475,0.013978,0.002525,0.230549
149,54,00209,heavysnow,1020,1,,0.998789,0.001211,L,0.998789,0.997578,0.013480,0.002422,0.169360
149,54,00209,heavysnow,629,1,,0.999789,0.000211,L,0.999789,0.999579,0.002878,0.000421,0.075550
149,54,00209,heavysnow,930,1,,0.998865,0.001136,L,0.998865,0.997729,0.012746,0.002271,0.069916
149,54,00209,heavysnow,1197,1,,0.999999,0.000001,L,0.999999,0.999997,0.000030,0.000003,0.564998
149,54,00209,heavysnow,536,1,,0.999874,0.000126,L,0.999874,0.999748,0.001815,0.000252,0.044674
149,54,00209,heavysnow,628,1,,0.999649,0.000351,L,0.999649,0.999299,0.004530,0.000701,0.053674
149,54,00209,heavysnow,1106,1,,1.000000,0.000000,L,1.000000,1.000000,0.000003,0.000000,0.702561
149,54,00209,heavysnow,627,1,,0.999731,0.000269,L,0.999731,0.999462,0.003581,0.000538,0.034898
149,54,00209,heavysnow,356,1,,0.999772,0.000228,L,0.999772,0.999543,0.003091,0.000457,0.076048
149,54,00209,heavysnow,1285,1,,0.999208,0.000792,L,0.999208,0.998416,0.009303,0.001584,0.154936
149,54,00209,heavysnow,926,1,,0.996627,0.003373,L,0.996627,0.993254,0.032558,0.006746,0.087515
149,54,00209,heavysnow,539,1,,0.999864,0.000136,L,0.999864,0.999729,0.001939,0.000271,0.082970
149,54,00209,heavysnow,1104,1,,0.999933,0.000067,L,0.999933,0.999865,0.001033,0.000135,0.258199
149,54,00209,heavysnow,1014,1,,0.999323,0.000677,L,0.999323,0.998647,0.008100,0.001353,0.125153
149,54,00209,heavysnow,1107,1,,1.000000,0.000000,L,1.000000,1.000000,0.000000,0.000000,0.962245
149,54,00209,heavysnow,925,1,,0.997287,0.002713,L,0.997287,0.994573,0.027043,0.005427,0.070497
149,54,00209,heavysnow,1194,1,,0.999808,0.000192,L,0.999808,0.999616,0.002649,0.000384,0.158045
149,54,00209,heavysnow,1290,1,,0.999911,0.000089,L,0.999911,0.999821,0.001329,0.000179,0.075339
149,54,00209,heavysnow,358,1,,0.999711,0.000289,L,0.999711,0.999422,0.003816,0.000578,0.086756
149,54,00209,heavysnow,446,1,,0.999722,0.000278,L,0.999722,0.999443,0.003690,0.000557,0.069530
149,54,00209,heavysnow,626,1,,0.999763,0.000237,L,0.999763,0.999526,0.003194,0.000474,0.034745
149,54,00209,heavysnow,1289,1,,0.998836,0.001164,L,0.998836,0.997673,0.013019,0.002327,0.102234
149,54,00209,heavysnow,1108,1,,1.000000,0.000000,L,1.000000,1.000000,0.000001,0.000000,0.982119
149,54,00209,heavysnow,630,0,,0.993349,0.006651,L,0.993349,0.986698,0.057667,0.013302,0.103280
149,54,00209,heavysnow,535,0,,0.999875,0.000125,L,0.999875,0.999750,0.001803,0.000250,0.042187
149,54,00209,heavysnow,0,0,,0.998683,0.001317,L,0.998683,0.997365,0.014505,0.002635,0.083789
149,54,00209,heavysnow,1241,0,,0.999861,0.000139,L,0.999861,0.999721,0.001987,0.000279,0.033619
149,54,00209,heavysnow,912,0,,0.998593,0.001407,L,0.998593,0.997187,0.015353,0.002813,0.046242
149,54,00209,heavysnow,1428,0,,0.999349,0.000651,L,0.999349,0.998698,0.007832,0.001302,0.041884
149,54,00209,heavysnow,784,0,,0.999080,0.000920,L,0.999080,0.998160,0.010604,0.001840,0.033002
149,54,00209,heavysnow,1026,0,,0.996862,0.003138,L,0.996862,0.993725,0.030614,0.006275,0.055139
149,54,00209,heavysnow,802,0,,0.999302,0.000698,L,0.999302,0.998604,0.008323,0.001396,0.029280
149,54,00209,heavysnow,63,0,,0.999844,0.000156,L,0.999844,0.999688,0.002195,0.000312,0.048604
149,54,00209,heavysnow,842,0,,0.997073,0.002927,L,0.997073,0.994146,0.028853,0.005854,0.060262
149,54,00209,heavysnow,894,0,,0.999401,0.000599,L,0.999401,0.998801,0.007281,0.001199,0.033889
149,54,00209,heavysnow,406,0,,0.998035,0.001965,L,0.998035,0.996070,0.020500,0.003930,0.054120
149,54,00209,heavysnow,563,0,,0.998354,0.001646,L,0.998354,0.996708,0.017591,0.003292,0.037259
149,54,00209,heavysnow,867,0,,0.999444,0.000556,L,0.999444,0.998889,0.006810,0.001111,0.028267
149,54,00209,heavysnow,1325,0,,0.999855,0.000145,L,0.999855,0.999710,0.002055,0.000290,0.064678
149,54,00209,heavysnow,677,0,,0.999793,0.000207,L,0.999793,0.999585,0.002837,0.000415,0.028351
149,54,00209,heavysnow,658,0,,0.997796,0.002204,L,0.997796,0.995592,0.022629,0.004408,0.060230
150,54,00257,heavysnow,922,1,,0.998431,0.001569,L,0.998431,0.996862,0.016877,0.003138,0.049928
150,54,00257,heavysnow,923,1,,0.997971,0.002029,L,0.997971,0.995942,0.021073,0.004058,0.062533
150,54,00257,heavysnow,924,1,,0.997632,0.002368,L,0.997632,0.995263,0.024069,0.004737,0.103853
150,54,00257,heavysnow,925,1,,0.997463,0.002537,L,0.997463,0.994927,0.025528,0.005073,0.143879
150,54,00257,heavysnow,926,1,,0.997047,0.002953,L,0.997047,0.994095,0.029067,0.005905,0.158475
150,54,00257,heavysnow,927,1,,0.996680,0.003320,L,0.996680,0.993361,0.032117,0.006639,0.126767
150,54,00257,heavysnow,928,1,,0.995457,0.004543,L,0.995457,0.990915,0.041891,0.009085,0.106407
150,54,00257,heavysnow,1012,1,,0.999250,0.000750,L,0.999250,0.998501,0.008864,0.001499,0.104252
150,54,00257,heavysnow,1013,1,,0.998001,0.001999,L,0.998001,0.996001,0.020808,0.003999,0.162352
150,54,00257,heavysnow,1014,1,,0.998831,0.001169,L,0.998831,0.997662,0.013071,0.002338,0.229908
150,54,00257,heavysnow,1015,1,,0.999950,0.000050,L,0.999950,0.999901,0.000780,0.000099,0.407988
150,54,00257,heavysnow,1016,1,,0.999561,0.000439,L,0.999561,0.999122,0.005529,0.000878,0.299097
150,54,00257,heavysnow,1017,1,,0.998980,0.001020,L,0.998980,0.997959,0.011609,0.002041,0.261852
150,54,00257,heavysnow,1018,1,,0.999212,0.000788,L,0.999212,0.998423,0.009264,0.001577,0.196604
150,54,00257,heavysnow,1102,1,,0.999838,0.000162,L,0.999838,0.999675,0.002279,0.000325,0.213472
150,54,00257,heavysnow,1103,1,,0.999730,0.000270,L,0.999730,0.999460,0.003590,0.000540,0.241611
150,54,00257,heavysnow,1104,1,,1.000000,0.000000,L,1.000000,1.000000,0.000001,0.000000,0.820811
150,54,00257,heavysnow,1105,1,,1.000000,0.000000,L,1.000000,1.000000,0.000000,0.000000,0.998545
150,54,00257,heavysnow,1106,1,,1.000000,0.000000,L,1.000000,1.000000,0.000001,0.000000,0.944184
150,54,00257,heavysnow,1107,1,,0.999903,0.000097,L,0.999903,0.999806,0.001434,0.000194,0.391799
150,54,00257,heavysnow,1108,1,,0.998987,0.001013,L,0.998987,0.997974,0.011539,0.002026,0.241782
150,54,00257,heavysnow,1192,1,,0.999642,0.000358,L,0.999642,0.999284,0.004616,0.000716,0.152034
150,54,00257,heavysnow,1193,1,,0.998585,0.001415,L,0.998585,0.997171,0.015429,0.002829,0.211228
150,54,00257,heavysnow,1194,1,,0.999525,0.000475,L,0.999525,0.999049,0.005933,0.000951,0.224759
150,54,00257,heavysnow,1195,1,,0.999996,0.000004,L,0.999996,0.999992,0.000075,0.000008,0.565626
150,54,00257,heavysnow,1196,1,,0.999582,0.000419,L,0.999582,0.999163,0.005300,0.000837,0.277897
150,54,00257,heavysnow,1197,1,,0.996919,0.003081,L,0.996919,0.993837,0.030144,0.006163,0.225066
150,54,00257,heavysnow,1198,1,,0.996549,0.003451,L,0.996549,0.993098,0.033195,0.006902,0.165179
150,54,00257,heavysnow,1282,1,,0.998145,0.001855,L,0.998145,0.996289,0.019511,0.003711,0.095846
150,54,00257,heavysnow,1283,1,,0.999508,0.000492,L,0.999508,0.999016,0.006115,0.000984,0.161410
150,54,00257,heavysnow,1284,1,,0.997872,0.002128,L,0.997872,0.995744,0.021958,0.004256,0.180701
150,54,00257,heavysnow,1285,1,,0.997506,0.002494,L,0.997506,0.995013,0.025157,0.004987,0.206967
150,54,00257,heavysnow,1286,1,,0.997140,0.002860,L,0.997140,0.994279,0.028290,0.005721,0.200711
150,54,00257,heavysnow,1287,1,,0.998680,0.001320,L,0.998680,0.997360,0.014529,0.002640,0.118584
150,54,00257,heavysnow,1288,1,,0.999581,0.000419,L,0.999581,0.999163,0.005302,0.000837,0.140316
150,54,00257,heavysnow,377,0,,0.998743,0.001257,L,0.998743,0.997486,0.013923,0.002514,0.040647
150,54,00257,heavysnow,1438,0,,0.999373,0.000627,L,0.999373,0.998745,0.007578,0.001255,0.057306
150,54,00257,heavysnow,687,0,,0.999701,0.000298,L,0.999701,0.999403,0.003926,0.000597,0.026306
150,54,00257,heavysnow,782,0,,0.999690,0.000310,L,0.999690,0.999380,0.004060,0.000620,0.028243
150,54,00257,heavysnow,564,0,,0.998431,0.001569,L,0.998431,0.996862,0.016877,0.003138,0.041694
150,54,00257,heavysnow,1089,0,,0.996296,0.003705,L,0.996296,0.992591,0.035254,0.007409,0.045246
150,54,00257,heavysnow,1093,0,,0.996303,0.003697,L,0.996303,0.992606,0.035191,0.007394,0.057330
150,54,00257,heavysnow,268,0,,0.999715,0.000285,L,0.999715,0.999429,0.003772,0.000571,0.048512
150,54,00257,heavysnow,145,0,,0.999802,0.000198,L,0.999802,0.999604,0.002722,0.000396,0.044778
150,54,00257,heavysnow,1028,0,,0.998086,0.001914,L,0.998086,0.996172,0.020042,0.003828,0.043788
150,54,00257,heavysnow,1190,0,,0.994686,0.005314,L,0.994686,0.989373,0.047795,0.010627,0.089661
150,54,00257,heavysnow,1162,0,,0.998926,0.001074,L,0.998926,0.997851,0.012146,0.002149,0.040051
150,54,00257,heavysnow,960,0,,0.999002,0.000998,L,0.999002,0.998003,0.011393,0.001997,0.032065
150,54,00257,heavysnow,1027,0,,0.996948,0.003052,L,0.996948,0.993896,0.029898,0.006104,0.048043
150,54,00257,heavysnow,468,0,,0.996110,0.003890,L,0.996110,0.992221,0.036741,0.007779,0.046565
150,54,00257,heavysnow,56,0,,0.999837,0.000163,L,0.999837,0.999674,0.002286,0.000326,0.050555
150,54,00257,heavysnow,1365,0,,0.998428,0.001572,L,0.998428,0.996855,0.016911,0.003145,0.108315
150,54,00257,heavysnow,1265,0,,0.997585,0.002415,L,0.997585,0.995171,0.024472,0.004829,0.086616
151,54,00305,heavysnow,920,1,,0.998101,0.001899,L,0.998101,0.996203,0.019901,0.003797,0.052194
151,54,00305,heavysnow,921,1,,0.998004,0.001996,L,0.998004,0.996008,0.020778,0.003992,0.056704
151,54,00305,heavysnow,922,1,,0.997679,0.002321,L,0.997679,0.995358,0.023657,0.004642,0.084160
151,54,00305,heavysnow,923,1,,0.997551,0.002449,L,0.997551,0.995102,0.024771,0.004898,0.093669
151,54,00305,heavysnow,924,1,,0.996814,0.003186,L,0.996814,0.993627,0.031018,0.006373,0.102693
151,54,00305,heavysnow,925,1,,0.997163,0.002837,L,0.997163,0.994325,0.028095,0.005675,0.088031
151,54,00305,heavysnow,926,1,,0.997878,0.002122,L,0.997878,0.995757,0.021900,0.004243,0.076188
151,54,00305,heavysnow,1010,1,,0.999381,0.000619,L,0.999381,0.998762,0.007490,0.001238,0.101903
151,54,00305,heavysnow,1011,1,,0.997836,0.002164,L,0.997836,0.995672,0.022274,0.004328,0.126825
151,54,00305,heavysnow,1012,1,,0.997691,0.002309,L,0.997691,0.995382,0.023553,0.004618,0.200242
151,54,00305,heavysnow,1013,1,,0.999500,0.000500,L,0.999500,0.999001,0.006201,0.000999,0.243342
151,54,00305,heavysnow,1014,1,,0.999306,0.000694,L,0.999306,0.998612,0.008284,0.001388,0.244444
151,54,00305,heavysnow,1015,1,,0.996806,0.003194,L,0.996806,0.993611,0.031083,0.006389,0.177161
151,54,00305,heavysnow,1016,1,,0.995210,0.004790,L,0.995210,0.990420,0.043804,0.009580,0.112290
151,54,00305,heavysnow,1100,1,,0.999931,0.000069,L,0.999931,0.999863,0.001049,0.000137,0.209216
151,54,00305,heavysnow,1101,1,,0.999613,0.000387,L,0.999613,0.999225,0.004948,0.000775,0.220631
151,54,00305,heavysnow,1102,1,,1.000000,0.000000,L,1.000000,1.000000,0.000004,0.000000,0.727033
151,54,00305,heavysnow,1103,1,,1.000000,0.000000,L,1.000000,1.000000,0.000000,0.000000,0.998989
151,54,00305,heavysnow,1104,1,,1.000000,0.000000,L,1.000000,1.000000,0.000000,0.000000,0.997598
151,54,00305,heavysnow,1105,1,,0.999996,0.000004,L,0.999996,0.999992,0.000077,0.000008,0.578746
151,54,00305,heavysnow,1106,1,,0.995768,0.004232,L,0.995768,0.991537,0.039456,0.008463,0.190434
151,54,00305,heavysnow,1190,1,,0.999659,0.000341,L,0.999659,0.999319,0.004417,0.000681,0.122661
151,54,00305,heavysnow,1191,1,,0.999076,0.000924,L,0.999076,0.998152,0.010645,0.001848,0.193740
151,54,00305,heavysnow,1192,1,,0.999269,0.000731,L,0.999269,0.998539,0.008665,0.001461,0.224582
151,54,00305,heavysnow,1193,1,,0.999993,0.000007,L,0.999993,0.999986,0.000127,0.000014,0.536986
151,54,00305,heavysnow,1194,1,,0.999962,0.000038,L,0.999962,0.999923,0.000619,0.000077,0.431356
151,54,00305,heavysnow,1195,1,,0.998057,0.001943,L,0.998057,0.996115,0.020299,0.003885,0.203839
151,54,00305,heavysnow,1196,1,,0.997657,0.002343,L,0.997657,0.995313,0.023852,0.004687,0.109334
151,54,00305,heavysnow,1280,1,,0.997963,0.002037,L,0.997963,0.995927,0.021143,0.004073,0.099205
151,54,00305,heavysnow,1281,1,,0.999339,0.000661,L,0.999339,0.998679,0.007931,0.001321,0.130457
151,54,00305,heavysnow,1282,1,,0.997870,0.002130,L,0.997870,0.995740,0.021971,0.004260,0.158134
151,54,00305,heavysnow,1283,1,,0.997867,0.002133,L,0.997867,0.995734,0.022000,0.004266,0.193517
151,54,00305,heavysnow,1284,1,,0.997034,0.002966,L,0.997034,0.994068,0.029177,0.005932,0.178648
151,54,00305,heavysnow,1285,1,,0.998338,0.001662,L,0.998338,0.996676,0.017738,0.003324,0.093293
151,54,00305,heavysnow,1286,1,,0.999858,0.000142,L,0.999858,0.999716,0.002018,0.000284,0.070787
151,54,00305,heavysnow,911,0,,0.997783,0.002217,L,0.997783,0.995565,0.022747,0.004435,0.043201
151,54,00305,heavysnow,1118,0,,0.998973,0.001027,L,0.998973,0.997946,0.011677,0.002054,0.038155
151,54,00305,heavysnow,115,0,,0.997730,0.002270,L,0.997730,0.995459,0.023213,0.004541,0.077648
151,54,00305,heavysnow,1173,0,,0.997026,0.002974,L,0.997026,0.994051,0.029249,0.005949,0.074207
151,54,00305,heavysnow,168,0,,0.999821,0.000179,L,0.999821,0.999642,0.002488,0.000358,0.045467
151,54,00305,heavysnow,304,0,,0.997680,0.002320,L,0.997680,0.995359,0.023651,0.004641,0.068325
151,54,00305,heavysnow,15,0,,0.998418,0.001582,L,0.998418,0.996836,0.017000,0.003164,0.090059
151,54,00305,heavysnow,685,0,,0.999767,0.000233,L,0.999767,0.999534,0.003145,0.000466,0.034954
151,54,00305,heavysnow,652,0,,0.997767,0.002233,L,0.997767,0.995533,0.022887,0.004467,0.042946
151,54,00305,heavysnow,1278,0,,0.997876,0.002124,L,0.997876,0.995752,0.021920,0.004248,0.090288
151,54,00305,heavysnow,305,0,,0.999228,0.000772,L,0.999228,0.998456,0.009097,0.001544,0.057830
151,54,00305,heavysnow,1244,0,,0.999140,0.000860,L,0.999140,0.998281,0.009995,0.001719,0.041079
151,54,00305,heavysnow,1254,0,,0.999140,0.000860,L,0.999140,0.998280,0.009997,0.001720,0.048852
151,54,00305,heavysnow,849,0,,0.999535,0.000465,L,0.999535,0.999069,0.005823,0.000931,0.032324
151,54,00305,heavysnow,1400,0,,0.999130,0.000870,L,0.999130,0.998259,0.010103,0.001741,0.050107
151,54,00305,heavysnow,1420,0,,0.999146,0.000854,L,0.999146,0.998293,0.009933,0.001707,0.052920
151,54,00305,heavysnow,896,0,,0.999631,0.000369,L,0.999631,0.999262,0.004738,0.000738,0.048590
151,54,00305,heavysnow,939,0,,0.999180,0.000820,L,0.999180,0.998360,0.009588,0.001640,0.027269
152,54,00503,heavysnow,583,1,,0.999203,0.000797,L,0.999203,0.998407,0.009350,0.001593,0.068042
152,54,00503,heavysnow,584,1,,0.998576,0.001424,L,0.998576,0.997151,0.015521,0.002849,0.080397
152,54,00503,heavysnow,585,1,,0.999368,0.000632,L,0.999368,0.998737,0.007625,0.001263,0.077657
152,54,00503,heavysnow,586,1,,0.999239,0.000761,L,0.999239,0.998477,0.008985,0.001523,0.090295
152,54,00503,heavysnow,587,1,,0.998620,0.001380,L,0.998620,0.997239,0.015105,0.002761,0.093501
152,54,00503,heavysnow,588,1,,0.999420,0.000580,L,0.999420,0.998839,0.007077,0.001161,0.060464
152,54,00503,heavysnow,589,1,,0.999584,0.000416,L,0.999584,0.999168,0.005271,0.000832,0.044070
152,54,00503,heavysnow,673,1,,0.998761,0.001239,L,0.998761,0.997523,0.013747,0.002477,0.101402
152,54,00503,heavysnow,674,1,,0.998501,0.001499,L,0.998501,0.997002,0.016223,0.002998,0.176099
152,54,00503,heavysnow,675,1,,0.999996,0.000004,L,0.999996,0.999991,0.000084,0.000009,0.516153
152,54,00503,heavysnow,676,1,,1.000000,0.000000,L,1.000000,0.999999,0.000007,0.000001,0.715098
152,54,00503,heavysnow,677,1,,0.999996,0.000004,L,0.999996,0.999993,0.000071,0.000007,0.601133
152,54,00503,heavysnow,678,1,,0.999518,0.000482,L,0.999518,0.999037,0.006002,0.000963,0.281606
152,54,00503,heavysnow,679,1,,0.999455,0.000545,L,0.999455,0.998911,0.006691,0.001089,0.132909
152,54,00503,heavysnow,763,1,,0.998753,0.001247,L,0.998753,0.997506,0.013830,0.002494,0.152506
152,54,00503,heavysnow,764,1,,0.999620,0.000380,L,0.999620,0.999241,0.004860,0.000759,0.205873
152,54,00503,heavysnow,765,1,,0.999999,0.000001,L,0.999999,0.999998,0.000018,0.000002,0.729150
152,54,00503,heavysnow,766,1,,1.000000,0.000000,L,1.000000,1.000000,0.000004,0.000000,0.999687
152,54,00503,heavysnow,767,1,,1.000000,0.000000,L,1.000000,0.999999,0.000007,0.000001,0.932736
152,54,00503,heavysnow,768,1,,0.999427,0.000573,L,0.999427,0.998854,0.006999,0.001146,0.393472
152,54,00503,heavysnow,769,1,,0.999244,0.000756,L,0.999244,0.998489,0.008925,0.001511,0.158394
152,54,00503,heavysnow,853,1,,0.996818,0.003182,L,0.996818,0.993635,0.030983,0.006365,0.103714
152,54,00503,heavysnow,854,1,,0.994861,0.005139,L,0.994861,0.989722,0.046471,0.010278,0.145216
152,54,00503,heavysnow,855,1,,0.998031,0.001969,L,0.998031,0.996062,0.020536,0.003938,0.165212
152,54,00503,heavysnow,856,1,,0.998253,0.001747,L,0.998253,0.996507,0.018520,0.003493,0.177044
152,54,00503,heavysnow,857,1,,0.998712,0.001288,L,0.998712,0.997425,0.014220,0.002575,0.172948
152,54,00503,heavysnow,858,1,,0.998870,0.001130,L,0.998870,0.997740,0.012693,0.002260,0.084822
152,54,00503,heavysnow,859,1,,0.999137,0.000863,L,0.999137,0.998274,0.010027,0.001726,0.049651
152,54,00503,heavysnow,943,1,,0.995204,0.004796,L,0.995204,0.990409,0.043849,0.009591,0.075934
152,54,00503,heavysnow,944,1,,0.991817,0.008183,L,0.991817,0.983635,0.068489,0.016365,0.089672
152,54,00503,heavysnow,945,1,,0.995699,0.004301,L,0.995699,0.991399,0.040000,0.008601,0.090997
152,54,00503,heavysnow,946,1,,0.997916,0.002084,L,0.997916,0.995832,0.021564,0.004168,0.073147
152,54,00503,heavysnow,947,1,,0.998240,0.001761,L,0.998240,0.996479,0.018646,0.003521,0.062876
152,54,00503,heavysnow,948,1,,0.998648,0.001352,L,0.998648,0.997296,0.014835,0.002704,0.049206
152,54,00503,heavysnow,949,1,,0.998829,0.001171,L,0.998829,0.997657,0.013096,0.002343,0.044349
152,54,00503,heavysnow,1353,0,,0.998864,0.001136,L,0.998864,0.997727,0.012753,0.002273,0.087887
152,54,00503,heavysnow,473,0,,0.996463,0.003537,L,0.996463,0.992926,0.033895,0.007074,0.068949
152,54,00503,heavysnow,1109,0,,0.996059,0.003941,L,0.996059,0.992118,0.037151,0.007882,0.058697
152,54,00503,heavysnow,238,0,,0.999867,0.000133,L,0.999867,0.999735,0.001900,0.000265,0.042116
152,54,00503,heavysnow,733,0,,0.999153,0.000847,L,0.999153,0.998307,0.009861,0.001693,0.043153
152,54,00503,heavysnow,809,0,,0.999789,0.000211,L,0.999789,0.999577,0.002886,0.000423,0.032334
152,54,00503,heavysnow,170,0,,0.999825,0.000175,L,0.999825,0.999649,0.002441,0.000351,0.043053
152,54,00503,heavysnow,75,0,,0.999837,0.000163,L,0.999837,0.999674,0.002289,0.000326,0.057597
152,54,00503,heavysnow,214,0,,0.998666,0.001334,L,0.998666,0.997333,0.014659,0.002667,0.048216
152,54,00503,heavysnow,122,0,,0.999870,0.000130,L,0.999870,0.999740,0.001863,0.000260,0.078879
152,54,00503,heavysnow,67,0,,0.999787,0.000213,L,0.999787,0.999575,0.002901,0.000425,0.078111
152,54,00503,heavysnow,1155,0,,0.999094,0.000906,L,0.999094,0.998187,0.010468,0.001813,0.042356
152,54,00503,heavysnow,609,0,,0.999738,0.000262,L,0.999738,0.999475,0.003499,0.000525,0.062681
152,54,00503,heavysnow,512,0,,0.999822,0.000178,L,0.999822,0.999643,0.002479,0.000357,0.034609
152,54,00503,heavysnow,176,0,,0.999751,0.000249,L,0.999751,0.999502,0.003343,0.000498,0.058753
152,54,00503,heavysnow,1144,0,,0.999070,0.000930,L,0.999070,0.998140,0.010706,0.001860,0.039402
152,54,00503,heavysnow,1180,0,,0.997705,0.002295,L,0.997705,0.995409,0.023431,0.004591,0.068670
152,54,00503,heavysnow,314,0,,0.999718,0.000282,L,0.999718,0.999437,0.003728,0.000563,0.034620
153,54,00550,heavysnow,562,1,,0.998516,0.001484,L,0.998516,0.997033,0.016080,0.002967,0.081013
153,54,00550,heavysnow,563,1,,0.997774,0.002226,L,0.997774,0.995547,0.022825,0.004453,0.098951
153,54,00550,heavysnow,564,1,,0.997741,0.002260,L,0.997741,0.995481,0.023117,0.004519,0.096353
153,54,00550,heavysnow,565,1,,0.997964,0.002036,L,0.997964,0.995928,0.021138,0.004072,0.088814
153,54,00550,heavysnow,566,1,,0.994708,0.005292,L,0.994708,0.989417,0.047630,0.010583,0.092710
153,54,00550,heavysnow,567,1,,0.998998,0.001002,L,0.998998,0.997996,0.011426,0.002004,0.050314
153,54,00550,heavysnow,568,1,,0.999251,0.000749,L,0.999251,0.998502,0.008857,0.001498,0.048919
153,54,00550,heavysnow,652,1,,0.999049,0.000951,L,0.999049,0.998097,0.010922,0.001903,0.183135
153,54,00550,heavysnow,653,1,,0.997969,0.002031,L,0.997969,0.995939,0.021088,0.004061,0.187217
153,54,00550,heavysnow,654,1,,0.999999,0.000001,L,0.999999,0.999999,0.000017,0.000001,0.541797
153,54,00550,heavysnow,655,1,,1.000000,0.000000,L,1.000000,1.000000,0.000002,0.000000,0.646520
153,54,00550,heavysnow,656,1,,0.999998,0.000002,L,0.999998,0.999996,0.000040,0.000004,0.390223
153,54,00550,heavysnow,657,1,,0.999588,0.000412,L,0.999588,0.999176,0.005229,0.000824,0.055472
153,54,00550,heavysnow,658,1,,0.999614,0.000386,L,0.999614,0.999227,0.004937,0.000773,0.037326
153,54,00550,heavysnow,742,1,,0.999304,0.000696,L,0.999304,0.998607,0.008307,0.001393,0.206387
153,54,00550,heavysnow,743,1,,0.999925,0.000075,L,0.999925,0.999849,0.001142,0.000151,0.313932
153,54,00550,heavysnow,744,1,,1.000000,0.000000,L,1.000000,1.000000,0.000001,0.000000,0.875541
153,54,00550,heavysnow,745,1,,1.000000,0.000000,L,1.000000,1.000000,0.000000,0.000000,0.990982
153,54,00550,heavysnow,746,1,,1.000000,0.000000,L,1.000000,1.000000,0.000002,0.000000,0.833472
153,54,00550,heavysnow,747,1,,0.999295,0.000705,L,0.999295,0.998590,0.008397,0.001410,0.197446
153,54,00550,heavysnow,748,1,,0.999131,0.000869,L,0.999131,0.998261,0.010094,0.001739,0.071714
153,54,00550,heavysnow,832,1,,0.998630,0.001370,L,0.998630,0.997261,0.015003,0.002739,0.120515
153,54,00550,heavysnow,833,1,,0.996873,0.003127,L,0.996873,0.993746,0.030523,0.006254,0.178485
153,54,00550,heavysnow,834,1,,0.998572,0.001428,L,0.998572,0.997144,0.015557,0.002856,0.195280
153,54,00550,heavysnow,835,1,,0.999537,0.000463,L,0.999537,0.999074,0.005795,0.000926,0.215379
153,54,00550,heavysnow,836,1,,0.998946,0.001054,L,0.998946,0.997893,0.011940,0.002107,0.183444
153,54,00550,heavysnow,837,1,,0.999541,0.000459,L,0.999541,0.999083,0.005747,0.000917,0.102949
153,54,00550,heavysnow,838,1,,0.999799,0.000201,L,0.999799,0.999598,0.002759,0.000402,0.060549
153,54,00550,heavysnow,922,1,,0.998457,0.001543,L,0.998457,0.996914,0.016638,0.003086,0.075635
153,54,00550,heavysnow,923,1,,0.994112,0.005888,L,0.994112,0.988224,0.052089,0.011776,0.136044
153,54,00550,heavysnow,924,1,,0.995082,0.004918,L,0.995082,0.990164,0.044786,0.009836,0.156929
153,54,00550,heavysnow,925,1,,0.998453,0.001547,L,0.998453,0.996906,0.016675,0.003094,0.159267
153,54,00550,heavysnow,926,1,,0.998153,0.001847,L,0.998153,0.996307,0.019430,0.003693,0.109810
153,54,00550,heavysnow,927,1,,0.999183,0.000817,L,0.999183,0.998366,0.009557,0.001634,0.096089
153,54,00550,heavysnow,928,1,,0.999513,0.000487,L,0.999513,0.999027,0.006058,0.000973,0.085998
153,54,00550,heavysnow,848,0,,0.999530,0.000470,L,0.999530,0.999059,0.005877,0.000941,0.040184
153,54,00550,heavysnow,126,0,,0.998790,0.001210,L,0.998790,0.997580,0.013468,0.002420,0.093575
153,54,00550,heavysnow,1279,0,,0.999367,0.000633,L,0.999367,0.998734,0.007638,0.001266,0.064248
153,54,00550,heavysnow,366,0,,0.995915,0.004086,L,0.995915,0.991829,0.038302,0.008171,0.093216
153,54,00550,heavysnow,100,0,,0.998471,0.001529,L,0.998471,0.996942,0.016506,0.003058,0.107060
153,54,00550,heavysnow,1071,0,,0.998698,0.001302,L,0.998698,0.997395,0.014359,0.002605,0.047938
153,54,00550,heavysnow,194,0,,0.998066,0.001934,L,0.998066,0.996132,0.020220,0.003868,0.049881
153,54,00550,heavysnow,635,0,,0.994546,0.005454,L,0.994546,0.989093,0.048851,0.010907,0.100633
153,54,00550,heavysnow,188,0,,0.994709,0.005291,L,0.994709,0.989417,0.047628,0.010583,0.101271
153,54,00550,heavysnow,588,0,,0.999769,0.000231,L,0.999769,0.999539,0.003120,0.000461,0.028221
153,54,00550,heavysnow,333,0,,0.999818,0.000183,L,0.999818,0.999635,0.002530,0.000365,0.052407
153,54,00550,heavysnow,364,0,,0.996359,0.003641,L,0.996359,0.992719,0.034738,0.007281,0.107708
153,54,00550,heavysnow,498,0,,0.999800,0.000200,L,0.999800,0.999600,0.002749,0.000400,0.028384
153,54,00550,heavysnow,440,0,,0.999742,0.000258,L,0.999742,0.999483,0.003451,0.000517,0.053283
153,54,00550,heavysnow,949,0,,0.998937,0.001063,L,0.998937,0.997874,0.012034,0.002126,0.037355
153,54,00550,heavysnow,596,0,,0.999698,0.000302,L,0.999698,0.999395,0.003971,0.000605,0.051645
153,54,00550,heavysnow,239,0,,0.999831,0.000169,L,0.999831,0.999662,0.002361,0.000338,0.050133
153,54,00550,heavysnow,176,0,,0.999688,0.000312,L,0.999688,0.999376,0.004085,0.000624,0.073277
154,54,00598,heavysnow,558,1,,0.999550,0.000450,L,0.999550,0.999100,0.005651,0.000900,0.056301
154,54,00598,heavysnow,559,1,,0.999186,0.000814,L,0.999186,0.998372,0.009529,0.001628,0.074062
154,54,00598,heavysnow,560,1,,0.997259,0.002741,L,0.997259,0.994518,0.027278,0.005482,0.127282
154,54,00598,heavysnow,561,1,,0.998610,0.001390,L,0.998610,0.997220,0.015198,0.002780,0.092027
154,54,00598,heavysnow,562,1,,0.998121,0.001879,L,0.998121,0.996241,0.019727,0.003759,0.126832
154,54,00598,heavysnow,563,1,,0.998314,0.001686,L,0.998314,0.996628,0.017962,0.003372,0.085048
154,54,00598,heavysnow,564,1,,0.998064,0.001936,L,0.998064,0.996127,0.020243,0.003873,0.091458
154,54,00598,heavysnow,648,1,,0.999590,0.000410,L,0.999590,0.999180,0.005206,0.000820,0.139912
154,54,00598,heavysnow,649,1,,0.999118,0.000882,L,0.999118,0.998236,0.010220,0.001764,0.168258
154,54,00598,heavysnow,650,1,,0.999994,0.000006,L,0.999994,0.999988,0.000114,0.000012,0.511106
154,54,00598,heavysnow,651,1,,1.000000,0.000000,L,1.000000,1.000000,0.000001,0.000000,0.803374
154,54,00598,heavysnow,652,1,,1.000000,0.000000,L,1.000000,0.999999,0.000006,0.000001,0.808259
154,54,00598,heavysnow,653,1,,0.999815,0.000185,L,0.999815,0.999630,0.002561,0.000370,0.283102
154,54,00598,heavysnow,654,1,,0.998144,0.001856,L,0.998144,0.996288,0.019514,0.003712,0.131086
154,54,00598,heavysnow,738,1,,0.999147,0.000853,L,0.999147,0.998294,0.009927,0.001706,0.107862
154,54,00598,heavysnow,739,1,,0.999321,0.000679,L,0.999321,0.998641,0.008129,0.001359,0.196151
154,54,00598,heavysnow,740,1,,0.999997,0.000003,L,0.999997,0.999993,0.000067,0.000007,0.604272
154,54,00598,heavysnow,741,1,,1.000000,0.000000,L,1.000000,1.000000,0.000001,0.000000,0.997431
154,54,00598,heavysnow,742,1,,1.000000,0.000000,L,1.000000,1.000000,0.000004,0.000000,0.896628
154,54,00598,heavysnow,743,1,,0.999723,0.000277,L,0.999723,0.999445,0.003676,0.000555,0.312185
154,54,00598,heavysnow,744,1,,0.997661,0.002339,L,0.997661,0.995322,0.023813,0.004678,0.144963
154,54,00598,heavysnow,828,1,,0.998774,0.001226,L,0.998774,0.997548,0.013623,0.002452,0.095073
154,54,00598,heavysnow,829,1,,0.997666,0.002335,L,0.997666,0.995331,0.023774,0.004669,0.171439
154,54,00598,heavysnow,830,1,,0.993770,0.006230,L,0.993770,0.987539,0.054606,0.012461,0.196039
154,54,00598,heavysnow,831,1,,0.997694,0.002306,L,0.997694,0.995388,0.023525,0.004612,0.209685
154,54,00598,heavysnow,832,1,,0.998763,0.001237,L,0.998763,0.997526,0.013730,0.002474,0.197500
154,54,00598,heavysnow,833,1,,0.999297,0.000703,L,0.999297,0.998595,0.008373,0.001405,0.154208
154,54,00598,heavysnow,834,1,,0.999767,0.000233,L,0.999767,0.999533,0.003152,0.000467,0.118482
154,54,00598,heavysnow,918,1,,0.998290,0.001711,L,0.998290,0.996579,0.018188,0.003421,0.046189
154,54,00598,heavysnow,919,1,,0.998541,0.001459,L,0.998541,0.997081,0.015853,0.002919,0.068382
154,54,00598,heavysnow,920,1,,0.994531,0.005469,L,0.994531,0.989062,0.048966,0.010938,0.117606
154,54,00598,heavysnow,921,1,,0.995509,0.004491,L,0.995509,0.991017,0.041492,0.008983,0.120539
154,54,00598,heavysnow,922,1,,0.996305,0.003695,L,0.996305,0.992610,0.035177,0.007390,0.114698
154,54,00598,heavysnow,923,1,,0.997248,0.002752,L,0.997248,0.994496,0.027373,0.005504,0.093873
154,54,00598,heavysnow,924,1,,0.998722,0.001278,L,0.998722,0.997443,0.014131,0.002557,0.101934
154,54,00598,heavysnow,1119,0,,0.998790,0.001210,L,0.998790,0.997581,0.013468,0.002419,0.051004
154,54,00598,heavysnow,685,0,,0.999681,0.000319,L,0.999681,0.999362,0.004165,0.000638,0.051672
154,54,00598,heavysnow,307,0,,0.999662,0.000338,L,0.999662,0.999324,0.004383,0.000676,0.045378
154,54,00598,heavysnow,429,0,,0.999741,0.000259,L,0.999741,0.999481,0.003464,0.000519,0.053412
154,54,00598,heavysnow,1138,0,,0.998767,0.001233,L,0.998767,0.997535,0.013689,0.002465,0.058897
154,54,00598,heavysnow,130,0,,0.999685,0.000315,L,0.999685,0.999371,0.004116,0.000629,0.077417
154,54,00598,heavysnow,642,0,,0.996322,0.003678,L,0.996322,0.992644,0.035039,0.007356,0.053055
154,54,00598,heavysnow,291,0,,0.998006,0.001994,L,0.998006,0.996012,0.020759,0.003988,0.061843
154,54,00598,heavysnow,320,0,,0.999801,0.000199,L,0.999801,0.999603,0.002730,0.000397,0.047694
154,54,00598,heavysnow,853,0,,0.998811,0.001189,L,0.998811,0.997621,0.013271,0.002379,0.126529
154,54,00598,heavysnow,993,0,,0.996523,0.003477,L,0.996523,0.993047,0.033403,0.006953,0.085902
154,54,00598,heavysnow,301,0,,0.999312,0.000688,L,0.999312,0.998624,0.008220,0.001376,0.087988
154,54,00598,heavysnow,135,0,,0.999329,0.000671,L,0.999329,0.998657,0.008044,0.001343,0.090810
154,54,00598,heavysnow,1199,0,,0.997292,0.002708,L,0.997292,0.994584,0.026999,0.005416,0.084140
154,54,00598,heavysnow,994,0,,0.998220,0.001780,L,0.998220,0.996440,0.018825,0.003560,0.102388
154,54,00598,heavysnow,985,0,,0.998913,0.001087,L,0.998913,0.997826,0.012270,0.002174,0.047858
154,54,00598,heavysnow,260,0,,0.999801,0.000199,L,0.999801,0.999602,0.002731,0.000398,0.060131
154,54,00598,heavysnow,884,0,,0.999413,0.000587,L,0.999413,0.998826,0.007148,0.001174,0.050220
155,55,00167,heavysnow,1095,1,,0.998655,0.001345,L,0.998655,0.997310,0.014766,0.002690,0.206513
155,55,00167,heavysnow,1189,1,,0.994463,0.005537,L,0.994463,0.988926,0.049476,0.011074,0.084403
155,55,00167,heavysnow,1093,1,,0.999572,0.000428,L,0.999572,0.999144,0.005406,0.000856,0.137508
155,55,00167,heavysnow,1185,1,,0.997747,0.002253,L,0.997747,0.995493,0.023062,0.004507,0.119550
155,55,00167,heavysnow,918,1,,0.997370,0.002630,L,0.997370,0.994740,0.026331,0.005260,0.141838
155,55,00167,heavysnow,1100,1,,0.998801,0.001199,L,0.998801,0.997601,0.013367,0.002399,0.104033
155,55,00167,heavysnow,1003,1,,0.999703,0.000297,L,0.999703,0.999407,0.003904,0.000593,0.159916
155,55,00167,heavysnow,1010,1,,0.999945,0.000055,L,0.999945,0.999891,0.000853,0.000109,0.079719
155,55,00167,heavysnow,824,1,,0.997434,0.002566,L,0.997434,0.994868,0.025783,0.005132,0.058671
155,55,00167,heavysnow,919,1,,0.996072,0.003928,L,0.996072,0.992144,0.037049,0.007856,0.089390
155,55,00167,heavysnow,1096,1,,0.999977,0.000023,L,0.999977,0.999953,0.000395,0.000047,0.403838
155,55,00167,heavysnow,1190,1,,0.997546,0.002453,L,0.997546,0.995093,0.024809,0.004907,0.076865
155,55,00167,heavysnow,829,1,,0.998058,0.001942,L,0.998058,0.996115,0.020296,0.003885,0.055612
155,55,00167,heavysnow,828,1,,0.998470,0.001530,L,0.998470,0.996939,0.016518,0.003061,0.076076
155,55,00167,heavysnow,1098,1,,0.999999,0.000001,L,0.999999,0.999997,0.000030,0.000003,0.603875
155,55,00167,heavysnow,1006,1,,1.000000,0.000000,L,1.000000,1.000000,0.000001,0.000000,0.791202
155,55,00167,heavysnow,830,1,,0.998241,0.001759,L,0.998241,0.996481,0.018635,0.003519,0.057429
155,55,00167,heavysnow,1008,1,,1.000000,0.000000,L,1.000000,1.000000,0.000000,0.000000,0.888362
155,55,00167,heavysnow,1005,1,,0.998992,0.001008,L,0.998992,0.997984,0.011489,0.002016,0.204475
155,55,00167,heavysnow,1009,1,,0.999993,0.000007,L,0.999993,0.999986,0.000130,0.000014,0.361980
155,55,00167,heavysnow,1188,1,,0.994393,0.005607,L,0.994393,0.988786,0.049999,0.011214,0.138502
155,55,00167,heavysnow,1004,1,,0.999348,0.000652,L,0.999348,0.998695,0.007843,0.001305,0.184428
155,55,00167,heavysnow,1097,1,,1.000000,0.000000,L,1.000000,1.000000,0.000003,0.000000,0.791036
155,55,00167,heavysnow,1094,1,,0.999162,0.000838,L,0.999162,0.998324,0.009774,0.001676,0.179439
155,55,00167,heavysnow,825,1,,0.997123,0.002877,L,0.997123,0.994246,0.028431,0.005754,0.065938
155,55,00167,heavysnow,1183,1,,0.995361,0.004639,L,0.995361,0.990723,0.042636,0.009277,0.077240
155,55,00167,heavysnow,1186,1,,0.995076,0.004924,L,0.995076,0.990152,0.044833,0.009848,0.133679
155,55,00167,heavysnow,826,1,,0.996221,0.003779,L,0.996221,0.992442,0.035853,0.007558,0.089802
155,55,00167,heavysnow,1184,1,,0.998164,0.001836,L,0.998164,0.996327,0.019337,0.003673,0.074439
155,55,00167,heavysnow,915,1,,0.997880,0.002121,L,0.997880,0.995759,0.021889,0.004241,0.148143
155,55,00167,heavysnow,916,1,,0.997073,0.002927,L,0.997073,0.994146,0.028850,0.005854,0.162513
155,55,00167,heavysnow,827,1,,0.998429,0.001571,L,0.998429,0.996859,0.016894,0.003141,0.074115
155,55,00167,heavysnow,917,1,,0.997711,0.002289,L,0.997711,0.995422,0.023374,0.004578,0.163518
155,55,00167,heavysnow,1007,1,,1.000000,0.000000,L,1.000000,1.000000,0.000000,0.000000,0.992122
155,55,00167,heavysnow,920,1,,0.999457,0.000543,L,0.999457,0.998915,0.006669,0.001085,0.054783
155,55,00167,heavysnow,1187,1,,0.994690,0.005310,L,0.994690,0.989380,0.047769,0.010620,0.175416
155,55,00167,heavysnow,366,0,,0.998636,0.001364,L,0.998636,0.997272,0.014951,0.002728,0.156521
155,55,00167,heavysnow,269,0,,0.999685,0.000315,L,0.999685,0.999370,0.004120,0.000630,0.047844
155,55,00167,heavysnow,536,0,,0.999613,0.000387,L,0.999613,0.999226,0.004943,0.000774,0.029463
155,55,00167,heavysnow,1251,0,,0.999970,0.000030,L,0.999970,0.999940,0.000494,0.000060,0.042961
155,55,00167,heavysnow,971,0,,0.999085,0.000915,L,0.999085,0.998169,0.010558,0.001831,0.034582
155,55,00167,heavysnow,941,0,,0.998993,0.001007,L,0.998993,0.997987,0.011474,0.002013,0.043397
155,55,00167,heavysnow,522,0,,0.999815,0.000185,L,0.999815,0.999630,0.002560,0.000370,0.040042
155,55,00167,heavysnow,958,0,,0.999130,0.000870,L,0.999130,0.998260,0.010099,0.001740,0.037037
155,55,00167,heavysnow,410,0,,0.999752,0.000248,L,0.999752,0.999503,0.003333,0.000497,0.056510
155,55,00167,heavysnow,1064,0,,0.999326,0.000674,L,0.999326,0.998653,0.008070,0.001347,0.034583
155,55,00167,heavysnow,1289,0,,0.999393,0.000608,L,0.999393,0.998785,0.007367,0.001215,0.055520
155,55,00167,heavysnow,321,0,,0.999851,0.000149,L,0.999851,0.999701,0.002114,0.000299,0.041633
155,55,00167,heavysnow,856,0,,0.999519,0.000481,L,0.999519,0.999038,0.005993,0.000962,0.051758
155,55,00167,heavysnow,33,0,,0.999103,0.000897,L,0.999103,0.998207,0.010370,0.001793,0.069005
155,55,00167,heavysnow,738,0,,0.999578,0.000422,L,0.999578,0.999155,0.005343,0.000845,0.061218
155,55,00167,heavysnow,926,0,,0.996353,0.003647,L,0.996353,0.992706,0.034789,0.007294,0.061260
155,55,00167,heavysnow,864,0,,0.999640,0.000360,L,0.999640,0.999279,0.004642,0.000721,0.036917
155,55,00167,heavysnow,549,0,,0.997398,0.002602,L,0.997398,0.994797,0.026086,0.005203,0.063612
156,55,00214,heavysnow,556,1,,0.997682,0.002317,L,0.997682,0.995365,0.023625,0.004635,0.128207
156,55,00214,heavysnow,557,1,,0.997787,0.002213,L,0.997787,0.995574,0.022707,0.004426,0.107942
156,55,00214,heavysnow,558,1,,0.997795,0.002205,L,0.997795,0.995590,0.022639,0.004410,0.100417
156,55,00214,heavysnow,559,1,,0.999144,0.000856,L,0.999144,0.998287,0.009959,0.001713,0.068320
156,55,00214,heavysnow,560,1,,0.999703,0.000297,L,0.999703,0.999407,0.003904,0.000593,0.055821
156,55,00214,heavysnow,644,1,,0.999201,0.000799,L,0.999201,0.998401,0.009378,0.001599,0.128596
156,55,00214,heavysnow,645,1,,0.998329,0.001671,L,0.998329,0.996659,0.017821,0.003341,0.175780
156,55,00214,heavysnow,646,1,,0.998209,0.001791,L,0.998209,0.996418,0.018925,0.003582,0.223711
156,55,00214,heavysnow,647,1,,0.998924,0.001076,L,0.998924,0.997848,0.012162,0.002152,0.250053
156,55,00214,heavysnow,648,1,,0.998577,0.001423,L,0.998577,0.997154,0.015508,0.002846,0.253182
156,55,00214,heavysnow,649,1,,0.998789,0.001211,L,0.998789,0.997578,0.013480,0.002422,0.101383
156,55,00214,heavysnow,650,1,,0.999975,0.000025,L,0.999975,0.999951,0.000412,0.000049,0.087415
156,55,00214,heavysnow,734,1,,0.999727,0.000273,L,0.999727,0.999454,0.003626,0.000546,0.186580
156,55,00214,heavysnow,735,1,,0.999304,0.000696,L,0.999304,0.998607,0.008307,0.001393,0.214847
156,55,00214,heavysnow,736,1,,1.000000,0.000000,L,1.000000,1.000000,0.000002,0.000000,0.785605
156,55,00214,heavysnow,737,1,,1.000000,0.000000,L,1.000000,1.000000,0.000000,0.000000,0.999238
156,55,00214,heavysnow,738,1,,1.000000,0.000000,L,1.000000,1.000000,0.000000,0.000000,0.999529
156,55,00214,heavysnow,739,1,,0.999998,0.000002,L,0.999998,0.999995,0.000047,0.000005,0.610522
156,55,00214,heavysnow,740,1,,0.999575,0.000425,L,0.999575,0.999150,0.005372,0.000850,0.193364
156,55,00214,heavysnow,824,1,,0.999330,0.000670,L,0.999330,0.998659,0.008035,0.001341,0.122971
156,55,00214,heavysnow,825,1,,0.998803,0.001197,L,0.998803,0.997606,0.013345,0.002394,0.182991
156,55,00214,heavysnow,826,1,,0.999928,0.000072,L,0.999928,0.999856,0.001094,0.000144,0.284068
156,55,00214,heavysnow,827,1,,1.000000,0.000000,L,1.000000,1.000000,0.000004,0.000000,0.718950
156,55,00214,heavysnow,828,1,,0.999999,0.000001,L,0.999999,0.999997,0.000029,0.000003,0.614973
156,55,00214,heavysnow,829,1,,0.999537,0.000463,L,0.999537,0.999075,0.005791,0.000925,0.235916
156,55,00214,heavysnow,830,1,,0.998673,0.001327,L,0.998673,0.997347,0.014593,0.002653,0.146453
156,55,00214,heavysnow,914,1,,0.997303,0.002697,L,0.997303,0.994606,0.026901,0.005394,0.089238
156,55,00214,heavysnow,915,1,,0.999050,0.000950,L,0.999050,0.998100,0.010909,0.001900,0.159078
156,55,00214,heavysnow,916,1,,0.996990,0.003010,L,0.996990,0.993979,0.029552,0.006021,0.192217
156,55,00214,heavysnow,917,1,,0.998157,0.001843,L,0.998157,0.996313,0.019401,0.003687,0.213746
156,55,00214,heavysnow,918,1,,0.998616,0.001384,L,0.998616,0.997231,0.015142,0.002769,0.218942
156,55,00214,heavysnow,919,1,,0.999337,0.000663,L,0.999337,0.998674,0.007958,0.001326,0.178782
156,55,00214,heavysnow,920,1,,0.998897,0.001103,L,0.998897,0.997794,0.012427,0.002206,0.118597
156,55,00214,heavysnow,1085,0,,0.997097,0.002903,L,0.997097,0.994194,0.028648,0.005806,0.090008
156,55,00214,heavysnow,1419,0,,0.999130,0.000870,L,0.999130,0.998261,0.010097,0.001739,0.051739
156,55,00214,heavysnow,144,0,,0.999810,0.000190,L,0.999810,0.999619,0.002627,0.000381,0.051171
156,55,00214,heavysnow,419,0,,0.999799,0.000201,L,0.999799,0.999597,0.002764,0.000403,0.042691
156,55,00214,heavysnow,366,0,,0.996886,0.003114,L,0.996886,0.993772,0.030416,0.006228,0.081104
156,55,00214,heavysnow,760,0,,0.999615,0.000385,L,0.999615,0.999231,0.004918,0.000769,0.051475
156,55,00214,heavysnow,186,0,,0.995337,0.004662,L,0.995337,0.990675,0.042820,0.009325,0.093186
156,55,00214,heavysnow,1372,0,,0.999115,0.000885,L,0.999115,0.998231,0.010249,0.001769,0.045395
156,55,00214,heavysnow,70,0,,0.999814,0.000186,L,0.999814,0.999628,0.002572,0.000372,0.059927
156,55,00214,heavysnow,335,0,,0.999871,0.000129,L,0.999871,0.999742,0.001854,0.000258,0.031118
156,55,00214,heavysnow,235,0,,0.999851,0.000149,L,0.999851,0.999702,0.002112,0.000298,0.046537
156,55,00214,heavysnow,210,0,,0.998328,0.001672,L,0.998328,0.996656,0.017834,0.003344,0.068216
156,55,00214,heavysnow,1042,0,,0.998816,0.001184,L,0.998816,0.997632,0.013219,0.002368,0.033726
156,55,00214,heavysnow,192,0,,0.996133,0.003867,L,0.996133,0.992266,0.036560,0.007734,0.071238
156,55,00214,heavysnow,1160,0,,0.998799,0.001201,L,0.998799,0.997598,0.013385,0.002402,0.049400
156,55,00214,heavysnow,610,0,,0.999729,0.000271,L,0.999729,0.999458,0.003603,0.000542,0.042556
156,55,00214,heavysnow,974,0,,0.998883,0.001117,L,0.998883,0.997765,0.012569,0.002235,0.041585
156,55,00214,heavysnow,980,0,,0.999112,0.000888,L,0.999112,0.998224,0.010284,0.001776,0.032304
157,55,00385,heavysnow,678,1,,0.996674,0.003326,L,0.996674,0.993348,0.032170,0.006652,0.083467
157,55,00385,heavysnow,679,1,,0.997712,0.002288,L,0.997712,0.995424,0.023365,0.004576,0.088944
157,55,00385,heavysnow,680,1,,0.998867,0.001133,L,0.998867,0.997734,0.012719,0.002266,0.117318
157,55,00385,heavysnow,681,1,,0.998454,0.001546,L,0.998454,0.996908,0.016666,0.003092,0.115540
157,55,00385,heavysnow,682,1,,0.997954,0.002046,L,0.997954,0.995909,0.021223,0.004091,0.105938
157,55,00385,heavysnow,683,1,,0.998833,0.001168,L,0.998833,0.997665,0.013058,0.002335,0.070186
157,55,00385,heavysnow,684,1,,0.999324,0.000676,L,0.999324,0.998648,0.008095,0.001352,0.054875
157,55,00385,heavysnow,768,1,,0.999861,0.000138,L,0.999861,0.999723,0.001975,0.000277,0.162298
157,55,00385,heavysnow,769,1,,0.999309,0.000691,L,0.999309,0.998619,0.008248,0.001381,0.193275
157,55,00385,heavysnow,770,1,,0.999941,0.000059,L,0.999941,0.999883,0.000909,0.000117,0.301915
157,55,00385,heavysnow,771,1,,0.999998,0.000002,L,0.999998,0.999997,0.000033,0.000003,0.550418
157,55,00385,heavysnow,772,1,,0.999923,0.000078,L,0.999923,0.999845,0.001170,0.000155,0.328883
157,55,00385,heavysnow,773,1,,0.998956,0.001044,L,0.998956,0.997912,0.011847,0.002088,0.153995
157,55,00385,heavysnow,774,1,,0.999365,0.000635,L,0.999365,0.998731,0.007656,0.001269,0.088914
157,55,00385,heavysnow,858,1,,0.999977,0.000023,L,0.999977,0.999954,0.000390,0.000046,0.237528
157,55,00385,heavysnow,859,1,,0.999936,0.000064,L,0.999936,0.999872,0.000985,0.000128,0.264347
157,55,00385,heavysnow,860,1,,1.000000,0.000000,L,1.000000,1.000000,0.000000,0.000000,0.783841
157,55,00385,heavysnow,861,1,,1.000000,0.000000,L,1.000000,1.000000,0.000000,0.000000,0.851076
157,55,00385,heavysnow,862,1,,1.000000,0.000000,L,1.000000,1.000000,0.000000,0.000000,0.793727
157,55,00385,heavysnow,863,1,,0.999910,0.000090,L,0.999910,0.999820,0.001337,0.000180,0.334148
157,55,00385,heavysnow,864,1,,0.999402,0.000598,L,0.999402,0.998804,0.007268,0.001196,0.105650
157,55,00385,heavysnow,948,1,,0.998820,0.001180,L,0.998820,0.997640,0.013177,0.002360,0.113303
157,55,00385,heavysnow,949,1,,0.997891,0.002109,L,0.997891,0.995782,0.021789,0.004218,0.181439
157,55,00385,heavysnow,950,1,,0.999948,0.000052,L,0.999948,0.999897,0.000810,0.000103,0.282564
157,55,00385,heavysnow,951,1,,0.999998,0.000002,L,0.999998,0.999997,0.000033,0.000003,0.523141
157,55,00385,heavysnow,952,1,,0.999989,0.000011,L,0.999989,0.999979,0.000192,0.000021,0.353257
157,55,00385,heavysnow,953,1,,0.998992,0.001008,L,0.998992,0.997984,0.011488,0.002016,0.096548
157,55,00385,heavysnow,954,1,,0.999150,0.000850,L,0.999150,0.998299,0.009900,0.001701,0.057420
157,55,00385,heavysnow,1038,1,,0.993676,0.006324,L,0.993676,0.987353,0.055289,0.012647,0.091909
157,55,00385,heavysnow,1039,1,,0.993169,0.006831,L,0.993169,0.986337,0.058963,0.013663,0.134640
157,55,00385,heavysnow,1040,1,,0.996940,0.003060,L,0.996940,0.993880,0.029966,0.006120,0.138592
157,55,00385,heavysnow,1041,1,,0.998706,0.001294,L,0.998706,0.997412,0.014281,0.002588,0.116698
157,55,00385,heavysnow,1042,1,,0.998602,0.001398,L,0.998602,0.997204,0.015273,0.002796,0.072088
157,55,00385,heavysnow,1043,1,,0.999377,0.000623,L,0.999377,0.998754,0.007531,0.001246,0.050017
157,55,00385,heavysnow,1044,1,,0.999370,0.000630,L,0.999370,0.998740,0.007607,0.001260,0.038319
157,55,00385,heavysnow,531,0,,0.999776,0.000224,L,0.999776,0.999551,0.003043,0.000449,0.052261
157,55,00385,heavysnow,1055,0,,0.998698,0.001302,L,0.998698,0.997395,0.014359,0.002605,0.047938
157,55,00385,heavysnow,693,0,,0.999579,0.000421,L,0.999579,0.999158,0.005328,0.000842,0.057302
157,55,00385,heavysnow,561,0,,0.999546,0.000454,L,0.999546,0.999093,0.005693,0.000907,0.038595
157,55,00385,heavysnow,731,0,,0.998134,0.001865,L,0.998134,0.996269,0.019602,0.003731,0.082893
157,55,00385,heavysnow,74,0,,0.999787,0.000213,L,0.999787,0.999575,0.002901,0.000425,0.078111
157,55,00385,heavysnow,410,0,,0.999493,0.000507,L,0.999493,0.998985,0.006285,0.001015,0.031578
157,55,00385,heavysnow,934,0,,0.999208,0.000792,L,0.999208,0.998417,0.009299,0.001583,0.054215
157,55,00385,heavysnow,1284,0,,0.998968,0.001032,L,0.998968,0.997936,0.011728,0.002064,0.097490
157,55,00385,heavysnow,943,0,,0.997816,0.002184,L,0.997816,0.995632,0.022452,0.004368,0.050867
157,55,00385,heavysnow,422,0,,0.999761,0.000239,L,0.999761,0.999522,0.003220,0.000478,0.045411
157,55,00385,heavysnow,1318,0,,0.999304,0.000696,L,0.999304,0.998608,0.008305,0.001392,0.051646
157,55,00385,heavysnow,641,0,,0.999376,0.000624,L,0.999376,0.998753,0.007539,0.001247,0.071319
157,55,00385,heavysnow,1349,0,,0.999304,0.000696,L,0.999304,0.998608,0.008305,0.001392,0.052480
157,55,00385,heavysnow,632,0,,0.999024,0.000976,L,0.999024,0.998049,0.011164,0.001951,0.062517
157,55,00385,heavysnow,1113,0,,0.999290,0.000710,L,0.999290,0.998580,0.008451,0.001420,0.075076
157,55,00385,heavysnow,1280,0,,0.997973,0.002027,L,0.997973,0.995945,0.021059,0.004055,0.070765
157,55,00385,heavysnow,711,0,,0.999600,0.000400,L,0.999600,0.999200,0.005091,0.000800,0.051641
158,55,00447,heavysnow,306,1,,0.999685,0.000315,L,0.999685,0.999370,0.004119,0.000630,0.083566
158,55,00447,heavysnow,126,1,,0.999233,0.000767,L,0.999233,0.998466,0.009042,0.001534,0.088570
158,55,00447,heavysnow,399,1,,0.999990,0.000010,L,0.999990,0.999979,0.000187,0.000021,0.139108
158,55,00447,heavysnow,313,1,,1.000000,0.000000,L,1.000000,1.000000,0.000000,0.000000,0.746711
158,55,00447,heavysnow,222,1,,0.998303,0.001697,L,0.998303,0.996606,0.018065,0.003394,0.125764
158,55,00447,heavysnow,223,1,,0.999835,0.000165,L,0.999835,0.999670,0.002312,0.000330,0.108265
158,55,00447,heavysnow,37,1,,0.998778,0.001222,L,0.998778,0.997556,0.013586,0.002444,0.084724
158,55,00447,heavysnow,133,1,,0.998621,0.001379,L,0.998621,0.997241,0.015095,0.002759,0.080522
158,55,00447,heavysnow,39,1,,0.998109,0.001891,L,0.998109,0.996219,0.019829,0.003781,0.096379
158,55,00447,heavysnow,43,1,,0.999784,0.000216,L,0.999784,0.999569,0.002939,0.000431,0.065119
158,55,00447,heavysnow,311,1,,0.999561,0.000439,L,0.999561,0.999122,0.005532,0.000878,0.096947
158,55,00447,heavysnow,400,1,,0.999939,0.000061,L,0.999939,0.999877,0.000947,0.000123,0.105098
158,55,00447,heavysnow,583,1,,0.999268,0.000732,L,0.999268,0.998536,0.008682,0.001464,0.051118
158,55,00447,heavysnow,491,1,,0.998321,0.001679,L,0.998321,0.996642,0.017897,0.003358,0.073043
158,55,00447,heavysnow,130,1,,0.999740,0.000260,L,0.999740,0.999480,0.003471,0.000520,0.087796
158,55,00447,heavysnow,489,1,,0.998945,0.001055,L,0.998945,0.997890,0.011952,0.002110,0.081673
158,55,00447,heavysnow,312,1,,1.000000,0.000000,L,1.000000,0.999999,0.000007,0.000001,0.328914
158,55,00447,heavysnow,314,1,,1.000000,0.000000,L,1.000000,1.000000,0.000000,0.000000,0.577786
158,55,00447,heavysnow,132,1,,0.999209,0.000791,L,0.999209,0.998418,0.009291,0.001582,0.083103
158,55,00447,heavysnow,40,1,,0.999128,0.000872,L,0.999128,0.998257,0.010116,0.001743,0.067249
158,55,00447,heavysnow,397,1,,0.998648,0.001352,L,0.998648,0.997296,0.014834,0.002704,0.090228
158,55,00447,heavysnow,128,1,,0.999387,0.000613,L,0.999387,0.998773,0.007430,0.001227,0.110718
158,55,00447,heavysnow,218,1,,0.999979,0.000021,L,0.999979,0.999958,0.000355,0.000042,0.122450
158,55,00447,heavysnow,42,1,,0.999713,0.000287,L,0.999713,0.999425,0.003795,0.000575,0.065221
158,55,00447,heavysnow,309,1,,0.999999,0.000001,L,0.999999,0.999999,0.000016,0.000001,0.216442
158,55,00447,heavysnow,127,1,,0.998618,0.001382,L,0.998618,0.997236,0.015121,0.002764,0.105397
158,55,00447,heavysnow,41,1,,0.999642,0.000358,L,0.999642,0.999283,0.004620,0.000717,0.072267
158,55,00447,heavysnow,45,1,,0.999818,0.000182,L,0.999818,0.999637,0.002519,0.000363,0.074182
158,55,00447,heavysnow,220,1,,0.999838,0.000162,L,0.999838,0.999677,0.002268,0.000323,0.112172
158,55,00447,heavysnow,216,1,,0.999930,0.000070,L,0.999930,0.999861,0.001062,0.000139,0.103013
158,55,00447,heavysnow,310,1,,0.999996,0.000004,L,0.999996,0.999992,0.000080,0.000008,0.136634
158,55,00447,heavysnow,308,1,,0.999956,0.000044,L,0.999956,0.999913,0.000695,0.000087,0.121186
158,55,00447,heavysnow,224,1,,0.999680,0.000320,L,0.999680,0.999359,0.004180,0.000641,0.092494
158,55,00447,heavysnow,490,1,,0.997997,0.002003,L,0.997997,0.995994,0.020839,0.004006,0.084295
158,55,00447,heavysnow,38,1,,0.998017,0.001983,L,0.998017,0.996035,0.020659,0.003965,0.095971
158,55,00447,heavysnow,582,1,,0.998254,0.001747,L,0.998254,0.996507,0.018518,0.003493,0.069273
158,55,00447,heavysnow,290,0,,0.998632,0.001368,L,0.998632,0.997264,0.014985,0.002736,0.091712
158,55,00447,heavysnow,763,0,,0.999718,0.000282,L,0.999718,0.999435,0.003736,0.000565,0.047073
158,55,00447,heavysnow,377,0,,0.996516,0.003484,L,0.996516,0.993032,0.033464,0.006968,0.094408
158,55,00447,heavysnow,1123,0,,0.998933,0.001067,L,0.998933,0.997866,0.012070,0.002134,0.053203
158,55,00447,heavysnow,159,0,,0.999695,0.000305,L,0.999695,0.999390,0.004000,0.000610,0.044925
158,55,00447,heavysnow,863,0,,0.999474,0.000526,L,0.999474,0.998947,0.006491,0.001053,0.035932
158,55,00447,heavysnow,1302,0,,0.999386,0.000614,L,0.999386,0.998771,0.007441,0.001229,0.040910
158,55,00447,heavysnow,752,0,,0.999488,0.000512,L,0.999488,0.998976,0.006338,0.001024,0.078204
158,55,00447,heavysnow,375,0,,0.995300,0.004700,L,0.995300,0.990599,0.043113,0.009401,0.139330
158,55,00447,heavysnow,1147,0,,0.999457,0.000543,L,0.999457,0.998914,0.006675,0.001086,0.031129
158,55,00447,heavysnow,989,0,,0.999234,0.000766,L,0.999234,0.998467,0.009037,0.001533,0.048098
158,55,00447,heavysnow,1012,0,,0.998526,0.001474,L,0.998526,0.997052,0.015992,0.002948,0.065856
158,55,00447,heavysnow,355,0,,0.999807,0.000193,L,0.999807,0.999614,0.002659,0.000386,0.052680
158,55,00447,heavysnow,1048,0,,0.998870,0.001130,L,0.998870,0.997739,0.012694,0.002261,0.035885
158,55,00447,heavysnow,430,0,,0.999689,0.000311,L,0.999689,0.999377,0.004077,0.000623,0.091893
158,55,00447,heavysnow,510,0,,0.999799,0.000201,L,0.999799,0.999597,0.002762,0.000403,0.047551
158,55,00447,heavysnow,904,0,,0.996619,0.003381,L,0.996619,0.993238,0.032621,0.006762,0.086952
158,55,00447,heavysnow,1419,0,,0.999449,0.000551,L,0.999449,0.998897,0.006764,0.001103,0.043189
159,55,00494,heavysnow,457,1,,0.996750,0.003250,L,0.996750,0.993500,0.031545,0.006500,0.126618
159,55,00494,heavysnow,15,1,,0.999643,0.000357,L,0.999643,0.999287,0.004598,0.000713,0.076923
159,55,00494,heavysnow,14,1,,0.999689,0.000312,L,0.999689,0.999377,0.004078,0.000623,0.068022
159,55,00494,heavysnow,394,1,,0.999901,0.000099,L,0.999901,0.999802,0.001462,0.000198,0.090774
159,55,00494,heavysnow,572,1,,0.999942,0.000058,L,0.999942,0.999884,0.000897,0.000116,0.148427
159,55,00494,heavysnow,476,1,,0.998437,0.001563,L,0.998437,0.996874,0.016824,0.003126,0.217803
159,55,00494,heavysnow,215,1,,0.999627,0.000373,L,0.999627,0.999255,0.004782,0.000745,0.046903
159,55,00494,heavysnow,116,1,,0.999976,0.000024,L,0.999976,0.999951,0.000410,0.000049,0.065802
159,55,00494,heavysnow,191,1,,0.997773,0.002227,L,0.997773,0.995545,0.022835,0.004455,0.177458
159,55,00494,heavysnow,369,1,,0.999650,0.000350,L,0.999650,0.999300,0.004525,0.000700,0.252575
159,55,00494,heavysnow,213,1,,0.999611,0.000389,L,0.999611,0.999223,0.004964,0.000777,0.046564
159,55,00494,heavysnow,203,1,,0.999514,0.000486,L,0.999514,0.999028,0.006049,0.000972,0.076560
159,55,00494,heavysnow,105,1,,0.999330,0.000670,L,0.999330,0.998659,0.008035,0.001341,0.062913
159,55,00494,heavysnow,97,1,,0.997202,0.002798,L,0.997202,0.994404,0.027762,0.005596,0.090381
159,55,00494,heavysnow,571,1,,0.998668,0.001332,L,0.998668,0.997337,0.014641,0.002663,0.094710
159,55,00494,heavysnow,664,1,,0.999869,0.000131,L,0.999869,0.999738,0.001880,0.000262,0.279756
159,55,00494,heavysnow,459,1,,0.997389,0.002611,L,0.997389,0.994778,0.026169,0.005222,0.199183
159,55,00494,heavysnow,385,1,,0.999975,0.000025,L,0.999975,0.999950,0.000418,0.000050,0.321398
159,55,00494,heavysnow,306,1,,0.999345,0.000655,L,0.999345,0.998689,0.007875,0.001311,0.062050
159,55,00494,heavysnow,483,1,,1.000000,0.000000,L,1.000000,0.999999,0.000009,0.000001,0.240088
159,55,00494,heavysnow,102,1,,0.999401,0.000599,L,0.999401,0.998802,0.007277,0.001198,0.073785
159,55,00494,heavysnow,573,1,,0.999999,0.000001,L,0.999999,0.999997,0.000030,0.000003,0.332398
159,55,00494,heavysnow,26,1,,0.999765,0.000235,L,0.999765,0.999530,0.003170,0.000470,0.060442
159,55,00494,heavysnow,294,1,,0.999998,0.000002,L,0.999998,0.999996,0.000043,0.000004,0.292840
159,55,00494,heavysnow,283,1,,0.997787,0.002213,L,0.997787,0.995574,0.022706,0.004426,0.203226
159,55,00494,heavysnow,11,1,,0.999919,0.000081,L,0.999919,0.999839,0.001212,0.000161,0.073367
159,55,00494,heavysnow,23,1,,0.999918,0.000082,L,0.999918,0.999836,0.001234,0.000164,0.052041
159,55,00494,heavysnow,553,1,,0.997572,0.002428,L,0.997572,0.995145,0.024585,0.004855,0.097742
159,55,00494,heavysnow,465,1,,1.000000,0.000000,L,1.000000,1.000000,0.000002,0.000000,0.335029
159,55,00494,heavysnow,460,1,,0.999493,0.000507,L,0.999493,0.998986,0.006280,0.001014,0.223009
159,55,00494,heavysnow,104,1,,0.999347,0.000653,L,0.999347,0.998695,0.007848,0.001305,0.056851
159,55,00494,heavysnow,277,1,,0.999194,0.000806,L,0.999194,0.998388,0.009446,0.001612,0.161460
159,55,00494,heavysnow,395,1,,0.999800,0.000200,L,0.999800,0.999601,0.002742,0.000399,0.074888
159,55,00494,heavysnow,115,1,,0.999994,0.000006,L,0.999994,0.999987,0.000117,0.000013,0.061195
159,55,00494,heavysnow,393,1,,0.999982,0.000018,L,0.999982,0.999963,0.000315,0.000037,0.100840
159,55,00494,heavysnow,296,1,,0.999906,0.000094,L,0.999906,0.999813,0.001388,0.000187,0.161976
159,55,00494,heavysnow,226,0,,0.999268,0.000732,L,0.999268,0.998537,0.008676,0.001463,0.061223
159,55,00494,heavysnow,840,0,,0.997109,0.002891,L,0.997109,0.994219,0.028546,0.005781,0.088064
159,55,00494,heavysnow,1194,0,,0.997634,0.002366,L,0.997634,0.995267,0.024052,0.004733,0.056574
159,55,00494,heavysnow,388,0,,0.999448,0.000553,L,0.999448,0.998895,0.006776,0.001105,0.170232
159,55,00494,heavysnow,1276,0,,0.997370,0.002630,L,0.997370,0.994740,0.026332,0.005260,0.056445
159,55,00494,heavysnow,502,0,,0.999417,0.000583,L,0.999417,0.998834,0.007105,0.001166,0.042720
159,55,00494,heavysnow,514,0,,0.999797,0.000203,L,0.999797,0.999595,0.002779,0.000405,0.038300
159,55,00494,heavysnow,1308,0,,0.998411,0.001589,L,0.998411,0.996821,0.017067,0.003179,0.054105
159,55,00494,heavysnow,335,0,,0.999818,0.000183,L,0.999818,0.999635,0.002530,0.000365,0.052407
159,55,00494,heavysnow,581,0,,0.999880,0.000120,L,0.999880,0.999760,0.001734,0.000240,0.075061
159,55,00494,heavysnow,288,0,,0.999363,0.000637,L,0.999363,0.998725,0.007687,0.001275,0.063602
159,55,00494,heavysnow,782,0,,0.999038,0.000962,L,0.999038,0.998075,0.011033,0.001925,0.043450
159,55,00494,heavysnow,83,0,,0.999788,0.000212,L,0.999788,0.999576,0.002892,0.000424,0.078131
159,55,00494,heavysnow,1108,0,,0.998089,0.001911,L,0.998089,0.996177,0.020018,0.003823,0.046271
159,55,00494,heavysnow,886,0,,0.999604,0.000396,L,0.999604,0.999207,0.005052,0.000793,0.041267
159,55,00494,heavysnow,888,0,,0.999597,0.000403,L,0.999597,0.999195,0.005121,0.000805,0.046705
159,55,00494,heavysnow,1275,0,,0.999273,0.000727,L,0.999273,0.998547,0.008624,0.001453,0.058566
159,55,00494,heavysnow,1143,0,,0.999680,0.000320,L,0.999680,0.999359,0.004182,0.000641,0.045715
160,56,00222,heavysnow,1316,1,,0.999416,0.000584,L,0.999416,0.998832,0.007113,0.001168,0.111878
160,56,00222,heavysnow,1135,1,,0.997393,0.002607,L,0.997393,0.994786,0.026132,0.005214,0.196347
160,56,00222,heavysnow,1401,1,,0.996110,0.003890,L,0.996110,0.992220,0.036744,0.007780,0.140807
160,56,00222,heavysnow,1418,1,,0.998146,0.001854,L,0.998146,0.996291,0.019501,0.003709,0.109911
160,56,00222,heavysnow,1311,1,,0.999482,0.000518,L,0.999482,0.998963,0.006404,0.001037,0.182315
160,56,00222,heavysnow,1403,1,,0.999933,0.000067,L,0.999933,0.999867,0.001020,0.000133,0.258830
160,56,00222,heavysnow,1332,1,,0.999999,0.000001,L,0.999999,0.999998,0.000025,0.000002,0.433556
160,56,00222,heavysnow,1137,1,,0.999404,0.000596,L,0.999404,0.998807,0.007247,0.001193,0.070984
160,56,00222,heavysnow,1335,1,,0.999949,0.000051,L,0.999949,0.999897,0.000806,0.000103,0.076377
160,56,00222,heavysnow,1136,1,,0.999485,0.000515,L,0.999485,0.998970,0.006367,0.001030,0.114022
160,56,00222,heavysnow,1238,1,,0.999915,0.000085,L,0.999915,0.999831,0.001266,0.000169,0.223969
160,56,00222,heavysnow,1312,1,,0.999984,0.000016,L,0.999984,0.999967,0.000283,0.000033,0.343601
160,56,00222,heavysnow,1064,1,,0.998782,0.001218,L,0.998782,0.997565,0.013543,0.002435,0.052976
160,56,00222,heavysnow,1314,1,,1.000000,0.000000,L,1.000000,1.000000,0.000000,0.000000,0.716436
160,56,00222,heavysnow,1152,1,,0.999855,0.000145,L,0.999855,0.999710,0.002061,0.000290,0.294310
160,56,00222,heavysnow,1058,1,,0.998583,0.001417,L,0.998583,0.997165,0.015456,0.002835,0.072471
160,56,00222,heavysnow,1059,1,,0.998879,0.001121,L,0.998879,0.997759,0.012599,0.002241,0.100416
160,56,00222,heavysnow,1317,1,,0.999242,0.000758,L,0.999242,0.998483,0.008955,0.001517,0.074982
160,56,00222,heavysnow,1244,1,,0.999994,0.000006,L,0.999994,0.999988,0.000110,0.000012,0.168208
160,56,00222,heavysnow,1151,1,,0.999948,0.000052,L,0.999948,0.999896,0.000815,0.000104,0.403576
160,56,00222,heavysnow,1227,1,,0.999642,0.000358,L,0.999642,0.999284,0.004618,0.000716,0.108095
160,56,00222,heavysnow,1242,1,,1.000000,0.000000,L,1.000000,1.000000,0.000006,0.000000,0.655969
160,56,00222,heavysnow,1132,1,,0.998901,0.001099,L,0.998901,0.997802,0.012388,0.002198,0.155633
160,56,00222,heavysnow,1330,1,,0.999923,0.000077,L,0.999923,0.999846,0.001163,0.000154,0.254405
160,56,00222,heavysnow,1331,1,,0.999997,0.000003,L,0.999997,0.999995,0.000055,0.000005,0.472131
160,56,00222,heavysnow,1224,1,,1.000000,0.000000,L,1.000000,1.000000,0.000001,0.000000,0.660378
160,56,00222,heavysnow,1315,1,,0.999999,0.000001,L,0.999999,0.999998,0.000017,0.000002,0.544001
160,56,00222,heavysnow,1402,1,,0.998667,0.001333,L,0.998667,0.997333,0.014657,0.002667,0.188890
160,56,00222,heavysnow,1424,1,,0.999903,0.000097,L,0.999903,0.999807,0.001427,0.000193,0.074403
160,56,00222,heavysnow,1240,1,,0.999998,0.000002,L,0.999998,0.999997,0.000034,0.000003,0.527765
160,56,00222,heavysnow,1223,1,,1.000000,0.000000,L,1.000000,1.000000,0.000003,0.000000,0.600735
160,56,00222,heavysnow,1063,1,,0.998671,0.001329,L,0.998671,0.997342,0.014616,0.002658,0.061069
160,56,00222,heavysnow,1154,1,,0.999665,0.000335,L,0.999665,0.999330,0.004353,0.000670,0.088791
160,56,00222,heavysnow,1150,1,,0.999780,0.000220,L,0.999780,0.999560,0.002991,0.000440,0.274597
160,56,00222,heavysnow,1062,1,,0.998149,0.001851,L,0.998149,0.996299,0.019468,0.003701,0.071122
160,56,00222,heavysnow,1149,1,,0.999148,0.000852,L,0.999148,0.998296,0.009918,0.001704,0.217791
160,56,00222,heavysnow,468,0,,0.998849,0.001151,L,0.998849,0.997698,0.012895,0.002302,0.043053
160,56,00222,heavysnow,692,0,,0.999704,0.000296,L,0.999704,0.999408,0.003897,0.000592,0.050030
160,56,00222,heavysnow,72,0,,0.999841,0.000159,L,0.999841,0.999682,0.002234,0.000318,0.054447
160,56,00222,heavysnow,820,0,,0.998046,0.001954,L,0.998046,0.996092,0.020401,0.003908,0.127416
160,56,00222,heavysnow,95,0,,0.998653,0.001347,L,0.998653,0.997306,0.014788,0.002694,0.069152
160,56,00222,heavysnow,1266,0,,0.997587,0.002413,L,0.997587,0.995174,0.024457,0.004826,0.058252
160,56,00222,heavysnow,878,0,,0.998929,0.001071,L,0.998929,0.997858,0.012110,0.002142,0.039844
160,56,00222,heavysnow,1173,0,,0.998760,0.001240,L,0.998760,0.997520,0.013763,0.002480,0.080091
160,56,00222,heavysnow,503,0,,0.999480,0.000520,L,0.999480,0.998960,0.006424,0.001040,0.036680
160,56,00222,heavysnow,795,0,,0.999220,0.000780,L,0.999220,0.998441,0.009174,0.001559,0.033569
160,56,00222,heavysnow,543,0,,0.997832,0.002168,L,0.997832,0.995664,0.022311,0.004336,0.140821
160,56,00222,heavysnow,1005,0,,0.998471,0.001529,L,0.998471,0.996942,0.016506,0.003058,0.044675
160,56,00222,heavysnow,1114,0,,0.998643,0.001357,L,0.998643,0.997285,0.014886,0.002715,0.057807
160,56,00222,heavysnow,407,0,,0.998992,0.001008,L,0.998992,0.997984,0.011486,0.002016,0.082375
160,56,00222,heavysnow,319,0,,0.998610,0.001390,L,0.998610,0.997220,0.015195,0.002780,0.061095
160,56,00222,heavysnow,373,0,,0.997957,0.002043,L,0.997957,0.995913,0.021202,0.004087,0.045952
160,56,00222,heavysnow,272,0,,0.992619,0.007381,L,0.992619,0.985238,0.062881,0.014762,0.093042
160,56,00222,heavysnow,1263,0,,0.997091,0.002909,L,0.997091,0.994182,0.028699,0.005818,0.083918
161,56,00462,heavysnow,935,1,,0.998767,0.001233,L,0.998767,0.997534,0.013693,0.002466,0.090665
161,56,00462,heavysnow,936,1,,0.999101,0.000899,L,0.999101,0.998202,0.010397,0.001798,0.098591
161,56,00462,heavysnow,937,1,,0.999083,0.000917,L,0.999083,0.998166,0.010576,0.001834,0.135292
161,56,00462,heavysnow,938,1,,0.998763,0.001237,L,0.998763,0.997527,0.013727,0.002473,0.173302
161,56,00462,heavysnow,939,1,,0.998204,0.001796,L,0.998204,0.996408,0.018971,0.003592,0.161874
161,56,00462,heavysnow,940,1,,0.998785,0.001215,L,0.998785,0.997569,0.013521,0.002431,0.086308
161,56,00462,heavysnow,941,1,,0.999538,0.000462,L,0.999538,0.999076,0.005785,0.000924,0.047766
161,56,00462,heavysnow,942,1,,0.999216,0.000784,L,0.999216,0.998431,0.009223,0.001569,0.044984
161,56,00462,heavysnow,1025,1,,0.999858,0.000142,L,0.999858,0.999716,0.002019,0.000284,0.136319
161,56,00462,heavysnow,1026,1,,0.999049,0.000951,L,0.999049,0.998098,0.010920,0.001902,0.180497
161,56,00462,heavysnow,1027,1,,0.999996,0.000004,L,0.999996,0.999991,0.000085,0.000009,0.436021
161,56,00462,heavysnow,1028,1,,1.000000,0.000000,L,1.000000,1.000000,0.000001,0.000000,0.734011
161,56,00462,heavysnow,1029,1,,1.000000,0.000000,L,1.000000,1.000000,0.000002,0.000000,0.713188
161,56,00462,heavysnow,1030,1,,0.999897,0.000103,L,0.999897,0.999794,0.001515,0.000206,0.324685
161,56,00462,heavysnow,1031,1,,0.999415,0.000585,L,0.999415,0.998829,0.007129,0.001171,0.125180
161,56,00462,heavysnow,1032,1,,0.999479,0.000521,L,0.999479,0.998957,0.006438,0.001043,0.042715
161,56,00462,heavysnow,1115,1,,0.999490,0.000510,L,0.999490,0.998980,0.006311,0.001020,0.113696
161,56,00462,heavysnow,1116,1,,0.998589,0.001411,L,0.998589,0.997177,0.015399,0.002823,0.161291
161,56,00462,heavysnow,1117,1,,0.999998,0.000002,L,0.999998,0.999995,0.000047,0.000005,0.470505
161,56,00462,heavysnow,1118,1,,1.000000,0.000000,L,1.000000,1.000000,0.000000,0.000000,0.757934
161,56,00462,heavysnow,1119,1,,1.000000,0.000000,L,1.000000,1.000000,0.000001,0.000000,0.746741
161,56,00462,heavysnow,1120,1,,0.999973,0.000027,L,0.999973,0.999946,0.000449,0.000054,0.414453
161,56,00462,heavysnow,1121,1,,0.999373,0.000627,L,0.999373,0.998747,0.007570,0.001253,0.098273
161,56,00462,heavysnow,1122,1,,0.999210,0.000790,L,0.999210,0.998421,0.009278,0.001579,0.055657
161,56,00462,heavysnow,1205,1,,0.997780,0.002220,L,0.997780,0.995560,0.022770,0.004440,0.087110
161,56,00462,heavysnow,1206,1,,0.997150,0.002850,L,0.997150,0.994301,0.028200,0.005699,0.094256
161,56,00462,heavysnow,1207,1,,0.998510,0.001490,L,0.998510,0.997020,0.016138,0.002980,0.123645
161,56,00462,heavysnow,1208,1,,0.999578,0.000422,L,0.999578,0.999155,0.005343,0.000845,0.118753
161,56,00462,heavysnow,1209,1,,0.998717,0.001283,L,0.998717,0.997434,0.014177,0.002566,0.140339
161,56,00462,heavysnow,1210,1,,0.997872,0.002128,L,0.997872,0.995743,0.021959,0.004257,0.115373
161,56,00462,heavysnow,1211,1,,0.998257,0.001743,L,0.998257,0.996514,0.018486,0.003486,0.061742
161,56,00462,heavysnow,1212,1,,0.998251,0.001749,L,0.998251,0.996501,0.018544,0.003499,0.062160
161,56,00462,heavysnow,1142,0,,0.998885,0.001115,L,0.998885,0.997771,0.012541,0.002229,0.045488
161,56,00462,heavysnow,970,0,,0.999088,0.000912,L,0.999088,0.998176,0.010526,0.001824,0.034182
161,56,00462,heavysnow,1037,0,,0.998616,0.001384,L,0.998616,0.997233,0.015135,0.002767,0.043803
161,56,00462,heavysnow,1051,0,,0.998768,0.001232,L,0.998768,0.997537,0.013680,0.002463,0.039237
161,56,00462,heavysnow,563,0,,0.999508,0.000492,L,0.999508,0.999015,0.006119,0.000985,0.022561
161,56,00462,heavysnow,773,0,,0.999658,0.000342,L,0.999658,0.999316,0.004430,0.000684,0.032717
161,56,00462,heavysnow,325,0,,0.999861,0.000138,L,0.999861,0.999723,0.001975,0.000277,0.034146
161,56,00462,heavysnow,438,0,,0.999563,0.000437,L,0.999563,0.999126,0.005508,0.000874,0.055693
161,56,00462,heavysnow,293,0,,0.998713,0.001287,L,0.998713,0.997426,0.014211,0.002574,0.046916
161,56,00462,heavysnow,1221,0,,0.999228,0.000772,L,0.999228,0.998456,0.009097,0.001544,0.047458
161,56,00462,heavysnow,1113,0,,0.996577,0.003423,L,0.996577,0.993155,0.032962,0.006845,0.084592
161,56,00462,heavysnow,344,0,,0.999674,0.000326,L,0.999674,0.999348,0.004246,0.000652,0.033940
161,56,00462,heavysnow,804,0,,0.999736,0.000264,L,0.999736,0.999472,0.003518,0.000528,0.047006
161,56,00462,heavysnow,472,0,,0.999249,0.000751,L,0.999249,0.998498,0.008878,0.001502,0.033903
161,56,00462,heavysnow,1420,0,,0.999078,0.000922,L,0.999078,0.998156,0.010626,0.001844,0.059022
161,56,00462,heavysnow,1361,0,,0.995621,0.004379,L,0.995621,0.991242,0.040615,0.008758,0.087546
161,56,00462,heavysnow,1396,0,,0.999977,0.000024,L,0.999977,0.999953,0.000395,0.000047,0.090073
161,56,00462,heavysnow,562,0,,0.997931,0.002069,L,0.997931,0.995863,0.021428,0.004137,0.032316
162,56,00510,heavysnow,1001,1,,0.999129,0.000872,L,0.999129,0.998257,0.010115,0.001743,0.055905
162,56,00510,heavysnow,1002,1,,0.996908,0.003092,L,0.996908,0.993816,0.030233,0.006184,0.088313
162,56,00510,heavysnow,1003,1,,0.998792,0.001208,L,0.998792,0.997585,0.013448,0.002415,0.119859
162,56,00510,heavysnow,1004,1,,0.998451,0.001549,L,0.998451,0.996902,0.016693,0.003098,0.208367
162,56,00510,heavysnow,1005,1,,0.997764,0.002236,L,0.997764,0.995529,0.022907,0.004471,0.260801
162,56,00510,heavysnow,1006,1,,0.999113,0.000887,L,0.999113,0.998226,0.010273,0.001774,0.254341
162,56,00510,heavysnow,1007,1,,0.998899,0.001101,L,0.998899,0.997798,0.012407,0.002202,0.091027
162,56,00510,heavysnow,1091,1,,0.999498,0.000502,L,0.999498,0.998996,0.006225,0.001004,0.088074
162,56,00510,heavysnow,1092,1,,0.999971,0.000029,L,0.999971,0.999943,0.000475,0.000057,0.199013
162,56,00510,heavysnow,1093,1,,1.000000,0.000000,L,1.000000,1.000000,0.000002,0.000000,0.671212
162,56,00510,heavysnow,1094,1,,1.000000,0.000000,L,1.000000,1.000000,0.000003,0.000000,0.717951
162,56,00510,heavysnow,1095,1,,0.999973,0.000027,L,0.999973,0.999945,0.000455,0.000055,0.481595
162,56,00510,heavysnow,1096,1,,0.998746,0.001254,L,0.998746,0.997492,0.013898,0.002508,0.188882
162,56,00510,heavysnow,1097,1,,0.998828,0.001172,L,0.998828,0.997656,0.013099,0.002344,0.085313
162,56,00510,heavysnow,1181,1,,0.998437,0.001563,L,0.998437,0.996873,0.016827,0.003127,0.095585
162,56,00510,heavysnow,1182,1,,0.999854,0.000146,L,0.999854,0.999709,0.002065,0.000291,0.061326
162,56,00510,heavysnow,1183,1,,0.999998,0.000002,L,0.999998,0.999996,0.000036,0.000004,0.314937
162,56,00510,heavysnow,1184,1,,1.000000,0.000000,L,1.000000,1.000000,0.000005,0.000000,0.412844
162,56,00510,heavysnow,1185,1,,0.999994,0.000006,L,0.999994,0.999988,0.000115,0.000012,0.187805
162,56,00510,heavysnow,1186,1,,0.999915,0.000085,L,0.999915,0.999829,0.001278,0.000171,0.083556
162,56,00510,heavysnow,1187,1,,0.999675,0.000325,L,0.999675,0.999349,0.004238,0.000651,0.061262
162,56,00510,heavysnow,1271,1,,0.999079,0.000921,L,0.999079,0.998158,0.010618,0.001842,0.096728
162,56,00510,heavysnow,1272,1,,0.999200,0.000800,L,0.999200,0.998399,0.009387,0.001601,0.100620
162,56,00510,heavysnow,1273,1,,0.999737,0.000263,L,0.999737,0.999473,0.003512,0.000527,0.086112
162,56,00510,heavysnow,1274,1,,0.999960,0.000040,L,0.999960,0.999920,0.000642,0.000080,0.078123
162,56,00510,heavysnow,1275,1,,0.999949,0.000051,L,0.999949,0.999898,0.000802,0.000102,0.066846
162,56,00510,heavysnow,1276,1,,0.999968,0.000032,L,0.999968,0.999935,0.000528,0.000065,0.084321
162,56,00510,heavysnow,1277,1,,0.999944,0.000056,L,0.999944,0.999889,0.000867,0.000111,0.080026
162,56,00510,heavysnow,851,0,,0.999623,0.000377,L,0.999623,0.999246,0.004832,0.000754,0.050066
162,56,00510,heavysnow,706,0,,0.999454,0.000546,L,0.999454,0.998908,0.006705,0.001092,0.042741
162,56,00510,heavysnow,1300,0,,0.999346,0.000654,L,0.999346,0.998693,0.007858,0.001307,0.041678
162,56,00510,heavysnow,1267,0,,0.998024,0.001976,L,0.998024,0.996047,0.020602,0.003953,0.160307
162,56,00510,heavysnow,932,0,,0.998819,0.001181,L,0.998819,0.997638,0.013189,0.002362,0.056177
162,56,00510,heavysnow,1065,0,,0.999009,0.000991,L,0.999009,0.998018,0.011318,0.001982,0.035345
162,56,00510,heavysnow,768,0,,0.998108,0.001892,L,0.998108,0.996216,0.019843,0.003784,0.061740
162,56,00510,heavysnow,331,0,,0.999660,0.000340,L,0.999660,0.999320,0.004407,0.000680,0.030831
162,56,00510,heavysnow,1130,0,,0.999302,0.000698,L,0.999302,0.998604,0.008324,0.001396,0.035756
162,56,00510,heavysnow,195,0,,0.999608,0.000392,L,0.999608,0.999216,0.004999,0.000784,0.029268
162,56,00510,heavysnow,1000,0,,0.999718,0.000282,L,0.999718,0.999436,0.003732,0.000564,0.049929
162,56,00510,heavysnow,482,0,,0.999726,0.000274,L,0.999726,0.999452,0.003638,0.000548,0.050942
162,56,00510,heavysnow,570,0,,0.999729,0.000271,L,0.999729,0.999457,0.003607,0.000543,0.052533
162,56,00510,heavysnow,1119,0,,0.999002,0.000998,L,0.999002,0.998005,0.011384,0.001995,0.042358
162,56,00510,heavysnow,1235,0,,0.999397,0.000603,L,0.999397,0.998793,0.007324,0.001207,0.055019
162,56,00510,heavysnow,866,0,,0.999375,0.000625,L,0.999375,0.998750,0.007552,0.001250,0.030503
162,56,00510,heavysnow,1253,0,,0.998075,0.001925,L,0.998075,0.996151,0.020137,0.003849,0.135548
162,56,00510,heavysnow,353,0,,0.999815,0.000185,L,0.999815,0.999630,0.002562,0.000370,0.052324
163,57,00279,heavysnow,605,1,,0.999576,0.000424,L,0.999576,0.999153,0.005359,0.000847,0.141018
163,57,00279,heavysnow,788,1,,0.999611,0.000389,L,0.999611,0.999223,0.004964,0.000777,0.039610
163,57,00279,heavysnow,519,1,,0.999838,0.000162,L,0.999838,0.999676,0.002276,0.000324,0.035383
163,57,00279,heavysnow,602,1,,0.999751,0.000249,L,0.999751,0.999501,0.003344,0.000499,0.040058
163,57,00279,heavysnow,516,1,,0.999794,0.000206,L,0.999794,0.999587,0.002825,0.000413,0.039373
163,57,00279,heavysnow,787,1,,0.999455,0.000545,L,0.999455,0.998910,0.006696,0.001090,0.072093
163,57,00279,heavysnow,607,1,,0.999734,0.000266,L,0.999734,0.999468,0.003540,0.000532,0.044014
163,57,00279,heavysnow,692,1,,0.999654,0.000346,L,0.999654,0.999308,0.004478,0.000692,0.036634
163,57,00279,heavysnow,876,1,,0.999711,0.000289,L,0.999711,0.999423,0.003811,0.000577,0.637550
163,57,00279,heavysnow,873,1,,0.999534,0.000466,L,0.999534,0.999068,0.005831,0.000932,0.480773
163,57,00279,heavysnow,696,1,,0.999692,0.000308,L,0.999692,0.999384,0.004036,0.000616,0.575325
163,57,00279,heavysnow,786,1,,0.999432,0.000568,L,0.999432,0.998863,0.006948,0.001137,0.296711
163,57,00279,heavysnow,608,1,,0.999777,0.000223,L,0.999777,0.999554,0.003029,0.000446,0.035084
163,57,00279,heavysnow,875,1,,0.999844,0.000156,L,0.999844,0.999687,0.002202,0.000313,0.912480
163,57,00279,heavysnow,782,1,,0.999518,0.000482,L,0.999518,0.999035,0.006010,0.000965,0.052058
163,57,00279,heavysnow,606,1,,0.999586,0.000414,L,0.999586,0.999171,0.005255,0.000829,0.123300
163,57,00279,heavysnow,789,1,,0.999656,0.000344,L,0.999656,0.999313,0.004449,0.000687,0.032698
163,57,00279,heavysnow,877,1,,0.999167,0.000833,L,0.999167,0.998334,0.009724,0.001666,0.124450
163,57,00279,heavysnow,518,1,,0.999847,0.000153,L,0.999847,0.999694,0.002160,0.000306,0.031255
163,57,00279,heavysnow,694,1,,0.999666,0.000334,L,0.999666,0.999332,0.004340,0.000668,0.506545
163,57,00279,heavysnow,878,1,,0.999598,0.000402,L,0.999598,0.999195,0.005118,0.000805,0.034061
163,57,00279,heavysnow,784,1,,0.999474,0.000526,L,0.999474,0.998947,0.006491,0.001053,0.271266
163,57,00279,heavysnow,693,1,,0.999482,0.000518,L,0.999482,0.998964,0.006402,0.001036,0.061949
163,57,00279,heavysnow,603,1,,0.999738,0.000262,L,0.999738,0.999476,0.003495,0.000524,0.040320
163,57,00279,heavysnow,697,1,,0.999283,0.000717,L,0.999283,0.998567,0.008521,0.001433,0.139204
163,57,00279,heavysnow,874,1,,0.999817,0.000183,L,0.999817,0.999634,0.002539,0.000366,0.732515
163,57,00279,heavysnow,698,1,,0.999679,0.000321,L,0.999679,0.999358,0.004189,0.000642,0.031601
163,57,00279,heavysnow,695,1,,0.999870,0.000130,L,0.999870,0.999739,0.001871,0.000261,0.909827
163,57,00279,heavysnow,513,1,,0.999788,0.000212,L,0.999788,0.999575,0.002896,0.000425,0.041824
163,57,00279,heavysnow,879,1,,0.999589,0.000411,L,0.999589,0.999178,0.005217,0.000822,0.033852
163,57,00279,heavysnow,609,1,,0.999787,0.000213,L,0.999787,0.999574,0.002903,0.000426,0.032400
163,57,00279,heavysnow,872,1,,0.999236,0.000764,L,0.999236,0.998472,0.009011,0.001528,0.092836
163,57,00279,heavysnow,785,1,,0.999715,0.000285,L,0.999715,0.999431,0.003763,0.000569,0.515539
163,57,00279,heavysnow,699,1,,0.999664,0.000336,L,0.999664,0.999327,0.004366,0.000673,0.033561
163,57,00279,heavysnow,517,1,,0.999828,0.000172,L,0.999828,0.999655,0.002403,0.000345,0.032121
163,57,00279,heavysnow,514,1,,0.999778,0.000222,L,0.999778,0.999556,0.003013,0.000444,0.044257
163,57,00279,heavysnow,942,0,,0.998965,0.001035,L,0.998965,0.997930,0.011758,0.002070,0.036680
163,57,00279,heavysnow,325,0,,0.999879,0.000121,L,0.999879,0.999758,0.001750,0.000242,0.027140
163,57,00279,heavysnow,764,0,,0.999656,0.000344,L,0.999656,0.999312,0.004454,0.000688,0.031330
163,57,00279,heavysnow,1161,0,,0.999047,0.000953,L,0.999047,0.998094,0.010938,0.001906,0.039044
163,57,00279,heavysnow,170,0,,0.999771,0.000229,L,0.999771,0.999541,0.003103,0.000459,0.067897
163,57,00279,heavysnow,1358,0,,0.998985,0.001015,L,0.998985,0.997971,0.011553,0.002029,0.139793
163,57,00279,heavysnow,1017,0,,0.998698,0.001302,L,0.998698,0.997395,0.014359,0.002605,0.047938
163,57,00279,heavysnow,201,0,,0.999832,0.000168,L,0.999832,0.999663,0.002354,0.000337,0.054259
163,57,00279,heavysnow,1430,0,,0.999216,0.000784,L,0.999216,0.998431,0.009221,0.001569,0.047247
163,57,00279,heavysnow,611,0,,0.999762,0.000238,L,0.999762,0.999524,0.003210,0.000476,0.035633
163,57,00279,heavysnow,656,0,,0.999600,0.000400,L,0.999600,0.999200,0.005091,0.000800,0.051641
163,57,00279,heavysnow,214,0,,0.999810,0.000190,L,0.999810,0.999620,0.002622,0.000380,0.077656
163,57,00279,heavysnow,313,0,,0.999815,0.000185,L,0.999815,0.999630,0.002560,0.000370,0.047864
163,57,00279,heavysnow,805,0,,0.999680,0.000320,L,0.999680,0.999361,0.004173,0.000639,0.048264
163,57,00279,heavysnow,998,0,,0.999951,0.000049,L,0.999951,0.999902,0.000772,0.000098,0.061558
163,57,00279,heavysnow,1065,0,,0.998886,0.001114,L,0.998886,0.997772,0.012534,0.002228,0.029189
163,57,00279,heavysnow,575,0,,0.999736,0.000264,L,0.999736,0.999472,0.003518,0.000528,0.046806
163,57,00279,heavysnow,1079,0,,0.999266,0.000734,L,0.999266,0.998532,0.008699,0.001468,0.061241
164,58,00258,heavysnow,709,1,,0.999377,0.000623,L,0.999377,0.998755,0.007529,0.001245,0.196831
164,58,00258,heavysnow,710,1,,0.999832,0.000168,L,0.999832,0.999663,0.002352,0.000337,0.681555
164,58,00258,heavysnow,711,1,,0.999867,0.000133,L,0.999867,0.999734,0.001905,0.000266,0.832745
164,58,00258,heavysnow,712,1,,0.999677,0.000323,L,0.999677,0.999354,0.004210,0.000646,0.570103
164,58,00258,heavysnow,713,1,,0.999303,0.000697,L,0.999303,0.998606,0.008314,0.001394,0.110418
164,58,00258,heavysnow,714,1,,0.999703,0.000297,L,0.999703,0.999405,0.003913,0.000595,0.036447
164,58,00258,heavysnow,715,1,,0.999810,0.000190,L,0.999810,0.999621,0.002618,0.000379,0.032546
164,58,00258,heavysnow,799,1,,0.999632,0.000368,L,0.999632,0.999264,0.004728,0.000736,0.423232
164,58,00258,heavysnow,800,1,,0.999869,0.000131,L,0.999869,0.999739,0.001873,0.000261,0.716065
164,58,00258,heavysnow,801,1,,0.999894,0.000106,L,0.999894,0.999788,0.001555,0.000212,0.849076
164,58,00258,heavysnow,802,1,,0.999775,0.000225,L,0.999775,0.999551,0.003046,0.000449,0.613302
164,58,00258,heavysnow,803,1,,0.999283,0.000717,L,0.999283,0.998565,0.008529,0.001435,0.193654
164,58,00258,heavysnow,804,1,,0.999552,0.000448,L,0.999552,0.999104,0.005629,0.000896,0.053352
164,58,00258,heavysnow,805,1,,0.999751,0.000249,L,0.999751,0.999503,0.003337,0.000497,0.032248
164,58,00258,heavysnow,889,1,,0.999776,0.000224,L,0.999776,0.999552,0.003037,0.000448,0.666252
164,58,00258,heavysnow,890,1,,0.999873,0.000127,L,0.999873,0.999745,0.001830,0.000255,0.960056
164,58,00258,heavysnow,891,1,,0.999844,0.000156,L,0.999844,0.999688,0.002200,0.000312,0.999797
164,58,00258,heavysnow,892,1,,0.999832,0.000168,L,0.999832,0.999663,0.002352,0.000337,0.971485
164,58,00258,heavysnow,893,1,,0.999498,0.000502,L,0.999498,0.998997,0.006223,0.001003,0.517320
164,58,00258,heavysnow,894,1,,0.999117,0.000883,L,0.999117,0.998233,0.010235,0.001767,0.178275
164,58,00258,heavysnow,895,1,,0.999464,0.000536,L,0.999464,0.998929,0.006594,0.001071,0.043370
164,58,00258,heavysnow,979,1,,0.998448,0.001552,L,0.998448,0.996897,0.016717,0.003103,0.171433
164,58,00258,heavysnow,980,1,,0.999560,0.000440,L,0.999560,0.999120,0.005543,0.000880,0.647201
164,58,00258,heavysnow,981,1,,0.999716,0.000283,L,0.999716,0.999433,0.003749,0.000567,0.904787
164,58,00258,heavysnow,982,1,,0.999665,0.000335,L,0.999665,0.999329,0.004356,0.000671,0.784427
164,58,00258,heavysnow,983,1,,0.998875,0.001125,L,0.998875,0.997749,0.012646,0.002251,0.406116
164,58,00258,heavysnow,984,1,,0.998350,0.001650,L,0.998350,0.996700,0.017630,0.003300,0.107606
164,58,00258,heavysnow,985,1,,0.998701,0.001299,L,0.998701,0.997402,0.014327,0.002598,0.047787
164,58,00258,heavysnow,1069,1,,0.998441,0.001559,L,0.998441,0.996882,0.016786,0.003118,0.060520
164,58,00258,heavysnow,1070,1,,0.998422,0.001578,L,0.998422,0.996843,0.016965,0.003157,0.169673
164,58,00258,heavysnow,1071,1,,0.998669,0.001331,L,0.998669,0.997337,0.014639,0.002663,0.257884
164,58,00258,heavysnow,1072,1,,0.998463,0.001537,L,0.998463,0.996926,0.016582,0.003074,0.237335
164,58,00258,heavysnow,1073,1,,0.998242,0.001758,L,0.998242,0.996485,0.018619,0.003515,0.091049
164,58,00258,heavysnow,1074,1,,0.998668,0.001332,L,0.998668,0.997335,0.014648,0.002665,0.055455
164,58,00258,heavysnow,1075,1,,0.998628,0.001372,L,0.998628,0.997256,0.015028,0.002744,0.057638
164,58,00258,heavysnow,1417,0,,0.999141,0.000859,L,0.999141,0.998283,0.009983,0.001717,0.053601
164,58,00258,heavysnow,118,0,,0.999785,0.000215,L,0.999785,0.999570,0.002933,0.000430,0.050121
164,58,00258,heavysnow,309,0,,0.999870,0.000130,L,0.999870,0.999740,0.001863,0.000260,0.032528
164,58,00258,heavysnow,605,0,,0.999786,0.000214,L,0.999786,0.999572,0.002918,0.000428,0.030983
164,58,00258,heavysnow,164,0,,0.999804,0.000196,L,0.999804,0.999608,0.002696,0.000392,0.057958
164,58,00258,heavysnow,1208,0,,0.998975,0.001025,L,0.998975,0.997949,0.011661,0.002051,0.069636
164,58,00258,heavysnow,723,0,,0.998925,0.001075,L,0.998925,0.997851,0.012148,0.002149,0.078374
164,58,00258,heavysnow,433,0,,0.999806,0.000194,L,0.999806,0.999611,0.002677,0.000389,0.032412
164,58,00258,heavysnow,467,0,,0.999741,0.000259,L,0.999741,0.999482,0.003460,0.000518,0.060624
164,58,00258,heavysnow,1362,0,,0.998961,0.001039,L,0.998961,0.997921,0.011799,0.002079,0.097089
164,58,00258,heavysnow,535,0,,0.999892,0.000108,L,0.999892,0.999785,0.001574,0.000215,0.033830
164,58,00258,heavysnow,1190,0,,0.999001,0.000999,L,0.999001,0.998002,0.011397,0.001998,0.058172
164,58,00258,heavysnow,994,0,,0.998686,0.001314,L,0.998686,0.997372,0.014470,0.002628,0.074901
164,58,00258,heavysnow,40,0,,0.999802,0.000198,L,0.999802,0.999605,0.002718,0.000395,0.077444
164,58,00258,heavysnow,1255,0,,0.998999,0.001001,L,0.998999,0.997998,0.011416,0.002002,0.065064
164,58,00258,heavysnow,1248,0,,0.999333,0.000667,L,0.999333,0.998667,0.007996,0.001333,0.034865
164,58,00258,heavysnow,524,0,,0.999828,0.000172,L,0.999828,0.999657,0.002395,0.000343,0.030665
164,58,00258,heavysnow,785,0,,0.999636,0.000364,L,0.999636,0.999271,0.004687,0.000729,0.035164
165,58,00467,heavysnow,1109,1,,0.999091,0.000909,L,0.999091,0.998182,0.010496,0.001818,0.033434
165,58,00467,heavysnow,1113,1,,0.998849,0.001151,L,0.998849,0.997697,0.012899,0.002303,0.056309
165,58,00467,heavysnow,935,1,,0.998297,0.001703,L,0.998297,0.996595,0.018116,0.003405,0.146257
165,58,00467,heavysnow,1021,1,,0.998237,0.001763,L,0.998237,0.996473,0.018673,0.003527,0.106816
165,58,00467,heavysnow,751,1,,0.999586,0.000414,L,0.999586,0.999171,0.005253,0.000829,0.039602
165,58,00467,heavysnow,936,1,,0.998723,0.001277,L,0.998723,0.997447,0.014114,0.002553,0.059835
165,58,00467,heavysnow,929,1,,0.998892,0.001108,L,0.998892,0.997784,0.012477,0.002216,0.042948
165,58,00467,heavysnow,1115,1,,0.999027,0.000973,L,0.999027,0.998054,0.011139,0.001946,0.037097
165,58,00467,heavysnow,1024,1,,0.997996,0.002004,L,0.997996,0.995992,0.020851,0.004008,0.153313
165,58,00467,heavysnow,1116,1,,0.998957,0.001043,L,0.998957,0.997913,0.011838,0.002087,0.038038
165,58,00467,heavysnow,844,1,,0.999146,0.000854,L,0.999146,0.998291,0.009939,0.001709,0.235829
165,58,00467,heavysnow,754,1,,0.999440,0.000560,L,0.999440,0.998880,0.006857,0.001120,0.060507
165,58,00467,heavysnow,842,1,,0.999284,0.000716,L,0.999284,0.998567,0.008517,0.001433,0.297136
165,58,00467,heavysnow,1111,1,,0.998886,0.001114,L,0.998886,0.997773,0.012530,0.002227,0.050371
165,58,00467,heavysnow,930,1,,0.998740,0.001260,L,0.998740,0.997481,0.013949,0.002519,0.054717
165,58,00467,heavysnow,1019,1,,0.998464,0.001536,L,0.998464,0.996928,0.016572,0.003072,0.047693
165,58,00467,heavysnow,931,1,,0.998441,0.001559,L,0.998441,0.996882,0.016787,0.003118,0.099474
165,58,00467,heavysnow,839,1,,0.999450,0.000550,L,0.999450,0.998899,0.006753,0.001101,0.041502
165,58,00467,heavysnow,846,1,,0.999284,0.000716,L,0.999284,0.998568,0.008512,0.001432,0.096352
165,58,00467,heavysnow,1022,1,,0.998226,0.001774,L,0.998226,0.996452,0.018767,0.003548,0.147617
165,58,00467,heavysnow,843,1,,0.999478,0.000522,L,0.999478,0.998956,0.006447,0.001044,0.471286
165,58,00467,heavysnow,756,1,,0.999397,0.000603,L,0.999397,0.998795,0.007315,0.001205,0.075718
165,58,00467,heavysnow,1020,1,,0.998412,0.001588,L,0.998412,0.996825,0.017051,0.003175,0.056734
165,58,00467,heavysnow,1112,1,,0.998790,0.001210,L,0.998790,0.997580,0.013471,0.002420,0.059769
165,58,00467,heavysnow,932,1,,0.999357,0.000643,L,0.999357,0.998714,0.007744,0.001286,0.559558
165,58,00467,heavysnow,1026,1,,0.998677,0.001323,L,0.998677,0.997353,0.014561,0.002647,0.039038
165,58,00467,heavysnow,934,1,,0.999452,0.000548,L,0.999452,0.998904,0.006729,0.001096,0.639651
165,58,00467,heavysnow,1114,1,,0.998604,0.001396,L,0.998604,0.997208,0.015253,0.002792,0.065390
165,58,00467,heavysnow,750,1,,0.999588,0.000412,L,0.999588,0.999177,0.005222,0.000823,0.040235
165,58,00467,heavysnow,753,1,,0.999529,0.000471,L,0.999529,0.999059,0.005881,0.000941,0.046286
165,58,00467,heavysnow,1023,1,,0.998448,0.001552,L,0.998448,0.996896,0.016718,0.003104,0.261985
165,58,00467,heavysnow,752,1,,0.999511,0.000489,L,0.999511,0.999021,0.006086,0.000979,0.050982
165,58,00467,heavysnow,755,1,,0.999563,0.000437,L,0.999563,0.999126,0.005506,0.000874,0.042043
165,58,00467,heavysnow,1110,1,,0.998858,0.001142,L,0.998858,0.997717,0.012805,0.002283,0.050371
165,58,00467,heavysnow,840,1,,0.999384,0.000616,L,0.999384,0.998768,0.007456,0.001232,0.059118
165,58,00467,heavysnow,933,1,,0.999669,0.000331,L,0.999669,0.999337,0.004308,0.000663,0.780347
165,58,00467,heavysnow,1156,0,,0.999184,0.000816,L,0.999184,0.998368,0.009550,0.001632,0.029394
165,58,00467,heavysnow,54,0,,0.999824,0.000176,L,0.999824,0.999647,0.002455,0.000353,0.059544
165,58,00467,heavysnow,1431,0,,0.999193,0.000807,L,0.999193,0.998386,0.009456,0.001614,0.048962
165,58,00467,heavysnow,326,0,,0.999878,0.000122,L,0.999878,0.999756,0.001762,0.000244,0.029365
165,58,00467,heavysnow,120,0,,0.999815,0.000185,L,0.999815,0.999630,0.002564,0.000370,0.047207
165,58,00467,heavysnow,1153,0,,0.999155,0.000845,L,0.999155,0.998309,0.009849,0.001691,0.033713
165,58,00467,heavysnow,459,0,,0.999454,0.000546,L,0.999454,0.998909,0.006702,0.001091,0.045081
165,58,00467,heavysnow,494,0,,0.999791,0.000209,L,0.999791,0.999582,0.002854,0.000418,0.051451
165,58,00467,heavysnow,131,0,,0.999742,0.000258,L,0.999742,0.999484,0.003445,0.000516,0.074037
165,58,00467,heavysnow,1344,0,,0.999181,0.000819,L,0.999181,0.998362,0.009579,0.001638,0.052760
165,58,00467,heavysnow,234,0,,0.999874,0.000126,L,0.999874,0.999748,0.001814,0.000252,0.035612
165,58,00467,heavysnow,464,0,,0.995584,0.004416,L,0.995584,0.991168,0.040904,0.008832,0.085678
165,58,00467,heavysnow,1330,0,,0.999284,0.000716,L,0.999284,0.998567,0.008517,0.001433,0.047348
165,58,00467,heavysnow,733,0,,0.999831,0.000169,L,0.999831,0.999662,0.002360,0.000338,0.022314
165,58,00467,heavysnow,255,0,,0.999886,0.000114,L,0.999886,0.999772,0.001657,0.000228,0.035117
165,58,00467,heavysnow,489,0,,0.999799,0.000201,L,0.999799,0.999597,0.002762,0.000403,0.046560
165,58,00467,heavysnow,1313,0,,0.999132,0.000868,L,0.999132,0.998264,0.010082,0.001736,0.066942
165,58,00467,heavysnow,146,0,,0.999819,0.000181,L,0.999819,0.999638,0.002510,0.000362,0.048223
166,58,00514,heavysnow,922,1,,0.999071,0.000929,L,0.999071,0.998143,0.010692,0.001857,0.026214
166,58,00514,heavysnow,923,1,,0.998884,0.001115,L,0.998884,0.997769,0.012549,0.002231,0.037135
166,58,00514,heavysnow,924,1,,0.998443,0.001557,L,0.998443,0.996887,0.016765,0.003113,0.082938
166,58,00514,heavysnow,925,1,,0.998659,0.001341,L,0.998659,0.997318,0.014728,0.002682,0.054060
166,58,00514,heavysnow,926,1,,0.998704,0.001296,L,0.998704,0.997407,0.014303,0.002593,0.052061
166,58,00514,heavysnow,927,1,,0.998769,0.001231,L,0.998769,0.997539,0.013670,0.002461,0.048257
166,58,00514,heavysnow,928,1,,0.998500,0.001500,L,0.998500,0.997000,0.016233,0.003000,0.067828
166,58,00514,heavysnow,1012,1,,0.999033,0.000967,L,0.999033,0.998067,0.011075,0.001933,0.024857
166,58,00514,heavysnow,1013,1,,0.998790,0.001210,L,0.998790,0.997579,0.013473,0.002421,0.033754
166,58,00514,heavysnow,1014,1,,0.998488,0.001512,L,0.998488,0.996976,0.016346,0.003024,0.045331
166,58,00514,heavysnow,1015,1,,0.998539,0.001461,L,0.998539,0.997078,0.015869,0.002922,0.043275
166,58,00514,heavysnow,1016,1,,0.998511,0.001489,L,0.998511,0.997022,0.016131,0.002978,0.044450
166,58,00514,heavysnow,1017,1,,0.998531,0.001469,L,0.998531,0.997062,0.015940,0.002938,0.042649
166,58,00514,heavysnow,1018,1,,0.998386,0.001614,L,0.998386,0.996772,0.017297,0.003228,0.051846
166,58,00514,heavysnow,1102,1,,0.999207,0.000793,L,0.999207,0.998414,0.009313,0.001586,0.031075
166,58,00514,heavysnow,1103,1,,0.999192,0.000808,L,0.999192,0.998384,0.009466,0.001616,0.031251
166,58,00514,heavysnow,1104,1,,0.999119,0.000881,L,0.999119,0.998238,0.010210,0.001762,0.035960
166,58,00514,heavysnow,1105,1,,0.999152,0.000848,L,0.999152,0.998305,0.009872,0.001695,0.033249
166,58,00514,heavysnow,1106,1,,0.999056,0.000944,L,0.999056,0.998112,0.010848,0.001888,0.036964
166,58,00514,heavysnow,1107,1,,0.999105,0.000895,L,0.999105,0.998210,0.010352,0.001790,0.036051
166,58,00514,heavysnow,1108,1,,0.998968,0.001032,L,0.998968,0.997935,0.011729,0.002065,0.044877
166,58,00514,heavysnow,1192,1,,0.999346,0.000654,L,0.999346,0.998692,0.007860,0.001308,0.032614
166,58,00514,heavysnow,1193,1,,0.999287,0.000713,L,0.999287,0.998574,0.008484,0.001426,0.036716
166,58,00514,heavysnow,1194,1,,0.999271,0.000729,L,0.999271,0.998543,0.008644,0.001457,0.038548
166,58,00514,heavysnow,1195,1,,0.999261,0.000739,L,0.999261,0.998522,0.008751,0.001478,0.038018
166,58,00514,heavysnow,1196,1,,0.999299,0.000701,L,0.999299,0.998598,0.008358,0.001402,0.036099
166,58,00514,heavysnow,1197,1,,0.999284,0.000716,L,0.999284,0.998568,0.008513,0.001432,0.037094
166,58,00514,heavysnow,1198,1,,0.999178,0.000822,L,0.999178,0.998356,0.009612,0.001644,0.046818
166,58,00514,heavysnow,1282,1,,0.999499,0.000501,L,0.999499,0.998998,0.006217,0.001002,0.031078
166,58,00514,heavysnow,1283,1,,0.999438,0.000562,L,0.999438,0.998877,0.006874,0.001123,0.036632
166,58,00514,heavysnow,1284,1,,0.999409,0.000591,L,0.999409,0.998819,0.007187,0.001181,0.037406
166,58,00514,heavysnow,1285,1,,0.999407,0.000593,L,0.999407,0.998814,0.007211,0.001186,0.038962
166,58,00514,heavysnow,1286,1,,0.999381,0.000619,L,0.999381,0.998762,0.007490,0.001238,0.036558
166,58,00514,heavysnow,1287,1,,0.999407,0.000593,L,0.999407,0.998815,0.007208,0.001185,0.037618
166,58,00514,heavysnow,1288,1,,0.999264,0.000736,L,0.999264,0.998529,0.008717,0.001471,0.049176
166,58,00514,heavysnow,598,0,,0.999771,0.000229,L,0.999771,0.999542,0.003101,0.000458,0.034186
166,58,00514,heavysnow,589,0,,0.999798,0.000202,L,0.999798,0.999596,0.002771,0.000404,0.027128
166,58,00514,heavysnow,762,0,,0.999622,0.000378,L,0.999622,0.999243,0.004848,0.000757,0.040237
166,58,00514,heavysnow,701,0,,0.999696,0.000304,L,0.999696,0.999391,0.003996,0.000609,0.033083
166,58,00514,heavysnow,441,0,,0.999813,0.000187,L,0.999813,0.999626,0.002588,0.000374,0.036391
166,58,00514,heavysnow,731,0,,0.999282,0.000718,L,0.999282,0.998565,0.008531,0.001435,0.043453
166,58,00514,heavysnow,986,0,,0.998987,0.001013,L,0.998987,0.997974,0.011539,0.002026,0.041519
166,58,00514,heavysnow,133,0,,0.999817,0.000183,L,0.999817,0.999635,0.002533,0.000365,0.045957
166,58,00514,heavysnow,74,0,,0.999830,0.000170,L,0.999830,0.999661,0.002369,0.000339,0.063139
166,58,00514,heavysnow,921,0,,0.999063,0.000937,L,0.999063,0.998125,0.010780,0.001875,0.031491
166,58,00514,heavysnow,1203,0,,0.999186,0.000814,L,0.999186,0.998371,0.009531,0.001629,0.053389
166,58,00514,heavysnow,500,0,,0.999837,0.000163,L,0.999837,0.999675,0.002282,0.000325,0.027874
166,58,00514,heavysnow,469,0,,0.999738,0.000262,L,0.999738,0.999476,0.003497,0.000524,0.054606
166,58,00514,heavysnow,491,0,,0.999752,0.000248,L,0.999752,0.999505,0.003323,0.000495,0.054631
166,58,00514,heavysnow,63,0,,0.999834,0.000166,L,0.999834,0.999669,0.002319,0.000331,0.052092
166,58,00514,heavysnow,72,0,,0.999795,0.000205,L,0.999795,0.999590,0.002809,0.000410,0.082755
166,58,00514,heavysnow,1109,0,,0.999130,0.000870,L,0.999130,0.998260,0.010099,0.001740,0.036142
166,58,00514,heavysnow,479,0,,0.999723,0.000277,L,0.999723,0.999446,0.003675,0.000554,0.057391
167,58,00562,heavysnow,990,1,,0.999827,0.000173,L,0.999827,0.999655,0.002406,0.000345,0.050872
167,58,00562,heavysnow,991,1,,0.999807,0.000193,L,0.999807,0.999615,0.002654,0.000385,0.065697
167,58,00562,heavysnow,992,1,,0.999853,0.000147,L,0.999853,0.999705,0.002090,0.000295,0.062479
167,58,00562,heavysnow,993,1,,0.999857,0.000143,L,0.999857,0.999714,0.002034,0.000286,0.052797
167,58,00562,heavysnow,1080,1,,0.999994,0.000006,L,0.999994,0.999987,0.000119,0.000013,0.121447
167,58,00562,heavysnow,1081,1,,0.999962,0.000038,L,0.999962,0.999924,0.000611,0.000076,0.087283
167,58,00562,heavysnow,1082,1,,0.999856,0.000144,L,0.999856,0.999711,0.002050,0.000289,0.061687
167,58,00562,heavysnow,1083,1,,0.999209,0.000791,L,0.999209,0.998419,0.009288,0.001581,0.053648
167,58,00562,heavysnow,1170,1,,0.999993,0.000007,L,0.999993,0.999987,0.000124,0.000013,0.121408
167,58,00562,heavysnow,1171,1,,0.999788,0.000212,L,0.999788,0.999575,0.002897,0.000425,0.071493
167,58,00562,heavysnow,1172,1,,0.998378,0.001622,L,0.998378,0.996756,0.017370,0.003244,0.064470
167,58,00562,heavysnow,1173,1,,0.996501,0.003499,L,0.996501,0.993002,0.033586,0.006998,0.058417
167,58,00562,heavysnow,1260,1,,0.997998,0.002002,L,0.997998,0.995996,0.020832,0.004004,0.081596
167,58,00562,heavysnow,1261,1,,0.999218,0.000782,L,0.999218,0.998437,0.009194,0.001563,0.068280
167,58,00562,heavysnow,1262,1,,0.998167,0.001833,L,0.998167,0.996334,0.019306,0.003666,0.053513
167,58,00562,heavysnow,1263,1,,0.998702,0.001298,L,0.998702,0.997405,0.014315,0.002595,0.059527
167,58,00562,heavysnow,1247,0,,0.998983,0.001017,L,0.998983,0.997965,0.011579,0.002035,0.061096
167,58,00562,heavysnow,350,0,,0.999879,0.000121,L,0.999879,0.999757,0.001754,0.000243,0.031733
167,58,00562,heavysnow,480,0,,0.999686,0.000314,L,0.999686,0.999372,0.004110,0.000628,0.070955
167,58,00562,heavysnow,486,0,,0.999776,0.000224,L,0.999776,0.999551,0.003043,0.000449,0.052261
167,58,00562,heavysnow,1296,0,,0.999202,0.000798,L,0.999202,0.998405,0.009361,0.001595,0.060932
167,58,00562,heavysnow,119,0,,0.999828,0.000172,L,0.999828,0.999656,0.002396,0.000344,0.042516
167,58,00562,heavysnow,887,0,,0.999456,0.000544,L,0.999456,0.998911,0.006688,0.001089,0.043690
167,58,00562,heavysnow,150,0,,0.999827,0.000173,L,0.999827,0.999655,0.002406,0.000345,0.042591
167,58,00562,heavysnow,1391,0,,0.999049,0.000951,L,0.999049,0.998098,0.010916,0.001902,0.058546
167,58,00562,heavysnow,1393,0,,0.998955,0.001045,L,0.998955,0.997910,0.011854,0.002090,0.065834
167,58,00562,heavysnow,628,0,,0.999793,0.000207,L,0.999793,0.999586,0.002834,0.000414,0.079730
167,58,00562,heavysnow,599,0,,0.999772,0.000228,L,0.999772,0.999544,0.003085,0.000456,0.033788
167,58,00562,heavysnow,650,0,,0.999600,0.000400,L,0.999600,0.999200,0.005091,0.000800,0.051641
167,58,00562,heavysnow,566,0,,0.999624,0.000376,L,0.999624,0.999248,0.004822,0.000752,0.086482
167,58,00562,heavysnow,265,0,,0.999853,0.000147,L,0.999853,0.999707,0.002078,0.000293,0.043734
167,58,00562,heavysnow,319,0,,0.999854,0.000145,L,0.999854,0.999709,0.002064,0.000291,0.037867
167,58,00562,heavysnow,300,0,,0.999838,0.000162,L,0.999838,0.999677,0.002268,0.000323,0.042665
167,58,00562,heavysnow,53,0,,0.999839,0.000161,L,0.999839,0.999678,0.002258,0.000322,0.058247
