project,method,experiment,result_kind,split_scope,condition,conf,class,epoch,checkpoint,bev_0_7,3d_0_7,bev_0_5,3d_0_5,bev_0_3,3d_0_3,mean_available,mean_3d_available,source_path,source_note,comparability_note
K-Radar-main,ASF/A2Fusion,exp_260725_230526_A2FUSION_rlc_l1d256_l2p2t32d256g_l2g_scl_mha16,complete_results,full,all,0.3,sed,,,42.788269153965786,11.80060982640327,71.31973045770901,51.76322972108183,77.44271519762323,74.61048177743548,54.95417268903643,46.058107108306864,/home/hongsheng/K-Radar-main/logs/exp_260725_230526_A2FUSION_rlc_l1d256_l2p2t32d256g_l2g_scl_mha16/test_kitti/none/0.3/complete_results.txt,,
K-Radar-main,ASF/A2Fusion,exp_260725_230526_A2FUSION_rlc_l1d256_l2p2t32d256g_l2g_scl_mha16,complete_results,full,all,0.3,bus,,,19.21108294192914,7.673858503803865,50.927400505179385,31.116225461680376,65.12527230119406,55.44097540940031,38.24913585386452,31.410353124961517,/home/hongsheng/K-Radar-main/logs/exp_260725_230526_A2FUSION_rlc_l1d256_l2p2t32d256g_l2g_scl_mha16/test_kitti/none/0.3/complete_results.txt,,
K-Radar-main,ASF/A2Fusion,exp_260725_230526_A2FUSION_rlc_l1d256_l2p2t32d256g_l2g_scl_mha16,complete_results,full,urban,0.3,sed,,,48.26912445843178,14.529944865789425,74.51791671797014,54.826813900205316,80.84411745935593,77.90703554824115,58.48249215833229,49.087931438078634,/home/hongsheng/K-Radar-main/logs/exp_260725_230526_A2FUSION_rlc_l1d256_l2p2t32d256g_l2g_scl_mha16/test_kitti/none/0.3/complete_results.txt,,
K-Radar-main,ASF/A2Fusion,exp_260725_230526_A2FUSION_rlc_l1d256_l2p2t32d256g_l2g_scl_mha16,complete_results,full,urban,0.3,bus,,,34.50009809955044,15.018105394587161,82.83626251401293,48.07483086759745,87.27330513556947,86.07375117387957,58.96272553086617,49.72222914535473,/home/hongsheng/K-Radar-main/logs/exp_260725_230526_A2FUSION_rlc_l1d256_l2p2t32d256g_l2g_scl_mha16/test_kitti/none/0.3/complete_results.txt,,
K-Radar-main,ASF/A2Fusion,exp_260725_230526_A2FUSION_rlc_l1d256_l2p2t32d256g_l2g_scl_mha16,complete_results,full,highway,0.3,sed,,,41.46577099210027,5.218532497467759,77.87528056396566,54.47174626391492,86.13255442052096,83.39839459952269,58.093713222915376,47.696224453635125,/home/hongsheng/K-Radar-main/logs/exp_260725_230526_A2FUSION_rlc_l1d256_l2p2t32d256g_l2g_scl_mha16/test_kitti/none/0.3/complete_results.txt,,
K-Radar-main,ASF/A2Fusion,exp_260725_230526_A2FUSION_rlc_l1d256_l2p2t32d256g_l2g_scl_mha16,complete_results,full,highway,0.3,bus,,,19.69846591261514,7.811890907575932,49.531452554581016,29.430063072628016,65.8063171110013,54.29382305222013,37.76200210177026,30.511925677474693,/home/hongsheng/K-Radar-main/logs/exp_260725_230526_A2FUSION_rlc_l1d256_l2p2t32d256g_l2g_scl_mha16/test_kitti/none/0.3/complete_results.txt,,
K-Radar-main,ASF/A2Fusion,exp_260725_230526_A2FUSION_rlc_l1d256_l2p2t32d256g_l2g_scl_mha16,complete_results,full,countryside,0.3,sed,,,24.473986742044048,5.955167467701512,57.31080356716658,37.74435735238701,67.36327173176969,61.20270418787139,42.34171517482337,34.96740966931997,/home/hongsheng/K-Radar-main/logs/exp_260725_230526_A2FUSION_rlc_l1d256_l2p2t32d256g_l2g_scl_mha16/test_kitti/none/0.3/complete_results.txt,,
K-Radar-main,ASF/A2Fusion,exp_260725_230526_A2FUSION_rlc_l1d256_l2p2t32d256g_l2g_scl_mha16,complete_results,full,countryside,0.3,bus,,,6.0072267389340555,0.6859756097560976,17.57093081134893,11.90383454963066,24.629100886323137,23.97094037877966,14.128001495795424,12.186916846055473,/home/hongsheng/K-Radar-main/logs/exp_260725_230526_A2FUSION_rlc_l1d256_l2p2t32d256g_l2g_scl_mha16/test_kitti/none/0.3/complete_results.txt,,
K-Radar-main,ASF/A2Fusion,exp_260725_230526_A2FUSION_rlc_l1d256_l2p2t32d256g_l2g_scl_mha16,complete_results,full,alleyway,0.3,sed,,,14.610255745169232,3.6377079774902414,35.4371084695873,19.67583961247128,41.39361955766249,36.597308940992576,25.22530671722885,19.970285510318032,/home/hongsheng/K-Radar-main/logs/exp_260725_230526_A2FUSION_rlc_l1d256_l2p2t32d256g_l2g_scl_mha16/test_kitti/none/0.3/complete_results.txt,,
K-Radar-main,ASF/A2Fusion,exp_260725_230526_A2FUSION_rlc_l1d256_l2p2t32d256g_l2g_scl_mha16,complete_results,full,alleyway,0.3,bus,,,0.9518143961927424,0.022583559168925023,6.666946877230844,3.608865114697564,20.777733549577484,18.08688343366518,8.35247115508879,7.239444035843889,/home/hongsheng/K-Radar-main/logs/exp_260725_230526_A2FUSION_rlc_l1d256_l2p2t32d256g_l2g_scl_mha16/test_kitti/none/0.3/complete_results.txt,,
K-Radar-main,ASF/A2Fusion,exp_260725_230526_A2FUSION_rlc_l1d256_l2p2t32d256g_l2g_scl_mha16,complete_results,full,parkinglots,0.3,sed,,,31.917389842689374,24.375845082919078,57.78298181995155,48.79768961407484,73.30209247462693,71.06539412087378,51.20689882585592,48.079642939289236,/home/hongsheng/K-Radar-main/logs/exp_260725_230526_A2FUSION_rlc_l1d256_l2p2t32d256g_l2g_scl_mha16/test_kitti/none/0.3/complete_results.txt,,
K-Radar-main,ASF/A2Fusion,exp_260725_230526_A2FUSION_rlc_l1d256_l2p2t32d256g_l2g_scl_mha16,complete_results,full,parkinglots,0.3,bus,,,10.394602366818836,5.170651870184823,48.40163360535037,35.29138149104774,67.73189468162568,65.14062889696362,38.68846548533184,35.200887419398725,/home/hongsheng/K-Radar-main/logs/exp_260725_230526_A2FUSION_rlc_l1d256_l2p2t32d256g_l2g_scl_mha16/test_kitti/none/0.3/complete_results.txt,,
K-Radar-main,ASF/A2Fusion,exp_260725_230526_A2FUSION_rlc_l1d256_l2p2t32d256g_l2g_scl_mha16,complete_results,full,shoulder,0.3,sed,,,90.57427205154039,65.64577124448604,99.78230555823386,94.36687354813427,99.8665901672537,97.33285016947214,91.2614437898534,85.78183165403082,/home/hongsheng/K-Radar-main/logs/exp_260725_230526_A2FUSION_rlc_l1d256_l2p2t32d256g_l2g_scl_mha16/test_kitti/none/0.3/complete_results.txt,,
K-Radar-main,ASF/A2Fusion,exp_260725_230526_A2FUSION_rlc_l1d256_l2p2t32d256g_l2g_scl_mha16,complete_results,full,shoulder,0.3,bus,,,0.0,0.0,0.0,0.0,0.0,0.0,0.0,0.0,/home/hongsheng/K-Radar-main/logs/exp_260725_230526_A2FUSION_rlc_l1d256_l2p2t32d256g_l2g_scl_mha16/test_kitti/none/0.3/complete_results.txt,,
K-Radar-main,ASF/A2Fusion,exp_260725_230526_A2FUSION_rlc_l1d256_l2p2t32d256g_l2g_scl_mha16,complete_results,full,mountain,0.3,sed,,,71.82094122746439,12.284794689484901,89.42772394289528,67.45174389126471,92.28181190398264,89.66676431720197,70.48896332871566,56.46776763265053,/home/hongsheng/K-Radar-main/logs/exp_260725_230526_A2FUSION_rlc_l1d256_l2p2t32d256g_l2g_scl_mha16/test_kitti/none/0.3/complete_results.txt,,
K-Radar-main,ASF/A2Fusion,exp_260725_230526_A2FUSION_rlc_l1d256_l2p2t32d256g_l2g_scl_mha16,complete_results,full,mountain,0.3,bus,,,34.59592605033278,13.124755833094145,63.53676499025999,57.077746234550034,64.07846418856988,64.07846418856988,49.41535358089612,44.76032208540469,/home/hongsheng/K-Radar-main/logs/exp_260725_230526_A2FUSION_rlc_l1d256_l2p2t32d256g_l2g_scl_mha16/test_kitti/none/0.3/complete_results.txt,,
K-Radar-main,ASF/A2Fusion,exp_260725_230526_A2FUSION_rlc_l1d256_l2p2t32d256g_l2g_scl_mha16,complete_results,full,university,0.3,sed,,,31.79988497388186,5.437567620568388,63.635012721812224,43.612541032403676,69.86217789717062,67.20014159450844,46.9245543067242,38.750083415826836,/home/hongsheng/K-Radar-main/logs/exp_260725_230526_A2FUSION_rlc_l1d256_l2p2t32d256g_l2g_scl_mha16/test_kitti/none/0.3/complete_results.txt,,
K-Radar-main,ASF/A2Fusion,exp_260725_230526_A2FUSION_rlc_l1d256_l2p2t32d256g_l2g_scl_mha16,complete_results,full,university,0.3,bus,,,0.0,0.0,0.0,0.0,0.0,0.0,0.0,0.0,/home/hongsheng/K-Radar-main/logs/exp_260725_230526_A2FUSION_rlc_l1d256_l2p2t32d256g_l2g_scl_mha16/test_kitti/none/0.3/complete_results.txt,,
K-Radar-main,ASF/A2Fusion,exp_260725_230526_A2FUSION_rlc_l1d256_l2p2t32d256g_l2g_scl_mha16,complete_results,full,day,0.3,sed,,,44.752257987355875,12.21269792315103,73.62440737411305,54.49997561729945,77.39826987657578,76.76861744912345,56.54270437126977,47.82709699652464,/home/hongsheng/K-Radar-main/logs/exp_260725_230526_A2FUSION_rlc_l1d256_l2p2t32d256g_l2g_scl_mha16/test_kitti/none/0.3/complete_results.txt,,
K-Radar-main,ASF/A2Fusion,exp_260725_230526_A2FUSION_rlc_l1d256_l2p2t32d256g_l2g_scl_mha16,complete_results,full,day,0.3,bus,,,15.602270060921889,4.587048029192886,44.45642012195009,28.306721898618058,56.772377180002835,52.944374306868404,33.77820193292569,28.612714744893115,/home/hongsheng/K-Radar-main/logs/exp_260725_230526_A2FUSION_rlc_l1d256_l2p2t32d256g_l2g_scl_mha16/test_kitti/none/0.3/complete_results.txt,,
K-Radar-main,ASF/A2Fusion,exp_260725_230526_A2FUSION_rlc_l1d256_l2p2t32d256g_l2g_scl_mha16,complete_results,full,night,0.3,sed,,,39.96453201140774,10.30566826980632,66.62971472913013,45.91113702588678,73.53113957920023,68.31710850457769,50.77655002000148,41.51130460009026,/home/hongsheng/K-Radar-main/logs/exp_260725_230526_A2FUSION_rlc_l1d256_l2p2t32d256g_l2g_scl_mha16/test_kitti/none/0.3/complete_results.txt,,
K-Radar-main,ASF/A2Fusion,exp_260725_230526_A2FUSION_rlc_l1d256_l2p2t32d256g_l2g_scl_mha16,complete_results,full,night,0.3,bus,,,25.69476905347695,11.990825151978388,59.70827030153386,35.12446013224162,75.91571130127429,60.01029609711258,44.740722006269614,35.70852712711086,/home/hongsheng/K-Radar-main/logs/exp_260725_230526_A2FUSION_rlc_l1d256_l2p2t32d256g_l2g_scl_mha16/test_kitti/none/0.3/complete_results.txt,,
K-Radar-main,ASF/A2Fusion,exp_260725_230526_A2FUSION_rlc_l1d256_l2p2t32d256g_l2g_scl_mha16,complete_results,full,normal,0.3,sed,,,34.87121042921639,6.539350483817989,69.97809902627125,47.77833242751165,76.29013369354603,73.51243710354359,51.49492719398449,42.610040004957746,/home/hongsheng/K-Radar-main/logs/exp_260725_230526_A2FUSION_rlc_l1d256_l2p2t32d256g_l2g_scl_mha16/test_kitti/none/0.3/complete_results.txt,,
K-Radar-main,ASF/A2Fusion,exp_260725_230526_A2FUSION_rlc_l1d256_l2p2t32d256g_l2g_scl_mha16,complete_results,full,normal,0.3,bus,,,11.50742784979662,3.532946376470557,34.39600593990947,23.575030898128915,54.253899641629886,47.95428435831748,29.203265844042154,25.020753877638985,/home/hongsheng/K-Radar-main/logs/exp_260725_230526_A2FUSION_rlc_l1d256_l2p2t32d256g_l2g_scl_mha16/test_kitti/none/0.3/complete_results.txt,,
K-Radar-main,ASF/A2Fusion,exp_260725_230526_A2FUSION_rlc_l1d256_l2p2t32d256g_l2g_scl_mha16,complete_results,full,overcast,0.3,sed,,,44.76830747885227,8.505440692822626,81.63721608326695,55.50268644038368,91.52921477828967,84.39740516644542,61.05671177334344,49.46851076655057,/home/hongsheng/K-Radar-main/logs/exp_260725_230526_A2FUSION_rlc_l1d256_l2p2t32d256g_l2g_scl_mha16/test_kitti/none/0.3/complete_results.txt,,
K-Radar-main,ASF/A2Fusion,exp_260725_230526_A2FUSION_rlc_l1d256_l2p2t32d256g_l2g_scl_mha16,complete_results,full,overcast,0.3,bus,,,29.43782194968817,9.90984771986416,55.56382989272949,48.20150493671247,71.5773312329948,68.33185792613007,47.17036560968652,42.147736860902235,/home/hongsheng/K-Radar-main/logs/exp_260725_230526_A2FUSION_rlc_l1d256_l2p2t32d256g_l2g_scl_mha16/test_kitti/none/0.3/complete_results.txt,,
K-Radar-main,ASF/A2Fusion,exp_260725_230526_A2FUSION_rlc_l1d256_l2p2t32d256g_l2g_scl_mha16,complete_results,full,fog,0.3,sed,,,81.71427390392715,39.44238522524059,94.63968777707922,80.45171698851813,94.8644560962252,92.25549175544158,80.56133529107198,70.71653132306677,/home/hongsheng/K-Radar-main/logs/exp_260725_230526_A2FUSION_rlc_l1d256_l2p2t32d256g_l2g_scl_mha16/test_kitti/none/0.3/complete_results.txt,,
K-Radar-main,ASF/A2Fusion,exp_260725_230526_A2FUSION_rlc_l1d256_l2p2t32d256g_l2g_scl_mha16,complete_results,full,fog,0.3,bus,,,0.0,0.0,0.0,0.0,0.0,0.0,0.0,0.0,/home/hongsheng/K-Radar-main/logs/exp_260725_230526_A2FUSION_rlc_l1d256_l2p2t32d256g_l2g_scl_mha16/test_kitti/none/0.3/complete_results.txt,,
K-Radar-main,ASF/A2Fusion,exp_260725_230526_A2FUSION_rlc_l1d256_l2p2t32d256g_l2g_scl_mha16,complete_results,full,rain,0.3,sed,,,42.064937587289755,15.871373957171505,62.1290994407266,45.73681103516801,68.83140061585313,66.11417582457308,50.12463307679701,42.5741202723042,/home/hongsheng/K-Radar-main/logs/exp_260725_230526_A2FUSION_rlc_l1d256_l2p2t32d256g_l2g_scl_mha16/test_kitti/none/0.3/complete_results.txt,,
K-Radar-main,ASF/A2Fusion,exp_260725_230526_A2FUSION_rlc_l1d256_l2p2t32d256g_l2g_scl_mha16,complete_results,full,rain,0.3,bus,,,1.087327306839502,0.02836074872376631,2.273533980851054,1.3362110288841982,4.816773874835598,4.816773874835598,2.3931634691616197,2.0604485508145207,/home/hongsheng/K-Radar-main/logs/exp_260725_230526_A2FUSION_rlc_l1d256_l2p2t32d256g_l2g_scl_mha16/test_kitti/none/0.3/complete_results.txt,,
K-Radar-main,ASF/A2Fusion,exp_260725_230526_A2FUSION_rlc_l1d256_l2p2t32d256g_l2g_scl_mha16,complete_results,full,sleet,0.3,sed,,,40.00379345542549,7.990622402897225,66.59101253131892,46.176327058707464,75.96498303556685,72.72404490058013,51.57513056408268,42.29699812072827,/home/hongsheng/K-Radar-main/logs/exp_260725_230526_A2FUSION_rlc_l1d256_l2p2t32d256g_l2g_scl_mha16/test_kitti/none/0.3/complete_results.txt,,
K-Radar-main,ASF/A2Fusion,exp_260725_230526_A2FUSION_rlc_l1d256_l2p2t32d256g_l2g_scl_mha16,complete_results,full,sleet,0.3,bus,,,14.842942887040723,4.9949183492996205,47.07575247081513,36.33984098250241,60.058462060772534,56.780974561132616,36.68214855192717,32.705244630978214,/home/hongsheng/K-Radar-main/logs/exp_260725_230526_A2FUSION_rlc_l1d256_l2p2t32d256g_l2g_scl_mha16/test_kitti/none/0.3/complete_results.txt,,
K-Radar-main,ASF/A2Fusion,exp_260725_230526_A2FUSION_rlc_l1d256_l2p2t32d256g_l2g_scl_mha16,complete_results,full,lightsnow,0.3,sed,,,64.63625619458077,10.96125669653356,90.10965715420386,61.09241195814721,92.99499979150346,90.45915506205509,68.375622809504,54.17094123891195,/home/hongsheng/K-Radar-main/logs/exp_260725_230526_A2FUSION_rlc_l1d256_l2p2t32d256g_l2g_scl_mha16/test_kitti/none/0.3/complete_results.txt,,
K-Radar-main,ASF/A2Fusion,exp_260725_230526_A2FUSION_rlc_l1d256_l2p2t32d256g_l2g_scl_mha16,complete_results,full,lightsnow,0.3,bus,,,72.57483696927176,42.42889389218718,91.4465676406449,72.15647217647563,94.70437387872566,88.19288903807966,76.91733893256414,67.5927517022475,/home/hongsheng/K-Radar-main/logs/exp_260725_230526_A2FUSION_rlc_l1d256_l2p2t32d256g_l2g_scl_mha16/test_kitti/none/0.3/complete_results.txt,,
K-Radar-main,ASF/A2Fusion,exp_260725_230526_A2FUSION_rlc_l1d256_l2p2t32d256g_l2g_scl_mha16,complete_results,full,heavysnow,0.3,sed,,,44.50792774275725,16.117017157087442,61.28308576415865,50.48171967808845,66.0042310865525,63.59665333279162,50.331772460239314,43.3984633893225,/home/hongsheng/K-Radar-main/logs/exp_260725_230526_A2FUSION_rlc_l1d256_l2p2t32d256g_l2g_scl_mha16/test_kitti/none/0.3/complete_results.txt,,
K-Radar-main,ASF/A2Fusion,exp_260725_230526_A2FUSION_rlc_l1d256_l2p2t32d256g_l2g_scl_mha16,complete_results,full,heavysnow,0.3,bus,,,28.285748474198446,7.367761892995382,79.75542648671171,32.219906513831006,87.35093435215884,67.62924298201563,50.43483678365183,35.73897046294734,/home/hongsheng/K-Radar-main/logs/exp_260725_230526_A2FUSION_rlc_l1d256_l2p2t32d256g_l2g_scl_mha16/test_kitti/none/0.3/complete_results.txt,,
K-Radar-main,ASF v1 official/local,exp_260814_212832_ASF_v1_0_local_repro,complete_results,full,all,0.3,sed,,,63.10708440787629,22.95129787234395,80.4457359516899,67.71598904935695,89.14500596681748,80.44650465152583,67.30193631660173,57.037930524408914,/home/hongsheng/K-Radar-main/logs/exp_260814_212832_ASF_v1_0_local_repro/test_kitti/none/0.3/complete_results.txt,,
K-Radar-main,ASF v1 official/local,exp_260814_212832_ASF_v1_0_local_repro,complete_results,full,urban,0.3,sed,,,65.64247798950777,24.088412765649174,80.70701183009207,76.82471802426466,80.92734709592109,80.78909060265968,68.16317638468242,60.56740713085784,/home/hongsheng/K-Radar-main/logs/exp_260814_212832_ASF_v1_0_local_repro/test_kitti/none/0.3/complete_results.txt,,
K-Radar-main,ASF v1 official/local,exp_260814_212832_ASF_v1_0_local_repro,complete_results,full,highway,0.3,sed,,,59.90198526444706,13.551620281749019,88.69205238844818,72.9414645604843,89.32727042455537,88.44072723085729,68.80918669175686,58.31127069103021,/home/hongsheng/K-Radar-main/logs/exp_260814_212832_ASF_v1_0_local_repro/test_kitti/none/0.3/complete_results.txt,,
K-Radar-main,ASF v1 official/local,exp_260814_212832_ASF_v1_0_local_repro,complete_results,full,countryside,0.3,sed,,,62.29690823306758,7.575757575757574,80.74271609459825,41.710759120397675,88.45457539845208,79.13357166490364,59.985714681196136,42.80669612035297,/home/hongsheng/K-Radar-main/logs/exp_260814_212832_ASF_v1_0_local_repro/test_kitti/none/0.3/complete_results.txt,,
K-Radar-main,ASF v1 official/local,exp_260814_212832_ASF_v1_0_local_repro,complete_results,full,alleyway,0.3,sed,,,41.995828383365605,11.609727851766069,59.74849143136706,45.404750828434395,69.25702199543107,60.91061269296137,48.154405530554264,39.30836379105394,/home/hongsheng/K-Radar-main/logs/exp_260814_212832_ASF_v1_0_local_repro/test_kitti/none/0.3/complete_results.txt,,
K-Radar-main,ASF v1 official/local,exp_260814_212832_ASF_v1_0_local_repro,complete_results,full,parkinglots,0.3,sed,,,45.02285507118312,38.317385344257836,70.6732609096559,60.05182082048171,72.04389325616481,71.96724076557038,59.67940936121895,56.778815643436644,/home/hongsheng/K-Radar-main/logs/exp_260814_212832_ASF_v1_0_local_repro/test_kitti/none/0.3/complete_results.txt,,
K-Radar-main,ASF v1 official/local,exp_260814_212832_ASF_v1_0_local_repro,complete_results,full,shoulder,0.3,sed,,,81.53153153153153,80.38427245744319,90.79806898531999,81.37570394207562,90.83650880058066,90.62019792242917,85.92438060656336,84.12672477398266,/home/hongsheng/K-Radar-main/logs/exp_260814_212832_ASF_v1_0_local_repro/test_kitti/none/0.3/complete_results.txt,,
K-Radar-main,ASF v1 official/local,exp_260814_212832_ASF_v1_0_local_repro,complete_results,full,mountain,0.3,sed,,,71.9625820597124,17.737421215682087,90.87425983977707,78.09696299281516,90.87425983977707,90.86270871985157,73.4013657779359,62.2323643094496,/home/hongsheng/K-Radar-main/logs/exp_260814_212832_ASF_v1_0_local_repro/test_kitti/none/0.3/complete_results.txt,,
K-Radar-main,ASF v1 official/local,exp_260814_212832_ASF_v1_0_local_repro,complete_results,full,university,0.3,sed,,,57.92519234399705,31.516448404098874,80.1209526513918,70.22706163453522,80.80417568252241,80.21720765956285,66.80183972935136,60.65357256606564,/home/hongsheng/K-Radar-main/logs/exp_260814_212832_ASF_v1_0_local_repro/test_kitti/none/0.3/complete_results.txt,,
K-Radar-main,ASF v1 official/local,exp_260814_212832_ASF_v1_0_local_repro,complete_results,full,day,0.3,sed,,,62.46168749616745,19.852216196934087,80.34234961389296,67.7465986436166,88.92473814262296,80.2410339254518,66.59477066978097,55.94661625533416,/home/hongsheng/K-Radar-main/logs/exp_260814_212832_ASF_v1_0_local_repro/test_kitti/none/0.3/complete_results.txt,,
K-Radar-main,ASF v1 official/local,exp_260814_212832_ASF_v1_0_local_repro,complete_results,full,night,0.3,sed,,,64.40517396894373,22.39043977220616,80.71290102445988,67.56715402005798,81.18695816399921,80.92655541313421,66.19819706046685,56.96138306846612,/home/hongsheng/K-Radar-main/logs/exp_260814_212832_ASF_v1_0_local_repro/test_kitti/none/0.3/complete_results.txt,,
K-Radar-main,ASF v1 official/local,exp_260814_212832_ASF_v1_0_local_repro,complete_results,full,normal,0.3,sed,,,60.606411472088325,16.414867760289102,79.78388594337254,66.10134814974109,88.52752030356757,79.7939570629567,65.20466511533589,54.10339099099563,/home/hongsheng/K-Radar-main/logs/exp_260814_212832_ASF_v1_0_local_repro/test_kitti/none/0.3/complete_results.txt,,
K-Radar-main,ASF v1 official/local,exp_260814_212832_ASF_v1_0_local_repro,complete_results,full,overcast,0.3,sed,,,75.39986442809844,26.88469898415031,90.34007260626726,80.2044433548065,90.42680627484633,90.31520905967315,75.595182451307,65.80145046620999,/home/hongsheng/K-Radar-main/logs/exp_260814_212832_ASF_v1_0_local_repro/test_kitti/none/0.3/complete_results.txt,,
K-Radar-main,ASF v1 official/local,exp_260814_212832_ASF_v1_0_local_repro,complete_results,full,fog,0.3,sed,,,77.47579659197694,46.13091915115366,90.83150265862,79.85627525579066,90.86518372692372,90.62550556256916,79.29753049117237,72.20423332317115,/home/hongsheng/K-Radar-main/logs/exp_260814_212832_ASF_v1_0_local_repro/test_kitti/none/0.3/complete_results.txt,,
K-Radar-main,ASF v1 official/local,exp_260814_212832_ASF_v1_0_local_repro,complete_results,full,rain,0.3,sed,,,66.45326708790826,21.459277108604404,81.16091147633135,67.78660266740886,81.26033630509357,80.99176770762973,66.51869372549602,56.745882494547665,/home/hongsheng/K-Radar-main/logs/exp_260814_212832_ASF_v1_0_local_repro/test_kitti/none/0.3/complete_results.txt,,
K-Radar-main,ASF v1 official/local,exp_260814_212832_ASF_v1_0_local_repro,complete_results,full,sleet,0.3,sed,,,53.16269898900804,20.813709982937613,71.84339215251681,67.81396093240926,80.71457620895903,80.4745121638538,62.47047507161409,56.36739435973356,/home/hongsheng/K-Radar-main/logs/exp_260814_212832_ASF_v1_0_local_repro/test_kitti/none/0.3/complete_results.txt,,
K-Radar-main,ASF v1 official/local,exp_260814_212832_ASF_v1_0_local_repro,complete_results,full,lightsnow,0.3,sed,,,65.38262808705537,30.510943034792255,89.02341683942683,77.74255491545455,89.4027409347702,89.23107945282449,73.54889387738727,65.82819246769043,/home/hongsheng/K-Radar-main/logs/exp_260814_212832_ASF_v1_0_local_repro/test_kitti/none/0.3/complete_results.txt,,
K-Radar-main,ASF v1 official/local,exp_260814_212832_ASF_v1_0_local_repro,complete_results,full,heavysnow,0.3,sed,,,54.028175563364286,26.64358828153886,70.86075542130091,61.76883522931441,71.84967954186473,71.53826144748683,59.44821591414501,53.31689498611337,/home/hongsheng/K-Radar-main/logs/exp_260814_212832_ASF_v1_0_local_repro/test_kitti/none/0.3/complete_results.txt,,
K-Radar-main,ASF v1 official/local,exp_250219_134333_A2F_v1_0,complete_results,full,all,0.0,sed,,,63.983746792307464,19.958881204526396,87.17088168295102,73.5760108556642,88.59018784204733,87.42184975058575,70.11692635468036,60.31891393692545,/home/hongsheng/K-Radar-main/official_downloads/asf_v1_official_logs_min/exp_250219_134333_A2F_v1_0/test_kitti/none/0.0/complete_results.txt,,
K-Radar-main,ASF v1 official/local,exp_250219_134333_A2F_v1_0,complete_results,full,urban,0.0,sed,,,66.86628135207712,25.713750481169434,87.39688622078036,74.84165068461112,88.59353680507081,87.75663596098028,71.8614569174482,62.77067904225361,/home/hongsheng/K-Radar-main/official_downloads/asf_v1_official_logs_min/exp_250219_134333_A2F_v1_0/test_kitti/none/0.0/complete_results.txt,,
K-Radar-main,ASF v1 official/local,exp_250219_134333_A2F_v1_0,complete_results,full,highway,0.0,sed,,,61.06329815287005,14.893542605574192,88.76250413028222,72.33106242135126,89.27628912993437,88.48210287947708,69.13479988658153,58.56890263546751,/home/hongsheng/K-Radar-main/official_downloads/asf_v1_official_logs_min/exp_250219_134333_A2F_v1_0/test_kitti/none/0.0/complete_results.txt,,
K-Radar-main,ASF v1 official/local,exp_250219_134333_A2F_v1_0,complete_results,full,countryside,0.0,sed,,,60.96350624001893,6.8181818181818175,86.72688559432082,39.30555878321948,94.63429621136304,83.39099706792295,61.97323761917118,43.17157922310809,/home/hongsheng/K-Radar-main/official_downloads/asf_v1_official_logs_min/exp_250219_134333_A2F_v1_0/test_kitti/none/0.0/complete_results.txt,,
K-Radar-main,ASF v1 official/local,exp_250219_134333_A2F_v1_0,complete_results,full,alleyway,0.0,sed,,,41.1785289922522,8.513975453721754,66.89076790822672,50.99801203001743,74.6463816238263,67.69684714323891,51.65408552521388,42.402944875659365,/home/hongsheng/K-Radar-main/official_downloads/asf_v1_official_logs_min/exp_250219_134333_A2F_v1_0/test_kitti/none/0.0/complete_results.txt,,
K-Radar-main,ASF v1 official/local,exp_250219_134333_A2F_v1_0,complete_results,full,parkinglots,0.0,sed,,,42.03662982462226,33.85926882665491,66.92406084683583,57.67600556025603,77.98024934181387,70.29636400795786,58.12876306802346,53.94387946495627,/home/hongsheng/K-Radar-main/official_downloads/asf_v1_official_logs_min/exp_250219_134333_A2F_v1_0/test_kitti/none/0.0/complete_results.txt,,
K-Radar-main,ASF v1 official/local,exp_250219_134333_A2F_v1_0,complete_results,full,shoulder,0.0,sed,,,89.47782913884609,72.70315891005546,90.818544005795,81.29984051036683,99.72426908498899,90.64090394980927,87.44409093331028,81.54796779007718,/home/hongsheng/K-Radar-main/official_downloads/asf_v1_official_logs_min/exp_250219_134333_A2F_v1_0/test_kitti/none/0.0/complete_results.txt,,
K-Radar-main,ASF v1 official/local,exp_250219_134333_A2F_v1_0,complete_results,full,mountain,0.0,sed,,,72.80639655186178,20.914348363308687,90.87425983977707,77.93062399177056,98.5501496842626,98.38491324886799,76.57678194664145,65.74329520131575,/home/hongsheng/K-Radar-main/official_downloads/asf_v1_official_logs_min/exp_250219_134333_A2F_v1_0/test_kitti/none/0.0/complete_results.txt,,
K-Radar-main,ASF v1 official/local,exp_250219_134333_A2F_v1_0,complete_results,full,university,0.0,sed,,,64.31043176870924,30.812744998776637,86.79970742730401,76.47878944560537,88.06157361285698,87.18441885756398,72.27461101846937,64.82531776731533,/home/hongsheng/K-Radar-main/official_downloads/asf_v1_official_logs_min/exp_250219_134333_A2F_v1_0/test_kitti/none/0.0/complete_results.txt,,
K-Radar-main,ASF v1 official/local,exp_250219_134333_A2F_v1_0,complete_results,full,day,0.0,sed,,,63.11751594681966,23.19444638953991,86.9494575871011,73.57272726300425,88.54273658133468,87.22322615674312,70.43335165409046,61.33013326976243,/home/hongsheng/K-Radar-main/official_downloads/asf_v1_official_logs_min/exp_250219_134333_A2F_v1_0/test_kitti/none/0.0/complete_results.txt,,
K-Radar-main,ASF v1 official/local,exp_250219_134333_A2F_v1_0,complete_results,full,night,0.0,sed,,,65.53276837616426,19.676917017295157,87.66964664717356,73.03688635705704,88.72798082169241,87.91544022024617,70.42660657327143,60.209747864866124,/home/hongsheng/K-Radar-main/official_downloads/asf_v1_official_logs_min/exp_250219_134333_A2F_v1_0/test_kitti/none/0.0/complete_results.txt,,
K-Radar-main,ASF v1 official/local,exp_250219_134333_A2F_v1_0,complete_results,full,normal,0.0,sed,,,60.85991065422014,18.443471498710213,86.69140533345605,71.77130007166714,88.20106022050422,86.97129553340373,68.8230738853269,59.06202236792703,/home/hongsheng/K-Radar-main/official_downloads/asf_v1_official_logs_min/exp_250219_134333_A2F_v1_0/test_kitti/none/0.0/complete_results.txt,,
K-Radar-main,ASF v1 official/local,exp_250219_134333_A2F_v1_0,complete_results,full,overcast,0.0,sed,,,76.27296951534485,25.39682505499346,90.09577374539039,86.98802731752669,90.24346964310564,90.13407075240714,76.5218560047947,67.5063077083091,/home/hongsheng/K-Radar-main/official_downloads/asf_v1_official_logs_min/exp_250219_134333_A2F_v1_0/test_kitti/none/0.0/complete_results.txt,,
K-Radar-main,ASF v1 official/local,exp_250219_134333_A2F_v1_0,complete_results,full,fog,0.0,sed,,,76.95342814883621,40.148532412125384,90.83553223856593,79.39110633059344,98.93197564732571,90.7136667512925,79.49570692145653,70.08443516467044,/home/hongsheng/K-Radar-main/official_downloads/asf_v1_official_logs_min/exp_250219_134333_A2F_v1_0/test_kitti/none/0.0/complete_results.txt,,
K-Radar-main,ASF v1 official/local,exp_250219_134333_A2F_v1_0,complete_results,full,rain,0.0,sed,,,74.78061818922795,19.281920736609067,88.66155339705976,72.94493296740104,88.97078054125039,88.22978601548745,72.14493197450595,60.15221323983252,/home/hongsheng/K-Radar-main/official_downloads/asf_v1_official_logs_min/exp_250219_134333_A2F_v1_0/test_kitti/none/0.0/complete_results.txt,,
K-Radar-main,ASF v1 official/local,exp_250219_134333_A2F_v1_0,complete_results,full,sleet,0.0,sed,,,51.542343879847785,20.443009638918827,78.32810076401864,67.45588138249533,80.3702106136909,79.97957199560358,63.01985304576251,55.95948767233924,/home/hongsheng/K-Radar-main/official_downloads/asf_v1_official_logs_min/exp_250219_134333_A2F_v1_0/test_kitti/none/0.0/complete_results.txt,,
K-Radar-main,ASF v1 official/local,exp_250219_134333_A2F_v1_0,complete_results,full,lightsnow,0.0,sed,,,72.35809923496106,28.338437504246944,88.25155018344071,78.03022088515348,89.20288244718647,88.63930528698242,74.13674925699517,65.00265455879428,/home/hongsheng/K-Radar-main/official_downloads/asf_v1_official_logs_min/exp_250219_134333_A2F_v1_0/test_kitti/none/0.0/complete_results.txt,,
K-Radar-main,ASF v1 official/local,exp_250219_134333_A2F_v1_0,complete_results,full,heavysnow,0.0,sed,,,55.31271052304233,30.210364828255475,70.9472983873294,66.3961340037001,78.4351164507156,77.36505065764614,63.111112475114844,57.9905164965339,/home/hongsheng/K-Radar-main/official_downloads/asf_v1_official_logs_min/exp_250219_134333_A2F_v1_0/test_kitti/none/0.0/complete_results.txt,,
K-Radar-main,ASF v1 official/local,exp_250303_200024_A2F_v1_0,complete_results,full,all,0.0,sed,,,62.85048640310437,18.84758961438235,86.97363480841175,72.94898680476535,88.5883041960715,87.33703837418055,69.59100670015265,59.71120493110942,/home/hongsheng/K-Radar-main/official_downloads/asf_v1_official_logs_min/exp_250303_200024_A2F_v1_0/test_kitti/none/0.0/complete_results.txt,,
K-Radar-main,ASF v1 official/local,exp_250303_200024_A2F_v1_0,complete_results,full,urban,0.0,sed,,,66.08931614184684,23.785120930321394,87.2275355223183,74.69366282908922,88.54461834522806,87.65260286309015,71.33214277198233,62.04379554083359,/home/hongsheng/K-Radar-main/official_downloads/asf_v1_official_logs_min/exp_250303_200024_A2F_v1_0/test_kitti/none/0.0/complete_results.txt,,
K-Radar-main,ASF v1 official/local,exp_250303_200024_A2F_v1_0,complete_results,full,highway,0.0,sed,,,59.2523306291436,13.452949592011135,88.66339367855501,70.4533608460778,89.36773609613124,88.39320922176648,68.26383001061421,57.433173219951804,/home/hongsheng/K-Radar-main/official_downloads/asf_v1_official_logs_min/exp_250303_200024_A2F_v1_0/test_kitti/none/0.0/complete_results.txt,,
K-Radar-main,ASF v1 official/local,exp_250303_200024_A2F_v1_0,complete_results,full,countryside,0.0,sed,,,61.37371264251578,7.0598122986412655,86.6210358520918,38.88445489647411,88.09048058412216,84.51417987123028,61.090612690845894,43.48614902211522,/home/hongsheng/K-Radar-main/official_downloads/asf_v1_official_logs_min/exp_250303_200024_A2F_v1_0/test_kitti/none/0.0/complete_results.txt,,
K-Radar-main,ASF v1 official/local,exp_250303_200024_A2F_v1_0,complete_results,full,alleyway,0.0,sed,,,40.58496672360341,6.861440170371356,66.2484823556139,48.35028852122466,74.4243272632276,67.4871393211811,50.65944072587033,40.89962267092571,/home/hongsheng/K-Radar-main/official_downloads/asf_v1_official_logs_min/exp_250303_200024_A2F_v1_0/test_kitti/none/0.0/complete_results.txt,,
K-Radar-main,ASF v1 official/local,exp_250303_200024_A2F_v1_0,complete_results,full,parkinglots,0.0,sed,,,34.88876133500411,28.126031557404108,66.8488248414766,57.891883711209935,78.60402966487251,70.9398390651664,56.21656169585561,52.319251444593476,/home/hongsheng/K-Radar-main/official_downloads/asf_v1_official_logs_min/exp_250303_200024_A2F_v1_0/test_kitti/none/0.0/complete_results.txt,,
K-Radar-main,ASF v1 official/local,exp_250303_200024_A2F_v1_0,complete_results,full,shoulder,0.0,sed,,,89.61267673065241,72.72727272727273,90.818544005795,81.33760512615139,90.83650880058066,90.64090394980927,85.9955852233769,81.56859393441113,/home/hongsheng/K-Radar-main/official_downloads/asf_v1_official_logs_min/exp_250303_200024_A2F_v1_0/test_kitti/none/0.0/complete_results.txt,,
K-Radar-main,ASF v1 official/local,exp_250303_200024_A2F_v1_0,complete_results,full,mountain,0.0,sed,,,71.7102399605945,25.342109383721716,98.67765125783552,78.11436853872945,98.73255865573405,98.77758644992437,78.55908570775661,67.41135479079185,/home/hongsheng/K-Radar-main/official_downloads/asf_v1_official_logs_min/exp_250303_200024_A2F_v1_0/test_kitti/none/0.0/complete_results.txt,,
K-Radar-main,ASF v1 official/local,exp_250303_200024_A2F_v1_0,complete_results,full,university,0.0,sed,,,62.727718746007646,30.144754441096154,80.12878999866527,75.5258626913465,87.50227797855597,86.86062170156166,70.48167092620552,64.17707961133478,/home/hongsheng/K-Radar-main/official_downloads/asf_v1_official_logs_min/exp_250303_200024_A2F_v1_0/test_kitti/none/0.0/complete_results.txt,,
K-Radar-main,ASF v1 official/local,exp_250303_200024_A2F_v1_0,complete_results,full,day,0.0,sed,,,61.844496397823,19.0032372354999,86.76179215368653,72.38707220692399,88.49652053972181,86.9141152140244,69.23453895794661,59.4348082188161,/home/hongsheng/K-Radar-main/official_downloads/asf_v1_official_logs_min/exp_250303_200024_A2F_v1_0/test_kitti/none/0.0/complete_results.txt,,
K-Radar-main,ASF v1 official/local,exp_250303_200024_A2F_v1_0,complete_results,full,night,0.0,sed,,,64.64884071538435,19.037208819462283,87.59359912762432,67.05944547983943,88.85303426788693,88.1081151952653,69.21670726757709,58.06825649818901,/home/hongsheng/K-Radar-main/official_downloads/asf_v1_official_logs_min/exp_250303_200024_A2F_v1_0/test_kitti/none/0.0/complete_results.txt,,
K-Radar-main,ASF v1 official/local,exp_250303_200024_A2F_v1_0,complete_results,full,normal,0.0,sed,,,59.06173574857784,15.795974143872582,86.20204082250152,64.5603772486291,88.13094859214166,86.6445628526008,66.73260656805392,55.66697141503416,/home/hongsheng/K-Radar-main/official_downloads/asf_v1_official_logs_min/exp_250303_200024_A2F_v1_0/test_kitti/none/0.0/complete_results.txt,,
K-Radar-main,ASF v1 official/local,exp_250303_200024_A2F_v1_0,complete_results,full,overcast,0.0,sed,,,74.16483199910293,22.552071307541528,90.16184617958241,86.5960331643214,90.28186585558981,89.84655567574649,75.6005340303141,66.33155338253647,/home/hongsheng/K-Radar-main/official_downloads/asf_v1_official_logs_min/exp_250303_200024_A2F_v1_0/test_kitti/none/0.0/complete_results.txt,,
K-Radar-main,ASF v1 official/local,exp_250303_200024_A2F_v1_0,complete_results,full,fog,0.0,sed,,,76.55290062711799,43.25743244587912,90.78421402379028,79.57211046681245,99.0162109213467,90.66654637117104,79.9749024760196,71.16536309462087,/home/hongsheng/K-Radar-main/official_downloads/asf_v1_official_logs_min/exp_250303_200024_A2F_v1_0/test_kitti/none/0.0/complete_results.txt,,
K-Radar-main,ASF v1 official/local,exp_250303_200024_A2F_v1_0,complete_results,full,rain,0.0,sed,,,73.61846553298851,18.74537002933498,88.79637827076401,73.419865249958,89.08463163890161,88.56929248475605,72.03900053445052,60.24484258801633,/home/hongsheng/K-Radar-main/official_downloads/asf_v1_official_logs_min/exp_250303_200024_A2F_v1_0/test_kitti/none/0.0/complete_results.txt,,
K-Radar-main,ASF v1 official/local,exp_250303_200024_A2F_v1_0,complete_results,full,sleet,0.0,sed,,,47.99360925923819,15.107044644717627,78.16373117877222,66.95759836202745,80.42912665415493,79.98992279410288,61.44017214883555,54.018188600282656,/home/hongsheng/K-Radar-main/official_downloads/asf_v1_official_logs_min/exp_250303_200024_A2F_v1_0/test_kitti/none/0.0/complete_results.txt,,
K-Radar-main,ASF v1 official/local,exp_250303_200024_A2F_v1_0,complete_results,full,lightsnow,0.0,sed,,,65.81663944331072,30.326101483762567,88.57525610640785,77.60273933584095,89.42066047982527,88.81105166990709,73.42540808650908,65.5799641631702,/home/hongsheng/K-Radar-main/official_downloads/asf_v1_official_logs_min/exp_250303_200024_A2F_v1_0/test_kitti/none/0.0/complete_results.txt,,
K-Radar-main,ASF v1 official/local,exp_250303_200024_A2F_v1_0,complete_results,full,heavysnow,0.0,sed,,,54.44128342921477,27.97967969438322,71.04225819741218,66.74188455544272,78.6813570970827,77.49636755177801,62.73047175421893,57.405977267201315,/home/hongsheng/K-Radar-main/official_downloads/asf_v1_official_logs_min/exp_250303_200024_A2F_v1_0/test_kitti/none/0.0/complete_results.txt,,
K-Radar-main,ASF v1 official/local,exp_250303_200024_A2F_v1_0,complete_results,full,all,0.3,sed,,,62.85129838117256,18.84758961438235,80.32516486241366,67.19240527543302,80.77711184770162,80.31346659416178,65.05117276254417,55.451153827992385,/home/hongsheng/K-Radar-main/official_downloads/asf_v1_official_logs_min/exp_250303_200024_A2F_v1_0/test_kitti/none/0.3/complete_results.txt,,
K-Radar-main,ASF v1 official/local,exp_250303_200024_A2F_v1_0,complete_results,full,urban,0.3,sed,,,66.08931614184684,20.99608406485141,80.5993519636944,68.85109194353839,80.81954312294198,80.62132882290264,66.32945267662927,56.82283494376415,/home/hongsheng/K-Radar-main/official_downloads/asf_v1_official_logs_min/exp_250303_200024_A2F_v1_0/test_kitti/none/0.3/complete_results.txt,,
K-Radar-main,ASF v1 official/local,exp_250303_200024_A2F_v1_0,complete_results,full,highway,0.3,sed,,,59.2523306291436,13.452949592011135,88.66339367855501,71.53604504296429,89.36773609613124,88.39320922176648,68.44427737676196,57.7940679522473,/home/hongsheng/K-Radar-main/official_downloads/asf_v1_official_logs_min/exp_250303_200024_A2F_v1_0/test_kitti/none/0.3/complete_results.txt,,
K-Radar-main,ASF v1 official/local,exp_250303_200024_A2F_v1_0,complete_results,full,countryside,0.3,sed,,,56.861928130731265,7.0598122986412655,80.50215473321067,38.88445489647411,88.09048058412216,79.00841802744026,58.401208111769954,41.65089507418521,/home/hongsheng/K-Radar-main/official_downloads/asf_v1_official_logs_min/exp_250303_200024_A2F_v1_0/test_kitti/none/0.3/complete_results.txt,,
K-Radar-main,ASF v1 official/local,exp_250303_200024_A2F_v1_0,complete_results,full,alleyway,0.3,sed,,,35.516945470611056,6.861440170371356,59.35369175295813,43.86983094257834,61.07921256029716,60.36103961443623,44.50702675187538,37.030770242461976,/home/hongsheng/K-Radar-main/official_downloads/asf_v1_official_logs_min/exp_250303_200024_A2F_v1_0/test_kitti/none/0.3/complete_results.txt,,
K-Radar-main,ASF v1 official/local,exp_250303_200024_A2F_v1_0,complete_results,full,parkinglots,0.3,sed,,,34.88876133500411,28.126031557404108,60.347276853860485,57.98590569202437,71.20183433698058,70.9398390651664,53.91494147340668,52.35059210486495,/home/hongsheng/K-Radar-main/official_downloads/asf_v1_official_logs_min/exp_250303_200024_A2F_v1_0/test_kitti/none/0.3/complete_results.txt,,
K-Radar-main,ASF v1 official/local,exp_250303_200024_A2F_v1_0,complete_results,full,shoulder,0.3,sed,,,89.78983080823433,72.72727272727273,90.818544005795,81.33760512615139,90.83650880058066,90.64090394980927,86.02511090297389,81.56859393441113,/home/hongsheng/K-Radar-main/official_downloads/asf_v1_official_logs_min/exp_250303_200024_A2F_v1_0/test_kitti/none/0.3/complete_results.txt,,
K-Radar-main,ASF v1 official/local,exp_250303_200024_A2F_v1_0,complete_results,full,mountain,0.3,sed,,,71.7102399605945,25.342109383721716,90.78144069222044,78.11436853872945,90.89745082062623,90.86270871985157,74.61805301929066,64.7730622141009,/home/hongsheng/K-Radar-main/official_downloads/asf_v1_official_logs_min/exp_250303_200024_A2F_v1_0/test_kitti/none/0.3/complete_results.txt,,
K-Radar-main,ASF v1 official/local,exp_250303_200024_A2F_v1_0,complete_results,full,university,0.3,sed,,,57.06787936949289,30.144754441096154,80.12878999866527,69.62635032631688,80.83648208862215,80.29931901956931,66.35059587396044,60.02347459566079,/home/hongsheng/K-Radar-main/official_downloads/asf_v1_official_logs_min/exp_250303_200024_A2F_v1_0/test_kitti/none/0.3/complete_results.txt,,
K-Radar-main,ASF v1 official/local,exp_250303_200024_A2F_v1_0,complete_results,full,day,0.3,sed,,,61.953935200073815,19.0032372354999,80.19626832140841,66.67258142104691,88.85717301965418,80.09423444918951,66.12957160781212,55.25668436857878,/home/hongsheng/K-Radar-main/official_downloads/asf_v1_official_logs_min/exp_250303_200024_A2F_v1_0/test_kitti/none/0.3/complete_results.txt,,
K-Radar-main,ASF v1 official/local,exp_250303_200024_A2F_v1_0,complete_results,full,night,0.3,sed,,,64.64884071538435,19.037208819462283,80.6463315404184,67.05944547983943,81.1296576445103,80.81010812673988,65.55526538772578,55.635587475347194,/home/hongsheng/K-Radar-main/official_downloads/asf_v1_official_logs_min/exp_250303_200024_A2F_v1_0/test_kitti/none/0.3/complete_results.txt,,
K-Radar-main,ASF v1 official/local,exp_250303_200024_A2F_v1_0,complete_results,full,normal,0.3,sed,,,60.16435836754243,15.795974143872582,79.62534879206498,64.5603772486291,88.4034376133066,79.5731859536377,64.6871136865089,53.30984578204646,/home/hongsheng/K-Radar-main/official_downloads/asf_v1_official_logs_min/exp_250303_200024_A2F_v1_0/test_kitti/none/0.3/complete_results.txt,,
K-Radar-main,ASF v1 official/local,exp_250303_200024_A2F_v1_0,complete_results,full,overcast,0.3,sed,,,74.30001885094981,19.377896323277522,90.19451120701949,79.70949864620792,90.28023127909044,89.8871527518514,73.95821817639943,62.99151590711228,/home/hongsheng/K-Radar-main/official_downloads/asf_v1_official_logs_min/exp_250303_200024_A2F_v1_0/test_kitti/none/0.3/complete_results.txt,,
K-Radar-main,ASF v1 official/local,exp_250303_200024_A2F_v1_0,complete_results,full,fog,0.3,sed,,,76.55290062711799,43.25743244587912,90.78421402379028,79.57211046681245,90.85619206787354,90.66654637117104,78.61489933377406,71.16536309462087,/home/hongsheng/K-Radar-main/official_downloads/asf_v1_official_logs_min/exp_250303_200024_A2F_v1_0/test_kitti/none/0.3/complete_results.txt,,
K-Radar-main,ASF v1 official/local,exp_250303_200024_A2F_v1_0,complete_results,full,rain,0.3,sed,,,67.34027082579769,18.74537002933498,81.13078660616466,67.32876906053113,81.21803286089754,80.9678164699959,66.12184097545365,55.68065185328734,/home/hongsheng/K-Radar-main/official_downloads/asf_v1_official_logs_min/exp_250303_200024_A2F_v1_0/test_kitti/none/0.3/complete_results.txt,,
K-Radar-main,ASF v1 official/local,exp_250303_200024_A2F_v1_0,complete_results,full,sleet,0.3,sed,,,43.25439319926741,15.486586685282655,71.04052079722204,67.27539219661544,80.48103706634372,80.20373178335663,59.623610288014646,54.32190355508491,/home/hongsheng/K-Radar-main/official_downloads/asf_v1_official_logs_min/exp_250303_200024_A2F_v1_0/test_kitti/none/0.3/complete_results.txt,,
K-Radar-main,ASF v1 official/local,exp_250303_200024_A2F_v1_0,complete_results,full,lightsnow,0.3,sed,,,65.81663944331072,30.435196556787563,80.81937562325464,77.62886263782633,89.53227076158943,80.88897374782917,70.85355312843298,62.984344314147684,/home/hongsheng/K-Radar-main/official_downloads/asf_v1_official_logs_min/exp_250303_200024_A2F_v1_0/test_kitti/none/0.3/complete_results.txt,,
K-Radar-main,ASF v1 official/local,exp_250303_200024_A2F_v1_0,complete_results,full,heavysnow,0.3,sed,,,54.44128342921477,25.178543330746855,71.04225819741218,61.60552091907908,71.95780541940256,71.7122766426871,59.3229479897571,52.83211363083768,/home/hongsheng/K-Radar-main/official_downloads/asf_v1_official_logs_min/exp_250303_200024_A2F_v1_0/test_kitti/none/0.3/complete_results.txt,,
K-Radar-main,ASF/A2Fusion,exp_260721_133144_ASF_LR_bs4_ep15,summary_conf_md,full_or_exported_summary,all,0.3,bus,,,21.4,6.87,50.72,30.85,64.27,57.31,38.57,31.676666666666666,/home/hongsheng/K-Radar-main/results/asf_bs4_ep15/summary_conf0.3.md,,
K-Radar-main,ASF/A2Fusion,exp_260721_133144_ASF_LR_bs4_ep15,summary_conf_md,full_or_exported_summary,all,0.3,sed,,,38.04,9.65,66.13,46.05,72.48,69.37,50.28666666666667,41.690000000000005,/home/hongsheng/K-Radar-main/results/asf_bs4_ep15/summary_conf0.3.md,,
K-Radar-main,ASF/A2Fusion,exp_260721_133144_ASF_LR_bs4_ep15,summary_conf_md_condition,full_or_exported_summary,all,0.3,bus,,,,,50.72,30.85,,,40.785,30.85,/home/hongsheng/K-Radar-main/results/asf_bs4_ep15/summary_conf0.3.md,,
K-Radar-main,ASF/A2Fusion,exp_260721_133144_ASF_LR_bs4_ep15,summary_conf_md_condition,full_or_exported_summary,all,0.3,sed,,,,,66.13,46.05,,,56.089999999999996,46.05,/home/hongsheng/K-Radar-main/results/asf_bs4_ep15/summary_conf0.3.md,,
K-Radar-main,ASF/A2Fusion,exp_260721_133144_ASF_LR_bs4_ep15,summary_conf_md_condition,full_or_exported_summary,alleyway,0.3,bus,,,,,6.62,3.47,,,5.045,3.47,/home/hongsheng/K-Radar-main/results/asf_bs4_ep15/summary_conf0.3.md,,
K-Radar-main,ASF/A2Fusion,exp_260721_133144_ASF_LR_bs4_ep15,summary_conf_md_condition,full_or_exported_summary,alleyway,0.3,sed,,,,,31.15,17.68,,,24.415,17.68,/home/hongsheng/K-Radar-main/results/asf_bs4_ep15/summary_conf0.3.md,,
K-Radar-main,ASF/A2Fusion,exp_260721_133144_ASF_LR_bs4_ep15,summary_conf_md_condition,full_or_exported_summary,countryside,0.3,bus,,,,,31.78,21.61,,,26.695,21.61,/home/hongsheng/K-Radar-main/results/asf_bs4_ep15/summary_conf0.3.md,,
K-Radar-main,ASF/A2Fusion,exp_260721_133144_ASF_LR_bs4_ep15,summary_conf_md_condition,full_or_exported_summary,countryside,0.3,sed,,,,,55.15,31.62,,,43.385,31.62,/home/hongsheng/K-Radar-main/results/asf_bs4_ep15/summary_conf0.3.md,,
K-Radar-main,ASF/A2Fusion,exp_260721_133144_ASF_LR_bs4_ep15,summary_conf_md_condition,full_or_exported_summary,day,0.3,bus,,,,,45.12,29.16,,,37.14,29.16,/home/hongsheng/K-Radar-main/results/asf_bs4_ep15/summary_conf0.3.md,,
K-Radar-main,ASF/A2Fusion,exp_260721_133144_ASF_LR_bs4_ep15,summary_conf_md_condition,full_or_exported_summary,day,0.3,sed,,,,,68.25,48.65,,,58.45,48.65,/home/hongsheng/K-Radar-main/results/asf_bs4_ep15/summary_conf0.3.md,,
K-Radar-main,ASF/A2Fusion,exp_260721_133144_ASF_LR_bs4_ep15,summary_conf_md_condition,full_or_exported_summary,fog,0.3,bus,,,,,0.0,0.0,,,0.0,0.0,/home/hongsheng/K-Radar-main/results/asf_bs4_ep15/summary_conf0.3.md,,
K-Radar-main,ASF/A2Fusion,exp_260721_133144_ASF_LR_bs4_ep15,summary_conf_md_condition,full_or_exported_summary,fog,0.3,sed,,,,,94.66,76.9,,,85.78,76.9,/home/hongsheng/K-Radar-main/results/asf_bs4_ep15/summary_conf0.3.md,,
K-Radar-main,ASF/A2Fusion,exp_260721_133144_ASF_LR_bs4_ep15,summary_conf_md_condition,full_or_exported_summary,heavysnow,0.3,bus,,,,,77.7,31.73,,,54.715,31.73,/home/hongsheng/K-Radar-main/results/asf_bs4_ep15/summary_conf0.3.md,,
K-Radar-main,ASF/A2Fusion,exp_260721_133144_ASF_LR_bs4_ep15,summary_conf_md_condition,full_or_exported_summary,heavysnow,0.3,sed,,,,,58.55,46.68,,,52.614999999999995,46.68,/home/hongsheng/K-Radar-main/results/asf_bs4_ep15/summary_conf0.3.md,,
K-Radar-main,ASF/A2Fusion,exp_260721_133144_ASF_LR_bs4_ep15,summary_conf_md_condition,full_or_exported_summary,highway,0.3,bus,,,,,50.76,29.15,,,39.955,29.15,/home/hongsheng/K-Radar-main/results/asf_bs4_ep15/summary_conf0.3.md,,
K-Radar-main,ASF/A2Fusion,exp_260721_133144_ASF_LR_bs4_ep15,summary_conf_md_condition,full_or_exported_summary,highway,0.3,sed,,,,,73.69,47.59,,,60.64,47.59,/home/hongsheng/K-Radar-main/results/asf_bs4_ep15/summary_conf0.3.md,,
K-Radar-main,ASF/A2Fusion,exp_260721_133144_ASF_LR_bs4_ep15,summary_conf_md_condition,full_or_exported_summary,lightsnow,0.3,bus,,,,,81.1,64.76,,,72.93,64.76,/home/hongsheng/K-Radar-main/results/asf_bs4_ep15/summary_conf0.3.md,,
K-Radar-main,ASF/A2Fusion,exp_260721_133144_ASF_LR_bs4_ep15,summary_conf_md_condition,full_or_exported_summary,lightsnow,0.3,sed,,,,,82.43,56.71,,,69.57000000000001,56.71,/home/hongsheng/K-Radar-main/results/asf_bs4_ep15/summary_conf0.3.md,,
K-Radar-main,ASF/A2Fusion,exp_260721_133144_ASF_LR_bs4_ep15,summary_conf_md_condition,full_or_exported_summary,mountain,0.3,bus,,,,,60.66,56.95,,,58.805,56.95,/home/hongsheng/K-Radar-main/results/asf_bs4_ep15/summary_conf0.3.md,,
K-Radar-main,ASF/A2Fusion,exp_260721_133144_ASF_LR_bs4_ep15,summary_conf_md_condition,full_or_exported_summary,mountain,0.3,sed,,,,,89.43,61.69,,,75.56,61.69,/home/hongsheng/K-Radar-main/results/asf_bs4_ep15/summary_conf0.3.md,,
K-Radar-main,ASF/A2Fusion,exp_260721_133144_ASF_LR_bs4_ep15,summary_conf_md_condition,full_or_exported_summary,night,0.3,bus,,,,,60.58,33.31,,,46.945,33.31,/home/hongsheng/K-Radar-main/results/asf_bs4_ep15/summary_conf0.3.md,,
K-Radar-main,ASF/A2Fusion,exp_260721_133144_ASF_LR_bs4_ep15,summary_conf_md_condition,full_or_exported_summary,night,0.3,sed,,,,,61.96,39.57,,,50.765,39.57,/home/hongsheng/K-Radar-main/results/asf_bs4_ep15/summary_conf0.3.md,,
K-Radar-main,ASF/A2Fusion,exp_260721_133144_ASF_LR_bs4_ep15,summary_conf_md_condition,full_or_exported_summary,normal,0.3,bus,,,,,37.7,26.18,,,31.94,26.18,/home/hongsheng/K-Radar-main/results/asf_bs4_ep15/summary_conf0.3.md,,
K-Radar-main,ASF/A2Fusion,exp_260721_133144_ASF_LR_bs4_ep15,summary_conf_md_condition,full_or_exported_summary,normal,0.3,sed,,,,,62.31,41.35,,,51.83,41.35,/home/hongsheng/K-Radar-main/results/asf_bs4_ep15/summary_conf0.3.md,,
K-Radar-main,ASF/A2Fusion,exp_260721_133144_ASF_LR_bs4_ep15,summary_conf_md_condition,full_or_exported_summary,overcast,0.3,bus,,,,,47.65,37.82,,,42.735,37.82,/home/hongsheng/K-Radar-main/results/asf_bs4_ep15/summary_conf0.3.md,,
K-Radar-main,ASF/A2Fusion,exp_260721_133144_ASF_LR_bs4_ep15,summary_conf_md_condition,full_or_exported_summary,overcast,0.3,sed,,,,,75.33,50.26,,,62.795,50.26,/home/hongsheng/K-Radar-main/results/asf_bs4_ep15/summary_conf0.3.md,,
K-Radar-main,ASF/A2Fusion,exp_260721_133144_ASF_LR_bs4_ep15,summary_conf_md_condition,full_or_exported_summary,parkinglots,0.3,bus,,,,,43.91,25.01,,,34.46,25.01,/home/hongsheng/K-Radar-main/results/asf_bs4_ep15/summary_conf0.3.md,,
K-Radar-main,ASF/A2Fusion,exp_260721_133144_ASF_LR_bs4_ep15,summary_conf_md_condition,full_or_exported_summary,parkinglots,0.3,sed,,,,,51.99,41.51,,,46.75,41.51,/home/hongsheng/K-Radar-main/results/asf_bs4_ep15/summary_conf0.3.md,,
K-Radar-main,ASF/A2Fusion,exp_260721_133144_ASF_LR_bs4_ep15,summary_conf_md_condition,full_or_exported_summary,rain,0.3,bus,,,,,4.99,3.11,,,4.05,3.11,/home/hongsheng/K-Radar-main/results/asf_bs4_ep15/summary_conf0.3.md,,
K-Radar-main,ASF/A2Fusion,exp_260721_133144_ASF_LR_bs4_ep15,summary_conf_md_condition,full_or_exported_summary,rain,0.3,sed,,,,,59.57,40.95,,,50.260000000000005,40.95,/home/hongsheng/K-Radar-main/results/asf_bs4_ep15/summary_conf0.3.md,,
K-Radar-main,ASF/A2Fusion,exp_260721_133144_ASF_LR_bs4_ep15,summary_conf_md_condition,full_or_exported_summary,shoulder,0.3,bus,,,,,0.0,0.0,,,0.0,0.0,/home/hongsheng/K-Radar-main/results/asf_bs4_ep15/summary_conf0.3.md,,
K-Radar-main,ASF/A2Fusion,exp_260721_133144_ASF_LR_bs4_ep15,summary_conf_md_condition,full_or_exported_summary,shoulder,0.3,sed,,,,,97.45,94.33,,,95.89,94.33,/home/hongsheng/K-Radar-main/results/asf_bs4_ep15/summary_conf0.3.md,,
K-Radar-main,ASF/A2Fusion,exp_260721_133144_ASF_LR_bs4_ep15,summary_conf_md_condition,full_or_exported_summary,sleet,0.3,bus,,,,,50.46,37.18,,,43.82,37.18,/home/hongsheng/K-Radar-main/results/asf_bs4_ep15/summary_conf0.3.md,,
K-Radar-main,ASF/A2Fusion,exp_260721_133144_ASF_LR_bs4_ep15,summary_conf_md_condition,full_or_exported_summary,sleet,0.3,sed,,,,,60.37,43.38,,,51.875,43.38,/home/hongsheng/K-Radar-main/results/asf_bs4_ep15/summary_conf0.3.md,,
K-Radar-main,ASF/A2Fusion,exp_260721_133144_ASF_LR_bs4_ep15,summary_conf_md_condition,full_or_exported_summary,university,0.3,bus,,,,,0.0,0.0,,,0.0,0.0,/home/hongsheng/K-Radar-main/results/asf_bs4_ep15/summary_conf0.3.md,,
K-Radar-main,ASF/A2Fusion,exp_260721_133144_ASF_LR_bs4_ep15,summary_conf_md_condition,full_or_exported_summary,university,0.3,sed,,,,,59.32,35.17,,,47.245000000000005,35.17,/home/hongsheng/K-Radar-main/results/asf_bs4_ep15/summary_conf0.3.md,,
K-Radar-main,ASF/A2Fusion,exp_260721_133144_ASF_LR_bs4_ep15,summary_conf_md_condition,full_or_exported_summary,urban,0.3,bus,,,,,74.95,45.38,,,60.165000000000006,45.38,/home/hongsheng/K-Radar-main/results/asf_bs4_ep15/summary_conf0.3.md,,
K-Radar-main,ASF/A2Fusion,exp_260721_133144_ASF_LR_bs4_ep15,summary_conf_md_condition,full_or_exported_summary,urban,0.3,sed,,,,,67.35,50.02,,,58.685,50.02,/home/hongsheng/K-Radar-main/results/asf_bs4_ep15/summary_conf0.3.md,,
K-Radar-main,DeCU-ASF,exp_260721_133144_DeCU_ASF_LR_bs4_ep15,summary_conf_md,full_or_exported_summary,all,0.3,bus,,,21.74,7.54,50.92,31.82,64.56,57.43,39.001666666666665,32.263333333333335,/home/hongsheng/K-Radar-main/results/decu_bs4_ep15/summary_conf0.3.md,,
K-Radar-main,DeCU-ASF,exp_260721_133144_DeCU_ASF_LR_bs4_ep15,summary_conf_md,full_or_exported_summary,all,0.3,sed,,,37.78,9.82,66.11,45.88,72.47,69.28,50.223333333333336,41.660000000000004,/home/hongsheng/K-Radar-main/results/decu_bs4_ep15/summary_conf0.3.md,,
K-Radar-main,DeCU-ASF,exp_260721_133144_DeCU_ASF_LR_bs4_ep15,summary_conf_md_condition,full_or_exported_summary,all,0.3,bus,,,,,50.92,31.82,,,41.370000000000005,31.82,/home/hongsheng/K-Radar-main/results/decu_bs4_ep15/summary_conf0.3.md,,
K-Radar-main,DeCU-ASF,exp_260721_133144_DeCU_ASF_LR_bs4_ep15,summary_conf_md_condition,full_or_exported_summary,all,0.3,sed,,,,,66.11,45.88,,,55.995000000000005,45.88,/home/hongsheng/K-Radar-main/results/decu_bs4_ep15/summary_conf0.3.md,,
K-Radar-main,DeCU-ASF,exp_260721_133144_DeCU_ASF_LR_bs4_ep15,summary_conf_md_condition,full_or_exported_summary,alleyway,0.3,bus,,,,,13.25,8.68,,,10.965,8.68,/home/hongsheng/K-Radar-main/results/decu_bs4_ep15/summary_conf0.3.md,,
K-Radar-main,DeCU-ASF,exp_260721_133144_DeCU_ASF_LR_bs4_ep15,summary_conf_md_condition,full_or_exported_summary,alleyway,0.3,sed,,,,,30.81,15.73,,,23.27,15.73,/home/hongsheng/K-Radar-main/results/decu_bs4_ep15/summary_conf0.3.md,,
K-Radar-main,DeCU-ASF,exp_260721_133144_DeCU_ASF_LR_bs4_ep15,summary_conf_md_condition,full_or_exported_summary,countryside,0.3,bus,,,,,27.36,12.7,,,20.03,12.7,/home/hongsheng/K-Radar-main/results/decu_bs4_ep15/summary_conf0.3.md,,
K-Radar-main,DeCU-ASF,exp_260721_133144_DeCU_ASF_LR_bs4_ep15,summary_conf_md_condition,full_or_exported_summary,countryside,0.3,sed,,,,,52.76,29.8,,,41.28,29.8,/home/hongsheng/K-Radar-main/results/decu_bs4_ep15/summary_conf0.3.md,,
K-Radar-main,DeCU-ASF,exp_260721_133144_DeCU_ASF_LR_bs4_ep15,summary_conf_md_condition,full_or_exported_summary,day,0.3,bus,,,,,43.59,29.51,,,36.550000000000004,29.51,/home/hongsheng/K-Radar-main/results/decu_bs4_ep15/summary_conf0.3.md,,
K-Radar-main,DeCU-ASF,exp_260721_133144_DeCU_ASF_LR_bs4_ep15,summary_conf_md_condition,full_or_exported_summary,day,0.3,sed,,,,,68.25,48.3,,,58.275,48.3,/home/hongsheng/K-Radar-main/results/decu_bs4_ep15/summary_conf0.3.md,,
K-Radar-main,DeCU-ASF,exp_260721_133144_DeCU_ASF_LR_bs4_ep15,summary_conf_md_condition,full_or_exported_summary,fog,0.3,bus,,,,,0.0,0.0,,,0.0,0.0,/home/hongsheng/K-Radar-main/results/decu_bs4_ep15/summary_conf0.3.md,,
K-Radar-main,DeCU-ASF,exp_260721_133144_DeCU_ASF_LR_bs4_ep15,summary_conf_md_condition,full_or_exported_summary,fog,0.3,sed,,,,,94.62,76.41,,,85.515,76.41,/home/hongsheng/K-Radar-main/results/decu_bs4_ep15/summary_conf0.3.md,,
K-Radar-main,DeCU-ASF,exp_260721_133144_DeCU_ASF_LR_bs4_ep15,summary_conf_md_condition,full_or_exported_summary,heavysnow,0.3,bus,,,,,76.05,31.44,,,53.745,31.44,/home/hongsheng/K-Radar-main/results/decu_bs4_ep15/summary_conf0.3.md,,
K-Radar-main,DeCU-ASF,exp_260721_133144_DeCU_ASF_LR_bs4_ep15,summary_conf_md_condition,full_or_exported_summary,heavysnow,0.3,sed,,,,,58.38,47.62,,,53.0,47.62,/home/hongsheng/K-Radar-main/results/decu_bs4_ep15/summary_conf0.3.md,,
K-Radar-main,DeCU-ASF,exp_260721_133144_DeCU_ASF_LR_bs4_ep15,summary_conf_md_condition,full_or_exported_summary,highway,0.3,bus,,,,,51.26,30.42,,,40.84,30.42,/home/hongsheng/K-Radar-main/results/decu_bs4_ep15/summary_conf0.3.md,,
K-Radar-main,DeCU-ASF,exp_260721_133144_DeCU_ASF_LR_bs4_ep15,summary_conf_md_condition,full_or_exported_summary,highway,0.3,sed,,,,,74.39,50.09,,,62.24,50.09,/home/hongsheng/K-Radar-main/results/decu_bs4_ep15/summary_conf0.3.md,,
K-Radar-main,DeCU-ASF,exp_260721_133144_DeCU_ASF_LR_bs4_ep15,summary_conf_md_condition,full_or_exported_summary,lightsnow,0.3,bus,,,,,82.98,71.52,,,77.25,71.52,/home/hongsheng/K-Radar-main/results/decu_bs4_ep15/summary_conf0.3.md,,
K-Radar-main,DeCU-ASF,exp_260721_133144_DeCU_ASF_LR_bs4_ep15,summary_conf_md_condition,full_or_exported_summary,lightsnow,0.3,sed,,,,,82.17,55.14,,,68.655,55.14,/home/hongsheng/K-Radar-main/results/decu_bs4_ep15/summary_conf0.3.md,,
K-Radar-main,DeCU-ASF,exp_260721_133144_DeCU_ASF_LR_bs4_ep15,summary_conf_md_condition,full_or_exported_summary,mountain,0.3,bus,,,,,58.73,51.95,,,55.34,51.95,/home/hongsheng/K-Radar-main/results/decu_bs4_ep15/summary_conf0.3.md,,
K-Radar-main,DeCU-ASF,exp_260721_133144_DeCU_ASF_LR_bs4_ep15,summary_conf_md_condition,full_or_exported_summary,mountain,0.3,sed,,,,,91.65,61.4,,,76.525,61.4,/home/hongsheng/K-Radar-main/results/decu_bs4_ep15/summary_conf0.3.md,,
K-Radar-main,DeCU-ASF,exp_260721_133144_DeCU_ASF_LR_bs4_ep15,summary_conf_md_condition,full_or_exported_summary,night,0.3,bus,,,,,60.93,34.6,,,47.765,34.6,/home/hongsheng/K-Radar-main/results/decu_bs4_ep15/summary_conf0.3.md,,
K-Radar-main,DeCU-ASF,exp_260721_133144_DeCU_ASF_LR_bs4_ep15,summary_conf_md_condition,full_or_exported_summary,night,0.3,sed,,,,,61.87,39.46,,,50.665,39.46,/home/hongsheng/K-Radar-main/results/decu_bs4_ep15/summary_conf0.3.md,,
K-Radar-main,DeCU-ASF,exp_260721_133144_DeCU_ASF_LR_bs4_ep15,summary_conf_md_condition,full_or_exported_summary,normal,0.3,bus,,,,,39.69,26.35,,,33.019999999999996,26.35,/home/hongsheng/K-Radar-main/results/decu_bs4_ep15/summary_conf0.3.md,,
K-Radar-main,DeCU-ASF,exp_260721_133144_DeCU_ASF_LR_bs4_ep15,summary_conf_md_condition,full_or_exported_summary,normal,0.3,sed,,,,,62.42,41.21,,,51.815,41.21,/home/hongsheng/K-Radar-main/results/decu_bs4_ep15/summary_conf0.3.md,,
K-Radar-main,DeCU-ASF,exp_260721_133144_DeCU_ASF_LR_bs4_ep15,summary_conf_md_condition,full_or_exported_summary,overcast,0.3,bus,,,,,40.09,26.32,,,33.205,26.32,/home/hongsheng/K-Radar-main/results/decu_bs4_ep15/summary_conf0.3.md,,
K-Radar-main,DeCU-ASF,exp_260721_133144_DeCU_ASF_LR_bs4_ep15,summary_conf_md_condition,full_or_exported_summary,overcast,0.3,sed,,,,,77.62,53.25,,,65.435,53.25,/home/hongsheng/K-Radar-main/results/decu_bs4_ep15/summary_conf0.3.md,,
K-Radar-main,DeCU-ASF,exp_260721_133144_DeCU_ASF_LR_bs4_ep15,summary_conf_md_condition,full_or_exported_summary,parkinglots,0.3,bus,,,,,36.6,20.25,,,28.425,20.25,/home/hongsheng/K-Radar-main/results/decu_bs4_ep15/summary_conf0.3.md,,
K-Radar-main,DeCU-ASF,exp_260721_133144_DeCU_ASF_LR_bs4_ep15,summary_conf_md_condition,full_or_exported_summary,parkinglots,0.3,sed,,,,,53.13,39.23,,,46.18,39.23,/home/hongsheng/K-Radar-main/results/decu_bs4_ep15/summary_conf0.3.md,,
K-Radar-main,DeCU-ASF,exp_260721_133144_DeCU_ASF_LR_bs4_ep15,summary_conf_md_condition,full_or_exported_summary,rain,0.3,bus,,,,,6.61,6.61,,,6.61,6.61,/home/hongsheng/K-Radar-main/results/decu_bs4_ep15/summary_conf0.3.md,,
K-Radar-main,DeCU-ASF,exp_260721_133144_DeCU_ASF_LR_bs4_ep15,summary_conf_md_condition,full_or_exported_summary,rain,0.3,sed,,,,,59.41,40.47,,,49.94,40.47,/home/hongsheng/K-Radar-main/results/decu_bs4_ep15/summary_conf0.3.md,,
K-Radar-main,DeCU-ASF,exp_260721_133144_DeCU_ASF_LR_bs4_ep15,summary_conf_md_condition,full_or_exported_summary,shoulder,0.3,bus,,,,,0.0,0.0,,,0.0,0.0,/home/hongsheng/K-Radar-main/results/decu_bs4_ep15/summary_conf0.3.md,,
K-Radar-main,DeCU-ASF,exp_260721_133144_DeCU_ASF_LR_bs4_ep15,summary_conf_md_condition,full_or_exported_summary,shoulder,0.3,sed,,,,,97.42,94.38,,,95.9,94.38,/home/hongsheng/K-Radar-main/results/decu_bs4_ep15/summary_conf0.3.md,,
K-Radar-main,DeCU-ASF,exp_260721_133144_DeCU_ASF_LR_bs4_ep15,summary_conf_md_condition,full_or_exported_summary,sleet,0.3,bus,,,,,45.6,31.67,,,38.635000000000005,31.67,/home/hongsheng/K-Radar-main/results/decu_bs4_ep15/summary_conf0.3.md,,
K-Radar-main,DeCU-ASF,exp_260721_133144_DeCU_ASF_LR_bs4_ep15,summary_conf_md_condition,full_or_exported_summary,sleet,0.3,sed,,,,,60.75,44.16,,,52.455,44.16,/home/hongsheng/K-Radar-main/results/decu_bs4_ep15/summary_conf0.3.md,,
K-Radar-main,DeCU-ASF,exp_260721_133144_DeCU_ASF_LR_bs4_ep15,summary_conf_md_condition,full_or_exported_summary,university,0.3,bus,,,,,0.0,0.0,,,0.0,0.0,/home/hongsheng/K-Radar-main/results/decu_bs4_ep15/summary_conf0.3.md,,
K-Radar-main,DeCU-ASF,exp_260721_133144_DeCU_ASF_LR_bs4_ep15,summary_conf_md_condition,full_or_exported_summary,university,0.3,sed,,,,,59.0,34.23,,,46.614999999999995,34.23,/home/hongsheng/K-Radar-main/results/decu_bs4_ep15/summary_conf0.3.md,,
K-Radar-main,DeCU-ASF,exp_260721_133144_DeCU_ASF_LR_bs4_ep15,summary_conf_md_condition,full_or_exported_summary,urban,0.3,bus,,,,,74.85,46.91,,,60.879999999999995,46.91,/home/hongsheng/K-Radar-main/results/decu_bs4_ep15/summary_conf0.3.md,,
K-Radar-main,DeCU-ASF,exp_260721_133144_DeCU_ASF_LR_bs4_ep15,summary_conf_md_condition,full_or_exported_summary,urban,0.3,sed,,,,,67.02,49.39,,,58.205,49.39,/home/hongsheng/K-Radar-main/results/decu_bs4_ep15/summary_conf0.3.md,,
K-Radar-main,ASF/A2Fusion,exp_260717_184456_A2FUSION_rlc_l1d256_l2p2t32d256g_l2g_scl_mha16,summary_conf_md,full_or_exported_summary,all,0.3,bus,,,21.77,6.57,50.57,31.02,64.23,55.33,38.248333333333335,30.973333333333333,/home/hongsheng/K-Radar-main/results/demo/summary_conf0.3.md,,
K-Radar-main,ASF/A2Fusion,exp_260717_184456_A2FUSION_rlc_l1d256_l2p2t32d256g_l2g_scl_mha16,summary_conf_md,full_or_exported_summary,all,0.3,sed,,,37.36,9.85,63.92,44.47,70.23,67.1,48.821666666666665,40.47333333333333,/home/hongsheng/K-Radar-main/results/demo/summary_conf0.3.md,,
K-Radar-main,ASF/A2Fusion,exp_260717_184456_A2FUSION_rlc_l1d256_l2p2t32d256g_l2g_scl_mha16,summary_conf_md_condition,full_or_exported_summary,all,0.3,bus,,,,,50.57,31.02,,,40.795,31.02,/home/hongsheng/K-Radar-main/results/demo/summary_conf0.3.md,,
K-Radar-main,ASF/A2Fusion,exp_260717_184456_A2FUSION_rlc_l1d256_l2p2t32d256g_l2g_scl_mha16,summary_conf_md_condition,full_or_exported_summary,all,0.3,sed,,,,,63.92,44.47,,,54.195,44.47,/home/hongsheng/K-Radar-main/results/demo/summary_conf0.3.md,,
K-Radar-main,ASF/A2Fusion,exp_260717_184456_A2FUSION_rlc_l1d256_l2p2t32d256g_l2g_scl_mha16,summary_conf_md_condition,full_or_exported_summary,alleyway,0.3,bus,,,,,7.59,3.38,,,5.484999999999999,3.38,/home/hongsheng/K-Radar-main/results/demo/summary_conf0.3.md,,
K-Radar-main,ASF/A2Fusion,exp_260717_184456_A2FUSION_rlc_l1d256_l2p2t32d256g_l2g_scl_mha16,summary_conf_md_condition,full_or_exported_summary,alleyway,0.3,sed,,,,,30.28,14.27,,,22.275,14.27,/home/hongsheng/K-Radar-main/results/demo/summary_conf0.3.md,,
K-Radar-main,ASF/A2Fusion,exp_260717_184456_A2FUSION_rlc_l1d256_l2p2t32d256g_l2g_scl_mha16,summary_conf_md_condition,full_or_exported_summary,countryside,0.3,bus,,,,,30.51,19.45,,,24.98,19.45,/home/hongsheng/K-Radar-main/results/demo/summary_conf0.3.md,,
K-Radar-main,ASF/A2Fusion,exp_260717_184456_A2FUSION_rlc_l1d256_l2p2t32d256g_l2g_scl_mha16,summary_conf_md_condition,full_or_exported_summary,countryside,0.3,sed,,,,,50.23,34.47,,,42.349999999999994,34.47,/home/hongsheng/K-Radar-main/results/demo/summary_conf0.3.md,,
K-Radar-main,ASF/A2Fusion,exp_260717_184456_A2FUSION_rlc_l1d256_l2p2t32d256g_l2g_scl_mha16,summary_conf_md_condition,full_or_exported_summary,day,0.3,bus,,,,,45.16,28.05,,,36.605,28.05,/home/hongsheng/K-Radar-main/results/demo/summary_conf0.3.md,,
K-Radar-main,ASF/A2Fusion,exp_260717_184456_A2FUSION_rlc_l1d256_l2p2t32d256g_l2g_scl_mha16,summary_conf_md_condition,full_or_exported_summary,day,0.3,sed,,,,,66.2,47.08,,,56.64,47.08,/home/hongsheng/K-Radar-main/results/demo/summary_conf0.3.md,,
K-Radar-main,ASF/A2Fusion,exp_260717_184456_A2FUSION_rlc_l1d256_l2p2t32d256g_l2g_scl_mha16,summary_conf_md_condition,full_or_exported_summary,fog,0.3,bus,,,,,0.0,0.0,,,0.0,0.0,/home/hongsheng/K-Radar-main/results/demo/summary_conf0.3.md,,
K-Radar-main,ASF/A2Fusion,exp_260717_184456_A2FUSION_rlc_l1d256_l2p2t32d256g_l2g_scl_mha16,summary_conf_md_condition,full_or_exported_summary,fog,0.3,sed,,,,,92.29,77.06,,,84.67500000000001,77.06,/home/hongsheng/K-Radar-main/results/demo/summary_conf0.3.md,,
K-Radar-main,ASF/A2Fusion,exp_260717_184456_A2FUSION_rlc_l1d256_l2p2t32d256g_l2g_scl_mha16,summary_conf_md_condition,full_or_exported_summary,heavysnow,0.3,bus,,,,,79.99,36.7,,,58.345,36.7,/home/hongsheng/K-Radar-main/results/demo/summary_conf0.3.md,,
K-Radar-main,ASF/A2Fusion,exp_260717_184456_A2FUSION_rlc_l1d256_l2p2t32d256g_l2g_scl_mha16,summary_conf_md_condition,full_or_exported_summary,heavysnow,0.3,sed,,,,,58.81,46.01,,,52.41,46.01,/home/hongsheng/K-Radar-main/results/demo/summary_conf0.3.md,,
K-Radar-main,ASF/A2Fusion,exp_260717_184456_A2FUSION_rlc_l1d256_l2p2t32d256g_l2g_scl_mha16,summary_conf_md_condition,full_or_exported_summary,highway,0.3,bus,,,,,50.47,29.49,,,39.98,29.49,/home/hongsheng/K-Radar-main/results/demo/summary_conf0.3.md,,
K-Radar-main,ASF/A2Fusion,exp_260717_184456_A2FUSION_rlc_l1d256_l2p2t32d256g_l2g_scl_mha16,summary_conf_md_condition,full_or_exported_summary,highway,0.3,sed,,,,,71.87,48.34,,,60.105000000000004,48.34,/home/hongsheng/K-Radar-main/results/demo/summary_conf0.3.md,,
K-Radar-main,ASF/A2Fusion,exp_260717_184456_A2FUSION_rlc_l1d256_l2p2t32d256g_l2g_scl_mha16,summary_conf_md_condition,full_or_exported_summary,lightsnow,0.3,bus,,,,,80.89,66.54,,,73.715,66.54,/home/hongsheng/K-Radar-main/results/demo/summary_conf0.3.md,,
K-Radar-main,ASF/A2Fusion,exp_260717_184456_A2FUSION_rlc_l1d256_l2p2t32d256g_l2g_scl_mha16,summary_conf_md_condition,full_or_exported_summary,lightsnow,0.3,sed,,,,,82.78,52.92,,,67.85,52.92,/home/hongsheng/K-Radar-main/results/demo/summary_conf0.3.md,,
K-Radar-main,ASF/A2Fusion,exp_260717_184456_A2FUSION_rlc_l1d256_l2p2t32d256g_l2g_scl_mha16,summary_conf_md_condition,full_or_exported_summary,mountain,0.3,bus,,,,,58.19,51.43,,,54.81,51.43,/home/hongsheng/K-Radar-main/results/demo/summary_conf0.3.md,,
K-Radar-main,ASF/A2Fusion,exp_260717_184456_A2FUSION_rlc_l1d256_l2p2t32d256g_l2g_scl_mha16,summary_conf_md_condition,full_or_exported_summary,mountain,0.3,sed,,,,,89.5,58.71,,,74.105,58.71,/home/hongsheng/K-Radar-main/results/demo/summary_conf0.3.md,,
K-Radar-main,ASF/A2Fusion,exp_260717_184456_A2FUSION_rlc_l1d256_l2p2t32d256g_l2g_scl_mha16,summary_conf_md_condition,full_or_exported_summary,night,0.3,bus,,,,,60.11,35.66,,,47.885,35.66,/home/hongsheng/K-Radar-main/results/demo/summary_conf0.3.md,,
K-Radar-main,ASF/A2Fusion,exp_260717_184456_A2FUSION_rlc_l1d256_l2p2t32d256g_l2g_scl_mha16,summary_conf_md_condition,full_or_exported_summary,night,0.3,sed,,,,,59.41,39.08,,,49.245,39.08,/home/hongsheng/K-Radar-main/results/demo/summary_conf0.3.md,,
K-Radar-main,ASF/A2Fusion,exp_260717_184456_A2FUSION_rlc_l1d256_l2p2t32d256g_l2g_scl_mha16,summary_conf_md_condition,full_or_exported_summary,normal,0.3,bus,,,,,36.72,24.79,,,30.755,24.79,/home/hongsheng/K-Radar-main/results/demo/summary_conf0.3.md,,
K-Radar-main,ASF/A2Fusion,exp_260717_184456_A2FUSION_rlc_l1d256_l2p2t32d256g_l2g_scl_mha16,summary_conf_md_condition,full_or_exported_summary,normal,0.3,sed,,,,,61.85,41.13,,,51.49,41.13,/home/hongsheng/K-Radar-main/results/demo/summary_conf0.3.md,,
K-Radar-main,ASF/A2Fusion,exp_260717_184456_A2FUSION_rlc_l1d256_l2p2t32d256g_l2g_scl_mha16,summary_conf_md_condition,full_or_exported_summary,overcast,0.3,bus,,,,,36.98,28.98,,,32.98,28.98,/home/hongsheng/K-Radar-main/results/demo/summary_conf0.3.md,,
K-Radar-main,ASF/A2Fusion,exp_260717_184456_A2FUSION_rlc_l1d256_l2p2t32d256g_l2g_scl_mha16,summary_conf_md_condition,full_or_exported_summary,overcast,0.3,sed,,,,,73.37,51.98,,,62.675,51.98,/home/hongsheng/K-Radar-main/results/demo/summary_conf0.3.md,,
K-Radar-main,ASF/A2Fusion,exp_260717_184456_A2FUSION_rlc_l1d256_l2p2t32d256g_l2g_scl_mha16,summary_conf_md_condition,full_or_exported_summary,parkinglots,0.3,bus,,,,,38.43,23.93,,,31.18,23.93,/home/hongsheng/K-Radar-main/results/demo/summary_conf0.3.md,,
K-Radar-main,ASF/A2Fusion,exp_260717_184456_A2FUSION_rlc_l1d256_l2p2t32d256g_l2g_scl_mha16,summary_conf_md_condition,full_or_exported_summary,parkinglots,0.3,sed,,,,,48.37,42.93,,,45.65,42.93,/home/hongsheng/K-Radar-main/results/demo/summary_conf0.3.md,,
K-Radar-main,ASF/A2Fusion,exp_260717_184456_A2FUSION_rlc_l1d256_l2p2t32d256g_l2g_scl_mha16,summary_conf_md_condition,full_or_exported_summary,rain,0.3,bus,,,,,1.63,1.38,,,1.505,1.38,/home/hongsheng/K-Radar-main/results/demo/summary_conf0.3.md,,
K-Radar-main,ASF/A2Fusion,exp_260717_184456_A2FUSION_rlc_l1d256_l2p2t32d256g_l2g_scl_mha16,summary_conf_md_condition,full_or_exported_summary,rain,0.3,sed,,,,,57.11,40.91,,,49.01,40.91,/home/hongsheng/K-Radar-main/results/demo/summary_conf0.3.md,,
K-Radar-main,ASF/A2Fusion,exp_260717_184456_A2FUSION_rlc_l1d256_l2p2t32d256g_l2g_scl_mha16,summary_conf_md_condition,full_or_exported_summary,shoulder,0.3,bus,,,,,0.0,0.0,,,0.0,0.0,/home/hongsheng/K-Radar-main/results/demo/summary_conf0.3.md,,
K-Radar-main,ASF/A2Fusion,exp_260717_184456_A2FUSION_rlc_l1d256_l2p2t32d256g_l2g_scl_mha16,summary_conf_md_condition,full_or_exported_summary,shoulder,0.3,sed,,,,,97.42,94.72,,,96.07,94.72,/home/hongsheng/K-Radar-main/results/demo/summary_conf0.3.md,,
K-Radar-main,ASF/A2Fusion,exp_260717_184456_A2FUSION_rlc_l1d256_l2p2t32d256g_l2g_scl_mha16,summary_conf_md_condition,full_or_exported_summary,sleet,0.3,bus,,,,,47.18,33.43,,,40.305,33.43,/home/hongsheng/K-Radar-main/results/demo/summary_conf0.3.md,,
K-Radar-main,ASF/A2Fusion,exp_260717_184456_A2FUSION_rlc_l1d256_l2p2t32d256g_l2g_scl_mha16,summary_conf_md_condition,full_or_exported_summary,sleet,0.3,sed,,,,,57.78,42.35,,,50.065,42.35,/home/hongsheng/K-Radar-main/results/demo/summary_conf0.3.md,,
K-Radar-main,ASF/A2Fusion,exp_260717_184456_A2FUSION_rlc_l1d256_l2p2t32d256g_l2g_scl_mha16,summary_conf_md_condition,full_or_exported_summary,university,0.3,bus,,,,,0.0,0.0,,,0.0,0.0,/home/hongsheng/K-Radar-main/results/demo/summary_conf0.3.md,,
K-Radar-main,ASF/A2Fusion,exp_260717_184456_A2FUSION_rlc_l1d256_l2p2t32d256g_l2g_scl_mha16,summary_conf_md_condition,full_or_exported_summary,university,0.3,sed,,,,,58.35,33.19,,,45.769999999999996,33.19,/home/hongsheng/K-Radar-main/results/demo/summary_conf0.3.md,,
K-Radar-main,ASF/A2Fusion,exp_260717_184456_A2FUSION_rlc_l1d256_l2p2t32d256g_l2g_scl_mha16,summary_conf_md_condition,full_or_exported_summary,urban,0.3,bus,,,,,77.73,45.15,,,61.44,45.15,/home/hongsheng/K-Radar-main/results/demo/summary_conf0.3.md,,
K-Radar-main,ASF/A2Fusion,exp_260717_184456_A2FUSION_rlc_l1d256_l2p2t32d256g_l2g_scl_mha16,summary_conf_md_condition,full_or_exported_summary,urban,0.3,sed,,,,,64.96,47.93,,,56.44499999999999,47.93,/home/hongsheng/K-Radar-main/results/demo/summary_conf0.3.md,,
K-Radar-main,SECOND,exp_260715_125207_SECOND,summary_conf_md,full_or_exported_summary,all,0.3,bus,,,23.94,9.44,47.87,34.18,60.44,54.85,38.45333333333333,32.82333333333333,/home/hongsheng/K-Radar-main/results/exp_260715_125207_SECOND/summary_conf0.3.md,,
K-Radar-main,SECOND,exp_260715_125207_SECOND,summary_conf_md,full_or_exported_summary,all,0.3,sed,,,44.13,16.25,68.34,45.25,70.08,68.28,52.055,43.26,/home/hongsheng/K-Radar-main/results/exp_260715_125207_SECOND/summary_conf0.3.md,,
K-Radar-main,SECOND,exp_260715_125207_SECOND,summary_conf_md_condition,full_or_exported_summary,all,0.3,bus,,,,,47.87,34.18,,,41.025,34.18,/home/hongsheng/K-Radar-main/results/exp_260715_125207_SECOND/summary_conf0.3.md,,
K-Radar-main,SECOND,exp_260715_125207_SECOND,summary_conf_md_condition,full_or_exported_summary,all,0.3,sed,,,,,68.34,45.25,,,56.795,45.25,/home/hongsheng/K-Radar-main/results/exp_260715_125207_SECOND/summary_conf0.3.md,,
K-Radar-main,SECOND,exp_260715_125207_SECOND,summary_conf_md_condition,full_or_exported_summary,alleyway,0.3,bus,,,,,22.12,12.47,,,17.295,12.47,/home/hongsheng/K-Radar-main/results/exp_260715_125207_SECOND/summary_conf0.3.md,,
K-Radar-main,SECOND,exp_260715_125207_SECOND,summary_conf_md_condition,full_or_exported_summary,alleyway,0.3,sed,,,,,33.05,20.31,,,26.68,20.31,/home/hongsheng/K-Radar-main/results/exp_260715_125207_SECOND/summary_conf0.3.md,,
K-Radar-main,SECOND,exp_260715_125207_SECOND,summary_conf_md_condition,full_or_exported_summary,countryside,0.3,bus,,,,,38.41,33.92,,,36.165,33.92,/home/hongsheng/K-Radar-main/results/exp_260715_125207_SECOND/summary_conf0.3.md,,
K-Radar-main,SECOND,exp_260715_125207_SECOND,summary_conf_md_condition,full_or_exported_summary,countryside,0.3,sed,,,,,52.46,34.42,,,43.44,34.42,/home/hongsheng/K-Radar-main/results/exp_260715_125207_SECOND/summary_conf0.3.md,,
K-Radar-main,SECOND,exp_260715_125207_SECOND,summary_conf_md_condition,full_or_exported_summary,day,0.3,bus,,,,,44.15,32.53,,,38.34,32.53,/home/hongsheng/K-Radar-main/results/exp_260715_125207_SECOND/summary_conf0.3.md,,
K-Radar-main,SECOND,exp_260715_125207_SECOND,summary_conf_md_condition,full_or_exported_summary,day,0.3,sed,,,,,68.46,46.93,,,57.69499999999999,46.93,/home/hongsheng/K-Radar-main/results/exp_260715_125207_SECOND/summary_conf0.3.md,,
K-Radar-main,SECOND,exp_260715_125207_SECOND,summary_conf_md_condition,full_or_exported_summary,fog,0.3,bus,,,,,0.0,0.0,,,0.0,0.0,/home/hongsheng/K-Radar-main/results/exp_260715_125207_SECOND/summary_conf0.3.md,,
K-Radar-main,SECOND,exp_260715_125207_SECOND,summary_conf_md_condition,full_or_exported_summary,fog,0.3,sed,,,,,81.71,78.82,,,80.26499999999999,78.82,/home/hongsheng/K-Radar-main/results/exp_260715_125207_SECOND/summary_conf0.3.md,,
K-Radar-main,SECOND,exp_260715_125207_SECOND,summary_conf_md_condition,full_or_exported_summary,heavysnow,0.3,bus,,,,,52.62,26.38,,,39.5,26.38,/home/hongsheng/K-Radar-main/results/exp_260715_125207_SECOND/summary_conf0.3.md,,
K-Radar-main,SECOND,exp_260715_125207_SECOND,summary_conf_md_condition,full_or_exported_summary,heavysnow,0.3,sed,,,,,52.83,37.75,,,45.29,37.75,/home/hongsheng/K-Radar-main/results/exp_260715_125207_SECOND/summary_conf0.3.md,,
K-Radar-main,SECOND,exp_260715_125207_SECOND,summary_conf_md_condition,full_or_exported_summary,highway,0.3,bus,,,,,54.61,33.49,,,44.05,33.49,/home/hongsheng/K-Radar-main/results/exp_260715_125207_SECOND/summary_conf0.3.md,,
K-Radar-main,SECOND,exp_260715_125207_SECOND,summary_conf_md_condition,full_or_exported_summary,highway,0.3,sed,,,,,76.33,49.83,,,63.08,49.83,/home/hongsheng/K-Radar-main/results/exp_260715_125207_SECOND/summary_conf0.3.md,,
K-Radar-main,SECOND,exp_260715_125207_SECOND,summary_conf_md_condition,full_or_exported_summary,lightsnow,0.3,bus,,,,,79.66,66.32,,,72.99,66.32,/home/hongsheng/K-Radar-main/results/exp_260715_125207_SECOND/summary_conf0.3.md,,
K-Radar-main,SECOND,exp_260715_125207_SECOND,summary_conf_md_condition,full_or_exported_summary,lightsnow,0.3,sed,,,,,79.57,54.06,,,66.815,54.06,/home/hongsheng/K-Radar-main/results/exp_260715_125207_SECOND/summary_conf0.3.md,,
K-Radar-main,SECOND,exp_260715_125207_SECOND,summary_conf_md_condition,full_or_exported_summary,mountain,0.3,bus,,,,,76.7,64.6,,,70.65,64.6,/home/hongsheng/K-Radar-main/results/exp_260715_125207_SECOND/summary_conf0.3.md,,
K-Radar-main,SECOND,exp_260715_125207_SECOND,summary_conf_md_condition,full_or_exported_summary,mountain,0.3,sed,,,,,81.45,68.92,,,75.185,68.92,/home/hongsheng/K-Radar-main/results/exp_260715_125207_SECOND/summary_conf0.3.md,,
K-Radar-main,SECOND,exp_260715_125207_SECOND,summary_conf_md_condition,full_or_exported_summary,night,0.3,bus,,,,,59.59,41.65,,,50.620000000000005,41.65,/home/hongsheng/K-Radar-main/results/exp_260715_125207_SECOND/summary_conf0.3.md,,
K-Radar-main,SECOND,exp_260715_125207_SECOND,summary_conf_md_condition,full_or_exported_summary,night,0.3,sed,,,,,60.78,36.5,,,48.64,36.5,/home/hongsheng/K-Radar-main/results/exp_260715_125207_SECOND/summary_conf0.3.md,,
K-Radar-main,SECOND,exp_260715_125207_SECOND,summary_conf_md_condition,full_or_exported_summary,normal,0.3,bus,,,,,44.54,33.11,,,38.825,33.11,/home/hongsheng/K-Radar-main/results/exp_260715_125207_SECOND/summary_conf0.3.md,,
K-Radar-main,SECOND,exp_260715_125207_SECOND,summary_conf_md_condition,full_or_exported_summary,normal,0.3,sed,,,,,67.38,43.76,,,55.56999999999999,43.76,/home/hongsheng/K-Radar-main/results/exp_260715_125207_SECOND/summary_conf0.3.md,,
K-Radar-main,SECOND,exp_260715_125207_SECOND,summary_conf_md_condition,full_or_exported_summary,overcast,0.3,bus,,,,,47.2,36.7,,,41.95,36.7,/home/hongsheng/K-Radar-main/results/exp_260715_125207_SECOND/summary_conf0.3.md,,
K-Radar-main,SECOND,exp_260715_125207_SECOND,summary_conf_md_condition,full_or_exported_summary,overcast,0.3,sed,,,,,71.94,52.57,,,62.254999999999995,52.57,/home/hongsheng/K-Radar-main/results/exp_260715_125207_SECOND/summary_conf0.3.md,,
K-Radar-main,SECOND,exp_260715_125207_SECOND,summary_conf_md_condition,full_or_exported_summary,parkinglots,0.3,bus,,,,,39.23,34.0,,,36.614999999999995,34.0,/home/hongsheng/K-Radar-main/results/exp_260715_125207_SECOND/summary_conf0.3.md,,
K-Radar-main,SECOND,exp_260715_125207_SECOND,summary_conf_md_condition,full_or_exported_summary,parkinglots,0.3,sed,,,,,53.14,45.55,,,49.345,45.55,/home/hongsheng/K-Radar-main/results/exp_260715_125207_SECOND/summary_conf0.3.md,,
K-Radar-main,SECOND,exp_260715_125207_SECOND,summary_conf_md_condition,full_or_exported_summary,rain,0.3,bus,,,,,10.1,9.94,,,10.02,9.94,/home/hongsheng/K-Radar-main/results/exp_260715_125207_SECOND/summary_conf0.3.md,,
K-Radar-main,SECOND,exp_260715_125207_SECOND,summary_conf_md_condition,full_or_exported_summary,rain,0.3,sed,,,,,60.91,39.15,,,50.03,39.15,/home/hongsheng/K-Radar-main/results/exp_260715_125207_SECOND/summary_conf0.3.md,,
K-Radar-main,SECOND,exp_260715_125207_SECOND,summary_conf_md_condition,full_or_exported_summary,shoulder,0.3,bus,,,,,0.0,0.0,,,0.0,0.0,/home/hongsheng/K-Radar-main/results/exp_260715_125207_SECOND/summary_conf0.3.md,,
K-Radar-main,SECOND,exp_260715_125207_SECOND,summary_conf_md_condition,full_or_exported_summary,shoulder,0.3,sed,,,,,90.77,89.89,,,90.33,89.89,/home/hongsheng/K-Radar-main/results/exp_260715_125207_SECOND/summary_conf0.3.md,,
K-Radar-main,SECOND,exp_260715_125207_SECOND,summary_conf_md_condition,full_or_exported_summary,sleet,0.3,bus,,,,,56.78,45.18,,,50.980000000000004,45.18,/home/hongsheng/K-Radar-main/results/exp_260715_125207_SECOND/summary_conf0.3.md,,
K-Radar-main,SECOND,exp_260715_125207_SECOND,summary_conf_md_condition,full_or_exported_summary,sleet,0.3,sed,,,,,49.91,35.5,,,42.705,35.5,/home/hongsheng/K-Radar-main/results/exp_260715_125207_SECOND/summary_conf0.3.md,,
K-Radar-main,SECOND,exp_260715_125207_SECOND,summary_conf_md_condition,full_or_exported_summary,university,0.3,bus,,,,,0.0,0.0,,,0.0,0.0,/home/hongsheng/K-Radar-main/results/exp_260715_125207_SECOND/summary_conf0.3.md,,
K-Radar-main,SECOND,exp_260715_125207_SECOND,summary_conf_md_condition,full_or_exported_summary,university,0.3,sed,,,,,51.2,35.04,,,43.120000000000005,35.04,/home/hongsheng/K-Radar-main/results/exp_260715_125207_SECOND/summary_conf0.3.md,,
K-Radar-main,SECOND,exp_260715_125207_SECOND,summary_conf_md_condition,full_or_exported_summary,urban,0.3,bus,,,,,42.26,32.08,,,37.17,32.08,/home/hongsheng/K-Radar-main/results/exp_260715_125207_SECOND/summary_conf0.3.md,,
K-Radar-main,SECOND,exp_260715_125207_SECOND,summary_conf_md_condition,full_or_exported_summary,urban,0.3,sed,,,,,69.97,46.78,,,58.375,46.78,/home/hongsheng/K-Radar-main/results/exp_260715_125207_SECOND/summary_conf0.3.md,,
K-Radar-main,RTNH,exp_260717_130203_RTNH,summary_conf_md,full_or_exported_summary,all,0.3,bus,,,10.96,4.49,28.62,17.34,40.67,33.25,22.555000000000003,18.36,/home/hongsheng/K-Radar-main/results/exp_260717_130203_RTNH/summary_conf0.3.md,,
K-Radar-main,RTNH,exp_260717_130203_RTNH,summary_conf_md,full_or_exported_summary,all,0.3,sed,,,17.17,4.62,40.9,22.85,52.75,46.56,30.808333333333334,24.676666666666666,/home/hongsheng/K-Radar-main/results/exp_260717_130203_RTNH/summary_conf0.3.md,,
K-Radar-main,RTNH,exp_260717_130203_RTNH,summary_conf_md_condition,full_or_exported_summary,all,0.3,bus,,,,,28.62,17.34,,,22.98,17.34,/home/hongsheng/K-Radar-main/results/exp_260717_130203_RTNH/summary_conf0.3.md,,
K-Radar-main,RTNH,exp_260717_130203_RTNH,summary_conf_md_condition,full_or_exported_summary,all,0.3,sed,,,,,40.9,22.85,,,31.875,22.85,/home/hongsheng/K-Radar-main/results/exp_260717_130203_RTNH/summary_conf0.3.md,,
K-Radar-main,RTNH,exp_260717_130203_RTNH,summary_conf_md_condition,full_or_exported_summary,alleyway,0.3,bus,,,,,0.51,0.03,,,0.27,0.03,/home/hongsheng/K-Radar-main/results/exp_260717_130203_RTNH/summary_conf0.3.md,,
K-Radar-main,RTNH,exp_260717_130203_RTNH,summary_conf_md_condition,full_or_exported_summary,alleyway,0.3,sed,,,,,16.21,6.84,,,11.525,6.84,/home/hongsheng/K-Radar-main/results/exp_260717_130203_RTNH/summary_conf0.3.md,,
K-Radar-main,RTNH,exp_260717_130203_RTNH,summary_conf_md_condition,full_or_exported_summary,countryside,0.3,bus,,,,,12.82,4.38,,,8.6,4.38,/home/hongsheng/K-Radar-main/results/exp_260717_130203_RTNH/summary_conf0.3.md,,
K-Radar-main,RTNH,exp_260717_130203_RTNH,summary_conf_md_condition,full_or_exported_summary,countryside,0.3,sed,,,,,16.72,8.38,,,12.55,8.38,/home/hongsheng/K-Radar-main/results/exp_260717_130203_RTNH/summary_conf0.3.md,,
K-Radar-main,RTNH,exp_260717_130203_RTNH,summary_conf_md_condition,full_or_exported_summary,day,0.3,bus,,,,,24.57,16.03,,,20.3,16.03,/home/hongsheng/K-Radar-main/results/exp_260717_130203_RTNH/summary_conf0.3.md,,
K-Radar-main,RTNH,exp_260717_130203_RTNH,summary_conf_md_condition,full_or_exported_summary,day,0.3,sed,,,,,42.12,22.62,,,32.37,22.62,/home/hongsheng/K-Radar-main/results/exp_260717_130203_RTNH/summary_conf0.3.md,,
K-Radar-main,RTNH,exp_260717_130203_RTNH,summary_conf_md_condition,full_or_exported_summary,fog,0.3,bus,,,,,0.0,0.0,,,0.0,0.0,/home/hongsheng/K-Radar-main/results/exp_260717_130203_RTNH/summary_conf0.3.md,,
K-Radar-main,RTNH,exp_260717_130203_RTNH,summary_conf_md_condition,full_or_exported_summary,fog,0.3,sed,,,,,84.0,59.8,,,71.9,59.8,/home/hongsheng/K-Radar-main/results/exp_260717_130203_RTNH/summary_conf0.3.md,,
K-Radar-main,RTNH,exp_260717_130203_RTNH,summary_conf_md_condition,full_or_exported_summary,heavysnow,0.3,bus,,,,,62.95,27.09,,,45.02,27.09,/home/hongsheng/K-Radar-main/results/exp_260717_130203_RTNH/summary_conf0.3.md,,
K-Radar-main,RTNH,exp_260717_130203_RTNH,summary_conf_md_condition,full_or_exported_summary,heavysnow,0.3,sed,,,,,48.52,34.66,,,41.59,34.66,/home/hongsheng/K-Radar-main/results/exp_260717_130203_RTNH/summary_conf0.3.md,,
K-Radar-main,RTNH,exp_260717_130203_RTNH,summary_conf_md_condition,full_or_exported_summary,highway,0.3,bus,,,,,28.93,16.91,,,22.92,16.91,/home/hongsheng/K-Radar-main/results/exp_260717_130203_RTNH/summary_conf0.3.md,,
K-Radar-main,RTNH,exp_260717_130203_RTNH,summary_conf_md_condition,full_or_exported_summary,highway,0.3,sed,,,,,46.36,22.66,,,34.51,22.66,/home/hongsheng/K-Radar-main/results/exp_260717_130203_RTNH/summary_conf0.3.md,,
K-Radar-main,RTNH,exp_260717_130203_RTNH,summary_conf_md_condition,full_or_exported_summary,lightsnow,0.3,bus,,,,,79.13,62.81,,,70.97,62.81,/home/hongsheng/K-Radar-main/results/exp_260717_130203_RTNH/summary_conf0.3.md,,
K-Radar-main,RTNH,exp_260717_130203_RTNH,summary_conf_md_condition,full_or_exported_summary,lightsnow,0.3,sed,,,,,57.55,30.76,,,44.155,30.76,/home/hongsheng/K-Radar-main/results/exp_260717_130203_RTNH/summary_conf0.3.md,,
K-Radar-main,RTNH,exp_260717_130203_RTNH,summary_conf_md_condition,full_or_exported_summary,mountain,0.3,bus,,,,,16.16,10.82,,,13.49,10.82,/home/hongsheng/K-Radar-main/results/exp_260717_130203_RTNH/summary_conf0.3.md,,
K-Radar-main,RTNH,exp_260717_130203_RTNH,summary_conf_md_condition,full_or_exported_summary,mountain,0.3,sed,,,,,73.68,32.8,,,53.24,32.8,/home/hongsheng/K-Radar-main/results/exp_260717_130203_RTNH/summary_conf0.3.md,,
K-Radar-main,RTNH,exp_260717_130203_RTNH,summary_conf_md_condition,full_or_exported_summary,night,0.3,bus,,,,,36.06,18.43,,,27.245,18.43,/home/hongsheng/K-Radar-main/results/exp_260717_130203_RTNH/summary_conf0.3.md,,
K-Radar-main,RTNH,exp_260717_130203_RTNH,summary_conf_md_condition,full_or_exported_summary,night,0.3,sed,,,,,40.87,21.1,,,30.985,21.1,/home/hongsheng/K-Radar-main/results/exp_260717_130203_RTNH/summary_conf0.3.md,,
K-Radar-main,RTNH,exp_260717_130203_RTNH,summary_conf_md_condition,full_or_exported_summary,normal,0.3,bus,,,,,14.92,9.92,,,12.42,9.92,/home/hongsheng/K-Radar-main/results/exp_260717_130203_RTNH/summary_conf0.3.md,,
K-Radar-main,RTNH,exp_260717_130203_RTNH,summary_conf_md_condition,full_or_exported_summary,normal,0.3,sed,,,,,32.8,15.34,,,24.07,15.34,/home/hongsheng/K-Radar-main/results/exp_260717_130203_RTNH/summary_conf0.3.md,,
K-Radar-main,RTNH,exp_260717_130203_RTNH,summary_conf_md_condition,full_or_exported_summary,overcast,0.3,bus,,,,,14.06,10.19,,,12.125,10.19,/home/hongsheng/K-Radar-main/results/exp_260717_130203_RTNH/summary_conf0.3.md,,
K-Radar-main,RTNH,exp_260717_130203_RTNH,summary_conf_md_condition,full_or_exported_summary,overcast,0.3,sed,,,,,58.53,32.83,,,45.68,32.83,/home/hongsheng/K-Radar-main/results/exp_260717_130203_RTNH/summary_conf0.3.md,,
K-Radar-main,RTNH,exp_260717_130203_RTNH,summary_conf_md_condition,full_or_exported_summary,parkinglots,0.3,bus,,,,,2.68,1.83,,,2.255,1.83,/home/hongsheng/K-Radar-main/results/exp_260717_130203_RTNH/summary_conf0.3.md,,
K-Radar-main,RTNH,exp_260717_130203_RTNH,summary_conf_md_condition,full_or_exported_summary,parkinglots,0.3,sed,,,,,15.89,13.69,,,14.79,13.69,/home/hongsheng/K-Radar-main/results/exp_260717_130203_RTNH/summary_conf0.3.md,,
K-Radar-main,RTNH,exp_260717_130203_RTNH,summary_conf_md_condition,full_or_exported_summary,rain,0.3,bus,,,,,0.0,0.0,,,0.0,0.0,/home/hongsheng/K-Radar-main/results/exp_260717_130203_RTNH/summary_conf0.3.md,,
K-Radar-main,RTNH,exp_260717_130203_RTNH,summary_conf_md_condition,full_or_exported_summary,rain,0.3,sed,,,,,38.51,21.01,,,29.759999999999998,21.01,/home/hongsheng/K-Radar-main/results/exp_260717_130203_RTNH/summary_conf0.3.md,,
K-Radar-main,RTNH,exp_260717_130203_RTNH,summary_conf_md_condition,full_or_exported_summary,shoulder,0.3,bus,,,,,0.0,0.0,,,0.0,0.0,/home/hongsheng/K-Radar-main/results/exp_260717_130203_RTNH/summary_conf0.3.md,,
K-Radar-main,RTNH,exp_260717_130203_RTNH,summary_conf_md_condition,full_or_exported_summary,shoulder,0.3,sed,,,,,95.59,88.56,,,92.075,88.56,/home/hongsheng/K-Radar-main/results/exp_260717_130203_RTNH/summary_conf0.3.md,,
K-Radar-main,RTNH,exp_260717_130203_RTNH,summary_conf_md_condition,full_or_exported_summary,sleet,0.3,bus,,,,,11.9,7.66,,,9.780000000000001,7.66,/home/hongsheng/K-Radar-main/results/exp_260717_130203_RTNH/summary_conf0.3.md,,
K-Radar-main,RTNH,exp_260717_130203_RTNH,summary_conf_md_condition,full_or_exported_summary,sleet,0.3,sed,,,,,40.8,22.28,,,31.54,22.28,/home/hongsheng/K-Radar-main/results/exp_260717_130203_RTNH/summary_conf0.3.md,,
K-Radar-main,RTNH,exp_260717_130203_RTNH,summary_conf_md_condition,full_or_exported_summary,university,0.3,bus,,,,,0.0,0.0,,,0.0,0.0,/home/hongsheng/K-Radar-main/results/exp_260717_130203_RTNH/summary_conf0.3.md,,
K-Radar-main,RTNH,exp_260717_130203_RTNH,summary_conf_md_condition,full_or_exported_summary,university,0.3,sed,,,,,39.23,18.09,,,28.659999999999997,18.09,/home/hongsheng/K-Radar-main/results/exp_260717_130203_RTNH/summary_conf0.3.md,,
K-Radar-main,RTNH,exp_260717_130203_RTNH,summary_conf_md_condition,full_or_exported_summary,urban,0.3,bus,,,,,56.74,36.53,,,46.635000000000005,36.53,/home/hongsheng/K-Radar-main/results/exp_260717_130203_RTNH/summary_conf0.3.md,,
K-Radar-main,RTNH,exp_260717_130203_RTNH,summary_conf_md_condition,full_or_exported_summary,urban,0.3,sed,,,,,39.65,23.4,,,31.525,23.4,/home/hongsheng/K-Radar-main/results/exp_260717_130203_RTNH/summary_conf0.3.md,,
K-Radar-main,ASF/A2Fusion,exp_260717_184456_A2FUSION_rlc_l1d256_l2p2t32d256g_l2g_scl_mha16,summary_conf_md,full_or_exported_summary,all,0.3,bus,,,21.77,6.57,50.57,31.02,64.23,55.33,38.248333333333335,30.973333333333333,/home/hongsheng/K-Radar-main/results/exp_260717_184456_A2FUSION_rlc_l1d256_l2p2t32d256g_l2g_scl_mha16/summary_conf0.3.md,,
K-Radar-main,ASF/A2Fusion,exp_260717_184456_A2FUSION_rlc_l1d256_l2p2t32d256g_l2g_scl_mha16,summary_conf_md,full_or_exported_summary,all,0.3,sed,,,37.36,9.85,63.92,44.47,70.23,67.1,48.821666666666665,40.47333333333333,/home/hongsheng/K-Radar-main/results/exp_260717_184456_A2FUSION_rlc_l1d256_l2p2t32d256g_l2g_scl_mha16/summary_conf0.3.md,,
K-Radar-main,ASF/A2Fusion,exp_260717_184456_A2FUSION_rlc_l1d256_l2p2t32d256g_l2g_scl_mha16,summary_conf_md_condition,full_or_exported_summary,all,0.3,bus,,,,,50.57,31.02,,,40.795,31.02,/home/hongsheng/K-Radar-main/results/exp_260717_184456_A2FUSION_rlc_l1d256_l2p2t32d256g_l2g_scl_mha16/summary_conf0.3.md,,
K-Radar-main,ASF/A2Fusion,exp_260717_184456_A2FUSION_rlc_l1d256_l2p2t32d256g_l2g_scl_mha16,summary_conf_md_condition,full_or_exported_summary,all,0.3,sed,,,,,63.92,44.47,,,54.195,44.47,/home/hongsheng/K-Radar-main/results/exp_260717_184456_A2FUSION_rlc_l1d256_l2p2t32d256g_l2g_scl_mha16/summary_conf0.3.md,,
K-Radar-main,ASF/A2Fusion,exp_260717_184456_A2FUSION_rlc_l1d256_l2p2t32d256g_l2g_scl_mha16,summary_conf_md_condition,full_or_exported_summary,alleyway,0.3,bus,,,,,7.59,3.38,,,5.484999999999999,3.38,/home/hongsheng/K-Radar-main/results/exp_260717_184456_A2FUSION_rlc_l1d256_l2p2t32d256g_l2g_scl_mha16/summary_conf0.3.md,,
K-Radar-main,ASF/A2Fusion,exp_260717_184456_A2FUSION_rlc_l1d256_l2p2t32d256g_l2g_scl_mha16,summary_conf_md_condition,full_or_exported_summary,alleyway,0.3,sed,,,,,30.28,14.27,,,22.275,14.27,/home/hongsheng/K-Radar-main/results/exp_260717_184456_A2FUSION_rlc_l1d256_l2p2t32d256g_l2g_scl_mha16/summary_conf0.3.md,,
K-Radar-main,ASF/A2Fusion,exp_260717_184456_A2FUSION_rlc_l1d256_l2p2t32d256g_l2g_scl_mha16,summary_conf_md_condition,full_or_exported_summary,countryside,0.3,bus,,,,,30.51,19.45,,,24.98,19.45,/home/hongsheng/K-Radar-main/results/exp_260717_184456_A2FUSION_rlc_l1d256_l2p2t32d256g_l2g_scl_mha16/summary_conf0.3.md,,
K-Radar-main,ASF/A2Fusion,exp_260717_184456_A2FUSION_rlc_l1d256_l2p2t32d256g_l2g_scl_mha16,summary_conf_md_condition,full_or_exported_summary,countryside,0.3,sed,,,,,50.23,34.47,,,42.349999999999994,34.47,/home/hongsheng/K-Radar-main/results/exp_260717_184456_A2FUSION_rlc_l1d256_l2p2t32d256g_l2g_scl_mha16/summary_conf0.3.md,,
K-Radar-main,ASF/A2Fusion,exp_260717_184456_A2FUSION_rlc_l1d256_l2p2t32d256g_l2g_scl_mha16,summary_conf_md_condition,full_or_exported_summary,day,0.3,bus,,,,,45.16,28.05,,,36.605,28.05,/home/hongsheng/K-Radar-main/results/exp_260717_184456_A2FUSION_rlc_l1d256_l2p2t32d256g_l2g_scl_mha16/summary_conf0.3.md,,
K-Radar-main,ASF/A2Fusion,exp_260717_184456_A2FUSION_rlc_l1d256_l2p2t32d256g_l2g_scl_mha16,summary_conf_md_condition,full_or_exported_summary,day,0.3,sed,,,,,66.2,47.08,,,56.64,47.08,/home/hongsheng/K-Radar-main/results/exp_260717_184456_A2FUSION_rlc_l1d256_l2p2t32d256g_l2g_scl_mha16/summary_conf0.3.md,,
K-Radar-main,ASF/A2Fusion,exp_260717_184456_A2FUSION_rlc_l1d256_l2p2t32d256g_l2g_scl_mha16,summary_conf_md_condition,full_or_exported_summary,fog,0.3,bus,,,,,0.0,0.0,,,0.0,0.0,/home/hongsheng/K-Radar-main/results/exp_260717_184456_A2FUSION_rlc_l1d256_l2p2t32d256g_l2g_scl_mha16/summary_conf0.3.md,,
K-Radar-main,ASF/A2Fusion,exp_260717_184456_A2FUSION_rlc_l1d256_l2p2t32d256g_l2g_scl_mha16,summary_conf_md_condition,full_or_exported_summary,fog,0.3,sed,,,,,92.29,77.06,,,84.67500000000001,77.06,/home/hongsheng/K-Radar-main/results/exp_260717_184456_A2FUSION_rlc_l1d256_l2p2t32d256g_l2g_scl_mha16/summary_conf0.3.md,,
K-Radar-main,ASF/A2Fusion,exp_260717_184456_A2FUSION_rlc_l1d256_l2p2t32d256g_l2g_scl_mha16,summary_conf_md_condition,full_or_exported_summary,heavysnow,0.3,bus,,,,,79.99,36.7,,,58.345,36.7,/home/hongsheng/K-Radar-main/results/exp_260717_184456_A2FUSION_rlc_l1d256_l2p2t32d256g_l2g_scl_mha16/summary_conf0.3.md,,
K-Radar-main,ASF/A2Fusion,exp_260717_184456_A2FUSION_rlc_l1d256_l2p2t32d256g_l2g_scl_mha16,summary_conf_md_condition,full_or_exported_summary,heavysnow,0.3,sed,,,,,58.81,46.01,,,52.41,46.01,/home/hongsheng/K-Radar-main/results/exp_260717_184456_A2FUSION_rlc_l1d256_l2p2t32d256g_l2g_scl_mha16/summary_conf0.3.md,,
K-Radar-main,ASF/A2Fusion,exp_260717_184456_A2FUSION_rlc_l1d256_l2p2t32d256g_l2g_scl_mha16,summary_conf_md_condition,full_or_exported_summary,highway,0.3,bus,,,,,50.47,29.49,,,39.98,29.49,/home/hongsheng/K-Radar-main/results/exp_260717_184456_A2FUSION_rlc_l1d256_l2p2t32d256g_l2g_scl_mha16/summary_conf0.3.md,,
K-Radar-main,ASF/A2Fusion,exp_260717_184456_A2FUSION_rlc_l1d256_l2p2t32d256g_l2g_scl_mha16,summary_conf_md_condition,full_or_exported_summary,highway,0.3,sed,,,,,71.87,48.34,,,60.105000000000004,48.34,/home/hongsheng/K-Radar-main/results/exp_260717_184456_A2FUSION_rlc_l1d256_l2p2t32d256g_l2g_scl_mha16/summary_conf0.3.md,,
K-Radar-main,ASF/A2Fusion,exp_260717_184456_A2FUSION_rlc_l1d256_l2p2t32d256g_l2g_scl_mha16,summary_conf_md_condition,full_or_exported_summary,lightsnow,0.3,bus,,,,,80.89,66.54,,,73.715,66.54,/home/hongsheng/K-Radar-main/results/exp_260717_184456_A2FUSION_rlc_l1d256_l2p2t32d256g_l2g_scl_mha16/summary_conf0.3.md,,
K-Radar-main,ASF/A2Fusion,exp_260717_184456_A2FUSION_rlc_l1d256_l2p2t32d256g_l2g_scl_mha16,summary_conf_md_condition,full_or_exported_summary,lightsnow,0.3,sed,,,,,82.78,52.92,,,67.85,52.92,/home/hongsheng/K-Radar-main/results/exp_260717_184456_A2FUSION_rlc_l1d256_l2p2t32d256g_l2g_scl_mha16/summary_conf0.3.md,,
K-Radar-main,ASF/A2Fusion,exp_260717_184456_A2FUSION_rlc_l1d256_l2p2t32d256g_l2g_scl_mha16,summary_conf_md_condition,full_or_exported_summary,mountain,0.3,bus,,,,,58.19,51.43,,,54.81,51.43,/home/hongsheng/K-Radar-main/results/exp_260717_184456_A2FUSION_rlc_l1d256_l2p2t32d256g_l2g_scl_mha16/summary_conf0.3.md,,
K-Radar-main,ASF/A2Fusion,exp_260717_184456_A2FUSION_rlc_l1d256_l2p2t32d256g_l2g_scl_mha16,summary_conf_md_condition,full_or_exported_summary,mountain,0.3,sed,,,,,89.5,58.71,,,74.105,58.71,/home/hongsheng/K-Radar-main/results/exp_260717_184456_A2FUSION_rlc_l1d256_l2p2t32d256g_l2g_scl_mha16/summary_conf0.3.md,,
K-Radar-main,ASF/A2Fusion,exp_260717_184456_A2FUSION_rlc_l1d256_l2p2t32d256g_l2g_scl_mha16,summary_conf_md_condition,full_or_exported_summary,night,0.3,bus,,,,,60.11,35.66,,,47.885,35.66,/home/hongsheng/K-Radar-main/results/exp_260717_184456_A2FUSION_rlc_l1d256_l2p2t32d256g_l2g_scl_mha16/summary_conf0.3.md,,
K-Radar-main,ASF/A2Fusion,exp_260717_184456_A2FUSION_rlc_l1d256_l2p2t32d256g_l2g_scl_mha16,summary_conf_md_condition,full_or_exported_summary,night,0.3,sed,,,,,59.41,39.08,,,49.245,39.08,/home/hongsheng/K-Radar-main/results/exp_260717_184456_A2FUSION_rlc_l1d256_l2p2t32d256g_l2g_scl_mha16/summary_conf0.3.md,,
K-Radar-main,ASF/A2Fusion,exp_260717_184456_A2FUSION_rlc_l1d256_l2p2t32d256g_l2g_scl_mha16,summary_conf_md_condition,full_or_exported_summary,normal,0.3,bus,,,,,36.72,24.79,,,30.755,24.79,/home/hongsheng/K-Radar-main/results/exp_260717_184456_A2FUSION_rlc_l1d256_l2p2t32d256g_l2g_scl_mha16/summary_conf0.3.md,,
K-Radar-main,ASF/A2Fusion,exp_260717_184456_A2FUSION_rlc_l1d256_l2p2t32d256g_l2g_scl_mha16,summary_conf_md_condition,full_or_exported_summary,normal,0.3,sed,,,,,61.85,41.13,,,51.49,41.13,/home/hongsheng/K-Radar-main/results/exp_260717_184456_A2FUSION_rlc_l1d256_l2p2t32d256g_l2g_scl_mha16/summary_conf0.3.md,,
K-Radar-main,ASF/A2Fusion,exp_260717_184456_A2FUSION_rlc_l1d256_l2p2t32d256g_l2g_scl_mha16,summary_conf_md_condition,full_or_exported_summary,overcast,0.3,bus,,,,,36.98,28.98,,,32.98,28.98,/home/hongsheng/K-Radar-main/results/exp_260717_184456_A2FUSION_rlc_l1d256_l2p2t32d256g_l2g_scl_mha16/summary_conf0.3.md,,
K-Radar-main,ASF/A2Fusion,exp_260717_184456_A2FUSION_rlc_l1d256_l2p2t32d256g_l2g_scl_mha16,summary_conf_md_condition,full_or_exported_summary,overcast,0.3,sed,,,,,73.37,51.98,,,62.675,51.98,/home/hongsheng/K-Radar-main/results/exp_260717_184456_A2FUSION_rlc_l1d256_l2p2t32d256g_l2g_scl_mha16/summary_conf0.3.md,,
K-Radar-main,ASF/A2Fusion,exp_260717_184456_A2FUSION_rlc_l1d256_l2p2t32d256g_l2g_scl_mha16,summary_conf_md_condition,full_or_exported_summary,parkinglots,0.3,bus,,,,,38.43,23.93,,,31.18,23.93,/home/hongsheng/K-Radar-main/results/exp_260717_184456_A2FUSION_rlc_l1d256_l2p2t32d256g_l2g_scl_mha16/summary_conf0.3.md,,
K-Radar-main,ASF/A2Fusion,exp_260717_184456_A2FUSION_rlc_l1d256_l2p2t32d256g_l2g_scl_mha16,summary_conf_md_condition,full_or_exported_summary,parkinglots,0.3,sed,,,,,48.37,42.93,,,45.65,42.93,/home/hongsheng/K-Radar-main/results/exp_260717_184456_A2FUSION_rlc_l1d256_l2p2t32d256g_l2g_scl_mha16/summary_conf0.3.md,,
K-Radar-main,ASF/A2Fusion,exp_260717_184456_A2FUSION_rlc_l1d256_l2p2t32d256g_l2g_scl_mha16,summary_conf_md_condition,full_or_exported_summary,rain,0.3,bus,,,,,1.63,1.38,,,1.505,1.38,/home/hongsheng/K-Radar-main/results/exp_260717_184456_A2FUSION_rlc_l1d256_l2p2t32d256g_l2g_scl_mha16/summary_conf0.3.md,,
K-Radar-main,ASF/A2Fusion,exp_260717_184456_A2FUSION_rlc_l1d256_l2p2t32d256g_l2g_scl_mha16,summary_conf_md_condition,full_or_exported_summary,rain,0.3,sed,,,,,57.11,40.91,,,49.01,40.91,/home/hongsheng/K-Radar-main/results/exp_260717_184456_A2FUSION_rlc_l1d256_l2p2t32d256g_l2g_scl_mha16/summary_conf0.3.md,,
K-Radar-main,ASF/A2Fusion,exp_260717_184456_A2FUSION_rlc_l1d256_l2p2t32d256g_l2g_scl_mha16,summary_conf_md_condition,full_or_exported_summary,shoulder,0.3,bus,,,,,0.0,0.0,,,0.0,0.0,/home/hongsheng/K-Radar-main/results/exp_260717_184456_A2FUSION_rlc_l1d256_l2p2t32d256g_l2g_scl_mha16/summary_conf0.3.md,,
K-Radar-main,ASF/A2Fusion,exp_260717_184456_A2FUSION_rlc_l1d256_l2p2t32d256g_l2g_scl_mha16,summary_conf_md_condition,full_or_exported_summary,shoulder,0.3,sed,,,,,97.42,94.72,,,96.07,94.72,/home/hongsheng/K-Radar-main/results/exp_260717_184456_A2FUSION_rlc_l1d256_l2p2t32d256g_l2g_scl_mha16/summary_conf0.3.md,,
K-Radar-main,ASF/A2Fusion,exp_260717_184456_A2FUSION_rlc_l1d256_l2p2t32d256g_l2g_scl_mha16,summary_conf_md_condition,full_or_exported_summary,sleet,0.3,bus,,,,,47.18,33.43,,,40.305,33.43,/home/hongsheng/K-Radar-main/results/exp_260717_184456_A2FUSION_rlc_l1d256_l2p2t32d256g_l2g_scl_mha16/summary_conf0.3.md,,
K-Radar-main,ASF/A2Fusion,exp_260717_184456_A2FUSION_rlc_l1d256_l2p2t32d256g_l2g_scl_mha16,summary_conf_md_condition,full_or_exported_summary,sleet,0.3,sed,,,,,57.78,42.35,,,50.065,42.35,/home/hongsheng/K-Radar-main/results/exp_260717_184456_A2FUSION_rlc_l1d256_l2p2t32d256g_l2g_scl_mha16/summary_conf0.3.md,,
K-Radar-main,ASF/A2Fusion,exp_260717_184456_A2FUSION_rlc_l1d256_l2p2t32d256g_l2g_scl_mha16,summary_conf_md_condition,full_or_exported_summary,university,0.3,bus,,,,,0.0,0.0,,,0.0,0.0,/home/hongsheng/K-Radar-main/results/exp_260717_184456_A2FUSION_rlc_l1d256_l2p2t32d256g_l2g_scl_mha16/summary_conf0.3.md,,
K-Radar-main,ASF/A2Fusion,exp_260717_184456_A2FUSION_rlc_l1d256_l2p2t32d256g_l2g_scl_mha16,summary_conf_md_condition,full_or_exported_summary,university,0.3,sed,,,,,58.35,33.19,,,45.769999999999996,33.19,/home/hongsheng/K-Radar-main/results/exp_260717_184456_A2FUSION_rlc_l1d256_l2p2t32d256g_l2g_scl_mha16/summary_conf0.3.md,,
K-Radar-main,ASF/A2Fusion,exp_260717_184456_A2FUSION_rlc_l1d256_l2p2t32d256g_l2g_scl_mha16,summary_conf_md_condition,full_or_exported_summary,urban,0.3,bus,,,,,77.73,45.15,,,61.44,45.15,/home/hongsheng/K-Radar-main/results/exp_260717_184456_A2FUSION_rlc_l1d256_l2p2t32d256g_l2g_scl_mha16/summary_conf0.3.md,,
K-Radar-main,ASF/A2Fusion,exp_260717_184456_A2FUSION_rlc_l1d256_l2p2t32d256g_l2g_scl_mha16,summary_conf_md_condition,full_or_exported_summary,urban,0.3,sed,,,,,64.96,47.93,,,56.44499999999999,47.93,/home/hongsheng/K-Radar-main/results/exp_260717_184456_A2FUSION_rlc_l1d256_l2p2t32d256g_l2g_scl_mha16/summary_conf0.3.md,,
K-Radar-main,ASF/A2Fusion,exp_260721_133144_ASF_LR_bs4_ep15,summary_conf_md,full_or_exported_summary,all,0.3,bus,,,21.4,6.87,50.72,30.85,64.27,57.31,38.57,31.676666666666666,/home/hongsheng/K-Radar-main/results/exp_260721_133144_ASF_LR_bs4_ep15/summary_conf0.3.md,,
K-Radar-main,ASF/A2Fusion,exp_260721_133144_ASF_LR_bs4_ep15,summary_conf_md,full_or_exported_summary,all,0.3,sed,,,38.04,9.65,66.13,46.05,72.48,69.37,50.28666666666667,41.690000000000005,/home/hongsheng/K-Radar-main/results/exp_260721_133144_ASF_LR_bs4_ep15/summary_conf0.3.md,,
K-Radar-main,ASF/A2Fusion,exp_260721_133144_ASF_LR_bs4_ep15,summary_conf_md_condition,full_or_exported_summary,all,0.3,bus,,,,,50.72,30.85,,,40.785,30.85,/home/hongsheng/K-Radar-main/results/exp_260721_133144_ASF_LR_bs4_ep15/summary_conf0.3.md,,
K-Radar-main,ASF/A2Fusion,exp_260721_133144_ASF_LR_bs4_ep15,summary_conf_md_condition,full_or_exported_summary,all,0.3,sed,,,,,66.13,46.05,,,56.089999999999996,46.05,/home/hongsheng/K-Radar-main/results/exp_260721_133144_ASF_LR_bs4_ep15/summary_conf0.3.md,,
K-Radar-main,ASF/A2Fusion,exp_260721_133144_ASF_LR_bs4_ep15,summary_conf_md_condition,full_or_exported_summary,alleyway,0.3,bus,,,,,6.62,3.47,,,5.045,3.47,/home/hongsheng/K-Radar-main/results/exp_260721_133144_ASF_LR_bs4_ep15/summary_conf0.3.md,,
K-Radar-main,ASF/A2Fusion,exp_260721_133144_ASF_LR_bs4_ep15,summary_conf_md_condition,full_or_exported_summary,alleyway,0.3,sed,,,,,31.15,17.68,,,24.415,17.68,/home/hongsheng/K-Radar-main/results/exp_260721_133144_ASF_LR_bs4_ep15/summary_conf0.3.md,,
K-Radar-main,ASF/A2Fusion,exp_260721_133144_ASF_LR_bs4_ep15,summary_conf_md_condition,full_or_exported_summary,countryside,0.3,bus,,,,,31.78,21.61,,,26.695,21.61,/home/hongsheng/K-Radar-main/results/exp_260721_133144_ASF_LR_bs4_ep15/summary_conf0.3.md,,
K-Radar-main,ASF/A2Fusion,exp_260721_133144_ASF_LR_bs4_ep15,summary_conf_md_condition,full_or_exported_summary,countryside,0.3,sed,,,,,55.15,31.62,,,43.385,31.62,/home/hongsheng/K-Radar-main/results/exp_260721_133144_ASF_LR_bs4_ep15/summary_conf0.3.md,,
K-Radar-main,ASF/A2Fusion,exp_260721_133144_ASF_LR_bs4_ep15,summary_conf_md_condition,full_or_exported_summary,day,0.3,bus,,,,,45.12,29.16,,,37.14,29.16,/home/hongsheng/K-Radar-main/results/exp_260721_133144_ASF_LR_bs4_ep15/summary_conf0.3.md,,
K-Radar-main,ASF/A2Fusion,exp_260721_133144_ASF_LR_bs4_ep15,summary_conf_md_condition,full_or_exported_summary,day,0.3,sed,,,,,68.25,48.65,,,58.45,48.65,/home/hongsheng/K-Radar-main/results/exp_260721_133144_ASF_LR_bs4_ep15/summary_conf0.3.md,,
K-Radar-main,ASF/A2Fusion,exp_260721_133144_ASF_LR_bs4_ep15,summary_conf_md_condition,full_or_exported_summary,fog,0.3,bus,,,,,0.0,0.0,,,0.0,0.0,/home/hongsheng/K-Radar-main/results/exp_260721_133144_ASF_LR_bs4_ep15/summary_conf0.3.md,,
K-Radar-main,ASF/A2Fusion,exp_260721_133144_ASF_LR_bs4_ep15,summary_conf_md_condition,full_or_exported_summary,fog,0.3,sed,,,,,94.66,76.9,,,85.78,76.9,/home/hongsheng/K-Radar-main/results/exp_260721_133144_ASF_LR_bs4_ep15/summary_conf0.3.md,,
K-Radar-main,ASF/A2Fusion,exp_260721_133144_ASF_LR_bs4_ep15,summary_conf_md_condition,full_or_exported_summary,heavysnow,0.3,bus,,,,,77.7,31.73,,,54.715,31.73,/home/hongsheng/K-Radar-main/results/exp_260721_133144_ASF_LR_bs4_ep15/summary_conf0.3.md,,
K-Radar-main,ASF/A2Fusion,exp_260721_133144_ASF_LR_bs4_ep15,summary_conf_md_condition,full_or_exported_summary,heavysnow,0.3,sed,,,,,58.55,46.68,,,52.614999999999995,46.68,/home/hongsheng/K-Radar-main/results/exp_260721_133144_ASF_LR_bs4_ep15/summary_conf0.3.md,,
K-Radar-main,ASF/A2Fusion,exp_260721_133144_ASF_LR_bs4_ep15,summary_conf_md_condition,full_or_exported_summary,highway,0.3,bus,,,,,50.76,29.15,,,39.955,29.15,/home/hongsheng/K-Radar-main/results/exp_260721_133144_ASF_LR_bs4_ep15/summary_conf0.3.md,,
K-Radar-main,ASF/A2Fusion,exp_260721_133144_ASF_LR_bs4_ep15,summary_conf_md_condition,full_or_exported_summary,highway,0.3,sed,,,,,73.69,47.59,,,60.64,47.59,/home/hongsheng/K-Radar-main/results/exp_260721_133144_ASF_LR_bs4_ep15/summary_conf0.3.md,,
K-Radar-main,ASF/A2Fusion,exp_260721_133144_ASF_LR_bs4_ep15,summary_conf_md_condition,full_or_exported_summary,lightsnow,0.3,bus,,,,,81.1,64.76,,,72.93,64.76,/home/hongsheng/K-Radar-main/results/exp_260721_133144_ASF_LR_bs4_ep15/summary_conf0.3.md,,
K-Radar-main,ASF/A2Fusion,exp_260721_133144_ASF_LR_bs4_ep15,summary_conf_md_condition,full_or_exported_summary,lightsnow,0.3,sed,,,,,82.43,56.71,,,69.57000000000001,56.71,/home/hongsheng/K-Radar-main/results/exp_260721_133144_ASF_LR_bs4_ep15/summary_conf0.3.md,,
K-Radar-main,ASF/A2Fusion,exp_260721_133144_ASF_LR_bs4_ep15,summary_conf_md_condition,full_or_exported_summary,mountain,0.3,bus,,,,,60.66,56.95,,,58.805,56.95,/home/hongsheng/K-Radar-main/results/exp_260721_133144_ASF_LR_bs4_ep15/summary_conf0.3.md,,
K-Radar-main,ASF/A2Fusion,exp_260721_133144_ASF_LR_bs4_ep15,summary_conf_md_condition,full_or_exported_summary,mountain,0.3,sed,,,,,89.43,61.69,,,75.56,61.69,/home/hongsheng/K-Radar-main/results/exp_260721_133144_ASF_LR_bs4_ep15/summary_conf0.3.md,,
K-Radar-main,ASF/A2Fusion,exp_260721_133144_ASF_LR_bs4_ep15,summary_conf_md_condition,full_or_exported_summary,night,0.3,bus,,,,,60.58,33.31,,,46.945,33.31,/home/hongsheng/K-Radar-main/results/exp_260721_133144_ASF_LR_bs4_ep15/summary_conf0.3.md,,
K-Radar-main,ASF/A2Fusion,exp_260721_133144_ASF_LR_bs4_ep15,summary_conf_md_condition,full_or_exported_summary,night,0.3,sed,,,,,61.96,39.57,,,50.765,39.57,/home/hongsheng/K-Radar-main/results/exp_260721_133144_ASF_LR_bs4_ep15/summary_conf0.3.md,,
K-Radar-main,ASF/A2Fusion,exp_260721_133144_ASF_LR_bs4_ep15,summary_conf_md_condition,full_or_exported_summary,normal,0.3,bus,,,,,37.7,26.18,,,31.94,26.18,/home/hongsheng/K-Radar-main/results/exp_260721_133144_ASF_LR_bs4_ep15/summary_conf0.3.md,,
K-Radar-main,ASF/A2Fusion,exp_260721_133144_ASF_LR_bs4_ep15,summary_conf_md_condition,full_or_exported_summary,normal,0.3,sed,,,,,62.31,41.35,,,51.83,41.35,/home/hongsheng/K-Radar-main/results/exp_260721_133144_ASF_LR_bs4_ep15/summary_conf0.3.md,,
K-Radar-main,ASF/A2Fusion,exp_260721_133144_ASF_LR_bs4_ep15,summary_conf_md_condition,full_or_exported_summary,overcast,0.3,bus,,,,,47.65,37.82,,,42.735,37.82,/home/hongsheng/K-Radar-main/results/exp_260721_133144_ASF_LR_bs4_ep15/summary_conf0.3.md,,
K-Radar-main,ASF/A2Fusion,exp_260721_133144_ASF_LR_bs4_ep15,summary_conf_md_condition,full_or_exported_summary,overcast,0.3,sed,,,,,75.33,50.26,,,62.795,50.26,/home/hongsheng/K-Radar-main/results/exp_260721_133144_ASF_LR_bs4_ep15/summary_conf0.3.md,,
K-Radar-main,ASF/A2Fusion,exp_260721_133144_ASF_LR_bs4_ep15,summary_conf_md_condition,full_or_exported_summary,parkinglots,0.3,bus,,,,,43.91,25.01,,,34.46,25.01,/home/hongsheng/K-Radar-main/results/exp_260721_133144_ASF_LR_bs4_ep15/summary_conf0.3.md,,
K-Radar-main,ASF/A2Fusion,exp_260721_133144_ASF_LR_bs4_ep15,summary_conf_md_condition,full_or_exported_summary,parkinglots,0.3,sed,,,,,51.99,41.51,,,46.75,41.51,/home/hongsheng/K-Radar-main/results/exp_260721_133144_ASF_LR_bs4_ep15/summary_conf0.3.md,,
K-Radar-main,ASF/A2Fusion,exp_260721_133144_ASF_LR_bs4_ep15,summary_conf_md_condition,full_or_exported_summary,rain,0.3,bus,,,,,4.99,3.11,,,4.05,3.11,/home/hongsheng/K-Radar-main/results/exp_260721_133144_ASF_LR_bs4_ep15/summary_conf0.3.md,,
K-Radar-main,ASF/A2Fusion,exp_260721_133144_ASF_LR_bs4_ep15,summary_conf_md_condition,full_or_exported_summary,rain,0.3,sed,,,,,59.57,40.95,,,50.260000000000005,40.95,/home/hongsheng/K-Radar-main/results/exp_260721_133144_ASF_LR_bs4_ep15/summary_conf0.3.md,,
K-Radar-main,ASF/A2Fusion,exp_260721_133144_ASF_LR_bs4_ep15,summary_conf_md_condition,full_or_exported_summary,shoulder,0.3,bus,,,,,0.0,0.0,,,0.0,0.0,/home/hongsheng/K-Radar-main/results/exp_260721_133144_ASF_LR_bs4_ep15/summary_conf0.3.md,,
K-Radar-main,ASF/A2Fusion,exp_260721_133144_ASF_LR_bs4_ep15,summary_conf_md_condition,full_or_exported_summary,shoulder,0.3,sed,,,,,97.45,94.33,,,95.89,94.33,/home/hongsheng/K-Radar-main/results/exp_260721_133144_ASF_LR_bs4_ep15/summary_conf0.3.md,,
K-Radar-main,ASF/A2Fusion,exp_260721_133144_ASF_LR_bs4_ep15,summary_conf_md_condition,full_or_exported_summary,sleet,0.3,bus,,,,,50.46,37.18,,,43.82,37.18,/home/hongsheng/K-Radar-main/results/exp_260721_133144_ASF_LR_bs4_ep15/summary_conf0.3.md,,
K-Radar-main,ASF/A2Fusion,exp_260721_133144_ASF_LR_bs4_ep15,summary_conf_md_condition,full_or_exported_summary,sleet,0.3,sed,,,,,60.37,43.38,,,51.875,43.38,/home/hongsheng/K-Radar-main/results/exp_260721_133144_ASF_LR_bs4_ep15/summary_conf0.3.md,,
K-Radar-main,ASF/A2Fusion,exp_260721_133144_ASF_LR_bs4_ep15,summary_conf_md_condition,full_or_exported_summary,university,0.3,bus,,,,,0.0,0.0,,,0.0,0.0,/home/hongsheng/K-Radar-main/results/exp_260721_133144_ASF_LR_bs4_ep15/summary_conf0.3.md,,
K-Radar-main,ASF/A2Fusion,exp_260721_133144_ASF_LR_bs4_ep15,summary_conf_md_condition,full_or_exported_summary,university,0.3,sed,,,,,59.32,35.17,,,47.245000000000005,35.17,/home/hongsheng/K-Radar-main/results/exp_260721_133144_ASF_LR_bs4_ep15/summary_conf0.3.md,,
K-Radar-main,ASF/A2Fusion,exp_260721_133144_ASF_LR_bs4_ep15,summary_conf_md_condition,full_or_exported_summary,urban,0.3,bus,,,,,74.95,45.38,,,60.165000000000006,45.38,/home/hongsheng/K-Radar-main/results/exp_260721_133144_ASF_LR_bs4_ep15/summary_conf0.3.md,,
K-Radar-main,ASF/A2Fusion,exp_260721_133144_ASF_LR_bs4_ep15,summary_conf_md_condition,full_or_exported_summary,urban,0.3,sed,,,,,67.35,50.02,,,58.685,50.02,/home/hongsheng/K-Radar-main/results/exp_260721_133144_ASF_LR_bs4_ep15/summary_conf0.3.md,,
K-Radar-main,ASF/A2Fusion,exp_260721_133145_ASF_LR_bs8_ep30,summary_conf_md,full_or_exported_summary,all,0.3,bus,,,18.15,5.26,49.38,30.38,66.29,57.15,37.76833333333334,30.929999999999996,/home/hongsheng/K-Radar-main/results/exp_260721_133145_ASF_LR_bs8_ep30/summary_conf0.3.md,,
K-Radar-main,ASF/A2Fusion,exp_260721_133145_ASF_LR_bs8_ep30,summary_conf_md,full_or_exported_summary,all,0.3,sed,,,31.68,5.89,62.44,40.33,69.94,66.68,46.16,37.63333333333333,/home/hongsheng/K-Radar-main/results/exp_260721_133145_ASF_LR_bs8_ep30/summary_conf0.3.md,,
K-Radar-main,ASF/A2Fusion,exp_260721_133145_ASF_LR_bs8_ep30,summary_conf_md_condition,full_or_exported_summary,all,0.3,bus,,,,,49.38,30.38,,,39.88,30.38,/home/hongsheng/K-Radar-main/results/exp_260721_133145_ASF_LR_bs8_ep30/summary_conf0.3.md,,
K-Radar-main,ASF/A2Fusion,exp_260721_133145_ASF_LR_bs8_ep30,summary_conf_md_condition,full_or_exported_summary,all,0.3,sed,,,,,62.44,40.33,,,51.385,40.33,/home/hongsheng/K-Radar-main/results/exp_260721_133145_ASF_LR_bs8_ep30/summary_conf0.3.md,,
K-Radar-main,ASF/A2Fusion,exp_260721_133145_ASF_LR_bs8_ep30,summary_conf_md_condition,full_or_exported_summary,alleyway,0.3,bus,,,,,7.0,2.27,,,4.635,2.27,/home/hongsheng/K-Radar-main/results/exp_260721_133145_ASF_LR_bs8_ep30/summary_conf0.3.md,,
K-Radar-main,ASF/A2Fusion,exp_260721_133145_ASF_LR_bs8_ep30,summary_conf_md_condition,full_or_exported_summary,alleyway,0.3,sed,,,,,27.8,13.95,,,20.875,13.95,/home/hongsheng/K-Radar-main/results/exp_260721_133145_ASF_LR_bs8_ep30/summary_conf0.3.md,,
K-Radar-main,ASF/A2Fusion,exp_260721_133145_ASF_LR_bs8_ep30,summary_conf_md_condition,full_or_exported_summary,countryside,0.3,bus,,,,,25.4,16.14,,,20.77,16.14,/home/hongsheng/K-Radar-main/results/exp_260721_133145_ASF_LR_bs8_ep30/summary_conf0.3.md,,
K-Radar-main,ASF/A2Fusion,exp_260721_133145_ASF_LR_bs8_ep30,summary_conf_md_condition,full_or_exported_summary,countryside,0.3,sed,,,,,49.88,24.88,,,37.38,24.88,/home/hongsheng/K-Radar-main/results/exp_260721_133145_ASF_LR_bs8_ep30/summary_conf0.3.md,,
K-Radar-main,ASF/A2Fusion,exp_260721_133145_ASF_LR_bs8_ep30,summary_conf_md_condition,full_or_exported_summary,day,0.3,bus,,,,,45.01,29.8,,,37.405,29.8,/home/hongsheng/K-Radar-main/results/exp_260721_133145_ASF_LR_bs8_ep30/summary_conf0.3.md,,
K-Radar-main,ASF/A2Fusion,exp_260721_133145_ASF_LR_bs8_ep30,summary_conf_md_condition,full_or_exported_summary,day,0.3,sed,,,,,62.26,42.23,,,52.245,42.23,/home/hongsheng/K-Radar-main/results/exp_260721_133145_ASF_LR_bs8_ep30/summary_conf0.3.md,,
K-Radar-main,ASF/A2Fusion,exp_260721_133145_ASF_LR_bs8_ep30,summary_conf_md_condition,full_or_exported_summary,fog,0.3,bus,,,,,0.0,0.0,,,0.0,0.0,/home/hongsheng/K-Radar-main/results/exp_260721_133145_ASF_LR_bs8_ep30/summary_conf0.3.md,,
K-Radar-main,ASF/A2Fusion,exp_260721_133145_ASF_LR_bs8_ep30,summary_conf_md_condition,full_or_exported_summary,fog,0.3,sed,,,,,94.58,71.73,,,83.155,71.73,/home/hongsheng/K-Radar-main/results/exp_260721_133145_ASF_LR_bs8_ep30/summary_conf0.3.md,,
K-Radar-main,ASF/A2Fusion,exp_260721_133145_ASF_LR_bs8_ep30,summary_conf_md_condition,full_or_exported_summary,heavysnow,0.3,bus,,,,,66.98,25.3,,,46.14,25.3,/home/hongsheng/K-Radar-main/results/exp_260721_133145_ASF_LR_bs8_ep30/summary_conf0.3.md,,
K-Radar-main,ASF/A2Fusion,exp_260721_133145_ASF_LR_bs8_ep30,summary_conf_md_condition,full_or_exported_summary,heavysnow,0.3,sed,,,,,56.44,43.28,,,49.86,43.28,/home/hongsheng/K-Radar-main/results/exp_260721_133145_ASF_LR_bs8_ep30/summary_conf0.3.md,,
K-Radar-main,ASF/A2Fusion,exp_260721_133145_ASF_LR_bs8_ep30,summary_conf_md_condition,full_or_exported_summary,highway,0.3,bus,,,,,49.54,30.49,,,40.015,30.49,/home/hongsheng/K-Radar-main/results/exp_260721_133145_ASF_LR_bs8_ep30/summary_conf0.3.md,,
K-Radar-main,ASF/A2Fusion,exp_260721_133145_ASF_LR_bs8_ep30,summary_conf_md_condition,full_or_exported_summary,highway,0.3,sed,,,,,69.65,42.69,,,56.17,42.69,/home/hongsheng/K-Radar-main/results/exp_260721_133145_ASF_LR_bs8_ep30/summary_conf0.3.md,,
K-Radar-main,ASF/A2Fusion,exp_260721_133145_ASF_LR_bs8_ep30,summary_conf_md_condition,full_or_exported_summary,lightsnow,0.3,bus,,,,,88.34,73.3,,,80.82,73.3,/home/hongsheng/K-Radar-main/results/exp_260721_133145_ASF_LR_bs8_ep30/summary_conf0.3.md,,
K-Radar-main,ASF/A2Fusion,exp_260721_133145_ASF_LR_bs8_ep30,summary_conf_md_condition,full_or_exported_summary,lightsnow,0.3,sed,,,,,79.58,51.03,,,65.305,51.03,/home/hongsheng/K-Radar-main/results/exp_260721_133145_ASF_LR_bs8_ep30/summary_conf0.3.md,,
K-Radar-main,ASF/A2Fusion,exp_260721_133145_ASF_LR_bs8_ep30,summary_conf_md_condition,full_or_exported_summary,mountain,0.3,bus,,,,,62.23,38.61,,,50.42,38.61,/home/hongsheng/K-Radar-main/results/exp_260721_133145_ASF_LR_bs8_ep30/summary_conf0.3.md,,
K-Radar-main,ASF/A2Fusion,exp_260721_133145_ASF_LR_bs8_ep30,summary_conf_md_condition,full_or_exported_summary,mountain,0.3,sed,,,,,88.97,56.83,,,72.9,56.83,/home/hongsheng/K-Radar-main/results/exp_260721_133145_ASF_LR_bs8_ep30/summary_conf0.3.md,,
K-Radar-main,ASF/A2Fusion,exp_260721_133145_ASF_LR_bs8_ep30,summary_conf_md_condition,full_or_exported_summary,night,0.3,bus,,,,,57.96,31.79,,,44.875,31.79,/home/hongsheng/K-Radar-main/results/exp_260721_133145_ASF_LR_bs8_ep30/summary_conf0.3.md,,
K-Radar-main,ASF/A2Fusion,exp_260721_133145_ASF_LR_bs8_ep30,summary_conf_md_condition,full_or_exported_summary,night,0.3,sed,,,,,59.32,36.58,,,47.95,36.58,/home/hongsheng/K-Radar-main/results/exp_260721_133145_ASF_LR_bs8_ep30/summary_conf0.3.md,,
K-Radar-main,ASF/A2Fusion,exp_260721_133145_ASF_LR_bs8_ep30,summary_conf_md_condition,full_or_exported_summary,normal,0.3,bus,,,,,39.08,27.91,,,33.495,27.91,/home/hongsheng/K-Radar-main/results/exp_260721_133145_ASF_LR_bs8_ep30/summary_conf0.3.md,,
K-Radar-main,ASF/A2Fusion,exp_260721_133145_ASF_LR_bs8_ep30,summary_conf_md_condition,full_or_exported_summary,normal,0.3,sed,,,,,58.39,35.7,,,47.045,35.7,/home/hongsheng/K-Radar-main/results/exp_260721_133145_ASF_LR_bs8_ep30/summary_conf0.3.md,,
K-Radar-main,ASF/A2Fusion,exp_260721_133145_ASF_LR_bs8_ep30,summary_conf_md_condition,full_or_exported_summary,overcast,0.3,bus,,,,,42.91,34.23,,,38.56999999999999,34.23,/home/hongsheng/K-Radar-main/results/exp_260721_133145_ASF_LR_bs8_ep30/summary_conf0.3.md,,
K-Radar-main,ASF/A2Fusion,exp_260721_133145_ASF_LR_bs8_ep30,summary_conf_md_condition,full_or_exported_summary,overcast,0.3,sed,,,,,71.79,43.59,,,57.690000000000005,43.59,/home/hongsheng/K-Radar-main/results/exp_260721_133145_ASF_LR_bs8_ep30/summary_conf0.3.md,,
K-Radar-main,ASF/A2Fusion,exp_260721_133145_ASF_LR_bs8_ep30,summary_conf_md_condition,full_or_exported_summary,parkinglots,0.3,bus,,,,,35.23,24.37,,,29.799999999999997,24.37,/home/hongsheng/K-Radar-main/results/exp_260721_133145_ASF_LR_bs8_ep30/summary_conf0.3.md,,
K-Radar-main,ASF/A2Fusion,exp_260721_133145_ASF_LR_bs8_ep30,summary_conf_md_condition,full_or_exported_summary,parkinglots,0.3,sed,,,,,8.11,0.84,,,4.475,0.84,/home/hongsheng/K-Radar-main/results/exp_260721_133145_ASF_LR_bs8_ep30/summary_conf0.3.md,,
K-Radar-main,ASF/A2Fusion,exp_260721_133145_ASF_LR_bs8_ep30,summary_conf_md_condition,full_or_exported_summary,rain,0.3,bus,,,,,2.68,2.57,,,2.625,2.57,/home/hongsheng/K-Radar-main/results/exp_260721_133145_ASF_LR_bs8_ep30/summary_conf0.3.md,,
K-Radar-main,ASF/A2Fusion,exp_260721_133145_ASF_LR_bs8_ep30,summary_conf_md_condition,full_or_exported_summary,rain,0.3,sed,,,,,57.07,38.57,,,47.82,38.57,/home/hongsheng/K-Radar-main/results/exp_260721_133145_ASF_LR_bs8_ep30/summary_conf0.3.md,,
K-Radar-main,ASF/A2Fusion,exp_260721_133145_ASF_LR_bs8_ep30,summary_conf_md_condition,full_or_exported_summary,shoulder,0.3,bus,,,,,0.0,0.0,,,0.0,0.0,/home/hongsheng/K-Radar-main/results/exp_260721_133145_ASF_LR_bs8_ep30/summary_conf0.3.md,,
K-Radar-main,ASF/A2Fusion,exp_260721_133145_ASF_LR_bs8_ep30,summary_conf_md_condition,full_or_exported_summary,shoulder,0.3,sed,,,,,97.49,91.07,,,94.28,91.07,/home/hongsheng/K-Radar-main/results/exp_260721_133145_ASF_LR_bs8_ep30/summary_conf0.3.md,,
K-Radar-main,ASF/A2Fusion,exp_260721_133145_ASF_LR_bs8_ep30,summary_conf_md_condition,full_or_exported_summary,sleet,0.3,bus,,,,,47.35,30.04,,,38.695,30.04,/home/hongsheng/K-Radar-main/results/exp_260721_133145_ASF_LR_bs8_ep30/summary_conf0.3.md,,
K-Radar-main,ASF/A2Fusion,exp_260721_133145_ASF_LR_bs8_ep30,summary_conf_md_condition,full_or_exported_summary,sleet,0.3,sed,,,,,41.76,26.99,,,34.375,26.99,/home/hongsheng/K-Radar-main/results/exp_260721_133145_ASF_LR_bs8_ep30/summary_conf0.3.md,,
K-Radar-main,ASF/A2Fusion,exp_260721_133145_ASF_LR_bs8_ep30,summary_conf_md_condition,full_or_exported_summary,university,0.3,bus,,,,,0.0,0.0,,,0.0,0.0,/home/hongsheng/K-Radar-main/results/exp_260721_133145_ASF_LR_bs8_ep30/summary_conf0.3.md,,
K-Radar-main,ASF/A2Fusion,exp_260721_133145_ASF_LR_bs8_ep30,summary_conf_md_condition,full_or_exported_summary,university,0.3,sed,,,,,56.05,32.32,,,44.185,32.32,/home/hongsheng/K-Radar-main/results/exp_260721_133145_ASF_LR_bs8_ep30/summary_conf0.3.md,,
K-Radar-main,ASF/A2Fusion,exp_260721_133145_ASF_LR_bs8_ep30,summary_conf_md_condition,full_or_exported_summary,urban,0.3,bus,,,,,72.47,42.44,,,57.455,42.44,/home/hongsheng/K-Radar-main/results/exp_260721_133145_ASF_LR_bs8_ep30/summary_conf0.3.md,,
K-Radar-main,ASF/A2Fusion,exp_260721_133145_ASF_LR_bs8_ep30,summary_conf_md_condition,full_or_exported_summary,urban,0.3,sed,,,,,64.49,45.12,,,54.80499999999999,45.12,/home/hongsheng/K-Radar-main/results/exp_260721_133145_ASF_LR_bs8_ep30/summary_conf0.3.md,,
K-Radar-main,ASF/A2Fusion,exp_260725_230526_A2FUSION_rlc_l1d256_l2p2t32d256g_l2g_scl_mha16,summary_conf_md,full_or_exported_summary,all,0.0,bus,,,19.68,7.45,52.86,31.7,67.69,57.83,39.535000000000004,32.32666666666667,/home/hongsheng/K-Radar-main/results/exp_260725_230526_A2FUSION_rlc_l1d256_l2p2t32d256g_l2g_scl_mha16/summary_conf0.0.md,,
K-Radar-main,ASF/A2Fusion,exp_260725_230526_A2FUSION_rlc_l1d256_l2p2t32d256g_l2g_scl_mha16,summary_conf_md,full_or_exported_summary,all,0.0,sed,,,43.5,11.59,73.95,52.47,81.93,77.45,56.815,47.169999999999995,/home/hongsheng/K-Radar-main/results/exp_260725_230526_A2FUSION_rlc_l1d256_l2p2t32d256g_l2g_scl_mha16/summary_conf0.0.md,,
K-Radar-main,ASF/A2Fusion,exp_260725_230526_A2FUSION_rlc_l1d256_l2p2t32d256g_l2g_scl_mha16,summary_conf_md_condition,full_or_exported_summary,all,0.0,bus,,,,,52.86,31.7,,,42.28,31.7,/home/hongsheng/K-Radar-main/results/exp_260725_230526_A2FUSION_rlc_l1d256_l2p2t32d256g_l2g_scl_mha16/summary_conf0.0.md,,
K-Radar-main,ASF/A2Fusion,exp_260725_230526_A2FUSION_rlc_l1d256_l2p2t32d256g_l2g_scl_mha16,summary_conf_md_condition,full_or_exported_summary,all,0.0,sed,,,,,73.95,52.47,,,63.21,52.47,/home/hongsheng/K-Radar-main/results/exp_260725_230526_A2FUSION_rlc_l1d256_l2p2t32d256g_l2g_scl_mha16/summary_conf0.0.md,,
K-Radar-main,ASF/A2Fusion,exp_260725_230526_A2FUSION_rlc_l1d256_l2p2t32d256g_l2g_scl_mha16,summary_conf_md,full_or_exported_summary,all,0.3,bus,,,19.21,7.67,50.93,31.12,65.13,55.44,38.25,31.41,/home/hongsheng/K-Radar-main/results/exp_260725_230526_A2FUSION_rlc_l1d256_l2p2t32d256g_l2g_scl_mha16/summary_conf0.3.md,,
K-Radar-main,ASF/A2Fusion,exp_260725_230526_A2FUSION_rlc_l1d256_l2p2t32d256g_l2g_scl_mha16,summary_conf_md,full_or_exported_summary,all,0.3,sed,,,42.79,11.8,71.32,51.76,77.44,74.61,54.953333333333326,46.056666666666665,/home/hongsheng/K-Radar-main/results/exp_260725_230526_A2FUSION_rlc_l1d256_l2p2t32d256g_l2g_scl_mha16/summary_conf0.3.md,,
K-Radar-main,ASF/A2Fusion,exp_260725_230526_A2FUSION_rlc_l1d256_l2p2t32d256g_l2g_scl_mha16,summary_conf_md_condition,full_or_exported_summary,all,0.3,bus,,,,,50.93,31.12,,,41.025,31.12,/home/hongsheng/K-Radar-main/results/exp_260725_230526_A2FUSION_rlc_l1d256_l2p2t32d256g_l2g_scl_mha16/summary_conf0.3.md,,
K-Radar-main,ASF/A2Fusion,exp_260725_230526_A2FUSION_rlc_l1d256_l2p2t32d256g_l2g_scl_mha16,summary_conf_md_condition,full_or_exported_summary,all,0.3,sed,,,,,71.32,51.76,,,61.53999999999999,51.76,/home/hongsheng/K-Radar-main/results/exp_260725_230526_A2FUSION_rlc_l1d256_l2p2t32d256g_l2g_scl_mha16/summary_conf0.3.md,,
K-Radar-main,ASF/A2Fusion,exp_260725_230526_A2FUSION_rlc_l1d256_l2p2t32d256g_l2g_scl_mha16,summary_conf_md_condition,full_or_exported_summary,alleyway,0.3,bus,,,,,6.67,3.61,,,5.14,3.61,/home/hongsheng/K-Radar-main/results/exp_260725_230526_A2FUSION_rlc_l1d256_l2p2t32d256g_l2g_scl_mha16/summary_conf0.3.md,,
K-Radar-main,ASF/A2Fusion,exp_260725_230526_A2FUSION_rlc_l1d256_l2p2t32d256g_l2g_scl_mha16,summary_conf_md_condition,full_or_exported_summary,alleyway,0.3,sed,,,,,35.44,19.68,,,27.56,19.68,/home/hongsheng/K-Radar-main/results/exp_260725_230526_A2FUSION_rlc_l1d256_l2p2t32d256g_l2g_scl_mha16/summary_conf0.3.md,,
K-Radar-main,ASF/A2Fusion,exp_260725_230526_A2FUSION_rlc_l1d256_l2p2t32d256g_l2g_scl_mha16,summary_conf_md_condition,full_or_exported_summary,countryside,0.3,bus,,,,,17.57,11.9,,,14.735,11.9,/home/hongsheng/K-Radar-main/results/exp_260725_230526_A2FUSION_rlc_l1d256_l2p2t32d256g_l2g_scl_mha16/summary_conf0.3.md,,
K-Radar-main,ASF/A2Fusion,exp_260725_230526_A2FUSION_rlc_l1d256_l2p2t32d256g_l2g_scl_mha16,summary_conf_md_condition,full_or_exported_summary,countryside,0.3,sed,,,,,57.31,37.74,,,47.525000000000006,37.74,/home/hongsheng/K-Radar-main/results/exp_260725_230526_A2FUSION_rlc_l1d256_l2p2t32d256g_l2g_scl_mha16/summary_conf0.3.md,,
K-Radar-main,ASF/A2Fusion,exp_260725_230526_A2FUSION_rlc_l1d256_l2p2t32d256g_l2g_scl_mha16,summary_conf_md_condition,full_or_exported_summary,day,0.3,bus,,,,,44.46,28.31,,,36.385,28.31,/home/hongsheng/K-Radar-main/results/exp_260725_230526_A2FUSION_rlc_l1d256_l2p2t32d256g_l2g_scl_mha16/summary_conf0.3.md,,
K-Radar-main,ASF/A2Fusion,exp_260725_230526_A2FUSION_rlc_l1d256_l2p2t32d256g_l2g_scl_mha16,summary_conf_md_condition,full_or_exported_summary,day,0.3,sed,,,,,73.62,54.5,,,64.06,54.5,/home/hongsheng/K-Radar-main/results/exp_260725_230526_A2FUSION_rlc_l1d256_l2p2t32d256g_l2g_scl_mha16/summary_conf0.3.md,,
K-Radar-main,ASF/A2Fusion,exp_260725_230526_A2FUSION_rlc_l1d256_l2p2t32d256g_l2g_scl_mha16,summary_conf_md_condition,full_or_exported_summary,fog,0.3,bus,,,,,0.0,0.0,,,0.0,0.0,/home/hongsheng/K-Radar-main/results/exp_260725_230526_A2FUSION_rlc_l1d256_l2p2t32d256g_l2g_scl_mha16/summary_conf0.3.md,,
K-Radar-main,ASF/A2Fusion,exp_260725_230526_A2FUSION_rlc_l1d256_l2p2t32d256g_l2g_scl_mha16,summary_conf_md_condition,full_or_exported_summary,fog,0.3,sed,,,,,94.64,80.45,,,87.545,80.45,/home/hongsheng/K-Radar-main/results/exp_260725_230526_A2FUSION_rlc_l1d256_l2p2t32d256g_l2g_scl_mha16/summary_conf0.3.md,,
K-Radar-main,ASF/A2Fusion,exp_260725_230526_A2FUSION_rlc_l1d256_l2p2t32d256g_l2g_scl_mha16,summary_conf_md_condition,full_or_exported_summary,heavysnow,0.3,bus,,,,,79.76,32.22,,,55.99,32.22,/home/hongsheng/K-Radar-main/results/exp_260725_230526_A2FUSION_rlc_l1d256_l2p2t32d256g_l2g_scl_mha16/summary_conf0.3.md,,
K-Radar-main,ASF/A2Fusion,exp_260725_230526_A2FUSION_rlc_l1d256_l2p2t32d256g_l2g_scl_mha16,summary_conf_md_condition,full_or_exported_summary,heavysnow,0.3,sed,,,,,61.28,50.48,,,55.879999999999995,50.48,/home/hongsheng/K-Radar-main/results/exp_260725_230526_A2FUSION_rlc_l1d256_l2p2t32d256g_l2g_scl_mha16/summary_conf0.3.md,,
K-Radar-main,ASF/A2Fusion,exp_260725_230526_A2FUSION_rlc_l1d256_l2p2t32d256g_l2g_scl_mha16,summary_conf_md_condition,full_or_exported_summary,highway,0.3,bus,,,,,49.53,29.43,,,39.480000000000004,29.43,/home/hongsheng/K-Radar-main/results/exp_260725_230526_A2FUSION_rlc_l1d256_l2p2t32d256g_l2g_scl_mha16/summary_conf0.3.md,,
K-Radar-main,ASF/A2Fusion,exp_260725_230526_A2FUSION_rlc_l1d256_l2p2t32d256g_l2g_scl_mha16,summary_conf_md_condition,full_or_exported_summary,highway,0.3,sed,,,,,77.88,54.47,,,66.175,54.47,/home/hongsheng/K-Radar-main/results/exp_260725_230526_A2FUSION_rlc_l1d256_l2p2t32d256g_l2g_scl_mha16/summary_conf0.3.md,,
K-Radar-main,ASF/A2Fusion,exp_260725_230526_A2FUSION_rlc_l1d256_l2p2t32d256g_l2g_scl_mha16,summary_conf_md_condition,full_or_exported_summary,lightsnow,0.3,bus,,,,,91.45,72.16,,,81.805,72.16,/home/hongsheng/K-Radar-main/results/exp_260725_230526_A2FUSION_rlc_l1d256_l2p2t32d256g_l2g_scl_mha16/summary_conf0.3.md,,
K-Radar-main,ASF/A2Fusion,exp_260725_230526_A2FUSION_rlc_l1d256_l2p2t32d256g_l2g_scl_mha16,summary_conf_md_condition,full_or_exported_summary,lightsnow,0.3,sed,,,,,90.11,61.09,,,75.6,61.09,/home/hongsheng/K-Radar-main/results/exp_260725_230526_A2FUSION_rlc_l1d256_l2p2t32d256g_l2g_scl_mha16/summary_conf0.3.md,,
K-Radar-main,ASF/A2Fusion,exp_260725_230526_A2FUSION_rlc_l1d256_l2p2t32d256g_l2g_scl_mha16,summary_conf_md_condition,full_or_exported_summary,mountain,0.3,bus,,,,,63.54,57.08,,,60.31,57.08,/home/hongsheng/K-Radar-main/results/exp_260725_230526_A2FUSION_rlc_l1d256_l2p2t32d256g_l2g_scl_mha16/summary_conf0.3.md,,
K-Radar-main,ASF/A2Fusion,exp_260725_230526_A2FUSION_rlc_l1d256_l2p2t32d256g_l2g_scl_mha16,summary_conf_md_condition,full_or_exported_summary,mountain,0.3,sed,,,,,89.43,67.45,,,78.44,67.45,/home/hongsheng/K-Radar-main/results/exp_260725_230526_A2FUSION_rlc_l1d256_l2p2t32d256g_l2g_scl_mha16/summary_conf0.3.md,,
K-Radar-main,ASF/A2Fusion,exp_260725_230526_A2FUSION_rlc_l1d256_l2p2t32d256g_l2g_scl_mha16,summary_conf_md_condition,full_or_exported_summary,night,0.3,bus,,,,,59.71,35.12,,,47.415,35.12,/home/hongsheng/K-Radar-main/results/exp_260725_230526_A2FUSION_rlc_l1d256_l2p2t32d256g_l2g_scl_mha16/summary_conf0.3.md,,
K-Radar-main,ASF/A2Fusion,exp_260725_230526_A2FUSION_rlc_l1d256_l2p2t32d256g_l2g_scl_mha16,summary_conf_md_condition,full_or_exported_summary,night,0.3,sed,,,,,66.63,45.91,,,56.269999999999996,45.91,/home/hongsheng/K-Radar-main/results/exp_260725_230526_A2FUSION_rlc_l1d256_l2p2t32d256g_l2g_scl_mha16/summary_conf0.3.md,,
K-Radar-main,ASF/A2Fusion,exp_260725_230526_A2FUSION_rlc_l1d256_l2p2t32d256g_l2g_scl_mha16,summary_conf_md_condition,full_or_exported_summary,normal,0.3,bus,,,,,34.4,23.58,,,28.99,23.58,/home/hongsheng/K-Radar-main/results/exp_260725_230526_A2FUSION_rlc_l1d256_l2p2t32d256g_l2g_scl_mha16/summary_conf0.3.md,,
K-Radar-main,ASF/A2Fusion,exp_260725_230526_A2FUSION_rlc_l1d256_l2p2t32d256g_l2g_scl_mha16,summary_conf_md_condition,full_or_exported_summary,normal,0.3,sed,,,,,69.98,47.78,,,58.88,47.78,/home/hongsheng/K-Radar-main/results/exp_260725_230526_A2FUSION_rlc_l1d256_l2p2t32d256g_l2g_scl_mha16/summary_conf0.3.md,,
K-Radar-main,ASF/A2Fusion,exp_260725_230526_A2FUSION_rlc_l1d256_l2p2t32d256g_l2g_scl_mha16,summary_conf_md_condition,full_or_exported_summary,overcast,0.3,bus,,,,,55.56,48.2,,,51.88,48.2,/home/hongsheng/K-Radar-main/results/exp_260725_230526_A2FUSION_rlc_l1d256_l2p2t32d256g_l2g_scl_mha16/summary_conf0.3.md,,
K-Radar-main,ASF/A2Fusion,exp_260725_230526_A2FUSION_rlc_l1d256_l2p2t32d256g_l2g_scl_mha16,summary_conf_md_condition,full_or_exported_summary,overcast,0.3,sed,,,,,81.64,55.5,,,68.57,55.5,/home/hongsheng/K-Radar-main/results/exp_260725_230526_A2FUSION_rlc_l1d256_l2p2t32d256g_l2g_scl_mha16/summary_conf0.3.md,,
K-Radar-main,ASF/A2Fusion,exp_260725_230526_A2FUSION_rlc_l1d256_l2p2t32d256g_l2g_scl_mha16,summary_conf_md_condition,full_or_exported_summary,parkinglots,0.3,bus,,,,,48.4,35.29,,,41.845,35.29,/home/hongsheng/K-Radar-main/results/exp_260725_230526_A2FUSION_rlc_l1d256_l2p2t32d256g_l2g_scl_mha16/summary_conf0.3.md,,
K-Radar-main,ASF/A2Fusion,exp_260725_230526_A2FUSION_rlc_l1d256_l2p2t32d256g_l2g_scl_mha16,summary_conf_md_condition,full_or_exported_summary,parkinglots,0.3,sed,,,,,57.78,48.8,,,53.29,48.8,/home/hongsheng/K-Radar-main/results/exp_260725_230526_A2FUSION_rlc_l1d256_l2p2t32d256g_l2g_scl_mha16/summary_conf0.3.md,,
K-Radar-main,ASF/A2Fusion,exp_260725_230526_A2FUSION_rlc_l1d256_l2p2t32d256g_l2g_scl_mha16,summary_conf_md_condition,full_or_exported_summary,rain,0.3,bus,,,,,2.27,1.34,,,1.8050000000000002,1.34,/home/hongsheng/K-Radar-main/results/exp_260725_230526_A2FUSION_rlc_l1d256_l2p2t32d256g_l2g_scl_mha16/summary_conf0.3.md,,
K-Radar-main,ASF/A2Fusion,exp_260725_230526_A2FUSION_rlc_l1d256_l2p2t32d256g_l2g_scl_mha16,summary_conf_md_condition,full_or_exported_summary,rain,0.3,sed,,,,,62.13,45.74,,,53.935,45.74,/home/hongsheng/K-Radar-main/results/exp_260725_230526_A2FUSION_rlc_l1d256_l2p2t32d256g_l2g_scl_mha16/summary_conf0.3.md,,
K-Radar-main,ASF/A2Fusion,exp_260725_230526_A2FUSION_rlc_l1d256_l2p2t32d256g_l2g_scl_mha16,summary_conf_md_condition,full_or_exported_summary,shoulder,0.3,bus,,,,,0.0,0.0,,,0.0,0.0,/home/hongsheng/K-Radar-main/results/exp_260725_230526_A2FUSION_rlc_l1d256_l2p2t32d256g_l2g_scl_mha16/summary_conf0.3.md,,
K-Radar-main,ASF/A2Fusion,exp_260725_230526_A2FUSION_rlc_l1d256_l2p2t32d256g_l2g_scl_mha16,summary_conf_md_condition,full_or_exported_summary,shoulder,0.3,sed,,,,,99.78,94.37,,,97.075,94.37,/home/hongsheng/K-Radar-main/results/exp_260725_230526_A2FUSION_rlc_l1d256_l2p2t32d256g_l2g_scl_mha16/summary_conf0.3.md,,
K-Radar-main,ASF/A2Fusion,exp_260725_230526_A2FUSION_rlc_l1d256_l2p2t32d256g_l2g_scl_mha16,summary_conf_md_condition,full_or_exported_summary,sleet,0.3,bus,,,,,47.08,36.34,,,41.71,36.34,/home/hongsheng/K-Radar-main/results/exp_260725_230526_A2FUSION_rlc_l1d256_l2p2t32d256g_l2g_scl_mha16/summary_conf0.3.md,,
K-Radar-main,ASF/A2Fusion,exp_260725_230526_A2FUSION_rlc_l1d256_l2p2t32d256g_l2g_scl_mha16,summary_conf_md_condition,full_or_exported_summary,sleet,0.3,sed,,,,,66.59,46.18,,,56.385000000000005,46.18,/home/hongsheng/K-Radar-main/results/exp_260725_230526_A2FUSION_rlc_l1d256_l2p2t32d256g_l2g_scl_mha16/summary_conf0.3.md,,
K-Radar-main,ASF/A2Fusion,exp_260725_230526_A2FUSION_rlc_l1d256_l2p2t32d256g_l2g_scl_mha16,summary_conf_md_condition,full_or_exported_summary,university,0.3,bus,,,,,0.0,0.0,,,0.0,0.0,/home/hongsheng/K-Radar-main/results/exp_260725_230526_A2FUSION_rlc_l1d256_l2p2t32d256g_l2g_scl_mha16/summary_conf0.3.md,,
K-Radar-main,ASF/A2Fusion,exp_260725_230526_A2FUSION_rlc_l1d256_l2p2t32d256g_l2g_scl_mha16,summary_conf_md_condition,full_or_exported_summary,university,0.3,sed,,,,,63.64,43.61,,,53.625,43.61,/home/hongsheng/K-Radar-main/results/exp_260725_230526_A2FUSION_rlc_l1d256_l2p2t32d256g_l2g_scl_mha16/summary_conf0.3.md,,
K-Radar-main,ASF/A2Fusion,exp_260725_230526_A2FUSION_rlc_l1d256_l2p2t32d256g_l2g_scl_mha16,summary_conf_md_condition,full_or_exported_summary,urban,0.3,bus,,,,,82.84,48.07,,,65.455,48.07,/home/hongsheng/K-Radar-main/results/exp_260725_230526_A2FUSION_rlc_l1d256_l2p2t32d256g_l2g_scl_mha16/summary_conf0.3.md,,
K-Radar-main,ASF/A2Fusion,exp_260725_230526_A2FUSION_rlc_l1d256_l2p2t32d256g_l2g_scl_mha16,summary_conf_md_condition,full_or_exported_summary,urban,0.3,sed,,,,,74.52,54.83,,,64.675,54.83,/home/hongsheng/K-Radar-main/results/exp_260725_230526_A2FUSION_rlc_l1d256_l2p2t32d256g_l2g_scl_mha16/summary_conf0.3.md,,
K-Radar-main,ASF v1 official/local,exp_250219_134333_A2F_v1_0,summary_conf_md,full_or_exported_summary,all,0.0,sed,,,63.98,19.96,87.17,73.58,88.59,87.42,70.11666666666666,60.32,/home/hongsheng/K-Radar-main/results/official_asf_v1_exp250219/summary_conf0.0.md,,
K-Radar-main,ASF v1 official/local,exp_250219_134333_A2F_v1_0,summary_conf_md_condition,full_or_exported_summary,all,0.0,sed,,,63.98,19.96,87.17,73.58,88.59,87.42,70.11666666666666,60.32,/home/hongsheng/K-Radar-main/results/official_asf_v1_exp250219/summary_conf0.0.md,,
K-Radar-main,ASF v1 official/local,exp_250219_134333_A2F_v1_0,summary_conf_md_condition,full_or_exported_summary,urban,0.0,sed,,,66.87,25.71,87.4,74.84,88.59,87.76,71.86166666666666,62.77,/home/hongsheng/K-Radar-main/results/official_asf_v1_exp250219/summary_conf0.0.md,,
K-Radar-main,ASF v1 official/local,exp_250219_134333_A2F_v1_0,summary_conf_md_condition,full_or_exported_summary,highway,0.0,sed,,,61.06,14.89,88.76,72.33,89.28,88.48,69.13333333333334,58.56666666666666,/home/hongsheng/K-Radar-main/results/official_asf_v1_exp250219/summary_conf0.0.md,,
K-Radar-main,ASF v1 official/local,exp_250219_134333_A2F_v1_0,summary_conf_md_condition,full_or_exported_summary,countryside,0.0,sed,,,60.96,6.82,86.73,39.31,94.63,83.39,61.973333333333336,43.17333333333334,/home/hongsheng/K-Radar-main/results/official_asf_v1_exp250219/summary_conf0.0.md,,
K-Radar-main,ASF v1 official/local,exp_250219_134333_A2F_v1_0,summary_conf_md_condition,full_or_exported_summary,alleyway,0.0,sed,,,41.18,8.51,66.89,51.0,74.65,67.7,51.655,42.403333333333336,/home/hongsheng/K-Radar-main/results/official_asf_v1_exp250219/summary_conf0.0.md,,
K-Radar-main,ASF v1 official/local,exp_250219_134333_A2F_v1_0,summary_conf_md_condition,full_or_exported_summary,parkinglots,0.0,sed,,,42.04,33.86,66.92,57.68,77.98,70.3,58.129999999999995,53.946666666666665,/home/hongsheng/K-Radar-main/results/official_asf_v1_exp250219/summary_conf0.0.md,,
K-Radar-main,ASF v1 official/local,exp_250219_134333_A2F_v1_0,summary_conf_md_condition,full_or_exported_summary,shoulder,0.0,sed,,,89.48,72.7,90.82,81.3,99.72,90.64,87.44333333333333,81.54666666666667,/home/hongsheng/K-Radar-main/results/official_asf_v1_exp250219/summary_conf0.0.md,,
K-Radar-main,ASF v1 official/local,exp_250219_134333_A2F_v1_0,summary_conf_md_condition,full_or_exported_summary,mountain,0.0,sed,,,72.81,20.91,90.87,77.93,98.55,98.38,76.575,65.74,/home/hongsheng/K-Radar-main/results/official_asf_v1_exp250219/summary_conf0.0.md,,
K-Radar-main,ASF v1 official/local,exp_250219_134333_A2F_v1_0,summary_conf_md_condition,full_or_exported_summary,university,0.0,sed,,,64.31,30.81,86.8,76.48,88.06,87.18,72.27333333333333,64.82333333333334,/home/hongsheng/K-Radar-main/results/official_asf_v1_exp250219/summary_conf0.0.md,,
K-Radar-main,ASF v1 official/local,exp_250219_134333_A2F_v1_0,summary_conf_md_condition,full_or_exported_summary,day,0.0,sed,,,63.12,23.19,86.95,73.57,88.54,87.22,70.43166666666666,61.32666666666666,/home/hongsheng/K-Radar-main/results/official_asf_v1_exp250219/summary_conf0.0.md,,
K-Radar-main,ASF v1 official/local,exp_250219_134333_A2F_v1_0,summary_conf_md_condition,full_or_exported_summary,night,0.0,sed,,,65.53,19.68,87.67,73.04,88.73,87.92,70.42833333333333,60.21333333333334,/home/hongsheng/K-Radar-main/results/official_asf_v1_exp250219/summary_conf0.0.md,,
K-Radar-main,ASF v1 official/local,exp_250219_134333_A2F_v1_0,summary_conf_md_condition,full_or_exported_summary,normal,0.0,sed,,,60.86,18.44,86.69,71.77,88.2,86.97,68.82166666666667,59.06,/home/hongsheng/K-Radar-main/results/official_asf_v1_exp250219/summary_conf0.0.md,,
K-Radar-main,ASF v1 official/local,exp_250219_134333_A2F_v1_0,summary_conf_md_condition,full_or_exported_summary,overcast,0.0,sed,,,76.27,25.4,90.1,86.99,90.24,90.13,76.52166666666666,67.50666666666666,/home/hongsheng/K-Radar-main/results/official_asf_v1_exp250219/summary_conf0.0.md,,
K-Radar-main,ASF v1 official/local,exp_250219_134333_A2F_v1_0,summary_conf_md_condition,full_or_exported_summary,fog,0.0,sed,,,76.95,40.15,90.84,79.39,98.93,90.71,79.495,70.08333333333333,/home/hongsheng/K-Radar-main/results/official_asf_v1_exp250219/summary_conf0.0.md,,
K-Radar-main,ASF v1 official/local,exp_250219_134333_A2F_v1_0,summary_conf_md_condition,full_or_exported_summary,rain,0.0,sed,,,74.78,19.28,88.66,72.94,88.97,88.23,72.14333333333333,60.15,/home/hongsheng/K-Radar-main/results/official_asf_v1_exp250219/summary_conf0.0.md,,
K-Radar-main,ASF v1 official/local,exp_250219_134333_A2F_v1_0,summary_conf_md_condition,full_or_exported_summary,sleet,0.0,sed,,,51.54,20.44,78.33,67.46,80.37,79.98,63.02,55.96,/home/hongsheng/K-Radar-main/results/official_asf_v1_exp250219/summary_conf0.0.md,,
K-Radar-main,ASF v1 official/local,exp_250219_134333_A2F_v1_0,summary_conf_md_condition,full_or_exported_summary,lightsnow,0.0,sed,,,72.36,28.34,88.25,78.03,89.2,88.64,74.13666666666667,65.00333333333333,/home/hongsheng/K-Radar-main/results/official_asf_v1_exp250219/summary_conf0.0.md,,
K-Radar-main,ASF v1 official/local,exp_250219_134333_A2F_v1_0,summary_conf_md_condition,full_or_exported_summary,heavysnow,0.0,sed,,,55.31,30.21,70.95,66.4,78.44,77.37,63.11333333333334,57.99333333333334,/home/hongsheng/K-Radar-main/results/official_asf_v1_exp250219/summary_conf0.0.md,,
K-Radar-main,ASF v1 official/local,exp_250303_200024_A2F_v1_0,summary_conf_md,full_or_exported_summary,all,0.0,sed,,,62.85,18.85,86.97,72.95,88.59,87.34,69.59166666666667,59.71333333333334,/home/hongsheng/K-Radar-main/results/official_asf_v1_exp250303/summary_conf0.0.md,,
K-Radar-main,ASF v1 official/local,exp_250303_200024_A2F_v1_0,summary_conf_md_condition,full_or_exported_summary,all,0.0,sed,,,62.85,18.85,86.97,72.95,88.59,87.34,69.59166666666667,59.71333333333334,/home/hongsheng/K-Radar-main/results/official_asf_v1_exp250303/summary_conf0.0.md,,
K-Radar-main,ASF v1 official/local,exp_250303_200024_A2F_v1_0,summary_conf_md_condition,full_or_exported_summary,urban,0.0,sed,,,66.09,23.79,87.23,74.69,88.54,87.65,71.33166666666666,62.04333333333333,/home/hongsheng/K-Radar-main/results/official_asf_v1_exp250303/summary_conf0.0.md,,
K-Radar-main,ASF v1 official/local,exp_250303_200024_A2F_v1_0,summary_conf_md_condition,full_or_exported_summary,highway,0.0,sed,,,59.25,13.45,88.66,70.45,89.37,88.39,68.26166666666667,57.43,/home/hongsheng/K-Radar-main/results/official_asf_v1_exp250303/summary_conf0.0.md,,
K-Radar-main,ASF v1 official/local,exp_250303_200024_A2F_v1_0,summary_conf_md_condition,full_or_exported_summary,countryside,0.0,sed,,,61.37,7.06,86.62,38.88,88.09,84.51,61.08833333333334,43.48333333333334,/home/hongsheng/K-Radar-main/results/official_asf_v1_exp250303/summary_conf0.0.md,,
K-Radar-main,ASF v1 official/local,exp_250303_200024_A2F_v1_0,summary_conf_md_condition,full_or_exported_summary,alleyway,0.0,sed,,,40.58,6.86,66.25,48.35,74.42,67.49,50.65833333333333,40.9,/home/hongsheng/K-Radar-main/results/official_asf_v1_exp250303/summary_conf0.0.md,,
K-Radar-main,ASF v1 official/local,exp_250303_200024_A2F_v1_0,summary_conf_md_condition,full_or_exported_summary,parkinglots,0.0,sed,,,34.89,28.13,66.85,57.89,78.6,70.94,56.21666666666667,52.32,/home/hongsheng/K-Radar-main/results/official_asf_v1_exp250303/summary_conf0.0.md,,
K-Radar-main,ASF v1 official/local,exp_250303_200024_A2F_v1_0,summary_conf_md_condition,full_or_exported_summary,shoulder,0.0,sed,,,89.61,72.73,90.82,81.34,90.84,90.64,85.99666666666667,81.57000000000001,/home/hongsheng/K-Radar-main/results/official_asf_v1_exp250303/summary_conf0.0.md,,
K-Radar-main,ASF v1 official/local,exp_250303_200024_A2F_v1_0,summary_conf_md_condition,full_or_exported_summary,mountain,0.0,sed,,,71.71,25.34,98.68,78.11,98.73,98.78,78.55833333333334,67.41,/home/hongsheng/K-Radar-main/results/official_asf_v1_exp250303/summary_conf0.0.md,,
K-Radar-main,ASF v1 official/local,exp_250303_200024_A2F_v1_0,summary_conf_md_condition,full_or_exported_summary,university,0.0,sed,,,62.73,30.14,80.13,75.53,87.5,86.86,70.48166666666667,64.17666666666666,/home/hongsheng/K-Radar-main/results/official_asf_v1_exp250303/summary_conf0.0.md,,
K-Radar-main,ASF v1 official/local,exp_250303_200024_A2F_v1_0,summary_conf_md_condition,full_or_exported_summary,day,0.0,sed,,,61.84,19.0,86.76,72.39,88.5,86.91,69.23333333333333,59.43333333333334,/home/hongsheng/K-Radar-main/results/official_asf_v1_exp250303/summary_conf0.0.md,,
K-Radar-main,ASF v1 official/local,exp_250303_200024_A2F_v1_0,summary_conf_md_condition,full_or_exported_summary,night,0.0,sed,,,64.65,19.04,87.59,67.06,88.85,88.11,69.21666666666667,58.07,/home/hongsheng/K-Radar-main/results/official_asf_v1_exp250303/summary_conf0.0.md,,
K-Radar-main,ASF v1 official/local,exp_250303_200024_A2F_v1_0,summary_conf_md_condition,full_or_exported_summary,normal,0.0,sed,,,59.06,15.8,86.2,64.56,88.13,86.64,66.73166666666667,55.666666666666664,/home/hongsheng/K-Radar-main/results/official_asf_v1_exp250303/summary_conf0.0.md,,
K-Radar-main,ASF v1 official/local,exp_250303_200024_A2F_v1_0,summary_conf_md_condition,full_or_exported_summary,overcast,0.0,sed,,,74.16,22.55,90.16,86.6,90.28,89.85,75.6,66.33333333333333,/home/hongsheng/K-Radar-main/results/official_asf_v1_exp250303/summary_conf0.0.md,,
K-Radar-main,ASF v1 official/local,exp_250303_200024_A2F_v1_0,summary_conf_md_condition,full_or_exported_summary,fog,0.0,sed,,,76.55,43.26,90.78,79.57,99.02,90.67,79.975,71.16666666666667,/home/hongsheng/K-Radar-main/results/official_asf_v1_exp250303/summary_conf0.0.md,,
K-Radar-main,ASF v1 official/local,exp_250303_200024_A2F_v1_0,summary_conf_md_condition,full_or_exported_summary,rain,0.0,sed,,,73.62,18.75,88.8,73.42,89.08,88.57,72.04,60.24666666666667,/home/hongsheng/K-Radar-main/results/official_asf_v1_exp250303/summary_conf0.0.md,,
K-Radar-main,ASF v1 official/local,exp_250303_200024_A2F_v1_0,summary_conf_md_condition,full_or_exported_summary,sleet,0.0,sed,,,47.99,15.11,78.16,66.96,80.43,79.99,61.44,54.02,/home/hongsheng/K-Radar-main/results/official_asf_v1_exp250303/summary_conf0.0.md,,
K-Radar-main,ASF v1 official/local,exp_250303_200024_A2F_v1_0,summary_conf_md_condition,full_or_exported_summary,lightsnow,0.0,sed,,,65.82,30.33,88.58,77.6,89.42,88.81,73.42666666666666,65.58,/home/hongsheng/K-Radar-main/results/official_asf_v1_exp250303/summary_conf0.0.md,,
K-Radar-main,ASF v1 official/local,exp_250303_200024_A2F_v1_0,summary_conf_md_condition,full_or_exported_summary,heavysnow,0.0,sed,,,54.44,27.98,71.04,66.74,78.68,77.5,62.73,57.406666666666666,/home/hongsheng/K-Radar-main/results/official_asf_v1_exp250303/summary_conf0.0.md,,
K-Radar-main,ASF v1 official/local,exp_250303_200024_A2F_v1_0,summary_conf_md,full_or_exported_summary,all,0.3,sed,,,62.85,18.85,80.33,67.19,80.78,80.31,65.05166666666666,55.449999999999996,/home/hongsheng/K-Radar-main/results/official_asf_v1_exp250303/summary_conf0.3.md,,
K-Radar-main,ASF v1 official/local,exp_250303_200024_A2F_v1_0,summary_conf_md_condition,full_or_exported_summary,all,0.3,sed,,,62.85,18.85,80.33,67.19,80.78,80.31,65.05166666666666,55.449999999999996,/home/hongsheng/K-Radar-main/results/official_asf_v1_exp250303/summary_conf0.3.md,,
K-Radar-main,ASF v1 official/local,exp_250303_200024_A2F_v1_0,summary_conf_md_condition,full_or_exported_summary,urban,0.3,sed,,,66.09,21.0,80.6,68.85,80.82,80.62,66.33,56.82333333333333,/home/hongsheng/K-Radar-main/results/official_asf_v1_exp250303/summary_conf0.3.md,,
K-Radar-main,ASF v1 official/local,exp_250303_200024_A2F_v1_0,summary_conf_md_condition,full_or_exported_summary,highway,0.3,sed,,,59.25,13.45,88.66,71.54,89.37,88.39,68.44333333333334,57.79333333333333,/home/hongsheng/K-Radar-main/results/official_asf_v1_exp250303/summary_conf0.3.md,,
K-Radar-main,ASF v1 official/local,exp_250303_200024_A2F_v1_0,summary_conf_md_condition,full_or_exported_summary,countryside,0.3,sed,,,56.86,7.06,80.5,38.88,88.09,79.01,58.400000000000006,41.65,/home/hongsheng/K-Radar-main/results/official_asf_v1_exp250303/summary_conf0.3.md,,
K-Radar-main,ASF v1 official/local,exp_250303_200024_A2F_v1_0,summary_conf_md_condition,full_or_exported_summary,alleyway,0.3,sed,,,35.52,6.86,59.35,43.87,61.08,60.36,44.50666666666667,37.03,/home/hongsheng/K-Radar-main/results/official_asf_v1_exp250303/summary_conf0.3.md,,
K-Radar-main,ASF v1 official/local,exp_250303_200024_A2F_v1_0,summary_conf_md_condition,full_or_exported_summary,parkinglots,0.3,sed,,,34.89,28.13,60.35,57.99,71.2,70.94,53.916666666666664,52.35333333333333,/home/hongsheng/K-Radar-main/results/official_asf_v1_exp250303/summary_conf0.3.md,,
K-Radar-main,ASF v1 official/local,exp_250303_200024_A2F_v1_0,summary_conf_md_condition,full_or_exported_summary,shoulder,0.3,sed,,,89.79,72.73,90.82,81.34,90.84,90.64,86.02666666666666,81.57000000000001,/home/hongsheng/K-Radar-main/results/official_asf_v1_exp250303/summary_conf0.3.md,,
K-Radar-main,ASF v1 official/local,exp_250303_200024_A2F_v1_0,summary_conf_md_condition,full_or_exported_summary,mountain,0.3,sed,,,71.71,25.34,90.78,78.11,90.9,90.86,74.61666666666666,64.77,/home/hongsheng/K-Radar-main/results/official_asf_v1_exp250303/summary_conf0.3.md,,
K-Radar-main,ASF v1 official/local,exp_250303_200024_A2F_v1_0,summary_conf_md_condition,full_or_exported_summary,university,0.3,sed,,,57.07,30.14,80.13,69.63,80.84,80.3,66.35166666666667,60.02333333333333,/home/hongsheng/K-Radar-main/results/official_asf_v1_exp250303/summary_conf0.3.md,,
K-Radar-main,ASF v1 official/local,exp_250303_200024_A2F_v1_0,summary_conf_md_condition,full_or_exported_summary,day,0.3,sed,,,61.95,19.0,80.2,66.67,88.86,80.09,66.12833333333333,55.25333333333333,/home/hongsheng/K-Radar-main/results/official_asf_v1_exp250303/summary_conf0.3.md,,
K-Radar-main,ASF v1 official/local,exp_250303_200024_A2F_v1_0,summary_conf_md_condition,full_or_exported_summary,night,0.3,sed,,,64.65,19.04,80.65,67.06,81.13,80.81,65.55666666666667,55.63666666666666,/home/hongsheng/K-Radar-main/results/official_asf_v1_exp250303/summary_conf0.3.md,,
K-Radar-main,ASF v1 official/local,exp_250303_200024_A2F_v1_0,summary_conf_md_condition,full_or_exported_summary,normal,0.3,sed,,,60.16,15.8,79.63,64.56,88.4,79.57,64.68666666666667,53.31,/home/hongsheng/K-Radar-main/results/official_asf_v1_exp250303/summary_conf0.3.md,,
K-Radar-main,ASF v1 official/local,exp_250303_200024_A2F_v1_0,summary_conf_md_condition,full_or_exported_summary,overcast,0.3,sed,,,74.3,19.38,90.19,79.71,90.28,89.89,73.95833333333333,62.99333333333333,/home/hongsheng/K-Radar-main/results/official_asf_v1_exp250303/summary_conf0.3.md,,
K-Radar-main,ASF v1 official/local,exp_250303_200024_A2F_v1_0,summary_conf_md_condition,full_or_exported_summary,fog,0.3,sed,,,76.55,43.26,90.78,79.57,90.86,90.67,78.615,71.16666666666667,/home/hongsheng/K-Radar-main/results/official_asf_v1_exp250303/summary_conf0.3.md,,
K-Radar-main,ASF v1 official/local,exp_250303_200024_A2F_v1_0,summary_conf_md_condition,full_or_exported_summary,rain,0.3,sed,,,67.34,18.75,81.13,67.33,81.22,80.97,66.12333333333333,55.68333333333334,/home/hongsheng/K-Radar-main/results/official_asf_v1_exp250303/summary_conf0.3.md,,
K-Radar-main,ASF v1 official/local,exp_250303_200024_A2F_v1_0,summary_conf_md_condition,full_or_exported_summary,sleet,0.3,sed,,,43.25,15.49,71.04,67.28,80.48,80.2,59.623333333333335,54.32333333333333,/home/hongsheng/K-Radar-main/results/official_asf_v1_exp250303/summary_conf0.3.md,,
K-Radar-main,ASF v1 official/local,exp_250303_200024_A2F_v1_0,summary_conf_md_condition,full_or_exported_summary,lightsnow,0.3,sed,,,65.82,30.44,80.82,77.63,89.53,80.89,70.855,62.98666666666667,/home/hongsheng/K-Radar-main/results/official_asf_v1_exp250303/summary_conf0.3.md,,
K-Radar-main,ASF v1 official/local,exp_250303_200024_A2F_v1_0,summary_conf_md_condition,full_or_exported_summary,heavysnow,0.3,sed,,,54.44,25.18,71.04,61.61,71.96,71.71,59.32333333333333,52.833333333333336,/home/hongsheng/K-Radar-main/results/official_asf_v1_exp250303/summary_conf0.3.md,,
K-Radar-main,ASF v2 official,exp_250218_134456_A2FUSION_rlc_l1d256_l2p2t32d256g_l2g_scl_mha16_RLC,summary_conf_md,full_or_exported_summary,all,0.0,bus,,,20.43,8.09,53.93,31.68,70.23,60.38,40.79,33.38333333333333,/home/hongsheng/K-Radar-main/results/official_asf_v2_RLC/summary_conf0.0.md,,
K-Radar-main,ASF v2 official,exp_250218_134456_A2FUSION_rlc_l1d256_l2p2t32d256g_l2g_scl_mha16_RLC,summary_conf_md,full_or_exported_summary,all,0.0,sed,,,44.97,11.61,74.46,52.94,82.49,79.26,57.62166666666667,47.93666666666667,/home/hongsheng/K-Radar-main/results/official_asf_v2_RLC/summary_conf0.0.md,,
K-Radar-main,ASF v2 official,exp_250218_134456_A2FUSION_rlc_l1d256_l2p2t32d256g_l2g_scl_mha16_RLC,summary_conf_md_condition,full_or_exported_summary,all,0.0,bus,,,,,53.93,31.68,,,42.805,31.68,/home/hongsheng/K-Radar-main/results/official_asf_v2_RLC/summary_conf0.0.md,,
K-Radar-main,ASF v2 official,exp_250218_134456_A2FUSION_rlc_l1d256_l2p2t32d256g_l2g_scl_mha16_RLC,summary_conf_md_condition,full_or_exported_summary,all,0.0,sed,,,,,74.46,52.94,,,63.699999999999996,52.94,/home/hongsheng/K-Radar-main/results/official_asf_v2_RLC/summary_conf0.0.md,,
K-Radar-main,ASF v2 official,exp_250218_134456_A2FUSION_rlc_l1d256_l2p2t32d256g_l2g_scl_mha16_RLC,summary_conf_md_condition,full_or_exported_summary,alleyway,0.0,bus,,,,,13.73,4.22,,,8.975,4.22,/home/hongsheng/K-Radar-main/results/official_asf_v2_RLC/summary_conf0.0.md,,
K-Radar-main,ASF v2 official,exp_250218_134456_A2FUSION_rlc_l1d256_l2p2t32d256g_l2g_scl_mha16_RLC,summary_conf_md_condition,full_or_exported_summary,alleyway,0.0,sed,,,,,41.66,23.27,,,32.464999999999996,23.27,/home/hongsheng/K-Radar-main/results/official_asf_v2_RLC/summary_conf0.0.md,,
K-Radar-main,ASF v2 official,exp_250218_134456_A2FUSION_rlc_l1d256_l2p2t32d256g_l2g_scl_mha16_RLC,summary_conf_md_condition,full_or_exported_summary,countryside,0.0,bus,,,,,20.91,15.1,,,18.005,15.1,/home/hongsheng/K-Radar-main/results/official_asf_v2_RLC/summary_conf0.0.md,,
K-Radar-main,ASF v2 official,exp_250218_134456_A2FUSION_rlc_l1d256_l2p2t32d256g_l2g_scl_mha16_RLC,summary_conf_md_condition,full_or_exported_summary,countryside,0.0,sed,,,,,61.61,43.65,,,52.629999999999995,43.65,/home/hongsheng/K-Radar-main/results/official_asf_v2_RLC/summary_conf0.0.md,,
K-Radar-main,ASF v2 official,exp_250218_134456_A2FUSION_rlc_l1d256_l2p2t32d256g_l2g_scl_mha16_RLC,summary_conf_md_condition,full_or_exported_summary,day,0.0,bus,,,,,46.9,29.21,,,38.055,29.21,/home/hongsheng/K-Radar-main/results/official_asf_v2_RLC/summary_conf0.0.md,,
K-Radar-main,ASF v2 official,exp_250218_134456_A2FUSION_rlc_l1d256_l2p2t32d256g_l2g_scl_mha16_RLC,summary_conf_md_condition,full_or_exported_summary,day,0.0,sed,,,,,76.92,55.66,,,66.28999999999999,55.66,/home/hongsheng/K-Radar-main/results/official_asf_v2_RLC/summary_conf0.0.md,,
K-Radar-main,ASF v2 official,exp_250218_134456_A2FUSION_rlc_l1d256_l2p2t32d256g_l2g_scl_mha16_RLC,summary_conf_md_condition,full_or_exported_summary,fog,0.0,bus,,,,,0.0,0.0,,,0.0,0.0,/home/hongsheng/K-Radar-main/results/official_asf_v2_RLC/summary_conf0.0.md,,
K-Radar-main,ASF v2 official,exp_250218_134456_A2FUSION_rlc_l1d256_l2p2t32d256g_l2g_scl_mha16_RLC,summary_conf_md_condition,full_or_exported_summary,fog,0.0,sed,,,,,96.17,81.54,,,88.855,81.54,/home/hongsheng/K-Radar-main/results/official_asf_v2_RLC/summary_conf0.0.md,,
K-Radar-main,ASF v2 official,exp_250218_134456_A2FUSION_rlc_l1d256_l2p2t32d256g_l2g_scl_mha16_RLC,summary_conf_md_condition,full_or_exported_summary,heavysnow,0.0,bus,,,,,80.41,33.03,,,56.72,33.03,/home/hongsheng/K-Radar-main/results/official_asf_v2_RLC/summary_conf0.0.md,,
K-Radar-main,ASF v2 official,exp_250218_134456_A2FUSION_rlc_l1d256_l2p2t32d256g_l2g_scl_mha16_RLC,summary_conf_md_condition,full_or_exported_summary,heavysnow,0.0,sed,,,,,63.54,50.01,,,56.775,50.01,/home/hongsheng/K-Radar-main/results/official_asf_v2_RLC/summary_conf0.0.md,,
K-Radar-main,ASF v2 official,exp_250218_134456_A2FUSION_rlc_l1d256_l2p2t32d256g_l2g_scl_mha16_RLC,summary_conf_md_condition,full_or_exported_summary,highway,0.0,bus,,,,,52.16,30.13,,,41.144999999999996,30.13,/home/hongsheng/K-Radar-main/results/official_asf_v2_RLC/summary_conf0.0.md,,
K-Radar-main,ASF v2 official,exp_250218_134456_A2FUSION_rlc_l1d256_l2p2t32d256g_l2g_scl_mha16_RLC,summary_conf_md_condition,full_or_exported_summary,highway,0.0,sed,,,,,81.13,56.44,,,68.785,56.44,/home/hongsheng/K-Radar-main/results/official_asf_v2_RLC/summary_conf0.0.md,,
K-Radar-main,ASF v2 official,exp_250218_134456_A2FUSION_rlc_l1d256_l2p2t32d256g_l2g_scl_mha16_RLC,summary_conf_md_condition,full_or_exported_summary,lightsnow,0.0,bus,,,,,90.39,72.25,,,81.32,72.25,/home/hongsheng/K-Radar-main/results/official_asf_v2_RLC/summary_conf0.0.md,,
K-Radar-main,ASF v2 official,exp_250218_134456_A2FUSION_rlc_l1d256_l2p2t32d256g_l2g_scl_mha16_RLC,summary_conf_md_condition,full_or_exported_summary,lightsnow,0.0,sed,,,,,90.8,60.09,,,75.445,60.09,/home/hongsheng/K-Radar-main/results/official_asf_v2_RLC/summary_conf0.0.md,,
K-Radar-main,ASF v2 official,exp_250218_134456_A2FUSION_rlc_l1d256_l2p2t32d256g_l2g_scl_mha16_RLC,summary_conf_md_condition,full_or_exported_summary,mountain,0.0,bus,,,,,81.22,74.31,,,77.765,74.31,/home/hongsheng/K-Radar-main/results/official_asf_v2_RLC/summary_conf0.0.md,,
K-Radar-main,ASF v2 official,exp_250218_134456_A2FUSION_rlc_l1d256_l2p2t32d256g_l2g_scl_mha16_RLC,summary_conf_md_condition,full_or_exported_summary,mountain,0.0,sed,,,,,92.92,68.41,,,80.66499999999999,68.41,/home/hongsheng/K-Radar-main/results/official_asf_v2_RLC/summary_conf0.0.md,,
K-Radar-main,ASF v2 official,exp_250218_134456_A2FUSION_rlc_l1d256_l2p2t32d256g_l2g_scl_mha16_RLC,summary_conf_md_condition,full_or_exported_summary,night,0.0,bus,,,,,63.26,36.34,,,49.8,36.34,/home/hongsheng/K-Radar-main/results/official_asf_v2_RLC/summary_conf0.0.md,,
K-Radar-main,ASF v2 official,exp_250218_134456_A2FUSION_rlc_l1d256_l2p2t32d256g_l2g_scl_mha16_RLC,summary_conf_md_condition,full_or_exported_summary,night,0.0,sed,,,,,69.48,47.29,,,58.385000000000005,47.29,/home/hongsheng/K-Radar-main/results/official_asf_v2_RLC/summary_conf0.0.md,,
K-Radar-main,ASF v2 official,exp_250218_134456_A2FUSION_rlc_l1d256_l2p2t32d256g_l2g_scl_mha16_RLC,summary_conf_md_condition,full_or_exported_summary,normal,0.0,bus,,,,,36.47,23.71,,,30.09,23.71,/home/hongsheng/K-Radar-main/results/official_asf_v2_RLC/summary_conf0.0.md,,
K-Radar-main,ASF v2 official,exp_250218_134456_A2FUSION_rlc_l1d256_l2p2t32d256g_l2g_scl_mha16_RLC,summary_conf_md_condition,full_or_exported_summary,normal,0.0,sed,,,,,74.84,50.52,,,62.68000000000001,50.52,/home/hongsheng/K-Radar-main/results/official_asf_v2_RLC/summary_conf0.0.md,,
K-Radar-main,ASF v2 official,exp_250218_134456_A2FUSION_rlc_l1d256_l2p2t32d256g_l2g_scl_mha16_RLC,summary_conf_md_condition,full_or_exported_summary,overcast,0.0,bus,,,,,54.74,47.04,,,50.89,47.04,/home/hongsheng/K-Radar-main/results/official_asf_v2_RLC/summary_conf0.0.md,,
K-Radar-main,ASF v2 official,exp_250218_134456_A2FUSION_rlc_l1d256_l2p2t32d256g_l2g_scl_mha16_RLC,summary_conf_md_condition,full_or_exported_summary,overcast,0.0,sed,,,,,85.15,55.78,,,70.465,55.78,/home/hongsheng/K-Radar-main/results/official_asf_v2_RLC/summary_conf0.0.md,,
K-Radar-main,ASF v2 official,exp_250218_134456_A2FUSION_rlc_l1d256_l2p2t32d256g_l2g_scl_mha16_RLC,summary_conf_md_condition,full_or_exported_summary,parkinglots,0.0,bus,,,,,54.33,37.68,,,46.004999999999995,37.68,/home/hongsheng/K-Radar-main/results/official_asf_v2_RLC/summary_conf0.0.md,,
K-Radar-main,ASF v2 official,exp_250218_134456_A2FUSION_rlc_l1d256_l2p2t32d256g_l2g_scl_mha16_RLC,summary_conf_md_condition,full_or_exported_summary,parkinglots,0.0,sed,,,,,58.31,45.68,,,51.995000000000005,45.68,/home/hongsheng/K-Radar-main/results/official_asf_v2_RLC/summary_conf0.0.md,,
K-Radar-main,ASF v2 official,exp_250218_134456_A2FUSION_rlc_l1d256_l2p2t32d256g_l2g_scl_mha16_RLC,summary_conf_md_condition,full_or_exported_summary,rain,0.0,bus,,,,,7.89,2.48,,,5.185,2.48,/home/hongsheng/K-Radar-main/results/official_asf_v2_RLC/summary_conf0.0.md,,
K-Radar-main,ASF v2 official,exp_250218_134456_A2FUSION_rlc_l1d256_l2p2t32d256g_l2g_scl_mha16_RLC,summary_conf_md_condition,full_or_exported_summary,rain,0.0,sed,,,,,67.03,49.13,,,58.08,49.13,/home/hongsheng/K-Radar-main/results/official_asf_v2_RLC/summary_conf0.0.md,,
K-Radar-main,ASF v2 official,exp_250218_134456_A2FUSION_rlc_l1d256_l2p2t32d256g_l2g_scl_mha16_RLC,summary_conf_md_condition,full_or_exported_summary,shoulder,0.0,bus,,,,,0.0,0.0,,,0.0,0.0,/home/hongsheng/K-Radar-main/results/official_asf_v2_RLC/summary_conf0.0.md,,
K-Radar-main,ASF v2 official,exp_250218_134456_A2FUSION_rlc_l1d256_l2p2t32d256g_l2g_scl_mha16_RLC,summary_conf_md_condition,full_or_exported_summary,shoulder,0.0,sed,,,,,99.49,94.23,,,96.86,94.23,/home/hongsheng/K-Radar-main/results/official_asf_v2_RLC/summary_conf0.0.md,,
K-Radar-main,ASF v2 official,exp_250218_134456_A2FUSION_rlc_l1d256_l2p2t32d256g_l2g_scl_mha16_RLC,summary_conf_md_condition,full_or_exported_summary,sleet,0.0,bus,,,,,59.25,45.05,,,52.15,45.05,/home/hongsheng/K-Radar-main/results/official_asf_v2_RLC/summary_conf0.0.md,,
K-Radar-main,ASF v2 official,exp_250218_134456_A2FUSION_rlc_l1d256_l2p2t32d256g_l2g_scl_mha16_RLC,summary_conf_md_condition,full_or_exported_summary,sleet,0.0,sed,,,,,67.55,44.6,,,56.075,44.6,/home/hongsheng/K-Radar-main/results/official_asf_v2_RLC/summary_conf0.0.md,,
K-Radar-main,ASF v2 official,exp_250218_134456_A2FUSION_rlc_l1d256_l2p2t32d256g_l2g_scl_mha16_RLC,summary_conf_md_condition,full_or_exported_summary,university,0.0,bus,,,,,0.0,0.0,,,0.0,0.0,/home/hongsheng/K-Radar-main/results/official_asf_v2_RLC/summary_conf0.0.md,,
K-Radar-main,ASF v2 official,exp_250218_134456_A2FUSION_rlc_l1d256_l2p2t32d256g_l2g_scl_mha16_RLC,summary_conf_md_condition,full_or_exported_summary,university,0.0,sed,,,,,73.1,45.56,,,59.33,45.56,/home/hongsheng/K-Radar-main/results/official_asf_v2_RLC/summary_conf0.0.md,,
K-Radar-main,ASF v2 official,exp_250218_134456_A2FUSION_rlc_l1d256_l2p2t32d256g_l2g_scl_mha16_RLC,summary_conf_md_condition,full_or_exported_summary,urban,0.0,bus,,,,,81.55,44.6,,,63.075,44.6,/home/hongsheng/K-Radar-main/results/official_asf_v2_RLC/summary_conf0.0.md,,
K-Radar-main,ASF v2 official,exp_250218_134456_A2FUSION_rlc_l1d256_l2p2t32d256g_l2g_scl_mha16_RLC,summary_conf_md_condition,full_or_exported_summary,urban,0.0,sed,,,,,77.67,57.7,,,67.685,57.7,/home/hongsheng/K-Radar-main/results/official_asf_v2_RLC/summary_conf0.0.md,,
K-Radar-main,ASF v2 official,exp_250218_134456_A2FUSION_rlc_l1d256_l2p2t32d256g_l2g_scl_mha16_RLC,summary_conf_md,full_or_exported_summary,all,0.3,bus,,,20.85,7.93,53.21,31.06,67.85,58.13,39.83833333333333,32.373333333333335,/home/hongsheng/K-Radar-main/results/official_asf_v2_RLC/summary_conf0.3.md,,
K-Radar-main,ASF v2 official,exp_250218_134456_A2FUSION_rlc_l1d256_l2p2t32d256g_l2g_scl_mha16_RLC,summary_conf_md,full_or_exported_summary,all,0.3,sed,,,43.21,11.85,71.7,52.09,77.85,74.98,55.28,46.30666666666667,/home/hongsheng/K-Radar-main/results/official_asf_v2_RLC/summary_conf0.3.md,,
K-Radar-main,ASF v2 official,exp_250218_134456_A2FUSION_rlc_l1d256_l2p2t32d256g_l2g_scl_mha16_RLC,summary_conf_md_condition,full_or_exported_summary,all,0.3,bus,,,,,53.21,31.06,,,42.135,31.06,/home/hongsheng/K-Radar-main/results/official_asf_v2_RLC/summary_conf0.3.md,,
K-Radar-main,ASF v2 official,exp_250218_134456_A2FUSION_rlc_l1d256_l2p2t32d256g_l2g_scl_mha16_RLC,summary_conf_md_condition,full_or_exported_summary,all,0.3,sed,,,,,71.7,52.09,,,61.895,52.09,/home/hongsheng/K-Radar-main/results/official_asf_v2_RLC/summary_conf0.3.md,,
K-Radar-main,ASF v2 official,exp_250218_134456_A2FUSION_rlc_l1d256_l2p2t32d256g_l2g_scl_mha16_RLC,summary_conf_md_condition,full_or_exported_summary,alleyway,0.3,bus,,,,,14.08,4.52,,,9.3,4.52,/home/hongsheng/K-Radar-main/results/official_asf_v2_RLC/summary_conf0.3.md,,
K-Radar-main,ASF v2 official,exp_250218_134456_A2FUSION_rlc_l1d256_l2p2t32d256g_l2g_scl_mha16_RLC,summary_conf_md_condition,full_or_exported_summary,alleyway,0.3,sed,,,,,35.68,20.97,,,28.325,20.97,/home/hongsheng/K-Radar-main/results/official_asf_v2_RLC/summary_conf0.3.md,,
K-Radar-main,ASF v2 official,exp_250218_134456_A2FUSION_rlc_l1d256_l2p2t32d256g_l2g_scl_mha16_RLC,summary_conf_md_condition,full_or_exported_summary,countryside,0.3,bus,,,,,20.91,15.1,,,18.005,15.1,/home/hongsheng/K-Radar-main/results/official_asf_v2_RLC/summary_conf0.3.md,,
K-Radar-main,ASF v2 official,exp_250218_134456_A2FUSION_rlc_l1d256_l2p2t32d256g_l2g_scl_mha16_RLC,summary_conf_md_condition,full_or_exported_summary,countryside,0.3,sed,,,,,60.37,43.5,,,51.935,43.5,/home/hongsheng/K-Radar-main/results/official_asf_v2_RLC/summary_conf0.3.md,,
K-Radar-main,ASF v2 official,exp_250218_134456_A2FUSION_rlc_l1d256_l2p2t32d256g_l2g_scl_mha16_RLC,summary_conf_md_condition,full_or_exported_summary,day,0.3,bus,,,,,44.77,27.72,,,36.245000000000005,27.72,/home/hongsheng/K-Radar-main/results/official_asf_v2_RLC/summary_conf0.3.md,,
K-Radar-main,ASF v2 official,exp_250218_134456_A2FUSION_rlc_l1d256_l2p2t32d256g_l2g_scl_mha16_RLC,summary_conf_md_condition,full_or_exported_summary,day,0.3,sed,,,,,74.11,54.76,,,64.435,54.76,/home/hongsheng/K-Radar-main/results/official_asf_v2_RLC/summary_conf0.3.md,,
K-Radar-main,ASF v2 official,exp_250218_134456_A2FUSION_rlc_l1d256_l2p2t32d256g_l2g_scl_mha16_RLC,summary_conf_md_condition,full_or_exported_summary,fog,0.3,bus,,,,,0.0,0.0,,,0.0,0.0,/home/hongsheng/K-Radar-main/results/official_asf_v2_RLC/summary_conf0.3.md,,
K-Radar-main,ASF v2 official,exp_250218_134456_A2FUSION_rlc_l1d256_l2p2t32d256g_l2g_scl_mha16_RLC,summary_conf_md_condition,full_or_exported_summary,fog,0.3,sed,,,,,94.78,80.55,,,87.66499999999999,80.55,/home/hongsheng/K-Radar-main/results/official_asf_v2_RLC/summary_conf0.3.md,,
K-Radar-main,ASF v2 official,exp_250218_134456_A2FUSION_rlc_l1d256_l2p2t32d256g_l2g_scl_mha16_RLC,summary_conf_md_condition,full_or_exported_summary,heavysnow,0.3,bus,,,,,79.7,32.55,,,56.125,32.55,/home/hongsheng/K-Radar-main/results/official_asf_v2_RLC/summary_conf0.3.md,,
K-Radar-main,ASF v2 official,exp_250218_134456_A2FUSION_rlc_l1d256_l2p2t32d256g_l2g_scl_mha16_RLC,summary_conf_md_condition,full_or_exported_summary,heavysnow,0.3,sed,,,,,61.28,49.52,,,55.400000000000006,49.52,/home/hongsheng/K-Radar-main/results/official_asf_v2_RLC/summary_conf0.3.md,,
K-Radar-main,ASF v2 official,exp_250218_134456_A2FUSION_rlc_l1d256_l2p2t32d256g_l2g_scl_mha16_RLC,summary_conf_md_condition,full_or_exported_summary,highway,0.3,bus,,,,,51.45,29.33,,,40.39,29.33,/home/hongsheng/K-Radar-main/results/official_asf_v2_RLC/summary_conf0.3.md,,
K-Radar-main,ASF v2 official,exp_250218_134456_A2FUSION_rlc_l1d256_l2p2t32d256g_l2g_scl_mha16_RLC,summary_conf_md_condition,full_or_exported_summary,highway,0.3,sed,,,,,78.05,55.73,,,66.89,55.73,/home/hongsheng/K-Radar-main/results/official_asf_v2_RLC/summary_conf0.3.md,,
K-Radar-main,ASF v2 official,exp_250218_134456_A2FUSION_rlc_l1d256_l2p2t32d256g_l2g_scl_mha16_RLC,summary_conf_md_condition,full_or_exported_summary,lightsnow,0.3,bus,,,,,91.02,70.81,,,80.91499999999999,70.81,/home/hongsheng/K-Radar-main/results/official_asf_v2_RLC/summary_conf0.3.md,,
K-Radar-main,ASF v2 official,exp_250218_134456_A2FUSION_rlc_l1d256_l2p2t32d256g_l2g_scl_mha16_RLC,summary_conf_md_condition,full_or_exported_summary,lightsnow,0.3,sed,,,,,87.98,59.25,,,73.61500000000001,59.25,/home/hongsheng/K-Radar-main/results/official_asf_v2_RLC/summary_conf0.3.md,,
K-Radar-main,ASF v2 official,exp_250218_134456_A2FUSION_rlc_l1d256_l2p2t32d256g_l2g_scl_mha16_RLC,summary_conf_md_condition,full_or_exported_summary,mountain,0.3,bus,,,,,62.34,58.64,,,60.49,58.64,/home/hongsheng/K-Radar-main/results/official_asf_v2_RLC/summary_conf0.3.md,,
K-Radar-main,ASF v2 official,exp_250218_134456_A2FUSION_rlc_l1d256_l2p2t32d256g_l2g_scl_mha16_RLC,summary_conf_md_condition,full_or_exported_summary,mountain,0.3,sed,,,,,91.98,67.5,,,79.74000000000001,67.5,/home/hongsheng/K-Radar-main/results/official_asf_v2_RLC/summary_conf0.3.md,,
K-Radar-main,ASF v2 official,exp_250218_134456_A2FUSION_rlc_l1d256_l2p2t32d256g_l2g_scl_mha16_RLC,summary_conf_md_condition,full_or_exported_summary,night,0.3,bus,,,,,62.5,36.95,,,49.725,36.95,/home/hongsheng/K-Radar-main/results/official_asf_v2_RLC/summary_conf0.3.md,,
K-Radar-main,ASF v2 official,exp_250218_134456_A2FUSION_rlc_l1d256_l2p2t32d256g_l2g_scl_mha16_RLC,summary_conf_md_condition,full_or_exported_summary,night,0.3,sed,,,,,66.84,46.59,,,56.715,46.59,/home/hongsheng/K-Radar-main/results/official_asf_v2_RLC/summary_conf0.3.md,,
K-Radar-main,ASF v2 official,exp_250218_134456_A2FUSION_rlc_l1d256_l2p2t32d256g_l2g_scl_mha16_RLC,summary_conf_md_condition,full_or_exported_summary,normal,0.3,bus,,,,,36.91,23.93,,,30.419999999999998,23.93,/home/hongsheng/K-Radar-main/results/official_asf_v2_RLC/summary_conf0.3.md,,
K-Radar-main,ASF v2 official,exp_250218_134456_A2FUSION_rlc_l1d256_l2p2t32d256g_l2g_scl_mha16_RLC,summary_conf_md_condition,full_or_exported_summary,normal,0.3,sed,,,,,70.65,49.63,,,60.14,49.63,/home/hongsheng/K-Radar-main/results/official_asf_v2_RLC/summary_conf0.3.md,,
K-Radar-main,ASF v2 official,exp_250218_134456_A2FUSION_rlc_l1d256_l2p2t32d256g_l2g_scl_mha16_RLC,summary_conf_md_condition,full_or_exported_summary,overcast,0.3,bus,,,,,54.74,47.04,,,50.89,47.04,/home/hongsheng/K-Radar-main/results/official_asf_v2_RLC/summary_conf0.3.md,,
K-Radar-main,ASF v2 official,exp_250218_134456_A2FUSION_rlc_l1d256_l2p2t32d256g_l2g_scl_mha16_RLC,summary_conf_md_condition,full_or_exported_summary,overcast,0.3,sed,,,,,81.98,53.38,,,67.68,53.38,/home/hongsheng/K-Radar-main/results/official_asf_v2_RLC/summary_conf0.3.md,,
K-Radar-main,ASF v2 official,exp_250218_134456_A2FUSION_rlc_l1d256_l2p2t32d256g_l2g_scl_mha16_RLC,summary_conf_md_condition,full_or_exported_summary,parkinglots,0.3,bus,,,,,53.54,38.04,,,45.79,38.04,/home/hongsheng/K-Radar-main/results/official_asf_v2_RLC/summary_conf0.3.md,,
K-Radar-main,ASF v2 official,exp_250218_134456_A2FUSION_rlc_l1d256_l2p2t32d256g_l2g_scl_mha16_RLC,summary_conf_md_condition,full_or_exported_summary,parkinglots,0.3,sed,,,,,55.85,44.81,,,50.33,44.81,/home/hongsheng/K-Radar-main/results/official_asf_v2_RLC/summary_conf0.3.md,,
K-Radar-main,ASF v2 official,exp_250218_134456_A2FUSION_rlc_l1d256_l2p2t32d256g_l2g_scl_mha16_RLC,summary_conf_md_condition,full_or_exported_summary,rain,0.3,bus,,,,,7.89,2.48,,,5.185,2.48,/home/hongsheng/K-Radar-main/results/official_asf_v2_RLC/summary_conf0.3.md,,
K-Radar-main,ASF v2 official,exp_250218_134456_A2FUSION_rlc_l1d256_l2p2t32d256g_l2g_scl_mha16_RLC,summary_conf_md_condition,full_or_exported_summary,rain,0.3,sed,,,,,62.27,46.85,,,54.56,46.85,/home/hongsheng/K-Radar-main/results/official_asf_v2_RLC/summary_conf0.3.md,,
K-Radar-main,ASF v2 official,exp_250218_134456_A2FUSION_rlc_l1d256_l2p2t32d256g_l2g_scl_mha16_RLC,summary_conf_md_condition,full_or_exported_summary,shoulder,0.3,bus,,,,,0.0,0.0,,,0.0,0.0,/home/hongsheng/K-Radar-main/results/official_asf_v2_RLC/summary_conf0.3.md,,
K-Radar-main,ASF v2 official,exp_250218_134456_A2FUSION_rlc_l1d256_l2p2t32d256g_l2g_scl_mha16_RLC,summary_conf_md_condition,full_or_exported_summary,shoulder,0.3,sed,,,,,97.46,94.58,,,96.02,94.58,/home/hongsheng/K-Radar-main/results/official_asf_v2_RLC/summary_conf0.3.md,,
K-Radar-main,ASF v2 official,exp_250218_134456_A2FUSION_rlc_l1d256_l2p2t32d256g_l2g_scl_mha16_RLC,summary_conf_md_condition,full_or_exported_summary,sleet,0.3,bus,,,,,50.65,38.83,,,44.739999999999995,38.83,/home/hongsheng/K-Radar-main/results/official_asf_v2_RLC/summary_conf0.3.md,,
K-Radar-main,ASF v2 official,exp_250218_134456_A2FUSION_rlc_l1d256_l2p2t32d256g_l2g_scl_mha16_RLC,summary_conf_md_condition,full_or_exported_summary,sleet,0.3,sed,,,,,64.3,44.05,,,54.175,44.05,/home/hongsheng/K-Radar-main/results/official_asf_v2_RLC/summary_conf0.3.md,,
K-Radar-main,ASF v2 official,exp_250218_134456_A2FUSION_rlc_l1d256_l2p2t32d256g_l2g_scl_mha16_RLC,summary_conf_md_condition,full_or_exported_summary,university,0.3,bus,,,,,0.0,0.0,,,0.0,0.0,/home/hongsheng/K-Radar-main/results/official_asf_v2_RLC/summary_conf0.3.md,,
K-Radar-main,ASF v2 official,exp_250218_134456_A2FUSION_rlc_l1d256_l2p2t32d256g_l2g_scl_mha16_RLC,summary_conf_md_condition,full_or_exported_summary,university,0.3,sed,,,,,68.77,43.65,,,56.209999999999994,43.65,/home/hongsheng/K-Radar-main/results/official_asf_v2_RLC/summary_conf0.3.md,,
K-Radar-main,ASF v2 official,exp_250218_134456_A2FUSION_rlc_l1d256_l2p2t32d256g_l2g_scl_mha16_RLC,summary_conf_md_condition,full_or_exported_summary,urban,0.3,bus,,,,,82.3,45.15,,,63.724999999999994,45.15,/home/hongsheng/K-Radar-main/results/official_asf_v2_RLC/summary_conf0.3.md,,
K-Radar-main,ASF v2 official,exp_250218_134456_A2FUSION_rlc_l1d256_l2p2t32d256g_l2g_scl_mha16_RLC,summary_conf_md_condition,full_or_exported_summary,urban,0.3,sed,,,,,74.77,57.07,,,65.92,57.07,/home/hongsheng/K-Radar-main/results/official_asf_v2_RLC/summary_conf0.3.md,,
asf_patch_dec,DecControlledASF Gentle,exp_260729_213501_ObjPatchDecGentle_A2FUSION_rlc_l1d256_l2p2t32d256g_l2g_scl_mha16,subset_eval_summary,subset_eval,subset_all,0.3,sed,0,/home/hongsheng/asf_patch_dec/logs/exp_260728_181732_ObjPatchDecGentle_A2FUSION_rlc_l1d256_l2p2t32d256g_l2g_scl_mha16/models/model_0.pt,34.38,7.22,66.76,46.76,72.96,70.19,49.711666666666666,41.39,/home/hongsheng/asf_patch_dec/logs/exp_260729_213501_ObjPatchDecGentle_A2FUSION_rlc_l1d256_l2p2t32d256g_l2g_scl_mha16/subset_eval_summary.json,,
asf_patch_dec,DecControlledASF Gentle,exp_260729_213501_ObjPatchDecGentle_A2FUSION_rlc_l1d256_l2p2t32d256g_l2g_scl_mha16,subset_eval_summary,subset_eval,subset_all,0.3,bus,0,/home/hongsheng/asf_patch_dec/logs/exp_260728_181732_ObjPatchDecGentle_A2FUSION_rlc_l1d256_l2p2t32d256g_l2g_scl_mha16/models/model_0.pt,10.07,2.33,32.56,19.75,55.07,43.04,27.136666666666667,21.706666666666667,/home/hongsheng/asf_patch_dec/logs/exp_260729_213501_ObjPatchDecGentle_A2FUSION_rlc_l1d256_l2p2t32d256g_l2g_scl_mha16/subset_eval_summary.json,,
asf_patch_dec,DecControlledASF Gentle,exp_260729_213501_ObjPatchDecGentle_A2FUSION_rlc_l1d256_l2p2t32d256g_l2g_scl_mha16,subset_eval_summary,subset_eval,subset_all,0.3,sed,1,/home/hongsheng/asf_patch_dec/logs/exp_260728_181732_ObjPatchDecGentle_A2FUSION_rlc_l1d256_l2p2t32d256g_l2g_scl_mha16/models/model_1.pt,38.47,5.69,68.51,48.32,75.08,72.0,51.345,42.00333333333334,/home/hongsheng/asf_patch_dec/logs/exp_260729_213501_ObjPatchDecGentle_A2FUSION_rlc_l1d256_l2p2t32d256g_l2g_scl_mha16/subset_eval_summary.json,,
asf_patch_dec,DecControlledASF Gentle,exp_260729_213501_ObjPatchDecGentle_A2FUSION_rlc_l1d256_l2p2t32d256g_l2g_scl_mha16,subset_eval_summary,subset_eval,subset_all,0.3,bus,1,/home/hongsheng/asf_patch_dec/logs/exp_260728_181732_ObjPatchDecGentle_A2FUSION_rlc_l1d256_l2p2t32d256g_l2g_scl_mha16/models/model_1.pt,6.26,0.34,30.14,15.45,55.3,43.92,25.235,19.903333333333332,/home/hongsheng/asf_patch_dec/logs/exp_260729_213501_ObjPatchDecGentle_A2FUSION_rlc_l1d256_l2p2t32d256g_l2g_scl_mha16/subset_eval_summary.json,,
asf_patch_dec,DecControlledASF Gentle,exp_260729_213501_ObjPatchDecGentle_A2FUSION_rlc_l1d256_l2p2t32d256g_l2g_scl_mha16,subset_eval_summary,subset_eval,subset_all,0.3,sed,2,/home/hongsheng/asf_patch_dec/logs/exp_260728_181732_ObjPatchDecGentle_A2FUSION_rlc_l1d256_l2p2t32d256g_l2g_scl_mha16/models/model_2.pt,41.76,11.03,68.92,49.37,75.4,72.55,53.17166666666666,44.31666666666666,/home/hongsheng/asf_patch_dec/logs/exp_260729_213501_ObjPatchDecGentle_A2FUSION_rlc_l1d256_l2p2t32d256g_l2g_scl_mha16/subset_eval_summary.json,,
asf_patch_dec,DecControlledASF Gentle,exp_260729_213501_ObjPatchDecGentle_A2FUSION_rlc_l1d256_l2p2t32d256g_l2g_scl_mha16,subset_eval_summary,subset_eval,subset_all,0.3,bus,2,/home/hongsheng/asf_patch_dec/logs/exp_260728_181732_ObjPatchDecGentle_A2FUSION_rlc_l1d256_l2p2t32d256g_l2g_scl_mha16/models/model_2.pt,18.29,7.26,43.59,27.48,64.53,53.82,35.82833333333333,29.52,/home/hongsheng/asf_patch_dec/logs/exp_260729_213501_ObjPatchDecGentle_A2FUSION_rlc_l1d256_l2p2t32d256g_l2g_scl_mha16/subset_eval_summary.json,,
asf_patch_dec,DecControlledASF Gentle,exp_260729_213501_ObjPatchDecGentle_A2FUSION_rlc_l1d256_l2p2t32d256g_l2g_scl_mha16,subset_eval_summary,subset_eval,subset_all,0.3,sed,3,/home/hongsheng/asf_patch_dec/logs/exp_260728_181732_ObjPatchDecGentle_A2FUSION_rlc_l1d256_l2p2t32d256g_l2g_scl_mha16/models/model_3.pt,36.06,3.67,68.58,44.39,75.09,72.08,49.97833333333333,40.04666666666667,/home/hongsheng/asf_patch_dec/logs/exp_260729_213501_ObjPatchDecGentle_A2FUSION_rlc_l1d256_l2p2t32d256g_l2g_scl_mha16/subset_eval_summary.json,,
asf_patch_dec,DecControlledASF Gentle,exp_260729_213501_ObjPatchDecGentle_A2FUSION_rlc_l1d256_l2p2t32d256g_l2g_scl_mha16,subset_eval_summary,subset_eval,subset_all,0.3,bus,3,/home/hongsheng/asf_patch_dec/logs/exp_260728_181732_ObjPatchDecGentle_A2FUSION_rlc_l1d256_l2p2t32d256g_l2g_scl_mha16/models/model_3.pt,15.91,4.3,36.89,23.76,59.84,47.94,31.44,25.333333333333332,/home/hongsheng/asf_patch_dec/logs/exp_260729_213501_ObjPatchDecGentle_A2FUSION_rlc_l1d256_l2p2t32d256g_l2g_scl_mha16/subset_eval_summary.json,,
asf_patch_dec,DecControlledASF Gentle,exp_260729_213501_ObjPatchDecGentle_A2FUSION_rlc_l1d256_l2p2t32d256g_l2g_scl_mha16,subset_eval_summary,subset_eval,subset_all,0.3,sed,4,/home/hongsheng/asf_patch_dec/logs/exp_260728_181732_ObjPatchDecGentle_A2FUSION_rlc_l1d256_l2p2t32d256g_l2g_scl_mha16/models/model_4.pt,42.69,11.33,69.33,50.41,75.52,72.86,53.69,44.86666666666667,/home/hongsheng/asf_patch_dec/logs/exp_260729_213501_ObjPatchDecGentle_A2FUSION_rlc_l1d256_l2p2t32d256g_l2g_scl_mha16/subset_eval_summary.json,,
asf_patch_dec,DecControlledASF Gentle,exp_260729_213501_ObjPatchDecGentle_A2FUSION_rlc_l1d256_l2p2t32d256g_l2g_scl_mha16,subset_eval_summary,subset_eval,subset_all,0.3,bus,4,/home/hongsheng/asf_patch_dec/logs/exp_260728_181732_ObjPatchDecGentle_A2FUSION_rlc_l1d256_l2p2t32d256g_l2g_scl_mha16/models/model_4.pt,20.91,9.01,47.26,29.1,67.24,59.3,38.803333333333335,32.47,/home/hongsheng/asf_patch_dec/logs/exp_260729_213501_ObjPatchDecGentle_A2FUSION_rlc_l1d256_l2p2t32d256g_l2g_scl_mha16/subset_eval_summary.json,,
asf_patch_dec,DecControlledASF Gentle,exp_260729_213501_ObjPatchDecGentle_A2FUSION_rlc_l1d256_l2p2t32d256g_l2g_scl_mha16,subset_eval_summary,subset_eval,subset_all,0.3,sed,5,/home/hongsheng/asf_patch_dec/logs/exp_260728_181732_ObjPatchDecGentle_A2FUSION_rlc_l1d256_l2p2t32d256g_l2g_scl_mha16/models/model_5.pt,33.81,6.42,68.85,45.94,75.2,71.96,50.36333333333334,41.44,/home/hongsheng/asf_patch_dec/logs/exp_260729_213501_ObjPatchDecGentle_A2FUSION_rlc_l1d256_l2p2t32d256g_l2g_scl_mha16/subset_eval_summary.json,,
asf_patch_dec,DecControlledASF Gentle,exp_260729_213501_ObjPatchDecGentle_A2FUSION_rlc_l1d256_l2p2t32d256g_l2g_scl_mha16,subset_eval_summary,subset_eval,subset_all,0.3,bus,5,/home/hongsheng/asf_patch_dec/logs/exp_260728_181732_ObjPatchDecGentle_A2FUSION_rlc_l1d256_l2p2t32d256g_l2g_scl_mha16/models/model_5.pt,12.94,2.91,41.69,27.2,62.43,55.98,33.858333333333334,28.69666666666667,/home/hongsheng/asf_patch_dec/logs/exp_260729_213501_ObjPatchDecGentle_A2FUSION_rlc_l1d256_l2p2t32d256g_l2g_scl_mha16/subset_eval_summary.json,,
asf_patch_dec,DecControlledASF Gentle,exp_260729_213501_ObjPatchDecGentle_A2FUSION_rlc_l1d256_l2p2t32d256g_l2g_scl_mha16,subset_eval_summary,subset_eval,subset_all,0.3,sed,6,/home/hongsheng/asf_patch_dec/logs/exp_260728_181732_ObjPatchDecGentle_A2FUSION_rlc_l1d256_l2p2t32d256g_l2g_scl_mha16/models/model_6.pt,42.19,11.88,69.32,49.89,75.53,72.75,53.593333333333334,44.84,/home/hongsheng/asf_patch_dec/logs/exp_260729_213501_ObjPatchDecGentle_A2FUSION_rlc_l1d256_l2p2t32d256g_l2g_scl_mha16/subset_eval_summary.json,,
asf_patch_dec,DecControlledASF Gentle,exp_260729_213501_ObjPatchDecGentle_A2FUSION_rlc_l1d256_l2p2t32d256g_l2g_scl_mha16,subset_eval_summary,subset_eval,subset_all,0.3,bus,6,/home/hongsheng/asf_patch_dec/logs/exp_260728_181732_ObjPatchDecGentle_A2FUSION_rlc_l1d256_l2p2t32d256g_l2g_scl_mha16/models/model_6.pt,19.33,9.23,46.7,31.56,69.39,57.95,39.026666666666664,32.913333333333334,/home/hongsheng/asf_patch_dec/logs/exp_260729_213501_ObjPatchDecGentle_A2FUSION_rlc_l1d256_l2p2t32d256g_l2g_scl_mha16/subset_eval_summary.json,,
asf_patch_dec,ObjPatchDec Strong,exp_260729_213503_ObjPatchDecStrong_A2FUSION_rlc_l1d256_l2p2t32d256g_l2g_scl_mha16,subset_eval_summary,subset_eval,subset_all,0.3,sed,0,/home/hongsheng/asf_patch_dec/logs/exp_260728_181732_ObjPatchDecStrong_A2FUSION_rlc_l1d256_l2p2t32d256g_l2g_scl_mha16/models/model_0.pt,17.26,3.89,53.98,30.88,68.19,64.14,39.723333333333336,32.97,/home/hongsheng/asf_patch_dec/logs/exp_260729_213503_ObjPatchDecStrong_A2FUSION_rlc_l1d256_l2p2t32d256g_l2g_scl_mha16/subset_eval_summary.json,,
asf_patch_dec,ObjPatchDec Strong,exp_260729_213503_ObjPatchDecStrong_A2FUSION_rlc_l1d256_l2p2t32d256g_l2g_scl_mha16,subset_eval_summary,subset_eval,subset_all,0.3,bus,0,/home/hongsheng/asf_patch_dec/logs/exp_260728_181732_ObjPatchDecStrong_A2FUSION_rlc_l1d256_l2p2t32d256g_l2g_scl_mha16/models/model_0.pt,7.96,1.01,19.88,12.29,40.48,33.02,19.106666666666666,15.44,/home/hongsheng/asf_patch_dec/logs/exp_260729_213503_ObjPatchDecStrong_A2FUSION_rlc_l1d256_l2p2t32d256g_l2g_scl_mha16/subset_eval_summary.json,,
asf_patch_dec,ObjPatchDec Strong,exp_260729_213503_ObjPatchDecStrong_A2FUSION_rlc_l1d256_l2p2t32d256g_l2g_scl_mha16,subset_eval_summary,subset_eval,subset_all,0.3,sed,1,/home/hongsheng/asf_patch_dec/logs/exp_260728_181732_ObjPatchDecStrong_A2FUSION_rlc_l1d256_l2p2t32d256g_l2g_scl_mha16/models/model_1.pt,13.04,3.36,56.58,28.87,72.32,66.74,40.151666666666664,32.99,/home/hongsheng/asf_patch_dec/logs/exp_260729_213503_ObjPatchDecStrong_A2FUSION_rlc_l1d256_l2p2t32d256g_l2g_scl_mha16/subset_eval_summary.json,,
asf_patch_dec,ObjPatchDec Strong,exp_260729_213503_ObjPatchDecStrong_A2FUSION_rlc_l1d256_l2p2t32d256g_l2g_scl_mha16,subset_eval_summary,subset_eval,subset_all,0.3,bus,1,/home/hongsheng/asf_patch_dec/logs/exp_260728_181732_ObjPatchDecStrong_A2FUSION_rlc_l1d256_l2p2t32d256g_l2g_scl_mha16/models/model_1.pt,0.13,0.02,21.34,11.81,43.48,34.41,18.531666666666666,15.413333333333332,/home/hongsheng/asf_patch_dec/logs/exp_260729_213503_ObjPatchDecStrong_A2FUSION_rlc_l1d256_l2p2t32d256g_l2g_scl_mha16/subset_eval_summary.json,,
asf_patch_dec,ObjPatchDec Strong,exp_260729_213503_ObjPatchDecStrong_A2FUSION_rlc_l1d256_l2p2t32d256g_l2g_scl_mha16,subset_eval_summary,subset_eval,subset_all,0.3,sed,2,/home/hongsheng/asf_patch_dec/logs/exp_260728_181732_ObjPatchDecStrong_A2FUSION_rlc_l1d256_l2p2t32d256g_l2g_scl_mha16/models/model_2.pt,39.76,9.38,66.26,46.64,73.01,72.27,51.22,42.76333333333333,/home/hongsheng/asf_patch_dec/logs/exp_260729_213503_ObjPatchDecStrong_A2FUSION_rlc_l1d256_l2p2t32d256g_l2g_scl_mha16/subset_eval_summary.json,,
asf_patch_dec,ObjPatchDec Strong,exp_260729_213503_ObjPatchDecStrong_A2FUSION_rlc_l1d256_l2p2t32d256g_l2g_scl_mha16,subset_eval_summary,subset_eval,subset_all,0.3,bus,2,/home/hongsheng/asf_patch_dec/logs/exp_260728_181732_ObjPatchDecStrong_A2FUSION_rlc_l1d256_l2p2t32d256g_l2g_scl_mha16/models/model_2.pt,18.3,7.51,43.57,28.62,61.04,55.16,35.699999999999996,30.429999999999996,/home/hongsheng/asf_patch_dec/logs/exp_260729_213503_ObjPatchDecStrong_A2FUSION_rlc_l1d256_l2p2t32d256g_l2g_scl_mha16/subset_eval_summary.json,,
asf_patch_dec,ObjPatchDec Strong,exp_260729_213503_ObjPatchDecStrong_A2FUSION_rlc_l1d256_l2p2t32d256g_l2g_scl_mha16,subset_eval_summary,subset_eval,subset_all,0.3,sed,3,/home/hongsheng/asf_patch_dec/logs/exp_260728_181732_ObjPatchDecStrong_A2FUSION_rlc_l1d256_l2p2t32d256g_l2g_scl_mha16/models/model_3.pt,24.2,0.73,64.59,29.66,74.28,68.2,43.61000000000001,32.86333333333334,/home/hongsheng/asf_patch_dec/logs/exp_260729_213503_ObjPatchDecStrong_A2FUSION_rlc_l1d256_l2p2t32d256g_l2g_scl_mha16/subset_eval_summary.json,,
asf_patch_dec,ObjPatchDec Strong,exp_260729_213503_ObjPatchDecStrong_A2FUSION_rlc_l1d256_l2p2t32d256g_l2g_scl_mha16,subset_eval_summary,subset_eval,subset_all,0.3,bus,3,/home/hongsheng/asf_patch_dec/logs/exp_260728_181732_ObjPatchDecStrong_A2FUSION_rlc_l1d256_l2p2t32d256g_l2g_scl_mha16/models/model_3.pt,10.79,3.5,45.9,22.32,60.64,53.44,32.765,26.419999999999998,/home/hongsheng/asf_patch_dec/logs/exp_260729_213503_ObjPatchDecStrong_A2FUSION_rlc_l1d256_l2p2t32d256g_l2g_scl_mha16/subset_eval_summary.json,,
asf_patch_dec,ObjPatchDec Strong,exp_260729_213503_ObjPatchDecStrong_A2FUSION_rlc_l1d256_l2p2t32d256g_l2g_scl_mha16,subset_eval_summary,subset_eval,subset_all,0.3,sed,4,/home/hongsheng/asf_patch_dec/logs/exp_260728_181732_ObjPatchDecStrong_A2FUSION_rlc_l1d256_l2p2t32d256g_l2g_scl_mha16/models/model_4.pt,42.62,11.52,68.91,49.73,75.51,72.74,53.504999999999995,44.66333333333333,/home/hongsheng/asf_patch_dec/logs/exp_260729_213503_ObjPatchDecStrong_A2FUSION_rlc_l1d256_l2p2t32d256g_l2g_scl_mha16/subset_eval_summary.json,,
asf_patch_dec,ObjPatchDec Strong,exp_260729_213503_ObjPatchDecStrong_A2FUSION_rlc_l1d256_l2p2t32d256g_l2g_scl_mha16,subset_eval_summary,subset_eval,subset_all,0.3,bus,4,/home/hongsheng/asf_patch_dec/logs/exp_260728_181732_ObjPatchDecStrong_A2FUSION_rlc_l1d256_l2p2t32d256g_l2g_scl_mha16/models/model_4.pt,18.55,5.11,45.33,26.71,65.03,57.18,36.318333333333335,29.666666666666668,/home/hongsheng/asf_patch_dec/logs/exp_260729_213503_ObjPatchDecStrong_A2FUSION_rlc_l1d256_l2p2t32d256g_l2g_scl_mha16/subset_eval_summary.json,,
asf_patch_dec,ObjPatchDec Strong,exp_260729_213503_ObjPatchDecStrong_A2FUSION_rlc_l1d256_l2p2t32d256g_l2g_scl_mha16,subset_eval_summary,subset_eval,subset_all,0.3,sed,5,/home/hongsheng/asf_patch_dec/logs/exp_260728_181732_ObjPatchDecStrong_A2FUSION_rlc_l1d256_l2p2t32d256g_l2g_scl_mha16/models/model_5.pt,28.88,4.59,65.66,43.62,74.85,71.03,48.105,39.74666666666666,/home/hongsheng/asf_patch_dec/logs/exp_260729_213503_ObjPatchDecStrong_A2FUSION_rlc_l1d256_l2p2t32d256g_l2g_scl_mha16/subset_eval_summary.json,,
asf_patch_dec,ObjPatchDec Strong,exp_260729_213503_ObjPatchDecStrong_A2FUSION_rlc_l1d256_l2p2t32d256g_l2g_scl_mha16,subset_eval_summary,subset_eval,subset_all,0.3,bus,5,/home/hongsheng/asf_patch_dec/logs/exp_260728_181732_ObjPatchDecStrong_A2FUSION_rlc_l1d256_l2p2t32d256g_l2g_scl_mha16/models/model_5.pt,15.82,4.78,36.77,23.53,64.47,54.95,33.38666666666666,27.753333333333334,/home/hongsheng/asf_patch_dec/logs/exp_260729_213503_ObjPatchDecStrong_A2FUSION_rlc_l1d256_l2p2t32d256g_l2g_scl_mha16/subset_eval_summary.json,,
asf_patch_dec,ObjPatchDec Strong,exp_260729_213503_ObjPatchDecStrong_A2FUSION_rlc_l1d256_l2p2t32d256g_l2g_scl_mha16,subset_eval_summary,subset_eval,subset_all,0.3,sed,6,/home/hongsheng/asf_patch_dec/logs/exp_260728_181732_ObjPatchDecStrong_A2FUSION_rlc_l1d256_l2p2t32d256g_l2g_scl_mha16/models/model_6.pt,42.54,10.89,68.95,49.23,75.26,72.38,53.208333333333336,44.166666666666664,/home/hongsheng/asf_patch_dec/logs/exp_260729_213503_ObjPatchDecStrong_A2FUSION_rlc_l1d256_l2p2t32d256g_l2g_scl_mha16/subset_eval_summary.json,,
asf_patch_dec,ObjPatchDec Strong,exp_260729_213503_ObjPatchDecStrong_A2FUSION_rlc_l1d256_l2p2t32d256g_l2g_scl_mha16,subset_eval_summary,subset_eval,subset_all,0.3,bus,6,/home/hongsheng/asf_patch_dec/logs/exp_260728_181732_ObjPatchDecStrong_A2FUSION_rlc_l1d256_l2p2t32d256g_l2g_scl_mha16/models/model_6.pt,21.98,7.61,47.19,31.89,64.64,59.33,38.77333333333333,32.943333333333335,/home/hongsheng/asf_patch_dec/logs/exp_260729_213503_ObjPatchDecStrong_A2FUSION_rlc_l1d256_l2p2t32d256g_l2g_scl_mha16/subset_eval_summary.json,,
asf_patch_dec,DecControlledASF Gentle,exp_260803_204106_ObjPatchDecGentle_A2FUSION_rlc_l1d256_l2p2t32d256g_l2g_scl_mha16,subset_eval_summary,subset_eval,subset_all,0.3,sed,7,/home/hongsheng/asf_patch_dec/logs/exp_260728_181732_ObjPatchDecGentle_A2FUSION_rlc_l1d256_l2p2t32d256g_l2g_scl_mha16/models/model_7.pt,38.22,9.91,67.03,47.09,73.04,69.87,50.86000000000001,42.29,/home/hongsheng/asf_patch_dec/logs/exp_260803_204106_ObjPatchDecGentle_A2FUSION_rlc_l1d256_l2p2t32d256g_l2g_scl_mha16/subset_eval_summary.json,,
asf_patch_dec,DecControlledASF Gentle,exp_260803_204106_ObjPatchDecGentle_A2FUSION_rlc_l1d256_l2p2t32d256g_l2g_scl_mha16,subset_eval_summary,subset_eval,subset_all,0.3,bus,7,/home/hongsheng/asf_patch_dec/logs/exp_260728_181732_ObjPatchDecGentle_A2FUSION_rlc_l1d256_l2p2t32d256g_l2g_scl_mha16/models/model_7.pt,15.4,6.72,35.66,21.61,52.04,41.17,28.766666666666666,23.166666666666668,/home/hongsheng/asf_patch_dec/logs/exp_260803_204106_ObjPatchDecGentle_A2FUSION_rlc_l1d256_l2p2t32d256g_l2g_scl_mha16/subset_eval_summary.json,,
asf_patch_dec,DecControlledASF Gentle,exp_260803_204106_ObjPatchDecGentle_A2FUSION_rlc_l1d256_l2p2t32d256g_l2g_scl_mha16,subset_eval_summary,subset_eval,subset_all,0.3,sed,8,/home/hongsheng/asf_patch_dec/logs/exp_260728_181732_ObjPatchDecGentle_A2FUSION_rlc_l1d256_l2p2t32d256g_l2g_scl_mha16/models/model_8.pt,45.65,12.8,69.64,50.45,75.49,72.88,54.48499999999999,45.376666666666665,/home/hongsheng/asf_patch_dec/logs/exp_260803_204106_ObjPatchDecGentle_A2FUSION_rlc_l1d256_l2p2t32d256g_l2g_scl_mha16/subset_eval_summary.json,,
asf_patch_dec,DecControlledASF Gentle,exp_260803_204106_ObjPatchDecGentle_A2FUSION_rlc_l1d256_l2p2t32d256g_l2g_scl_mha16,subset_eval_summary,subset_eval,subset_all,0.3,bus,8,/home/hongsheng/asf_patch_dec/logs/exp_260728_181732_ObjPatchDecGentle_A2FUSION_rlc_l1d256_l2p2t32d256g_l2g_scl_mha16/models/model_8.pt,18.86,7.4,50.73,31.15,69.73,59.58,39.574999999999996,32.71,/home/hongsheng/asf_patch_dec/logs/exp_260803_204106_ObjPatchDecGentle_A2FUSION_rlc_l1d256_l2p2t32d256g_l2g_scl_mha16/subset_eval_summary.json,,
asf_patch_dec,DecControlledASF Gentle,exp_260803_204106_ObjPatchDecGentle_A2FUSION_rlc_l1d256_l2p2t32d256g_l2g_scl_mha16,subset_eval_summary,subset_eval,subset_all,0.3,sed,9,/home/hongsheng/asf_patch_dec/logs/exp_260728_181732_ObjPatchDecGentle_A2FUSION_rlc_l1d256_l2p2t32d256g_l2g_scl_mha16/models/model_9.pt,40.05,10.2,68.7,48.78,75.13,72.24,52.51666666666666,43.74,/home/hongsheng/asf_patch_dec/logs/exp_260803_204106_ObjPatchDecGentle_A2FUSION_rlc_l1d256_l2p2t32d256g_l2g_scl_mha16/subset_eval_summary.json,,
asf_patch_dec,DecControlledASF Gentle,exp_260803_204106_ObjPatchDecGentle_A2FUSION_rlc_l1d256_l2p2t32d256g_l2g_scl_mha16,subset_eval_summary,subset_eval,subset_all,0.3,bus,9,/home/hongsheng/asf_patch_dec/logs/exp_260728_181732_ObjPatchDecGentle_A2FUSION_rlc_l1d256_l2p2t32d256g_l2g_scl_mha16/models/model_9.pt,15.23,2.8,47.22,28.44,64.28,56.59,35.76,29.276666666666667,/home/hongsheng/asf_patch_dec/logs/exp_260803_204106_ObjPatchDecGentle_A2FUSION_rlc_l1d256_l2p2t32d256g_l2g_scl_mha16/subset_eval_summary.json,,
asf_patch_dec,DecControlledASF Gentle,exp_260803_204106_ObjPatchDecGentle_A2FUSION_rlc_l1d256_l2p2t32d256g_l2g_scl_mha16,subset_eval_summary,subset_eval,subset_all,0.3,sed,10,/home/hongsheng/asf_patch_dec/logs/exp_260728_181732_ObjPatchDecGentle_A2FUSION_rlc_l1d256_l2p2t32d256g_l2g_scl_mha16/models/model_10.pt,45.77,12.62,69.34,50.37,75.43,72.74,54.37833333333333,45.24333333333333,/home/hongsheng/asf_patch_dec/logs/exp_260803_204106_ObjPatchDecGentle_A2FUSION_rlc_l1d256_l2p2t32d256g_l2g_scl_mha16/subset_eval_summary.json,,
asf_patch_dec,DecControlledASF Gentle,exp_260803_204106_ObjPatchDecGentle_A2FUSION_rlc_l1d256_l2p2t32d256g_l2g_scl_mha16,subset_eval_summary,subset_eval,subset_all,0.3,bus,10,/home/hongsheng/asf_patch_dec/logs/exp_260728_181732_ObjPatchDecGentle_A2FUSION_rlc_l1d256_l2p2t32d256g_l2g_scl_mha16/models/model_10.pt,20.97,9.08,49.11,32.18,69.42,61.74,40.416666666666664,34.333333333333336,/home/hongsheng/asf_patch_dec/logs/exp_260803_204106_ObjPatchDecGentle_A2FUSION_rlc_l1d256_l2p2t32d256g_l2g_scl_mha16/subset_eval_summary.json,,
asf_patch_dec,ObjPatchDec Strong,exp_260803_204106_ObjPatchDecStrong_A2FUSION_rlc_l1d256_l2p2t32d256g_l2g_scl_mha16,subset_eval_summary,subset_eval,subset_all,0.3,sed,7,/home/hongsheng/asf_patch_dec/logs/exp_260728_181732_ObjPatchDecStrong_A2FUSION_rlc_l1d256_l2p2t32d256g_l2g_scl_mha16/models/model_7.pt,29.88,5.78,66.27,42.66,73.09,69.72,47.9,39.38666666666666,/home/hongsheng/asf_patch_dec/logs/exp_260803_204106_ObjPatchDecStrong_A2FUSION_rlc_l1d256_l2p2t32d256g_l2g_scl_mha16/subset_eval_summary.json,,
asf_patch_dec,ObjPatchDec Strong,exp_260803_204106_ObjPatchDecStrong_A2FUSION_rlc_l1d256_l2p2t32d256g_l2g_scl_mha16,subset_eval_summary,subset_eval,subset_all,0.3,bus,7,/home/hongsheng/asf_patch_dec/logs/exp_260728_181732_ObjPatchDecStrong_A2FUSION_rlc_l1d256_l2p2t32d256g_l2g_scl_mha16/models/model_7.pt,17.68,3.4,37.65,18.5,50.78,43.19,28.53333333333333,21.69666666666667,/home/hongsheng/asf_patch_dec/logs/exp_260803_204106_ObjPatchDecStrong_A2FUSION_rlc_l1d256_l2p2t32d256g_l2g_scl_mha16/subset_eval_summary.json,,
asf_patch_dec,ObjPatchDec Strong,exp_260803_204106_ObjPatchDecStrong_A2FUSION_rlc_l1d256_l2p2t32d256g_l2g_scl_mha16,subset_eval_summary,subset_eval,subset_all,0.3,sed,8,/home/hongsheng/asf_patch_dec/logs/exp_260728_181732_ObjPatchDecStrong_A2FUSION_rlc_l1d256_l2p2t32d256g_l2g_scl_mha16/models/model_8.pt,42.78,12.47,69.04,49.73,75.45,74.84,54.05166666666667,45.68,/home/hongsheng/asf_patch_dec/logs/exp_260803_204106_ObjPatchDecStrong_A2FUSION_rlc_l1d256_l2p2t32d256g_l2g_scl_mha16/subset_eval_summary.json,,
asf_patch_dec,ObjPatchDec Strong,exp_260803_204106_ObjPatchDecStrong_A2FUSION_rlc_l1d256_l2p2t32d256g_l2g_scl_mha16,subset_eval_summary,subset_eval,subset_all,0.3,bus,8,/home/hongsheng/asf_patch_dec/logs/exp_260728_181732_ObjPatchDecStrong_A2FUSION_rlc_l1d256_l2p2t32d256g_l2g_scl_mha16/models/model_8.pt,21.95,8.5,49.38,32.79,66.96,59.13,39.785000000000004,33.473333333333336,/home/hongsheng/asf_patch_dec/logs/exp_260803_204106_ObjPatchDecStrong_A2FUSION_rlc_l1d256_l2p2t32d256g_l2g_scl_mha16/subset_eval_summary.json,,
asf_patch_dec,ObjPatchDec Strong,exp_260803_204106_ObjPatchDecStrong_A2FUSION_rlc_l1d256_l2p2t32d256g_l2g_scl_mha16,subset_eval_summary,subset_eval,subset_all,0.3,sed,9,/home/hongsheng/asf_patch_dec/logs/exp_260728_181732_ObjPatchDecStrong_A2FUSION_rlc_l1d256_l2p2t32d256g_l2g_scl_mha16/models/model_9.pt,40.44,11.5,68.59,48.92,75.19,72.4,52.84,44.27333333333333,/home/hongsheng/asf_patch_dec/logs/exp_260803_204106_ObjPatchDecStrong_A2FUSION_rlc_l1d256_l2p2t32d256g_l2g_scl_mha16/subset_eval_summary.json,,
asf_patch_dec,ObjPatchDec Strong,exp_260803_204106_ObjPatchDecStrong_A2FUSION_rlc_l1d256_l2p2t32d256g_l2g_scl_mha16,subset_eval_summary,subset_eval,subset_all,0.3,bus,9,/home/hongsheng/asf_patch_dec/logs/exp_260728_181732_ObjPatchDecStrong_A2FUSION_rlc_l1d256_l2p2t32d256g_l2g_scl_mha16/models/model_9.pt,3.46,0.2,35.0,18.81,61.75,52.3,28.586666666666662,23.77,/home/hongsheng/asf_patch_dec/logs/exp_260803_204106_ObjPatchDecStrong_A2FUSION_rlc_l1d256_l2p2t32d256g_l2g_scl_mha16/subset_eval_summary.json,,
asf_patch_dec,ObjPatchDec Strong,exp_260803_204106_ObjPatchDecStrong_A2FUSION_rlc_l1d256_l2p2t32d256g_l2g_scl_mha16,subset_eval_summary,subset_eval,subset_all,0.3,sed,10,/home/hongsheng/asf_patch_dec/logs/exp_260728_181732_ObjPatchDecStrong_A2FUSION_rlc_l1d256_l2p2t32d256g_l2g_scl_mha16/models/model_10.pt,43.53,12.9,69.08,50.12,75.25,72.46,53.88999999999999,45.16,/home/hongsheng/asf_patch_dec/logs/exp_260803_204106_ObjPatchDecStrong_A2FUSION_rlc_l1d256_l2p2t32d256g_l2g_scl_mha16/subset_eval_summary.json,,
asf_patch_dec,ObjPatchDec Strong,exp_260803_204106_ObjPatchDecStrong_A2FUSION_rlc_l1d256_l2p2t32d256g_l2g_scl_mha16,subset_eval_summary,subset_eval,subset_all,0.3,bus,10,/home/hongsheng/asf_patch_dec/logs/exp_260728_181732_ObjPatchDecStrong_A2FUSION_rlc_l1d256_l2p2t32d256g_l2g_scl_mha16/models/model_10.pt,19.86,6.96,49.19,31.66,64.41,58.97,38.50833333333333,32.53,/home/hongsheng/asf_patch_dec/logs/exp_260803_204106_ObjPatchDecStrong_A2FUSION_rlc_l1d256_l2p2t32d256g_l2g_scl_mha16/subset_eval_summary.json,,
asf_patch_dec,ObjPatchDec Strong,exp_260803_210429_ObjPatchDecStrong_A2FUSION_rlc_l1d256_l2p2t32d256g_l2g_scl_mha16,full_eval_summary,full_or_exported_summary,all,0,sed,,,43.37,11.49,73.6,52.32,81.65,78.51,56.82333333333333,47.44,/home/hongsheng/asf_patch_dec/logs/exp_260803_210429_ObjPatchDecStrong_A2FUSION_rlc_l1d256_l2p2t32d256g_l2g_scl_mha16/full_eval_summary.json,,
asf_patch_dec,ObjPatchDec Strong,exp_260803_210429_ObjPatchDecStrong_A2FUSION_rlc_l1d256_l2p2t32d256g_l2g_scl_mha16,full_eval_summary,full_or_exported_summary,all,0,bus,,,20.53,7.21,52.23,32.63,68.1,58.11,39.80166666666667,32.65,/home/hongsheng/asf_patch_dec/logs/exp_260803_210429_ObjPatchDecStrong_A2FUSION_rlc_l1d256_l2p2t32d256g_l2g_scl_mha16/full_eval_summary.json,,
asf_patch_dec,ObjPatchDec Strong,exp_260803_210429_ObjPatchDecStrong_A2FUSION_rlc_l1d256_l2p2t32d256g_l2g_scl_mha16,full_eval_summary,full_or_exported_summary,all,0.3,sed,,,42.74,11.21,71.13,51.67,77.33,74.54,54.77,45.80666666666667,/home/hongsheng/asf_patch_dec/logs/exp_260803_210429_ObjPatchDecStrong_A2FUSION_rlc_l1d256_l2p2t32d256g_l2g_scl_mha16/full_eval_summary.json,,
asf_patch_dec,ObjPatchDec Strong,exp_260803_210429_ObjPatchDecStrong_A2FUSION_rlc_l1d256_l2p2t32d256g_l2g_scl_mha16,full_eval_summary,full_or_exported_summary,all,0.3,bus,,,20.06,7.42,50.17,32.01,67.15,57.23,39.00666666666667,32.22,/home/hongsheng/asf_patch_dec/logs/exp_260803_210429_ObjPatchDecStrong_A2FUSION_rlc_l1d256_l2p2t32d256g_l2g_scl_mha16/full_eval_summary.json,,
asf_patch_dec,PatchDec,exp_260726_144405_PatchDec_A2FUSION_rlc_l1d256_l2p2t32d256g_l2g_scl_mha16,summary_conf_md,full_or_exported_summary,all,0.0,sed,,,43.08,11.41,73.95,52.39,81.77,77.39,56.665,47.06333333333333,/home/hongsheng/asf_patch_dec/results/exp_260726_144405_PatchDec_A2FUSION_rlc_l1d256_l2p2t32d256g_l2g_scl_mha16/summary_conf0.0.md,,
asf_patch_dec,PatchDec,exp_260726_144405_PatchDec_A2FUSION_rlc_l1d256_l2p2t32d256g_l2g_scl_mha16,summary_conf_md,full_or_exported_summary,all,0.0,bus,,,20.48,6.61,52.35,33.45,66.88,57.55,39.553333333333335,32.53666666666667,/home/hongsheng/asf_patch_dec/results/exp_260726_144405_PatchDec_A2FUSION_rlc_l1d256_l2p2t32d256g_l2g_scl_mha16/summary_conf0.0.md,,
asf_patch_dec,PatchDec,exp_260726_144405_PatchDec_A2FUSION_rlc_l1d256_l2p2t32d256g_l2g_scl_mha16,summary_conf_md_condition,full_or_exported_summary,all,0.0,sed,,,43.08,11.41,73.95,52.39,81.77,77.39,56.665,47.06333333333333,/home/hongsheng/asf_patch_dec/results/exp_260726_144405_PatchDec_A2FUSION_rlc_l1d256_l2p2t32d256g_l2g_scl_mha16/summary_conf0.0.md,,
asf_patch_dec,PatchDec,exp_260726_144405_PatchDec_A2FUSION_rlc_l1d256_l2p2t32d256g_l2g_scl_mha16,summary_conf_md_condition,full_or_exported_summary,all,0.0,bus,,,20.48,6.61,52.35,33.45,66.88,57.55,39.553333333333335,32.53666666666667,/home/hongsheng/asf_patch_dec/results/exp_260726_144405_PatchDec_A2FUSION_rlc_l1d256_l2p2t32d256g_l2g_scl_mha16/summary_conf0.0.md,,
asf_patch_dec,PatchDec,exp_260726_144405_PatchDec_A2FUSION_rlc_l1d256_l2p2t32d256g_l2g_scl_mha16,summary_conf_md,full_or_exported_summary,all,0.3,sed,,,42.25,11.62,71.22,51.5,75.18,74.48,54.375,45.86666666666667,/home/hongsheng/asf_patch_dec/results/exp_260726_144405_PatchDec_A2FUSION_rlc_l1d256_l2p2t32d256g_l2g_scl_mha16/summary_conf0.3.md,,
asf_patch_dec,PatchDec,exp_260726_144405_PatchDec_A2FUSION_rlc_l1d256_l2p2t32d256g_l2g_scl_mha16,summary_conf_md,full_or_exported_summary,all,0.3,bus,,,20.0,6.78,50.42,32.87,64.73,55.58,38.39666666666667,31.74333333333333,/home/hongsheng/asf_patch_dec/results/exp_260726_144405_PatchDec_A2FUSION_rlc_l1d256_l2p2t32d256g_l2g_scl_mha16/summary_conf0.3.md,,
asf_patch_dec,PatchDec,exp_260726_144405_PatchDec_A2FUSION_rlc_l1d256_l2p2t32d256g_l2g_scl_mha16,summary_conf_md_condition,full_or_exported_summary,all,0.3,sed,,,42.25,11.62,71.22,51.5,75.18,74.48,54.375,45.86666666666667,/home/hongsheng/asf_patch_dec/results/exp_260726_144405_PatchDec_A2FUSION_rlc_l1d256_l2p2t32d256g_l2g_scl_mha16/summary_conf0.3.md,,
asf_patch_dec,PatchDec,exp_260726_144405_PatchDec_A2FUSION_rlc_l1d256_l2p2t32d256g_l2g_scl_mha16,summary_conf_md_condition,full_or_exported_summary,all,0.3,bus,,,20.0,6.78,50.42,32.87,64.73,55.58,38.39666666666667,31.74333333333333,/home/hongsheng/asf_patch_dec/results/exp_260726_144405_PatchDec_A2FUSION_rlc_l1d256_l2p2t32d256g_l2g_scl_mha16/summary_conf0.3.md,,
asf_patch_dec,PatchDec,exp_260726_144405_PatchDec_A2FUSION_rlc_l1d256_l2p2t32d256g_l2g_scl_mha16,summary_conf_md_condition,full_or_exported_summary,urban,0.3,sed,,,48.44,14.09,74.71,54.94,78.69,77.92,58.13166666666666,48.98333333333333,/home/hongsheng/asf_patch_dec/results/exp_260726_144405_PatchDec_A2FUSION_rlc_l1d256_l2p2t32d256g_l2g_scl_mha16/summary_conf0.3.md,,
asf_patch_dec,PatchDec,exp_260726_144405_PatchDec_A2FUSION_rlc_l1d256_l2p2t32d256g_l2g_scl_mha16,summary_conf_md_condition,full_or_exported_summary,urban,0.3,bus,,,33.33,15.65,81.61,50.48,88.4,85.37,59.14000000000001,50.5,/home/hongsheng/asf_patch_dec/results/exp_260726_144405_PatchDec_A2FUSION_rlc_l1d256_l2p2t32d256g_l2g_scl_mha16/summary_conf0.3.md,,
asf_patch_dec,PatchDec,exp_260726_144405_PatchDec_A2FUSION_rlc_l1d256_l2p2t32d256g_l2g_scl_mha16,summary_conf_md_condition,full_or_exported_summary,highway,0.3,sed,,,40.47,5.77,76.94,54.66,83.25,82.63,57.28666666666666,47.68666666666667,/home/hongsheng/asf_patch_dec/results/exp_260726_144405_PatchDec_A2FUSION_rlc_l1d256_l2p2t32d256g_l2g_scl_mha16/summary_conf0.3.md,,
asf_patch_dec,PatchDec,exp_260726_144405_PatchDec_A2FUSION_rlc_l1d256_l2p2t32d256g_l2g_scl_mha16,summary_conf_md_condition,full_or_exported_summary,highway,0.3,bus,,,21.4,7.09,49.24,31.92,65.44,53.03,38.02,30.680000000000003,/home/hongsheng/asf_patch_dec/results/exp_260726_144405_PatchDec_A2FUSION_rlc_l1d256_l2p2t32d256g_l2g_scl_mha16/summary_conf0.3.md,,
asf_patch_dec,PatchDec,exp_260726_144405_PatchDec_A2FUSION_rlc_l1d256_l2p2t32d256g_l2g_scl_mha16,summary_conf_md_condition,full_or_exported_summary,countryside,0.3,sed,,,26.15,3.7,58.26,36.55,67.72,63.91,42.714999999999996,34.72,/home/hongsheng/asf_patch_dec/results/exp_260726_144405_PatchDec_A2FUSION_rlc_l1d256_l2p2t32d256g_l2g_scl_mha16/summary_conf0.3.md,,
asf_patch_dec,PatchDec,exp_260726_144405_PatchDec_A2FUSION_rlc_l1d256_l2p2t32d256g_l2g_scl_mha16,summary_conf_md_condition,full_or_exported_summary,countryside,0.3,bus,,,7.55,1.21,19.42,11.89,27.76,24.98,15.468333333333334,12.693333333333333,/home/hongsheng/asf_patch_dec/results/exp_260726_144405_PatchDec_A2FUSION_rlc_l1d256_l2p2t32d256g_l2g_scl_mha16/summary_conf0.3.md,,
asf_patch_dec,PatchDec,exp_260726_144405_PatchDec_A2FUSION_rlc_l1d256_l2p2t32d256g_l2g_scl_mha16,summary_conf_md_condition,full_or_exported_summary,alleyway,0.3,sed,,,14.1,1.7,33.62,20.4,39.45,36.43,24.28333333333333,19.51,/home/hongsheng/asf_patch_dec/results/exp_260726_144405_PatchDec_A2FUSION_rlc_l1d256_l2p2t32d256g_l2g_scl_mha16/summary_conf0.3.md,,
asf_patch_dec,PatchDec,exp_260726_144405_PatchDec_A2FUSION_rlc_l1d256_l2p2t32d256g_l2g_scl_mha16,summary_conf_md_condition,full_or_exported_summary,alleyway,0.3,bus,,,0.95,0.0,7.96,2.07,20.25,19.16,8.398333333333333,7.076666666666667,/home/hongsheng/asf_patch_dec/results/exp_260726_144405_PatchDec_A2FUSION_rlc_l1d256_l2p2t32d256g_l2g_scl_mha16/summary_conf0.3.md,,
asf_patch_dec,PatchDec,exp_260726_144405_PatchDec_A2FUSION_rlc_l1d256_l2p2t32d256g_l2g_scl_mha16,summary_conf_md_condition,full_or_exported_summary,parkinglots,0.3,sed,,,33.29,20.21,59.12,47.13,72.26,71.93,50.656666666666666,46.42333333333334,/home/hongsheng/asf_patch_dec/results/exp_260726_144405_PatchDec_A2FUSION_rlc_l1d256_l2p2t32d256g_l2g_scl_mha16/summary_conf0.3.md,,
asf_patch_dec,PatchDec,exp_260726_144405_PatchDec_A2FUSION_rlc_l1d256_l2p2t32d256g_l2g_scl_mha16,summary_conf_md_condition,full_or_exported_summary,parkinglots,0.3,bus,,,6.34,1.37,47.9,33.31,65.14,62.01,36.01166666666666,32.23,/home/hongsheng/asf_patch_dec/results/exp_260726_144405_PatchDec_A2FUSION_rlc_l1d256_l2p2t32d256g_l2g_scl_mha16/summary_conf0.3.md,,
asf_patch_dec,PatchDec,exp_260726_144405_PatchDec_A2FUSION_rlc_l1d256_l2p2t32d256g_l2g_scl_mha16,summary_conf_md_condition,full_or_exported_summary,shoulder,0.3,sed,,,90.9,72.44,99.71,94.61,99.79,97.27,92.45333333333333,88.10666666666667,/home/hongsheng/asf_patch_dec/results/exp_260726_144405_PatchDec_A2FUSION_rlc_l1d256_l2p2t32d256g_l2g_scl_mha16/summary_conf0.3.md,,
asf_patch_dec,PatchDec,exp_260726_144405_PatchDec_A2FUSION_rlc_l1d256_l2p2t32d256g_l2g_scl_mha16,summary_conf_md_condition,full_or_exported_summary,shoulder,0.3,bus,,,0.0,0.0,0.0,0.0,0.0,0.0,0.0,0.0,/home/hongsheng/asf_patch_dec/results/exp_260726_144405_PatchDec_A2FUSION_rlc_l1d256_l2p2t32d256g_l2g_scl_mha16/summary_conf0.3.md,,
asf_patch_dec,PatchDec,exp_260726_144405_PatchDec_A2FUSION_rlc_l1d256_l2p2t32d256g_l2g_scl_mha16,summary_conf_md_condition,full_or_exported_summary,mountain,0.3,sed,,,75.19,12.75,92.05,70.11,92.32,89.68,72.01666666666667,57.51333333333334,/home/hongsheng/asf_patch_dec/results/exp_260726_144405_PatchDec_A2FUSION_rlc_l1d256_l2p2t32d256g_l2g_scl_mha16/summary_conf0.3.md,,
asf_patch_dec,PatchDec,exp_260726_144405_PatchDec_A2FUSION_rlc_l1d256_l2p2t32d256g_l2g_scl_mha16,summary_conf_md_condition,full_or_exported_summary,mountain,0.3,bus,,,38.32,13.14,61.03,56.93,61.38,61.38,48.696666666666665,43.81666666666666,/home/hongsheng/asf_patch_dec/results/exp_260726_144405_PatchDec_A2FUSION_rlc_l1d256_l2p2t32d256g_l2g_scl_mha16/summary_conf0.3.md,,
asf_patch_dec,PatchDec,exp_260726_144405_PatchDec_A2FUSION_rlc_l1d256_l2p2t32d256g_l2g_scl_mha16,summary_conf_md_condition,full_or_exported_summary,university,0.3,sed,,,30.98,5.56,66.08,44.69,72.3,69.8,48.23499999999999,40.016666666666666,/home/hongsheng/asf_patch_dec/results/exp_260726_144405_PatchDec_A2FUSION_rlc_l1d256_l2p2t32d256g_l2g_scl_mha16/summary_conf0.3.md,,
asf_patch_dec,PatchDec,exp_260726_144405_PatchDec_A2FUSION_rlc_l1d256_l2p2t32d256g_l2g_scl_mha16,summary_conf_md_condition,full_or_exported_summary,university,0.3,bus,,,0.0,0.0,0.0,0.0,0.0,0.0,0.0,0.0,/home/hongsheng/asf_patch_dec/results/exp_260726_144405_PatchDec_A2FUSION_rlc_l1d256_l2p2t32d256g_l2g_scl_mha16/summary_conf0.3.md,,
asf_patch_dec,PatchDec,exp_260726_144405_PatchDec_A2FUSION_rlc_l1d256_l2p2t32d256g_l2g_scl_mha16,summary_conf_md_condition,full_or_exported_summary,day,0.3,sed,,,44.2,12.42,73.46,54.52,77.13,76.57,56.38333333333333,47.836666666666666,/home/hongsheng/asf_patch_dec/results/exp_260726_144405_PatchDec_A2FUSION_rlc_l1d256_l2p2t32d256g_l2g_scl_mha16/summary_conf0.3.md,,
asf_patch_dec,PatchDec,exp_260726_144405_PatchDec_A2FUSION_rlc_l1d256_l2p2t32d256g_l2g_scl_mha16,summary_conf_md_condition,full_or_exported_summary,day,0.3,bus,,,15.6,4.5,42.1,28.54,56.95,52.65,33.39,28.563333333333333,/home/hongsheng/asf_patch_dec/results/exp_260726_144405_PatchDec_A2FUSION_rlc_l1d256_l2p2t32d256g_l2g_scl_mha16/summary_conf0.3.md,,
asf_patch_dec,PatchDec,exp_260726_144405_PatchDec_A2FUSION_rlc_l1d256_l2p2t32d256g_l2g_scl_mha16,summary_conf_md_condition,full_or_exported_summary,night,0.3,sed,,,39.87,11.02,64.79,43.96,71.41,68.35,49.9,41.11,/home/hongsheng/asf_patch_dec/results/exp_260726_144405_PatchDec_A2FUSION_rlc_l1d256_l2p2t32d256g_l2g_scl_mha16/summary_conf0.3.md,,
asf_patch_dec,PatchDec,exp_260726_144405_PatchDec_A2FUSION_rlc_l1d256_l2p2t32d256g_l2g_scl_mha16,summary_conf_md_condition,full_or_exported_summary,night,0.3,bus,,,25.55,9.95,61.6,39.0,73.33,58.67,44.68333333333334,35.873333333333335,/home/hongsheng/asf_patch_dec/results/exp_260726_144405_PatchDec_A2FUSION_rlc_l1d256_l2p2t32d256g_l2g_scl_mha16/summary_conf0.3.md,,
asf_patch_dec,PatchDec,exp_260726_144405_PatchDec_A2FUSION_rlc_l1d256_l2p2t32d256g_l2g_scl_mha16,summary_conf_md_condition,full_or_exported_summary,normal,0.3,sed,,,34.78,6.88,69.4,48.61,75.78,73.11,51.42666666666667,42.86666666666667,/home/hongsheng/asf_patch_dec/results/exp_260726_144405_PatchDec_A2FUSION_rlc_l1d256_l2p2t32d256g_l2g_scl_mha16/summary_conf0.3.md,,
asf_patch_dec,PatchDec,exp_260726_144405_PatchDec_A2FUSION_rlc_l1d256_l2p2t32d256g_l2g_scl_mha16,summary_conf_md_condition,full_or_exported_summary,normal,0.3,bus,,,13.07,4.18,36.1,25.69,53.4,48.93,30.228333333333335,26.266666666666666,/home/hongsheng/asf_patch_dec/results/exp_260726_144405_PatchDec_A2FUSION_rlc_l1d256_l2p2t32d256g_l2g_scl_mha16/summary_conf0.3.md,,
asf_patch_dec,PatchDec,exp_260726_144405_PatchDec_A2FUSION_rlc_l1d256_l2p2t32d256g_l2g_scl_mha16,summary_conf_md_condition,full_or_exported_summary,overcast,0.3,sed,,,47.6,9.15,82.27,57.96,89.34,82.44,61.46,49.85,/home/hongsheng/asf_patch_dec/results/exp_260726_144405_PatchDec_A2FUSION_rlc_l1d256_l2p2t32d256g_l2g_scl_mha16/summary_conf0.3.md,,
asf_patch_dec,PatchDec,exp_260726_144405_PatchDec_A2FUSION_rlc_l1d256_l2p2t32d256g_l2g_scl_mha16,summary_conf_md_condition,full_or_exported_summary,overcast,0.3,bus,,,30.31,11.21,54.94,48.69,71.3,67.86,47.385,42.586666666666666,/home/hongsheng/asf_patch_dec/results/exp_260726_144405_PatchDec_A2FUSION_rlc_l1d256_l2p2t32d256g_l2g_scl_mha16/summary_conf0.3.md,,
asf_patch_dec,PatchDec,exp_260726_144405_PatchDec_A2FUSION_rlc_l1d256_l2p2t32d256g_l2g_scl_mha16,summary_conf_md_condition,full_or_exported_summary,fog,0.3,sed,,,82.29,42.01,94.77,80.88,94.87,92.24,81.17666666666666,71.71,/home/hongsheng/asf_patch_dec/results/exp_260726_144405_PatchDec_A2FUSION_rlc_l1d256_l2p2t32d256g_l2g_scl_mha16/summary_conf0.3.md,,
asf_patch_dec,PatchDec,exp_260726_144405_PatchDec_A2FUSION_rlc_l1d256_l2p2t32d256g_l2g_scl_mha16,summary_conf_md_condition,full_or_exported_summary,fog,0.3,bus,,,0.0,0.0,0.0,0.0,0.0,0.0,0.0,0.0,/home/hongsheng/asf_patch_dec/results/exp_260726_144405_PatchDec_A2FUSION_rlc_l1d256_l2p2t32d256g_l2g_scl_mha16/summary_conf0.3.md,,
asf_patch_dec,PatchDec,exp_260726_144405_PatchDec_A2FUSION_rlc_l1d256_l2p2t32d256g_l2g_scl_mha16,summary_conf_md_condition,full_or_exported_summary,rain,0.3,sed,,,43.24,16.29,62.72,46.47,66.86,66.35,50.321666666666665,43.03666666666666,/home/hongsheng/asf_patch_dec/results/exp_260726_144405_PatchDec_A2FUSION_rlc_l1d256_l2p2t32d256g_l2g_scl_mha16/summary_conf0.3.md,,
asf_patch_dec,PatchDec,exp_260726_144405_PatchDec_A2FUSION_rlc_l1d256_l2p2t32d256g_l2g_scl_mha16,summary_conf_md_condition,full_or_exported_summary,rain,0.3,bus,,,0.74,0.0,3.85,1.98,4.01,4.01,2.4316666666666666,1.9966666666666668,/home/hongsheng/asf_patch_dec/results/exp_260726_144405_PatchDec_A2FUSION_rlc_l1d256_l2p2t32d256g_l2g_scl_mha16/summary_conf0.3.md,,
asf_patch_dec,PatchDec,exp_260726_144405_PatchDec_A2FUSION_rlc_l1d256_l2p2t32d256g_l2g_scl_mha16,summary_conf_md_condition,full_or_exported_summary,sleet,0.3,sed,,,39.09,6.87,63.7,43.37,75.33,70.24,49.76666666666667,40.16,/home/hongsheng/asf_patch_dec/results/exp_260726_144405_PatchDec_A2FUSION_rlc_l1d256_l2p2t32d256g_l2g_scl_mha16/summary_conf0.3.md,,
asf_patch_dec,PatchDec,exp_260726_144405_PatchDec_A2FUSION_rlc_l1d256_l2p2t32d256g_l2g_scl_mha16,summary_conf_md_condition,full_or_exported_summary,sleet,0.3,bus,,,16.15,4.48,46.2,35.5,58.5,54.97,35.96666666666667,31.650000000000002,/home/hongsheng/asf_patch_dec/results/exp_260726_144405_PatchDec_A2FUSION_rlc_l1d256_l2p2t32d256g_l2g_scl_mha16/summary_conf0.3.md,,
asf_patch_dec,PatchDec,exp_260726_144405_PatchDec_A2FUSION_rlc_l1d256_l2p2t32d256g_l2g_scl_mha16,summary_conf_md_condition,full_or_exported_summary,lightsnow,0.3,sed,,,64.76,13.31,90.43,64.71,91.05,88.21,68.74499999999999,55.41,/home/hongsheng/asf_patch_dec/results/exp_260726_144405_PatchDec_A2FUSION_rlc_l1d256_l2p2t32d256g_l2g_scl_mha16/summary_conf0.3.md,,
asf_patch_dec,PatchDec,exp_260726_144405_PatchDec_A2FUSION_rlc_l1d256_l2p2t32d256g_l2g_scl_mha16,summary_conf_md_condition,full_or_exported_summary,lightsnow,0.3,bus,,,69.89,36.25,88.5,71.28,94.24,88.66,74.80333333333333,65.39666666666666,/home/hongsheng/asf_patch_dec/results/exp_260726_144405_PatchDec_A2FUSION_rlc_l1d256_l2p2t32d256g_l2g_scl_mha16/summary_conf0.3.md,,
asf_patch_dec,PatchDec,exp_260726_144405_PatchDec_A2FUSION_rlc_l1d256_l2p2t32d256g_l2g_scl_mha16,summary_conf_md_condition,full_or_exported_summary,heavysnow,0.3,sed,,,42.18,15.25,61.41,46.5,63.98,63.43,48.791666666666664,41.72666666666667,/home/hongsheng/asf_patch_dec/results/exp_260726_144405_PatchDec_A2FUSION_rlc_l1d256_l2p2t32d256g_l2g_scl_mha16/summary_conf0.3.md,,
asf_patch_dec,PatchDec,exp_260726_144405_PatchDec_A2FUSION_rlc_l1d256_l2p2t32d256g_l2g_scl_mha16,summary_conf_md_condition,full_or_exported_summary,heavysnow,0.3,bus,,,27.87,7.6,80.46,36.44,87.29,67.34,51.166666666666664,37.126666666666665,/home/hongsheng/asf_patch_dec/results/exp_260726_144405_PatchDec_A2FUSION_rlc_l1d256_l2p2t32d256g_l2g_scl_mha16/summary_conf0.3.md,,
asf_patch_dec,PatchDec,exp_260728_162524_PatchDec_A2FUSION_rlc_l1d256_l2p2t32d256g_l2g_scl_mha16,summary_conf_md,full_or_exported_summary,all,0.0,sed,,,43.13,11.31,73.64,51.87,81.7,77.21,56.47666666666667,46.79666666666666,/home/hongsheng/asf_patch_dec/results/exp_260728_162524_PatchDec_model8_full/summary_conf0.0.md,,
asf_patch_dec,PatchDec,exp_260728_162524_PatchDec_A2FUSION_rlc_l1d256_l2p2t32d256g_l2g_scl_mha16,summary_conf_md,full_or_exported_summary,all,0.0,bus,,,19.35,5.71,50.1,31.3,67.17,57.67,38.550000000000004,31.560000000000002,/home/hongsheng/asf_patch_dec/results/exp_260728_162524_PatchDec_model8_full/summary_conf0.0.md,,
asf_patch_dec,PatchDec,exp_260728_162524_PatchDec_A2FUSION_rlc_l1d256_l2p2t32d256g_l2g_scl_mha16,summary_conf_md_condition,full_or_exported_summary,all,0.0,sed,,,43.13,11.31,73.64,51.87,81.7,77.21,56.47666666666667,46.79666666666666,/home/hongsheng/asf_patch_dec/results/exp_260728_162524_PatchDec_model8_full/summary_conf0.0.md,,
asf_patch_dec,PatchDec,exp_260728_162524_PatchDec_A2FUSION_rlc_l1d256_l2p2t32d256g_l2g_scl_mha16,summary_conf_md_condition,full_or_exported_summary,all,0.0,bus,,,19.35,5.71,50.1,31.3,67.17,57.67,38.550000000000004,31.560000000000002,/home/hongsheng/asf_patch_dec/results/exp_260728_162524_PatchDec_model8_full/summary_conf0.0.md,,
asf_patch_dec,PatchDec,exp_260728_162524_PatchDec_A2FUSION_rlc_l1d256_l2p2t32d256g_l2g_scl_mha16,summary_conf_md,full_or_exported_summary,all,0.3,sed,,,42.42,11.01,71.09,51.16,77.33,74.46,54.578333333333326,45.54333333333333,/home/hongsheng/asf_patch_dec/results/exp_260728_162524_PatchDec_model8_full/summary_conf0.3.md,,
asf_patch_dec,PatchDec,exp_260728_162524_PatchDec_A2FUSION_rlc_l1d256_l2p2t32d256g_l2g_scl_mha16,summary_conf_md,full_or_exported_summary,all,0.3,bus,,,19.09,5.92,49.43,31.89,64.79,55.58,37.78333333333334,31.13,/home/hongsheng/asf_patch_dec/results/exp_260728_162524_PatchDec_model8_full/summary_conf0.3.md,,
asf_patch_dec,PatchDec,exp_260728_162524_PatchDec_A2FUSION_rlc_l1d256_l2p2t32d256g_l2g_scl_mha16,summary_conf_md_condition,full_or_exported_summary,all,0.3,sed,,,42.42,11.01,71.09,51.16,77.33,74.46,54.578333333333326,45.54333333333333,/home/hongsheng/asf_patch_dec/results/exp_260728_162524_PatchDec_model8_full/summary_conf0.3.md,,
asf_patch_dec,PatchDec,exp_260728_162524_PatchDec_A2FUSION_rlc_l1d256_l2p2t32d256g_l2g_scl_mha16,summary_conf_md_condition,full_or_exported_summary,all,0.3,bus,,,19.09,5.92,49.43,31.89,64.79,55.58,37.78333333333334,31.13,/home/hongsheng/asf_patch_dec/results/exp_260728_162524_PatchDec_model8_full/summary_conf0.3.md,,
asf_patch_dec,DecControlledASF Gentle,exp_260728_181732_ObjPatchDecGentle_A2FUSION_rlc_l1d256_l2p2t32d256g_l2g_scl_mha16,summary_conf_md,full_or_exported_summary,all,0.3,sed,,,42.74,12.07,69.26,51.86,75.27,72.54,53.95666666666667,45.49,/home/hongsheng/asf_patch_dec/results/exp_260728_181732_ObjPatchDecGentle_full/summary_conf0.3.md,,
asf_patch_dec,DecControlledASF Gentle,exp_260728_181732_ObjPatchDecGentle_A2FUSION_rlc_l1d256_l2p2t32d256g_l2g_scl_mha16,summary_conf_md,full_or_exported_summary,all,0.3,bus,,,20.41,8.25,50.45,32.6,67.02,58.09,39.47,32.98,/home/hongsheng/asf_patch_dec/results/exp_260728_181732_ObjPatchDecGentle_full/summary_conf0.3.md,,
asf_patch_dec,DecControlledASF Gentle,exp_260728_181732_ObjPatchDecGentle_A2FUSION_rlc_l1d256_l2p2t32d256g_l2g_scl_mha16,summary_conf_md_condition,full_or_exported_summary,all,0.3,sed,,,42.74,12.07,69.26,51.86,75.27,72.54,53.95666666666667,45.49,/home/hongsheng/asf_patch_dec/results/exp_260728_181732_ObjPatchDecGentle_full/summary_conf0.3.md,,
asf_patch_dec,DecControlledASF Gentle,exp_260728_181732_ObjPatchDecGentle_A2FUSION_rlc_l1d256_l2p2t32d256g_l2g_scl_mha16,summary_conf_md_condition,full_or_exported_summary,all,0.3,bus,,,20.41,8.25,50.45,32.6,67.02,58.09,39.47,32.98,/home/hongsheng/asf_patch_dec/results/exp_260728_181732_ObjPatchDecGentle_full/summary_conf0.3.md,,
asf_patch_dec,DecControlledASF Gentle,exp_260728_181732_ObjPatchDecGentle_A2FUSION_rlc_l1d256_l2p2t32d256g_l2g_scl_mha16,summary_conf_md_condition,full_or_exported_summary,urban,0.3,sed,,,48.92,15.32,74.68,57.3,78.71,78.05,58.830000000000005,50.22333333333333,/home/hongsheng/asf_patch_dec/results/exp_260728_181732_ObjPatchDecGentle_full/summary_conf0.3.md,,
asf_patch_dec,DecControlledASF Gentle,exp_260728_181732_ObjPatchDecGentle_A2FUSION_rlc_l1d256_l2p2t32d256g_l2g_scl_mha16,summary_conf_md_condition,full_or_exported_summary,urban,0.3,bus,,,33.6,17.69,80.08,49.54,87.86,87.1,59.31166666666667,51.44333333333333,/home/hongsheng/asf_patch_dec/results/exp_260728_181732_ObjPatchDecGentle_full/summary_conf0.3.md,,
asf_patch_dec,DecControlledASF Gentle,exp_260728_181732_ObjPatchDecGentle_A2FUSION_rlc_l1d256_l2p2t32d256g_l2g_scl_mha16,summary_conf_md_condition,full_or_exported_summary,highway,0.3,sed,,,39.94,5.46,76.84,53.45,83.34,80.69,56.620000000000005,46.53333333333333,/home/hongsheng/asf_patch_dec/results/exp_260728_181732_ObjPatchDecGentle_full/summary_conf0.3.md,,
asf_patch_dec,DecControlledASF Gentle,exp_260728_181732_ObjPatchDecGentle_A2FUSION_rlc_l1d256_l2p2t32d256g_l2g_scl_mha16,summary_conf_md_condition,full_or_exported_summary,highway,0.3,bus,,,21.18,8.39,48.8,31.23,67.73,55.67,38.833333333333336,31.763333333333335,/home/hongsheng/asf_patch_dec/results/exp_260728_181732_ObjPatchDecGentle_full/summary_conf0.3.md,,
asf_patch_dec,DecControlledASF Gentle,exp_260728_181732_ObjPatchDecGentle_A2FUSION_rlc_l1d256_l2p2t32d256g_l2g_scl_mha16,summary_conf_md_condition,full_or_exported_summary,countryside,0.3,sed,,,22.09,4.45,55.75,37.21,66.78,60.66,41.156666666666666,34.10666666666666,/home/hongsheng/asf_patch_dec/results/exp_260728_181732_ObjPatchDecGentle_full/summary_conf0.3.md,,
asf_patch_dec,DecControlledASF Gentle,exp_260728_181732_ObjPatchDecGentle_A2FUSION_rlc_l1d256_l2p2t32d256g_l2g_scl_mha16,summary_conf_md_condition,full_or_exported_summary,countryside,0.3,bus,,,13.54,1.69,22.02,18.05,28.48,26.45,18.371666666666666,15.396666666666667,/home/hongsheng/asf_patch_dec/results/exp_260728_181732_ObjPatchDecGentle_full/summary_conf0.3.md,,
asf_patch_dec,DecControlledASF Gentle,exp_260728_181732_ObjPatchDecGentle_A2FUSION_rlc_l1d256_l2p2t32d256g_l2g_scl_mha16,summary_conf_md_condition,full_or_exported_summary,alleyway,0.3,sed,,,14.64,3.6,34.08,20.0,39.53,36.66,24.751666666666665,20.086666666666666,/home/hongsheng/asf_patch_dec/results/exp_260728_181732_ObjPatchDecGentle_full/summary_conf0.3.md,,
asf_patch_dec,DecControlledASF Gentle,exp_260728_181732_ObjPatchDecGentle_A2FUSION_rlc_l1d256_l2p2t32d256g_l2g_scl_mha16,summary_conf_md_condition,full_or_exported_summary,alleyway,0.3,bus,,,1.01,0.03,11.08,1.95,20.86,17.75,8.78,6.576666666666667,/home/hongsheng/asf_patch_dec/results/exp_260728_181732_ObjPatchDecGentle_full/summary_conf0.3.md,,
asf_patch_dec,DecControlledASF Gentle,exp_260728_181732_ObjPatchDecGentle_A2FUSION_rlc_l1d256_l2p2t32d256g_l2g_scl_mha16,summary_conf_md_condition,full_or_exported_summary,parkinglots,0.3,sed,,,34.27,22.54,57.78,47.23,74.28,70.12,51.03666666666667,46.629999999999995,/home/hongsheng/asf_patch_dec/results/exp_260728_181732_ObjPatchDecGentle_full/summary_conf0.3.md,,
asf_patch_dec,DecControlledASF Gentle,exp_260728_181732_ObjPatchDecGentle_A2FUSION_rlc_l1d256_l2p2t32d256g_l2g_scl_mha16,summary_conf_md_condition,full_or_exported_summary,parkinglots,0.3,bus,,,6.73,3.14,49.55,32.26,68.35,65.08,37.51833333333333,33.49333333333333,/home/hongsheng/asf_patch_dec/results/exp_260728_181732_ObjPatchDecGentle_full/summary_conf0.3.md,,
asf_patch_dec,DecControlledASF Gentle,exp_260728_181732_ObjPatchDecGentle_A2FUSION_rlc_l1d256_l2p2t32d256g_l2g_scl_mha16,summary_conf_md_condition,full_or_exported_summary,shoulder,0.3,sed,,,90.99,66.83,99.77,94.5,99.81,97.28,91.52999999999999,86.20333333333333,/home/hongsheng/asf_patch_dec/results/exp_260728_181732_ObjPatchDecGentle_full/summary_conf0.3.md,,
asf_patch_dec,DecControlledASF Gentle,exp_260728_181732_ObjPatchDecGentle_A2FUSION_rlc_l1d256_l2p2t32d256g_l2g_scl_mha16,summary_conf_md_condition,full_or_exported_summary,shoulder,0.3,bus,,,0.0,0.0,0.0,0.0,0.0,0.0,0.0,0.0,/home/hongsheng/asf_patch_dec/results/exp_260728_181732_ObjPatchDecGentle_full/summary_conf0.3.md,,
asf_patch_dec,DecControlledASF Gentle,exp_260728_181732_ObjPatchDecGentle_A2FUSION_rlc_l1d256_l2p2t32d256g_l2g_scl_mha16,summary_conf_md_condition,full_or_exported_summary,mountain,0.3,sed,,,72.69,12.16,91.98,70.04,92.29,89.67,71.47166666666668,57.29,/home/hongsheng/asf_patch_dec/results/exp_260728_181732_ObjPatchDecGentle_full/summary_conf0.3.md,,
asf_patch_dec,DecControlledASF Gentle,exp_260728_181732_ObjPatchDecGentle_A2FUSION_rlc_l1d256_l2p2t32d256g_l2g_scl_mha16,summary_conf_md_condition,full_or_exported_summary,mountain,0.3,bus,,,33.01,10.54,59.49,55.77,63.21,63.21,47.538333333333334,43.17333333333334,/home/hongsheng/asf_patch_dec/results/exp_260728_181732_ObjPatchDecGentle_full/summary_conf0.3.md,,
asf_patch_dec,DecControlledASF Gentle,exp_260728_181732_ObjPatchDecGentle_A2FUSION_rlc_l1d256_l2p2t32d256g_l2g_scl_mha16,summary_conf_md_condition,full_or_exported_summary,university,0.3,sed,,,29.55,5.41,64.11,42.14,70.01,67.46,46.446666666666665,38.336666666666666,/home/hongsheng/asf_patch_dec/results/exp_260728_181732_ObjPatchDecGentle_full/summary_conf0.3.md,,
asf_patch_dec,DecControlledASF Gentle,exp_260728_181732_ObjPatchDecGentle_A2FUSION_rlc_l1d256_l2p2t32d256g_l2g_scl_mha16,summary_conf_md_condition,full_or_exported_summary,university,0.3,bus,,,0.0,0.0,0.0,0.0,0.0,0.0,0.0,0.0,/home/hongsheng/asf_patch_dec/results/exp_260728_181732_ObjPatchDecGentle_full/summary_conf0.3.md,,
asf_patch_dec,DecControlledASF Gentle,exp_260728_181732_ObjPatchDecGentle_A2FUSION_rlc_l1d256_l2p2t32d256g_l2g_scl_mha16,summary_conf_md_condition,full_or_exported_summary,day,0.3,sed,,,44.43,12.06,71.41,54.38,77.2,74.58,55.67666666666667,47.00666666666667,/home/hongsheng/asf_patch_dec/results/exp_260728_181732_ObjPatchDecGentle_full/summary_conf0.3.md,,
asf_patch_dec,DecControlledASF Gentle,exp_260728_181732_ObjPatchDecGentle_A2FUSION_rlc_l1d256_l2p2t32d256g_l2g_scl_mha16,summary_conf_md_condition,full_or_exported_summary,day,0.3,bus,,,16.01,6.47,44.14,28.81,59.06,55.26,34.958333333333336,30.179999999999996,/home/hongsheng/asf_patch_dec/results/exp_260728_181732_ObjPatchDecGentle_full/summary_conf0.3.md,,
asf_patch_dec,DecControlledASF Gentle,exp_260728_181732_ObjPatchDecGentle_A2FUSION_rlc_l1d256_l2p2t32d256g_l2g_scl_mha16,summary_conf_md_condition,full_or_exported_summary,night,0.3,sed,,,40.53,11.08,64.98,46.74,71.42,68.48,50.538333333333334,42.1,/home/hongsheng/asf_patch_dec/results/exp_260728_181732_ObjPatchDecGentle_full/summary_conf0.3.md,,
asf_patch_dec,DecControlledASF Gentle,exp_260728_181732_ObjPatchDecGentle_A2FUSION_rlc_l1d256_l2p2t32d256g_l2g_scl_mha16,summary_conf_md_condition,full_or_exported_summary,night,0.3,bus,,,26.63,11.48,59.53,37.34,75.79,61.61,45.39666666666667,36.81,/home/hongsheng/asf_patch_dec/results/exp_260728_181732_ObjPatchDecGentle_full/summary_conf0.3.md,,
asf_patch_dec,DecControlledASF Gentle,exp_260728_181732_ObjPatchDecGentle_A2FUSION_rlc_l1d256_l2p2t32d256g_l2g_scl_mha16,summary_conf_md_condition,full_or_exported_summary,normal,0.3,sed,,,33.94,6.83,67.55,47.13,73.8,73.18,50.405,42.38,/home/hongsheng/asf_patch_dec/results/exp_260728_181732_ObjPatchDecGentle_full/summary_conf0.3.md,,
asf_patch_dec,DecControlledASF Gentle,exp_260728_181732_ObjPatchDecGentle_A2FUSION_rlc_l1d256_l2p2t32d256g_l2g_scl_mha16,summary_conf_md_condition,full_or_exported_summary,normal,0.3,bus,,,12.11,5.29,35.15,24.51,57.12,50.91,30.848333333333333,26.903333333333332,/home/hongsheng/asf_patch_dec/results/exp_260728_181732_ObjPatchDecGentle_full/summary_conf0.3.md,,
asf_patch_dec,DecControlledASF Gentle,exp_260728_181732_ObjPatchDecGentle_A2FUSION_rlc_l1d256_l2p2t32d256g_l2g_scl_mha16,summary_conf_md_condition,full_or_exported_summary,overcast,0.3,sed,,,43.44,7.29,81.84,56.14,89.18,82.56,60.074999999999996,48.663333333333334,/home/hongsheng/asf_patch_dec/results/exp_260728_181732_ObjPatchDecGentle_full/summary_conf0.3.md,,
asf_patch_dec,DecControlledASF Gentle,exp_260728_181732_ObjPatchDecGentle_A2FUSION_rlc_l1d256_l2p2t32d256g_l2g_scl_mha16,summary_conf_md_condition,full_or_exported_summary,overcast,0.3,bus,,,20.33,6.26,51.35,43.86,68.91,65.93,42.77333333333333,38.68333333333334,/home/hongsheng/asf_patch_dec/results/exp_260728_181732_ObjPatchDecGentle_full/summary_conf0.3.md,,
asf_patch_dec,DecControlledASF Gentle,exp_260728_181732_ObjPatchDecGentle_A2FUSION_rlc_l1d256_l2p2t32d256g_l2g_scl_mha16,summary_conf_md_condition,full_or_exported_summary,fog,0.3,sed,,,82.21,39.45,94.73,80.73,94.86,92.22,80.7,70.8,/home/hongsheng/asf_patch_dec/results/exp_260728_181732_ObjPatchDecGentle_full/summary_conf0.3.md,,
asf_patch_dec,DecControlledASF Gentle,exp_260728_181732_ObjPatchDecGentle_A2FUSION_rlc_l1d256_l2p2t32d256g_l2g_scl_mha16,summary_conf_md_condition,full_or_exported_summary,fog,0.3,bus,,,0.0,0.0,0.0,0.0,0.0,0.0,0.0,0.0,/home/hongsheng/asf_patch_dec/results/exp_260728_181732_ObjPatchDecGentle_full/summary_conf0.3.md,,
asf_patch_dec,DecControlledASF Gentle,exp_260728_181732_ObjPatchDecGentle_A2FUSION_rlc_l1d256_l2p2t32d256g_l2g_scl_mha16,summary_conf_md_condition,full_or_exported_summary,rain,0.3,sed,,,43.28,17.27,62.66,46.81,66.93,66.47,50.57,43.51666666666667,/home/hongsheng/asf_patch_dec/results/exp_260728_181732_ObjPatchDecGentle_full/summary_conf0.3.md,,
asf_patch_dec,DecControlledASF Gentle,exp_260728_181732_ObjPatchDecGentle_A2FUSION_rlc_l1d256_l2p2t32d256g_l2g_scl_mha16,summary_conf_md_condition,full_or_exported_summary,rain,0.3,bus,,,0.61,0.05,1.71,0.77,3.13,2.47,1.4566666666666668,1.0966666666666667,/home/hongsheng/asf_patch_dec/results/exp_260728_181732_ObjPatchDecGentle_full/summary_conf0.3.md,,
asf_patch_dec,DecControlledASF Gentle,exp_260728_181732_ObjPatchDecGentle_A2FUSION_rlc_l1d256_l2p2t32d256g_l2g_scl_mha16,summary_conf_md_condition,full_or_exported_summary,sleet,0.3,sed,,,39.89,7.39,64.31,44.86,74.15,70.44,50.17333333333334,40.89666666666667,/home/hongsheng/asf_patch_dec/results/exp_260728_181732_ObjPatchDecGentle_full/summary_conf0.3.md,,
asf_patch_dec,DecControlledASF Gentle,exp_260728_181732_ObjPatchDecGentle_A2FUSION_rlc_l1d256_l2p2t32d256g_l2g_scl_mha16,summary_conf_md_condition,full_or_exported_summary,sleet,0.3,bus,,,15.88,4.8,47.43,36.99,57.97,56.51,36.59666666666667,32.766666666666666,/home/hongsheng/asf_patch_dec/results/exp_260728_181732_ObjPatchDecGentle_full/summary_conf0.3.md,,
asf_patch_dec,DecControlledASF Gentle,exp_260728_181732_ObjPatchDecGentle_A2FUSION_rlc_l1d256_l2p2t32d256g_l2g_scl_mha16,summary_conf_md_condition,full_or_exported_summary,lightsnow,0.3,sed,,,67.51,11.19,88.08,62.17,90.88,90.43,68.37666666666667,54.59666666666667,/home/hongsheng/asf_patch_dec/results/exp_260728_181732_ObjPatchDecGentle_full/summary_conf0.3.md,,
asf_patch_dec,DecControlledASF Gentle,exp_260728_181732_ObjPatchDecGentle_A2FUSION_rlc_l1d256_l2p2t32d256g_l2g_scl_mha16,summary_conf_md_condition,full_or_exported_summary,lightsnow,0.3,bus,,,71.54,33.48,88.51,70.69,94.58,86.03,74.13833333333334,63.4,/home/hongsheng/asf_patch_dec/results/exp_260728_181732_ObjPatchDecGentle_full/summary_conf0.3.md,,
asf_patch_dec,DecControlledASF Gentle,exp_260728_181732_ObjPatchDecGentle_A2FUSION_rlc_l1d256_l2p2t32d256g_l2g_scl_mha16,summary_conf_md_condition,full_or_exported_summary,heavysnow,0.3,sed,,,41.42,18.15,59.26,48.54,64.02,61.42,48.80166666666667,42.70333333333334,/home/hongsheng/asf_patch_dec/results/exp_260728_181732_ObjPatchDecGentle_full/summary_conf0.3.md,,
asf_patch_dec,DecControlledASF Gentle,exp_260728_181732_ObjPatchDecGentle_A2FUSION_rlc_l1d256_l2p2t32d256g_l2g_scl_mha16,summary_conf_md_condition,full_or_exported_summary,heavysnow,0.3,bus,,,27.63,10.41,80.76,34.04,87.3,68.7,51.473333333333336,37.71666666666667,/home/hongsheng/asf_patch_dec/results/exp_260728_181732_ObjPatchDecGentle_full/summary_conf0.3.md,,
asf_patch_dec,ObjPatchDec Strong,exp_260728_181732_ObjPatchDecStrong_A2FUSION_rlc_l1d256_l2p2t32d256g_l2g_scl_mha16,summary_conf_md,full_or_exported_summary,all,0.3,sed,,,43.15,12.51,71.09,51.89,75.17,74.48,54.715,46.29333333333333,/home/hongsheng/asf_patch_dec/results/exp_260728_181732_ObjPatchDecStrong_full/summary_conf0.3.md,,
asf_patch_dec,ObjPatchDec Strong,exp_260728_181732_ObjPatchDecStrong_A2FUSION_rlc_l1d256_l2p2t32d256g_l2g_scl_mha16,summary_conf_md,full_or_exported_summary,all,0.3,bus,,,19.25,6.48,50.16,31.27,64.72,55.51,37.89833333333333,31.086666666666662,/home/hongsheng/asf_patch_dec/results/exp_260728_181732_ObjPatchDecStrong_full/summary_conf0.3.md,,
asf_patch_dec,ObjPatchDec Strong,exp_260728_181732_ObjPatchDecStrong_A2FUSION_rlc_l1d256_l2p2t32d256g_l2g_scl_mha16,summary_conf_md_condition,full_or_exported_summary,all,0.3,sed,,,43.15,12.51,71.09,51.89,75.17,74.48,54.715,46.29333333333333,/home/hongsheng/asf_patch_dec/results/exp_260728_181732_ObjPatchDecStrong_full/summary_conf0.3.md,,
asf_patch_dec,ObjPatchDec Strong,exp_260728_181732_ObjPatchDecStrong_A2FUSION_rlc_l1d256_l2p2t32d256g_l2g_scl_mha16,summary_conf_md_condition,full_or_exported_summary,all,0.3,bus,,,19.25,6.48,50.16,31.27,64.72,55.51,37.89833333333333,31.086666666666662,/home/hongsheng/asf_patch_dec/results/exp_260728_181732_ObjPatchDecStrong_full/summary_conf0.3.md,,
asf_patch_dec,ObjPatchDec Strong,exp_260728_181732_ObjPatchDecStrong_A2FUSION_rlc_l1d256_l2p2t32d256g_l2g_scl_mha16,summary_conf_md_condition,full_or_exported_summary,urban,0.3,sed,,,48.98,15.37,74.45,56.63,80.74,77.86,59.004999999999995,49.95333333333334,/home/hongsheng/asf_patch_dec/results/exp_260728_181732_ObjPatchDecStrong_full/summary_conf0.3.md,,
asf_patch_dec,ObjPatchDec Strong,exp_260728_181732_ObjPatchDecStrong_A2FUSION_rlc_l1d256_l2p2t32d256g_l2g_scl_mha16,summary_conf_md_condition,full_or_exported_summary,urban,0.3,bus,,,30.94,12.51,81.71,51.67,88.07,85.53,58.405,49.903333333333336,/home/hongsheng/asf_patch_dec/results/exp_260728_181732_ObjPatchDecStrong_full/summary_conf0.3.md,,
asf_patch_dec,ObjPatchDec Strong,exp_260728_181732_ObjPatchDecStrong_A2FUSION_rlc_l1d256_l2p2t32d256g_l2g_scl_mha16,summary_conf_md_condition,full_or_exported_summary,highway,0.3,sed,,,42.47,5.79,76.67,53.82,83.21,82.58,57.42333333333334,47.39666666666667,/home/hongsheng/asf_patch_dec/results/exp_260728_181732_ObjPatchDecStrong_full/summary_conf0.3.md,,
asf_patch_dec,ObjPatchDec Strong,exp_260728_181732_ObjPatchDecStrong_A2FUSION_rlc_l1d256_l2p2t32d256g_l2g_scl_mha16,summary_conf_md_condition,full_or_exported_summary,highway,0.3,bus,,,20.49,7.17,50.77,30.26,65.2,54.94,38.138333333333335,30.790000000000003,/home/hongsheng/asf_patch_dec/results/exp_260728_181732_ObjPatchDecStrong_full/summary_conf0.3.md,,
asf_patch_dec,ObjPatchDec Strong,exp_260728_181732_ObjPatchDecStrong_A2FUSION_rlc_l1d256_l2p2t32d256g_l2g_scl_mha16,summary_conf_md_condition,full_or_exported_summary,countryside,0.3,sed,,,27.4,5.95,58.12,38.26,65.74,63.52,43.165,35.910000000000004,/home/hongsheng/asf_patch_dec/results/exp_260728_181732_ObjPatchDecStrong_full/summary_conf0.3.md,,
asf_patch_dec,ObjPatchDec Strong,exp_260728_181732_ObjPatchDecStrong_A2FUSION_rlc_l1d256_l2p2t32d256g_l2g_scl_mha16,summary_conf_md_condition,full_or_exported_summary,countryside,0.3,bus,,,5.49,1.12,16.94,11.82,30.97,26.17,15.418333333333335,13.036666666666667,/home/hongsheng/asf_patch_dec/results/exp_260728_181732_ObjPatchDecStrong_full/summary_conf0.3.md,,
asf_patch_dec,ObjPatchDec Strong,exp_260728_181732_ObjPatchDecStrong_A2FUSION_rlc_l1d256_l2p2t32d256g_l2g_scl_mha16,summary_conf_md_condition,full_or_exported_summary,alleyway,0.3,sed,,,14.27,1.75,33.7,19.65,39.68,36.54,24.265,19.313333333333333,/home/hongsheng/asf_patch_dec/results/exp_260728_181732_ObjPatchDecStrong_full/summary_conf0.3.md,,
asf_patch_dec,ObjPatchDec Strong,exp_260728_181732_ObjPatchDecStrong_A2FUSION_rlc_l1d256_l2p2t32d256g_l2g_scl_mha16,summary_conf_md_condition,full_or_exported_summary,alleyway,0.3,bus,,,0.15,0.0,6.59,0.73,19.51,13.36,6.723333333333334,4.696666666666666,/home/hongsheng/asf_patch_dec/results/exp_260728_181732_ObjPatchDecStrong_full/summary_conf0.3.md,,
asf_patch_dec,ObjPatchDec Strong,exp_260728_181732_ObjPatchDecStrong_A2FUSION_rlc_l1d256_l2p2t32d256g_l2g_scl_mha16,summary_conf_md_condition,full_or_exported_summary,parkinglots,0.3,sed,,,29.48,22.83,59.01,43.1,70.87,67.4,48.781666666666666,44.443333333333335,/home/hongsheng/asf_patch_dec/results/exp_260728_181732_ObjPatchDecStrong_full/summary_conf0.3.md,,
asf_patch_dec,ObjPatchDec Strong,exp_260728_181732_ObjPatchDecStrong_A2FUSION_rlc_l1d256_l2p2t32d256g_l2g_scl_mha16,summary_conf_md_condition,full_or_exported_summary,parkinglots,0.3,bus,,,5.22,0.44,42.37,25.15,70.18,64.65,34.66833333333334,30.080000000000002,/home/hongsheng/asf_patch_dec/results/exp_260728_181732_ObjPatchDecStrong_full/summary_conf0.3.md,,
asf_patch_dec,ObjPatchDec Strong,exp_260728_181732_ObjPatchDecStrong_A2FUSION_rlc_l1d256_l2p2t32d256g_l2g_scl_mha16,summary_conf_md_condition,full_or_exported_summary,shoulder,0.3,sed,,,91.84,65.61,97.43,94.66,99.82,97.34,91.11666666666667,85.87,/home/hongsheng/asf_patch_dec/results/exp_260728_181732_ObjPatchDecStrong_full/summary_conf0.3.md,,
asf_patch_dec,ObjPatchDec Strong,exp_260728_181732_ObjPatchDecStrong_A2FUSION_rlc_l1d256_l2p2t32d256g_l2g_scl_mha16,summary_conf_md_condition,full_or_exported_summary,shoulder,0.3,bus,,,0.0,0.0,0.0,0.0,0.0,0.0,0.0,0.0,/home/hongsheng/asf_patch_dec/results/exp_260728_181732_ObjPatchDecStrong_full/summary_conf0.3.md,,
asf_patch_dec,ObjPatchDec Strong,exp_260728_181732_ObjPatchDecStrong_A2FUSION_rlc_l1d256_l2p2t32d256g_l2g_scl_mha16,summary_conf_md_condition,full_or_exported_summary,mountain,0.3,sed,,,72.07,14.01,91.94,70.65,92.26,89.74,71.77833333333334,58.13333333333333,/home/hongsheng/asf_patch_dec/results/exp_260728_181732_ObjPatchDecStrong_full/summary_conf0.3.md,,
asf_patch_dec,ObjPatchDec Strong,exp_260728_181732_ObjPatchDecStrong_A2FUSION_rlc_l1d256_l2p2t32d256g_l2g_scl_mha16,summary_conf_md_condition,full_or_exported_summary,mountain,0.3,bus,,,26.53,6.67,57.09,50.87,63.87,63.54,44.76166666666666,40.36,/home/hongsheng/asf_patch_dec/results/exp_260728_181732_ObjPatchDecStrong_full/summary_conf0.3.md,,
asf_patch_dec,ObjPatchDec Strong,exp_260728_181732_ObjPatchDecStrong_A2FUSION_rlc_l1d256_l2p2t32d256g_l2g_scl_mha16,summary_conf_md_condition,full_or_exported_summary,university,0.3,sed,,,31.27,4.01,66.5,45.49,72.31,69.83,48.23500000000001,39.776666666666664,/home/hongsheng/asf_patch_dec/results/exp_260728_181732_ObjPatchDecStrong_full/summary_conf0.3.md,,
asf_patch_dec,ObjPatchDec Strong,exp_260728_181732_ObjPatchDecStrong_A2FUSION_rlc_l1d256_l2p2t32d256g_l2g_scl_mha16,summary_conf_md_condition,full_or_exported_summary,university,0.3,bus,,,0.0,0.0,0.0,0.0,0.0,0.0,0.0,0.0,/home/hongsheng/asf_patch_dec/results/exp_260728_181732_ObjPatchDecStrong_full/summary_conf0.3.md,,
asf_patch_dec,ObjPatchDec Strong,exp_260728_181732_ObjPatchDecStrong_A2FUSION_rlc_l1d256_l2p2t32d256g_l2g_scl_mha16,summary_conf_md_condition,full_or_exported_summary,day,0.3,sed,,,45.06,12.42,73.42,54.47,77.12,76.57,56.51,47.81999999999999,/home/hongsheng/asf_patch_dec/results/exp_260728_181732_ObjPatchDecStrong_full/summary_conf0.3.md,,
asf_patch_dec,ObjPatchDec Strong,exp_260728_181732_ObjPatchDecStrong_A2FUSION_rlc_l1d256_l2p2t32d256g_l2g_scl_mha16,summary_conf_md_condition,full_or_exported_summary,day,0.3,bus,,,14.72,5.32,43.35,27.92,58.73,54.62,34.11,29.286666666666665,/home/hongsheng/asf_patch_dec/results/exp_260728_181732_ObjPatchDecStrong_full/summary_conf0.3.md,,
asf_patch_dec,ObjPatchDec Strong,exp_260728_181732_ObjPatchDecStrong_A2FUSION_rlc_l1d256_l2p2t32d256g_l2g_scl_mha16,summary_conf_md_condition,full_or_exported_summary,night,0.3,sed,,,40.54,11.52,64.45,44.95,71.31,68.26,50.171666666666674,41.57666666666667,/home/hongsheng/asf_patch_dec/results/exp_260728_181732_ObjPatchDecStrong_full/summary_conf0.3.md,,
asf_patch_dec,ObjPatchDec Strong,exp_260728_181732_ObjPatchDecStrong_A2FUSION_rlc_l1d256_l2p2t32d256g_l2g_scl_mha16,summary_conf_md_condition,full_or_exported_summary,night,0.3,bus,,,26.0,11.23,61.37,35.53,75.18,60.46,44.961666666666666,35.74,/home/hongsheng/asf_patch_dec/results/exp_260728_181732_ObjPatchDecStrong_full/summary_conf0.3.md,,
asf_patch_dec,ObjPatchDec Strong,exp_260728_181732_ObjPatchDecStrong_A2FUSION_rlc_l1d256_l2p2t32d256g_l2g_scl_mha16,summary_conf_md_condition,full_or_exported_summary,normal,0.3,sed,,,36.06,6.97,69.44,48.89,75.81,73.11,51.71333333333334,42.99,/home/hongsheng/asf_patch_dec/results/exp_260728_181732_ObjPatchDecStrong_full/summary_conf0.3.md,,
asf_patch_dec,ObjPatchDec Strong,exp_260728_181732_ObjPatchDecStrong_A2FUSION_rlc_l1d256_l2p2t32d256g_l2g_scl_mha16,summary_conf_md_condition,full_or_exported_summary,normal,0.3,bus,,,12.47,5.45,37.56,26.33,54.88,50.54,31.205,27.439999999999998,/home/hongsheng/asf_patch_dec/results/exp_260728_181732_ObjPatchDecStrong_full/summary_conf0.3.md,,
asf_patch_dec,ObjPatchDec Strong,exp_260728_181732_ObjPatchDecStrong_A2FUSION_rlc_l1d256_l2p2t32d256g_l2g_scl_mha16,summary_conf_md_condition,full_or_exported_summary,overcast,0.3,sed,,,46.41,8.53,79.77,57.35,89.14,82.23,60.571666666666665,49.370000000000005,/home/hongsheng/asf_patch_dec/results/exp_260728_181732_ObjPatchDecStrong_full/summary_conf0.3.md,,
asf_patch_dec,ObjPatchDec Strong,exp_260728_181732_ObjPatchDecStrong_A2FUSION_rlc_l1d256_l2p2t32d256g_l2g_scl_mha16,summary_conf_md_condition,full_or_exported_summary,overcast,0.3,bus,,,31.99,8.94,56.31,45.62,69.41,68.62,46.815,41.06,/home/hongsheng/asf_patch_dec/results/exp_260728_181732_ObjPatchDecStrong_full/summary_conf0.3.md,,
asf_patch_dec,ObjPatchDec Strong,exp_260728_181732_ObjPatchDecStrong_A2FUSION_rlc_l1d256_l2p2t32d256g_l2g_scl_mha16,summary_conf_md_condition,full_or_exported_summary,fog,0.3,sed,,,82.52,40.26,94.79,81.04,94.91,92.36,80.98,71.22,/home/hongsheng/asf_patch_dec/results/exp_260728_181732_ObjPatchDecStrong_full/summary_conf0.3.md,,
asf_patch_dec,ObjPatchDec Strong,exp_260728_181732_ObjPatchDecStrong_A2FUSION_rlc_l1d256_l2p2t32d256g_l2g_scl_mha16,summary_conf_md_condition,full_or_exported_summary,fog,0.3,bus,,,0.0,0.0,0.0,0.0,0.0,0.0,0.0,0.0,/home/hongsheng/asf_patch_dec/results/exp_260728_181732_ObjPatchDecStrong_full/summary_conf0.3.md,,
asf_patch_dec,ObjPatchDec Strong,exp_260728_181732_ObjPatchDecStrong_A2FUSION_rlc_l1d256_l2p2t32d256g_l2g_scl_mha16,summary_conf_md_condition,full_or_exported_summary,rain,0.3,sed,,,43.28,17.39,62.14,46.42,68.97,66.25,50.74166666666667,43.35333333333333,/home/hongsheng/asf_patch_dec/results/exp_260728_181732_ObjPatchDecStrong_full/summary_conf0.3.md,,
asf_patch_dec,ObjPatchDec Strong,exp_260728_181732_ObjPatchDecStrong_A2FUSION_rlc_l1d256_l2p2t32d256g_l2g_scl_mha16,summary_conf_md_condition,full_or_exported_summary,rain,0.3,bus,,,0.41,0.0,2.79,1.2,4.89,4.01,2.2166666666666663,1.7366666666666666,/home/hongsheng/asf_patch_dec/results/exp_260728_181732_ObjPatchDecStrong_full/summary_conf0.3.md,,
asf_patch_dec,ObjPatchDec Strong,exp_260728_181732_ObjPatchDecStrong_A2FUSION_rlc_l1d256_l2p2t32d256g_l2g_scl_mha16,summary_conf_md_condition,full_or_exported_summary,sleet,0.3,sed,,,38.75,7.61,63.71,43.88,75.18,70.09,49.870000000000005,40.52666666666667,/home/hongsheng/asf_patch_dec/results/exp_260728_181732_ObjPatchDecStrong_full/summary_conf0.3.md,,
asf_patch_dec,ObjPatchDec Strong,exp_260728_181732_ObjPatchDecStrong_A2FUSION_rlc_l1d256_l2p2t32d256g_l2g_scl_mha16,summary_conf_md_condition,full_or_exported_summary,sleet,0.3,bus,,,12.01,2.29,41.78,31.04,62.38,55.89,34.23166666666667,29.74,/home/hongsheng/asf_patch_dec/results/exp_260728_181732_ObjPatchDecStrong_full/summary_conf0.3.md,,
asf_patch_dec,ObjPatchDec Strong,exp_260728_181732_ObjPatchDecStrong_A2FUSION_rlc_l1d256_l2p2t32d256g_l2g_scl_mha16,summary_conf_md_condition,full_or_exported_summary,lightsnow,0.3,sed,,,67.55,13.36,90.17,64.43,90.75,90.37,69.43833333333333,56.05333333333334,/home/hongsheng/asf_patch_dec/results/exp_260728_181732_ObjPatchDecStrong_full/summary_conf0.3.md,,
asf_patch_dec,ObjPatchDec Strong,exp_260728_181732_ObjPatchDecStrong_A2FUSION_rlc_l1d256_l2p2t32d256g_l2g_scl_mha16,summary_conf_md_condition,full_or_exported_summary,lightsnow,0.3,bus,,,71.55,43.45,88.88,74.2,94.54,86.78,76.56666666666666,68.14333333333333,/home/hongsheng/asf_patch_dec/results/exp_260728_181732_ObjPatchDecStrong_full/summary_conf0.3.md,,
asf_patch_dec,ObjPatchDec Strong,exp_260728_181732_ObjPatchDecStrong_A2FUSION_rlc_l1d256_l2p2t32d256g_l2g_scl_mha16,summary_conf_md_condition,full_or_exported_summary,heavysnow,0.3,sed,,,40.95,17.08,61.22,49.12,65.82,63.38,49.595,43.19333333333333,/home/hongsheng/asf_patch_dec/results/exp_260728_181732_ObjPatchDecStrong_full/summary_conf0.3.md,,
asf_patch_dec,ObjPatchDec Strong,exp_260728_181732_ObjPatchDecStrong_A2FUSION_rlc_l1d256_l2p2t32d256g_l2g_scl_mha16,summary_conf_md_condition,full_or_exported_summary,heavysnow,0.3,bus,,,27.29,6.18,80.18,32.5,87.34,67.78,50.211666666666666,35.48666666666667,/home/hongsheng/asf_patch_dec/results/exp_260728_181732_ObjPatchDecStrong_full/summary_conf0.3.md,,
asf_patch_dec,ObjPatchDec Strong,exp_260803_210429_ObjPatchDecStrong_model8_full,full_eval_summary,full_or_exported_summary,all,0,sed,,,43.37,11.49,73.6,52.32,81.65,78.51,56.82333333333333,47.44,/home/hongsheng/asf_patch_dec/results/exp_260803_210429_ObjPatchDecStrong_model8_full/full_eval_summary.json,,
asf_patch_dec,ObjPatchDec Strong,exp_260803_210429_ObjPatchDecStrong_model8_full,full_eval_summary,full_or_exported_summary,all,0,bus,,,20.53,7.21,52.23,32.63,68.1,58.11,39.80166666666667,32.65,/home/hongsheng/asf_patch_dec/results/exp_260803_210429_ObjPatchDecStrong_model8_full/full_eval_summary.json,,
asf_patch_dec,ObjPatchDec Strong,exp_260803_210429_ObjPatchDecStrong_model8_full,full_eval_summary,full_or_exported_summary,all,0.3,sed,,,42.74,11.21,71.13,51.67,77.33,74.54,54.77,45.80666666666667,/home/hongsheng/asf_patch_dec/results/exp_260803_210429_ObjPatchDecStrong_model8_full/full_eval_summary.json,,
asf_patch_dec,ObjPatchDec Strong,exp_260803_210429_ObjPatchDecStrong_model8_full,full_eval_summary,full_or_exported_summary,all,0.3,bus,,,20.06,7.42,50.17,32.01,67.15,57.23,39.00666666666667,32.22,/home/hongsheng/asf_patch_dec/results/exp_260803_210429_ObjPatchDecStrong_model8_full/full_eval_summary.json,,
dec_con_asf,TaskDec Robust,exp_260810_221258_TaskDecControlRobust_v1_0_A2FUSION_rlc_l1d256_l2p2t32d256g_l2g_scl_mha16,complete_results,full,all,0.0,sed,,,62.33962398170383,22.315618443567757,86.92891004919485,72.83167422845338,88.56975182254284,87.21060719584646,70.03269762021819,60.78596662262254,/home/hongsheng/dec_con_asf/logs/exp_260810_221258_TaskDecControlRobust_v1_0_A2FUSION_rlc_l1d256_l2p2t32d256g_l2g_scl_mha16/test_kitti/none/0.0/complete_results.txt,,
dec_con_asf,TaskDec Robust,exp_260810_221258_TaskDecControlRobust_v1_0_A2FUSION_rlc_l1d256_l2p2t32d256g_l2g_scl_mha16,complete_results,full,urban,0.0,sed,,,65.07181155154544,26.457642903083485,87.36147849717514,74.891414473609,88.571645257073,87.73860674659026,71.68209990484605,63.029221374427586,/home/hongsheng/dec_con_asf/logs/exp_260810_221258_TaskDecControlRobust_v1_0_A2FUSION_rlc_l1d256_l2p2t32d256g_l2g_scl_mha16/test_kitti/none/0.0/complete_results.txt,,
dec_con_asf,TaskDec Robust,exp_260810_221258_TaskDecControlRobust_v1_0_A2FUSION_rlc_l1d256_l2p2t32d256g_l2g_scl_mha16,complete_results,full,highway,0.0,sed,,,59.329635442394604,14.487660895966343,88.60848206833377,71.36649952641311,89.56724747738697,88.57225724230832,68.65529710880053,58.142139221562594,/home/hongsheng/dec_con_asf/logs/exp_260810_221258_TaskDecControlRobust_v1_0_A2FUSION_rlc_l1d256_l2p2t32d256g_l2g_scl_mha16/test_kitti/none/0.0/complete_results.txt,,
dec_con_asf,TaskDec Robust,exp_260810_221258_TaskDecControlRobust_v1_0_A2FUSION_rlc_l1d256_l2p2t32d256g_l2g_scl_mha16,complete_results,full,countryside,0.0,sed,,,59.25513261793864,5.792138895587173,85.61854811854812,43.56870080612358,87.63769976382143,82.84087898498481,60.785516531167296,44.067239562231855,/home/hongsheng/dec_con_asf/logs/exp_260810_221258_TaskDecControlRobust_v1_0_A2FUSION_rlc_l1d256_l2p2t32d256g_l2g_scl_mha16/test_kitti/none/0.0/complete_results.txt,,
dec_con_asf,TaskDec Robust,exp_260810_221258_TaskDecControlRobust_v1_0_A2FUSION_rlc_l1d256_l2p2t32d256g_l2g_scl_mha16,complete_results,full,alleyway,0.0,sed,,,41.46971631144385,12.909142200518042,65.79085303211968,48.87263258840902,68.02949932495883,67.30612305234251,50.72966108496532,43.029299280423196,/home/hongsheng/dec_con_asf/logs/exp_260810_221258_TaskDecControlRobust_v1_0_A2FUSION_rlc_l1d256_l2p2t32d256g_l2g_scl_mha16/test_kitti/none/0.0/complete_results.txt,,
dec_con_asf,TaskDec Robust,exp_260810_221258_TaskDecControlRobust_v1_0_A2FUSION_rlc_l1d256_l2p2t32d256g_l2g_scl_mha16,complete_results,full,parkinglots,0.0,sed,,,47.25292691857626,38.83632618204279,71.09302965196282,60.901047846294034,80.52685397139913,80.02853097307614,63.106452590558526,59.92196833380432,/home/hongsheng/dec_con_asf/logs/exp_260810_221258_TaskDecControlRobust_v1_0_A2FUSION_rlc_l1d256_l2p2t32d256g_l2g_scl_mha16/test_kitti/none/0.0/complete_results.txt,,
dec_con_asf,TaskDec Robust,exp_260810_221258_TaskDecControlRobust_v1_0_A2FUSION_rlc_l1d256_l2p2t32d256g_l2g_scl_mha16,complete_results,full,shoulder,0.0,sed,,,81.2196968383581,72.63157894736842,90.71205824871296,80.88117336422054,99.36096536038842,90.67718301014406,85.9137759615321,81.39664510724434,/home/hongsheng/dec_con_asf/logs/exp_260810_221258_TaskDecControlRobust_v1_0_A2FUSION_rlc_l1d256_l2p2t32d256g_l2g_scl_mha16/test_kitti/none/0.0/complete_results.txt,,
dec_con_asf,TaskDec Robust,exp_260810_221258_TaskDecControlRobust_v1_0_A2FUSION_rlc_l1d256_l2p2t32d256g_l2g_scl_mha16,complete_results,full,mountain,0.0,sed,,,69.66537122499203,16.311762716227502,98.05601920773076,76.91204686180187,98.28782240656035,98.15266994346209,76.23094872679577,63.792159840497156,/home/hongsheng/dec_con_asf/logs/exp_260810_221258_TaskDecControlRobust_v1_0_A2FUSION_rlc_l1d256_l2p2t32d256g_l2g_scl_mha16/test_kitti/none/0.0/complete_results.txt,,
dec_con_asf,TaskDec Robust,exp_260810_221258_TaskDecControlRobust_v1_0_A2FUSION_rlc_l1d256_l2p2t32d256g_l2g_scl_mha16,complete_results,full,university,0.0,sed,,,61.30004445776751,25.950793735355642,80.07276310109236,74.77688850498522,87.08110783769797,86.10719048313986,69.21479802000643,62.27829090782691,/home/hongsheng/dec_con_asf/logs/exp_260810_221258_TaskDecControlRobust_v1_0_A2FUSION_rlc_l1d256_l2p2t32d256g_l2g_scl_mha16/test_kitti/none/0.0/complete_results.txt,,
dec_con_asf,TaskDec Robust,exp_260810_221258_TaskDecControlRobust_v1_0_A2FUSION_rlc_l1d256_l2p2t32d256g_l2g_scl_mha16,complete_results,full,day,0.0,sed,,,61.46401473500386,22.53767805814946,86.89979206943653,72.98305517865764,88.5697052037764,87.07244839362856,69.92111560644207,60.86439387681188,/home/hongsheng/dec_con_asf/logs/exp_260810_221258_TaskDecControlRobust_v1_0_A2FUSION_rlc_l1d256_l2p2t32d256g_l2g_scl_mha16/test_kitti/none/0.0/complete_results.txt,,
dec_con_asf,TaskDec Robust,exp_260810_221258_TaskDecControlRobust_v1_0_A2FUSION_rlc_l1d256_l2p2t32d256g_l2g_scl_mha16,complete_results,full,night,0.0,sed,,,63.93636080963453,21.905305337520808,86.99000234923467,66.92132208261205,88.50227384780062,87.47898667466374,69.2890418502444,58.768538031598865,/home/hongsheng/dec_con_asf/logs/exp_260810_221258_TaskDecControlRobust_v1_0_A2FUSION_rlc_l1d256_l2p2t32d256g_l2g_scl_mha16/test_kitti/none/0.0/complete_results.txt,,
dec_con_asf,TaskDec Robust,exp_260810_221258_TaskDecControlRobust_v1_0_A2FUSION_rlc_l1d256_l2p2t32d256g_l2g_scl_mha16,complete_results,full,normal,0.0,sed,,,58.96029527284941,15.688133439849535,86.43459706377541,65.76081821177836,88.36330101400296,86.9487589175721,67.02598398663797,56.132570189733336,/home/hongsheng/dec_con_asf/logs/exp_260810_221258_TaskDecControlRobust_v1_0_A2FUSION_rlc_l1d256_l2p2t32d256g_l2g_scl_mha16/test_kitti/none/0.0/complete_results.txt,,
dec_con_asf,TaskDec Robust,exp_260810_221258_TaskDecControlRobust_v1_0_A2FUSION_rlc_l1d256_l2p2t32d256g_l2g_scl_mha16,complete_results,full,overcast,0.0,sed,,,74.2154710911256,20.40279861204626,90.04798045498774,78.68341851241767,90.18635679363346,89.74852933530772,73.88075913325308,62.94491548659055,/home/hongsheng/dec_con_asf/logs/exp_260810_221258_TaskDecControlRobust_v1_0_A2FUSION_rlc_l1d256_l2p2t32d256g_l2g_scl_mha16/test_kitti/none/0.0/complete_results.txt,,
dec_con_asf,TaskDec Robust,exp_260810_221258_TaskDecControlRobust_v1_0_A2FUSION_rlc_l1d256_l2p2t32d256g_l2g_scl_mha16,complete_results,full,fog,0.0,sed,,,76.40692229927647,42.53046676742916,90.69374271122498,79.28605237992812,98.60430738151061,90.75099743832304,79.71208149628207,70.85583886189345,/home/hongsheng/dec_con_asf/logs/exp_260810_221258_TaskDecControlRobust_v1_0_A2FUSION_rlc_l1d256_l2p2t32d256g_l2g_scl_mha16/test_kitti/none/0.0/complete_results.txt,,
dec_con_asf,TaskDec Robust,exp_260810_221258_TaskDecControlRobust_v1_0_A2FUSION_rlc_l1d256_l2p2t32d256g_l2g_scl_mha16,complete_results,full,rain,0.0,sed,,,72.6163079560794,21.42595189783208,88.35174417930287,73.1570678812244,88.65700629354936,87.86948692339323,72.01292752189688,60.817502234149906,/home/hongsheng/dec_con_asf/logs/exp_260810_221258_TaskDecControlRobust_v1_0_A2FUSION_rlc_l1d256_l2p2t32d256g_l2g_scl_mha16/test_kitti/none/0.0/complete_results.txt,,
dec_con_asf,TaskDec Robust,exp_260810_221258_TaskDecControlRobust_v1_0_A2FUSION_rlc_l1d256_l2p2t32d256g_l2g_scl_mha16,complete_results,full,sleet,0.0,sed,,,49.402003982186734,21.159396911524748,78.63484241418081,66.49584308252211,86.81878875175381,80.5035342679457,63.83573490168565,56.05292475399752,/home/hongsheng/dec_con_asf/logs/exp_260810_221258_TaskDecControlRobust_v1_0_A2FUSION_rlc_l1d256_l2p2t32d256g_l2g_scl_mha16/test_kitti/none/0.0/complete_results.txt,,
dec_con_asf,TaskDec Robust,exp_260810_221258_TaskDecControlRobust_v1_0_A2FUSION_rlc_l1d256_l2p2t32d256g_l2g_scl_mha16,complete_results,full,lightsnow,0.0,sed,,,64.67399198932364,31.932724826306725,88.62885838734591,77.60568309957843,89.20373696074829,89.04356562993952,73.51476014887375,66.1939911852749,/home/hongsheng/dec_con_asf/logs/exp_260810_221258_TaskDecControlRobust_v1_0_A2FUSION_rlc_l1d256_l2p2t32d256g_l2g_scl_mha16/test_kitti/none/0.0/complete_results.txt,,
dec_con_asf,TaskDec Robust,exp_260810_221258_TaskDecControlRobust_v1_0_A2FUSION_rlc_l1d256_l2p2t32d256g_l2g_scl_mha16,complete_results,full,heavysnow,0.0,sed,,,52.78754477332269,25.371380995671377,71.38054580512897,66.4774361685321,78.49185226526939,77.25079097007779,61.959925163000385,56.366536044760416,/home/hongsheng/dec_con_asf/logs/exp_260810_221258_TaskDecControlRobust_v1_0_A2FUSION_rlc_l1d256_l2p2t32d256g_l2g_scl_mha16/test_kitti/none/0.0/complete_results.txt,,
dec_con_asf,TaskDec Robust,exp_260810_221258_TaskDecControlRobust_v1_0_A2FUSION_rlc_l1d256_l2p2t32d256g_l2g_scl_mha16,complete_results,full,all,0.3,sed,,,62.33962398170383,22.315618443567757,80.42524501100696,67.20669584968023,80.87225044046366,80.42498136197386,65.59740251473272,56.64909855174062,/home/hongsheng/dec_con_asf/logs/exp_260810_221258_TaskDecControlRobust_v1_0_A2FUSION_rlc_l1d256_l2p2t32d256g_l2g_scl_mha16/test_kitti/none/0.3/complete_results.txt,,
dec_con_asf,TaskDec Robust,exp_260810_221258_TaskDecControlRobust_v1_0_A2FUSION_rlc_l1d256_l2p2t32d256g_l2g_scl_mha16,complete_results,full,urban,0.3,sed,,,65.07181155154544,23.543428099833015,80.81522037772963,69.06086511352402,80.98112372014465,80.81282525979522,66.714212353762,57.80570615771742,/home/hongsheng/dec_con_asf/logs/exp_260810_221258_TaskDecControlRobust_v1_0_A2FUSION_rlc_l1d256_l2p2t32d256g_l2g_scl_mha16/test_kitti/none/0.3/complete_results.txt,,
dec_con_asf,TaskDec Robust,exp_260810_221258_TaskDecControlRobust_v1_0_A2FUSION_rlc_l1d256_l2p2t32d256g_l2g_scl_mha16,complete_results,full,highway,0.3,sed,,,59.329635442394604,14.487660895966343,88.60848206833377,65.71814388471968,89.56724747738697,88.57225724230832,67.71390450185162,56.259354007664776,/home/hongsheng/dec_con_asf/logs/exp_260810_221258_TaskDecControlRobust_v1_0_A2FUSION_rlc_l1d256_l2p2t32d256g_l2g_scl_mha16/test_kitti/none/0.3/complete_results.txt,,
dec_con_asf,TaskDec Robust,exp_260810_221258_TaskDecControlRobust_v1_0_A2FUSION_rlc_l1d256_l2p2t32d256g_l2g_scl_mha16,complete_results,full,countryside,0.3,sed,,,55.724170826107276,5.792138895587173,80.51948051948052,43.56870080612358,87.63769976382143,78.25589874783067,58.58301492649178,42.53891281651381,/home/hongsheng/dec_con_asf/logs/exp_260810_221258_TaskDecControlRobust_v1_0_A2FUSION_rlc_l1d256_l2p2t32d256g_l2g_scl_mha16/test_kitti/none/0.3/complete_results.txt,,
dec_con_asf,TaskDec Robust,exp_260810_221258_TaskDecControlRobust_v1_0_A2FUSION_rlc_l1d256_l2p2t32d256g_l2g_scl_mha16,complete_results,full,alleyway,0.3,sed,,,41.71420113800758,11.554800339847068,59.23957512852862,44.51693136363758,60.729132804499784,60.275279929838035,46.33832011739312,38.78233721110756,/home/hongsheng/dec_con_asf/logs/exp_260810_221258_TaskDecControlRobust_v1_0_A2FUSION_rlc_l1d256_l2p2t32d256g_l2g_scl_mha16/test_kitti/none/0.3/complete_results.txt,,
dec_con_asf,TaskDec Robust,exp_260810_221258_TaskDecControlRobust_v1_0_A2FUSION_rlc_l1d256_l2p2t32d256g_l2g_scl_mha16,complete_results,full,parkinglots,0.3,sed,,,47.25292691857626,38.83632618204279,71.09302965196282,60.901047846294034,72.26518320972838,72.26518320972838,60.43561616972212,57.33418574602174,/home/hongsheng/dec_con_asf/logs/exp_260810_221258_TaskDecControlRobust_v1_0_A2FUSION_rlc_l1d256_l2p2t32d256g_l2g_scl_mha16/test_kitti/none/0.3/complete_results.txt,,
dec_con_asf,TaskDec Robust,exp_260810_221258_TaskDecControlRobust_v1_0_A2FUSION_rlc_l1d256_l2p2t32d256g_l2g_scl_mha16,complete_results,full,shoulder,0.3,sed,,,81.2196968383581,72.63157894736842,90.71205824871296,80.88117336422054,90.79233470917248,90.67718301014406,84.4856708529961,81.39664510724434,/home/hongsheng/dec_con_asf/logs/exp_260810_221258_TaskDecControlRobust_v1_0_A2FUSION_rlc_l1d256_l2p2t32d256g_l2g_scl_mha16/test_kitti/none/0.3/complete_results.txt,,
dec_con_asf,TaskDec Robust,exp_260810_221258_TaskDecControlRobust_v1_0_A2FUSION_rlc_l1d256_l2p2t32d256g_l2g_scl_mha16,complete_results,full,mountain,0.3,sed,,,70.92591591169808,16.311762716227502,90.75744100867863,76.91204686180187,90.88584050220878,90.86270871985157,72.77595262007775,61.36217276596031,/home/hongsheng/dec_con_asf/logs/exp_260810_221258_TaskDecControlRobust_v1_0_A2FUSION_rlc_l1d256_l2p2t32d256g_l2g_scl_mha16/test_kitti/none/0.3/complete_results.txt,,
dec_con_asf,TaskDec Robust,exp_260810_221258_TaskDecControlRobust_v1_0_A2FUSION_rlc_l1d256_l2p2t32d256g_l2g_scl_mha16,complete_results,full,university,0.3,sed,,,56.146654297237895,26.36184593846529,80.07276310109236,68.96761766272664,80.52211546343699,79.66815355399926,65.28985833615974,58.3325390517304,/home/hongsheng/dec_con_asf/logs/exp_260810_221258_TaskDecControlRobust_v1_0_A2FUSION_rlc_l1d256_l2p2t32d256g_l2g_scl_mha16/test_kitti/none/0.3/complete_results.txt,,
dec_con_asf,TaskDec Robust,exp_260810_221258_TaskDecControlRobust_v1_0_A2FUSION_rlc_l1d256_l2p2t32d256g_l2g_scl_mha16,complete_results,full,day,0.3,sed,,,61.5061233109822,22.53767805814946,80.39259635669718,67.33903442040136,88.94061849377306,80.26644327633149,66.83041565272246,56.71438525162744,/home/hongsheng/dec_con_asf/logs/exp_260810_221258_TaskDecControlRobust_v1_0_A2FUSION_rlc_l1d256_l2p2t32d256g_l2g_scl_mha16/test_kitti/none/0.3/complete_results.txt,,
dec_con_asf,TaskDec Robust,exp_260810_221258_TaskDecControlRobust_v1_0_A2FUSION_rlc_l1d256_l2p2t32d256g_l2g_scl_mha16,complete_results,full,night,0.3,sed,,,63.93636080963453,21.905305337520808,80.46610674919941,66.92132208261205,81.01216074671494,80.7362033915961,65.82957651954631,56.52094360390965,/home/hongsheng/dec_con_asf/logs/exp_260810_221258_TaskDecControlRobust_v1_0_A2FUSION_rlc_l1d256_l2p2t32d256g_l2g_scl_mha16/test_kitti/none/0.3/complete_results.txt,,
dec_con_asf,TaskDec Robust,exp_260810_221258_TaskDecControlRobust_v1_0_A2FUSION_rlc_l1d256_l2p2t32d256g_l2g_scl_mha16,complete_results,full,normal,0.3,sed,,,60.042134445858494,15.688133439849535,79.9374733327758,65.76081821177836,88.65530532640709,79.88674808072685,64.99510213956601,53.77856657745158,/home/hongsheng/dec_con_asf/logs/exp_260810_221258_TaskDecControlRobust_v1_0_A2FUSION_rlc_l1d256_l2p2t32d256g_l2g_scl_mha16/test_kitti/none/0.3/complete_results.txt,,
dec_con_asf,TaskDec Robust,exp_260810_221258_TaskDecControlRobust_v1_0_A2FUSION_rlc_l1d256_l2p2t32d256g_l2g_scl_mha16,complete_results,full,overcast,0.3,sed,,,74.2154710911256,20.99100436877488,90.16031796446907,78.68341851241767,90.21441087224402,89.88532085062437,74.0249906099426,63.186581243938974,/home/hongsheng/dec_con_asf/logs/exp_260810_221258_TaskDecControlRobust_v1_0_A2FUSION_rlc_l1d256_l2p2t32d256g_l2g_scl_mha16/test_kitti/none/0.3/complete_results.txt,,
dec_con_asf,TaskDec Robust,exp_260810_221258_TaskDecControlRobust_v1_0_A2FUSION_rlc_l1d256_l2p2t32d256g_l2g_scl_mha16,complete_results,full,fog,0.3,sed,,,76.40692229927647,42.53046676742916,90.69374271122498,79.28605237992812,90.81852880365282,90.75099743832304,78.41445173330577,70.85583886189345,/home/hongsheng/dec_con_asf/logs/exp_260810_221258_TaskDecControlRobust_v1_0_A2FUSION_rlc_l1d256_l2p2t32d256g_l2g_scl_mha16/test_kitti/none/0.3/complete_results.txt,,
dec_con_asf,TaskDec Robust,exp_260810_221258_TaskDecControlRobust_v1_0_A2FUSION_rlc_l1d256_l2p2t32d256g_l2g_scl_mha16,complete_results,full,rain,0.3,sed,,,66.40056692805169,21.42595189783208,80.88977847053688,67.06543482713401,80.98189452007692,80.72001908442978,66.24727428801022,56.40380193646529,/home/hongsheng/dec_con_asf/logs/exp_260810_221258_TaskDecControlRobust_v1_0_A2FUSION_rlc_l1d256_l2p2t32d256g_l2g_scl_mha16/test_kitti/none/0.3/complete_results.txt,,
dec_con_asf,TaskDec Robust,exp_260810_221258_TaskDecControlRobust_v1_0_A2FUSION_rlc_l1d256_l2p2t32d256g_l2g_scl_mha16,complete_results,full,sleet,0.3,sed,,,44.517817905665666,21.159396911524748,71.33609982132056,66.85929821151977,80.8088082787662,80.5035342679457,60.864159232790435,56.174076463663404,/home/hongsheng/dec_con_asf/logs/exp_260810_221258_TaskDecControlRobust_v1_0_A2FUSION_rlc_l1d256_l2p2t32d256g_l2g_scl_mha16/test_kitti/none/0.3/complete_results.txt,,
dec_con_asf,TaskDec Robust,exp_260810_221258_TaskDecControlRobust_v1_0_A2FUSION_rlc_l1d256_l2p2t32d256g_l2g_scl_mha16,complete_results,full,lightsnow,0.3,sed,,,64.67399198932364,31.932724826306725,88.9251409228941,77.63634856127837,89.287267447787,89.24490533645937,73.61672984734153,66.27132624134815,/home/hongsheng/dec_con_asf/logs/exp_260810_221258_TaskDecControlRobust_v1_0_A2FUSION_rlc_l1d256_l2p2t32d256g_l2g_scl_mha16/test_kitti/none/0.3/complete_results.txt,,
dec_con_asf,TaskDec Robust,exp_260810_221258_TaskDecControlRobust_v1_0_A2FUSION_rlc_l1d256_l2p2t32d256g_l2g_scl_mha16,complete_results,full,heavysnow,0.3,sed,,,52.89977436501817,25.371380995671377,71.38054580512897,61.71096655144736,71.9438985008208,71.78133365527776,59.18131664556074,52.95456040079883,/home/hongsheng/dec_con_asf/logs/exp_260810_221258_TaskDecControlRobust_v1_0_A2FUSION_rlc_l1d256_l2p2t32d256g_l2g_scl_mha16/test_kitti/none/0.3/complete_results.txt,,
dec_con_asf,TaskDec Balanced,exp_260810_221300_TaskDecControlBalanced_v1_0_A2FUSION_rlc_l1d256_l2p2t32d256g_l2g_scl_mha16,complete_results,full,all,0.0,sed,,,63.39200313499607,19.647517350211327,87.33365492831572,73.39356092240784,88.72869351526946,87.76152607891187,70.04282598835205,60.26753478384368,/home/hongsheng/dec_con_asf/logs/exp_260810_221300_TaskDecControlBalanced_v1_0_A2FUSION_rlc_l1d256_l2p2t32d256g_l2g_scl_mha16/test_kitti/none/0.0/complete_results.txt,,
dec_con_asf,TaskDec Balanced,exp_260810_221300_TaskDecControlBalanced_v1_0_A2FUSION_rlc_l1d256_l2p2t32d256g_l2g_scl_mha16,complete_results,full,urban,0.0,sed,,,67.04442022623988,27.5282626436044,87.54891355611973,75.73700454803253,88.69346258059636,88.08373891536779,72.43930041166011,63.78300203566824,/home/hongsheng/dec_con_asf/logs/exp_260810_221300_TaskDecControlBalanced_v1_0_A2FUSION_rlc_l1d256_l2p2t32d256g_l2g_scl_mha16/test_kitti/none/0.0/complete_results.txt,,
dec_con_asf,TaskDec Balanced,exp_260810_221300_TaskDecControlBalanced_v1_0_A2FUSION_rlc_l1d256_l2p2t32d256g_l2g_scl_mha16,complete_results,full,highway,0.0,sed,,,59.078859157587694,13.764903912448803,88.78884965821808,69.80424237951172,89.67029282881339,88.89513691399617,68.33371414176264,57.48809440198556,/home/hongsheng/dec_con_asf/logs/exp_260810_221300_TaskDecControlBalanced_v1_0_A2FUSION_rlc_l1d256_l2p2t32d256g_l2g_scl_mha16/test_kitti/none/0.0/complete_results.txt,,
dec_con_asf,TaskDec Balanced,exp_260810_221300_TaskDecControlBalanced_v1_0_A2FUSION_rlc_l1d256_l2p2t32d256g_l2g_scl_mha16,complete_results,full,countryside,0.0,sed,,,55.293074738326276,11.876832844574778,87.35943943725087,43.45949397673536,88.3340560358826,84.38593489065984,61.78480532057162,46.57408723732332,/home/hongsheng/dec_con_asf/logs/exp_260810_221300_TaskDecControlBalanced_v1_0_A2FUSION_rlc_l1d256_l2p2t32d256g_l2g_scl_mha16/test_kitti/none/0.0/complete_results.txt,,
dec_con_asf,TaskDec Balanced,exp_260810_221300_TaskDecControlBalanced_v1_0_A2FUSION_rlc_l1d256_l2p2t32d256g_l2g_scl_mha16,complete_results,full,alleyway,0.0,sed,,,40.47718378844408,7.024793388429752,66.07853663405282,50.728839882632634,74.16219245721012,67.6109077773611,51.01374232135509,41.788180349474494,/home/hongsheng/dec_con_asf/logs/exp_260810_221300_TaskDecControlBalanced_v1_0_A2FUSION_rlc_l1d256_l2p2t32d256g_l2g_scl_mha16/test_kitti/none/0.0/complete_results.txt,,
dec_con_asf,TaskDec Balanced,exp_260810_221300_TaskDecControlBalanced_v1_0_A2FUSION_rlc_l1d256_l2p2t32d256g_l2g_scl_mha16,complete_results,full,parkinglots,0.0,sed,,,49.72475474331109,47.19291847286803,71.05643245178129,60.414445729816215,80.73910027333596,80.24413619854343,64.895297978276,62.61716680040922,/home/hongsheng/dec_con_asf/logs/exp_260810_221300_TaskDecControlBalanced_v1_0_A2FUSION_rlc_l1d256_l2p2t32d256g_l2g_scl_mha16/test_kitti/none/0.0/complete_results.txt,,
dec_con_asf,TaskDec Balanced,exp_260810_221300_TaskDecControlBalanced_v1_0_A2FUSION_rlc_l1d256_l2p2t32d256g_l2g_scl_mha16,complete_results,full,shoulder,0.0,sed,,,89.22117557123482,72.70315891005546,90.75668799388382,81.10980602638,99.70208511520543,90.64334071344976,87.35604238836822,81.4854352166284,/home/hongsheng/dec_con_asf/logs/exp_260810_221300_TaskDecControlBalanced_v1_0_A2FUSION_rlc_l1d256_l2p2t32d256g_l2g_scl_mha16/test_kitti/none/0.0/complete_results.txt,,
dec_con_asf,TaskDec Balanced,exp_260810_221300_TaskDecControlBalanced_v1_0_A2FUSION_rlc_l1d256_l2p2t32d256g_l2g_scl_mha16,complete_results,full,mountain,0.0,sed,,,73.0554426519249,20.31103313806095,98.65112865157572,85.47710972453487,98.79094907208251,98.64992795977903,79.15593186632633,68.14602360745829,/home/hongsheng/dec_con_asf/logs/exp_260810_221300_TaskDecControlBalanced_v1_0_A2FUSION_rlc_l1d256_l2p2t32d256g_l2g_scl_mha16/test_kitti/none/0.0/complete_results.txt,,
dec_con_asf,TaskDec Balanced,exp_260810_221300_TaskDecControlBalanced_v1_0_A2FUSION_rlc_l1d256_l2p2t32d256g_l2g_scl_mha16,complete_results,full,university,0.0,sed,,,61.94773848297609,31.48424711904664,79.90854997539007,76.0128023516236,87.21555902350092,86.53493031897713,70.5173045452524,64.67732659654912,/home/hongsheng/dec_con_asf/logs/exp_260810_221300_TaskDecControlBalanced_v1_0_A2FUSION_rlc_l1d256_l2p2t32d256g_l2g_scl_mha16/test_kitti/none/0.0/complete_results.txt,,
dec_con_asf,TaskDec Balanced,exp_260810_221300_TaskDecControlBalanced_v1_0_A2FUSION_rlc_l1d256_l2p2t32d256g_l2g_scl_mha16,complete_results,full,day,0.0,sed,,,62.146007297549765,19.717028890336284,87.19226176545814,72.60736518395879,88.77507200772683,87.73795860532412,69.69594895839232,60.02078422653974,/home/hongsheng/dec_con_asf/logs/exp_260810_221300_TaskDecControlBalanced_v1_0_A2FUSION_rlc_l1d256_l2p2t32d256g_l2g_scl_mha16/test_kitti/none/0.0/complete_results.txt,,
dec_con_asf,TaskDec Balanced,exp_260810_221300_TaskDecControlBalanced_v1_0_A2FUSION_rlc_l1d256_l2p2t32d256g_l2g_scl_mha16,complete_results,full,night,0.0,sed,,,65.60512867873331,20.14801899466253,87.66089056413641,74.01301597926295,88.56782266042725,87.95193699371644,70.65780231182315,60.704323989213975,/home/hongsheng/dec_con_asf/logs/exp_260810_221300_TaskDecControlBalanced_v1_0_A2FUSION_rlc_l1d256_l2p2t32d256g_l2g_scl_mha16/test_kitti/none/0.0/complete_results.txt,,
dec_con_asf,TaskDec Balanced,exp_260810_221300_TaskDecControlBalanced_v1_0_A2FUSION_rlc_l1d256_l2p2t32d256g_l2g_scl_mha16,complete_results,full,normal,0.0,sed,,,58.50534231242867,16.124077897543653,86.492536503603,64.70275691738814,88.40494308365358,87.31272273795769,66.92372990876245,56.04651918429649,/home/hongsheng/dec_con_asf/logs/exp_260810_221300_TaskDecControlBalanced_v1_0_A2FUSION_rlc_l1d256_l2p2t32d256g_l2g_scl_mha16/test_kitti/none/0.0/complete_results.txt,,
dec_con_asf,TaskDec Balanced,exp_260810_221300_TaskDecControlBalanced_v1_0_A2FUSION_rlc_l1d256_l2p2t32d256g_l2g_scl_mha16,complete_results,full,overcast,0.0,sed,,,72.84690761910791,16.401334326521358,90.35421245436109,78.68970997112018,90.41936357545531,90.37861542858624,73.18169056252535,61.823219908742594,/home/hongsheng/dec_con_asf/logs/exp_260810_221300_TaskDecControlBalanced_v1_0_A2FUSION_rlc_l1d256_l2p2t32d256g_l2g_scl_mha16/test_kitti/none/0.0/complete_results.txt,,
dec_con_asf,TaskDec Balanced,exp_260810_221300_TaskDecControlBalanced_v1_0_A2FUSION_rlc_l1d256_l2p2t32d256g_l2g_scl_mha16,complete_results,full,fog,0.0,sed,,,77.77310842049624,43.85017553673657,98.92949701904875,79.84026865214375,99.06953031027636,90.68295341846849,81.69092222619503,71.4577992024496,/home/hongsheng/dec_con_asf/logs/exp_260810_221300_TaskDecControlBalanced_v1_0_A2FUSION_rlc_l1d256_l2p2t32d256g_l2g_scl_mha16/test_kitti/none/0.0/complete_results.txt,,
dec_con_asf,TaskDec Balanced,exp_260810_221300_TaskDecControlBalanced_v1_0_A2FUSION_rlc_l1d256_l2p2t32d256g_l2g_scl_mha16,complete_results,full,rain,0.0,sed,,,73.89236705792354,19.785634834102613,88.30023926544278,74.10396728850213,88.6464287460193,87.98914563061511,72.11963047043425,60.62624925107329,/home/hongsheng/dec_con_asf/logs/exp_260810_221300_TaskDecControlBalanced_v1_0_A2FUSION_rlc_l1d256_l2p2t32d256g_l2g_scl_mha16/test_kitti/none/0.0/complete_results.txt,,
dec_con_asf,TaskDec Balanced,exp_260810_221300_TaskDecControlBalanced_v1_0_A2FUSION_rlc_l1d256_l2p2t32d256g_l2g_scl_mha16,complete_results,full,sleet,0.0,sed,,,56.52993294429314,18.073526405189448,79.60008779379696,67.74532465643308,80.7876381117494,80.56035123707423,63.88281019142271,55.45973409956559,/home/hongsheng/dec_con_asf/logs/exp_260810_221300_TaskDecControlBalanced_v1_0_A2FUSION_rlc_l1d256_l2p2t32d256g_l2g_scl_mha16/test_kitti/none/0.0/complete_results.txt,,
dec_con_asf,TaskDec Balanced,exp_260810_221300_TaskDecControlBalanced_v1_0_A2FUSION_rlc_l1d256_l2p2t32d256g_l2g_scl_mha16,complete_results,full,lightsnow,0.0,sed,,,73.99415752610102,34.92080882925328,88.75238715702864,78.23852349977638,89.50638792521394,89.22219616820387,75.77241018426285,67.46050949907784,/home/hongsheng/dec_con_asf/logs/exp_260810_221300_TaskDecControlBalanced_v1_0_A2FUSION_rlc_l1d256_l2p2t32d256g_l2g_scl_mha16/test_kitti/none/0.0/complete_results.txt,,
dec_con_asf,TaskDec Balanced,exp_260810_221300_TaskDecControlBalanced_v1_0_A2FUSION_rlc_l1d256_l2p2t32d256g_l2g_scl_mha16,complete_results,full,heavysnow,0.0,sed,,,56.74827997961533,31.88656694724703,70.9919680704139,66.9533306289969,78.67269814694153,77.79070395122912,63.8405912874073,58.876867175824344,/home/hongsheng/dec_con_asf/logs/exp_260810_221300_TaskDecControlBalanced_v1_0_A2FUSION_rlc_l1d256_l2p2t32d256g_l2g_scl_mha16/test_kitti/none/0.0/complete_results.txt,,
dec_con_asf,TaskDec Balanced,exp_260810_221300_TaskDecControlBalanced_v1_0_A2FUSION_rlc_l1d256_l2p2t32d256g_l2g_scl_mha16,complete_results,full,all,0.3,sed,,,63.39200313499607,19.647517350211327,80.48399601452854,67.44712259119997,80.92657798314836,80.59120185885928,65.41473648882392,55.89528060009019,/home/hongsheng/dec_con_asf/logs/exp_260810_221300_TaskDecControlBalanced_v1_0_A2FUSION_rlc_l1d256_l2p2t32d256g_l2g_scl_mha16/test_kitti/none/0.3/complete_results.txt,,
dec_con_asf,TaskDec Balanced,exp_260810_221300_TaskDecControlBalanced_v1_0_A2FUSION_rlc_l1d256_l2p2t32d256g_l2g_scl_mha16,complete_results,full,urban,0.3,sed,,,67.04442022623988,24.58953099167025,80.7354660673077,69.43295356942534,80.95303507864855,80.75735967504546,67.25212760138953,58.259948078713684,/home/hongsheng/dec_con_asf/logs/exp_260810_221300_TaskDecControlBalanced_v1_0_A2FUSION_rlc_l1d256_l2p2t32d256g_l2g_scl_mha16/test_kitti/none/0.3/complete_results.txt,,
dec_con_asf,TaskDec Balanced,exp_260810_221300_TaskDecControlBalanced_v1_0_A2FUSION_rlc_l1d256_l2p2t32d256g_l2g_scl_mha16,complete_results,full,highway,0.3,sed,,,59.078859157587694,13.764903912448803,88.78884965821808,63.80203616317274,89.67029282881339,88.89513691399617,67.33334643903949,55.487358996539236,/home/hongsheng/dec_con_asf/logs/exp_260810_221300_TaskDecControlBalanced_v1_0_A2FUSION_rlc_l1d256_l2p2t32d256g_l2g_scl_mha16/test_kitti/none/0.3/complete_results.txt,,
dec_con_asf,TaskDec Balanced,exp_260810_221300_TaskDecControlBalanced_v1_0_A2FUSION_rlc_l1d256_l2p2t32d256g_l2g_scl_mha16,complete_results,full,countryside,0.3,sed,,,55.293074738326276,11.876832844574778,80.91851194369181,43.45949397673536,88.56645246393118,79.13540983815459,59.874962634235665,44.82391221982158,/home/hongsheng/dec_con_asf/logs/exp_260810_221300_TaskDecControlBalanced_v1_0_A2FUSION_rlc_l1d256_l2p2t32d256g_l2g_scl_mha16/test_kitti/none/0.3/complete_results.txt,,
dec_con_asf,TaskDec Balanced,exp_260810_221300_TaskDecControlBalanced_v1_0_A2FUSION_rlc_l1d256_l2p2t32d256g_l2g_scl_mha16,complete_results,full,alleyway,0.3,sed,,,35.94738522879478,7.024793388429752,59.5233707317059,45.97563226654204,60.99997999497441,60.74611315619607,45.03621246110716,37.91551293705596,/home/hongsheng/dec_con_asf/logs/exp_260810_221300_TaskDecControlBalanced_v1_0_A2FUSION_rlc_l1d256_l2p2t32d256g_l2g_scl_mha16/test_kitti/none/0.3/complete_results.txt,,
dec_con_asf,TaskDec Balanced,exp_260810_221300_TaskDecControlBalanced_v1_0_A2FUSION_rlc_l1d256_l2p2t32d256g_l2g_scl_mha16,complete_results,full,parkinglots,0.3,sed,,,49.72475474331109,47.19291847286803,71.05643245178129,60.414445729816215,72.42122766974907,72.38489866188655,62.19911295490204,59.99742095485693,/home/hongsheng/dec_con_asf/logs/exp_260810_221300_TaskDecControlBalanced_v1_0_A2FUSION_rlc_l1d256_l2p2t32d256g_l2g_scl_mha16/test_kitti/none/0.3/complete_results.txt,,
dec_con_asf,TaskDec Balanced,exp_260810_221300_TaskDecControlBalanced_v1_0_A2FUSION_rlc_l1d256_l2p2t32d256g_l2g_scl_mha16,complete_results,full,shoulder,0.3,sed,,,81.26240571655418,72.70315891005546,90.75668799388382,81.10980602638,90.813947230785,90.64334071344976,84.54822443185138,81.4854352166284,/home/hongsheng/dec_con_asf/logs/exp_260810_221300_TaskDecControlBalanced_v1_0_A2FUSION_rlc_l1d256_l2p2t32d256g_l2g_scl_mha16/test_kitti/none/0.3/complete_results.txt,,
dec_con_asf,TaskDec Balanced,exp_260810_221300_TaskDecControlBalanced_v1_0_A2FUSION_rlc_l1d256_l2p2t32d256g_l2g_scl_mha16,complete_results,full,mountain,0.3,sed,,,73.0554426519249,20.758140298176908,90.81033446093319,86.41434440876871,90.88581073216156,90.79994174781102,75.45400238329604,65.9908088182522,/home/hongsheng/dec_con_asf/logs/exp_260810_221300_TaskDecControlBalanced_v1_0_A2FUSION_rlc_l1d256_l2p2t32d256g_l2g_scl_mha16/test_kitti/none/0.3/complete_results.txt,,
dec_con_asf,TaskDec Balanced,exp_260810_221300_TaskDecControlBalanced_v1_0_A2FUSION_rlc_l1d256_l2p2t32d256g_l2g_scl_mha16,complete_results,full,university,0.3,sed,,,56.838506629558196,31.48424711904664,79.90936263696075,70.0446910056053,80.61465514726244,80.05135653138804,66.49046984497024,60.52676488534666,/home/hongsheng/dec_con_asf/logs/exp_260810_221300_TaskDecControlBalanced_v1_0_A2FUSION_rlc_l1d256_l2p2t32d256g_l2g_scl_mha16/test_kitti/none/0.3/complete_results.txt,,
dec_con_asf,TaskDec Balanced,exp_260810_221300_TaskDecControlBalanced_v1_0_A2FUSION_rlc_l1d256_l2p2t32d256g_l2g_scl_mha16,complete_results,full,day,0.3,sed,,,62.2836655560029,19.717028890336284,80.42429745377686,66.72468517283842,89.10614880253391,80.49998201285781,66.45930131472436,55.647232025344174,/home/hongsheng/dec_con_asf/logs/exp_260810_221300_TaskDecControlBalanced_v1_0_A2FUSION_rlc_l1d256_l2p2t32d256g_l2g_scl_mha16/test_kitti/none/0.3/complete_results.txt,,
dec_con_asf,TaskDec Balanced,exp_260810_221300_TaskDecControlBalanced_v1_0_A2FUSION_rlc_l1d256_l2p2t32d256g_l2g_scl_mha16,complete_results,full,night,0.3,sed,,,65.60512867873331,20.14801899466253,80.64925372793816,67.90987934981054,81.03911685850046,80.78454519156394,66.02265713353482,56.280814512012334,/home/hongsheng/dec_con_asf/logs/exp_260810_221300_TaskDecControlBalanced_v1_0_A2FUSION_rlc_l1d256_l2p2t32d256g_l2g_scl_mha16/test_kitti/none/0.3/complete_results.txt,,
dec_con_asf,TaskDec Balanced,exp_260810_221300_TaskDecControlBalanced_v1_0_A2FUSION_rlc_l1d256_l2p2t32d256g_l2g_scl_mha16,complete_results,full,normal,0.3,sed,,,53.391655394310746,16.124077897543653,79.8711127276281,64.70275691738814,88.71086134198003,80.07262045420845,63.812180788843186,53.63315175638008,/home/hongsheng/dec_con_asf/logs/exp_260810_221300_TaskDecControlBalanced_v1_0_A2FUSION_rlc_l1d256_l2p2t32d256g_l2g_scl_mha16/test_kitti/none/0.3/complete_results.txt,,
dec_con_asf,TaskDec Balanced,exp_260810_221300_TaskDecControlBalanced_v1_0_A2FUSION_rlc_l1d256_l2p2t32d256g_l2g_scl_mha16,complete_results,full,overcast,0.3,sed,,,66.01002022666496,16.401334326521358,90.35421245436109,78.68970997112018,90.41936357545531,90.37861542858624,72.04220933045153,61.823219908742594,/home/hongsheng/dec_con_asf/logs/exp_260810_221300_TaskDecControlBalanced_v1_0_A2FUSION_rlc_l1d256_l2p2t32d256g_l2g_scl_mha16/test_kitti/none/0.3/complete_results.txt,,
dec_con_asf,TaskDec Balanced,exp_260810_221300_TaskDecControlBalanced_v1_0_A2FUSION_rlc_l1d256_l2p2t32d256g_l2g_scl_mha16,complete_results,full,fog,0.3,sed,,,77.77310842049624,43.85017553673657,90.76550414917352,79.84026865214375,90.8342361926293,90.68295341846849,78.95770772827466,71.4577992024496,/home/hongsheng/dec_con_asf/logs/exp_260810_221300_TaskDecControlBalanced_v1_0_A2FUSION_rlc_l1d256_l2p2t32d256g_l2g_scl_mha16/test_kitti/none/0.3/complete_results.txt,,
dec_con_asf,TaskDec Balanced,exp_260810_221300_TaskDecControlBalanced_v1_0_A2FUSION_rlc_l1d256_l2p2t32d256g_l2g_scl_mha16,complete_results,full,rain,0.3,sed,,,67.56222688596219,19.785634834102613,80.89549447752043,67.81649742440707,81.0299633775204,80.65644510854582,66.29104368467642,56.08619245568517,/home/hongsheng/dec_con_asf/logs/exp_260810_221300_TaskDecControlBalanced_v1_0_A2FUSION_rlc_l1d256_l2p2t32d256g_l2g_scl_mha16/test_kitti/none/0.3/complete_results.txt,,
dec_con_asf,TaskDec Balanced,exp_260810_221300_TaskDecControlBalanced_v1_0_A2FUSION_rlc_l1d256_l2p2t32d256g_l2g_scl_mha16,complete_results,full,sleet,0.3,sed,,,56.52993294429314,18.073526405189448,79.82018696935533,67.74532465643308,80.7876381117494,80.58065440302133,63.922877248340285,55.46650182154795,/home/hongsheng/dec_con_asf/logs/exp_260810_221300_TaskDecControlBalanced_v1_0_A2FUSION_rlc_l1d256_l2p2t32d256g_l2g_scl_mha16/test_kitti/none/0.3/complete_results.txt,,
dec_con_asf,TaskDec Balanced,exp_260810_221300_TaskDecControlBalanced_v1_0_A2FUSION_rlc_l1d256_l2p2t32d256g_l2g_scl_mha16,complete_results,full,lightsnow,0.3,sed,,,68.06230485676733,34.92080882925328,80.95561450964087,78.23852349977638,89.60782753751228,89.49985616099322,73.54748923232388,67.55306283000762,/home/hongsheng/dec_con_asf/logs/exp_260810_221300_TaskDecControlBalanced_v1_0_A2FUSION_rlc_l1d256_l2p2t32d256g_l2g_scl_mha16/test_kitti/none/0.3/complete_results.txt,,
dec_con_asf,TaskDec Balanced,exp_260810_221300_TaskDecControlBalanced_v1_0_A2FUSION_rlc_l1d256_l2p2t32d256g_l2g_scl_mha16,complete_results,full,heavysnow,0.3,sed,,,56.74827997961533,28.76986016455247,70.9919680704139,61.54744408734012,71.88205472051763,71.7028329533324,60.27373999596198,54.00671240174166,/home/hongsheng/dec_con_asf/logs/exp_260810_221300_TaskDecControlBalanced_v1_0_A2FUSION_rlc_l1d256_l2p2t32d256g_l2g_scl_mha16/test_kitti/none/0.3/complete_results.txt,,
dec_con_asf,TaskDec Balanced,exp_260812_211936_TaskDecControlBalanced_v1_0_A2FUSION_rlc_l1d256_l2p2t32d256g_l2g_scl_mha16,subset_eval_summary,subset_eval,subset_all,0.0,sed,0,/home/hongsheng/dec_con_asf/logs/exp_260810_221300_TaskDecControlBalanced_v1_0_A2FUSION_rlc_l1d256_l2p2t32d256g_l2g_scl_mha16/models/model_0.pt,62.81,18.7,87.37,73.16,88.83,87.88,69.79166666666667,59.91333333333333,/home/hongsheng/dec_con_asf/logs/exp_260812_211936_TaskDecControlBalanced_v1_0_A2FUSION_rlc_l1d256_l2p2t32d256g_l2g_scl_mha16/subset_eval_summary.json,,
dec_con_asf,TaskDec Balanced,exp_260812_211936_TaskDecControlBalanced_v1_0_A2FUSION_rlc_l1d256_l2p2t32d256g_l2g_scl_mha16,subset_eval_summary,subset_eval,subset_all,0.3,sed,0,/home/hongsheng/dec_con_asf/logs/exp_260810_221300_TaskDecControlBalanced_v1_0_A2FUSION_rlc_l1d256_l2p2t32d256g_l2g_scl_mha16/models/model_0.pt,62.81,18.7,88.04,74.59,88.83,88.15,70.18666666666667,60.48,/home/hongsheng/dec_con_asf/logs/exp_260812_211936_TaskDecControlBalanced_v1_0_A2FUSION_rlc_l1d256_l2p2t32d256g_l2g_scl_mha16/subset_eval_summary.json,,
dec_con_asf,TaskDec Balanced,exp_260812_211936_TaskDecControlBalanced_v1_0_A2FUSION_rlc_l1d256_l2p2t32d256g_l2g_scl_mha16,subset_eval_summary,subset_eval,subset_all,0.0,sed,1,/home/hongsheng/dec_con_asf/logs/exp_260810_221300_TaskDecControlBalanced_v1_0_A2FUSION_rlc_l1d256_l2p2t32d256g_l2g_scl_mha16/models/model_1.pt,61.28,17.75,86.72,70.72,88.81,87.98,68.87666666666667,58.81666666666666,/home/hongsheng/dec_con_asf/logs/exp_260812_211936_TaskDecControlBalanced_v1_0_A2FUSION_rlc_l1d256_l2p2t32d256g_l2g_scl_mha16/subset_eval_summary.json,,
dec_con_asf,TaskDec Balanced,exp_260812_211936_TaskDecControlBalanced_v1_0_A2FUSION_rlc_l1d256_l2p2t32d256g_l2g_scl_mha16,subset_eval_summary,subset_eval,subset_all,0.3,sed,1,/home/hongsheng/dec_con_asf/logs/exp_260810_221300_TaskDecControlBalanced_v1_0_A2FUSION_rlc_l1d256_l2p2t32d256g_l2g_scl_mha16/models/model_1.pt,61.5,17.75,80.0,65.7,88.91,88.3,67.02666666666666,57.25,/home/hongsheng/dec_con_asf/logs/exp_260812_211936_TaskDecControlBalanced_v1_0_A2FUSION_rlc_l1d256_l2p2t32d256g_l2g_scl_mha16/subset_eval_summary.json,,
dec_con_asf,TaskDec Balanced,exp_260812_211936_TaskDecControlBalanced_v1_0_A2FUSION_rlc_l1d256_l2p2t32d256g_l2g_scl_mha16,subset_eval_summary,subset_eval,subset_all,0.0,sed,2,/home/hongsheng/dec_con_asf/logs/exp_260810_221300_TaskDecControlBalanced_v1_0_A2FUSION_rlc_l1d256_l2p2t32d256g_l2g_scl_mha16/models/model_2.pt,62.89,22.11,88.07,73.95,89.2,88.4,70.77,61.48666666666667,/home/hongsheng/dec_con_asf/logs/exp_260812_211936_TaskDecControlBalanced_v1_0_A2FUSION_rlc_l1d256_l2p2t32d256g_l2g_scl_mha16/subset_eval_summary.json,,
dec_con_asf,TaskDec Balanced,exp_260812_211936_TaskDecControlBalanced_v1_0_A2FUSION_rlc_l1d256_l2p2t32d256g_l2g_scl_mha16,subset_eval_summary,subset_eval,subset_all,0.3,sed,2,/home/hongsheng/dec_con_asf/logs/exp_260810_221300_TaskDecControlBalanced_v1_0_A2FUSION_rlc_l1d256_l2p2t32d256g_l2g_scl_mha16/models/model_2.pt,62.89,22.11,80.64,68.25,89.28,88.79,68.66000000000001,59.71666666666667,/home/hongsheng/dec_con_asf/logs/exp_260812_211936_TaskDecControlBalanced_v1_0_A2FUSION_rlc_l1d256_l2p2t32d256g_l2g_scl_mha16/subset_eval_summary.json,,
dec_con_asf,TaskDec Balanced,exp_260812_211936_TaskDecControlBalanced_v1_0_A2FUSION_rlc_l1d256_l2p2t32d256g_l2g_scl_mha16,subset_eval_summary,subset_eval,subset_all,0.0,sed,3,/home/hongsheng/dec_con_asf/logs/exp_260810_221300_TaskDecControlBalanced_v1_0_A2FUSION_rlc_l1d256_l2p2t32d256g_l2g_scl_mha16/models/model_3.pt,62.01,16.13,86.97,72.65,88.87,87.72,69.05833333333334,58.833333333333336,/home/hongsheng/dec_con_asf/logs/exp_260812_211936_TaskDecControlBalanced_v1_0_A2FUSION_rlc_l1d256_l2p2t32d256g_l2g_scl_mha16/subset_eval_summary.json,,
dec_con_asf,TaskDec Balanced,exp_260812_211936_TaskDecControlBalanced_v1_0_A2FUSION_rlc_l1d256_l2p2t32d256g_l2g_scl_mha16,subset_eval_summary,subset_eval,subset_all,0.3,sed,3,/home/hongsheng/dec_con_asf/logs/exp_260810_221300_TaskDecControlBalanced_v1_0_A2FUSION_rlc_l1d256_l2p2t32d256g_l2g_scl_mha16/models/model_3.pt,62.01,16.13,80.19,66.88,88.98,80.17,65.72666666666667,54.39333333333334,/home/hongsheng/dec_con_asf/logs/exp_260812_211936_TaskDecControlBalanced_v1_0_A2FUSION_rlc_l1d256_l2p2t32d256g_l2g_scl_mha16/subset_eval_summary.json,,
dec_con_asf,TaskDec Balanced,exp_260812_211936_TaskDecControlBalanced_v1_0_A2FUSION_rlc_l1d256_l2p2t32d256g_l2g_scl_mha16,subset_eval_summary,subset_eval,subset_all,0.0,sed,4,/home/hongsheng/dec_con_asf/logs/exp_260810_221300_TaskDecControlBalanced_v1_0_A2FUSION_rlc_l1d256_l2p2t32d256g_l2g_scl_mha16/models/model_4.pt,62.2,19.33,88.14,74.46,89.3,88.35,70.29666666666667,60.71333333333333,/home/hongsheng/dec_con_asf/logs/exp_260812_211936_TaskDecControlBalanced_v1_0_A2FUSION_rlc_l1d256_l2p2t32d256g_l2g_scl_mha16/subset_eval_summary.json,,
dec_con_asf,TaskDec Balanced,exp_260812_211936_TaskDecControlBalanced_v1_0_A2FUSION_rlc_l1d256_l2p2t32d256g_l2g_scl_mha16,subset_eval_summary,subset_eval,subset_all,0.3,sed,4,/home/hongsheng/dec_con_asf/logs/exp_260810_221300_TaskDecControlBalanced_v1_0_A2FUSION_rlc_l1d256_l2p2t32d256g_l2g_scl_mha16/models/model_4.pt,62.27,19.33,80.62,68.37,89.46,80.62,66.77833333333334,56.10666666666666,/home/hongsheng/dec_con_asf/logs/exp_260812_211936_TaskDecControlBalanced_v1_0_A2FUSION_rlc_l1d256_l2p2t32d256g_l2g_scl_mha16/subset_eval_summary.json,,
dec_con_asf,TaskDec Balanced,exp_260812_211936_TaskDecControlBalanced_v1_0_A2FUSION_rlc_l1d256_l2p2t32d256g_l2g_scl_mha16,subset_eval_summary,subset_eval,subset_all,0.0,sed,5,/home/hongsheng/dec_con_asf/logs/exp_260810_221300_TaskDecControlBalanced_v1_0_A2FUSION_rlc_l1d256_l2p2t32d256g_l2g_scl_mha16/models/model_5.pt,58.48,14.76,86.63,66.67,88.48,87.62,67.10666666666667,56.35,/home/hongsheng/dec_con_asf/logs/exp_260812_211936_TaskDecControlBalanced_v1_0_A2FUSION_rlc_l1d256_l2p2t32d256g_l2g_scl_mha16/subset_eval_summary.json,,
dec_con_asf,TaskDec Balanced,exp_260812_211936_TaskDecControlBalanced_v1_0_A2FUSION_rlc_l1d256_l2p2t32d256g_l2g_scl_mha16,subset_eval_summary,subset_eval,subset_all,0.3,sed,5,/home/hongsheng/dec_con_asf/logs/exp_260810_221300_TaskDecControlBalanced_v1_0_A2FUSION_rlc_l1d256_l2p2t32d256g_l2g_scl_mha16/models/model_5.pt,53.38,15.06,80.07,66.67,88.82,80.32,64.05333333333333,54.01666666666666,/home/hongsheng/dec_con_asf/logs/exp_260812_211936_TaskDecControlBalanced_v1_0_A2FUSION_rlc_l1d256_l2p2t32d256g_l2g_scl_mha16/subset_eval_summary.json,,
dec_con_asf,TaskDec Balanced,exp_260812_211936_TaskDecControlBalanced_v1_0_A2FUSION_rlc_l1d256_l2p2t32d256g_l2g_scl_mha16,subset_eval_summary,subset_eval,subset_all,0.0,sed,6,/home/hongsheng/dec_con_asf/logs/exp_260810_221300_TaskDecControlBalanced_v1_0_A2FUSION_rlc_l1d256_l2p2t32d256g_l2g_scl_mha16/models/model_6.pt,62.54,22.26,87.68,74.44,89.09,88.15,70.69333333333334,61.61666666666667,/home/hongsheng/dec_con_asf/logs/exp_260812_211936_TaskDecControlBalanced_v1_0_A2FUSION_rlc_l1d256_l2p2t32d256g_l2g_scl_mha16/subset_eval_summary.json,,
dec_con_asf,TaskDec Balanced,exp_260812_211936_TaskDecControlBalanced_v1_0_A2FUSION_rlc_l1d256_l2p2t32d256g_l2g_scl_mha16,subset_eval_summary,subset_eval,subset_all,0.3,sed,6,/home/hongsheng/dec_con_asf/logs/exp_260810_221300_TaskDecControlBalanced_v1_0_A2FUSION_rlc_l1d256_l2p2t32d256g_l2g_scl_mha16/models/model_6.pt,62.64,22.26,80.41,68.12,80.96,80.53,65.82000000000001,56.97,/home/hongsheng/dec_con_asf/logs/exp_260812_211936_TaskDecControlBalanced_v1_0_A2FUSION_rlc_l1d256_l2p2t32d256g_l2g_scl_mha16/subset_eval_summary.json,,
dec_con_asf,TaskDec Balanced,exp_260812_211936_TaskDecControlBalanced_v1_0_A2FUSION_rlc_l1d256_l2p2t32d256g_l2g_scl_mha16,subset_eval_summary,subset_eval,subset_all,0.0,sed,7,/home/hongsheng/dec_con_asf/logs/exp_260810_221300_TaskDecControlBalanced_v1_0_A2FUSION_rlc_l1d256_l2p2t32d256g_l2g_scl_mha16/models/model_7.pt,61.43,21.15,87.66,66.5,89.14,88.28,69.02666666666666,58.64333333333334,/home/hongsheng/dec_con_asf/logs/exp_260812_211936_TaskDecControlBalanced_v1_0_A2FUSION_rlc_l1d256_l2p2t32d256g_l2g_scl_mha16/subset_eval_summary.json,,
dec_con_asf,TaskDec Balanced,exp_260812_211936_TaskDecControlBalanced_v1_0_A2FUSION_rlc_l1d256_l2p2t32d256g_l2g_scl_mha16,subset_eval_summary,subset_eval,subset_all,0.3,sed,7,/home/hongsheng/dec_con_asf/logs/exp_260810_221300_TaskDecControlBalanced_v1_0_A2FUSION_rlc_l1d256_l2p2t32d256g_l2g_scl_mha16/models/model_7.pt,61.79,21.15,80.43,66.5,89.25,88.68,67.96666666666667,58.77666666666667,/home/hongsheng/dec_con_asf/logs/exp_260812_211936_TaskDecControlBalanced_v1_0_A2FUSION_rlc_l1d256_l2p2t32d256g_l2g_scl_mha16/subset_eval_summary.json,,
dec_con_asf,TaskDec Balanced,exp_260812_211936_TaskDecControlBalanced_v1_0_A2FUSION_rlc_l1d256_l2p2t32d256g_l2g_scl_mha16,subset_eval_summary,subset_eval,subset_all,0.0,sed,8,/home/hongsheng/dec_con_asf/logs/exp_260810_221300_TaskDecControlBalanced_v1_0_A2FUSION_rlc_l1d256_l2p2t32d256g_l2g_scl_mha16/models/model_8.pt,62.04,22.17,87.88,73.45,89.09,87.95,70.42999999999999,61.19,/home/hongsheng/dec_con_asf/logs/exp_260812_211936_TaskDecControlBalanced_v1_0_A2FUSION_rlc_l1d256_l2p2t32d256g_l2g_scl_mha16/subset_eval_summary.json,,
dec_con_asf,TaskDec Balanced,exp_260812_211936_TaskDecControlBalanced_v1_0_A2FUSION_rlc_l1d256_l2p2t32d256g_l2g_scl_mha16,subset_eval_summary,subset_eval,subset_all,0.3,sed,8,/home/hongsheng/dec_con_asf/logs/exp_260810_221300_TaskDecControlBalanced_v1_0_A2FUSION_rlc_l1d256_l2p2t32d256g_l2g_scl_mha16/models/model_8.pt,62.08,22.17,80.61,67.84,89.24,80.44,67.06333333333333,56.81666666666666,/home/hongsheng/dec_con_asf/logs/exp_260812_211936_TaskDecControlBalanced_v1_0_A2FUSION_rlc_l1d256_l2p2t32d256g_l2g_scl_mha16/subset_eval_summary.json,,
dec_con_asf,TaskDec Balanced,exp_260812_211936_TaskDecControlBalanced_v1_0_A2FUSION_rlc_l1d256_l2p2t32d256g_l2g_scl_mha16,subset_eval_summary,subset_eval,subset_all,0.0,sed,9,/home/hongsheng/dec_con_asf/logs/exp_260810_221300_TaskDecControlBalanced_v1_0_A2FUSION_rlc_l1d256_l2p2t32d256g_l2g_scl_mha16/models/model_9.pt,59.12,18.35,86.66,64.45,89.03,87.48,67.515,56.76,/home/hongsheng/dec_con_asf/logs/exp_260812_211936_TaskDecControlBalanced_v1_0_A2FUSION_rlc_l1d256_l2p2t32d256g_l2g_scl_mha16/subset_eval_summary.json,,
dec_con_asf,TaskDec Balanced,exp_260812_211936_TaskDecControlBalanced_v1_0_A2FUSION_rlc_l1d256_l2p2t32d256g_l2g_scl_mha16,subset_eval_summary,subset_eval,subset_all,0.3,sed,9,/home/hongsheng/dec_con_asf/logs/exp_260810_221300_TaskDecControlBalanced_v1_0_A2FUSION_rlc_l1d256_l2p2t32d256g_l2g_scl_mha16/models/model_9.pt,53.93,16.14,79.91,64.45,81.0,80.35,62.629999999999995,53.64666666666667,/home/hongsheng/dec_con_asf/logs/exp_260812_211936_TaskDecControlBalanced_v1_0_A2FUSION_rlc_l1d256_l2p2t32d256g_l2g_scl_mha16/subset_eval_summary.json,,
dec_con_asf,TaskDec Balanced,exp_260812_211936_TaskDecControlBalanced_v1_0_A2FUSION_rlc_l1d256_l2p2t32d256g_l2g_scl_mha16,subset_eval_summary,subset_eval,subset_all,0.0,sed,10,/home/hongsheng/dec_con_asf/logs/exp_260810_221300_TaskDecControlBalanced_v1_0_A2FUSION_rlc_l1d256_l2p2t32d256g_l2g_scl_mha16/models/model_10.pt,63.38,23.17,87.91,73.62,89.17,88.26,70.91833333333334,61.68333333333334,/home/hongsheng/dec_con_asf/logs/exp_260812_211936_TaskDecControlBalanced_v1_0_A2FUSION_rlc_l1d256_l2p2t32d256g_l2g_scl_mha16/subset_eval_summary.json,,
dec_con_asf,TaskDec Balanced,exp_260812_211936_TaskDecControlBalanced_v1_0_A2FUSION_rlc_l1d256_l2p2t32d256g_l2g_scl_mha16,subset_eval_summary,subset_eval,subset_all,0.3,sed,10,/home/hongsheng/dec_con_asf/logs/exp_260810_221300_TaskDecControlBalanced_v1_0_A2FUSION_rlc_l1d256_l2p2t32d256g_l2g_scl_mha16/models/model_10.pt,63.38,23.17,80.55,67.62,89.41,80.68,67.46833333333333,57.15666666666667,/home/hongsheng/dec_con_asf/logs/exp_260812_211936_TaskDecControlBalanced_v1_0_A2FUSION_rlc_l1d256_l2p2t32d256g_l2g_scl_mha16/subset_eval_summary.json,,
dec_con_asf,TaskDec Robust,exp_260812_211952_TaskDecControlRobust_v1_0_A2FUSION_rlc_l1d256_l2p2t32d256g_l2g_scl_mha16,subset_eval_summary,subset_eval,subset_all,0.0,sed,0,/home/hongsheng/dec_con_asf/logs/exp_260810_221258_TaskDecControlRobust_v1_0_A2FUSION_rlc_l1d256_l2p2t32d256g_l2g_scl_mha16/models/model_0.pt,62.29,19.25,88.05,72.99,89.2,88.44,70.03666666666666,60.22666666666667,/home/hongsheng/dec_con_asf/logs/exp_260812_211952_TaskDecControlRobust_v1_0_A2FUSION_rlc_l1d256_l2p2t32d256g_l2g_scl_mha16/subset_eval_summary.json,,
dec_con_asf,TaskDec Robust,exp_260812_211952_TaskDecControlRobust_v1_0_A2FUSION_rlc_l1d256_l2p2t32d256g_l2g_scl_mha16,subset_eval_summary,subset_eval,subset_all,0.3,sed,0,/home/hongsheng/dec_con_asf/logs/exp_260810_221258_TaskDecControlRobust_v1_0_A2FUSION_rlc_l1d256_l2p2t32d256g_l2g_scl_mha16/models/model_0.pt,62.29,19.25,88.39,74.46,89.2,88.5,70.34833333333333,60.73666666666666,/home/hongsheng/dec_con_asf/logs/exp_260812_211952_TaskDecControlRobust_v1_0_A2FUSION_rlc_l1d256_l2p2t32d256g_l2g_scl_mha16/subset_eval_summary.json,,
dec_con_asf,TaskDec Robust,exp_260812_211952_TaskDecControlRobust_v1_0_A2FUSION_rlc_l1d256_l2p2t32d256g_l2g_scl_mha16,subset_eval_summary,subset_eval,subset_all,0.0,sed,1,/home/hongsheng/dec_con_asf/logs/exp_260810_221258_TaskDecControlRobust_v1_0_A2FUSION_rlc_l1d256_l2p2t32d256g_l2g_scl_mha16/models/model_1.pt,49.47,10.13,86.55,64.77,89.18,88.05,64.69166666666666,54.31666666666666,/home/hongsheng/dec_con_asf/logs/exp_260812_211952_TaskDecControlRobust_v1_0_A2FUSION_rlc_l1d256_l2p2t32d256g_l2g_scl_mha16/subset_eval_summary.json,,
dec_con_asf,TaskDec Robust,exp_260812_211952_TaskDecControlRobust_v1_0_A2FUSION_rlc_l1d256_l2p2t32d256g_l2g_scl_mha16,subset_eval_summary,subset_eval,subset_all,0.3,sed,1,/home/hongsheng/dec_con_asf/logs/exp_260810_221258_TaskDecControlRobust_v1_0_A2FUSION_rlc_l1d256_l2p2t32d256g_l2g_scl_mha16/models/model_1.pt,49.47,10.13,79.82,64.77,89.28,80.65,62.35333333333333,51.85,/home/hongsheng/dec_con_asf/logs/exp_260812_211952_TaskDecControlRobust_v1_0_A2FUSION_rlc_l1d256_l2p2t32d256g_l2g_scl_mha16/subset_eval_summary.json,,
dec_con_asf,TaskDec Robust,exp_260812_211952_TaskDecControlRobust_v1_0_A2FUSION_rlc_l1d256_l2p2t32d256g_l2g_scl_mha16,subset_eval_summary,subset_eval,subset_all,0.0,sed,2,/home/hongsheng/dec_con_asf/logs/exp_260810_221258_TaskDecControlRobust_v1_0_A2FUSION_rlc_l1d256_l2p2t32d256g_l2g_scl_mha16/models/model_2.pt,61.3,21.64,87.62,73.43,89.11,88.06,70.19333333333334,61.04333333333333,/home/hongsheng/dec_con_asf/logs/exp_260812_211952_TaskDecControlRobust_v1_0_A2FUSION_rlc_l1d256_l2p2t32d256g_l2g_scl_mha16/subset_eval_summary.json,,
dec_con_asf,TaskDec Robust,exp_260812_211952_TaskDecControlRobust_v1_0_A2FUSION_rlc_l1d256_l2p2t32d256g_l2g_scl_mha16,subset_eval_summary,subset_eval,subset_all,0.3,sed,2,/home/hongsheng/dec_con_asf/logs/exp_260810_221258_TaskDecControlRobust_v1_0_A2FUSION_rlc_l1d256_l2p2t32d256g_l2g_scl_mha16/models/model_2.pt,61.36,21.64,80.38,67.8,89.11,88.46,68.125,59.29999999999999,/home/hongsheng/dec_con_asf/logs/exp_260812_211952_TaskDecControlRobust_v1_0_A2FUSION_rlc_l1d256_l2p2t32d256g_l2g_scl_mha16/subset_eval_summary.json,,
dec_con_asf,TaskDec Robust,exp_260812_211952_TaskDecControlRobust_v1_0_A2FUSION_rlc_l1d256_l2p2t32d256g_l2g_scl_mha16,subset_eval_summary,subset_eval,subset_all,0.0,sed,3,/home/hongsheng/dec_con_asf/logs/exp_260810_221258_TaskDecControlRobust_v1_0_A2FUSION_rlc_l1d256_l2p2t32d256g_l2g_scl_mha16/models/model_3.pt,59.82,14.23,87.64,65.95,89.01,87.62,67.37833333333334,55.93333333333334,/home/hongsheng/dec_con_asf/logs/exp_260812_211952_TaskDecControlRobust_v1_0_A2FUSION_rlc_l1d256_l2p2t32d256g_l2g_scl_mha16/subset_eval_summary.json,,
dec_con_asf,TaskDec Robust,exp_260812_211952_TaskDecControlRobust_v1_0_A2FUSION_rlc_l1d256_l2p2t32d256g_l2g_scl_mha16,subset_eval_summary,subset_eval,subset_all,0.3,sed,3,/home/hongsheng/dec_con_asf/logs/exp_260810_221258_TaskDecControlRobust_v1_0_A2FUSION_rlc_l1d256_l2p2t32d256g_l2g_scl_mha16/models/model_3.pt,60.45,12.06,80.49,65.95,89.2,80.27,64.73666666666666,52.76,/home/hongsheng/dec_con_asf/logs/exp_260812_211952_TaskDecControlRobust_v1_0_A2FUSION_rlc_l1d256_l2p2t32d256g_l2g_scl_mha16/subset_eval_summary.json,,
dec_con_asf,TaskDec Robust,exp_260812_211952_TaskDecControlRobust_v1_0_A2FUSION_rlc_l1d256_l2p2t32d256g_l2g_scl_mha16,subset_eval_summary,subset_eval,subset_all,0.0,sed,4,/home/hongsheng/dec_con_asf/logs/exp_260810_221258_TaskDecControlRobust_v1_0_A2FUSION_rlc_l1d256_l2p2t32d256g_l2g_scl_mha16/models/model_4.pt,61.24,22.38,87.88,73.97,89.12,87.99,70.42999999999999,61.446666666666665,/home/hongsheng/dec_con_asf/logs/exp_260812_211952_TaskDecControlRobust_v1_0_A2FUSION_rlc_l1d256_l2p2t32d256g_l2g_scl_mha16/subset_eval_summary.json,,
dec_con_asf,TaskDec Robust,exp_260812_211952_TaskDecControlRobust_v1_0_A2FUSION_rlc_l1d256_l2p2t32d256g_l2g_scl_mha16,subset_eval_summary,subset_eval,subset_all,0.3,sed,4,/home/hongsheng/dec_con_asf/logs/exp_260810_221258_TaskDecControlRobust_v1_0_A2FUSION_rlc_l1d256_l2p2t32d256g_l2g_scl_mha16/models/model_4.pt,61.52,22.38,80.55,68.02,89.28,80.45,67.03333333333333,56.949999999999996,/home/hongsheng/dec_con_asf/logs/exp_260812_211952_TaskDecControlRobust_v1_0_A2FUSION_rlc_l1d256_l2p2t32d256g_l2g_scl_mha16/subset_eval_summary.json,,
dec_con_asf,TaskDec Robust,exp_260812_211952_TaskDecControlRobust_v1_0_A2FUSION_rlc_l1d256_l2p2t32d256g_l2g_scl_mha16,subset_eval_summary,subset_eval,subset_all,0.0,sed,5,/home/hongsheng/dec_con_asf/logs/exp_260810_221258_TaskDecControlRobust_v1_0_A2FUSION_rlc_l1d256_l2p2t32d256g_l2g_scl_mha16/models/model_5.pt,60.84,16.09,87.11,65.98,89.12,87.53,67.77833333333334,56.53333333333333,/home/hongsheng/dec_con_asf/logs/exp_260812_211952_TaskDecControlRobust_v1_0_A2FUSION_rlc_l1d256_l2p2t32d256g_l2g_scl_mha16/subset_eval_summary.json,,
dec_con_asf,TaskDec Robust,exp_260812_211952_TaskDecControlRobust_v1_0_A2FUSION_rlc_l1d256_l2p2t32d256g_l2g_scl_mha16,subset_eval_summary,subset_eval,subset_all,0.3,sed,5,/home/hongsheng/dec_con_asf/logs/exp_260810_221258_TaskDecControlRobust_v1_0_A2FUSION_rlc_l1d256_l2p2t32d256g_l2g_scl_mha16/models/model_5.pt,61.87,16.09,80.34,65.98,89.22,80.37,65.645,54.14666666666667,/home/hongsheng/dec_con_asf/logs/exp_260812_211952_TaskDecControlRobust_v1_0_A2FUSION_rlc_l1d256_l2p2t32d256g_l2g_scl_mha16/subset_eval_summary.json,,
dec_con_asf,TaskDec Robust,exp_260812_211952_TaskDecControlRobust_v1_0_A2FUSION_rlc_l1d256_l2p2t32d256g_l2g_scl_mha16,subset_eval_summary,subset_eval,subset_all,0.0,sed,6,/home/hongsheng/dec_con_asf/logs/exp_260810_221258_TaskDecControlRobust_v1_0_A2FUSION_rlc_l1d256_l2p2t32d256g_l2g_scl_mha16/models/model_6.pt,62.48,21.88,87.54,67.58,89.1,87.98,69.42666666666666,59.14666666666667,/home/hongsheng/dec_con_asf/logs/exp_260812_211952_TaskDecControlRobust_v1_0_A2FUSION_rlc_l1d256_l2p2t32d256g_l2g_scl_mha16/subset_eval_summary.json,,
dec_con_asf,TaskDec Robust,exp_260812_211952_TaskDecControlRobust_v1_0_A2FUSION_rlc_l1d256_l2p2t32d256g_l2g_scl_mha16,subset_eval_summary,subset_eval,subset_all,0.3,sed,6,/home/hongsheng/dec_con_asf/logs/exp_260810_221258_TaskDecControlRobust_v1_0_A2FUSION_rlc_l1d256_l2p2t32d256g_l2g_scl_mha16/models/model_6.pt,62.48,21.88,80.48,67.58,89.31,80.5,67.03833333333334,56.653333333333336,/home/hongsheng/dec_con_asf/logs/exp_260812_211952_TaskDecControlRobust_v1_0_A2FUSION_rlc_l1d256_l2p2t32d256g_l2g_scl_mha16/subset_eval_summary.json,,
dec_con_asf,TaskDec Robust,exp_260812_211952_TaskDecControlRobust_v1_0_A2FUSION_rlc_l1d256_l2p2t32d256g_l2g_scl_mha16,subset_eval_summary,subset_eval,subset_all,0.0,sed,7,/home/hongsheng/dec_con_asf/logs/exp_260810_221258_TaskDecControlRobust_v1_0_A2FUSION_rlc_l1d256_l2p2t32d256g_l2g_scl_mha16/models/model_7.pt,60.0,15.97,87.57,65.38,89.16,88.07,67.69166666666666,56.47333333333333,/home/hongsheng/dec_con_asf/logs/exp_260812_211952_TaskDecControlRobust_v1_0_A2FUSION_rlc_l1d256_l2p2t32d256g_l2g_scl_mha16/subset_eval_summary.json,,
dec_con_asf,TaskDec Robust,exp_260812_211952_TaskDecControlRobust_v1_0_A2FUSION_rlc_l1d256_l2p2t32d256g_l2g_scl_mha16,subset_eval_summary,subset_eval,subset_all,0.3,sed,7,/home/hongsheng/dec_con_asf/logs/exp_260810_221258_TaskDecControlRobust_v1_0_A2FUSION_rlc_l1d256_l2p2t32d256g_l2g_scl_mha16/models/model_7.pt,60.41,15.97,80.11,65.38,80.98,80.5,63.89166666666667,53.949999999999996,/home/hongsheng/dec_con_asf/logs/exp_260812_211952_TaskDecControlRobust_v1_0_A2FUSION_rlc_l1d256_l2p2t32d256g_l2g_scl_mha16/subset_eval_summary.json,,
dec_con_asf,TaskDec Robust,exp_260812_211952_TaskDecControlRobust_v1_0_A2FUSION_rlc_l1d256_l2p2t32d256g_l2g_scl_mha16,subset_eval_summary,subset_eval,subset_all,0.0,sed,8,/home/hongsheng/dec_con_asf/logs/exp_260810_221258_TaskDecControlRobust_v1_0_A2FUSION_rlc_l1d256_l2p2t32d256g_l2g_scl_mha16/models/model_8.pt,62.08,17.43,87.3,73.65,89.05,88.15,69.61,59.74333333333334,/home/hongsheng/dec_con_asf/logs/exp_260812_211952_TaskDecControlRobust_v1_0_A2FUSION_rlc_l1d256_l2p2t32d256g_l2g_scl_mha16/subset_eval_summary.json,,
dec_con_asf,TaskDec Robust,exp_260812_211952_TaskDecControlRobust_v1_0_A2FUSION_rlc_l1d256_l2p2t32d256g_l2g_scl_mha16,subset_eval_summary,subset_eval,subset_all,0.3,sed,8,/home/hongsheng/dec_con_asf/logs/exp_260810_221258_TaskDecControlRobust_v1_0_A2FUSION_rlc_l1d256_l2p2t32d256g_l2g_scl_mha16/models/model_8.pt,62.16,17.43,80.33,67.62,80.94,80.6,64.84666666666666,55.21666666666667,/home/hongsheng/dec_con_asf/logs/exp_260812_211952_TaskDecControlRobust_v1_0_A2FUSION_rlc_l1d256_l2p2t32d256g_l2g_scl_mha16/subset_eval_summary.json,,
dec_con_asf,TaskDec Robust,exp_260812_211952_TaskDecControlRobust_v1_0_A2FUSION_rlc_l1d256_l2p2t32d256g_l2g_scl_mha16,subset_eval_summary,subset_eval,subset_all,0.0,sed,9,/home/hongsheng/dec_con_asf/logs/exp_260810_221258_TaskDecControlRobust_v1_0_A2FUSION_rlc_l1d256_l2p2t32d256g_l2g_scl_mha16/models/model_9.pt,62.32,16.95,86.65,65.64,88.72,86.55,67.80499999999999,56.379999999999995,/home/hongsheng/dec_con_asf/logs/exp_260812_211952_TaskDecControlRobust_v1_0_A2FUSION_rlc_l1d256_l2p2t32d256g_l2g_scl_mha16/subset_eval_summary.json,,
dec_con_asf,TaskDec Robust,exp_260812_211952_TaskDecControlRobust_v1_0_A2FUSION_rlc_l1d256_l2p2t32d256g_l2g_scl_mha16,subset_eval_summary,subset_eval,subset_all,0.3,sed,9,/home/hongsheng/dec_con_asf/logs/exp_260810_221258_TaskDecControlRobust_v1_0_A2FUSION_rlc_l1d256_l2p2t32d256g_l2g_scl_mha16/models/model_9.pt,63.16,16.95,80.35,65.64,80.94,80.2,64.54,54.26333333333333,/home/hongsheng/dec_con_asf/logs/exp_260812_211952_TaskDecControlRobust_v1_0_A2FUSION_rlc_l1d256_l2p2t32d256g_l2g_scl_mha16/subset_eval_summary.json,,
dec_con_asf,TaskDec Robust,exp_260812_211952_TaskDecControlRobust_v1_0_A2FUSION_rlc_l1d256_l2p2t32d256g_l2g_scl_mha16,subset_eval_summary,subset_eval,subset_all,0.0,sed,10,/home/hongsheng/dec_con_asf/logs/exp_260810_221258_TaskDecControlRobust_v1_0_A2FUSION_rlc_l1d256_l2p2t32d256g_l2g_scl_mha16/models/model_10.pt,62.49,21.86,87.03,73.43,88.82,87.71,70.22333333333333,61.0,/home/hongsheng/dec_con_asf/logs/exp_260812_211952_TaskDecControlRobust_v1_0_A2FUSION_rlc_l1d256_l2p2t32d256g_l2g_scl_mha16/subset_eval_summary.json,,
dec_con_asf,TaskDec Robust,exp_260812_211952_TaskDecControlRobust_v1_0_A2FUSION_rlc_l1d256_l2p2t32d256g_l2g_scl_mha16,subset_eval_summary,subset_eval,subset_all,0.3,sed,10,/home/hongsheng/dec_con_asf/logs/exp_260810_221258_TaskDecControlRobust_v1_0_A2FUSION_rlc_l1d256_l2p2t32d256g_l2g_scl_mha16/models/model_10.pt,62.49,21.86,80.41,67.69,89.23,80.44,67.02,56.663333333333334,/home/hongsheng/dec_con_asf/logs/exp_260812_211952_TaskDecControlRobust_v1_0_A2FUSION_rlc_l1d256_l2p2t32d256g_l2g_scl_mha16/subset_eval_summary.json,,
dec_con_asf,TaskDec Balanced,exp_260812_232646_TaskDecControlBalanced_v1_0_A2FUSION_rlc_l1d256_l2p2t32d256g_l2g_scl_mha16,full_eval_summary,full_or_exported_summary,all,0,sed,,,62.67,21.89,87.21,73.13,88.73,87.73,70.22666666666667,60.916666666666664,/home/hongsheng/dec_con_asf/logs/exp_260812_232646_TaskDecControlBalanced_v1_0_A2FUSION_rlc_l1d256_l2p2t32d256g_l2g_scl_mha16/full_eval_summary.json,,
dec_con_asf,TaskDec Balanced,exp_260812_232646_TaskDecControlBalanced_v1_0_A2FUSION_rlc_l1d256_l2p2t32d256g_l2g_scl_mha16,full_eval_summary,full_or_exported_summary,all,0.3,sed,,,62.67,21.89,80.38,67.59,89.01,80.37,66.985,56.616666666666674,/home/hongsheng/dec_con_asf/logs/exp_260812_232646_TaskDecControlBalanced_v1_0_A2FUSION_rlc_l1d256_l2p2t32d256g_l2g_scl_mha16/full_eval_summary.json,,
dec_con_asf,TaskDec Balanced,exp_260812_232646_TaskDecControlBalanced_v1_0_A2FUSION_rlc_l1d256_l2p2t32d256g_l2g_scl_mha16,complete_results,full_conditional,all,0.3,sed,2,,62.69029290276765,21.897254577063126,80.37988453218126,67.57076206277459,89.01024720092134,80.37174196903251,66.98669720745674,56.61325286962341,/home/hongsheng/dec_con_asf/logs/exp_260812_232646_TaskDecControlBalanced_v1_0_A2FUSION_rlc_l1d256_l2p2t32d256g_l2g_scl_mha16/test_kitti/epoch_2_total/0.3/complete_results.txt,,
dec_con_asf,TaskDec Balanced,exp_260812_232646_TaskDecControlBalanced_v1_0_A2FUSION_rlc_l1d256_l2p2t32d256g_l2g_scl_mha16,complete_results,full_conditional,urban,0.3,sed,2,,66.05913865331708,23.535514351481456,80.84344600871798,76.82928345638102,89.32679759056276,80.8507170269428,69.57414951456718,60.40517161160176,/home/hongsheng/dec_con_asf/logs/exp_260812_232646_TaskDecControlBalanced_v1_0_A2FUSION_rlc_l1d256_l2p2t32d256g_l2g_scl_mha16/test_kitti/epoch_2_total/0.3/complete_results.txt,,
dec_con_asf,TaskDec Balanced,exp_260812_232646_TaskDecControlBalanced_v1_0_A2FUSION_rlc_l1d256_l2p2t32d256g_l2g_scl_mha16,complete_results,full_conditional,highway,0.3,sed,2,,59.70528704913548,18.71917423584112,88.5511166196583,72.66878296650904,89.23166580919701,88.55943798791958,69.57257744471009,59.98246506342324,/home/hongsheng/dec_con_asf/logs/exp_260812_232646_TaskDecControlBalanced_v1_0_A2FUSION_rlc_l1d256_l2p2t32d256g_l2g_scl_mha16/test_kitti/epoch_2_total/0.3/complete_results.txt,,
dec_con_asf,TaskDec Balanced,exp_260812_232646_TaskDecControlBalanced_v1_0_A2FUSION_rlc_l1d256_l2p2t32d256g_l2g_scl_mha16,complete_results,full_conditional,countryside,0.3,sed,2,,55.634249562816926,11.48989898989899,80.5196342119419,43.43457428025797,87.9278754599072,78.73772958518721,59.62399368166837,44.55406761844805,/home/hongsheng/dec_con_asf/logs/exp_260812_232646_TaskDecControlBalanced_v1_0_A2FUSION_rlc_l1d256_l2p2t32d256g_l2g_scl_mha16/test_kitti/epoch_2_total/0.3/complete_results.txt,,
dec_con_asf,TaskDec Balanced,exp_260812_232646_TaskDecControlBalanced_v1_0_A2FUSION_rlc_l1d256_l2p2t32d256g_l2g_scl_mha16,complete_results,full_conditional,alleyway,0.3,sed,2,,41.164291638354165,11.650485436893202,66.90459396000897,45.09125713277841,68.44024876361007,67.73815068622369,50.164837936311415,41.4932977519651,/home/hongsheng/dec_con_asf/logs/exp_260812_232646_TaskDecControlBalanced_v1_0_A2FUSION_rlc_l1d256_l2p2t32d256g_l2g_scl_mha16/test_kitti/epoch_2_total/0.3/complete_results.txt,,
dec_con_asf,TaskDec Balanced,exp_260812_232646_TaskDecControlBalanced_v1_0_A2FUSION_rlc_l1d256_l2p2t32d256g_l2g_scl_mha16,complete_results,full_conditional,parkinglots,0.3,sed,2,,15.197244070483507,11.486962649753348,58.654809226963586,46.54271189631402,71.77032751506727,71.62815356660636,45.88003482086469,43.219276037557904,/home/hongsheng/dec_con_asf/logs/exp_260812_232646_TaskDecControlBalanced_v1_0_A2FUSION_rlc_l1d256_l2p2t32d256g_l2g_scl_mha16/test_kitti/epoch_2_total/0.3/complete_results.txt,,
dec_con_asf,TaskDec Balanced,exp_260812_232646_TaskDecControlBalanced_v1_0_A2FUSION_rlc_l1d256_l2p2t32d256g_l2g_scl_mha16,complete_results,full_conditional,shoulder,0.3,sed,2,,80.88821408236856,72.72727272727273,90.7948537522346,80.83741984156923,90.7948537522346,90.37863868609223,84.40354214029533,81.31444375164473,/home/hongsheng/dec_con_asf/logs/exp_260812_232646_TaskDecControlBalanced_v1_0_A2FUSION_rlc_l1d256_l2p2t32d256g_l2g_scl_mha16/test_kitti/epoch_2_total/0.3/complete_results.txt,,
dec_con_asf,TaskDec Balanced,exp_260812_232646_TaskDecControlBalanced_v1_0_A2FUSION_rlc_l1d256_l2p2t32d256g_l2g_scl_mha16,complete_results,full_conditional,mountain,0.3,sed,2,,73.90800322833282,16.949312245570994,90.79577717136634,78.71474995435773,99.65613732711311,90.84962827511646,75.14560136697624,62.171230158348386,/home/hongsheng/dec_con_asf/logs/exp_260812_232646_TaskDecControlBalanced_v1_0_A2FUSION_rlc_l1d256_l2p2t32d256g_l2g_scl_mha16/test_kitti/epoch_2_total/0.3/complete_results.txt,,
dec_con_asf,TaskDec Balanced,exp_260812_232646_TaskDecControlBalanced_v1_0_A2FUSION_rlc_l1d256_l2p2t32d256g_l2g_scl_mha16,complete_results,full_conditional,university,0.3,sed,2,,54.36422971504391,24.594882429535954,80.0545650816249,69.47368456098005,80.39682182087967,79.69914463850048,64.76388804109416,57.92257054300549,/home/hongsheng/dec_con_asf/logs/exp_260812_232646_TaskDecControlBalanced_v1_0_A2FUSION_rlc_l1d256_l2p2t32d256g_l2g_scl_mha16/test_kitti/epoch_2_total/0.3/complete_results.txt,,
dec_con_asf,TaskDec Balanced,exp_260812_232646_TaskDecControlBalanced_v1_0_A2FUSION_rlc_l1d256_l2p2t32d256g_l2g_scl_mha16,complete_results,full_conditional,day,0.3,sed,2,,61.47496313730972,21.674416331641027,80.21604138843847,67.42465288050877,88.79875040346762,88.25000526107364,67.97313823373987,59.11635815774114,/home/hongsheng/dec_con_asf/logs/exp_260812_232646_TaskDecControlBalanced_v1_0_A2FUSION_rlc_l1d256_l2p2t32d256g_l2g_scl_mha16/test_kitti/epoch_2_total/0.3/complete_results.txt,,
dec_con_asf,TaskDec Balanced,exp_260812_232646_TaskDecControlBalanced_v1_0_A2FUSION_rlc_l1d256_l2p2t32d256g_l2g_scl_mha16,complete_results,full_conditional,night,0.3,sed,2,,64.91494948084873,22.26402871767729,80.72508535995911,67.87733967811072,81.05961726203378,80.77730171723324,66.26972036931048,56.97289003767375,/home/hongsheng/dec_con_asf/logs/exp_260812_232646_TaskDecControlBalanced_v1_0_A2FUSION_rlc_l1d256_l2p2t32d256g_l2g_scl_mha16/test_kitti/epoch_2_total/0.3/complete_results.txt,,
dec_con_asf,TaskDec Balanced,exp_260812_232646_TaskDecControlBalanced_v1_0_A2FUSION_rlc_l1d256_l2p2t32d256g_l2g_scl_mha16,complete_results,full_conditional,normal,0.3,sed,2,,59.427077855485344,20.173894410214217,87.6795026784588,65.86350690689636,88.39024393531359,87.71111836831149,68.2075573591133,57.91617322847403,/home/hongsheng/dec_con_asf/logs/exp_260812_232646_TaskDecControlBalanced_v1_0_A2FUSION_rlc_l1d256_l2p2t32d256g_l2g_scl_mha16/test_kitti/epoch_2_total/0.3/complete_results.txt,,
dec_con_asf,TaskDec Balanced,exp_260812_232646_TaskDecControlBalanced_v1_0_A2FUSION_rlc_l1d256_l2p2t32d256g_l2g_scl_mha16,complete_results,full_conditional,overcast,0.3,sed,2,,74.73930519325278,22.402904666311603,90.38540866758615,79.71911240872718,90.43872482969762,90.39565534737555,74.68018518549182,64.17255747413812,/home/hongsheng/dec_con_asf/logs/exp_260812_232646_TaskDecControlBalanced_v1_0_A2FUSION_rlc_l1d256_l2p2t32d256g_l2g_scl_mha16/test_kitti/epoch_2_total/0.3/complete_results.txt,,
dec_con_asf,TaskDec Balanced,exp_260812_232646_TaskDecControlBalanced_v1_0_A2FUSION_rlc_l1d256_l2p2t32d256g_l2g_scl_mha16,complete_results,full_conditional,fog,0.3,sed,2,,76.99363809570782,38.549290741975945,90.78933292890267,79.75104317745621,90.85805373487162,90.73416667797358,77.94592089281464,69.67816686580191,/home/hongsheng/dec_con_asf/logs/exp_260812_232646_TaskDecControlBalanced_v1_0_A2FUSION_rlc_l1d256_l2p2t32d256g_l2g_scl_mha16/test_kitti/epoch_2_total/0.3/complete_results.txt,,
dec_con_asf,TaskDec Balanced,exp_260812_232646_TaskDecControlBalanced_v1_0_A2FUSION_rlc_l1d256_l2p2t32d256g_l2g_scl_mha16,complete_results,full_conditional,rain,0.3,sed,2,,67.11714058379862,22.35173222027861,81.05192751393831,68.57289893551538,89.47166984887444,80.86113359262079,68.23775044917103,57.26192158280492,/home/hongsheng/dec_con_asf/logs/exp_260812_232646_TaskDecControlBalanced_v1_0_A2FUSION_rlc_l1d256_l2p2t32d256g_l2g_scl_mha16/test_kitti/epoch_2_total/0.3/complete_results.txt,,
dec_con_asf,TaskDec Balanced,exp_260812_232646_TaskDecControlBalanced_v1_0_A2FUSION_rlc_l1d256_l2p2t32d256g_l2g_scl_mha16,complete_results,full_conditional,sleet,0.3,sed,2,,46.841360241090854,11.069284429892638,71.08213281789017,59.63065220882782,80.61420993827426,80.38813512925948,58.27096246087254,50.36269058932664,/home/hongsheng/dec_con_asf/logs/exp_260812_232646_TaskDecControlBalanced_v1_0_A2FUSION_rlc_l1d256_l2p2t32d256g_l2g_scl_mha16/test_kitti/epoch_2_total/0.3/complete_results.txt,,
dec_con_asf,TaskDec Balanced,exp_260812_232646_TaskDecControlBalanced_v1_0_A2FUSION_rlc_l1d256_l2p2t32d256g_l2g_scl_mha16,complete_results,full_conditional,lightsnow,0.3,sed,2,,67.27739560428654,29.35435379891879,89.19434646826917,78.47678088830733,89.63389334969456,89.5270124053943,73.91063041914511,65.78604903087347,/home/hongsheng/dec_con_asf/logs/exp_260812_232646_TaskDecControlBalanced_v1_0_A2FUSION_rlc_l1d256_l2p2t32d256g_l2g_scl_mha16/test_kitti/epoch_2_total/0.3/complete_results.txt,,
dec_con_asf,TaskDec Balanced,exp_260812_232646_TaskDecControlBalanced_v1_0_A2FUSION_rlc_l1d256_l2p2t32d256g_l2g_scl_mha16,complete_results,full_conditional,heavysnow,0.3,sed,2,,55.081623066808824,26.313187329749294,71.06430001337208,61.30944924524443,71.84711573566996,71.61680906937666,59.538747410036876,53.07981521479013,/home/hongsheng/dec_con_asf/logs/exp_260812_232646_TaskDecControlBalanced_v1_0_A2FUSION_rlc_l1d256_l2p2t32d256g_l2g_scl_mha16/test_kitti/epoch_2_total/0.3/complete_results.txt,,
dec_con_asf,TaskDec Robust,exp_260812_232650_TaskDecControlRobust_v1_0_A2FUSION_rlc_l1d256_l2p2t32d256g_l2g_scl_mha16,full_eval_summary,full_or_exported_summary,all,0,sed,,,62.63,22.02,87.18,72.83,88.84,88.06,70.26,60.97,/home/hongsheng/dec_con_asf/logs/exp_260812_232650_TaskDecControlRobust_v1_0_A2FUSION_rlc_l1d256_l2p2t32d256g_l2g_scl_mha16/full_eval_summary.json,,
dec_con_asf,TaskDec Robust,exp_260812_232650_TaskDecControlRobust_v1_0_A2FUSION_rlc_l1d256_l2p2t32d256g_l2g_scl_mha16,full_eval_summary,full_or_exported_summary,all,0.3,sed,,,62.63,22.02,88.1,67.5,88.84,88.36,69.575,59.29333333333333,/home/hongsheng/dec_con_asf/logs/exp_260812_232650_TaskDecControlRobust_v1_0_A2FUSION_rlc_l1d256_l2p2t32d256g_l2g_scl_mha16/full_eval_summary.json,,
dec_con_asf,TaskDec Robust,exp_260812_232650_TaskDecControlRobust_v1_0_A2FUSION_rlc_l1d256_l2p2t32d256g_l2g_scl_mha16,complete_results,full_conditional,all,0.3,sed,0,,62.63218901253204,22.03903704773203,88.09529078343822,67.50133716157292,88.83900978912645,88.3550327583966,69.5769827587997,59.29846898923385,/home/hongsheng/dec_con_asf/logs/exp_260812_232650_TaskDecControlRobust_v1_0_A2FUSION_rlc_l1d256_l2p2t32d256g_l2g_scl_mha16/test_kitti/epoch_0_total/0.3/complete_results.txt,,
dec_con_asf,TaskDec Robust,exp_260812_232650_TaskDecControlRobust_v1_0_A2FUSION_rlc_l1d256_l2p2t32d256g_l2g_scl_mha16,complete_results,full_conditional,urban,0.3,sed,0,,66.06812590606881,28.261963948377,88.59513627585304,76.57952415683187,89.11792108454134,88.83400726760352,72.90944643987926,64.55849845760413,/home/hongsheng/dec_con_asf/logs/exp_260812_232650_TaskDecControlRobust_v1_0_A2FUSION_rlc_l1d256_l2p2t32d256g_l2g_scl_mha16/test_kitti/epoch_0_total/0.3/complete_results.txt,,
dec_con_asf,TaskDec Robust,exp_260812_232650_TaskDecControlRobust_v1_0_A2FUSION_rlc_l1d256_l2p2t32d256g_l2g_scl_mha16,complete_results,full_conditional,highway,0.3,sed,0,,59.84320853096931,11.897244546498277,88.66214618533891,72.84163219690556,89.32864962553926,88.71420705071327,68.54784802266077,57.81769459803903,/home/hongsheng/dec_con_asf/logs/exp_260812_232650_TaskDecControlRobust_v1_0_A2FUSION_rlc_l1d256_l2p2t32d256g_l2g_scl_mha16/test_kitti/epoch_0_total/0.3/complete_results.txt,,
dec_con_asf,TaskDec Robust,exp_260812_232650_TaskDecControlRobust_v1_0_A2FUSION_rlc_l1d256_l2p2t32d256g_l2g_scl_mha16,complete_results,full_conditional,countryside,0.3,sed,0,,41.33122619833116,6.277056277056277,89.17590183926269,36.13236518075843,89.44260738523923,86.75404925158458,58.185534355372056,43.05449023646643,/home/hongsheng/dec_con_asf/logs/exp_260812_232650_TaskDecControlRobust_v1_0_A2FUSION_rlc_l1d256_l2p2t32d256g_l2g_scl_mha16/test_kitti/epoch_0_total/0.3/complete_results.txt,,
dec_con_asf,TaskDec Robust,exp_260812_232650_TaskDecControlRobust_v1_0_A2FUSION_rlc_l1d256_l2p2t32d256g_l2g_scl_mha16,complete_results,full_conditional,alleyway,0.3,sed,0,,40.03268519012968,11.060794746971583,66.1625243443316,44.17093735975902,68.30829159470943,67.55851407079612,49.54895788444958,40.930082059175575,/home/hongsheng/dec_con_asf/logs/exp_260812_232650_TaskDecControlRobust_v1_0_A2FUSION_rlc_l1d256_l2p2t32d256g_l2g_scl_mha16/test_kitti/epoch_0_total/0.3/complete_results.txt,,
dec_con_asf,TaskDec Robust,exp_260812_232650_TaskDecControlRobust_v1_0_A2FUSION_rlc_l1d256_l2p2t32d256g_l2g_scl_mha16,complete_results,full_conditional,parkinglots,0.3,sed,0,,8.675698002775272,2.4476603865366986,49.830019361294745,31.158774498423565,70.35866054818213,69.4994563591938,38.6617115260677,34.36863041471802,/home/hongsheng/dec_con_asf/logs/exp_260812_232650_TaskDecControlRobust_v1_0_A2FUSION_rlc_l1d256_l2p2t32d256g_l2g_scl_mha16/test_kitti/epoch_0_total/0.3/complete_results.txt,,
dec_con_asf,TaskDec Robust,exp_260812_232650_TaskDecControlRobust_v1_0_A2FUSION_rlc_l1d256_l2p2t32d256g_l2g_scl_mha16,complete_results,full_conditional,shoulder,0.3,sed,0,,80.39280220330329,72.1624773211675,90.5720978743291,80.3099387658973,90.69438081165345,90.15688165789585,84.04809643904109,80.87643258165355,/home/hongsheng/dec_con_asf/logs/exp_260812_232650_TaskDecControlRobust_v1_0_A2FUSION_rlc_l1d256_l2p2t32d256g_l2g_scl_mha16/test_kitti/epoch_0_total/0.3/complete_results.txt,,
dec_con_asf,TaskDec Robust,exp_260812_232650_TaskDecControlRobust_v1_0_A2FUSION_rlc_l1d256_l2p2t32d256g_l2g_scl_mha16,complete_results,full_conditional,mountain,0.3,sed,0,,68.8334152204172,25.601471019885302,99.04611065062689,78.22043260888134,99.4478304906687,90.82384249821538,76.99551708144914,64.88191537566068,/home/hongsheng/dec_con_asf/logs/exp_260812_232650_TaskDecControlRobust_v1_0_A2FUSION_rlc_l1d256_l2p2t32d256g_l2g_scl_mha16/test_kitti/epoch_0_total/0.3/complete_results.txt,,
dec_con_asf,TaskDec Robust,exp_260812_232650_TaskDecControlRobust_v1_0_A2FUSION_rlc_l1d256_l2p2t32d256g_l2g_scl_mha16,complete_results,full_conditional,university,0.3,sed,0,,63.210981431750255,24.294861888893664,80.29025856970763,77.01906272269692,80.72171428946035,80.21125843716898,67.62468955661296,60.508394349586524,/home/hongsheng/dec_con_asf/logs/exp_260812_232650_TaskDecControlRobust_v1_0_A2FUSION_rlc_l1d256_l2p2t32d256g_l2g_scl_mha16/test_kitti/epoch_0_total/0.3/complete_results.txt,,
dec_con_asf,TaskDec Robust,exp_260812_232650_TaskDecControlRobust_v1_0_A2FUSION_rlc_l1d256_l2p2t32d256g_l2g_scl_mha16,complete_results,full_conditional,day,0.3,sed,0,,61.22368104952841,21.992221961394932,87.89174807170103,67.43394566184837,88.73679940601069,88.0832613131695,69.22694291060883,59.169809645470934,/home/hongsheng/dec_con_asf/logs/exp_260812_232650_TaskDecControlRobust_v1_0_A2FUSION_rlc_l1d256_l2p2t32d256g_l2g_scl_mha16/test_kitti/epoch_0_total/0.3/complete_results.txt,,
dec_con_asf,TaskDec Robust,exp_260812_232650_TaskDecControlRobust_v1_0_A2FUSION_rlc_l1d256_l2p2t32d256g_l2g_scl_mha16,complete_results,full_conditional,night,0.3,sed,0,,64.95355525242614,22.197614278241893,88.52419724710164,67.67519641175555,89.15378582209598,88.87889151022476,70.23054008697433,59.583900733407404,/home/hongsheng/dec_con_asf/logs/exp_260812_232650_TaskDecControlRobust_v1_0_A2FUSION_rlc_l1d256_l2p2t32d256g_l2g_scl_mha16/test_kitti/epoch_0_total/0.3/complete_results.txt,,
dec_con_asf,TaskDec Robust,exp_260812_232650_TaskDecControlRobust_v1_0_A2FUSION_rlc_l1d256_l2p2t32d256g_l2g_scl_mha16,complete_results,full_conditional,normal,0.3,sed,0,,59.79808546209162,19.604859073381263,87.41123162707677,65.97723051883972,88.4375712282835,87.65539884985746,68.14739612658839,57.74582948069281,/home/hongsheng/dec_con_asf/logs/exp_260812_232650_TaskDecControlRobust_v1_0_A2FUSION_rlc_l1d256_l2p2t32d256g_l2g_scl_mha16/test_kitti/epoch_0_total/0.3/complete_results.txt,,
dec_con_asf,TaskDec Robust,exp_260812_232650_TaskDecControlRobust_v1_0_A2FUSION_rlc_l1d256_l2p2t32d256g_l2g_scl_mha16,complete_results,full_conditional,overcast,0.3,sed,0,,77.35628302996332,21.77138322318573,90.3015879855536,80.25773146564315,90.4699111939411,90.39432783843246,75.09187078945322,64.1411475090871,/home/hongsheng/dec_con_asf/logs/exp_260812_232650_TaskDecControlRobust_v1_0_A2FUSION_rlc_l1d256_l2p2t32d256g_l2g_scl_mha16/test_kitti/epoch_0_total/0.3/complete_results.txt,,
dec_con_asf,TaskDec Robust,exp_260812_232650_TaskDecControlRobust_v1_0_A2FUSION_rlc_l1d256_l2p2t32d256g_l2g_scl_mha16,complete_results,full_conditional,fog,0.3,sed,0,,75.17196200699486,45.794335619156826,90.53624949204479,79.71176357954283,99.51158259309348,90.56892353767093,80.21580280475062,72.0250075787902,/home/hongsheng/dec_con_asf/logs/exp_260812_232650_TaskDecControlRobust_v1_0_A2FUSION_rlc_l1d256_l2p2t32d256g_l2g_scl_mha16/test_kitti/epoch_0_total/0.3/complete_results.txt,,
dec_con_asf,TaskDec Robust,exp_260812_232650_TaskDecControlRobust_v1_0_A2FUSION_rlc_l1d256_l2p2t32d256g_l2g_scl_mha16,complete_results,full_conditional,rain,0.3,sed,0,,74.47676771145495,22.91362243642364,89.02004578493181,74.91708502358271,89.21788550450273,88.9019739212651,73.2412300636935,62.24422712709048,/home/hongsheng/dec_con_asf/logs/exp_260812_232650_TaskDecControlRobust_v1_0_A2FUSION_rlc_l1d256_l2p2t32d256g_l2g_scl_mha16/test_kitti/epoch_0_total/0.3/complete_results.txt,,
dec_con_asf,TaskDec Robust,exp_260812_232650_TaskDecControlRobust_v1_0_A2FUSION_rlc_l1d256_l2p2t32d256g_l2g_scl_mha16,complete_results,full_conditional,sleet,0.3,sed,0,,40.56437779052086,14.13712184505305,70.23603736289522,57.600717927169185,80.72284431039658,80.42276635615676,57.280644265365275,50.720202042793,/home/hongsheng/dec_con_asf/logs/exp_260812_232650_TaskDecControlRobust_v1_0_A2FUSION_rlc_l1d256_l2p2t32d256g_l2g_scl_mha16/test_kitti/epoch_0_total/0.3/complete_results.txt,,
dec_con_asf,TaskDec Robust,exp_260812_232650_TaskDecControlRobust_v1_0_A2FUSION_rlc_l1d256_l2p2t32d256g_l2g_scl_mha16,complete_results,full_conditional,lightsnow,0.3,sed,0,,73.45002384563155,26.094193400018263,88.88502243840489,78.33347321392812,89.50108104794876,89.27724164077124,74.25683926445048,64.56830275157255,/home/hongsheng/dec_con_asf/logs/exp_260812_232650_TaskDecControlRobust_v1_0_A2FUSION_rlc_l1d256_l2p2t32d256g_l2g_scl_mha16/test_kitti/epoch_0_total/0.3/complete_results.txt,,
dec_con_asf,TaskDec Robust,exp_260812_232650_TaskDecControlRobust_v1_0_A2FUSION_rlc_l1d256_l2p2t32d256g_l2g_scl_mha16,complete_results,full_conditional,heavysnow,0.3,sed,0,,52.54527387427341,25.036021512201373,70.50563146756433,60.505984543857124,79.25705325726041,71.41417310832963,59.87735629391438,52.31872638812937,/home/hongsheng/dec_con_asf/logs/exp_260812_232650_TaskDecControlRobust_v1_0_A2FUSION_rlc_l1d256_l2p2t32d256g_l2g_scl_mha16/test_kitti/epoch_0_total/0.3/complete_results.txt,,
dec_con_asf,TaskDec Robust,exp_260813_203247_TaskDecControlRobust_v1_0_A2FUSION_rlc_l1d256_l2p2t32d256g_l2g_scl_mha16,full_eval_summary,full_or_exported_summary,all,0,sed,,,62.63,22.03,87.18,72.84,88.84,88.07,70.265,60.98,/home/hongsheng/dec_con_asf/logs/exp_260813_203247_TaskDecControlRobust_v1_0_A2FUSION_rlc_l1d256_l2p2t32d256g_l2g_scl_mha16/full_eval_summary.json,,
dec_con_asf,TaskDec Robust,exp_260813_203247_TaskDecControlRobust_v1_0_A2FUSION_rlc_l1d256_l2p2t32d256g_l2g_scl_mha16,full_eval_summary,full_or_exported_summary,all,0.3,sed,,,62.63,22.03,88.09,67.5,88.84,88.36,69.575,59.29666666666666,/home/hongsheng/dec_con_asf/logs/exp_260813_203247_TaskDecControlRobust_v1_0_A2FUSION_rlc_l1d256_l2p2t32d256g_l2g_scl_mha16/full_eval_summary.json,,
dec_con_asf,TaskDec MoreOpenGate,exp_260813_225556_TaskDecControlMoreOpenGate_v1_0_A2FUSION_rlc_l1d256_l2p2t32d256g_l2g_scl_mha16,complete_results,full,all,0.3,sed,,,61.759395530750346,19.376958915948308,80.45452214867144,67.76645618703083,89.10255710851837,80.5831446401509,66.50717242184503,55.90885324771002,/home/hongsheng/dec_con_asf/logs/exp_260813_225556_TaskDecControlMoreOpenGate_v1_0_A2FUSION_rlc_l1d256_l2p2t32d256g_l2g_scl_mha16/test_kitti/none/0.3/complete_results.txt,,
dec_con_asf,TaskDec MoreOpenGate,exp_260813_225556_TaskDecControlMoreOpenGate_v1_0_A2FUSION_rlc_l1d256_l2p2t32d256g_l2g_scl_mha16,complete_results,full,urban,0.3,sed,,,65.03321289061032,23.42195426561153,80.7962047972121,76.24744006915793,89.22592318013372,80.88626132005437,69.26849942046333,60.18521855160794,/home/hongsheng/dec_con_asf/logs/exp_260813_225556_TaskDecControlMoreOpenGate_v1_0_A2FUSION_rlc_l1d256_l2p2t32d256g_l2g_scl_mha16/test_kitti/none/0.3/complete_results.txt,,
dec_con_asf,TaskDec MoreOpenGate,exp_260813_225556_TaskDecControlMoreOpenGate_v1_0_A2FUSION_rlc_l1d256_l2p2t32d256g_l2g_scl_mha16,complete_results,full,highway,0.3,sed,,,60.02226930447393,19.348168053544672,88.92766215887036,73.64030097316959,89.67991863249334,88.96677114223426,70.09751504413103,60.65174672298284,/home/hongsheng/dec_con_asf/logs/exp_260813_225556_TaskDecControlMoreOpenGate_v1_0_A2FUSION_rlc_l1d256_l2p2t32d256g_l2g_scl_mha16/test_kitti/none/0.3/complete_results.txt,,
dec_con_asf,TaskDec MoreOpenGate,exp_260813_225556_TaskDecControlMoreOpenGate_v1_0_A2FUSION_rlc_l1d256_l2p2t32d256g_l2g_scl_mha16,complete_results,full,countryside,0.3,sed,,,56.28158198264518,12.170525127046867,79.85441063734172,41.29357874115539,86.97926587298056,78.79024009346848,59.22826707577303,44.084781320556914,/home/hongsheng/dec_con_asf/logs/exp_260813_225556_TaskDecControlMoreOpenGate_v1_0_A2FUSION_rlc_l1d256_l2p2t32d256g_l2g_scl_mha16/test_kitti/none/0.3/complete_results.txt,,
dec_con_asf,TaskDec MoreOpenGate,exp_260813_225556_TaskDecControlMoreOpenGate_v1_0_A2FUSION_rlc_l1d256_l2p2t32d256g_l2g_scl_mha16,complete_results,full,alleyway,0.3,sed,,,42.077800429662986,7.3256698256698245,58.812939217112515,44.70702384473693,68.25906565782562,60.24384540458902,46.90439072993282,37.42551302499859,/home/hongsheng/dec_con_asf/logs/exp_260813_225556_TaskDecControlMoreOpenGate_v1_0_A2FUSION_rlc_l1d256_l2p2t32d256g_l2g_scl_mha16/test_kitti/none/0.3/complete_results.txt,,
dec_con_asf,TaskDec MoreOpenGate,exp_260813_225556_TaskDecControlMoreOpenGate_v1_0_A2FUSION_rlc_l1d256_l2p2t32d256g_l2g_scl_mha16,complete_results,full,parkinglots,0.3,sed,,,48.279726639390134,45.79105482828739,72.1972204293628,69.56627207691236,72.27017993063029,72.27017993063029,63.39577230586888,62.542502278610016,/home/hongsheng/dec_con_asf/logs/exp_260813_225556_TaskDecControlMoreOpenGate_v1_0_A2FUSION_rlc_l1d256_l2p2t32d256g_l2g_scl_mha16/test_kitti/none/0.3/complete_results.txt,,
dec_con_asf,TaskDec MoreOpenGate,exp_260813_225556_TaskDecControlMoreOpenGate_v1_0_A2FUSION_rlc_l1d256_l2p2t32d256g_l2g_scl_mha16,complete_results,full,shoulder,0.3,sed,,,81.62882779321134,80.6411668480634,90.7749963077832,81.52809568159455,90.83442225126002,90.7398775942068,86.02456441268656,84.30304670795492,/home/hongsheng/dec_con_asf/logs/exp_260813_225556_TaskDecControlMoreOpenGate_v1_0_A2FUSION_rlc_l1d256_l2p2t32d256g_l2g_scl_mha16/test_kitti/none/0.3/complete_results.txt,,
dec_con_asf,TaskDec MoreOpenGate,exp_260813_225556_TaskDecControlMoreOpenGate_v1_0_A2FUSION_rlc_l1d256_l2p2t32d256g_l2g_scl_mha16,complete_results,full,mountain,0.3,sed,,,69.55871193846222,20.498806192803638,90.74147372863013,77.48642955226437,99.66676248082429,90.85074699736353,74.8004884817247,62.945327580810506,/home/hongsheng/dec_con_asf/logs/exp_260813_225556_TaskDecControlMoreOpenGate_v1_0_A2FUSION_rlc_l1d256_l2p2t32d256g_l2g_scl_mha16/test_kitti/none/0.3/complete_results.txt,,
dec_con_asf,TaskDec MoreOpenGate,exp_260813_225556_TaskDecControlMoreOpenGate_v1_0_A2FUSION_rlc_l1d256_l2p2t32d256g_l2g_scl_mha16,complete_results,full,university,0.3,sed,,,55.68468128451332,27.987521293523006,80.22036873825662,70.01721065070782,80.82188242626161,80.37322488794516,65.85081488020126,59.45931894405866,/home/hongsheng/dec_con_asf/logs/exp_260813_225556_TaskDecControlMoreOpenGate_v1_0_A2FUSION_rlc_l1d256_l2p2t32d256g_l2g_scl_mha16/test_kitti/none/0.3/complete_results.txt,,
dec_con_asf,TaskDec MoreOpenGate,exp_260813_225556_TaskDecControlMoreOpenGate_v1_0_A2FUSION_rlc_l1d256_l2p2t32d256g_l2g_scl_mha16,complete_results,full,day,0.3,sed,,,61.29335865377411,20.223256707516875,80.54321204167607,68.17469297099899,89.04351990443548,80.54378669983812,66.63697116303995,56.313912126118,/home/hongsheng/dec_con_asf/logs/exp_260813_225556_TaskDecControlMoreOpenGate_v1_0_A2FUSION_rlc_l1d256_l2p2t32d256g_l2g_scl_mha16/test_kitti/none/0.3/complete_results.txt,,
dec_con_asf,TaskDec MoreOpenGate,exp_260813_225556_TaskDecControlMoreOpenGate_v1_0_A2FUSION_rlc_l1d256_l2p2t32d256g_l2g_scl_mha16,complete_results,full,night,0.3,sed,,,63.87516476048387,17.940919095279163,80.34533437183107,66.91986204731064,80.9796147200094,80.75088439634126,65.13529656520923,55.203888512977024,/home/hongsheng/dec_con_asf/logs/exp_260813_225556_TaskDecControlMoreOpenGate_v1_0_A2FUSION_rlc_l1d256_l2p2t32d256g_l2g_scl_mha16/test_kitti/none/0.3/complete_results.txt,,
dec_con_asf,TaskDec MoreOpenGate,exp_260813_225556_TaskDecControlMoreOpenGate_v1_0_A2FUSION_rlc_l1d256_l2p2t32d256g_l2g_scl_mha16,complete_results,full,normal,0.3,sed,,,59.691837891386776,16.889696654131217,80.01792478936628,66.73418935153414,88.72790002873927,88.10361347885436,66.69419369900201,57.24249982817324,/home/hongsheng/dec_con_asf/logs/exp_260813_225556_TaskDecControlMoreOpenGate_v1_0_A2FUSION_rlc_l1d256_l2p2t32d256g_l2g_scl_mha16/test_kitti/none/0.3/complete_results.txt,,
dec_con_asf,TaskDec MoreOpenGate,exp_260813_225556_TaskDecControlMoreOpenGate_v1_0_A2FUSION_rlc_l1d256_l2p2t32d256g_l2g_scl_mha16,complete_results,full,overcast,0.3,sed,,,76.11197175567459,23.965137818926387,90.14569329196924,79.87676860443223,90.23455685335011,90.14569329196924,75.07997026938696,64.66253323844262,/home/hongsheng/dec_con_asf/logs/exp_260813_225556_TaskDecControlMoreOpenGate_v1_0_A2FUSION_rlc_l1d256_l2p2t32d256g_l2g_scl_mha16/test_kitti/none/0.3/complete_results.txt,,
dec_con_asf,TaskDec MoreOpenGate,exp_260813_225556_TaskDecControlMoreOpenGate_v1_0_A2FUSION_rlc_l1d256_l2p2t32d256g_l2g_scl_mha16,complete_results,full,fog,0.3,sed,,,76.8694546881925,46.17242992577247,90.7201854451587,79.70876341249065,90.87232496502004,90.7602855002656,79.18390732281667,72.21382627950958,/home/hongsheng/dec_con_asf/logs/exp_260813_225556_TaskDecControlMoreOpenGate_v1_0_A2FUSION_rlc_l1d256_l2p2t32d256g_l2g_scl_mha16/test_kitti/none/0.3/complete_results.txt,,
dec_con_asf,TaskDec MoreOpenGate,exp_260813_225556_TaskDecControlMoreOpenGate_v1_0_A2FUSION_rlc_l1d256_l2p2t32d256g_l2g_scl_mha16,complete_results,full,rain,0.3,sed,,,66.18886839292483,17.845483418569664,80.86472414803377,66.91504907725488,80.95531443477692,80.74801998546897,65.58624324283817,55.16951749376451,/home/hongsheng/dec_con_asf/logs/exp_260813_225556_TaskDecControlMoreOpenGate_v1_0_A2FUSION_rlc_l1d256_l2p2t32d256g_l2g_scl_mha16/test_kitti/none/0.3/complete_results.txt,,
dec_con_asf,TaskDec MoreOpenGate,exp_260813_225556_TaskDecControlMoreOpenGate_v1_0_A2FUSION_rlc_l1d256_l2p2t32d256g_l2g_scl_mha16,complete_results,full,sleet,0.3,sed,,,50.49652847001762,16.557897750112677,80.1094901887731,67.12382181082543,80.7500104403456,80.49717952069255,62.5891546967945,54.72629969387689,/home/hongsheng/dec_con_asf/logs/exp_260813_225556_TaskDecControlMoreOpenGate_v1_0_A2FUSION_rlc_l1d256_l2p2t32d256g_l2g_scl_mha16/test_kitti/none/0.3/complete_results.txt,,
dec_con_asf,TaskDec MoreOpenGate,exp_260813_225556_TaskDecControlMoreOpenGate_v1_0_A2FUSION_rlc_l1d256_l2p2t32d256g_l2g_scl_mha16,complete_results,full,lightsnow,0.3,sed,,,63.720081634378644,29.872504098057956,88.84041284823279,78.07193178504363,89.34334879606095,89.3083295802037,73.19276812366294,65.75092182110176,/home/hongsheng/dec_con_asf/logs/exp_260813_225556_TaskDecControlMoreOpenGate_v1_0_A2FUSION_rlc_l1d256_l2p2t32d256g_l2g_scl_mha16/test_kitti/none/0.3/complete_results.txt,,
dec_con_asf,TaskDec MoreOpenGate,exp_260813_225556_TaskDecControlMoreOpenGate_v1_0_A2FUSION_rlc_l1d256_l2p2t32d256g_l2g_scl_mha16,complete_results,full,heavysnow,0.3,sed,,,51.9917800090502,24.43763349026507,71.16747629188693,61.56410809478612,71.91220839686869,71.70588786595346,58.796515691468414,52.56920981700156,/home/hongsheng/dec_con_asf/logs/exp_260813_225556_TaskDecControlMoreOpenGate_v1_0_A2FUSION_rlc_l1d256_l2p2t32d256g_l2g_scl_mha16/test_kitti/none/0.3/complete_results.txt,,
dec_con_asf,TaskDec StrongerControl,exp_260813_225557_TaskDecControlStrongerControl_v1_0_A2FUSION_rlc_l1d256_l2p2t32d256g_l2g_scl_mha16,complete_results,full,all,0.3,sed,,,62.97452315099276,22.778343663414,80.45699101321094,67.85519694521007,89.00067025674609,80.52223604195824,67.26466017858868,57.051925550194106,/home/hongsheng/dec_con_asf/logs/exp_260813_225557_TaskDecControlStrongerControl_v1_0_A2FUSION_rlc_l1d256_l2p2t32d256g_l2g_scl_mha16/test_kitti/none/0.3/complete_results.txt,,
dec_con_asf,TaskDec StrongerControl,exp_260813_225557_TaskDecControlStrongerControl_v1_0_A2FUSION_rlc_l1d256_l2p2t32d256g_l2g_scl_mha16,complete_results,full,urban,0.3,sed,,,65.47030529164142,27.46700551561196,80.76076024704363,76.82572089041308,80.96384775236963,80.78920385908404,68.71280725936063,61.69397675503635,/home/hongsheng/dec_con_asf/logs/exp_260813_225557_TaskDecControlStrongerControl_v1_0_A2FUSION_rlc_l1d256_l2p2t32d256g_l2g_scl_mha16/test_kitti/none/0.3/complete_results.txt,,
dec_con_asf,TaskDec StrongerControl,exp_260813_225557_TaskDecControlStrongerControl_v1_0_A2FUSION_rlc_l1d256_l2p2t32d256g_l2g_scl_mha16,complete_results,full,highway,0.3,sed,,,60.17799453235008,19.104901061262094,88.68715036315179,72.89722610828584,89.49967588957665,88.62828620600317,69.8325390267716,60.210137791850364,/home/hongsheng/dec_con_asf/logs/exp_260813_225557_TaskDecControlStrongerControl_v1_0_A2FUSION_rlc_l1d256_l2p2t32d256g_l2g_scl_mha16/test_kitti/none/0.3/complete_results.txt,,
dec_con_asf,TaskDec StrongerControl,exp_260813_225557_TaskDecControlStrongerControl_v1_0_A2FUSION_rlc_l1d256_l2p2t32d256g_l2g_scl_mha16,complete_results,full,countryside,0.3,sed,,,63.502105277480716,12.42807825086306,80.65992147387496,44.19050646323374,87.77197440240919,78.82213907366345,61.22912082358752,45.146907929253416,/home/hongsheng/dec_con_asf/logs/exp_260813_225557_TaskDecControlStrongerControl_v1_0_A2FUSION_rlc_l1d256_l2p2t32d256g_l2g_scl_mha16/test_kitti/none/0.3/complete_results.txt,,
dec_con_asf,TaskDec StrongerControl,exp_260813_225557_TaskDecControlStrongerControl_v1_0_A2FUSION_rlc_l1d256_l2p2t32d256g_l2g_scl_mha16,complete_results,full,alleyway,0.3,sed,,,41.7959934215398,6.172174750661565,59.288662867696985,45.221342653968755,68.30748449734945,60.60467700895654,46.898389200028845,37.33273147119562,/home/hongsheng/dec_con_asf/logs/exp_260813_225557_TaskDecControlStrongerControl_v1_0_A2FUSION_rlc_l1d256_l2p2t32d256g_l2g_scl_mha16/test_kitti/none/0.3/complete_results.txt,,
dec_con_asf,TaskDec StrongerControl,exp_260813_225557_TaskDecControlStrongerControl_v1_0_A2FUSION_rlc_l1d256_l2p2t32d256g_l2g_scl_mha16,complete_results,full,parkinglots,0.3,sed,,,47.717089230951544,38.19880906495081,71.63523669547766,69.51869696767078,72.2954882786146,72.24973041966506,61.93584177622174,59.98907881742888,/home/hongsheng/dec_con_asf/logs/exp_260813_225557_TaskDecControlStrongerControl_v1_0_A2FUSION_rlc_l1d256_l2p2t32d256g_l2g_scl_mha16/test_kitti/none/0.3/complete_results.txt,,
dec_con_asf,TaskDec StrongerControl,exp_260813_225557_TaskDecControlStrongerControl_v1_0_A2FUSION_rlc_l1d256_l2p2t32d256g_l2g_scl_mha16,complete_results,full,shoulder,0.3,sed,,,81.66976754132716,80.43502300555592,90.79754601226993,81.3523939187656,90.83442225126002,90.75812818272215,85.97454681865013,84.18184836901456,/home/hongsheng/dec_con_asf/logs/exp_260813_225557_TaskDecControlStrongerControl_v1_0_A2FUSION_rlc_l1d256_l2p2t32d256g_l2g_scl_mha16/test_kitti/none/0.3/complete_results.txt,,
dec_con_asf,TaskDec StrongerControl,exp_260813_225557_TaskDecControlStrongerControl_v1_0_A2FUSION_rlc_l1d256_l2p2t32d256g_l2g_scl_mha16,complete_results,full,mountain,0.3,sed,,,70.17602405175651,15.690247508429328,90.86117939504196,77.44495351915592,90.87276005747367,90.83810658479587,72.64721185277554,61.32443587079371,/home/hongsheng/dec_con_asf/logs/exp_260813_225557_TaskDecControlStrongerControl_v1_0_A2FUSION_rlc_l1d256_l2p2t32d256g_l2g_scl_mha16/test_kitti/none/0.3/complete_results.txt,,
dec_con_asf,TaskDec StrongerControl,exp_260813_225557_TaskDecControlStrongerControl_v1_0_A2FUSION_rlc_l1d256_l2p2t32d256g_l2g_scl_mha16,complete_results,full,university,0.3,sed,,,56.54898621539678,30.10403361378453,79.96780165667151,69.7585938087604,80.7373906047086,80.09849857489218,66.20255074570234,59.9870419991457,/home/hongsheng/dec_con_asf/logs/exp_260813_225557_TaskDecControlStrongerControl_v1_0_A2FUSION_rlc_l1d256_l2p2t32d256g_l2g_scl_mha16/test_kitti/none/0.3/complete_results.txt,,
dec_con_asf,TaskDec StrongerControl,exp_260813_225557_TaskDecControlStrongerControl_v1_0_A2FUSION_rlc_l1d256_l2p2t32d256g_l2g_scl_mha16,complete_results,full,day,0.3,sed,,,62.110855914016014,19.82386190089684,80.46538951425137,67.90904789677366,88.88520274232448,80.40050621846787,66.5991440311217,56.044472005379454,/home/hongsheng/dec_con_asf/logs/exp_260813_225557_TaskDecControlStrongerControl_v1_0_A2FUSION_rlc_l1d256_l2p2t32d256g_l2g_scl_mha16/test_kitti/none/0.3/complete_results.txt,,
dec_con_asf,TaskDec StrongerControl,exp_260813_225557_TaskDecControlStrongerControl_v1_0_A2FUSION_rlc_l1d256_l2p2t32d256g_l2g_scl_mha16,complete_results,full,night,0.3,sed,,,64.63177691860055,22.19051756677955,80.47883211592982,67.77097635823503,81.00504408813444,80.78741492544546,66.14409366218747,56.91630295015335,/home/hongsheng/dec_con_asf/logs/exp_260813_225557_TaskDecControlStrongerControl_v1_0_A2FUSION_rlc_l1d256_l2p2t32d256g_l2g_scl_mha16/test_kitti/none/0.3/complete_results.txt,,
dec_con_asf,TaskDec StrongerControl,exp_260813_225557_TaskDecControlStrongerControl_v1_0_A2FUSION_rlc_l1d256_l2p2t32d256g_l2g_scl_mha16,complete_results,full,normal,0.3,sed,,,60.56342375463323,16.37539762859206,79.96175584979878,66.28845531537426,88.52141795375826,79.98766781173813,65.28301971898246,54.217173585234825,/home/hongsheng/dec_con_asf/logs/exp_260813_225557_TaskDecControlStrongerControl_v1_0_A2FUSION_rlc_l1d256_l2p2t32d256g_l2g_scl_mha16/test_kitti/none/0.3/complete_results.txt,,
dec_con_asf,TaskDec StrongerControl,exp_260813_225557_TaskDecControlStrongerControl_v1_0_A2FUSION_rlc_l1d256_l2p2t32d256g_l2g_scl_mha16,complete_results,full,overcast,0.3,sed,,,74.7140246731247,25.973755824602033,89.96670591114223,79.76402153267045,90.19773711715703,90.09303371245362,75.11821312852501,65.27693702324204,/home/hongsheng/dec_con_asf/logs/exp_260813_225557_TaskDecControlStrongerControl_v1_0_A2FUSION_rlc_l1d256_l2p2t32d256g_l2g_scl_mha16/test_kitti/none/0.3/complete_results.txt,,
dec_con_asf,TaskDec StrongerControl,exp_260813_225557_TaskDecControlStrongerControl_v1_0_A2FUSION_rlc_l1d256_l2p2t32d256g_l2g_scl_mha16,complete_results,full,fog,0.3,sed,,,76.38582924688217,44.31193029229233,90.82865735120254,79.50355468009921,90.84286134356945,90.80643864198353,78.77987859267154,71.5406412047917,/home/hongsheng/dec_con_asf/logs/exp_260813_225557_TaskDecControlStrongerControl_v1_0_A2FUSION_rlc_l1d256_l2p2t32d256g_l2g_scl_mha16/test_kitti/none/0.3/complete_results.txt,,
dec_con_asf,TaskDec StrongerControl,exp_260813_225557_TaskDecControlStrongerControl_v1_0_A2FUSION_rlc_l1d256_l2p2t32d256g_l2g_scl_mha16,complete_results,full,rain,0.3,sed,,,66.8389197365503,21.821186986772776,80.91499868112422,67.92238330785348,81.02907514425524,80.7618905151963,66.54807572862539,56.835153603274186,/home/hongsheng/dec_con_asf/logs/exp_260813_225557_TaskDecControlStrongerControl_v1_0_A2FUSION_rlc_l1d256_l2p2t32d256g_l2g_scl_mha16/test_kitti/none/0.3/complete_results.txt,,
dec_con_asf,TaskDec StrongerControl,exp_260813_225557_TaskDecControlStrongerControl_v1_0_A2FUSION_rlc_l1d256_l2p2t32d256g_l2g_scl_mha16,complete_results,full,sleet,0.3,sed,,,51.56466324373379,21.38513099590405,79.31086288613628,67.59806074945533,80.7129347996802,80.38186610779778,63.49225313045124,56.45501928438572,/home/hongsheng/dec_con_asf/logs/exp_260813_225557_TaskDecControlStrongerControl_v1_0_A2FUSION_rlc_l1d256_l2p2t32d256g_l2g_scl_mha16/test_kitti/none/0.3/complete_results.txt,,
dec_con_asf,TaskDec StrongerControl,exp_260813_225557_TaskDecControlStrongerControl_v1_0_A2FUSION_rlc_l1d256_l2p2t32d256g_l2g_scl_mha16,complete_results,full,lightsnow,0.3,sed,,,65.7935307213463,30.59021228842751,88.91024897492723,78.19030116855899,89.30553535061293,89.20305204629511,73.66548009169468,65.9945218344272,/home/hongsheng/dec_con_asf/logs/exp_260813_225557_TaskDecControlStrongerControl_v1_0_A2FUSION_rlc_l1d256_l2p2t32d256g_l2g_scl_mha16/test_kitti/none/0.3/complete_results.txt,,
dec_con_asf,TaskDec StrongerControl,exp_260813_225557_TaskDecControlStrongerControl_v1_0_A2FUSION_rlc_l1d256_l2p2t32d256g_l2g_scl_mha16,complete_results,full,heavysnow,0.3,sed,,,53.06355163725133,26.387649728016626,71.08323946695883,61.600818519425005,71.73841921283753,71.45646365076112,59.2216903692084,53.14831063273425,/home/hongsheng/dec_con_asf/logs/exp_260813_225557_TaskDecControlStrongerControl_v1_0_A2FUSION_rlc_l1d256_l2p2t32d256g_l2g_scl_mha16/test_kitti/none/0.3/complete_results.txt,,
dec_con_asf,TaskDec MoreOpenGate,exp_260814_231746_TaskDecControlMoreOpenGate_v1_0_A2FUSION_rlc_l1d256_l2p2t32d256g_l2g_scl_mha16,subset_eval_summary,subset_eval,subset_all,0.3,sed,0,/home/hongsheng/dec_con_asf/logs/exp_260813_225556_TaskDecControlMoreOpenGate_v1_0_A2FUSION_rlc_l1d256_l2p2t32d256g_l2g_scl_mha16/models/model_0.pt,63.16,17.45,88.11,74.79,89.01,88.26,70.13000000000001,60.166666666666664,/home/hongsheng/dec_con_asf/logs/exp_260814_231746_TaskDecControlMoreOpenGate_v1_0_A2FUSION_rlc_l1d256_l2p2t32d256g_l2g_scl_mha16/subset_eval_summary.json,,
dec_con_asf,TaskDec MoreOpenGate,exp_260814_231746_TaskDecControlMoreOpenGate_v1_0_A2FUSION_rlc_l1d256_l2p2t32d256g_l2g_scl_mha16,subset_eval_summary,subset_eval,subset_all,0.3,sed,1,/home/hongsheng/dec_con_asf/logs/exp_260813_225556_TaskDecControlMoreOpenGate_v1_0_A2FUSION_rlc_l1d256_l2p2t32d256g_l2g_scl_mha16/models/model_1.pt,49.64,10.51,87.52,64.23,89.11,88.33,64.89,54.35666666666666,/home/hongsheng/dec_con_asf/logs/exp_260814_231746_TaskDecControlMoreOpenGate_v1_0_A2FUSION_rlc_l1d256_l2p2t32d256g_l2g_scl_mha16/subset_eval_summary.json,,
dec_con_asf,TaskDec MoreOpenGate,exp_260814_231746_TaskDecControlMoreOpenGate_v1_0_A2FUSION_rlc_l1d256_l2p2t32d256g_l2g_scl_mha16,subset_eval_summary,subset_eval,subset_all,0.3,sed,2,/home/hongsheng/dec_con_asf/logs/exp_260813_225556_TaskDecControlMoreOpenGate_v1_0_A2FUSION_rlc_l1d256_l2p2t32d256g_l2g_scl_mha16/models/model_2.pt,61.12,18.02,88.38,68.06,89.14,88.67,68.89833333333333,58.25,/home/hongsheng/dec_con_asf/logs/exp_260814_231746_TaskDecControlMoreOpenGate_v1_0_A2FUSION_rlc_l1d256_l2p2t32d256g_l2g_scl_mha16/subset_eval_summary.json,,
dec_con_asf,TaskDec MoreOpenGate,exp_260814_231746_TaskDecControlMoreOpenGate_v1_0_A2FUSION_rlc_l1d256_l2p2t32d256g_l2g_scl_mha16,subset_eval_summary,subset_eval,subset_all,0.3,sed,3,/home/hongsheng/dec_con_asf/logs/exp_260813_225556_TaskDecControlMoreOpenGate_v1_0_A2FUSION_rlc_l1d256_l2p2t32d256g_l2g_scl_mha16/models/model_3.pt,61.99,10.17,80.49,65.53,89.31,88.55,66.00666666666667,54.75,/home/hongsheng/dec_con_asf/logs/exp_260814_231746_TaskDecControlMoreOpenGate_v1_0_A2FUSION_rlc_l1d256_l2p2t32d256g_l2g_scl_mha16/subset_eval_summary.json,,
dec_con_asf,TaskDec MoreOpenGate,exp_260814_231746_TaskDecControlMoreOpenGate_v1_0_A2FUSION_rlc_l1d256_l2p2t32d256g_l2g_scl_mha16,subset_eval_summary,subset_eval,subset_all,0.3,sed,4,/home/hongsheng/dec_con_asf/logs/exp_260813_225556_TaskDecControlMoreOpenGate_v1_0_A2FUSION_rlc_l1d256_l2p2t32d256g_l2g_scl_mha16/models/model_4.pt,61.82,19.71,80.54,68.4,89.13,88.56,68.02666666666667,58.89000000000001,/home/hongsheng/dec_con_asf/logs/exp_260814_231746_TaskDecControlMoreOpenGate_v1_0_A2FUSION_rlc_l1d256_l2p2t32d256g_l2g_scl_mha16/subset_eval_summary.json,,
dec_con_asf,TaskDec MoreOpenGate,exp_260814_231746_TaskDecControlMoreOpenGate_v1_0_A2FUSION_rlc_l1d256_l2p2t32d256g_l2g_scl_mha16,subset_eval_summary,subset_eval,subset_all,0.3,sed,5,/home/hongsheng/dec_con_asf/logs/exp_260813_225556_TaskDecControlMoreOpenGate_v1_0_A2FUSION_rlc_l1d256_l2p2t32d256g_l2g_scl_mha16/models/model_5.pt,55.12,19.6,80.47,65.15,81.07,80.48,63.64833333333333,55.076666666666675,/home/hongsheng/dec_con_asf/logs/exp_260814_231746_TaskDecControlMoreOpenGate_v1_0_A2FUSION_rlc_l1d256_l2p2t32d256g_l2g_scl_mha16/subset_eval_summary.json,,
dec_con_asf,TaskDec MoreOpenGate,exp_260814_231746_TaskDecControlMoreOpenGate_v1_0_A2FUSION_rlc_l1d256_l2p2t32d256g_l2g_scl_mha16,subset_eval_summary,subset_eval,subset_all,0.3,sed,6,/home/hongsheng/dec_con_asf/logs/exp_260813_225556_TaskDecControlMoreOpenGate_v1_0_A2FUSION_rlc_l1d256_l2p2t32d256g_l2g_scl_mha16/models/model_6.pt,60.91,17.41,80.41,67.69,89.13,88.61,67.36,57.903333333333336,/home/hongsheng/dec_con_asf/logs/exp_260814_231746_TaskDecControlMoreOpenGate_v1_0_A2FUSION_rlc_l1d256_l2p2t32d256g_l2g_scl_mha16/subset_eval_summary.json,,
dec_con_asf,TaskDec MoreOpenGate,exp_260814_231746_TaskDecControlMoreOpenGate_v1_0_A2FUSION_rlc_l1d256_l2p2t32d256g_l2g_scl_mha16,subset_eval_summary,subset_eval,subset_all,0.3,sed,7,/home/hongsheng/dec_con_asf/logs/exp_260813_225556_TaskDecControlMoreOpenGate_v1_0_A2FUSION_rlc_l1d256_l2p2t32d256g_l2g_scl_mha16/models/model_7.pt,61.88,16.95,87.49,66.13,88.99,87.99,68.23833333333333,57.02333333333333,/home/hongsheng/dec_con_asf/logs/exp_260814_231746_TaskDecControlMoreOpenGate_v1_0_A2FUSION_rlc_l1d256_l2p2t32d256g_l2g_scl_mha16/subset_eval_summary.json,,
dec_con_asf,TaskDec MoreOpenGate,exp_260814_231746_TaskDecControlMoreOpenGate_v1_0_A2FUSION_rlc_l1d256_l2p2t32d256g_l2g_scl_mha16,subset_eval_summary,subset_eval,subset_all,0.3,sed,8,/home/hongsheng/dec_con_asf/logs/exp_260813_225556_TaskDecControlMoreOpenGate_v1_0_A2FUSION_rlc_l1d256_l2p2t32d256g_l2g_scl_mha16/models/model_8.pt,62.29,19.04,80.46,68.06,89.28,80.63,66.62666666666667,55.91,/home/hongsheng/dec_con_asf/logs/exp_260814_231746_TaskDecControlMoreOpenGate_v1_0_A2FUSION_rlc_l1d256_l2p2t32d256g_l2g_scl_mha16/subset_eval_summary.json,,
dec_con_asf,TaskDec MoreOpenGate,exp_260815_044028_TaskDecControlMoreOpenGate_v1_0_A2FUSION_rlc_l1d256_l2p2t32d256g_l2g_scl_mha16,subset_eval_summary,subset_eval,subset_all,0.3,sed,9,/home/hongsheng/dec_con_asf/logs/exp_260813_225556_TaskDecControlMoreOpenGate_v1_0_A2FUSION_rlc_l1d256_l2p2t32d256g_l2g_scl_mha16/models/model_9.pt,55.71,11.39,80.0,64.3,88.77,79.99,63.35999999999999,51.89333333333334,/home/hongsheng/dec_con_asf/logs/exp_260815_044028_TaskDecControlMoreOpenGate_v1_0_A2FUSION_rlc_l1d256_l2p2t32d256g_l2g_scl_mha16/subset_eval_summary.json,,
dec_con_asf,TaskDec MoreOpenGate,exp_260815_044028_TaskDecControlMoreOpenGate_v1_0_A2FUSION_rlc_l1d256_l2p2t32d256g_l2g_scl_mha16,subset_eval_summary,subset_eval,subset_all,0.3,sed,10,/home/hongsheng/dec_con_asf/logs/exp_260813_225556_TaskDecControlMoreOpenGate_v1_0_A2FUSION_rlc_l1d256_l2p2t32d256g_l2g_scl_mha16/models/model_10.pt,61.58,19.05,80.41,68.14,89.26,88.75,67.865,58.64666666666667,/home/hongsheng/dec_con_asf/logs/exp_260815_044028_TaskDecControlMoreOpenGate_v1_0_A2FUSION_rlc_l1d256_l2p2t32d256g_l2g_scl_mha16/subset_eval_summary.json,,
dec_con_asf,TaskDec StrongerControl,exp_260815_115940_TaskDecControlStrongerControl_v1_0_A2FUSION_rlc_l1d256_l2p2t32d256g_l2g_scl_mha16,subset_eval_summary,subset_eval,subset_all,0.3,sed,0,/home/hongsheng/dec_con_asf/logs/exp_260813_225557_TaskDecControlStrongerControl_v1_0_A2FUSION_rlc_l1d256_l2p2t32d256g_l2g_scl_mha16/models/model_0.pt,62.88,22.24,80.3,67.52,88.87,88.34,68.35833333333333,59.36666666666667,/home/hongsheng/dec_con_asf/logs/exp_260815_115940_TaskDecControlStrongerControl_v1_0_A2FUSION_rlc_l1d256_l2p2t32d256g_l2g_scl_mha16/subset_eval_summary.json,,
dec_con_asf,TaskDec StrongerControl,exp_260815_115940_TaskDecControlStrongerControl_v1_0_A2FUSION_rlc_l1d256_l2p2t32d256g_l2g_scl_mha16,subset_eval_summary,subset_eval,subset_all,0.3,sed,1,/home/hongsheng/dec_con_asf/logs/exp_260813_225557_TaskDecControlStrongerControl_v1_0_A2FUSION_rlc_l1d256_l2p2t32d256g_l2g_scl_mha16/models/model_1.pt,51.68,9.78,87.7,63.89,89.14,88.0,65.03166666666667,53.88999999999999,/home/hongsheng/dec_con_asf/logs/exp_260815_115940_TaskDecControlStrongerControl_v1_0_A2FUSION_rlc_l1d256_l2p2t32d256g_l2g_scl_mha16/subset_eval_summary.json,,
dec_con_asf,TaskDec StrongerControl,exp_260815_115940_TaskDecControlStrongerControl_v1_0_A2FUSION_rlc_l1d256_l2p2t32d256g_l2g_scl_mha16,subset_eval_summary,subset_eval,subset_all,0.3,sed,2,/home/hongsheng/dec_con_asf/logs/exp_260813_225557_TaskDecControlStrongerControl_v1_0_A2FUSION_rlc_l1d256_l2p2t32d256g_l2g_scl_mha16/models/model_2.pt,62.46,22.3,80.54,68.35,89.18,88.67,68.58333333333333,59.77333333333333,/home/hongsheng/dec_con_asf/logs/exp_260815_115940_TaskDecControlStrongerControl_v1_0_A2FUSION_rlc_l1d256_l2p2t32d256g_l2g_scl_mha16/subset_eval_summary.json,,
dec_con_asf,TaskDec StrongerControl,exp_260815_115940_TaskDecControlStrongerControl_v1_0_A2FUSION_rlc_l1d256_l2p2t32d256g_l2g_scl_mha16,subset_eval_summary,subset_eval,subset_all,0.3,sed,3,/home/hongsheng/dec_con_asf/logs/exp_260813_225557_TaskDecControlStrongerControl_v1_0_A2FUSION_rlc_l1d256_l2p2t32d256g_l2g_scl_mha16/models/model_3.pt,61.09,15.82,80.6,64.94,89.25,80.56,65.37666666666667,53.77333333333333,/home/hongsheng/dec_con_asf/logs/exp_260815_115940_TaskDecControlStrongerControl_v1_0_A2FUSION_rlc_l1d256_l2p2t32d256g_l2g_scl_mha16/subset_eval_summary.json,,
dec_con_asf,TaskDec StrongerControl,exp_260815_115940_TaskDecControlStrongerControl_v1_0_A2FUSION_rlc_l1d256_l2p2t32d256g_l2g_scl_mha16,subset_eval_summary,subset_eval,subset_all,0.3,sed,4,/home/hongsheng/dec_con_asf/logs/exp_260813_225557_TaskDecControlStrongerControl_v1_0_A2FUSION_rlc_l1d256_l2p2t32d256g_l2g_scl_mha16/models/model_4.pt,62.5,22.21,80.62,68.3,89.18,88.52,68.55499999999999,59.67666666666667,/home/hongsheng/dec_con_asf/logs/exp_260815_115940_TaskDecControlStrongerControl_v1_0_A2FUSION_rlc_l1d256_l2p2t32d256g_l2g_scl_mha16/subset_eval_summary.json,,
dec_con_asf,TaskDec StrongerControl,exp_260815_115940_TaskDecControlStrongerControl_v1_0_A2FUSION_rlc_l1d256_l2p2t32d256g_l2g_scl_mha16,subset_eval_summary,subset_eval,subset_all,0.3,sed,5,/home/hongsheng/dec_con_asf/logs/exp_260813_225557_TaskDecControlStrongerControl_v1_0_A2FUSION_rlc_l1d256_l2p2t32d256g_l2g_scl_mha16/models/model_5.pt,53.73,11.29,80.29,62.67,88.98,80.33,62.88166666666667,51.43,/home/hongsheng/dec_con_asf/logs/exp_260815_115940_TaskDecControlStrongerControl_v1_0_A2FUSION_rlc_l1d256_l2p2t32d256g_l2g_scl_mha16/subset_eval_summary.json,,
dec_con_asf,TaskDec StrongerControl,exp_260815_120021_TaskDecControlStrongerControl_v1_0_A2FUSION_rlc_l1d256_l2p2t32d256g_l2g_scl_mha16,subset_eval_summary,subset_eval,subset_all,0.3,sed,6,/home/hongsheng/dec_con_asf/logs/exp_260813_225557_TaskDecControlStrongerControl_v1_0_A2FUSION_rlc_l1d256_l2p2t32d256g_l2g_scl_mha16/models/model_6.pt,62.55,22.75,80.55,68.06,89.21,80.61,67.28833333333334,57.14000000000001,/home/hongsheng/dec_con_asf/logs/exp_260815_120021_TaskDecControlStrongerControl_v1_0_A2FUSION_rlc_l1d256_l2p2t32d256g_l2g_scl_mha16/subset_eval_summary.json,,
dec_con_asf,TaskDec StrongerControl,exp_260815_120021_TaskDecControlStrongerControl_v1_0_A2FUSION_rlc_l1d256_l2p2t32d256g_l2g_scl_mha16,subset_eval_summary,subset_eval,subset_all,0.3,sed,7,/home/hongsheng/dec_con_asf/logs/exp_260813_225557_TaskDecControlStrongerControl_v1_0_A2FUSION_rlc_l1d256_l2p2t32d256g_l2g_scl_mha16/models/model_7.pt,60.65,20.9,87.38,65.78,88.83,87.52,68.51,58.06666666666666,/home/hongsheng/dec_con_asf/logs/exp_260815_120021_TaskDecControlStrongerControl_v1_0_A2FUSION_rlc_l1d256_l2p2t32d256g_l2g_scl_mha16/subset_eval_summary.json,,
dec_con_asf,TaskDec StrongerControl,exp_260815_120021_TaskDecControlStrongerControl_v1_0_A2FUSION_rlc_l1d256_l2p2t32d256g_l2g_scl_mha16,subset_eval_summary,subset_eval,subset_all,0.3,sed,8,/home/hongsheng/dec_con_asf/logs/exp_260813_225557_TaskDecControlStrongerControl_v1_0_A2FUSION_rlc_l1d256_l2p2t32d256g_l2g_scl_mha16/models/model_8.pt,61.99,22.53,80.43,68.01,89.24,80.52,67.12,57.02,/home/hongsheng/dec_con_asf/logs/exp_260815_120021_TaskDecControlStrongerControl_v1_0_A2FUSION_rlc_l1d256_l2p2t32d256g_l2g_scl_mha16/subset_eval_summary.json,,
dec_con_asf,TaskDec StrongerControl,exp_260815_120021_TaskDecControlStrongerControl_v1_0_A2FUSION_rlc_l1d256_l2p2t32d256g_l2g_scl_mha16,subset_eval_summary,subset_eval,subset_all,0.3,sed,9,/home/hongsheng/dec_con_asf/logs/exp_260813_225557_TaskDecControlStrongerControl_v1_0_A2FUSION_rlc_l1d256_l2p2t32d256g_l2g_scl_mha16/models/model_9.pt,63.21,21.83,80.26,67.65,88.44,80.18,66.92833333333333,56.55333333333334,/home/hongsheng/dec_con_asf/logs/exp_260815_120021_TaskDecControlStrongerControl_v1_0_A2FUSION_rlc_l1d256_l2p2t32d256g_l2g_scl_mha16/subset_eval_summary.json,,
dec_con_asf,TaskDec StrongerControl,exp_260815_120021_TaskDecControlStrongerControl_v1_0_A2FUSION_rlc_l1d256_l2p2t32d256g_l2g_scl_mha16,subset_eval_summary,subset_eval,subset_all,0.3,sed,10,/home/hongsheng/dec_con_asf/logs/exp_260813_225557_TaskDecControlStrongerControl_v1_0_A2FUSION_rlc_l1d256_l2p2t32d256g_l2g_scl_mha16/models/model_10.pt,62.77,21.93,80.58,68.23,89.17,80.57,67.20833333333333,56.91,/home/hongsheng/dec_con_asf/logs/exp_260815_120021_TaskDecControlStrongerControl_v1_0_A2FUSION_rlc_l1d256_l2p2t32d256g_l2g_scl_mha16/subset_eval_summary.json,,
dec_con_asf,TaskDec MoreOpenGate,exp_260817_000340_TaskDecControlMoreOpenGate_v1_0_A2FUSION_rlc_l1d256_l2p2t32d256g_l2g_scl_mha16,full_eval_summary,full_or_exported_summary,all,0,sed,,,62.3,21.33,86.4,72.39,88.62,87.59,69.77166666666666,60.43666666666667,/home/hongsheng/dec_con_asf/logs/exp_260817_000340_TaskDecControlMoreOpenGate_v1_0_A2FUSION_rlc_l1d256_l2p2t32d256g_l2g_scl_mha16/full_eval_summary.json,,
dec_con_asf,TaskDec MoreOpenGate,exp_260817_000340_TaskDecControlMoreOpenGate_v1_0_A2FUSION_rlc_l1d256_l2p2t32d256g_l2g_scl_mha16,full_eval_summary,full_or_exported_summary,all,0.3,sed,,,62.3,21.33,87.77,67.21,88.62,88.08,69.21833333333333,58.873333333333335,/home/hongsheng/dec_con_asf/logs/exp_260817_000340_TaskDecControlMoreOpenGate_v1_0_A2FUSION_rlc_l1d256_l2p2t32d256g_l2g_scl_mha16/full_eval_summary.json,,
dec_con_asf,TaskDec MoreOpenGate,exp_260817_000340_TaskDecControlMoreOpenGate_v1_0_A2FUSION_rlc_l1d256_l2p2t32d256g_l2g_scl_mha16,complete_results,full_conditional,all,0.3,sed,0,,62.30087515913397,21.313762672157626,87.77254251995508,67.20184259803186,88.61964661569957,88.08776029892891,69.2160716439845,58.86778852303947,/home/hongsheng/dec_con_asf/logs/exp_260817_000340_TaskDecControlMoreOpenGate_v1_0_A2FUSION_rlc_l1d256_l2p2t32d256g_l2g_scl_mha16/test_kitti/epoch_0_total/0.3/complete_results.txt,,
dec_con_asf,TaskDec MoreOpenGate,exp_260817_000340_TaskDecControlMoreOpenGate_v1_0_A2FUSION_rlc_l1d256_l2p2t32d256g_l2g_scl_mha16,complete_results,full_conditional,urban,0.3,sed,0,,65.32770363533345,23.84892517556925,80.35451610393676,75.86775939494058,88.59161574953352,88.34214574381622,70.38877763385496,62.68627677144201,/home/hongsheng/dec_con_asf/logs/exp_260817_000340_TaskDecControlMoreOpenGate_v1_0_A2FUSION_rlc_l1d256_l2p2t32d256g_l2g_scl_mha16/test_kitti/epoch_0_total/0.3/complete_results.txt,,
dec_con_asf,TaskDec MoreOpenGate,exp_260817_000340_TaskDecControlMoreOpenGate_v1_0_A2FUSION_rlc_l1d256_l2p2t32d256g_l2g_scl_mha16,complete_results,full_conditional,highway,0.3,sed,0,,60.467272277916514,11.477454976386616,88.97681179287244,72.42625617149318,89.57245409097976,88.93641148520882,68.64277679914288,57.61337421102954,/home/hongsheng/dec_con_asf/logs/exp_260817_000340_TaskDecControlMoreOpenGate_v1_0_A2FUSION_rlc_l1d256_l2p2t32d256g_l2g_scl_mha16/test_kitti/epoch_0_total/0.3/complete_results.txt,,
dec_con_asf,TaskDec MoreOpenGate,exp_260817_000340_TaskDecControlMoreOpenGate_v1_0_A2FUSION_rlc_l1d256_l2p2t32d256g_l2g_scl_mha16,complete_results,full_conditional,countryside,0.3,sed,0,,39.547161945039925,4.532967032967033,88.46447634326424,35.66880307037787,89.13746443579228,80.2552762229994,56.26769150840679,40.1523487754481,/home/hongsheng/dec_con_asf/logs/exp_260817_000340_TaskDecControlMoreOpenGate_v1_0_A2FUSION_rlc_l1d256_l2p2t32d256g_l2g_scl_mha16/test_kitti/epoch_0_total/0.3/complete_results.txt,,
dec_con_asf,TaskDec MoreOpenGate,exp_260817_000340_TaskDecControlMoreOpenGate_v1_0_A2FUSION_rlc_l1d256_l2p2t32d256g_l2g_scl_mha16,complete_results,full_conditional,alleyway,0.3,sed,0,,40.126928233748046,11.363636363636363,65.82423226531667,49.98768043838427,68.61480823145585,67.65512795893544,50.59540224857944,43.002148253652024,/home/hongsheng/dec_con_asf/logs/exp_260817_000340_TaskDecControlMoreOpenGate_v1_0_A2FUSION_rlc_l1d256_l2p2t32d256g_l2g_scl_mha16/test_kitti/epoch_0_total/0.3/complete_results.txt,,
dec_con_asf,TaskDec MoreOpenGate,exp_260817_000340_TaskDecControlMoreOpenGate_v1_0_A2FUSION_rlc_l1d256_l2p2t32d256g_l2g_scl_mha16,complete_results,full_conditional,parkinglots,0.3,sed,0,,14.075127039914037,4.527811430386149,63.26631247935656,38.18934688499906,68.55988159541712,67.87083564915515,42.74821917987135,36.86266465484679,/home/hongsheng/dec_con_asf/logs/exp_260817_000340_TaskDecControlMoreOpenGate_v1_0_A2FUSION_rlc_l1d256_l2p2t32d256g_l2g_scl_mha16/test_kitti/epoch_0_total/0.3/complete_results.txt,,
dec_con_asf,TaskDec MoreOpenGate,exp_260817_000340_TaskDecControlMoreOpenGate_v1_0_A2FUSION_rlc_l1d256_l2p2t32d256g_l2g_scl_mha16,complete_results,full_conditional,shoulder,0.3,sed,0,,79.80878591146593,70.88440321198942,90.37461650833193,79.58562917406287,90.57879219853562,89.61066156411086,83.47381476141611,80.02689798338771,/home/hongsheng/dec_con_asf/logs/exp_260817_000340_TaskDecControlMoreOpenGate_v1_0_A2FUSION_rlc_l1d256_l2p2t32d256g_l2g_scl_mha16/test_kitti/epoch_0_total/0.3/complete_results.txt,,
dec_con_asf,TaskDec MoreOpenGate,exp_260817_000340_TaskDecControlMoreOpenGate_v1_0_A2FUSION_rlc_l1d256_l2p2t32d256g_l2g_scl_mha16,complete_results,full_conditional,mountain,0.3,sed,0,,61.64581932447345,24.88929525395874,90.35561560354267,77.85825280074869,99.15013074911552,90.79401611047182,74.11552164038515,64.51385472172642,/home/hongsheng/dec_con_asf/logs/exp_260817_000340_TaskDecControlMoreOpenGate_v1_0_A2FUSION_rlc_l1d256_l2p2t32d256g_l2g_scl_mha16/test_kitti/epoch_0_total/0.3/complete_results.txt,,
dec_con_asf,TaskDec MoreOpenGate,exp_260817_000340_TaskDecControlMoreOpenGate_v1_0_A2FUSION_rlc_l1d256_l2p2t32d256g_l2g_scl_mha16,complete_results,full_conditional,university,0.3,sed,0,,62.70677667641207,27.834813114857266,79.6431171524704,77.13751078326983,80.48041413989456,80.03231421213908,67.97249101317387,61.66821270342206,/home/hongsheng/dec_con_asf/logs/exp_260817_000340_TaskDecControlMoreOpenGate_v1_0_A2FUSION_rlc_l1d256_l2p2t32d256g_l2g_scl_mha16/test_kitti/epoch_0_total/0.3/complete_results.txt,,
dec_con_asf,TaskDec MoreOpenGate,exp_260817_000340_TaskDecControlMoreOpenGate_v1_0_A2FUSION_rlc_l1d256_l2p2t32d256g_l2g_scl_mha16,complete_results,full_conditional,day,0.3,sed,0,,60.810592352081564,16.692397949386333,87.61601949264796,67.11365265262938,88.45447639508019,87.80996578677419,68.08285077143327,57.2053387962633,/home/hongsheng/dec_con_asf/logs/exp_260817_000340_TaskDecControlMoreOpenGate_v1_0_A2FUSION_rlc_l1d256_l2p2t32d256g_l2g_scl_mha16/test_kitti/epoch_0_total/0.3/complete_results.txt,,
dec_con_asf,TaskDec MoreOpenGate,exp_260817_000340_TaskDecControlMoreOpenGate_v1_0_A2FUSION_rlc_l1d256_l2p2t32d256g_l2g_scl_mha16,complete_results,full_conditional,night,0.3,sed,0,,64.6211952522429,21.755395061428175,80.30412838693063,67.48092784821958,89.08760205590617,88.6783604029917,68.65460150128654,59.30489443754649,/home/hongsheng/dec_con_asf/logs/exp_260817_000340_TaskDecControlMoreOpenGate_v1_0_A2FUSION_rlc_l1d256_l2p2t32d256g_l2g_scl_mha16/test_kitti/epoch_0_total/0.3/complete_results.txt,,
dec_con_asf,TaskDec MoreOpenGate,exp_260817_000340_TaskDecControlMoreOpenGate_v1_0_A2FUSION_rlc_l1d256_l2p2t32d256g_l2g_scl_mha16,complete_results,full_conditional,normal,0.3,sed,0,,59.453157218083874,13.339014979318176,86.92976278102942,65.71174501613584,88.32475867088404,87.32519631525139,66.84727249678379,55.45865210356846,/home/hongsheng/dec_con_asf/logs/exp_260817_000340_TaskDecControlMoreOpenGate_v1_0_A2FUSION_rlc_l1d256_l2p2t32d256g_l2g_scl_mha16/test_kitti/epoch_0_total/0.3/complete_results.txt,,
dec_con_asf,TaskDec MoreOpenGate,exp_260817_000340_TaskDecControlMoreOpenGate_v1_0_A2FUSION_rlc_l1d256_l2p2t32d256g_l2g_scl_mha16,complete_results,full_conditional,overcast,0.3,sed,0,,77.45243613011242,28.12786907981416,90.28339953446932,80.16891756314041,90.39781702787994,90.3376808043544,76.12802002329511,66.21148914910299,/home/hongsheng/dec_con_asf/logs/exp_260817_000340_TaskDecControlMoreOpenGate_v1_0_A2FUSION_rlc_l1d256_l2p2t32d256g_l2g_scl_mha16/test_kitti/epoch_0_total/0.3/complete_results.txt,,
dec_con_asf,TaskDec MoreOpenGate,exp_260817_000340_TaskDecControlMoreOpenGate_v1_0_A2FUSION_rlc_l1d256_l2p2t32d256g_l2g_scl_mha16,complete_results,full_conditional,fog,0.3,sed,0,,73.13885494599973,40.92429233286218,90.35064711642313,78.86493713719472,90.7234293054054,90.33611165266836,77.38971208175893,70.04178037424175,/home/hongsheng/dec_con_asf/logs/exp_260817_000340_TaskDecControlMoreOpenGate_v1_0_A2FUSION_rlc_l1d256_l2p2t32d256g_l2g_scl_mha16/test_kitti/epoch_0_total/0.3/complete_results.txt,,
dec_con_asf,TaskDec MoreOpenGate,exp_260817_000340_TaskDecControlMoreOpenGate_v1_0_A2FUSION_rlc_l1d256_l2p2t32d256g_l2g_scl_mha16,complete_results,full_conditional,rain,0.3,sed,0,,74.18890798612166,22.209532041343664,89.15176624079328,74.8774602579848,89.41525851151599,88.95081734232072,73.13229039668002,62.01260321388306,/home/hongsheng/dec_con_asf/logs/exp_260817_000340_TaskDecControlMoreOpenGate_v1_0_A2FUSION_rlc_l1d256_l2p2t32d256g_l2g_scl_mha16/test_kitti/epoch_0_total/0.3/complete_results.txt,,
dec_con_asf,TaskDec MoreOpenGate,exp_260817_000340_TaskDecControlMoreOpenGate_v1_0_A2FUSION_rlc_l1d256_l2p2t32d256g_l2g_scl_mha16,complete_results,full_conditional,sleet,0.3,sed,0,,40.9878208615933,13.984501682247313,70.22071143190985,57.07028469755579,80.0958231518295,79.70688810348673,57.01100498810374,50.25389149442994,/home/hongsheng/dec_con_asf/logs/exp_260817_000340_TaskDecControlMoreOpenGate_v1_0_A2FUSION_rlc_l1d256_l2p2t32d256g_l2g_scl_mha16/test_kitti/epoch_0_total/0.3/complete_results.txt,,
dec_con_asf,TaskDec MoreOpenGate,exp_260817_000340_TaskDecControlMoreOpenGate_v1_0_A2FUSION_rlc_l1d256_l2p2t32d256g_l2g_scl_mha16,complete_results,full_conditional,lightsnow,0.3,sed,0,,72.73693008831789,25.09881422924901,89.00922064922888,77.68317252250952,89.31528789964808,89.18061867112517,73.83734067667976,63.987535140961235,/home/hongsheng/dec_con_asf/logs/exp_260817_000340_TaskDecControlMoreOpenGate_v1_0_A2FUSION_rlc_l1d256_l2p2t32d256g_l2g_scl_mha16/test_kitti/epoch_0_total/0.3/complete_results.txt,,
dec_con_asf,TaskDec MoreOpenGate,exp_260817_000340_TaskDecControlMoreOpenGate_v1_0_A2FUSION_rlc_l1d256_l2p2t32d256g_l2g_scl_mha16,complete_results,full_conditional,heavysnow,0.3,sed,0,,51.93145221724912,23.281186086258092,69.94622817348971,59.82654516038396,71.3197356273207,71.12827121792756,57.905569747104856,51.41200082152321,/home/hongsheng/dec_con_asf/logs/exp_260817_000340_TaskDecControlMoreOpenGate_v1_0_A2FUSION_rlc_l1d256_l2p2t32d256g_l2g_scl_mha16/test_kitti/epoch_0_total/0.3/complete_results.txt,,
dec_con_asf,TaskDec StrongerControl,exp_260817_000340_TaskDecControlStrongerControl_v1_0_A2FUSION_rlc_l1d256_l2p2t32d256g_l2g_scl_mha16,full_eval_summary,full_or_exported_summary,all,0,sed,,,63.11,18.99,87.35,73.35,88.77,87.78,69.89166666666667,60.04,/home/hongsheng/dec_con_asf/logs/exp_260817_000340_TaskDecControlStrongerControl_v1_0_A2FUSION_rlc_l1d256_l2p2t32d256g_l2g_scl_mha16/full_eval_summary.json,,
dec_con_asf,TaskDec StrongerControl,exp_260817_000340_TaskDecControlStrongerControl_v1_0_A2FUSION_rlc_l1d256_l2p2t32d256g_l2g_scl_mha16,full_eval_summary,full_or_exported_summary,all,0.3,sed,,,63.11,18.99,80.52,67.7,88.99,80.52,66.63833333333334,55.73666666666667,/home/hongsheng/dec_con_asf/logs/exp_260817_000340_TaskDecControlStrongerControl_v1_0_A2FUSION_rlc_l1d256_l2p2t32d256g_l2g_scl_mha16/full_eval_summary.json,,
dec_con_asf,TaskDec StrongerControl,exp_260817_000340_TaskDecControlStrongerControl_v1_0_A2FUSION_rlc_l1d256_l2p2t32d256g_l2g_scl_mha16,complete_results,full_conditional,all,0.3,sed,4,,63.080564342436396,18.992489743449113,80.51957514189391,67.69610335715845,88.99093964676943,80.51613712851278,66.63263489337001,55.734910076373446,/home/hongsheng/dec_con_asf/logs/exp_260817_000340_TaskDecControlStrongerControl_v1_0_A2FUSION_rlc_l1d256_l2p2t32d256g_l2g_scl_mha16/test_kitti/epoch_4_total/0.3/complete_results.txt,,
dec_con_asf,TaskDec StrongerControl,exp_260817_000340_TaskDecControlStrongerControl_v1_0_A2FUSION_rlc_l1d256_l2p2t32d256g_l2g_scl_mha16,complete_results,full_conditional,urban,0.3,sed,4,,66.65295663962621,27.691861613587992,88.620577835697,77.01711740674556,88.96331405915572,88.72720736126956,72.945505819347,64.4787287938677,/home/hongsheng/dec_con_asf/logs/exp_260817_000340_TaskDecControlStrongerControl_v1_0_A2FUSION_rlc_l1d256_l2p2t32d256g_l2g_scl_mha16/test_kitti/epoch_4_total/0.3/complete_results.txt,,
dec_con_asf,TaskDec StrongerControl,exp_260817_000340_TaskDecControlStrongerControl_v1_0_A2FUSION_rlc_l1d256_l2p2t32d256g_l2g_scl_mha16,complete_results,full_conditional,highway,0.3,sed,4,,59.118065237615205,18.693057162926095,88.96860881807984,72.44089946246591,89.60946189063161,88.78762544675234,69.6029530030785,59.97386069071479,/home/hongsheng/dec_con_asf/logs/exp_260817_000340_TaskDecControlStrongerControl_v1_0_A2FUSION_rlc_l1d256_l2p2t32d256g_l2g_scl_mha16/test_kitti/epoch_4_total/0.3/complete_results.txt,,
dec_con_asf,TaskDec StrongerControl,exp_260817_000340_TaskDecControlStrongerControl_v1_0_A2FUSION_rlc_l1d256_l2p2t32d256g_l2g_scl_mha16,complete_results,full_conditional,countryside,0.3,sed,4,,54.11259889728789,10.784313725490197,87.26523795805001,44.00900318574265,88.21862459827152,78.37054897716662,60.460054557001484,44.38795529613316,/home/hongsheng/dec_con_asf/logs/exp_260817_000340_TaskDecControlStrongerControl_v1_0_A2FUSION_rlc_l1d256_l2p2t32d256g_l2g_scl_mha16/test_kitti/epoch_4_total/0.3/complete_results.txt,,
dec_con_asf,TaskDec StrongerControl,exp_260817_000340_TaskDecControlStrongerControl_v1_0_A2FUSION_rlc_l1d256_l2p2t32d256g_l2g_scl_mha16,complete_results,full_conditional,alleyway,0.3,sed,4,,41.36864492267719,5.176864134083385,66.73662764142365,45.14685975893334,68.59416150074694,68.16549412656605,49.19810868073842,39.496406006527586,/home/hongsheng/dec_con_asf/logs/exp_260817_000340_TaskDecControlStrongerControl_v1_0_A2FUSION_rlc_l1d256_l2p2t32d256g_l2g_scl_mha16/test_kitti/epoch_4_total/0.3/complete_results.txt,,
dec_con_asf,TaskDec StrongerControl,exp_260817_000340_TaskDecControlStrongerControl_v1_0_A2FUSION_rlc_l1d256_l2p2t32d256g_l2g_scl_mha16,complete_results,full_conditional,parkinglots,0.3,sed,4,,43.36383345169151,33.21253177179917,70.93875019714298,59.12893360664273,72.02747053480837,72.02747053480837,58.44983168281552,54.78964530441676,/home/hongsheng/dec_con_asf/logs/exp_260817_000340_TaskDecControlStrongerControl_v1_0_A2FUSION_rlc_l1d256_l2p2t32d256g_l2g_scl_mha16/test_kitti/epoch_4_total/0.3/complete_results.txt,,
dec_con_asf,TaskDec StrongerControl,exp_260817_000340_TaskDecControlStrongerControl_v1_0_A2FUSION_rlc_l1d256_l2p2t32d256g_l2g_scl_mha16,complete_results,full_conditional,shoulder,0.3,sed,4,,81.51174668028601,80.53667330526835,90.77707099179491,81.27572669314955,90.813947230785,90.75874575874576,85.9456517766716,84.19038191905456,/home/hongsheng/dec_con_asf/logs/exp_260817_000340_TaskDecControlStrongerControl_v1_0_A2FUSION_rlc_l1d256_l2p2t32d256g_l2g_scl_mha16/test_kitti/epoch_4_total/0.3/complete_results.txt,,
dec_con_asf,TaskDec StrongerControl,exp_260817_000340_TaskDecControlStrongerControl_v1_0_A2FUSION_rlc_l1d256_l2p2t32d256g_l2g_scl_mha16,complete_results,full_conditional,mountain,0.3,sed,4,,74.3799278158876,14.55660550191182,90.8625305552322,77.68309369265457,99.61253055523221,90.77491055944638,74.64493311339413,61.00486991800426,/home/hongsheng/dec_con_asf/logs/exp_260817_000340_TaskDecControlStrongerControl_v1_0_A2FUSION_rlc_l1d256_l2p2t32d256g_l2g_scl_mha16/test_kitti/epoch_4_total/0.3/complete_results.txt,,
dec_con_asf,TaskDec StrongerControl,exp_260817_000340_TaskDecControlStrongerControl_v1_0_A2FUSION_rlc_l1d256_l2p2t32d256g_l2g_scl_mha16,complete_results,full_conditional,university,0.3,sed,4,,55.706066759200986,26.973810934784943,80.12932919739096,69.79077930191212,80.61215935192695,79.8792289117627,65.51522907616311,58.88127304948659,/home/hongsheng/dec_con_asf/logs/exp_260817_000340_TaskDecControlStrongerControl_v1_0_A2FUSION_rlc_l1d256_l2p2t32d256g_l2g_scl_mha16/test_kitti/epoch_4_total/0.3/complete_results.txt,,
dec_con_asf,TaskDec StrongerControl,exp_260817_000340_TaskDecControlStrongerControl_v1_0_A2FUSION_rlc_l1d256_l2p2t32d256g_l2g_scl_mha16,complete_results,full_conditional,day,0.3,sed,4,,61.92669213661437,18.676063909338918,80.48067470426325,67.28822344317155,88.8595835911169,88.27573428757532,67.58449534534672,58.08000721336193,/home/hongsheng/dec_con_asf/logs/exp_260817_000340_TaskDecControlStrongerControl_v1_0_A2FUSION_rlc_l1d256_l2p2t32d256g_l2g_scl_mha16/test_kitti/epoch_4_total/0.3/complete_results.txt,,
dec_con_asf,TaskDec StrongerControl,exp_260817_000340_TaskDecControlStrongerControl_v1_0_A2FUSION_rlc_l1d256_l2p2t32d256g_l2g_scl_mha16,complete_results,full_conditional,night,0.3,sed,4,,65.38460385137914,22.996228315234273,80.63708030544511,68.56722395373248,81.0622088163902,80.8302327686463,66.57959633513791,57.464561679204344,/home/hongsheng/dec_con_asf/logs/exp_260817_000340_TaskDecControlStrongerControl_v1_0_A2FUSION_rlc_l1d256_l2p2t32d256g_l2g_scl_mha16/test_kitti/epoch_4_total/0.3/complete_results.txt,,
dec_con_asf,TaskDec StrongerControl,exp_260817_000340_TaskDecControlStrongerControl_v1_0_A2FUSION_rlc_l1d256_l2p2t32d256g_l2g_scl_mha16,complete_results,full_conditional,normal,0.3,sed,4,,57.77547549922476,14.934989050953085,87.74684744511056,65.84936790093168,88.51322764698743,87.8042896263705,67.10403286159634,56.19621552608509,/home/hongsheng/dec_con_asf/logs/exp_260817_000340_TaskDecControlStrongerControl_v1_0_A2FUSION_rlc_l1d256_l2p2t32d256g_l2g_scl_mha16/test_kitti/epoch_4_total/0.3/complete_results.txt,,
dec_con_asf,TaskDec StrongerControl,exp_260817_000340_TaskDecControlStrongerControl_v1_0_A2FUSION_rlc_l1d256_l2p2t32d256g_l2g_scl_mha16,complete_results,full_conditional,overcast,0.3,sed,4,,76.10781742368468,24.60857137347943,90.35477086873608,80.67397712136886,90.46067146827835,90.3770601067374,75.43047806038079,65.2198695338619,/home/hongsheng/dec_con_asf/logs/exp_260817_000340_TaskDecControlStrongerControl_v1_0_A2FUSION_rlc_l1d256_l2p2t32d256g_l2g_scl_mha16/test_kitti/epoch_4_total/0.3/complete_results.txt,,
dec_con_asf,TaskDec StrongerControl,exp_260817_000340_TaskDecControlStrongerControl_v1_0_A2FUSION_rlc_l1d256_l2p2t32d256g_l2g_scl_mha16,complete_results,full_conditional,fog,0.3,sed,4,,78.30665069880251,43.19450047763537,90.80485583533059,79.51220712463709,90.81285039229687,90.75252633557078,78.89726514404553,71.15307797928108,/home/hongsheng/dec_con_asf/logs/exp_260817_000340_TaskDecControlStrongerControl_v1_0_A2FUSION_rlc_l1d256_l2p2t32d256g_l2g_scl_mha16/test_kitti/epoch_4_total/0.3/complete_results.txt,,
dec_con_asf,TaskDec StrongerControl,exp_260817_000340_TaskDecControlStrongerControl_v1_0_A2FUSION_rlc_l1d256_l2p2t32d256g_l2g_scl_mha16,complete_results,full_conditional,rain,0.3,sed,4,,74.97887412593433,20.014806935526288,81.01457811586347,68.83343401270453,89.37292210362503,80.76580365692536,69.16340315842983,56.538014868385396,/home/hongsheng/dec_con_asf/logs/exp_260817_000340_TaskDecControlStrongerControl_v1_0_A2FUSION_rlc_l1d256_l2p2t32d256g_l2g_scl_mha16/test_kitti/epoch_4_total/0.3/complete_results.txt,,
dec_con_asf,TaskDec StrongerControl,exp_260817_000340_TaskDecControlStrongerControl_v1_0_A2FUSION_rlc_l1d256_l2p2t32d256g_l2g_scl_mha16,complete_results,full_conditional,sleet,0.3,sed,4,,50.140357670539224,15.867841175218226,71.67773364986078,59.2005917116566,80.79946294617282,80.47885243396091,59.69413993123476,51.84909510694524,/home/hongsheng/dec_con_asf/logs/exp_260817_000340_TaskDecControlStrongerControl_v1_0_A2FUSION_rlc_l1d256_l2p2t32d256g_l2g_scl_mha16/test_kitti/epoch_4_total/0.3/complete_results.txt,,
dec_con_asf,TaskDec StrongerControl,exp_260817_000340_TaskDecControlStrongerControl_v1_0_A2FUSION_rlc_l1d256_l2p2t32d256g_l2g_scl_mha16,complete_results,full_conditional,lightsnow,0.3,sed,4,,65.14754784604958,29.506224549917025,88.96114168908096,76.70159349164997,89.39929280784123,89.28091143995708,73.16611863741598,65.16290982717469,/home/hongsheng/dec_con_asf/logs/exp_260817_000340_TaskDecControlStrongerControl_v1_0_A2FUSION_rlc_l1d256_l2p2t32d256g_l2g_scl_mha16/test_kitti/epoch_4_total/0.3/complete_results.txt,,
dec_con_asf,TaskDec StrongerControl,exp_260817_000340_TaskDecControlStrongerControl_v1_0_A2FUSION_rlc_l1d256_l2p2t32d256g_l2g_scl_mha16,complete_results,full_conditional,heavysnow,0.3,sed,4,,55.446213327037455,26.358743515571742,70.77345552865484,61.070952444628915,71.63315359627616,71.37834656877334,59.44347749682374,52.93601417632467,/home/hongsheng/dec_con_asf/logs/exp_260817_000340_TaskDecControlStrongerControl_v1_0_A2FUSION_rlc_l1d256_l2p2t32d256g_l2g_scl_mha16/test_kitti/epoch_4_total/0.3/complete_results.txt,,
dec_con_asf,TaskDec StrongerControl,exp_260817_000503_TaskDecControlStrongerControl_v1_0_A2FUSION_rlc_l1d256_l2p2t32d256g_l2g_scl_mha16,full_eval_summary,full_or_exported_summary,all,0,sed,,,62.49,22.45,87.16,73.78,88.81,87.72,70.40166666666667,61.31666666666666,/home/hongsheng/dec_con_asf/logs/exp_260817_000503_TaskDecControlStrongerControl_v1_0_A2FUSION_rlc_l1d256_l2p2t32d256g_l2g_scl_mha16/full_eval_summary.json,,
dec_con_asf,TaskDec StrongerControl,exp_260817_000503_TaskDecControlStrongerControl_v1_0_A2FUSION_rlc_l1d256_l2p2t32d256g_l2g_scl_mha16,full_eval_summary,full_or_exported_summary,all,0.3,sed,,,62.49,22.45,80.42,68.06,89.06,80.51,67.165,57.00666666666667,/home/hongsheng/dec_con_asf/logs/exp_260817_000503_TaskDecControlStrongerControl_v1_0_A2FUSION_rlc_l1d256_l2p2t32d256g_l2g_scl_mha16/full_eval_summary.json,,
dec_con_asf,TaskDec StrongerControl,exp_260817_000503_TaskDecControlStrongerControl_v1_0_A2FUSION_rlc_l1d256_l2p2t32d256g_l2g_scl_mha16,complete_results,full_conditional,all,0.3,sed,2,,62.479048522976555,22.43438933448783,80.41872349373944,68.06391709415315,89.0589940614117,80.5081254152946,67.16053298701054,57.00214394797853,/home/hongsheng/dec_con_asf/logs/exp_260817_000503_TaskDecControlStrongerControl_v1_0_A2FUSION_rlc_l1d256_l2p2t32d256g_l2g_scl_mha16/test_kitti/epoch_2_total/0.3/complete_results.txt,,
dec_con_asf,TaskDec StrongerControl,exp_260817_000503_TaskDecControlStrongerControl_v1_0_A2FUSION_rlc_l1d256_l2p2t32d256g_l2g_scl_mha16,complete_results,full_conditional,urban,0.3,sed,2,,65.4987341916884,27.544262999801244,80.5946602006769,76.49946616305724,89.00942354439965,80.64173351250257,69.96471343535434,61.561820891787015,/home/hongsheng/dec_con_asf/logs/exp_260817_000503_TaskDecControlStrongerControl_v1_0_A2FUSION_rlc_l1d256_l2p2t32d256g_l2g_scl_mha16/test_kitti/epoch_2_total/0.3/complete_results.txt,,
dec_con_asf,TaskDec StrongerControl,exp_260817_000503_TaskDecControlStrongerControl_v1_0_A2FUSION_rlc_l1d256_l2p2t32d256g_l2g_scl_mha16,complete_results,full_conditional,highway,0.3,sed,2,,59.20531780130883,14.287192739833879,88.7266682353048,73.34217034365902,89.57793334586991,88.88913362084772,69.0047360144707,58.839498901446866,/home/hongsheng/dec_con_asf/logs/exp_260817_000503_TaskDecControlStrongerControl_v1_0_A2FUSION_rlc_l1d256_l2p2t32d256g_l2g_scl_mha16/test_kitti/epoch_2_total/0.3/complete_results.txt,,
dec_con_asf,TaskDec StrongerControl,exp_260817_000503_TaskDecControlStrongerControl_v1_0_A2FUSION_rlc_l1d256_l2p2t32d256g_l2g_scl_mha16,complete_results,full_conditional,countryside,0.3,sed,2,,46.36236424872216,6.651884700665188,87.72338440003111,42.35517702909007,88.59075374566132,78.67910592407908,58.39377834137482,42.562055884611446,/home/hongsheng/dec_con_asf/logs/exp_260817_000503_TaskDecControlStrongerControl_v1_0_A2FUSION_rlc_l1d256_l2p2t32d256g_l2g_scl_mha16/test_kitti/epoch_2_total/0.3/complete_results.txt,,
dec_con_asf,TaskDec StrongerControl,exp_260817_000503_TaskDecControlStrongerControl_v1_0_A2FUSION_rlc_l1d256_l2p2t32d256g_l2g_scl_mha16,complete_results,full_conditional,alleyway,0.3,sed,2,,43.21747864652185,8.042726768499069,67.23741297218957,47.13482313983285,68.90769337702972,68.45520777680055,50.4992237801456,41.210919228377485,/home/hongsheng/dec_con_asf/logs/exp_260817_000503_TaskDecControlStrongerControl_v1_0_A2FUSION_rlc_l1d256_l2p2t32d256g_l2g_scl_mha16/test_kitti/epoch_2_total/0.3/complete_results.txt,,
dec_con_asf,TaskDec StrongerControl,exp_260817_000503_TaskDecControlStrongerControl_v1_0_A2FUSION_rlc_l1d256_l2p2t32d256g_l2g_scl_mha16,complete_results,full_conditional,parkinglots,0.3,sed,2,,31.11197020269753,21.239514469727403,68.55535085572784,59.63462174037893,71.95900270916981,71.56356564493368,54.010670937105864,50.81256728501334,/home/hongsheng/dec_con_asf/logs/exp_260817_000503_TaskDecControlStrongerControl_v1_0_A2FUSION_rlc_l1d256_l2p2t32d256g_l2g_scl_mha16/test_kitti/epoch_2_total/0.3/complete_results.txt,,
dec_con_asf,TaskDec StrongerControl,exp_260817_000503_TaskDecControlStrongerControl_v1_0_A2FUSION_rlc_l1d256_l2p2t32d256g_l2g_scl_mha16,complete_results,full_conditional,shoulder,0.3,sed,2,,81.43348856043734,72.48677248677248,90.79547132825823,81.55140570490457,90.79806898531999,90.70193577318818,84.62785713981346,81.58003798828841,/home/hongsheng/dec_con_asf/logs/exp_260817_000503_TaskDecControlStrongerControl_v1_0_A2FUSION_rlc_l1d256_l2p2t32d256g_l2g_scl_mha16/test_kitti/epoch_2_total/0.3/complete_results.txt,,
dec_con_asf,TaskDec StrongerControl,exp_260817_000503_TaskDecControlStrongerControl_v1_0_A2FUSION_rlc_l1d256_l2p2t32d256g_l2g_scl_mha16,complete_results,full_conditional,mountain,0.3,sed,2,,69.01044725015095,15.061122297367103,90.87314370180249,77.98355901178795,90.87314370180249,90.86156303937078,72.44382983371362,61.30208144950861,/home/hongsheng/dec_con_asf/logs/exp_260817_000503_TaskDecControlStrongerControl_v1_0_A2FUSION_rlc_l1d256_l2p2t32d256g_l2g_scl_mha16/test_kitti/epoch_2_total/0.3/complete_results.txt,,
dec_con_asf,TaskDec StrongerControl,exp_260817_000503_TaskDecControlStrongerControl_v1_0_A2FUSION_rlc_l1d256_l2p2t32d256g_l2g_scl_mha16,complete_results,full_conditional,university,0.3,sed,2,,56.155756536834325,25.08721230651511,80.40691221481336,70.57286917031404,80.8912512454884,80.42502142740034,65.5898371502276,58.69503430140983,/home/hongsheng/dec_con_asf/logs/exp_260817_000503_TaskDecControlStrongerControl_v1_0_A2FUSION_rlc_l1d256_l2p2t32d256g_l2g_scl_mha16/test_kitti/epoch_2_total/0.3/complete_results.txt,,
dec_con_asf,TaskDec StrongerControl,exp_260817_000503_TaskDecControlStrongerControl_v1_0_A2FUSION_rlc_l1d256_l2p2t32d256g_l2g_scl_mha16,complete_results,full_conditional,day,0.3,sed,2,,61.2747513853572,22.523123384340423,80.30106842634565,67.98669725395239,88.8971621087487,88.36192259708032,68.22412085930411,59.62391441179104,/home/hongsheng/dec_con_asf/logs/exp_260817_000503_TaskDecControlStrongerControl_v1_0_A2FUSION_rlc_l1d256_l2p2t32d256g_l2g_scl_mha16/test_kitti/epoch_2_total/0.3/complete_results.txt,,
dec_con_asf,TaskDec StrongerControl,exp_260817_000503_TaskDecControlStrongerControl_v1_0_A2FUSION_rlc_l1d256_l2p2t32d256g_l2g_scl_mha16,complete_results,full_conditional,night,0.3,sed,2,,64.79600087185177,22.231519653269714,80.61677610977004,68.29779805688023,81.06616013776234,80.74992972598474,66.29303075925314,57.09308247871156,/home/hongsheng/dec_con_asf/logs/exp_260817_000503_TaskDecControlStrongerControl_v1_0_A2FUSION_rlc_l1d256_l2p2t32d256g_l2g_scl_mha16/test_kitti/epoch_2_total/0.3/complete_results.txt,,
dec_con_asf,TaskDec StrongerControl,exp_260817_000503_TaskDecControlStrongerControl_v1_0_A2FUSION_rlc_l1d256_l2p2t32d256g_l2g_scl_mha16,complete_results,full_conditional,normal,0.3,sed,2,,59.92927326099564,20.541293685625,87.86064190963721,66.7477178283669,88.62273128264508,88.00040049502476,68.61700974371577,58.42980400300556,/home/hongsheng/dec_con_asf/logs/exp_260817_000503_TaskDecControlStrongerControl_v1_0_A2FUSION_rlc_l1d256_l2p2t32d256g_l2g_scl_mha16/test_kitti/epoch_2_total/0.3/complete_results.txt,,
dec_con_asf,TaskDec StrongerControl,exp_260817_000503_TaskDecControlStrongerControl_v1_0_A2FUSION_rlc_l1d256_l2p2t32d256g_l2g_scl_mha16,complete_results,full_conditional,overcast,0.3,sed,2,,77.19679175093646,27.84512448479703,90.27024193128621,80.1090423864461,90.42238789211538,90.27024193128621,76.0189717294779,66.07480293417645,/home/hongsheng/dec_con_asf/logs/exp_260817_000503_TaskDecControlStrongerControl_v1_0_A2FUSION_rlc_l1d256_l2p2t32d256g_l2g_scl_mha16/test_kitti/epoch_2_total/0.3/complete_results.txt,,
dec_con_asf,TaskDec StrongerControl,exp_260817_000503_TaskDecControlStrongerControl_v1_0_A2FUSION_rlc_l1d256_l2p2t32d256g_l2g_scl_mha16,complete_results,full_conditional,fog,0.3,sed,2,,76.76105617847149,45.604724870221034,90.8345134013372,79.98722496223762,90.8345134013372,90.75648647086243,79.12975321407784,72.11614543444036,/home/hongsheng/dec_con_asf/logs/exp_260817_000503_TaskDecControlStrongerControl_v1_0_A2FUSION_rlc_l1d256_l2p2t32d256g_l2g_scl_mha16/test_kitti/epoch_2_total/0.3/complete_results.txt,,
dec_con_asf,TaskDec StrongerControl,exp_260817_000503_TaskDecControlStrongerControl_v1_0_A2FUSION_rlc_l1d256_l2p2t32d256g_l2g_scl_mha16,complete_results,full_conditional,rain,0.3,sed,2,,66.94778707423752,22.39684098910306,81.04654245241764,68.49153782792,81.15676554784332,80.69651342728207,66.7893312198006,57.194964081435046,/home/hongsheng/dec_con_asf/logs/exp_260817_000503_TaskDecControlStrongerControl_v1_0_A2FUSION_rlc_l1d256_l2p2t32d256g_l2g_scl_mha16/test_kitti/epoch_2_total/0.3/complete_results.txt,,
dec_con_asf,TaskDec StrongerControl,exp_260817_000503_TaskDecControlStrongerControl_v1_0_A2FUSION_rlc_l1d256_l2p2t32d256g_l2g_scl_mha16,complete_results,full_conditional,sleet,0.3,sed,2,,42.17478395641722,9.298264760449635,70.92629000760586,60.01050593504764,80.653132027861,80.42553817647826,57.24808581064327,49.911436290658514,/home/hongsheng/dec_con_asf/logs/exp_260817_000503_TaskDecControlStrongerControl_v1_0_A2FUSION_rlc_l1d256_l2p2t32d256g_l2g_scl_mha16/test_kitti/epoch_2_total/0.3/complete_results.txt,,
dec_con_asf,TaskDec StrongerControl,exp_260817_000503_TaskDecControlStrongerControl_v1_0_A2FUSION_rlc_l1d256_l2p2t32d256g_l2g_scl_mha16,complete_results,full_conditional,lightsnow,0.3,sed,2,,65.00145428491116,29.950748080374595,88.94732407926284,77.68126707247968,89.44706606683229,89.34781729111484,73.39594614582923,65.6599441479897,/home/hongsheng/dec_con_asf/logs/exp_260817_000503_TaskDecControlStrongerControl_v1_0_A2FUSION_rlc_l1d256_l2p2t32d256g_l2g_scl_mha16/test_kitti/epoch_2_total/0.3/complete_results.txt,,
dec_con_asf,TaskDec StrongerControl,exp_260817_000503_TaskDecControlStrongerControl_v1_0_A2FUSION_rlc_l1d256_l2p2t32d256g_l2g_scl_mha16,complete_results,full_conditional,heavysnow,0.3,sed,2,,52.98378328294076,23.888379953852375,69.84808349681329,60.718948532292394,71.2955832517072,71.01722154205486,58.29200000994348,51.87485000939987,/home/hongsheng/dec_con_asf/logs/exp_260817_000503_TaskDecControlStrongerControl_v1_0_A2FUSION_rlc_l1d256_l2p2t32d256g_l2g_scl_mha16/test_kitti/epoch_2_total/0.3/complete_results.txt,,
dec_con_asf,TaskDec MoreOpenGate,exp_260817_000507_TaskDecControlMoreOpenGate_v1_0_A2FUSION_rlc_l1d256_l2p2t32d256g_l2g_scl_mha16,full_eval_summary,full_or_exported_summary,all,0,sed,,,62.22,22.06,87.24,73.46,88.85,87.77,70.26666666666667,61.096666666666664,/home/hongsheng/dec_con_asf/logs/exp_260817_000507_TaskDecControlMoreOpenGate_v1_0_A2FUSION_rlc_l1d256_l2p2t32d256g_l2g_scl_mha16/full_eval_summary.json,,
dec_con_asf,TaskDec MoreOpenGate,exp_260817_000507_TaskDecControlMoreOpenGate_v1_0_A2FUSION_rlc_l1d256_l2p2t32d256g_l2g_scl_mha16,full_eval_summary,full_or_exported_summary,all,0.3,sed,,,62.22,22.06,80.35,67.8,89.0,88.51,68.32333333333334,59.45666666666667,/home/hongsheng/dec_con_asf/logs/exp_260817_000507_TaskDecControlMoreOpenGate_v1_0_A2FUSION_rlc_l1d256_l2p2t32d256g_l2g_scl_mha16/full_eval_summary.json,,
dec_con_asf,TaskDec MoreOpenGate,exp_260817_000507_TaskDecControlMoreOpenGate_v1_0_A2FUSION_rlc_l1d256_l2p2t32d256g_l2g_scl_mha16,complete_results,full_conditional,all,0.3,sed,2,,62.22510585911386,22.067578029928576,80.35314420068977,67.79206685242468,88.99886089260256,88.51152651560379,68.32471372506053,59.45705713265235,/home/hongsheng/dec_con_asf/logs/exp_260817_000507_TaskDecControlMoreOpenGate_v1_0_A2FUSION_rlc_l1d256_l2p2t32d256g_l2g_scl_mha16/test_kitti/epoch_2_total/0.3/complete_results.txt,,
dec_con_asf,TaskDec MoreOpenGate,exp_260817_000507_TaskDecControlMoreOpenGate_v1_0_A2FUSION_rlc_l1d256_l2p2t32d256g_l2g_scl_mha16,complete_results,full_conditional,urban,0.3,sed,2,,65.37942909343309,26.981100908546445,88.42816896795071,76.29114580047157,88.92393739983899,88.56829131718847,72.42867891457155,63.94684600873549,/home/hongsheng/dec_con_asf/logs/exp_260817_000507_TaskDecControlMoreOpenGate_v1_0_A2FUSION_rlc_l1d256_l2p2t32d256g_l2g_scl_mha16/test_kitti/epoch_2_total/0.3/complete_results.txt,,
dec_con_asf,TaskDec MoreOpenGate,exp_260817_000507_TaskDecControlMoreOpenGate_v1_0_A2FUSION_rlc_l1d256_l2p2t32d256g_l2g_scl_mha16,complete_results,full_conditional,highway,0.3,sed,2,,60.07442626373473,19.160841536020154,88.79695628969344,72.8726385246113,89.4689226686986,88.71966466968627,69.84890832540741,60.25104824343924,/home/hongsheng/dec_con_asf/logs/exp_260817_000507_TaskDecControlMoreOpenGate_v1_0_A2FUSION_rlc_l1d256_l2p2t32d256g_l2g_scl_mha16/test_kitti/epoch_2_total/0.3/complete_results.txt,,
dec_con_asf,TaskDec MoreOpenGate,exp_260817_000507_TaskDecControlMoreOpenGate_v1_0_A2FUSION_rlc_l1d256_l2p2t32d256g_l2g_scl_mha16,complete_results,full_conditional,countryside,0.3,sed,2,,45.36480063643042,11.17196056955093,80.67610021284077,42.46857081953442,88.38756870852322,79.97278229944948,58.0069638743882,44.537771229511605,/home/hongsheng/dec_con_asf/logs/exp_260817_000507_TaskDecControlMoreOpenGate_v1_0_A2FUSION_rlc_l1d256_l2p2t32d256g_l2g_scl_mha16/test_kitti/epoch_2_total/0.3/complete_results.txt,,
dec_con_asf,TaskDec MoreOpenGate,exp_260817_000507_TaskDecControlMoreOpenGate_v1_0_A2FUSION_rlc_l1d256_l2p2t32d256g_l2g_scl_mha16,complete_results,full_conditional,alleyway,0.3,sed,2,,38.79309823389286,5.196718968932217,67.06710836453466,46.007814566283706,69.15121220781809,68.55478956516866,49.128456984438365,39.91977436679486,/home/hongsheng/dec_con_asf/logs/exp_260817_000507_TaskDecControlMoreOpenGate_v1_0_A2FUSION_rlc_l1d256_l2p2t32d256g_l2g_scl_mha16/test_kitti/epoch_2_total/0.3/complete_results.txt,,
dec_con_asf,TaskDec MoreOpenGate,exp_260817_000507_TaskDecControlMoreOpenGate_v1_0_A2FUSION_rlc_l1d256_l2p2t32d256g_l2g_scl_mha16,complete_results,full_conditional,parkinglots,0.3,sed,2,,35.329637703944755,27.965330965330963,70.66448326971528,58.411893185918686,72.25324880685412,72.25324880685412,56.146307123102986,52.87682431936793,/home/hongsheng/dec_con_asf/logs/exp_260817_000507_TaskDecControlMoreOpenGate_v1_0_A2FUSION_rlc_l1d256_l2p2t32d256g_l2g_scl_mha16/test_kitti/epoch_2_total/0.3/complete_results.txt,,
dec_con_asf,TaskDec MoreOpenGate,exp_260817_000507_TaskDecControlMoreOpenGate_v1_0_A2FUSION_rlc_l1d256_l2p2t32d256g_l2g_scl_mha16,complete_results,full_conditional,shoulder,0.3,sed,2,,81.49205055034652,80.25626076322028,90.79745140929639,81.3523939187656,90.83650880058066,90.77645341577131,85.91851980966347,84.12836936591907,/home/hongsheng/dec_con_asf/logs/exp_260817_000507_TaskDecControlMoreOpenGate_v1_0_A2FUSION_rlc_l1d256_l2p2t32d256g_l2g_scl_mha16/test_kitti/epoch_2_total/0.3/complete_results.txt,,
dec_con_asf,TaskDec MoreOpenGate,exp_260817_000507_TaskDecControlMoreOpenGate_v1_0_A2FUSION_rlc_l1d256_l2p2t32d256g_l2g_scl_mha16,complete_results,full_conditional,mountain,0.3,sed,2,,68.61706644295641,20.263885292081323,90.43737511512137,77.60291681781412,90.81343549984665,90.72128785826091,73.0759945043468,62.862696656052115,/home/hongsheng/dec_con_asf/logs/exp_260817_000507_TaskDecControlMoreOpenGate_v1_0_A2FUSION_rlc_l1d256_l2p2t32d256g_l2g_scl_mha16/test_kitti/epoch_2_total/0.3/complete_results.txt,,
dec_con_asf,TaskDec MoreOpenGate,exp_260817_000507_TaskDecControlMoreOpenGate_v1_0_A2FUSION_rlc_l1d256_l2p2t32d256g_l2g_scl_mha16,complete_results,full_conditional,university,0.3,sed,2,,53.26175835220271,22.712533986462276,80.33298464139001,70.13589060749335,80.85015743447794,80.34016189911412,64.6055811535234,57.72952883102325,/home/hongsheng/dec_con_asf/logs/exp_260817_000507_TaskDecControlMoreOpenGate_v1_0_A2FUSION_rlc_l1d256_l2p2t32d256g_l2g_scl_mha16/test_kitti/epoch_2_total/0.3/complete_results.txt,,
dec_con_asf,TaskDec MoreOpenGate,exp_260817_000507_TaskDecControlMoreOpenGate_v1_0_A2FUSION_rlc_l1d256_l2p2t32d256g_l2g_scl_mha16,complete_results,full_conditional,day,0.3,sed,2,,61.73319926582974,22.63447279593657,88.18716991559953,67.93733938233943,88.82415739207464,88.2910084477916,69.60122453326191,59.6209402086892,/home/hongsheng/dec_con_asf/logs/exp_260817_000507_TaskDecControlMoreOpenGate_v1_0_A2FUSION_rlc_l1d256_l2p2t32d256g_l2g_scl_mha16/test_kitti/epoch_2_total/0.3/complete_results.txt,,
dec_con_asf,TaskDec MoreOpenGate,exp_260817_000507_TaskDecControlMoreOpenGate_v1_0_A2FUSION_rlc_l1d256_l2p2t32d256g_l2g_scl_mha16,complete_results,full_conditional,night,0.3,sed,2,,62.55594298812214,16.648786685276107,80.50527503458807,67.52144326344542,81.15836761250897,80.80560445356039,64.86590333958351,54.99194480076064,/home/hongsheng/dec_con_asf/logs/exp_260817_000507_TaskDecControlMoreOpenGate_v1_0_A2FUSION_rlc_l1d256_l2p2t32d256g_l2g_scl_mha16/test_kitti/epoch_2_total/0.3/complete_results.txt,,
dec_con_asf,TaskDec MoreOpenGate,exp_260817_000507_TaskDecControlMoreOpenGate_v1_0_A2FUSION_rlc_l1d256_l2p2t32d256g_l2g_scl_mha16,complete_results,full_conditional,normal,0.3,sed,2,,58.224710019782876,15.169632734741512,87.64316860373704,66.22367662119898,88.62067676741705,87.90055020962248,67.29706915941665,56.431286521854325,/home/hongsheng/dec_con_asf/logs/exp_260817_000507_TaskDecControlMoreOpenGate_v1_0_A2FUSION_rlc_l1d256_l2p2t32d256g_l2g_scl_mha16/test_kitti/epoch_2_total/0.3/complete_results.txt,,
dec_con_asf,TaskDec MoreOpenGate,exp_260817_000507_TaskDecControlMoreOpenGate_v1_0_A2FUSION_rlc_l1d256_l2p2t32d256g_l2g_scl_mha16,complete_results,full_conditional,overcast,0.3,sed,2,,77.90411885498408,25.898026321139916,90.29844228839437,79.8984756073833,90.44811361517755,90.33469864183341,75.79697922148544,65.37706685678555,/home/hongsheng/dec_con_asf/logs/exp_260817_000507_TaskDecControlMoreOpenGate_v1_0_A2FUSION_rlc_l1d256_l2p2t32d256g_l2g_scl_mha16/test_kitti/epoch_2_total/0.3/complete_results.txt,,
dec_con_asf,TaskDec MoreOpenGate,exp_260817_000507_TaskDecControlMoreOpenGate_v1_0_A2FUSION_rlc_l1d256_l2p2t32d256g_l2g_scl_mha16,complete_results,full_conditional,fog,0.3,sed,2,,76.49364102954874,46.406124181557914,90.6391472120174,79.83581525018127,90.82540070923805,90.71680702991772,79.15282256874352,72.31958215388563,/home/hongsheng/dec_con_asf/logs/exp_260817_000507_TaskDecControlMoreOpenGate_v1_0_A2FUSION_rlc_l1d256_l2p2t32d256g_l2g_scl_mha16/test_kitti/epoch_2_total/0.3/complete_results.txt,,
dec_con_asf,TaskDec MoreOpenGate,exp_260817_000507_TaskDecControlMoreOpenGate_v1_0_A2FUSION_rlc_l1d256_l2p2t32d256g_l2g_scl_mha16,complete_results,full_conditional,rain,0.3,sed,2,,67.23475627417892,21.763163276062116,81.1604116736376,68.6325430939272,89.50950205693078,80.87097712598687,68.19522558345392,57.088894498658725,/home/hongsheng/dec_con_asf/logs/exp_260817_000507_TaskDecControlMoreOpenGate_v1_0_A2FUSION_rlc_l1d256_l2p2t32d256g_l2g_scl_mha16/test_kitti/epoch_2_total/0.3/complete_results.txt,,
dec_con_asf,TaskDec MoreOpenGate,exp_260817_000507_TaskDecControlMoreOpenGate_v1_0_A2FUSION_rlc_l1d256_l2p2t32d256g_l2g_scl_mha16,complete_results,full_conditional,sleet,0.3,sed,2,,44.98776345300937,10.739957716701904,71.62401465098701,67.75704931541057,80.95591398756125,80.77099831361143,59.472616239546916,53.089335115241305,/home/hongsheng/dec_con_asf/logs/exp_260817_000507_TaskDecControlMoreOpenGate_v1_0_A2FUSION_rlc_l1d256_l2p2t32d256g_l2g_scl_mha16/test_kitti/epoch_2_total/0.3/complete_results.txt,,
dec_con_asf,TaskDec MoreOpenGate,exp_260817_000507_TaskDecControlMoreOpenGate_v1_0_A2FUSION_rlc_l1d256_l2p2t32d256g_l2g_scl_mha16,complete_results,full_conditional,lightsnow,0.3,sed,2,,65.11713082784246,30.8690691419792,89.0658397092268,77.73235978022512,89.50792202023717,89.43730140980492,73.62160381488594,66.01291011066975,/home/hongsheng/dec_con_asf/logs/exp_260817_000507_TaskDecControlMoreOpenGate_v1_0_A2FUSION_rlc_l1d256_l2p2t32d256g_l2g_scl_mha16/test_kitti/epoch_2_total/0.3/complete_results.txt,,
dec_con_asf,TaskDec MoreOpenGate,exp_260817_000507_TaskDecControlMoreOpenGate_v1_0_A2FUSION_rlc_l1d256_l2p2t32d256g_l2g_scl_mha16,complete_results,full_conditional,heavysnow,0.3,sed,2,,51.71118852982427,25.611481574527485,69.49384953955762,60.18095152908912,70.91986601269274,70.62636208073492,58.090616544404355,52.13959839478384,/home/hongsheng/dec_con_asf/logs/exp_260817_000507_TaskDecControlMoreOpenGate_v1_0_A2FUSION_rlc_l1d256_l2p2t32d256g_l2g_scl_mha16/test_kitti/epoch_2_total/0.3/complete_results.txt,,
dec_con_asf,TaskDec Robust,exp_260810_221258_TaskDecControlRobust_v1_0_A2FUSION_rlc_l1d256_l2p2t32d256g_l2g_scl_mha16,summary_conf_md,full_or_exported_summary,all,0.0,sed,,,62.34,22.32,86.93,72.83,88.57,87.21,70.03333333333333,60.78666666666666,/home/hongsheng/dec_con_asf/results/exp_260810_221258_TaskDecControlRobust_v1_final/summary_conf0.0.md,,
dec_con_asf,TaskDec Robust,exp_260810_221258_TaskDecControlRobust_v1_0_A2FUSION_rlc_l1d256_l2p2t32d256g_l2g_scl_mha16,summary_conf_md_condition,full_or_exported_summary,all,0.0,sed,,,62.34,22.32,86.93,72.83,88.57,87.21,70.03333333333333,60.78666666666666,/home/hongsheng/dec_con_asf/results/exp_260810_221258_TaskDecControlRobust_v1_final/summary_conf0.0.md,,
dec_con_asf,TaskDec Robust,exp_260810_221258_TaskDecControlRobust_v1_0_A2FUSION_rlc_l1d256_l2p2t32d256g_l2g_scl_mha16,summary_conf_md_condition,full_or_exported_summary,urban,0.0,sed,,,65.07,26.46,87.36,74.89,88.57,87.74,71.68166666666666,63.03,/home/hongsheng/dec_con_asf/results/exp_260810_221258_TaskDecControlRobust_v1_final/summary_conf0.0.md,,
dec_con_asf,TaskDec Robust,exp_260810_221258_TaskDecControlRobust_v1_0_A2FUSION_rlc_l1d256_l2p2t32d256g_l2g_scl_mha16,summary_conf_md_condition,full_or_exported_summary,highway,0.0,sed,,,59.33,14.49,88.61,71.37,89.57,88.57,68.65666666666667,58.14333333333334,/home/hongsheng/dec_con_asf/results/exp_260810_221258_TaskDecControlRobust_v1_final/summary_conf0.0.md,,
dec_con_asf,TaskDec Robust,exp_260810_221258_TaskDecControlRobust_v1_0_A2FUSION_rlc_l1d256_l2p2t32d256g_l2g_scl_mha16,summary_conf_md_condition,full_or_exported_summary,countryside,0.0,sed,,,59.26,5.79,85.62,43.57,87.64,82.84,60.78666666666667,44.06666666666667,/home/hongsheng/dec_con_asf/results/exp_260810_221258_TaskDecControlRobust_v1_final/summary_conf0.0.md,,
dec_con_asf,TaskDec Robust,exp_260810_221258_TaskDecControlRobust_v1_0_A2FUSION_rlc_l1d256_l2p2t32d256g_l2g_scl_mha16,summary_conf_md_condition,full_or_exported_summary,alleyway,0.0,sed,,,41.47,12.91,65.79,48.87,68.03,67.31,50.73,43.03,/home/hongsheng/dec_con_asf/results/exp_260810_221258_TaskDecControlRobust_v1_final/summary_conf0.0.md,,
dec_con_asf,TaskDec Robust,exp_260810_221258_TaskDecControlRobust_v1_0_A2FUSION_rlc_l1d256_l2p2t32d256g_l2g_scl_mha16,summary_conf_md_condition,full_or_exported_summary,parkinglots,0.0,sed,,,47.25,38.84,71.09,60.9,80.53,80.03,63.10666666666666,59.92333333333334,/home/hongsheng/dec_con_asf/results/exp_260810_221258_TaskDecControlRobust_v1_final/summary_conf0.0.md,,
dec_con_asf,TaskDec Robust,exp_260810_221258_TaskDecControlRobust_v1_0_A2FUSION_rlc_l1d256_l2p2t32d256g_l2g_scl_mha16,summary_conf_md_condition,full_or_exported_summary,shoulder,0.0,sed,,,81.22,72.63,90.71,80.88,99.36,90.68,85.91333333333334,81.39666666666666,/home/hongsheng/dec_con_asf/results/exp_260810_221258_TaskDecControlRobust_v1_final/summary_conf0.0.md,,
dec_con_asf,TaskDec Robust,exp_260810_221258_TaskDecControlRobust_v1_0_A2FUSION_rlc_l1d256_l2p2t32d256g_l2g_scl_mha16,summary_conf_md_condition,full_or_exported_summary,mountain,0.0,sed,,,69.67,16.31,98.06,76.91,98.29,98.15,76.23166666666667,63.79,/home/hongsheng/dec_con_asf/results/exp_260810_221258_TaskDecControlRobust_v1_final/summary_conf0.0.md,,
dec_con_asf,TaskDec Robust,exp_260810_221258_TaskDecControlRobust_v1_0_A2FUSION_rlc_l1d256_l2p2t32d256g_l2g_scl_mha16,summary_conf_md_condition,full_or_exported_summary,university,0.0,sed,,,61.3,25.95,80.07,74.78,87.08,86.11,69.21499999999999,62.28,/home/hongsheng/dec_con_asf/results/exp_260810_221258_TaskDecControlRobust_v1_final/summary_conf0.0.md,,
dec_con_asf,TaskDec Robust,exp_260810_221258_TaskDecControlRobust_v1_0_A2FUSION_rlc_l1d256_l2p2t32d256g_l2g_scl_mha16,summary_conf_md_condition,full_or_exported_summary,day,0.0,sed,,,61.46,22.54,86.9,72.98,88.57,87.07,69.92,60.86333333333334,/home/hongsheng/dec_con_asf/results/exp_260810_221258_TaskDecControlRobust_v1_final/summary_conf0.0.md,,
dec_con_asf,TaskDec Robust,exp_260810_221258_TaskDecControlRobust_v1_0_A2FUSION_rlc_l1d256_l2p2t32d256g_l2g_scl_mha16,summary_conf_md_condition,full_or_exported_summary,night,0.0,sed,,,63.94,21.91,86.99,66.92,88.5,87.48,69.29,58.77,/home/hongsheng/dec_con_asf/results/exp_260810_221258_TaskDecControlRobust_v1_final/summary_conf0.0.md,,
dec_con_asf,TaskDec Robust,exp_260810_221258_TaskDecControlRobust_v1_0_A2FUSION_rlc_l1d256_l2p2t32d256g_l2g_scl_mha16,summary_conf_md_condition,full_or_exported_summary,normal,0.0,sed,,,58.96,15.69,86.43,65.76,88.36,86.95,67.025,56.13333333333333,/home/hongsheng/dec_con_asf/results/exp_260810_221258_TaskDecControlRobust_v1_final/summary_conf0.0.md,,
dec_con_asf,TaskDec Robust,exp_260810_221258_TaskDecControlRobust_v1_0_A2FUSION_rlc_l1d256_l2p2t32d256g_l2g_scl_mha16,summary_conf_md_condition,full_or_exported_summary,overcast,0.0,sed,,,74.22,20.4,90.05,78.68,90.19,89.75,73.88166666666667,62.943333333333335,/home/hongsheng/dec_con_asf/results/exp_260810_221258_TaskDecControlRobust_v1_final/summary_conf0.0.md,,
dec_con_asf,TaskDec Robust,exp_260810_221258_TaskDecControlRobust_v1_0_A2FUSION_rlc_l1d256_l2p2t32d256g_l2g_scl_mha16,summary_conf_md_condition,full_or_exported_summary,fog,0.0,sed,,,76.41,42.53,90.69,79.29,98.6,90.75,79.71166666666666,70.85666666666667,/home/hongsheng/dec_con_asf/results/exp_260810_221258_TaskDecControlRobust_v1_final/summary_conf0.0.md,,
dec_con_asf,TaskDec Robust,exp_260810_221258_TaskDecControlRobust_v1_0_A2FUSION_rlc_l1d256_l2p2t32d256g_l2g_scl_mha16,summary_conf_md_condition,full_or_exported_summary,rain,0.0,sed,,,72.62,21.43,88.35,73.16,88.66,87.87,72.015,60.82,/home/hongsheng/dec_con_asf/results/exp_260810_221258_TaskDecControlRobust_v1_final/summary_conf0.0.md,,
dec_con_asf,TaskDec Robust,exp_260810_221258_TaskDecControlRobust_v1_0_A2FUSION_rlc_l1d256_l2p2t32d256g_l2g_scl_mha16,summary_conf_md_condition,full_or_exported_summary,sleet,0.0,sed,,,49.4,21.16,78.63,66.5,86.82,80.5,63.835,56.053333333333335,/home/hongsheng/dec_con_asf/results/exp_260810_221258_TaskDecControlRobust_v1_final/summary_conf0.0.md,,
dec_con_asf,TaskDec Robust,exp_260810_221258_TaskDecControlRobust_v1_0_A2FUSION_rlc_l1d256_l2p2t32d256g_l2g_scl_mha16,summary_conf_md_condition,full_or_exported_summary,lightsnow,0.0,sed,,,64.67,31.93,88.63,77.61,89.2,89.04,73.51333333333334,66.19333333333334,/home/hongsheng/dec_con_asf/results/exp_260810_221258_TaskDecControlRobust_v1_final/summary_conf0.0.md,,
dec_con_asf,TaskDec Robust,exp_260810_221258_TaskDecControlRobust_v1_0_A2FUSION_rlc_l1d256_l2p2t32d256g_l2g_scl_mha16,summary_conf_md_condition,full_or_exported_summary,heavysnow,0.0,sed,,,52.79,25.37,71.38,66.48,78.49,77.25,61.96,56.36666666666667,/home/hongsheng/dec_con_asf/results/exp_260810_221258_TaskDecControlRobust_v1_final/summary_conf0.0.md,,
dec_con_asf,TaskDec Robust,exp_260810_221258_TaskDecControlRobust_v1_0_A2FUSION_rlc_l1d256_l2p2t32d256g_l2g_scl_mha16,summary_conf_md,full_or_exported_summary,all,0.3,sed,,,62.34,22.32,80.43,67.21,80.87,80.42,65.59833333333334,56.65,/home/hongsheng/dec_con_asf/results/exp_260810_221258_TaskDecControlRobust_v1_final/summary_conf0.3.md,,
dec_con_asf,TaskDec Robust,exp_260810_221258_TaskDecControlRobust_v1_0_A2FUSION_rlc_l1d256_l2p2t32d256g_l2g_scl_mha16,summary_conf_md_condition,full_or_exported_summary,all,0.3,sed,,,62.34,22.32,80.43,67.21,80.87,80.42,65.59833333333334,56.65,/home/hongsheng/dec_con_asf/results/exp_260810_221258_TaskDecControlRobust_v1_final/summary_conf0.3.md,,
dec_con_asf,TaskDec Robust,exp_260810_221258_TaskDecControlRobust_v1_0_A2FUSION_rlc_l1d256_l2p2t32d256g_l2g_scl_mha16,summary_conf_md_condition,full_or_exported_summary,urban,0.3,sed,,,65.07,23.54,80.82,69.06,80.98,80.81,66.71333333333332,57.803333333333335,/home/hongsheng/dec_con_asf/results/exp_260810_221258_TaskDecControlRobust_v1_final/summary_conf0.3.md,,
dec_con_asf,TaskDec Robust,exp_260810_221258_TaskDecControlRobust_v1_0_A2FUSION_rlc_l1d256_l2p2t32d256g_l2g_scl_mha16,summary_conf_md_condition,full_or_exported_summary,highway,0.3,sed,,,59.33,14.49,88.61,65.72,89.57,88.57,67.71499999999999,56.26,/home/hongsheng/dec_con_asf/results/exp_260810_221258_TaskDecControlRobust_v1_final/summary_conf0.3.md,,
dec_con_asf,TaskDec Robust,exp_260810_221258_TaskDecControlRobust_v1_0_A2FUSION_rlc_l1d256_l2p2t32d256g_l2g_scl_mha16,summary_conf_md_condition,full_or_exported_summary,countryside,0.3,sed,,,55.72,5.79,80.52,43.57,87.64,78.26,58.583333333333336,42.54,/home/hongsheng/dec_con_asf/results/exp_260810_221258_TaskDecControlRobust_v1_final/summary_conf0.3.md,,
dec_con_asf,TaskDec Robust,exp_260810_221258_TaskDecControlRobust_v1_0_A2FUSION_rlc_l1d256_l2p2t32d256g_l2g_scl_mha16,summary_conf_md_condition,full_or_exported_summary,alleyway,0.3,sed,,,41.71,11.55,59.24,44.52,60.73,60.28,46.33833333333334,38.78333333333334,/home/hongsheng/dec_con_asf/results/exp_260810_221258_TaskDecControlRobust_v1_final/summary_conf0.3.md,,
dec_con_asf,TaskDec Robust,exp_260810_221258_TaskDecControlRobust_v1_0_A2FUSION_rlc_l1d256_l2p2t32d256g_l2g_scl_mha16,summary_conf_md_condition,full_or_exported_summary,parkinglots,0.3,sed,,,47.25,38.84,71.09,60.9,72.27,72.27,60.43666666666667,57.336666666666666,/home/hongsheng/dec_con_asf/results/exp_260810_221258_TaskDecControlRobust_v1_final/summary_conf0.3.md,,
dec_con_asf,TaskDec Robust,exp_260810_221258_TaskDecControlRobust_v1_0_A2FUSION_rlc_l1d256_l2p2t32d256g_l2g_scl_mha16,summary_conf_md_condition,full_or_exported_summary,shoulder,0.3,sed,,,81.22,72.63,90.71,80.88,90.79,90.68,84.485,81.39666666666666,/home/hongsheng/dec_con_asf/results/exp_260810_221258_TaskDecControlRobust_v1_final/summary_conf0.3.md,,
dec_con_asf,TaskDec Robust,exp_260810_221258_TaskDecControlRobust_v1_0_A2FUSION_rlc_l1d256_l2p2t32d256g_l2g_scl_mha16,summary_conf_md_condition,full_or_exported_summary,mountain,0.3,sed,,,70.93,16.31,90.76,76.91,90.89,90.86,72.77666666666667,61.35999999999999,/home/hongsheng/dec_con_asf/results/exp_260810_221258_TaskDecControlRobust_v1_final/summary_conf0.3.md,,
dec_con_asf,TaskDec Robust,exp_260810_221258_TaskDecControlRobust_v1_0_A2FUSION_rlc_l1d256_l2p2t32d256g_l2g_scl_mha16,summary_conf_md_condition,full_or_exported_summary,university,0.3,sed,,,56.15,26.36,80.07,68.97,80.52,79.67,65.29,58.333333333333336,/home/hongsheng/dec_con_asf/results/exp_260810_221258_TaskDecControlRobust_v1_final/summary_conf0.3.md,,
dec_con_asf,TaskDec Robust,exp_260810_221258_TaskDecControlRobust_v1_0_A2FUSION_rlc_l1d256_l2p2t32d256g_l2g_scl_mha16,summary_conf_md_condition,full_or_exported_summary,day,0.3,sed,,,61.51,22.54,80.39,67.34,88.94,80.27,66.83166666666666,56.71666666666667,/home/hongsheng/dec_con_asf/results/exp_260810_221258_TaskDecControlRobust_v1_final/summary_conf0.3.md,,
dec_con_asf,TaskDec Robust,exp_260810_221258_TaskDecControlRobust_v1_0_A2FUSION_rlc_l1d256_l2p2t32d256g_l2g_scl_mha16,summary_conf_md_condition,full_or_exported_summary,night,0.3,sed,,,63.94,21.91,80.47,66.92,81.01,80.74,65.83166666666666,56.52333333333333,/home/hongsheng/dec_con_asf/results/exp_260810_221258_TaskDecControlRobust_v1_final/summary_conf0.3.md,,
dec_con_asf,TaskDec Robust,exp_260810_221258_TaskDecControlRobust_v1_0_A2FUSION_rlc_l1d256_l2p2t32d256g_l2g_scl_mha16,summary_conf_md_condition,full_or_exported_summary,normal,0.3,sed,,,60.04,15.69,79.94,65.76,88.66,79.89,64.99666666666667,53.78,/home/hongsheng/dec_con_asf/results/exp_260810_221258_TaskDecControlRobust_v1_final/summary_conf0.3.md,,
dec_con_asf,TaskDec Robust,exp_260810_221258_TaskDecControlRobust_v1_0_A2FUSION_rlc_l1d256_l2p2t32d256g_l2g_scl_mha16,summary_conf_md_condition,full_or_exported_summary,overcast,0.3,sed,,,74.22,20.99,90.16,78.68,90.21,89.89,74.02499999999999,63.18666666666667,/home/hongsheng/dec_con_asf/results/exp_260810_221258_TaskDecControlRobust_v1_final/summary_conf0.3.md,,
dec_con_asf,TaskDec Robust,exp_260810_221258_TaskDecControlRobust_v1_0_A2FUSION_rlc_l1d256_l2p2t32d256g_l2g_scl_mha16,summary_conf_md_condition,full_or_exported_summary,fog,0.3,sed,,,76.41,42.53,90.69,79.29,90.82,90.75,78.415,70.85666666666667,/home/hongsheng/dec_con_asf/results/exp_260810_221258_TaskDecControlRobust_v1_final/summary_conf0.3.md,,
dec_con_asf,TaskDec Robust,exp_260810_221258_TaskDecControlRobust_v1_0_A2FUSION_rlc_l1d256_l2p2t32d256g_l2g_scl_mha16,summary_conf_md_condition,full_or_exported_summary,rain,0.3,sed,,,66.4,21.43,80.89,67.07,80.98,80.72,66.24833333333333,56.406666666666666,/home/hongsheng/dec_con_asf/results/exp_260810_221258_TaskDecControlRobust_v1_final/summary_conf0.3.md,,
dec_con_asf,TaskDec Robust,exp_260810_221258_TaskDecControlRobust_v1_0_A2FUSION_rlc_l1d256_l2p2t32d256g_l2g_scl_mha16,summary_conf_md_condition,full_or_exported_summary,sleet,0.3,sed,,,44.52,21.16,71.34,66.86,80.81,80.5,60.865,56.17333333333334,/home/hongsheng/dec_con_asf/results/exp_260810_221258_TaskDecControlRobust_v1_final/summary_conf0.3.md,,
dec_con_asf,TaskDec Robust,exp_260810_221258_TaskDecControlRobust_v1_0_A2FUSION_rlc_l1d256_l2p2t32d256g_l2g_scl_mha16,summary_conf_md_condition,full_or_exported_summary,lightsnow,0.3,sed,,,64.67,31.93,88.93,77.64,89.29,89.24,73.61666666666666,66.27,/home/hongsheng/dec_con_asf/results/exp_260810_221258_TaskDecControlRobust_v1_final/summary_conf0.3.md,,
dec_con_asf,TaskDec Robust,exp_260810_221258_TaskDecControlRobust_v1_0_A2FUSION_rlc_l1d256_l2p2t32d256g_l2g_scl_mha16,summary_conf_md_condition,full_or_exported_summary,heavysnow,0.3,sed,,,52.9,25.37,71.38,61.71,71.94,71.78,59.18,52.95333333333334,/home/hongsheng/dec_con_asf/results/exp_260810_221258_TaskDecControlRobust_v1_final/summary_conf0.3.md,,
dec_con_asf,TaskDec Balanced,exp_260810_221300_TaskDecControlBalanced_v1_0_A2FUSION_rlc_l1d256_l2p2t32d256g_l2g_scl_mha16,summary_conf_md,full_or_exported_summary,all,0.0,sed,,,63.39,19.65,87.33,73.39,88.73,87.76,70.04166666666667,60.26666666666667,/home/hongsheng/dec_con_asf/results/exp_260810_221300_TaskDecControlBalanced_v1_final/summary_conf0.0.md,,
dec_con_asf,TaskDec Balanced,exp_260810_221300_TaskDecControlBalanced_v1_0_A2FUSION_rlc_l1d256_l2p2t32d256g_l2g_scl_mha16,summary_conf_md_condition,full_or_exported_summary,all,0.0,sed,,,63.39,19.65,87.33,73.39,88.73,87.76,70.04166666666667,60.26666666666667,/home/hongsheng/dec_con_asf/results/exp_260810_221300_TaskDecControlBalanced_v1_final/summary_conf0.0.md,,
dec_con_asf,TaskDec Balanced,exp_260810_221300_TaskDecControlBalanced_v1_0_A2FUSION_rlc_l1d256_l2p2t32d256g_l2g_scl_mha16,summary_conf_md_condition,full_or_exported_summary,urban,0.0,sed,,,67.04,27.53,87.55,75.74,88.69,88.08,72.43833333333333,63.78333333333333,/home/hongsheng/dec_con_asf/results/exp_260810_221300_TaskDecControlBalanced_v1_final/summary_conf0.0.md,,
dec_con_asf,TaskDec Balanced,exp_260810_221300_TaskDecControlBalanced_v1_0_A2FUSION_rlc_l1d256_l2p2t32d256g_l2g_scl_mha16,summary_conf_md_condition,full_or_exported_summary,highway,0.0,sed,,,59.08,13.76,88.79,69.8,89.67,88.9,68.33333333333333,57.48666666666667,/home/hongsheng/dec_con_asf/results/exp_260810_221300_TaskDecControlBalanced_v1_final/summary_conf0.0.md,,
dec_con_asf,TaskDec Balanced,exp_260810_221300_TaskDecControlBalanced_v1_0_A2FUSION_rlc_l1d256_l2p2t32d256g_l2g_scl_mha16,summary_conf_md_condition,full_or_exported_summary,countryside,0.0,sed,,,55.29,11.88,87.36,43.46,88.33,84.39,61.785,46.57666666666666,/home/hongsheng/dec_con_asf/results/exp_260810_221300_TaskDecControlBalanced_v1_final/summary_conf0.0.md,,
dec_con_asf,TaskDec Balanced,exp_260810_221300_TaskDecControlBalanced_v1_0_A2FUSION_rlc_l1d256_l2p2t32d256g_l2g_scl_mha16,summary_conf_md_condition,full_or_exported_summary,alleyway,0.0,sed,,,40.48,7.02,66.08,50.73,74.16,67.61,51.01333333333333,41.78666666666667,/home/hongsheng/dec_con_asf/results/exp_260810_221300_TaskDecControlBalanced_v1_final/summary_conf0.0.md,,
dec_con_asf,TaskDec Balanced,exp_260810_221300_TaskDecControlBalanced_v1_0_A2FUSION_rlc_l1d256_l2p2t32d256g_l2g_scl_mha16,summary_conf_md_condition,full_or_exported_summary,parkinglots,0.0,sed,,,49.72,47.19,71.06,60.41,80.74,80.24,64.89333333333333,62.61333333333332,/home/hongsheng/dec_con_asf/results/exp_260810_221300_TaskDecControlBalanced_v1_final/summary_conf0.0.md,,
dec_con_asf,TaskDec Balanced,exp_260810_221300_TaskDecControlBalanced_v1_0_A2FUSION_rlc_l1d256_l2p2t32d256g_l2g_scl_mha16,summary_conf_md_condition,full_or_exported_summary,shoulder,0.0,sed,,,89.22,72.7,90.76,81.11,99.7,90.64,87.355,81.48333333333333,/home/hongsheng/dec_con_asf/results/exp_260810_221300_TaskDecControlBalanced_v1_final/summary_conf0.0.md,,
dec_con_asf,TaskDec Balanced,exp_260810_221300_TaskDecControlBalanced_v1_0_A2FUSION_rlc_l1d256_l2p2t32d256g_l2g_scl_mha16,summary_conf_md_condition,full_or_exported_summary,mountain,0.0,sed,,,73.06,20.31,98.65,85.48,98.79,98.65,79.15666666666667,68.14666666666666,/home/hongsheng/dec_con_asf/results/exp_260810_221300_TaskDecControlBalanced_v1_final/summary_conf0.0.md,,
dec_con_asf,TaskDec Balanced,exp_260810_221300_TaskDecControlBalanced_v1_0_A2FUSION_rlc_l1d256_l2p2t32d256g_l2g_scl_mha16,summary_conf_md_condition,full_or_exported_summary,university,0.0,sed,,,61.95,31.48,79.91,76.01,87.22,86.53,70.51666666666667,64.67333333333333,/home/hongsheng/dec_con_asf/results/exp_260810_221300_TaskDecControlBalanced_v1_final/summary_conf0.0.md,,
dec_con_asf,TaskDec Balanced,exp_260810_221300_TaskDecControlBalanced_v1_0_A2FUSION_rlc_l1d256_l2p2t32d256g_l2g_scl_mha16,summary_conf_md_condition,full_or_exported_summary,day,0.0,sed,,,62.15,19.72,87.19,72.61,88.78,87.74,69.69833333333334,60.02333333333333,/home/hongsheng/dec_con_asf/results/exp_260810_221300_TaskDecControlBalanced_v1_final/summary_conf0.0.md,,
dec_con_asf,TaskDec Balanced,exp_260810_221300_TaskDecControlBalanced_v1_0_A2FUSION_rlc_l1d256_l2p2t32d256g_l2g_scl_mha16,summary_conf_md_condition,full_or_exported_summary,night,0.0,sed,,,65.61,20.15,87.66,74.01,88.57,87.95,70.65833333333333,60.70333333333334,/home/hongsheng/dec_con_asf/results/exp_260810_221300_TaskDecControlBalanced_v1_final/summary_conf0.0.md,,
dec_con_asf,TaskDec Balanced,exp_260810_221300_TaskDecControlBalanced_v1_0_A2FUSION_rlc_l1d256_l2p2t32d256g_l2g_scl_mha16,summary_conf_md_condition,full_or_exported_summary,normal,0.0,sed,,,58.51,16.12,86.49,64.7,88.4,87.31,66.92166666666667,56.04333333333333,/home/hongsheng/dec_con_asf/results/exp_260810_221300_TaskDecControlBalanced_v1_final/summary_conf0.0.md,,
dec_con_asf,TaskDec Balanced,exp_260810_221300_TaskDecControlBalanced_v1_0_A2FUSION_rlc_l1d256_l2p2t32d256g_l2g_scl_mha16,summary_conf_md_condition,full_or_exported_summary,overcast,0.0,sed,,,72.85,16.4,90.35,78.69,90.42,90.38,73.18166666666666,61.82333333333333,/home/hongsheng/dec_con_asf/results/exp_260810_221300_TaskDecControlBalanced_v1_final/summary_conf0.0.md,,
dec_con_asf,TaskDec Balanced,exp_260810_221300_TaskDecControlBalanced_v1_0_A2FUSION_rlc_l1d256_l2p2t32d256g_l2g_scl_mha16,summary_conf_md_condition,full_or_exported_summary,fog,0.0,sed,,,77.77,43.85,98.93,79.84,99.07,90.68,81.69,71.45666666666666,/home/hongsheng/dec_con_asf/results/exp_260810_221300_TaskDecControlBalanced_v1_final/summary_conf0.0.md,,
dec_con_asf,TaskDec Balanced,exp_260810_221300_TaskDecControlBalanced_v1_0_A2FUSION_rlc_l1d256_l2p2t32d256g_l2g_scl_mha16,summary_conf_md_condition,full_or_exported_summary,rain,0.0,sed,,,73.89,19.79,88.3,74.1,88.65,87.99,72.11999999999999,60.626666666666665,/home/hongsheng/dec_con_asf/results/exp_260810_221300_TaskDecControlBalanced_v1_final/summary_conf0.0.md,,
dec_con_asf,TaskDec Balanced,exp_260810_221300_TaskDecControlBalanced_v1_0_A2FUSION_rlc_l1d256_l2p2t32d256g_l2g_scl_mha16,summary_conf_md_condition,full_or_exported_summary,sleet,0.0,sed,,,56.53,18.07,79.6,67.75,80.79,80.56,63.88333333333333,55.46,/home/hongsheng/dec_con_asf/results/exp_260810_221300_TaskDecControlBalanced_v1_final/summary_conf0.0.md,,
dec_con_asf,TaskDec Balanced,exp_260810_221300_TaskDecControlBalanced_v1_0_A2FUSION_rlc_l1d256_l2p2t32d256g_l2g_scl_mha16,summary_conf_md_condition,full_or_exported_summary,lightsnow,0.0,sed,,,73.99,34.92,88.75,78.24,89.51,89.22,75.77166666666666,67.46,/home/hongsheng/dec_con_asf/results/exp_260810_221300_TaskDecControlBalanced_v1_final/summary_conf0.0.md,,
dec_con_asf,TaskDec Balanced,exp_260810_221300_TaskDecControlBalanced_v1_0_A2FUSION_rlc_l1d256_l2p2t32d256g_l2g_scl_mha16,summary_conf_md_condition,full_or_exported_summary,heavysnow,0.0,sed,,,56.75,31.89,70.99,66.95,78.67,77.79,63.84,58.876666666666665,/home/hongsheng/dec_con_asf/results/exp_260810_221300_TaskDecControlBalanced_v1_final/summary_conf0.0.md,,
dec_con_asf,TaskDec Balanced,exp_260810_221300_TaskDecControlBalanced_v1_0_A2FUSION_rlc_l1d256_l2p2t32d256g_l2g_scl_mha16,summary_conf_md,full_or_exported_summary,all,0.3,sed,,,63.39,19.65,80.48,67.45,80.93,80.59,65.415,55.89666666666667,/home/hongsheng/dec_con_asf/results/exp_260810_221300_TaskDecControlBalanced_v1_final/summary_conf0.3.md,,
dec_con_asf,TaskDec Balanced,exp_260810_221300_TaskDecControlBalanced_v1_0_A2FUSION_rlc_l1d256_l2p2t32d256g_l2g_scl_mha16,summary_conf_md_condition,full_or_exported_summary,all,0.3,sed,,,63.39,19.65,80.48,67.45,80.93,80.59,65.415,55.89666666666667,/home/hongsheng/dec_con_asf/results/exp_260810_221300_TaskDecControlBalanced_v1_final/summary_conf0.3.md,,
dec_con_asf,TaskDec Balanced,exp_260810_221300_TaskDecControlBalanced_v1_0_A2FUSION_rlc_l1d256_l2p2t32d256g_l2g_scl_mha16,summary_conf_md_condition,full_or_exported_summary,urban,0.3,sed,,,67.04,24.59,80.74,69.43,80.95,80.76,67.25166666666667,58.26,/home/hongsheng/dec_con_asf/results/exp_260810_221300_TaskDecControlBalanced_v1_final/summary_conf0.3.md,,
dec_con_asf,TaskDec Balanced,exp_260810_221300_TaskDecControlBalanced_v1_0_A2FUSION_rlc_l1d256_l2p2t32d256g_l2g_scl_mha16,summary_conf_md_condition,full_or_exported_summary,highway,0.3,sed,,,59.08,13.76,88.79,63.8,89.67,88.9,67.33333333333333,55.48666666666667,/home/hongsheng/dec_con_asf/results/exp_260810_221300_TaskDecControlBalanced_v1_final/summary_conf0.3.md,,
dec_con_asf,TaskDec Balanced,exp_260810_221300_TaskDecControlBalanced_v1_0_A2FUSION_rlc_l1d256_l2p2t32d256g_l2g_scl_mha16,summary_conf_md_condition,full_or_exported_summary,countryside,0.3,sed,,,55.29,11.88,80.92,43.46,88.57,79.14,59.876666666666665,44.82666666666666,/home/hongsheng/dec_con_asf/results/exp_260810_221300_TaskDecControlBalanced_v1_final/summary_conf0.3.md,,
dec_con_asf,TaskDec Balanced,exp_260810_221300_TaskDecControlBalanced_v1_0_A2FUSION_rlc_l1d256_l2p2t32d256g_l2g_scl_mha16,summary_conf_md_condition,full_or_exported_summary,alleyway,0.3,sed,,,35.95,7.02,59.52,45.98,61.0,60.75,45.03666666666667,37.916666666666664,/home/hongsheng/dec_con_asf/results/exp_260810_221300_TaskDecControlBalanced_v1_final/summary_conf0.3.md,,
dec_con_asf,TaskDec Balanced,exp_260810_221300_TaskDecControlBalanced_v1_0_A2FUSION_rlc_l1d256_l2p2t32d256g_l2g_scl_mha16,summary_conf_md_condition,full_or_exported_summary,parkinglots,0.3,sed,,,49.72,47.19,71.06,60.41,72.42,72.38,62.196666666666665,59.99333333333333,/home/hongsheng/dec_con_asf/results/exp_260810_221300_TaskDecControlBalanced_v1_final/summary_conf0.3.md,,
dec_con_asf,TaskDec Balanced,exp_260810_221300_TaskDecControlBalanced_v1_0_A2FUSION_rlc_l1d256_l2p2t32d256g_l2g_scl_mha16,summary_conf_md_condition,full_or_exported_summary,shoulder,0.3,sed,,,81.26,72.7,90.76,81.11,90.81,90.64,84.54666666666667,81.48333333333333,/home/hongsheng/dec_con_asf/results/exp_260810_221300_TaskDecControlBalanced_v1_final/summary_conf0.3.md,,
dec_con_asf,TaskDec Balanced,exp_260810_221300_TaskDecControlBalanced_v1_0_A2FUSION_rlc_l1d256_l2p2t32d256g_l2g_scl_mha16,summary_conf_md_condition,full_or_exported_summary,mountain,0.3,sed,,,73.06,20.76,90.81,86.41,90.89,90.8,75.455,65.99,/home/hongsheng/dec_con_asf/results/exp_260810_221300_TaskDecControlBalanced_v1_final/summary_conf0.3.md,,
dec_con_asf,TaskDec Balanced,exp_260810_221300_TaskDecControlBalanced_v1_0_A2FUSION_rlc_l1d256_l2p2t32d256g_l2g_scl_mha16,summary_conf_md_condition,full_or_exported_summary,university,0.3,sed,,,56.84,31.48,79.91,70.04,80.61,80.05,66.48833333333333,60.52333333333333,/home/hongsheng/dec_con_asf/results/exp_260810_221300_TaskDecControlBalanced_v1_final/summary_conf0.3.md,,
dec_con_asf,TaskDec Balanced,exp_260810_221300_TaskDecControlBalanced_v1_0_A2FUSION_rlc_l1d256_l2p2t32d256g_l2g_scl_mha16,summary_conf_md_condition,full_or_exported_summary,day,0.3,sed,,,62.28,19.72,80.42,66.72,89.11,80.5,66.45833333333333,55.64666666666667,/home/hongsheng/dec_con_asf/results/exp_260810_221300_TaskDecControlBalanced_v1_final/summary_conf0.3.md,,
dec_con_asf,TaskDec Balanced,exp_260810_221300_TaskDecControlBalanced_v1_0_A2FUSION_rlc_l1d256_l2p2t32d256g_l2g_scl_mha16,summary_conf_md_condition,full_or_exported_summary,night,0.3,sed,,,65.61,20.15,80.65,67.91,81.04,80.78,66.02333333333333,56.28,/home/hongsheng/dec_con_asf/results/exp_260810_221300_TaskDecControlBalanced_v1_final/summary_conf0.3.md,,
dec_con_asf,TaskDec Balanced,exp_260810_221300_TaskDecControlBalanced_v1_0_A2FUSION_rlc_l1d256_l2p2t32d256g_l2g_scl_mha16,summary_conf_md_condition,full_or_exported_summary,normal,0.3,sed,,,53.39,16.12,79.87,64.7,88.71,80.07,63.81,53.629999999999995,/home/hongsheng/dec_con_asf/results/exp_260810_221300_TaskDecControlBalanced_v1_final/summary_conf0.3.md,,
dec_con_asf,TaskDec Balanced,exp_260810_221300_TaskDecControlBalanced_v1_0_A2FUSION_rlc_l1d256_l2p2t32d256g_l2g_scl_mha16,summary_conf_md_condition,full_or_exported_summary,overcast,0.3,sed,,,66.01,16.4,90.35,78.69,90.42,90.38,72.04166666666667,61.82333333333333,/home/hongsheng/dec_con_asf/results/exp_260810_221300_TaskDecControlBalanced_v1_final/summary_conf0.3.md,,
dec_con_asf,TaskDec Balanced,exp_260810_221300_TaskDecControlBalanced_v1_0_A2FUSION_rlc_l1d256_l2p2t32d256g_l2g_scl_mha16,summary_conf_md_condition,full_or_exported_summary,fog,0.3,sed,,,77.77,43.85,90.77,79.84,90.83,90.68,78.95666666666666,71.45666666666666,/home/hongsheng/dec_con_asf/results/exp_260810_221300_TaskDecControlBalanced_v1_final/summary_conf0.3.md,,
dec_con_asf,TaskDec Balanced,exp_260810_221300_TaskDecControlBalanced_v1_0_A2FUSION_rlc_l1d256_l2p2t32d256g_l2g_scl_mha16,summary_conf_md_condition,full_or_exported_summary,rain,0.3,sed,,,67.56,19.79,80.9,67.82,81.03,80.66,66.29333333333334,56.089999999999996,/home/hongsheng/dec_con_asf/results/exp_260810_221300_TaskDecControlBalanced_v1_final/summary_conf0.3.md,,
dec_con_asf,TaskDec Balanced,exp_260810_221300_TaskDecControlBalanced_v1_0_A2FUSION_rlc_l1d256_l2p2t32d256g_l2g_scl_mha16,summary_conf_md_condition,full_or_exported_summary,sleet,0.3,sed,,,56.53,18.07,79.82,67.75,80.79,80.58,63.92333333333334,55.46666666666667,/home/hongsheng/dec_con_asf/results/exp_260810_221300_TaskDecControlBalanced_v1_final/summary_conf0.3.md,,
dec_con_asf,TaskDec Balanced,exp_260810_221300_TaskDecControlBalanced_v1_0_A2FUSION_rlc_l1d256_l2p2t32d256g_l2g_scl_mha16,summary_conf_md_condition,full_or_exported_summary,lightsnow,0.3,sed,,,68.06,34.92,80.96,78.24,89.61,89.5,73.54833333333333,67.55333333333333,/home/hongsheng/dec_con_asf/results/exp_260810_221300_TaskDecControlBalanced_v1_final/summary_conf0.3.md,,
dec_con_asf,TaskDec Balanced,exp_260810_221300_TaskDecControlBalanced_v1_0_A2FUSION_rlc_l1d256_l2p2t32d256g_l2g_scl_mha16,summary_conf_md_condition,full_or_exported_summary,heavysnow,0.3,sed,,,56.75,28.77,70.99,61.55,71.88,71.7,60.27333333333333,54.00666666666667,/home/hongsheng/dec_con_asf/results/exp_260810_221300_TaskDecControlBalanced_v1_final/summary_conf0.3.md,,
dec_con_asf,TaskDec Balanced,exp_260812_232646_TaskDecControlBalanced_v1_0_A2FUSION_rlc_l1d256_l2p2t32d256g_l2g_scl_mha16,summary_conf_md,full_or_exported_summary,all,0.0,sed,,,62.67,21.89,87.21,73.13,88.73,87.73,70.22666666666667,60.916666666666664,/home/hongsheng/dec_con_asf/results/exp_260812_232646_TaskDecControlBalanced_v1_model2_full/summary_conf0.0.md,,
dec_con_asf,TaskDec Balanced,exp_260812_232646_TaskDecControlBalanced_v1_0_A2FUSION_rlc_l1d256_l2p2t32d256g_l2g_scl_mha16,summary_conf_md_condition,full_or_exported_summary,all,0.0,sed,,,62.67,21.89,87.21,73.13,88.73,87.73,70.22666666666667,60.916666666666664,/home/hongsheng/dec_con_asf/results/exp_260812_232646_TaskDecControlBalanced_v1_model2_full/summary_conf0.0.md,,
dec_con_asf,TaskDec Balanced,exp_260812_232646_TaskDecControlBalanced_v1_0_A2FUSION_rlc_l1d256_l2p2t32d256g_l2g_scl_mha16,summary_conf_md,full_or_exported_summary,all,0.3,sed,,,62.69,21.9,80.38,67.57,89.01,80.37,66.98666666666666,56.61333333333334,/home/hongsheng/dec_con_asf/results/exp_260812_232646_TaskDecControlBalanced_v1_model2_full/summary_conf0.3.md,,
dec_con_asf,TaskDec Balanced,exp_260812_232646_TaskDecControlBalanced_v1_0_A2FUSION_rlc_l1d256_l2p2t32d256g_l2g_scl_mha16,summary_conf_md_condition,full_or_exported_summary,all,0.3,sed,,,62.69,21.9,80.38,67.57,89.01,80.37,66.98666666666666,56.61333333333334,/home/hongsheng/dec_con_asf/results/exp_260812_232646_TaskDecControlBalanced_v1_model2_full/summary_conf0.3.md,,
dec_con_asf,TaskDec Balanced,exp_260812_232646_TaskDecControlBalanced_v1_0_A2FUSION_rlc_l1d256_l2p2t32d256g_l2g_scl_mha16,summary_conf_md_condition,full_or_exported_summary,urban,0.3,sed,,,66.06,23.54,80.84,76.83,89.33,80.85,69.575,60.406666666666666,/home/hongsheng/dec_con_asf/results/exp_260812_232646_TaskDecControlBalanced_v1_model2_full/summary_conf0.3.md,,
dec_con_asf,TaskDec Balanced,exp_260812_232646_TaskDecControlBalanced_v1_0_A2FUSION_rlc_l1d256_l2p2t32d256g_l2g_scl_mha16,summary_conf_md_condition,full_or_exported_summary,highway,0.3,sed,,,59.71,18.72,88.55,72.67,89.23,88.56,69.57333333333334,59.98333333333333,/home/hongsheng/dec_con_asf/results/exp_260812_232646_TaskDecControlBalanced_v1_model2_full/summary_conf0.3.md,,
dec_con_asf,TaskDec Balanced,exp_260812_232646_TaskDecControlBalanced_v1_0_A2FUSION_rlc_l1d256_l2p2t32d256g_l2g_scl_mha16,summary_conf_md_condition,full_or_exported_summary,countryside,0.3,sed,,,55.63,11.49,80.52,43.43,87.93,78.74,59.623333333333335,44.553333333333335,/home/hongsheng/dec_con_asf/results/exp_260812_232646_TaskDecControlBalanced_v1_model2_full/summary_conf0.3.md,,
dec_con_asf,TaskDec Balanced,exp_260812_232646_TaskDecControlBalanced_v1_0_A2FUSION_rlc_l1d256_l2p2t32d256g_l2g_scl_mha16,summary_conf_md_condition,full_or_exported_summary,alleyway,0.3,sed,,,41.16,11.65,66.9,45.09,68.44,67.74,50.163333333333334,41.49333333333333,/home/hongsheng/dec_con_asf/results/exp_260812_232646_TaskDecControlBalanced_v1_model2_full/summary_conf0.3.md,,
dec_con_asf,TaskDec Balanced,exp_260812_232646_TaskDecControlBalanced_v1_0_A2FUSION_rlc_l1d256_l2p2t32d256g_l2g_scl_mha16,summary_conf_md_condition,full_or_exported_summary,parkinglots,0.3,sed,,,15.2,11.49,58.65,46.54,71.77,71.63,45.879999999999995,43.22,/home/hongsheng/dec_con_asf/results/exp_260812_232646_TaskDecControlBalanced_v1_model2_full/summary_conf0.3.md,,
dec_con_asf,TaskDec Balanced,exp_260812_232646_TaskDecControlBalanced_v1_0_A2FUSION_rlc_l1d256_l2p2t32d256g_l2g_scl_mha16,summary_conf_md_condition,full_or_exported_summary,shoulder,0.3,sed,,,80.89,72.73,90.79,80.84,90.79,90.38,84.40333333333334,81.31666666666666,/home/hongsheng/dec_con_asf/results/exp_260812_232646_TaskDecControlBalanced_v1_model2_full/summary_conf0.3.md,,
dec_con_asf,TaskDec Balanced,exp_260812_232646_TaskDecControlBalanced_v1_0_A2FUSION_rlc_l1d256_l2p2t32d256g_l2g_scl_mha16,summary_conf_md_condition,full_or_exported_summary,mountain,0.3,sed,,,73.91,16.95,90.8,78.71,99.66,90.85,75.14666666666666,62.169999999999995,/home/hongsheng/dec_con_asf/results/exp_260812_232646_TaskDecControlBalanced_v1_model2_full/summary_conf0.3.md,,
dec_con_asf,TaskDec Balanced,exp_260812_232646_TaskDecControlBalanced_v1_0_A2FUSION_rlc_l1d256_l2p2t32d256g_l2g_scl_mha16,summary_conf_md_condition,full_or_exported_summary,university,0.3,sed,,,54.36,24.59,80.05,69.47,80.4,79.7,64.76166666666667,57.919999999999995,/home/hongsheng/dec_con_asf/results/exp_260812_232646_TaskDecControlBalanced_v1_model2_full/summary_conf0.3.md,,
dec_con_asf,TaskDec Balanced,exp_260812_232646_TaskDecControlBalanced_v1_0_A2FUSION_rlc_l1d256_l2p2t32d256g_l2g_scl_mha16,summary_conf_md_condition,full_or_exported_summary,day,0.3,sed,,,61.47,21.67,80.22,67.42,88.8,88.25,67.97166666666666,59.11333333333334,/home/hongsheng/dec_con_asf/results/exp_260812_232646_TaskDecControlBalanced_v1_model2_full/summary_conf0.3.md,,
dec_con_asf,TaskDec Balanced,exp_260812_232646_TaskDecControlBalanced_v1_0_A2FUSION_rlc_l1d256_l2p2t32d256g_l2g_scl_mha16,summary_conf_md_condition,full_or_exported_summary,night,0.3,sed,,,64.91,22.26,80.73,67.88,81.06,80.78,66.27,56.97333333333333,/home/hongsheng/dec_con_asf/results/exp_260812_232646_TaskDecControlBalanced_v1_model2_full/summary_conf0.3.md,,
dec_con_asf,TaskDec Balanced,exp_260812_232646_TaskDecControlBalanced_v1_0_A2FUSION_rlc_l1d256_l2p2t32d256g_l2g_scl_mha16,summary_conf_md_condition,full_or_exported_summary,normal,0.3,sed,,,59.43,20.17,87.68,65.86,88.39,87.71,68.20666666666666,57.913333333333334,/home/hongsheng/dec_con_asf/results/exp_260812_232646_TaskDecControlBalanced_v1_model2_full/summary_conf0.3.md,,
dec_con_asf,TaskDec Balanced,exp_260812_232646_TaskDecControlBalanced_v1_0_A2FUSION_rlc_l1d256_l2p2t32d256g_l2g_scl_mha16,summary_conf_md_condition,full_or_exported_summary,overcast,0.3,sed,,,74.74,22.4,90.39,79.72,90.44,90.4,74.68166666666666,64.17333333333333,/home/hongsheng/dec_con_asf/results/exp_260812_232646_TaskDecControlBalanced_v1_model2_full/summary_conf0.3.md,,
dec_con_asf,TaskDec Balanced,exp_260812_232646_TaskDecControlBalanced_v1_0_A2FUSION_rlc_l1d256_l2p2t32d256g_l2g_scl_mha16,summary_conf_md_condition,full_or_exported_summary,fog,0.3,sed,,,76.99,38.55,90.79,79.75,90.86,90.73,77.94500000000001,69.67666666666666,/home/hongsheng/dec_con_asf/results/exp_260812_232646_TaskDecControlBalanced_v1_model2_full/summary_conf0.3.md,,
dec_con_asf,TaskDec Balanced,exp_260812_232646_TaskDecControlBalanced_v1_0_A2FUSION_rlc_l1d256_l2p2t32d256g_l2g_scl_mha16,summary_conf_md_condition,full_or_exported_summary,rain,0.3,sed,,,67.12,22.35,81.05,68.57,89.47,80.86,68.23666666666666,57.26,/home/hongsheng/dec_con_asf/results/exp_260812_232646_TaskDecControlBalanced_v1_model2_full/summary_conf0.3.md,,
dec_con_asf,TaskDec Balanced,exp_260812_232646_TaskDecControlBalanced_v1_0_A2FUSION_rlc_l1d256_l2p2t32d256g_l2g_scl_mha16,summary_conf_md_condition,full_or_exported_summary,sleet,0.3,sed,,,46.84,11.07,71.08,59.63,80.61,80.39,58.27,50.36333333333334,/home/hongsheng/dec_con_asf/results/exp_260812_232646_TaskDecControlBalanced_v1_model2_full/summary_conf0.3.md,,
dec_con_asf,TaskDec Balanced,exp_260812_232646_TaskDecControlBalanced_v1_0_A2FUSION_rlc_l1d256_l2p2t32d256g_l2g_scl_mha16,summary_conf_md_condition,full_or_exported_summary,lightsnow,0.3,sed,,,67.28,29.35,89.19,78.48,89.63,89.53,73.91,65.78666666666668,/home/hongsheng/dec_con_asf/results/exp_260812_232646_TaskDecControlBalanced_v1_model2_full/summary_conf0.3.md,,
dec_con_asf,TaskDec Balanced,exp_260812_232646_TaskDecControlBalanced_v1_0_A2FUSION_rlc_l1d256_l2p2t32d256g_l2g_scl_mha16,summary_conf_md_condition,full_or_exported_summary,heavysnow,0.3,sed,,,55.08,26.31,71.06,61.31,71.85,71.62,59.538333333333334,53.080000000000005,/home/hongsheng/dec_con_asf/results/exp_260812_232646_TaskDecControlBalanced_v1_model2_full/summary_conf0.3.md,,
dec_con_asf,TaskDec Robust,exp_260812_232650_TaskDecControlRobust_v1_0_A2FUSION_rlc_l1d256_l2p2t32d256g_l2g_scl_mha16,summary_conf_md,full_or_exported_summary,all,0.0,sed,,,62.63,22.02,87.18,72.83,88.84,88.06,70.26,60.97,/home/hongsheng/dec_con_asf/results/exp_260812_232650_TaskDecControlRobust_v1_model0_full/summary_conf0.0.md,,
dec_con_asf,TaskDec Robust,exp_260812_232650_TaskDecControlRobust_v1_0_A2FUSION_rlc_l1d256_l2p2t32d256g_l2g_scl_mha16,summary_conf_md_condition,full_or_exported_summary,all,0.0,sed,,,62.63,22.02,87.18,72.83,88.84,88.06,70.26,60.97,/home/hongsheng/dec_con_asf/results/exp_260812_232650_TaskDecControlRobust_v1_model0_full/summary_conf0.0.md,,
dec_con_asf,TaskDec Robust,exp_260812_232650_TaskDecControlRobust_v1_0_A2FUSION_rlc_l1d256_l2p2t32d256g_l2g_scl_mha16,summary_conf_md,full_or_exported_summary,all,0.3,sed,,,62.63,22.04,88.1,67.5,88.84,88.36,69.57833333333333,59.300000000000004,/home/hongsheng/dec_con_asf/results/exp_260812_232650_TaskDecControlRobust_v1_model0_full/summary_conf0.3.md,,
dec_con_asf,TaskDec Robust,exp_260812_232650_TaskDecControlRobust_v1_0_A2FUSION_rlc_l1d256_l2p2t32d256g_l2g_scl_mha16,summary_conf_md_condition,full_or_exported_summary,all,0.3,sed,,,62.63,22.04,88.1,67.5,88.84,88.36,69.57833333333333,59.300000000000004,/home/hongsheng/dec_con_asf/results/exp_260812_232650_TaskDecControlRobust_v1_model0_full/summary_conf0.3.md,,
dec_con_asf,TaskDec Robust,exp_260812_232650_TaskDecControlRobust_v1_0_A2FUSION_rlc_l1d256_l2p2t32d256g_l2g_scl_mha16,summary_conf_md_condition,full_or_exported_summary,urban,0.3,sed,,,66.07,28.26,88.6,76.58,89.12,88.83,72.91,64.55666666666666,/home/hongsheng/dec_con_asf/results/exp_260812_232650_TaskDecControlRobust_v1_model0_full/summary_conf0.3.md,,
dec_con_asf,TaskDec Robust,exp_260812_232650_TaskDecControlRobust_v1_0_A2FUSION_rlc_l1d256_l2p2t32d256g_l2g_scl_mha16,summary_conf_md_condition,full_or_exported_summary,highway,0.3,sed,,,59.84,11.9,88.66,72.84,89.33,88.71,68.54666666666667,57.81666666666666,/home/hongsheng/dec_con_asf/results/exp_260812_232650_TaskDecControlRobust_v1_model0_full/summary_conf0.3.md,,
dec_con_asf,TaskDec Robust,exp_260812_232650_TaskDecControlRobust_v1_0_A2FUSION_rlc_l1d256_l2p2t32d256g_l2g_scl_mha16,summary_conf_md_condition,full_or_exported_summary,countryside,0.3,sed,,,41.33,6.28,89.18,36.13,89.44,86.75,58.185,43.053333333333335,/home/hongsheng/dec_con_asf/results/exp_260812_232650_TaskDecControlRobust_v1_model0_full/summary_conf0.3.md,,
dec_con_asf,TaskDec Robust,exp_260812_232650_TaskDecControlRobust_v1_0_A2FUSION_rlc_l1d256_l2p2t32d256g_l2g_scl_mha16,summary_conf_md_condition,full_or_exported_summary,alleyway,0.3,sed,,,40.03,11.06,66.16,44.17,68.31,67.56,49.54833333333334,40.93,/home/hongsheng/dec_con_asf/results/exp_260812_232650_TaskDecControlRobust_v1_model0_full/summary_conf0.3.md,,
dec_con_asf,TaskDec Robust,exp_260812_232650_TaskDecControlRobust_v1_0_A2FUSION_rlc_l1d256_l2p2t32d256g_l2g_scl_mha16,summary_conf_md_condition,full_or_exported_summary,parkinglots,0.3,sed,,,8.68,2.45,49.83,31.16,70.36,69.5,38.663333333333334,34.37,/home/hongsheng/dec_con_asf/results/exp_260812_232650_TaskDecControlRobust_v1_model0_full/summary_conf0.3.md,,
dec_con_asf,TaskDec Robust,exp_260812_232650_TaskDecControlRobust_v1_0_A2FUSION_rlc_l1d256_l2p2t32d256g_l2g_scl_mha16,summary_conf_md_condition,full_or_exported_summary,shoulder,0.3,sed,,,80.39,72.16,90.57,80.31,90.69,90.16,84.04666666666667,80.87666666666667,/home/hongsheng/dec_con_asf/results/exp_260812_232650_TaskDecControlRobust_v1_model0_full/summary_conf0.3.md,,
dec_con_asf,TaskDec Robust,exp_260812_232650_TaskDecControlRobust_v1_0_A2FUSION_rlc_l1d256_l2p2t32d256g_l2g_scl_mha16,summary_conf_md_condition,full_or_exported_summary,mountain,0.3,sed,,,68.83,25.6,99.05,78.22,99.45,90.82,76.99499999999999,64.88,/home/hongsheng/dec_con_asf/results/exp_260812_232650_TaskDecControlRobust_v1_model0_full/summary_conf0.3.md,,
dec_con_asf,TaskDec Robust,exp_260812_232650_TaskDecControlRobust_v1_0_A2FUSION_rlc_l1d256_l2p2t32d256g_l2g_scl_mha16,summary_conf_md_condition,full_or_exported_summary,university,0.3,sed,,,63.21,24.29,80.29,77.02,80.72,80.21,67.62333333333333,60.50666666666666,/home/hongsheng/dec_con_asf/results/exp_260812_232650_TaskDecControlRobust_v1_model0_full/summary_conf0.3.md,,
dec_con_asf,TaskDec Robust,exp_260812_232650_TaskDecControlRobust_v1_0_A2FUSION_rlc_l1d256_l2p2t32d256g_l2g_scl_mha16,summary_conf_md_condition,full_or_exported_summary,day,0.3,sed,,,61.22,21.99,87.89,67.43,88.74,88.08,69.22500000000001,59.166666666666664,/home/hongsheng/dec_con_asf/results/exp_260812_232650_TaskDecControlRobust_v1_model0_full/summary_conf0.3.md,,
dec_con_asf,TaskDec Robust,exp_260812_232650_TaskDecControlRobust_v1_0_A2FUSION_rlc_l1d256_l2p2t32d256g_l2g_scl_mha16,summary_conf_md_condition,full_or_exported_summary,night,0.3,sed,,,64.95,22.2,88.52,67.68,89.15,88.88,70.23,59.586666666666666,/home/hongsheng/dec_con_asf/results/exp_260812_232650_TaskDecControlRobust_v1_model0_full/summary_conf0.3.md,,
dec_con_asf,TaskDec Robust,exp_260812_232650_TaskDecControlRobust_v1_0_A2FUSION_rlc_l1d256_l2p2t32d256g_l2g_scl_mha16,summary_conf_md_condition,full_or_exported_summary,normal,0.3,sed,,,59.8,19.6,87.41,65.98,88.44,87.66,68.14833333333333,57.74666666666667,/home/hongsheng/dec_con_asf/results/exp_260812_232650_TaskDecControlRobust_v1_model0_full/summary_conf0.3.md,,
dec_con_asf,TaskDec Robust,exp_260812_232650_TaskDecControlRobust_v1_0_A2FUSION_rlc_l1d256_l2p2t32d256g_l2g_scl_mha16,summary_conf_md_condition,full_or_exported_summary,overcast,0.3,sed,,,77.36,21.77,90.3,80.26,90.47,90.39,75.09166666666667,64.14,/home/hongsheng/dec_con_asf/results/exp_260812_232650_TaskDecControlRobust_v1_model0_full/summary_conf0.3.md,,
dec_con_asf,TaskDec Robust,exp_260812_232650_TaskDecControlRobust_v1_0_A2FUSION_rlc_l1d256_l2p2t32d256g_l2g_scl_mha16,summary_conf_md_condition,full_or_exported_summary,fog,0.3,sed,,,75.17,45.79,90.54,79.71,99.51,90.57,80.215,72.02333333333333,/home/hongsheng/dec_con_asf/results/exp_260812_232650_TaskDecControlRobust_v1_model0_full/summary_conf0.3.md,,
dec_con_asf,TaskDec Robust,exp_260812_232650_TaskDecControlRobust_v1_0_A2FUSION_rlc_l1d256_l2p2t32d256g_l2g_scl_mha16,summary_conf_md_condition,full_or_exported_summary,rain,0.3,sed,,,74.48,22.91,89.02,74.92,89.22,88.9,73.24166666666666,62.24333333333334,/home/hongsheng/dec_con_asf/results/exp_260812_232650_TaskDecControlRobust_v1_model0_full/summary_conf0.3.md,,
dec_con_asf,TaskDec Robust,exp_260812_232650_TaskDecControlRobust_v1_0_A2FUSION_rlc_l1d256_l2p2t32d256g_l2g_scl_mha16,summary_conf_md_condition,full_or_exported_summary,sleet,0.3,sed,,,40.56,14.14,70.24,57.6,80.72,80.42,57.28,50.72,/home/hongsheng/dec_con_asf/results/exp_260812_232650_TaskDecControlRobust_v1_model0_full/summary_conf0.3.md,,
dec_con_asf,TaskDec Robust,exp_260812_232650_TaskDecControlRobust_v1_0_A2FUSION_rlc_l1d256_l2p2t32d256g_l2g_scl_mha16,summary_conf_md_condition,full_or_exported_summary,lightsnow,0.3,sed,,,73.45,26.09,88.89,78.33,89.5,89.28,74.25666666666667,64.56666666666666,/home/hongsheng/dec_con_asf/results/exp_260812_232650_TaskDecControlRobust_v1_model0_full/summary_conf0.3.md,,
dec_con_asf,TaskDec Robust,exp_260812_232650_TaskDecControlRobust_v1_0_A2FUSION_rlc_l1d256_l2p2t32d256g_l2g_scl_mha16,summary_conf_md_condition,full_or_exported_summary,heavysnow,0.3,sed,,,52.55,25.04,70.51,60.51,79.26,71.41,59.879999999999995,52.31999999999999,/home/hongsheng/dec_con_asf/results/exp_260812_232650_TaskDecControlRobust_v1_model0_full/summary_conf0.3.md,,
dec_con_asf,Official ASF v1 conf0.0,dec_con_asf,paper_or_compiled_json,,all,0.0,sed,,,62.85048640310437,18.84758961438235,86.97363480841175,72.94898680476535,88.5883041960715,87.33703837418055,69.59100670015265,59.71120493110942,/home/hongsheng/dec_con_asf/results/v1_best_checkpoint_full_comparison_260813.json,/home/hongsheng/K-Radar-main/results/official_asf_v1_exp250303/summary_conf0.0.json,
dec_con_asf,Official ASF v1 conf0.0,dec_con_asf,paper_or_compiled_json,,normal,0.0,sed,,,59.06173574857784,15.795974143872582,86.20204082250152,64.5603772486291,88.13094859214166,86.6445628526008,66.73260656805392,55.66697141503416,/home/hongsheng/dec_con_asf/results/v1_best_checkpoint_full_comparison_260813.json,/home/hongsheng/K-Radar-main/results/official_asf_v1_exp250303/summary_conf0.0.json,
dec_con_asf,Official ASF v1 conf0.0,dec_con_asf,paper_or_compiled_json,,overcast,0.0,sed,,,74.16483199910293,22.552071307541528,90.16184617958241,86.5960331643214,90.28186585558981,89.84655567574649,75.6005340303141,66.33155338253647,/home/hongsheng/dec_con_asf/results/v1_best_checkpoint_full_comparison_260813.json,/home/hongsheng/K-Radar-main/results/official_asf_v1_exp250303/summary_conf0.0.json,
dec_con_asf,Official ASF v1 conf0.0,dec_con_asf,paper_or_compiled_json,,fog,0.0,sed,,,76.55290062711799,43.25743244587912,90.78421402379028,79.57211046681245,99.0162109213467,90.66654637117104,79.9749024760196,71.16536309462087,/home/hongsheng/dec_con_asf/results/v1_best_checkpoint_full_comparison_260813.json,/home/hongsheng/K-Radar-main/results/official_asf_v1_exp250303/summary_conf0.0.json,
dec_con_asf,Official ASF v1 conf0.0,dec_con_asf,paper_or_compiled_json,,rain,0.0,sed,,,73.61846553298851,18.74537002933498,88.79637827076401,73.419865249958,89.08463163890161,88.56929248475605,72.03900053445052,60.24484258801633,/home/hongsheng/dec_con_asf/results/v1_best_checkpoint_full_comparison_260813.json,/home/hongsheng/K-Radar-main/results/official_asf_v1_exp250303/summary_conf0.0.json,
dec_con_asf,Official ASF v1 conf0.0,dec_con_asf,paper_or_compiled_json,,sleet,0.0,sed,,,47.99360925923819,15.107044644717627,78.16373117877222,66.95759836202745,80.42912665415493,79.98992279410288,61.44017214883555,54.018188600282656,/home/hongsheng/dec_con_asf/results/v1_best_checkpoint_full_comparison_260813.json,/home/hongsheng/K-Radar-main/results/official_asf_v1_exp250303/summary_conf0.0.json,
dec_con_asf,Official ASF v1 conf0.0,dec_con_asf,paper_or_compiled_json,,lightsnow,0.0,sed,,,65.81663944331072,30.326101483762567,88.57525610640785,77.60273933584095,89.42066047982527,88.81105166990709,73.42540808650908,65.5799641631702,/home/hongsheng/dec_con_asf/results/v1_best_checkpoint_full_comparison_260813.json,/home/hongsheng/K-Radar-main/results/official_asf_v1_exp250303/summary_conf0.0.json,
dec_con_asf,Official ASF v1 conf0.0,dec_con_asf,paper_or_compiled_json,,heavysnow,0.0,sed,,,54.44128342921477,27.97967969438322,71.04225819741218,66.74188455544272,78.6813570970827,77.49636755177801,62.73047175421893,57.405977267201315,/home/hongsheng/dec_con_asf/results/v1_best_checkpoint_full_comparison_260813.json,/home/hongsheng/K-Radar-main/results/official_asf_v1_exp250303/summary_conf0.0.json,
dec_con_asf,Official ASF v1 conf0.3,dec_con_asf,paper_or_compiled_json,,all,0.3,sed,,,62.85129838117256,18.84758961438235,80.32516486241366,67.19240527543302,80.77711184770162,80.31346659416178,65.05117276254417,55.451153827992385,/home/hongsheng/dec_con_asf/results/v1_best_checkpoint_full_comparison_260813.json,/home/hongsheng/K-Radar-main/results/official_asf_v1_exp250303/summary_conf0.3.json,
dec_con_asf,Official ASF v1 conf0.3,dec_con_asf,paper_or_compiled_json,,normal,0.3,sed,,,60.16435836754243,15.795974143872582,79.62534879206498,64.5603772486291,88.4034376133066,79.5731859536377,64.6871136865089,53.30984578204646,/home/hongsheng/dec_con_asf/results/v1_best_checkpoint_full_comparison_260813.json,/home/hongsheng/K-Radar-main/results/official_asf_v1_exp250303/summary_conf0.3.json,
dec_con_asf,Official ASF v1 conf0.3,dec_con_asf,paper_or_compiled_json,,overcast,0.3,sed,,,74.30001885094981,19.377896323277522,90.19451120701949,79.70949864620792,90.28023127909044,89.8871527518514,73.95821817639943,62.99151590711228,/home/hongsheng/dec_con_asf/results/v1_best_checkpoint_full_comparison_260813.json,/home/hongsheng/K-Radar-main/results/official_asf_v1_exp250303/summary_conf0.3.json,
dec_con_asf,Official ASF v1 conf0.3,dec_con_asf,paper_or_compiled_json,,fog,0.3,sed,,,76.55290062711799,43.25743244587912,90.78421402379028,79.57211046681245,90.85619206787354,90.66654637117104,78.61489933377406,71.16536309462087,/home/hongsheng/dec_con_asf/results/v1_best_checkpoint_full_comparison_260813.json,/home/hongsheng/K-Radar-main/results/official_asf_v1_exp250303/summary_conf0.3.json,
dec_con_asf,Official ASF v1 conf0.3,dec_con_asf,paper_or_compiled_json,,rain,0.3,sed,,,67.34027082579769,18.74537002933498,81.13078660616466,67.32876906053113,81.21803286089754,80.9678164699959,66.12184097545365,55.68065185328734,/home/hongsheng/dec_con_asf/results/v1_best_checkpoint_full_comparison_260813.json,/home/hongsheng/K-Radar-main/results/official_asf_v1_exp250303/summary_conf0.3.json,
dec_con_asf,Official ASF v1 conf0.3,dec_con_asf,paper_or_compiled_json,,sleet,0.3,sed,,,43.25439319926741,15.486586685282655,71.04052079722204,67.27539219661544,80.48103706634372,80.20373178335663,59.623610288014646,54.32190355508491,/home/hongsheng/dec_con_asf/results/v1_best_checkpoint_full_comparison_260813.json,/home/hongsheng/K-Radar-main/results/official_asf_v1_exp250303/summary_conf0.3.json,
dec_con_asf,Official ASF v1 conf0.3,dec_con_asf,paper_or_compiled_json,,lightsnow,0.3,sed,,,65.81663944331072,30.435196556787563,80.81937562325464,77.62886263782633,89.53227076158943,80.88897374782917,70.85355312843298,62.984344314147684,/home/hongsheng/dec_con_asf/results/v1_best_checkpoint_full_comparison_260813.json,/home/hongsheng/K-Radar-main/results/official_asf_v1_exp250303/summary_conf0.3.json,
dec_con_asf,Official ASF v1 conf0.3,dec_con_asf,paper_or_compiled_json,,heavysnow,0.3,sed,,,54.44128342921477,25.178543330746855,71.04225819741218,61.60552091907908,71.95780541940256,71.7122766426871,59.3229479897571,52.83211363083768,/home/hongsheng/dec_con_asf/results/v1_best_checkpoint_full_comparison_260813.json,/home/hongsheng/K-Radar-main/results/official_asf_v1_exp250303/summary_conf0.3.json,
dec_con_asf,3D-LRF,dec_con_asf,paper_or_compiled_json,,all,paper-reported,sed,,,,,73.6,45.2,84.0,74.8,69.4,60.0,/home/hongsheng/dec_con_asf/results/v1_best_checkpoint_full_comparison_260813.json,L4DR arXiv v6 Table 9 reproduces/collects 3D-LRF paper-reported K-Radar v1.0 values.,
dec_con_asf,3D-LRF,dec_con_asf,paper_or_compiled_json,,normal,paper-reported,sed,,,,,72.3,45.3,83.7,81.2,70.625,63.25,/home/hongsheng/dec_con_asf/results/v1_best_checkpoint_full_comparison_260813.json,L4DR arXiv v6 Table 9 reproduces/collects 3D-LRF paper-reported K-Radar v1.0 values.,
dec_con_asf,3D-LRF,dec_con_asf,paper_or_compiled_json,,overcast,paper-reported,sed,,,,,88.4,55.8,89.2,87.2,80.15,71.5,/home/hongsheng/dec_con_asf/results/v1_best_checkpoint_full_comparison_260813.json,L4DR arXiv v6 Table 9 reproduces/collects 3D-LRF paper-reported K-Radar v1.0 values.,
dec_con_asf,3D-LRF,dec_con_asf,paper_or_compiled_json,,fog,paper-reported,sed,,,,,86.6,51.8,95.4,86.1,79.975,68.94999999999999,/home/hongsheng/dec_con_asf/results/v1_best_checkpoint_full_comparison_260813.json,L4DR arXiv v6 Table 9 reproduces/collects 3D-LRF paper-reported K-Radar v1.0 values.,
dec_con_asf,3D-LRF,dec_con_asf,paper_or_compiled_json,,rain,paper-reported,sed,,,,,76.6,38.3,78.3,73.8,66.75,56.05,/home/hongsheng/dec_con_asf/results/v1_best_checkpoint_full_comparison_260813.json,L4DR arXiv v6 Table 9 reproduces/collects 3D-LRF paper-reported K-Radar v1.0 values.,
dec_con_asf,3D-LRF,dec_con_asf,paper_or_compiled_json,,sleet,paper-reported,sed,,,,,47.5,23.4,60.7,49.5,45.275,36.45,/home/hongsheng/dec_con_asf/results/v1_best_checkpoint_full_comparison_260813.json,L4DR arXiv v6 Table 9 reproduces/collects 3D-LRF paper-reported K-Radar v1.0 values.,
dec_con_asf,3D-LRF,dec_con_asf,paper_or_compiled_json,,lightsnow,paper-reported,sed,,,,,79.6,60.2,88.9,87.9,79.15,74.05000000000001,/home/hongsheng/dec_con_asf/results/v1_best_checkpoint_full_comparison_260813.json,L4DR arXiv v6 Table 9 reproduces/collects 3D-LRF paper-reported K-Radar v1.0 values.,
dec_con_asf,3D-LRF,dec_con_asf,paper_or_compiled_json,,heavysnow,paper-reported,sed,,,,,64.1,36.9,74.9,67.2,60.775,52.05,/home/hongsheng/dec_con_asf/results/v1_best_checkpoint_full_comparison_260813.json,L4DR arXiv v6 Table 9 reproduces/collects 3D-LRF paper-reported K-Radar v1.0 values.,
dec_con_asf,L4DR,dec_con_asf,paper_or_compiled_json,,all,paper-reported,sed,,,,,77.5,53.5,79.5,78.0,72.125,65.75,/home/hongsheng/dec_con_asf/results/v1_best_checkpoint_full_comparison_260813.json,L4DR arXiv v6 Table 1 reports IoU=0.5; Table 9 additionally reports IoU=0.3 with v1.0 labels.,
dec_con_asf,L4DR,dec_con_asf,paper_or_compiled_json,,normal,paper-reported,sed,,,,,76.8,53.0,86.0,77.7,73.375,65.35,/home/hongsheng/dec_con_asf/results/v1_best_checkpoint_full_comparison_260813.json,L4DR arXiv v6 Table 1 reports IoU=0.5; Table 9 additionally reports IoU=0.3 with v1.0 labels.,
dec_con_asf,L4DR,dec_con_asf,paper_or_compiled_json,,overcast,paper-reported,sed,,,,,88.6,64.1,89.6,80.0,80.57499999999999,72.05,/home/hongsheng/dec_con_asf/results/v1_best_checkpoint_full_comparison_260813.json,L4DR arXiv v6 Table 1 reports IoU=0.5; Table 9 additionally reports IoU=0.3 with v1.0 labels.,
dec_con_asf,L4DR,dec_con_asf,paper_or_compiled_json,,fog,paper-reported,sed,,,,,89.7,73.2,89.9,88.6,85.35,80.9,/home/hongsheng/dec_con_asf/results/v1_best_checkpoint_full_comparison_260813.json,L4DR arXiv v6 Table 1 reports IoU=0.5; Table 9 additionally reports IoU=0.3 with v1.0 labels.,
dec_con_asf,L4DR,dec_con_asf,paper_or_compiled_json,,rain,paper-reported,sed,,,,,78.2,53.8,81.1,79.2,73.075,66.5,/home/hongsheng/dec_con_asf/results/v1_best_checkpoint_full_comparison_260813.json,L4DR arXiv v6 Table 1 reports IoU=0.5; Table 9 additionally reports IoU=0.3 with v1.0 labels.,
dec_con_asf,L4DR,dec_con_asf,paper_or_compiled_json,,sleet,paper-reported,sed,,,,,59.3,46.2,62.3,60.1,56.975,53.150000000000006,/home/hongsheng/dec_con_asf/results/v1_best_checkpoint_full_comparison_260813.json,L4DR arXiv v6 Table 1 reports IoU=0.5; Table 9 additionally reports IoU=0.3 with v1.0 labels.,
dec_con_asf,L4DR,dec_con_asf,paper_or_compiled_json,,lightsnow,paper-reported,sed,,,,,80.9,52.4,89.1,78.9,75.325,65.65,/home/hongsheng/dec_con_asf/results/v1_best_checkpoint_full_comparison_260813.json,L4DR arXiv v6 Table 1 reports IoU=0.5; Table 9 additionally reports IoU=0.3 with v1.0 labels.,
dec_con_asf,L4DR,dec_con_asf,paper_or_compiled_json,,heavysnow,paper-reported,sed,,,,,53.8,37.0,61.3,51.9,51.0,44.45,/home/hongsheng/dec_con_asf/results/v1_best_checkpoint_full_comparison_260813.json,L4DR arXiv v6 Table 1 reports IoU=0.5; Table 9 additionally reports IoU=0.3 with v1.0 labels.,
dec_con_asf,Balanced final model10 conf0.0,dec_con_asf,paper_or_compiled_json,,all,0.0,sed,,,63.39200313499607,19.647517350211327,87.33365492831572,73.39356092240784,88.72869351526946,87.76152607891187,70.04282598835205,60.26753478384368,/home/hongsheng/dec_con_asf/results/v1_best_checkpoint_full_comparison_260813.json,/home/hongsheng/dec_con_asf/results/exp_260810_221300_TaskDecControlBalanced_v1_final/summary_conf0.0.json,
dec_con_asf,Balanced final model10 conf0.0,dec_con_asf,paper_or_compiled_json,,normal,0.0,sed,,,58.50534231242867,16.124077897543653,86.492536503603,64.70275691738814,88.40494308365358,87.31272273795769,66.92372990876245,56.04651918429649,/home/hongsheng/dec_con_asf/results/v1_best_checkpoint_full_comparison_260813.json,/home/hongsheng/dec_con_asf/results/exp_260810_221300_TaskDecControlBalanced_v1_final/summary_conf0.0.json,
dec_con_asf,Balanced final model10 conf0.0,dec_con_asf,paper_or_compiled_json,,overcast,0.0,sed,,,72.84690761910791,16.401334326521358,90.35421245436109,78.68970997112018,90.41936357545531,90.37861542858624,73.18169056252535,61.823219908742594,/home/hongsheng/dec_con_asf/results/v1_best_checkpoint_full_comparison_260813.json,/home/hongsheng/dec_con_asf/results/exp_260810_221300_TaskDecControlBalanced_v1_final/summary_conf0.0.json,
dec_con_asf,Balanced final model10 conf0.0,dec_con_asf,paper_or_compiled_json,,fog,0.0,sed,,,77.77310842049624,43.85017553673657,98.92949701904875,79.84026865214375,99.06953031027636,90.68295341846849,81.69092222619503,71.4577992024496,/home/hongsheng/dec_con_asf/results/v1_best_checkpoint_full_comparison_260813.json,/home/hongsheng/dec_con_asf/results/exp_260810_221300_TaskDecControlBalanced_v1_final/summary_conf0.0.json,
dec_con_asf,Balanced final model10 conf0.0,dec_con_asf,paper_or_compiled_json,,rain,0.0,sed,,,73.89236705792354,19.785634834102613,88.30023926544278,74.10396728850213,88.6464287460193,87.98914563061511,72.11963047043425,60.62624925107329,/home/hongsheng/dec_con_asf/results/v1_best_checkpoint_full_comparison_260813.json,/home/hongsheng/dec_con_asf/results/exp_260810_221300_TaskDecControlBalanced_v1_final/summary_conf0.0.json,
dec_con_asf,Balanced final model10 conf0.0,dec_con_asf,paper_or_compiled_json,,sleet,0.0,sed,,,56.52993294429314,18.073526405189448,79.60008779379696,67.74532465643308,80.7876381117494,80.56035123707423,63.88281019142271,55.45973409956559,/home/hongsheng/dec_con_asf/results/v1_best_checkpoint_full_comparison_260813.json,/home/hongsheng/dec_con_asf/results/exp_260810_221300_TaskDecControlBalanced_v1_final/summary_conf0.0.json,
dec_con_asf,Balanced final model10 conf0.0,dec_con_asf,paper_or_compiled_json,,lightsnow,0.0,sed,,,73.99415752610102,34.92080882925328,88.75238715702864,78.23852349977638,89.50638792521394,89.22219616820387,75.77241018426285,67.46050949907784,/home/hongsheng/dec_con_asf/results/v1_best_checkpoint_full_comparison_260813.json,/home/hongsheng/dec_con_asf/results/exp_260810_221300_TaskDecControlBalanced_v1_final/summary_conf0.0.json,
dec_con_asf,Balanced final model10 conf0.0,dec_con_asf,paper_or_compiled_json,,heavysnow,0.0,sed,,,56.74827997961533,31.88656694724703,70.9919680704139,66.9533306289969,78.67269814694153,77.79070395122912,63.8405912874073,58.876867175824344,/home/hongsheng/dec_con_asf/results/v1_best_checkpoint_full_comparison_260813.json,/home/hongsheng/dec_con_asf/results/exp_260810_221300_TaskDecControlBalanced_v1_final/summary_conf0.0.json,
dec_con_asf,Balanced final model10 conf0.3,dec_con_asf,paper_or_compiled_json,,all,0.3,sed,,,63.39200313499607,19.647517350211327,80.48399601452854,67.44712259119997,80.92657798314836,80.59120185885928,65.41473648882392,55.89528060009019,/home/hongsheng/dec_con_asf/results/v1_best_checkpoint_full_comparison_260813.json,/home/hongsheng/dec_con_asf/results/exp_260810_221300_TaskDecControlBalanced_v1_final/summary_conf0.3.json,
dec_con_asf,Balanced final model10 conf0.3,dec_con_asf,paper_or_compiled_json,,normal,0.3,sed,,,53.391655394310746,16.124077897543653,79.8711127276281,64.70275691738814,88.71086134198003,80.07262045420845,63.812180788843186,53.63315175638008,/home/hongsheng/dec_con_asf/results/v1_best_checkpoint_full_comparison_260813.json,/home/hongsheng/dec_con_asf/results/exp_260810_221300_TaskDecControlBalanced_v1_final/summary_conf0.3.json,
dec_con_asf,Balanced final model10 conf0.3,dec_con_asf,paper_or_compiled_json,,overcast,0.3,sed,,,66.01002022666496,16.401334326521358,90.35421245436109,78.68970997112018,90.41936357545531,90.37861542858624,72.04220933045153,61.823219908742594,/home/hongsheng/dec_con_asf/results/v1_best_checkpoint_full_comparison_260813.json,/home/hongsheng/dec_con_asf/results/exp_260810_221300_TaskDecControlBalanced_v1_final/summary_conf0.3.json,
dec_con_asf,Balanced final model10 conf0.3,dec_con_asf,paper_or_compiled_json,,fog,0.3,sed,,,77.77310842049624,43.85017553673657,90.76550414917352,79.84026865214375,90.8342361926293,90.68295341846849,78.95770772827466,71.4577992024496,/home/hongsheng/dec_con_asf/results/v1_best_checkpoint_full_comparison_260813.json,/home/hongsheng/dec_con_asf/results/exp_260810_221300_TaskDecControlBalanced_v1_final/summary_conf0.3.json,
dec_con_asf,Balanced final model10 conf0.3,dec_con_asf,paper_or_compiled_json,,rain,0.3,sed,,,67.56222688596219,19.785634834102613,80.89549447752043,67.81649742440707,81.0299633775204,80.65644510854582,66.29104368467642,56.08619245568517,/home/hongsheng/dec_con_asf/results/v1_best_checkpoint_full_comparison_260813.json,/home/hongsheng/dec_con_asf/results/exp_260810_221300_TaskDecControlBalanced_v1_final/summary_conf0.3.json,
dec_con_asf,Balanced final model10 conf0.3,dec_con_asf,paper_or_compiled_json,,sleet,0.3,sed,,,56.52993294429314,18.073526405189448,79.82018696935533,67.74532465643308,80.7876381117494,80.58065440302133,63.922877248340285,55.46650182154795,/home/hongsheng/dec_con_asf/results/v1_best_checkpoint_full_comparison_260813.json,/home/hongsheng/dec_con_asf/results/exp_260810_221300_TaskDecControlBalanced_v1_final/summary_conf0.3.json,
dec_con_asf,Balanced final model10 conf0.3,dec_con_asf,paper_or_compiled_json,,lightsnow,0.3,sed,,,68.06230485676733,34.92080882925328,80.95561450964087,78.23852349977638,89.60782753751228,89.49985616099322,73.54748923232388,67.55306283000762,/home/hongsheng/dec_con_asf/results/v1_best_checkpoint_full_comparison_260813.json,/home/hongsheng/dec_con_asf/results/exp_260810_221300_TaskDecControlBalanced_v1_final/summary_conf0.3.json,
dec_con_asf,Balanced final model10 conf0.3,dec_con_asf,paper_or_compiled_json,,heavysnow,0.3,sed,,,56.74827997961533,28.76986016455247,70.9919680704139,61.54744408734012,71.88205472051763,71.7028329533324,60.27373999596198,54.00671240174166,/home/hongsheng/dec_con_asf/results/v1_best_checkpoint_full_comparison_260813.json,/home/hongsheng/dec_con_asf/results/exp_260810_221300_TaskDecControlBalanced_v1_final/summary_conf0.3.json,
dec_con_asf,Balanced best-subset model2 conf0.0,dec_con_asf,paper_or_compiled_json,,all,0.0,sed,,,62.67,21.89,87.21,73.13,88.73,87.73,70.22666666666667,60.916666666666664,/home/hongsheng/dec_con_asf/results/v1_best_checkpoint_full_comparison_260813.json,/home/hongsheng/dec_con_asf/results/exp_260812_232646_TaskDecControlBalanced_v1_model2_full/summary_conf0.0.json,
dec_con_asf,Balanced best-subset model2 conf0.0,dec_con_asf,paper_or_compiled_json,,normal,0.0,sed,,,,,,,,,,,/home/hongsheng/dec_con_asf/results/v1_best_checkpoint_full_comparison_260813.json,/home/hongsheng/dec_con_asf/results/exp_260812_232646_TaskDecControlBalanced_v1_model2_full/summary_conf0.0.json,
dec_con_asf,Balanced best-subset model2 conf0.0,dec_con_asf,paper_or_compiled_json,,overcast,0.0,sed,,,,,,,,,,,/home/hongsheng/dec_con_asf/results/v1_best_checkpoint_full_comparison_260813.json,/home/hongsheng/dec_con_asf/results/exp_260812_232646_TaskDecControlBalanced_v1_model2_full/summary_conf0.0.json,
dec_con_asf,Balanced best-subset model2 conf0.0,dec_con_asf,paper_or_compiled_json,,fog,0.0,sed,,,,,,,,,,,/home/hongsheng/dec_con_asf/results/v1_best_checkpoint_full_comparison_260813.json,/home/hongsheng/dec_con_asf/results/exp_260812_232646_TaskDecControlBalanced_v1_model2_full/summary_conf0.0.json,
dec_con_asf,Balanced best-subset model2 conf0.0,dec_con_asf,paper_or_compiled_json,,rain,0.0,sed,,,,,,,,,,,/home/hongsheng/dec_con_asf/results/v1_best_checkpoint_full_comparison_260813.json,/home/hongsheng/dec_con_asf/results/exp_260812_232646_TaskDecControlBalanced_v1_model2_full/summary_conf0.0.json,
dec_con_asf,Balanced best-subset model2 conf0.0,dec_con_asf,paper_or_compiled_json,,sleet,0.0,sed,,,,,,,,,,,/home/hongsheng/dec_con_asf/results/v1_best_checkpoint_full_comparison_260813.json,/home/hongsheng/dec_con_asf/results/exp_260812_232646_TaskDecControlBalanced_v1_model2_full/summary_conf0.0.json,
dec_con_asf,Balanced best-subset model2 conf0.0,dec_con_asf,paper_or_compiled_json,,lightsnow,0.0,sed,,,,,,,,,,,/home/hongsheng/dec_con_asf/results/v1_best_checkpoint_full_comparison_260813.json,/home/hongsheng/dec_con_asf/results/exp_260812_232646_TaskDecControlBalanced_v1_model2_full/summary_conf0.0.json,
dec_con_asf,Balanced best-subset model2 conf0.0,dec_con_asf,paper_or_compiled_json,,heavysnow,0.0,sed,,,,,,,,,,,/home/hongsheng/dec_con_asf/results/v1_best_checkpoint_full_comparison_260813.json,/home/hongsheng/dec_con_asf/results/exp_260812_232646_TaskDecControlBalanced_v1_model2_full/summary_conf0.0.json,
dec_con_asf,Balanced best-subset model2 conf0.3,dec_con_asf,paper_or_compiled_json,,all,0.3,sed,,,62.69029290276765,21.897254577063126,80.37988453218126,67.57076206277459,89.01024720092134,80.37174196903251,66.98669720745674,56.61325286962341,/home/hongsheng/dec_con_asf/results/v1_best_checkpoint_full_comparison_260813.json,/home/hongsheng/dec_con_asf/results/exp_260812_232646_TaskDecControlBalanced_v1_model2_full/summary_conf0.3.json,
dec_con_asf,Balanced best-subset model2 conf0.3,dec_con_asf,paper_or_compiled_json,,normal,0.3,sed,,,59.427077855485344,20.173894410214217,87.6795026784588,65.86350690689636,88.39024393531359,87.71111836831149,68.2075573591133,57.91617322847403,/home/hongsheng/dec_con_asf/results/v1_best_checkpoint_full_comparison_260813.json,/home/hongsheng/dec_con_asf/results/exp_260812_232646_TaskDecControlBalanced_v1_model2_full/summary_conf0.3.json,
dec_con_asf,Balanced best-subset model2 conf0.3,dec_con_asf,paper_or_compiled_json,,overcast,0.3,sed,,,74.73930519325278,22.402904666311603,90.38540866758615,79.71911240872718,90.43872482969762,90.39565534737555,74.68018518549182,64.17255747413812,/home/hongsheng/dec_con_asf/results/v1_best_checkpoint_full_comparison_260813.json,/home/hongsheng/dec_con_asf/results/exp_260812_232646_TaskDecControlBalanced_v1_model2_full/summary_conf0.3.json,
dec_con_asf,Balanced best-subset model2 conf0.3,dec_con_asf,paper_or_compiled_json,,fog,0.3,sed,,,76.99363809570782,38.549290741975945,90.78933292890267,79.75104317745621,90.85805373487162,90.73416667797358,77.94592089281464,69.67816686580191,/home/hongsheng/dec_con_asf/results/v1_best_checkpoint_full_comparison_260813.json,/home/hongsheng/dec_con_asf/results/exp_260812_232646_TaskDecControlBalanced_v1_model2_full/summary_conf0.3.json,
dec_con_asf,Balanced best-subset model2 conf0.3,dec_con_asf,paper_or_compiled_json,,rain,0.3,sed,,,67.11714058379862,22.35173222027861,81.05192751393831,68.57289893551538,89.47166984887444,80.86113359262079,68.23775044917103,57.26192158280492,/home/hongsheng/dec_con_asf/results/v1_best_checkpoint_full_comparison_260813.json,/home/hongsheng/dec_con_asf/results/exp_260812_232646_TaskDecControlBalanced_v1_model2_full/summary_conf0.3.json,
dec_con_asf,Balanced best-subset model2 conf0.3,dec_con_asf,paper_or_compiled_json,,sleet,0.3,sed,,,46.841360241090854,11.069284429892638,71.08213281789017,59.63065220882782,80.61420993827426,80.38813512925948,58.27096246087254,50.36269058932664,/home/hongsheng/dec_con_asf/results/v1_best_checkpoint_full_comparison_260813.json,/home/hongsheng/dec_con_asf/results/exp_260812_232646_TaskDecControlBalanced_v1_model2_full/summary_conf0.3.json,
dec_con_asf,Balanced best-subset model2 conf0.3,dec_con_asf,paper_or_compiled_json,,lightsnow,0.3,sed,,,67.27739560428654,29.35435379891879,89.19434646826917,78.47678088830733,89.63389334969456,89.5270124053943,73.91063041914511,65.78604903087347,/home/hongsheng/dec_con_asf/results/v1_best_checkpoint_full_comparison_260813.json,/home/hongsheng/dec_con_asf/results/exp_260812_232646_TaskDecControlBalanced_v1_model2_full/summary_conf0.3.json,
dec_con_asf,Balanced best-subset model2 conf0.3,dec_con_asf,paper_or_compiled_json,,heavysnow,0.3,sed,,,55.081623066808824,26.313187329749294,71.06430001337208,61.30944924524443,71.84711573566996,71.61680906937666,59.538747410036876,53.07981521479013,/home/hongsheng/dec_con_asf/results/v1_best_checkpoint_full_comparison_260813.json,/home/hongsheng/dec_con_asf/results/exp_260812_232646_TaskDecControlBalanced_v1_model2_full/summary_conf0.3.json,
dec_con_asf,Robust final model10 conf0.0,dec_con_asf,paper_or_compiled_json,,all,0.0,sed,,,62.33962398170383,22.315618443567757,86.92891004919485,72.83167422845338,88.56975182254284,87.21060719584646,70.03269762021819,60.78596662262254,/home/hongsheng/dec_con_asf/results/v1_best_checkpoint_full_comparison_260813.json,/home/hongsheng/dec_con_asf/results/exp_260810_221258_TaskDecControlRobust_v1_final/summary_conf0.0.json,
dec_con_asf,Robust final model10 conf0.0,dec_con_asf,paper_or_compiled_json,,normal,0.0,sed,,,58.96029527284941,15.688133439849535,86.43459706377541,65.76081821177836,88.36330101400296,86.9487589175721,67.02598398663797,56.132570189733336,/home/hongsheng/dec_con_asf/results/v1_best_checkpoint_full_comparison_260813.json,/home/hongsheng/dec_con_asf/results/exp_260810_221258_TaskDecControlRobust_v1_final/summary_conf0.0.json,
dec_con_asf,Robust final model10 conf0.0,dec_con_asf,paper_or_compiled_json,,overcast,0.0,sed,,,74.2154710911256,20.40279861204626,90.04798045498774,78.68341851241767,90.18635679363346,89.74852933530772,73.88075913325308,62.94491548659055,/home/hongsheng/dec_con_asf/results/v1_best_checkpoint_full_comparison_260813.json,/home/hongsheng/dec_con_asf/results/exp_260810_221258_TaskDecControlRobust_v1_final/summary_conf0.0.json,
dec_con_asf,Robust final model10 conf0.0,dec_con_asf,paper_or_compiled_json,,fog,0.0,sed,,,76.40692229927647,42.53046676742916,90.69374271122498,79.28605237992812,98.60430738151061,90.75099743832304,79.71208149628207,70.85583886189345,/home/hongsheng/dec_con_asf/results/v1_best_checkpoint_full_comparison_260813.json,/home/hongsheng/dec_con_asf/results/exp_260810_221258_TaskDecControlRobust_v1_final/summary_conf0.0.json,
dec_con_asf,Robust final model10 conf0.0,dec_con_asf,paper_or_compiled_json,,rain,0.0,sed,,,72.6163079560794,21.42595189783208,88.35174417930287,73.1570678812244,88.65700629354936,87.86948692339323,72.01292752189688,60.817502234149906,/home/hongsheng/dec_con_asf/results/v1_best_checkpoint_full_comparison_260813.json,/home/hongsheng/dec_con_asf/results/exp_260810_221258_TaskDecControlRobust_v1_final/summary_conf0.0.json,
dec_con_asf,Robust final model10 conf0.0,dec_con_asf,paper_or_compiled_json,,sleet,0.0,sed,,,49.402003982186734,21.159396911524748,78.63484241418081,66.49584308252211,86.81878875175381,80.5035342679457,63.83573490168565,56.05292475399752,/home/hongsheng/dec_con_asf/results/v1_best_checkpoint_full_comparison_260813.json,/home/hongsheng/dec_con_asf/results/exp_260810_221258_TaskDecControlRobust_v1_final/summary_conf0.0.json,
dec_con_asf,Robust final model10 conf0.0,dec_con_asf,paper_or_compiled_json,,lightsnow,0.0,sed,,,64.67399198932364,31.932724826306725,88.62885838734591,77.60568309957843,89.20373696074829,89.04356562993952,73.51476014887375,66.1939911852749,/home/hongsheng/dec_con_asf/results/v1_best_checkpoint_full_comparison_260813.json,/home/hongsheng/dec_con_asf/results/exp_260810_221258_TaskDecControlRobust_v1_final/summary_conf0.0.json,
dec_con_asf,Robust final model10 conf0.0,dec_con_asf,paper_or_compiled_json,,heavysnow,0.0,sed,,,52.78754477332269,25.371380995671377,71.38054580512897,66.4774361685321,78.49185226526939,77.25079097007779,61.959925163000385,56.366536044760416,/home/hongsheng/dec_con_asf/results/v1_best_checkpoint_full_comparison_260813.json,/home/hongsheng/dec_con_asf/results/exp_260810_221258_TaskDecControlRobust_v1_final/summary_conf0.0.json,
dec_con_asf,Robust final model10 conf0.3,dec_con_asf,paper_or_compiled_json,,all,0.3,sed,,,62.33962398170383,22.315618443567757,80.42524501100696,67.20669584968023,80.87225044046366,80.42498136197386,65.59740251473272,56.64909855174062,/home/hongsheng/dec_con_asf/results/v1_best_checkpoint_full_comparison_260813.json,/home/hongsheng/dec_con_asf/results/exp_260810_221258_TaskDecControlRobust_v1_final/summary_conf0.3.json,
dec_con_asf,Robust final model10 conf0.3,dec_con_asf,paper_or_compiled_json,,normal,0.3,sed,,,60.042134445858494,15.688133439849535,79.9374733327758,65.76081821177836,88.65530532640709,79.88674808072685,64.99510213956601,53.77856657745158,/home/hongsheng/dec_con_asf/results/v1_best_checkpoint_full_comparison_260813.json,/home/hongsheng/dec_con_asf/results/exp_260810_221258_TaskDecControlRobust_v1_final/summary_conf0.3.json,
dec_con_asf,Robust final model10 conf0.3,dec_con_asf,paper_or_compiled_json,,overcast,0.3,sed,,,74.2154710911256,20.99100436877488,90.16031796446907,78.68341851241767,90.21441087224402,89.88532085062437,74.0249906099426,63.186581243938974,/home/hongsheng/dec_con_asf/results/v1_best_checkpoint_full_comparison_260813.json,/home/hongsheng/dec_con_asf/results/exp_260810_221258_TaskDecControlRobust_v1_final/summary_conf0.3.json,
dec_con_asf,Robust final model10 conf0.3,dec_con_asf,paper_or_compiled_json,,fog,0.3,sed,,,76.40692229927647,42.53046676742916,90.69374271122498,79.28605237992812,90.81852880365282,90.75099743832304,78.41445173330577,70.85583886189345,/home/hongsheng/dec_con_asf/results/v1_best_checkpoint_full_comparison_260813.json,/home/hongsheng/dec_con_asf/results/exp_260810_221258_TaskDecControlRobust_v1_final/summary_conf0.3.json,
dec_con_asf,Robust final model10 conf0.3,dec_con_asf,paper_or_compiled_json,,rain,0.3,sed,,,66.40056692805169,21.42595189783208,80.88977847053688,67.06543482713401,80.98189452007692,80.72001908442978,66.24727428801022,56.40380193646529,/home/hongsheng/dec_con_asf/results/v1_best_checkpoint_full_comparison_260813.json,/home/hongsheng/dec_con_asf/results/exp_260810_221258_TaskDecControlRobust_v1_final/summary_conf0.3.json,
dec_con_asf,Robust final model10 conf0.3,dec_con_asf,paper_or_compiled_json,,sleet,0.3,sed,,,44.517817905665666,21.159396911524748,71.33609982132056,66.85929821151977,80.8088082787662,80.5035342679457,60.864159232790435,56.174076463663404,/home/hongsheng/dec_con_asf/results/v1_best_checkpoint_full_comparison_260813.json,/home/hongsheng/dec_con_asf/results/exp_260810_221258_TaskDecControlRobust_v1_final/summary_conf0.3.json,
dec_con_asf,Robust final model10 conf0.3,dec_con_asf,paper_or_compiled_json,,lightsnow,0.3,sed,,,64.67399198932364,31.932724826306725,88.9251409228941,77.63634856127837,89.287267447787,89.24490533645937,73.61672984734153,66.27132624134815,/home/hongsheng/dec_con_asf/results/v1_best_checkpoint_full_comparison_260813.json,/home/hongsheng/dec_con_asf/results/exp_260810_221258_TaskDecControlRobust_v1_final/summary_conf0.3.json,
dec_con_asf,Robust final model10 conf0.3,dec_con_asf,paper_or_compiled_json,,heavysnow,0.3,sed,,,52.89977436501817,25.371380995671377,71.38054580512897,61.71096655144736,71.9438985008208,71.78133365527776,59.18131664556074,52.95456040079883,/home/hongsheng/dec_con_asf/results/v1_best_checkpoint_full_comparison_260813.json,/home/hongsheng/dec_con_asf/results/exp_260810_221258_TaskDecControlRobust_v1_final/summary_conf0.3.json,
dec_con_asf,Robust best-subset model0 conf0.0,dec_con_asf,paper_or_compiled_json,,all,0.0,sed,,,62.63,22.02,87.18,72.83,88.84,88.06,70.26,60.97,/home/hongsheng/dec_con_asf/results/v1_best_checkpoint_full_comparison_260813.json,/home/hongsheng/dec_con_asf/results/exp_260812_232650_TaskDecControlRobust_v1_model0_full/summary_conf0.0.json,
dec_con_asf,Robust best-subset model0 conf0.0,dec_con_asf,paper_or_compiled_json,,normal,0.0,sed,,,,,,,,,,,/home/hongsheng/dec_con_asf/results/v1_best_checkpoint_full_comparison_260813.json,/home/hongsheng/dec_con_asf/results/exp_260812_232650_TaskDecControlRobust_v1_model0_full/summary_conf0.0.json,
dec_con_asf,Robust best-subset model0 conf0.0,dec_con_asf,paper_or_compiled_json,,overcast,0.0,sed,,,,,,,,,,,/home/hongsheng/dec_con_asf/results/v1_best_checkpoint_full_comparison_260813.json,/home/hongsheng/dec_con_asf/results/exp_260812_232650_TaskDecControlRobust_v1_model0_full/summary_conf0.0.json,
dec_con_asf,Robust best-subset model0 conf0.0,dec_con_asf,paper_or_compiled_json,,fog,0.0,sed,,,,,,,,,,,/home/hongsheng/dec_con_asf/results/v1_best_checkpoint_full_comparison_260813.json,/home/hongsheng/dec_con_asf/results/exp_260812_232650_TaskDecControlRobust_v1_model0_full/summary_conf0.0.json,
dec_con_asf,Robust best-subset model0 conf0.0,dec_con_asf,paper_or_compiled_json,,rain,0.0,sed,,,,,,,,,,,/home/hongsheng/dec_con_asf/results/v1_best_checkpoint_full_comparison_260813.json,/home/hongsheng/dec_con_asf/results/exp_260812_232650_TaskDecControlRobust_v1_model0_full/summary_conf0.0.json,
dec_con_asf,Robust best-subset model0 conf0.0,dec_con_asf,paper_or_compiled_json,,sleet,0.0,sed,,,,,,,,,,,/home/hongsheng/dec_con_asf/results/v1_best_checkpoint_full_comparison_260813.json,/home/hongsheng/dec_con_asf/results/exp_260812_232650_TaskDecControlRobust_v1_model0_full/summary_conf0.0.json,
dec_con_asf,Robust best-subset model0 conf0.0,dec_con_asf,paper_or_compiled_json,,lightsnow,0.0,sed,,,,,,,,,,,/home/hongsheng/dec_con_asf/results/v1_best_checkpoint_full_comparison_260813.json,/home/hongsheng/dec_con_asf/results/exp_260812_232650_TaskDecControlRobust_v1_model0_full/summary_conf0.0.json,
dec_con_asf,Robust best-subset model0 conf0.0,dec_con_asf,paper_or_compiled_json,,heavysnow,0.0,sed,,,,,,,,,,,/home/hongsheng/dec_con_asf/results/v1_best_checkpoint_full_comparison_260813.json,/home/hongsheng/dec_con_asf/results/exp_260812_232650_TaskDecControlRobust_v1_model0_full/summary_conf0.0.json,
dec_con_asf,Robust best-subset model0 conf0.3,dec_con_asf,paper_or_compiled_json,,all,0.3,sed,,,62.63218901253204,22.03903704773203,88.09529078343822,67.50133716157292,88.83900978912645,88.3550327583966,69.5769827587997,59.29846898923385,/home/hongsheng/dec_con_asf/results/v1_best_checkpoint_full_comparison_260813.json,/home/hongsheng/dec_con_asf/results/exp_260812_232650_TaskDecControlRobust_v1_model0_full/summary_conf0.3.json,
dec_con_asf,Robust best-subset model0 conf0.3,dec_con_asf,paper_or_compiled_json,,normal,0.3,sed,,,59.79808546209162,19.604859073381263,87.41123162707677,65.97723051883972,88.4375712282835,87.65539884985746,68.14739612658839,57.74582948069281,/home/hongsheng/dec_con_asf/results/v1_best_checkpoint_full_comparison_260813.json,/home/hongsheng/dec_con_asf/results/exp_260812_232650_TaskDecControlRobust_v1_model0_full/summary_conf0.3.json,
dec_con_asf,Robust best-subset model0 conf0.3,dec_con_asf,paper_or_compiled_json,,overcast,0.3,sed,,,77.35628302996332,21.77138322318573,90.3015879855536,80.25773146564315,90.4699111939411,90.39432783843246,75.09187078945322,64.1411475090871,/home/hongsheng/dec_con_asf/results/v1_best_checkpoint_full_comparison_260813.json,/home/hongsheng/dec_con_asf/results/exp_260812_232650_TaskDecControlRobust_v1_model0_full/summary_conf0.3.json,
dec_con_asf,Robust best-subset model0 conf0.3,dec_con_asf,paper_or_compiled_json,,fog,0.3,sed,,,75.17196200699486,45.794335619156826,90.53624949204479,79.71176357954283,99.51158259309348,90.56892353767093,80.21580280475062,72.0250075787902,/home/hongsheng/dec_con_asf/results/v1_best_checkpoint_full_comparison_260813.json,/home/hongsheng/dec_con_asf/results/exp_260812_232650_TaskDecControlRobust_v1_model0_full/summary_conf0.3.json,
dec_con_asf,Robust best-subset model0 conf0.3,dec_con_asf,paper_or_compiled_json,,rain,0.3,sed,,,74.47676771145495,22.91362243642364,89.02004578493181,74.91708502358271,89.21788550450273,88.9019739212651,73.2412300636935,62.24422712709048,/home/hongsheng/dec_con_asf/results/v1_best_checkpoint_full_comparison_260813.json,/home/hongsheng/dec_con_asf/results/exp_260812_232650_TaskDecControlRobust_v1_model0_full/summary_conf0.3.json,
dec_con_asf,Robust best-subset model0 conf0.3,dec_con_asf,paper_or_compiled_json,,sleet,0.3,sed,,,40.56437779052086,14.13712184505305,70.23603736289522,57.600717927169185,80.72284431039658,80.42276635615676,57.280644265365275,50.720202042793,/home/hongsheng/dec_con_asf/results/v1_best_checkpoint_full_comparison_260813.json,/home/hongsheng/dec_con_asf/results/exp_260812_232650_TaskDecControlRobust_v1_model0_full/summary_conf0.3.json,
dec_con_asf,Robust best-subset model0 conf0.3,dec_con_asf,paper_or_compiled_json,,lightsnow,0.3,sed,,,73.45002384563155,26.094193400018263,88.88502243840489,78.33347321392812,89.50108104794876,89.27724164077124,74.25683926445048,64.56830275157255,/home/hongsheng/dec_con_asf/results/v1_best_checkpoint_full_comparison_260813.json,/home/hongsheng/dec_con_asf/results/exp_260812_232650_TaskDecControlRobust_v1_model0_full/summary_conf0.3.json,
dec_con_asf,Robust best-subset model0 conf0.3,dec_con_asf,paper_or_compiled_json,,heavysnow,0.3,sed,,,52.54527387427341,25.036021512201373,70.50563146756433,60.505984543857124,79.25705325726041,71.41417310832963,59.87735629391438,52.31872638812937,/home/hongsheng/dec_con_asf/results/v1_best_checkpoint_full_comparison_260813.json,/home/hongsheng/dec_con_asf/results/exp_260812_232650_TaskDecControlRobust_v1_model0_full/summary_conf0.3.json,
dec_con_asf,3D-LRF,dec_con_asf,paper_or_compiled_json,,all,paper-reported,sed,,,,,73.6,45.2,84.0,74.8,69.4,60.0,/home/hongsheng/dec_con_asf/results/v1_task_dec_published_comparison_260812.json,L4DR arXiv v6 Table 9 reproduces/collects 3D-LRF paper-reported K-Radar v1.0 values.,
dec_con_asf,3D-LRF,dec_con_asf,paper_or_compiled_json,,normal,paper-reported,sed,,,,,72.3,45.3,83.7,81.2,70.625,63.25,/home/hongsheng/dec_con_asf/results/v1_task_dec_published_comparison_260812.json,L4DR arXiv v6 Table 9 reproduces/collects 3D-LRF paper-reported K-Radar v1.0 values.,
dec_con_asf,3D-LRF,dec_con_asf,paper_or_compiled_json,,overcast,paper-reported,sed,,,,,88.4,55.8,89.2,87.2,80.15,71.5,/home/hongsheng/dec_con_asf/results/v1_task_dec_published_comparison_260812.json,L4DR arXiv v6 Table 9 reproduces/collects 3D-LRF paper-reported K-Radar v1.0 values.,
dec_con_asf,3D-LRF,dec_con_asf,paper_or_compiled_json,,fog,paper-reported,sed,,,,,86.6,51.8,95.4,86.1,79.975,68.94999999999999,/home/hongsheng/dec_con_asf/results/v1_task_dec_published_comparison_260812.json,L4DR arXiv v6 Table 9 reproduces/collects 3D-LRF paper-reported K-Radar v1.0 values.,
dec_con_asf,3D-LRF,dec_con_asf,paper_or_compiled_json,,rain,paper-reported,sed,,,,,76.6,38.3,78.3,73.8,66.75,56.05,/home/hongsheng/dec_con_asf/results/v1_task_dec_published_comparison_260812.json,L4DR arXiv v6 Table 9 reproduces/collects 3D-LRF paper-reported K-Radar v1.0 values.,
dec_con_asf,3D-LRF,dec_con_asf,paper_or_compiled_json,,sleet,paper-reported,sed,,,,,47.5,23.4,60.7,49.5,45.275,36.45,/home/hongsheng/dec_con_asf/results/v1_task_dec_published_comparison_260812.json,L4DR arXiv v6 Table 9 reproduces/collects 3D-LRF paper-reported K-Radar v1.0 values.,
dec_con_asf,3D-LRF,dec_con_asf,paper_or_compiled_json,,lightsnow,paper-reported,sed,,,,,79.6,60.2,88.9,87.9,79.15,74.05000000000001,/home/hongsheng/dec_con_asf/results/v1_task_dec_published_comparison_260812.json,L4DR arXiv v6 Table 9 reproduces/collects 3D-LRF paper-reported K-Radar v1.0 values.,
dec_con_asf,3D-LRF,dec_con_asf,paper_or_compiled_json,,heavysnow,paper-reported,sed,,,,,64.1,36.9,74.9,67.2,60.775,52.05,/home/hongsheng/dec_con_asf/results/v1_task_dec_published_comparison_260812.json,L4DR arXiv v6 Table 9 reproduces/collects 3D-LRF paper-reported K-Radar v1.0 values.,
dec_con_asf,L4DR,dec_con_asf,paper_or_compiled_json,,all,paper-reported,sed,,,,,77.5,53.5,79.5,78.0,72.125,65.75,/home/hongsheng/dec_con_asf/results/v1_task_dec_published_comparison_260812.json,L4DR arXiv v6 Table 1 reports IoU=0.5; Table 9 additionally reports IoU=0.3 with v1.0 labels.,
dec_con_asf,L4DR,dec_con_asf,paper_or_compiled_json,,normal,paper-reported,sed,,,,,76.8,53.0,86.0,77.7,73.375,65.35,/home/hongsheng/dec_con_asf/results/v1_task_dec_published_comparison_260812.json,L4DR arXiv v6 Table 1 reports IoU=0.5; Table 9 additionally reports IoU=0.3 with v1.0 labels.,
dec_con_asf,L4DR,dec_con_asf,paper_or_compiled_json,,overcast,paper-reported,sed,,,,,88.6,64.1,89.6,80.0,80.57499999999999,72.05,/home/hongsheng/dec_con_asf/results/v1_task_dec_published_comparison_260812.json,L4DR arXiv v6 Table 1 reports IoU=0.5; Table 9 additionally reports IoU=0.3 with v1.0 labels.,
dec_con_asf,L4DR,dec_con_asf,paper_or_compiled_json,,fog,paper-reported,sed,,,,,89.7,73.2,89.9,88.6,85.35,80.9,/home/hongsheng/dec_con_asf/results/v1_task_dec_published_comparison_260812.json,L4DR arXiv v6 Table 1 reports IoU=0.5; Table 9 additionally reports IoU=0.3 with v1.0 labels.,
dec_con_asf,L4DR,dec_con_asf,paper_or_compiled_json,,rain,paper-reported,sed,,,,,78.2,53.8,81.1,79.2,73.075,66.5,/home/hongsheng/dec_con_asf/results/v1_task_dec_published_comparison_260812.json,L4DR arXiv v6 Table 1 reports IoU=0.5; Table 9 additionally reports IoU=0.3 with v1.0 labels.,
dec_con_asf,L4DR,dec_con_asf,paper_or_compiled_json,,sleet,paper-reported,sed,,,,,59.3,46.2,62.3,60.1,56.975,53.150000000000006,/home/hongsheng/dec_con_asf/results/v1_task_dec_published_comparison_260812.json,L4DR arXiv v6 Table 1 reports IoU=0.5; Table 9 additionally reports IoU=0.3 with v1.0 labels.,
dec_con_asf,L4DR,dec_con_asf,paper_or_compiled_json,,lightsnow,paper-reported,sed,,,,,80.9,52.4,89.1,78.9,75.325,65.65,/home/hongsheng/dec_con_asf/results/v1_task_dec_published_comparison_260812.json,L4DR arXiv v6 Table 1 reports IoU=0.5; Table 9 additionally reports IoU=0.3 with v1.0 labels.,
dec_con_asf,L4DR,dec_con_asf,paper_or_compiled_json,,heavysnow,paper-reported,sed,,,,,53.8,37.0,61.3,51.9,51.0,44.45,/home/hongsheng/dec_con_asf/results/v1_task_dec_published_comparison_260812.json,L4DR arXiv v6 Table 1 reports IoU=0.5; Table 9 additionally reports IoU=0.3 with v1.0 labels.,
dec_con_asf,Official ASF v1 conf0.0,dec_con_asf,paper_or_compiled_json,,all,0.0,sed,,,62.85048640310437,18.84758961438235,86.97363480841175,72.94898680476535,88.5883041960715,87.33703837418055,69.59100670015265,59.71120493110942,/home/hongsheng/dec_con_asf/results/v1_task_dec_published_comparison_260812.json,/home/hongsheng/K-Radar-main/results/official_asf_v1_exp250303/summary_conf0.0.json,
dec_con_asf,Official ASF v1 conf0.0,dec_con_asf,paper_or_compiled_json,,normal,0.0,sed,,,59.06173574857784,15.795974143872582,86.20204082250152,64.5603772486291,88.13094859214166,86.6445628526008,66.73260656805392,55.66697141503416,/home/hongsheng/dec_con_asf/results/v1_task_dec_published_comparison_260812.json,/home/hongsheng/K-Radar-main/results/official_asf_v1_exp250303/summary_conf0.0.json,
dec_con_asf,Official ASF v1 conf0.0,dec_con_asf,paper_or_compiled_json,,overcast,0.0,sed,,,74.16483199910293,22.552071307541528,90.16184617958241,86.5960331643214,90.28186585558981,89.84655567574649,75.6005340303141,66.33155338253647,/home/hongsheng/dec_con_asf/results/v1_task_dec_published_comparison_260812.json,/home/hongsheng/K-Radar-main/results/official_asf_v1_exp250303/summary_conf0.0.json,
dec_con_asf,Official ASF v1 conf0.0,dec_con_asf,paper_or_compiled_json,,fog,0.0,sed,,,76.55290062711799,43.25743244587912,90.78421402379028,79.57211046681245,99.0162109213467,90.66654637117104,79.9749024760196,71.16536309462087,/home/hongsheng/dec_con_asf/results/v1_task_dec_published_comparison_260812.json,/home/hongsheng/K-Radar-main/results/official_asf_v1_exp250303/summary_conf0.0.json,
dec_con_asf,Official ASF v1 conf0.0,dec_con_asf,paper_or_compiled_json,,rain,0.0,sed,,,73.61846553298851,18.74537002933498,88.79637827076401,73.419865249958,89.08463163890161,88.56929248475605,72.03900053445052,60.24484258801633,/home/hongsheng/dec_con_asf/results/v1_task_dec_published_comparison_260812.json,/home/hongsheng/K-Radar-main/results/official_asf_v1_exp250303/summary_conf0.0.json,
dec_con_asf,Official ASF v1 conf0.0,dec_con_asf,paper_or_compiled_json,,sleet,0.0,sed,,,47.99360925923819,15.107044644717627,78.16373117877222,66.95759836202745,80.42912665415493,79.98992279410288,61.44017214883555,54.018188600282656,/home/hongsheng/dec_con_asf/results/v1_task_dec_published_comparison_260812.json,/home/hongsheng/K-Radar-main/results/official_asf_v1_exp250303/summary_conf0.0.json,
dec_con_asf,Official ASF v1 conf0.0,dec_con_asf,paper_or_compiled_json,,lightsnow,0.0,sed,,,65.81663944331072,30.326101483762567,88.57525610640785,77.60273933584095,89.42066047982527,88.81105166990709,73.42540808650908,65.5799641631702,/home/hongsheng/dec_con_asf/results/v1_task_dec_published_comparison_260812.json,/home/hongsheng/K-Radar-main/results/official_asf_v1_exp250303/summary_conf0.0.json,
dec_con_asf,Official ASF v1 conf0.0,dec_con_asf,paper_or_compiled_json,,heavysnow,0.0,sed,,,54.44128342921477,27.97967969438322,71.04225819741218,66.74188455544272,78.6813570970827,77.49636755177801,62.73047175421893,57.405977267201315,/home/hongsheng/dec_con_asf/results/v1_task_dec_published_comparison_260812.json,/home/hongsheng/K-Radar-main/results/official_asf_v1_exp250303/summary_conf0.0.json,
dec_con_asf,Official ASF v1 conf0.3,dec_con_asf,paper_or_compiled_json,,all,0.3,sed,,,62.85129838117256,18.84758961438235,80.32516486241366,67.19240527543302,80.77711184770162,80.31346659416178,65.05117276254417,55.451153827992385,/home/hongsheng/dec_con_asf/results/v1_task_dec_published_comparison_260812.json,/home/hongsheng/K-Radar-main/results/official_asf_v1_exp250303/summary_conf0.3.json,
dec_con_asf,Official ASF v1 conf0.3,dec_con_asf,paper_or_compiled_json,,normal,0.3,sed,,,60.16435836754243,15.795974143872582,79.62534879206498,64.5603772486291,88.4034376133066,79.5731859536377,64.6871136865089,53.30984578204646,/home/hongsheng/dec_con_asf/results/v1_task_dec_published_comparison_260812.json,/home/hongsheng/K-Radar-main/results/official_asf_v1_exp250303/summary_conf0.3.json,
dec_con_asf,Official ASF v1 conf0.3,dec_con_asf,paper_or_compiled_json,,overcast,0.3,sed,,,74.30001885094981,19.377896323277522,90.19451120701949,79.70949864620792,90.28023127909044,89.8871527518514,73.95821817639943,62.99151590711228,/home/hongsheng/dec_con_asf/results/v1_task_dec_published_comparison_260812.json,/home/hongsheng/K-Radar-main/results/official_asf_v1_exp250303/summary_conf0.3.json,
dec_con_asf,Official ASF v1 conf0.3,dec_con_asf,paper_or_compiled_json,,fog,0.3,sed,,,76.55290062711799,43.25743244587912,90.78421402379028,79.57211046681245,90.85619206787354,90.66654637117104,78.61489933377406,71.16536309462087,/home/hongsheng/dec_con_asf/results/v1_task_dec_published_comparison_260812.json,/home/hongsheng/K-Radar-main/results/official_asf_v1_exp250303/summary_conf0.3.json,
dec_con_asf,Official ASF v1 conf0.3,dec_con_asf,paper_or_compiled_json,,rain,0.3,sed,,,67.34027082579769,18.74537002933498,81.13078660616466,67.32876906053113,81.21803286089754,80.9678164699959,66.12184097545365,55.68065185328734,/home/hongsheng/dec_con_asf/results/v1_task_dec_published_comparison_260812.json,/home/hongsheng/K-Radar-main/results/official_asf_v1_exp250303/summary_conf0.3.json,
dec_con_asf,Official ASF v1 conf0.3,dec_con_asf,paper_or_compiled_json,,sleet,0.3,sed,,,43.25439319926741,15.486586685282655,71.04052079722204,67.27539219661544,80.48103706634372,80.20373178335663,59.623610288014646,54.32190355508491,/home/hongsheng/dec_con_asf/results/v1_task_dec_published_comparison_260812.json,/home/hongsheng/K-Radar-main/results/official_asf_v1_exp250303/summary_conf0.3.json,
dec_con_asf,Official ASF v1 conf0.3,dec_con_asf,paper_or_compiled_json,,lightsnow,0.3,sed,,,65.81663944331072,30.435196556787563,80.81937562325464,77.62886263782633,89.53227076158943,80.88897374782917,70.85355312843298,62.984344314147684,/home/hongsheng/dec_con_asf/results/v1_task_dec_published_comparison_260812.json,/home/hongsheng/K-Radar-main/results/official_asf_v1_exp250303/summary_conf0.3.json,
dec_con_asf,Official ASF v1 conf0.3,dec_con_asf,paper_or_compiled_json,,heavysnow,0.3,sed,,,54.44128342921477,25.178543330746855,71.04225819741218,61.60552091907908,71.95780541940256,71.7122766426871,59.3229479897571,52.83211363083768,/home/hongsheng/dec_con_asf/results/v1_task_dec_published_comparison_260812.json,/home/hongsheng/K-Radar-main/results/official_asf_v1_exp250303/summary_conf0.3.json,
dec_con_asf,TaskDec Balanced v1 conf0.0,dec_con_asf,paper_or_compiled_json,,all,0.0,sed,,,63.39200313499607,19.647517350211327,87.33365492831572,73.39356092240784,88.72869351526946,87.76152607891187,70.04282598835205,60.26753478384368,/home/hongsheng/dec_con_asf/results/v1_task_dec_published_comparison_260812.json,/home/hongsheng/dec_con_asf/results/exp_260810_221300_TaskDecControlBalanced_v1_final/summary_conf0.0.json,
dec_con_asf,TaskDec Balanced v1 conf0.0,dec_con_asf,paper_or_compiled_json,,normal,0.0,sed,,,58.50534231242867,16.124077897543653,86.492536503603,64.70275691738814,88.40494308365358,87.31272273795769,66.92372990876245,56.04651918429649,/home/hongsheng/dec_con_asf/results/v1_task_dec_published_comparison_260812.json,/home/hongsheng/dec_con_asf/results/exp_260810_221300_TaskDecControlBalanced_v1_final/summary_conf0.0.json,
dec_con_asf,TaskDec Balanced v1 conf0.0,dec_con_asf,paper_or_compiled_json,,overcast,0.0,sed,,,72.84690761910791,16.401334326521358,90.35421245436109,78.68970997112018,90.41936357545531,90.37861542858624,73.18169056252535,61.823219908742594,/home/hongsheng/dec_con_asf/results/v1_task_dec_published_comparison_260812.json,/home/hongsheng/dec_con_asf/results/exp_260810_221300_TaskDecControlBalanced_v1_final/summary_conf0.0.json,
dec_con_asf,TaskDec Balanced v1 conf0.0,dec_con_asf,paper_or_compiled_json,,fog,0.0,sed,,,77.77310842049624,43.85017553673657,98.92949701904875,79.84026865214375,99.06953031027636,90.68295341846849,81.69092222619503,71.4577992024496,/home/hongsheng/dec_con_asf/results/v1_task_dec_published_comparison_260812.json,/home/hongsheng/dec_con_asf/results/exp_260810_221300_TaskDecControlBalanced_v1_final/summary_conf0.0.json,
dec_con_asf,TaskDec Balanced v1 conf0.0,dec_con_asf,paper_or_compiled_json,,rain,0.0,sed,,,73.89236705792354,19.785634834102613,88.30023926544278,74.10396728850213,88.6464287460193,87.98914563061511,72.11963047043425,60.62624925107329,/home/hongsheng/dec_con_asf/results/v1_task_dec_published_comparison_260812.json,/home/hongsheng/dec_con_asf/results/exp_260810_221300_TaskDecControlBalanced_v1_final/summary_conf0.0.json,
dec_con_asf,TaskDec Balanced v1 conf0.0,dec_con_asf,paper_or_compiled_json,,sleet,0.0,sed,,,56.52993294429314,18.073526405189448,79.60008779379696,67.74532465643308,80.7876381117494,80.56035123707423,63.88281019142271,55.45973409956559,/home/hongsheng/dec_con_asf/results/v1_task_dec_published_comparison_260812.json,/home/hongsheng/dec_con_asf/results/exp_260810_221300_TaskDecControlBalanced_v1_final/summary_conf0.0.json,
dec_con_asf,TaskDec Balanced v1 conf0.0,dec_con_asf,paper_or_compiled_json,,lightsnow,0.0,sed,,,73.99415752610102,34.92080882925328,88.75238715702864,78.23852349977638,89.50638792521394,89.22219616820387,75.77241018426285,67.46050949907784,/home/hongsheng/dec_con_asf/results/v1_task_dec_published_comparison_260812.json,/home/hongsheng/dec_con_asf/results/exp_260810_221300_TaskDecControlBalanced_v1_final/summary_conf0.0.json,
dec_con_asf,TaskDec Balanced v1 conf0.0,dec_con_asf,paper_or_compiled_json,,heavysnow,0.0,sed,,,56.74827997961533,31.88656694724703,70.9919680704139,66.9533306289969,78.67269814694153,77.79070395122912,63.8405912874073,58.876867175824344,/home/hongsheng/dec_con_asf/results/v1_task_dec_published_comparison_260812.json,/home/hongsheng/dec_con_asf/results/exp_260810_221300_TaskDecControlBalanced_v1_final/summary_conf0.0.json,
dec_con_asf,TaskDec Balanced v1 conf0.3,dec_con_asf,paper_or_compiled_json,,all,0.3,sed,,,63.39200313499607,19.647517350211327,80.48399601452854,67.44712259119997,80.92657798314836,80.59120185885928,65.41473648882392,55.89528060009019,/home/hongsheng/dec_con_asf/results/v1_task_dec_published_comparison_260812.json,/home/hongsheng/dec_con_asf/results/exp_260810_221300_TaskDecControlBalanced_v1_final/summary_conf0.3.json,
dec_con_asf,TaskDec Balanced v1 conf0.3,dec_con_asf,paper_or_compiled_json,,normal,0.3,sed,,,53.391655394310746,16.124077897543653,79.8711127276281,64.70275691738814,88.71086134198003,80.07262045420845,63.812180788843186,53.63315175638008,/home/hongsheng/dec_con_asf/results/v1_task_dec_published_comparison_260812.json,/home/hongsheng/dec_con_asf/results/exp_260810_221300_TaskDecControlBalanced_v1_final/summary_conf0.3.json,
dec_con_asf,TaskDec Balanced v1 conf0.3,dec_con_asf,paper_or_compiled_json,,overcast,0.3,sed,,,66.01002022666496,16.401334326521358,90.35421245436109,78.68970997112018,90.41936357545531,90.37861542858624,72.04220933045153,61.823219908742594,/home/hongsheng/dec_con_asf/results/v1_task_dec_published_comparison_260812.json,/home/hongsheng/dec_con_asf/results/exp_260810_221300_TaskDecControlBalanced_v1_final/summary_conf0.3.json,
dec_con_asf,TaskDec Balanced v1 conf0.3,dec_con_asf,paper_or_compiled_json,,fog,0.3,sed,,,77.77310842049624,43.85017553673657,90.76550414917352,79.84026865214375,90.8342361926293,90.68295341846849,78.95770772827466,71.4577992024496,/home/hongsheng/dec_con_asf/results/v1_task_dec_published_comparison_260812.json,/home/hongsheng/dec_con_asf/results/exp_260810_221300_TaskDecControlBalanced_v1_final/summary_conf0.3.json,
dec_con_asf,TaskDec Balanced v1 conf0.3,dec_con_asf,paper_or_compiled_json,,rain,0.3,sed,,,67.56222688596219,19.785634834102613,80.89549447752043,67.81649742440707,81.0299633775204,80.65644510854582,66.29104368467642,56.08619245568517,/home/hongsheng/dec_con_asf/results/v1_task_dec_published_comparison_260812.json,/home/hongsheng/dec_con_asf/results/exp_260810_221300_TaskDecControlBalanced_v1_final/summary_conf0.3.json,
dec_con_asf,TaskDec Balanced v1 conf0.3,dec_con_asf,paper_or_compiled_json,,sleet,0.3,sed,,,56.52993294429314,18.073526405189448,79.82018696935533,67.74532465643308,80.7876381117494,80.58065440302133,63.922877248340285,55.46650182154795,/home/hongsheng/dec_con_asf/results/v1_task_dec_published_comparison_260812.json,/home/hongsheng/dec_con_asf/results/exp_260810_221300_TaskDecControlBalanced_v1_final/summary_conf0.3.json,
dec_con_asf,TaskDec Balanced v1 conf0.3,dec_con_asf,paper_or_compiled_json,,lightsnow,0.3,sed,,,68.06230485676733,34.92080882925328,80.95561450964087,78.23852349977638,89.60782753751228,89.49985616099322,73.54748923232388,67.55306283000762,/home/hongsheng/dec_con_asf/results/v1_task_dec_published_comparison_260812.json,/home/hongsheng/dec_con_asf/results/exp_260810_221300_TaskDecControlBalanced_v1_final/summary_conf0.3.json,
dec_con_asf,TaskDec Balanced v1 conf0.3,dec_con_asf,paper_or_compiled_json,,heavysnow,0.3,sed,,,56.74827997961533,28.76986016455247,70.9919680704139,61.54744408734012,71.88205472051763,71.7028329533324,60.27373999596198,54.00671240174166,/home/hongsheng/dec_con_asf/results/v1_task_dec_published_comparison_260812.json,/home/hongsheng/dec_con_asf/results/exp_260810_221300_TaskDecControlBalanced_v1_final/summary_conf0.3.json,
dec_con_asf,TaskDec Robust v1 conf0.0,dec_con_asf,paper_or_compiled_json,,all,0.0,sed,,,62.33962398170383,22.315618443567757,86.92891004919485,72.83167422845338,88.56975182254284,87.21060719584646,70.03269762021819,60.78596662262254,/home/hongsheng/dec_con_asf/results/v1_task_dec_published_comparison_260812.json,/home/hongsheng/dec_con_asf/results/exp_260810_221258_TaskDecControlRobust_v1_final/summary_conf0.0.json,
dec_con_asf,TaskDec Robust v1 conf0.0,dec_con_asf,paper_or_compiled_json,,normal,0.0,sed,,,58.96029527284941,15.688133439849535,86.43459706377541,65.76081821177836,88.36330101400296,86.9487589175721,67.02598398663797,56.132570189733336,/home/hongsheng/dec_con_asf/results/v1_task_dec_published_comparison_260812.json,/home/hongsheng/dec_con_asf/results/exp_260810_221258_TaskDecControlRobust_v1_final/summary_conf0.0.json,
dec_con_asf,TaskDec Robust v1 conf0.0,dec_con_asf,paper_or_compiled_json,,overcast,0.0,sed,,,74.2154710911256,20.40279861204626,90.04798045498774,78.68341851241767,90.18635679363346,89.74852933530772,73.88075913325308,62.94491548659055,/home/hongsheng/dec_con_asf/results/v1_task_dec_published_comparison_260812.json,/home/hongsheng/dec_con_asf/results/exp_260810_221258_TaskDecControlRobust_v1_final/summary_conf0.0.json,
dec_con_asf,TaskDec Robust v1 conf0.0,dec_con_asf,paper_or_compiled_json,,fog,0.0,sed,,,76.40692229927647,42.53046676742916,90.69374271122498,79.28605237992812,98.60430738151061,90.75099743832304,79.71208149628207,70.85583886189345,/home/hongsheng/dec_con_asf/results/v1_task_dec_published_comparison_260812.json,/home/hongsheng/dec_con_asf/results/exp_260810_221258_TaskDecControlRobust_v1_final/summary_conf0.0.json,
dec_con_asf,TaskDec Robust v1 conf0.0,dec_con_asf,paper_or_compiled_json,,rain,0.0,sed,,,72.6163079560794,21.42595189783208,88.35174417930287,73.1570678812244,88.65700629354936,87.86948692339323,72.01292752189688,60.817502234149906,/home/hongsheng/dec_con_asf/results/v1_task_dec_published_comparison_260812.json,/home/hongsheng/dec_con_asf/results/exp_260810_221258_TaskDecControlRobust_v1_final/summary_conf0.0.json,
dec_con_asf,TaskDec Robust v1 conf0.0,dec_con_asf,paper_or_compiled_json,,sleet,0.0,sed,,,49.402003982186734,21.159396911524748,78.63484241418081,66.49584308252211,86.81878875175381,80.5035342679457,63.83573490168565,56.05292475399752,/home/hongsheng/dec_con_asf/results/v1_task_dec_published_comparison_260812.json,/home/hongsheng/dec_con_asf/results/exp_260810_221258_TaskDecControlRobust_v1_final/summary_conf0.0.json,
dec_con_asf,TaskDec Robust v1 conf0.0,dec_con_asf,paper_or_compiled_json,,lightsnow,0.0,sed,,,64.67399198932364,31.932724826306725,88.62885838734591,77.60568309957843,89.20373696074829,89.04356562993952,73.51476014887375,66.1939911852749,/home/hongsheng/dec_con_asf/results/v1_task_dec_published_comparison_260812.json,/home/hongsheng/dec_con_asf/results/exp_260810_221258_TaskDecControlRobust_v1_final/summary_conf0.0.json,
dec_con_asf,TaskDec Robust v1 conf0.0,dec_con_asf,paper_or_compiled_json,,heavysnow,0.0,sed,,,52.78754477332269,25.371380995671377,71.38054580512897,66.4774361685321,78.49185226526939,77.25079097007779,61.959925163000385,56.366536044760416,/home/hongsheng/dec_con_asf/results/v1_task_dec_published_comparison_260812.json,/home/hongsheng/dec_con_asf/results/exp_260810_221258_TaskDecControlRobust_v1_final/summary_conf0.0.json,
dec_con_asf,TaskDec Robust v1 conf0.3,dec_con_asf,paper_or_compiled_json,,all,0.3,sed,,,62.33962398170383,22.315618443567757,80.42524501100696,67.20669584968023,80.87225044046366,80.42498136197386,65.59740251473272,56.64909855174062,/home/hongsheng/dec_con_asf/results/v1_task_dec_published_comparison_260812.json,/home/hongsheng/dec_con_asf/results/exp_260810_221258_TaskDecControlRobust_v1_final/summary_conf0.3.json,
dec_con_asf,TaskDec Robust v1 conf0.3,dec_con_asf,paper_or_compiled_json,,normal,0.3,sed,,,60.042134445858494,15.688133439849535,79.9374733327758,65.76081821177836,88.65530532640709,79.88674808072685,64.99510213956601,53.77856657745158,/home/hongsheng/dec_con_asf/results/v1_task_dec_published_comparison_260812.json,/home/hongsheng/dec_con_asf/results/exp_260810_221258_TaskDecControlRobust_v1_final/summary_conf0.3.json,
dec_con_asf,TaskDec Robust v1 conf0.3,dec_con_asf,paper_or_compiled_json,,overcast,0.3,sed,,,74.2154710911256,20.99100436877488,90.16031796446907,78.68341851241767,90.21441087224402,89.88532085062437,74.0249906099426,63.186581243938974,/home/hongsheng/dec_con_asf/results/v1_task_dec_published_comparison_260812.json,/home/hongsheng/dec_con_asf/results/exp_260810_221258_TaskDecControlRobust_v1_final/summary_conf0.3.json,
dec_con_asf,TaskDec Robust v1 conf0.3,dec_con_asf,paper_or_compiled_json,,fog,0.3,sed,,,76.40692229927647,42.53046676742916,90.69374271122498,79.28605237992812,90.81852880365282,90.75099743832304,78.41445173330577,70.85583886189345,/home/hongsheng/dec_con_asf/results/v1_task_dec_published_comparison_260812.json,/home/hongsheng/dec_con_asf/results/exp_260810_221258_TaskDecControlRobust_v1_final/summary_conf0.3.json,
dec_con_asf,TaskDec Robust v1 conf0.3,dec_con_asf,paper_or_compiled_json,,rain,0.3,sed,,,66.40056692805169,21.42595189783208,80.88977847053688,67.06543482713401,80.98189452007692,80.72001908442978,66.24727428801022,56.40380193646529,/home/hongsheng/dec_con_asf/results/v1_task_dec_published_comparison_260812.json,/home/hongsheng/dec_con_asf/results/exp_260810_221258_TaskDecControlRobust_v1_final/summary_conf0.3.json,
dec_con_asf,TaskDec Robust v1 conf0.3,dec_con_asf,paper_or_compiled_json,,sleet,0.3,sed,,,44.517817905665666,21.159396911524748,71.33609982132056,66.85929821151977,80.8088082787662,80.5035342679457,60.864159232790435,56.174076463663404,/home/hongsheng/dec_con_asf/results/v1_task_dec_published_comparison_260812.json,/home/hongsheng/dec_con_asf/results/exp_260810_221258_TaskDecControlRobust_v1_final/summary_conf0.3.json,
dec_con_asf,TaskDec Robust v1 conf0.3,dec_con_asf,paper_or_compiled_json,,lightsnow,0.3,sed,,,64.67399198932364,31.932724826306725,88.9251409228941,77.63634856127837,89.287267447787,89.24490533645937,73.61672984734153,66.27132624134815,/home/hongsheng/dec_con_asf/results/v1_task_dec_published_comparison_260812.json,/home/hongsheng/dec_con_asf/results/exp_260810_221258_TaskDecControlRobust_v1_final/summary_conf0.3.json,
dec_con_asf,TaskDec Robust v1 conf0.3,dec_con_asf,paper_or_compiled_json,,heavysnow,0.3,sed,,,52.89977436501817,25.371380995671377,71.38054580512897,61.71096655144736,71.9438985008208,71.78133365527776,59.18131664556074,52.95456040079883,/home/hongsheng/dec_con_asf/results/v1_task_dec_published_comparison_260812.json,/home/hongsheng/dec_con_asf/results/exp_260810_221258_TaskDecControlRobust_v1_final/summary_conf0.3.json,
decu_asf,DeCU-ASF,exp_260725_230532_DeCU_A2FUSION_rlc_l1d256_l2p2t32d256g_l2g_scl_mha16,complete_results,full,all,0.3,sed,,,19.74857469936415,2.4284917424335735,60.625755032841376,36.88682443866289,68.63176750940538,67.70555245374726,42.67116097940911,35.67362287828124,/home/hongsheng/decu_asf/logs/exp_260725_230532_DeCU_A2FUSION_rlc_l1d256_l2p2t32d256g_l2g_scl_mha16/test_kitti/none/0.3/complete_results.txt,,
decu_asf,DeCU-ASF,exp_260725_230532_DeCU_A2FUSION_rlc_l1d256_l2p2t32d256g_l2g_scl_mha16,complete_results,full,all,0.3,bus,,,12.488811434413357,4.407323829964843,39.251325098764426,22.66395021205411,57.3602348859093,47.83517104147199,30.667802750429672,24.968815027830313,/home/hongsheng/decu_asf/logs/exp_260725_230532_DeCU_A2FUSION_rlc_l1d256_l2p2t32d256g_l2g_scl_mha16/test_kitti/none/0.3/complete_results.txt,,
decu_asf,DeCU-ASF,exp_260725_230532_DeCU_A2FUSION_rlc_l1d256_l2p2t32d256g_l2g_scl_mha16,complete_results,full,urban,0.3,sed,,,21.206901614890437,2.9835765153626093,63.46496745776644,39.31669785719294,73.923140886988,70.56172385629243,45.24283469808214,37.62066607628266,/home/hongsheng/decu_asf/logs/exp_260725_230532_DeCU_A2FUSION_rlc_l1d256_l2p2t32d256g_l2g_scl_mha16/test_kitti/none/0.3/complete_results.txt,,
decu_asf,DeCU-ASF,exp_260725_230532_DeCU_A2FUSION_rlc_l1d256_l2p2t32d256g_l2g_scl_mha16,complete_results,full,urban,0.3,bus,,,26.847036050540474,7.808859726274961,67.17035891629754,39.74856628052164,76.81464895273683,74.38213298670617,48.795267152179605,40.64651966450092,/home/hongsheng/decu_asf/logs/exp_260725_230532_DeCU_A2FUSION_rlc_l1d256_l2p2t32d256g_l2g_scl_mha16/test_kitti/none/0.3/complete_results.txt,,
decu_asf,DeCU-ASF,exp_260725_230532_DeCU_A2FUSION_rlc_l1d256_l2p2t32d256g_l2g_scl_mha16,complete_results,full,highway,0.3,sed,,,20.301610091311137,1.6117927585984342,65.99398014037678,37.02666458286861,77.49889803132807,76.61086914485115,46.50730245822236,38.416442162106065,/home/hongsheng/decu_asf/logs/exp_260725_230532_DeCU_A2FUSION_rlc_l1d256_l2p2t32d256g_l2g_scl_mha16/test_kitti/none/0.3/complete_results.txt,,
decu_asf,DeCU-ASF,exp_260725_230532_DeCU_A2FUSION_rlc_l1d256_l2p2t32d256g_l2g_scl_mha16,complete_results,full,highway,0.3,bus,,,13.284988475164091,4.827071974879407,39.66950272755009,22.840501165898377,60.600473080446235,48.027504778454464,31.54167370039878,25.231692639744082,/home/hongsheng/decu_asf/logs/exp_260725_230532_DeCU_A2FUSION_rlc_l1d256_l2p2t32d256g_l2g_scl_mha16/test_kitti/none/0.3/complete_results.txt,,
decu_asf,DeCU-ASF,exp_260725_230532_DeCU_A2FUSION_rlc_l1d256_l2p2t32d256g_l2g_scl_mha16,complete_results,full,countryside,0.3,sed,,,12.17001506927677,3.871326846248293,48.60380688675242,29.852532186682,63.55585516097707,56.80743989959698,35.81016267492226,30.177099644175758,/home/hongsheng/decu_asf/logs/exp_260725_230532_DeCU_A2FUSION_rlc_l1d256_l2p2t32d256g_l2g_scl_mha16/test_kitti/none/0.3/complete_results.txt,,
decu_asf,DeCU-ASF,exp_260725_230532_DeCU_A2FUSION_rlc_l1d256_l2p2t32d256g_l2g_scl_mha16,complete_results,full,countryside,0.3,bus,,,4.552150649711625,0.9146341463414633,19.282790583933533,7.906105531643551,29.004065040650406,26.987289591205776,14.774505923914392,11.93600975639693,/home/hongsheng/decu_asf/logs/exp_260725_230532_DeCU_A2FUSION_rlc_l1d256_l2p2t32d256g_l2g_scl_mha16/test_kitti/none/0.3/complete_results.txt,,
decu_asf,DeCU-ASF,exp_260725_230532_DeCU_A2FUSION_rlc_l1d256_l2p2t32d256g_l2g_scl_mha16,complete_results,full,alleyway,0.3,sed,,,7.155502248806105,2.7769573200475093,24.254516902408277,11.275591646416737,31.41326492835217,28.489433281589267,17.56087772127001,14.180660749351171,/home/hongsheng/decu_asf/logs/exp_260725_230532_DeCU_A2FUSION_rlc_l1d256_l2p2t32d256g_l2g_scl_mha16/test_kitti/none/0.3/complete_results.txt,,
decu_asf,DeCU-ASF,exp_260725_230532_DeCU_A2FUSION_rlc_l1d256_l2p2t32d256g_l2g_scl_mha16,complete_results,full,alleyway,0.3,bus,,,0.16847264234023818,0.024888003982080638,4.808643465972613,2.5629113433991484,13.841142057182376,9.168061818429948,5.095686555217734,3.9186203886037254,/home/hongsheng/decu_asf/logs/exp_260725_230532_DeCU_A2FUSION_rlc_l1d256_l2p2t32d256g_l2g_scl_mha16/test_kitti/none/0.3/complete_results.txt,,
decu_asf,DeCU-ASF,exp_260725_230532_DeCU_A2FUSION_rlc_l1d256_l2p2t32d256g_l2g_scl_mha16,complete_results,full,parkinglots,0.3,sed,,,6.1923133847867975,2.7849457606865835,36.13153446529183,28.485180543018597,60.77448529786354,60.19805894684118,32.42775306641476,30.48939508351545,/home/hongsheng/decu_asf/logs/exp_260725_230532_DeCU_A2FUSION_rlc_l1d256_l2p2t32d256g_l2g_scl_mha16/test_kitti/none/0.3/complete_results.txt,,
decu_asf,DeCU-ASF,exp_260725_230532_DeCU_A2FUSION_rlc_l1d256_l2p2t32d256g_l2g_scl_mha16,complete_results,full,parkinglots,0.3,bus,,,3.9135557409079924,0.8549883853820115,38.13517834948807,21.295951268275445,58.44884363100263,54.55809156088559,29.53443482265696,25.56967707151435,/home/hongsheng/decu_asf/logs/exp_260725_230532_DeCU_A2FUSION_rlc_l1d256_l2p2t32d256g_l2g_scl_mha16/test_kitti/none/0.3/complete_results.txt,,
decu_asf,DeCU-ASF,exp_260725_230532_DeCU_A2FUSION_rlc_l1d256_l2p2t32d256g_l2g_scl_mha16,complete_results,full,shoulder,0.3,sed,,,55.70718215562274,23.193051285719893,97.39869322448271,89.14526646648058,97.48851184164016,94.90057542100098,76.30554673249118,69.07963105773382,/home/hongsheng/decu_asf/logs/exp_260725_230532_DeCU_A2FUSION_rlc_l1d256_l2p2t32d256g_l2g_scl_mha16/test_kitti/none/0.3/complete_results.txt,,
decu_asf,DeCU-ASF,exp_260725_230532_DeCU_A2FUSION_rlc_l1d256_l2p2t32d256g_l2g_scl_mha16,complete_results,full,shoulder,0.3,bus,,,0.0,0.0,0.0,0.0,0.0,0.0,0.0,0.0,/home/hongsheng/decu_asf/logs/exp_260725_230532_DeCU_A2FUSION_rlc_l1d256_l2p2t32d256g_l2g_scl_mha16/test_kitti/none/0.3/complete_results.txt,,
decu_asf,DeCU-ASF,exp_260725_230532_DeCU_A2FUSION_rlc_l1d256_l2p2t32d256g_l2g_scl_mha16,complete_results,full,mountain,0.3,sed,,,34.39865314711235,2.8076549950842034,86.83174037489647,52.03616592846934,87.66549250089687,87.31913176652034,58.50980645216327,47.3876508966913,/home/hongsheng/decu_asf/logs/exp_260725_230532_DeCU_A2FUSION_rlc_l1d256_l2p2t32d256g_l2g_scl_mha16/test_kitti/none/0.3/complete_results.txt,,
decu_asf,DeCU-ASF,exp_260725_230532_DeCU_A2FUSION_rlc_l1d256_l2p2t32d256g_l2g_scl_mha16,complete_results,full,mountain,0.3,bus,,,14.788101991841904,6.002810849889479,31.978671251415918,28.134552257066737,36.40541115621975,36.40541115621975,25.619159777108923,23.514258087725324,/home/hongsheng/decu_asf/logs/exp_260725_230532_DeCU_A2FUSION_rlc_l1d256_l2p2t32d256g_l2g_scl_mha16/test_kitti/none/0.3/complete_results.txt,,
decu_asf,DeCU-ASF,exp_260725_230532_DeCU_A2FUSION_rlc_l1d256_l2p2t32d256g_l2g_scl_mha16,complete_results,full,university,0.3,sed,,,13.21201682897851,0.8919935852796955,53.6402337710947,30.310962985417206,60.6602964633985,59.94912781657399,36.44410524179043,30.384028129090296,/home/hongsheng/decu_asf/logs/exp_260725_230532_DeCU_A2FUSION_rlc_l1d256_l2p2t32d256g_l2g_scl_mha16/test_kitti/none/0.3/complete_results.txt,,
decu_asf,DeCU-ASF,exp_260725_230532_DeCU_A2FUSION_rlc_l1d256_l2p2t32d256g_l2g_scl_mha16,complete_results,full,university,0.3,bus,,,0.0,0.0,0.0,0.0,0.0,0.0,0.0,0.0,/home/hongsheng/decu_asf/logs/exp_260725_230532_DeCU_A2FUSION_rlc_l1d256_l2p2t32d256g_l2g_scl_mha16/test_kitti/none/0.3/complete_results.txt,,
decu_asf,DeCU-ASF,exp_260725_230532_DeCU_A2FUSION_rlc_l1d256_l2p2t32d256g_l2g_scl_mha16,complete_results,full,day,0.3,sed,,,21.14472209296542,2.7479406980719276,63.21122883668888,39.83177436582951,72.88959238018508,70.0276435662463,44.97548365666452,37.535786210049245,/home/hongsheng/decu_asf/logs/exp_260725_230532_DeCU_A2FUSION_rlc_l1d256_l2p2t32d256g_l2g_scl_mha16/test_kitti/none/0.3/complete_results.txt,,
decu_asf,DeCU-ASF,exp_260725_230532_DeCU_A2FUSION_rlc_l1d256_l2p2t32d256g_l2g_scl_mha16,complete_results,full,day,0.3,bus,,,11.029246759076901,4.01823126203725,32.94110848087845,20.58860308198319,49.38610143467221,45.36181057542261,27.220850265678436,23.32288163981435,/home/hongsheng/decu_asf/logs/exp_260725_230532_DeCU_A2FUSION_rlc_l1d256_l2p2t32d256g_l2g_scl_mha16/test_kitti/none/0.3/complete_results.txt,,
decu_asf,DeCU-ASF,exp_260725_230532_DeCU_A2FUSION_rlc_l1d256_l2p2t32d256g_l2g_scl_mha16,complete_results,full,night,0.3,sed,,,17.1240024604292,2.047985616605657,53.29847564990493,28.74335527247557,64.6008323822244,60.93247318280001,37.791187427406626,30.57460469062708,/home/hongsheng/decu_asf/logs/exp_260725_230532_DeCU_A2FUSION_rlc_l1d256_l2p2t32d256g_l2g_scl_mha16/test_kitti/none/0.3/complete_results.txt,,
decu_asf,DeCU-ASF,exp_260725_230532_DeCU_A2FUSION_rlc_l1d256_l2p2t32d256g_l2g_scl_mha16,complete_results,full,night,0.3,bus,,,17.3487425648855,7.272553892396516,48.03638650370228,27.027941175679466,69.92757364475355,52.681130412613584,37.04905469900515,28.99387516022985,/home/hongsheng/decu_asf/logs/exp_260725_230532_DeCU_A2FUSION_rlc_l1d256_l2p2t32d256g_l2g_scl_mha16/test_kitti/none/0.3/complete_results.txt,,
decu_asf,DeCU-ASF,exp_260725_230532_DeCU_A2FUSION_rlc_l1d256_l2p2t32d256g_l2g_scl_mha16,complete_results,full,normal,0.3,sed,,,15.108363383486036,2.072813171566389,58.96356580471972,32.367323309003304,69.71707181977415,66.77219717703736,40.83355577759783,33.737444552535685,/home/hongsheng/decu_asf/logs/exp_260725_230532_DeCU_A2FUSION_rlc_l1d256_l2p2t32d256g_l2g_scl_mha16/test_kitti/none/0.3/complete_results.txt,,
decu_asf,DeCU-ASF,exp_260725_230532_DeCU_A2FUSION_rlc_l1d256_l2p2t32d256g_l2g_scl_mha16,complete_results,full,normal,0.3,bus,,,8.594577532167849,3.8515615187522245,29.875352098063573,19.75384340662564,50.14365159685382,45.30086225277293,26.25330806753934,22.968755726050265,/home/hongsheng/decu_asf/logs/exp_260725_230532_DeCU_A2FUSION_rlc_l1d256_l2p2t32d256g_l2g_scl_mha16/test_kitti/none/0.3/complete_results.txt,,
decu_asf,DeCU-ASF,exp_260725_230532_DeCU_A2FUSION_rlc_l1d256_l2p2t32d256g_l2g_scl_mha16,complete_results,full,overcast,0.3,sed,,,21.89278795659503,4.113700989554189,73.38863905822951,40.419870980820214,84.65174039569222,77.32316621247917,50.29831759889506,40.61891272761786,/home/hongsheng/decu_asf/logs/exp_260725_230532_DeCU_A2FUSION_rlc_l1d256_l2p2t32d256g_l2g_scl_mha16/test_kitti/none/0.3/complete_results.txt,,
decu_asf,DeCU-ASF,exp_260725_230532_DeCU_A2FUSION_rlc_l1d256_l2p2t32d256g_l2g_scl_mha16,complete_results,full,overcast,0.3,bus,,,14.790090376161785,5.583834210831688,35.39574297818678,30.699575367502845,55.844112754766385,52.5720317143965,32.48089790030766,29.618480430910342,/home/hongsheng/decu_asf/logs/exp_260725_230532_DeCU_A2FUSION_rlc_l1d256_l2p2t32d256g_l2g_scl_mha16/test_kitti/none/0.3/complete_results.txt,,
decu_asf,DeCU-ASF,exp_260725_230532_DeCU_A2FUSION_rlc_l1d256_l2p2t32d256g_l2g_scl_mha16,complete_results,full,fog,0.3,sed,,,44.464976394844214,12.360634516950594,89.79429612831258,70.90270316583978,92.52962960036007,89.82464435888753,66.6461473608658,57.69599401389263,/home/hongsheng/decu_asf/logs/exp_260725_230532_DeCU_A2FUSION_rlc_l1d256_l2p2t32d256g_l2g_scl_mha16/test_kitti/none/0.3/complete_results.txt,,
decu_asf,DeCU-ASF,exp_260725_230532_DeCU_A2FUSION_rlc_l1d256_l2p2t32d256g_l2g_scl_mha16,complete_results,full,fog,0.3,bus,,,0.0,0.0,0.0,0.0,0.0,0.0,0.0,0.0,/home/hongsheng/decu_asf/logs/exp_260725_230532_DeCU_A2FUSION_rlc_l1d256_l2p2t32d256g_l2g_scl_mha16/test_kitti/none/0.3/complete_results.txt,,
decu_asf,DeCU-ASF,exp_260725_230532_DeCU_A2FUSION_rlc_l1d256_l2p2t32d256g_l2g_scl_mha16,complete_results,full,rain,0.3,sed,,,20.31091417752889,4.955036056354636,50.67285321988305,31.656208242246613,59.860967267924316,58.533973221408964,37.66499203089108,31.715072506670072,/home/hongsheng/decu_asf/logs/exp_260725_230532_DeCU_A2FUSION_rlc_l1d256_l2p2t32d256g_l2g_scl_mha16/test_kitti/none/0.3/complete_results.txt,,
decu_asf,DeCU-ASF,exp_260725_230532_DeCU_A2FUSION_rlc_l1d256_l2p2t32d256g_l2g_scl_mha16,complete_results,full,rain,0.3,bus,,,0.2615270907953835,0.03695491500369549,3.889037791476816,2.0509977827051,5.510586974001608,4.918252479228088,2.7778928388684485,2.3354017256456276,/home/hongsheng/decu_asf/logs/exp_260725_230532_DeCU_A2FUSION_rlc_l1d256_l2p2t32d256g_l2g_scl_mha16/test_kitti/none/0.3/complete_results.txt,,
decu_asf,DeCU-ASF,exp_260725_230532_DeCU_A2FUSION_rlc_l1d256_l2p2t32d256g_l2g_scl_mha16,complete_results,full,sleet,0.3,sed,,,15.575152814467605,1.6261611837092909,49.21773074048051,28.490455492603793,65.3662257051857,59.634782631111094,36.651751427926335,29.917133102474725,/home/hongsheng/decu_asf/logs/exp_260725_230532_DeCU_A2FUSION_rlc_l1d256_l2p2t32d256g_l2g_scl_mha16/test_kitti/none/0.3/complete_results.txt,,
decu_asf,DeCU-ASF,exp_260725_230532_DeCU_A2FUSION_rlc_l1d256_l2p2t32d256g_l2g_scl_mha16,complete_results,full,sleet,0.3,bus,,,6.440918778119821,1.9193930176278948,28.75302522252313,18.846791380535162,42.575038948619294,39.22575038848087,22.96015295598436,19.997311595547973,/home/hongsheng/decu_asf/logs/exp_260725_230532_DeCU_A2FUSION_rlc_l1d256_l2p2t32d256g_l2g_scl_mha16/test_kitti/none/0.3/complete_results.txt,,
decu_asf,DeCU-ASF,exp_260725_230532_DeCU_A2FUSION_rlc_l1d256_l2p2t32d256g_l2g_scl_mha16,complete_results,full,lightsnow,0.3,sed,,,25.930158575534318,1.830638724443906,79.62916506991954,43.62892410756924,86.21097984460135,83.38066125925744,53.435087930220966,42.946741363756864,/home/hongsheng/decu_asf/logs/exp_260725_230532_DeCU_A2FUSION_rlc_l1d256_l2p2t32d256g_l2g_scl_mha16/test_kitti/none/0.3/complete_results.txt,,
decu_asf,DeCU-ASF,exp_260725_230532_DeCU_A2FUSION_rlc_l1d256_l2p2t32d256g_l2g_scl_mha16,complete_results,full,lightsnow,0.3,bus,,,69.2517610036146,32.77776205054582,88.4363691113732,74.46076792321928,95.01111708188992,87.84897164701745,74.63112480294338,65.02916720692751,/home/hongsheng/decu_asf/logs/exp_260725_230532_DeCU_A2FUSION_rlc_l1d256_l2p2t32d256g_l2g_scl_mha16/test_kitti/none/0.3/complete_results.txt,,
decu_asf,DeCU-ASF,exp_260725_230532_DeCU_A2FUSION_rlc_l1d256_l2p2t32d256g_l2g_scl_mha16,complete_results,full,heavysnow,0.3,sed,,,18.54073617354393,3.8468742981350084,51.33901716429023,37.461592054943566,57.35495986508794,54.764526256169376,37.21795096869501,32.02433086974931,/home/hongsheng/decu_asf/logs/exp_260725_230532_DeCU_A2FUSION_rlc_l1d256_l2p2t32d256g_l2g_scl_mha16/test_kitti/none/0.3/complete_results.txt,,
decu_asf,DeCU-ASF,exp_260725_230532_DeCU_A2FUSION_rlc_l1d256_l2p2t32d256g_l2g_scl_mha16,complete_results,full,heavysnow,0.3,bus,,,15.011355286384505,4.045206903977767,55.96901961032748,19.875397667020152,75.93942921999641,52.8897136797455,37.288353727908635,25.603439416914473,/home/hongsheng/decu_asf/logs/exp_260725_230532_DeCU_A2FUSION_rlc_l1d256_l2p2t32d256g_l2g_scl_mha16/test_kitti/none/0.3/complete_results.txt,,
decu_asf,DeCU-ASF,exp_260721_133144_DeCU_ASF_LR_bs4_ep15,summary_conf_md,full_or_exported_summary,all,0.3,bus,,,21.74,7.54,50.92,31.82,64.56,57.43,39.001666666666665,32.263333333333335,/home/hongsheng/decu_asf/results/exp_260721_133144_DeCU_ASF_LR_bs4_ep15/summary_conf0.3.md,,
decu_asf,DeCU-ASF,exp_260721_133144_DeCU_ASF_LR_bs4_ep15,summary_conf_md,full_or_exported_summary,all,0.3,sed,,,37.78,9.82,66.11,45.88,72.47,69.28,50.223333333333336,41.660000000000004,/home/hongsheng/decu_asf/results/exp_260721_133144_DeCU_ASF_LR_bs4_ep15/summary_conf0.3.md,,
decu_asf,DeCU-ASF,exp_260721_133144_DeCU_ASF_LR_bs4_ep15,summary_conf_md_condition,full_or_exported_summary,all,0.3,bus,,,,,50.92,31.82,,,41.370000000000005,31.82,/home/hongsheng/decu_asf/results/exp_260721_133144_DeCU_ASF_LR_bs4_ep15/summary_conf0.3.md,,
decu_asf,DeCU-ASF,exp_260721_133144_DeCU_ASF_LR_bs4_ep15,summary_conf_md_condition,full_or_exported_summary,all,0.3,sed,,,,,66.11,45.88,,,55.995000000000005,45.88,/home/hongsheng/decu_asf/results/exp_260721_133144_DeCU_ASF_LR_bs4_ep15/summary_conf0.3.md,,
decu_asf,DeCU-ASF,exp_260721_133144_DeCU_ASF_LR_bs4_ep15,summary_conf_md_condition,full_or_exported_summary,alleyway,0.3,bus,,,,,13.25,8.68,,,10.965,8.68,/home/hongsheng/decu_asf/results/exp_260721_133144_DeCU_ASF_LR_bs4_ep15/summary_conf0.3.md,,
decu_asf,DeCU-ASF,exp_260721_133144_DeCU_ASF_LR_bs4_ep15,summary_conf_md_condition,full_or_exported_summary,alleyway,0.3,sed,,,,,30.81,15.73,,,23.27,15.73,/home/hongsheng/decu_asf/results/exp_260721_133144_DeCU_ASF_LR_bs4_ep15/summary_conf0.3.md,,
decu_asf,DeCU-ASF,exp_260721_133144_DeCU_ASF_LR_bs4_ep15,summary_conf_md_condition,full_or_exported_summary,countryside,0.3,bus,,,,,27.36,12.7,,,20.03,12.7,/home/hongsheng/decu_asf/results/exp_260721_133144_DeCU_ASF_LR_bs4_ep15/summary_conf0.3.md,,
decu_asf,DeCU-ASF,exp_260721_133144_DeCU_ASF_LR_bs4_ep15,summary_conf_md_condition,full_or_exported_summary,countryside,0.3,sed,,,,,52.76,29.8,,,41.28,29.8,/home/hongsheng/decu_asf/results/exp_260721_133144_DeCU_ASF_LR_bs4_ep15/summary_conf0.3.md,,
decu_asf,DeCU-ASF,exp_260721_133144_DeCU_ASF_LR_bs4_ep15,summary_conf_md_condition,full_or_exported_summary,day,0.3,bus,,,,,43.59,29.51,,,36.550000000000004,29.51,/home/hongsheng/decu_asf/results/exp_260721_133144_DeCU_ASF_LR_bs4_ep15/summary_conf0.3.md,,
decu_asf,DeCU-ASF,exp_260721_133144_DeCU_ASF_LR_bs4_ep15,summary_conf_md_condition,full_or_exported_summary,day,0.3,sed,,,,,68.25,48.3,,,58.275,48.3,/home/hongsheng/decu_asf/results/exp_260721_133144_DeCU_ASF_LR_bs4_ep15/summary_conf0.3.md,,
decu_asf,DeCU-ASF,exp_260721_133144_DeCU_ASF_LR_bs4_ep15,summary_conf_md_condition,full_or_exported_summary,fog,0.3,bus,,,,,0.0,0.0,,,0.0,0.0,/home/hongsheng/decu_asf/results/exp_260721_133144_DeCU_ASF_LR_bs4_ep15/summary_conf0.3.md,,
decu_asf,DeCU-ASF,exp_260721_133144_DeCU_ASF_LR_bs4_ep15,summary_conf_md_condition,full_or_exported_summary,fog,0.3,sed,,,,,94.62,76.41,,,85.515,76.41,/home/hongsheng/decu_asf/results/exp_260721_133144_DeCU_ASF_LR_bs4_ep15/summary_conf0.3.md,,
decu_asf,DeCU-ASF,exp_260721_133144_DeCU_ASF_LR_bs4_ep15,summary_conf_md_condition,full_or_exported_summary,heavysnow,0.3,bus,,,,,76.05,31.44,,,53.745,31.44,/home/hongsheng/decu_asf/results/exp_260721_133144_DeCU_ASF_LR_bs4_ep15/summary_conf0.3.md,,
decu_asf,DeCU-ASF,exp_260721_133144_DeCU_ASF_LR_bs4_ep15,summary_conf_md_condition,full_or_exported_summary,heavysnow,0.3,sed,,,,,58.38,47.62,,,53.0,47.62,/home/hongsheng/decu_asf/results/exp_260721_133144_DeCU_ASF_LR_bs4_ep15/summary_conf0.3.md,,
decu_asf,DeCU-ASF,exp_260721_133144_DeCU_ASF_LR_bs4_ep15,summary_conf_md_condition,full_or_exported_summary,highway,0.3,bus,,,,,51.26,30.42,,,40.84,30.42,/home/hongsheng/decu_asf/results/exp_260721_133144_DeCU_ASF_LR_bs4_ep15/summary_conf0.3.md,,
decu_asf,DeCU-ASF,exp_260721_133144_DeCU_ASF_LR_bs4_ep15,summary_conf_md_condition,full_or_exported_summary,highway,0.3,sed,,,,,74.39,50.09,,,62.24,50.09,/home/hongsheng/decu_asf/results/exp_260721_133144_DeCU_ASF_LR_bs4_ep15/summary_conf0.3.md,,
decu_asf,DeCU-ASF,exp_260721_133144_DeCU_ASF_LR_bs4_ep15,summary_conf_md_condition,full_or_exported_summary,lightsnow,0.3,bus,,,,,82.98,71.52,,,77.25,71.52,/home/hongsheng/decu_asf/results/exp_260721_133144_DeCU_ASF_LR_bs4_ep15/summary_conf0.3.md,,
decu_asf,DeCU-ASF,exp_260721_133144_DeCU_ASF_LR_bs4_ep15,summary_conf_md_condition,full_or_exported_summary,lightsnow,0.3,sed,,,,,82.17,55.14,,,68.655,55.14,/home/hongsheng/decu_asf/results/exp_260721_133144_DeCU_ASF_LR_bs4_ep15/summary_conf0.3.md,,
decu_asf,DeCU-ASF,exp_260721_133144_DeCU_ASF_LR_bs4_ep15,summary_conf_md_condition,full_or_exported_summary,mountain,0.3,bus,,,,,58.73,51.95,,,55.34,51.95,/home/hongsheng/decu_asf/results/exp_260721_133144_DeCU_ASF_LR_bs4_ep15/summary_conf0.3.md,,
decu_asf,DeCU-ASF,exp_260721_133144_DeCU_ASF_LR_bs4_ep15,summary_conf_md_condition,full_or_exported_summary,mountain,0.3,sed,,,,,91.65,61.4,,,76.525,61.4,/home/hongsheng/decu_asf/results/exp_260721_133144_DeCU_ASF_LR_bs4_ep15/summary_conf0.3.md,,
decu_asf,DeCU-ASF,exp_260721_133144_DeCU_ASF_LR_bs4_ep15,summary_conf_md_condition,full_or_exported_summary,night,0.3,bus,,,,,60.93,34.6,,,47.765,34.6,/home/hongsheng/decu_asf/results/exp_260721_133144_DeCU_ASF_LR_bs4_ep15/summary_conf0.3.md,,
decu_asf,DeCU-ASF,exp_260721_133144_DeCU_ASF_LR_bs4_ep15,summary_conf_md_condition,full_or_exported_summary,night,0.3,sed,,,,,61.87,39.46,,,50.665,39.46,/home/hongsheng/decu_asf/results/exp_260721_133144_DeCU_ASF_LR_bs4_ep15/summary_conf0.3.md,,
decu_asf,DeCU-ASF,exp_260721_133144_DeCU_ASF_LR_bs4_ep15,summary_conf_md_condition,full_or_exported_summary,normal,0.3,bus,,,,,39.69,26.35,,,33.019999999999996,26.35,/home/hongsheng/decu_asf/results/exp_260721_133144_DeCU_ASF_LR_bs4_ep15/summary_conf0.3.md,,
decu_asf,DeCU-ASF,exp_260721_133144_DeCU_ASF_LR_bs4_ep15,summary_conf_md_condition,full_or_exported_summary,normal,0.3,sed,,,,,62.42,41.21,,,51.815,41.21,/home/hongsheng/decu_asf/results/exp_260721_133144_DeCU_ASF_LR_bs4_ep15/summary_conf0.3.md,,
decu_asf,DeCU-ASF,exp_260721_133144_DeCU_ASF_LR_bs4_ep15,summary_conf_md_condition,full_or_exported_summary,overcast,0.3,bus,,,,,40.09,26.32,,,33.205,26.32,/home/hongsheng/decu_asf/results/exp_260721_133144_DeCU_ASF_LR_bs4_ep15/summary_conf0.3.md,,
decu_asf,DeCU-ASF,exp_260721_133144_DeCU_ASF_LR_bs4_ep15,summary_conf_md_condition,full_or_exported_summary,overcast,0.3,sed,,,,,77.62,53.25,,,65.435,53.25,/home/hongsheng/decu_asf/results/exp_260721_133144_DeCU_ASF_LR_bs4_ep15/summary_conf0.3.md,,
decu_asf,DeCU-ASF,exp_260721_133144_DeCU_ASF_LR_bs4_ep15,summary_conf_md_condition,full_or_exported_summary,parkinglots,0.3,bus,,,,,36.6,20.25,,,28.425,20.25,/home/hongsheng/decu_asf/results/exp_260721_133144_DeCU_ASF_LR_bs4_ep15/summary_conf0.3.md,,
decu_asf,DeCU-ASF,exp_260721_133144_DeCU_ASF_LR_bs4_ep15,summary_conf_md_condition,full_or_exported_summary,parkinglots,0.3,sed,,,,,53.13,39.23,,,46.18,39.23,/home/hongsheng/decu_asf/results/exp_260721_133144_DeCU_ASF_LR_bs4_ep15/summary_conf0.3.md,,
decu_asf,DeCU-ASF,exp_260721_133144_DeCU_ASF_LR_bs4_ep15,summary_conf_md_condition,full_or_exported_summary,rain,0.3,bus,,,,,6.61,6.61,,,6.61,6.61,/home/hongsheng/decu_asf/results/exp_260721_133144_DeCU_ASF_LR_bs4_ep15/summary_conf0.3.md,,
decu_asf,DeCU-ASF,exp_260721_133144_DeCU_ASF_LR_bs4_ep15,summary_conf_md_condition,full_or_exported_summary,rain,0.3,sed,,,,,59.41,40.47,,,49.94,40.47,/home/hongsheng/decu_asf/results/exp_260721_133144_DeCU_ASF_LR_bs4_ep15/summary_conf0.3.md,,
decu_asf,DeCU-ASF,exp_260721_133144_DeCU_ASF_LR_bs4_ep15,summary_conf_md_condition,full_or_exported_summary,shoulder,0.3,bus,,,,,0.0,0.0,,,0.0,0.0,/home/hongsheng/decu_asf/results/exp_260721_133144_DeCU_ASF_LR_bs4_ep15/summary_conf0.3.md,,
decu_asf,DeCU-ASF,exp_260721_133144_DeCU_ASF_LR_bs4_ep15,summary_conf_md_condition,full_or_exported_summary,shoulder,0.3,sed,,,,,97.42,94.38,,,95.9,94.38,/home/hongsheng/decu_asf/results/exp_260721_133144_DeCU_ASF_LR_bs4_ep15/summary_conf0.3.md,,
decu_asf,DeCU-ASF,exp_260721_133144_DeCU_ASF_LR_bs4_ep15,summary_conf_md_condition,full_or_exported_summary,sleet,0.3,bus,,,,,45.6,31.67,,,38.635000000000005,31.67,/home/hongsheng/decu_asf/results/exp_260721_133144_DeCU_ASF_LR_bs4_ep15/summary_conf0.3.md,,
decu_asf,DeCU-ASF,exp_260721_133144_DeCU_ASF_LR_bs4_ep15,summary_conf_md_condition,full_or_exported_summary,sleet,0.3,sed,,,,,60.75,44.16,,,52.455,44.16,/home/hongsheng/decu_asf/results/exp_260721_133144_DeCU_ASF_LR_bs4_ep15/summary_conf0.3.md,,
decu_asf,DeCU-ASF,exp_260721_133144_DeCU_ASF_LR_bs4_ep15,summary_conf_md_condition,full_or_exported_summary,university,0.3,bus,,,,,0.0,0.0,,,0.0,0.0,/home/hongsheng/decu_asf/results/exp_260721_133144_DeCU_ASF_LR_bs4_ep15/summary_conf0.3.md,,
decu_asf,DeCU-ASF,exp_260721_133144_DeCU_ASF_LR_bs4_ep15,summary_conf_md_condition,full_or_exported_summary,university,0.3,sed,,,,,59.0,34.23,,,46.614999999999995,34.23,/home/hongsheng/decu_asf/results/exp_260721_133144_DeCU_ASF_LR_bs4_ep15/summary_conf0.3.md,,
decu_asf,DeCU-ASF,exp_260721_133144_DeCU_ASF_LR_bs4_ep15,summary_conf_md_condition,full_or_exported_summary,urban,0.3,bus,,,,,74.85,46.91,,,60.879999999999995,46.91,/home/hongsheng/decu_asf/results/exp_260721_133144_DeCU_ASF_LR_bs4_ep15/summary_conf0.3.md,,
decu_asf,DeCU-ASF,exp_260721_133144_DeCU_ASF_LR_bs4_ep15,summary_conf_md_condition,full_or_exported_summary,urban,0.3,sed,,,,,67.02,49.39,,,58.205,49.39,/home/hongsheng/decu_asf/results/exp_260721_133144_DeCU_ASF_LR_bs4_ep15/summary_conf0.3.md,,
decu_asf,DeCU-ASF,exp_260721_133144_DeCU_ASF_LR_bs8_ep30,summary_conf_md,full_or_exported_summary,all,0.3,bus,,,17.9,5.15,47.76,28.63,61.77,53.86,35.845,29.213333333333335,/home/hongsheng/decu_asf/results/exp_260721_133144_DeCU_ASF_LR_bs8_ep30/summary_conf0.3.md,,
decu_asf,DeCU-ASF,exp_260721_133144_DeCU_ASF_LR_bs8_ep30,summary_conf_md,full_or_exported_summary,all,0.3,sed,,,37.57,8.23,61.82,44.15,67.97,64.92,47.443333333333335,39.1,/home/hongsheng/decu_asf/results/exp_260721_133144_DeCU_ASF_LR_bs8_ep30/summary_conf0.3.md,,
decu_asf,DeCU-ASF,exp_260721_133144_DeCU_ASF_LR_bs8_ep30,summary_conf_md_condition,full_or_exported_summary,all,0.3,bus,,,,,47.76,28.63,,,38.195,28.63,/home/hongsheng/decu_asf/results/exp_260721_133144_DeCU_ASF_LR_bs8_ep30/summary_conf0.3.md,,
decu_asf,DeCU-ASF,exp_260721_133144_DeCU_ASF_LR_bs8_ep30,summary_conf_md_condition,full_or_exported_summary,all,0.3,sed,,,,,61.82,44.15,,,52.985,44.15,/home/hongsheng/decu_asf/results/exp_260721_133144_DeCU_ASF_LR_bs8_ep30/summary_conf0.3.md,,
decu_asf,DeCU-ASF,exp_260721_133144_DeCU_ASF_LR_bs8_ep30,summary_conf_md_condition,full_or_exported_summary,alleyway,0.3,bus,,,,,6.9,2.09,,,4.495,2.09,/home/hongsheng/decu_asf/results/exp_260721_133144_DeCU_ASF_LR_bs8_ep30/summary_conf0.3.md,,
decu_asf,DeCU-ASF,exp_260721_133144_DeCU_ASF_LR_bs8_ep30,summary_conf_md_condition,full_or_exported_summary,alleyway,0.3,sed,,,,,26.92,13.31,,,20.115000000000002,13.31,/home/hongsheng/decu_asf/results/exp_260721_133144_DeCU_ASF_LR_bs8_ep30/summary_conf0.3.md,,
decu_asf,DeCU-ASF,exp_260721_133144_DeCU_ASF_LR_bs8_ep30,summary_conf_md_condition,full_or_exported_summary,countryside,0.3,bus,,,,,34.98,10.94,,,22.959999999999997,10.94,/home/hongsheng/decu_asf/results/exp_260721_133144_DeCU_ASF_LR_bs8_ep30/summary_conf0.3.md,,
decu_asf,DeCU-ASF,exp_260721_133144_DeCU_ASF_LR_bs8_ep30,summary_conf_md_condition,full_or_exported_summary,countryside,0.3,sed,,,,,52.25,28.48,,,40.365,28.48,/home/hongsheng/decu_asf/results/exp_260721_133144_DeCU_ASF_LR_bs8_ep30/summary_conf0.3.md,,
decu_asf,DeCU-ASF,exp_260721_133144_DeCU_ASF_LR_bs8_ep30,summary_conf_md_condition,full_or_exported_summary,day,0.3,bus,,,,,42.46,27.1,,,34.78,27.1,/home/hongsheng/decu_asf/results/exp_260721_133144_DeCU_ASF_LR_bs8_ep30/summary_conf0.3.md,,
decu_asf,DeCU-ASF,exp_260721_133144_DeCU_ASF_LR_bs8_ep30,summary_conf_md_condition,full_or_exported_summary,day,0.3,sed,,,,,66.07,46.61,,,56.339999999999996,46.61,/home/hongsheng/decu_asf/results/exp_260721_133144_DeCU_ASF_LR_bs8_ep30/summary_conf0.3.md,,
decu_asf,DeCU-ASF,exp_260721_133144_DeCU_ASF_LR_bs8_ep30,summary_conf_md_condition,full_or_exported_summary,fog,0.3,bus,,,,,0.0,0.0,,,0.0,0.0,/home/hongsheng/decu_asf/results/exp_260721_133144_DeCU_ASF_LR_bs8_ep30/summary_conf0.3.md,,
decu_asf,DeCU-ASF,exp_260721_133144_DeCU_ASF_LR_bs8_ep30,summary_conf_md_condition,full_or_exported_summary,fog,0.3,sed,,,,,92.27,76.85,,,84.56,76.85,/home/hongsheng/decu_asf/results/exp_260721_133144_DeCU_ASF_LR_bs8_ep30/summary_conf0.3.md,,
decu_asf,DeCU-ASF,exp_260721_133144_DeCU_ASF_LR_bs8_ep30,summary_conf_md_condition,full_or_exported_summary,heavysnow,0.3,bus,,,,,73.3,29.51,,,51.405,29.51,/home/hongsheng/decu_asf/results/exp_260721_133144_DeCU_ASF_LR_bs8_ep30/summary_conf0.3.md,,
decu_asf,DeCU-ASF,exp_260721_133144_DeCU_ASF_LR_bs8_ep30,summary_conf_md_condition,full_or_exported_summary,heavysnow,0.3,sed,,,,,56.04,44.75,,,50.394999999999996,44.75,/home/hongsheng/decu_asf/results/exp_260721_133144_DeCU_ASF_LR_bs8_ep30/summary_conf0.3.md,,
decu_asf,DeCU-ASF,exp_260721_133144_DeCU_ASF_LR_bs8_ep30,summary_conf_md_condition,full_or_exported_summary,highway,0.3,bus,,,,,49.59,29.96,,,39.775000000000006,29.96,/home/hongsheng/decu_asf/results/exp_260721_133144_DeCU_ASF_LR_bs8_ep30/summary_conf0.3.md,,
decu_asf,DeCU-ASF,exp_260721_133144_DeCU_ASF_LR_bs8_ep30,summary_conf_md_condition,full_or_exported_summary,highway,0.3,sed,,,,,71.64,47.77,,,59.705,47.77,/home/hongsheng/decu_asf/results/exp_260721_133144_DeCU_ASF_LR_bs8_ep30/summary_conf0.3.md,,
decu_asf,DeCU-ASF,exp_260721_133144_DeCU_ASF_LR_bs8_ep30,summary_conf_md_condition,full_or_exported_summary,lightsnow,0.3,bus,,,,,84.3,72.55,,,78.425,72.55,/home/hongsheng/decu_asf/results/exp_260721_133144_DeCU_ASF_LR_bs8_ep30/summary_conf0.3.md,,
decu_asf,DeCU-ASF,exp_260721_133144_DeCU_ASF_LR_bs8_ep30,summary_conf_md_condition,full_or_exported_summary,lightsnow,0.3,sed,,,,,80.21,50.72,,,65.465,50.72,/home/hongsheng/decu_asf/results/exp_260721_133144_DeCU_ASF_LR_bs8_ep30/summary_conf0.3.md,,
decu_asf,DeCU-ASF,exp_260721_133144_DeCU_ASF_LR_bs8_ep30,summary_conf_md_condition,full_or_exported_summary,mountain,0.3,bus,,,,,50.73,40.34,,,45.535,40.34,/home/hongsheng/decu_asf/results/exp_260721_133144_DeCU_ASF_LR_bs8_ep30/summary_conf0.3.md,,
decu_asf,DeCU-ASF,exp_260721_133144_DeCU_ASF_LR_bs8_ep30,summary_conf_md_condition,full_or_exported_summary,mountain,0.3,sed,,,,,89.48,59.74,,,74.61,59.74,/home/hongsheng/decu_asf/results/exp_260721_133144_DeCU_ASF_LR_bs8_ep30/summary_conf0.3.md,,
decu_asf,DeCU-ASF,exp_260721_133144_DeCU_ASF_LR_bs8_ep30,summary_conf_md_condition,full_or_exported_summary,night,0.3,bus,,,,,57.6,32.13,,,44.865,32.13,/home/hongsheng/decu_asf/results/exp_260721_133144_DeCU_ASF_LR_bs8_ep30/summary_conf0.3.md,,
decu_asf,DeCU-ASF,exp_260721_133144_DeCU_ASF_LR_bs8_ep30,summary_conf_md_condition,full_or_exported_summary,night,0.3,sed,,,,,57.34,37.74,,,47.540000000000006,37.74,/home/hongsheng/decu_asf/results/exp_260721_133144_DeCU_ASF_LR_bs8_ep30/summary_conf0.3.md,,
decu_asf,DeCU-ASF,exp_260721_133144_DeCU_ASF_LR_bs8_ep30,summary_conf_md_condition,full_or_exported_summary,normal,0.3,bus,,,,,36.17,24.31,,,30.240000000000002,24.31,/home/hongsheng/decu_asf/results/exp_260721_133144_DeCU_ASF_LR_bs8_ep30/summary_conf0.3.md,,
decu_asf,DeCU-ASF,exp_260721_133144_DeCU_ASF_LR_bs8_ep30,summary_conf_md_condition,full_or_exported_summary,normal,0.3,sed,,,,,60.11,39.62,,,49.864999999999995,39.62,/home/hongsheng/decu_asf/results/exp_260721_133144_DeCU_ASF_LR_bs8_ep30/summary_conf0.3.md,,
decu_asf,DeCU-ASF,exp_260721_133144_DeCU_ASF_LR_bs8_ep30,summary_conf_md_condition,full_or_exported_summary,overcast,0.3,bus,,,,,40.76,25.3,,,33.03,25.3,/home/hongsheng/decu_asf/results/exp_260721_133144_DeCU_ASF_LR_bs8_ep30/summary_conf0.3.md,,
decu_asf,DeCU-ASF,exp_260721_133144_DeCU_ASF_LR_bs8_ep30,summary_conf_md_condition,full_or_exported_summary,overcast,0.3,sed,,,,,72.87,49.41,,,61.14,49.41,/home/hongsheng/decu_asf/results/exp_260721_133144_DeCU_ASF_LR_bs8_ep30/summary_conf0.3.md,,
decu_asf,DeCU-ASF,exp_260721_133144_DeCU_ASF_LR_bs8_ep30,summary_conf_md_condition,full_or_exported_summary,parkinglots,0.3,bus,,,,,25.04,11.85,,,18.445,11.85,/home/hongsheng/decu_asf/results/exp_260721_133144_DeCU_ASF_LR_bs8_ep30/summary_conf0.3.md,,
decu_asf,DeCU-ASF,exp_260721_133144_DeCU_ASF_LR_bs8_ep30,summary_conf_md_condition,full_or_exported_summary,parkinglots,0.3,sed,,,,,50.4,42.38,,,46.39,42.38,/home/hongsheng/decu_asf/results/exp_260721_133144_DeCU_ASF_LR_bs8_ep30/summary_conf0.3.md,,
decu_asf,DeCU-ASF,exp_260721_133144_DeCU_ASF_LR_bs8_ep30,summary_conf_md_condition,full_or_exported_summary,rain,0.3,bus,,,,,3.78,3.17,,,3.4749999999999996,3.17,/home/hongsheng/decu_asf/results/exp_260721_133144_DeCU_ASF_LR_bs8_ep30/summary_conf0.3.md,,
decu_asf,DeCU-ASF,exp_260721_133144_DeCU_ASF_LR_bs8_ep30,summary_conf_md_condition,full_or_exported_summary,rain,0.3,sed,,,,,55.07,38.97,,,47.019999999999996,38.97,/home/hongsheng/decu_asf/results/exp_260721_133144_DeCU_ASF_LR_bs8_ep30/summary_conf0.3.md,,
decu_asf,DeCU-ASF,exp_260721_133144_DeCU_ASF_LR_bs8_ep30,summary_conf_md_condition,full_or_exported_summary,shoulder,0.3,bus,,,,,0.0,0.0,,,0.0,0.0,/home/hongsheng/decu_asf/results/exp_260721_133144_DeCU_ASF_LR_bs8_ep30/summary_conf0.3.md,,
decu_asf,DeCU-ASF,exp_260721_133144_DeCU_ASF_LR_bs8_ep30,summary_conf_md_condition,full_or_exported_summary,shoulder,0.3,sed,,,,,97.31,94.11,,,95.71000000000001,94.11,/home/hongsheng/decu_asf/results/exp_260721_133144_DeCU_ASF_LR_bs8_ep30/summary_conf0.3.md,,
decu_asf,DeCU-ASF,exp_260721_133144_DeCU_ASF_LR_bs8_ep30,summary_conf_md_condition,full_or_exported_summary,sleet,0.3,bus,,,,,37.66,21.22,,,29.439999999999998,21.22,/home/hongsheng/decu_asf/results/exp_260721_133144_DeCU_ASF_LR_bs8_ep30/summary_conf0.3.md,,
decu_asf,DeCU-ASF,exp_260721_133144_DeCU_ASF_LR_bs8_ep30,summary_conf_md_condition,full_or_exported_summary,sleet,0.3,sed,,,,,58.58,43.02,,,50.8,43.02,/home/hongsheng/decu_asf/results/exp_260721_133144_DeCU_ASF_LR_bs8_ep30/summary_conf0.3.md,,
decu_asf,DeCU-ASF,exp_260721_133144_DeCU_ASF_LR_bs8_ep30,summary_conf_md_condition,full_or_exported_summary,university,0.3,bus,,,,,0.0,0.0,,,0.0,0.0,/home/hongsheng/decu_asf/results/exp_260721_133144_DeCU_ASF_LR_bs8_ep30/summary_conf0.3.md,,
decu_asf,DeCU-ASF,exp_260721_133144_DeCU_ASF_LR_bs8_ep30,summary_conf_md_condition,full_or_exported_summary,university,0.3,sed,,,,,57.11,31.68,,,44.394999999999996,31.68,/home/hongsheng/decu_asf/results/exp_260721_133144_DeCU_ASF_LR_bs8_ep30/summary_conf0.3.md,,
decu_asf,DeCU-ASF,exp_260721_133144_DeCU_ASF_LR_bs8_ep30,summary_conf_md_condition,full_or_exported_summary,urban,0.3,bus,,,,,71.4,43.26,,,57.33,43.26,/home/hongsheng/decu_asf/results/exp_260721_133144_DeCU_ASF_LR_bs8_ep30/summary_conf0.3.md,,
decu_asf,DeCU-ASF,exp_260721_133144_DeCU_ASF_LR_bs8_ep30,summary_conf_md_condition,full_or_exported_summary,urban,0.3,sed,,,,,64.72,45.95,,,55.335,45.95,/home/hongsheng/decu_asf/results/exp_260721_133144_DeCU_ASF_LR_bs8_ep30/summary_conf0.3.md,,
decu_asf,DeCU-ASF,exp_260725_230532_DeCU_A2FUSION_rlc_l1d256_l2p2t32d256g_l2g_scl_mha16,summary_conf_md,full_or_exported_summary,all,0.0,bus,,,12.9,4.24,42.86,25.12,64.96,53.39,33.91166666666667,27.583333333333332,/home/hongsheng/decu_asf/results/exp_260725_230532_DeCU_A2FUSION_rlc_l1d256_l2p2t32d256g_l2g_scl_mha16/summary_conf0.0.md,,
decu_asf,DeCU-ASF,exp_260725_230532_DeCU_A2FUSION_rlc_l1d256_l2p2t32d256g_l2g_scl_mha16,summary_conf_md,full_or_exported_summary,all,0.0,sed,,,21.2,2.32,65.43,38.82,78.16,74.56,46.748333333333335,38.56666666666667,/home/hongsheng/decu_asf/results/exp_260725_230532_DeCU_A2FUSION_rlc_l1d256_l2p2t32d256g_l2g_scl_mha16/summary_conf0.0.md,,
decu_asf,DeCU-ASF,exp_260725_230532_DeCU_A2FUSION_rlc_l1d256_l2p2t32d256g_l2g_scl_mha16,summary_conf_md_condition,full_or_exported_summary,all,0.0,bus,,,,,42.86,25.12,,,33.99,25.12,/home/hongsheng/decu_asf/results/exp_260725_230532_DeCU_A2FUSION_rlc_l1d256_l2p2t32d256g_l2g_scl_mha16/summary_conf0.0.md,,
decu_asf,DeCU-ASF,exp_260725_230532_DeCU_A2FUSION_rlc_l1d256_l2p2t32d256g_l2g_scl_mha16,summary_conf_md_condition,full_or_exported_summary,all,0.0,sed,,,,,65.43,38.82,,,52.125,38.82,/home/hongsheng/decu_asf/results/exp_260725_230532_DeCU_A2FUSION_rlc_l1d256_l2p2t32d256g_l2g_scl_mha16/summary_conf0.0.md,,
decu_asf,DeCU-ASF,exp_260725_230532_DeCU_A2FUSION_rlc_l1d256_l2p2t32d256g_l2g_scl_mha16,summary_conf_md,full_or_exported_summary,all,0.3,bus,,,12.49,4.41,39.25,22.66,57.36,47.84,30.668333333333333,24.97,/home/hongsheng/decu_asf/results/exp_260725_230532_DeCU_A2FUSION_rlc_l1d256_l2p2t32d256g_l2g_scl_mha16/summary_conf0.3.md,,
decu_asf,DeCU-ASF,exp_260725_230532_DeCU_A2FUSION_rlc_l1d256_l2p2t32d256g_l2g_scl_mha16,summary_conf_md,full_or_exported_summary,all,0.3,sed,,,19.75,2.43,60.63,36.89,68.63,67.71,42.67333333333334,35.67666666666667,/home/hongsheng/decu_asf/results/exp_260725_230532_DeCU_A2FUSION_rlc_l1d256_l2p2t32d256g_l2g_scl_mha16/summary_conf0.3.md,,
decu_asf,DeCU-ASF,exp_260725_230532_DeCU_A2FUSION_rlc_l1d256_l2p2t32d256g_l2g_scl_mha16,summary_conf_md_condition,full_or_exported_summary,all,0.3,bus,,,,,39.25,22.66,,,30.955,22.66,/home/hongsheng/decu_asf/results/exp_260725_230532_DeCU_A2FUSION_rlc_l1d256_l2p2t32d256g_l2g_scl_mha16/summary_conf0.3.md,,
decu_asf,DeCU-ASF,exp_260725_230532_DeCU_A2FUSION_rlc_l1d256_l2p2t32d256g_l2g_scl_mha16,summary_conf_md_condition,full_or_exported_summary,all,0.3,sed,,,,,60.63,36.89,,,48.760000000000005,36.89,/home/hongsheng/decu_asf/results/exp_260725_230532_DeCU_A2FUSION_rlc_l1d256_l2p2t32d256g_l2g_scl_mha16/summary_conf0.3.md,,
decu_asf,DeCU-ASF,exp_260725_230532_DeCU_A2FUSION_rlc_l1d256_l2p2t32d256g_l2g_scl_mha16,summary_conf_md_condition,full_or_exported_summary,alleyway,0.3,bus,,,,,4.81,2.56,,,3.6849999999999996,2.56,/home/hongsheng/decu_asf/results/exp_260725_230532_DeCU_A2FUSION_rlc_l1d256_l2p2t32d256g_l2g_scl_mha16/summary_conf0.3.md,,
decu_asf,DeCU-ASF,exp_260725_230532_DeCU_A2FUSION_rlc_l1d256_l2p2t32d256g_l2g_scl_mha16,summary_conf_md_condition,full_or_exported_summary,alleyway,0.3,sed,,,,,24.25,11.28,,,17.765,11.28,/home/hongsheng/decu_asf/results/exp_260725_230532_DeCU_A2FUSION_rlc_l1d256_l2p2t32d256g_l2g_scl_mha16/summary_conf0.3.md,,
decu_asf,DeCU-ASF,exp_260725_230532_DeCU_A2FUSION_rlc_l1d256_l2p2t32d256g_l2g_scl_mha16,summary_conf_md_condition,full_or_exported_summary,countryside,0.3,bus,,,,,19.28,7.91,,,13.595,7.91,/home/hongsheng/decu_asf/results/exp_260725_230532_DeCU_A2FUSION_rlc_l1d256_l2p2t32d256g_l2g_scl_mha16/summary_conf0.3.md,,
decu_asf,DeCU-ASF,exp_260725_230532_DeCU_A2FUSION_rlc_l1d256_l2p2t32d256g_l2g_scl_mha16,summary_conf_md_condition,full_or_exported_summary,countryside,0.3,sed,,,,,48.6,29.85,,,39.225,29.85,/home/hongsheng/decu_asf/results/exp_260725_230532_DeCU_A2FUSION_rlc_l1d256_l2p2t32d256g_l2g_scl_mha16/summary_conf0.3.md,,
decu_asf,DeCU-ASF,exp_260725_230532_DeCU_A2FUSION_rlc_l1d256_l2p2t32d256g_l2g_scl_mha16,summary_conf_md_condition,full_or_exported_summary,day,0.3,bus,,,,,32.94,20.59,,,26.765,20.59,/home/hongsheng/decu_asf/results/exp_260725_230532_DeCU_A2FUSION_rlc_l1d256_l2p2t32d256g_l2g_scl_mha16/summary_conf0.3.md,,
decu_asf,DeCU-ASF,exp_260725_230532_DeCU_A2FUSION_rlc_l1d256_l2p2t32d256g_l2g_scl_mha16,summary_conf_md_condition,full_or_exported_summary,day,0.3,sed,,,,,63.21,39.83,,,51.519999999999996,39.83,/home/hongsheng/decu_asf/results/exp_260725_230532_DeCU_A2FUSION_rlc_l1d256_l2p2t32d256g_l2g_scl_mha16/summary_conf0.3.md,,
decu_asf,DeCU-ASF,exp_260725_230532_DeCU_A2FUSION_rlc_l1d256_l2p2t32d256g_l2g_scl_mha16,summary_conf_md_condition,full_or_exported_summary,fog,0.3,bus,,,,,0.0,0.0,,,0.0,0.0,/home/hongsheng/decu_asf/results/exp_260725_230532_DeCU_A2FUSION_rlc_l1d256_l2p2t32d256g_l2g_scl_mha16/summary_conf0.3.md,,
decu_asf,DeCU-ASF,exp_260725_230532_DeCU_A2FUSION_rlc_l1d256_l2p2t32d256g_l2g_scl_mha16,summary_conf_md_condition,full_or_exported_summary,fog,0.3,sed,,,,,89.79,70.9,,,80.345,70.9,/home/hongsheng/decu_asf/results/exp_260725_230532_DeCU_A2FUSION_rlc_l1d256_l2p2t32d256g_l2g_scl_mha16/summary_conf0.3.md,,
decu_asf,DeCU-ASF,exp_260725_230532_DeCU_A2FUSION_rlc_l1d256_l2p2t32d256g_l2g_scl_mha16,summary_conf_md_condition,full_or_exported_summary,heavysnow,0.3,bus,,,,,55.97,19.88,,,37.925,19.88,/home/hongsheng/decu_asf/results/exp_260725_230532_DeCU_A2FUSION_rlc_l1d256_l2p2t32d256g_l2g_scl_mha16/summary_conf0.3.md,,
decu_asf,DeCU-ASF,exp_260725_230532_DeCU_A2FUSION_rlc_l1d256_l2p2t32d256g_l2g_scl_mha16,summary_conf_md_condition,full_or_exported_summary,heavysnow,0.3,sed,,,,,51.34,37.46,,,44.400000000000006,37.46,/home/hongsheng/decu_asf/results/exp_260725_230532_DeCU_A2FUSION_rlc_l1d256_l2p2t32d256g_l2g_scl_mha16/summary_conf0.3.md,,
decu_asf,DeCU-ASF,exp_260725_230532_DeCU_A2FUSION_rlc_l1d256_l2p2t32d256g_l2g_scl_mha16,summary_conf_md_condition,full_or_exported_summary,highway,0.3,bus,,,,,39.67,22.84,,,31.255000000000003,22.84,/home/hongsheng/decu_asf/results/exp_260725_230532_DeCU_A2FUSION_rlc_l1d256_l2p2t32d256g_l2g_scl_mha16/summary_conf0.3.md,,
decu_asf,DeCU-ASF,exp_260725_230532_DeCU_A2FUSION_rlc_l1d256_l2p2t32d256g_l2g_scl_mha16,summary_conf_md_condition,full_or_exported_summary,highway,0.3,sed,,,,,65.99,37.03,,,51.51,37.03,/home/hongsheng/decu_asf/results/exp_260725_230532_DeCU_A2FUSION_rlc_l1d256_l2p2t32d256g_l2g_scl_mha16/summary_conf0.3.md,,
decu_asf,DeCU-ASF,exp_260725_230532_DeCU_A2FUSION_rlc_l1d256_l2p2t32d256g_l2g_scl_mha16,summary_conf_md_condition,full_or_exported_summary,lightsnow,0.3,bus,,,,,88.44,74.46,,,81.44999999999999,74.46,/home/hongsheng/decu_asf/results/exp_260725_230532_DeCU_A2FUSION_rlc_l1d256_l2p2t32d256g_l2g_scl_mha16/summary_conf0.3.md,,
decu_asf,DeCU-ASF,exp_260725_230532_DeCU_A2FUSION_rlc_l1d256_l2p2t32d256g_l2g_scl_mha16,summary_conf_md_condition,full_or_exported_summary,lightsnow,0.3,sed,,,,,79.63,43.63,,,61.629999999999995,43.63,/home/hongsheng/decu_asf/results/exp_260725_230532_DeCU_A2FUSION_rlc_l1d256_l2p2t32d256g_l2g_scl_mha16/summary_conf0.3.md,,
decu_asf,DeCU-ASF,exp_260725_230532_DeCU_A2FUSION_rlc_l1d256_l2p2t32d256g_l2g_scl_mha16,summary_conf_md_condition,full_or_exported_summary,mountain,0.3,bus,,,,,31.98,28.13,,,30.055,28.13,/home/hongsheng/decu_asf/results/exp_260725_230532_DeCU_A2FUSION_rlc_l1d256_l2p2t32d256g_l2g_scl_mha16/summary_conf0.3.md,,
decu_asf,DeCU-ASF,exp_260725_230532_DeCU_A2FUSION_rlc_l1d256_l2p2t32d256g_l2g_scl_mha16,summary_conf_md_condition,full_or_exported_summary,mountain,0.3,sed,,,,,86.83,52.04,,,69.435,52.04,/home/hongsheng/decu_asf/results/exp_260725_230532_DeCU_A2FUSION_rlc_l1d256_l2p2t32d256g_l2g_scl_mha16/summary_conf0.3.md,,
decu_asf,DeCU-ASF,exp_260725_230532_DeCU_A2FUSION_rlc_l1d256_l2p2t32d256g_l2g_scl_mha16,summary_conf_md_condition,full_or_exported_summary,night,0.3,bus,,,,,48.04,27.03,,,37.535,27.03,/home/hongsheng/decu_asf/results/exp_260725_230532_DeCU_A2FUSION_rlc_l1d256_l2p2t32d256g_l2g_scl_mha16/summary_conf0.3.md,,
decu_asf,DeCU-ASF,exp_260725_230532_DeCU_A2FUSION_rlc_l1d256_l2p2t32d256g_l2g_scl_mha16,summary_conf_md_condition,full_or_exported_summary,night,0.3,sed,,,,,53.3,28.74,,,41.019999999999996,28.74,/home/hongsheng/decu_asf/results/exp_260725_230532_DeCU_A2FUSION_rlc_l1d256_l2p2t32d256g_l2g_scl_mha16/summary_conf0.3.md,,
decu_asf,DeCU-ASF,exp_260725_230532_DeCU_A2FUSION_rlc_l1d256_l2p2t32d256g_l2g_scl_mha16,summary_conf_md_condition,full_or_exported_summary,normal,0.3,bus,,,,,29.88,19.75,,,24.814999999999998,19.75,/home/hongsheng/decu_asf/results/exp_260725_230532_DeCU_A2FUSION_rlc_l1d256_l2p2t32d256g_l2g_scl_mha16/summary_conf0.3.md,,
decu_asf,DeCU-ASF,exp_260725_230532_DeCU_A2FUSION_rlc_l1d256_l2p2t32d256g_l2g_scl_mha16,summary_conf_md_condition,full_or_exported_summary,normal,0.3,sed,,,,,58.96,32.37,,,45.665,32.37,/home/hongsheng/decu_asf/results/exp_260725_230532_DeCU_A2FUSION_rlc_l1d256_l2p2t32d256g_l2g_scl_mha16/summary_conf0.3.md,,
decu_asf,DeCU-ASF,exp_260725_230532_DeCU_A2FUSION_rlc_l1d256_l2p2t32d256g_l2g_scl_mha16,summary_conf_md_condition,full_or_exported_summary,overcast,0.3,bus,,,,,35.4,30.7,,,33.05,30.7,/home/hongsheng/decu_asf/results/exp_260725_230532_DeCU_A2FUSION_rlc_l1d256_l2p2t32d256g_l2g_scl_mha16/summary_conf0.3.md,,
decu_asf,DeCU-ASF,exp_260725_230532_DeCU_A2FUSION_rlc_l1d256_l2p2t32d256g_l2g_scl_mha16,summary_conf_md_condition,full_or_exported_summary,overcast,0.3,sed,,,,,73.39,40.42,,,56.905,40.42,/home/hongsheng/decu_asf/results/exp_260725_230532_DeCU_A2FUSION_rlc_l1d256_l2p2t32d256g_l2g_scl_mha16/summary_conf0.3.md,,
decu_asf,DeCU-ASF,exp_260725_230532_DeCU_A2FUSION_rlc_l1d256_l2p2t32d256g_l2g_scl_mha16,summary_conf_md_condition,full_or_exported_summary,parkinglots,0.3,bus,,,,,38.14,21.3,,,29.72,21.3,/home/hongsheng/decu_asf/results/exp_260725_230532_DeCU_A2FUSION_rlc_l1d256_l2p2t32d256g_l2g_scl_mha16/summary_conf0.3.md,,
decu_asf,DeCU-ASF,exp_260725_230532_DeCU_A2FUSION_rlc_l1d256_l2p2t32d256g_l2g_scl_mha16,summary_conf_md_condition,full_or_exported_summary,parkinglots,0.3,sed,,,,,36.13,28.49,,,32.31,28.49,/home/hongsheng/decu_asf/results/exp_260725_230532_DeCU_A2FUSION_rlc_l1d256_l2p2t32d256g_l2g_scl_mha16/summary_conf0.3.md,,
decu_asf,DeCU-ASF,exp_260725_230532_DeCU_A2FUSION_rlc_l1d256_l2p2t32d256g_l2g_scl_mha16,summary_conf_md_condition,full_or_exported_summary,rain,0.3,bus,,,,,3.89,2.05,,,2.9699999999999998,2.05,/home/hongsheng/decu_asf/results/exp_260725_230532_DeCU_A2FUSION_rlc_l1d256_l2p2t32d256g_l2g_scl_mha16/summary_conf0.3.md,,
decu_asf,DeCU-ASF,exp_260725_230532_DeCU_A2FUSION_rlc_l1d256_l2p2t32d256g_l2g_scl_mha16,summary_conf_md_condition,full_or_exported_summary,rain,0.3,sed,,,,,50.67,31.66,,,41.165,31.66,/home/hongsheng/decu_asf/results/exp_260725_230532_DeCU_A2FUSION_rlc_l1d256_l2p2t32d256g_l2g_scl_mha16/summary_conf0.3.md,,
decu_asf,DeCU-ASF,exp_260725_230532_DeCU_A2FUSION_rlc_l1d256_l2p2t32d256g_l2g_scl_mha16,summary_conf_md_condition,full_or_exported_summary,shoulder,0.3,bus,,,,,0.0,0.0,,,0.0,0.0,/home/hongsheng/decu_asf/results/exp_260725_230532_DeCU_A2FUSION_rlc_l1d256_l2p2t32d256g_l2g_scl_mha16/summary_conf0.3.md,,
decu_asf,DeCU-ASF,exp_260725_230532_DeCU_A2FUSION_rlc_l1d256_l2p2t32d256g_l2g_scl_mha16,summary_conf_md_condition,full_or_exported_summary,shoulder,0.3,sed,,,,,97.4,89.15,,,93.275,89.15,/home/hongsheng/decu_asf/results/exp_260725_230532_DeCU_A2FUSION_rlc_l1d256_l2p2t32d256g_l2g_scl_mha16/summary_conf0.3.md,,
decu_asf,DeCU-ASF,exp_260725_230532_DeCU_A2FUSION_rlc_l1d256_l2p2t32d256g_l2g_scl_mha16,summary_conf_md_condition,full_or_exported_summary,sleet,0.3,bus,,,,,28.75,18.85,,,23.8,18.85,/home/hongsheng/decu_asf/results/exp_260725_230532_DeCU_A2FUSION_rlc_l1d256_l2p2t32d256g_l2g_scl_mha16/summary_conf0.3.md,,
decu_asf,DeCU-ASF,exp_260725_230532_DeCU_A2FUSION_rlc_l1d256_l2p2t32d256g_l2g_scl_mha16,summary_conf_md_condition,full_or_exported_summary,sleet,0.3,sed,,,,,49.22,28.49,,,38.855,28.49,/home/hongsheng/decu_asf/results/exp_260725_230532_DeCU_A2FUSION_rlc_l1d256_l2p2t32d256g_l2g_scl_mha16/summary_conf0.3.md,,
decu_asf,DeCU-ASF,exp_260725_230532_DeCU_A2FUSION_rlc_l1d256_l2p2t32d256g_l2g_scl_mha16,summary_conf_md_condition,full_or_exported_summary,university,0.3,bus,,,,,0.0,0.0,,,0.0,0.0,/home/hongsheng/decu_asf/results/exp_260725_230532_DeCU_A2FUSION_rlc_l1d256_l2p2t32d256g_l2g_scl_mha16/summary_conf0.3.md,,
decu_asf,DeCU-ASF,exp_260725_230532_DeCU_A2FUSION_rlc_l1d256_l2p2t32d256g_l2g_scl_mha16,summary_conf_md_condition,full_or_exported_summary,university,0.3,sed,,,,,53.64,30.31,,,41.975,30.31,/home/hongsheng/decu_asf/results/exp_260725_230532_DeCU_A2FUSION_rlc_l1d256_l2p2t32d256g_l2g_scl_mha16/summary_conf0.3.md,,
decu_asf,DeCU-ASF,exp_260725_230532_DeCU_A2FUSION_rlc_l1d256_l2p2t32d256g_l2g_scl_mha16,summary_conf_md_condition,full_or_exported_summary,urban,0.3,bus,,,,,67.17,39.75,,,53.46,39.75,/home/hongsheng/decu_asf/results/exp_260725_230532_DeCU_A2FUSION_rlc_l1d256_l2p2t32d256g_l2g_scl_mha16/summary_conf0.3.md,,
decu_asf,DeCU-ASF,exp_260725_230532_DeCU_A2FUSION_rlc_l1d256_l2p2t32d256g_l2g_scl_mha16,summary_conf_md_condition,full_or_exported_summary,urban,0.3,sed,,,,,63.46,39.32,,,51.39,39.32,/home/hongsheng/decu_asf/results/exp_260725_230532_DeCU_A2FUSION_rlc_l1d256_l2p2t32d256g_l2g_scl_mha16/summary_conf0.3.md,,
v2,RL_3df_gate / DeCU-ASF early,exp_260714_024354_RL_3df_gate,summary_conf_md,full_or_exported_summary,all,0.3,sed,,,11.39,0.65,49.87,15.03,69.73,57.0,33.945,24.226666666666663,/home/hongsheng/v2/results/exp_260714_024354_RL_3df_gate/summary_conf0.3.md,,
v2,RL_3df_gate / DeCU-ASF early,exp_260714_024354_RL_3df_gate,summary_conf_md_condition,full_or_exported_summary,all,0.3,sed,,,,,49.87,15.03,,,32.449999999999996,15.03,/home/hongsheng/v2/results/exp_260714_024354_RL_3df_gate/summary_conf0.3.md,,
v2,RL_3df_gate / DeCU-ASF early,exp_260714_024354_RL_3df_gate,summary_conf_md_condition,full_or_exported_summary,alleyway,0.3,sed,,,,,27.08,3.39,,,15.235,3.39,/home/hongsheng/v2/results/exp_260714_024354_RL_3df_gate/summary_conf0.3.md,,
v2,RL_3df_gate / DeCU-ASF early,exp_260714_024354_RL_3df_gate,summary_conf_md_condition,full_or_exported_summary,countryside,0.3,sed,,,,,60.77,18.64,,,39.705,18.64,/home/hongsheng/v2/results/exp_260714_024354_RL_3df_gate/summary_conf0.3.md,,
v2,RL_3df_gate / DeCU-ASF early,exp_260714_024354_RL_3df_gate,summary_conf_md_condition,full_or_exported_summary,day,0.3,sed,,,,,48.74,15.95,,,32.345,15.95,/home/hongsheng/v2/results/exp_260714_024354_RL_3df_gate/summary_conf0.3.md,,
v2,RL_3df_gate / DeCU-ASF early,exp_260714_024354_RL_3df_gate,summary_conf_md_condition,full_or_exported_summary,fog,0.3,sed,,,,,63.33,25.55,,,44.44,25.55,/home/hongsheng/v2/results/exp_260714_024354_RL_3df_gate/summary_conf0.3.md,,
v2,RL_3df_gate / DeCU-ASF early,exp_260714_024354_RL_3df_gate,summary_conf_md_condition,full_or_exported_summary,heavysnow,0.3,sed,,,,,48.35,17.55,,,32.95,17.55,/home/hongsheng/v2/results/exp_260714_024354_RL_3df_gate/summary_conf0.3.md,,
v2,RL_3df_gate / DeCU-ASF early,exp_260714_024354_RL_3df_gate,summary_conf_md_condition,full_or_exported_summary,highway,0.3,sed,,,,,56.82,9.2,,,33.01,9.2,/home/hongsheng/v2/results/exp_260714_024354_RL_3df_gate/summary_conf0.3.md,,
v2,RL_3df_gate / DeCU-ASF early,exp_260714_024354_RL_3df_gate,summary_conf_md_condition,full_or_exported_summary,lightsnow,0.3,sed,,,,,65.1,27.43,,,46.265,27.43,/home/hongsheng/v2/results/exp_260714_024354_RL_3df_gate/summary_conf0.3.md,,
v2,RL_3df_gate / DeCU-ASF early,exp_260714_024354_RL_3df_gate,summary_conf_md_condition,full_or_exported_summary,mountain,0.3,sed,,,,,69.69,37.02,,,53.355000000000004,37.02,/home/hongsheng/v2/results/exp_260714_024354_RL_3df_gate/summary_conf0.3.md,,
v2,RL_3df_gate / DeCU-ASF early,exp_260714_024354_RL_3df_gate,summary_conf_md_condition,full_or_exported_summary,night,0.3,sed,,,,,52.97,12.73,,,32.85,12.73,/home/hongsheng/v2/results/exp_260714_024354_RL_3df_gate/summary_conf0.3.md,,
v2,RL_3df_gate / DeCU-ASF early,exp_260714_024354_RL_3df_gate,summary_conf_md_condition,full_or_exported_summary,normal,0.3,sed,,,,,48.79,14.58,,,31.685,14.58,/home/hongsheng/v2/results/exp_260714_024354_RL_3df_gate/summary_conf0.3.md,,
v2,RL_3df_gate / DeCU-ASF early,exp_260714_024354_RL_3df_gate,summary_conf_md_condition,full_or_exported_summary,overcast,0.3,sed,,,,,68.15,24.74,,,46.445,24.74,/home/hongsheng/v2/results/exp_260714_024354_RL_3df_gate/summary_conf0.3.md,,
v2,RL_3df_gate / DeCU-ASF early,exp_260714_024354_RL_3df_gate,summary_conf_md_condition,full_or_exported_summary,parkinglots,0.3,sed,,,,,4.55,4.55,,,4.55,4.55,/home/hongsheng/v2/results/exp_260714_024354_RL_3df_gate/summary_conf0.3.md,,
v2,RL_3df_gate / DeCU-ASF early,exp_260714_024354_RL_3df_gate,summary_conf_md_condition,full_or_exported_summary,rain,0.3,sed,,,,,52.49,13.07,,,32.78,13.07,/home/hongsheng/v2/results/exp_260714_024354_RL_3df_gate/summary_conf0.3.md,,
v2,RL_3df_gate / DeCU-ASF early,exp_260714_024354_RL_3df_gate,summary_conf_md_condition,full_or_exported_summary,shoulder,0.3,sed,,,,,53.47,3.07,,,28.27,3.07,/home/hongsheng/v2/results/exp_260714_024354_RL_3df_gate/summary_conf0.3.md,,
v2,RL_3df_gate / DeCU-ASF early,exp_260714_024354_RL_3df_gate,summary_conf_md_condition,full_or_exported_summary,sleet,0.3,sed,,,,,30.88,4.62,,,17.75,4.62,/home/hongsheng/v2/results/exp_260714_024354_RL_3df_gate/summary_conf0.3.md,,
v2,RL_3df_gate / DeCU-ASF early,exp_260714_024354_RL_3df_gate,summary_conf_md_condition,full_or_exported_summary,university,0.3,sed,,,,,49.85,26.79,,,38.32,26.79,/home/hongsheng/v2/results/exp_260714_024354_RL_3df_gate/summary_conf0.3.md,,
v2,RL_3df_gate / DeCU-ASF early,exp_260714_024354_RL_3df_gate,summary_conf_md_condition,full_or_exported_summary,urban,0.3,sed,,,,,52.89,20.8,,,36.845,20.8,/home/hongsheng/v2/results/exp_260714_024354_RL_3df_gate/summary_conf0.3.md,,
