frame_idx,seq,sample_id,weather,patch_idx,foreground,camera,lidar,radar,dominant,dominant_value,dominance_margin,entropy,balance_score,fg_gate
0,1,00182,normal,398,1,0.000000,1.000000,0.000000,L,1.000000,1.000000,0.000000,0.000000,0.389661
0,1,00182,normal,579,1,0.000000,1.000000,0.000000,L,1.000000,1.000000,0.000001,0.000000,0.238072
0,1,00182,normal,1132,1,0.000000,1.000000,0.000000,L,1.000000,1.000000,0.000000,0.000000,0.216230
0,1,00182,normal,1405,1,0.000000,1.000000,0.000000,L,1.000000,1.000000,0.000000,0.000000,0.122333
0,1,00182,normal,1224,1,0.000000,1.000000,0.000000,L,1.000000,1.000000,-0.000000,0.000000,0.522878
0,1,00182,normal,397,1,0.000000,1.000000,0.000000,L,1.000000,1.000000,0.000000,0.000000,0.293265
0,1,00182,normal,489,1,0.000000,1.000000,0.000000,L,1.000000,1.000000,-0.000000,0.000000,0.683550
0,1,00182,normal,1221,1,0.000000,1.000000,0.000000,L,1.000000,1.000000,0.000000,0.000000,0.168869
0,1,00182,normal,1222,1,0.000000,1.000000,0.000000,L,1.000000,1.000000,-0.000000,0.000000,0.372420
0,1,00182,normal,1135,1,0.000000,1.000000,0.000000,L,1.000000,1.000000,0.000000,0.000000,0.439098
0,1,00182,normal,1043,1,0.000000,1.000000,0.000000,L,1.000000,1.000000,0.000000,0.000000,0.168687
0,1,00182,normal,1136,1,0.000000,1.000000,0.000000,L,1.000000,1.000000,0.000000,0.000000,0.402536
0,1,00182,normal,1315,1,0.000000,1.000000,0.000000,L,1.000000,1.000000,0.000000,0.000000,0.220475
0,1,00182,normal,1131,1,0.000000,1.000000,0.000000,L,1.000000,1.000000,0.000000,0.000000,0.185666
0,1,00182,normal,1137,1,0.000000,1.000000,0.000000,L,1.000000,1.000000,0.000000,0.000000,0.264964
0,1,00182,normal,1045,1,0.000000,1.000000,0.000000,L,1.000000,1.000000,0.000000,0.000000,0.195434
0,1,00182,normal,490,1,0.000000,1.000000,0.000000,L,1.000000,1.000000,-0.000000,0.000000,0.679650
0,1,00182,normal,307,1,0.000000,1.000000,0.000000,L,1.000000,1.000000,0.000001,0.000000,0.200792
0,1,00182,normal,1316,1,0.000000,1.000000,0.000000,L,1.000000,1.000000,0.000000,0.000000,0.144311
0,1,00182,normal,312,1,0.000000,1.000000,0.000000,L,1.000000,1.000000,0.000002,0.000000,0.213939
0,1,00182,normal,1407,1,0.000000,1.000000,0.000000,L,1.000000,1.000000,0.000000,0.000000,0.127410
0,1,00182,normal,577,1,0.000000,1.000000,0.000000,L,1.000000,1.000000,0.000002,0.000000,0.196511
0,1,00182,normal,1402,1,0.000000,1.000000,0.000000,L,1.000000,1.000000,0.000002,0.000000,0.122065
0,1,00182,normal,1226,1,0.000000,1.000000,0.000000,L,1.000000,1.000000,0.000000,0.000000,0.280818
0,1,00182,normal,1403,1,0.000000,1.000000,0.000000,L,1.000000,1.000000,0.000000,0.000000,0.141134
0,1,00182,normal,1311,1,0.000000,1.000000,0.000000,L,1.000000,1.000000,0.000003,0.000000,0.144273
0,1,00182,normal,1406,1,0.000000,1.000000,0.000000,L,1.000000,1.000000,0.000000,0.000000,0.113282
0,1,00182,normal,488,1,0.000000,1.000000,0.000000,L,1.000000,1.000000,0.000000,0.000000,0.310017
0,1,00182,normal,487,1,0.000000,1.000000,0.000000,L,1.000000,1.000000,0.000000,0.000000,0.276003
0,1,00182,normal,399,1,0.000000,1.000000,0.000000,L,1.000000,1.000000,-0.000000,0.000000,0.818314
0,1,00182,normal,402,1,0.000000,1.000000,0.000000,L,1.000000,1.000000,0.000000,0.000000,0.243844
0,1,00182,normal,1312,1,0.000000,1.000000,0.000000,L,1.000000,1.000000,0.000000,0.000000,0.150540
0,1,00182,normal,1042,1,0.000000,1.000000,0.000000,L,1.000000,1.000000,0.000000,0.000000,0.152146
0,1,00182,normal,1047,1,0.000000,1.000000,0.000000,L,1.000000,1.000000,0.000000,0.000000,0.180889
0,1,00182,normal,582,1,0.000000,1.000000,0.000000,L,1.000000,1.000000,0.000000,0.000000,0.172056
0,1,00182,normal,491,1,0.000000,1.000000,0.000000,L,1.000000,1.000000,0.000000,0.000000,0.312876
0,1,00182,normal,1358,0,0.000000,1.000000,0.000000,L,1.000000,1.000000,0.000002,0.000000,0.185833
0,1,00182,normal,156,0,0.000000,1.000000,0.000000,L,1.000000,1.000000,0.000001,0.000000,0.145225
0,1,00182,normal,721,0,0.000000,1.000000,0.000000,L,1.000000,1.000000,0.000000,0.000000,0.104394
0,1,00182,normal,183,0,0.000000,1.000000,0.000000,L,1.000000,1.000000,0.000001,0.000000,0.141702
0,1,00182,normal,1179,0,0.000000,1.000000,0.000000,L,1.000000,0.999999,0.000007,0.000001,0.205131
0,1,00182,normal,1139,0,0.000000,0.999999,0.000000,L,0.999999,0.999999,0.000010,0.000001,0.143184
0,1,00182,normal,622,0,0.000000,1.000000,0.000000,L,1.000000,1.000000,0.000000,0.000000,0.068148
0,1,00182,normal,613,0,0.000000,1.000000,0.000000,L,1.000000,1.000000,0.000001,0.000000,0.229126
0,1,00182,normal,960,0,0.000000,1.000000,0.000000,L,1.000000,1.000000,0.000000,0.000000,0.162085
0,1,00182,normal,288,0,0.000000,1.000000,0.000000,L,1.000000,1.000000,0.000000,0.000000,0.122702
0,1,00182,normal,1372,0,0.000000,1.000000,0.000000,L,1.000000,1.000000,0.000000,0.000000,0.168842
0,1,00182,normal,1220,0,0.000000,1.000000,0.000000,L,1.000000,1.000000,0.000000,0.000000,0.184174
0,1,00182,normal,656,0,0.000000,1.000000,0.000000,L,1.000000,1.000000,0.000001,0.000000,0.093042
0,1,00182,normal,50,0,0.000000,1.000000,0.000000,L,1.000000,1.000000,0.000000,0.000000,0.162489
0,1,00182,normal,779,0,0.000000,1.000000,0.000000,L,1.000000,1.000000,0.000000,0.000000,0.149198
0,1,00182,normal,768,0,0.000000,1.000000,0.000000,L,1.000000,1.000000,0.000001,0.000000,0.137389
0,1,00182,normal,968,0,0.000000,1.000000,0.000000,L,1.000000,0.999999,0.000006,0.000001,0.131096
0,1,00182,normal,888,0,0.000000,1.000000,0.000000,L,1.000000,1.000000,0.000000,0.000000,0.157231
1,1,00539,normal,1039,1,0.000000,1.000000,0.000000,L,1.000000,1.000000,0.000001,0.000000,0.257101
1,1,00539,normal,1209,1,0.000000,1.000000,0.000000,L,1.000000,1.000000,0.000000,0.000000,0.208677
1,1,00539,normal,1294,1,0.000000,1.000000,0.000000,L,1.000000,1.000000,0.000001,0.000000,0.244350
1,1,00539,normal,1312,1,0.000000,1.000000,0.000000,L,1.000000,1.000000,-0.000000,0.000000,0.444813
1,1,00539,normal,1387,1,0.000000,1.000000,0.000000,L,1.000000,1.000000,-0.000000,0.000000,0.687097
1,1,00539,normal,1210,1,0.000000,1.000000,0.000000,L,1.000000,1.000000,0.000000,0.000000,0.102313
1,1,00539,normal,1404,1,0.000000,0.999999,0.000000,L,0.999999,0.999999,0.000012,0.000001,0.227713
1,1,00539,normal,1311,1,0.000000,1.000000,0.000000,L,1.000000,1.000000,-0.000000,0.000000,0.461906
1,1,00539,normal,1222,1,0.000000,1.000000,0.000000,L,1.000000,1.000000,0.000001,0.000000,0.217526
1,1,00539,normal,1208,1,0.000000,1.000000,0.000000,L,1.000000,1.000000,0.000001,0.000000,0.228690
1,1,00539,normal,1040,1,0.000000,1.000000,0.000000,L,1.000000,1.000000,0.000001,0.000000,0.216998
1,1,00539,normal,1125,1,0.000000,1.000000,0.000000,L,1.000000,1.000000,0.000003,0.000000,0.223883
1,1,00539,normal,1298,1,0.000000,1.000000,0.000000,L,1.000000,1.000000,-0.000000,0.000000,0.535274
1,1,00539,normal,1128,1,0.000000,1.000000,0.000000,L,1.000000,1.000000,0.000001,0.000000,0.280851
1,1,00539,normal,1215,1,0.000000,1.000000,0.000000,L,1.000000,0.999999,0.000005,0.000001,0.204618
1,1,00539,normal,1314,1,0.000000,1.000000,0.000000,L,1.000000,0.999999,0.000008,0.000001,0.238040
1,1,00539,normal,1223,1,0.000000,1.000000,0.000000,L,1.000000,1.000000,0.000002,0.000000,0.225769
1,1,00539,normal,1219,1,0.000000,1.000000,0.000000,L,1.000000,1.000000,0.000001,0.000000,0.209744
1,1,00539,normal,949,1,0.000000,1.000000,0.000000,L,1.000000,0.999999,0.000007,0.000001,0.224176
1,1,00539,normal,945,1,0.000000,1.000000,0.000000,L,1.000000,1.000000,0.000002,0.000000,0.219075
1,1,00539,normal,1315,1,0.000000,1.000000,0.000000,L,1.000000,1.000000,0.000000,0.000000,0.203009
1,1,00539,normal,1218,1,0.000000,1.000000,0.000000,L,1.000000,1.000000,0.000001,0.000000,0.221194
1,1,00539,normal,1204,1,0.000000,1.000000,0.000000,L,1.000000,1.000000,0.000001,0.000000,0.207241
1,1,00539,normal,1400,1,0.000000,1.000000,0.000000,L,1.000000,1.000000,0.000000,0.000000,0.318898
1,1,00539,normal,1384,1,0.000000,1.000000,0.000000,L,1.000000,1.000000,0.000001,0.000000,0.232858
1,1,00539,normal,944,1,0.000000,1.000000,0.000000,L,1.000000,1.000000,0.000002,0.000000,0.185313
1,1,00539,normal,1127,1,0.000000,1.000000,0.000000,L,1.000000,1.000000,0.000000,0.000000,0.311729
1,1,00539,normal,1035,1,0.000000,1.000000,0.000000,L,1.000000,1.000000,0.000000,0.000000,0.242999
1,1,00539,normal,1405,1,0.000000,1.000000,0.000000,L,1.000000,1.000000,0.000002,0.000000,0.183434
1,1,00539,normal,861,1,0.000000,1.000000,0.000000,L,1.000000,1.000000,0.000002,0.000000,0.124475
1,1,00539,normal,1038,1,0.000000,1.000000,0.000000,L,1.000000,1.000000,-0.000000,0.000000,0.666594
1,1,00539,normal,1224,1,0.000000,1.000000,0.000000,L,1.000000,1.000000,0.000001,0.000000,0.178287
1,1,00539,normal,1299,1,0.000000,1.000000,0.000000,L,1.000000,1.000000,0.000002,0.000000,0.240798
1,1,00539,normal,1034,1,0.000000,1.000000,0.000000,L,1.000000,1.000000,0.000001,0.000000,0.200193
1,1,00539,normal,1309,1,0.000000,1.000000,0.000000,L,1.000000,1.000000,0.000001,0.000000,0.210511
1,1,00539,normal,1134,1,0.000000,1.000000,0.000000,L,1.000000,1.000000,0.000002,0.000000,0.164151
1,1,00539,normal,1351,0,0.000000,1.000000,0.000000,L,1.000000,1.000000,0.000001,0.000000,0.200433
1,1,00539,normal,549,0,0.000000,1.000000,0.000000,L,1.000000,1.000000,0.000001,0.000000,0.103384
1,1,00539,normal,479,0,0.000000,1.000000,0.000000,L,1.000000,1.000000,0.000000,0.000000,0.096399
1,1,00539,normal,679,0,0.000000,1.000000,0.000000,L,1.000000,1.000000,0.000001,0.000000,0.139104
1,1,00539,normal,293,0,0.000000,1.000000,0.000000,L,1.000000,1.000000,0.000001,0.000000,0.125644
1,1,00539,normal,1185,0,0.000000,1.000000,0.000000,L,1.000000,1.000000,0.000002,0.000000,0.121985
1,1,00539,normal,252,0,0.000000,1.000000,0.000000,L,1.000000,1.000000,0.000000,0.000000,0.180688
1,1,00539,normal,548,0,0.000000,1.000000,0.000000,L,1.000000,1.000000,0.000001,0.000000,0.138165
1,1,00539,normal,601,0,0.000000,1.000000,0.000000,L,1.000000,1.000000,0.000000,0.000000,0.240170
1,1,00539,normal,1231,0,0.000000,1.000000,0.000000,L,1.000000,1.000000,0.000000,0.000000,0.102797
1,1,00539,normal,954,0,0.000000,1.000000,0.000000,L,1.000000,0.999999,0.000006,0.000000,0.121081
1,1,00539,normal,1364,0,0.000000,1.000000,0.000000,L,1.000000,1.000000,0.000001,0.000000,0.119124
1,1,00539,normal,821,0,0.000000,1.000000,0.000000,L,1.000000,1.000000,0.000001,0.000000,0.115774
1,1,00539,normal,818,0,0.000000,1.000000,0.000000,L,1.000000,1.000000,0.000001,0.000000,0.126439
1,1,00539,normal,44,0,0.000000,1.000000,0.000000,L,1.000000,1.000000,0.000000,0.000000,0.129447
1,1,00539,normal,1161,0,0.000000,1.000000,0.000000,L,1.000000,1.000000,0.000000,0.000000,0.136330
1,1,00539,normal,674,0,0.000000,1.000000,0.000000,L,1.000000,1.000000,0.000001,0.000000,0.111594
1,1,00539,normal,838,0,0.000000,1.000000,0.000000,L,1.000000,1.000000,0.000000,0.000000,0.164968
2,3,00285,normal,801,1,0.000000,1.000000,0.000000,L,1.000000,1.000000,0.000001,0.000000,0.205092
2,3,00285,normal,802,1,0.000000,1.000000,0.000000,L,1.000000,1.000000,0.000000,0.000000,0.214539
2,3,00285,normal,803,1,0.000000,1.000000,0.000000,L,1.000000,1.000000,0.000000,0.000000,0.219352
2,3,00285,normal,804,1,0.000000,1.000000,0.000000,L,1.000000,1.000000,0.000001,0.000000,0.213598
2,3,00285,normal,805,1,0.000000,1.000000,0.000000,L,1.000000,1.000000,0.000001,0.000000,0.182009
2,3,00285,normal,891,1,0.000000,1.000000,0.000000,L,1.000000,1.000000,0.000002,0.000000,0.232632
2,3,00285,normal,892,1,0.000000,1.000000,0.000000,L,1.000000,1.000000,0.000000,0.000000,0.273923
2,3,00285,normal,893,1,0.000000,1.000000,0.000000,L,1.000000,1.000000,-0.000000,0.000000,0.509081
2,3,00285,normal,894,1,0.000000,1.000000,0.000000,L,1.000000,1.000000,-0.000000,0.000000,0.518331
2,3,00285,normal,895,1,0.000000,1.000000,0.000000,L,1.000000,1.000000,0.000000,0.000000,0.261951
2,3,00285,normal,896,1,0.000000,1.000000,0.000000,L,1.000000,1.000000,0.000000,0.000000,0.213980
2,3,00285,normal,897,1,0.000000,1.000000,0.000000,L,1.000000,1.000000,0.000000,0.000000,0.220042
2,3,00285,normal,980,1,0.000000,1.000000,0.000000,L,1.000000,1.000000,0.000000,0.000000,0.160958
2,3,00285,normal,981,1,0.000000,1.000000,0.000000,L,1.000000,1.000000,0.000001,0.000000,0.220906
2,3,00285,normal,982,1,0.000000,1.000000,0.000000,L,1.000000,1.000000,-0.000000,0.000000,0.398242
2,3,00285,normal,983,1,0.000000,1.000000,0.000000,L,1.000000,1.000000,-0.000000,0.000000,0.790975
2,3,00285,normal,984,1,0.000000,1.000000,0.000000,L,1.000000,1.000000,-0.000000,0.000000,0.858268
2,3,00285,normal,985,1,0.000000,1.000000,0.000000,L,1.000000,1.000000,-0.000000,0.000000,0.603616
2,3,00285,normal,986,1,0.000000,1.000000,0.000000,L,1.000000,1.000000,0.000000,0.000000,0.231439
2,3,00285,normal,1070,1,0.000000,1.000000,0.000000,L,1.000000,1.000000,0.000000,0.000000,0.128807
2,3,00285,normal,1071,1,0.000000,1.000000,0.000000,L,1.000000,1.000000,0.000001,0.000000,0.173584
2,3,00285,normal,1072,1,0.000000,1.000000,0.000000,L,1.000000,1.000000,0.000000,0.000000,0.210014
2,3,00285,normal,1073,1,0.000000,1.000000,0.000000,L,1.000000,1.000000,0.000000,0.000000,0.242659
2,3,00285,normal,1074,1,0.000000,1.000000,0.000000,L,1.000000,1.000000,0.000000,0.000000,0.307111
2,3,00285,normal,1075,1,0.000000,1.000000,0.000000,L,1.000000,1.000000,0.000000,0.000000,0.254009
2,3,00285,normal,1076,1,0.000000,1.000000,0.000000,L,1.000000,1.000000,0.000000,0.000000,0.173156
2,3,00285,normal,1161,1,0.000000,1.000000,0.000000,L,1.000000,1.000000,0.000004,0.000000,0.165624
2,3,00285,normal,1162,1,0.000000,1.000000,0.000000,L,1.000000,1.000000,0.000001,0.000000,0.169905
2,3,00285,normal,1163,1,0.000000,1.000000,0.000000,L,1.000000,1.000000,0.000000,0.000000,0.207330
2,3,00285,normal,1164,1,0.000000,1.000000,0.000000,L,1.000000,1.000000,0.000000,0.000000,0.207690
2,3,00285,normal,1165,1,0.000000,1.000000,0.000000,L,1.000000,1.000000,0.000000,0.000000,0.188772
2,3,00285,normal,1166,1,0.000000,1.000000,0.000000,L,1.000000,1.000000,0.000000,0.000000,0.098706
2,3,00285,normal,701,0,0.000000,1.000000,0.000000,L,1.000000,1.000000,0.000000,0.000000,0.114104
2,3,00285,normal,359,0,0.000000,1.000000,0.000000,L,1.000000,1.000000,0.000000,0.000000,0.092399
2,3,00285,normal,950,0,0.000000,1.000000,0.000000,L,1.000000,1.000000,0.000000,0.000000,0.122398
2,3,00285,normal,1240,0,0.000000,1.000000,0.000000,L,1.000000,1.000000,0.000000,0.000000,0.088786
2,3,00285,normal,198,0,0.000000,1.000000,0.000000,L,1.000000,1.000000,0.000003,0.000000,0.167376
2,3,00285,normal,496,0,0.000000,1.000000,0.000000,L,1.000000,1.000000,0.000000,0.000000,0.172634
2,3,00285,normal,1392,0,0.000000,1.000000,0.000000,L,1.000000,1.000000,0.000001,0.000000,0.140571
2,3,00285,normal,977,0,0.000000,1.000000,0.000000,L,1.000000,1.000000,0.000000,0.000000,0.098225
2,3,00285,normal,325,0,0.000000,1.000000,0.000000,L,1.000000,1.000000,0.000000,0.000000,0.209413
2,3,00285,normal,1275,0,0.000000,1.000000,0.000000,L,1.000000,1.000000,0.000000,0.000000,0.178886
2,3,00285,normal,1048,0,0.000000,1.000000,0.000000,L,1.000000,1.000000,0.000000,0.000000,0.085128
2,3,00285,normal,1388,0,0.000000,1.000000,0.000000,L,1.000000,0.999999,0.000006,0.000000,0.137933
2,3,00285,normal,998,0,0.000000,1.000000,0.000000,L,1.000000,1.000000,0.000002,0.000000,0.111246
2,3,00285,normal,231,0,0.000000,1.000000,0.000000,L,1.000000,0.999999,0.000005,0.000000,0.167438
2,3,00285,normal,138,0,0.000000,1.000000,0.000000,L,1.000000,1.000000,0.000001,0.000000,0.148851
2,3,00285,normal,260,0,0.000000,1.000000,0.000000,L,1.000000,1.000000,0.000002,0.000000,0.124390
2,3,00285,normal,8,0,0.000000,1.000000,0.000000,L,1.000000,1.000000,0.000001,0.000000,0.184704
2,3,00285,normal,1287,0,0.000000,1.000000,0.000000,L,1.000000,1.000000,0.000000,0.000000,0.192271
3,5,00300,normal,933,1,0.000000,1.000000,0.000000,L,1.000000,1.000000,0.000000,0.000000,0.258883
3,5,00300,normal,840,1,0.000000,1.000000,0.000000,L,1.000000,1.000000,-0.000000,0.000000,0.558769
3,5,00300,normal,932,1,0.000000,1.000000,0.000000,L,1.000000,1.000000,-0.000000,0.000000,0.462112
3,5,00300,normal,1152,1,0.000000,1.000000,0.000000,L,1.000000,1.000000,-0.000000,0.000000,0.428314
3,5,00300,normal,931,1,0.000000,1.000000,0.000000,L,1.000000,1.000000,0.000000,0.000000,0.349957
3,5,00300,normal,930,1,0.000000,1.000000,0.000000,L,1.000000,1.000000,0.000002,0.000000,0.234945
3,5,00300,normal,934,1,0.000000,1.000000,0.000000,L,1.000000,1.000000,0.000001,0.000000,0.222170
3,5,00300,normal,1330,1,0.000000,1.000000,0.000000,L,1.000000,1.000000,0.000000,0.000000,0.107974
3,5,00300,normal,1154,1,0.000000,1.000000,0.000000,L,1.000000,1.000000,0.000001,0.000000,0.093807
3,5,00300,normal,749,1,0.000000,1.000000,0.000000,L,1.000000,1.000000,0.000004,0.000000,0.220026
3,5,00300,normal,1422,1,0.000000,1.000000,0.000000,L,1.000000,1.000000,0.000001,0.000000,0.116954
3,5,00300,normal,751,1,0.000000,1.000000,0.000000,L,1.000000,1.000000,0.000000,0.000000,0.286211
3,5,00300,normal,1238,1,0.000000,1.000000,0.000000,L,1.000000,1.000000,0.000000,0.000000,0.167937
3,5,00300,normal,844,1,0.000000,1.000000,0.000000,L,1.000000,1.000000,0.000003,0.000000,0.240307
3,5,00300,normal,754,1,0.000000,1.000000,0.000000,L,1.000000,1.000000,0.000002,0.000000,0.228618
3,5,00300,normal,929,1,0.000000,1.000000,0.000000,L,1.000000,1.000000,0.000000,0.000000,0.214199
3,5,00300,normal,1150,1,0.000000,1.000000,0.000000,L,1.000000,1.000000,-0.000000,0.000000,0.418490
3,5,00300,normal,1060,1,0.000000,1.000000,0.000000,L,1.000000,1.000000,0.000000,0.000000,0.195851
3,5,00300,normal,753,1,0.000000,1.000000,0.000000,L,1.000000,1.000000,0.000004,0.000000,0.241210
3,5,00300,normal,839,1,0.000000,1.000000,0.000000,L,1.000000,1.000000,0.000001,0.000000,0.251957
3,5,00300,normal,1062,1,0.000000,1.000000,0.000000,L,1.000000,1.000000,0.000003,0.000000,0.210936
3,5,00300,normal,1059,1,0.000000,1.000000,0.000000,L,1.000000,1.000000,0.000003,0.000000,0.109894
3,5,00300,normal,842,1,0.000000,1.000000,0.000000,L,1.000000,1.000000,-0.000000,0.000000,0.954978
3,5,00300,normal,1243,1,0.000000,1.000000,0.000000,L,1.000000,1.000000,0.000000,0.000000,0.139919
3,5,00300,normal,1061,1,0.000000,1.000000,0.000000,L,1.000000,1.000000,0.000001,0.000000,0.209997
3,5,00300,normal,1328,1,0.000000,1.000000,0.000000,L,1.000000,1.000000,0.000001,0.000000,0.154418
3,5,00300,normal,1148,1,0.000000,1.000000,0.000000,L,1.000000,1.000000,0.000002,0.000000,0.192101
3,5,00300,normal,1058,1,0.000000,1.000000,0.000000,L,1.000000,0.999999,0.000006,0.000000,0.147282
3,5,00300,normal,1423,1,0.000000,1.000000,0.000000,L,1.000000,1.000000,0.000001,0.000000,0.107335
3,5,00300,normal,841,1,0.000000,1.000000,0.000000,L,1.000000,1.000000,-0.000000,0.000000,0.982385
3,5,00300,normal,1149,1,0.000000,1.000000,0.000000,L,1.000000,1.000000,0.000002,0.000000,0.174334
3,5,00300,normal,752,1,0.000000,1.000000,0.000000,L,1.000000,1.000000,0.000000,0.000000,0.317598
3,5,00300,normal,750,1,0.000000,1.000000,0.000000,L,1.000000,1.000000,0.000003,0.000000,0.244191
3,5,00300,normal,1333,1,0.000000,1.000000,0.000000,L,1.000000,1.000000,0.000000,0.000000,0.132487
3,5,00300,normal,843,1,0.000000,1.000000,0.000000,L,1.000000,1.000000,-0.000000,0.000000,0.550656
3,5,00300,normal,1151,1,0.000000,1.000000,0.000000,L,1.000000,1.000000,-0.000000,0.000000,0.573635
3,5,00300,normal,440,0,0.000000,1.000000,0.000000,L,1.000000,1.000000,0.000000,0.000000,0.156773
3,5,00300,normal,1281,0,0.000000,1.000000,0.000000,L,1.000000,1.000000,0.000000,0.000000,0.142117
3,5,00300,normal,1136,0,0.000000,1.000000,0.000000,L,1.000000,1.000000,0.000000,0.000000,0.116522
3,5,00300,normal,1258,0,0.000000,1.000000,0.000000,L,1.000000,1.000000,0.000000,0.000000,0.130864
3,5,00300,normal,1203,0,0.000000,1.000000,0.000000,L,1.000000,1.000000,0.000003,0.000000,0.102760
3,5,00300,normal,1020,0,0.000000,1.000000,0.000000,L,1.000000,1.000000,0.000003,0.000000,0.180546
3,5,00300,normal,536,0,0.000000,1.000000,0.000000,L,1.000000,1.000000,0.000000,0.000000,0.148925
3,5,00300,normal,649,0,0.000000,1.000000,0.000000,L,1.000000,1.000000,0.000002,0.000000,0.110806
3,5,00300,normal,489,0,0.000000,1.000000,0.000000,L,1.000000,1.000000,0.000000,0.000000,0.145016
3,5,00300,normal,677,0,0.000000,1.000000,0.000000,L,1.000000,1.000000,0.000001,0.000000,0.138303
3,5,00300,normal,1156,0,0.000000,1.000000,0.000000,L,1.000000,1.000000,0.000000,0.000000,0.090338
3,5,00300,normal,182,0,0.000000,1.000000,0.000000,L,1.000000,1.000000,0.000001,0.000000,0.194100
3,5,00300,normal,398,0,0.000000,1.000000,0.000000,L,1.000000,1.000000,0.000001,0.000000,0.123745
3,5,00300,normal,548,0,0.000000,1.000000,0.000000,L,1.000000,1.000000,0.000003,0.000000,0.142906
3,5,00300,normal,382,0,0.000000,1.000000,0.000000,L,1.000000,1.000000,0.000000,0.000000,0.237290
3,5,00300,normal,162,0,0.000000,1.000000,0.000000,L,1.000000,1.000000,0.000000,0.000000,0.117314
3,5,00300,normal,960,0,0.000000,1.000000,0.000000,L,1.000000,0.999999,0.000005,0.000000,0.140844
3,5,00300,normal,360,0,0.000000,1.000000,0.000000,L,1.000000,1.000000,0.000000,0.000000,0.237608
4,7,00272,normal,875,1,0.000000,1.000000,0.000000,L,1.000000,1.000000,0.000000,0.000000,0.182523
4,7,00272,normal,1006,1,0.000000,1.000000,0.000000,L,1.000000,1.000000,-0.000000,0.000000,0.496609
4,7,00272,normal,1183,1,0.000000,1.000000,0.000000,L,1.000000,1.000000,0.000000,0.000000,0.204299
4,7,00272,normal,1096,1,0.000000,1.000000,0.000000,L,1.000000,1.000000,-0.000000,0.000000,0.581511
4,7,00272,normal,967,1,0.000000,1.000000,0.000000,L,1.000000,1.000000,0.000004,0.000000,0.170388
4,7,00272,normal,968,1,0.000000,1.000000,0.000000,L,1.000000,1.000000,0.000000,0.000000,0.115769
4,7,00272,normal,1188,1,0.000000,1.000000,0.000000,L,1.000000,1.000000,0.000002,0.000000,0.229484
4,7,00272,normal,1147,1,0.000000,1.000000,0.000000,L,1.000000,1.000000,0.000000,0.000000,0.174517
4,7,00272,normal,1097,1,0.000000,1.000000,0.000000,L,1.000000,1.000000,-0.000000,0.000000,0.513175
4,7,00272,normal,1095,1,0.000000,1.000000,0.000000,L,1.000000,1.000000,-0.000000,0.000000,0.589527
4,7,00272,normal,1056,1,0.000000,1.000000,0.000000,L,1.000000,1.000000,-0.000000,0.000000,0.402339
4,7,00272,normal,964,1,0.000000,1.000000,0.000000,L,1.000000,1.000000,0.000000,0.000000,0.229089
4,7,00272,normal,1058,1,0.000000,1.000000,0.000000,L,1.000000,1.000000,0.000000,0.000000,0.104563
4,7,00272,normal,1057,1,0.000000,1.000000,0.000000,L,1.000000,1.000000,0.000000,0.000000,0.176539
4,7,00272,normal,1054,1,0.000000,1.000000,0.000000,L,1.000000,1.000000,-0.000000,0.000000,0.397995
4,7,00272,normal,1187,1,0.000000,1.000000,0.000000,L,1.000000,1.000000,0.000000,0.000000,0.240818
4,7,00272,normal,1148,1,0.000000,1.000000,0.000000,L,1.000000,1.000000,0.000000,0.000000,0.119731
4,7,00272,normal,876,1,0.000000,1.000000,0.000000,L,1.000000,1.000000,0.000001,0.000000,0.146058
4,7,00272,normal,873,1,0.000000,1.000000,0.000000,L,1.000000,1.000000,0.000003,0.000000,0.198931
4,7,00272,normal,1098,1,0.000000,1.000000,0.000000,L,1.000000,1.000000,0.000001,0.000000,0.229501
4,7,00272,normal,1053,1,0.000000,1.000000,0.000000,L,1.000000,0.999999,0.000006,0.000000,0.176821
4,7,00272,normal,1007,1,0.000000,1.000000,0.000000,L,1.000000,1.000000,0.000000,0.000000,0.363072
4,7,00272,normal,1185,1,0.000000,1.000000,0.000000,L,1.000000,1.000000,0.000000,0.000000,0.220443
4,7,00272,normal,1145,1,0.000000,1.000000,0.000000,L,1.000000,1.000000,-0.000000,0.000000,0.324677
4,7,00272,normal,1004,1,0.000000,1.000000,0.000000,L,1.000000,1.000000,0.000000,0.000000,0.236156
4,7,00272,normal,1146,1,0.000000,1.000000,0.000000,L,1.000000,1.000000,0.000000,0.000000,0.235064
4,7,00272,normal,1055,1,0.000000,1.000000,0.000000,L,1.000000,1.000000,-0.000000,0.000000,0.459413
4,7,00272,normal,1094,1,0.000000,1.000000,0.000000,L,1.000000,1.000000,0.000000,0.000000,0.281032
4,7,00272,normal,1003,1,0.000000,1.000000,0.000000,L,1.000000,1.000000,0.000001,0.000000,0.228162
4,7,00272,normal,965,1,0.000000,1.000000,0.000000,L,1.000000,1.000000,0.000000,0.000000,0.289315
4,7,00272,normal,1005,1,0.000000,1.000000,0.000000,L,1.000000,1.000000,0.000000,0.000000,0.382172
4,7,00272,normal,1186,1,0.000000,1.000000,0.000000,L,1.000000,1.000000,0.000000,0.000000,0.281702
4,7,00272,normal,1144,1,0.000000,1.000000,0.000000,L,1.000000,1.000000,0.000000,0.000000,0.227598
4,7,00272,normal,1143,1,0.000000,1.000000,0.000000,L,1.000000,1.000000,0.000002,0.000000,0.173833
4,7,00272,normal,966,1,0.000000,1.000000,0.000000,L,1.000000,1.000000,0.000002,0.000000,0.232222
4,7,00272,normal,1008,1,0.000000,1.000000,0.000000,L,1.000000,1.000000,0.000000,0.000000,0.214997
4,7,00272,normal,1329,0,0.000000,1.000000,0.000000,L,1.000000,1.000000,0.000000,0.000000,0.107366
4,7,00272,normal,869,0,0.000000,1.000000,0.000000,L,1.000000,1.000000,0.000003,0.000000,0.119284
4,7,00272,normal,1304,0,0.000000,1.000000,0.000000,L,1.000000,1.000000,0.000000,0.000000,0.173992
4,7,00272,normal,296,0,0.000000,1.000000,0.000000,L,1.000000,0.999999,0.000006,0.000001,0.221908
4,7,00272,normal,1307,0,0.000000,1.000000,0.000000,L,1.000000,1.000000,0.000000,0.000000,0.176242
4,7,00272,normal,1091,0,0.000000,1.000000,0.000000,L,1.000000,1.000000,0.000001,0.000000,0.201655
4,7,00272,normal,534,0,0.000000,1.000000,0.000000,L,1.000000,1.000000,0.000000,0.000000,0.144123
4,7,00272,normal,639,0,0.000000,1.000000,0.000000,L,1.000000,1.000000,0.000002,0.000000,0.081619
4,7,00272,normal,381,0,0.000000,1.000000,0.000000,L,1.000000,1.000000,0.000000,0.000000,0.111856
4,7,00272,normal,1038,0,0.000000,1.000000,0.000000,L,1.000000,1.000000,0.000000,0.000000,0.156370
4,7,00272,normal,1081,0,0.000000,1.000000,0.000000,L,1.000000,1.000000,0.000000,0.000000,0.102656
4,7,00272,normal,293,0,0.000000,1.000000,0.000000,L,1.000000,1.000000,0.000000,0.000000,0.120066
4,7,00272,normal,104,0,0.000000,1.000000,0.000000,L,1.000000,1.000000,0.000000,0.000000,0.164261
4,7,00272,normal,776,0,0.000000,1.000000,0.000000,L,1.000000,1.000000,0.000000,0.000000,0.122098
4,7,00272,normal,313,0,0.000000,1.000000,0.000000,L,1.000000,1.000000,0.000002,0.000000,0.160598
4,7,00272,normal,566,0,0.000000,1.000000,0.000000,L,1.000000,1.000000,0.000001,0.000000,0.116947
4,7,00272,normal,545,0,0.000000,1.000000,0.000000,L,1.000000,1.000000,0.000000,0.000000,0.111598
4,7,00272,normal,445,0,0.000000,1.000000,0.000000,L,1.000000,1.000000,0.000000,0.000000,0.121347
5,8,00481,normal,570,1,0.000000,1.000000,0.000000,L,1.000000,1.000000,-0.000000,0.000000,0.681962
5,8,00481,normal,662,1,0.000000,1.000000,0.000000,L,1.000000,1.000000,0.000000,0.000000,0.239888
5,8,00481,normal,1001,1,0.000000,1.000000,0.000000,L,1.000000,1.000000,0.000000,0.000000,0.232559
5,8,00481,normal,748,1,0.000000,1.000000,0.000000,L,1.000000,1.000000,0.000003,0.000000,0.192066
5,8,00481,normal,480,1,0.000000,1.000000,0.000000,L,1.000000,1.000000,-0.000000,0.000000,0.429492
5,8,00481,normal,912,1,0.000000,1.000000,0.000000,L,1.000000,1.000000,0.000001,0.000000,0.214435
5,8,00481,normal,1268,1,0.000000,1.000000,0.000000,L,1.000000,1.000000,0.000001,0.000000,0.218211
5,8,00481,normal,663,1,0.000000,1.000000,0.000000,L,1.000000,1.000000,0.000002,0.000000,0.242095
5,8,00481,normal,1005,1,0.000000,1.000000,0.000000,L,1.000000,1.000000,0.000001,0.000000,0.194532
5,8,00481,normal,1002,1,0.000000,1.000000,0.000000,L,1.000000,1.000000,0.000001,0.000000,0.215807
5,8,00481,normal,569,1,0.000000,1.000000,0.000000,L,1.000000,1.000000,0.000000,0.000000,0.487272
5,8,00481,normal,571,1,0.000000,1.000000,0.000000,L,1.000000,1.000000,-0.000000,0.000000,0.750605
5,8,00481,normal,1004,1,0.000000,1.000000,0.000000,L,1.000000,1.000000,0.000001,0.000000,0.198901
5,8,00481,normal,752,1,0.000000,1.000000,0.000000,L,1.000000,0.999999,0.000006,0.000001,0.237752
5,8,00481,normal,1187,1,0.000000,1.000000,0.000000,L,1.000000,1.000000,0.000000,0.000000,0.139071
5,8,00481,normal,996,1,0.000000,1.000000,0.000000,L,1.000000,1.000000,-0.000000,0.000000,0.761671
5,8,00481,normal,1174,1,0.000000,1.000000,0.000000,L,1.000000,0.999999,0.000005,0.000001,0.175947
5,8,00481,normal,903,1,0.000000,1.000000,0.000000,L,1.000000,0.999999,0.000006,0.000001,0.215538
5,8,00481,normal,998,1,0.000000,1.000000,0.000000,L,1.000000,1.000000,0.000000,0.000000,0.196875
5,8,00481,normal,568,1,0.000000,1.000000,0.000000,L,1.000000,1.000000,0.000000,0.000000,0.269766
5,8,00481,normal,751,1,0.000000,1.000000,0.000000,L,1.000000,1.000000,0.000001,0.000000,0.232924
5,8,00481,normal,1091,1,0.000000,1.000000,0.000000,L,1.000000,1.000000,0.000001,0.000000,0.222645
5,8,00481,normal,1277,1,0.000000,1.000000,0.000000,L,1.000000,1.000000,0.000001,0.000000,0.126498
5,8,00481,normal,483,1,0.000000,1.000000,0.000000,L,1.000000,1.000000,0.000001,0.000000,0.212590
5,8,00481,normal,1275,1,0.000000,1.000000,0.000000,L,1.000000,1.000000,0.000001,0.000000,0.123463
5,8,00481,normal,1271,1,0.000000,1.000000,0.000000,L,1.000000,1.000000,0.000002,0.000000,0.184245
5,8,00481,normal,907,1,0.000000,1.000000,0.000000,L,1.000000,1.000000,0.000004,0.000000,0.220824
5,8,00481,normal,1082,1,0.000000,1.000000,0.000000,L,1.000000,1.000000,0.000001,0.000000,0.213087
5,8,00481,normal,1183,1,0.000000,1.000000,0.000000,L,1.000000,1.000000,0.000000,0.000000,0.135799
5,8,00481,normal,754,1,0.000000,1.000000,0.000000,L,1.000000,1.000000,0.000001,0.000000,0.150091
5,8,00481,normal,1173,1,0.000000,1.000000,0.000000,L,1.000000,1.000000,0.000002,0.000000,0.210846
5,8,00481,normal,1186,1,0.000000,1.000000,0.000000,L,1.000000,1.000000,0.000000,0.000000,0.133761
5,8,00481,normal,911,1,0.000000,1.000000,0.000000,L,1.000000,1.000000,0.000001,0.000000,0.205368
5,8,00481,normal,1274,1,0.000000,1.000000,0.000000,L,1.000000,1.000000,0.000001,0.000000,0.135405
5,8,00481,normal,814,1,0.000000,1.000000,0.000000,L,1.000000,1.000000,0.000003,0.000000,0.177206
5,8,00481,normal,478,1,0.000000,1.000000,0.000000,L,1.000000,1.000000,0.000000,0.000000,0.201594
5,8,00481,normal,681,0,0.000000,1.000000,0.000000,L,1.000000,1.000000,0.000002,0.000000,0.153082
5,8,00481,normal,727,0,0.000000,1.000000,0.000000,L,1.000000,1.000000,0.000001,0.000000,0.152866
5,8,00481,normal,191,0,0.000000,1.000000,0.000000,L,1.000000,1.000000,0.000000,0.000000,0.213927
5,8,00481,normal,1379,0,0.000000,1.000000,0.000000,L,1.000000,1.000000,0.000001,0.000000,0.147509
5,8,00481,normal,1113,0,0.000000,1.000000,0.000000,L,1.000000,1.000000,0.000000,0.000000,0.134992
5,8,00481,normal,456,0,0.000000,1.000000,0.000000,L,1.000000,0.999999,0.000005,0.000000,0.134336
5,8,00481,normal,104,0,0.000000,1.000000,0.000000,L,1.000000,1.000000,0.000000,0.000000,0.139302
5,8,00481,normal,36,0,0.000000,1.000000,0.000000,L,1.000000,1.000000,0.000001,0.000000,0.110589
5,8,00481,normal,1374,0,0.000000,1.000000,0.000000,L,1.000000,0.999999,0.000005,0.000000,0.098162
5,8,00481,normal,74,0,0.000000,1.000000,0.000000,L,1.000000,1.000000,0.000001,0.000000,0.178364
5,8,00481,normal,966,0,0.000000,1.000000,0.000000,L,1.000000,1.000000,0.000000,0.000000,0.176386
5,8,00481,normal,139,0,0.000000,1.000000,0.000000,L,1.000000,1.000000,0.000000,0.000000,0.147765
5,8,00481,normal,652,0,0.000000,1.000000,0.000000,L,1.000000,1.000000,0.000001,0.000000,0.136566
5,8,00481,normal,818,0,0.000000,1.000000,0.000000,L,1.000000,1.000000,0.000003,0.000000,0.224348
5,8,00481,normal,688,0,0.000000,1.000000,0.000000,L,1.000000,1.000000,0.000000,0.000000,0.215636
5,8,00481,normal,773,0,0.000000,1.000000,0.000000,L,1.000000,1.000000,0.000000,0.000000,0.222820
5,8,00481,normal,691,0,0.000000,1.000000,0.000000,L,1.000000,1.000000,0.000000,0.000000,0.127985
5,8,00481,normal,959,0,0.000000,1.000000,0.000000,L,1.000000,1.000000,0.000002,0.000000,0.223486
6,9,00347,normal,418,1,0.000000,1.000000,0.000000,L,1.000000,1.000000,0.000000,0.000000,0.318954
6,9,00347,normal,629,1,0.000000,1.000000,0.000000,L,1.000000,1.000000,0.000000,0.000000,0.177726
6,9,00347,normal,716,1,0.000000,1.000000,0.000000,L,1.000000,1.000000,-0.000000,0.000000,0.604786
6,9,00347,normal,626,1,0.000000,1.000000,0.000000,L,1.000000,1.000000,0.000001,0.000000,0.232877
6,9,00347,normal,717,1,0.000000,1.000000,0.000000,L,1.000000,1.000000,0.000000,0.000000,0.282981
6,9,00347,normal,96,1,0.000000,1.000000,0.000000,L,1.000000,1.000000,0.000002,0.000000,0.214739
6,9,00347,normal,9,1,0.000000,1.000000,0.000000,L,1.000000,1.000000,-0.000000,0.000000,0.500102
6,9,00347,normal,95,1,0.000000,1.000000,0.000000,L,1.000000,1.000000,0.000001,0.000000,0.216162
6,9,00347,normal,6,1,0.000000,1.000000,0.000000,L,1.000000,1.000000,0.000000,0.000000,0.215477
6,9,00347,normal,988,1,0.000000,1.000000,0.000000,L,1.000000,1.000000,0.000000,0.000000,0.126557
6,9,00347,normal,98,1,0.000000,1.000000,0.000000,L,1.000000,1.000000,0.000000,0.000000,0.220937
6,9,00347,normal,10,1,0.000000,1.000000,0.000000,L,1.000000,1.000000,-0.000000,0.000000,0.304908
6,9,00347,normal,103,1,0.000000,1.000000,0.000000,L,1.000000,1.000000,0.000001,0.000000,0.156131
6,9,00347,normal,240,1,0.000000,1.000000,0.000000,L,1.000000,1.000000,0.000000,0.000000,0.121016
6,9,00347,normal,894,1,0.000000,1.000000,0.000000,L,1.000000,1.000000,0.000000,0.000000,0.289851
6,9,00347,normal,983,1,0.000000,1.000000,0.000000,L,1.000000,1.000000,0.000001,0.000000,0.159730
6,9,00347,normal,323,1,0.000000,1.000000,0.000000,L,1.000000,1.000000,0.000003,0.000000,0.147817
6,9,00347,normal,12,1,0.000000,1.000000,0.000000,L,1.000000,1.000000,0.000000,0.000000,0.184567
6,9,00347,normal,598,1,0.000000,1.000000,0.000000,L,1.000000,1.000000,0.000000,0.000000,0.243852
6,9,00347,normal,508,1,0.000000,1.000000,0.000000,L,1.000000,1.000000,0.000000,0.000000,0.271055
6,9,00347,normal,413,1,0.000000,1.000000,0.000000,L,1.000000,1.000000,0.000001,0.000000,0.255422
6,9,00347,normal,628,1,0.000000,1.000000,0.000000,L,1.000000,1.000000,0.000000,0.000000,0.163679
6,9,00347,normal,719,1,0.000000,1.000000,0.000000,L,1.000000,1.000000,0.000000,0.000000,0.207792
6,9,00347,normal,984,1,0.000000,1.000000,0.000000,L,1.000000,1.000000,0.000000,0.000000,0.179169
6,9,00347,normal,102,1,0.000000,1.000000,0.000000,L,1.000000,1.000000,0.000001,0.000000,0.164080
6,9,00347,normal,327,1,0.000000,1.000000,0.000000,L,1.000000,1.000000,0.000001,0.000000,0.245366
6,9,00347,normal,718,1,0.000000,1.000000,0.000000,L,1.000000,1.000000,0.000000,0.000000,0.215956
6,9,00347,normal,597,1,0.000000,1.000000,0.000000,L,1.000000,1.000000,0.000001,0.000000,0.247256
6,9,00347,normal,235,1,0.000000,1.000000,0.000000,L,1.000000,1.000000,0.000004,0.000000,0.129221
6,9,00347,normal,627,1,0.000000,1.000000,0.000000,L,1.000000,1.000000,0.000001,0.000000,0.201185
6,9,00347,normal,596,1,0.000000,1.000000,0.000000,L,1.000000,1.000000,0.000001,0.000000,0.261924
6,9,00347,normal,420,1,0.000000,1.000000,0.000000,L,1.000000,1.000000,0.000000,0.000000,0.157170
6,9,00347,normal,624,1,0.000000,1.000000,0.000000,L,1.000000,1.000000,0.000001,0.000000,0.211469
6,9,00347,normal,593,1,0.000000,1.000000,0.000000,L,1.000000,1.000000,0.000002,0.000000,0.212773
6,9,00347,normal,97,1,0.000000,1.000000,0.000000,L,1.000000,1.000000,0.000003,0.000000,0.220098
6,9,00347,normal,7,1,0.000000,1.000000,0.000000,L,1.000000,1.000000,0.000000,0.000000,0.274952
6,9,00347,normal,605,0,0.000000,1.000000,0.000000,L,1.000000,1.000000,0.000000,0.000000,0.124970
6,9,00347,normal,791,0,0.000000,1.000000,0.000000,L,1.000000,1.000000,0.000000,0.000000,0.154263
6,9,00347,normal,558,0,0.000000,1.000000,0.000000,L,1.000000,1.000000,0.000000,0.000000,0.098181
6,9,00347,normal,454,0,0.000001,0.999999,0.000000,L,0.999999,0.999999,0.000008,0.000001,0.145588
6,9,00347,normal,156,0,0.000000,1.000000,0.000000,L,1.000000,1.000000,0.000002,0.000000,0.089676
6,9,00347,normal,907,0,0.000000,1.000000,0.000000,L,1.000000,1.000000,0.000001,0.000000,0.119757
6,9,00347,normal,261,0,0.000000,1.000000,0.000000,L,1.000000,1.000000,0.000000,0.000000,0.119987
6,9,00347,normal,1176,0,0.000000,1.000000,0.000000,L,1.000000,1.000000,0.000002,0.000000,0.132695
6,9,00347,normal,1226,0,0.000000,1.000000,0.000000,L,1.000000,1.000000,0.000003,0.000000,0.106365
6,9,00347,normal,213,0,0.000000,1.000000,0.000000,L,1.000000,1.000000,0.000001,0.000000,0.138477
6,9,00347,normal,588,0,0.000000,1.000000,0.000000,L,1.000000,1.000000,0.000001,0.000000,0.144828
6,9,00347,normal,704,0,0.000000,1.000000,0.000000,L,1.000000,1.000000,0.000000,0.000000,0.135752
6,9,00347,normal,448,0,0.000000,1.000000,0.000000,L,1.000000,1.000000,0.000000,0.000000,0.211247
6,9,00347,normal,428,0,0.000000,1.000000,0.000000,L,1.000000,0.999999,0.000005,0.000000,0.138104
6,9,00347,normal,1001,0,0.000000,1.000000,0.000000,L,1.000000,1.000000,0.000001,0.000000,0.233784
6,9,00347,normal,901,0,0.000000,1.000000,0.000000,L,1.000000,1.000000,0.000000,0.000000,0.179112
6,9,00347,normal,41,0,0.000000,1.000000,0.000000,L,1.000000,1.000000,0.000000,0.000000,0.135951
6,9,00347,normal,74,0,0.000000,1.000000,0.000000,L,1.000000,1.000000,0.000002,0.000000,0.118509
7,9,00742,normal,491,1,0.000000,1.000000,0.000000,L,1.000000,1.000000,0.000001,0.000000,0.226623
7,9,00742,normal,715,1,0.000000,1.000000,0.000000,L,1.000000,1.000000,0.000000,0.000000,0.322268
7,9,00742,normal,399,1,0.000000,1.000000,0.000000,L,1.000000,1.000000,0.000002,0.000000,0.269292
7,9,00742,normal,802,1,0.000000,1.000000,0.000000,L,1.000000,1.000000,0.000000,0.000000,0.178921
7,9,00742,normal,716,1,0.000000,1.000000,0.000000,L,1.000000,1.000000,0.000000,0.000000,0.299986
7,9,00742,normal,220,1,0.000000,1.000000,0.000000,L,1.000000,1.000000,0.000004,0.000000,0.234435
7,9,00742,normal,133,1,0.000000,1.000000,0.000000,L,1.000000,1.000000,0.000000,0.000000,0.121389
7,9,00742,normal,403,1,0.000000,1.000000,0.000000,L,1.000000,1.000000,0.000000,0.000000,0.271181
7,9,00742,normal,221,1,0.000000,1.000000,0.000000,L,1.000000,1.000000,0.000002,0.000000,0.242856
7,9,00742,normal,800,1,0.000000,1.000000,0.000000,L,1.000000,1.000000,0.000002,0.000000,0.135648
7,9,00742,normal,311,1,0.000000,1.000000,0.000000,L,1.000000,1.000000,-0.000000,0.000000,0.984860
7,9,00742,normal,310,1,0.000000,1.000000,0.000000,L,1.000000,1.000000,-0.000000,0.000000,0.679709
7,9,00742,normal,624,1,0.000000,1.000000,0.000000,L,1.000000,1.000000,-0.000000,0.000000,0.660247
7,9,00742,normal,803,1,0.000000,1.000000,0.000000,L,1.000000,1.000000,0.000000,0.000000,0.180195
7,9,00742,normal,134,1,0.000000,1.000000,0.000000,L,1.000000,1.000000,0.000000,0.000000,0.111266
7,9,00742,normal,308,1,0.000000,1.000000,0.000000,L,1.000000,1.000000,0.000000,0.000000,0.252046
7,9,00742,normal,713,1,0.000000,1.000000,0.000000,L,1.000000,1.000000,-0.000000,0.000000,0.642521
7,9,00742,normal,224,1,0.000000,1.000000,0.000000,L,1.000000,1.000000,0.000001,0.000000,0.156360
7,9,00742,normal,622,1,0.000000,1.000000,0.000000,L,1.000000,1.000000,-0.000000,0.000000,0.661842
7,9,00742,normal,621,1,0.000000,1.000000,0.000000,L,1.000000,1.000000,0.000000,0.000000,0.331221
7,9,00742,normal,534,1,0.000000,1.000000,0.000000,L,1.000000,1.000000,0.000002,0.000000,0.338809
7,9,00742,normal,532,1,0.000000,1.000000,0.000000,L,1.000000,1.000000,0.000000,0.000000,0.355212
7,9,00742,normal,531,1,0.000000,1.000000,0.000000,L,1.000000,1.000000,0.000002,0.000000,0.282563
7,9,00742,normal,620,1,0.000000,1.000000,0.000000,L,1.000000,1.000000,0.000000,0.000000,0.271917
7,9,00742,normal,314,1,0.000000,1.000000,0.000000,L,1.000000,1.000000,0.000000,0.000000,0.228960
7,9,00742,normal,535,1,0.000000,1.000000,0.000000,L,1.000000,1.000000,0.000000,0.000000,0.326264
7,9,00742,normal,401,1,0.000000,1.000000,0.000000,L,1.000000,1.000000,-0.000000,0.000000,0.655456
7,9,00742,normal,398,1,0.000000,1.000000,0.000000,L,1.000000,1.000000,0.000000,0.000000,0.245751
7,9,00742,normal,712,1,0.000000,1.000000,0.000000,L,1.000000,1.000000,-0.000000,0.000000,0.581974
7,9,00742,normal,710,1,0.000000,1.000000,0.000000,L,1.000000,1.000000,0.000000,0.000000,0.226467
7,9,00742,normal,801,1,0.000000,1.000000,0.000000,L,1.000000,1.000000,0.000002,0.000000,0.166186
7,9,00742,normal,130,1,0.000000,1.000000,0.000000,L,1.000000,1.000000,0.000004,0.000000,0.176652
7,9,00742,normal,222,1,0.000000,1.000000,0.000000,L,1.000000,0.999999,0.000005,0.000001,0.229765
7,9,00742,normal,805,1,0.000000,1.000000,0.000000,L,1.000000,1.000000,0.000000,0.000000,0.133589
7,9,00742,normal,488,1,0.000000,1.000000,0.000000,L,1.000000,1.000000,0.000000,0.000000,0.177357
7,9,00742,normal,219,1,0.000000,1.000000,0.000000,L,1.000000,0.999999,0.000007,0.000001,0.216997
7,9,00742,normal,1190,0,0.000000,1.000000,0.000000,L,1.000000,1.000000,0.000000,0.000000,0.139964
7,9,00742,normal,1273,0,0.000000,1.000000,0.000000,L,1.000000,1.000000,0.000001,0.000000,0.129806
7,9,00742,normal,718,0,0.000000,1.000000,0.000000,L,1.000000,1.000000,0.000000,0.000000,0.275310
7,9,00742,normal,1091,0,0.000000,1.000000,0.000000,L,1.000000,1.000000,0.000003,0.000000,0.190668
7,9,00742,normal,918,0,0.000000,1.000000,0.000000,L,1.000000,1.000000,0.000000,0.000000,0.141260
7,9,00742,normal,588,0,0.000000,1.000000,0.000000,L,1.000000,1.000000,0.000001,0.000000,0.126828
7,9,00742,normal,1370,0,0.000000,1.000000,0.000000,L,1.000000,1.000000,0.000001,0.000000,0.159914
7,9,00742,normal,315,0,0.000000,1.000000,0.000000,L,1.000000,1.000000,0.000000,0.000000,0.150177
7,9,00742,normal,285,0,0.000000,1.000000,0.000000,L,1.000000,1.000000,0.000000,0.000000,0.130964
7,9,00742,normal,477,0,0.000000,1.000000,0.000000,L,1.000000,1.000000,0.000000,0.000000,0.160702
7,9,00742,normal,1362,0,0.000000,1.000000,0.000000,L,1.000000,1.000000,0.000000,0.000000,0.122291
7,9,00742,normal,1204,0,0.000000,1.000000,0.000000,L,1.000000,1.000000,0.000002,0.000000,0.146203
7,9,00742,normal,858,0,0.000000,1.000000,0.000000,L,1.000000,1.000000,0.000000,0.000000,0.100856
7,9,00742,normal,211,0,0.000000,1.000000,0.000000,L,1.000000,1.000000,0.000003,0.000000,0.212452
7,9,00742,normal,907,0,0.000000,1.000000,0.000000,L,1.000000,1.000000,0.000001,0.000000,0.092400
7,9,00742,normal,396,0,0.000000,1.000000,0.000000,L,1.000000,1.000000,0.000001,0.000000,0.200430
7,9,00742,normal,734,0,0.000000,1.000000,0.000000,L,1.000000,1.000000,0.000000,0.000000,0.202256
7,9,00742,normal,1135,0,0.000000,1.000000,0.000000,L,1.000000,1.000000,0.000004,0.000000,0.165288
8,10,00381,normal,166,1,0.000000,1.000000,0.000000,L,1.000000,1.000000,0.000000,0.000000,0.212998
8,10,00381,normal,788,1,0.000000,1.000000,0.000000,L,1.000000,1.000000,0.000000,0.000000,0.223836
8,10,00381,normal,259,1,0.000000,1.000000,0.000000,L,1.000000,1.000000,-0.000000,0.000000,0.573792
8,10,00381,normal,1314,1,0.000000,1.000000,0.000000,L,1.000000,1.000000,0.000001,0.000000,0.168576
8,10,00381,normal,792,1,0.000000,1.000000,0.000000,L,1.000000,1.000000,0.000000,0.000000,0.208493
8,10,00381,normal,1011,1,0.000000,0.999999,0.000000,L,0.999999,0.999999,0.000010,0.000001,0.208983
8,10,00381,normal,170,1,0.000000,1.000000,0.000000,L,1.000000,1.000000,0.000000,0.000000,0.393994
8,10,00381,normal,1057,1,0.000000,1.000000,0.000000,L,1.000000,1.000000,0.000002,0.000000,0.194611
8,10,00381,normal,971,1,0.000000,1.000000,0.000000,L,1.000000,1.000000,0.000000,0.000000,0.232222
8,10,00381,normal,791,1,0.000000,1.000000,0.000000,L,1.000000,1.000000,0.000001,0.000000,0.224182
8,10,00381,normal,534,1,0.000000,1.000000,0.000000,L,1.000000,1.000000,0.000003,0.000000,0.237440
8,10,00381,normal,1058,1,0.000000,1.000000,0.000000,L,1.000000,1.000000,0.000000,0.000000,0.225470
8,10,00381,normal,1191,1,0.000000,1.000000,0.000000,L,1.000000,1.000000,0.000001,0.000000,0.232284
8,10,00381,normal,260,1,0.000000,1.000000,0.000000,L,1.000000,1.000000,0.000000,0.000000,0.350146
8,10,00381,normal,1135,1,0.000000,1.000000,0.000000,L,1.000000,0.999999,0.000006,0.000000,0.153809
8,10,00381,normal,629,1,0.000000,1.000000,0.000000,L,1.000000,1.000000,-0.000000,0.000000,0.575764
8,10,00381,normal,966,1,0.000000,1.000000,0.000000,L,1.000000,1.000000,0.000001,0.000000,0.205937
8,10,00381,normal,715,1,0.000000,1.000000,0.000000,L,1.000000,1.000000,-0.000000,0.000000,0.688451
8,10,00381,normal,348,1,0.000000,1.000000,0.000000,L,1.000000,1.000000,0.000000,0.000000,0.173430
8,10,00381,normal,1012,1,0.000000,1.000000,0.000000,L,1.000000,1.000000,0.000002,0.000000,0.211464
8,10,00381,normal,345,1,0.000000,1.000000,0.000000,L,1.000000,1.000000,0.000001,0.000000,0.136305
8,10,00381,normal,1101,1,0.000000,1.000000,0.000000,L,1.000000,1.000000,0.000004,0.000000,0.232201
8,10,00381,normal,876,1,0.000000,1.000000,0.000000,L,1.000000,1.000000,0.000001,0.000000,0.216349
8,10,00381,normal,351,1,0.000000,1.000000,0.000000,L,1.000000,1.000000,0.000000,0.000000,0.157565
8,10,00381,normal,1225,1,0.000000,1.000000,0.000000,L,1.000000,1.000000,0.000003,0.000000,0.151262
8,10,00381,normal,880,1,0.000000,1.000000,0.000000,L,1.000000,1.000000,-0.000000,0.000000,0.489782
8,10,00381,normal,1398,1,0.000000,1.000000,0.000000,L,1.000000,1.000000,0.000001,0.000000,0.154879
8,10,00381,normal,1062,1,0.000000,1.000000,0.000000,L,1.000000,1.000000,0.000000,0.000000,0.144069
8,10,00381,normal,82,1,0.000000,1.000000,0.000000,L,1.000000,1.000000,0.000003,0.000000,0.139628
8,10,00381,normal,623,1,0.000000,1.000000,0.000000,L,1.000000,1.000000,0.000002,0.000000,0.252485
8,10,00381,normal,1309,1,0.000000,1.000000,0.000000,L,1.000000,1.000000,0.000000,0.000000,0.232536
8,10,00381,normal,702,1,0.000000,1.000000,0.000000,L,1.000000,1.000000,0.000000,0.000000,0.118796
8,10,00381,normal,700,1,0.000000,1.000000,0.000000,L,1.000000,1.000000,0.000000,0.000000,0.163875
8,10,00381,normal,346,1,0.000000,1.000000,0.000000,L,1.000000,1.000000,0.000000,0.000000,0.126942
8,10,00381,normal,255,1,0.000000,1.000000,0.000000,L,1.000000,1.000000,0.000001,0.000000,0.165508
8,10,00381,normal,1284,1,0.000000,1.000000,0.000000,L,1.000000,1.000000,0.000001,0.000000,0.225009
8,10,00381,normal,576,0,0.000000,1.000000,0.000000,L,1.000000,1.000000,0.000002,0.000000,0.136602
8,10,00381,normal,793,0,0.000000,1.000000,0.000000,L,1.000000,1.000000,0.000000,0.000000,0.187622
8,10,00381,normal,570,0,0.000000,1.000000,0.000000,L,1.000000,1.000000,0.000000,0.000000,0.071786
8,10,00381,normal,673,0,0.000000,1.000000,0.000000,L,1.000000,1.000000,0.000000,0.000000,0.084998
8,10,00381,normal,731,0,0.000000,1.000000,0.000000,L,1.000000,1.000000,0.000000,0.000000,0.176042
8,10,00381,normal,1340,0,0.000000,1.000000,0.000000,L,1.000000,1.000000,0.000000,0.000000,0.140986
8,10,00381,normal,1389,0,0.000000,1.000000,0.000000,L,1.000000,1.000000,0.000000,0.000000,0.094528
8,10,00381,normal,1111,0,0.000000,1.000000,0.000000,L,1.000000,1.000000,0.000000,0.000000,0.101619
8,10,00381,normal,219,0,0.000000,1.000000,0.000000,L,1.000000,1.000000,0.000002,0.000000,0.124052
8,10,00381,normal,1246,0,0.000000,1.000000,0.000000,L,1.000000,1.000000,0.000000,0.000000,0.103200
8,10,00381,normal,148,0,0.000000,1.000000,0.000000,L,1.000000,1.000000,0.000001,0.000000,0.153996
8,10,00381,normal,986,0,0.000000,1.000000,0.000000,L,1.000000,1.000000,0.000001,0.000000,0.169911
8,10,00381,normal,648,0,0.000000,1.000000,0.000000,L,1.000000,1.000000,0.000000,0.000000,0.102740
8,10,00381,normal,1008,0,0.000000,1.000000,0.000000,L,1.000000,1.000000,0.000001,0.000000,0.097531
8,10,00381,normal,454,0,0.000000,1.000000,0.000000,L,1.000000,0.999999,0.000008,0.000001,0.218187
8,10,00381,normal,484,0,0.000000,1.000000,0.000000,L,1.000000,1.000000,0.000001,0.000000,0.134434
8,10,00381,normal,21,0,0.000000,1.000000,0.000000,L,1.000000,1.000000,0.000000,0.000000,0.083296
8,10,00381,normal,1271,0,0.000000,1.000000,0.000000,L,1.000000,1.000000,0.000003,0.000000,0.165620
9,10,00569,normal,564,1,0.000000,1.000000,0.000000,L,1.000000,1.000000,0.000002,0.000000,0.228805
9,10,00569,normal,294,1,0.000000,1.000000,0.000000,L,1.000000,0.999999,0.000006,0.000001,0.223715
9,10,00569,normal,949,1,0.000000,1.000000,0.000000,L,1.000000,1.000000,0.000002,0.000000,0.201584
9,10,00569,normal,791,1,0.000000,1.000000,0.000000,L,1.000000,1.000000,0.000000,0.000000,0.108629
9,10,00569,normal,608,1,0.000000,1.000000,0.000000,L,1.000000,0.999999,0.000006,0.000001,0.257005
9,10,00569,normal,173,1,0.000000,1.000000,0.000000,L,1.000000,1.000000,0.000001,0.000000,0.135076
9,10,00569,normal,292,1,0.000000,1.000000,0.000000,L,1.000000,0.999999,0.000008,0.000001,0.232154
9,10,00569,normal,526,1,0.000000,1.000000,0.000000,L,1.000000,1.000000,0.000000,0.000000,0.152837
9,10,00569,normal,1223,1,0.000000,1.000000,0.000000,L,1.000000,1.000000,0.000004,0.000000,0.203638
9,10,00569,normal,562,1,0.000000,1.000000,0.000000,L,1.000000,1.000000,0.000001,0.000000,0.233967
9,10,00569,normal,383,1,0.000000,1.000000,0.000000,L,1.000000,1.000000,-0.000000,0.000000,0.872456
9,10,00569,normal,610,1,0.000000,1.000000,0.000000,L,1.000000,1.000000,0.000000,0.000000,0.174945
9,10,00569,normal,696,1,0.000000,1.000000,0.000000,L,1.000000,1.000000,0.000000,0.000000,0.432604
9,10,00569,normal,353,1,0.000000,1.000000,0.000000,L,1.000000,1.000000,0.000000,0.000000,0.242909
9,10,00569,normal,1310,1,0.000000,1.000000,0.000000,L,1.000000,1.000000,0.000001,0.000000,0.234876
9,10,00569,normal,1222,1,0.000001,0.999999,0.000001,L,0.999999,0.999998,0.000019,0.000002,0.228247
9,10,00569,normal,346,1,0.000000,1.000000,0.000000,L,1.000000,1.000000,-0.000000,0.000000,0.695978
9,10,00569,normal,875,1,0.000000,1.000000,0.000000,L,1.000000,1.000000,0.000000,0.000000,0.231137
9,10,00569,normal,443,1,0.000000,1.000000,0.000000,L,1.000000,1.000000,0.000001,0.000000,0.247891
9,10,00569,normal,951,1,0.000000,1.000000,0.000000,L,1.000000,0.999999,0.000006,0.000001,0.198963
9,10,00569,normal,258,1,0.000000,1.000000,0.000000,L,1.000000,1.000000,0.000001,0.000000,0.262308
9,10,00569,normal,475,1,0.000000,1.000000,0.000000,L,1.000000,1.000000,0.000000,0.000000,0.227652
9,10,00569,normal,559,1,0.000000,1.000000,0.000000,L,1.000000,1.000000,0.000000,0.000000,0.192082
9,10,00569,normal,701,1,0.000000,1.000000,0.000000,L,1.000000,1.000000,0.000000,0.000000,0.100428
9,10,00569,normal,1039,1,0.000000,1.000000,0.000000,L,1.000000,1.000000,0.000000,0.000000,0.299089
9,10,00569,normal,1129,1,0.000000,1.000000,0.000000,L,1.000000,1.000000,-0.000000,0.000000,0.860172
9,10,00569,normal,379,1,0.000000,1.000000,0.000000,L,1.000000,1.000000,0.000001,0.000000,0.218983
9,10,00569,normal,530,1,0.000000,1.000000,0.000000,L,1.000000,1.000000,0.000000,0.000000,0.104182
9,10,00569,normal,565,1,0.000000,1.000000,0.000000,L,1.000000,1.000000,0.000001,0.000000,0.178240
9,10,00569,normal,876,1,0.000000,1.000000,0.000000,L,1.000000,1.000000,0.000000,0.000000,0.237250
9,10,00569,normal,700,1,0.000000,1.000000,0.000000,L,1.000000,1.000000,0.000000,0.000000,0.219212
9,10,00569,normal,529,1,0.000000,1.000000,0.000000,L,1.000000,1.000000,0.000001,0.000000,0.124824
9,10,00569,normal,882,1,0.000000,1.000000,0.000000,L,1.000000,1.000000,0.000000,0.000000,0.071461
9,10,00569,normal,947,1,0.000000,1.000000,0.000000,L,1.000000,1.000000,0.000001,0.000000,0.134634
9,10,00569,normal,262,1,0.000000,1.000000,0.000000,L,1.000000,1.000000,0.000002,0.000000,0.230757
9,10,00569,normal,950,1,0.000000,1.000000,0.000000,L,1.000000,0.999999,0.000005,0.000000,0.200755
9,10,00569,normal,757,0,0.000000,1.000000,0.000000,L,1.000000,1.000000,0.000002,0.000000,0.143069
9,10,00569,normal,1021,0,0.000000,1.000000,0.000000,L,1.000000,1.000000,0.000002,0.000000,0.113978
9,10,00569,normal,419,0,0.000000,1.000000,0.000000,L,1.000000,1.000000,0.000000,0.000000,0.091475
9,10,00569,normal,1433,0,0.000000,1.000000,0.000000,L,1.000000,1.000000,0.000001,0.000000,0.114396
9,10,00569,normal,1401,0,0.000000,1.000000,0.000000,L,1.000000,1.000000,0.000001,0.000000,0.147062
9,10,00569,normal,1339,0,0.000000,1.000000,0.000000,L,1.000000,1.000000,0.000001,0.000000,0.099015
9,10,00569,normal,816,0,0.000000,1.000000,0.000000,L,1.000000,1.000000,0.000000,0.000000,0.110606
9,10,00569,normal,1228,0,0.000000,1.000000,0.000000,L,1.000000,1.000000,0.000000,0.000000,0.165600
9,10,00569,normal,692,0,0.000000,1.000000,0.000000,L,1.000000,1.000000,0.000001,0.000000,0.157763
9,10,00569,normal,1147,0,0.000000,1.000000,0.000000,L,1.000000,1.000000,0.000000,0.000000,0.157422
9,10,00569,normal,115,0,0.000000,1.000000,0.000000,L,1.000000,1.000000,0.000000,0.000000,0.131844
9,10,00569,normal,359,0,0.000000,1.000000,0.000000,L,1.000000,1.000000,0.000000,0.000000,0.133122
9,10,00569,normal,1012,0,0.000000,1.000000,0.000000,L,1.000000,1.000000,0.000001,0.000000,0.082986
9,10,00569,normal,778,0,0.000000,1.000000,0.000000,L,1.000000,1.000000,0.000000,0.000000,0.154780
9,10,00569,normal,720,0,0.000000,1.000000,0.000000,L,1.000000,1.000000,0.000000,0.000000,0.110110
9,10,00569,normal,586,0,0.000000,1.000000,0.000000,L,1.000000,1.000000,0.000000,0.000000,0.089515
9,10,00569,normal,299,0,0.000000,1.000000,0.000000,L,1.000000,1.000000,0.000003,0.000000,0.142427
9,10,00569,normal,624,0,0.000000,1.000000,0.000000,L,1.000000,1.000000,0.000000,0.000000,0.191478
10,10,01146,normal,350,1,0.000000,1.000000,0.000000,L,1.000000,1.000000,0.000000,0.000000,0.302851
10,10,01146,normal,1192,1,0.000000,1.000000,0.000000,L,1.000000,1.000000,0.000001,0.000000,0.249497
10,10,01146,normal,255,1,0.000000,1.000000,0.000000,L,1.000000,1.000000,0.000001,0.000000,0.238676
10,10,01146,normal,287,1,0.000000,1.000000,0.000000,L,1.000000,1.000000,0.000000,0.000000,0.237650
10,10,01146,normal,1100,1,0.000000,1.000000,0.000000,L,1.000000,1.000000,-0.000000,0.000000,0.875772
10,10,01146,normal,1007,1,0.000000,1.000000,0.000000,L,1.000000,0.999999,0.000006,0.000001,0.141871
10,10,01146,normal,792,1,0.000000,1.000000,0.000000,L,1.000000,1.000000,0.000000,0.000000,0.330082
10,10,01146,normal,701,1,0.000000,1.000000,0.000000,L,1.000000,1.000000,-0.000000,0.000000,0.581647
10,10,01146,normal,790,1,0.000000,1.000000,0.000000,L,1.000000,1.000000,0.000001,0.000000,0.210691
10,10,01146,normal,700,1,0.000000,1.000000,0.000000,L,1.000000,1.000000,0.000000,0.000000,0.232363
10,10,01146,normal,1279,1,0.000000,1.000000,0.000000,L,1.000000,1.000000,0.000001,0.000000,0.208262
10,10,01146,normal,1282,1,0.000000,1.000000,0.000000,L,1.000000,1.000000,0.000000,0.000000,0.207628
10,10,01146,normal,124,1,0.000000,1.000000,0.000000,L,1.000000,0.999999,0.000007,0.000001,0.181948
10,10,01146,normal,1190,1,0.000000,1.000000,0.000000,L,1.000000,1.000000,-0.000000,0.000000,0.666902
10,10,01146,normal,101,1,0.000000,1.000000,0.000000,L,1.000000,0.999999,0.000006,0.000000,0.147600
10,10,01146,normal,126,1,0.000000,1.000000,0.000000,L,1.000000,0.999999,0.000005,0.000000,0.217365
10,10,01146,normal,524,1,0.000001,0.999999,0.000000,L,0.999999,0.999999,0.000008,0.000001,0.138627
10,10,01146,normal,347,1,0.000000,1.000000,0.000000,L,1.000000,1.000000,0.000000,0.000000,0.306250
10,10,01146,normal,791,1,0.000000,1.000000,0.000000,L,1.000000,1.000000,0.000001,0.000000,0.244585
10,10,01146,normal,194,1,0.000000,1.000000,0.000000,L,1.000000,1.000000,0.000000,0.000000,0.307776
10,10,01146,normal,1009,1,0.000000,1.000000,0.000000,L,1.000000,1.000000,0.000001,0.000000,0.228528
10,10,01146,normal,793,1,0.000000,1.000000,0.000000,L,1.000000,1.000000,0.000000,0.000000,0.308113
10,10,01146,normal,80,1,0.000000,1.000000,0.000000,L,1.000000,0.999999,0.000005,0.000001,0.196455
10,10,01146,normal,106,1,0.000000,1.000000,0.000000,L,1.000000,1.000000,0.000002,0.000000,0.136438
10,10,01146,normal,463,1,0.000000,1.000000,0.000000,L,1.000000,1.000000,0.000002,0.000000,0.212365
10,10,01146,normal,213,1,0.000000,1.000000,0.000000,L,1.000000,1.000000,0.000000,0.000000,0.203172
10,10,01146,normal,393,1,0.000000,1.000000,0.000000,L,1.000000,1.000000,0.000000,0.000000,0.181433
10,10,01146,normal,1186,1,0.000000,1.000000,0.000000,L,1.000000,1.000000,0.000000,0.000000,0.091619
10,10,01146,normal,397,1,0.000000,1.000000,0.000000,L,1.000000,1.000000,0.000000,0.000000,0.235901
10,10,01146,normal,705,1,0.000000,1.000000,0.000000,L,1.000000,1.000000,0.000000,0.000000,0.208609
10,10,01146,normal,77,1,0.000000,1.000000,0.000000,L,1.000000,1.000000,0.000002,0.000000,0.247885
10,10,01146,normal,308,1,0.000000,1.000000,0.000000,L,1.000000,1.000000,-0.000000,0.000000,0.584475
10,10,01146,normal,257,1,0.000000,1.000000,0.000000,L,1.000000,1.000000,-0.000000,0.000000,0.859030
10,10,01146,normal,128,1,0.000000,1.000000,0.000000,L,1.000000,1.000000,0.000002,0.000000,0.206334
10,10,01146,normal,371,1,0.000000,1.000000,0.000000,L,1.000000,1.000000,0.000001,0.000000,0.154396
10,10,01146,normal,219,1,0.000000,1.000000,0.000000,L,1.000000,1.000000,0.000001,0.000000,0.249592
10,10,01146,normal,737,0,0.000000,1.000000,0.000000,L,1.000000,1.000000,0.000002,0.000000,0.083806
10,10,01146,normal,313,0,0.000000,1.000000,0.000000,L,1.000000,1.000000,0.000000,0.000000,0.210634
10,10,01146,normal,805,0,0.000000,1.000000,0.000000,L,1.000000,1.000000,0.000000,0.000000,0.133863
10,10,01146,normal,534,0,0.000000,1.000000,0.000000,L,1.000000,1.000000,0.000000,0.000000,0.131416
10,10,01146,normal,1065,0,0.000000,1.000000,0.000000,L,1.000000,1.000000,0.000000,0.000000,0.185990
10,10,01146,normal,646,0,0.000000,1.000000,0.000000,L,1.000000,1.000000,0.000004,0.000000,0.095914
10,10,01146,normal,159,0,0.000000,1.000000,0.000000,L,1.000000,1.000000,0.000002,0.000000,0.065425
10,10,01146,normal,1273,0,0.000000,1.000000,0.000000,L,1.000000,1.000000,0.000001,0.000000,0.094623
10,10,01146,normal,601,0,0.000000,1.000000,0.000000,L,1.000000,1.000000,0.000000,0.000000,0.141012
10,10,01146,normal,1113,0,0.000000,1.000000,0.000000,L,1.000000,1.000000,0.000003,0.000000,0.144200
10,10,01146,normal,201,0,0.000000,1.000000,0.000000,L,1.000000,1.000000,0.000001,0.000000,0.181865
10,10,01146,normal,71,0,0.000000,1.000000,0.000000,L,1.000000,1.000000,0.000003,0.000000,0.048719
10,10,01146,normal,460,0,0.000000,1.000000,0.000000,L,1.000000,1.000000,0.000003,0.000000,0.096453
10,10,01146,normal,602,0,0.000000,1.000000,0.000000,L,1.000000,1.000000,0.000000,0.000000,0.104372
10,10,01146,normal,1406,0,0.000000,1.000000,0.000000,L,1.000000,1.000000,0.000000,0.000000,0.184068
10,10,01146,normal,585,0,0.000000,1.000000,0.000000,L,1.000000,1.000000,0.000000,0.000000,0.179455
10,10,01146,normal,471,0,0.000000,1.000000,0.000000,L,1.000000,1.000000,0.000001,0.000000,0.125846
10,10,01146,normal,50,0,0.000000,1.000000,0.000000,L,1.000000,1.000000,0.000002,0.000000,0.117382
11,11,00508,normal,1012,1,0.000000,1.000000,0.000000,L,1.000000,1.000000,0.000000,0.000000,0.210828
11,11,00508,normal,1286,1,0.000000,1.000000,0.000000,L,1.000000,1.000000,0.000000,0.000000,0.136091
11,11,00508,normal,1373,1,0.000000,1.000000,0.000000,L,1.000000,1.000000,0.000000,0.000000,0.205808
11,11,00508,normal,1240,1,0.000000,1.000000,0.000000,L,1.000000,1.000000,0.000000,0.000000,0.259816
11,11,00508,normal,1333,1,0.000000,1.000000,0.000000,L,1.000000,1.000000,-0.000000,0.000000,0.727387
11,11,00508,normal,1424,1,0.000000,1.000000,0.000000,L,1.000000,1.000000,0.000000,0.000000,0.226727
11,11,00508,normal,1374,1,0.000000,1.000000,0.000000,L,1.000000,1.000000,0.000000,0.000000,0.197511
11,11,00508,normal,1156,1,0.000000,1.000000,0.000000,L,1.000000,1.000000,0.000000,0.000000,0.216486
11,11,00508,normal,1194,1,0.000000,1.000000,0.000000,L,1.000000,1.000000,-0.000000,0.000000,0.582666
11,11,00508,normal,1010,1,0.000000,1.000000,0.000000,L,1.000000,1.000000,0.000002,0.000000,0.145617
11,11,00508,normal,1009,1,0.000000,1.000000,0.000000,L,1.000000,1.000000,0.000002,0.000000,0.132151
11,11,00508,normal,1104,1,0.000000,1.000000,0.000000,L,1.000000,1.000000,0.000000,0.000000,0.321547
11,11,00508,normal,1334,1,0.000000,1.000000,0.000000,L,1.000000,1.000000,-0.000000,0.000000,0.644971
11,11,00508,normal,1151,1,0.000000,1.000000,0.000000,L,1.000000,1.000000,0.000001,0.000000,0.227918
11,11,00508,normal,1285,1,0.000000,1.000000,0.000000,L,1.000000,1.000000,0.000000,0.000000,0.202431
11,11,00508,normal,1330,1,0.000000,1.000000,0.000000,L,1.000000,1.000000,0.000000,0.000000,0.210062
11,11,00508,normal,1196,1,0.000000,1.000000,0.000000,L,1.000000,1.000000,0.000000,0.000000,0.161552
11,11,00508,normal,1283,1,0.000000,1.000000,0.000000,L,1.000000,1.000000,0.000000,0.000000,0.243933
11,11,00508,normal,1015,1,0.000000,1.000000,0.000000,L,1.000000,1.000000,0.000000,0.000000,0.175910
11,11,00508,normal,1282,1,0.000000,1.000000,0.000000,L,1.000000,1.000000,0.000000,0.000000,0.241289
11,11,00508,normal,1011,1,0.000000,1.000000,0.000000,L,1.000000,1.000000,0.000000,0.000000,0.143622
11,11,00508,normal,1335,1,0.000000,1.000000,0.000000,L,1.000000,1.000000,0.000000,0.000000,0.260276
11,11,00508,normal,1099,1,0.000000,1.000000,0.000000,L,1.000000,1.000000,0.000000,0.000000,0.209283
11,11,00508,normal,1189,1,0.000000,1.000000,0.000000,L,1.000000,1.000000,0.000000,0.000000,0.213487
11,11,00508,normal,1421,1,0.000000,1.000000,0.000000,L,1.000000,1.000000,0.000001,0.000000,0.169319
11,11,00508,normal,1016,1,0.000000,1.000000,0.000000,L,1.000000,1.000000,0.000000,0.000000,0.126570
11,11,00508,normal,1014,1,0.000000,1.000000,0.000000,L,1.000000,1.000000,0.000000,0.000000,0.139798
11,11,00508,normal,1013,1,0.000000,1.000000,0.000000,L,1.000000,1.000000,0.000000,0.000000,0.216258
11,11,00508,normal,1420,1,0.000000,1.000000,0.000000,L,1.000000,1.000000,0.000000,0.000000,0.148285
11,11,00508,normal,1192,1,0.000000,1.000000,0.000000,L,1.000000,1.000000,-0.000000,0.000000,0.870139
11,11,00508,normal,1106,1,0.000000,1.000000,0.000000,L,1.000000,1.000000,0.000000,0.000000,0.169876
11,11,00508,normal,1332,1,0.000000,1.000000,0.000000,L,1.000000,1.000000,-0.000000,0.000000,0.526082
11,11,00508,normal,1375,1,0.000000,1.000000,0.000000,L,1.000000,1.000000,0.000000,0.000000,0.134462
11,11,00508,normal,1105,1,0.000000,1.000000,0.000000,L,1.000000,1.000000,0.000000,0.000000,0.252673
11,11,00508,normal,1102,1,0.000000,1.000000,0.000000,L,1.000000,1.000000,-0.000000,0.000000,0.596286
11,11,00508,normal,1422,1,0.000000,1.000000,0.000000,L,1.000000,1.000000,0.000000,0.000000,0.248549
11,11,00508,normal,417,0,0.000000,1.000000,0.000000,L,1.000000,1.000000,0.000000,0.000000,0.109224
11,11,00508,normal,1180,0,0.000000,1.000000,0.000000,L,1.000000,1.000000,0.000001,0.000000,0.163308
11,11,00508,normal,619,0,0.000000,1.000000,0.000000,L,1.000000,1.000000,0.000000,0.000000,0.110715
11,11,00508,normal,543,0,0.000000,1.000000,0.000000,L,1.000000,1.000000,0.000002,0.000000,0.115767
11,11,00508,normal,343,0,0.000000,1.000000,0.000000,L,1.000000,1.000000,0.000000,0.000000,0.123864
11,11,00508,normal,1357,0,0.000000,1.000000,0.000000,L,1.000000,1.000000,0.000002,0.000000,0.162603
11,11,00508,normal,470,0,0.000000,1.000000,0.000000,L,1.000000,1.000000,0.000000,0.000000,0.096955
11,11,00508,normal,964,0,0.000000,1.000000,0.000000,L,1.000000,1.000000,0.000000,0.000000,0.127513
11,11,00508,normal,696,0,0.000000,1.000000,0.000000,L,1.000000,1.000000,0.000000,0.000000,0.123853
11,11,00508,normal,550,0,0.000000,1.000000,0.000000,L,1.000000,1.000000,0.000001,0.000000,0.108915
11,11,00508,normal,49,0,0.000000,1.000000,0.000000,L,1.000000,1.000000,0.000001,0.000000,0.138837
11,11,00508,normal,806,0,0.000000,1.000000,0.000000,L,1.000000,1.000000,0.000000,0.000000,0.131969
11,11,00508,normal,253,0,0.000000,1.000000,0.000000,L,1.000000,1.000000,0.000000,0.000000,0.167473
11,11,00508,normal,991,0,0.000000,1.000000,0.000000,L,1.000000,1.000000,0.000000,0.000000,0.131656
11,11,00508,normal,149,0,0.000000,1.000000,0.000000,L,1.000000,1.000000,0.000000,0.000000,0.262742
11,11,00508,normal,1161,0,0.000000,1.000000,0.000000,L,1.000000,1.000000,0.000000,0.000000,0.277994
11,11,00508,normal,874,0,0.000000,1.000000,0.000000,L,1.000000,1.000000,0.000000,0.000000,0.121104
11,11,00508,normal,1388,0,0.000000,1.000000,0.000000,L,1.000000,1.000000,0.000000,0.000000,0.105005
12,11,01128,normal,443,1,0.000000,1.000000,0.000000,L,1.000000,1.000000,0.000004,0.000000,0.192661
12,11,01128,normal,444,1,0.000000,1.000000,0.000000,L,1.000000,1.000000,0.000004,0.000000,0.174265
12,11,01128,normal,445,1,0.000000,1.000000,0.000000,L,1.000000,1.000000,0.000000,0.000000,0.264054
12,11,01128,normal,446,1,0.000000,1.000000,0.000000,L,1.000000,1.000000,0.000000,0.000000,0.257073
12,11,01128,normal,447,1,0.000000,1.000000,0.000000,L,1.000000,1.000000,0.000001,0.000000,0.258588
12,11,01128,normal,448,1,0.000000,1.000000,0.000000,L,1.000000,1.000000,0.000000,0.000000,0.251676
12,11,01128,normal,449,1,0.000000,1.000000,0.000000,L,1.000000,1.000000,0.000000,0.000000,0.257468
12,11,01128,normal,533,1,0.000000,1.000000,0.000000,L,1.000000,1.000000,0.000000,0.000000,0.212992
12,11,01128,normal,534,1,0.000000,1.000000,0.000000,L,1.000000,0.999999,0.000005,0.000001,0.250405
12,11,01128,normal,535,1,0.000000,1.000000,0.000000,L,1.000000,1.000000,-0.000000,0.000000,0.601580
12,11,01128,normal,536,1,0.000000,1.000000,0.000000,L,1.000000,1.000000,-0.000000,0.000000,0.820758
12,11,01128,normal,537,1,0.000000,1.000000,0.000000,L,1.000000,1.000000,-0.000000,0.000000,0.798324
12,11,01128,normal,538,1,0.000000,1.000000,0.000000,L,1.000000,1.000000,0.000000,0.000000,0.577429
12,11,01128,normal,539,1,0.000000,1.000000,0.000000,L,1.000000,1.000000,0.000000,0.000000,0.350203
12,11,01128,normal,623,1,0.000000,1.000000,0.000000,L,1.000000,1.000000,0.000000,0.000000,0.284264
12,11,01128,normal,624,1,0.000000,1.000000,0.000000,L,1.000000,1.000000,0.000001,0.000000,0.265022
12,11,01128,normal,625,1,0.000000,1.000000,0.000000,L,1.000000,1.000000,0.000000,0.000000,0.503908
12,11,01128,normal,626,1,0.000000,1.000000,0.000000,L,1.000000,1.000000,-0.000000,0.000000,0.800959
12,11,01128,normal,627,1,0.000000,1.000000,0.000000,L,1.000000,1.000000,-0.000000,0.000000,0.699715
12,11,01128,normal,628,1,0.000000,1.000000,0.000000,L,1.000000,1.000000,0.000000,0.000000,0.423258
12,11,01128,normal,629,1,0.000000,1.000000,0.000000,L,1.000000,1.000000,0.000000,0.000000,0.294227
12,11,01128,normal,713,1,0.000000,1.000000,0.000000,L,1.000000,1.000000,0.000000,0.000000,0.205485
12,11,01128,normal,714,1,0.000000,1.000000,0.000000,L,1.000000,1.000000,0.000000,0.000000,0.216732
12,11,01128,normal,715,1,0.000000,1.000000,0.000000,L,1.000000,1.000000,0.000000,0.000000,0.257834
12,11,01128,normal,716,1,0.000000,1.000000,0.000000,L,1.000000,1.000000,0.000000,0.000000,0.259401
12,11,01128,normal,717,1,0.000000,1.000000,0.000000,L,1.000000,1.000000,0.000000,0.000000,0.246661
12,11,01128,normal,718,1,0.000000,1.000000,0.000000,L,1.000000,1.000000,0.000000,0.000000,0.251036
12,11,01128,normal,719,1,0.000000,1.000000,0.000000,L,1.000000,1.000000,0.000000,0.000000,0.213933
12,11,01128,normal,179,0,0.000000,1.000000,0.000000,L,1.000000,1.000000,0.000000,0.000000,0.155106
12,11,01128,normal,124,0,0.000000,1.000000,0.000000,L,1.000000,1.000000,0.000001,0.000000,0.161519
12,11,01128,normal,587,0,0.000000,1.000000,0.000000,L,1.000000,1.000000,0.000002,0.000000,0.147844
12,11,01128,normal,665,0,0.000000,1.000000,0.000000,L,1.000000,1.000000,0.000002,0.000000,0.172852
12,11,01128,normal,946,0,0.000000,1.000000,0.000000,L,1.000000,1.000000,0.000000,0.000000,0.184861
12,11,01128,normal,667,0,0.000000,1.000000,0.000000,L,1.000000,1.000000,0.000000,0.000000,0.132839
12,11,01128,normal,738,0,0.000000,1.000000,0.000000,L,1.000000,1.000000,0.000000,0.000000,0.118447
12,11,01128,normal,841,0,0.000000,1.000000,0.000000,L,1.000000,1.000000,0.000002,0.000000,0.171525
12,11,01128,normal,39,0,0.000000,1.000000,0.000000,L,1.000000,1.000000,0.000000,0.000000,0.149574
12,11,01128,normal,1028,0,0.000000,1.000000,0.000000,L,1.000000,1.000000,0.000000,0.000000,0.256603
12,11,01128,normal,1275,0,0.000000,1.000000,0.000000,L,1.000000,0.999999,0.000007,0.000001,0.154962
12,11,01128,normal,757,0,0.000000,1.000000,0.000000,L,1.000000,1.000000,0.000000,0.000000,0.147502
12,11,01128,normal,574,0,0.000000,1.000000,0.000000,L,1.000000,1.000000,0.000001,0.000000,0.143476
12,11,01128,normal,204,0,0.000000,1.000000,0.000000,L,1.000000,1.000000,0.000001,0.000000,0.108257
12,11,01128,normal,1060,0,0.000000,1.000000,0.000000,L,1.000000,1.000000,0.000000,0.000000,0.145105
12,11,01128,normal,370,0,0.000000,1.000000,0.000000,L,1.000000,1.000000,0.000002,0.000000,0.140028
12,11,01128,normal,99,0,0.000000,1.000000,0.000000,L,1.000000,1.000000,0.000000,0.000000,0.155504
12,11,01128,normal,141,0,0.000000,1.000000,0.000000,L,1.000000,1.000000,0.000001,0.000000,0.166823
13,12,00413,normal,1026,1,0.000000,1.000000,0.000000,L,1.000000,1.000000,0.000002,0.000000,0.152128
13,12,00413,normal,1027,1,0.000000,1.000000,0.000000,L,1.000000,1.000000,0.000002,0.000000,0.170892
13,12,00413,normal,1028,1,0.000000,1.000000,0.000000,L,1.000000,1.000000,0.000000,0.000000,0.159142
13,12,00413,normal,1029,1,0.000000,1.000000,0.000000,L,1.000000,1.000000,0.000001,0.000000,0.219593
13,12,00413,normal,1116,1,0.000000,1.000000,0.000000,L,1.000000,1.000000,0.000003,0.000000,0.205289
13,12,00413,normal,1117,1,0.000000,1.000000,0.000000,L,1.000000,1.000000,0.000001,0.000000,0.220131
13,12,00413,normal,1118,1,0.000000,1.000000,0.000000,L,1.000000,1.000000,0.000000,0.000000,0.286100
13,12,00413,normal,1119,1,0.000000,1.000000,0.000000,L,1.000000,1.000000,0.000000,0.000000,0.506735
13,12,00413,normal,1120,1,0.000000,1.000000,0.000000,L,1.000000,1.000000,0.000001,0.000000,0.286828
13,12,00413,normal,1121,1,0.000000,1.000000,0.000000,L,1.000000,1.000000,0.000000,0.000000,0.267817
13,12,00413,normal,1122,1,0.000000,1.000000,0.000000,L,1.000000,1.000000,0.000004,0.000000,0.217871
13,12,00413,normal,1206,1,0.000000,1.000000,0.000000,L,1.000000,1.000000,0.000001,0.000000,0.213138
13,12,00413,normal,1207,1,0.000000,1.000000,0.000000,L,1.000000,1.000000,0.000000,0.000000,0.295957
13,12,00413,normal,1208,1,0.000000,1.000000,0.000000,L,1.000000,1.000000,-0.000000,0.000000,0.731350
13,12,00413,normal,1209,1,0.000000,1.000000,0.000000,L,1.000000,1.000000,-0.000000,0.000000,0.928320
13,12,00413,normal,1210,1,0.000000,1.000000,0.000000,L,1.000000,1.000000,-0.000000,0.000000,0.708473
13,12,00413,normal,1211,1,0.000000,1.000000,0.000000,L,1.000000,1.000000,0.000001,0.000000,0.263430
13,12,00413,normal,1212,1,0.000000,1.000000,0.000000,L,1.000000,0.999999,0.000006,0.000001,0.223180
13,12,00413,normal,1296,1,0.000000,1.000000,0.000000,L,1.000000,1.000000,0.000001,0.000000,0.191204
13,12,00413,normal,1297,1,0.000000,1.000000,0.000000,L,1.000000,1.000000,0.000002,0.000000,0.212239
13,12,00413,normal,1298,1,0.000000,1.000000,0.000000,L,1.000000,1.000000,0.000000,0.000000,0.233789
13,12,00413,normal,1299,1,0.000000,1.000000,0.000000,L,1.000000,1.000000,0.000000,0.000000,0.297019
13,12,00413,normal,1300,1,0.000000,1.000000,0.000000,L,1.000000,1.000000,0.000000,0.000000,0.237472
13,12,00413,normal,1301,1,0.000000,1.000000,0.000000,L,1.000000,1.000000,0.000000,0.000000,0.227241
13,12,00413,normal,1302,1,0.000000,1.000000,0.000000,L,1.000000,1.000000,0.000000,0.000000,0.217879
13,12,00413,normal,1385,1,0.000000,1.000000,0.000000,L,1.000000,1.000000,0.000000,0.000000,0.103778
13,12,00413,normal,1386,1,0.000000,1.000000,0.000000,L,1.000000,1.000000,0.000001,0.000000,0.133497
13,12,00413,normal,1387,1,0.000000,1.000000,0.000000,L,1.000000,0.999999,0.000005,0.000001,0.199382
13,12,00413,normal,1388,1,0.000000,1.000000,0.000000,L,1.000000,1.000000,0.000003,0.000000,0.199965
13,12,00413,normal,1389,1,0.000000,1.000000,0.000000,L,1.000000,1.000000,0.000001,0.000000,0.201796
13,12,00413,normal,1390,1,0.000000,1.000000,0.000000,L,1.000000,1.000000,0.000002,0.000000,0.194896
13,12,00413,normal,1391,1,0.000000,1.000000,0.000000,L,1.000000,1.000000,0.000000,0.000000,0.178497
13,12,00413,normal,1392,1,0.000000,1.000000,0.000000,L,1.000000,1.000000,0.000000,0.000000,0.216747
13,12,00413,normal,1136,0,0.000000,1.000000,0.000000,L,1.000000,1.000000,0.000000,0.000000,0.142702
13,12,00413,normal,158,0,0.000000,1.000000,0.000000,L,1.000000,1.000000,0.000001,0.000000,0.086378
13,12,00413,normal,1418,0,0.000000,1.000000,0.000000,L,1.000000,1.000000,0.000000,0.000000,0.121763
13,12,00413,normal,1273,0,0.000000,1.000000,0.000000,L,1.000000,1.000000,0.000000,0.000000,0.105411
13,12,00413,normal,166,0,0.000000,1.000000,0.000000,L,1.000000,1.000000,0.000001,0.000000,0.082574
13,12,00413,normal,1244,0,0.000000,1.000000,0.000000,L,1.000000,1.000000,0.000001,0.000000,0.217942
13,12,00413,normal,1051,0,0.000000,1.000000,0.000000,L,1.000000,1.000000,0.000001,0.000000,0.125774
13,12,00413,normal,993,0,0.000000,1.000000,0.000000,L,1.000000,1.000000,0.000001,0.000000,0.113054
13,12,00413,normal,1186,0,0.000000,1.000000,0.000000,L,1.000000,1.000000,0.000001,0.000000,0.102597
13,12,00413,normal,167,0,0.000000,1.000000,0.000000,L,1.000000,1.000000,0.000001,0.000000,0.125729
13,12,00413,normal,738,0,0.000000,1.000000,0.000000,L,1.000000,1.000000,0.000000,0.000000,0.101504
13,12,00413,normal,197,0,0.000000,1.000000,0.000000,L,1.000000,1.000000,0.000003,0.000000,0.095577
13,12,00413,normal,92,0,0.000000,1.000000,0.000000,L,1.000000,1.000000,0.000000,0.000000,0.200659
13,12,00413,normal,1196,0,0.000000,1.000000,0.000000,L,1.000000,1.000000,0.000002,0.000000,0.161726
13,12,00413,normal,1248,0,0.000000,1.000000,0.000000,L,1.000000,1.000000,0.000000,0.000000,0.227226
13,12,00413,normal,1069,0,0.000000,1.000000,0.000000,L,1.000000,1.000000,0.000002,0.000000,0.120605
13,12,00413,normal,802,0,0.000000,1.000000,0.000000,L,1.000000,1.000000,0.000000,0.000000,0.160448
13,12,00413,normal,580,0,0.000000,1.000000,0.000000,L,1.000000,1.000000,0.000001,0.000000,0.103219
14,12,00822,normal,789,1,0.000000,1.000000,0.000000,L,1.000000,1.000000,0.000000,0.000000,0.258492
14,12,00822,normal,792,1,0.000000,1.000000,0.000000,L,1.000000,1.000000,0.000000,0.000000,0.138686
14,12,00822,normal,608,1,0.000000,1.000000,0.000000,L,1.000000,1.000000,0.000000,0.000000,0.404132
14,12,00822,normal,515,1,0.000000,1.000000,0.000000,L,1.000000,1.000000,0.000001,0.000000,0.144817
14,12,00822,normal,786,1,0.000000,1.000000,0.000000,L,1.000000,1.000000,0.000003,0.000000,0.270884
14,12,00822,normal,695,1,0.000000,1.000000,0.000000,L,1.000000,1.000000,0.000000,0.000000,0.299924
14,12,00822,normal,606,1,0.000000,1.000000,0.000000,L,1.000000,1.000000,0.000003,0.000000,0.273217
14,12,00822,normal,517,1,0.000000,1.000000,0.000000,L,1.000000,1.000000,0.000001,0.000000,0.210601
14,12,00822,normal,612,1,0.000000,1.000000,0.000000,L,1.000000,1.000000,0.000000,0.000000,0.171262
14,12,00822,normal,787,1,0.000000,1.000000,0.000000,L,1.000000,1.000000,0.000001,0.000000,0.287859
14,12,00822,normal,882,1,0.000000,1.000000,0.000000,L,1.000000,1.000000,0.000000,0.000000,0.125971
14,12,00822,normal,518,1,0.000000,1.000000,0.000000,L,1.000000,1.000000,0.000001,0.000000,0.191503
14,12,00822,normal,788,1,0.000000,1.000000,0.000000,L,1.000000,1.000000,-0.000000,0.000000,0.489647
14,12,00822,normal,785,1,0.000000,1.000000,0.000000,L,1.000000,1.000000,0.000000,0.000000,0.247277
14,12,00822,normal,699,1,0.000000,1.000000,0.000000,L,1.000000,1.000000,-0.000000,0.000000,0.777144
14,12,00822,normal,701,1,0.000000,1.000000,0.000000,L,1.000000,1.000000,0.000001,0.000000,0.227160
14,12,00822,normal,878,1,0.000000,1.000000,0.000000,L,1.000000,1.000000,0.000000,0.000000,0.229394
14,12,00822,normal,876,1,0.000000,1.000000,0.000000,L,1.000000,1.000000,0.000002,0.000000,0.217701
14,12,00822,normal,879,1,0.000000,1.000000,0.000000,L,1.000000,1.000000,0.000000,0.000000,0.178767
14,12,00822,normal,516,1,0.000000,1.000000,0.000000,L,1.000000,1.000000,0.000001,0.000000,0.174963
14,12,00822,normal,881,1,0.000000,1.000000,0.000000,L,1.000000,1.000000,0.000000,0.000000,0.202763
14,12,00822,normal,790,1,0.000000,1.000000,0.000000,L,1.000000,1.000000,0.000000,0.000000,0.245832
14,12,00822,normal,875,1,0.000000,1.000000,0.000000,L,1.000000,1.000000,0.000000,0.000000,0.203797
14,12,00822,normal,880,1,0.000000,1.000000,0.000000,L,1.000000,1.000000,0.000000,0.000000,0.178736
14,12,00822,normal,519,1,0.000000,1.000000,0.000000,L,1.000000,1.000000,0.000000,0.000000,0.204875
14,12,00822,normal,698,1,0.000000,1.000000,0.000000,L,1.000000,1.000000,-0.000000,0.000000,0.984728
14,12,00822,normal,702,1,0.000000,1.000000,0.000000,L,1.000000,1.000000,0.000000,0.000000,0.199067
14,12,00822,normal,611,1,0.000000,1.000000,0.000000,L,1.000000,1.000000,0.000000,0.000000,0.206116
14,12,00822,normal,521,1,0.000000,1.000000,0.000000,L,1.000000,1.000000,0.000000,0.000000,0.163003
14,12,00822,normal,605,1,0.000000,1.000000,0.000000,L,1.000000,1.000000,0.000001,0.000000,0.247075
14,12,00822,normal,700,1,0.000000,1.000000,0.000000,L,1.000000,1.000000,0.000000,0.000000,0.253217
14,12,00822,normal,609,1,0.000000,1.000000,0.000000,L,1.000000,1.000000,0.000001,0.000000,0.252417
14,12,00822,normal,696,1,0.000000,1.000000,0.000000,L,1.000000,1.000000,0.000000,0.000000,0.347899
14,12,00822,normal,522,1,0.000000,1.000000,0.000000,L,1.000000,1.000000,0.000000,0.000000,0.178713
14,12,00822,normal,610,1,0.000000,1.000000,0.000000,L,1.000000,1.000000,0.000001,0.000000,0.216907
14,12,00822,normal,791,1,0.000000,1.000000,0.000000,L,1.000000,1.000000,0.000000,0.000000,0.226017
14,12,00822,normal,1359,0,0.000000,1.000000,0.000000,L,1.000000,1.000000,0.000001,0.000000,0.180543
14,12,00822,normal,760,0,0.000000,1.000000,0.000000,L,1.000000,1.000000,0.000001,0.000000,0.120223
14,12,00822,normal,823,0,0.000000,1.000000,0.000000,L,1.000000,1.000000,0.000001,0.000000,0.171185
14,12,00822,normal,291,0,0.000000,1.000000,0.000000,L,1.000000,1.000000,0.000000,0.000000,0.154832
14,12,00822,normal,55,0,0.000000,1.000000,0.000000,L,1.000000,1.000000,0.000001,0.000000,0.083268
14,12,00822,normal,1046,0,0.000000,1.000000,0.000000,L,1.000000,1.000000,0.000000,0.000000,0.118824
14,12,00822,normal,585,0,0.000000,1.000000,0.000000,L,1.000000,1.000000,0.000002,0.000000,0.141939
14,12,00822,normal,657,0,0.000000,1.000000,0.000000,L,1.000000,1.000000,0.000002,0.000000,0.142074
14,12,00822,normal,482,0,0.000000,1.000000,0.000000,L,1.000000,1.000000,0.000001,0.000000,0.160763
14,12,00822,normal,727,0,0.000000,1.000000,0.000000,L,1.000000,1.000000,0.000000,0.000000,0.091111
14,12,00822,normal,1207,0,0.000000,1.000000,0.000000,L,1.000000,1.000000,0.000003,0.000000,0.151030
14,12,00822,normal,1066,0,0.000000,1.000000,0.000000,L,1.000000,1.000000,0.000000,0.000000,0.278904
14,12,00822,normal,1397,0,0.000000,1.000000,0.000000,L,1.000000,1.000000,0.000001,0.000000,0.130637
14,12,00822,normal,807,0,0.000000,1.000000,0.000000,L,1.000000,1.000000,0.000000,0.000000,0.121105
14,12,00822,normal,357,0,0.000000,1.000000,0.000000,L,1.000000,1.000000,0.000000,0.000000,0.136312
14,12,00822,normal,888,0,0.000000,1.000000,0.000000,L,1.000000,1.000000,0.000000,0.000000,0.201588
14,12,00822,normal,664,0,0.000000,1.000000,0.000000,L,1.000000,1.000000,0.000000,0.000000,0.106053
14,12,00822,normal,1325,0,0.000000,1.000000,0.000000,L,1.000000,1.000000,0.000000,0.000000,0.106112
15,15,00208,normal,1038,1,0.000000,1.000000,0.000000,L,1.000000,1.000000,0.000000,0.000000,0.115056
15,15,00208,normal,1221,1,0.000000,1.000000,0.000000,L,1.000000,1.000000,-0.000000,0.000000,0.335285
15,15,00208,normal,592,1,0.000000,1.000000,0.000000,L,1.000000,1.000000,0.000001,0.000000,0.115385
15,15,00208,normal,588,1,0.000000,1.000000,0.000000,L,1.000000,1.000000,0.000001,0.000000,0.149017
15,15,00208,normal,412,1,0.000000,1.000000,0.000000,L,1.000000,1.000000,0.000001,0.000000,0.136300
15,15,00208,normal,501,1,0.000000,1.000000,0.000000,L,1.000000,1.000000,0.000000,0.000000,0.141918
15,15,00208,normal,947,1,0.000000,1.000000,0.000000,L,1.000000,1.000000,-0.000000,0.000000,0.163421
15,15,00208,normal,678,1,0.000000,1.000000,0.000000,L,1.000000,1.000000,0.000000,0.000000,0.144242
15,15,00208,normal,236,1,0.000000,1.000000,0.000000,L,1.000000,1.000000,0.000000,0.000000,0.184255
15,15,00208,normal,860,1,0.000000,1.000000,0.000000,L,1.000000,1.000000,0.000001,0.000000,0.105701
15,15,00208,normal,680,1,0.000000,1.000000,0.000000,L,1.000000,1.000000,0.000000,0.000000,0.116586
15,15,00208,normal,590,1,0.000000,1.000000,0.000000,L,1.000000,1.000000,0.000000,0.000000,0.133328
15,15,00208,normal,1036,1,0.000000,1.000000,0.000000,L,1.000000,1.000000,0.000003,0.000000,0.146921
15,15,00208,normal,951,1,0.000000,1.000000,0.000000,L,1.000000,1.000000,0.000000,0.000000,0.119128
15,15,00208,normal,774,1,0.000000,1.000000,0.000000,L,1.000000,1.000000,0.000000,0.000000,0.115081
15,15,00208,normal,858,1,0.000000,1.000000,0.000000,L,1.000000,1.000000,-0.000000,0.000000,0.260520
15,15,00208,normal,773,1,0.000000,1.000000,0.000000,L,1.000000,1.000000,0.000000,0.000000,0.106510
15,15,00208,normal,1312,1,0.000000,1.000000,0.000000,L,1.000000,1.000000,0.000000,0.000000,0.216130
15,15,00208,normal,1037,1,0.000000,1.000000,0.000000,L,1.000000,1.000000,0.000000,0.000000,0.112852
15,15,00208,normal,683,1,0.000000,1.000000,0.000000,L,1.000000,1.000000,0.000001,0.000000,0.101017
15,15,00208,normal,682,1,0.000000,1.000000,0.000000,L,1.000000,1.000000,0.000003,0.000000,0.102335
15,15,00208,normal,864,1,0.000000,1.000000,0.000000,L,1.000000,1.000000,0.000000,0.000000,0.075307
15,15,00208,normal,502,1,0.000000,1.000000,0.000000,L,1.000000,1.000000,0.000000,0.000000,0.149866
15,15,00208,normal,504,1,0.000000,1.000000,0.000000,L,1.000000,1.000000,-0.000000,0.000000,0.174148
15,15,00208,normal,232,1,0.000000,1.000000,0.000000,L,1.000000,1.000000,0.000003,0.000000,0.085526
15,15,00208,normal,323,1,0.000000,1.000000,0.000000,L,1.000000,1.000000,0.000000,0.000000,0.104709
15,15,00208,normal,589,1,0.000000,1.000000,0.000000,L,1.000000,1.000000,0.000000,0.000000,0.110233
15,15,00208,normal,1132,1,0.000000,1.000000,0.000000,L,1.000000,1.000000,-0.000000,0.000000,0.577442
15,15,00208,normal,1039,1,0.000000,1.000000,0.000000,L,1.000000,1.000000,0.000001,0.000000,0.138558
15,15,00208,normal,679,1,0.000000,1.000000,0.000000,L,1.000000,1.000000,0.000000,0.000000,0.124472
15,15,00208,normal,769,1,0.000000,1.000000,0.000000,L,1.000000,1.000000,0.000000,0.000000,0.114506
15,15,00208,normal,766,1,0.000000,1.000000,0.000000,L,1.000000,1.000000,0.000001,0.000000,0.125328
15,15,00208,normal,143,1,0.000000,1.000000,0.000000,L,1.000000,1.000000,0.000002,0.000000,0.064608
15,15,00208,normal,857,1,0.000000,1.000000,0.000000,L,1.000000,1.000000,-0.000000,0.000000,0.321963
15,15,00208,normal,591,1,0.000000,1.000000,0.000000,L,1.000000,1.000000,0.000000,0.000000,0.131775
15,15,00208,normal,415,1,0.000000,1.000000,0.000000,L,1.000000,1.000000,-0.000000,0.000000,0.216245
15,15,00208,normal,386,0,0.000000,1.000000,0.000000,L,1.000000,1.000000,0.000001,0.000000,0.121881
15,15,00208,normal,698,0,0.000000,1.000000,0.000000,L,1.000000,1.000000,0.000001,0.000000,0.125823
15,15,00208,normal,643,0,0.000000,1.000000,0.000000,L,1.000000,1.000000,0.000001,0.000000,0.104829
15,15,00208,normal,1015,0,0.000000,1.000000,0.000000,L,1.000000,1.000000,0.000000,0.000000,0.211453
15,15,00208,normal,59,0,0.000000,1.000000,0.000000,L,1.000000,1.000000,0.000001,0.000000,0.075948
15,15,00208,normal,190,0,0.000000,1.000000,0.000000,L,1.000000,1.000000,0.000004,0.000000,0.168976
15,15,00208,normal,353,0,0.000000,1.000000,0.000000,L,1.000000,1.000000,0.000002,0.000000,0.167456
15,15,00208,normal,580,0,0.000000,1.000000,0.000000,L,1.000000,1.000000,0.000000,0.000000,0.158254
15,15,00208,normal,383,0,0.000000,1.000000,0.000000,L,1.000000,1.000000,0.000002,0.000000,0.109313
15,15,00208,normal,1401,0,0.000000,1.000000,0.000000,L,1.000000,1.000000,0.000000,0.000000,0.184979
15,15,00208,normal,1025,0,0.000000,1.000000,0.000000,L,1.000000,1.000000,0.000000,0.000000,0.142505
15,15,00208,normal,1145,0,0.000000,1.000000,0.000000,L,1.000000,1.000000,0.000000,0.000000,0.142558
15,15,00208,normal,1416,0,0.000000,1.000000,0.000000,L,1.000000,1.000000,0.000000,0.000000,0.175479
15,15,00208,normal,126,0,0.000000,1.000000,0.000000,L,1.000000,1.000000,0.000001,0.000000,0.126123
15,15,00208,normal,884,0,0.000000,1.000000,0.000000,L,1.000000,1.000000,0.000000,0.000000,0.153770
15,15,00208,normal,807,0,0.000000,1.000000,0.000000,L,1.000000,1.000000,0.000001,0.000000,0.235004
15,15,00208,normal,758,0,0.000000,1.000000,0.000000,L,1.000000,1.000000,0.000000,0.000000,0.214782
15,15,00208,normal,999,0,0.000000,1.000000,0.000000,L,1.000000,1.000000,0.000001,0.000000,0.141242
16,15,00561,normal,582,1,0.000000,1.000000,0.000000,L,1.000000,1.000000,0.000003,0.000000,0.211553
16,15,00561,normal,583,1,0.000000,1.000000,0.000000,L,1.000000,1.000000,0.000001,0.000000,0.228001
16,15,00561,normal,584,1,0.000000,1.000000,0.000000,L,1.000000,1.000000,0.000000,0.000000,0.316877
16,15,00561,normal,585,1,0.000000,1.000000,0.000000,L,1.000000,1.000000,0.000000,0.000000,0.341215
16,15,00561,normal,586,1,0.000000,1.000000,0.000000,L,1.000000,1.000000,0.000001,0.000000,0.252243
16,15,00561,normal,587,1,0.000000,0.999999,0.000000,L,0.999999,0.999999,0.000010,0.000001,0.225715
16,15,00561,normal,588,1,0.000000,1.000000,0.000000,L,1.000000,1.000000,0.000004,0.000000,0.213604
16,15,00561,normal,672,1,0.000000,1.000000,0.000000,L,1.000000,1.000000,0.000000,0.000000,0.254890
16,15,00561,normal,673,1,0.000000,1.000000,0.000000,L,1.000000,1.000000,-0.000000,0.000000,0.584492
16,15,00561,normal,674,1,0.000000,1.000000,0.000000,L,1.000000,1.000000,-0.000000,0.000000,0.954786
16,15,00561,normal,675,1,0.000000,1.000000,0.000000,L,1.000000,1.000000,-0.000000,0.000000,0.969421
16,15,00561,normal,676,1,0.000000,1.000000,0.000000,L,1.000000,1.000000,-0.000000,0.000000,0.594060
16,15,00561,normal,677,1,0.000000,0.999999,0.000001,L,0.999999,0.999998,0.000019,0.000002,0.272051
16,15,00561,normal,678,1,0.000000,0.999999,0.000001,L,0.999999,0.999998,0.000016,0.000002,0.240170
16,15,00561,normal,762,1,0.000000,1.000000,0.000000,L,1.000000,1.000000,0.000001,0.000000,0.245612
16,15,00561,normal,763,1,0.000000,1.000000,0.000000,L,1.000000,1.000000,0.000000,0.000000,0.309539
16,15,00561,normal,764,1,0.000000,1.000000,0.000000,L,1.000000,1.000000,-0.000000,0.000000,0.671116
16,15,00561,normal,765,1,0.000000,1.000000,0.000000,L,1.000000,1.000000,-0.000000,0.000000,0.669585
16,15,00561,normal,766,1,0.000000,1.000000,0.000000,L,1.000000,1.000000,0.000000,0.000000,0.310823
16,15,00561,normal,767,1,0.000000,1.000000,0.000000,L,1.000000,1.000000,0.000001,0.000000,0.256467
16,15,00561,normal,768,1,0.000000,1.000000,0.000000,L,1.000000,1.000000,0.000001,0.000000,0.248024
16,15,00561,normal,852,1,0.000000,1.000000,0.000000,L,1.000000,1.000000,0.000001,0.000000,0.208788
16,15,00561,normal,853,1,0.000000,1.000000,0.000000,L,1.000000,1.000000,0.000002,0.000000,0.224107
16,15,00561,normal,854,1,0.000000,1.000000,0.000000,L,1.000000,1.000000,0.000000,0.000000,0.232936
16,15,00561,normal,855,1,0.000000,1.000000,0.000000,L,1.000000,1.000000,0.000001,0.000000,0.237349
16,15,00561,normal,856,1,0.000000,1.000000,0.000000,L,1.000000,1.000000,0.000001,0.000000,0.237532
16,15,00561,normal,857,1,0.000000,1.000000,0.000000,L,1.000000,1.000000,0.000001,0.000000,0.209425
16,15,00561,normal,858,1,0.000000,1.000000,0.000000,L,1.000000,1.000000,0.000001,0.000000,0.172068
16,15,00561,normal,555,0,0.000000,1.000000,0.000000,L,1.000000,1.000000,0.000003,0.000000,0.101167
16,15,00561,normal,679,0,0.000000,1.000000,0.000000,L,1.000000,1.000000,0.000002,0.000000,0.183582
16,15,00561,normal,1349,0,0.000000,1.000000,0.000000,L,1.000000,1.000000,0.000000,0.000000,0.174572
16,15,00561,normal,809,0,0.000000,1.000000,0.000000,L,1.000000,1.000000,0.000000,0.000000,0.144920
16,15,00561,normal,231,0,0.000001,0.999999,0.000000,L,0.999999,0.999998,0.000012,0.000001,0.143323
16,15,00561,normal,220,0,0.000000,1.000000,0.000000,L,1.000000,1.000000,0.000004,0.000000,0.142026
16,15,00561,normal,224,0,0.000000,1.000000,0.000000,L,1.000000,1.000000,0.000001,0.000000,0.271211
16,15,00561,normal,115,0,0.000000,1.000000,0.000000,L,1.000000,1.000000,0.000001,0.000000,0.149795
16,15,00561,normal,1243,0,0.000000,1.000000,0.000000,L,1.000000,1.000000,0.000001,0.000000,0.115966
16,15,00561,normal,1431,0,0.000000,1.000000,0.000000,L,1.000000,1.000000,0.000000,0.000000,0.113166
16,15,00561,normal,1250,0,0.000000,1.000000,0.000000,L,1.000000,1.000000,0.000000,0.000000,0.147852
16,15,00561,normal,263,0,0.000000,1.000000,0.000000,L,1.000000,1.000000,0.000000,0.000000,0.125352
16,15,00561,normal,635,0,0.000000,1.000000,0.000000,L,1.000000,1.000000,0.000000,0.000000,0.170508
16,15,00561,normal,388,0,0.000000,1.000000,0.000000,L,1.000000,1.000000,0.000001,0.000000,0.146877
16,15,00561,normal,575,0,0.000000,1.000000,0.000000,L,1.000000,1.000000,0.000000,0.000000,0.113871
16,15,00561,normal,313,0,0.000000,1.000000,0.000000,L,1.000000,1.000000,0.000001,0.000000,0.388344
16,15,00561,normal,894,0,0.000000,1.000000,0.000000,L,1.000000,1.000000,0.000000,0.000000,0.082748
16,15,00561,normal,332,0,0.000000,0.999999,0.000000,L,0.999999,0.999999,0.000008,0.000001,0.156561
17,16,00302,normal,566,1,0.000000,1.000000,0.000000,L,1.000000,1.000000,0.000001,0.000000,0.138811
17,16,00302,normal,567,1,0.000000,1.000000,0.000000,L,1.000000,1.000000,0.000001,0.000000,0.165163
17,16,00302,normal,568,1,0.000000,1.000000,0.000000,L,1.000000,1.000000,0.000001,0.000000,0.158295
17,16,00302,normal,569,1,0.000000,1.000000,0.000000,L,1.000000,1.000000,0.000001,0.000000,0.143946
17,16,00302,normal,570,1,0.000000,1.000000,0.000000,L,1.000000,1.000000,0.000001,0.000000,0.143899
17,16,00302,normal,571,1,0.000000,1.000000,0.000000,L,1.000000,1.000000,0.000000,0.000000,0.134355
17,16,00302,normal,572,1,0.000000,1.000000,0.000000,L,1.000000,1.000000,0.000000,0.000000,0.137700
17,16,00302,normal,656,1,0.000000,1.000000,0.000000,L,1.000000,1.000000,0.000000,0.000000,0.219467
17,16,00302,normal,657,1,0.000000,1.000000,0.000000,L,1.000000,1.000000,0.000002,0.000000,0.207020
17,16,00302,normal,658,1,0.000000,1.000000,0.000000,L,1.000000,1.000000,0.000001,0.000000,0.230196
17,16,00302,normal,659,1,0.000000,1.000000,0.000000,L,1.000000,1.000000,0.000000,0.000000,0.364058
17,16,00302,normal,660,1,0.000000,1.000000,0.000000,L,1.000000,1.000000,0.000000,0.000000,0.270498
17,16,00302,normal,661,1,0.000000,1.000000,0.000000,L,1.000000,1.000000,0.000001,0.000000,0.216920
17,16,00302,normal,662,1,0.000000,1.000000,0.000000,L,1.000000,1.000000,0.000003,0.000000,0.157589
17,16,00302,normal,746,1,0.000000,1.000000,0.000000,L,1.000000,1.000000,0.000000,0.000000,0.253463
17,16,00302,normal,747,1,0.000000,1.000000,0.000000,L,1.000000,1.000000,0.000000,0.000000,0.255288
17,16,00302,normal,748,1,0.000000,1.000000,0.000000,L,1.000000,1.000000,-0.000000,0.000000,0.758266
17,16,00302,normal,749,1,0.000000,1.000000,0.000000,L,1.000000,1.000000,-0.000000,0.000000,0.979950
17,16,00302,normal,750,1,0.000000,1.000000,0.000000,L,1.000000,1.000000,-0.000000,0.000000,0.904928
17,16,00302,normal,751,1,0.000000,1.000000,0.000000,L,1.000000,1.000000,0.000000,0.000000,0.424910
17,16,00302,normal,752,1,0.000000,1.000000,0.000000,L,1.000000,1.000000,0.000001,0.000000,0.246800
17,16,00302,normal,836,1,0.000000,1.000000,0.000000,L,1.000000,1.000000,0.000000,0.000000,0.218503
17,16,00302,normal,837,1,0.000000,1.000000,0.000000,L,1.000000,1.000000,0.000000,0.000000,0.235956
17,16,00302,normal,838,1,0.000000,1.000000,0.000000,L,1.000000,1.000000,0.000001,0.000000,0.242673
17,16,00302,normal,839,1,0.000000,1.000000,0.000000,L,1.000000,1.000000,-0.000000,0.000000,0.485425
17,16,00302,normal,840,1,0.000000,1.000000,0.000000,L,1.000000,1.000000,0.000000,0.000000,0.337491
17,16,00302,normal,841,1,0.000000,1.000000,0.000000,L,1.000000,1.000000,0.000000,0.000000,0.240562
17,16,00302,normal,842,1,0.000000,1.000000,0.000000,L,1.000000,1.000000,0.000001,0.000000,0.238068
17,16,00302,normal,926,1,0.000000,1.000000,0.000000,L,1.000000,1.000000,0.000000,0.000000,0.124759
17,16,00302,normal,927,1,0.000000,1.000000,0.000000,L,1.000000,1.000000,0.000000,0.000000,0.218439
17,16,00302,normal,928,1,0.000000,1.000000,0.000000,L,1.000000,1.000000,0.000003,0.000000,0.201708
17,16,00302,normal,929,1,0.000000,1.000000,0.000000,L,1.000000,1.000000,0.000002,0.000000,0.197898
17,16,00302,normal,930,1,0.000000,1.000000,0.000000,L,1.000000,1.000000,0.000001,0.000000,0.199759
17,16,00302,normal,931,1,0.000000,1.000000,0.000000,L,1.000000,1.000000,0.000002,0.000000,0.167521
17,16,00302,normal,932,1,0.000000,1.000000,0.000000,L,1.000000,1.000000,0.000002,0.000000,0.181419
17,16,00302,normal,562,0,0.000000,1.000000,0.000000,L,1.000000,1.000000,0.000001,0.000000,0.193820
17,16,00302,normal,778,0,0.000000,1.000000,0.000000,L,1.000000,1.000000,0.000000,0.000000,0.106022
17,16,00302,normal,183,0,0.000000,1.000000,0.000000,L,1.000000,1.000000,0.000001,0.000000,0.173968
17,16,00302,normal,710,0,0.000000,1.000000,0.000000,L,1.000000,1.000000,0.000000,0.000000,0.081163
17,16,00302,normal,715,0,0.000000,1.000000,0.000000,L,1.000000,1.000000,0.000000,0.000000,0.057908
17,16,00302,normal,241,0,0.000000,1.000000,0.000000,L,1.000000,1.000000,0.000000,0.000000,0.183475
17,16,00302,normal,36,0,0.000000,1.000000,0.000000,L,1.000000,1.000000,0.000000,0.000000,0.175250
17,16,00302,normal,270,0,0.000000,1.000000,0.000000,L,1.000000,1.000000,0.000000,0.000000,0.209538
17,16,00302,normal,1403,0,0.000000,1.000000,0.000000,L,1.000000,1.000000,0.000000,0.000000,0.166107
17,16,00302,normal,1336,0,0.000000,1.000000,0.000000,L,1.000000,1.000000,0.000001,0.000000,0.152835
17,16,00302,normal,1422,0,0.000000,1.000000,0.000000,L,1.000000,1.000000,0.000001,0.000000,0.112733
17,16,00302,normal,265,0,0.000000,1.000000,0.000000,L,1.000000,0.999999,0.000006,0.000001,0.133481
17,16,00302,normal,833,0,0.000000,1.000000,0.000000,L,1.000000,1.000000,0.000000,0.000000,0.124078
17,16,00302,normal,150,0,0.000000,1.000000,0.000000,L,1.000000,1.000000,0.000001,0.000000,0.213298
17,16,00302,normal,1244,0,0.000000,1.000000,0.000000,L,1.000000,1.000000,0.000000,0.000000,0.226834
17,16,00302,normal,688,0,0.000000,1.000000,0.000000,L,1.000000,1.000000,0.000000,0.000000,0.099550
17,16,00302,normal,46,0,0.000000,1.000000,0.000000,L,1.000000,1.000000,0.000000,0.000000,0.201219
17,16,00302,normal,1222,0,0.000000,1.000000,0.000000,L,1.000000,0.999999,0.000005,0.000000,0.161815
18,17,00200,normal,158,1,0.000000,1.000000,0.000000,L,1.000000,1.000000,0.000004,0.000000,0.217809
18,17,00200,normal,1265,1,0.000000,1.000000,0.000000,L,1.000000,1.000000,-0.000000,0.000000,0.843507
18,17,00200,normal,1353,1,0.000000,1.000000,0.000000,L,1.000000,1.000000,0.000000,0.000000,0.226107
18,17,00200,normal,1358,1,0.000000,1.000000,0.000000,L,1.000000,1.000000,0.000003,0.000000,0.222164
18,17,00200,normal,458,1,0.000000,1.000000,0.000000,L,1.000000,1.000000,0.000002,0.000000,0.231585
18,17,00200,normal,164,1,0.000000,1.000000,0.000000,L,1.000000,1.000000,0.000002,0.000000,0.200989
18,17,00200,normal,459,1,0.000000,1.000000,0.000000,L,1.000000,1.000000,0.000003,0.000000,0.169153
18,17,00200,normal,165,1,0.000000,1.000000,0.000000,L,1.000000,1.000000,0.000000,0.000000,0.219592
18,17,00200,normal,1279,1,0.000000,1.000000,0.000000,L,1.000000,1.000000,0.000002,0.000000,0.238081
18,17,00200,normal,249,1,0.000000,1.000000,0.000000,L,1.000000,1.000000,0.000001,0.000000,0.278280
18,17,00200,normal,187,1,0.000000,1.000000,0.000000,L,1.000000,1.000000,0.000003,0.000000,0.239928
18,17,00200,normal,369,1,0.000000,1.000000,0.000000,L,1.000000,1.000000,0.000000,0.000000,0.239571
18,17,00200,normal,1374,1,0.000000,1.000000,0.000000,L,1.000000,1.000000,0.000001,0.000000,0.234163
18,17,00200,normal,1262,1,0.000000,1.000000,0.000000,L,1.000000,1.000000,0.000000,0.000000,0.217098
18,17,00200,normal,455,1,0.000000,1.000000,0.000000,L,1.000000,1.000000,0.000002,0.000000,0.236151
18,17,00200,normal,251,1,0.000000,1.000000,0.000000,L,1.000000,1.000000,-0.000000,0.000000,0.834367
18,17,00200,normal,1280,1,0.000000,1.000000,0.000000,L,1.000000,1.000000,0.000000,0.000000,0.377287
18,17,00200,normal,1195,1,0.000000,1.000000,0.000000,L,1.000000,1.000000,0.000000,0.000000,0.150300
18,17,00200,normal,1176,1,0.000000,1.000000,0.000000,L,1.000000,1.000000,0.000000,0.000000,0.340864
18,17,00200,normal,272,1,0.000000,0.999999,0.000000,L,0.999999,0.999999,0.000011,0.000001,0.245422
18,17,00200,normal,368,1,0.000000,1.000000,0.000000,L,1.000000,1.000000,0.000000,0.000000,0.267958
18,17,00200,normal,457,1,0.000000,1.000000,0.000000,L,1.000000,1.000000,0.000002,0.000000,0.237003
18,17,00200,normal,159,1,0.000000,1.000000,0.000000,L,1.000000,0.999999,0.000005,0.000001,0.233438
18,17,00200,normal,274,1,0.000000,1.000000,0.000000,L,1.000000,1.000000,0.000000,0.000000,0.298506
18,17,00200,normal,433,1,0.000000,1.000000,0.000000,L,1.000000,1.000000,0.000000,0.000000,0.186455
18,17,00200,normal,362,1,0.000000,1.000000,0.000000,L,1.000000,1.000000,0.000001,0.000000,0.257801
18,17,00200,normal,160,1,0.000000,1.000000,0.000000,L,1.000000,1.000000,0.000000,0.000000,0.285000
18,17,00200,normal,1373,1,0.000000,1.000000,0.000000,L,1.000000,1.000000,0.000000,0.000000,0.310494
18,17,00200,normal,342,1,0.000000,1.000000,0.000000,L,1.000000,1.000000,0.000000,0.000000,0.242962
18,17,00200,normal,1178,1,0.000000,1.000000,0.000000,L,1.000000,1.000000,0.000000,0.000000,0.212733
18,17,00200,normal,271,1,0.000000,1.000000,0.000000,L,1.000000,1.000000,0.000002,0.000000,0.222922
18,17,00200,normal,71,1,0.000000,1.000000,0.000000,L,1.000000,0.999999,0.000005,0.000000,0.187633
18,17,00200,normal,255,1,0.000000,1.000000,0.000000,L,1.000000,1.000000,0.000002,0.000000,0.223882
18,17,00200,normal,1371,1,0.000000,1.000000,0.000000,L,1.000000,1.000000,-0.000000,0.000000,0.394642
18,17,00200,normal,429,1,0.000000,1.000000,0.000000,L,1.000000,1.000000,0.000002,0.000000,0.177568
18,17,00200,normal,339,1,0.000000,1.000000,0.000000,L,1.000000,1.000000,0.000001,0.000000,0.243138
18,17,00200,normal,771,0,0.000000,1.000000,0.000000,L,1.000000,1.000000,0.000000,0.000000,0.070154
18,17,00200,normal,693,0,0.000000,1.000000,0.000000,L,1.000000,1.000000,0.000002,0.000000,0.149004
18,17,00200,normal,1414,0,0.000000,1.000000,0.000000,L,1.000000,1.000000,0.000004,0.000000,0.170082
18,17,00200,normal,986,0,0.000000,1.000000,0.000000,L,1.000000,1.000000,0.000000,0.000000,0.131330
18,17,00200,normal,318,0,0.000000,1.000000,0.000000,L,1.000000,1.000000,0.000001,0.000000,0.141283
18,17,00200,normal,22,0,0.000000,1.000000,0.000000,L,1.000000,1.000000,0.000001,0.000000,0.158725
18,17,00200,normal,1198,0,0.000000,1.000000,0.000000,L,1.000000,1.000000,0.000000,0.000000,0.127378
18,17,00200,normal,1043,0,0.000000,1.000000,0.000000,L,1.000000,1.000000,0.000000,0.000000,0.083618
18,17,00200,normal,952,0,0.000000,1.000000,0.000000,L,1.000000,1.000000,0.000000,0.000000,0.084470
18,17,00200,normal,922,0,0.000000,1.000000,0.000000,L,1.000000,1.000000,0.000000,0.000000,0.202171
18,17,00200,normal,1243,0,0.000000,1.000000,0.000000,L,1.000000,1.000000,0.000000,0.000000,0.151902
18,17,00200,normal,894,0,0.000000,1.000000,0.000000,L,1.000000,1.000000,0.000000,0.000000,0.157928
18,17,00200,normal,736,0,0.000000,1.000000,0.000000,L,1.000000,1.000000,0.000002,0.000000,0.121990
18,17,00200,normal,101,0,0.000000,1.000000,0.000000,L,1.000000,1.000000,0.000003,0.000000,0.134940
18,17,00200,normal,950,0,0.000000,1.000000,0.000000,L,1.000000,1.000000,0.000000,0.000000,0.106745
18,17,00200,normal,1180,0,0.000000,1.000000,0.000000,L,1.000000,1.000000,0.000000,0.000000,0.145587
18,17,00200,normal,316,0,0.000000,1.000000,0.000000,L,1.000000,1.000000,0.000001,0.000000,0.116009
18,17,00200,normal,957,0,0.000000,1.000000,0.000000,L,1.000000,1.000000,0.000003,0.000000,0.100894
19,18,00190,normal,769,1,0.000000,1.000000,0.000000,L,1.000000,1.000000,-0.000000,0.000000,0.834373
19,18,00190,normal,677,1,0.000000,1.000000,0.000000,L,1.000000,1.000000,0.000001,0.000000,0.246396
19,18,00190,normal,956,1,0.000000,1.000000,0.000000,L,1.000000,1.000000,0.000002,0.000000,0.235595
19,18,00190,normal,517,1,0.000000,1.000000,0.000000,L,1.000000,1.000000,0.000000,0.000000,0.243441
19,18,00190,normal,608,1,0.000000,1.000000,0.000000,L,1.000000,1.000000,0.000002,0.000000,0.160918
19,18,00190,normal,1137,1,0.000000,1.000000,0.000000,L,1.000000,1.000000,0.000000,0.000000,0.258058
19,18,00190,normal,592,1,0.000000,1.000000,0.000000,L,1.000000,1.000000,0.000001,0.000000,0.232075
19,18,00190,normal,693,1,0.000000,1.000000,0.000000,L,1.000000,1.000000,0.000002,0.000000,0.219063
19,18,00190,normal,787,1,0.000000,1.000000,0.000000,L,1.000000,1.000000,0.000000,0.000000,0.136949
19,18,00190,normal,1043,1,0.000000,1.000000,0.000000,L,1.000000,1.000000,0.000000,0.000000,0.214990
19,18,00190,normal,586,1,0.000000,1.000000,0.000000,L,1.000000,1.000000,0.000001,0.000000,0.191473
19,18,00190,normal,863,1,0.000000,1.000000,0.000000,L,1.000000,1.000000,0.000000,0.000000,0.140024
19,18,00190,normal,767,1,0.000000,1.000000,0.000000,L,1.000000,1.000000,0.000000,0.000000,0.241404
19,18,00190,normal,518,1,0.000000,1.000000,0.000000,L,1.000000,1.000000,0.000002,0.000000,0.175081
19,18,00190,normal,609,1,0.000000,1.000000,0.000000,L,1.000000,1.000000,0.000004,0.000000,0.149048
19,18,00190,normal,1138,1,0.000000,1.000000,0.000000,L,1.000000,1.000000,0.000001,0.000000,0.251233
19,18,00190,normal,696,1,0.000000,1.000000,0.000000,L,1.000000,1.000000,0.000000,0.000000,0.256005
19,18,00190,normal,516,1,0.000000,1.000000,0.000000,L,1.000000,1.000000,0.000000,0.000000,0.246189
19,18,00190,normal,588,1,0.000000,1.000000,0.000000,L,1.000000,1.000000,0.000002,0.000000,0.223735
19,18,00190,normal,862,1,0.000000,1.000000,0.000000,L,1.000000,1.000000,0.000003,0.000000,0.202976
19,18,00190,normal,953,1,0.000000,1.000000,0.000000,L,1.000000,1.000000,0.000002,0.000000,0.175892
19,18,00190,normal,519,1,0.000000,1.000000,0.000000,L,1.000000,0.999999,0.000005,0.000000,0.162574
19,18,00190,normal,788,1,0.000000,1.000000,0.000000,L,1.000000,1.000000,0.000001,0.000000,0.117809
19,18,00190,normal,789,1,0.000000,1.000000,0.000000,L,1.000000,0.999999,0.000005,0.000000,0.123456
19,18,00190,normal,1225,1,0.000000,1.000000,0.000000,L,1.000000,1.000000,0.000002,0.000000,0.193082
19,18,00190,normal,785,1,0.000000,1.000000,0.000000,L,1.000000,1.000000,0.000000,0.000000,0.184862
19,18,00190,normal,699,1,0.000000,1.000000,0.000000,L,1.000000,0.999999,0.000005,0.000000,0.123568
19,18,00190,normal,1048,1,0.000000,1.000000,0.000000,L,1.000000,1.000000,0.000002,0.000000,0.246685
19,18,00190,normal,1135,1,0.000000,1.000000,0.000000,L,1.000000,1.000000,-0.000000,0.000000,0.579100
19,18,00190,normal,1044,1,0.000000,1.000000,0.000000,L,1.000000,1.000000,-0.000000,0.000000,0.690645
19,18,00190,normal,952,1,0.000000,1.000000,0.000000,L,1.000000,1.000000,0.000001,0.000000,0.161761
19,18,00190,normal,590,1,0.000000,1.000000,0.000000,L,1.000000,0.999999,0.000005,0.000000,0.250117
19,18,00190,normal,954,1,0.000000,1.000000,0.000000,L,1.000000,1.000000,0.000004,0.000000,0.205333
19,18,00190,normal,1227,1,0.000000,1.000000,0.000000,L,1.000000,1.000000,0.000001,0.000000,0.205826
19,18,00190,normal,679,1,0.000000,1.000000,0.000000,L,1.000000,1.000000,-0.000000,0.000000,0.778691
19,18,00190,normal,860,1,0.000000,1.000000,0.000000,L,1.000000,1.000000,0.000000,0.000000,0.233560
19,18,00190,normal,948,0,0.000000,1.000000,0.000000,L,1.000000,1.000000,0.000003,0.000000,0.152733
19,18,00190,normal,336,0,0.000000,1.000000,0.000000,L,1.000000,1.000000,0.000000,0.000000,0.155322
19,18,00190,normal,1192,0,0.000000,1.000000,0.000000,L,1.000000,1.000000,0.000001,0.000000,0.109971
19,18,00190,normal,418,0,0.000000,1.000000,0.000000,L,1.000000,1.000000,0.000003,0.000000,0.114208
19,18,00190,normal,524,0,0.000000,1.000000,0.000000,L,1.000000,1.000000,0.000003,0.000000,0.206755
19,18,00190,normal,461,0,0.000000,1.000000,0.000000,L,1.000000,1.000000,0.000001,0.000000,0.158046
19,18,00190,normal,413,0,0.000000,1.000000,0.000000,L,1.000000,1.000000,0.000001,0.000000,0.125033
19,18,00190,normal,98,0,0.000000,1.000000,0.000000,L,1.000000,1.000000,0.000000,0.000000,0.124818
19,18,00190,normal,1066,0,0.000000,1.000000,0.000000,L,1.000000,1.000000,0.000000,0.000000,0.143624
19,18,00190,normal,1391,0,0.000000,1.000000,0.000000,L,1.000000,1.000000,0.000000,0.000000,0.111201
19,18,00190,normal,1289,0,0.000000,1.000000,0.000000,L,1.000000,1.000000,0.000000,0.000000,0.106546
19,18,00190,normal,1089,0,0.000000,1.000000,0.000000,L,1.000000,1.000000,0.000001,0.000000,0.119107
19,18,00190,normal,497,0,0.000000,1.000000,0.000000,L,1.000000,0.999999,0.000007,0.000000,0.115565
19,18,00190,normal,929,0,0.000000,1.000000,0.000000,L,1.000000,1.000000,0.000002,0.000000,0.105576
19,18,00190,normal,1420,0,0.000000,1.000000,0.000000,L,1.000000,1.000000,0.000001,0.000000,0.136561
19,18,00190,normal,302,0,0.000000,1.000000,0.000000,L,1.000000,1.000000,0.000000,0.000000,0.217373
19,18,00190,normal,776,0,0.000000,1.000000,0.000000,L,1.000000,1.000000,0.000001,0.000000,0.139309
19,18,00190,normal,23,0,0.000000,1.000000,0.000000,L,1.000000,1.000000,0.000001,0.000000,0.079781
20,18,00525,normal,1043,1,0.000000,1.000000,0.000000,L,1.000000,1.000000,0.000000,0.000000,0.461108
20,18,00525,normal,1096,1,0.000000,1.000000,0.000000,L,1.000000,1.000000,0.000001,0.000000,0.095293
20,18,00525,normal,948,1,0.000000,1.000000,0.000000,L,1.000000,1.000000,0.000002,0.000000,0.139175
20,18,00525,normal,1222,1,0.000000,1.000000,0.000000,L,1.000000,1.000000,0.000002,0.000000,0.215384
20,18,00525,normal,861,1,0.000000,1.000000,0.000000,L,1.000000,1.000000,0.000000,0.000000,0.193457
20,18,00525,normal,1101,1,0.000000,1.000000,0.000000,L,1.000000,1.000000,0.000000,0.000000,0.477110
20,18,00525,normal,1223,1,0.000000,1.000000,0.000000,L,1.000000,1.000000,0.000003,0.000000,0.199534
20,18,00525,normal,1186,1,0.000000,1.000000,0.000000,L,1.000000,1.000000,0.000000,0.000000,0.101650
20,18,00525,normal,950,1,0.000000,1.000000,0.000000,L,1.000000,1.000000,0.000001,0.000000,0.228328
20,18,00525,normal,1130,1,0.000000,1.000000,0.000000,L,1.000000,1.000000,0.000000,0.000000,0.250924
20,18,00525,normal,1219,1,0.000000,1.000000,0.000000,L,1.000000,1.000000,0.000003,0.000000,0.189851
20,18,00525,normal,1133,1,0.000000,1.000000,0.000000,L,1.000000,1.000000,0.000001,0.000000,0.254718
20,18,00525,normal,1218,1,0.000000,1.000000,0.000000,L,1.000000,1.000000,0.000001,0.000000,0.118430
20,18,00525,normal,954,1,0.000000,1.000000,0.000000,L,1.000000,1.000000,0.000001,0.000000,0.234565
20,18,00525,normal,1190,1,0.000000,1.000000,0.000000,L,1.000000,1.000000,0.000000,0.000000,0.254147
20,18,00525,normal,1188,1,0.000000,1.000000,0.000000,L,1.000000,1.000000,0.000000,0.000000,0.222227
20,18,00525,normal,862,1,0.000000,1.000000,0.000000,L,1.000000,1.000000,0.000001,0.000000,0.209655
20,18,00525,normal,1007,1,0.000000,1.000000,0.000000,L,1.000000,1.000000,0.000001,0.000000,0.165418
20,18,00525,normal,859,1,0.000000,1.000000,0.000000,L,1.000000,1.000000,0.000000,0.000000,0.140231
20,18,00525,normal,1039,1,0.000000,1.000000,0.000000,L,1.000000,1.000000,0.000002,0.000000,0.231510
20,18,00525,normal,1134,1,0.000000,1.000000,0.000000,L,1.000000,0.999999,0.000005,0.000001,0.245007
20,18,00525,normal,1041,1,0.000000,1.000000,0.000000,L,1.000000,1.000000,-0.000000,0.000000,0.954686
20,18,00525,normal,1038,1,0.000000,1.000000,0.000000,L,1.000000,1.000000,0.000000,0.000000,0.190954
20,18,00525,normal,1187,1,0.000000,1.000000,0.000000,L,1.000000,1.000000,0.000001,0.000000,0.143360
20,18,00525,normal,863,1,0.000000,1.000000,0.000000,L,1.000000,1.000000,0.000004,0.000000,0.215092
20,18,00525,normal,951,1,0.000000,1.000000,0.000000,L,1.000000,1.000000,0.000001,0.000000,0.257150
20,18,00525,normal,858,1,0.000000,1.000000,0.000000,L,1.000000,1.000000,0.000001,0.000000,0.117820
20,18,00525,normal,919,1,0.000000,1.000000,0.000000,L,1.000000,1.000000,0.000001,0.000000,0.166108
20,18,00525,normal,1097,1,0.000000,1.000000,0.000000,L,1.000000,1.000000,0.000000,0.000000,0.220457
20,18,00525,normal,921,1,0.000000,1.000000,0.000000,L,1.000000,1.000000,0.000000,0.000000,0.181130
20,18,00525,normal,916,1,0.000000,1.000000,0.000000,L,1.000000,1.000000,0.000002,0.000000,0.098872
20,18,00525,normal,864,1,0.000000,1.000000,0.000000,L,1.000000,1.000000,0.000001,0.000000,0.169982
20,18,00525,normal,1189,1,0.000000,1.000000,0.000000,L,1.000000,1.000000,0.000000,0.000000,0.305617
20,18,00525,normal,1100,1,0.000000,1.000000,0.000000,L,1.000000,1.000000,-0.000000,0.000000,0.833736
20,18,00525,normal,1102,1,0.000000,1.000000,0.000000,L,1.000000,1.000000,0.000000,0.000000,0.288109
20,18,00525,normal,1008,1,0.000000,1.000000,0.000000,L,1.000000,1.000000,0.000000,0.000000,0.315284
20,18,00525,normal,738,0,0.000000,1.000000,0.000000,L,1.000000,1.000000,0.000000,0.000000,0.084321
20,18,00525,normal,1276,0,0.000000,1.000000,0.000000,L,1.000000,1.000000,0.000000,0.000000,0.103226
20,18,00525,normal,94,0,0.000000,1.000000,0.000000,L,1.000000,1.000000,0.000000,0.000000,0.122022
20,18,00525,normal,1316,0,0.000000,1.000000,0.000000,L,1.000000,1.000000,0.000000,0.000000,0.171404
20,18,00525,normal,231,0,0.000000,1.000000,0.000000,L,1.000000,1.000000,0.000002,0.000000,0.129916
20,18,00525,normal,853,0,0.000000,1.000000,0.000000,L,1.000000,1.000000,0.000001,0.000000,0.122026
20,18,00525,normal,417,0,0.000000,1.000000,0.000000,L,1.000000,1.000000,0.000002,0.000000,0.223819
20,18,00525,normal,582,0,0.000000,1.000000,0.000000,L,1.000000,1.000000,0.000003,0.000000,0.140565
20,18,00525,normal,471,0,0.000000,1.000000,0.000000,L,1.000000,1.000000,0.000001,0.000000,0.132701
20,18,00525,normal,1400,0,0.000000,1.000000,0.000000,L,1.000000,1.000000,0.000002,0.000000,0.127968
20,18,00525,normal,318,0,0.000000,1.000000,0.000000,L,1.000000,1.000000,0.000000,0.000000,0.241923
20,18,00525,normal,108,0,0.000000,1.000000,0.000000,L,1.000000,0.999999,0.000005,0.000000,0.103958
20,18,00525,normal,870,0,0.000000,1.000000,0.000000,L,1.000000,1.000000,0.000000,0.000000,0.086081
20,18,00525,normal,482,0,0.000000,1.000000,0.000000,L,1.000000,1.000000,0.000002,0.000000,0.144379
20,18,00525,normal,806,0,0.000000,1.000000,0.000000,L,1.000000,1.000000,0.000000,0.000000,0.160813
20,18,00525,normal,420,0,0.000000,1.000000,0.000000,L,1.000000,1.000000,0.000000,0.000000,0.166829
20,18,00525,normal,1272,0,0.000000,1.000000,0.000000,L,1.000000,1.000000,0.000001,0.000000,0.109062
20,18,00525,normal,1063,0,0.000000,1.000000,0.000000,L,1.000000,1.000000,0.000000,0.000000,0.104417
21,19,00289,normal,1399,1,0.000000,1.000000,0.000000,L,1.000000,1.000000,0.000001,0.000000,0.186383
21,19,00289,normal,1396,1,0.000000,1.000000,0.000000,L,1.000000,1.000000,0.000000,0.000000,0.189176
21,19,00289,normal,868,1,0.000000,1.000000,0.000000,L,1.000000,1.000000,0.000001,0.000000,0.221607
21,19,00289,normal,1397,1,0.000000,1.000000,0.000000,L,1.000000,1.000000,0.000000,0.000000,0.187968
21,19,00289,normal,873,1,0.000000,1.000000,0.000000,L,1.000000,1.000000,0.000003,0.000000,0.227702
21,19,00289,normal,778,1,0.000000,1.000000,0.000000,L,1.000000,1.000000,0.000001,0.000000,0.189202
21,19,00289,normal,1394,1,0.000000,1.000000,0.000000,L,1.000000,1.000000,0.000002,0.000000,0.169738
21,19,00289,normal,1308,1,0.000000,1.000000,0.000000,L,1.000000,1.000000,0.000000,0.000000,0.191542
21,19,00289,normal,1395,1,0.000000,1.000000,0.000000,L,1.000000,1.000000,0.000001,0.000000,0.182893
21,19,00289,normal,1398,1,0.000000,1.000000,0.000000,L,1.000000,1.000000,0.000000,0.000000,0.181823
21,19,00289,normal,1304,1,0.000000,1.000000,0.000000,L,1.000000,1.000000,0.000002,0.000000,0.177392
21,19,00289,normal,871,1,0.000000,1.000000,0.000000,L,1.000000,1.000000,0.000000,0.000000,0.409987
21,19,00289,normal,870,1,0.000000,1.000000,0.000000,L,1.000000,1.000000,0.000000,0.000000,0.286823
21,19,00289,normal,1307,1,0.000000,1.000000,0.000000,L,1.000000,1.000000,0.000000,0.000000,0.187598
21,19,00289,normal,1400,1,0.000000,1.000000,0.000000,L,1.000000,1.000000,0.000000,0.000000,0.181380
21,19,00289,normal,1310,1,0.000000,1.000000,0.000000,L,1.000000,1.000000,0.000000,0.000000,0.194545
21,19,00289,normal,1305,1,0.000000,1.000000,0.000000,L,1.000000,1.000000,0.000001,0.000000,0.181576
21,19,00289,normal,963,1,0.000000,1.000000,0.000000,L,1.000000,0.999999,0.000007,0.000001,0.251755
21,19,00289,normal,1306,1,0.000000,1.000000,0.000000,L,1.000000,1.000000,0.000000,0.000000,0.195033
21,19,00289,normal,869,1,0.000000,1.000000,0.000000,L,1.000000,1.000000,0.000000,0.000000,0.228375
21,19,00289,normal,693,1,0.000000,1.000000,0.000000,L,1.000000,1.000000,0.000002,0.000000,0.149020
21,19,00289,normal,1309,1,0.000000,1.000000,0.000000,L,1.000000,1.000000,0.000000,0.000000,0.188169
21,19,00289,normal,961,1,0.000000,1.000000,0.000000,L,1.000000,1.000000,0.000000,0.000000,0.396982
21,19,00289,normal,1051,1,0.000000,1.000000,0.000000,L,1.000000,1.000000,0.000000,0.000000,0.350235
21,19,00289,normal,1218,1,0.000000,1.000000,0.000000,L,1.000000,1.000000,0.000000,0.000000,0.232586
21,19,00289,normal,779,1,0.000000,1.000000,0.000000,L,1.000000,1.000000,0.000001,0.000000,0.194971
21,19,00289,normal,1219,1,0.000000,1.000000,0.000000,L,1.000000,1.000000,0.000001,0.000000,0.219183
21,19,00289,normal,872,1,0.000000,1.000000,0.000000,L,1.000000,1.000000,0.000000,0.000000,0.252519
21,19,00289,normal,958,1,0.000000,1.000000,0.000000,L,1.000000,1.000000,0.000000,0.000000,0.234190
21,19,00289,normal,962,1,0.000000,1.000000,0.000000,L,1.000000,1.000000,0.000000,0.000000,0.323023
21,19,00289,normal,959,1,0.000000,1.000000,0.000000,L,1.000000,1.000000,0.000000,0.000000,0.262624
21,19,00289,normal,780,1,0.000000,1.000000,0.000000,L,1.000000,1.000000,0.000001,0.000000,0.166683
21,19,00289,normal,1050,1,0.000000,1.000000,0.000000,L,1.000000,1.000000,0.000000,0.000000,0.348363
21,19,00289,normal,1052,1,0.000000,1.000000,0.000000,L,1.000000,1.000000,0.000001,0.000000,0.396418
21,19,00289,normal,781,1,0.000000,1.000000,0.000000,L,1.000000,1.000000,0.000001,0.000000,0.197447
21,19,00289,normal,960,1,0.000000,1.000000,0.000000,L,1.000000,1.000000,0.000000,0.000000,0.387683
21,19,00289,normal,83,0,0.000000,1.000000,0.000000,L,1.000000,1.000000,0.000000,0.000000,0.161952
21,19,00289,normal,422,0,0.000000,1.000000,0.000000,L,1.000000,1.000000,0.000001,0.000000,0.203176
21,19,00289,normal,389,0,0.000000,1.000000,0.000000,L,1.000000,1.000000,0.000003,0.000000,0.151364
21,19,00289,normal,290,0,0.000000,1.000000,0.000000,L,1.000000,1.000000,0.000000,0.000000,0.124982
21,19,00289,normal,344,0,0.000000,1.000000,0.000000,L,1.000000,1.000000,0.000000,0.000000,0.132338
21,19,00289,normal,1004,0,0.000001,0.999999,0.000000,L,0.999999,0.999999,0.000010,0.000001,0.103880
21,19,00289,normal,570,0,0.000000,1.000000,0.000000,L,1.000000,1.000000,0.000001,0.000000,0.139915
21,19,00289,normal,301,0,0.000000,1.000000,0.000000,L,1.000000,1.000000,0.000001,0.000000,0.154761
21,19,00289,normal,1247,0,0.000000,1.000000,0.000000,L,1.000000,1.000000,0.000000,0.000000,0.104946
21,19,00289,normal,1162,0,0.000000,1.000000,0.000000,L,1.000000,1.000000,0.000000,0.000000,0.128183
21,19,00289,normal,497,0,0.000000,1.000000,0.000000,L,1.000000,1.000000,0.000001,0.000000,0.101170
21,19,00289,normal,698,0,0.000000,1.000000,0.000000,L,1.000000,1.000000,0.000000,0.000000,0.188654
21,19,00289,normal,770,0,0.000000,1.000000,0.000000,L,1.000000,1.000000,0.000002,0.000000,0.208067
21,19,00289,normal,670,0,0.000000,1.000000,0.000000,L,1.000000,1.000000,0.000002,0.000000,0.100340
21,19,00289,normal,399,0,0.000000,1.000000,0.000000,L,1.000000,1.000000,0.000000,0.000000,0.104484
21,19,00289,normal,12,0,0.000000,1.000000,0.000000,L,1.000000,1.000000,0.000000,0.000000,0.226251
21,19,00289,normal,924,0,0.000000,1.000000,0.000000,L,1.000000,1.000000,0.000002,0.000000,0.119314
21,19,00289,normal,137,0,0.000000,1.000000,0.000000,L,1.000000,1.000000,0.000001,0.000000,0.090273
22,19,00628,normal,755,1,0.000000,1.000000,0.000000,L,1.000000,1.000000,-0.000000,0.000000,0.755232
22,19,00628,normal,1177,1,0.000000,1.000000,0.000000,L,1.000000,1.000000,0.000000,0.000000,0.200311
22,19,00628,normal,903,1,0.000000,1.000000,0.000000,L,1.000000,1.000000,0.000000,0.000000,0.203440
22,19,00628,normal,754,1,0.000000,1.000000,0.000000,L,1.000000,1.000000,-0.000000,0.000000,0.962805
22,19,00628,normal,571,1,0.000000,1.000000,0.000000,L,1.000000,1.000000,0.000003,0.000000,0.231747
22,19,00628,normal,1178,1,0.000000,1.000000,0.000000,L,1.000000,1.000000,0.000000,0.000000,0.113810
22,19,00628,normal,904,1,0.000000,1.000000,0.000000,L,1.000000,1.000000,0.000000,0.000000,0.294092
22,19,00628,normal,994,1,0.000000,1.000000,0.000000,L,1.000000,1.000000,0.000000,0.000000,0.334292
22,19,00628,normal,932,1,0.000000,1.000000,0.000000,L,1.000000,1.000000,0.000001,0.000000,0.204808
22,19,00628,normal,573,1,0.000000,1.000000,0.000000,L,1.000000,1.000000,0.000002,0.000000,0.223326
22,19,00628,normal,753,1,0.000000,1.000000,0.000000,L,1.000000,1.000000,-0.000000,0.000000,0.926537
22,19,00628,normal,905,1,0.000000,1.000000,0.000000,L,1.000000,1.000000,0.000000,0.000000,0.252004
22,19,00628,normal,842,1,0.000000,1.000000,0.000000,L,1.000000,1.000000,0.000001,0.000000,0.246207
22,19,00628,normal,995,1,0.000000,1.000000,0.000000,L,1.000000,1.000000,-0.000000,0.000000,0.514052
22,19,00628,normal,993,1,0.000000,1.000000,0.000000,L,1.000000,1.000000,0.000000,0.000000,0.216145
22,19,00628,normal,1173,1,0.000000,1.000000,0.000000,L,1.000000,1.000000,0.000002,0.000000,0.193203
22,19,00628,normal,666,1,0.000000,1.000000,0.000000,L,1.000000,1.000000,0.000001,0.000000,0.245961
22,19,00628,normal,1083,1,0.000000,1.000000,0.000000,L,1.000000,1.000000,0.000004,0.000000,0.207246
22,19,00628,normal,1176,1,0.000000,1.000000,0.000000,L,1.000000,1.000000,0.000000,0.000000,0.220662
22,19,00628,normal,908,1,0.000000,1.000000,0.000000,L,1.000000,1.000000,0.000001,0.000000,0.223980
22,19,00628,normal,933,1,0.000000,1.000000,0.000000,L,1.000000,1.000000,0.000002,0.000000,0.209379
22,19,00628,normal,996,1,0.000000,1.000000,0.000000,L,1.000000,1.000000,-0.000000,0.000000,0.508245
22,19,00628,normal,998,1,0.000000,1.000000,0.000000,L,1.000000,1.000000,0.000000,0.000000,0.248764
22,19,00628,normal,906,1,0.000000,1.000000,0.000000,L,1.000000,1.000000,0.000000,0.000000,0.303800
22,19,00628,normal,664,1,0.000000,1.000000,0.000000,L,1.000000,1.000000,-0.000000,0.000000,0.555196
22,19,00628,normal,662,1,0.000000,1.000000,0.000000,L,1.000000,1.000000,0.000001,0.000000,0.249690
22,19,00628,normal,575,1,0.000000,1.000000,0.000000,L,1.000000,1.000000,0.000003,0.000000,0.184730
22,19,00628,normal,845,1,0.000000,1.000000,0.000000,L,1.000000,1.000000,0.000000,0.000000,0.275827
22,19,00628,normal,1175,1,0.000000,1.000000,0.000000,L,1.000000,1.000000,0.000000,0.000000,0.225822
22,19,00628,normal,931,1,0.000000,1.000000,0.000000,L,1.000000,1.000000,0.000000,0.000000,0.144680
22,19,00628,normal,841,1,0.000000,1.000000,0.000000,L,1.000000,1.000000,0.000000,0.000000,0.225018
22,19,00628,normal,752,1,0.000000,1.000000,0.000000,L,1.000000,1.000000,0.000000,0.000000,0.374555
22,19,00628,normal,846,1,0.000000,1.000000,0.000000,L,1.000000,1.000000,0.000000,0.000000,0.256365
22,19,00628,normal,843,1,0.000000,1.000000,0.000000,L,1.000000,1.000000,0.000000,0.000000,0.297684
22,19,00628,normal,665,1,0.000000,1.000000,0.000000,L,1.000000,1.000000,0.000000,0.000000,0.287491
22,19,00628,normal,1085,1,0.000000,1.000000,0.000000,L,1.000000,1.000000,0.000000,0.000000,0.251935
22,19,00628,normal,542,0,0.000000,1.000000,0.000000,L,1.000000,1.000000,0.000000,0.000000,0.151046
22,19,00628,normal,611,0,0.000000,1.000000,0.000000,L,1.000000,1.000000,0.000001,0.000000,0.160371
22,19,00628,normal,1232,0,0.000000,1.000000,0.000000,L,1.000000,1.000000,0.000003,0.000000,0.132101
22,19,00628,normal,1350,0,0.000000,1.000000,0.000000,L,1.000000,1.000000,0.000002,0.000000,0.156391
22,19,00628,normal,861,0,0.000000,1.000000,0.000000,L,1.000000,1.000000,0.000000,0.000000,0.114343
22,19,00628,normal,1240,0,0.000000,1.000000,0.000000,L,1.000000,1.000000,0.000001,0.000000,0.220516
22,19,00628,normal,983,0,0.000000,1.000000,0.000000,L,1.000000,1.000000,0.000001,0.000000,0.154473
22,19,00628,normal,35,0,0.000000,1.000000,0.000000,L,1.000000,1.000000,0.000000,0.000000,0.211230
22,19,00628,normal,1192,0,0.000000,1.000000,0.000000,L,1.000000,1.000000,0.000002,0.000000,0.147527
22,19,00628,normal,1239,0,0.000000,1.000000,0.000000,L,1.000000,1.000000,0.000000,0.000000,0.214333
22,19,00628,normal,271,0,0.000000,1.000000,0.000000,L,1.000000,1.000000,0.000003,0.000000,0.226819
22,19,00628,normal,726,0,0.000000,1.000000,0.000000,L,1.000000,1.000000,0.000001,0.000000,0.203270
22,19,00628,normal,1269,0,0.000000,1.000000,0.000000,L,1.000000,1.000000,0.000000,0.000000,0.135318
22,19,00628,normal,518,0,0.000000,1.000000,0.000000,L,1.000000,1.000000,0.000000,0.000000,0.123970
22,19,00628,normal,1003,0,0.000000,1.000000,0.000000,L,1.000000,1.000000,0.000000,0.000000,0.176949
22,19,00628,normal,501,0,0.000000,1.000000,0.000000,L,1.000000,0.999999,0.000005,0.000001,0.211670
22,19,00628,normal,679,0,0.000000,1.000000,0.000000,L,1.000000,1.000000,0.000001,0.000000,0.174322
22,19,00628,normal,546,0,0.000001,0.999999,0.000000,L,0.999999,0.999999,0.000008,0.000001,0.126688
23,20,00628,normal,513,1,0.000000,1.000000,0.000000,L,1.000000,1.000000,0.000001,0.000000,0.202490
23,20,00628,normal,514,1,0.000000,1.000000,0.000000,L,1.000000,1.000000,0.000001,0.000000,0.187614
23,20,00628,normal,515,1,0.000000,1.000000,0.000000,L,1.000000,1.000000,0.000001,0.000000,0.225865
23,20,00628,normal,516,1,0.000000,1.000000,0.000000,L,1.000000,1.000000,0.000001,0.000000,0.227458
23,20,00628,normal,517,1,0.000001,0.999999,0.000001,L,0.999999,0.999998,0.000019,0.000002,0.208916
23,20,00628,normal,518,1,0.000001,0.999999,0.000000,L,0.999999,0.999998,0.000015,0.000001,0.144603
23,20,00628,normal,519,1,0.000001,0.999999,0.000000,L,0.999999,0.999999,0.000010,0.000001,0.129766
23,20,00628,normal,603,1,0.000000,1.000000,0.000000,L,1.000000,1.000000,0.000001,0.000000,0.251093
23,20,00628,normal,604,1,0.000000,1.000000,0.000000,L,1.000000,1.000000,0.000000,0.000000,0.269957
23,20,00628,normal,605,1,0.000000,1.000000,0.000000,L,1.000000,1.000000,-0.000000,0.000000,0.635749
23,20,00628,normal,606,1,0.000000,1.000000,0.000000,L,1.000000,1.000000,-0.000000,0.000000,0.716104
23,20,00628,normal,607,1,0.000000,1.000000,0.000000,L,1.000000,1.000000,-0.000000,0.000000,0.532404
23,20,00628,normal,608,1,0.000000,1.000000,0.000000,L,1.000000,1.000000,0.000001,0.000000,0.235789
23,20,00628,normal,609,1,0.000000,1.000000,0.000000,L,1.000000,1.000000,0.000001,0.000000,0.227057
23,20,00628,normal,693,1,0.000000,1.000000,0.000000,L,1.000000,1.000000,0.000001,0.000000,0.240978
23,20,00628,normal,694,1,0.000000,1.000000,0.000000,L,1.000000,1.000000,0.000000,0.000000,0.274698
23,20,00628,normal,695,1,0.000000,1.000000,0.000000,L,1.000000,1.000000,-0.000000,0.000000,0.597809
23,20,00628,normal,696,1,0.000000,1.000000,0.000000,L,1.000000,1.000000,-0.000000,0.000000,0.756289
23,20,00628,normal,697,1,0.000000,1.000000,0.000000,L,1.000000,1.000000,-0.000000,0.000000,0.580975
23,20,00628,normal,698,1,0.000000,1.000000,0.000000,L,1.000000,1.000000,0.000001,0.000000,0.241634
23,20,00628,normal,699,1,0.000000,1.000000,0.000000,L,1.000000,1.000000,0.000001,0.000000,0.222398
23,20,00628,normal,783,1,0.000000,1.000000,0.000000,L,1.000000,1.000000,0.000002,0.000000,0.229353
23,20,00628,normal,784,1,0.000000,1.000000,0.000000,L,1.000000,1.000000,0.000001,0.000000,0.223716
23,20,00628,normal,785,1,0.000000,1.000000,0.000000,L,1.000000,1.000000,0.000000,0.000000,0.269409
23,20,00628,normal,786,1,0.000000,1.000000,0.000000,L,1.000000,1.000000,0.000000,0.000000,0.252380
23,20,00628,normal,787,1,0.000000,1.000000,0.000000,L,1.000000,1.000000,0.000001,0.000000,0.240551
23,20,00628,normal,788,1,0.000000,1.000000,0.000000,L,1.000000,1.000000,0.000000,0.000000,0.205705
23,20,00628,normal,789,1,0.000000,1.000000,0.000000,L,1.000000,1.000000,0.000003,0.000000,0.186617
23,20,00628,normal,1298,0,0.000000,1.000000,0.000000,L,1.000000,1.000000,0.000000,0.000000,0.108119
23,20,00628,normal,1312,0,0.000000,1.000000,0.000000,L,1.000000,1.000000,0.000000,0.000000,0.144941
23,20,00628,normal,413,0,0.000000,1.000000,0.000000,L,1.000000,0.999999,0.000005,0.000001,0.237291
23,20,00628,normal,532,0,0.000001,0.999999,0.000000,L,0.999999,0.999999,0.000008,0.000001,0.116996
23,20,00628,normal,997,0,0.000000,1.000000,0.000000,L,1.000000,1.000000,0.000001,0.000000,0.116235
23,20,00628,normal,89,0,0.000000,1.000000,0.000000,L,1.000000,1.000000,0.000001,0.000000,0.142775
23,20,00628,normal,1269,0,0.000000,1.000000,0.000000,L,1.000000,1.000000,0.000001,0.000000,0.147829
23,20,00628,normal,638,0,0.000000,1.000000,0.000000,L,1.000000,1.000000,0.000001,0.000000,0.158582
23,20,00628,normal,523,0,0.000000,1.000000,0.000000,L,1.000000,1.000000,0.000003,0.000000,0.109629
23,20,00628,normal,1374,0,0.000000,1.000000,0.000000,L,1.000000,1.000000,0.000001,0.000000,0.100536
23,20,00628,normal,889,0,0.000000,1.000000,0.000000,L,1.000000,1.000000,0.000000,0.000000,0.117212
23,20,00628,normal,180,0,0.000000,1.000000,0.000000,L,1.000000,1.000000,0.000001,0.000000,0.208870
23,20,00628,normal,971,0,0.000000,1.000000,0.000000,L,1.000000,1.000000,0.000000,0.000000,0.161400
23,20,00628,normal,1421,0,0.000000,1.000000,0.000000,L,1.000000,1.000000,0.000001,0.000000,0.107129
23,20,00628,normal,995,0,0.000000,1.000000,0.000000,L,1.000000,1.000000,0.000001,0.000000,0.156401
23,20,00628,normal,1144,0,0.000000,1.000000,0.000000,L,1.000000,1.000000,0.000000,0.000000,0.130485
23,20,00628,normal,140,0,0.000000,1.000000,0.000000,L,1.000000,1.000000,0.000001,0.000000,0.210235
23,20,00628,normal,1189,0,0.000000,1.000000,0.000000,L,1.000000,1.000000,0.000001,0.000000,0.127701
24,13,00096,overcast,704,1,0.000000,1.000000,0.000000,L,1.000000,1.000000,0.000000,0.000000,0.211701
24,13,00096,overcast,520,1,0.000000,1.000000,0.000000,L,1.000000,1.000000,0.000000,0.000000,0.281525
24,13,00096,overcast,1302,1,0.000000,1.000000,0.000000,L,1.000000,1.000000,-0.000000,0.000000,0.549727
24,13,00096,overcast,1340,1,0.000000,1.000000,0.000000,L,1.000000,1.000000,-0.000000,0.000000,0.446081
24,13,00096,overcast,429,1,0.000000,1.000000,0.000000,L,1.000000,1.000000,0.000003,0.000000,0.192307
24,13,00096,overcast,943,1,0.000000,1.000000,0.000000,L,1.000000,1.000000,0.000001,0.000000,0.238413
24,13,00096,overcast,1337,1,0.000000,1.000000,0.000000,L,1.000000,1.000000,0.000001,0.000000,0.219254
24,13,00096,overcast,854,1,0.000000,1.000000,0.000000,L,1.000000,1.000000,-0.000000,0.000000,0.353976
24,13,00096,overcast,1307,1,0.000000,1.000000,0.000000,L,1.000000,1.000000,0.000000,0.000000,0.149484
24,13,00096,overcast,1394,1,0.000000,1.000000,0.000000,L,1.000000,1.000000,0.000001,0.000000,0.230462
24,13,00096,overcast,763,1,0.000000,1.000000,0.000000,L,1.000000,1.000000,-0.000000,0.000000,0.643144
24,13,00096,overcast,1122,1,0.000000,1.000000,0.000000,L,1.000000,1.000000,0.000004,0.000000,0.240217
24,13,00096,overcast,944,1,0.000000,1.000000,0.000000,L,1.000000,1.000000,0.000001,0.000000,0.233952
24,13,00096,overcast,1216,1,0.000000,1.000000,0.000000,L,1.000000,0.999999,0.000006,0.000001,0.230358
24,13,00096,overcast,940,1,0.000000,1.000000,0.000000,L,1.000000,1.000000,0.000001,0.000000,0.220875
24,13,00096,overcast,1428,1,0.000000,1.000000,0.000000,L,1.000000,1.000000,0.000000,0.000000,0.239642
24,13,00096,overcast,1397,1,0.000000,1.000000,0.000000,L,1.000000,1.000000,0.000000,0.000000,0.099862
24,13,00096,overcast,673,1,0.000000,1.000000,0.000000,L,1.000000,1.000000,0.000004,0.000000,0.203701
24,13,00096,overcast,610,1,0.000000,1.000000,0.000000,L,1.000000,1.000000,0.000000,0.000000,0.232006
24,13,00096,overcast,433,1,0.000000,1.000000,0.000000,L,1.000000,1.000000,0.000000,0.000000,0.337772
24,13,00096,overcast,435,1,0.000000,1.000000,0.000000,L,1.000000,1.000000,0.000000,0.000000,0.272610
24,13,00096,overcast,701,1,0.000000,1.000000,0.000000,L,1.000000,1.000000,0.000001,0.000000,0.163547
24,13,00096,overcast,760,1,0.000000,1.000000,0.000000,L,1.000000,1.000000,0.000003,0.000000,0.267386
24,13,00096,overcast,522,1,0.000000,1.000000,0.000000,L,1.000000,1.000000,-0.000000,0.000000,0.996507
24,13,00096,overcast,852,1,0.000000,1.000000,0.000000,L,1.000000,1.000000,-0.000000,0.000000,0.781904
24,13,00096,overcast,1127,1,0.000000,1.000000,0.000000,L,1.000000,1.000000,0.000000,0.000000,0.178249
24,13,00096,overcast,525,1,0.000000,1.000000,0.000000,L,1.000000,1.000000,0.000000,0.000000,0.404408
24,13,00096,overcast,1252,1,0.000000,1.000000,0.000000,L,1.000000,1.000000,0.000000,0.000000,0.134278
24,13,00096,overcast,339,1,0.000000,1.000000,0.000000,L,1.000000,1.000000,0.000002,0.000000,0.094171
24,13,00096,overcast,1250,1,0.000000,1.000000,0.000000,L,1.000000,1.000000,0.000000,0.000000,0.148068
24,13,00096,overcast,521,1,0.000000,1.000000,0.000000,L,1.000000,1.000000,-0.000000,0.000000,0.912150
24,13,00096,overcast,523,1,0.000000,1.000000,0.000000,L,1.000000,1.000000,-0.000000,0.000000,0.947478
24,13,00096,overcast,675,1,0.000000,1.000000,0.000000,L,1.000000,1.000000,0.000000,0.000000,0.139770
24,13,00096,overcast,1213,1,0.000000,1.000000,0.000000,L,1.000000,1.000000,-0.000000,0.000000,0.779535
24,13,00096,overcast,434,1,0.000000,1.000000,0.000000,L,1.000000,1.000000,0.000000,0.000000,0.288570
24,13,00096,overcast,1126,1,0.000000,1.000000,0.000000,L,1.000000,0.999999,0.000005,0.000001,0.207943
24,13,00096,overcast,685,0,0.000000,1.000000,0.000000,L,1.000000,1.000000,0.000001,0.000000,0.120023
24,13,00096,overcast,1282,0,0.000000,1.000000,0.000000,L,1.000000,1.000000,0.000000,0.000000,0.137375
24,13,00096,overcast,170,0,0.000000,1.000000,0.000000,L,1.000000,1.000000,0.000001,0.000000,0.085191
24,13,00096,overcast,361,0,0.000000,1.000000,0.000000,L,1.000000,1.000000,0.000000,0.000000,0.161198
24,13,00096,overcast,421,0,0.000000,1.000000,0.000000,L,1.000000,1.000000,0.000000,0.000000,0.100475
24,13,00096,overcast,226,0,0.000000,1.000000,0.000000,L,1.000000,1.000000,0.000000,0.000000,0.134320
24,13,00096,overcast,205,0,0.000000,1.000000,0.000000,L,1.000000,1.000000,0.000000,0.000000,0.116447
24,13,00096,overcast,1277,0,0.000000,1.000000,0.000000,L,1.000000,1.000000,0.000001,0.000000,0.091025
24,13,00096,overcast,882,0,0.000000,1.000000,0.000000,L,1.000000,1.000000,0.000000,0.000000,0.162917
24,13,00096,overcast,216,0,0.000000,1.000000,0.000000,L,1.000000,1.000000,0.000004,0.000000,0.185646
24,13,00096,overcast,315,0,0.000000,1.000000,0.000000,L,1.000000,1.000000,0.000000,0.000000,0.117235
24,13,00096,overcast,1048,0,0.000000,1.000000,0.000000,L,1.000000,1.000000,0.000000,0.000000,0.109690
24,13,00096,overcast,108,0,0.000000,1.000000,0.000000,L,1.000000,1.000000,0.000002,0.000000,0.131680
24,13,00096,overcast,680,0,0.000000,1.000000,0.000000,L,1.000000,1.000000,0.000000,0.000000,0.106953
24,13,00096,overcast,980,0,0.000000,1.000000,0.000000,L,1.000000,0.999999,0.000005,0.000000,0.150829
24,13,00096,overcast,576,0,0.000000,1.000000,0.000000,L,1.000000,1.000000,0.000000,0.000000,0.111684
24,13,00096,overcast,66,0,0.000000,1.000000,0.000000,L,1.000000,1.000000,0.000004,0.000000,0.050774
24,13,00096,overcast,737,0,0.000000,1.000000,0.000000,L,1.000000,1.000000,0.000000,0.000000,0.071403
25,13,00113,overcast,670,1,0.000000,1.000000,0.000000,L,1.000000,1.000000,0.000002,0.000000,0.164460
25,13,00113,overcast,1225,1,0.000000,1.000000,0.000000,L,1.000000,1.000000,-0.000000,0.000000,0.584336
25,13,00113,overcast,580,1,0.000000,1.000000,0.000000,L,1.000000,1.000000,0.000001,0.000000,0.150426
25,13,00113,overcast,669,1,0.000000,1.000000,0.000000,L,1.000000,1.000000,0.000000,0.000000,0.255608
25,13,00113,overcast,1134,1,0.000000,1.000000,0.000000,L,1.000000,1.000000,0.000000,0.000000,0.256520
25,13,00113,overcast,359,1,0.000000,1.000000,0.000000,L,1.000000,1.000000,0.000000,0.000000,0.126530
25,13,00113,overcast,1314,1,0.000000,1.000000,0.000000,L,1.000000,1.000000,-0.000000,0.000000,0.495290
25,13,00113,overcast,846,1,0.000000,1.000000,0.000000,L,1.000000,1.000000,0.000004,0.000000,0.283371
25,13,00113,overcast,535,1,0.000000,1.000000,0.000000,L,1.000000,1.000000,-0.000000,0.000000,0.384637
25,13,00113,overcast,1042,1,0.000000,1.000000,0.000000,L,1.000000,1.000000,0.000001,0.000000,0.120471
25,13,00113,overcast,537,1,0.000000,1.000000,0.000000,L,1.000000,1.000000,0.000000,0.000000,0.165663
25,13,00113,overcast,666,1,0.000000,1.000000,0.000000,L,1.000000,1.000000,-0.000000,0.000000,0.525807
25,13,00113,overcast,1131,1,0.000000,1.000000,0.000000,L,1.000000,1.000000,0.000003,0.000000,0.165435
25,13,00113,overcast,264,1,0.000000,1.000000,0.000000,L,1.000000,1.000000,0.000002,0.000000,0.133645
25,13,00113,overcast,574,1,0.000000,1.000000,0.000000,L,1.000000,1.000000,0.000001,0.000000,0.133001
25,13,00113,overcast,848,1,0.000000,1.000000,0.000000,L,1.000000,1.000000,0.000000,0.000000,0.245214
25,13,00113,overcast,265,1,0.000000,1.000000,0.000000,L,1.000000,1.000000,0.000001,0.000000,0.153162
25,13,00113,overcast,449,1,0.000000,1.000000,0.000000,L,1.000000,1.000000,0.000000,0.000000,0.179234
25,13,00113,overcast,664,1,0.000000,1.000000,0.000000,L,1.000000,1.000000,0.000000,0.000000,0.230595
25,13,00113,overcast,534,1,0.000000,1.000000,0.000000,L,1.000000,1.000000,0.000000,0.000000,0.204582
25,13,00113,overcast,353,1,0.000001,0.999999,0.000000,L,0.999999,0.999999,0.000010,0.000001,0.160171
25,13,00113,overcast,665,1,0.000000,1.000000,0.000000,L,1.000000,1.000000,0.000003,0.000000,0.232102
25,13,00113,overcast,447,1,0.000000,1.000000,0.000000,L,1.000000,1.000000,-0.000000,0.000000,0.284652
25,13,00113,overcast,1402,1,0.000000,1.000000,0.000000,L,1.000000,1.000000,0.000003,0.000000,0.200658
25,13,00113,overcast,667,1,0.000000,1.000000,0.000000,L,1.000000,1.000000,-0.000000,0.000000,0.695083
25,13,00113,overcast,575,1,0.000000,1.000000,0.000000,L,1.000000,1.000000,0.000004,0.000000,0.148908
25,13,00113,overcast,1133,1,0.000000,1.000000,0.000000,L,1.000000,1.000000,0.000000,0.000000,0.202489
25,13,00113,overcast,533,1,0.000000,1.000000,0.000000,L,1.000000,1.000000,0.000001,0.000000,0.169596
25,13,00113,overcast,266,1,0.000000,1.000000,0.000000,L,1.000000,1.000000,0.000002,0.000000,0.185682
25,13,00113,overcast,1224,1,0.000000,1.000000,0.000000,L,1.000000,1.000000,-0.000000,0.000000,0.713413
25,13,00113,overcast,1316,1,0.000000,1.000000,0.000000,L,1.000000,1.000000,0.000000,0.000000,0.262611
25,13,00113,overcast,1404,1,0.000000,1.000000,0.000000,L,1.000000,1.000000,0.000001,0.000000,0.225187
25,13,00113,overcast,668,1,0.000000,1.000000,0.000000,L,1.000000,1.000000,-0.000000,0.000000,0.578494
25,13,00113,overcast,1222,1,0.000000,1.000000,0.000000,L,1.000000,1.000000,0.000000,0.000000,0.283944
25,13,00113,overcast,538,1,0.000000,1.000000,0.000000,L,1.000000,1.000000,0.000000,0.000000,0.117791
25,13,00113,overcast,844,1,0.000000,1.000000,0.000000,L,1.000000,1.000000,0.000001,0.000000,0.216250
25,13,00113,overcast,948,0,0.000000,1.000000,0.000000,L,1.000000,1.000000,0.000000,0.000000,0.087196
25,13,00113,overcast,1210,0,0.000000,1.000000,0.000000,L,1.000000,1.000000,0.000001,0.000000,0.107003
25,13,00113,overcast,1230,0,0.000000,1.000000,0.000000,L,1.000000,1.000000,0.000000,0.000000,0.117305
25,13,00113,overcast,503,0,0.000000,1.000000,0.000000,L,1.000000,1.000000,0.000000,0.000000,0.104730
25,13,00113,overcast,367,0,0.000000,1.000000,0.000000,L,1.000000,1.000000,0.000003,0.000000,0.143221
25,13,00113,overcast,478,0,0.000000,1.000000,0.000000,L,1.000000,1.000000,0.000000,0.000000,0.071192
25,13,00113,overcast,1279,0,0.000000,1.000000,0.000000,L,1.000000,1.000000,0.000000,0.000000,0.085298
25,13,00113,overcast,998,0,0.000000,1.000000,0.000000,L,1.000000,1.000000,0.000000,0.000000,0.155403
25,13,00113,overcast,1014,0,0.000000,1.000000,0.000000,L,1.000000,1.000000,0.000000,0.000000,0.082398
25,13,00113,overcast,1025,0,0.000000,1.000000,0.000000,L,1.000000,1.000000,0.000001,0.000000,0.190820
25,13,00113,overcast,1001,0,0.000000,1.000000,0.000000,L,1.000000,1.000000,0.000003,0.000000,0.168557
25,13,00113,overcast,1247,0,0.000000,1.000000,0.000000,L,1.000000,1.000000,0.000001,0.000000,0.127104
25,13,00113,overcast,516,0,0.000000,1.000000,0.000000,L,1.000000,1.000000,0.000000,0.000000,0.147620
25,13,00113,overcast,763,0,0.000000,1.000000,0.000000,L,1.000000,1.000000,0.000000,0.000000,0.140916
25,13,00113,overcast,434,0,0.000000,1.000000,0.000000,L,1.000000,1.000000,0.000000,0.000000,0.104400
25,13,00113,overcast,1220,0,0.000000,1.000000,0.000000,L,1.000000,1.000000,0.000000,0.000000,0.149080
25,13,00113,overcast,69,0,0.000000,1.000000,0.000000,L,1.000000,1.000000,0.000002,0.000000,0.061923
25,13,00113,overcast,518,0,0.000000,1.000000,0.000000,L,1.000000,1.000000,0.000000,0.000000,0.120322
26,13,00129,overcast,1142,1,0.000000,1.000000,0.000000,L,1.000000,1.000000,0.000002,0.000000,0.207525
26,13,00129,overcast,662,1,0.000000,1.000000,0.000000,L,1.000000,1.000000,-0.000000,0.000000,0.804753
26,13,00129,overcast,963,1,0.000000,1.000000,0.000000,L,1.000000,1.000000,0.000001,0.000000,0.203074
26,13,00129,overcast,573,1,0.000000,1.000000,0.000000,L,1.000000,1.000000,-0.000000,0.000000,0.677530
26,13,00129,overcast,1057,1,0.000000,1.000000,0.000000,L,1.000000,1.000000,0.000001,0.000000,0.244577
26,13,00129,overcast,754,1,0.000000,1.000000,0.000000,L,1.000000,1.000000,0.000000,0.000000,0.233703
26,13,00129,overcast,1143,1,0.000000,1.000000,0.000000,L,1.000000,1.000000,0.000000,0.000000,0.292410
26,13,00129,overcast,968,1,0.000000,1.000000,0.000000,L,1.000000,1.000000,0.000003,0.000000,0.215643
26,13,00129,overcast,962,1,0.000000,1.000000,0.000000,L,1.000000,1.000000,0.000002,0.000000,0.179611
26,13,00129,overcast,663,1,0.000000,1.000000,0.000000,L,1.000000,1.000000,-0.000000,0.000000,0.798436
26,13,00129,overcast,1236,1,0.000000,1.000000,0.000000,L,1.000000,1.000000,0.000000,0.000000,0.211082
26,13,00129,overcast,575,1,0.000000,1.000000,0.000000,L,1.000000,1.000000,0.000002,0.000000,0.219244
26,13,00129,overcast,1232,1,0.000000,1.000000,0.000000,L,1.000000,0.999999,0.000008,0.000001,0.162580
26,13,00129,overcast,574,1,0.000000,1.000000,0.000000,L,1.000000,1.000000,-0.000000,0.000000,0.372410
26,13,00129,overcast,665,1,0.000000,1.000000,0.000000,L,1.000000,1.000000,0.000001,0.000000,0.215147
26,13,00129,overcast,1235,1,0.000000,1.000000,0.000000,L,1.000000,1.000000,0.000001,0.000000,0.199318
26,13,00129,overcast,485,1,0.000000,1.000000,0.000000,L,1.000000,1.000000,0.000001,0.000000,0.141520
26,13,00129,overcast,1145,1,0.000000,1.000000,0.000000,L,1.000000,1.000000,-0.000000,0.000000,0.577978
26,13,00129,overcast,1052,1,0.000000,1.000000,0.000000,L,1.000000,1.000000,0.000002,0.000000,0.199544
26,13,00129,overcast,664,1,0.000000,1.000000,0.000000,L,1.000000,1.000000,-0.000000,0.000000,0.489887
26,13,00129,overcast,481,1,0.000000,1.000000,0.000000,L,1.000000,1.000000,0.000002,0.000000,0.170491
26,13,00129,overcast,571,1,0.000000,1.000000,0.000000,L,1.000000,1.000000,0.000000,0.000000,0.301305
26,13,00129,overcast,1054,1,0.000000,1.000000,0.000000,L,1.000000,1.000000,-0.000000,0.000000,0.588382
26,13,00129,overcast,1233,1,0.000000,1.000000,0.000000,L,1.000000,1.000000,0.000002,0.000000,0.191817
26,13,00129,overcast,967,1,0.000000,1.000000,0.000000,L,1.000000,1.000000,0.000003,0.000000,0.238604
26,13,00129,overcast,572,1,0.000000,1.000000,0.000000,L,1.000000,1.000000,-0.000000,0.000000,0.692844
26,13,00129,overcast,1146,1,0.000000,1.000000,0.000000,L,1.000000,1.000000,-0.000000,0.000000,0.374713
26,13,00129,overcast,661,1,0.000000,1.000000,0.000000,L,1.000000,1.000000,0.000000,0.000000,0.418869
26,13,00129,overcast,1053,1,0.000000,1.000000,0.000000,L,1.000000,1.000000,0.000000,0.000000,0.251054
26,13,00129,overcast,752,1,0.000000,1.000000,0.000000,L,1.000000,1.000000,0.000001,0.000000,0.248050
26,13,00129,overcast,751,1,0.000000,1.000000,0.000000,L,1.000000,1.000000,0.000004,0.000000,0.241830
26,13,00129,overcast,484,1,0.000000,1.000000,0.000000,L,1.000000,1.000000,0.000003,0.000000,0.167542
26,13,00129,overcast,483,1,0.000000,1.000000,0.000000,L,1.000000,1.000000,0.000003,0.000000,0.160425
26,13,00129,overcast,753,1,0.000000,1.000000,0.000000,L,1.000000,1.000000,0.000000,0.000000,0.237951
26,13,00129,overcast,1144,1,0.000000,1.000000,0.000000,L,1.000000,1.000000,-0.000000,0.000000,0.559325
26,13,00129,overcast,755,1,0.000000,1.000000,0.000000,L,1.000000,1.000000,0.000001,0.000000,0.160327
26,13,00129,overcast,1259,0,0.000000,1.000000,0.000000,L,1.000000,1.000000,0.000000,0.000000,0.164367
26,13,00129,overcast,258,0,0.000000,1.000000,0.000000,L,1.000000,1.000000,0.000001,0.000000,0.061439
26,13,00129,overcast,255,0,0.000000,1.000000,0.000000,L,1.000000,1.000000,0.000000,0.000000,0.053941
26,13,00129,overcast,1093,0,0.000000,1.000000,0.000000,L,1.000000,1.000000,0.000000,0.000000,0.167147
26,13,00129,overcast,494,0,0.000000,1.000000,0.000000,L,1.000000,1.000000,0.000000,0.000000,0.108461
26,13,00129,overcast,1090,0,0.000000,1.000000,0.000000,L,1.000000,1.000000,0.000000,0.000000,0.166223
26,13,00129,overcast,79,0,0.000000,1.000000,0.000000,L,1.000000,1.000000,0.000003,0.000000,0.045931
26,13,00129,overcast,341,0,0.000000,1.000000,0.000000,L,1.000000,1.000000,0.000000,0.000000,0.084395
26,13,00129,overcast,223,0,0.000000,1.000000,0.000000,L,1.000000,1.000000,0.000001,0.000000,0.115044
26,13,00129,overcast,102,0,0.000000,1.000000,0.000000,L,1.000000,1.000000,0.000002,0.000000,0.179682
26,13,00129,overcast,1141,0,0.000000,1.000000,0.000000,L,1.000000,1.000000,0.000000,0.000000,0.157862
26,13,00129,overcast,604,0,0.000000,1.000000,0.000000,L,1.000000,1.000000,0.000000,0.000000,0.171799
26,13,00129,overcast,630,0,0.000000,1.000000,0.000000,L,1.000000,1.000000,0.000000,0.000000,0.112299
26,13,00129,overcast,1079,0,0.000000,1.000000,0.000000,L,1.000000,1.000000,0.000000,0.000000,0.114789
26,13,00129,overcast,1188,0,0.000000,1.000000,0.000000,L,1.000000,1.000000,0.000001,0.000000,0.143712
26,13,00129,overcast,1124,0,0.000000,1.000000,0.000000,L,1.000000,1.000000,0.000001,0.000000,0.117453
26,13,00129,overcast,509,0,0.000000,1.000000,0.000000,L,1.000000,1.000000,0.000000,0.000000,0.198283
26,13,00129,overcast,1200,0,0.000000,1.000000,0.000000,L,1.000000,1.000000,0.000002,0.000000,0.115940
27,13,00146,overcast,387,1,0.000000,1.000000,0.000000,L,1.000000,1.000000,-0.000000,0.000000,0.788314
27,13,00146,overcast,707,1,0.000000,1.000000,0.000000,L,1.000000,0.999999,0.000006,0.000001,0.178260
27,13,00146,overcast,795,1,0.000000,1.000000,0.000000,L,1.000000,1.000000,-0.000000,0.000000,0.644631
27,13,00146,overcast,972,1,0.000000,1.000000,0.000000,L,1.000000,1.000000,0.000001,0.000000,0.212484
27,13,00146,overcast,295,1,0.000000,1.000000,0.000000,L,1.000000,0.999999,0.000005,0.000000,0.181545
27,13,00146,overcast,478,1,0.000000,1.000000,0.000000,L,1.000000,1.000000,-0.000000,0.000000,0.726155
27,13,00146,overcast,977,1,0.000000,1.000000,0.000000,L,1.000000,1.000000,0.000001,0.000000,0.233799
27,13,00146,overcast,797,1,0.000000,1.000000,0.000000,L,1.000000,1.000000,0.000001,0.000000,0.285299
27,13,00146,overcast,564,1,0.000000,1.000000,0.000000,L,1.000000,1.000000,0.000000,0.000000,0.217042
27,13,00146,overcast,885,1,0.000000,1.000000,0.000000,L,1.000000,1.000000,-0.000000,0.000000,0.780340
27,13,00146,overcast,882,1,0.000000,1.000000,0.000000,L,1.000000,1.000000,0.000000,0.000000,0.236145
27,13,00146,overcast,476,1,0.000000,1.000000,0.000000,L,1.000000,1.000000,-0.000000,0.000000,0.610279
27,13,00146,overcast,296,1,0.000000,1.000000,0.000000,L,1.000000,1.000000,0.000002,0.000000,0.204587
27,13,00146,overcast,297,1,0.000000,1.000000,0.000000,L,1.000000,1.000000,0.000002,0.000000,0.206312
27,13,00146,overcast,389,1,0.000000,1.000000,0.000000,L,1.000000,1.000000,0.000000,0.000000,0.288738
27,13,00146,overcast,883,1,0.000000,1.000000,0.000000,L,1.000000,1.000000,0.000000,0.000000,0.268124
27,13,00146,overcast,704,1,0.000000,1.000000,0.000000,L,1.000000,1.000000,0.000000,0.000000,0.161397
27,13,00146,overcast,570,1,0.000000,1.000000,0.000000,L,1.000000,1.000000,0.000000,0.000000,0.203120
27,13,00146,overcast,796,1,0.000000,1.000000,0.000000,L,1.000000,1.000000,-0.000000,0.000000,0.585739
27,13,00146,overcast,792,1,0.000000,1.000000,0.000000,L,1.000000,1.000000,0.000000,0.000000,0.234153
27,13,00146,overcast,294,1,0.000000,1.000000,0.000000,L,1.000000,1.000000,0.000002,0.000000,0.164247
27,13,00146,overcast,887,1,0.000000,1.000000,0.000000,L,1.000000,1.000000,0.000000,0.000000,0.310923
27,13,00146,overcast,475,1,0.000000,1.000000,0.000000,L,1.000000,1.000000,0.000000,0.000000,0.287647
27,13,00146,overcast,298,1,0.000000,1.000000,0.000000,L,1.000000,1.000000,0.000003,0.000000,0.212440
27,13,00146,overcast,793,1,0.000000,1.000000,0.000000,L,1.000000,1.000000,0.000000,0.000000,0.286291
27,13,00146,overcast,888,1,0.000000,1.000000,0.000000,L,1.000000,1.000000,0.000000,0.000000,0.232489
27,13,00146,overcast,569,1,0.000000,1.000000,0.000000,L,1.000000,1.000000,0.000001,0.000000,0.194008
27,13,00146,overcast,973,1,0.000000,1.000000,0.000000,L,1.000000,1.000000,0.000001,0.000000,0.222533
27,13,00146,overcast,477,1,0.000000,1.000000,0.000000,L,1.000000,1.000000,-0.000000,0.000000,0.836084
27,13,00146,overcast,567,1,0.000000,1.000000,0.000000,L,1.000000,1.000000,0.000001,0.000000,0.230614
27,13,00146,overcast,978,1,0.000000,1.000000,0.000000,L,1.000000,1.000000,0.000000,0.000000,0.210418
27,13,00146,overcast,974,1,0.000000,1.000000,0.000000,L,1.000000,1.000000,0.000001,0.000000,0.224963
27,13,00146,overcast,390,1,0.000000,1.000000,0.000000,L,1.000000,1.000000,0.000001,0.000000,0.211640
27,13,00146,overcast,886,1,0.000000,1.000000,0.000000,L,1.000000,1.000000,-0.000000,0.000000,0.660906
27,13,00146,overcast,299,1,0.000000,1.000000,0.000000,L,1.000000,1.000000,0.000004,0.000000,0.192113
27,13,00146,overcast,568,1,0.000000,1.000000,0.000000,L,1.000000,1.000000,0.000001,0.000000,0.234426
27,13,00146,overcast,445,0,0.000000,1.000000,0.000000,L,1.000000,1.000000,0.000000,0.000000,0.231061
27,13,00146,overcast,1409,0,0.000000,1.000000,0.000000,L,1.000000,1.000000,0.000000,0.000000,0.126948
27,13,00146,overcast,1262,0,0.000000,1.000000,0.000000,L,1.000000,1.000000,0.000000,0.000000,0.190736
27,13,00146,overcast,286,0,0.000000,1.000000,0.000000,L,1.000000,1.000000,0.000001,0.000000,0.106552
27,13,00146,overcast,586,0,0.000000,1.000000,0.000000,L,1.000000,1.000000,0.000000,0.000000,0.068637
27,13,00146,overcast,879,0,0.000000,1.000000,0.000000,L,1.000000,1.000000,0.000001,0.000000,0.121233
27,13,00146,overcast,256,0,0.000000,1.000000,0.000000,L,1.000000,1.000000,0.000003,0.000000,0.129686
27,13,00146,overcast,1059,0,0.000000,1.000000,0.000000,L,1.000000,1.000000,0.000000,0.000000,0.165250
27,13,00146,overcast,1153,0,0.000000,1.000000,0.000000,L,1.000000,1.000000,0.000000,0.000000,0.204729
27,13,00146,overcast,172,0,0.000000,1.000000,0.000000,L,1.000000,1.000000,0.000001,0.000000,0.109038
27,13,00146,overcast,408,0,0.000000,1.000000,0.000000,L,1.000000,1.000000,0.000001,0.000000,0.113252
27,13,00146,overcast,820,0,0.000000,1.000000,0.000000,L,1.000000,1.000000,0.000001,0.000000,0.162907
27,13,00146,overcast,145,0,0.000000,1.000000,0.000000,L,1.000000,1.000000,0.000001,0.000000,0.051957
27,13,00146,overcast,777,0,0.000000,1.000000,0.000000,L,1.000000,0.999999,0.000005,0.000000,0.110228
27,13,00146,overcast,962,0,0.000000,1.000000,0.000000,L,1.000000,1.000000,0.000000,0.000000,0.157041
27,13,00146,overcast,324,0,0.000000,1.000000,0.000000,L,1.000000,1.000000,0.000000,0.000000,0.087604
27,13,00146,overcast,391,0,0.000000,1.000000,0.000000,L,1.000000,1.000000,0.000002,0.000000,0.202641
27,13,00146,overcast,412,0,0.000000,1.000000,0.000000,L,1.000000,1.000000,0.000000,0.000000,0.122077
28,13,00250,overcast,1254,1,0.000000,1.000000,0.000000,L,1.000000,1.000000,0.000000,0.000000,0.070622
28,13,00250,overcast,1344,1,0.000000,1.000000,0.000000,L,1.000000,1.000000,0.000001,0.000000,0.095530
28,13,00250,overcast,1345,1,0.000000,1.000000,0.000000,L,1.000000,1.000000,0.000000,0.000000,0.082779
28,13,00250,overcast,1346,1,0.000000,1.000000,0.000000,L,1.000000,1.000000,0.000000,0.000000,0.080455
28,13,00250,overcast,1347,1,0.000000,1.000000,0.000000,L,1.000000,1.000000,0.000000,0.000000,0.096917
28,13,00250,overcast,1348,1,0.000000,1.000000,0.000000,L,1.000000,1.000000,0.000000,0.000000,0.206537
28,13,00250,overcast,1349,1,0.000000,1.000000,0.000000,L,1.000000,1.000000,0.000000,0.000000,0.193127
28,13,00250,overcast,1434,1,0.000000,1.000000,0.000000,L,1.000000,1.000000,0.000000,0.000000,0.107620
28,13,00250,overcast,1435,1,0.000000,1.000000,0.000000,L,1.000000,1.000000,0.000000,0.000000,0.107237
28,13,00250,overcast,1436,1,0.000000,1.000000,0.000000,L,1.000000,1.000000,0.000000,0.000000,0.105882
28,13,00250,overcast,1437,1,0.000000,1.000000,0.000000,L,1.000000,1.000000,0.000000,0.000000,0.101474
28,13,00250,overcast,1438,1,0.000000,1.000000,0.000000,L,1.000000,1.000000,0.000000,0.000000,0.175435
28,13,00250,overcast,1439,1,0.000000,1.000000,0.000000,L,1.000000,1.000000,0.000000,0.000000,0.158173
28,13,00250,overcast,774,0,0.000000,1.000000,0.000000,L,1.000000,1.000000,0.000000,0.000000,0.071868
28,13,00250,overcast,1145,0,0.000000,1.000000,0.000000,L,1.000000,1.000000,0.000000,0.000000,0.141980
28,13,00250,overcast,874,0,0.000000,1.000000,0.000000,L,1.000000,1.000000,0.000000,0.000000,0.121595
28,13,00250,overcast,583,0,0.000000,1.000000,0.000000,L,1.000000,1.000000,0.000003,0.000000,0.102612
28,13,00250,overcast,207,0,0.000000,1.000000,0.000000,L,1.000000,1.000000,0.000000,0.000000,0.103609
28,13,00250,overcast,355,0,0.000000,1.000000,0.000000,L,1.000000,1.000000,0.000001,0.000000,0.113190
28,13,00250,overcast,1280,0,0.000000,1.000000,0.000000,L,1.000000,1.000000,0.000001,0.000000,0.114333
28,13,00250,overcast,1423,0,0.000000,1.000000,0.000000,L,1.000000,1.000000,0.000000,0.000000,0.119157
28,13,00250,overcast,4,0,0.000000,1.000000,0.000000,L,1.000000,1.000000,0.000000,0.000000,0.178584
28,13,00250,overcast,325,0,0.000000,1.000000,0.000000,L,1.000000,1.000000,0.000000,0.000000,0.107164
28,13,00250,overcast,584,0,0.000000,1.000000,0.000000,L,1.000000,1.000000,0.000000,0.000000,0.079055
28,13,00250,overcast,213,0,0.000000,1.000000,0.000000,L,1.000000,0.999999,0.000004,0.000000,0.117727
28,13,00250,overcast,923,0,0.000000,1.000000,0.000000,L,1.000000,1.000000,0.000000,0.000000,0.077037
28,13,00250,overcast,889,0,0.000000,1.000000,0.000000,L,1.000000,1.000000,0.000000,0.000000,0.084774
28,13,00250,overcast,172,0,0.000000,1.000000,0.000000,L,1.000000,1.000000,0.000001,0.000000,0.111398
28,13,00250,overcast,808,0,0.000000,1.000000,0.000000,L,1.000000,1.000000,0.000000,0.000000,0.140580
28,13,00250,overcast,222,0,0.000001,0.999999,0.000000,L,0.999999,0.999998,0.000015,0.000001,0.136266
28,13,00250,overcast,573,0,0.000000,1.000000,0.000000,L,1.000000,0.999999,0.000004,0.000000,0.093198
29,22,00152,overcast,1140,1,0.000000,0.999999,0.000000,L,0.999999,0.999999,0.000010,0.000001,0.251821
29,22,00152,overcast,1414,1,0.000000,1.000000,0.000000,L,1.000000,1.000000,0.000000,0.000000,0.093436
29,22,00152,overcast,1411,1,0.000000,1.000000,0.000000,L,1.000000,1.000000,0.000000,0.000000,0.246863
29,22,00152,overcast,1245,1,0.000000,1.000000,0.000000,L,1.000000,1.000000,0.000001,0.000000,0.199250
29,22,00152,overcast,1065,1,0.000000,1.000000,0.000000,L,1.000000,0.999999,0.000005,0.000000,0.208501
29,22,00152,overcast,586,1,0.000000,1.000000,0.000000,L,1.000000,0.999999,0.000005,0.000001,0.239285
29,22,00152,overcast,1324,1,0.000000,1.000000,0.000000,L,1.000000,1.000000,0.000000,0.000000,0.101218
29,22,00152,overcast,1337,1,0.000000,1.000000,0.000000,L,1.000000,1.000000,0.000000,0.000000,0.236350
29,22,00152,overcast,1408,1,0.000000,1.000000,0.000000,L,1.000000,0.999999,0.000005,0.000000,0.207377
29,22,00152,overcast,1250,1,0.000000,1.000000,0.000000,L,1.000000,1.000000,0.000000,0.000000,0.247695
29,22,00152,overcast,1246,1,0.000000,1.000000,0.000000,L,1.000000,1.000000,0.000001,0.000000,0.215103
29,22,00152,overcast,1137,1,0.000000,1.000000,0.000000,L,1.000000,1.000000,0.000001,0.000000,0.194884
29,22,00152,overcast,856,1,0.000000,1.000000,0.000000,L,1.000000,1.000000,0.000000,0.000000,0.239557
29,22,00152,overcast,1320,1,0.000000,1.000000,0.000000,L,1.000000,1.000000,-0.000000,0.000000,0.936225
29,22,00152,overcast,1338,1,0.000000,1.000000,0.000000,L,1.000000,1.000000,0.000000,0.000000,0.226229
29,22,00152,overcast,1232,1,0.000000,1.000000,0.000000,L,1.000000,1.000000,0.000000,0.000000,0.368317
29,22,00152,overcast,675,1,0.000000,1.000000,0.000000,L,1.000000,1.000000,-0.000000,0.000000,0.724662
29,22,00152,overcast,1158,1,0.000000,1.000000,0.000000,L,1.000000,1.000000,-0.000000,0.000000,0.781761
29,22,00152,overcast,1139,1,0.000000,1.000000,0.000000,L,1.000000,1.000000,0.000001,0.000000,0.229072
29,22,00152,overcast,1339,1,0.000000,1.000000,0.000000,L,1.000000,1.000000,0.000000,0.000000,0.209944
29,22,00152,overcast,1335,1,0.000000,1.000000,0.000000,L,1.000000,0.999999,0.000005,0.000001,0.197380
29,22,00152,overcast,1144,1,0.000000,1.000000,0.000000,L,1.000000,1.000000,0.000000,0.000000,0.095640
29,22,00152,overcast,1341,1,0.000000,1.000000,0.000000,L,1.000000,1.000000,0.000000,0.000000,0.153095
29,22,00152,overcast,1155,1,0.000000,1.000000,0.000000,L,1.000000,1.000000,0.000001,0.000000,0.220250
29,22,00152,overcast,583,1,0.000000,1.000000,0.000000,L,1.000000,1.000000,0.000002,0.000000,0.217854
29,22,00152,overcast,1071,1,0.000000,1.000000,0.000000,L,1.000000,1.000000,0.000000,0.000000,0.219769
29,22,00152,overcast,1336,1,0.000000,1.000000,0.000000,L,1.000000,1.000000,0.000003,0.000000,0.219903
29,22,00152,overcast,1138,1,0.000000,1.000000,0.000000,L,1.000000,1.000000,0.000001,0.000000,0.199396
29,22,00152,overcast,678,1,0.000000,1.000000,0.000000,L,1.000000,1.000000,0.000001,0.000000,0.240383
29,22,00152,overcast,679,1,0.000000,1.000000,0.000000,L,1.000000,1.000000,0.000000,0.000000,0.168798
29,22,00152,overcast,1231,1,0.000000,1.000000,0.000000,L,1.000000,1.000000,-0.000000,0.000000,0.742732
29,22,00152,overcast,764,1,0.000000,1.000000,0.000000,L,1.000000,1.000000,0.000000,0.000000,0.368946
29,22,00152,overcast,676,1,0.000000,1.000000,0.000000,L,1.000000,1.000000,-0.000000,0.000000,0.768941
29,22,00152,overcast,1156,1,0.000000,1.000000,0.000000,L,1.000000,1.000000,0.000000,0.000000,0.255879
29,22,00152,overcast,763,1,0.000000,1.000000,0.000000,L,1.000000,1.000000,0.000001,0.000000,0.273705
29,22,00152,overcast,585,1,0.000000,1.000000,0.000000,L,1.000000,0.999999,0.000005,0.000001,0.230923
29,22,00152,overcast,1419,0,0.000000,1.000000,0.000000,L,1.000000,1.000000,0.000001,0.000000,0.120713
29,22,00152,overcast,1201,0,0.000000,1.000000,0.000000,L,1.000000,1.000000,0.000000,0.000000,0.119258
29,22,00152,overcast,1019,0,0.000000,1.000000,0.000000,L,1.000000,1.000000,0.000000,0.000000,0.123325
29,22,00152,overcast,188,0,0.000000,1.000000,0.000000,L,1.000000,1.000000,0.000001,0.000000,0.182159
29,22,00152,overcast,172,0,0.000000,1.000000,0.000000,L,1.000000,0.999999,0.000005,0.000000,0.133296
29,22,00152,overcast,1356,0,0.000000,1.000000,0.000000,L,1.000000,1.000000,0.000001,0.000000,0.152751
29,22,00152,overcast,987,0,0.000000,1.000000,0.000000,L,1.000000,1.000000,0.000000,0.000000,0.124864
29,22,00152,overcast,322,0,0.000000,1.000000,0.000000,L,1.000000,1.000000,0.000001,0.000000,0.160915
29,22,00152,overcast,1024,0,0.000001,0.999999,0.000000,L,0.999999,0.999998,0.000013,0.000001,0.130236
29,22,00152,overcast,1041,0,0.000000,1.000000,0.000000,L,1.000000,1.000000,0.000000,0.000000,0.119893
29,22,00152,overcast,795,0,0.000000,1.000000,0.000000,L,1.000000,1.000000,0.000000,0.000000,0.069701
29,22,00152,overcast,139,0,0.000000,1.000000,0.000000,L,1.000000,1.000000,0.000000,0.000000,0.087405
29,22,00152,overcast,1401,0,0.000000,1.000000,0.000000,L,1.000000,1.000000,0.000001,0.000000,0.102499
29,22,00152,overcast,1093,0,0.000000,1.000000,0.000000,L,1.000000,1.000000,0.000000,0.000000,0.152446
29,22,00152,overcast,248,0,0.000000,0.999999,0.000000,L,0.999999,0.999999,0.000009,0.000001,0.213791
29,22,00152,overcast,1014,0,0.000000,1.000000,0.000000,L,1.000000,1.000000,0.000001,0.000000,0.114078
29,22,00152,overcast,1038,0,0.000000,1.000000,0.000000,L,1.000000,1.000000,0.000000,0.000000,0.153595
29,22,00152,overcast,91,0,0.000000,0.999999,0.000000,L,0.999999,0.999999,0.000011,0.000001,0.207100
30,22,00169,overcast,855,1,0.000000,1.000000,0.000000,L,1.000000,1.000000,0.000000,0.000000,0.409269
30,22,00169,overcast,1341,1,0.000000,1.000000,0.000000,L,1.000000,1.000000,0.000000,0.000000,0.132788
30,22,00169,overcast,584,1,0.000001,0.999999,0.000000,L,0.999999,0.999998,0.000011,0.000001,0.154062
30,22,00169,overcast,1337,1,0.000000,1.000000,0.000000,L,1.000000,1.000000,-0.000000,0.000000,0.461503
30,22,00169,overcast,1246,1,0.000000,1.000000,0.000000,L,1.000000,1.000000,-0.000000,0.000000,0.702875
30,22,00169,overcast,673,1,0.000000,1.000000,0.000000,L,1.000000,1.000000,0.000001,0.000000,0.194455
30,22,00169,overcast,767,1,0.000000,1.000000,0.000000,L,1.000000,1.000000,-0.000000,0.000000,0.823390
30,22,00169,overcast,1334,1,0.000000,1.000000,0.000000,L,1.000000,1.000000,0.000000,0.000000,0.241957
30,22,00169,overcast,763,1,0.000000,1.000000,0.000000,L,1.000000,1.000000,0.000000,0.000000,0.263732
30,22,00169,overcast,1065,1,0.000000,1.000000,0.000000,L,1.000000,1.000000,0.000003,0.000000,0.150809
30,22,00169,overcast,1068,1,0.000000,1.000000,0.000000,L,1.000000,1.000000,0.000001,0.000000,0.189775
30,22,00169,overcast,853,1,0.000000,1.000000,0.000000,L,1.000000,1.000000,0.000001,0.000000,0.246180
30,22,00169,overcast,1245,1,0.000000,1.000000,0.000000,L,1.000000,1.000000,0.000003,0.000000,0.238482
30,22,00169,overcast,1156,1,0.000000,1.000000,0.000000,L,1.000000,1.000000,0.000000,0.000000,0.486221
30,22,00169,overcast,1066,1,0.000000,1.000000,0.000000,L,1.000000,1.000000,0.000000,0.000000,0.257690
30,22,00169,overcast,1247,1,0.000000,1.000000,0.000000,L,1.000000,1.000000,-0.000000,0.000000,0.889742
30,22,00169,overcast,945,1,0.000000,1.000000,0.000000,L,1.000000,1.000000,0.000001,0.000000,0.239351
30,22,00169,overcast,766,1,0.000000,1.000000,0.000000,L,1.000000,1.000000,-0.000000,0.000000,0.990288
30,22,00169,overcast,1249,1,0.000000,1.000000,0.000000,L,1.000000,1.000000,0.000000,0.000000,0.278388
30,22,00169,overcast,1158,1,0.000000,1.000000,0.000000,L,1.000000,1.000000,-0.000000,0.000000,0.508002
30,22,00169,overcast,769,1,0.000000,1.000000,0.000000,L,1.000000,1.000000,0.000000,0.000000,0.242064
30,22,00169,overcast,857,1,0.000000,1.000000,0.000000,L,1.000000,1.000000,-0.000000,0.000000,0.578508
30,22,00169,overcast,1428,1,0.000000,1.000000,0.000000,L,1.000000,1.000000,0.000000,0.000000,0.196977
30,22,00169,overcast,854,1,0.000000,1.000000,0.000000,L,1.000000,1.000000,0.000002,0.000000,0.269892
30,22,00169,overcast,949,1,0.000000,1.000000,0.000000,L,1.000000,1.000000,0.000000,0.000000,0.197405
30,22,00169,overcast,1430,1,0.000000,1.000000,0.000000,L,1.000000,1.000000,0.000001,0.000000,0.128733
30,22,00169,overcast,1429,1,0.000000,1.000000,0.000000,L,1.000000,1.000000,0.000001,0.000000,0.126300
30,22,00169,overcast,1427,1,0.000000,1.000000,0.000000,L,1.000000,1.000000,0.000000,0.000000,0.240456
30,22,00169,overcast,765,1,0.000000,1.000000,0.000000,L,1.000000,1.000000,-0.000000,0.000000,0.763651
30,22,00169,overcast,1248,1,0.000000,1.000000,0.000000,L,1.000000,1.000000,-0.000000,0.000000,0.691931
30,22,00169,overcast,860,1,0.000000,1.000000,0.000000,L,1.000000,1.000000,0.000000,0.000000,0.163702
30,22,00169,overcast,944,1,0.000000,1.000000,0.000000,L,1.000000,0.999999,0.000008,0.000001,0.221159
30,22,00169,overcast,1340,1,0.000000,1.000000,0.000000,L,1.000000,1.000000,0.000000,0.000000,0.153991
30,22,00169,overcast,946,1,0.000000,1.000000,0.000000,L,1.000000,1.000000,0.000001,0.000000,0.236951
30,22,00169,overcast,1335,1,0.000000,1.000000,0.000000,L,1.000000,1.000000,0.000002,0.000000,0.228025
30,22,00169,overcast,1250,1,0.000000,1.000000,0.000000,L,1.000000,1.000000,0.000000,0.000000,0.119308
30,22,00169,overcast,328,0,0.000000,1.000000,0.000000,L,1.000000,1.000000,0.000000,0.000000,0.144336
30,22,00169,overcast,1273,0,0.000000,1.000000,0.000000,L,1.000000,1.000000,0.000003,0.000000,0.132472
30,22,00169,overcast,802,0,0.000000,1.000000,0.000000,L,1.000000,1.000000,0.000000,0.000000,0.105740
30,22,00169,overcast,809,0,0.000000,1.000000,0.000000,L,1.000000,1.000000,0.000000,0.000000,0.135369
30,22,00169,overcast,171,0,0.000000,1.000000,0.000000,L,1.000000,1.000000,0.000001,0.000000,0.100159
30,22,00169,overcast,1079,0,0.000000,1.000000,0.000000,L,1.000000,1.000000,0.000000,0.000000,0.134536
30,22,00169,overcast,1421,0,0.000000,1.000000,0.000000,L,1.000000,1.000000,0.000000,0.000000,0.221920
30,22,00169,overcast,341,0,0.000000,1.000000,0.000000,L,1.000000,1.000000,0.000000,0.000000,0.149003
30,22,00169,overcast,1240,0,0.000000,1.000000,0.000000,L,1.000000,1.000000,0.000000,0.000000,0.096533
30,22,00169,overcast,762,0,0.000000,1.000000,0.000000,L,1.000000,1.000000,0.000000,0.000000,0.239165
30,22,00169,overcast,685,0,0.000000,1.000000,0.000000,L,1.000000,1.000000,0.000000,0.000000,0.105171
30,22,00169,overcast,1328,0,0.000000,1.000000,0.000000,L,1.000000,1.000000,0.000000,0.000000,0.169329
30,22,00169,overcast,831,0,0.000000,1.000000,0.000000,L,1.000000,1.000000,0.000001,0.000000,0.100230
30,22,00169,overcast,1371,0,0.000000,1.000000,0.000000,L,1.000000,1.000000,0.000004,0.000000,0.136461
30,22,00169,overcast,66,0,0.000000,1.000000,0.000000,L,1.000000,1.000000,0.000001,0.000000,0.119331
30,22,00169,overcast,249,0,0.000000,1.000000,0.000000,L,1.000000,1.000000,0.000000,0.000000,0.154587
30,22,00169,overcast,909,0,0.000000,1.000000,0.000000,L,1.000000,1.000000,0.000002,0.000000,0.112011
30,22,00169,overcast,324,0,0.000000,1.000000,0.000000,L,1.000000,1.000000,0.000000,0.000000,0.130091
31,22,00185,overcast,764,1,0.000000,1.000000,0.000000,L,1.000000,1.000000,0.000001,0.000000,0.151886
31,22,00185,overcast,854,1,0.000000,1.000000,0.000000,L,1.000000,1.000000,0.000000,0.000000,0.208841
31,22,00185,overcast,855,1,0.000000,1.000000,0.000000,L,1.000000,1.000000,0.000000,0.000000,0.219352
31,22,00185,overcast,856,1,0.000000,1.000000,0.000000,L,1.000000,1.000000,0.000003,0.000000,0.228706
31,22,00185,overcast,857,1,0.000000,1.000000,0.000000,L,1.000000,1.000000,0.000003,0.000000,0.241231
31,22,00185,overcast,858,1,0.000000,1.000000,0.000000,L,1.000000,1.000000,0.000001,0.000000,0.216368
31,22,00185,overcast,859,1,0.000000,1.000000,0.000000,L,1.000000,1.000000,0.000000,0.000000,0.176389
31,22,00185,overcast,860,1,0.000000,1.000000,0.000000,L,1.000000,1.000000,0.000000,0.000000,0.135522
31,22,00185,overcast,944,1,0.000000,1.000000,0.000000,L,1.000000,1.000000,0.000000,0.000000,0.240110
31,22,00185,overcast,945,1,0.000000,1.000000,0.000000,L,1.000000,1.000000,0.000000,0.000000,0.375111
31,22,00185,overcast,946,1,0.000000,1.000000,0.000000,L,1.000000,1.000000,-0.000000,0.000000,0.681022
31,22,00185,overcast,947,1,0.000000,1.000000,0.000000,L,1.000000,1.000000,-0.000000,0.000000,0.760157
31,22,00185,overcast,948,1,0.000000,1.000000,0.000000,L,1.000000,1.000000,0.000000,0.000000,0.483542
31,22,00185,overcast,949,1,0.000000,1.000000,0.000000,L,1.000000,1.000000,0.000000,0.000000,0.247010
31,22,00185,overcast,950,1,0.000000,1.000000,0.000000,L,1.000000,1.000000,0.000000,0.000000,0.212864
31,22,00185,overcast,1033,1,0.000000,1.000000,0.000000,L,1.000000,1.000000,0.000000,0.000000,0.213034
31,22,00185,overcast,1034,1,0.000000,1.000000,0.000000,L,1.000000,1.000000,0.000001,0.000000,0.252477
31,22,00185,overcast,1035,1,0.000000,1.000000,0.000000,L,1.000000,1.000000,0.000000,0.000000,0.300099
31,22,00185,overcast,1036,1,0.000000,1.000000,0.000000,L,1.000000,1.000000,-0.000000,0.000000,0.606419
31,22,00185,overcast,1037,1,0.000000,1.000000,0.000000,L,1.000000,1.000000,-0.000000,0.000000,0.587656
31,22,00185,overcast,1038,1,0.000000,1.000000,0.000000,L,1.000000,1.000000,0.000000,0.000000,0.364732
31,22,00185,overcast,1039,1,0.000000,1.000000,0.000000,L,1.000000,1.000000,0.000000,0.000000,0.241644
31,22,00185,overcast,1040,1,0.000000,1.000000,0.000000,L,1.000000,1.000000,0.000000,0.000000,0.178025
31,22,00185,overcast,1123,1,0.000000,1.000000,0.000000,L,1.000000,1.000000,0.000001,0.000000,0.145495
31,22,00185,overcast,1124,1,0.000000,1.000000,0.000000,L,1.000000,1.000000,0.000003,0.000000,0.226736
31,22,00185,overcast,1125,1,0.000000,1.000000,0.000000,L,1.000000,1.000000,0.000002,0.000000,0.230775
31,22,00185,overcast,1126,1,0.000000,1.000000,0.000000,L,1.000000,1.000000,0.000000,0.000000,0.273448
31,22,00185,overcast,1127,1,0.000000,1.000000,0.000000,L,1.000000,1.000000,0.000000,0.000000,0.262913
31,22,00185,overcast,1128,1,0.000000,1.000000,0.000000,L,1.000000,1.000000,0.000000,0.000000,0.236326
31,22,00185,overcast,1129,1,0.000000,1.000000,0.000000,L,1.000000,1.000000,0.000000,0.000000,0.204927
31,22,00185,overcast,1130,1,0.000000,1.000000,0.000000,L,1.000000,1.000000,0.000000,0.000000,0.126799
31,22,00185,overcast,1219,1,0.000000,1.000000,0.000000,L,1.000000,1.000000,0.000001,0.000000,0.144467
31,22,00185,overcast,1220,1,0.000000,1.000000,0.000000,L,1.000000,1.000000,0.000000,0.000000,0.119860
31,22,00185,overcast,971,0,0.000000,1.000000,0.000000,L,1.000000,1.000000,0.000000,0.000000,0.069626
31,22,00185,overcast,1394,0,0.000000,1.000000,0.000000,L,1.000000,1.000000,0.000002,0.000000,0.123627
31,22,00185,overcast,426,0,0.000000,1.000000,0.000000,L,1.000000,1.000000,0.000000,0.000000,0.117017
31,22,00185,overcast,573,0,0.000000,1.000000,0.000000,L,1.000000,1.000000,0.000002,0.000000,0.087451
31,22,00185,overcast,645,0,0.000000,1.000000,0.000000,L,1.000000,1.000000,0.000000,0.000000,0.105044
31,22,00185,overcast,1078,0,0.000000,1.000000,0.000000,L,1.000000,1.000000,0.000000,0.000000,0.107255
31,22,00185,overcast,1145,0,0.000000,1.000000,0.000000,L,1.000000,1.000000,0.000000,0.000000,0.166552
31,22,00185,overcast,331,0,0.000000,1.000000,0.000000,L,1.000000,1.000000,0.000003,0.000000,0.130776
31,22,00185,overcast,679,0,0.000000,1.000000,0.000000,L,1.000000,1.000000,0.000001,0.000000,0.134333
31,22,00185,overcast,1380,0,0.000000,1.000000,0.000000,L,1.000000,1.000000,0.000000,0.000000,0.128717
31,22,00185,overcast,717,0,0.000000,1.000000,0.000000,L,1.000000,1.000000,0.000000,0.000000,0.158411
31,22,00185,overcast,1199,0,0.000000,1.000000,0.000000,L,1.000000,1.000000,0.000000,0.000000,0.125642
31,22,00185,overcast,1050,0,0.000000,1.000000,0.000000,L,1.000000,1.000000,0.000000,0.000000,0.086608
31,22,00185,overcast,1021,0,0.000000,1.000000,0.000000,L,1.000000,1.000000,0.000001,0.000000,0.126384
31,22,00185,overcast,1301,0,0.000000,1.000000,0.000000,L,1.000000,1.000000,0.000000,0.000000,0.067135
31,22,00185,overcast,1031,0,0.000000,1.000000,0.000000,L,1.000000,1.000000,0.000001,0.000000,0.132575
31,22,00185,overcast,896,0,0.000000,1.000000,0.000000,L,1.000000,1.000000,0.000003,0.000000,0.177497
31,22,00185,overcast,970,0,0.000000,1.000000,0.000000,L,1.000000,1.000000,0.000000,0.000000,0.076611
32,22,00202,overcast,767,1,0.000000,1.000000,0.000000,L,1.000000,1.000000,0.000001,0.000000,0.199277
32,22,00202,overcast,1248,1,0.000000,1.000000,0.000000,L,1.000000,1.000000,-0.000000,0.000000,0.757215
32,22,00202,overcast,1337,1,0.000000,1.000000,0.000000,L,1.000000,1.000000,0.000001,0.000000,0.254321
32,22,00202,overcast,1156,1,0.000000,1.000000,0.000000,L,1.000000,0.999999,0.000007,0.000001,0.204776
32,22,00202,overcast,1162,1,0.000000,1.000000,0.000000,L,1.000000,1.000000,0.000000,0.000000,0.117553
32,22,00202,overcast,947,1,0.000000,1.000000,0.000000,L,1.000000,1.000000,-0.000000,0.000000,0.489992
32,22,00202,overcast,1246,1,0.000000,1.000000,0.000000,L,1.000000,1.000000,0.000002,0.000000,0.222416
32,22,00202,overcast,1341,1,0.000000,1.000000,0.000000,L,1.000000,1.000000,0.000000,0.000000,0.244015
32,22,00202,overcast,860,1,0.000000,1.000000,0.000000,L,1.000000,1.000000,0.000000,0.000000,0.318548
32,22,00202,overcast,1127,1,0.000000,1.000000,0.000000,L,1.000000,1.000000,0.000004,0.000000,0.198724
32,22,00202,overcast,856,1,0.000000,1.000000,0.000000,L,1.000000,1.000000,0.000001,0.000000,0.247612
32,22,00202,overcast,1042,1,0.000000,1.000000,0.000000,L,1.000000,1.000000,0.000000,0.000000,0.175277
32,22,00202,overcast,1132,1,0.000000,1.000000,0.000000,L,1.000000,1.000000,0.000000,0.000000,0.165537
32,22,00202,overcast,1426,1,0.000000,1.000000,0.000000,L,1.000000,1.000000,0.000001,0.000000,0.209604
32,22,00202,overcast,1429,1,0.000000,1.000000,0.000000,L,1.000000,1.000000,0.000000,0.000000,0.243672
32,22,00202,overcast,1340,1,0.000000,1.000000,0.000000,L,1.000000,1.000000,-0.000000,0.000000,0.575052
32,22,00202,overcast,1342,1,0.000000,1.000000,0.000000,L,1.000000,1.000000,0.000001,0.000000,0.154744
32,22,00202,overcast,950,1,0.000000,1.000000,0.000000,L,1.000000,1.000000,-0.000000,0.000000,0.517281
32,22,00202,overcast,1131,1,0.000000,1.000000,0.000000,L,1.000000,1.000000,0.000000,0.000000,0.169438
32,22,00202,overcast,768,1,0.000000,1.000000,0.000000,L,1.000000,1.000000,0.000003,0.000000,0.212819
32,22,00202,overcast,1160,1,0.000000,1.000000,0.000000,L,1.000000,1.000000,0.000001,0.000000,0.279964
32,22,00202,overcast,949,1,0.000000,1.000000,0.000000,L,1.000000,1.000000,-0.000000,0.000000,0.838639
32,22,00202,overcast,952,1,0.000000,1.000000,0.000000,L,1.000000,1.000000,0.000000,0.000000,0.222944
32,22,00202,overcast,1158,1,0.000000,1.000000,0.000000,L,1.000000,1.000000,0.000000,0.000000,0.425924
32,22,00202,overcast,1036,1,0.000000,1.000000,0.000000,L,1.000000,0.999999,0.000005,0.000001,0.227438
32,22,00202,overcast,857,1,0.000000,1.000000,0.000000,L,1.000000,1.000000,0.000001,0.000000,0.258165
32,22,00202,overcast,859,1,0.000000,1.000000,0.000000,L,1.000000,1.000000,-0.000000,0.000000,0.627818
32,22,00202,overcast,1040,1,0.000000,1.000000,0.000000,L,1.000000,1.000000,0.000001,0.000000,0.240569
32,22,00202,overcast,1037,1,0.000000,1.000000,0.000000,L,1.000000,1.000000,0.000001,0.000000,0.240655
32,22,00202,overcast,1427,1,0.000000,1.000000,0.000000,L,1.000000,1.000000,0.000001,0.000000,0.227268
32,22,00202,overcast,948,1,0.000000,1.000000,0.000000,L,1.000000,1.000000,-0.000000,0.000000,0.839863
32,22,00202,overcast,1128,1,0.000000,1.000000,0.000000,L,1.000000,1.000000,0.000001,0.000000,0.216002
32,22,00202,overcast,1038,1,0.000000,1.000000,0.000000,L,1.000000,1.000000,0.000000,0.000000,0.275143
32,22,00202,overcast,1247,1,0.000000,1.000000,0.000000,L,1.000000,1.000000,0.000001,0.000000,0.283526
32,22,00202,overcast,1250,1,0.000000,1.000000,0.000000,L,1.000000,1.000000,-0.000000,0.000000,0.730302
32,22,00202,overcast,1126,1,0.000001,0.999999,0.000000,L,0.999999,0.999998,0.000018,0.000001,0.150276
32,22,00202,overcast,1272,0,0.000000,1.000000,0.000000,L,1.000000,1.000000,0.000000,0.000000,0.215128
32,22,00202,overcast,467,0,0.000000,1.000000,0.000000,L,1.000000,1.000000,0.000000,0.000000,0.112985
32,22,00202,overcast,1183,0,0.000000,1.000000,0.000000,L,1.000000,1.000000,0.000001,0.000000,0.133883
32,22,00202,overcast,742,0,0.000000,1.000000,0.000000,L,1.000000,1.000000,0.000001,0.000000,0.095228
32,22,00202,overcast,1358,0,0.000000,1.000000,0.000000,L,1.000000,1.000000,0.000001,0.000000,0.224554
32,22,00202,overcast,586,0,0.000000,1.000000,0.000000,L,1.000000,1.000000,0.000001,0.000000,0.095856
32,22,00202,overcast,729,0,0.000000,1.000000,0.000000,L,1.000000,1.000000,0.000000,0.000000,0.089466
32,22,00202,overcast,1057,0,0.000000,1.000000,0.000000,L,1.000000,1.000000,0.000000,0.000000,0.127084
32,22,00202,overcast,1350,0,0.000000,1.000000,0.000000,L,1.000000,1.000000,0.000000,0.000000,0.195998
32,22,00202,overcast,86,0,0.000000,1.000000,0.000000,L,1.000000,0.999999,0.000005,0.000000,0.110565
32,22,00202,overcast,258,0,0.000000,1.000000,0.000000,L,1.000000,1.000000,0.000001,0.000000,0.113477
32,22,00202,overcast,436,0,0.000000,1.000000,0.000000,L,1.000000,1.000000,0.000000,0.000000,0.120896
32,22,00202,overcast,1145,0,0.000000,1.000000,0.000000,L,1.000000,1.000000,0.000000,0.000000,0.140787
32,22,00202,overcast,660,0,0.000000,1.000000,0.000000,L,1.000000,1.000000,0.000000,0.000000,0.134908
32,22,00202,overcast,135,0,0.000000,1.000000,0.000000,L,1.000000,1.000000,0.000000,0.000000,0.158706
32,22,00202,overcast,337,0,0.000000,1.000000,0.000000,L,1.000000,1.000000,0.000000,0.000000,0.171521
32,22,00202,overcast,368,0,0.000000,1.000000,0.000000,L,1.000000,1.000000,0.000000,0.000000,0.095137
32,22,00202,overcast,439,0,0.000000,1.000000,0.000000,L,1.000000,1.000000,0.000000,0.000000,0.135969
33,22,00218,overcast,1043,1,0.000000,1.000000,0.000000,L,1.000000,1.000000,0.000000,0.000000,0.248338
33,22,00218,overcast,1435,1,0.000000,1.000000,0.000000,L,1.000000,1.000000,0.000000,0.000000,0.188010
33,22,00218,overcast,952,1,0.000000,1.000000,0.000000,L,1.000000,1.000000,-0.000000,0.000000,0.626985
33,22,00218,overcast,954,1,0.000000,1.000000,0.000000,L,1.000000,1.000000,0.000000,0.000000,0.214570
33,22,00218,overcast,1432,1,0.000000,1.000000,0.000000,L,1.000000,1.000000,0.000000,0.000000,0.223234
33,22,00218,overcast,772,1,0.000000,1.000000,0.000000,L,1.000000,1.000000,0.000001,0.000000,0.162316
33,22,00218,overcast,1343,1,0.000000,1.000000,0.000000,L,1.000000,1.000000,0.000000,0.000000,0.336610
33,22,00218,overcast,859,1,0.000000,1.000000,0.000000,L,1.000000,1.000000,0.000001,0.000000,0.196927
33,22,00218,overcast,1340,1,0.000000,1.000000,0.000000,L,1.000000,1.000000,0.000000,0.000000,0.235853
33,22,00218,overcast,1249,1,0.000000,1.000000,0.000000,L,1.000000,1.000000,0.000002,0.000000,0.209539
33,22,00218,overcast,770,1,0.000000,1.000000,0.000000,L,1.000000,1.000000,0.000003,0.000000,0.159655
33,22,00218,overcast,1130,1,0.000000,1.000000,0.000000,L,1.000000,1.000000,0.000001,0.000000,0.236996
33,22,00218,overcast,1039,1,0.000000,1.000000,0.000000,L,1.000000,1.000000,0.000003,0.000000,0.255780
33,22,00218,overcast,1165,1,0.000000,1.000000,0.000000,L,1.000000,1.000000,0.000001,0.000000,0.158185
33,22,00218,overcast,1254,1,0.000000,1.000000,0.000000,L,1.000000,1.000000,0.000000,0.000000,0.174531
33,22,00218,overcast,1163,1,0.000000,1.000000,0.000000,L,1.000000,1.000000,0.000002,0.000000,0.193127
33,22,00218,overcast,1161,1,0.000000,1.000000,0.000000,L,1.000000,1.000000,0.000000,0.000000,0.234525
33,22,00218,overcast,1250,1,0.000000,1.000000,0.000000,L,1.000000,1.000000,0.000000,0.000000,0.251309
33,22,00218,overcast,1339,1,0.000000,1.000000,0.000000,L,1.000000,0.999999,0.000006,0.000001,0.203612
33,22,00218,overcast,953,1,0.000000,1.000000,0.000000,L,1.000000,1.000000,0.000000,0.000000,0.271062
33,22,00218,overcast,1164,1,0.000000,1.000000,0.000000,L,1.000000,1.000000,0.000001,0.000000,0.173184
33,22,00218,overcast,1431,1,0.000000,1.000000,0.000000,L,1.000000,1.000000,0.000000,0.000000,0.203889
33,22,00218,overcast,1134,1,0.000000,1.000000,0.000000,L,1.000000,1.000000,0.000000,0.000000,0.179149
33,22,00218,overcast,769,1,0.000000,1.000000,0.000000,L,1.000000,1.000000,0.000003,0.000000,0.143822
33,22,00218,overcast,1341,1,0.000000,1.000000,0.000000,L,1.000000,1.000000,-0.000000,0.000000,0.447577
33,22,00218,overcast,1131,1,0.000000,1.000000,0.000000,L,1.000000,1.000000,0.000000,0.000000,0.246654
33,22,00218,overcast,1038,1,0.000000,1.000000,0.000000,L,1.000000,1.000000,0.000000,0.000000,0.244243
33,22,00218,overcast,1433,1,0.000000,1.000000,0.000000,L,1.000000,1.000000,0.000000,0.000000,0.192012
33,22,00218,overcast,863,1,0.000000,1.000000,0.000000,L,1.000000,1.000000,0.000000,0.000000,0.204193
33,22,00218,overcast,1132,1,0.000000,1.000000,0.000000,L,1.000000,1.000000,0.000001,0.000000,0.237051
33,22,00218,overcast,858,1,0.000000,1.000000,0.000000,L,1.000000,1.000000,0.000000,0.000000,0.188625
33,22,00218,overcast,1344,1,0.000000,1.000000,0.000000,L,1.000000,1.000000,0.000000,0.000000,0.181704
33,22,00218,overcast,1040,1,0.000000,1.000000,0.000000,L,1.000000,1.000000,0.000000,0.000000,0.297362
33,22,00218,overcast,1129,1,0.000000,1.000000,0.000000,L,1.000000,1.000000,0.000002,0.000000,0.217214
33,22,00218,overcast,1159,1,0.000000,1.000000,0.000000,L,1.000000,1.000000,0.000003,0.000000,0.191792
33,22,00218,overcast,1160,1,0.000000,1.000000,0.000000,L,1.000000,1.000000,0.000000,0.000000,0.212595
33,22,00218,overcast,1186,0,0.000000,1.000000,0.000000,L,1.000000,1.000000,0.000001,0.000000,0.139818
33,22,00218,overcast,774,0,0.000000,1.000000,0.000000,L,1.000000,1.000000,0.000000,0.000000,0.122719
33,22,00218,overcast,489,0,0.000000,1.000000,0.000000,L,1.000000,1.000000,0.000001,0.000000,0.130244
33,22,00218,overcast,1220,0,0.000000,1.000000,0.000000,L,1.000000,1.000000,0.000001,0.000000,0.198709
33,22,00218,overcast,519,0,0.000000,1.000000,0.000000,L,1.000000,1.000000,0.000000,0.000000,0.199622
33,22,00218,overcast,1096,0,0.000000,1.000000,0.000000,L,1.000000,1.000000,0.000001,0.000000,0.115194
33,22,00218,overcast,762,0,0.000000,1.000000,0.000000,L,1.000000,1.000000,0.000001,0.000000,0.132164
33,22,00218,overcast,407,0,0.000000,1.000000,0.000000,L,1.000000,1.000000,0.000003,0.000000,0.156136
33,22,00218,overcast,333,0,0.000000,1.000000,0.000000,L,1.000000,1.000000,0.000004,0.000000,0.235985
33,22,00218,overcast,1239,0,0.000000,1.000000,0.000000,L,1.000000,1.000000,0.000000,0.000000,0.178543
33,22,00218,overcast,830,0,0.000000,1.000000,0.000000,L,1.000000,1.000000,0.000000,0.000000,0.107106
33,22,00218,overcast,783,0,0.000000,1.000000,0.000000,L,1.000000,1.000000,0.000001,0.000000,0.174523
33,22,00218,overcast,68,0,0.000000,1.000000,0.000000,L,1.000000,1.000000,0.000003,0.000000,0.108019
33,22,00218,overcast,1045,0,0.000000,1.000000,0.000000,L,1.000000,1.000000,0.000000,0.000000,0.199317
33,22,00218,overcast,86,0,0.000000,1.000000,0.000000,L,1.000000,1.000000,0.000003,0.000000,0.111055
33,22,00218,overcast,94,0,0.000000,1.000000,0.000000,L,1.000000,1.000000,0.000000,0.000000,0.192909
33,22,00218,overcast,269,0,0.000000,1.000000,0.000000,L,1.000000,1.000000,0.000001,0.000000,0.145195
33,22,00218,overcast,386,0,0.000000,1.000000,0.000000,L,1.000000,1.000000,0.000000,0.000000,0.094846
34,22,00235,overcast,1042,1,0.000000,1.000000,0.000000,L,1.000000,1.000000,-0.000000,0.000000,0.494297
34,22,00235,overcast,1431,1,0.000000,1.000000,0.000000,L,1.000000,1.000000,0.000004,0.000000,0.203519
34,22,00235,overcast,954,1,0.000000,1.000000,0.000000,L,1.000000,1.000000,0.000000,0.000000,0.503999
34,22,00235,overcast,860,1,0.000000,1.000000,0.000000,L,1.000000,1.000000,0.000000,0.000000,0.208318
34,22,00235,overcast,1257,1,0.000000,1.000000,0.000000,L,1.000000,1.000000,0.000001,0.000000,0.136945
34,22,00235,overcast,1255,1,0.000000,1.000000,0.000000,L,1.000000,1.000000,0.000000,0.000000,0.427944
34,22,00235,overcast,951,1,0.000000,1.000000,0.000000,L,1.000000,1.000000,0.000000,0.000000,0.312648
34,22,00235,overcast,955,1,0.000000,1.000000,0.000000,L,1.000000,1.000000,0.000000,0.000000,0.269660
34,22,00235,overcast,863,1,0.000000,1.000000,0.000000,L,1.000000,1.000000,0.000000,0.000000,0.227620
34,22,00235,overcast,1165,1,0.000000,1.000000,0.000000,L,1.000000,1.000000,0.000001,0.000000,0.274900
34,22,00235,overcast,1167,1,0.000000,1.000000,0.000000,L,1.000000,1.000000,0.000002,0.000000,0.158336
34,22,00235,overcast,1163,1,0.000000,1.000000,0.000000,L,1.000000,1.000000,0.000000,0.000000,0.258037
34,22,00235,overcast,1162,1,0.000000,1.000000,0.000000,L,1.000000,1.000000,0.000001,0.000000,0.223892
34,22,00235,overcast,861,1,0.000000,1.000000,0.000000,L,1.000000,1.000000,0.000000,0.000000,0.195352
34,22,00235,overcast,1044,1,0.000000,1.000000,0.000000,L,1.000000,1.000000,-0.000000,0.000000,0.502794
34,22,00235,overcast,1047,1,0.000000,1.000000,0.000000,L,1.000000,1.000000,0.000000,0.000000,0.154621
34,22,00235,overcast,950,1,0.000000,1.000000,0.000000,L,1.000000,1.000000,0.000000,0.000000,0.246188
34,22,00235,overcast,1341,1,0.000000,1.000000,0.000000,L,1.000000,1.000000,0.000000,0.000000,0.218626
34,22,00235,overcast,1132,1,0.000000,1.000000,0.000000,L,1.000000,1.000000,0.000000,0.000000,0.270052
34,22,00235,overcast,1344,1,0.000000,1.000000,0.000000,L,1.000000,1.000000,-0.000000,0.000000,0.476422
34,22,00235,overcast,1135,1,0.000000,1.000000,0.000000,L,1.000000,1.000000,0.000001,0.000000,0.216751
34,22,00235,overcast,1345,1,0.000000,1.000000,0.000000,L,1.000000,1.000000,0.000000,0.000000,0.364490
34,22,00235,overcast,1256,1,0.000000,1.000000,0.000000,L,1.000000,1.000000,0.000000,0.000000,0.225288
34,22,00235,overcast,865,1,0.000000,1.000000,0.000000,L,1.000000,1.000000,0.000000,0.000000,0.150399
34,22,00235,overcast,1342,1,0.000000,1.000000,0.000000,L,1.000000,1.000000,0.000000,0.000000,0.229626
34,22,00235,overcast,1161,1,0.000000,1.000000,0.000000,L,1.000000,1.000000,0.000001,0.000000,0.219684
34,22,00235,overcast,1166,1,0.000000,1.000000,0.000000,L,1.000000,1.000000,0.000001,0.000000,0.215438
34,22,00235,overcast,1347,1,0.000000,1.000000,0.000000,L,1.000000,1.000000,0.000001,0.000000,0.113854
34,22,00235,overcast,1133,1,0.000000,1.000000,0.000000,L,1.000000,1.000000,0.000000,0.000000,0.273029
34,22,00235,overcast,1136,1,0.000000,1.000000,0.000000,L,1.000000,1.000000,0.000001,0.000000,0.145342
34,22,00235,overcast,1435,1,0.000000,1.000000,0.000000,L,1.000000,1.000000,0.000001,0.000000,0.210967
34,22,00235,overcast,952,1,0.000000,1.000000,0.000000,L,1.000000,1.000000,-0.000000,0.000000,0.505433
34,22,00235,overcast,1252,1,0.000000,1.000000,0.000000,L,1.000000,1.000000,0.000000,0.000000,0.239298
34,22,00235,overcast,866,1,0.000000,1.000000,0.000000,L,1.000000,1.000000,0.000001,0.000000,0.149710
34,22,00235,overcast,1040,1,0.000000,1.000000,0.000000,L,1.000000,1.000000,0.000001,0.000000,0.251158
34,22,00235,overcast,1130,1,0.000000,1.000000,0.000000,L,1.000000,1.000000,0.000004,0.000000,0.213282
34,22,00235,overcast,47,0,0.000001,0.999999,0.000000,L,0.999999,0.999999,0.000010,0.000001,0.057309
34,22,00235,overcast,2,0,0.000000,1.000000,0.000000,L,1.000000,1.000000,0.000000,0.000000,0.197738
34,22,00235,overcast,928,0,0.000000,1.000000,0.000000,L,1.000000,1.000000,0.000000,0.000000,0.131252
34,22,00235,overcast,1159,0,0.000000,1.000000,0.000000,L,1.000000,1.000000,0.000000,0.000000,0.174849
34,22,00235,overcast,610,0,0.000000,1.000000,0.000000,L,1.000000,1.000000,0.000000,0.000000,0.260196
34,22,00235,overcast,642,0,0.000000,1.000000,0.000000,L,1.000000,1.000000,0.000001,0.000000,0.090922
34,22,00235,overcast,793,0,0.000000,1.000000,0.000000,L,1.000000,1.000000,0.000001,0.000000,0.149937
34,22,00235,overcast,908,0,0.000000,1.000000,0.000000,L,1.000000,1.000000,0.000001,0.000000,0.089308
34,22,00235,overcast,902,0,0.000000,1.000000,0.000000,L,1.000000,1.000000,0.000000,0.000000,0.084780
34,22,00235,overcast,1103,0,0.000000,1.000000,0.000000,L,1.000000,1.000000,0.000002,0.000000,0.109724
34,22,00235,overcast,286,0,0.000000,1.000000,0.000000,L,1.000000,1.000000,0.000001,0.000000,0.148746
34,22,00235,overcast,1316,0,0.000000,1.000000,0.000000,L,1.000000,1.000000,0.000000,0.000000,0.128283
34,22,00235,overcast,494,0,0.000000,1.000000,0.000000,L,1.000000,1.000000,0.000001,0.000000,0.116401
34,22,00235,overcast,300,0,0.000000,1.000000,0.000000,L,1.000000,1.000000,0.000000,0.000000,0.121821
34,22,00235,overcast,177,0,0.000000,1.000000,0.000000,L,1.000000,1.000000,0.000002,0.000000,0.123224
34,22,00235,overcast,746,0,0.000000,1.000000,0.000000,L,1.000000,1.000000,0.000000,0.000000,0.112916
34,22,00235,overcast,628,0,0.000000,1.000000,0.000000,L,1.000000,1.000000,0.000001,0.000000,0.228175
34,22,00235,overcast,161,0,0.000000,1.000000,0.000000,L,1.000000,1.000000,0.000004,0.000000,0.125372
35,22,00252,overcast,895,1,0.000000,1.000000,0.000000,L,1.000000,1.000000,-0.000000,0.000000,0.582061
35,22,00252,overcast,805,1,0.000000,1.000000,0.000000,L,1.000000,1.000000,0.000000,0.000000,0.160497
35,22,00252,overcast,779,1,0.000000,1.000000,0.000000,L,1.000000,1.000000,0.000000,0.000000,0.143005
35,22,00252,overcast,953,1,0.000000,1.000000,0.000000,L,1.000000,1.000000,0.000001,0.000000,0.202253
35,22,00252,overcast,956,1,0.000000,1.000000,0.000000,L,1.000000,1.000000,0.000000,0.000000,0.233857
35,22,00252,overcast,864,1,0.000000,1.000000,0.000000,L,1.000000,1.000000,-0.000000,0.000000,0.548162
35,22,00252,overcast,714,1,0.000000,1.000000,0.000000,L,1.000000,1.000000,0.000002,0.000000,0.177317
35,22,00252,overcast,897,1,0.000000,1.000000,0.000000,L,1.000000,1.000000,-0.000000,0.000000,0.421693
35,22,00252,overcast,689,1,0.000000,1.000000,0.000000,L,1.000000,1.000000,0.000000,0.000000,0.115781
35,22,00252,overcast,958,1,0.000000,1.000000,0.000000,L,1.000000,1.000000,0.000000,0.000000,0.111429
35,22,00252,overcast,773,1,0.000000,1.000000,0.000000,L,1.000000,1.000000,0.000001,0.000000,0.347861
35,22,00252,overcast,1078,1,0.000000,1.000000,0.000000,L,1.000000,1.000000,0.000000,0.000000,0.121202
35,22,00252,overcast,868,1,0.000000,1.000000,0.000000,L,1.000000,1.000000,0.000000,0.000000,0.185113
35,22,00252,overcast,774,1,0.000000,1.000000,0.000000,L,1.000000,1.000000,-0.000000,0.000000,0.762082
35,22,00252,overcast,1167,1,0.000000,1.000000,0.000000,L,1.000000,1.000000,0.000000,0.000000,0.145223
35,22,00252,overcast,1074,1,0.000000,1.000000,0.000000,L,1.000000,1.000000,0.000000,0.000000,0.148091
35,22,00252,overcast,898,1,0.000000,1.000000,0.000000,L,1.000000,1.000000,0.000000,0.000000,0.105808
35,22,00252,overcast,804,1,0.000000,1.000000,0.000000,L,1.000000,1.000000,0.000002,0.000000,0.165191
35,22,00252,overcast,1073,1,0.000000,1.000000,0.000000,L,1.000000,1.000000,0.000001,0.000000,0.199023
35,22,00252,overcast,899,1,0.000000,1.000000,0.000000,L,1.000000,1.000000,0.000000,0.000000,0.117301
35,22,00252,overcast,807,1,0.000000,1.000000,0.000000,L,1.000000,1.000000,0.000001,0.000000,0.167401
35,22,00252,overcast,713,1,0.000000,1.000000,0.000000,L,1.000000,1.000000,0.000003,0.000000,0.192744
35,22,00252,overcast,778,1,0.000000,1.000000,0.000000,L,1.000000,1.000000,0.000000,0.000000,0.222021
35,22,00252,overcast,1076,1,0.000000,1.000000,0.000000,L,1.000000,1.000000,0.000000,0.000000,0.158028
35,22,00252,overcast,986,1,0.000000,1.000000,0.000000,L,1.000000,1.000000,-0.000000,0.000000,0.460020
35,22,00252,overcast,688,1,0.000000,1.000000,0.000000,L,1.000000,1.000000,0.000000,0.000000,0.139480
35,22,00252,overcast,863,1,0.000000,1.000000,0.000000,L,1.000000,1.000000,0.000001,0.000000,0.259048
35,22,00252,overcast,1168,1,0.000000,1.000000,0.000000,L,1.000000,1.000000,0.000000,0.000000,0.114936
35,22,00252,overcast,777,1,0.000000,1.000000,0.000000,L,1.000000,1.000000,0.000000,0.000000,0.256989
35,22,00252,overcast,806,1,0.000000,1.000000,0.000000,L,1.000000,1.000000,0.000000,0.000000,0.198545
35,22,00252,overcast,987,1,0.000000,1.000000,0.000000,L,1.000000,1.000000,0.000000,0.000000,0.332457
35,22,00252,overcast,896,1,0.000000,1.000000,0.000000,L,1.000000,1.000000,-0.000000,0.000000,0.580806
35,22,00252,overcast,1169,1,0.000000,1.000000,0.000000,L,1.000000,1.000000,0.000000,0.000000,0.089266
35,22,00252,overcast,808,1,0.000000,1.000000,0.000000,L,1.000000,1.000000,0.000000,0.000000,0.100076
35,22,00252,overcast,775,1,0.000000,1.000000,0.000000,L,1.000000,1.000000,-0.000000,0.000000,0.931712
35,22,00252,overcast,684,1,0.000000,1.000000,0.000000,L,1.000000,1.000000,0.000004,0.000000,0.250131
35,22,00252,overcast,223,0,0.000000,1.000000,0.000000,L,1.000000,1.000000,0.000000,0.000000,0.112300
35,22,00252,overcast,1251,0,0.000000,1.000000,0.000000,L,1.000000,1.000000,0.000000,0.000000,0.141641
35,22,00252,overcast,211,0,0.000000,1.000000,0.000000,L,1.000000,1.000000,0.000001,0.000000,0.118275
35,22,00252,overcast,1437,0,0.000000,1.000000,0.000000,L,1.000000,1.000000,0.000001,0.000000,0.123388
35,22,00252,overcast,1301,0,0.000000,1.000000,0.000000,L,1.000000,1.000000,0.000000,0.000000,0.142415
35,22,00252,overcast,177,0,0.000000,1.000000,0.000000,L,1.000000,1.000000,0.000001,0.000000,0.147908
35,22,00252,overcast,61,0,0.000000,1.000000,0.000000,L,1.000000,1.000000,0.000001,0.000000,0.129667
35,22,00252,overcast,781,0,0.000000,1.000000,0.000000,L,1.000000,1.000000,0.000000,0.000000,0.164748
35,22,00252,overcast,176,0,0.000000,1.000000,0.000000,L,1.000000,1.000000,0.000001,0.000000,0.129971
35,22,00252,overcast,511,0,0.000000,1.000000,0.000000,L,1.000000,1.000000,0.000000,0.000000,0.099739
35,22,00252,overcast,1109,0,0.000000,1.000000,0.000000,L,1.000000,1.000000,0.000002,0.000000,0.112815
35,22,00252,overcast,292,0,0.000000,1.000000,0.000000,L,1.000000,1.000000,0.000001,0.000000,0.099179
35,22,00252,overcast,622,0,0.000000,1.000000,0.000000,L,1.000000,1.000000,0.000000,0.000000,0.146877
35,22,00252,overcast,382,0,0.000000,1.000000,0.000000,L,1.000000,1.000000,0.000001,0.000000,0.102950
35,22,00252,overcast,1431,0,0.000000,1.000000,0.000000,L,1.000000,1.000000,0.000001,0.000000,0.153445
35,22,00252,overcast,462,0,0.000000,1.000000,0.000000,L,1.000000,1.000000,0.000001,0.000000,0.111763
35,22,00252,overcast,1121,0,0.000000,1.000000,0.000000,L,1.000000,0.999999,0.000005,0.000000,0.120626
35,22,00252,overcast,125,0,0.000000,1.000000,0.000000,L,1.000000,1.000000,0.000002,0.000000,0.114000
36,22,00268,overcast,503,1,0.000000,1.000000,0.000000,L,1.000000,1.000000,0.000003,0.000000,0.147595
36,22,00268,overcast,504,1,0.000000,1.000000,0.000000,L,1.000000,1.000000,0.000001,0.000000,0.123935
36,22,00268,overcast,505,1,0.000000,1.000000,0.000000,L,1.000000,1.000000,0.000001,0.000000,0.161351
36,22,00268,overcast,506,1,0.000000,1.000000,0.000000,L,1.000000,1.000000,0.000001,0.000000,0.125188
36,22,00268,overcast,507,1,0.000000,1.000000,0.000000,L,1.000000,1.000000,0.000002,0.000000,0.151885
36,22,00268,overcast,508,1,0.000000,1.000000,0.000000,L,1.000000,1.000000,0.000001,0.000000,0.138035
36,22,00268,overcast,509,1,0.000000,1.000000,0.000000,L,1.000000,1.000000,0.000000,0.000000,0.085396
36,22,00268,overcast,593,1,0.000000,1.000000,0.000000,L,1.000000,1.000000,0.000003,0.000000,0.210995
36,22,00268,overcast,594,1,0.000000,1.000000,0.000000,L,1.000000,1.000000,0.000002,0.000000,0.224063
36,22,00268,overcast,595,1,0.000000,1.000000,0.000000,L,1.000000,1.000000,0.000000,0.000000,0.282117
36,22,00268,overcast,596,1,0.000000,1.000000,0.000000,L,1.000000,1.000000,0.000000,0.000000,0.337021
36,22,00268,overcast,597,1,0.000000,1.000000,0.000000,L,1.000000,1.000000,0.000001,0.000000,0.244147
36,22,00268,overcast,598,1,0.000000,1.000000,0.000000,L,1.000000,1.000000,0.000000,0.000000,0.221032
36,22,00268,overcast,599,1,0.000000,1.000000,0.000000,L,1.000000,1.000000,0.000000,0.000000,0.112047
36,22,00268,overcast,683,1,0.000000,1.000000,0.000000,L,1.000000,1.000000,0.000001,0.000000,0.238978
36,22,00268,overcast,684,1,0.000000,1.000000,0.000000,L,1.000000,1.000000,0.000000,0.000000,0.303691
36,22,00268,overcast,685,1,0.000000,1.000000,0.000000,L,1.000000,1.000000,-0.000000,0.000000,0.987853
36,22,00268,overcast,686,1,0.000000,1.000000,0.000000,L,1.000000,1.000000,-0.000000,0.000000,0.996820
36,22,00268,overcast,687,1,0.000000,1.000000,0.000000,L,1.000000,1.000000,-0.000000,0.000000,0.802841
36,22,00268,overcast,688,1,0.000000,1.000000,0.000000,L,1.000000,1.000000,0.000000,0.000000,0.294888
36,22,00268,overcast,689,1,0.000000,1.000000,0.000000,L,1.000000,1.000000,0.000000,0.000000,0.176530
36,22,00268,overcast,773,1,0.000000,1.000000,0.000000,L,1.000000,1.000000,0.000002,0.000000,0.233534
36,22,00268,overcast,774,1,0.000000,1.000000,0.000000,L,1.000000,1.000000,0.000002,0.000000,0.276111
36,22,00268,overcast,775,1,0.000000,1.000000,0.000000,L,1.000000,1.000000,0.000000,0.000000,0.362252
36,22,00268,overcast,776,1,0.000000,1.000000,0.000000,L,1.000000,1.000000,-0.000000,0.000000,0.583111
36,22,00268,overcast,777,1,0.000000,1.000000,0.000000,L,1.000000,1.000000,0.000000,0.000000,0.301022
36,22,00268,overcast,778,1,0.000000,1.000000,0.000000,L,1.000000,1.000000,0.000000,0.000000,0.242534
36,22,00268,overcast,779,1,0.000000,1.000000,0.000000,L,1.000000,1.000000,0.000000,0.000000,0.138290
36,22,00268,overcast,863,1,0.000000,1.000000,0.000000,L,1.000000,1.000000,0.000003,0.000000,0.207793
36,22,00268,overcast,864,1,0.000000,1.000000,0.000000,L,1.000000,1.000000,0.000004,0.000000,0.206198
36,22,00268,overcast,865,1,0.000000,1.000000,0.000000,L,1.000000,1.000000,0.000003,0.000000,0.226432
36,22,00268,overcast,866,1,0.000000,1.000000,0.000000,L,1.000000,1.000000,0.000002,0.000000,0.233068
36,22,00268,overcast,867,1,0.000000,1.000000,0.000000,L,1.000000,1.000000,0.000000,0.000000,0.218187
36,22,00268,overcast,868,1,0.000000,1.000000,0.000000,L,1.000000,1.000000,0.000000,0.000000,0.179335
36,22,00268,overcast,869,1,0.000000,1.000000,0.000000,L,1.000000,1.000000,0.000000,0.000000,0.094274
36,22,00268,overcast,1120,0,0.000000,1.000000,0.000000,L,1.000000,1.000000,0.000002,0.000000,0.138938
36,22,00268,overcast,50,0,0.000000,1.000000,0.000000,L,1.000000,1.000000,0.000002,0.000000,0.077957
36,22,00268,overcast,560,0,0.000000,1.000000,0.000000,L,1.000000,1.000000,0.000000,0.000000,0.073391
36,22,00268,overcast,648,0,0.000000,1.000000,0.000000,L,1.000000,1.000000,0.000000,0.000000,0.090785
36,22,00268,overcast,782,0,0.000000,1.000000,0.000000,L,1.000000,1.000000,0.000000,0.000000,0.163069
36,22,00268,overcast,563,0,0.000000,1.000000,0.000000,L,1.000000,1.000000,0.000000,0.000000,0.064602
36,22,00268,overcast,1220,0,0.000000,1.000000,0.000000,L,1.000000,1.000000,0.000000,0.000000,0.097420
36,22,00268,overcast,445,0,0.000000,1.000000,0.000000,L,1.000000,1.000000,0.000000,0.000000,0.270013
36,22,00268,overcast,574,0,0.000000,1.000000,0.000000,L,1.000000,1.000000,0.000000,0.000000,0.125305
36,22,00268,overcast,1415,0,0.000000,1.000000,0.000000,L,1.000000,1.000000,0.000000,0.000000,0.171253
36,22,00268,overcast,951,0,0.000000,1.000000,0.000000,L,1.000000,1.000000,0.000001,0.000000,0.087082
36,22,00268,overcast,754,0,0.000000,1.000000,0.000000,L,1.000000,1.000000,0.000000,0.000000,0.121057
36,22,00268,overcast,853,0,0.000000,1.000000,0.000000,L,1.000000,1.000000,0.000001,0.000000,0.125385
36,22,00268,overcast,1212,0,0.000000,1.000000,0.000000,L,1.000000,1.000000,0.000000,0.000000,0.119866
36,22,00268,overcast,381,0,0.000000,1.000000,0.000000,L,1.000000,1.000000,0.000001,0.000000,0.087491
36,22,00268,overcast,77,0,0.000000,1.000000,0.000000,L,1.000000,1.000000,0.000003,0.000000,0.116876
36,22,00268,overcast,518,0,0.000000,1.000000,0.000000,L,1.000000,1.000000,0.000000,0.000000,0.167249
36,22,00268,overcast,582,0,0.000000,1.000000,0.000000,L,1.000000,1.000000,0.000001,0.000000,0.134483
37,22,00285,overcast,594,1,0.000000,1.000000,0.000000,L,1.000000,1.000000,0.000003,0.000000,0.227596
37,22,00285,overcast,595,1,0.000000,0.999999,0.000000,L,0.999999,0.999999,0.000008,0.000001,0.261318
37,22,00285,overcast,596,1,0.000000,1.000000,0.000000,L,1.000000,1.000000,0.000002,0.000000,0.286778
37,22,00285,overcast,597,1,0.000000,1.000000,0.000000,L,1.000000,1.000000,0.000003,0.000000,0.300784
37,22,00285,overcast,598,1,0.000000,1.000000,0.000000,L,1.000000,1.000000,0.000004,0.000000,0.296904
37,22,00285,overcast,599,1,0.000000,1.000000,0.000000,L,1.000000,1.000000,0.000001,0.000000,0.245465
37,22,00285,overcast,600,1,0.000000,1.000000,0.000000,L,1.000000,1.000000,0.000000,0.000000,0.212827
37,22,00285,overcast,601,1,0.000000,1.000000,0.000000,L,1.000000,1.000000,0.000000,0.000000,0.141159
37,22,00285,overcast,684,1,0.000000,1.000000,0.000000,L,1.000000,1.000000,0.000000,0.000000,0.294898
37,22,00285,overcast,685,1,0.000000,1.000000,0.000000,L,1.000000,1.000000,0.000003,0.000000,0.303619
37,22,00285,overcast,686,1,0.000000,1.000000,0.000000,L,1.000000,1.000000,-0.000000,0.000000,0.619921
37,22,00285,overcast,687,1,0.000000,1.000000,0.000000,L,1.000000,1.000000,-0.000000,0.000000,0.829808
37,22,00285,overcast,688,1,0.000000,1.000000,0.000000,L,1.000000,1.000000,-0.000000,0.000000,0.723667
37,22,00285,overcast,689,1,0.000000,1.000000,0.000000,L,1.000000,1.000000,0.000000,0.000000,0.366858
37,22,00285,overcast,690,1,0.000000,1.000000,0.000000,L,1.000000,1.000000,0.000000,0.000000,0.242539
37,22,00285,overcast,691,1,0.000000,1.000000,0.000000,L,1.000000,1.000000,0.000000,0.000000,0.152995
37,22,00285,overcast,774,1,0.000000,1.000000,0.000000,L,1.000000,1.000000,0.000000,0.000000,0.240686
37,22,00285,overcast,775,1,0.000000,1.000000,0.000000,L,1.000000,1.000000,0.000001,0.000000,0.262308
37,22,00285,overcast,776,1,0.000000,1.000000,0.000000,L,1.000000,1.000000,-0.000000,0.000000,0.617352
37,22,00285,overcast,777,1,0.000000,1.000000,0.000000,L,1.000000,1.000000,-0.000000,0.000000,0.805865
37,22,00285,overcast,778,1,0.000000,1.000000,0.000000,L,1.000000,1.000000,-0.000000,0.000000,0.679599
37,22,00285,overcast,779,1,0.000000,1.000000,0.000000,L,1.000000,1.000000,0.000000,0.000000,0.305597
37,22,00285,overcast,780,1,0.000000,1.000000,0.000000,L,1.000000,1.000000,0.000000,0.000000,0.217258
37,22,00285,overcast,781,1,0.000000,1.000000,0.000000,L,1.000000,1.000000,0.000000,0.000000,0.137878
37,22,00285,overcast,864,1,0.000000,1.000000,0.000000,L,1.000000,1.000000,0.000002,0.000000,0.182318
37,22,00285,overcast,865,1,0.000000,0.999999,0.000000,L,0.999999,0.999999,0.000009,0.000001,0.220263
37,22,00285,overcast,866,1,0.000000,1.000000,0.000000,L,1.000000,1.000000,0.000001,0.000000,0.219739
37,22,00285,overcast,867,1,0.000000,1.000000,0.000000,L,1.000000,1.000000,0.000000,0.000000,0.229357
37,22,00285,overcast,868,1,0.000000,1.000000,0.000000,L,1.000000,1.000000,0.000000,0.000000,0.225633
37,22,00285,overcast,869,1,0.000000,1.000000,0.000000,L,1.000000,1.000000,0.000000,0.000000,0.166066
37,22,00285,overcast,870,1,0.000000,1.000000,0.000000,L,1.000000,1.000000,0.000000,0.000000,0.111398
37,22,00285,overcast,871,1,0.000000,1.000000,0.000000,L,1.000000,1.000000,0.000000,0.000000,0.111936
37,22,00285,overcast,365,0,0.000000,1.000000,0.000000,L,1.000000,1.000000,0.000002,0.000000,0.133987
37,22,00285,overcast,655,0,0.000000,1.000000,0.000000,L,1.000000,1.000000,0.000000,0.000000,0.108224
37,22,00285,overcast,344,0,0.000000,1.000000,0.000000,L,1.000000,1.000000,0.000002,0.000000,0.204022
37,22,00285,overcast,160,0,0.000000,1.000000,0.000000,L,1.000000,1.000000,0.000000,0.000000,0.125940
37,22,00285,overcast,505,0,0.000000,1.000000,0.000000,L,1.000000,0.999999,0.000007,0.000001,0.157906
37,22,00285,overcast,708,0,0.000000,1.000000,0.000000,L,1.000000,1.000000,0.000000,0.000000,0.074582
37,22,00285,overcast,1415,0,0.000000,1.000000,0.000000,L,1.000000,1.000000,0.000000,0.000000,0.083660
37,22,00285,overcast,874,0,0.000000,1.000000,0.000000,L,1.000000,1.000000,0.000000,0.000000,0.123777
37,22,00285,overcast,1245,0,0.000000,1.000000,0.000000,L,1.000000,1.000000,0.000001,0.000000,0.200078
37,22,00285,overcast,542,0,0.000000,1.000000,0.000000,L,1.000000,1.000000,0.000000,0.000000,0.134868
37,22,00285,overcast,1139,0,0.000000,1.000000,0.000000,L,1.000000,1.000000,0.000000,0.000000,0.095816
37,22,00285,overcast,698,0,0.000000,1.000000,0.000000,L,1.000000,1.000000,0.000000,0.000000,0.171271
37,22,00285,overcast,157,0,0.000000,1.000000,0.000000,L,1.000000,1.000000,0.000001,0.000000,0.151783
37,22,00285,overcast,218,0,0.000000,1.000000,0.000000,L,1.000000,1.000000,0.000001,0.000000,0.121262
37,22,00285,overcast,113,0,0.000000,1.000000,0.000000,L,1.000000,1.000000,0.000001,0.000000,0.097903
37,22,00285,overcast,163,0,0.000000,1.000000,0.000000,L,1.000000,1.000000,0.000000,0.000000,0.074057
37,22,00285,overcast,917,0,0.000000,1.000000,0.000000,L,1.000000,1.000000,0.000001,0.000000,0.087211
37,22,00285,overcast,569,0,0.000000,1.000000,0.000000,L,1.000000,0.999999,0.000005,0.000000,0.096735
38,22,00451,overcast,688,1,0.000000,1.000000,0.000000,L,1.000000,1.000000,0.000000,0.000000,0.478627
38,22,00451,overcast,1087,1,0.000000,1.000000,0.000000,L,1.000000,1.000000,0.000000,0.000000,0.506083
38,22,00451,overcast,1058,1,0.000000,1.000000,0.000000,L,1.000000,1.000000,0.000000,0.000000,0.224885
38,22,00451,overcast,1177,1,0.000000,1.000000,0.000000,L,1.000000,1.000000,0.000001,0.000000,0.258787
38,22,00451,overcast,1271,1,0.000000,1.000000,0.000000,L,1.000000,1.000000,0.000000,0.000000,0.215078
38,22,00451,overcast,1238,1,0.000000,1.000000,0.000000,L,1.000000,1.000000,0.000000,0.000000,0.186437
38,22,00451,overcast,510,1,0.000000,1.000000,0.000000,L,1.000000,1.000000,0.000003,0.000000,0.123659
38,22,00451,overcast,1149,1,0.000000,1.000000,0.000000,L,1.000000,1.000000,0.000000,0.000000,0.197527
38,22,00451,overcast,967,1,0.000000,1.000000,0.000000,L,1.000000,1.000000,0.000001,0.000000,0.247735
38,22,00451,overcast,599,1,0.000000,1.000000,0.000000,L,1.000000,1.000000,0.000003,0.000000,0.196619
38,22,00451,overcast,504,1,0.000000,1.000000,0.000000,L,1.000000,1.000000,0.000003,0.000000,0.135621
38,22,00451,overcast,1266,1,0.000000,1.000000,0.000000,L,1.000000,1.000000,0.000001,0.000000,0.218051
38,22,00451,overcast,998,1,0.000000,1.000000,0.000000,L,1.000000,1.000000,0.000001,0.000000,0.282453
38,22,00451,overcast,868,1,0.000000,0.999999,0.000000,L,0.999999,0.999999,0.000008,0.000001,0.233656
38,22,00451,overcast,1148,1,0.000000,1.000000,0.000000,L,1.000000,1.000000,0.000000,0.000000,0.234813
38,22,00451,overcast,1086,1,0.000000,1.000000,0.000000,L,1.000000,1.000000,0.000000,0.000000,0.325550
38,22,00451,overcast,1150,1,0.000000,1.000000,0.000000,L,1.000000,1.000000,0.000000,0.000000,0.120463
38,22,00451,overcast,1056,1,0.000000,1.000000,0.000000,L,1.000000,1.000000,-0.000000,0.000000,0.780747
38,22,00451,overcast,1267,1,0.000000,1.000000,0.000000,L,1.000000,1.000000,0.000002,0.000000,0.220773
38,22,00451,overcast,965,1,0.000000,1.000000,0.000000,L,1.000000,1.000000,0.000002,0.000000,0.296566
38,22,00451,overcast,1085,1,0.000000,1.000000,0.000000,L,1.000000,1.000000,0.000000,0.000000,0.264136
38,22,00451,overcast,778,1,0.000000,1.000000,0.000000,L,1.000000,1.000000,0.000000,0.000000,0.299674
38,22,00451,overcast,600,1,0.000000,1.000000,0.000000,L,1.000000,1.000000,0.000000,0.000000,0.100024
38,22,00451,overcast,997,1,0.000000,1.000000,0.000000,L,1.000000,1.000000,0.000000,0.000000,0.281942
38,22,00451,overcast,1147,1,0.000000,1.000000,0.000000,L,1.000000,1.000000,-0.000000,0.000000,0.417164
38,22,00451,overcast,864,1,0.000001,0.999999,0.000000,L,0.999999,0.999998,0.000014,0.000001,0.152289
38,22,00451,overcast,506,1,0.000000,1.000000,0.000000,L,1.000000,1.000000,0.000002,0.000000,0.170231
38,22,00451,overcast,1055,1,0.000000,1.000000,0.000000,L,1.000000,1.000000,-0.000000,0.000000,0.737083
38,22,00451,overcast,1146,1,0.000000,1.000000,0.000000,L,1.000000,1.000000,-0.000000,0.000000,0.784179
38,22,00451,overcast,595,1,0.000000,1.000000,0.000000,L,1.000000,1.000000,0.000001,0.000000,0.238390
38,22,00451,overcast,1088,1,0.000000,1.000000,0.000000,L,1.000000,1.000000,-0.000000,0.000000,0.989207
38,22,00451,overcast,1092,1,0.000000,1.000000,0.000000,L,1.000000,1.000000,0.000000,0.000000,0.223750
38,22,00451,overcast,1233,1,0.000000,1.000000,0.000000,L,1.000000,1.000000,0.000001,0.000000,0.165029
38,22,00451,overcast,689,1,0.000000,1.000000,0.000000,L,1.000000,1.000000,0.000000,0.000000,0.259106
38,22,00451,overcast,505,1,0.000000,1.000000,0.000000,L,1.000000,1.000000,0.000003,0.000000,0.145788
38,22,00451,overcast,963,1,0.000000,1.000000,0.000000,L,1.000000,1.000000,0.000000,0.000000,0.172128
38,22,00451,overcast,983,0,0.000000,1.000000,0.000000,L,1.000000,1.000000,0.000000,0.000000,0.092136
38,22,00451,overcast,863,0,0.000000,1.000000,0.000000,L,1.000000,1.000000,0.000003,0.000000,0.142394
38,22,00451,overcast,1258,0,0.000000,1.000000,0.000000,L,1.000000,1.000000,0.000000,0.000000,0.143310
38,22,00451,overcast,798,0,0.000000,1.000000,0.000000,L,1.000000,1.000000,0.000000,0.000000,0.169267
38,22,00451,overcast,1406,0,0.000000,1.000000,0.000000,L,1.000000,1.000000,0.000000,0.000000,0.139756
38,22,00451,overcast,637,0,0.000001,0.999999,0.000000,L,0.999999,0.999999,0.000010,0.000001,0.128776
38,22,00451,overcast,467,0,0.000000,1.000000,0.000000,L,1.000000,0.999999,0.000004,0.000000,0.104062
38,22,00451,overcast,42,0,0.000000,1.000000,0.000000,L,1.000000,0.999999,0.000005,0.000000,0.104656
38,22,00451,overcast,1040,0,0.000000,1.000000,0.000000,L,1.000000,1.000000,0.000000,0.000000,0.100123
38,22,00451,overcast,512,0,0.000000,1.000000,0.000000,L,1.000000,1.000000,0.000002,0.000000,0.135527
38,22,00451,overcast,1245,0,0.000000,1.000000,0.000000,L,1.000000,1.000000,0.000000,0.000000,0.192164
38,22,00451,overcast,1232,0,0.000000,1.000000,0.000000,L,1.000000,1.000000,0.000001,0.000000,0.121551
38,22,00451,overcast,426,0,0.000000,1.000000,0.000000,L,1.000000,1.000000,0.000000,0.000000,0.199696
38,22,00451,overcast,1370,0,0.000000,1.000000,0.000000,L,1.000000,1.000000,0.000000,0.000000,0.176326
38,22,00451,overcast,1224,0,0.000000,1.000000,0.000000,L,1.000000,1.000000,0.000000,0.000000,0.118346
38,22,00451,overcast,1349,0,0.000000,1.000000,0.000000,L,1.000000,1.000000,0.000000,0.000000,0.135364
38,22,00451,overcast,26,0,0.000000,1.000000,0.000000,L,1.000000,1.000000,0.000000,0.000000,0.160758
38,22,00451,overcast,781,0,0.000000,1.000000,0.000000,L,1.000000,1.000000,0.000000,0.000000,0.081598
39,22,00467,overcast,1005,1,0.000000,1.000000,0.000000,L,1.000000,1.000000,0.000000,0.000000,0.196006
39,22,00467,overcast,1159,1,0.000000,1.000000,0.000000,L,1.000000,1.000000,0.000000,0.000000,0.240606
39,22,00467,overcast,977,1,0.000000,1.000000,0.000000,L,1.000000,1.000000,0.000000,0.000000,0.186583
39,22,00467,overcast,1153,1,0.000000,1.000000,0.000000,L,1.000000,1.000000,-0.000000,0.000000,0.451290
39,22,00467,overcast,1004,1,0.000000,1.000000,0.000000,L,1.000000,1.000000,0.000001,0.000000,0.165335
39,22,00467,overcast,767,1,0.000000,1.000000,0.000000,L,1.000000,1.000000,0.000001,0.000000,0.233211
39,22,00467,overcast,771,1,0.000000,1.000000,0.000000,L,1.000000,1.000000,0.000000,0.000000,0.262183
39,22,00467,overcast,1097,1,0.000000,1.000000,0.000000,L,1.000000,1.000000,-0.000000,0.000000,0.879129
39,22,00467,overcast,861,1,0.000000,1.000000,0.000000,L,1.000000,1.000000,0.000000,0.000000,0.159111
39,22,00467,overcast,1244,1,0.000000,1.000000,0.000000,L,1.000000,1.000000,0.000000,0.000000,0.285112
39,22,00467,overcast,1281,1,0.000000,1.000000,0.000000,L,1.000000,1.000000,0.000000,0.000000,0.165755
39,22,00467,overcast,589,1,0.000000,1.000000,0.000000,L,1.000000,1.000000,0.000000,0.000000,0.514735
39,22,00467,overcast,680,1,0.000000,1.000000,0.000000,L,1.000000,1.000000,-0.000000,0.000000,0.644900
39,22,00467,overcast,859,1,0.000000,1.000000,0.000000,L,1.000000,1.000000,0.000000,0.000000,0.225232
39,22,00467,overcast,1152,1,0.000000,1.000000,0.000000,L,1.000000,1.000000,0.000002,0.000000,0.242707
39,22,00467,overcast,1151,1,0.000000,1.000000,0.000000,L,1.000000,1.000000,0.000000,0.000000,0.206246
39,22,00467,overcast,1248,1,0.000000,1.000000,0.000000,L,1.000000,1.000000,0.000000,0.000000,0.227871
39,22,00467,overcast,971,1,0.000000,1.000000,0.000000,L,1.000000,1.000000,0.000001,0.000000,0.177304
39,22,00467,overcast,979,1,0.000000,1.000000,0.000000,L,1.000000,1.000000,0.000000,0.000000,0.138265
39,22,00467,overcast,1063,1,0.000000,1.000000,0.000000,L,1.000000,1.000000,0.000000,0.000000,0.460258
39,22,00467,overcast,1245,1,0.000000,1.000000,0.000000,L,1.000000,1.000000,0.000000,0.000000,0.250308
39,22,00467,overcast,1247,1,0.000000,1.000000,0.000000,L,1.000000,1.000000,0.000000,0.000000,0.201212
39,22,00467,overcast,1243,1,0.000000,1.000000,0.000000,L,1.000000,1.000000,0.000000,0.000000,0.230328
39,22,00467,overcast,1188,1,0.000000,1.000000,0.000000,L,1.000000,1.000000,-0.000000,0.000000,0.389661
39,22,00467,overcast,973,1,0.000000,1.000000,0.000000,L,1.000000,1.000000,0.000001,0.000000,0.249108
39,22,00467,overcast,682,1,0.000000,1.000000,0.000000,L,1.000000,1.000000,0.000001,0.000000,0.244726
39,22,00467,overcast,1156,1,0.000000,1.000000,0.000000,L,1.000000,1.000000,0.000000,0.000000,0.368267
39,22,00467,overcast,1094,1,0.000000,1.000000,0.000000,L,1.000000,1.000000,0.000000,0.000000,0.207985
39,22,00467,overcast,1099,1,0.000000,1.000000,0.000000,L,1.000000,1.000000,0.000000,0.000000,0.375286
39,22,00467,overcast,1100,1,0.000000,1.000000,0.000000,L,1.000000,1.000000,0.000001,0.000000,0.228068
39,22,00467,overcast,498,1,0.000000,1.000000,0.000000,L,1.000000,1.000000,0.000001,0.000000,0.194159
39,22,00467,overcast,1011,1,0.000000,1.000000,0.000000,L,1.000000,1.000000,0.000000,0.000000,0.151575
39,22,00467,overcast,1185,1,0.000000,1.000000,0.000000,L,1.000000,1.000000,0.000000,0.000000,0.212687
39,22,00467,overcast,1278,1,0.000000,1.000000,0.000000,L,1.000000,1.000000,0.000000,0.000000,0.211282
39,22,00467,overcast,1007,1,0.000000,1.000000,0.000000,L,1.000000,1.000000,0.000003,0.000000,0.230418
39,22,00467,overcast,593,1,0.000000,1.000000,0.000000,L,1.000000,1.000000,0.000004,0.000000,0.196078
39,22,00467,overcast,957,0,0.000000,1.000000,0.000000,L,1.000000,1.000000,0.000001,0.000000,0.131999
39,22,00467,overcast,326,0,0.000000,1.000000,0.000000,L,1.000000,1.000000,0.000000,0.000000,0.112236
39,22,00467,overcast,26,0,0.000000,1.000000,0.000000,L,1.000000,1.000000,0.000000,0.000000,0.177179
39,22,00467,overcast,471,0,0.000000,1.000000,0.000000,L,1.000000,1.000000,0.000003,0.000000,0.103240
39,22,00467,overcast,1291,0,0.000000,1.000000,0.000000,L,1.000000,1.000000,0.000000,0.000000,0.185765
39,22,00467,overcast,991,0,0.000000,1.000000,0.000000,L,1.000000,1.000000,0.000000,0.000000,0.149339
39,22,00467,overcast,136,0,0.000000,1.000000,0.000000,L,1.000000,1.000000,0.000002,0.000000,0.066226
39,22,00467,overcast,1300,0,0.000000,1.000000,0.000000,L,1.000000,1.000000,0.000000,0.000000,0.174117
39,22,00467,overcast,882,0,0.000000,1.000000,0.000000,L,1.000000,1.000000,0.000001,0.000000,0.099697
39,22,00467,overcast,1179,0,0.000000,1.000000,0.000000,L,1.000000,1.000000,0.000001,0.000000,0.151747
39,22,00467,overcast,565,0,0.000000,1.000000,0.000000,L,1.000000,1.000000,0.000002,0.000000,0.100455
39,22,00467,overcast,234,0,0.000000,1.000000,0.000000,L,1.000000,1.000000,0.000001,0.000000,0.135807
39,22,00467,overcast,332,0,0.000000,1.000000,0.000000,L,1.000000,1.000000,0.000000,0.000000,0.142669
39,22,00467,overcast,449,0,0.000000,1.000000,0.000000,L,1.000000,1.000000,0.000000,0.000000,0.118039
39,22,00467,overcast,1202,0,0.000000,1.000000,0.000000,L,1.000000,1.000000,0.000001,0.000000,0.174901
39,22,00467,overcast,1270,0,0.000000,1.000000,0.000000,L,1.000000,1.000000,0.000000,0.000000,0.181695
39,22,00467,overcast,925,0,0.000000,1.000000,0.000000,L,1.000000,1.000000,0.000002,0.000000,0.094527
39,22,00467,overcast,140,0,0.000000,1.000000,0.000000,L,1.000000,0.999999,0.000006,0.000000,0.093558
40,22,00484,overcast,986,1,0.000000,1.000000,0.000000,L,1.000000,1.000000,0.000000,0.000000,0.152939
40,22,00484,overcast,497,1,0.000000,1.000000,0.000000,L,1.000000,1.000000,0.000000,0.000000,0.186201
40,22,00484,overcast,1103,1,0.000000,1.000000,0.000000,L,1.000000,1.000000,0.000001,0.000000,0.222779
40,22,00484,overcast,623,1,0.000000,1.000000,0.000000,L,1.000000,0.999999,0.000006,0.000000,0.101308
40,22,00484,overcast,987,1,0.000000,1.000000,0.000000,L,1.000000,1.000000,0.000001,0.000000,0.216098
40,22,00484,overcast,629,1,0.000000,1.000000,0.000000,L,1.000000,1.000000,0.000000,0.000000,0.154042
40,22,00484,overcast,1073,1,0.000000,1.000000,0.000000,L,1.000000,1.000000,0.000000,0.000000,0.402785
40,22,00484,overcast,494,1,0.000000,1.000000,0.000000,L,1.000000,1.000000,0.000002,0.000000,0.194916
40,22,00484,overcast,1168,1,0.000000,1.000000,0.000000,L,1.000000,1.000000,0.000000,0.000000,0.147348
40,22,00484,overcast,898,1,0.000000,1.000000,0.000000,L,1.000000,1.000000,0.000000,0.000000,0.192912
40,22,00484,overcast,1107,1,0.000000,1.000000,0.000000,L,1.000000,1.000000,-0.000000,0.000000,0.949080
40,22,00484,overcast,856,1,0.000000,1.000000,0.000000,L,1.000000,1.000000,0.000001,0.000000,0.217762
40,22,00484,overcast,1288,1,0.000000,1.000000,0.000000,L,1.000000,1.000000,0.000001,0.000000,0.239275
40,22,00484,overcast,1108,1,0.000000,1.000000,0.000000,L,1.000000,1.000000,-0.000000,0.000000,0.704684
40,22,00484,overcast,1015,1,0.000000,1.000000,0.000000,L,1.000000,1.000000,0.000001,0.000000,0.216787
40,22,00484,overcast,894,1,0.000000,1.000000,0.000000,L,1.000000,1.000000,0.000000,0.000000,0.194191
40,22,00484,overcast,1198,1,0.000000,1.000000,0.000000,L,1.000000,1.000000,-0.000000,0.000000,0.485860
40,22,00484,overcast,1162,1,0.000000,1.000000,0.000000,L,1.000000,1.000000,0.000000,0.000000,0.571480
40,22,00484,overcast,1078,1,0.000000,1.000000,0.000000,L,1.000000,1.000000,0.000000,0.000000,0.130638
40,22,00484,overcast,1252,1,0.000000,1.000000,0.000000,L,1.000000,1.000000,0.000000,0.000000,0.267538
40,22,00484,overcast,1164,1,0.000000,1.000000,0.000000,L,1.000000,1.000000,-0.000000,0.000000,0.739103
40,22,00484,overcast,584,1,0.000000,1.000000,0.000000,L,1.000000,1.000000,-0.000000,0.000000,0.628343
40,22,00484,overcast,582,1,0.000000,1.000000,0.000000,L,1.000000,1.000000,0.000002,0.000000,0.219890
40,22,00484,overcast,491,1,0.000000,1.000000,0.000000,L,1.000000,1.000000,0.000001,0.000000,0.215005
40,22,00484,overcast,1017,1,0.000000,1.000000,0.000000,L,1.000000,1.000000,0.000003,0.000000,0.242164
40,22,00484,overcast,1341,1,0.000000,1.000000,0.000000,L,1.000000,1.000000,0.000001,0.000000,0.178588
40,22,00484,overcast,1109,1,0.000000,1.000000,0.000000,L,1.000000,1.000000,0.000000,0.000000,0.259442
40,22,00484,overcast,1199,1,0.000000,1.000000,0.000000,L,1.000000,1.000000,0.000001,0.000000,0.232173
40,22,00484,overcast,1256,1,0.000000,1.000000,0.000000,L,1.000000,1.000000,0.000000,0.000000,0.155841
40,22,00484,overcast,581,1,0.000000,1.000000,0.000000,L,1.000000,1.000000,0.000000,0.000000,0.229758
40,22,00484,overcast,715,1,0.000000,1.000000,0.000000,L,1.000000,1.000000,0.000000,0.000000,0.217837
40,22,00484,overcast,628,1,0.000000,1.000000,0.000000,L,1.000000,1.000000,0.000000,0.000000,0.146612
40,22,00484,overcast,1285,1,0.000000,1.000000,0.000000,L,1.000000,1.000000,0.000002,0.000000,0.230708
40,22,00484,overcast,1258,1,0.000000,1.000000,0.000000,L,1.000000,1.000000,0.000000,0.000000,0.136544
40,22,00484,overcast,808,1,0.000000,1.000000,0.000000,L,1.000000,1.000000,0.000000,0.000000,0.255805
40,22,00484,overcast,1076,1,0.000000,1.000000,0.000000,L,1.000000,1.000000,0.000001,0.000000,0.152777
40,22,00484,overcast,60,0,0.000000,1.000000,0.000000,L,1.000000,1.000000,0.000001,0.000000,0.078761
40,22,00484,overcast,1417,0,0.000000,1.000000,0.000000,L,1.000000,1.000000,0.000000,0.000000,0.159369
40,22,00484,overcast,593,0,0.000000,1.000000,0.000000,L,1.000000,1.000000,0.000001,0.000000,0.155654
40,22,00484,overcast,722,0,0.000000,1.000000,0.000000,L,1.000000,1.000000,0.000000,0.000000,0.105466
40,22,00484,overcast,79,0,0.000000,1.000000,0.000000,L,1.000000,1.000000,0.000002,0.000000,0.154493
40,22,00484,overcast,280,0,0.000000,1.000000,0.000000,L,1.000000,1.000000,0.000001,0.000000,0.086446
40,22,00484,overcast,823,0,0.000000,1.000000,0.000000,L,1.000000,1.000000,0.000000,0.000000,0.093878
40,22,00484,overcast,405,0,0.000000,1.000000,0.000000,L,1.000000,1.000000,0.000001,0.000000,0.151392
40,22,00484,overcast,1335,0,0.000000,1.000000,0.000000,L,1.000000,1.000000,0.000000,0.000000,0.197729
40,22,00484,overcast,21,0,0.000000,1.000000,0.000000,L,1.000000,1.000000,0.000001,0.000000,0.093749
40,22,00484,overcast,1060,0,0.000000,1.000000,0.000000,L,1.000000,1.000000,0.000000,0.000000,0.141778
40,22,00484,overcast,653,0,0.000000,1.000000,0.000000,L,1.000000,1.000000,0.000000,0.000000,0.072345
40,22,00484,overcast,1183,0,0.000000,1.000000,0.000000,L,1.000000,1.000000,0.000002,0.000000,0.121268
40,22,00484,overcast,228,0,0.000000,1.000000,0.000000,L,1.000000,1.000000,0.000000,0.000000,0.172127
40,22,00484,overcast,1070,0,0.000000,1.000000,0.000000,L,1.000000,1.000000,0.000001,0.000000,0.225269
40,22,00484,overcast,1021,0,0.000000,1.000000,0.000000,L,1.000000,1.000000,0.000000,0.000000,0.139114
40,22,00484,overcast,687,0,0.000000,1.000000,0.000000,L,1.000000,1.000000,0.000000,0.000000,0.111320
40,22,00484,overcast,782,0,0.000000,1.000000,0.000000,L,1.000000,1.000000,0.000000,0.000000,0.176262
41,22,00500,overcast,1295,1,0.000000,1.000000,0.000000,L,1.000000,1.000000,0.000001,0.000000,0.241613
41,22,00500,overcast,890,1,0.000000,1.000000,0.000000,L,1.000000,1.000000,0.000000,0.000000,0.191427
41,22,00500,overcast,984,1,0.000000,1.000000,0.000000,L,1.000000,1.000000,0.000000,0.000000,0.131240
41,22,00500,overcast,1209,1,0.000000,1.000000,0.000000,L,1.000000,1.000000,0.000003,0.000000,0.233686
41,22,00500,overcast,489,1,0.000000,1.000000,0.000000,L,1.000000,1.000000,0.000000,0.000000,0.132676
41,22,00500,overcast,895,1,0.000000,1.000000,0.000000,L,1.000000,1.000000,0.000000,0.000000,0.220606
41,22,00500,overcast,1023,1,0.000000,1.000000,0.000000,L,1.000000,1.000000,0.000001,0.000000,0.176463
41,22,00500,overcast,581,1,0.000000,1.000000,0.000000,L,1.000000,1.000000,0.000000,0.000000,0.384610
41,22,00500,overcast,1210,1,0.000000,1.000000,0.000000,L,1.000000,1.000000,0.000000,0.000000,0.156893
41,22,00500,overcast,715,1,0.000000,1.000000,0.000000,L,1.000000,1.000000,0.000000,0.000000,0.263507
41,22,00500,overcast,1119,1,0.000000,1.000000,0.000000,L,1.000000,1.000000,0.000000,0.000000,0.234319
41,22,00500,overcast,711,1,0.000000,1.000000,0.000000,L,1.000000,0.999999,0.000007,0.000001,0.263176
41,22,00500,overcast,987,1,0.000000,1.000000,0.000000,L,1.000000,1.000000,0.000000,0.000000,0.130152
41,22,00500,overcast,851,1,0.000000,1.000000,0.000000,L,1.000000,1.000000,0.000001,0.000000,0.211623
41,22,00500,overcast,1300,1,0.000000,1.000000,0.000000,L,1.000000,1.000000,0.000000,0.000000,0.174361
41,22,00500,overcast,622,1,0.000000,1.000000,0.000000,L,1.000000,1.000000,0.000003,0.000000,0.254510
41,22,00500,overcast,892,1,0.000000,1.000000,0.000000,L,1.000000,1.000000,0.000000,0.000000,0.159288
41,22,00500,overcast,850,1,0.000000,1.000000,0.000000,L,1.000000,1.000000,0.000001,0.000000,0.200082
41,22,00500,overcast,1115,1,0.000000,1.000000,0.000000,L,1.000000,1.000000,-0.000000,0.000000,0.620891
41,22,00500,overcast,496,1,0.000000,1.000000,0.000000,L,1.000000,1.000000,0.000000,0.000000,0.165436
41,22,00500,overcast,761,1,0.000000,1.000000,0.000000,L,1.000000,1.000000,0.000001,0.000000,0.273179
41,22,00500,overcast,985,1,0.000000,1.000000,0.000000,L,1.000000,1.000000,0.000000,0.000000,0.153517
41,22,00500,overcast,712,1,0.000000,1.000000,0.000000,L,1.000000,1.000000,0.000000,0.000000,0.384606
41,22,00500,overcast,1298,1,0.000000,1.000000,0.000000,L,1.000000,1.000000,0.000000,0.000000,0.240739
41,22,00500,overcast,804,1,0.000000,1.000000,0.000000,L,1.000000,1.000000,-0.000000,0.000000,0.519443
41,22,00500,overcast,580,1,0.000000,1.000000,0.000000,L,1.000000,1.000000,0.000000,0.000000,0.237043
41,22,00500,overcast,802,1,0.000000,1.000000,0.000000,L,1.000000,1.000000,-0.000000,0.000000,0.404173
41,22,00500,overcast,854,1,0.000000,1.000000,0.000000,L,1.000000,1.000000,0.000003,0.000000,0.202130
41,22,00500,overcast,1207,1,0.000000,1.000000,0.000000,L,1.000000,1.000000,-0.000000,0.000000,0.654128
41,22,00500,overcast,1120,1,0.000000,1.000000,0.000000,L,1.000000,1.000000,0.000000,0.000000,0.193669
41,22,00500,overcast,1024,1,0.000000,1.000000,0.000000,L,1.000000,1.000000,0.000002,0.000000,0.187960
41,22,00500,overcast,675,1,0.000000,1.000000,0.000000,L,1.000000,1.000000,0.000000,0.000000,0.253126
41,22,00500,overcast,852,1,0.000000,1.000000,0.000000,L,1.000000,1.000000,0.000001,0.000000,0.219626
41,22,00500,overcast,894,1,0.000000,1.000000,0.000000,L,1.000000,1.000000,0.000000,0.000000,0.189160
41,22,00500,overcast,849,1,0.000000,1.000000,0.000000,L,1.000000,1.000000,0.000000,0.000000,0.187119
41,22,00500,overcast,1208,1,0.000000,1.000000,0.000000,L,1.000000,1.000000,0.000000,0.000000,0.271609
41,22,00500,overcast,438,0,0.000000,1.000000,0.000000,L,1.000000,1.000000,0.000000,0.000000,0.074388
41,22,00500,overcast,461,0,0.000000,1.000000,0.000000,L,1.000000,1.000000,0.000000,0.000000,0.109075
41,22,00500,overcast,50,0,0.000000,1.000000,0.000000,L,1.000000,1.000000,0.000002,0.000000,0.062941
41,22,00500,overcast,1352,0,0.000000,1.000000,0.000000,L,1.000000,1.000000,0.000001,0.000000,0.207677
41,22,00500,overcast,1097,0,0.000000,1.000000,0.000000,L,1.000000,1.000000,0.000001,0.000000,0.115344
41,22,00500,overcast,903,0,0.000000,1.000000,0.000000,L,1.000000,1.000000,0.000000,0.000000,0.081317
41,22,00500,overcast,885,0,0.000000,1.000000,0.000000,L,1.000000,1.000000,0.000000,0.000000,0.072159
41,22,00500,overcast,245,0,0.000000,1.000000,0.000000,L,1.000000,1.000000,0.000000,0.000000,0.110187
41,22,00500,overcast,54,0,0.000000,1.000000,0.000000,L,1.000000,1.000000,0.000001,0.000000,0.082250
41,22,00500,overcast,867,0,0.000000,1.000000,0.000000,L,1.000000,1.000000,0.000000,0.000000,0.102376
41,22,00500,overcast,1372,0,0.000000,1.000000,0.000000,L,1.000000,1.000000,0.000000,0.000000,0.139930
41,22,00500,overcast,837,0,0.000000,1.000000,0.000000,L,1.000000,1.000000,0.000000,0.000000,0.084943
41,22,00500,overcast,1134,0,0.000000,1.000000,0.000000,L,1.000000,1.000000,0.000000,0.000000,0.158238
41,22,00500,overcast,170,0,0.000000,1.000000,0.000000,L,1.000000,1.000000,0.000000,0.000000,0.072939
41,22,00500,overcast,900,0,0.000000,1.000000,0.000000,L,1.000000,1.000000,0.000000,0.000000,0.056239
41,22,00500,overcast,756,0,0.000000,1.000000,0.000000,L,1.000000,1.000000,0.000002,0.000000,0.099243
41,22,00500,overcast,1193,0,0.000000,1.000000,0.000000,L,1.000000,1.000000,0.000002,0.000000,0.119925
41,22,00500,overcast,972,0,0.000000,1.000000,0.000000,L,1.000000,1.000000,0.000000,0.000000,0.092649
42,22,00517,overcast,709,1,0.000000,1.000000,0.000000,L,1.000000,1.000000,0.000001,0.000000,0.195937
42,22,00517,overcast,493,1,0.000000,1.000000,0.000000,L,1.000000,1.000000,0.000001,0.000000,0.188653
42,22,00517,overcast,1126,1,0.000000,1.000000,0.000000,L,1.000000,1.000000,-0.000000,0.000000,0.806244
42,22,00517,overcast,1216,1,0.000000,1.000000,0.000000,L,1.000000,1.000000,-0.000000,0.000000,0.687994
42,22,00517,overcast,852,1,0.000000,1.000000,0.000000,L,1.000000,1.000000,0.000002,0.000000,0.198424
42,22,00517,overcast,581,1,0.000000,1.000000,0.000000,L,1.000000,1.000000,-0.000000,0.000000,0.716510
42,22,00517,overcast,672,1,0.000000,1.000000,0.000000,L,1.000000,1.000000,-0.000000,0.000000,0.661876
42,22,00517,overcast,491,1,0.000000,1.000000,0.000000,L,1.000000,1.000000,0.000002,0.000000,0.213605
42,22,00517,overcast,850,1,0.000000,1.000000,0.000000,L,1.000000,1.000000,0.000002,0.000000,0.199236
42,22,00517,overcast,619,1,0.000000,1.000000,0.000000,L,1.000000,1.000000,0.000002,0.000000,0.154383
42,22,00517,overcast,674,1,0.000000,1.000000,0.000000,L,1.000000,1.000000,0.000000,0.000000,0.166630
42,22,00517,overcast,849,1,0.000000,1.000000,0.000000,L,1.000000,0.999999,0.000006,0.000001,0.219696
42,22,00517,overcast,804,1,0.000000,1.000000,0.000000,L,1.000000,1.000000,0.000000,0.000000,0.185323
42,22,00517,overcast,492,1,0.000000,1.000000,0.000000,L,1.000000,1.000000,0.000004,0.000000,0.195561
42,22,00517,overcast,893,1,0.000000,1.000000,0.000000,L,1.000000,1.000000,0.000000,0.000000,0.181990
42,22,00517,overcast,762,1,0.000000,1.000000,0.000000,L,1.000000,1.000000,0.000002,0.000000,0.242310
42,22,00517,overcast,1124,1,0.000000,1.000000,0.000000,L,1.000000,1.000000,0.000001,0.000000,0.229852
42,22,00517,overcast,1214,1,0.000000,1.000000,0.000000,L,1.000000,1.000000,0.000001,0.000000,0.224324
42,22,00517,overcast,1127,1,0.000000,1.000000,0.000000,L,1.000000,1.000000,-0.000000,0.000000,0.818332
42,22,00517,overcast,1038,1,0.000000,0.999999,0.000001,L,0.999999,0.999998,0.000016,0.000002,0.233924
42,22,00517,overcast,854,1,0.000000,1.000000,0.000000,L,1.000000,1.000000,0.000000,0.000000,0.123848
42,22,00517,overcast,890,1,0.000000,1.000000,0.000000,L,1.000000,1.000000,0.000000,0.000000,0.173570
42,22,00517,overcast,1125,1,0.000000,1.000000,0.000000,L,1.000000,1.000000,-0.000000,0.000000,0.609065
42,22,00517,overcast,892,1,0.000000,1.000000,0.000000,L,1.000000,1.000000,0.000000,0.000000,0.174020
42,22,00517,overcast,799,1,0.000000,1.000000,0.000000,L,1.000000,1.000000,0.000000,0.000000,0.214396
42,22,00517,overcast,758,1,0.000000,1.000000,0.000000,L,1.000000,1.000000,0.000000,0.000000,0.205826
42,22,00517,overcast,583,1,0.000000,1.000000,0.000000,L,1.000000,1.000000,0.000002,0.000000,0.246953
42,22,00517,overcast,582,1,0.000000,1.000000,0.000000,L,1.000000,1.000000,-0.000000,0.000000,0.531542
42,22,00517,overcast,1306,1,0.000000,1.000000,0.000000,L,1.000000,1.000000,0.000000,0.000000,0.286704
42,22,00517,overcast,1218,1,0.000000,1.000000,0.000000,L,1.000000,1.000000,0.000000,0.000000,0.343544
42,22,00517,overcast,802,1,0.000000,1.000000,0.000000,L,1.000000,1.000000,-0.000000,0.000000,0.455175
42,22,00517,overcast,761,1,0.000000,1.000000,0.000000,L,1.000000,1.000000,0.000001,0.000000,0.263865
42,22,00517,overcast,1035,1,0.000000,1.000000,0.000000,L,1.000000,1.000000,0.000002,0.000000,0.202179
42,22,00517,overcast,764,1,0.000000,1.000000,0.000000,L,1.000000,1.000000,0.000000,0.000000,0.144807
42,22,00517,overcast,668,1,0.000000,1.000000,0.000000,L,1.000000,1.000000,0.000000,0.000000,0.228197
42,22,00517,overcast,798,1,0.000000,1.000000,0.000000,L,1.000000,1.000000,0.000000,0.000000,0.230323
42,22,00517,overcast,378,0,0.000000,1.000000,0.000000,L,1.000000,1.000000,0.000001,0.000000,0.099834
42,22,00517,overcast,999,0,0.000000,1.000000,0.000000,L,1.000000,1.000000,0.000000,0.000000,0.093688
42,22,00517,overcast,677,0,0.000000,1.000000,0.000000,L,1.000000,1.000000,0.000000,0.000000,0.095385
42,22,00517,overcast,692,0,0.000000,1.000000,0.000000,L,1.000000,1.000000,0.000000,0.000000,0.125665
42,22,00517,overcast,645,0,0.000000,1.000000,0.000000,L,1.000000,1.000000,0.000001,0.000000,0.094572
42,22,00517,overcast,1191,0,0.000000,1.000000,0.000000,L,1.000000,1.000000,0.000002,0.000000,0.121521
42,22,00517,overcast,941,0,0.000000,1.000000,0.000000,L,1.000000,1.000000,0.000002,0.000000,0.155348
42,22,00517,overcast,588,0,0.000000,1.000000,0.000000,L,1.000000,1.000000,0.000001,0.000000,0.082370
42,22,00517,overcast,150,0,0.000000,1.000000,0.000000,L,1.000000,1.000000,0.000001,0.000000,0.158758
42,22,00517,overcast,382,0,0.000000,1.000000,0.000000,L,1.000000,1.000000,0.000000,0.000000,0.092372
42,22,00517,overcast,39,0,0.000000,1.000000,0.000000,L,1.000000,1.000000,0.000001,0.000000,0.094344
42,22,00517,overcast,1023,0,0.000001,0.999999,0.000000,L,0.999999,0.999999,0.000009,0.000001,0.112993
42,22,00517,overcast,989,0,0.000000,1.000000,0.000000,L,1.000000,1.000000,0.000000,0.000000,0.131356
42,22,00517,overcast,389,0,0.000000,1.000000,0.000000,L,1.000000,1.000000,0.000002,0.000000,0.102356
42,22,00517,overcast,402,0,0.000000,1.000000,0.000000,L,1.000000,1.000000,0.000001,0.000000,0.149088
42,22,00517,overcast,827,0,0.000000,1.000000,0.000000,L,1.000000,1.000000,0.000000,0.000000,0.094869
42,22,00517,overcast,598,0,0.000000,1.000000,0.000000,L,1.000000,1.000000,0.000001,0.000000,0.105214
42,22,00517,overcast,108,0,0.000000,1.000000,0.000000,L,1.000000,1.000000,0.000001,0.000000,0.123210
43,22,00534,overcast,888,1,0.000000,1.000000,0.000000,L,1.000000,1.000000,0.000000,0.000000,0.291268
43,22,00534,overcast,581,1,0.000000,1.000000,0.000000,L,1.000000,1.000000,-0.000000,0.000000,0.681753
43,22,00534,overcast,1050,1,0.000000,1.000000,0.000000,L,1.000000,1.000000,0.000000,0.000000,0.122735
43,22,00534,overcast,669,1,0.000000,1.000000,0.000000,L,1.000000,1.000000,-0.000000,0.000000,0.552252
43,22,00534,overcast,763,1,0.000000,1.000000,0.000000,L,1.000000,1.000000,0.000001,0.000000,0.238324
43,22,00534,overcast,1225,1,0.000000,1.000000,0.000000,L,1.000000,1.000000,0.000000,0.000000,0.356485
43,22,00534,overcast,890,1,0.000000,1.000000,0.000000,L,1.000000,1.000000,0.000000,0.000000,0.276006
43,22,00534,overcast,1138,1,0.000000,1.000000,0.000000,L,1.000000,1.000000,0.000000,0.000000,0.259391
43,22,00534,overcast,670,1,0.000000,1.000000,0.000000,L,1.000000,1.000000,-0.000000,0.000000,0.966793
43,22,00534,overcast,580,1,0.000000,1.000000,0.000000,L,1.000000,1.000000,-0.000000,0.000000,0.624013
43,22,00534,overcast,710,1,0.000000,1.000000,0.000000,L,1.000000,1.000000,-0.000000,0.000000,0.457966
43,22,00534,overcast,762,1,0.000000,1.000000,0.000000,L,1.000000,1.000000,0.000000,0.000000,0.241527
43,22,00534,overcast,617,1,0.000000,1.000000,0.000000,L,1.000000,1.000000,0.000000,0.000000,0.189049
43,22,00534,overcast,1317,1,0.000000,1.000000,0.000000,L,1.000000,1.000000,0.000000,0.000000,0.234415
43,22,00534,overcast,798,1,0.000000,1.000000,0.000000,L,1.000000,1.000000,-0.000000,0.000000,0.694360
43,22,00534,overcast,584,1,0.000000,1.000000,0.000000,L,1.000000,1.000000,0.000000,0.000000,0.186160
43,22,00534,overcast,618,1,0.000000,1.000000,0.000000,L,1.000000,1.000000,0.000000,0.000000,0.230612
43,22,00534,overcast,619,1,0.000000,1.000000,0.000000,L,1.000000,1.000000,0.000000,0.000000,0.221102
43,22,00534,overcast,1318,1,0.000000,1.000000,0.000000,L,1.000000,1.000000,0.000000,0.000000,0.199263
43,22,00534,overcast,1046,1,0.000000,1.000000,0.000000,L,1.000000,1.000000,0.000000,0.000000,0.275206
43,22,00534,overcast,616,1,0.000000,1.000000,0.000000,L,1.000000,1.000000,0.000001,0.000000,0.181292
43,22,00534,overcast,854,1,0.000000,1.000000,0.000000,L,1.000000,1.000000,0.000000,0.000000,0.175231
43,22,00534,overcast,674,1,0.000000,1.000000,0.000000,L,1.000000,1.000000,0.000001,0.000000,0.214542
43,22,00534,overcast,672,1,0.000000,1.000000,0.000000,L,1.000000,1.000000,-0.000000,0.000000,0.629428
43,22,00534,overcast,673,1,0.000000,1.000000,0.000000,L,1.000000,1.000000,0.000000,0.000000,0.249796
43,22,00534,overcast,583,1,0.000000,1.000000,0.000000,L,1.000000,1.000000,0.000000,0.000000,0.245943
43,22,00534,overcast,493,1,0.000000,1.000000,0.000000,L,1.000000,1.000000,0.000000,0.000000,0.178790
43,22,00534,overcast,491,1,0.000000,1.000000,0.000000,L,1.000000,1.000000,0.000004,0.000000,0.222000
43,22,00534,overcast,668,1,0.000000,1.000000,0.000000,L,1.000000,1.000000,0.000000,0.000000,0.259106
43,22,00534,overcast,800,1,0.000000,1.000000,0.000000,L,1.000000,1.000000,0.000000,0.000000,0.376699
43,22,00534,overcast,1314,1,0.000000,1.000000,0.000000,L,1.000000,1.000000,0.000001,0.000000,0.247831
43,22,00534,overcast,582,1,0.000000,1.000000,0.000000,L,1.000000,1.000000,0.000000,0.000000,0.356273
43,22,00534,overcast,1043,1,0.000000,1.000000,0.000000,L,1.000000,1.000000,0.000001,0.000000,0.229672
43,22,00534,overcast,488,1,0.000000,1.000000,0.000000,L,1.000000,1.000000,0.000003,0.000000,0.181597
43,22,00534,overcast,1228,1,0.000000,1.000000,0.000000,L,1.000000,1.000000,0.000000,0.000000,0.242619
43,22,00534,overcast,889,1,0.000000,1.000000,0.000000,L,1.000000,1.000000,0.000000,0.000000,0.297441
43,22,00534,overcast,133,0,0.000000,1.000000,0.000000,L,1.000000,1.000000,0.000002,0.000000,0.129453
43,22,00534,overcast,1084,0,0.000000,1.000000,0.000000,L,1.000000,1.000000,0.000001,0.000000,0.102523
43,22,00534,overcast,1200,0,0.000000,1.000000,0.000000,L,1.000000,1.000000,0.000000,0.000000,0.115626
43,22,00534,overcast,56,0,0.000000,1.000000,0.000000,L,1.000000,1.000000,0.000001,0.000000,0.104201
43,22,00534,overcast,942,0,0.000000,1.000000,0.000000,L,1.000000,1.000000,0.000001,0.000000,0.139234
43,22,00534,overcast,464,0,0.000000,1.000000,0.000000,L,1.000000,1.000000,0.000000,0.000000,0.099983
43,22,00534,overcast,330,0,0.000000,1.000000,0.000000,L,1.000000,1.000000,0.000000,0.000000,0.125492
43,22,00534,overcast,479,0,0.000000,1.000000,0.000000,L,1.000000,1.000000,0.000000,0.000000,0.099143
43,22,00534,overcast,1273,0,0.000000,1.000000,0.000000,L,1.000000,1.000000,0.000000,0.000000,0.181048
43,22,00534,overcast,1079,0,0.000000,1.000000,0.000000,L,1.000000,1.000000,0.000000,0.000000,0.070100
43,22,00534,overcast,507,0,0.000000,1.000000,0.000000,L,1.000000,1.000000,0.000000,0.000000,0.085074
43,22,00534,overcast,142,0,0.000000,1.000000,0.000000,L,1.000000,1.000000,0.000001,0.000000,0.336636
43,22,00534,overcast,397,0,0.000000,1.000000,0.000000,L,1.000000,1.000000,0.000003,0.000000,0.103476
43,22,00534,overcast,77,0,0.000000,1.000000,0.000000,L,1.000000,1.000000,0.000002,0.000000,0.073966
43,22,00534,overcast,129,0,0.000000,1.000000,0.000000,L,1.000000,0.999999,0.000006,0.000000,0.110661
43,22,00534,overcast,417,0,0.000000,1.000000,0.000000,L,1.000000,1.000000,0.000000,0.000000,0.086336
43,22,00534,overcast,823,0,0.000000,1.000000,0.000000,L,1.000000,1.000000,0.000001,0.000000,0.098380
43,22,00534,overcast,547,0,0.000000,1.000000,0.000000,L,1.000000,1.000000,0.000001,0.000000,0.098852
44,22,00550,overcast,620,1,0.000000,1.000000,0.000000,L,1.000000,1.000000,0.000000,0.000000,0.100858
44,22,00550,overcast,616,1,0.000000,1.000000,0.000000,L,1.000000,1.000000,0.000000,0.000000,0.483703
44,22,00550,overcast,666,1,0.000000,1.000000,0.000000,L,1.000000,1.000000,0.000000,0.000000,0.266892
44,22,00550,overcast,581,1,0.000000,1.000000,0.000000,L,1.000000,1.000000,0.000000,0.000000,0.227897
44,22,00550,overcast,1235,1,0.000000,1.000000,0.000000,L,1.000000,1.000000,0.000000,0.000000,0.229890
44,22,00550,overcast,1323,1,0.000000,1.000000,0.000000,L,1.000000,1.000000,0.000000,0.000000,0.171659
44,22,00550,overcast,798,1,0.000000,1.000000,0.000000,L,1.000000,1.000000,0.000000,0.000000,0.244217
44,22,00550,overcast,529,1,0.000000,1.000000,0.000000,L,1.000000,1.000000,0.000000,0.000000,0.103723
44,22,00550,overcast,1238,1,0.000000,1.000000,0.000000,L,1.000000,1.000000,0.000000,0.000000,0.182493
44,22,00550,overcast,762,1,0.000000,1.000000,0.000000,L,1.000000,1.000000,0.000000,0.000000,0.197212
44,22,00550,overcast,525,1,0.000000,1.000000,0.000000,L,1.000000,1.000000,0.000000,0.000000,0.129339
44,22,00550,overcast,1324,1,0.000000,1.000000,0.000000,L,1.000000,1.000000,0.000000,0.000000,0.169330
44,22,00550,overcast,799,1,0.000000,1.000000,0.000000,L,1.000000,1.000000,0.000000,0.000000,0.190235
44,22,00550,overcast,967,1,0.000000,1.000000,0.000000,L,1.000000,1.000000,0.000001,0.000000,0.199286
44,22,00550,overcast,615,1,0.000000,1.000000,0.000000,L,1.000000,1.000000,0.000000,0.000000,0.418347
44,22,00550,overcast,848,1,0.000000,1.000000,0.000000,L,1.000000,1.000000,0.000002,0.000000,0.211925
44,22,00550,overcast,1236,1,0.000000,1.000000,0.000000,L,1.000000,1.000000,0.000000,0.000000,0.236714
44,22,00550,overcast,1055,1,0.000000,1.000000,0.000000,L,1.000000,1.000000,0.000000,0.000000,0.506227
44,22,00550,overcast,1326,1,0.000000,1.000000,0.000000,L,1.000000,1.000000,0.000000,0.000000,0.158300
44,22,00550,overcast,1053,1,0.000000,1.000000,0.000000,L,1.000000,1.000000,0.000001,0.000000,0.212591
44,22,00550,overcast,800,1,0.000000,1.000000,0.000000,L,1.000000,1.000000,0.000000,0.000000,0.112698
44,22,00550,overcast,1054,1,0.000000,1.000000,0.000000,L,1.000000,1.000000,0.000000,0.000000,0.253318
44,22,00550,overcast,885,1,0.000000,1.000000,0.000000,L,1.000000,1.000000,0.000000,0.000000,0.163049
44,22,00550,overcast,708,1,0.000000,1.000000,0.000000,L,1.000000,1.000000,0.000000,0.000000,0.282109
44,22,00550,overcast,669,1,0.000000,1.000000,0.000000,L,1.000000,1.000000,-0.000000,0.000000,0.974728
44,22,00550,overcast,486,1,0.000000,1.000000,0.000000,L,1.000000,1.000000,0.000000,0.000000,0.198347
44,22,00550,overcast,795,1,0.000000,1.000000,0.000000,L,1.000000,1.000000,0.000000,0.000000,0.345241
44,22,00550,overcast,580,1,0.000000,1.000000,0.000000,L,1.000000,1.000000,-0.000000,0.000000,0.543362
44,22,00550,overcast,706,1,0.000000,1.000000,0.000000,L,1.000000,1.000000,-0.000000,0.000000,0.891039
44,22,00550,overcast,703,1,0.000000,1.000000,0.000000,L,1.000000,1.000000,0.000000,0.000000,0.245206
44,22,00550,overcast,1059,1,0.000000,1.000000,0.000000,L,1.000000,1.000000,0.000000,0.000000,0.136983
44,22,00550,overcast,883,1,0.000000,1.000000,0.000000,L,1.000000,1.000000,0.000000,0.000000,0.129249
44,22,00550,overcast,793,1,0.000000,1.000000,0.000000,L,1.000000,1.000000,0.000000,0.000000,0.180008
44,22,00550,overcast,797,1,0.000000,1.000000,0.000000,L,1.000000,1.000000,0.000000,0.000000,0.416930
44,22,00550,overcast,577,1,0.000000,1.000000,0.000000,L,1.000000,1.000000,0.000000,0.000000,0.273224
44,22,00550,overcast,487,1,0.000000,1.000000,0.000000,L,1.000000,1.000000,0.000001,0.000000,0.191001
44,22,00550,overcast,1428,0,0.000000,1.000000,0.000000,L,1.000000,1.000000,0.000000,0.000000,0.095247
44,22,00550,overcast,1335,0,0.000000,1.000000,0.000000,L,1.000000,1.000000,0.000000,0.000000,0.243550
44,22,00550,overcast,475,0,0.000000,1.000000,0.000000,L,1.000000,1.000000,0.000000,0.000000,0.087080
44,22,00550,overcast,1374,0,0.000000,1.000000,0.000000,L,1.000000,1.000000,0.000000,0.000000,0.157515
44,22,00550,overcast,429,0,0.000000,1.000000,0.000000,L,1.000000,1.000000,0.000000,0.000000,0.102744
44,22,00550,overcast,1394,0,0.000000,1.000000,0.000000,L,1.000000,1.000000,0.000000,0.000000,0.161273
44,22,00550,overcast,1278,0,0.000000,1.000000,0.000000,L,1.000000,1.000000,0.000000,0.000000,0.188340
44,22,00550,overcast,127,0,0.000000,1.000000,0.000000,L,1.000000,1.000000,0.000002,0.000000,0.114395
44,22,00550,overcast,506,0,0.000000,1.000000,0.000000,L,1.000000,1.000000,0.000001,0.000000,0.127405
44,22,00550,overcast,1410,0,0.000000,1.000000,0.000000,L,1.000000,1.000000,0.000000,0.000000,0.110815
44,22,00550,overcast,1083,0,0.000000,1.000000,0.000000,L,1.000000,1.000000,0.000002,0.000000,0.090583
44,22,00550,overcast,1251,0,0.000000,1.000000,0.000000,L,1.000000,1.000000,0.000000,0.000000,0.111076
44,22,00550,overcast,438,0,0.000000,1.000000,0.000000,L,1.000000,1.000000,0.000000,0.000000,0.143705
44,22,00550,overcast,649,0,0.000000,1.000000,0.000000,L,1.000000,1.000000,0.000000,0.000000,0.082804
44,22,00550,overcast,1188,0,0.000000,1.000000,0.000000,L,1.000000,1.000000,0.000001,0.000000,0.123558
44,22,00550,overcast,47,0,0.000000,1.000000,0.000000,L,1.000000,1.000000,0.000001,0.000000,0.166693
44,22,00550,overcast,828,0,0.000000,1.000000,0.000000,L,1.000000,1.000000,0.000001,0.000000,0.125581
44,22,00550,overcast,1018,0,0.000000,1.000000,0.000000,L,1.000000,0.999999,0.000006,0.000000,0.169094
45,22,00567,overcast,1152,1,0.000000,1.000000,0.000000,L,1.000000,1.000000,0.000000,0.000000,0.358096
45,22,00567,overcast,1246,1,0.000000,1.000000,0.000000,L,1.000000,1.000000,0.000001,0.000000,0.229714
45,22,00567,overcast,488,1,0.000000,1.000000,0.000000,L,1.000000,1.000000,0.000001,0.000000,0.191505
45,22,00567,overcast,1336,1,0.000000,1.000000,0.000000,L,1.000000,1.000000,0.000000,0.000000,0.172591
45,22,00567,overcast,611,1,0.000000,1.000000,0.000000,L,1.000000,1.000000,0.000001,0.000000,0.134417
45,22,00567,overcast,845,1,0.000000,1.000000,0.000000,L,1.000000,0.999999,0.000006,0.000001,0.220652
45,22,00567,overcast,885,1,0.000000,1.000000,0.000000,L,1.000000,1.000000,0.000000,0.000000,0.159863
45,22,00567,overcast,521,1,0.000000,1.000000,0.000000,L,1.000000,0.999999,0.000006,0.000000,0.075481
45,22,00567,overcast,1065,1,0.000000,1.000000,0.000000,L,1.000000,1.000000,0.000000,0.000000,0.335492
45,22,00567,overcast,1153,1,0.000000,1.000000,0.000000,L,1.000000,1.000000,-0.000000,0.000000,0.749328
45,22,00567,overcast,977,1,0.000000,1.000000,0.000000,L,1.000000,1.000000,0.000000,0.000000,0.096174
45,22,00567,overcast,972,1,0.000000,1.000000,0.000000,L,1.000000,1.000000,0.000001,0.000000,0.221423
45,22,00567,overcast,978,1,0.000000,1.000000,0.000000,L,1.000000,1.000000,0.000000,0.000000,0.113973
45,22,00567,overcast,526,1,0.000000,1.000000,0.000000,L,1.000000,1.000000,0.000000,0.000000,0.098227
45,22,00567,overcast,669,1,0.000000,1.000000,0.000000,L,1.000000,1.000000,0.000000,0.000000,0.303707
45,22,00567,overcast,974,1,0.000000,1.000000,0.000000,L,1.000000,1.000000,0.000000,0.000000,0.287077
45,22,00567,overcast,578,1,0.000000,1.000000,0.000000,L,1.000000,1.000000,0.000000,0.000000,0.327917
45,22,00567,overcast,883,1,0.000000,1.000000,0.000000,L,1.000000,1.000000,0.000000,0.000000,0.201182
45,22,00567,overcast,1244,1,0.000000,1.000000,0.000000,L,1.000000,1.000000,0.000000,0.000000,0.247473
45,22,00567,overcast,1158,1,0.000000,1.000000,0.000000,L,1.000000,1.000000,0.000000,0.000000,0.141799
45,22,00567,overcast,791,1,0.000000,1.000000,0.000000,L,1.000000,1.000000,0.000000,0.000000,0.188464
45,22,00567,overcast,666,1,0.000000,1.000000,0.000000,L,1.000000,1.000000,-0.000000,0.000000,0.993431
45,22,00567,overcast,615,1,0.000000,1.000000,0.000000,L,1.000000,1.000000,0.000000,0.000000,0.153660
45,22,00567,overcast,794,1,0.000000,1.000000,0.000000,L,1.000000,1.000000,0.000000,0.000000,0.238694
45,22,00567,overcast,612,1,0.000000,1.000000,0.000000,L,1.000000,1.000000,-0.000000,0.000000,0.266826
45,22,00567,overcast,759,1,0.000000,1.000000,0.000000,L,1.000000,1.000000,0.000001,0.000000,0.236904
45,22,00567,overcast,971,1,0.000000,1.000000,0.000000,L,1.000000,1.000000,0.000002,0.000000,0.155758
45,22,00567,overcast,1154,1,0.000000,1.000000,0.000000,L,1.000000,1.000000,-0.000000,0.000000,0.768887
45,22,00567,overcast,1247,1,0.000000,1.000000,0.000000,L,1.000000,1.000000,0.000000,0.000000,0.109226
45,22,00567,overcast,579,1,0.000000,1.000000,0.000000,L,1.000000,1.000000,0.000000,0.000000,0.266967
45,22,00567,overcast,664,1,0.000000,1.000000,0.000000,L,1.000000,1.000000,0.000000,0.000000,0.285876
45,22,00567,overcast,525,1,0.000000,1.000000,0.000000,L,1.000000,1.000000,0.000000,0.000000,0.111178
45,22,00567,overcast,758,1,0.000000,1.000000,0.000000,L,1.000000,1.000000,0.000001,0.000000,0.246897
45,22,00567,overcast,1338,1,0.000000,1.000000,0.000000,L,1.000000,1.000000,0.000000,0.000000,0.105019
45,22,00567,overcast,520,1,0.000001,0.999999,0.000000,L,0.999999,0.999999,0.000009,0.000001,0.076370
45,22,00567,overcast,701,1,0.000000,1.000000,0.000000,L,1.000000,1.000000,0.000000,0.000000,0.240946
45,22,00567,overcast,11,0,0.000000,1.000000,0.000000,L,1.000000,1.000000,0.000001,0.000000,0.097549
45,22,00567,overcast,517,0,0.000000,1.000000,0.000000,L,1.000000,1.000000,0.000000,0.000000,0.099309
45,22,00567,overcast,764,0,0.000000,1.000000,0.000000,L,1.000000,1.000000,0.000000,0.000000,0.104987
45,22,00567,overcast,927,0,0.000000,1.000000,0.000000,L,1.000000,1.000000,0.000000,0.000000,0.084156
45,22,00567,overcast,406,0,0.000000,1.000000,0.000000,L,1.000000,1.000000,0.000000,0.000000,0.117587
45,22,00567,overcast,1083,0,0.000000,1.000000,0.000000,L,1.000000,1.000000,0.000001,0.000000,0.109083
45,22,00567,overcast,1208,0,0.000000,1.000000,0.000000,L,1.000000,1.000000,0.000001,0.000000,0.118059
45,22,00567,overcast,59,0,0.000000,1.000000,0.000000,L,1.000000,1.000000,0.000002,0.000000,0.045533
45,22,00567,overcast,980,0,0.000000,1.000000,0.000000,L,1.000000,1.000000,0.000000,0.000000,0.104555
45,22,00567,overcast,1343,0,0.000000,1.000000,0.000000,L,1.000000,1.000000,0.000000,0.000000,0.124362
45,22,00567,overcast,19,0,0.000000,1.000000,0.000000,L,1.000000,1.000000,0.000000,0.000000,0.102033
45,22,00567,overcast,148,0,0.000000,1.000000,0.000000,L,1.000000,1.000000,0.000001,0.000000,0.054047
45,22,00567,overcast,229,0,0.000000,1.000000,0.000000,L,1.000000,1.000000,0.000000,0.000000,0.112317
45,22,00567,overcast,1121,0,0.000000,1.000000,0.000000,L,1.000000,1.000000,0.000000,0.000000,0.118565
45,22,00567,overcast,1374,0,0.000000,1.000000,0.000000,L,1.000000,1.000000,0.000000,0.000000,0.141046
45,22,00567,overcast,139,0,0.000000,1.000000,0.000000,L,1.000000,1.000000,0.000001,0.000000,0.088828
45,22,00567,overcast,924,0,0.000000,1.000000,0.000000,L,1.000000,1.000000,0.000001,0.000000,0.094201
45,22,00567,overcast,1035,0,0.000000,1.000000,0.000000,L,1.000000,1.000000,0.000000,0.000000,0.111929
46,22,00583,overcast,665,1,0.000000,1.000000,0.000000,L,1.000000,1.000000,-0.000000,0.000000,0.974144
46,22,00583,overcast,489,1,0.000000,1.000000,0.000000,L,1.000000,1.000000,0.000000,0.000000,0.134195
46,22,00583,overcast,792,1,0.000000,1.000000,0.000000,L,1.000000,1.000000,0.000000,0.000000,0.251684
46,22,00583,overcast,756,1,0.000000,1.000000,0.000000,L,1.000000,1.000000,0.000000,0.000000,0.331906
46,22,00583,overcast,1252,1,0.000000,1.000000,0.000000,L,1.000000,1.000000,0.000000,0.000000,0.439725
46,22,00583,overcast,518,1,0.000000,1.000000,0.000000,L,1.000000,1.000000,0.000003,0.000000,0.087199
46,22,00583,overcast,487,1,0.000000,1.000000,0.000000,L,1.000000,1.000000,0.000000,0.000000,0.183274
46,22,00583,overcast,701,1,0.000000,1.000000,0.000000,L,1.000000,1.000000,-0.000000,0.000000,0.646881
46,22,00583,overcast,846,1,0.000000,1.000000,0.000000,L,1.000000,1.000000,0.000000,0.000000,0.229381
46,22,00583,overcast,1251,1,0.000000,1.000000,0.000000,L,1.000000,1.000000,0.000000,0.000000,0.241584
46,22,00583,overcast,608,1,0.000000,1.000000,0.000000,L,1.000000,0.999999,0.000008,0.000001,0.232154
46,22,00583,overcast,662,1,0.000000,1.000000,0.000000,L,1.000000,1.000000,0.000000,0.000000,0.209891
46,22,00583,overcast,981,1,0.000000,1.000000,0.000000,L,1.000000,1.000000,0.000000,0.000000,0.167591
46,22,00583,overcast,1342,1,0.000000,1.000000,0.000000,L,1.000000,1.000000,0.000000,0.000000,0.325937
46,22,00583,overcast,791,1,0.000000,1.000000,0.000000,L,1.000000,1.000000,0.000000,0.000000,0.328113
46,22,00583,overcast,698,1,0.000000,1.000000,0.000000,L,1.000000,1.000000,0.000002,0.000000,0.356434
46,22,00583,overcast,579,1,0.000000,1.000000,0.000000,L,1.000000,1.000000,0.000000,0.000000,0.231827
46,22,00583,overcast,523,1,0.000000,1.000000,0.000000,L,1.000000,1.000000,0.000001,0.000000,0.125406
46,22,00583,overcast,524,1,0.000000,1.000000,0.000000,L,1.000000,1.000000,0.000000,0.000000,0.099785
46,22,00583,overcast,884,1,0.000000,1.000000,0.000000,L,1.000000,1.000000,0.000000,0.000000,0.143032
46,22,00583,overcast,794,1,0.000000,1.000000,0.000000,L,1.000000,1.000000,0.000000,0.000000,0.173217
46,22,00583,overcast,484,1,0.000000,1.000000,0.000000,L,1.000000,1.000000,0.000003,0.000000,0.165620
46,22,00583,overcast,878,1,0.000000,1.000000,0.000000,L,1.000000,0.999999,0.000005,0.000000,0.188867
46,22,00583,overcast,702,1,0.000000,1.000000,0.000000,L,1.000000,1.000000,0.000000,0.000000,0.341176
46,22,00583,overcast,578,1,0.000000,1.000000,0.000000,L,1.000000,1.000000,0.000000,0.000000,0.254849
46,22,00583,overcast,704,1,0.000000,1.000000,0.000000,L,1.000000,1.000000,0.000000,0.000000,0.158311
46,22,00583,overcast,488,1,0.000000,1.000000,0.000000,L,1.000000,1.000000,0.000000,0.000000,0.154504
46,22,00583,overcast,610,1,0.000000,1.000000,0.000000,L,1.000000,1.000000,0.000000,0.000000,0.531436
46,22,00583,overcast,485,1,0.000000,1.000000,0.000000,L,1.000000,1.000000,0.000003,0.000000,0.171034
46,22,00583,overcast,986,1,0.000000,1.000000,0.000000,L,1.000000,1.000000,0.000000,0.000000,0.169701
46,22,00583,overcast,663,1,0.000000,1.000000,0.000000,L,1.000000,1.000000,0.000000,0.000000,0.249031
46,22,00583,overcast,982,1,0.000000,1.000000,0.000000,L,1.000000,1.000000,0.000000,0.000000,0.197395
46,22,00583,overcast,668,1,0.000000,1.000000,0.000000,L,1.000000,1.000000,0.000000,0.000000,0.300659
46,22,00583,overcast,574,1,0.000000,1.000000,0.000000,L,1.000000,1.000000,0.000001,0.000000,0.241046
46,22,00583,overcast,614,1,0.000000,1.000000,0.000000,L,1.000000,1.000000,0.000001,0.000000,0.137578
46,22,00583,overcast,842,1,0.000000,1.000000,0.000000,L,1.000000,1.000000,0.000001,0.000000,0.103923
46,22,00583,overcast,1102,0,0.000000,1.000000,0.000000,L,1.000000,1.000000,0.000001,0.000000,0.120424
46,22,00583,overcast,528,0,0.000000,1.000000,0.000000,L,1.000000,1.000000,0.000003,0.000000,0.160503
46,22,00583,overcast,744,0,0.000000,1.000000,0.000000,L,1.000000,1.000000,0.000000,0.000000,0.080773
46,22,00583,overcast,1028,0,0.000000,1.000000,0.000000,L,1.000000,1.000000,0.000001,0.000000,0.113810
46,22,00583,overcast,283,0,0.000000,1.000000,0.000000,L,1.000000,1.000000,0.000002,0.000000,0.114074
46,22,00583,overcast,391,0,0.000000,1.000000,0.000000,L,1.000000,1.000000,0.000001,0.000000,0.094792
46,22,00583,overcast,658,0,0.000000,1.000000,0.000000,L,1.000000,1.000000,0.000002,0.000000,0.124963
46,22,00583,overcast,1323,0,0.000000,1.000000,0.000000,L,1.000000,1.000000,0.000000,0.000000,0.192326
46,22,00583,overcast,1154,0,0.000000,1.000000,0.000000,L,1.000000,1.000000,0.000000,0.000000,0.131382
46,22,00583,overcast,1236,0,0.000000,1.000000,0.000000,L,1.000000,1.000000,0.000000,0.000000,0.153449
46,22,00583,overcast,0,0,0.000000,1.000000,0.000000,L,1.000000,1.000000,0.000002,0.000000,0.190082
46,22,00583,overcast,126,0,0.000001,0.999999,0.000000,L,0.999999,0.999998,0.000012,0.000001,0.111005
46,22,00583,overcast,472,0,0.000000,1.000000,0.000000,L,1.000000,1.000000,0.000000,0.000000,0.191680
46,22,00583,overcast,366,0,0.000000,1.000000,0.000000,L,1.000000,1.000000,0.000002,0.000000,0.109065
46,22,00583,overcast,298,0,0.000000,1.000000,0.000000,L,1.000000,1.000000,0.000002,0.000000,0.106993
46,22,00583,overcast,676,0,0.000000,1.000000,0.000000,L,1.000000,1.000000,0.000000,0.000000,0.112738
46,22,00583,overcast,1087,0,0.000000,1.000000,0.000000,L,1.000000,1.000000,0.000000,0.000000,0.099044
46,22,00583,overcast,798,0,0.000000,1.000000,0.000000,L,1.000000,1.000000,0.000000,0.000000,0.132825
47,22,00600,overcast,848,1,0.000000,1.000000,0.000000,L,1.000000,1.000000,0.000001,0.000000,0.180367
47,22,00600,overcast,669,1,0.000000,1.000000,0.000000,L,1.000000,1.000000,0.000001,0.000000,0.244244
47,22,00600,overcast,755,1,0.000000,1.000000,0.000000,L,1.000000,1.000000,0.000001,0.000000,0.261781
47,22,00600,overcast,787,1,0.000000,1.000000,0.000000,L,1.000000,1.000000,0.000000,0.000000,0.289116
47,22,00600,overcast,663,1,0.000000,1.000000,0.000000,L,1.000000,1.000000,0.000001,0.000000,0.247598
47,22,00600,overcast,607,1,0.000000,1.000000,0.000000,L,1.000000,1.000000,-0.000000,0.000000,0.608996
47,22,00600,overcast,608,1,0.000000,1.000000,0.000000,L,1.000000,1.000000,-0.000000,0.000000,0.760598
47,22,00600,overcast,664,1,0.000000,1.000000,0.000000,L,1.000000,1.000000,0.000000,0.000000,0.346172
47,22,00600,overcast,698,1,0.000000,1.000000,0.000000,L,1.000000,1.000000,-0.000000,0.000000,0.935998
47,22,00600,overcast,668,1,0.000000,1.000000,0.000000,L,1.000000,1.000000,0.000003,0.000000,0.261054
47,22,00600,overcast,785,1,0.000000,1.000000,0.000000,L,1.000000,1.000000,0.000000,0.000000,0.227978
47,22,00600,overcast,754,1,0.000000,1.000000,0.000000,L,1.000000,1.000000,0.000003,0.000000,0.240690
47,22,00600,overcast,488,1,0.000000,1.000000,0.000000,L,1.000000,1.000000,0.000002,0.000000,0.141558
47,22,00600,overcast,847,1,0.000000,1.000000,0.000000,L,1.000000,1.000000,0.000001,0.000000,0.215048
47,22,00600,overcast,575,1,0.000000,1.000000,0.000000,L,1.000000,1.000000,-0.000000,0.000000,0.575144
47,22,00600,overcast,665,1,0.000000,1.000000,0.000000,L,1.000000,1.000000,-0.000000,0.000000,0.879978
47,22,00600,overcast,484,1,0.000000,1.000000,0.000000,L,1.000000,1.000000,0.000002,0.000000,0.143212
47,22,00600,overcast,517,1,0.000000,1.000000,0.000000,L,1.000000,1.000000,0.000000,0.000000,0.299170
47,22,00600,overcast,697,1,0.000000,1.000000,0.000000,L,1.000000,1.000000,-0.000000,0.000000,0.756163
47,22,00600,overcast,487,1,0.000001,0.999999,0.000000,L,0.999999,0.999999,0.000010,0.000001,0.174060
47,22,00600,overcast,611,1,0.000000,1.000000,0.000000,L,1.000000,1.000000,0.000000,0.000000,0.208885
47,22,00600,overcast,516,1,0.000000,1.000000,0.000000,L,1.000000,0.999999,0.000005,0.000000,0.188902
47,22,00600,overcast,791,1,0.000000,1.000000,0.000000,L,1.000000,1.000000,0.000000,0.000000,0.125750
47,22,00600,overcast,788,1,0.000000,1.000000,0.000000,L,1.000000,1.000000,0.000000,0.000000,0.342345
47,22,00600,overcast,486,1,0.000000,1.000000,0.000000,L,1.000000,1.000000,0.000003,0.000000,0.161938
47,22,00600,overcast,879,1,0.000000,1.000000,0.000000,L,1.000000,1.000000,0.000000,0.000000,0.134173
47,22,00600,overcast,759,1,0.000000,1.000000,0.000000,L,1.000000,1.000000,0.000003,0.000000,0.233059
47,22,00600,overcast,843,1,0.000000,1.000000,0.000000,L,1.000000,1.000000,0.000000,0.000000,0.134647
47,22,00600,overcast,753,1,0.000000,1.000000,0.000000,L,1.000000,1.000000,0.000000,0.000000,0.220548
47,22,00600,overcast,875,1,0.000000,1.000000,0.000000,L,1.000000,1.000000,0.000000,0.000000,0.149039
47,22,00600,overcast,757,1,0.000000,1.000000,0.000000,L,1.000000,1.000000,0.000001,0.000000,0.245828
47,22,00600,overcast,844,1,0.000000,1.000000,0.000000,L,1.000000,1.000000,0.000003,0.000000,0.174118
47,22,00600,overcast,845,1,0.000000,1.000000,0.000000,L,1.000000,1.000000,0.000002,0.000000,0.214282
47,22,00600,overcast,786,1,0.000000,1.000000,0.000000,L,1.000000,1.000000,0.000000,0.000000,0.233873
47,22,00600,overcast,489,1,0.000000,1.000000,0.000000,L,1.000000,1.000000,0.000000,0.000000,0.115599
47,22,00600,overcast,606,1,0.000000,1.000000,0.000000,L,1.000000,1.000000,0.000002,0.000000,0.289134
47,22,00600,overcast,1091,0,0.000000,1.000000,0.000000,L,1.000000,1.000000,0.000000,0.000000,0.095503
47,22,00600,overcast,117,0,0.000000,1.000000,0.000000,L,1.000000,1.000000,0.000003,0.000000,0.102914
47,22,00600,overcast,1086,0,0.000000,1.000000,0.000000,L,1.000000,1.000000,0.000001,0.000000,0.095079
47,22,00600,overcast,444,0,0.000000,1.000000,0.000000,L,1.000000,1.000000,0.000000,0.000000,0.105649
47,22,00600,overcast,378,0,0.000000,1.000000,0.000000,L,1.000000,1.000000,0.000001,0.000000,0.113129
47,22,00600,overcast,198,0,0.000000,1.000000,0.000000,L,1.000000,1.000000,0.000002,0.000000,0.119328
47,22,00600,overcast,286,0,0.000000,1.000000,0.000000,L,1.000000,1.000000,0.000001,0.000000,0.130455
47,22,00600,overcast,431,0,0.000000,1.000000,0.000000,L,1.000000,1.000000,0.000002,0.000000,0.129775
47,22,00600,overcast,910,0,0.000000,1.000000,0.000000,L,1.000000,1.000000,0.000001,0.000000,0.092812
47,22,00600,overcast,1423,0,0.000000,1.000000,0.000000,L,1.000000,1.000000,0.000000,0.000000,0.138992
47,22,00600,overcast,1184,0,0.000000,1.000000,0.000000,L,1.000000,1.000000,0.000001,0.000000,0.119049
47,22,00600,overcast,1128,0,0.000000,1.000000,0.000000,L,1.000000,1.000000,0.000001,0.000000,0.108210
47,22,00600,overcast,368,0,0.000000,1.000000,0.000000,L,1.000000,1.000000,0.000001,0.000000,0.136448
47,22,00600,overcast,529,0,0.000000,1.000000,0.000000,L,1.000000,1.000000,0.000000,0.000000,0.163990
47,22,00600,overcast,453,0,0.000001,0.999999,0.000000,L,0.999999,0.999998,0.000016,0.000001,0.129921
47,22,00600,overcast,1268,0,0.000000,1.000000,0.000000,L,1.000000,1.000000,0.000000,0.000000,0.172718
47,22,00600,overcast,136,0,0.000000,1.000000,0.000000,L,1.000000,1.000000,0.000000,0.000000,0.151554
47,22,00600,overcast,177,0,0.000000,1.000000,0.000000,L,1.000000,1.000000,0.000001,0.000000,0.075423
48,38,00158,fog,406,1,0.000000,1.000000,0.000000,L,1.000000,1.000000,0.000000,0.000000,0.175077
48,38,00158,fog,407,1,0.000000,1.000000,0.000000,L,1.000000,1.000000,0.000000,0.000000,0.142682
48,38,00158,fog,491,1,0.000000,1.000000,0.000000,L,1.000000,1.000000,0.000002,0.000000,0.187527
48,38,00158,fog,492,1,0.000000,1.000000,0.000000,L,1.000000,1.000000,0.000001,0.000000,0.191506
48,38,00158,fog,493,1,0.000000,1.000000,0.000000,L,1.000000,1.000000,0.000002,0.000000,0.230289
48,38,00158,fog,494,1,0.000000,1.000000,0.000000,L,1.000000,1.000000,0.000002,0.000000,0.236679
48,38,00158,fog,495,1,0.000000,1.000000,0.000000,L,1.000000,1.000000,0.000002,0.000000,0.228175
48,38,00158,fog,496,1,0.000000,1.000000,0.000000,L,1.000000,1.000000,0.000000,0.000000,0.190319
48,38,00158,fog,497,1,0.000000,1.000000,0.000000,L,1.000000,1.000000,0.000000,0.000000,0.143999
48,38,00158,fog,581,1,0.000000,1.000000,0.000000,L,1.000000,1.000000,0.000001,0.000000,0.232776
48,38,00158,fog,582,1,0.000000,1.000000,0.000000,L,1.000000,1.000000,0.000000,0.000000,0.349654
48,38,00158,fog,583,1,0.000000,1.000000,0.000000,L,1.000000,1.000000,-0.000000,0.000000,0.756194
48,38,00158,fog,584,1,0.000000,1.000000,0.000000,L,1.000000,1.000000,-0.000000,0.000000,0.864863
48,38,00158,fog,585,1,0.000000,1.000000,0.000000,L,1.000000,1.000000,-0.000000,0.000000,0.580054
48,38,00158,fog,586,1,0.000000,1.000000,0.000000,L,1.000000,1.000000,0.000001,0.000000,0.288481
48,38,00158,fog,587,1,0.000000,1.000000,0.000000,L,1.000000,1.000000,0.000000,0.000000,0.229622
48,38,00158,fog,671,1,0.000000,1.000000,0.000000,L,1.000000,1.000000,0.000001,0.000000,0.252592
48,38,00158,fog,672,1,0.000000,1.000000,0.000000,L,1.000000,1.000000,0.000000,0.000000,0.337993
48,38,00158,fog,673,1,0.000000,1.000000,0.000000,L,1.000000,1.000000,-0.000000,0.000000,0.717336
48,38,00158,fog,674,1,0.000000,1.000000,0.000000,L,1.000000,1.000000,-0.000000,0.000000,0.785481
48,38,00158,fog,675,1,0.000000,1.000000,0.000000,L,1.000000,1.000000,0.000000,0.000000,0.487138
48,38,00158,fog,676,1,0.000000,1.000000,0.000000,L,1.000000,1.000000,0.000000,0.000000,0.265752
48,38,00158,fog,677,1,0.000000,1.000000,0.000000,L,1.000000,1.000000,0.000000,0.000000,0.225673
48,38,00158,fog,761,1,0.000000,1.000000,0.000000,L,1.000000,1.000000,0.000001,0.000000,0.240263
48,38,00158,fog,762,1,0.000000,1.000000,0.000000,L,1.000000,1.000000,0.000002,0.000000,0.238768
48,38,00158,fog,763,1,0.000000,1.000000,0.000000,L,1.000000,1.000000,0.000001,0.000000,0.262145
48,38,00158,fog,764,1,0.000000,1.000000,0.000000,L,1.000000,1.000000,0.000001,0.000000,0.267181
48,38,00158,fog,765,1,0.000000,1.000000,0.000000,L,1.000000,1.000000,0.000000,0.000000,0.250290
48,38,00158,fog,766,1,0.000000,1.000000,0.000000,L,1.000000,1.000000,0.000000,0.000000,0.228056
48,38,00158,fog,767,1,0.000000,1.000000,0.000000,L,1.000000,1.000000,0.000000,0.000000,0.166065
48,38,00158,fog,313,0,0.000000,1.000000,0.000000,L,1.000000,1.000000,0.000000,0.000000,0.137766
48,38,00158,fog,719,0,0.000000,1.000000,0.000000,L,1.000000,1.000000,0.000000,0.000000,0.096466
48,38,00158,fog,968,0,0.000000,1.000000,0.000000,L,1.000000,1.000000,0.000000,0.000000,0.107065
48,38,00158,fog,1400,0,0.000000,1.000000,0.000000,L,1.000000,1.000000,0.000001,0.000000,0.186946
48,38,00158,fog,859,0,0.000000,1.000000,0.000000,L,1.000000,1.000000,0.000000,0.000000,0.111805
48,38,00158,fog,835,0,0.000000,1.000000,0.000000,L,1.000000,1.000000,0.000000,0.000000,0.077964
48,38,00158,fog,925,0,0.000000,1.000000,0.000000,L,1.000000,1.000000,0.000000,0.000000,0.074645
48,38,00158,fog,635,0,0.000000,1.000000,0.000000,L,1.000000,1.000000,0.000002,0.000000,0.113869
48,38,00158,fog,633,0,0.000000,1.000000,0.000000,L,1.000000,1.000000,0.000001,0.000000,0.104461
48,38,00158,fog,770,0,0.000000,1.000000,0.000000,L,1.000000,1.000000,0.000000,0.000000,0.101268
48,38,00158,fog,33,0,0.000000,1.000000,0.000000,L,1.000000,1.000000,0.000002,0.000000,0.052981
48,38,00158,fog,1372,0,0.000000,1.000000,0.000000,L,1.000000,1.000000,0.000000,0.000000,0.112436
48,38,00158,fog,949,0,0.000000,1.000000,0.000000,L,1.000000,1.000000,0.000000,0.000000,0.107616
48,38,00158,fog,994,0,0.000000,1.000000,0.000000,L,1.000000,1.000000,0.000000,0.000000,0.110411
48,38,00158,fog,1321,0,0.000000,1.000000,0.000000,L,1.000000,1.000000,0.000000,0.000000,0.114476
48,38,00158,fog,293,0,0.000000,1.000000,0.000000,L,1.000000,1.000000,0.000000,0.000000,0.118115
48,38,00158,fog,450,0,0.000000,1.000000,0.000000,L,1.000000,1.000000,0.000001,0.000000,0.212925
48,38,00158,fog,408,0,0.000000,1.000000,0.000000,L,1.000000,1.000000,0.000000,0.000000,0.182447
49,38,00204,fog,680,1,0.000000,1.000000,0.000000,L,1.000000,1.000000,0.000001,0.000000,0.211781
49,38,00204,fog,681,1,0.000000,1.000000,0.000000,L,1.000000,1.000000,0.000000,0.000000,0.159445
49,38,00204,fog,682,1,0.000000,1.000000,0.000000,L,1.000000,1.000000,0.000000,0.000000,0.199762
49,38,00204,fog,683,1,0.000000,1.000000,0.000000,L,1.000000,1.000000,0.000001,0.000000,0.219826
49,38,00204,fog,684,1,0.000000,1.000000,0.000000,L,1.000000,1.000000,0.000001,0.000000,0.183300
49,38,00204,fog,685,1,0.000000,1.000000,0.000000,L,1.000000,1.000000,0.000000,0.000000,0.111376
49,38,00204,fog,686,1,0.000000,1.000000,0.000000,L,1.000000,1.000000,0.000000,0.000000,0.092966
49,38,00204,fog,770,1,0.000000,1.000000,0.000000,L,1.000000,1.000000,0.000000,0.000000,0.244167
49,38,00204,fog,771,1,0.000000,1.000000,0.000000,L,1.000000,1.000000,0.000000,0.000000,0.246762
49,38,00204,fog,772,1,0.000000,1.000000,0.000000,L,1.000000,1.000000,-0.000000,0.000000,0.498693
49,38,00204,fog,773,1,0.000000,1.000000,0.000000,L,1.000000,1.000000,-0.000000,0.000000,0.637221
49,38,00204,fog,774,1,0.000000,1.000000,0.000000,L,1.000000,1.000000,0.000000,0.000000,0.406994
49,38,00204,fog,775,1,0.000000,1.000000,0.000000,L,1.000000,1.000000,0.000000,0.000000,0.213068
49,38,00204,fog,776,1,0.000000,1.000000,0.000000,L,1.000000,1.000000,0.000000,0.000000,0.126821
49,38,00204,fog,860,1,0.000000,1.000000,0.000000,L,1.000000,1.000000,0.000000,0.000000,0.260590
49,38,00204,fog,861,1,0.000000,1.000000,0.000000,L,1.000000,1.000000,0.000000,0.000000,0.336921
49,38,00204,fog,862,1,0.000000,1.000000,0.000000,L,1.000000,1.000000,-0.000000,0.000000,0.782247
49,38,00204,fog,863,1,0.000000,1.000000,0.000000,L,1.000000,1.000000,-0.000000,0.000000,0.916161
49,38,00204,fog,864,1,0.000000,1.000000,0.000000,L,1.000000,1.000000,-0.000000,0.000000,0.723055
49,38,00204,fog,865,1,0.000000,1.000000,0.000000,L,1.000000,1.000000,0.000000,0.000000,0.286241
49,38,00204,fog,866,1,0.000000,1.000000,0.000000,L,1.000000,1.000000,0.000000,0.000000,0.190941
49,38,00204,fog,950,1,0.000000,1.000000,0.000000,L,1.000000,1.000000,0.000002,0.000000,0.203818
49,38,00204,fog,951,1,0.000000,1.000000,0.000000,L,1.000000,1.000000,0.000001,0.000000,0.236594
49,38,00204,fog,952,1,0.000000,1.000000,0.000000,L,1.000000,1.000000,0.000000,0.000000,0.319433
49,38,00204,fog,953,1,0.000000,1.000000,0.000000,L,1.000000,1.000000,0.000000,0.000000,0.367427
49,38,00204,fog,954,1,0.000000,1.000000,0.000000,L,1.000000,1.000000,0.000000,0.000000,0.297360
49,38,00204,fog,955,1,0.000000,1.000000,0.000000,L,1.000000,1.000000,0.000000,0.000000,0.241959
49,38,00204,fog,956,1,0.000000,1.000000,0.000000,L,1.000000,1.000000,0.000000,0.000000,0.218772
49,38,00204,fog,124,0,0.000000,1.000000,0.000000,L,1.000000,1.000000,0.000001,0.000000,0.101313
49,38,00204,fog,228,0,0.000000,1.000000,0.000000,L,1.000000,1.000000,0.000000,0.000000,0.148084
49,38,00204,fog,488,0,0.000000,1.000000,0.000000,L,1.000000,1.000000,0.000000,0.000000,0.129552
49,38,00204,fog,111,0,0.000000,1.000000,0.000000,L,1.000000,1.000000,0.000001,0.000000,0.134385
49,38,00204,fog,786,0,0.000000,1.000000,0.000000,L,1.000000,1.000000,0.000000,0.000000,0.079504
49,38,00204,fog,609,0,0.000000,1.000000,0.000000,L,1.000000,1.000000,0.000000,0.000000,0.096406
49,38,00204,fog,966,0,0.000000,1.000000,0.000000,L,1.000000,1.000000,0.000000,0.000000,0.132018
49,38,00204,fog,961,0,0.000000,1.000000,0.000000,L,1.000000,1.000000,0.000000,0.000000,0.130544
49,38,00204,fog,1439,0,0.000000,1.000000,0.000000,L,1.000000,1.000000,0.000000,0.000000,0.083379
49,38,00204,fog,286,0,0.000000,1.000000,0.000000,L,1.000000,1.000000,0.000001,0.000000,0.222731
49,38,00204,fog,299,0,0.000000,1.000000,0.000000,L,1.000000,1.000000,0.000000,0.000000,0.159577
49,38,00204,fog,1088,0,0.000000,1.000000,0.000000,L,1.000000,1.000000,0.000000,0.000000,0.081956
49,38,00204,fog,360,0,0.000000,1.000000,0.000000,L,1.000000,1.000000,0.000000,0.000000,0.220094
49,38,00204,fog,386,0,0.000000,1.000000,0.000000,L,1.000000,1.000000,0.000001,0.000000,0.140491
49,38,00204,fog,871,0,0.000000,1.000000,0.000000,L,1.000000,1.000000,0.000000,0.000000,0.131177
49,38,00204,fog,1384,0,0.000000,1.000000,0.000000,L,1.000000,1.000000,0.000000,0.000000,0.091217
49,38,00204,fog,102,0,0.000000,1.000000,0.000000,L,1.000000,1.000000,0.000000,0.000000,0.127831
49,38,00204,fog,687,0,0.000000,1.000000,0.000000,L,1.000000,1.000000,0.000000,0.000000,0.104465
50,38,00249,fog,596,1,0.000000,1.000000,0.000000,L,1.000000,1.000000,0.000002,0.000000,0.193106
50,38,00249,fog,597,1,0.000000,1.000000,0.000000,L,1.000000,1.000000,0.000001,0.000000,0.220700
50,38,00249,fog,598,1,0.000000,1.000000,0.000000,L,1.000000,1.000000,0.000001,0.000000,0.230809
50,38,00249,fog,599,1,0.000000,1.000000,0.000000,L,1.000000,1.000000,0.000002,0.000000,0.225836
50,38,00249,fog,600,1,0.000000,1.000000,0.000000,L,1.000000,1.000000,0.000001,0.000000,0.207439
50,38,00249,fog,601,1,0.000000,1.000000,0.000000,L,1.000000,1.000000,0.000001,0.000000,0.147133
50,38,00249,fog,602,1,0.000000,1.000000,0.000000,L,1.000000,0.999999,0.000006,0.000000,0.141973
50,38,00249,fog,686,1,0.000000,1.000000,0.000000,L,1.000000,1.000000,0.000001,0.000000,0.247756
50,38,00249,fog,687,1,0.000000,1.000000,0.000000,L,1.000000,1.000000,0.000000,0.000000,0.314998
50,38,00249,fog,688,1,0.000000,1.000000,0.000000,L,1.000000,1.000000,-0.000000,0.000000,0.613168
50,38,00249,fog,689,1,0.000000,1.000000,0.000000,L,1.000000,1.000000,-0.000000,0.000000,0.600249
50,38,00249,fog,690,1,0.000000,1.000000,0.000000,L,1.000000,1.000000,0.000000,0.000000,0.254777
50,38,00249,fog,691,1,0.000000,1.000000,0.000000,L,1.000000,1.000000,0.000000,0.000000,0.195862
50,38,00249,fog,692,1,0.000000,1.000000,0.000000,L,1.000000,1.000000,0.000000,0.000000,0.103823
50,38,00249,fog,776,1,0.000000,1.000000,0.000000,L,1.000000,1.000000,0.000000,0.000000,0.264441
50,38,00249,fog,777,1,0.000000,1.000000,0.000000,L,1.000000,1.000000,-0.000000,0.000000,0.534772
50,38,00249,fog,778,1,0.000000,1.000000,0.000000,L,1.000000,1.000000,-0.000000,0.000000,0.784119
50,38,00249,fog,779,1,0.000000,1.000000,0.000000,L,1.000000,1.000000,-0.000000,0.000000,0.790235
50,38,00249,fog,780,1,0.000000,1.000000,0.000000,L,1.000000,1.000000,-0.000000,0.000000,0.498644
50,38,00249,fog,781,1,0.000000,1.000000,0.000000,L,1.000000,1.000000,0.000000,0.000000,0.225682
50,38,00249,fog,782,1,0.000000,1.000000,0.000000,L,1.000000,1.000000,0.000000,0.000000,0.151413
50,38,00249,fog,866,1,0.000000,1.000000,0.000000,L,1.000000,1.000000,0.000001,0.000000,0.231164
50,38,00249,fog,867,1,0.000000,1.000000,0.000000,L,1.000000,1.000000,0.000000,0.000000,0.257977
50,38,00249,fog,868,1,0.000000,1.000000,0.000000,L,1.000000,1.000000,0.000000,0.000000,0.321135
50,38,00249,fog,869,1,0.000000,1.000000,0.000000,L,1.000000,1.000000,0.000000,0.000000,0.330189
50,38,00249,fog,870,1,0.000000,1.000000,0.000000,L,1.000000,1.000000,0.000000,0.000000,0.246914
50,38,00249,fog,871,1,0.000000,1.000000,0.000000,L,1.000000,1.000000,0.000000,0.000000,0.167300
50,38,00249,fog,872,1,0.000000,1.000000,0.000000,L,1.000000,1.000000,0.000000,0.000000,0.103211
50,38,00249,fog,88,0,0.000000,1.000000,0.000000,L,1.000000,1.000000,0.000004,0.000000,0.131855
50,38,00249,fog,588,0,0.000000,1.000000,0.000000,L,1.000000,1.000000,0.000000,0.000000,0.131879
50,38,00249,fog,923,0,0.000000,1.000000,0.000000,L,1.000000,1.000000,0.000000,0.000000,0.073176
50,38,00249,fog,1279,0,0.000000,1.000000,0.000000,L,1.000000,1.000000,0.000000,0.000000,0.193909
50,38,00249,fog,347,0,0.000000,1.000000,0.000000,L,1.000000,1.000000,0.000000,0.000000,0.140375
50,38,00249,fog,277,0,0.000000,1.000000,0.000000,L,1.000000,1.000000,0.000003,0.000000,0.134882
50,38,00249,fog,611,0,0.000000,1.000000,0.000000,L,1.000000,1.000000,0.000001,0.000000,0.164675
50,38,00249,fog,948,0,0.000000,1.000000,0.000000,L,1.000000,1.000000,0.000000,0.000000,0.131166
50,38,00249,fog,212,0,0.000000,1.000000,0.000000,L,1.000000,1.000000,0.000000,0.000000,0.108555
50,38,00249,fog,830,0,0.000000,1.000000,0.000000,L,1.000000,1.000000,0.000000,0.000000,0.121506
50,38,00249,fog,995,0,0.000000,1.000000,0.000000,L,1.000000,1.000000,0.000000,0.000000,0.100042
50,38,00249,fog,837,0,0.000000,1.000000,0.000000,L,1.000000,1.000000,0.000000,0.000000,0.081936
50,38,00249,fog,1340,0,0.000000,1.000000,0.000000,L,1.000000,1.000000,0.000000,0.000000,0.138422
50,38,00249,fog,132,0,0.000000,1.000000,0.000000,L,1.000000,1.000000,0.000001,0.000000,0.067775
50,38,00249,fog,95,0,0.000000,1.000000,0.000000,L,1.000000,1.000000,0.000001,0.000000,0.153845
50,38,00249,fog,39,0,0.000000,1.000000,0.000000,L,1.000000,1.000000,0.000001,0.000000,0.077198
50,38,00249,fog,1130,0,0.000000,1.000000,0.000000,L,1.000000,1.000000,0.000000,0.000000,0.146016
50,38,00249,fog,736,0,0.000000,1.000000,0.000000,L,1.000000,1.000000,0.000000,0.000000,0.161773
51,38,00295,fog,50,1,0.000000,1.000000,0.000000,L,1.000000,1.000000,0.000000,0.000000,0.290465
51,38,00295,fog,51,1,0.000000,1.000000,0.000000,L,1.000000,1.000000,0.000000,0.000000,0.305415
51,38,00295,fog,52,1,0.000000,1.000000,0.000000,L,1.000000,1.000000,-0.000000,0.000000,0.678464
51,38,00295,fog,53,1,0.000000,1.000000,0.000000,L,1.000000,1.000000,-0.000000,0.000000,0.764783
51,38,00295,fog,54,1,0.000000,1.000000,0.000000,L,1.000000,1.000000,-0.000000,0.000000,0.561821
51,38,00295,fog,55,1,0.000000,1.000000,0.000000,L,1.000000,1.000000,0.000001,0.000000,0.231376
51,38,00295,fog,56,1,0.000000,1.000000,0.000000,L,1.000000,1.000000,0.000001,0.000000,0.080680
51,38,00295,fog,140,1,0.000000,1.000000,0.000000,L,1.000000,1.000000,0.000000,0.000000,0.240244
51,38,00295,fog,141,1,0.000000,1.000000,0.000000,L,1.000000,1.000000,0.000000,0.000000,0.270413
51,38,00295,fog,142,1,0.000000,1.000000,0.000000,L,1.000000,1.000000,-0.000000,0.000000,0.521075
51,38,00295,fog,143,1,0.000000,1.000000,0.000000,L,1.000000,1.000000,-0.000000,0.000000,0.623834
51,38,00295,fog,144,1,0.000000,1.000000,0.000000,L,1.000000,1.000000,0.000000,0.000000,0.371327
51,38,00295,fog,145,1,0.000000,1.000000,0.000000,L,1.000000,1.000000,0.000001,0.000000,0.240691
51,38,00295,fog,231,1,0.000000,1.000000,0.000000,L,1.000000,1.000000,0.000002,0.000000,0.216942
51,38,00295,fog,232,1,0.000000,1.000000,0.000000,L,1.000000,1.000000,0.000000,0.000000,0.247118
51,38,00295,fog,233,1,0.000000,1.000000,0.000000,L,1.000000,1.000000,0.000000,0.000000,0.246224
51,38,00295,fog,944,0,0.000000,1.000000,0.000000,L,1.000000,1.000000,0.000000,0.000000,0.116942
51,38,00295,fog,839,0,0.000000,1.000000,0.000000,L,1.000000,1.000000,0.000000,0.000000,0.072949
51,38,00295,fog,318,0,0.000000,1.000000,0.000000,L,1.000000,1.000000,0.000000,0.000000,0.171833
51,38,00295,fog,1000,0,0.000000,1.000000,0.000000,L,1.000000,1.000000,0.000000,0.000000,0.152442
51,38,00295,fog,1037,0,0.000000,1.000000,0.000000,L,1.000000,1.000000,0.000000,0.000000,0.071034
51,38,00295,fog,695,0,0.000000,1.000000,0.000000,L,1.000000,1.000000,0.000002,0.000000,0.087529
51,38,00295,fog,580,0,0.000000,1.000000,0.000000,L,1.000000,1.000000,0.000000,0.000000,0.072627
51,38,00295,fog,470,0,0.000000,1.000000,0.000000,L,1.000000,1.000000,0.000000,0.000000,0.090824
51,38,00295,fog,784,0,0.000000,1.000000,0.000000,L,1.000000,1.000000,0.000000,0.000000,0.124162
51,38,00295,fog,184,0,0.000000,1.000000,0.000000,L,1.000000,1.000000,0.000001,0.000000,0.164218
51,38,00295,fog,1175,0,0.000000,1.000000,0.000000,L,1.000000,1.000000,0.000001,0.000000,0.131765
51,38,00295,fog,1374,0,0.000000,1.000000,0.000000,L,1.000000,1.000000,0.000000,0.000000,0.140742
51,38,00295,fog,1031,0,0.000000,1.000000,0.000000,L,1.000000,1.000000,0.000000,0.000000,0.154478
51,38,00295,fog,271,0,0.000000,1.000000,0.000000,L,1.000000,1.000000,0.000002,0.000000,0.208149
51,38,00295,fog,617,0,0.000000,1.000000,0.000000,L,1.000000,1.000000,0.000001,0.000000,0.106268
51,38,00295,fog,655,0,0.000000,1.000000,0.000000,L,1.000000,1.000000,0.000000,0.000000,0.094355
51,38,00295,fog,1213,0,0.000000,1.000000,0.000000,L,1.000000,0.999999,0.000005,0.000000,0.103066
51,38,00295,fog,1165,0,0.000000,1.000000,0.000000,L,1.000000,1.000000,0.000000,0.000000,0.131521
52,39,00174,fog,602,1,0.000000,1.000000,0.000000,L,1.000000,1.000000,0.000002,0.000000,0.191924
52,39,00174,fog,603,1,0.000000,1.000000,0.000000,L,1.000000,1.000000,0.000000,0.000000,0.192726
52,39,00174,fog,604,1,0.000000,1.000000,0.000000,L,1.000000,1.000000,0.000000,0.000000,0.227075
52,39,00174,fog,605,1,0.000000,1.000000,0.000000,L,1.000000,1.000000,0.000002,0.000000,0.213963
52,39,00174,fog,606,1,0.000000,1.000000,0.000000,L,1.000000,1.000000,0.000001,0.000000,0.186877
52,39,00174,fog,607,1,0.000000,1.000000,0.000000,L,1.000000,1.000000,0.000000,0.000000,0.127908
52,39,00174,fog,692,1,0.000000,1.000000,0.000000,L,1.000000,1.000000,0.000003,0.000000,0.243687
52,39,00174,fog,693,1,0.000000,1.000000,0.000000,L,1.000000,1.000000,0.000000,0.000000,0.287679
52,39,00174,fog,694,1,0.000000,1.000000,0.000000,L,1.000000,1.000000,-0.000000,0.000000,0.555887
52,39,00174,fog,695,1,0.000000,1.000000,0.000000,L,1.000000,1.000000,-0.000000,0.000000,0.589124
52,39,00174,fog,696,1,0.000000,1.000000,0.000000,L,1.000000,1.000000,0.000000,0.000000,0.231582
52,39,00174,fog,697,1,0.000000,1.000000,0.000000,L,1.000000,1.000000,0.000000,0.000000,0.164161
52,39,00174,fog,781,1,0.000000,1.000000,0.000000,L,1.000000,1.000000,0.000000,0.000000,0.289255
52,39,00174,fog,782,1,0.000000,1.000000,0.000000,L,1.000000,1.000000,0.000001,0.000000,0.276253
52,39,00174,fog,783,1,0.000000,1.000000,0.000000,L,1.000000,1.000000,-0.000000,0.000000,0.511131
52,39,00174,fog,784,1,0.000000,1.000000,0.000000,L,1.000000,1.000000,-0.000000,0.000000,0.791543
52,39,00174,fog,785,1,0.000000,1.000000,0.000000,L,1.000000,1.000000,-0.000000,0.000000,0.794111
52,39,00174,fog,786,1,0.000000,1.000000,0.000000,L,1.000000,1.000000,-0.000000,0.000000,0.435776
52,39,00174,fog,787,1,0.000000,1.000000,0.000000,L,1.000000,1.000000,0.000000,0.000000,0.222604
52,39,00174,fog,871,1,0.000000,1.000000,0.000000,L,1.000000,1.000000,0.000001,0.000000,0.199579
52,39,00174,fog,872,1,0.000000,1.000000,0.000000,L,1.000000,1.000000,0.000002,0.000000,0.227428
52,39,00174,fog,873,1,0.000000,1.000000,0.000000,L,1.000000,1.000000,0.000000,0.000000,0.254400
52,39,00174,fog,874,1,0.000000,1.000000,0.000000,L,1.000000,1.000000,0.000000,0.000000,0.313222
52,39,00174,fog,875,1,0.000000,1.000000,0.000000,L,1.000000,1.000000,0.000000,0.000000,0.308015
52,39,00174,fog,876,1,0.000000,1.000000,0.000000,L,1.000000,1.000000,0.000000,0.000000,0.244164
52,39,00174,fog,877,1,0.000000,1.000000,0.000000,L,1.000000,1.000000,0.000000,0.000000,0.191309
52,39,00174,fog,963,1,0.000000,1.000000,0.000000,L,1.000000,1.000000,0.000000,0.000000,0.181645
52,39,00174,fog,964,1,0.000000,1.000000,0.000000,L,1.000000,1.000000,0.000000,0.000000,0.203331
52,39,00174,fog,965,1,0.000000,1.000000,0.000000,L,1.000000,1.000000,0.000000,0.000000,0.204897
52,39,00174,fog,966,1,0.000000,1.000000,0.000000,L,1.000000,1.000000,0.000000,0.000000,0.148420
52,39,00174,fog,967,1,0.000000,1.000000,0.000000,L,1.000000,1.000000,0.000000,0.000000,0.106576
52,39,00174,fog,363,0,0.000000,1.000000,0.000000,L,1.000000,1.000000,0.000000,0.000000,0.213320
52,39,00174,fog,762,0,0.000000,1.000000,0.000000,L,1.000000,1.000000,0.000000,0.000000,0.133688
52,39,00174,fog,1358,0,0.000000,1.000000,0.000000,L,1.000000,0.999999,0.000005,0.000000,0.161767
52,39,00174,fog,139,0,0.000000,1.000000,0.000000,L,1.000000,1.000000,0.000001,0.000000,0.069505
52,39,00174,fog,345,0,0.000000,1.000000,0.000000,L,1.000000,1.000000,0.000000,0.000000,0.161009
52,39,00174,fog,989,0,0.000000,1.000000,0.000000,L,1.000000,1.000000,0.000000,0.000000,0.192968
52,39,00174,fog,1389,0,0.000000,1.000000,0.000000,L,1.000000,1.000000,0.000001,0.000000,0.130138
52,39,00174,fog,1436,0,0.000000,1.000000,0.000000,L,1.000000,1.000000,0.000000,0.000000,0.089216
52,39,00174,fog,534,0,0.000000,1.000000,0.000000,L,1.000000,1.000000,0.000000,0.000000,0.108716
52,39,00174,fog,1272,0,0.000000,1.000000,0.000000,L,1.000000,1.000000,0.000001,0.000000,0.162054
52,39,00174,fog,1256,0,0.000000,1.000000,0.000000,L,1.000000,1.000000,0.000000,0.000000,0.110710
52,39,00174,fog,951,0,0.000000,1.000000,0.000000,L,1.000000,1.000000,0.000000,0.000000,0.095473
52,39,00174,fog,172,0,0.000000,1.000000,0.000000,L,1.000000,1.000000,0.000001,0.000000,0.077701
52,39,00174,fog,709,0,0.000000,1.000000,0.000000,L,1.000000,1.000000,0.000000,0.000000,0.079680
52,39,00174,fog,1199,0,0.000000,1.000000,0.000000,L,1.000000,1.000000,0.000000,0.000000,0.128843
52,39,00174,fog,758,0,0.000000,1.000000,0.000000,L,1.000000,1.000000,0.000000,0.000000,0.126967
52,39,00174,fog,1050,0,0.000000,1.000000,0.000000,L,1.000000,1.000000,0.000000,0.000000,0.094197
52,39,00174,fog,246,0,0.000000,1.000000,0.000000,L,1.000000,1.000000,0.000000,0.000000,0.138273
53,39,00220,fog,419,1,0.000000,1.000000,0.000000,L,1.000000,1.000000,0.000000,0.000000,0.147787
53,39,00220,fog,503,1,0.000000,1.000000,0.000000,L,1.000000,1.000000,0.000003,0.000000,0.224190
53,39,00220,fog,504,1,0.000000,1.000000,0.000000,L,1.000000,1.000000,0.000000,0.000000,0.308500
53,39,00220,fog,505,1,0.000000,1.000000,0.000000,L,1.000000,1.000000,0.000000,0.000000,0.383366
53,39,00220,fog,506,1,0.000000,1.000000,0.000000,L,1.000000,1.000000,0.000000,0.000000,0.315845
53,39,00220,fog,507,1,0.000000,1.000000,0.000000,L,1.000000,1.000000,0.000001,0.000000,0.241181
53,39,00220,fog,508,1,0.000000,1.000000,0.000000,L,1.000000,1.000000,0.000000,0.000000,0.163157
53,39,00220,fog,509,1,0.000000,1.000000,0.000000,L,1.000000,1.000000,0.000000,0.000000,0.127240
53,39,00220,fog,593,1,0.000000,1.000000,0.000000,L,1.000000,1.000000,0.000002,0.000000,0.251364
53,39,00220,fog,594,1,0.000000,1.000000,0.000000,L,1.000000,1.000000,0.000000,0.000000,0.399969
53,39,00220,fog,595,1,0.000000,1.000000,0.000000,L,1.000000,1.000000,-0.000000,0.000000,0.700553
53,39,00220,fog,596,1,0.000000,1.000000,0.000000,L,1.000000,1.000000,-0.000000,0.000000,0.720070
53,39,00220,fog,597,1,0.000000,1.000000,0.000000,L,1.000000,1.000000,0.000000,0.000000,0.373051
53,39,00220,fog,598,1,0.000000,1.000000,0.000000,L,1.000000,1.000000,0.000000,0.000000,0.219731
53,39,00220,fog,599,1,0.000000,1.000000,0.000000,L,1.000000,1.000000,0.000000,0.000000,0.139803
53,39,00220,fog,683,1,0.000000,1.000000,0.000000,L,1.000000,1.000000,0.000000,0.000000,0.242924
53,39,00220,fog,684,1,0.000000,1.000000,0.000000,L,1.000000,1.000000,0.000000,0.000000,0.367226
53,39,00220,fog,685,1,0.000000,1.000000,0.000000,L,1.000000,1.000000,-0.000000,0.000000,0.628228
53,39,00220,fog,686,1,0.000000,1.000000,0.000000,L,1.000000,1.000000,-0.000000,0.000000,0.614426
53,39,00220,fog,687,1,0.000000,1.000000,0.000000,L,1.000000,1.000000,0.000000,0.000000,0.295188
53,39,00220,fog,688,1,0.000000,1.000000,0.000000,L,1.000000,1.000000,0.000000,0.000000,0.214137
53,39,00220,fog,689,1,0.000000,1.000000,0.000000,L,1.000000,1.000000,0.000000,0.000000,0.157913
53,39,00220,fog,773,1,0.000000,1.000000,0.000000,L,1.000000,1.000000,0.000000,0.000000,0.170403
53,39,00220,fog,774,1,0.000000,1.000000,0.000000,L,1.000000,1.000000,0.000000,0.000000,0.219563
53,39,00220,fog,775,1,0.000000,1.000000,0.000000,L,1.000000,1.000000,0.000000,0.000000,0.236995
53,39,00220,fog,776,1,0.000000,1.000000,0.000000,L,1.000000,1.000000,0.000000,0.000000,0.215072
53,39,00220,fog,777,1,0.000000,1.000000,0.000000,L,1.000000,1.000000,0.000000,0.000000,0.197346
53,39,00220,fog,778,1,0.000000,1.000000,0.000000,L,1.000000,1.000000,0.000000,0.000000,0.126121
53,39,00220,fog,779,1,0.000000,1.000000,0.000000,L,1.000000,1.000000,0.000000,0.000000,0.094258
53,39,00220,fog,1107,0,0.000000,1.000000,0.000000,L,1.000000,1.000000,0.000000,0.000000,0.178200
53,39,00220,fog,136,0,0.000000,1.000000,0.000000,L,1.000000,1.000000,0.000001,0.000000,0.122686
53,39,00220,fog,521,0,0.000000,1.000000,0.000000,L,1.000000,1.000000,0.000000,0.000000,0.236633
53,39,00220,fog,23,0,0.000000,1.000000,0.000000,L,1.000000,1.000000,0.000000,0.000000,0.103831
53,39,00220,fog,1255,0,0.000000,1.000000,0.000000,L,1.000000,1.000000,0.000000,0.000000,0.132392
53,39,00220,fog,1085,0,0.000000,1.000000,0.000000,L,1.000000,0.999999,0.000004,0.000000,0.095830
53,39,00220,fog,1143,0,0.000000,1.000000,0.000000,L,1.000000,1.000000,0.000000,0.000000,0.131634
53,39,00220,fog,62,0,0.000000,1.000000,0.000000,L,1.000000,1.000000,0.000001,0.000000,0.083494
53,39,00220,fog,1285,0,0.000000,1.000000,0.000000,L,1.000000,1.000000,0.000000,0.000000,0.195543
53,39,00220,fog,637,0,0.000000,1.000000,0.000000,L,1.000000,1.000000,0.000000,0.000000,0.088066
53,39,00220,fog,3,0,0.000000,1.000000,0.000000,L,1.000000,1.000000,0.000000,0.000000,0.206542
53,39,00220,fog,456,0,0.000000,1.000000,0.000000,L,1.000000,1.000000,0.000001,0.000000,0.111362
53,39,00220,fog,696,0,0.000000,1.000000,0.000000,L,1.000000,1.000000,0.000000,0.000000,0.103221
53,39,00220,fog,644,0,0.000000,1.000000,0.000000,L,1.000000,1.000000,0.000001,0.000000,0.097754
53,39,00220,fog,1369,0,0.000000,1.000000,0.000000,L,1.000000,1.000000,0.000001,0.000000,0.175107
53,39,00220,fog,353,0,0.000000,1.000000,0.000000,L,1.000000,1.000000,0.000000,0.000000,0.146560
53,39,00220,fog,706,0,0.000000,1.000000,0.000000,L,1.000000,1.000000,0.000000,0.000000,0.144947
53,39,00220,fog,138,0,0.000000,1.000000,0.000000,L,1.000000,1.000000,0.000001,0.000000,0.122665
54,39,00265,fog,46,1,0.000000,1.000000,0.000000,L,1.000000,1.000000,0.000001,0.000000,0.217870
54,39,00265,fog,47,1,0.000000,1.000000,0.000000,L,1.000000,1.000000,0.000004,0.000000,0.229928
54,39,00265,fog,48,1,0.000000,1.000000,0.000000,L,1.000000,0.999999,0.000007,0.000001,0.215364
54,39,00265,fog,49,1,0.000000,1.000000,0.000000,L,1.000000,1.000000,0.000002,0.000000,0.156157
54,39,00265,fog,50,1,0.000000,1.000000,0.000000,L,1.000000,1.000000,0.000001,0.000000,0.067881
54,39,00265,fog,134,1,0.000000,1.000000,0.000000,L,1.000000,1.000000,0.000002,0.000000,0.220556
54,39,00265,fog,135,1,0.000000,1.000000,0.000000,L,1.000000,1.000000,0.000003,0.000000,0.233199
54,39,00265,fog,136,1,0.000000,1.000000,0.000000,L,1.000000,1.000000,0.000000,0.000000,0.395729
54,39,00265,fog,137,1,0.000000,1.000000,0.000000,L,1.000000,1.000000,-0.000000,0.000000,0.603736
54,39,00265,fog,138,1,0.000000,1.000000,0.000000,L,1.000000,1.000000,0.000000,0.000000,0.388414
54,39,00265,fog,139,1,0.000000,1.000000,0.000000,L,1.000000,1.000000,0.000002,0.000000,0.236933
54,39,00265,fog,140,1,0.000000,1.000000,0.000000,L,1.000000,1.000000,0.000001,0.000000,0.118855
54,39,00265,fog,224,1,0.000000,1.000000,0.000000,L,1.000000,1.000000,0.000000,0.000000,0.195809
54,39,00265,fog,225,1,0.000000,1.000000,0.000000,L,1.000000,1.000000,0.000001,0.000000,0.257596
54,39,00265,fog,226,1,0.000000,1.000000,0.000000,L,1.000000,1.000000,-0.000000,0.000000,0.765497
54,39,00265,fog,227,1,0.000000,1.000000,0.000000,L,1.000000,1.000000,-0.000000,0.000000,0.924528
54,39,00265,fog,228,1,0.000000,1.000000,0.000000,L,1.000000,1.000000,-0.000000,0.000000,0.777780
54,39,00265,fog,229,1,0.000000,1.000000,0.000000,L,1.000000,1.000000,0.000000,0.000000,0.273399
54,39,00265,fog,230,1,0.000000,1.000000,0.000000,L,1.000000,1.000000,0.000000,0.000000,0.243162
54,39,00265,fog,314,1,0.000000,1.000000,0.000000,L,1.000000,1.000000,0.000001,0.000000,0.147786
54,39,00265,fog,315,1,0.000000,1.000000,0.000000,L,1.000000,1.000000,0.000001,0.000000,0.219632
54,39,00265,fog,316,1,0.000000,1.000000,0.000000,L,1.000000,1.000000,0.000000,0.000000,0.237788
54,39,00265,fog,317,1,0.000000,1.000000,0.000000,L,1.000000,1.000000,0.000000,0.000000,0.368866
54,39,00265,fog,318,1,0.000000,1.000000,0.000000,L,1.000000,1.000000,0.000000,0.000000,0.262336
54,39,00265,fog,319,1,0.000000,1.000000,0.000000,L,1.000000,1.000000,0.000000,0.000000,0.244052
54,39,00265,fog,320,1,0.000000,1.000000,0.000000,L,1.000000,1.000000,0.000000,0.000000,0.178448
54,39,00265,fog,404,1,0.000000,1.000000,0.000000,L,1.000000,0.999999,0.000005,0.000000,0.117284
54,39,00265,fog,405,1,0.000000,1.000000,0.000000,L,1.000000,1.000000,0.000003,0.000000,0.181296
54,39,00265,fog,406,1,0.000000,1.000000,0.000000,L,1.000000,1.000000,0.000001,0.000000,0.192069
54,39,00265,fog,407,1,0.000000,1.000000,0.000000,L,1.000000,1.000000,0.000001,0.000000,0.194096
54,39,00265,fog,212,0,0.000000,1.000000,0.000000,L,1.000000,1.000000,0.000000,0.000000,0.075212
54,39,00265,fog,1070,0,0.000000,1.000000,0.000000,L,1.000000,1.000000,0.000000,0.000000,0.084405
54,39,00265,fog,1049,0,0.000000,1.000000,0.000000,L,1.000000,1.000000,0.000001,0.000000,0.084971
54,39,00265,fog,465,0,0.000000,1.000000,0.000000,L,1.000000,1.000000,0.000001,0.000000,0.072693
54,39,00265,fog,1211,0,0.000000,1.000000,0.000000,L,1.000000,1.000000,0.000000,0.000000,0.080288
54,39,00265,fog,1105,0,0.000000,1.000000,0.000000,L,1.000000,1.000000,0.000000,0.000000,0.134054
54,39,00265,fog,291,0,0.000001,0.999999,0.000000,L,0.999999,0.999998,0.000012,0.000001,0.085609
54,39,00265,fog,342,0,0.000000,1.000000,0.000000,L,1.000000,1.000000,0.000000,0.000000,0.162634
54,39,00265,fog,1035,0,0.000000,1.000000,0.000000,L,1.000000,1.000000,0.000000,0.000000,0.067368
54,39,00265,fog,1421,0,0.000000,1.000000,0.000000,L,1.000000,1.000000,0.000000,0.000000,0.073937
54,39,00265,fog,1382,0,0.000000,1.000000,0.000000,L,1.000000,1.000000,0.000000,0.000000,0.091175
54,39,00265,fog,440,0,0.000000,1.000000,0.000000,L,1.000000,1.000000,0.000000,0.000000,0.093289
54,39,00265,fog,390,0,0.000000,1.000000,0.000000,L,1.000000,1.000000,0.000000,0.000000,0.079003
54,39,00265,fog,43,0,0.000000,1.000000,0.000000,L,1.000000,1.000000,0.000004,0.000000,0.110370
54,39,00265,fog,1204,0,0.000000,1.000000,0.000000,L,1.000000,1.000000,0.000000,0.000000,0.059731
54,39,00265,fog,1398,0,0.000000,1.000000,0.000000,L,1.000000,1.000000,0.000000,0.000000,0.061728
54,39,00265,fog,674,0,0.000000,1.000000,0.000000,L,1.000000,1.000000,0.000000,0.000000,0.077713
54,39,00265,fog,411,0,0.000000,1.000000,0.000000,L,1.000000,1.000000,0.000000,0.000000,0.097323
55,39,00491,fog,1136,1,0.000000,1.000000,0.000000,L,1.000000,1.000000,0.000003,0.000000,0.110885
55,39,00491,fog,1137,1,0.000000,1.000000,0.000000,L,1.000000,1.000000,0.000000,0.000000,0.176300
55,39,00491,fog,1138,1,0.000000,1.000000,0.000000,L,1.000000,1.000000,0.000000,0.000000,0.288510
55,39,00491,fog,1139,1,0.000000,1.000000,0.000000,L,1.000000,1.000000,0.000000,0.000000,0.244452
55,39,00491,fog,1225,1,0.000000,1.000000,0.000000,L,1.000000,1.000000,0.000001,0.000000,0.222055
55,39,00491,fog,1226,1,0.000000,1.000000,0.000000,L,1.000000,0.999999,0.000008,0.000001,0.230197
55,39,00491,fog,1227,1,0.000000,1.000000,0.000000,L,1.000000,1.000000,0.000000,0.000000,0.507615
55,39,00491,fog,1228,1,0.000000,1.000000,0.000000,L,1.000000,1.000000,-0.000000,0.000000,0.727855
55,39,00491,fog,1229,1,0.000000,1.000000,0.000000,L,1.000000,1.000000,-0.000000,0.000000,0.750075
55,39,00491,fog,1230,1,0.000000,1.000000,0.000000,L,1.000000,1.000000,0.000000,0.000000,0.396843
55,39,00491,fog,1231,1,0.000000,1.000000,0.000000,L,1.000000,1.000000,0.000001,0.000000,0.221551
55,39,00491,fog,1315,1,0.000000,1.000000,0.000000,L,1.000000,1.000000,0.000001,0.000000,0.253931
55,39,00491,fog,1316,1,0.000000,1.000000,0.000000,L,1.000000,1.000000,0.000002,0.000000,0.304683
55,39,00491,fog,1317,1,0.000000,1.000000,0.000000,L,1.000000,1.000000,0.000000,0.000000,0.436138
55,39,00491,fog,1318,1,0.000000,1.000000,0.000000,L,1.000000,1.000000,-0.000000,0.000000,0.722534
55,39,00491,fog,1319,1,0.000000,1.000000,0.000000,L,1.000000,1.000000,-0.000000,0.000000,0.702012
55,39,00491,fog,1320,1,0.000000,1.000000,0.000000,L,1.000000,1.000000,0.000000,0.000000,0.401199
55,39,00491,fog,1321,1,0.000000,1.000000,0.000000,L,1.000000,1.000000,0.000003,0.000000,0.225012
55,39,00491,fog,1405,1,0.000000,1.000000,0.000000,L,1.000000,1.000000,0.000002,0.000000,0.177166
55,39,00491,fog,1406,1,0.000000,1.000000,0.000000,L,1.000000,1.000000,0.000002,0.000000,0.216520
55,39,00491,fog,1407,1,0.000000,1.000000,0.000000,L,1.000000,1.000000,0.000000,0.000000,0.261956
55,39,00491,fog,1408,1,0.000000,1.000000,0.000000,L,1.000000,1.000000,0.000000,0.000000,0.274968
55,39,00491,fog,1409,1,0.000000,1.000000,0.000000,L,1.000000,1.000000,0.000000,0.000000,0.237113
55,39,00491,fog,1410,1,0.000000,1.000000,0.000000,L,1.000000,1.000000,0.000002,0.000000,0.223366
55,39,00491,fog,1411,1,0.000000,1.000000,0.000000,L,1.000000,1.000000,0.000001,0.000000,0.122584
55,39,00491,fog,643,0,0.000000,1.000000,0.000000,L,1.000000,1.000000,0.000000,0.000000,0.123758
55,39,00491,fog,1241,0,0.000000,1.000000,0.000000,L,1.000000,1.000000,0.000000,0.000000,0.112061
55,39,00491,fog,1436,0,0.000000,1.000000,0.000000,L,1.000000,1.000000,0.000001,0.000000,0.131419
55,39,00491,fog,957,0,0.000000,1.000000,0.000000,L,1.000000,1.000000,0.000000,0.000000,0.069728
55,39,00491,fog,950,0,0.000000,1.000000,0.000000,L,1.000000,1.000000,0.000000,0.000000,0.064740
55,39,00491,fog,527,0,0.000000,1.000000,0.000000,L,1.000000,1.000000,0.000000,0.000000,0.107703
55,39,00491,fog,255,0,0.000000,1.000000,0.000000,L,1.000000,1.000000,0.000000,0.000000,0.072045
55,39,00491,fog,9,0,0.000000,1.000000,0.000000,L,1.000000,1.000000,0.000002,0.000000,0.072005
55,39,00491,fog,794,0,0.000000,1.000000,0.000000,L,1.000000,1.000000,0.000000,0.000000,0.086064
55,39,00491,fog,1058,0,0.000000,1.000000,0.000000,L,1.000000,1.000000,0.000000,0.000000,0.092578
55,39,00491,fog,1266,0,0.000000,1.000000,0.000000,L,1.000000,0.999999,0.000005,0.000000,0.105539
55,39,00491,fog,1302,0,0.000000,1.000000,0.000000,L,1.000000,1.000000,0.000000,0.000000,0.080711
55,39,00491,fog,1122,0,0.000000,1.000000,0.000000,L,1.000000,1.000000,0.000000,0.000000,0.096599
55,39,00491,fog,1438,0,0.000000,1.000000,0.000000,L,1.000000,1.000000,0.000000,0.000000,0.114798
55,39,00491,fog,549,0,0.000000,1.000000,0.000000,L,1.000000,1.000000,0.000000,0.000000,0.135804
55,39,00491,fog,154,0,0.000000,1.000000,0.000000,L,1.000000,1.000000,0.000002,0.000000,0.065402
55,39,00491,fog,152,0,0.000000,1.000000,0.000000,L,1.000000,1.000000,0.000002,0.000000,0.075927
55,39,00491,fog,1223,0,0.000000,1.000000,0.000000,L,1.000000,1.000000,0.000000,0.000000,0.071648
56,39,00537,fog,685,1,0.000000,1.000000,0.000000,L,1.000000,1.000000,0.000002,0.000000,0.205091
56,39,00537,fog,686,1,0.000000,1.000000,0.000000,L,1.000000,1.000000,0.000003,0.000000,0.232528
56,39,00537,fog,687,1,0.000000,1.000000,0.000000,L,1.000000,1.000000,0.000003,0.000000,0.268584
56,39,00537,fog,688,1,0.000000,1.000000,0.000000,L,1.000000,1.000000,0.000003,0.000000,0.302741
56,39,00537,fog,689,1,0.000000,1.000000,0.000000,L,1.000000,0.999999,0.000005,0.000000,0.249435
56,39,00537,fog,690,1,0.000000,1.000000,0.000000,L,1.000000,1.000000,0.000001,0.000000,0.230400
56,39,00537,fog,691,1,0.000000,1.000000,0.000000,L,1.000000,1.000000,0.000000,0.000000,0.168002
56,39,00537,fog,775,1,0.000000,1.000000,0.000000,L,1.000000,1.000000,0.000000,0.000000,0.262542
56,39,00537,fog,776,1,0.000000,1.000000,0.000000,L,1.000000,1.000000,0.000000,0.000000,0.353158
56,39,00537,fog,777,1,0.000000,1.000000,0.000000,L,1.000000,1.000000,-0.000000,0.000000,0.829000
56,39,00537,fog,778,1,0.000000,1.000000,0.000000,L,1.000000,1.000000,-0.000000,0.000000,0.971780
56,39,00537,fog,779,1,0.000000,1.000000,0.000000,L,1.000000,1.000000,-0.000000,0.000000,0.736554
56,39,00537,fog,780,1,0.000000,1.000000,0.000000,L,1.000000,1.000000,0.000001,0.000000,0.289570
56,39,00537,fog,781,1,0.000000,1.000000,0.000000,L,1.000000,1.000000,0.000000,0.000000,0.228433
56,39,00537,fog,865,1,0.000000,1.000000,0.000000,L,1.000000,1.000000,0.000001,0.000000,0.231259
56,39,00537,fog,866,1,0.000000,1.000000,0.000000,L,1.000000,1.000000,0.000000,0.000000,0.272875
56,39,00537,fog,867,1,0.000000,1.000000,0.000000,L,1.000000,1.000000,-0.000000,0.000000,0.638448
56,39,00537,fog,868,1,0.000000,1.000000,0.000000,L,1.000000,1.000000,-0.000000,0.000000,0.721731
56,39,00537,fog,869,1,0.000000,1.000000,0.000000,L,1.000000,1.000000,-0.000000,0.000000,0.556053
56,39,00537,fog,870,1,0.000000,1.000000,0.000000,L,1.000000,1.000000,0.000001,0.000000,0.263998
56,39,00537,fog,871,1,0.000000,1.000000,0.000000,L,1.000000,1.000000,0.000000,0.000000,0.196641
56,39,00537,fog,955,1,0.000000,1.000000,0.000000,L,1.000000,0.999999,0.000005,0.000000,0.146805
56,39,00537,fog,956,1,0.000000,1.000000,0.000000,L,1.000000,1.000000,0.000001,0.000000,0.212320
56,39,00537,fog,957,1,0.000000,1.000000,0.000000,L,1.000000,1.000000,0.000000,0.000000,0.249389
56,39,00537,fog,958,1,0.000000,1.000000,0.000000,L,1.000000,1.000000,0.000000,0.000000,0.259511
56,39,00537,fog,959,1,0.000000,1.000000,0.000000,L,1.000000,1.000000,0.000001,0.000000,0.243431
56,39,00537,fog,960,1,0.000000,1.000000,0.000000,L,1.000000,1.000000,0.000000,0.000000,0.245511
56,39,00537,fog,961,1,0.000000,1.000000,0.000000,L,1.000000,1.000000,0.000000,0.000000,0.140447
56,39,00537,fog,756,0,0.000000,1.000000,0.000000,L,1.000000,1.000000,0.000000,0.000000,0.096743
56,39,00537,fog,61,0,0.000000,1.000000,0.000000,L,1.000000,1.000000,0.000001,0.000000,0.068766
56,39,00537,fog,1396,0,0.000000,1.000000,0.000000,L,1.000000,1.000000,0.000001,0.000000,0.113428
56,39,00537,fog,972,0,0.000000,1.000000,0.000000,L,1.000000,1.000000,0.000000,0.000000,0.062229
56,39,00537,fog,1128,0,0.000000,1.000000,0.000000,L,1.000000,1.000000,0.000000,0.000000,0.089627
56,39,00537,fog,494,0,0.000000,1.000000,0.000000,L,1.000000,1.000000,0.000000,0.000000,0.092275
56,39,00537,fog,783,0,0.000000,1.000000,0.000000,L,1.000000,1.000000,0.000000,0.000000,0.096270
56,39,00537,fog,1281,0,0.000000,1.000000,0.000000,L,1.000000,1.000000,0.000001,0.000000,0.194349
56,39,00537,fog,588,0,0.000000,1.000000,0.000000,L,1.000000,1.000000,0.000000,0.000000,0.123615
56,39,00537,fog,1303,0,0.000000,1.000000,0.000000,L,1.000000,1.000000,0.000000,0.000000,0.147915
56,39,00537,fog,465,0,0.000000,1.000000,0.000000,L,1.000000,1.000000,0.000001,0.000000,0.062123
56,39,00537,fog,1360,0,0.000000,1.000000,0.000000,L,1.000000,1.000000,0.000003,0.000000,0.196666
56,39,00537,fog,204,0,0.000000,1.000000,0.000000,L,1.000000,1.000000,0.000001,0.000000,0.128893
56,39,00537,fog,350,0,0.000000,1.000000,0.000000,L,1.000000,1.000000,0.000000,0.000000,0.074000
56,39,00537,fog,311,0,0.000000,1.000000,0.000000,L,1.000000,1.000000,0.000002,0.000000,0.125077
56,39,00537,fog,29,0,0.000000,1.000000,0.000000,L,1.000000,1.000000,0.000000,0.000000,0.117268
56,39,00537,fog,535,0,0.000000,1.000000,0.000000,L,1.000000,1.000000,0.000000,0.000000,0.087153
56,39,00537,fog,399,0,0.000000,1.000000,0.000000,L,1.000000,1.000000,0.000001,0.000000,0.104132
57,39,00582,fog,493,1,0.000000,1.000000,0.000000,L,1.000000,1.000000,0.000001,0.000000,0.189583
57,39,00582,fog,494,1,0.000000,1.000000,0.000000,L,1.000000,1.000000,0.000003,0.000000,0.147389
57,39,00582,fog,495,1,0.000000,1.000000,0.000000,L,1.000000,1.000000,0.000001,0.000000,0.187243
57,39,00582,fog,496,1,0.000000,1.000000,0.000000,L,1.000000,1.000000,0.000002,0.000000,0.220670
57,39,00582,fog,497,1,0.000000,1.000000,0.000000,L,1.000000,1.000000,0.000004,0.000000,0.226318
57,39,00582,fog,498,1,0.000000,1.000000,0.000000,L,1.000000,1.000000,0.000001,0.000000,0.223538
57,39,00582,fog,499,1,0.000000,1.000000,0.000000,L,1.000000,1.000000,0.000000,0.000000,0.113788
57,39,00582,fog,583,1,0.000000,1.000000,0.000000,L,1.000000,1.000000,0.000000,0.000000,0.249038
57,39,00582,fog,584,1,0.000000,1.000000,0.000000,L,1.000000,1.000000,0.000003,0.000000,0.226403
57,39,00582,fog,585,1,0.000000,1.000000,0.000000,L,1.000000,1.000000,0.000000,0.000000,0.272471
57,39,00582,fog,586,1,0.000000,1.000000,0.000000,L,1.000000,1.000000,-0.000000,0.000000,0.639910
57,39,00582,fog,587,1,0.000000,1.000000,0.000000,L,1.000000,1.000000,-0.000000,0.000000,0.671326
57,39,00582,fog,588,1,0.000000,1.000000,0.000000,L,1.000000,1.000000,0.000000,0.000000,0.265778
57,39,00582,fog,589,1,0.000000,1.000000,0.000000,L,1.000000,1.000000,0.000000,0.000000,0.232003
57,39,00582,fog,673,1,0.000000,1.000000,0.000000,L,1.000000,1.000000,0.000000,0.000000,0.259403
57,39,00582,fog,674,1,0.000000,1.000000,0.000000,L,1.000000,1.000000,0.000001,0.000000,0.248100
57,39,00582,fog,675,1,0.000000,1.000000,0.000000,L,1.000000,1.000000,-0.000000,0.000000,0.511366
57,39,00582,fog,676,1,0.000000,1.000000,0.000000,L,1.000000,1.000000,-0.000000,0.000000,0.926793
57,39,00582,fog,677,1,0.000000,1.000000,0.000000,L,1.000000,1.000000,-0.000000,0.000000,0.954130
57,39,00582,fog,678,1,0.000000,1.000000,0.000000,L,1.000000,1.000000,-0.000000,0.000000,0.488405
57,39,00582,fog,679,1,0.000000,1.000000,0.000000,L,1.000000,1.000000,0.000000,0.000000,0.242174
57,39,00582,fog,763,1,0.000000,1.000000,0.000000,L,1.000000,1.000000,0.000000,0.000000,0.208951
57,39,00582,fog,764,1,0.000000,1.000000,0.000000,L,1.000000,1.000000,0.000002,0.000000,0.238393
57,39,00582,fog,765,1,0.000000,1.000000,0.000000,L,1.000000,1.000000,0.000000,0.000000,0.251099
57,39,00582,fog,766,1,0.000000,1.000000,0.000000,L,1.000000,1.000000,0.000000,0.000000,0.302492
57,39,00582,fog,767,1,0.000000,1.000000,0.000000,L,1.000000,1.000000,0.000000,0.000000,0.306456
57,39,00582,fog,768,1,0.000000,1.000000,0.000000,L,1.000000,1.000000,0.000001,0.000000,0.240708
57,39,00582,fog,769,1,0.000000,1.000000,0.000000,L,1.000000,1.000000,0.000000,0.000000,0.204110
57,39,00582,fog,30,0,0.000000,1.000000,0.000000,L,1.000000,1.000000,0.000001,0.000000,0.134744
57,39,00582,fog,1106,0,0.000000,1.000000,0.000000,L,1.000000,1.000000,0.000000,0.000000,0.097354
57,39,00582,fog,523,0,0.000000,1.000000,0.000000,L,1.000000,1.000000,0.000000,0.000000,0.169663
57,39,00582,fog,1199,0,0.000000,1.000000,0.000000,L,1.000000,1.000000,0.000000,0.000000,0.105814
57,39,00582,fog,309,0,0.000000,1.000000,0.000000,L,1.000000,1.000000,0.000001,0.000000,0.151643
57,39,00582,fog,717,0,0.000000,1.000000,0.000000,L,1.000000,1.000000,0.000000,0.000000,0.099588
57,39,00582,fog,609,0,0.000000,1.000000,0.000000,L,1.000000,1.000000,0.000000,0.000000,0.094375
57,39,00582,fog,14,0,0.000000,1.000000,0.000000,L,1.000000,1.000000,0.000000,0.000000,0.164469
57,39,00582,fog,23,0,0.000000,1.000000,0.000000,L,1.000000,1.000000,0.000001,0.000000,0.189150
57,39,00582,fog,1381,0,0.000000,1.000000,0.000000,L,1.000000,1.000000,0.000000,0.000000,0.110523
57,39,00582,fog,806,0,0.000000,1.000000,0.000000,L,1.000000,1.000000,0.000000,0.000000,0.083404
57,39,00582,fog,1095,0,0.000000,1.000000,0.000000,L,1.000000,1.000000,0.000000,0.000000,0.109242
57,39,00582,fog,220,0,0.000000,1.000000,0.000000,L,1.000000,1.000000,0.000000,0.000000,0.166787
57,39,00582,fog,89,0,0.000000,1.000000,0.000000,L,1.000000,1.000000,0.000000,0.000000,0.153840
57,39,00582,fog,622,0,0.000000,1.000000,0.000000,L,1.000000,1.000000,0.000000,0.000000,0.080541
57,39,00582,fog,761,0,0.000000,1.000000,0.000000,L,1.000000,1.000000,0.000001,0.000000,0.146594
57,39,00582,fog,222,0,0.000000,1.000000,0.000000,L,1.000000,1.000000,0.000001,0.000000,0.163913
57,39,00582,fog,509,0,0.000000,1.000000,0.000000,L,1.000000,1.000000,0.000000,0.000000,0.062472
58,40,00476,fog,324,1,0.000000,1.000000,0.000000,L,1.000000,1.000000,0.000000,0.000000,0.294477
58,40,00476,fog,413,1,0.000000,1.000000,0.000000,L,1.000000,1.000000,0.000001,0.000000,0.228634
58,40,00476,fog,100,1,0.000000,1.000000,0.000000,L,1.000000,1.000000,0.000003,0.000000,0.228757
58,40,00476,fog,519,1,0.000000,1.000000,0.000000,L,1.000000,1.000000,0.000000,0.000000,0.107967
58,40,00476,fog,701,1,0.000000,1.000000,0.000000,L,1.000000,1.000000,-0.000000,0.000000,0.546585
58,40,00476,fog,97,1,0.000000,1.000000,0.000000,L,1.000000,1.000000,0.000002,0.000000,0.149721
58,40,00476,fog,234,1,0.000000,1.000000,0.000000,L,1.000000,1.000000,-0.000000,0.000000,0.543206
58,40,00476,fog,325,1,0.000000,1.000000,0.000000,L,1.000000,1.000000,0.000000,0.000000,0.509261
58,40,00476,fog,190,1,0.000000,1.000000,0.000000,L,1.000000,1.000000,-0.000000,0.000000,0.651752
58,40,00476,fog,366,1,0.000000,1.000000,0.000000,L,1.000000,1.000000,0.000000,0.000000,0.214232
58,40,00476,fog,525,1,0.000000,1.000000,0.000000,L,1.000000,1.000000,0.000000,0.000000,0.113874
58,40,00476,fog,523,1,0.000000,1.000000,0.000000,L,1.000000,1.000000,0.000000,0.000000,0.226783
58,40,00476,fog,371,1,0.000000,1.000000,0.000000,L,1.000000,1.000000,0.000000,0.000000,0.240628
58,40,00476,fog,58,1,0.000000,1.000000,0.000000,L,1.000000,1.000000,0.000001,0.000000,0.124509
58,40,00476,fog,370,1,0.000000,1.000000,0.000000,L,1.000000,1.000000,0.000000,0.000000,0.278702
58,40,00476,fog,98,1,0.000000,1.000000,0.000000,L,1.000000,1.000000,0.000001,0.000000,0.169317
58,40,00476,fog,56,1,0.000000,1.000000,0.000000,L,1.000000,0.999999,0.000006,0.000001,0.223830
58,40,00476,fog,795,1,0.000000,1.000000,0.000000,L,1.000000,1.000000,0.000000,0.000000,0.107359
58,40,00476,fog,146,1,0.000000,1.000000,0.000000,L,1.000000,1.000000,0.000000,0.000000,0.358974
58,40,00476,fog,791,1,0.000000,1.000000,0.000000,L,1.000000,1.000000,0.000000,0.000000,0.378549
58,40,00476,fog,614,1,0.000000,1.000000,0.000000,L,1.000000,1.000000,0.000000,0.000000,0.186663
58,40,00476,fog,794,1,0.000000,1.000000,0.000000,L,1.000000,1.000000,0.000000,0.000000,0.184825
58,40,00476,fog,700,1,0.000000,1.000000,0.000000,L,1.000000,1.000000,0.000000,0.000000,0.239912
58,40,00476,fog,278,1,0.000000,1.000000,0.000000,L,1.000000,1.000000,-0.000000,0.000000,0.510035
58,40,00476,fog,103,1,0.000000,1.000000,0.000000,L,1.000000,1.000000,0.000001,0.000000,0.095183
58,40,00476,fog,367,1,0.000000,1.000000,0.000000,L,1.000000,1.000000,0.000001,0.000000,0.241959
58,40,00476,fog,328,1,0.000000,1.000000,0.000000,L,1.000000,1.000000,0.000000,0.000000,0.244595
58,40,00476,fog,99,1,0.000000,1.000000,0.000000,L,1.000000,1.000000,0.000003,0.000000,0.214118
58,40,00476,fog,237,1,0.000000,1.000000,0.000000,L,1.000000,1.000000,0.000000,0.000000,0.358953
58,40,00476,fog,145,1,0.000000,1.000000,0.000000,L,1.000000,1.000000,0.000000,0.000000,0.389846
58,40,00476,fog,610,1,0.000000,1.000000,0.000000,L,1.000000,1.000000,0.000000,0.000000,0.163089
58,40,00476,fog,279,1,0.000000,1.000000,0.000000,L,1.000000,1.000000,-0.000000,0.000000,0.875610
58,40,00476,fog,235,1,0.000000,1.000000,0.000000,L,1.000000,1.000000,-0.000000,0.000000,0.901255
58,40,00476,fog,412,1,0.000000,1.000000,0.000000,L,1.000000,1.000000,0.000001,0.000000,0.229046
58,40,00476,fog,792,1,0.000000,1.000000,0.000000,L,1.000000,1.000000,0.000000,0.000000,0.475451
58,40,00476,fog,520,1,0.000000,1.000000,0.000000,L,1.000000,1.000000,0.000000,0.000000,0.117469
58,40,00476,fog,1326,0,0.000000,1.000000,0.000000,L,1.000000,1.000000,0.000000,0.000000,0.082422
58,40,00476,fog,1252,0,0.000000,1.000000,0.000000,L,1.000000,1.000000,0.000000,0.000000,0.129116
58,40,00476,fog,107,0,0.000000,1.000000,0.000000,L,1.000000,1.000000,0.000002,0.000000,0.142533
58,40,00476,fog,545,0,0.000000,1.000000,0.000000,L,1.000000,1.000000,0.000003,0.000000,0.132337
58,40,00476,fog,996,0,0.000000,1.000000,0.000000,L,1.000000,1.000000,0.000000,0.000000,0.149861
58,40,00476,fog,184,0,0.000000,1.000000,0.000000,L,1.000000,1.000000,0.000001,0.000000,0.174916
58,40,00476,fog,400,0,0.000000,1.000000,0.000000,L,1.000000,1.000000,0.000000,0.000000,0.087089
58,40,00476,fog,820,0,0.000000,1.000000,0.000000,L,1.000000,1.000000,0.000003,0.000000,0.089459
58,40,00476,fog,626,0,0.000000,1.000000,0.000000,L,1.000000,1.000000,0.000000,0.000000,0.142919
58,40,00476,fog,110,0,0.000000,1.000000,0.000000,L,1.000000,1.000000,0.000002,0.000000,0.126126
58,40,00476,fog,1407,0,0.000000,1.000000,0.000000,L,1.000000,1.000000,0.000000,0.000000,0.087651
58,40,00476,fog,978,0,0.000000,1.000000,0.000000,L,1.000000,1.000000,0.000000,0.000000,0.082755
58,40,00476,fog,137,0,0.000000,1.000000,0.000000,L,1.000000,1.000000,0.000001,0.000000,0.110564
58,40,00476,fog,126,0,0.000000,1.000000,0.000000,L,1.000000,1.000000,0.000001,0.000000,0.071195
58,40,00476,fog,1071,0,0.000000,1.000000,0.000000,L,1.000000,1.000000,0.000000,0.000000,0.115927
58,40,00476,fog,60,0,0.000000,1.000000,0.000000,L,1.000000,1.000000,0.000001,0.000000,0.089839
58,40,00476,fog,898,0,0.000000,1.000000,0.000000,L,1.000000,1.000000,0.000000,0.000000,0.130868
58,40,00476,fog,1384,0,0.000000,1.000000,0.000000,L,1.000000,1.000000,0.000001,0.000000,0.085054
59,40,00521,fog,221,1,0.000000,1.000000,0.000000,L,1.000000,1.000000,0.000001,0.000000,0.234462
59,40,00521,fog,706,1,0.000000,1.000000,0.000000,L,1.000000,1.000000,-0.000000,0.000000,0.784992
59,40,00521,fog,703,1,0.000000,1.000000,0.000000,L,1.000000,1.000000,0.000001,0.000000,0.182136
59,40,00521,fog,796,1,0.000000,1.000000,0.000000,L,1.000000,1.000000,0.000000,0.000000,0.285189
59,40,00521,fog,527,1,0.000000,1.000000,0.000000,L,1.000000,1.000000,0.000000,0.000000,0.230288
59,40,00521,fog,614,1,0.000000,1.000000,0.000000,L,1.000000,1.000000,0.000001,0.000000,0.252257
59,40,00521,fog,362,1,0.000000,1.000000,0.000000,L,1.000000,1.000000,0.000001,0.000000,0.249617
59,40,00521,fog,125,1,0.000000,1.000000,0.000000,L,1.000000,0.999999,0.000006,0.000001,0.182137
59,40,00521,fog,617,1,0.000000,1.000000,0.000000,L,1.000000,1.000000,-0.000000,0.000000,0.534511
59,40,00521,fog,184,1,0.000000,1.000000,0.000000,L,1.000000,1.000000,0.000000,0.000000,0.230114
59,40,00521,fog,396,1,0.000000,1.000000,0.000000,L,1.000000,1.000000,0.000003,0.000000,0.228929
59,40,00521,fog,523,1,0.000000,1.000000,0.000000,L,1.000000,1.000000,0.000000,0.000000,0.150455
59,40,00521,fog,94,1,0.000000,1.000000,0.000000,L,1.000000,1.000000,0.000001,0.000000,0.198173
59,40,00521,fog,619,1,0.000000,1.000000,0.000000,L,1.000000,1.000000,0.000000,0.000000,0.163627
59,40,00521,fog,616,1,0.000000,1.000000,0.000000,L,1.000000,1.000000,-0.000000,0.000000,0.635307
59,40,00521,fog,799,1,0.000000,1.000000,0.000000,L,1.000000,1.000000,0.000000,0.000000,0.107118
59,40,00521,fog,615,1,0.000000,1.000000,0.000000,L,1.000000,1.000000,0.000000,0.000000,0.395833
59,40,00521,fog,363,1,0.000000,1.000000,0.000000,L,1.000000,1.000000,0.000001,0.000000,0.239285
59,40,00521,fog,128,1,0.000000,1.000000,0.000000,L,1.000000,1.000000,0.000004,0.000000,0.236328
59,40,00521,fog,307,1,0.000000,1.000000,0.000000,L,1.000000,1.000000,-0.000000,0.000000,0.565525
59,40,00521,fog,274,1,0.000000,1.000000,0.000000,L,1.000000,1.000000,0.000000,0.000000,0.235344
59,40,00521,fog,311,1,0.000000,1.000000,0.000000,L,1.000000,1.000000,0.000001,0.000000,0.244849
59,40,00521,fog,218,1,0.000000,1.000000,0.000000,L,1.000000,1.000000,-0.000000,0.000000,0.899825
59,40,00521,fog,90,1,0.000000,1.000000,0.000000,L,1.000000,1.000000,0.000000,0.000000,0.174132
59,40,00521,fog,709,1,0.000000,1.000000,0.000000,L,1.000000,1.000000,0.000000,0.000000,0.172565
59,40,00521,fog,220,1,0.000000,1.000000,0.000000,L,1.000000,1.000000,0.000001,0.000000,0.259450
59,40,00521,fog,181,1,0.000000,1.000000,0.000000,L,1.000000,1.000000,-0.000000,0.000000,0.443791
59,40,00521,fog,215,1,0.000000,1.000000,0.000000,L,1.000000,1.000000,0.000003,0.000000,0.222831
59,40,00521,fog,795,1,0.000000,1.000000,0.000000,L,1.000000,1.000000,0.000003,0.000000,0.235414
59,40,00521,fog,613,1,0.000000,1.000000,0.000000,L,1.000000,1.000000,0.000000,0.000000,0.206597
59,40,00521,fog,272,1,0.000000,1.000000,0.000000,L,1.000000,1.000000,-0.000000,0.000000,0.757117
59,40,00521,fog,400,1,0.000000,1.000000,0.000000,L,1.000000,1.000000,0.000001,0.000000,0.241362
59,40,00521,fog,360,1,0.000000,1.000000,0.000000,L,1.000000,1.000000,0.000001,0.000000,0.232342
59,40,00521,fog,704,1,0.000000,1.000000,0.000000,L,1.000000,1.000000,0.000003,0.000000,0.264079
59,40,00521,fog,310,1,0.000000,1.000000,0.000000,L,1.000000,1.000000,0.000000,0.000000,0.267036
59,40,00521,fog,273,1,0.000000,1.000000,0.000000,L,1.000000,1.000000,-0.000000,0.000000,0.453311
59,40,00521,fog,569,0,0.000000,1.000000,0.000000,L,1.000000,1.000000,0.000000,0.000000,0.133993
59,40,00521,fog,404,0,0.000000,1.000000,0.000000,L,1.000000,1.000000,0.000001,0.000000,0.151509
59,40,00521,fog,1350,0,0.000000,1.000000,0.000000,L,1.000000,1.000000,0.000003,0.000000,0.162769
59,40,00521,fog,263,0,0.000000,1.000000,0.000000,L,1.000000,1.000000,0.000000,0.000000,0.139017
59,40,00521,fog,380,0,0.000000,1.000000,0.000000,L,1.000000,1.000000,0.000000,0.000000,0.083038
59,40,00521,fog,1005,0,0.000000,1.000000,0.000000,L,1.000000,1.000000,0.000000,0.000000,0.136607
59,40,00521,fog,504,0,0.000000,1.000000,0.000000,L,1.000000,1.000000,0.000000,0.000000,0.136505
59,40,00521,fog,147,0,0.000000,1.000000,0.000000,L,1.000000,1.000000,0.000001,0.000000,0.125808
59,40,00521,fog,471,0,0.000000,1.000000,0.000000,L,1.000000,1.000000,0.000000,0.000000,0.067081
59,40,00521,fog,449,0,0.000000,1.000000,0.000000,L,1.000000,1.000000,0.000000,0.000000,0.137100
59,40,00521,fog,1313,0,0.000000,1.000000,0.000000,L,1.000000,1.000000,0.000000,0.000000,0.136348
59,40,00521,fog,1310,0,0.000000,1.000000,0.000000,L,1.000000,1.000000,0.000000,0.000000,0.135529
59,40,00521,fog,972,0,0.000000,1.000000,0.000000,L,1.000000,1.000000,0.000000,0.000000,0.093362
59,40,00521,fog,233,0,0.000000,1.000000,0.000000,L,1.000000,1.000000,0.000000,0.000000,0.134864
59,40,00521,fog,655,0,0.000000,1.000000,0.000000,L,1.000000,1.000000,0.000000,0.000000,0.088677
59,40,00521,fog,186,0,0.000000,1.000000,0.000000,L,1.000000,1.000000,0.000000,0.000000,0.201248
59,40,00521,fog,1336,0,0.000000,1.000000,0.000000,L,1.000000,1.000000,0.000000,0.000000,0.086862
59,40,00521,fog,1298,0,0.000000,1.000000,0.000000,L,1.000000,1.000000,0.000001,0.000000,0.084987
60,40,00567,fog,201,1,0.000000,1.000000,0.000000,L,1.000000,1.000000,0.000002,0.000000,0.211870
60,40,00567,fog,202,1,0.000000,1.000000,0.000000,L,1.000000,1.000000,0.000000,0.000000,0.188141
60,40,00567,fog,203,1,0.000000,1.000000,0.000000,L,1.000000,1.000000,0.000002,0.000000,0.227239
60,40,00567,fog,204,1,0.000000,1.000000,0.000000,L,1.000000,1.000000,0.000001,0.000000,0.245281
60,40,00567,fog,205,1,0.000000,0.999999,0.000000,L,0.999999,0.999999,0.000010,0.000001,0.236211
60,40,00567,fog,206,1,0.000000,1.000000,0.000000,L,1.000000,0.999999,0.000006,0.000001,0.206661
60,40,00567,fog,207,1,0.000000,1.000000,0.000000,L,1.000000,0.999999,0.000006,0.000000,0.140187
60,40,00567,fog,291,1,0.000000,1.000000,0.000000,L,1.000000,1.000000,0.000000,0.000000,0.210562
60,40,00567,fog,292,1,0.000000,1.000000,0.000000,L,1.000000,1.000000,0.000000,0.000000,0.308486
60,40,00567,fog,293,1,0.000000,1.000000,0.000000,L,1.000000,1.000000,-0.000000,0.000000,0.779676
60,40,00567,fog,294,1,0.000000,1.000000,0.000000,L,1.000000,1.000000,-0.000000,0.000000,0.954868
60,40,00567,fog,295,1,0.000000,1.000000,0.000000,L,1.000000,1.000000,-0.000000,0.000000,0.739109
60,40,00567,fog,296,1,0.000000,1.000000,0.000000,L,1.000000,1.000000,0.000002,0.000000,0.250730
60,40,00567,fog,297,1,0.000000,1.000000,0.000000,L,1.000000,1.000000,0.000000,0.000000,0.175241
60,40,00567,fog,381,1,0.000000,1.000000,0.000000,L,1.000000,1.000000,0.000000,0.000000,0.216108
60,40,00567,fog,382,1,0.000000,1.000000,0.000000,L,1.000000,1.000000,0.000000,0.000000,0.252828
60,40,00567,fog,383,1,0.000000,1.000000,0.000000,L,1.000000,1.000000,-0.000000,0.000000,0.607696
60,40,00567,fog,384,1,0.000000,1.000000,0.000000,L,1.000000,1.000000,-0.000000,0.000000,0.717501
60,40,00567,fog,385,1,0.000000,1.000000,0.000000,L,1.000000,1.000000,-0.000000,0.000000,0.600624
60,40,00567,fog,386,1,0.000000,1.000000,0.000000,L,1.000000,1.000000,0.000000,0.000000,0.313586
60,40,00567,fog,387,1,0.000000,1.000000,0.000000,L,1.000000,1.000000,0.000000,0.000000,0.164927
60,40,00567,fog,471,1,0.000000,1.000000,0.000000,L,1.000000,1.000000,0.000000,0.000000,0.182050
60,40,00567,fog,472,1,0.000000,1.000000,0.000000,L,1.000000,1.000000,0.000001,0.000000,0.217375
60,40,00567,fog,473,1,0.000000,1.000000,0.000000,L,1.000000,1.000000,0.000001,0.000000,0.242327
60,40,00567,fog,474,1,0.000000,1.000000,0.000000,L,1.000000,1.000000,0.000000,0.000000,0.245980
60,40,00567,fog,475,1,0.000000,1.000000,0.000000,L,1.000000,1.000000,0.000000,0.000000,0.238829
60,40,00567,fog,476,1,0.000000,1.000000,0.000000,L,1.000000,1.000000,0.000000,0.000000,0.223600
60,40,00567,fog,477,1,0.000000,1.000000,0.000000,L,1.000000,1.000000,0.000000,0.000000,0.109312
60,40,00567,fog,329,0,0.000000,1.000000,0.000000,L,1.000000,1.000000,0.000000,0.000000,0.220935
60,40,00567,fog,76,0,0.000000,1.000000,0.000000,L,1.000000,1.000000,0.000001,0.000000,0.128990
60,40,00567,fog,1160,0,0.000000,1.000000,0.000000,L,1.000000,1.000000,0.000000,0.000000,0.135029
60,40,00567,fog,1050,0,0.000000,1.000000,0.000000,L,1.000000,1.000000,0.000002,0.000000,0.168771
60,40,00567,fog,800,0,0.000000,1.000000,0.000000,L,1.000000,1.000000,0.000000,0.000000,0.125452
60,40,00567,fog,595,0,0.000000,1.000000,0.000000,L,1.000000,1.000000,0.000000,0.000000,0.133263
60,40,00567,fog,826,0,0.000000,1.000000,0.000000,L,1.000000,1.000000,0.000001,0.000000,0.107900
60,40,00567,fog,502,0,0.000000,1.000000,0.000000,L,1.000000,1.000000,0.000000,0.000000,0.168802
60,40,00567,fog,1347,0,0.000000,1.000000,0.000000,L,1.000000,1.000000,0.000000,0.000000,0.134223
60,40,00567,fog,1068,0,0.000000,1.000000,0.000000,L,1.000000,1.000000,0.000000,0.000000,0.085609
60,40,00567,fog,1356,0,0.000000,1.000000,0.000000,L,1.000000,1.000000,0.000001,0.000000,0.148448
60,40,00567,fog,977,0,0.000000,1.000000,0.000000,L,1.000000,1.000000,0.000000,0.000000,0.123999
60,40,00567,fog,779,0,0.000000,1.000000,0.000000,L,1.000000,1.000000,0.000000,0.000000,0.127321
60,40,00567,fog,731,0,0.000001,0.999999,0.000000,L,0.999999,0.999999,0.000009,0.000001,0.130108
60,40,00567,fog,17,0,0.000000,1.000000,0.000000,L,1.000000,1.000000,0.000001,0.000000,0.162546
60,40,00567,fog,331,0,0.000000,1.000000,0.000000,L,1.000000,1.000000,0.000000,0.000000,0.145242
60,40,00567,fog,111,0,0.000000,1.000000,0.000000,L,1.000000,1.000000,0.000001,0.000000,0.149253
60,40,00567,fog,699,0,0.000000,1.000000,0.000000,L,1.000000,1.000000,0.000000,0.000000,0.073899
61,41,00192,fog,960,1,0.000000,1.000000,0.000000,L,1.000000,1.000000,0.000003,0.000000,0.163736
61,41,00192,fog,961,1,0.000000,1.000000,0.000000,L,1.000000,1.000000,0.000001,0.000000,0.211321
61,41,00192,fog,962,1,0.000000,1.000000,0.000000,L,1.000000,1.000000,0.000002,0.000000,0.237333
61,41,00192,fog,963,1,0.000000,1.000000,0.000000,L,1.000000,1.000000,0.000002,0.000000,0.232617
61,41,00192,fog,964,1,0.000000,1.000000,0.000000,L,1.000000,1.000000,0.000001,0.000000,0.216625
61,41,00192,fog,965,1,0.000000,1.000000,0.000000,L,1.000000,1.000000,0.000000,0.000000,0.128794
61,41,00192,fog,966,1,0.000000,1.000000,0.000000,L,1.000000,1.000000,0.000000,0.000000,0.080145
61,41,00192,fog,1050,1,0.000000,1.000000,0.000000,L,1.000000,1.000000,0.000002,0.000000,0.230786
61,41,00192,fog,1051,1,0.000000,1.000000,0.000000,L,1.000000,1.000000,0.000000,0.000000,0.410495
61,41,00192,fog,1052,1,0.000000,1.000000,0.000000,L,1.000000,1.000000,-0.000000,0.000000,0.748272
61,41,00192,fog,1053,1,0.000000,1.000000,0.000000,L,1.000000,1.000000,-0.000000,0.000000,0.794364
61,41,00192,fog,1054,1,0.000000,1.000000,0.000000,L,1.000000,1.000000,0.000000,0.000000,0.344642
61,41,00192,fog,1055,1,0.000000,1.000000,0.000000,L,1.000000,1.000000,0.000000,0.000000,0.203165
61,41,00192,fog,1056,1,0.000000,1.000000,0.000000,L,1.000000,1.000000,0.000000,0.000000,0.094506
61,41,00192,fog,1140,1,0.000000,1.000000,0.000000,L,1.000000,1.000000,0.000001,0.000000,0.217767
61,41,00192,fog,1141,1,0.000000,1.000000,0.000000,L,1.000000,1.000000,0.000000,0.000000,0.290398
61,41,00192,fog,1142,1,0.000000,1.000000,0.000000,L,1.000000,1.000000,-0.000000,0.000000,0.669474
61,41,00192,fog,1143,1,0.000000,1.000000,0.000000,L,1.000000,1.000000,-0.000000,0.000000,0.696656
61,41,00192,fog,1144,1,0.000000,1.000000,0.000000,L,1.000000,1.000000,0.000000,0.000000,0.396351
61,41,00192,fog,1145,1,0.000000,1.000000,0.000000,L,1.000000,1.000000,0.000000,0.000000,0.220003
61,41,00192,fog,1146,1,0.000000,1.000000,0.000000,L,1.000000,1.000000,0.000000,0.000000,0.113307
61,41,00192,fog,1230,1,0.000000,1.000000,0.000000,L,1.000000,1.000000,0.000002,0.000000,0.137855
61,41,00192,fog,1231,1,0.000000,1.000000,0.000000,L,1.000000,1.000000,0.000001,0.000000,0.202779
61,41,00192,fog,1232,1,0.000000,1.000000,0.000000,L,1.000000,1.000000,0.000000,0.000000,0.226567
61,41,00192,fog,1233,1,0.000000,1.000000,0.000000,L,1.000000,1.000000,0.000000,0.000000,0.228453
61,41,00192,fog,1234,1,0.000000,1.000000,0.000000,L,1.000000,1.000000,0.000000,0.000000,0.225689
61,41,00192,fog,1235,1,0.000000,1.000000,0.000000,L,1.000000,1.000000,0.000000,0.000000,0.123743
61,41,00192,fog,1236,1,0.000000,1.000000,0.000000,L,1.000000,1.000000,0.000000,0.000000,0.113252
61,41,00192,fog,1325,1,0.000000,1.000000,0.000000,L,1.000000,1.000000,0.000000,0.000000,0.135718
61,41,00192,fog,1326,1,0.000000,1.000000,0.000000,L,1.000000,1.000000,0.000000,0.000000,0.122414
61,41,00192,fog,12,0,0.000000,1.000000,0.000000,L,1.000000,1.000000,0.000001,0.000000,0.166757
61,41,00192,fog,905,0,0.000000,1.000000,0.000000,L,1.000000,1.000000,0.000000,0.000000,0.117548
61,41,00192,fog,550,0,0.000000,1.000000,0.000000,L,1.000000,1.000000,0.000000,0.000000,0.069679
61,41,00192,fog,670,0,0.000000,1.000000,0.000000,L,1.000000,1.000000,0.000000,0.000000,0.088827
61,41,00192,fog,306,0,0.000000,1.000000,0.000000,L,1.000000,0.999999,0.000007,0.000000,0.114288
61,41,00192,fog,1408,0,0.000000,1.000000,0.000000,L,1.000000,1.000000,0.000001,0.000000,0.134675
61,41,00192,fog,1241,0,0.000000,1.000000,0.000000,L,1.000000,1.000000,0.000000,0.000000,0.102409
61,41,00192,fog,163,0,0.000000,1.000000,0.000000,L,1.000000,1.000000,0.000001,0.000000,0.137374
61,41,00192,fog,1138,0,0.000000,1.000000,0.000000,L,1.000000,1.000000,0.000000,0.000000,0.181168
61,41,00192,fog,230,0,0.000000,1.000000,0.000000,L,1.000000,1.000000,0.000001,0.000000,0.109743
61,41,00192,fog,785,0,0.000000,1.000000,0.000000,L,1.000000,1.000000,0.000000,0.000000,0.079915
61,41,00192,fog,1340,0,0.000000,1.000000,0.000000,L,1.000000,1.000000,0.000000,0.000000,0.138079
61,41,00192,fog,594,0,0.000000,1.000000,0.000000,L,1.000000,1.000000,0.000000,0.000000,0.093627
61,41,00192,fog,130,0,0.000000,1.000000,0.000000,L,1.000000,1.000000,0.000000,0.000000,0.114970
61,41,00192,fog,1301,0,0.000000,1.000000,0.000000,L,1.000000,1.000000,0.000000,0.000000,0.143060
61,41,00192,fog,795,0,0.000000,1.000000,0.000000,L,1.000000,1.000000,0.000000,0.000000,0.125648
61,41,00192,fog,190,0,0.000000,1.000000,0.000000,L,1.000000,1.000000,0.000002,0.000000,0.112325
61,41,00192,fog,1399,0,0.000000,1.000000,0.000000,L,1.000000,1.000000,0.000000,0.000000,0.076525
62,41,00238,fog,698,1,0.000000,1.000000,0.000000,L,1.000000,1.000000,0.000000,0.000000,0.234291
62,41,00238,fog,699,1,0.000000,1.000000,0.000000,L,1.000000,1.000000,0.000001,0.000000,0.289134
62,41,00238,fog,700,1,0.000000,1.000000,0.000000,L,1.000000,1.000000,0.000000,0.000000,0.530159
62,41,00238,fog,701,1,0.000000,1.000000,0.000000,L,1.000000,1.000000,0.000000,0.000000,0.598814
62,41,00238,fog,702,1,0.000000,1.000000,0.000000,L,1.000000,1.000000,0.000001,0.000000,0.264975
62,41,00238,fog,703,1,0.000000,1.000000,0.000000,L,1.000000,1.000000,0.000000,0.000000,0.208986
62,41,00238,fog,704,1,0.000000,1.000000,0.000000,L,1.000000,1.000000,0.000000,0.000000,0.094376
62,41,00238,fog,788,1,0.000000,1.000000,0.000000,L,1.000000,1.000000,0.000000,0.000000,0.258010
62,41,00238,fog,789,1,0.000000,1.000000,0.000000,L,1.000000,1.000000,0.000000,0.000000,0.358710
62,41,00238,fog,790,1,0.000000,1.000000,0.000000,L,1.000000,1.000000,-0.000000,0.000000,0.802334
62,41,00238,fog,791,1,0.000000,1.000000,0.000000,L,1.000000,1.000000,-0.000000,0.000000,0.846983
62,41,00238,fog,792,1,0.000000,1.000000,0.000000,L,1.000000,1.000000,-0.000000,0.000000,0.658005
62,41,00238,fog,793,1,0.000000,1.000000,0.000000,L,1.000000,1.000000,0.000000,0.000000,0.197570
62,41,00238,fog,794,1,0.000000,1.000000,0.000000,L,1.000000,1.000000,0.000000,0.000000,0.140965
62,41,00238,fog,878,1,0.000000,1.000000,0.000000,L,1.000000,1.000000,0.000000,0.000000,0.230286
62,41,00238,fog,879,1,0.000000,1.000000,0.000000,L,1.000000,1.000000,0.000000,0.000000,0.257701
62,41,00238,fog,880,1,0.000000,1.000000,0.000000,L,1.000000,1.000000,-0.000000,0.000000,0.420215
62,41,00238,fog,881,1,0.000000,1.000000,0.000000,L,1.000000,1.000000,-0.000000,0.000000,0.473414
62,41,00238,fog,882,1,0.000000,1.000000,0.000000,L,1.000000,1.000000,0.000000,0.000000,0.293239
62,41,00238,fog,883,1,0.000000,1.000000,0.000000,L,1.000000,1.000000,0.000000,0.000000,0.082042
62,41,00238,fog,884,1,0.000000,1.000000,0.000000,L,1.000000,1.000000,0.000000,0.000000,0.084173
62,41,00238,fog,968,1,0.000000,1.000000,0.000000,L,1.000000,1.000000,0.000001,0.000000,0.151354
62,41,00238,fog,969,1,0.000000,1.000000,0.000000,L,1.000000,1.000000,0.000000,0.000000,0.195077
62,41,00238,fog,970,1,0.000000,1.000000,0.000000,L,1.000000,1.000000,0.000000,0.000000,0.214465
62,41,00238,fog,971,1,0.000000,1.000000,0.000000,L,1.000000,1.000000,0.000000,0.000000,0.221160
62,41,00238,fog,972,1,0.000000,1.000000,0.000000,L,1.000000,1.000000,0.000000,0.000000,0.210602
62,41,00238,fog,973,1,0.000000,1.000000,0.000000,L,1.000000,1.000000,0.000000,0.000000,0.144245
62,41,00238,fog,974,1,0.000000,1.000000,0.000000,L,1.000000,1.000000,0.000000,0.000000,0.122197
62,41,00238,fog,414,0,0.000000,1.000000,0.000000,L,1.000000,1.000000,0.000000,0.000000,0.102454
62,41,00238,fog,603,0,0.000000,1.000000,0.000000,L,1.000000,1.000000,0.000000,0.000000,0.101182
62,41,00238,fog,1093,0,0.000000,1.000000,0.000000,L,1.000000,1.000000,0.000000,0.000000,0.202037
62,41,00238,fog,149,0,0.000000,1.000000,0.000000,L,1.000000,1.000000,0.000001,0.000000,0.090860
62,41,00238,fog,447,0,0.000000,1.000000,0.000000,L,1.000000,1.000000,0.000000,0.000000,0.158649
62,41,00238,fog,1134,0,0.000000,1.000000,0.000000,L,1.000000,1.000000,0.000000,0.000000,0.105451
62,41,00238,fog,48,0,0.000000,1.000000,0.000000,L,1.000000,1.000000,0.000001,0.000000,0.061152
62,41,00238,fog,1112,0,0.000000,1.000000,0.000000,L,1.000000,1.000000,0.000000,0.000000,0.185513
62,41,00238,fog,1264,0,0.000000,1.000000,0.000000,L,1.000000,1.000000,0.000002,0.000000,0.181443
62,41,00238,fog,298,0,0.000000,1.000000,0.000000,L,1.000000,1.000000,0.000001,0.000000,0.080169
62,41,00238,fog,418,0,0.000000,1.000000,0.000000,L,1.000000,1.000000,0.000000,0.000000,0.122605
62,41,00238,fog,608,0,0.000000,1.000000,0.000000,L,1.000000,1.000000,0.000002,0.000000,0.117315
62,41,00238,fog,244,0,0.000000,1.000000,0.000000,L,1.000000,1.000000,0.000000,0.000000,0.139590
62,41,00238,fog,267,0,0.000000,1.000000,0.000000,L,1.000000,1.000000,0.000000,0.000000,0.145114
62,41,00238,fog,1317,0,0.000000,1.000000,0.000000,L,1.000000,1.000000,0.000000,0.000000,0.136519
62,41,00238,fog,1385,0,0.000000,1.000000,0.000000,L,1.000000,1.000000,0.000004,0.000000,0.154738
62,41,00238,fog,832,0,0.000000,1.000000,0.000000,L,1.000000,1.000000,0.000000,0.000000,0.118819
62,41,00238,fog,1332,0,0.000000,1.000000,0.000000,L,1.000000,1.000000,0.000000,0.000000,0.090079
63,44,00250,fog,1062,1,0.000000,1.000000,0.000000,L,1.000000,1.000000,0.000002,0.000000,0.201300
63,44,00250,fog,1063,1,0.000000,1.000000,0.000000,L,1.000000,1.000000,0.000000,0.000000,0.214785
63,44,00250,fog,1064,1,0.000000,1.000000,0.000000,L,1.000000,1.000000,0.000000,0.000000,0.259590
63,44,00250,fog,1065,1,0.000000,1.000000,0.000000,L,1.000000,1.000000,0.000000,0.000000,0.297440
63,44,00250,fog,1152,1,0.000000,1.000000,0.000000,L,1.000000,1.000000,0.000000,0.000000,0.203399
63,44,00250,fog,1153,1,0.000000,1.000000,0.000000,L,1.000000,1.000000,0.000000,0.000000,0.346015
63,44,00250,fog,1154,1,0.000000,1.000000,0.000000,L,1.000000,1.000000,0.000000,0.000000,0.455273
63,44,00250,fog,1155,1,0.000000,1.000000,0.000000,L,1.000000,1.000000,0.000000,0.000000,0.540623
63,44,00250,fog,1156,1,0.000000,1.000000,0.000000,L,1.000000,1.000000,0.000000,0.000000,0.388629
63,44,00250,fog,1157,1,0.000000,1.000000,0.000000,L,1.000000,1.000000,0.000000,0.000000,0.252706
63,44,00250,fog,1158,1,0.000000,1.000000,0.000000,L,1.000000,1.000000,0.000001,0.000000,0.228011
63,44,00250,fog,1241,1,0.000000,1.000000,0.000000,L,1.000000,1.000000,0.000000,0.000000,0.201129
63,44,00250,fog,1242,1,0.000000,1.000000,0.000000,L,1.000000,1.000000,0.000001,0.000000,0.212125
63,44,00250,fog,1243,1,0.000000,1.000000,0.000000,L,1.000000,1.000000,0.000000,0.000000,0.331691
63,44,00250,fog,1244,1,0.000000,1.000000,0.000000,L,1.000000,1.000000,0.000000,0.000000,0.410816
63,44,00250,fog,1245,1,0.000000,1.000000,0.000000,L,1.000000,1.000000,0.000000,0.000000,0.368962
63,44,00250,fog,1246,1,0.000000,1.000000,0.000000,L,1.000000,1.000000,0.000000,0.000000,0.284289
63,44,00250,fog,1247,1,0.000000,1.000000,0.000000,L,1.000000,1.000000,0.000001,0.000000,0.244272
63,44,00250,fog,1248,1,0.000000,1.000000,0.000000,L,1.000000,1.000000,0.000001,0.000000,0.190487
63,44,00250,fog,1331,1,0.000000,1.000000,0.000000,L,1.000000,0.999999,0.000005,0.000000,0.168188
63,44,00250,fog,1332,1,0.000000,1.000000,0.000000,L,1.000000,1.000000,0.000004,0.000000,0.175833
63,44,00250,fog,1333,1,0.000000,1.000000,0.000000,L,1.000000,1.000000,0.000000,0.000000,0.266414
63,44,00250,fog,1334,1,0.000000,1.000000,0.000000,L,1.000000,1.000000,0.000000,0.000000,0.336824
63,44,00250,fog,1335,1,0.000000,1.000000,0.000000,L,1.000000,1.000000,0.000000,0.000000,0.279536
63,44,00250,fog,1336,1,0.000000,1.000000,0.000000,L,1.000000,1.000000,0.000000,0.000000,0.227534
63,44,00250,fog,1337,1,0.000000,1.000000,0.000000,L,1.000000,1.000000,0.000000,0.000000,0.168690
63,44,00250,fog,1338,1,0.000000,1.000000,0.000000,L,1.000000,1.000000,0.000000,0.000000,0.131750
63,44,00250,fog,1425,1,0.000000,1.000000,0.000000,L,1.000000,1.000000,0.000001,0.000000,0.224045
63,44,00250,fog,1426,1,0.000000,1.000000,0.000000,L,1.000000,1.000000,0.000001,0.000000,0.146349
63,44,00250,fog,1427,1,0.000000,1.000000,0.000000,L,1.000000,1.000000,0.000001,0.000000,0.119608
63,44,00250,fog,556,0,0.000000,1.000000,0.000000,L,1.000000,1.000000,0.000000,0.000000,0.100264
63,44,00250,fog,511,0,0.000000,1.000000,0.000000,L,1.000000,1.000000,0.000000,0.000000,0.072206
63,44,00250,fog,1349,0,0.000000,1.000000,0.000000,L,1.000000,1.000000,0.000000,0.000000,0.132137
63,44,00250,fog,359,0,0.000000,1.000000,0.000000,L,1.000000,1.000000,0.000002,0.000000,0.168904
63,44,00250,fog,946,0,0.000000,1.000000,0.000000,L,1.000000,1.000000,0.000000,0.000000,0.071752
63,44,00250,fog,16,0,0.000000,1.000000,0.000000,L,1.000000,1.000000,0.000003,0.000000,0.051991
63,44,00250,fog,333,0,0.000000,1.000000,0.000000,L,1.000000,0.999999,0.000004,0.000000,0.121862
63,44,00250,fog,1406,0,0.000000,1.000000,0.000000,L,1.000000,1.000000,0.000000,0.000000,0.106706
63,44,00250,fog,1434,0,0.000000,1.000000,0.000000,L,1.000000,1.000000,0.000001,0.000000,0.131754
63,44,00250,fog,980,0,0.000000,1.000000,0.000000,L,1.000000,1.000000,0.000000,0.000000,0.138860
63,44,00250,fog,234,0,0.000001,0.999999,0.000000,L,0.999999,0.999999,0.000010,0.000001,0.099262
63,44,00250,fog,394,0,0.000000,1.000000,0.000000,L,1.000000,1.000000,0.000000,0.000000,0.120733
63,44,00250,fog,1365,0,0.000000,1.000000,0.000000,L,1.000000,1.000000,0.000000,0.000000,0.145341
63,44,00250,fog,454,0,0.000000,1.000000,0.000000,L,1.000000,1.000000,0.000002,0.000000,0.176346
63,44,00250,fog,58,0,0.000000,1.000000,0.000000,L,1.000000,1.000000,0.000001,0.000000,0.125413
63,44,00250,fog,83,0,0.000000,1.000000,0.000000,L,1.000000,0.999999,0.000006,0.000000,0.109263
63,44,00250,fog,990,0,0.000000,1.000000,0.000000,L,1.000000,1.000000,0.000000,0.000000,0.129189
63,44,00250,fog,139,0,0.000000,1.000000,0.000000,L,1.000000,1.000000,0.000001,0.000000,0.060449
64,44,00583,fog,757,1,0.000000,1.000000,0.000000,L,1.000000,1.000000,-0.000000,0.000000,0.409887
64,44,00583,fog,758,1,0.000000,1.000000,0.000000,L,1.000000,1.000000,-0.000000,0.000000,0.601132
64,44,00583,fog,759,1,0.000000,1.000000,0.000000,L,1.000000,1.000000,-0.000000,0.000000,0.613179
64,44,00583,fog,847,1,0.000000,1.000000,0.000000,L,1.000000,1.000000,-0.000000,0.000000,0.429074
64,44,00583,fog,848,1,0.000000,1.000000,0.000000,L,1.000000,1.000000,-0.000000,0.000000,0.568751
64,44,00583,fog,849,1,0.000000,1.000000,0.000000,L,1.000000,1.000000,-0.000000,0.000000,0.543024
64,44,00583,fog,850,1,0.000000,1.000000,0.000000,L,1.000000,1.000000,0.000000,0.000000,0.416348
64,44,00583,fog,851,1,0.000000,1.000000,0.000000,L,1.000000,1.000000,0.000000,0.000000,0.273007
64,44,00583,fog,852,1,0.000000,1.000000,0.000000,L,1.000000,1.000000,0.000000,0.000000,0.109765
64,44,00583,fog,937,1,0.000000,1.000000,0.000000,L,1.000000,1.000000,0.000000,0.000000,0.242303
64,44,00583,fog,938,1,0.000000,1.000000,0.000000,L,1.000000,1.000000,0.000000,0.000000,0.283820
64,44,00583,fog,939,1,0.000000,1.000000,0.000000,L,1.000000,1.000000,0.000000,0.000000,0.292381
64,44,00583,fog,940,1,0.000000,1.000000,0.000000,L,1.000000,1.000000,0.000000,0.000000,0.283466
64,44,00583,fog,941,1,0.000000,1.000000,0.000000,L,1.000000,1.000000,0.000000,0.000000,0.247512
64,44,00583,fog,942,1,0.000000,1.000000,0.000000,L,1.000000,1.000000,0.000000,0.000000,0.201731
64,44,00583,fog,943,1,0.000000,1.000000,0.000000,L,1.000000,1.000000,0.000000,0.000000,0.164712
64,44,00583,fog,1026,1,0.000000,1.000000,0.000000,L,1.000000,1.000000,0.000003,0.000000,0.138277
64,44,00583,fog,1027,1,0.000000,1.000000,0.000000,L,1.000000,1.000000,0.000000,0.000000,0.198875
64,44,00583,fog,1028,1,0.000000,1.000000,0.000000,L,1.000000,1.000000,0.000000,0.000000,0.203784
64,44,00583,fog,1029,1,0.000000,1.000000,0.000000,L,1.000000,1.000000,0.000000,0.000000,0.208874
64,44,00583,fog,1030,1,0.000000,1.000000,0.000000,L,1.000000,1.000000,0.000000,0.000000,0.165618
64,44,00583,fog,1031,1,0.000000,1.000000,0.000000,L,1.000000,1.000000,0.000000,0.000000,0.126179
64,44,00583,fog,1032,1,0.000000,1.000000,0.000000,L,1.000000,1.000000,0.000000,0.000000,0.122106
64,44,00583,fog,1033,1,0.000000,1.000000,0.000000,L,1.000000,1.000000,0.000000,0.000000,0.110219
64,44,00583,fog,1119,1,0.000000,1.000000,0.000000,L,1.000000,1.000000,0.000000,0.000000,0.127729
64,44,00583,fog,1120,1,0.000000,1.000000,0.000000,L,1.000000,1.000000,0.000000,0.000000,0.148396
64,44,00583,fog,1121,1,0.000000,1.000000,0.000000,L,1.000000,1.000000,0.000000,0.000000,0.098323
64,44,00583,fog,1122,1,0.000000,1.000000,0.000000,L,1.000000,1.000000,0.000000,0.000000,0.165485
64,44,00583,fog,1123,1,0.000000,1.000000,0.000000,L,1.000000,1.000000,0.000000,0.000000,0.112065
64,44,00583,fog,1212,1,0.000000,1.000000,0.000000,L,1.000000,1.000000,0.000000,0.000000,0.142975
64,44,00583,fog,1224,0,0.000000,1.000000,0.000000,L,1.000000,1.000000,0.000000,0.000000,0.118487
64,44,00583,fog,613,0,0.000000,1.000000,0.000000,L,1.000000,1.000000,0.000001,0.000000,0.124109
64,44,00583,fog,1127,0,0.000000,1.000000,0.000000,L,1.000000,1.000000,0.000000,0.000000,0.091517
64,44,00583,fog,1004,0,0.000000,1.000000,0.000000,L,1.000000,1.000000,0.000000,0.000000,0.091806
64,44,00583,fog,1305,0,0.000000,1.000000,0.000000,L,1.000000,1.000000,0.000000,0.000000,0.115630
64,44,00583,fog,878,0,0.000000,1.000000,0.000000,L,1.000000,1.000000,0.000000,0.000000,0.124300
64,44,00583,fog,1129,0,0.000000,1.000000,0.000000,L,1.000000,1.000000,0.000000,0.000000,0.099711
64,44,00583,fog,359,0,0.000000,1.000000,0.000000,L,1.000000,1.000000,0.000000,0.000000,0.132370
64,44,00583,fog,674,0,0.000000,1.000000,0.000000,L,1.000000,1.000000,0.000000,0.000000,0.097362
64,44,00583,fog,256,0,0.000000,1.000000,0.000000,L,1.000000,1.000000,0.000000,0.000000,0.177169
64,44,00583,fog,1138,0,0.000000,1.000000,0.000000,L,1.000000,1.000000,0.000000,0.000000,0.078227
64,44,00583,fog,899,0,0.000000,1.000000,0.000000,L,1.000000,1.000000,0.000000,0.000000,0.136631
64,44,00583,fog,743,0,0.000000,1.000000,0.000000,L,1.000000,1.000000,0.000000,0.000000,0.090828
64,44,00583,fog,1172,0,0.000000,1.000000,0.000000,L,1.000000,1.000000,0.000003,0.000000,0.129862
64,44,00583,fog,327,0,0.000001,0.999999,0.000000,L,0.999999,0.999999,0.000008,0.000001,0.082416
64,44,00583,fog,798,0,0.000000,1.000000,0.000000,L,1.000000,1.000000,0.000000,0.000000,0.130953
64,44,00583,fog,293,0,0.000000,1.000000,0.000000,L,1.000000,1.000000,0.000001,0.000000,0.136115
64,44,00583,fog,157,0,0.000000,1.000000,0.000000,L,1.000000,1.000000,0.000001,0.000000,0.154582
65,45,00192,fog,1382,1,0.000000,1.000000,0.000000,L,1.000000,1.000000,0.000000,0.000000,0.235585
65,45,00192,fog,1383,1,0.000000,1.000000,0.000000,L,1.000000,1.000000,0.000000,0.000000,0.221181
65,45,00192,fog,1381,1,0.000000,1.000000,0.000000,L,1.000000,1.000000,0.000000,0.000000,0.314848
65,45,00192,fog,1368,1,0.000000,1.000000,0.000000,L,1.000000,1.000000,0.000000,0.000000,0.119266
65,45,00192,fog,1204,1,0.000000,1.000000,0.000000,L,1.000000,1.000000,0.000000,0.000000,0.127374
65,45,00192,fog,1379,1,0.000000,1.000000,0.000000,L,1.000000,1.000000,0.000001,0.000000,0.214676
65,45,00192,fog,1289,1,0.000000,1.000000,0.000000,L,1.000000,1.000000,0.000000,0.000000,0.269184
65,45,00192,fog,1110,1,0.000000,1.000000,0.000000,L,1.000000,1.000000,0.000000,0.000000,0.210840
65,45,00192,fog,1292,1,0.000000,1.000000,0.000000,L,1.000000,1.000000,-0.000000,0.000000,0.443398
65,45,00192,fog,1294,1,0.000000,1.000000,0.000000,L,1.000000,1.000000,0.000000,0.000000,0.229011
65,45,00192,fog,1273,1,0.000000,1.000000,0.000000,L,1.000000,1.000000,0.000001,0.000000,0.223970
65,45,00192,fog,1109,1,0.000000,1.000000,0.000000,L,1.000000,1.000000,0.000000,0.000000,0.205616
65,45,00192,fog,1380,1,0.000000,1.000000,0.000000,L,1.000000,1.000000,0.000000,0.000000,0.253562
65,45,00192,fog,1362,1,0.000000,1.000000,0.000000,L,1.000000,1.000000,0.000000,0.000000,0.231031
65,45,00192,fog,1290,1,0.000000,1.000000,0.000000,L,1.000000,1.000000,-0.000000,0.000000,0.393567
65,45,00192,fog,1277,1,0.000000,1.000000,0.000000,L,1.000000,1.000000,0.000000,0.000000,0.240711
65,45,00192,fog,1200,1,0.000000,1.000000,0.000000,L,1.000000,1.000000,-0.000000,0.000000,0.443691
65,45,00192,fog,1364,1,0.000000,1.000000,0.000000,L,1.000000,1.000000,-0.000000,0.000000,0.541540
65,45,00192,fog,1199,1,0.000000,1.000000,0.000000,L,1.000000,1.000000,0.000000,0.000000,0.251784
65,45,00192,fog,1272,1,0.000000,1.000000,0.000000,L,1.000000,1.000000,0.000001,0.000000,0.215985
65,45,00192,fog,1366,1,0.000000,1.000000,0.000000,L,1.000000,1.000000,-0.000000,0.000000,0.469596
65,45,00192,fog,1365,1,0.000000,1.000000,0.000000,L,1.000000,1.000000,-0.000000,0.000000,0.551099
65,45,00192,fog,1201,1,0.000000,1.000000,0.000000,L,1.000000,1.000000,-0.000000,0.000000,0.506898
65,45,00192,fog,1275,1,0.000000,1.000000,0.000000,L,1.000000,1.000000,0.000000,0.000000,0.378859
65,45,00192,fog,1367,1,0.000000,1.000000,0.000000,L,1.000000,1.000000,0.000000,0.000000,0.236304
65,45,00192,fog,1278,1,0.000000,1.000000,0.000000,L,1.000000,1.000000,0.000000,0.000000,0.097899
65,45,00192,fog,1114,1,0.000000,1.000000,0.000000,L,1.000000,1.000000,0.000000,0.000000,0.146743
65,45,00192,fog,1108,1,0.000000,1.000000,0.000000,L,1.000000,1.000000,0.000000,0.000000,0.175780
65,45,00192,fog,1112,1,0.000000,1.000000,0.000000,L,1.000000,1.000000,0.000003,0.000000,0.228661
65,45,00192,fog,1274,1,0.000000,1.000000,0.000000,L,1.000000,1.000000,0.000000,0.000000,0.289456
65,45,00192,fog,1363,1,0.000000,1.000000,0.000000,L,1.000000,1.000000,0.000000,0.000000,0.246127
65,45,00192,fog,1113,1,0.000000,1.000000,0.000000,L,1.000000,1.000000,0.000000,0.000000,0.217193
65,45,00192,fog,1198,1,0.000000,1.000000,0.000000,L,1.000000,1.000000,0.000000,0.000000,0.224654
65,45,00192,fog,1111,1,0.000000,1.000000,0.000000,L,1.000000,1.000000,0.000001,0.000000,0.227259
65,45,00192,fog,1293,1,0.000000,1.000000,0.000000,L,1.000000,1.000000,0.000000,0.000000,0.308552
65,45,00192,fog,1291,1,0.000000,1.000000,0.000000,L,1.000000,1.000000,-0.000000,0.000000,0.452084
65,45,00192,fog,1152,0,0.000000,1.000000,0.000000,L,1.000000,1.000000,0.000000,0.000000,0.139115
65,45,00192,fog,587,0,0.000000,1.000000,0.000000,L,1.000000,1.000000,0.000000,0.000000,0.068817
65,45,00192,fog,699,0,0.000000,1.000000,0.000000,L,1.000000,1.000000,0.000000,0.000000,0.118495
65,45,00192,fog,46,0,0.000000,1.000000,0.000000,L,1.000000,1.000000,0.000001,0.000000,0.065905
65,45,00192,fog,1118,0,0.000000,1.000000,0.000000,L,1.000000,1.000000,0.000000,0.000000,0.096397
65,45,00192,fog,20,0,0.000000,1.000000,0.000000,L,1.000000,1.000000,0.000003,0.000000,0.053909
65,45,00192,fog,795,0,0.000000,1.000000,0.000000,L,1.000000,1.000000,0.000000,0.000000,0.123051
65,45,00192,fog,662,0,0.000000,1.000000,0.000000,L,1.000000,1.000000,0.000000,0.000000,0.118314
65,45,00192,fog,62,0,0.000000,1.000000,0.000000,L,1.000000,1.000000,0.000001,0.000000,0.109952
65,45,00192,fog,515,0,0.000000,1.000000,0.000000,L,1.000000,1.000000,0.000000,0.000000,0.086459
65,45,00192,fog,1071,0,0.000000,1.000000,0.000000,L,1.000000,1.000000,0.000000,0.000000,0.133708
65,45,00192,fog,166,0,0.000000,1.000000,0.000000,L,1.000000,1.000000,0.000001,0.000000,0.127408
65,45,00192,fog,224,0,0.000000,1.000000,0.000000,L,1.000000,1.000000,0.000000,0.000000,0.081555
65,45,00192,fog,921,0,0.000000,1.000000,0.000000,L,1.000000,1.000000,0.000000,0.000000,0.070656
65,45,00192,fog,567,0,0.000000,1.000000,0.000000,L,1.000000,1.000000,0.000000,0.000000,0.061125
65,45,00192,fog,1142,0,0.000000,1.000000,0.000000,L,1.000000,1.000000,0.000000,0.000000,0.157448
65,45,00192,fog,1432,0,0.000000,1.000000,0.000000,L,1.000000,1.000000,0.000000,0.000000,0.170952
65,45,00192,fog,1240,0,0.000000,1.000000,0.000000,L,1.000000,1.000000,0.000000,0.000000,0.135022
66,45,00237,fog,1291,1,0.000000,1.000000,0.000000,L,1.000000,1.000000,0.000000,0.000000,0.314235
66,45,00237,fog,1272,1,0.000000,1.000000,0.000000,L,1.000000,1.000000,0.000000,0.000000,0.215567
66,45,00237,fog,1201,1,0.000000,1.000000,0.000000,L,1.000000,1.000000,0.000000,0.000000,0.387886
66,45,00237,fog,1380,1,0.000000,1.000000,0.000000,L,1.000000,1.000000,0.000001,0.000000,0.214123
66,45,00237,fog,1202,1,0.000000,1.000000,0.000000,L,1.000000,1.000000,0.000000,0.000000,0.359477
66,45,00237,fog,1290,1,0.000000,1.000000,0.000000,L,1.000000,1.000000,0.000000,0.000000,0.282458
66,45,00237,fog,1382,1,0.000000,1.000000,0.000000,L,1.000000,1.000000,0.000000,0.000000,0.227507
66,45,00237,fog,1368,1,0.000000,1.000000,0.000000,L,1.000000,1.000000,0.000001,0.000000,0.136949
66,45,00237,fog,1363,1,0.000000,1.000000,0.000000,L,1.000000,1.000000,0.000000,0.000000,0.268982
66,45,00237,fog,1199,1,0.000000,1.000000,0.000000,L,1.000000,1.000000,0.000000,0.000000,0.248963
66,45,00237,fog,1108,1,0.000000,1.000000,0.000000,L,1.000000,1.000000,0.000000,0.000000,0.110196
66,45,00237,fog,1273,1,0.000000,1.000000,0.000000,L,1.000000,1.000000,0.000000,0.000000,0.226312
66,45,00237,fog,1109,1,0.000000,1.000000,0.000000,L,1.000000,1.000000,0.000000,0.000000,0.191621
66,45,00237,fog,1381,1,0.000000,1.000000,0.000000,L,1.000000,1.000000,0.000000,0.000000,0.264056
66,45,00237,fog,1379,1,0.000000,1.000000,0.000000,L,1.000000,1.000000,0.000001,0.000000,0.228808
66,45,00237,fog,1384,1,0.000000,1.000000,0.000000,L,1.000000,1.000000,0.000001,0.000000,0.173050
66,45,00237,fog,1367,1,0.000000,1.000000,0.000000,L,1.000000,1.000000,0.000002,0.000000,0.236734
66,45,00237,fog,1111,1,0.000000,1.000000,0.000000,L,1.000000,1.000000,0.000000,0.000000,0.276395
66,45,00237,fog,1275,1,0.000000,1.000000,0.000000,L,1.000000,1.000000,0.000000,0.000000,0.380421
66,45,00237,fog,1024,1,0.000000,1.000000,0.000000,L,1.000000,1.000000,0.000000,0.000000,0.105242
66,45,00237,fog,1113,1,0.000000,1.000000,0.000000,L,1.000000,1.000000,0.000000,0.000000,0.248189
66,45,00237,fog,1288,1,0.000000,1.000000,0.000000,L,1.000000,1.000000,0.000000,0.000000,0.199597
66,45,00237,fog,1362,1,0.000000,1.000000,0.000000,L,1.000000,1.000000,0.000000,0.000000,0.240142
66,45,00237,fog,1366,1,0.000000,1.000000,0.000000,L,1.000000,1.000000,-0.000000,0.000000,0.468756
66,45,00237,fog,1294,1,0.000000,1.000000,0.000000,L,1.000000,1.000000,0.000001,0.000000,0.234534
66,45,00237,fog,1112,1,0.000000,1.000000,0.000000,L,1.000000,1.000000,0.000000,0.000000,0.299209
66,45,00237,fog,1198,1,0.000000,1.000000,0.000000,L,1.000000,1.000000,0.000000,0.000000,0.226181
66,45,00237,fog,1278,1,0.000000,1.000000,0.000000,L,1.000000,1.000000,0.000000,0.000000,0.120753
66,45,00237,fog,1274,1,0.000000,1.000000,0.000000,L,1.000000,1.000000,0.000000,0.000000,0.335482
66,45,00237,fog,1203,1,0.000000,1.000000,0.000000,L,1.000000,1.000000,0.000000,0.000000,0.263893
66,45,00237,fog,1364,1,0.000000,1.000000,0.000000,L,1.000000,1.000000,-0.000000,0.000000,0.547039
66,45,00237,fog,1293,1,0.000000,1.000000,0.000000,L,1.000000,1.000000,0.000000,0.000000,0.245405
66,45,00237,fog,1295,1,0.000000,1.000000,0.000000,L,1.000000,1.000000,0.000000,0.000000,0.149462
66,45,00237,fog,1383,1,0.000000,1.000000,0.000000,L,1.000000,1.000000,0.000001,0.000000,0.183915
66,45,00237,fog,1365,1,0.000000,1.000000,0.000000,L,1.000000,1.000000,-0.000000,0.000000,0.557239
66,45,00237,fog,1110,1,0.000000,1.000000,0.000000,L,1.000000,1.000000,0.000000,0.000000,0.220720
66,45,00237,fog,1332,0,0.000000,1.000000,0.000000,L,1.000000,1.000000,0.000000,0.000000,0.140224
66,45,00237,fog,253,0,0.000000,1.000000,0.000000,L,1.000000,1.000000,0.000000,0.000000,0.138109
66,45,00237,fog,1210,0,0.000000,1.000000,0.000000,L,1.000000,1.000000,0.000000,0.000000,0.089418
66,45,00237,fog,1339,0,0.000000,1.000000,0.000000,L,1.000000,1.000000,0.000000,0.000000,0.145499
66,45,00237,fog,1326,0,0.000000,1.000000,0.000000,L,1.000000,1.000000,0.000000,0.000000,0.186150
66,45,00237,fog,1051,0,0.000000,1.000000,0.000000,L,1.000000,1.000000,0.000000,0.000000,0.139988
66,45,00237,fog,501,0,0.000000,1.000000,0.000000,L,1.000000,1.000000,0.000000,0.000000,0.099280
66,45,00237,fog,679,0,0.000000,1.000000,0.000000,L,1.000000,1.000000,0.000000,0.000000,0.063786
66,45,00237,fog,1393,0,0.000000,1.000000,0.000000,L,1.000000,1.000000,0.000001,0.000000,0.099419
66,45,00237,fog,1356,0,0.000000,1.000000,0.000000,L,1.000000,1.000000,0.000001,0.000000,0.198240
66,45,00237,fog,406,0,0.000000,1.000000,0.000000,L,1.000000,1.000000,0.000000,0.000000,0.075192
66,45,00237,fog,322,0,0.000000,1.000000,0.000000,L,1.000000,1.000000,0.000000,0.000000,0.097583
66,45,00237,fog,842,0,0.000000,1.000000,0.000000,L,1.000000,1.000000,0.000001,0.000000,0.122787
66,45,00237,fog,295,0,0.000000,1.000000,0.000000,L,1.000000,1.000000,0.000001,0.000000,0.058315
66,45,00237,fog,783,0,0.000000,1.000000,0.000000,L,1.000000,1.000000,0.000000,0.000000,0.120278
66,45,00237,fog,1245,0,0.000000,1.000000,0.000000,L,1.000000,1.000000,0.000000,0.000000,0.134750
66,45,00237,fog,889,0,0.000000,1.000000,0.000000,L,1.000000,1.000000,0.000000,0.000000,0.124274
66,45,00237,fog,275,0,0.000000,1.000000,0.000000,L,1.000000,1.000000,0.000000,0.000000,0.138482
67,45,00283,fog,1366,1,0.000000,1.000000,0.000000,L,1.000000,1.000000,-0.000000,0.000000,0.494448
67,45,00283,fog,1292,1,0.000000,1.000000,0.000000,L,1.000000,1.000000,0.000000,0.000000,0.350270
67,45,00283,fog,1200,1,0.000000,1.000000,0.000000,L,1.000000,1.000000,-0.000000,0.000000,0.564670
67,45,00283,fog,1381,1,0.000000,1.000000,0.000000,L,1.000000,1.000000,0.000000,0.000000,0.279030
67,45,00283,fog,1363,1,0.000000,1.000000,0.000000,L,1.000000,1.000000,0.000000,0.000000,0.300303
67,45,00283,fog,1275,1,0.000000,1.000000,0.000000,L,1.000000,1.000000,-0.000000,0.000000,0.450574
67,45,00283,fog,1272,1,0.000000,1.000000,0.000000,L,1.000000,1.000000,0.000000,0.000000,0.218778
67,45,00283,fog,1291,1,0.000000,1.000000,0.000000,L,1.000000,1.000000,-0.000000,0.000000,0.557877
67,45,00283,fog,1384,1,0.000000,1.000000,0.000000,L,1.000000,1.000000,0.000000,0.000000,0.125760
67,45,00283,fog,1111,1,0.000000,1.000000,0.000000,L,1.000000,1.000000,0.000000,0.000000,0.320141
67,45,00283,fog,1364,1,0.000000,1.000000,0.000000,L,1.000000,1.000000,-0.000000,0.000000,0.537821
67,45,00283,fog,1204,1,0.000000,1.000000,0.000000,L,1.000000,1.000000,0.000000,0.000000,0.143418
67,45,00283,fog,1276,1,0.000000,1.000000,0.000000,L,1.000000,1.000000,0.000000,0.000000,0.241790
67,45,00283,fog,1378,1,0.000000,1.000000,0.000000,L,1.000000,1.000000,0.000000,0.000000,0.208440
67,45,00283,fog,1277,1,0.000000,1.000000,0.000000,L,1.000000,1.000000,0.000000,0.000000,0.244453
67,45,00283,fog,1365,1,0.000000,1.000000,0.000000,L,1.000000,1.000000,-0.000000,0.000000,0.547390
67,45,00283,fog,1290,1,0.000000,1.000000,0.000000,L,1.000000,1.000000,-0.000000,0.000000,0.492533
67,45,00283,fog,1274,1,0.000000,1.000000,0.000000,L,1.000000,1.000000,0.000000,0.000000,0.399112
67,45,00283,fog,1273,1,0.000000,1.000000,0.000000,L,1.000000,1.000000,0.000000,0.000000,0.222745
67,45,00283,fog,1278,1,0.000000,1.000000,0.000000,L,1.000000,1.000000,0.000000,0.000000,0.144157
67,45,00283,fog,1113,1,0.000000,1.000000,0.000000,L,1.000000,1.000000,0.000000,0.000000,0.193105
67,45,00283,fog,1367,1,0.000000,1.000000,0.000000,L,1.000000,1.000000,0.000000,0.000000,0.236143
67,45,00283,fog,1382,1,0.000000,1.000000,0.000000,L,1.000000,1.000000,0.000000,0.000000,0.241831
67,45,00283,fog,1368,1,0.000000,1.000000,0.000000,L,1.000000,1.000000,0.000000,0.000000,0.148401
67,45,00283,fog,1109,1,0.000000,1.000000,0.000000,L,1.000000,1.000000,0.000000,0.000000,0.230094
67,45,00283,fog,1380,1,0.000000,1.000000,0.000000,L,1.000000,1.000000,0.000000,0.000000,0.258756
67,45,00283,fog,1114,1,0.000000,1.000000,0.000000,L,1.000000,1.000000,0.000000,0.000000,0.164154
67,45,00283,fog,1293,1,0.000000,1.000000,0.000000,L,1.000000,1.000000,0.000000,0.000000,0.260572
67,45,00283,fog,1294,1,0.000000,1.000000,0.000000,L,1.000000,1.000000,0.000000,0.000000,0.153432
67,45,00283,fog,1289,1,0.000000,1.000000,0.000000,L,1.000000,1.000000,0.000000,0.000000,0.284954
67,45,00283,fog,1110,1,0.000000,1.000000,0.000000,L,1.000000,1.000000,0.000000,0.000000,0.266281
67,45,00283,fog,1112,1,0.000000,1.000000,0.000000,L,1.000000,1.000000,0.000001,0.000000,0.241953
67,45,00283,fog,1201,1,0.000000,1.000000,0.000000,L,1.000000,1.000000,-0.000000,0.000000,0.591781
67,45,00283,fog,1362,1,0.000000,1.000000,0.000000,L,1.000000,1.000000,0.000000,0.000000,0.237098
67,45,00283,fog,1198,1,0.000000,1.000000,0.000000,L,1.000000,1.000000,0.000000,0.000000,0.249634
67,45,00283,fog,1379,1,0.000000,1.000000,0.000000,L,1.000000,1.000000,0.000003,0.000000,0.215350
67,45,00283,fog,636,0,0.000000,1.000000,0.000000,L,1.000000,1.000000,0.000002,0.000000,0.208005
67,45,00283,fog,1062,0,0.000000,1.000000,0.000000,L,1.000000,1.000000,0.000000,0.000000,0.138132
67,45,00283,fog,864,0,0.000000,1.000000,0.000000,L,1.000000,1.000000,0.000000,0.000000,0.135739
67,45,00283,fog,860,0,0.000000,1.000000,0.000000,L,1.000000,1.000000,0.000000,0.000000,0.095928
67,45,00283,fog,37,0,0.000000,1.000000,0.000000,L,1.000000,1.000000,0.000001,0.000000,0.057352
67,45,00283,fog,763,0,0.000000,1.000000,0.000000,L,1.000000,1.000000,0.000000,0.000000,0.063257
67,45,00283,fog,1116,0,0.000000,1.000000,0.000000,L,1.000000,1.000000,0.000000,0.000000,0.120902
67,45,00283,fog,1005,0,0.000000,1.000000,0.000000,L,1.000000,1.000000,0.000000,0.000000,0.073822
67,45,00283,fog,358,0,0.000000,1.000000,0.000000,L,1.000000,1.000000,0.000000,0.000000,0.134716
67,45,00283,fog,830,0,0.000000,1.000000,0.000000,L,1.000000,1.000000,0.000000,0.000000,0.088792
67,45,00283,fog,681,0,0.000000,1.000000,0.000000,L,1.000000,1.000000,0.000000,0.000000,0.085550
67,45,00283,fog,631,0,0.000000,1.000000,0.000000,L,1.000000,1.000000,0.000000,0.000000,0.181406
67,45,00283,fog,608,0,0.000000,1.000000,0.000000,L,1.000000,1.000000,0.000000,0.000000,0.124153
67,45,00283,fog,15,0,0.000000,1.000000,0.000000,L,1.000000,1.000000,0.000003,0.000000,0.044413
67,45,00283,fog,365,0,0.000000,1.000000,0.000000,L,1.000000,1.000000,0.000004,0.000000,0.230843
67,45,00283,fog,1000,0,0.000000,1.000000,0.000000,L,1.000000,1.000000,0.000000,0.000000,0.099955
67,45,00283,fog,154,0,0.000000,1.000000,0.000000,L,1.000000,1.000000,0.000001,0.000000,0.125140
67,45,00283,fog,1140,0,0.000000,1.000000,0.000000,L,1.000000,1.000000,0.000000,0.000000,0.191715
68,45,00476,fog,1272,1,0.000000,1.000000,0.000000,L,1.000000,1.000000,0.000001,0.000000,0.217505
68,45,00476,fog,1273,1,0.000000,1.000000,0.000000,L,1.000000,1.000000,0.000001,0.000000,0.224749
68,45,00476,fog,1274,1,0.000000,1.000000,0.000000,L,1.000000,1.000000,0.000000,0.000000,0.317085
68,45,00476,fog,1275,1,0.000000,1.000000,0.000000,L,1.000000,1.000000,0.000000,0.000000,0.410537
68,45,00476,fog,1276,1,0.000000,1.000000,0.000000,L,1.000000,1.000000,0.000000,0.000000,0.244936
68,45,00476,fog,1277,1,0.000000,1.000000,0.000000,L,1.000000,1.000000,0.000000,0.000000,0.249325
68,45,00476,fog,1278,1,0.000000,1.000000,0.000000,L,1.000000,1.000000,0.000000,0.000000,0.137938
68,45,00476,fog,1362,1,0.000000,1.000000,0.000000,L,1.000000,1.000000,0.000000,0.000000,0.237351
68,45,00476,fog,1363,1,0.000000,1.000000,0.000000,L,1.000000,1.000000,0.000000,0.000000,0.272786
68,45,00476,fog,1364,1,0.000000,1.000000,0.000000,L,1.000000,1.000000,-0.000000,0.000000,0.549922
68,45,00476,fog,1365,1,0.000000,1.000000,0.000000,L,1.000000,1.000000,-0.000000,0.000000,0.563035
68,45,00476,fog,1366,1,0.000000,1.000000,0.000000,L,1.000000,1.000000,-0.000000,0.000000,0.504894
68,45,00476,fog,1367,1,0.000000,1.000000,0.000000,L,1.000000,1.000000,0.000000,0.000000,0.236557
68,45,00476,fog,1368,1,0.000000,1.000000,0.000000,L,1.000000,1.000000,0.000000,0.000000,0.138016
68,45,00476,fog,709,0,0.000000,1.000000,0.000000,L,1.000000,1.000000,0.000000,0.000000,0.127606
68,45,00476,fog,801,0,0.000000,1.000000,0.000000,L,1.000000,1.000000,0.000000,0.000000,0.131544
68,45,00476,fog,1111,0,0.000000,1.000000,0.000000,L,1.000000,1.000000,0.000000,0.000000,0.121044
68,45,00476,fog,1194,0,0.000000,1.000000,0.000000,L,1.000000,1.000000,0.000000,0.000000,0.085579
68,45,00476,fog,1292,0,0.000000,1.000000,0.000000,L,1.000000,1.000000,0.000000,0.000000,0.177190
68,45,00476,fog,129,0,0.000000,1.000000,0.000000,L,1.000000,1.000000,0.000001,0.000000,0.069362
68,45,00476,fog,639,0,0.000000,1.000000,0.000000,L,1.000000,0.999999,0.000005,0.000000,0.097561
68,45,00476,fog,347,0,0.000000,1.000000,0.000000,L,1.000000,1.000000,0.000000,0.000000,0.142891
68,45,00476,fog,1156,0,0.000000,1.000000,0.000000,L,1.000000,1.000000,0.000000,0.000000,0.128802
68,45,00476,fog,611,0,0.000000,1.000000,0.000000,L,1.000000,1.000000,0.000000,0.000000,0.126681
68,45,00476,fog,95,0,0.000000,1.000000,0.000000,L,1.000000,1.000000,0.000001,0.000000,0.166189
68,45,00476,fog,509,0,0.000000,1.000000,0.000000,L,1.000000,1.000000,0.000000,0.000000,0.111968
68,45,00476,fog,1296,0,0.000000,1.000000,0.000000,L,1.000000,1.000000,0.000000,0.000000,0.148508
68,45,00476,fog,753,0,0.000000,1.000000,0.000000,L,1.000000,1.000000,0.000000,0.000000,0.072031
68,45,00476,fog,257,0,0.000000,1.000000,0.000000,L,1.000000,1.000000,0.000000,0.000000,0.135673
68,45,00476,fog,573,0,0.000000,1.000000,0.000000,L,1.000000,1.000000,0.000000,0.000000,0.065538
68,45,00476,fog,740,0,0.000000,1.000000,0.000000,L,1.000000,1.000000,0.000000,0.000000,0.074832
68,45,00476,fog,1263,0,0.000000,1.000000,0.000000,L,1.000000,1.000000,0.000000,0.000000,0.128730
69,45,00522,fog,1272,1,0.000000,1.000000,0.000000,L,1.000000,1.000000,0.000000,0.000000,0.214409
69,45,00522,fog,1273,1,0.000000,1.000000,0.000000,L,1.000000,1.000000,0.000001,0.000000,0.225040
69,45,00522,fog,1274,1,0.000000,1.000000,0.000000,L,1.000000,1.000000,0.000000,0.000000,0.369571
69,45,00522,fog,1275,1,0.000000,1.000000,0.000000,L,1.000000,1.000000,-0.000000,0.000000,0.469861
69,45,00522,fog,1276,1,0.000000,1.000000,0.000000,L,1.000000,1.000000,0.000000,0.000000,0.246425
69,45,00522,fog,1277,1,0.000000,1.000000,0.000000,L,1.000000,1.000000,0.000000,0.000000,0.248332
69,45,00522,fog,1278,1,0.000000,1.000000,0.000000,L,1.000000,1.000000,0.000000,0.000000,0.123597
69,45,00522,fog,1362,1,0.000000,1.000000,0.000000,L,1.000000,1.000000,0.000000,0.000000,0.240986
69,45,00522,fog,1363,1,0.000000,1.000000,0.000000,L,1.000000,1.000000,0.000000,0.000000,0.303005
69,45,00522,fog,1364,1,0.000000,1.000000,0.000000,L,1.000000,1.000000,-0.000000,0.000000,0.554524
69,45,00522,fog,1365,1,0.000000,1.000000,0.000000,L,1.000000,1.000000,-0.000000,0.000000,0.567165
69,45,00522,fog,1366,1,0.000000,1.000000,0.000000,L,1.000000,1.000000,-0.000000,0.000000,0.513764
69,45,00522,fog,1367,1,0.000000,1.000000,0.000000,L,1.000000,1.000000,0.000004,0.000000,0.232461
69,45,00522,fog,1368,1,0.000000,1.000000,0.000000,L,1.000000,1.000000,0.000001,0.000000,0.140558
69,45,00522,fog,529,0,0.000000,1.000000,0.000000,L,1.000000,1.000000,0.000000,0.000000,0.132320
69,45,00522,fog,45,0,0.000000,1.000000,0.000000,L,1.000000,1.000000,0.000001,0.000000,0.064859
69,45,00522,fog,577,0,0.000000,1.000000,0.000000,L,1.000000,1.000000,0.000000,0.000000,0.060386
69,45,00522,fog,819,0,0.000000,1.000000,0.000000,L,1.000000,1.000000,0.000000,0.000000,0.202145
69,45,00522,fog,578,0,0.000000,1.000000,0.000000,L,1.000000,1.000000,0.000000,0.000000,0.076965
69,45,00522,fog,146,0,0.000000,1.000000,0.000000,L,1.000000,1.000000,0.000001,0.000000,0.126234
69,45,00522,fog,1282,0,0.000000,1.000000,0.000000,L,1.000000,1.000000,0.000001,0.000000,0.111889
69,45,00522,fog,1026,0,0.000000,1.000000,0.000000,L,1.000000,1.000000,0.000000,0.000000,0.149927
69,45,00522,fog,652,0,0.000000,1.000000,0.000000,L,1.000000,1.000000,0.000001,0.000000,0.106793
69,45,00522,fog,647,0,0.000000,1.000000,0.000000,L,1.000000,1.000000,0.000000,0.000000,0.073899
69,45,00522,fog,1057,0,0.000000,1.000000,0.000000,L,1.000000,1.000000,0.000000,0.000000,0.147828
69,45,00522,fog,1283,0,0.000000,1.000000,0.000000,L,1.000000,1.000000,0.000000,0.000000,0.137716
69,45,00522,fog,457,0,0.000000,1.000000,0.000000,L,1.000000,1.000000,0.000001,0.000000,0.131810
69,45,00522,fog,144,0,0.000000,1.000000,0.000000,L,1.000000,1.000000,0.000001,0.000000,0.068189
69,45,00522,fog,9,0,0.000001,0.999999,0.000000,L,0.999999,0.999999,0.000008,0.000001,0.065981
69,45,00522,fog,1108,0,0.000000,1.000000,0.000000,L,1.000000,1.000000,0.000000,0.000000,0.074001
69,45,00522,fog,513,0,0.000000,1.000000,0.000000,L,1.000000,1.000000,0.000000,0.000000,0.148656
69,45,00522,fog,861,0,0.000000,1.000000,0.000000,L,1.000000,1.000000,0.000000,0.000000,0.078728
70,45,00567,fog,1272,1,0.000000,1.000000,0.000000,L,1.000000,1.000000,0.000000,0.000000,0.211568
70,45,00567,fog,1273,1,0.000000,1.000000,0.000000,L,1.000000,1.000000,0.000001,0.000000,0.224218
70,45,00567,fog,1274,1,0.000000,1.000000,0.000000,L,1.000000,1.000000,0.000000,0.000000,0.356898
70,45,00567,fog,1275,1,0.000000,1.000000,0.000000,L,1.000000,1.000000,-0.000000,0.000000,0.439994
70,45,00567,fog,1276,1,0.000000,1.000000,0.000000,L,1.000000,1.000000,0.000000,0.000000,0.241038
70,45,00567,fog,1277,1,0.000000,1.000000,0.000000,L,1.000000,1.000000,0.000000,0.000000,0.244759
70,45,00567,fog,1278,1,0.000000,1.000000,0.000000,L,1.000000,1.000000,0.000000,0.000000,0.097661
70,45,00567,fog,1362,1,0.000000,1.000000,0.000000,L,1.000000,1.000000,0.000000,0.000000,0.241451
70,45,00567,fog,1363,1,0.000000,1.000000,0.000000,L,1.000000,1.000000,0.000000,0.000000,0.282158
70,45,00567,fog,1364,1,0.000000,1.000000,0.000000,L,1.000000,1.000000,-0.000000,0.000000,0.555876
70,45,00567,fog,1365,1,0.000000,1.000000,0.000000,L,1.000000,1.000000,-0.000000,0.000000,0.566859
70,45,00567,fog,1366,1,0.000000,1.000000,0.000000,L,1.000000,1.000000,-0.000000,0.000000,0.505642
70,45,00567,fog,1367,1,0.000000,1.000000,0.000000,L,1.000000,1.000000,0.000001,0.000000,0.232496
70,45,00567,fog,1368,1,0.000000,1.000000,0.000000,L,1.000000,1.000000,0.000000,0.000000,0.107630
70,45,00567,fog,1139,0,0.000000,1.000000,0.000000,L,1.000000,1.000000,0.000000,0.000000,0.146592
70,45,00567,fog,678,0,0.000000,1.000000,0.000000,L,1.000000,1.000000,0.000000,0.000000,0.055134
70,45,00567,fog,1360,0,0.000000,1.000000,0.000000,L,1.000000,1.000000,0.000001,0.000000,0.183990
70,45,00567,fog,1186,0,0.000000,1.000000,0.000000,L,1.000000,1.000000,0.000000,0.000000,0.205967
70,45,00567,fog,1402,0,0.000000,1.000000,0.000000,L,1.000000,1.000000,0.000000,0.000000,0.073924
70,45,00567,fog,1203,0,0.000000,1.000000,0.000000,L,1.000000,1.000000,0.000000,0.000000,0.148741
70,45,00567,fog,489,0,0.000000,1.000000,0.000000,L,1.000000,1.000000,0.000000,0.000000,0.120115
70,45,00567,fog,661,0,0.000000,1.000000,0.000000,L,1.000000,1.000000,0.000000,0.000000,0.099051
70,45,00567,fog,190,0,0.000000,1.000000,0.000000,L,1.000000,1.000000,0.000000,0.000000,0.110292
70,45,00567,fog,525,0,0.000000,1.000000,0.000000,L,1.000000,1.000000,0.000000,0.000000,0.132609
70,45,00567,fog,249,0,0.000000,1.000000,0.000000,L,1.000000,1.000000,0.000000,0.000000,0.162100
70,45,00567,fog,912,0,0.000000,1.000000,0.000000,L,1.000000,1.000000,0.000002,0.000000,0.120280
70,45,00567,fog,862,0,0.000000,1.000000,0.000000,L,1.000000,1.000000,0.000000,0.000000,0.079208
70,45,00567,fog,1249,0,0.000000,1.000000,0.000000,L,1.000000,1.000000,0.000000,0.000000,0.132679
70,45,00567,fog,1391,0,0.000000,1.000000,0.000000,L,1.000000,1.000000,0.000000,0.000000,0.131660
70,45,00567,fog,817,0,0.000000,1.000000,0.000000,L,1.000000,1.000000,0.000000,0.000000,0.141797
70,45,00567,fog,1025,0,0.000000,1.000000,0.000000,L,1.000000,1.000000,0.000000,0.000000,0.136117
70,45,00567,fog,128,0,0.000000,1.000000,0.000000,L,1.000000,1.000000,0.000001,0.000000,0.063582
71,45,00613,fog,1272,1,0.000000,1.000000,0.000000,L,1.000000,1.000000,0.000000,0.000000,0.213039
71,45,00613,fog,1273,1,0.000000,1.000000,0.000000,L,1.000000,1.000000,0.000000,0.000000,0.225841
71,45,00613,fog,1274,1,0.000000,1.000000,0.000000,L,1.000000,1.000000,0.000000,0.000000,0.385903
71,45,00613,fog,1275,1,0.000000,1.000000,0.000000,L,1.000000,1.000000,-0.000000,0.000000,0.452576
71,45,00613,fog,1276,1,0.000000,1.000000,0.000000,L,1.000000,1.000000,0.000000,0.000000,0.242643
71,45,00613,fog,1277,1,0.000000,1.000000,0.000000,L,1.000000,1.000000,0.000000,0.000000,0.245491
71,45,00613,fog,1278,1,0.000000,1.000000,0.000000,L,1.000000,1.000000,0.000000,0.000000,0.119205
71,45,00613,fog,1362,1,0.000000,1.000000,0.000000,L,1.000000,1.000000,0.000000,0.000000,0.238293
71,45,00613,fog,1363,1,0.000000,1.000000,0.000000,L,1.000000,1.000000,0.000000,0.000000,0.286105
71,45,00613,fog,1364,1,0.000000,1.000000,0.000000,L,1.000000,1.000000,-0.000000,0.000000,0.544275
71,45,00613,fog,1365,1,0.000000,1.000000,0.000000,L,1.000000,1.000000,-0.000000,0.000000,0.554476
71,45,00613,fog,1366,1,0.000000,1.000000,0.000000,L,1.000000,1.000000,-0.000000,0.000000,0.507473
71,45,00613,fog,1367,1,0.000000,1.000000,0.000000,L,1.000000,1.000000,0.000000,0.000000,0.235057
71,45,00613,fog,1368,1,0.000000,1.000000,0.000000,L,1.000000,1.000000,0.000000,0.000000,0.113536
71,45,00613,fog,114,0,0.000000,1.000000,0.000000,L,1.000000,1.000000,0.000002,0.000000,0.074601
71,45,00613,fog,1034,0,0.000000,1.000000,0.000000,L,1.000000,1.000000,0.000000,0.000000,0.090244
71,45,00613,fog,739,0,0.000000,1.000000,0.000000,L,1.000000,1.000000,0.000000,0.000000,0.060186
71,45,00613,fog,1194,0,0.000000,1.000000,0.000000,L,1.000000,1.000000,0.000000,0.000000,0.083076
71,45,00613,fog,1045,0,0.000000,1.000000,0.000000,L,1.000000,1.000000,0.000000,0.000000,0.136084
71,45,00613,fog,1037,0,0.000000,1.000000,0.000000,L,1.000000,1.000000,0.000000,0.000000,0.134310
71,45,00613,fog,64,0,0.000000,1.000000,0.000000,L,1.000000,1.000000,0.000001,0.000000,0.149509
71,45,00613,fog,34,0,0.000000,1.000000,0.000000,L,1.000000,1.000000,0.000002,0.000000,0.060389
71,45,00613,fog,925,0,0.000000,1.000000,0.000000,L,1.000000,1.000000,0.000000,0.000000,0.061423
71,45,00613,fog,111,0,0.000000,1.000000,0.000000,L,1.000000,1.000000,0.000002,0.000000,0.052885
71,45,00613,fog,763,0,0.000000,1.000000,0.000000,L,1.000000,1.000000,0.000000,0.000000,0.064513
71,45,00613,fog,700,0,0.000000,1.000000,0.000000,L,1.000000,1.000000,0.000000,0.000000,0.129334
71,45,00613,fog,554,0,0.000000,1.000000,0.000000,L,1.000000,1.000000,0.000000,0.000000,0.088090
71,45,00613,fog,841,0,0.000001,0.999999,0.000000,L,0.999999,0.999998,0.000015,0.000001,0.116356
71,45,00613,fog,315,0,0.000000,1.000000,0.000000,L,1.000000,1.000000,0.000000,0.000000,0.048667
71,45,00613,fog,1197,0,0.000000,1.000000,0.000000,L,1.000000,1.000000,0.000000,0.000000,0.072671
71,45,00613,fog,563,0,0.000000,1.000000,0.000000,L,1.000000,1.000000,0.000000,0.000000,0.055894
71,45,00613,fog,1168,0,0.000000,1.000000,0.000000,L,1.000000,1.000000,0.000000,0.000000,0.131979
72,21,00197,rain,29,1,0.000000,1.000000,0.000000,L,1.000000,1.000000,0.000001,0.000000,0.126667
72,21,00197,rain,30,1,0.000000,1.000000,0.000000,L,1.000000,1.000000,0.000000,0.000000,0.145066
72,21,00197,rain,31,1,0.000000,1.000000,0.000000,L,1.000000,1.000000,0.000000,0.000000,0.177456
72,21,00197,rain,32,1,0.000000,1.000000,0.000000,L,1.000000,1.000000,-0.000000,0.000000,0.269258
72,21,00197,rain,33,1,0.000000,1.000000,0.000000,L,1.000000,1.000000,-0.000000,0.000000,0.201156
72,21,00197,rain,34,1,0.000000,1.000000,0.000000,L,1.000000,1.000000,0.000000,0.000000,0.212617
72,21,00197,rain,35,1,0.000000,1.000000,0.000000,L,1.000000,1.000000,0.000000,0.000000,0.122027
72,21,00197,rain,120,1,0.000000,1.000000,0.000000,L,1.000000,1.000000,0.000000,0.000000,0.135113
72,21,00197,rain,121,1,0.000000,1.000000,0.000000,L,1.000000,1.000000,0.000000,0.000000,0.135838
72,21,00197,rain,122,1,0.000000,1.000000,0.000000,L,1.000000,1.000000,-0.000000,0.000000,0.243622
72,21,00197,rain,123,1,0.000000,1.000000,0.000000,L,1.000000,1.000000,-0.000000,0.000000,0.232464
72,21,00197,rain,124,1,0.000000,1.000000,0.000000,L,1.000000,1.000000,0.000000,0.000000,0.139627
72,21,00197,rain,210,1,0.000000,1.000000,0.000000,L,1.000000,1.000000,0.000000,0.000000,0.139726
72,21,00197,rain,211,1,0.000000,1.000000,0.000000,L,1.000000,1.000000,0.000002,0.000000,0.141511
72,21,00197,rain,212,1,0.000000,1.000000,0.000000,L,1.000000,1.000000,0.000000,0.000000,0.147925
72,21,00197,rain,213,1,0.000000,1.000000,0.000000,L,1.000000,1.000000,0.000000,0.000000,0.148938
72,21,00197,rain,301,1,0.000000,1.000000,0.000000,L,1.000000,1.000000,0.000002,0.000000,0.143424
72,21,00197,rain,1125,0,0.000000,1.000000,0.000000,L,1.000000,1.000000,0.000000,0.000000,0.157941
72,21,00197,rain,974,0,0.000000,1.000000,0.000000,L,1.000000,1.000000,0.000000,0.000000,0.135775
72,21,00197,rain,1243,0,0.000000,1.000000,0.000000,L,1.000000,1.000000,0.000000,0.000000,0.133518
72,21,00197,rain,294,0,0.000000,1.000000,0.000000,L,1.000000,1.000000,0.000001,0.000000,0.097926
72,21,00197,rain,1081,0,0.000000,1.000000,0.000000,L,1.000000,1.000000,0.000000,0.000000,0.131826
72,21,00197,rain,1418,0,0.000000,1.000000,0.000000,L,1.000000,1.000000,0.000001,0.000000,0.131647
72,21,00197,rain,621,0,0.000000,1.000000,0.000000,L,1.000000,1.000000,0.000000,0.000000,0.128711
72,21,00197,rain,169,0,0.000000,1.000000,0.000000,L,1.000000,1.000000,0.000001,0.000000,0.124396
72,21,00197,rain,638,0,0.000000,1.000000,0.000000,L,1.000000,1.000000,0.000000,0.000000,0.194873
72,21,00197,rain,1244,0,0.000000,1.000000,0.000000,L,1.000000,1.000000,0.000000,0.000000,0.153606
72,21,00197,rain,152,0,0.000000,1.000000,0.000000,L,1.000000,1.000000,0.000001,0.000000,0.089795
72,21,00197,rain,1148,0,0.000000,1.000000,0.000000,L,1.000000,1.000000,0.000000,0.000000,0.148896
72,21,00197,rain,1128,0,0.000000,1.000000,0.000000,L,1.000000,1.000000,0.000000,0.000000,0.123727
72,21,00197,rain,1338,0,0.000000,1.000000,0.000000,L,1.000000,1.000000,0.000000,0.000000,0.130416
72,21,00197,rain,792,0,0.000000,1.000000,0.000000,L,1.000000,1.000000,0.000000,0.000000,0.130495
72,21,00197,rain,178,0,0.000000,1.000000,0.000000,L,1.000000,1.000000,0.000000,0.000000,0.151111
72,21,00197,rain,1406,0,0.000000,1.000000,0.000000,L,1.000000,1.000000,0.000001,0.000000,0.132095
72,21,00197,rain,195,0,0.000000,1.000000,0.000000,L,1.000000,1.000000,0.000000,0.000000,0.145671
73,21,00256,rain,297,1,0.000000,1.000000,0.000000,L,1.000000,1.000000,-0.000000,0.000000,0.386681
73,21,00256,rain,387,1,0.000000,1.000000,0.000000,L,1.000000,1.000000,0.000000,0.000000,0.213645
73,21,00256,rain,269,1,0.000000,1.000000,0.000000,L,1.000000,1.000000,0.000000,0.000000,0.309232
73,21,00256,rain,383,1,0.000000,1.000000,0.000000,L,1.000000,1.000000,0.000001,0.000000,0.193364
73,21,00256,rain,358,1,0.000000,1.000000,0.000000,L,1.000000,1.000000,-0.000000,0.000000,0.464527
73,21,00256,rain,115,1,0.000000,1.000000,0.000000,L,1.000000,1.000000,0.000000,0.000000,0.167772
73,21,00256,rain,299,1,0.000000,1.000000,0.000000,L,1.000000,1.000000,0.000000,0.000000,0.197791
73,21,00256,rain,119,1,0.000000,1.000000,0.000000,L,1.000000,1.000000,0.000002,0.000000,0.145205
73,21,00256,rain,203,1,0.000000,1.000000,0.000000,L,1.000000,1.000000,0.000000,0.000000,0.243796
73,21,00256,rain,294,1,0.000000,1.000000,0.000000,L,1.000000,1.000000,0.000000,0.000000,0.314842
73,21,00256,rain,298,1,0.000000,1.000000,0.000000,L,1.000000,1.000000,0.000000,0.000000,0.229003
73,21,00256,rain,448,1,0.000000,1.000000,0.000000,L,1.000000,1.000000,0.000000,0.000000,0.274351
73,21,00256,rain,293,1,0.000000,1.000000,0.000000,L,1.000000,1.000000,0.000000,0.000000,0.261894
73,21,00256,rain,205,1,0.000000,1.000000,0.000000,L,1.000000,1.000000,0.000000,0.000000,0.306340
73,21,00256,rain,479,1,0.000000,1.000000,0.000000,L,1.000000,1.000000,0.000001,0.000000,0.092015
73,21,00256,rain,537,1,0.000000,1.000000,0.000000,L,1.000000,1.000000,0.000002,0.000000,0.153300
73,21,00256,rain,208,1,0.000000,1.000000,0.000000,L,1.000000,1.000000,0.000001,0.000000,0.210262
73,21,00256,rain,446,1,0.000000,1.000000,0.000000,L,1.000000,1.000000,0.000001,0.000000,0.184262
73,21,00256,rain,385,1,0.000000,1.000000,0.000000,L,1.000000,1.000000,0.000001,0.000000,0.220472
73,21,00256,rain,118,1,0.000000,1.000000,0.000000,L,1.000000,1.000000,0.000002,0.000000,0.145109
73,21,00256,rain,449,1,0.000000,1.000000,0.000000,L,1.000000,1.000000,-0.000000,0.000000,0.311482
73,21,00256,rain,357,1,0.000000,1.000000,0.000000,L,1.000000,1.000000,0.000000,0.000000,0.257304
73,21,00256,rain,536,1,0.000000,1.000000,0.000000,L,1.000000,0.999999,0.000005,0.000000,0.144648
73,21,00256,rain,116,1,0.000000,1.000000,0.000000,L,1.000000,1.000000,0.000002,0.000000,0.164082
73,21,00256,rain,389,1,0.000000,1.000000,0.000000,L,1.000000,1.000000,0.000000,0.000000,0.131587
73,21,00256,rain,539,1,0.000000,1.000000,0.000000,L,1.000000,1.000000,0.000000,0.000000,0.159576
73,21,00256,rain,176,1,0.000000,1.000000,0.000000,L,1.000000,1.000000,0.000003,0.000000,0.151688
73,21,00256,rain,478,1,0.000000,1.000000,0.000000,L,1.000000,1.000000,0.000003,0.000000,0.108300
73,21,00256,rain,178,1,0.000000,1.000000,0.000000,L,1.000000,0.999999,0.000005,0.000000,0.178114
73,21,00256,rain,206,1,0.000000,1.000000,0.000000,L,1.000000,1.000000,-0.000000,0.000000,0.369359
73,21,00256,rain,113,1,0.000000,1.000000,0.000000,L,1.000000,1.000000,0.000001,0.000000,0.160879
73,21,00256,rain,384,1,0.000000,1.000000,0.000000,L,1.000000,1.000000,0.000000,0.000000,0.233420
73,21,00256,rain,447,1,0.000000,1.000000,0.000000,L,1.000000,1.000000,0.000000,0.000000,0.184426
73,21,00256,rain,296,1,0.000000,1.000000,0.000000,L,1.000000,1.000000,-0.000000,0.000000,0.419136
73,21,00256,rain,538,1,0.000000,1.000000,0.000000,L,1.000000,1.000000,0.000000,0.000000,0.193474
73,21,00256,rain,295,1,0.000000,1.000000,0.000000,L,1.000000,1.000000,0.000000,0.000000,0.366579
73,21,00256,rain,433,0,0.000000,1.000000,0.000000,L,1.000000,1.000000,0.000001,0.000000,0.131708
73,21,00256,rain,355,0,0.000000,1.000000,0.000000,L,1.000000,1.000000,0.000000,0.000000,0.214297
73,21,00256,rain,465,0,0.000000,1.000000,0.000000,L,1.000000,1.000000,0.000000,0.000000,0.076471
73,21,00256,rain,1336,0,0.000000,1.000000,0.000000,L,1.000000,1.000000,0.000000,0.000000,0.140270
73,21,00256,rain,363,0,0.000000,1.000000,0.000000,L,1.000000,1.000000,0.000000,0.000000,0.191122
73,21,00256,rain,311,0,0.000000,1.000000,0.000000,L,1.000000,1.000000,0.000001,0.000000,0.120120
73,21,00256,rain,728,0,0.000000,1.000000,0.000000,L,1.000000,1.000000,0.000000,0.000000,0.131445
73,21,00256,rain,220,0,0.000000,1.000000,0.000000,L,1.000000,1.000000,0.000001,0.000000,0.171241
73,21,00256,rain,915,0,0.000000,1.000000,0.000000,L,1.000000,1.000000,0.000000,0.000000,0.085273
73,21,00256,rain,1421,0,0.000000,1.000000,0.000000,L,1.000000,1.000000,0.000000,0.000000,0.118850
73,21,00256,rain,743,0,0.000000,1.000000,0.000000,L,1.000000,1.000000,0.000000,0.000000,0.116268
73,21,00256,rain,1104,0,0.000000,1.000000,0.000000,L,1.000000,1.000000,0.000000,0.000000,0.086966
73,21,00256,rain,948,0,0.000000,1.000000,0.000000,L,1.000000,1.000000,0.000000,0.000000,0.125894
73,21,00256,rain,1132,0,0.000000,1.000000,0.000000,L,1.000000,1.000000,0.000000,0.000000,0.135726
73,21,00256,rain,580,0,0.000000,1.000000,0.000000,L,1.000000,1.000000,0.000000,0.000000,0.085481
73,21,00256,rain,1206,0,0.000000,1.000000,0.000000,L,1.000000,1.000000,0.000000,0.000000,0.088062
73,21,00256,rain,1143,0,0.000000,1.000000,0.000000,L,1.000000,1.000000,0.000000,0.000000,0.114600
73,21,00256,rain,1220,0,0.000000,1.000000,0.000000,L,1.000000,1.000000,0.000000,0.000000,0.134439
74,21,00462,rain,121,1,0.000000,1.000000,0.000000,L,1.000000,1.000000,0.000002,0.000000,0.131556
74,21,00462,rain,521,1,0.000000,1.000000,0.000000,L,1.000000,1.000000,0.000000,0.000000,0.148330
74,21,00462,rain,300,1,0.000000,1.000000,0.000000,L,1.000000,1.000000,0.000000,0.000000,0.286789
74,21,00462,rain,402,1,0.000000,1.000000,0.000000,L,1.000000,1.000000,0.000000,0.000000,0.136527
74,21,00462,rain,214,1,0.000000,1.000000,0.000000,L,1.000000,1.000000,0.000000,0.000000,0.254084
74,21,00462,rain,129,1,0.000000,1.000000,0.000000,L,1.000000,1.000000,0.000002,0.000000,0.108975
74,21,00462,rain,364,1,0.000000,1.000000,0.000000,L,1.000000,1.000000,-0.000000,0.000000,0.579458
74,21,00462,rain,92,1,0.000000,1.000000,0.000000,L,1.000000,1.000000,0.000002,0.000000,0.219228
74,21,00462,rain,93,1,0.000000,1.000000,0.000000,L,1.000000,1.000000,0.000001,0.000000,0.220225
74,21,00462,rain,393,1,0.000000,1.000000,0.000000,L,1.000000,1.000000,0.000002,0.000000,0.228421
74,21,00462,rain,1324,1,0.000000,1.000000,0.000000,L,1.000000,1.000000,0.000001,0.000000,0.215752
74,21,00462,rain,394,1,0.000000,1.000000,0.000000,L,1.000000,1.000000,0.000001,0.000000,0.238482
74,21,00462,rain,390,1,0.000000,1.000000,0.000000,L,1.000000,1.000000,0.000004,0.000000,0.226614
74,21,00462,rain,213,1,0.000000,1.000000,0.000000,L,1.000000,1.000000,0.000000,0.000000,0.303919
74,21,00462,rain,391,1,0.000000,1.000000,0.000000,L,1.000000,1.000000,0.000001,0.000000,0.248500
74,21,00462,rain,344,1,0.000000,1.000000,0.000000,L,1.000000,1.000000,0.000000,0.000000,0.160520
74,21,00462,rain,91,1,0.000000,1.000000,0.000000,L,1.000000,1.000000,0.000002,0.000000,0.201289
74,21,00462,rain,132,1,0.000000,1.000000,0.000000,L,1.000000,1.000000,0.000002,0.000000,0.108047
74,21,00462,rain,434,1,0.000000,1.000000,0.000000,L,1.000000,1.000000,0.000000,0.000000,0.159591
74,21,00462,rain,491,1,0.000000,1.000000,0.000000,L,1.000000,1.000000,0.000003,0.000000,0.118392
74,21,00462,rain,217,1,0.000000,1.000000,0.000000,L,1.000000,1.000000,0.000000,0.000000,0.159296
74,21,00462,rain,342,1,0.000000,1.000000,0.000000,L,1.000000,1.000000,0.000000,0.000000,0.266845
74,21,00462,rain,457,1,0.000000,1.000000,0.000000,L,1.000000,1.000000,0.000000,0.000000,0.142031
74,21,00462,rain,209,1,0.000000,1.000000,0.000000,L,1.000000,1.000000,0.000000,0.000000,0.218377
74,21,00462,rain,302,1,0.000000,1.000000,0.000000,L,1.000000,1.000000,-0.000000,0.000000,0.481397
74,21,00462,rain,340,1,0.000000,1.000000,0.000000,L,1.000000,1.000000,0.000000,0.000000,0.215271
74,21,00462,rain,493,1,0.000000,1.000000,0.000000,L,1.000000,1.000000,0.000000,0.000000,0.077854
74,21,00462,rain,428,1,0.000000,1.000000,0.000000,L,1.000000,1.000000,0.000000,0.000000,0.119837
74,21,00462,rain,518,1,0.000000,1.000000,0.000000,L,1.000000,1.000000,0.000000,0.000000,0.140760
74,21,00462,rain,366,1,0.000000,1.000000,0.000000,L,1.000000,1.000000,0.000000,0.000000,0.234158
74,21,00462,rain,397,1,0.000000,1.000000,0.000000,L,1.000000,1.000000,0.000000,0.000000,0.218955
74,21,00462,rain,311,1,0.000000,1.000000,0.000000,L,1.000000,1.000000,-0.000000,0.000000,0.428813
74,21,00462,rain,94,1,0.000000,1.000000,0.000000,L,1.000000,1.000000,0.000001,0.000000,0.196599
74,21,00462,rain,277,1,0.000000,1.000000,0.000000,L,1.000000,1.000000,0.000000,0.000000,0.198844
74,21,00462,rain,303,1,0.000000,1.000000,0.000000,L,1.000000,1.000000,0.000000,0.000000,0.332396
74,21,00462,rain,298,1,0.000000,1.000000,0.000000,L,1.000000,1.000000,0.000000,0.000000,0.284767
74,21,00462,rain,603,0,0.000000,1.000000,0.000000,L,1.000000,1.000000,0.000000,0.000000,0.122577
74,21,00462,rain,357,0,0.000000,1.000000,0.000000,L,1.000000,1.000000,0.000000,0.000000,0.149987
74,21,00462,rain,473,0,0.000000,1.000000,0.000000,L,1.000000,1.000000,0.000000,0.000000,0.180381
74,21,00462,rain,198,0,0.000000,1.000000,0.000000,L,1.000000,1.000000,0.000003,0.000000,0.147952
74,21,00462,rain,966,0,0.000000,1.000000,0.000000,L,1.000000,1.000000,0.000000,0.000000,0.205886
74,21,00462,rain,231,0,0.000000,1.000000,0.000000,L,1.000000,1.000000,0.000000,0.000000,0.179109
74,21,00462,rain,792,0,0.000000,1.000000,0.000000,L,1.000000,1.000000,0.000000,0.000000,0.130059
74,21,00462,rain,718,0,0.000000,1.000000,0.000000,L,1.000000,1.000000,0.000000,0.000000,0.126979
74,21,00462,rain,1036,0,0.000000,1.000000,0.000000,L,1.000000,1.000000,0.000000,0.000000,0.178276
74,21,00462,rain,152,0,0.000000,1.000000,0.000000,L,1.000000,1.000000,0.000001,0.000000,0.171136
74,21,00462,rain,1269,0,0.000000,1.000000,0.000000,L,1.000000,1.000000,0.000000,0.000000,0.145279
74,21,00462,rain,533,0,0.000000,1.000000,0.000000,L,1.000000,1.000000,0.000000,0.000000,0.078614
74,21,00462,rain,9,0,0.000000,1.000000,0.000000,L,1.000000,1.000000,0.000000,0.000000,0.213117
74,21,00462,rain,781,0,0.000000,1.000000,0.000000,L,1.000000,1.000000,0.000000,0.000000,0.094936
74,21,00462,rain,1291,0,0.000000,1.000000,0.000000,L,1.000000,1.000000,0.000000,0.000000,0.198153
74,21,00462,rain,678,0,0.000000,1.000000,0.000000,L,1.000000,1.000000,0.000000,0.000000,0.078651
74,21,00462,rain,887,0,0.000000,1.000000,0.000000,L,1.000000,1.000000,0.000000,0.000000,0.152331
74,21,00462,rain,36,0,0.000000,1.000000,0.000000,L,1.000000,1.000000,0.000002,0.000000,0.067609
75,21,00520,rain,339,1,0.000000,1.000000,0.000000,L,1.000000,1.000000,0.000000,0.000000,0.375405
75,21,00520,rain,365,1,0.000000,1.000000,0.000000,L,1.000000,1.000000,0.000000,0.000000,0.243584
75,21,00520,rain,386,1,0.000000,1.000000,0.000000,L,1.000000,1.000000,0.000000,0.000000,0.253766
75,21,00520,rain,271,1,0.000000,1.000000,0.000000,L,1.000000,1.000000,0.000000,0.000000,0.230229
75,21,00520,rain,291,1,0.000000,1.000000,0.000000,L,1.000000,1.000000,0.000000,0.000000,0.255456
75,21,00520,rain,390,1,0.000000,1.000000,0.000000,L,1.000000,1.000000,0.000000,0.000000,0.201635
75,21,00520,rain,483,1,0.000000,1.000000,0.000000,L,1.000000,1.000000,0.000000,0.000000,0.109854
75,21,00520,rain,450,1,0.000000,1.000000,0.000000,L,1.000000,1.000000,0.000000,0.000000,0.204362
75,21,00520,rain,336,1,0.000000,1.000000,0.000000,L,1.000000,1.000000,0.000000,0.000000,0.191609
75,21,00520,rain,270,1,0.000000,1.000000,0.000000,L,1.000000,1.000000,0.000000,0.000000,0.226717
75,21,00520,rain,426,1,0.000000,1.000000,0.000000,L,1.000000,1.000000,0.000000,0.000000,0.188485
75,21,00520,rain,202,1,0.000000,1.000000,0.000000,L,1.000000,1.000000,0.000000,0.000000,0.237473
75,21,00520,rain,361,1,0.000000,1.000000,0.000000,L,1.000000,1.000000,0.000001,0.000000,0.229227
75,21,00520,rain,180,1,0.000000,1.000000,0.000000,L,1.000000,1.000000,0.000000,0.000000,0.189828
75,21,00520,rain,515,1,0.000000,1.000000,0.000000,L,1.000000,1.000000,0.000001,0.000000,0.174202
75,21,00520,rain,248,1,0.000000,1.000000,0.000000,L,1.000000,1.000000,0.000001,0.000000,0.197091
75,21,00520,rain,341,1,0.000000,1.000000,0.000000,L,1.000000,1.000000,0.000001,0.000000,0.164767
75,21,00520,rain,247,1,0.000000,1.000000,0.000000,L,1.000000,1.000000,0.000001,0.000000,0.193080
75,21,00520,rain,366,1,0.000000,1.000000,0.000000,L,1.000000,1.000000,0.000000,0.000000,0.226479
75,21,00520,rain,456,1,0.000000,1.000000,0.000000,L,1.000000,1.000000,0.000000,0.000000,0.196194
75,21,00520,rain,363,1,0.000000,1.000000,0.000000,L,1.000000,1.000000,-0.000000,0.000000,0.666263
75,21,00520,rain,430,1,0.000000,1.000000,0.000000,L,1.000000,1.000000,0.000000,0.000000,0.142856
75,21,00520,rain,115,1,0.000000,1.000000,0.000000,L,1.000000,1.000000,0.000004,0.000000,0.175625
75,21,00520,rain,201,1,0.000000,1.000000,0.000000,L,1.000000,1.000000,0.000000,0.000000,0.219212
75,21,00520,rain,273,1,0.000000,1.000000,0.000000,L,1.000000,1.000000,-0.000000,0.000000,0.960701
75,21,00520,rain,476,1,0.000000,1.000000,0.000000,L,1.000000,1.000000,0.000001,0.000000,0.161457
75,21,00520,rain,474,1,0.000000,1.000000,0.000000,L,1.000000,1.000000,0.000000,0.000000,0.196700
75,21,00520,rain,184,1,0.000000,0.999999,0.000000,L,0.999999,0.999999,0.000012,0.000001,0.224866
75,21,00520,rain,471,1,0.000000,1.000000,0.000000,L,1.000000,1.000000,0.000000,0.000000,0.193028
75,21,00520,rain,114,1,0.000000,1.000000,0.000000,L,1.000000,1.000000,0.000003,0.000000,0.155025
75,21,00520,rain,276,1,0.000000,1.000000,0.000000,L,1.000000,1.000000,0.000001,0.000000,0.228389
75,21,00520,rain,185,1,0.000000,1.000000,0.000000,L,1.000000,0.999999,0.000006,0.000001,0.227183
75,21,00520,rain,211,1,0.000000,1.000000,0.000000,L,1.000000,1.000000,0.000000,0.000000,0.173002
75,21,00520,rain,340,1,0.000000,1.000000,0.000000,L,1.000000,1.000000,0.000001,0.000000,0.168259
75,21,00520,rain,272,1,0.000000,1.000000,0.000000,L,1.000000,1.000000,-0.000000,0.000000,0.559983
75,21,00520,rain,383,1,0.000000,1.000000,0.000000,L,1.000000,1.000000,0.000000,0.000000,0.301040
75,21,00520,rain,73,0,0.000000,1.000000,0.000000,L,1.000000,1.000000,0.000002,0.000000,0.118253
75,21,00520,rain,528,0,0.000000,1.000000,0.000000,L,1.000000,1.000000,0.000000,0.000000,0.142703
75,21,00520,rain,870,0,0.000000,1.000000,0.000000,L,1.000000,1.000000,0.000000,0.000000,0.094724
75,21,00520,rain,1374,0,0.000000,1.000000,0.000000,L,1.000000,1.000000,0.000001,0.000000,0.093952
75,21,00520,rain,588,0,0.000000,1.000000,0.000000,L,1.000000,1.000000,0.000000,0.000000,0.085517
75,21,00520,rain,370,0,0.000000,1.000000,0.000000,L,1.000000,1.000000,0.000000,0.000000,0.202438
75,21,00520,rain,136,0,0.000000,1.000000,0.000000,L,1.000000,1.000000,0.000000,0.000000,0.159569
75,21,00520,rain,774,0,0.000000,1.000000,0.000000,L,1.000000,1.000000,0.000000,0.000000,0.076339
75,21,00520,rain,970,0,0.000000,1.000000,0.000000,L,1.000000,1.000000,0.000000,0.000000,0.126482
75,21,00520,rain,990,0,0.000000,1.000000,0.000000,L,1.000000,1.000000,0.000000,0.000000,0.126111
75,21,00520,rain,280,0,0.000000,1.000000,0.000000,L,1.000000,1.000000,0.000001,0.000000,0.188446
75,21,00520,rain,42,0,0.000000,1.000000,0.000000,L,1.000000,1.000000,0.000000,0.000000,0.125413
75,21,00520,rain,967,0,0.000000,1.000000,0.000000,L,1.000000,1.000000,0.000000,0.000000,0.127549
75,21,00520,rain,599,0,0.000000,1.000000,0.000000,L,1.000000,1.000000,0.000000,0.000000,0.111810
75,21,00520,rain,8,0,0.000000,1.000000,0.000000,L,1.000000,1.000000,0.000003,0.000000,0.132843
75,21,00520,rain,1107,0,0.000000,1.000000,0.000000,L,1.000000,1.000000,0.000000,0.000000,0.064147
75,21,00520,rain,1142,0,0.000000,1.000000,0.000000,L,1.000000,1.000000,0.000000,0.000000,0.116631
75,21,00520,rain,779,0,0.000000,1.000000,0.000000,L,1.000000,1.000000,0.000001,0.000000,0.136821
76,21,00577,rain,207,1,0.000000,1.000000,0.000000,L,1.000000,1.000000,0.000000,0.000000,0.265212
76,21,00577,rain,1230,1,0.000000,1.000000,0.000000,L,1.000000,1.000000,0.000001,0.000000,0.136911
76,21,00577,rain,1316,1,0.000000,1.000000,0.000000,L,1.000000,1.000000,0.000000,0.000000,0.199502
76,21,00577,rain,208,1,0.000000,1.000000,0.000000,L,1.000000,1.000000,0.000001,0.000000,0.231886
76,21,00577,rain,200,1,0.000000,1.000000,0.000000,L,1.000000,1.000000,0.000000,0.000000,0.255979
76,21,00577,rain,401,1,0.000000,1.000000,0.000000,L,1.000000,1.000000,0.000000,0.000000,0.130719
76,21,00577,rain,362,1,0.000000,1.000000,0.000000,L,1.000000,1.000000,0.000004,0.000000,0.224683
76,21,00577,rain,378,1,0.000000,1.000000,0.000000,L,1.000000,1.000000,0.000001,0.000000,0.222843
76,21,00577,rain,1318,1,0.000000,1.000000,0.000000,L,1.000000,1.000000,0.000000,0.000000,0.216379
76,21,00577,rain,472,1,0.000000,1.000000,0.000000,L,1.000000,0.999999,0.000005,0.000000,0.139599
76,21,00577,rain,188,1,0.000000,1.000000,0.000000,L,1.000000,1.000000,0.000001,0.000000,0.171084
76,21,00577,rain,293,1,0.000000,1.000000,0.000000,L,1.000000,1.000000,0.000000,0.000000,0.226212
76,21,00577,rain,1402,1,0.000000,1.000000,0.000000,L,1.000000,1.000000,0.000000,0.000000,0.132099
76,21,00577,rain,466,1,0.000000,1.000000,0.000000,L,1.000000,1.000000,0.000001,0.000000,0.151596
76,21,00577,rain,96,1,0.000000,1.000000,0.000000,L,1.000000,1.000000,0.000002,0.000000,0.141218
76,21,00577,rain,463,1,0.000000,1.000000,0.000000,L,1.000000,1.000000,0.000004,0.000000,0.118555
76,21,00577,rain,204,1,0.000000,1.000000,0.000000,L,1.000000,1.000000,0.000000,0.000000,0.225666
76,21,00577,rain,360,1,0.000000,1.000000,0.000000,L,1.000000,1.000000,0.000002,0.000000,0.228338
76,21,00577,rain,454,1,0.000000,1.000000,0.000000,L,1.000000,1.000000,0.000002,0.000000,0.187884
76,21,00577,rain,212,1,0.000000,1.000000,0.000000,L,1.000000,1.000000,0.000001,0.000000,0.227931
76,21,00577,rain,274,1,0.000000,1.000000,0.000000,L,1.000000,1.000000,-0.000000,0.000000,0.674379
76,21,00577,rain,294,1,0.000000,1.000000,0.000000,L,1.000000,1.000000,0.000000,0.000000,0.267390
76,21,00577,rain,315,1,0.000000,1.000000,0.000000,L,1.000000,1.000000,0.000000,0.000000,0.124853
76,21,00577,rain,470,1,0.000001,0.999999,0.000000,L,0.999999,0.999999,0.000011,0.000001,0.124220
76,21,00577,rain,1319,1,0.000000,1.000000,0.000000,L,1.000000,1.000000,0.000000,0.000000,0.186154
76,21,00577,rain,292,1,0.000000,1.000000,0.000000,L,1.000000,1.000000,0.000000,0.000000,0.277415
76,21,00577,rain,316,1,0.000000,1.000000,0.000000,L,1.000000,1.000000,0.000000,0.000000,0.121284
76,21,00577,rain,387,1,0.000000,1.000000,0.000000,L,1.000000,1.000000,0.000001,0.000000,0.234733
76,21,00577,rain,388,1,0.000000,1.000000,0.000000,L,1.000000,1.000000,0.000002,0.000000,0.235531
76,21,00577,rain,389,1,0.000000,1.000000,0.000000,L,1.000000,1.000000,0.000000,0.000000,0.245035
76,21,00577,rain,386,1,0.000000,1.000000,0.000000,L,1.000000,1.000000,0.000000,0.000000,0.236390
76,21,00577,rain,92,1,0.000000,1.000000,0.000000,L,1.000000,1.000000,0.000000,0.000000,0.165054
76,21,00577,rain,291,1,0.000000,1.000000,0.000000,L,1.000000,1.000000,0.000000,0.000000,0.303372
76,21,00577,rain,314,1,0.000000,1.000000,0.000000,L,1.000000,1.000000,0.000001,0.000000,0.119984
76,21,00577,rain,366,1,0.000000,1.000000,0.000000,L,1.000000,1.000000,0.000000,0.000000,0.213522
76,21,00577,rain,383,1,0.000000,1.000000,0.000000,L,1.000000,1.000000,0.000001,0.000000,0.224161
76,21,00577,rain,1001,0,0.000000,1.000000,0.000000,L,1.000000,1.000000,0.000003,0.000000,0.135184
76,21,00577,rain,411,0,0.000000,1.000000,0.000000,L,1.000000,1.000000,0.000000,0.000000,0.180824
76,21,00577,rain,253,0,0.000000,1.000000,0.000000,L,1.000000,1.000000,-0.000000,0.000000,0.368071
76,21,00577,rain,306,0,0.000000,1.000000,0.000000,L,1.000000,1.000000,0.000000,0.000000,0.115520
76,21,00577,rain,528,0,0.000000,1.000000,0.000000,L,1.000000,1.000000,0.000001,0.000000,0.178100
76,21,00577,rain,1343,0,0.000000,1.000000,0.000000,L,1.000000,1.000000,0.000000,0.000000,0.224278
76,21,00577,rain,1194,0,0.000000,1.000000,0.000000,L,1.000000,1.000000,0.000000,0.000000,0.116613
76,21,00577,rain,426,0,0.000000,1.000000,0.000000,L,1.000000,1.000000,0.000000,0.000000,0.151200
76,21,00577,rain,1113,0,0.000000,1.000000,0.000000,L,1.000000,1.000000,0.000000,0.000000,0.120732
76,21,00577,rain,1203,0,0.000000,1.000000,0.000000,L,1.000000,1.000000,0.000001,0.000000,0.202406
76,21,00577,rain,681,0,0.000000,1.000000,0.000000,L,1.000000,1.000000,0.000000,0.000000,0.140914
76,21,00577,rain,215,0,0.000000,1.000000,0.000000,L,1.000000,1.000000,0.000001,0.000000,0.122107
76,21,00577,rain,160,0,0.000000,1.000000,0.000000,L,1.000000,1.000000,0.000002,0.000000,0.105947
76,21,00577,rain,68,0,0.000000,1.000000,0.000000,L,1.000000,1.000000,0.000004,0.000000,0.090953
76,21,00577,rain,339,0,0.000000,1.000000,0.000000,L,1.000000,1.000000,0.000001,0.000000,0.087881
76,21,00577,rain,245,0,0.000000,1.000000,0.000000,L,1.000000,1.000000,0.000000,0.000000,0.145922
76,21,00577,rain,605,0,0.000000,1.000000,0.000000,L,1.000000,1.000000,0.000000,0.000000,0.160312
76,21,00577,rain,1108,0,0.000000,1.000000,0.000000,L,1.000000,1.000000,0.000000,0.000000,0.092275
77,23,00184,rain,699,1,0.000000,1.000000,0.000000,L,1.000000,1.000000,-0.000000,0.000000,0.655317
77,23,00184,rain,700,1,0.000000,1.000000,0.000000,L,1.000000,1.000000,-0.000000,0.000000,0.992457
77,23,00184,rain,607,1,0.000000,1.000000,0.000000,L,1.000000,1.000000,0.000001,0.000000,0.213338
77,23,00184,rain,789,1,0.000000,1.000000,0.000000,L,1.000000,1.000000,0.000000,0.000000,0.430925
77,23,00184,rain,787,1,0.000000,1.000000,0.000000,L,1.000000,1.000000,0.000000,0.000000,0.221544
77,23,00184,rain,1287,1,0.000000,1.000000,0.000000,L,1.000000,1.000000,0.000000,0.000000,0.214208
77,23,00184,rain,883,1,0.000000,1.000000,0.000000,L,1.000000,1.000000,0.000000,0.000000,0.128427
77,23,00184,rain,1018,1,0.000000,1.000000,0.000000,L,1.000000,1.000000,0.000004,0.000000,0.255952
77,23,00184,rain,1229,1,0.000000,1.000000,0.000000,L,1.000000,1.000000,0.000001,0.000000,0.204588
77,23,00184,rain,1020,1,0.000000,1.000000,0.000000,L,1.000000,1.000000,-0.000000,0.000000,0.611870
77,23,00184,rain,1022,1,0.000000,1.000000,0.000000,L,1.000000,1.000000,0.000000,0.000000,0.259316
77,23,00184,rain,698,1,0.000000,1.000000,0.000000,L,1.000000,1.000000,0.000002,0.000000,0.283372
77,23,00184,rain,611,1,0.000000,0.999999,0.000001,L,0.999999,0.999998,0.000013,0.000001,0.249726
77,23,00184,rain,1138,1,0.000000,1.000000,0.000000,L,1.000000,1.000000,-0.000000,0.000000,0.591710
77,23,00184,rain,1046,1,0.000000,1.000000,0.000000,L,1.000000,1.000000,0.000002,0.000000,0.224826
77,23,00184,rain,790,1,0.000000,1.000000,0.000000,L,1.000000,1.000000,-0.000000,0.000000,0.734176
77,23,00184,rain,1202,1,0.000000,1.000000,0.000000,L,1.000000,1.000000,0.000001,0.000000,0.238326
77,23,00184,rain,1231,1,0.000000,1.000000,0.000000,L,1.000000,1.000000,0.000000,0.000000,0.213050
77,23,00184,rain,1047,1,0.000000,1.000000,0.000000,L,1.000000,1.000000,0.000000,0.000000,0.252380
77,23,00184,rain,613,1,0.000000,1.000000,0.000000,L,1.000000,1.000000,0.000000,0.000000,0.124285
77,23,00184,rain,877,1,0.000001,0.999999,0.000000,L,0.999999,0.999997,0.000018,0.000001,0.157454
77,23,00184,rain,960,1,0.000000,1.000000,0.000000,L,1.000000,1.000000,0.000004,0.000000,0.252043
77,23,00184,rain,1292,1,0.000000,1.000000,0.000000,L,1.000000,1.000000,0.000000,0.000000,0.217308
77,23,00184,rain,1108,1,0.000000,1.000000,0.000000,L,1.000000,1.000000,0.000000,0.000000,0.331324
77,23,00184,rain,1197,1,0.000000,1.000000,0.000000,L,1.000000,1.000000,0.000002,0.000000,0.220931
77,23,00184,rain,1141,1,0.000000,1.000000,0.000000,L,1.000000,1.000000,0.000000,0.000000,0.363237
77,23,00184,rain,1291,1,0.000000,1.000000,0.000000,L,1.000000,1.000000,0.000000,0.000000,0.210839
77,23,00184,rain,1201,1,0.000000,1.000000,0.000000,L,1.000000,1.000000,0.000001,0.000000,0.238736
77,23,00184,rain,958,1,0.000000,0.999999,0.000000,L,0.999999,0.999999,0.000011,0.000001,0.253516
77,23,00184,rain,697,1,0.000000,1.000000,0.000000,L,1.000000,1.000000,0.000000,0.000000,0.244240
77,23,00184,rain,959,1,0.000000,0.999999,0.000001,L,0.999999,0.999998,0.000014,0.000001,0.273690
77,23,00184,rain,1199,1,0.000000,1.000000,0.000000,L,1.000000,1.000000,0.000001,0.000000,0.252217
77,23,00184,rain,1228,1,0.000000,1.000000,0.000000,L,1.000000,1.000000,0.000001,0.000000,0.188635
77,23,00184,rain,1021,1,0.000000,1.000000,0.000000,L,1.000000,1.000000,0.000002,0.000000,0.291255
77,23,00184,rain,1198,1,0.000000,1.000000,0.000000,L,1.000000,1.000000,0.000003,0.000000,0.230910
77,23,00184,rain,1048,1,0.000000,1.000000,0.000000,L,1.000000,1.000000,-0.000000,0.000000,0.727135
77,23,00184,rain,824,0,0.000000,1.000000,0.000000,L,1.000000,1.000000,0.000000,0.000000,0.106811
77,23,00184,rain,649,0,0.000000,1.000000,0.000000,L,1.000000,1.000000,0.000001,0.000000,0.085519
77,23,00184,rain,550,0,0.000000,1.000000,0.000000,L,1.000000,1.000000,0.000001,0.000000,0.108191
77,23,00184,rain,1179,0,0.000000,1.000000,0.000000,L,1.000000,1.000000,0.000001,0.000000,0.107501
77,23,00184,rain,672,0,0.000000,1.000000,0.000000,L,1.000000,1.000000,0.000000,0.000000,0.139355
77,23,00184,rain,533,0,0.000000,1.000000,0.000000,L,1.000000,1.000000,0.000000,0.000000,0.148534
77,23,00184,rain,255,0,0.000000,1.000000,0.000000,L,1.000000,1.000000,0.000001,0.000000,0.231068
77,23,00184,rain,687,0,0.000000,1.000000,0.000000,L,1.000000,1.000000,0.000000,0.000000,0.103055
77,23,00184,rain,1105,0,0.000000,1.000000,0.000000,L,1.000000,1.000000,0.000001,0.000000,0.183278
77,23,00184,rain,1102,0,0.000000,1.000000,0.000000,L,1.000000,1.000000,0.000001,0.000000,0.123690
77,23,00184,rain,557,0,0.000000,1.000000,0.000000,L,1.000000,1.000000,0.000000,0.000000,0.071260
77,23,00184,rain,323,0,0.000000,1.000000,0.000000,L,1.000000,1.000000,0.000000,0.000000,0.189579
77,23,00184,rain,618,0,0.000000,1.000000,0.000000,L,1.000000,1.000000,0.000000,0.000000,0.136783
77,23,00184,rain,185,0,0.000001,0.999999,0.000000,L,0.999999,0.999999,0.000008,0.000001,0.151474
77,23,00184,rain,183,0,0.000000,1.000000,0.000000,L,1.000000,1.000000,0.000001,0.000000,0.163307
77,23,00184,rain,402,0,0.000000,1.000000,0.000000,L,1.000000,1.000000,0.000001,0.000000,0.166438
77,23,00184,rain,14,0,0.000000,1.000000,0.000000,L,1.000000,1.000000,0.000001,0.000000,0.145169
77,23,00184,rain,938,0,0.000000,1.000000,0.000000,L,1.000000,1.000000,0.000000,0.000000,0.123204
78,23,00241,rain,924,1,0.000000,1.000000,0.000000,L,1.000000,1.000000,0.000000,0.000000,0.207738
78,23,00241,rain,852,1,0.000000,1.000000,0.000000,L,1.000000,1.000000,0.000000,0.000000,0.270232
78,23,00241,rain,944,1,0.000000,1.000000,0.000000,L,1.000000,1.000000,0.000002,0.000000,0.192671
78,23,00241,rain,516,1,0.000000,1.000000,0.000000,L,1.000000,1.000000,0.000003,0.000000,0.201677
78,23,00241,rain,941,1,0.000000,1.000000,0.000000,L,1.000000,1.000000,0.000002,0.000000,0.198584
78,23,00241,rain,761,1,0.000000,1.000000,0.000000,L,1.000000,1.000000,-0.000000,0.000000,0.994299
78,23,00241,rain,1098,1,0.000000,1.000000,0.000000,L,1.000000,1.000000,0.000000,0.000000,0.174463
78,23,00241,rain,609,1,0.000000,1.000000,0.000000,L,1.000000,1.000000,0.000000,0.000000,0.153723
78,23,00241,rain,1011,1,0.000000,1.000000,0.000000,L,1.000000,1.000000,-0.000000,0.000000,0.817340
78,23,00241,rain,784,1,0.000000,1.000000,0.000000,L,1.000000,1.000000,0.000001,0.000000,0.150325
78,23,00241,rain,696,1,0.000000,1.000000,0.000000,L,1.000000,1.000000,0.000000,0.000000,0.235751
78,23,00241,rain,829,1,0.000000,1.000000,0.000000,L,1.000000,0.999999,0.000006,0.000000,0.207915
78,23,00241,rain,674,1,0.000000,1.000000,0.000000,L,1.000000,1.000000,0.000004,0.000000,0.188480
78,23,00241,rain,699,1,0.000000,1.000000,0.000000,L,1.000000,1.000000,0.000000,0.000000,0.144323
78,23,00241,rain,1189,1,0.000000,1.000000,0.000000,L,1.000000,1.000000,0.000000,0.000000,0.184947
78,23,00241,rain,1008,1,0.000000,1.000000,0.000000,L,1.000000,1.000000,0.000001,0.000000,0.184345
78,23,00241,rain,786,1,0.000000,1.000000,0.000000,L,1.000000,1.000000,0.000001,0.000000,0.191386
78,23,00241,rain,669,1,0.000000,1.000000,0.000000,L,1.000000,0.999999,0.000005,0.000000,0.290812
78,23,00241,rain,847,1,0.000000,1.000000,0.000000,L,1.000000,1.000000,0.000000,0.000000,0.111983
78,23,00241,rain,670,1,0.000000,0.999999,0.000000,L,0.999999,0.999999,0.000010,0.000001,0.304840
78,23,00241,rain,515,1,0.000000,1.000000,0.000000,L,1.000000,0.999999,0.000005,0.000000,0.219354
78,23,00241,rain,517,1,0.000000,1.000000,0.000000,L,1.000000,1.000000,0.000003,0.000000,0.206682
78,23,00241,rain,694,1,0.000000,1.000000,0.000000,L,1.000000,1.000000,0.000002,0.000000,0.205557
78,23,00241,rain,763,1,0.000000,1.000000,0.000000,L,1.000000,1.000000,0.000000,0.000000,0.262613
78,23,00241,rain,828,1,0.000000,1.000000,0.000000,L,1.000000,1.000000,0.000003,0.000000,0.134128
78,23,00241,rain,1192,1,0.000000,1.000000,0.000000,L,1.000000,1.000000,0.000000,0.000000,0.170079
78,23,00241,rain,832,1,0.000000,1.000000,0.000000,L,1.000000,1.000000,0.000002,0.000000,0.236487
78,23,00241,rain,1012,1,0.000000,1.000000,0.000000,L,1.000000,1.000000,-0.000000,0.000000,0.649510
78,23,00241,rain,1102,1,0.000000,1.000000,0.000000,L,1.000000,1.000000,0.000003,0.000000,0.227437
78,23,00241,rain,830,1,0.000000,1.000000,0.000000,L,1.000000,1.000000,0.000004,0.000000,0.242359
78,23,00241,rain,606,1,0.000000,1.000000,0.000000,L,1.000000,1.000000,0.000000,0.000000,0.340311
78,23,00241,rain,607,1,0.000000,1.000000,0.000000,L,1.000000,1.000000,0.000000,0.000000,0.265693
78,23,00241,rain,695,1,0.000000,1.000000,0.000000,L,1.000000,1.000000,0.000000,0.000000,0.222919
78,23,00241,rain,849,1,0.000000,1.000000,0.000000,L,1.000000,1.000000,0.000000,0.000000,0.251119
78,23,00241,rain,939,1,0.000000,1.000000,0.000000,L,1.000000,1.000000,0.000002,0.000000,0.155980
78,23,00241,rain,851,1,0.000000,1.000000,0.000000,L,1.000000,1.000000,-0.000000,0.000000,0.583189
78,23,00241,rain,426,0,0.000000,0.999999,0.000000,L,0.999999,0.999999,0.000010,0.000001,0.204476
78,23,00241,rain,733,0,0.000000,1.000000,0.000000,L,1.000000,1.000000,0.000001,0.000000,0.086920
78,23,00241,rain,308,0,0.000000,1.000000,0.000000,L,1.000000,1.000000,0.000001,0.000000,0.122020
78,23,00241,rain,1156,0,0.000000,1.000000,0.000000,L,1.000000,1.000000,0.000000,0.000000,0.136021
78,23,00241,rain,581,0,0.000000,0.999999,0.000000,L,0.999999,0.999999,0.000010,0.000001,0.226509
78,23,00241,rain,1069,0,0.000000,1.000000,0.000000,L,1.000000,1.000000,0.000000,0.000000,0.132040
78,23,00241,rain,1239,0,0.000000,1.000000,0.000000,L,1.000000,1.000000,0.000000,0.000000,0.095422
78,23,00241,rain,1212,0,0.000000,1.000000,0.000000,L,1.000000,1.000000,0.000001,0.000000,0.108048
78,23,00241,rain,1435,0,0.000000,1.000000,0.000000,L,1.000000,1.000000,0.000001,0.000000,0.173643
78,23,00241,rain,109,0,0.000000,1.000000,0.000000,L,1.000000,1.000000,0.000002,0.000000,0.188920
78,23,00241,rain,1353,0,0.000000,1.000000,0.000000,L,1.000000,1.000000,0.000001,0.000000,0.226211
78,23,00241,rain,224,0,0.000000,1.000000,0.000000,L,1.000000,1.000000,0.000000,0.000000,0.207762
78,23,00241,rain,71,0,0.000000,1.000000,0.000000,L,1.000000,0.999999,0.000006,0.000001,0.108417
78,23,00241,rain,510,0,0.000000,1.000000,0.000000,L,1.000000,1.000000,0.000000,0.000000,0.142803
78,23,00241,rain,1029,0,0.000000,1.000000,0.000000,L,1.000000,1.000000,0.000003,0.000000,0.197569
78,23,00241,rain,1137,0,0.000000,1.000000,0.000000,L,1.000000,1.000000,0.000000,0.000000,0.073949
78,23,00241,rain,422,0,0.000000,1.000000,0.000000,L,1.000000,1.000000,0.000000,0.000000,0.130194
78,23,00241,rain,629,0,0.000000,1.000000,0.000000,L,1.000000,1.000000,0.000000,0.000000,0.139004
79,23,00299,rain,852,1,0.000000,1.000000,0.000000,L,1.000000,1.000000,-0.000000,0.000000,0.765567
79,23,00299,rain,422,1,0.000000,1.000000,0.000000,L,1.000000,1.000000,0.000000,0.000000,0.154771
79,23,00299,rain,427,1,0.000000,1.000000,0.000000,L,1.000000,1.000000,0.000001,0.000000,0.237734
79,23,00299,rain,761,1,0.000000,1.000000,0.000000,L,1.000000,1.000000,-0.000000,0.000000,0.686872
79,23,00299,rain,512,1,0.000000,1.000000,0.000000,L,1.000000,1.000000,0.000000,0.000000,0.153143
79,23,00299,rain,763,1,0.000000,1.000000,0.000000,L,1.000000,1.000000,-0.000000,0.000000,0.610441
79,23,00299,rain,943,1,0.000000,1.000000,0.000000,L,1.000000,1.000000,0.000001,0.000000,0.237281
79,23,00299,rain,764,1,0.000000,1.000000,0.000000,L,1.000000,1.000000,0.000000,0.000000,0.256314
79,23,00299,rain,759,1,0.000000,1.000000,0.000000,L,1.000000,1.000000,0.000003,0.000000,0.206766
79,23,00299,rain,335,1,0.000000,1.000000,0.000000,L,1.000000,1.000000,0.000000,0.000000,0.525201
79,23,00299,rain,669,1,0.000000,1.000000,0.000000,L,1.000000,0.999999,0.000004,0.000000,0.155934
79,23,00299,rain,515,1,0.000000,1.000000,0.000000,L,1.000000,1.000000,0.000000,0.000000,0.227069
79,23,00299,rain,484,1,0.000000,1.000000,0.000000,L,1.000000,1.000000,-0.000000,0.000000,0.669390
79,23,00299,rain,849,1,0.000000,1.000000,0.000000,L,1.000000,1.000000,0.000001,0.000000,0.186356
79,23,00299,rain,944,1,0.000000,1.000000,0.000000,L,1.000000,1.000000,0.000001,0.000000,0.234655
79,23,00299,rain,665,1,0.000000,1.000000,0.000000,L,1.000000,1.000000,0.000003,0.000000,0.250943
79,23,00299,rain,397,1,0.000000,1.000000,0.000000,L,1.000000,1.000000,0.000001,0.000000,0.224180
79,23,00299,rain,392,1,0.000000,1.000000,0.000000,L,1.000000,1.000000,0.000004,0.000000,0.192021
79,23,00299,rain,674,1,0.000000,1.000000,0.000000,L,1.000000,1.000000,0.000002,0.000000,0.171997
79,23,00299,rain,488,1,0.000000,1.000000,0.000000,L,1.000000,1.000000,0.000000,0.000000,0.242180
79,23,00299,rain,247,1,0.000000,1.000000,0.000000,L,1.000000,1.000000,0.000000,0.000000,0.155554
79,23,00299,rain,482,1,0.000000,1.000000,0.000000,L,1.000000,1.000000,0.000001,0.000000,0.211515
79,23,00299,rain,662,1,0.000000,1.000000,0.000000,L,1.000000,1.000000,0.000000,0.000000,0.159958
79,23,00299,rain,573,1,0.000000,1.000000,0.000000,L,1.000000,1.000000,0.000002,0.000000,0.267740
79,23,00299,rain,487,1,0.000000,1.000000,0.000000,L,1.000000,1.000000,0.000000,0.000000,0.310334
79,23,00299,rain,398,1,0.000000,1.000000,0.000000,L,1.000000,1.000000,0.000000,0.000000,0.200084
79,23,00299,rain,671,1,0.000000,1.000000,0.000000,L,1.000000,1.000000,0.000003,0.000000,0.210298
79,23,00299,rain,511,1,0.000000,1.000000,0.000000,L,1.000000,1.000000,0.000003,0.000000,0.132514
79,23,00299,rain,246,1,0.000000,1.000000,0.000000,L,1.000000,1.000000,0.000000,0.000000,0.234013
79,23,00299,rain,939,1,0.000000,1.000000,0.000000,L,1.000000,1.000000,0.000002,0.000000,0.168980
79,23,00299,rain,575,1,0.000000,1.000000,0.000000,L,1.000000,1.000000,-0.000000,0.000000,0.737563
79,23,00299,rain,241,1,0.000000,1.000000,0.000000,L,1.000000,0.999999,0.000006,0.000000,0.122360
79,23,00299,rain,851,1,0.000000,1.000000,0.000000,L,1.000000,1.000000,-0.000000,0.000000,0.722697
79,23,00299,rain,940,1,0.000000,1.000000,0.000000,L,1.000000,1.000000,0.000001,0.000000,0.209489
79,23,00299,rain,667,1,0.000000,1.000000,0.000000,L,1.000000,1.000000,0.000001,0.000000,0.239610
79,23,00299,rain,333,1,0.000000,1.000000,0.000000,L,1.000000,1.000000,-0.000000,0.000000,0.576088
79,23,00299,rain,344,0,0.000000,1.000000,0.000000,L,1.000000,1.000000,0.000000,0.000000,0.133164
79,23,00299,rain,191,0,0.000000,1.000000,0.000000,L,1.000000,1.000000,0.000001,0.000000,0.201411
79,23,00299,rain,1434,0,0.000000,1.000000,0.000000,L,1.000000,1.000000,0.000001,0.000000,0.132746
79,23,00299,rain,450,0,0.000000,1.000000,0.000000,L,1.000000,1.000000,0.000001,0.000000,0.215781
79,23,00299,rain,526,0,0.000000,1.000000,0.000000,L,1.000000,1.000000,0.000000,0.000000,0.146986
79,23,00299,rain,95,0,0.000000,1.000000,0.000000,L,1.000000,1.000000,0.000000,0.000000,0.190057
79,23,00299,rain,776,0,0.000000,1.000000,0.000000,L,1.000000,1.000000,0.000000,0.000000,0.098900
79,23,00299,rain,1158,0,0.000000,1.000000,0.000000,L,1.000000,1.000000,0.000000,0.000000,0.130999
79,23,00299,rain,830,0,0.000000,1.000000,0.000000,L,1.000000,1.000000,0.000000,0.000000,0.108730
79,23,00299,rain,1291,0,0.000000,1.000000,0.000000,L,1.000000,1.000000,0.000001,0.000000,0.114260
79,23,00299,rain,818,0,0.000000,1.000000,0.000000,L,1.000000,1.000000,0.000001,0.000000,0.112379
79,23,00299,rain,399,0,0.000000,1.000000,0.000000,L,1.000000,1.000000,0.000001,0.000000,0.132206
79,23,00299,rain,288,0,0.000000,1.000000,0.000000,L,1.000000,1.000000,0.000001,0.000000,0.206895
79,23,00299,rain,712,0,0.000000,1.000000,0.000000,L,1.000000,1.000000,0.000000,0.000000,0.124053
79,23,00299,rain,290,0,0.000000,1.000000,0.000000,L,1.000000,1.000000,0.000001,0.000000,0.175264
79,23,00299,rain,456,0,0.000000,1.000000,0.000000,L,1.000000,1.000000,0.000000,0.000000,0.105454
79,23,00299,rain,556,0,0.000000,1.000000,0.000000,L,1.000000,1.000000,0.000001,0.000000,0.103517
79,23,00299,rain,224,0,0.000000,1.000000,0.000000,L,1.000000,1.000000,0.000000,0.000000,0.185273
80,23,00505,rain,839,1,0.000000,1.000000,0.000000,L,1.000000,1.000000,0.000000,0.000000,0.243518
80,23,00505,rain,786,1,0.000000,1.000000,0.000000,L,1.000000,1.000000,-0.000000,0.000000,0.675275
80,23,00505,rain,787,1,0.000000,1.000000,0.000000,L,1.000000,1.000000,0.000000,0.000000,0.337794
80,23,00505,rain,698,1,0.000000,1.000000,0.000000,L,1.000000,1.000000,0.000000,0.000000,0.228716
80,23,00505,rain,873,1,0.000000,1.000000,0.000000,L,1.000000,1.000000,0.000003,0.000000,0.099224
80,23,00505,rain,606,1,0.000000,1.000000,0.000000,L,1.000000,1.000000,0.000000,0.000000,0.341576
80,23,00505,rain,878,1,0.000000,1.000000,0.000000,L,1.000000,1.000000,0.000000,0.000000,0.148205
80,23,00505,rain,696,1,0.000000,1.000000,0.000000,L,1.000000,1.000000,-0.000000,0.000000,0.734323
80,23,00505,rain,569,1,0.000000,0.999999,0.000000,L,0.999999,0.999999,0.000009,0.000001,0.225700
80,23,00505,rain,658,1,0.000000,1.000000,0.000000,L,1.000000,1.000000,-0.000000,0.000000,0.717725
80,23,00505,rain,840,1,0.000000,1.000000,0.000000,L,1.000000,1.000000,0.000000,0.000000,0.241456
80,23,00505,rain,567,1,0.000000,1.000000,0.000000,L,1.000000,1.000000,0.000004,0.000000,0.224561
80,23,00505,rain,746,1,0.000000,1.000000,0.000000,L,1.000000,1.000000,0.000000,0.000000,0.312518
80,23,00505,rain,747,1,0.000000,1.000000,0.000000,L,1.000000,1.000000,-0.000000,0.000000,0.754062
80,23,00505,rain,875,1,0.000000,1.000000,0.000000,L,1.000000,1.000000,0.000000,0.000000,0.086564
80,23,00505,rain,697,1,0.000000,1.000000,0.000000,L,1.000000,1.000000,0.000000,0.000000,0.357481
80,23,00505,rain,607,1,0.000000,1.000000,0.000000,L,1.000000,1.000000,0.000001,0.000000,0.235074
80,23,00505,rain,879,1,0.000000,1.000000,0.000000,L,1.000000,1.000000,0.000000,0.000000,0.146028
80,23,00505,rain,874,1,0.000000,1.000000,0.000000,L,1.000000,1.000000,0.000000,0.000000,0.074414
80,23,00505,rain,604,1,0.000000,1.000000,0.000000,L,1.000000,1.000000,0.000000,0.000000,0.294959
80,23,00505,rain,748,1,0.000000,1.000000,0.000000,L,1.000000,1.000000,-0.000000,0.000000,0.995701
80,23,00505,rain,699,1,0.000000,1.000000,0.000000,L,1.000000,1.000000,0.000000,0.000000,0.198221
80,23,00505,rain,750,1,0.000000,1.000000,0.000000,L,1.000000,1.000000,0.000000,0.000000,0.251530
80,23,00505,rain,659,1,0.000000,1.000000,0.000000,L,1.000000,1.000000,-0.000000,0.000000,0.607941
80,23,00505,rain,749,1,0.000000,1.000000,0.000000,L,1.000000,1.000000,-0.000000,0.000000,0.733402
80,23,00505,rain,745,1,0.000000,1.000000,0.000000,L,1.000000,1.000000,0.000001,0.000000,0.302271
80,23,00505,rain,694,1,0.000000,1.000000,0.000000,L,1.000000,1.000000,0.000000,0.000000,0.486830
80,23,00505,rain,838,1,0.000000,1.000000,0.000000,L,1.000000,1.000000,0.000001,0.000000,0.262929
80,23,00505,rain,605,1,0.000000,1.000000,0.000000,L,1.000000,1.000000,0.000000,0.000000,0.396608
80,23,00505,rain,835,1,0.000000,1.000000,0.000000,L,1.000000,1.000000,0.000000,0.000000,0.248370
80,23,00505,rain,789,1,0.000000,1.000000,0.000000,L,1.000000,1.000000,0.000000,0.000000,0.186307
80,23,00505,rain,568,1,0.000000,0.999999,0.000000,L,0.999999,0.999999,0.000008,0.000001,0.228801
80,23,00505,rain,655,1,0.000000,1.000000,0.000000,L,1.000000,1.000000,0.000002,0.000000,0.254609
80,23,00505,rain,608,1,0.000000,1.000000,0.000000,L,1.000000,1.000000,0.000000,0.000000,0.227364
80,23,00505,rain,570,1,0.000000,1.000000,0.000000,L,1.000000,1.000000,0.000001,0.000000,0.192576
80,23,00505,rain,609,1,0.000000,1.000000,0.000000,L,1.000000,1.000000,0.000000,0.000000,0.199101
80,23,00505,rain,1131,0,0.000000,1.000000,0.000000,L,1.000000,1.000000,0.000001,0.000000,0.113385
80,23,00505,rain,319,0,0.000000,1.000000,0.000000,L,1.000000,1.000000,0.000000,0.000000,0.133264
80,23,00505,rain,1068,0,0.000000,1.000000,0.000000,L,1.000000,1.000000,0.000000,0.000000,0.131246
80,23,00505,rain,293,0,0.000000,1.000000,0.000000,L,1.000000,1.000000,0.000000,0.000000,0.117635
80,23,00505,rain,321,0,0.000000,1.000000,0.000000,L,1.000000,1.000000,0.000000,0.000000,0.132591
80,23,00505,rain,912,0,0.000000,1.000000,0.000000,L,1.000000,1.000000,0.000002,0.000000,0.093317
80,23,00505,rain,1439,0,0.000000,1.000000,0.000000,L,1.000000,1.000000,0.000000,0.000000,0.131467
80,23,00505,rain,945,0,0.000000,1.000000,0.000000,L,1.000000,1.000000,0.000000,0.000000,0.099196
80,23,00505,rain,1066,0,0.000000,1.000000,0.000000,L,1.000000,1.000000,0.000001,0.000000,0.172875
80,23,00505,rain,1255,0,0.000000,1.000000,0.000000,L,1.000000,1.000000,0.000000,0.000000,0.133194
80,23,00505,rain,1030,0,0.000000,1.000000,0.000000,L,1.000000,1.000000,0.000003,0.000000,0.106841
80,23,00505,rain,0,0,0.000000,1.000000,0.000000,L,1.000000,1.000000,0.000001,0.000000,0.109260
80,23,00505,rain,944,0,0.000000,1.000000,0.000000,L,1.000000,1.000000,0.000000,0.000000,0.076169
80,23,00505,rain,1052,0,0.000000,1.000000,0.000000,L,1.000000,1.000000,0.000000,0.000000,0.139758
80,23,00505,rain,718,0,0.000000,1.000000,0.000000,L,1.000000,1.000000,0.000000,0.000000,0.128406
80,23,00505,rain,380,0,0.000000,1.000000,0.000000,L,1.000000,1.000000,0.000001,0.000000,0.176661
80,23,00505,rain,764,0,0.000000,1.000000,0.000000,L,1.000000,1.000000,0.000000,0.000000,0.091064
80,23,00505,rain,1165,0,0.000000,1.000000,0.000000,L,1.000000,1.000000,0.000000,0.000000,0.132500
81,23,00562,rain,594,1,0.000000,1.000000,0.000000,L,1.000000,1.000000,0.000000,0.000000,0.178917
81,23,00562,rain,832,1,0.000000,1.000000,0.000000,L,1.000000,1.000000,0.000002,0.000000,0.222751
81,23,00562,rain,831,1,0.000000,1.000000,0.000000,L,1.000000,1.000000,0.000000,0.000000,0.220699
81,23,00562,rain,656,1,0.000000,1.000000,0.000000,L,1.000000,0.999999,0.000007,0.000001,0.257027
81,23,00562,rain,774,1,0.000000,1.000000,0.000000,L,1.000000,1.000000,0.000000,0.000000,0.162441
81,23,00562,rain,562,1,0.000000,1.000000,0.000000,L,1.000000,1.000000,0.000004,0.000000,0.222388
81,23,00562,rain,655,1,0.000000,1.000000,0.000000,L,1.000000,1.000000,-0.000000,0.000000,0.691195
81,23,00562,rain,771,1,0.000000,1.000000,0.000000,L,1.000000,1.000000,0.000000,0.000000,0.305931
81,23,00562,rain,683,1,0.000000,1.000000,0.000000,L,1.000000,1.000000,0.000000,0.000000,0.248713
81,23,00562,rain,593,1,0.000000,1.000000,0.000000,L,1.000000,1.000000,0.000000,0.000000,0.224664
81,23,00562,rain,834,1,0.000000,1.000000,0.000000,L,1.000000,1.000000,0.000002,0.000000,0.238527
81,23,00562,rain,742,1,0.000000,1.000000,0.000000,L,1.000000,1.000000,0.000001,0.000000,0.314144
81,23,00562,rain,768,1,0.000000,1.000000,0.000000,L,1.000000,1.000000,0.000000,0.000000,0.185796
81,23,00562,rain,681,1,0.000000,1.000000,0.000000,L,1.000000,1.000000,-0.000000,0.000000,0.932238
81,23,00562,rain,833,1,0.000000,1.000000,0.000000,L,1.000000,1.000000,0.000001,0.000000,0.244950
81,23,00562,rain,501,1,0.000000,1.000000,0.000000,L,1.000000,0.999999,0.000005,0.000000,0.229785
81,23,00562,rain,561,1,0.000000,1.000000,0.000000,L,1.000000,0.999999,0.000006,0.000001,0.212688
81,23,00562,rain,773,1,0.000000,1.000000,0.000000,L,1.000000,1.000000,0.000000,0.000000,0.216746
81,23,00562,rain,654,1,0.000000,1.000000,0.000000,L,1.000000,1.000000,-0.000000,0.000000,0.903793
81,23,00562,rain,503,1,0.000000,1.000000,0.000000,L,1.000000,1.000000,0.000003,0.000000,0.159793
81,23,00562,rain,590,1,0.000000,1.000000,0.000000,L,1.000000,1.000000,-0.000000,0.000000,0.608876
81,23,00562,rain,563,1,0.000000,1.000000,0.000000,L,1.000000,0.999999,0.000007,0.000001,0.239957
81,23,00562,rain,504,1,0.000000,1.000000,0.000000,L,1.000000,1.000000,0.000002,0.000000,0.157144
81,23,00562,rain,740,1,0.000000,1.000000,0.000000,L,1.000000,1.000000,0.000000,0.000000,0.235254
81,23,00562,rain,565,1,0.000000,0.999999,0.000000,L,0.999999,0.999999,0.000011,0.000001,0.234593
81,23,00562,rain,499,1,0.000000,1.000000,0.000000,L,1.000000,1.000000,0.000003,0.000000,0.226106
81,23,00562,rain,588,1,0.000000,1.000000,0.000000,L,1.000000,1.000000,0.000002,0.000000,0.265244
81,23,00562,rain,498,1,0.000000,1.000000,0.000000,L,1.000000,1.000000,0.000001,0.000000,0.215887
81,23,00562,rain,566,1,0.000000,1.000000,0.000000,L,1.000000,1.000000,0.000004,0.000000,0.210070
81,23,00562,rain,502,1,0.000000,1.000000,0.000000,L,1.000000,1.000000,0.000003,0.000000,0.203827
81,23,00562,rain,830,1,0.000000,1.000000,0.000000,L,1.000000,1.000000,0.000000,0.000000,0.154409
81,23,00562,rain,769,1,0.000000,1.000000,0.000000,L,1.000000,1.000000,0.000000,0.000000,0.330519
81,23,00562,rain,589,1,0.000000,1.000000,0.000000,L,1.000000,1.000000,0.000000,0.000000,0.375247
81,23,00562,rain,591,1,0.000000,1.000000,0.000000,L,1.000000,1.000000,0.000000,0.000000,0.434043
81,23,00562,rain,680,1,0.000000,1.000000,0.000000,L,1.000000,1.000000,-0.000000,0.000000,0.986027
81,23,00562,rain,678,1,0.000000,1.000000,0.000000,L,1.000000,1.000000,0.000000,0.000000,0.327710
81,23,00562,rain,1407,0,0.000000,1.000000,0.000000,L,1.000000,1.000000,0.000000,0.000000,0.120076
81,23,00562,rain,1349,0,0.000000,1.000000,0.000000,L,1.000000,1.000000,0.000000,0.000000,0.188458
81,23,00562,rain,881,0,0.000000,1.000000,0.000000,L,1.000000,1.000000,0.000000,0.000000,0.107728
81,23,00562,rain,10,0,0.000000,1.000000,0.000000,L,1.000000,1.000000,0.000001,0.000000,0.109096
81,23,00562,rain,1029,0,0.000000,1.000000,0.000000,L,1.000000,1.000000,0.000000,0.000000,0.104414
81,23,00562,rain,1380,0,0.000000,1.000000,0.000000,L,1.000000,1.000000,0.000004,0.000000,0.119187
81,23,00562,rain,181,0,0.000000,1.000000,0.000000,L,1.000000,1.000000,0.000000,0.000000,0.224294
81,23,00562,rain,1187,0,0.000000,1.000000,0.000000,L,1.000000,1.000000,0.000000,0.000000,0.126402
81,23,00562,rain,1257,0,0.000000,1.000000,0.000000,L,1.000000,1.000000,0.000000,0.000000,0.243075
81,23,00562,rain,1236,0,0.000000,1.000000,0.000000,L,1.000000,1.000000,0.000000,0.000000,0.098278
81,23,00562,rain,419,0,0.000000,1.000000,0.000000,L,1.000000,1.000000,0.000000,0.000000,0.233812
81,23,00562,rain,387,0,0.000000,1.000000,0.000000,L,1.000000,1.000000,0.000000,0.000000,0.165298
81,23,00562,rain,1422,0,0.000000,1.000000,0.000000,L,1.000000,1.000000,0.000000,0.000000,0.135396
81,23,00562,rain,338,0,0.000000,1.000000,0.000000,L,1.000000,1.000000,0.000000,0.000000,0.109374
81,23,00562,rain,64,0,0.000000,1.000000,0.000000,L,1.000000,1.000000,0.000002,0.000000,0.117262
81,23,00562,rain,781,0,0.000000,1.000000,0.000000,L,1.000000,1.000000,0.000000,0.000000,0.113617
81,23,00562,rain,509,0,0.000000,1.000000,0.000000,L,1.000000,1.000000,0.000001,0.000000,0.195722
81,23,00562,rain,1155,0,0.000000,1.000000,0.000000,L,1.000000,1.000000,0.000000,0.000000,0.107764
82,24,00171,rain,518,1,0.000000,1.000000,0.000000,L,1.000000,1.000000,0.000003,0.000000,0.167564
82,24,00171,rain,337,1,0.000000,1.000000,0.000000,L,1.000000,1.000000,0.000000,0.000000,0.255991
82,24,00171,rain,517,1,0.000000,1.000000,0.000000,L,1.000000,1.000000,0.000003,0.000000,0.131169
82,24,00171,rain,428,1,0.000000,1.000000,0.000000,L,1.000000,1.000000,0.000001,0.000000,0.249661
82,24,00171,rain,250,1,0.000000,1.000000,0.000000,L,1.000000,1.000000,0.000001,0.000000,0.275465
82,24,00171,rain,67,1,0.000000,1.000000,0.000000,L,1.000000,1.000000,0.000001,0.000000,0.169831
82,24,00171,rain,519,1,0.000000,1.000000,0.000000,L,1.000000,1.000000,0.000000,0.000000,0.236393
82,24,00171,rain,427,1,0.000000,1.000000,0.000000,L,1.000000,1.000000,0.000000,0.000000,0.203257
82,24,00171,rain,65,1,0.000000,1.000000,0.000000,L,1.000000,1.000000,-0.000000,0.000000,0.676146
82,24,00171,rain,338,1,0.000000,1.000000,0.000000,L,1.000000,1.000000,0.000004,0.000000,0.296971
82,24,00171,rain,247,1,0.000000,1.000000,0.000000,L,1.000000,1.000000,0.000004,0.000000,0.209394
82,24,00171,rain,340,1,0.000000,1.000000,0.000000,L,1.000000,1.000000,-0.000000,0.000000,0.764057
82,24,00171,rain,520,1,0.000000,1.000000,0.000000,L,1.000000,1.000000,0.000000,0.000000,0.254504
82,24,00171,rain,66,1,0.000000,1.000000,0.000000,L,1.000000,1.000000,0.000000,0.000000,0.280665
82,24,00171,rain,342,1,0.000000,1.000000,0.000000,L,1.000000,1.000000,0.000001,0.000000,0.296282
82,24,00171,rain,433,1,0.000000,1.000000,0.000000,L,1.000000,1.000000,0.000000,0.000000,0.234535
82,24,00171,rain,154,1,0.000000,1.000000,0.000000,L,1.000000,1.000000,-0.000000,0.000000,0.527031
82,24,00171,rain,63,1,0.000000,1.000000,0.000000,L,1.000000,1.000000,-0.000000,0.000000,0.602525
82,24,00171,rain,252,1,0.000000,1.000000,0.000000,L,1.000000,1.000000,0.000000,0.000000,0.222686
82,24,00171,rain,249,1,0.000000,1.000000,0.000000,L,1.000000,1.000000,0.000000,0.000000,0.252908
82,24,00171,rain,523,1,0.000000,1.000000,0.000000,L,1.000000,1.000000,0.000000,0.000000,0.149886
82,24,00171,rain,62,1,0.000000,1.000000,0.000000,L,1.000000,1.000000,0.000000,0.000000,0.246717
82,24,00171,rain,343,1,0.000000,1.000000,0.000000,L,1.000000,1.000000,0.000000,0.000000,0.224396
82,24,00171,rain,155,1,0.000000,1.000000,0.000000,L,1.000000,1.000000,0.000000,0.000000,0.446812
82,24,00171,rain,521,1,0.000000,1.000000,0.000000,L,1.000000,1.000000,0.000000,0.000000,0.248894
82,24,00171,rain,61,1,0.000000,1.000000,0.000000,L,1.000000,1.000000,0.000000,0.000000,0.279415
82,24,00171,rain,248,1,0.000000,1.000000,0.000000,L,1.000000,1.000000,0.000002,0.000000,0.203979
82,24,00171,rain,431,1,0.000000,1.000000,0.000000,L,1.000000,1.000000,-0.000000,0.000000,0.726357
82,24,00171,rain,429,1,0.000000,1.000000,0.000000,L,1.000000,1.000000,-0.000000,0.000000,0.632025
82,24,00171,rain,253,1,0.000000,1.000000,0.000000,L,1.000000,1.000000,0.000000,0.000000,0.193130
82,24,00171,rain,153,1,0.000000,1.000000,0.000000,L,1.000000,1.000000,0.000000,0.000000,0.346095
82,24,00171,rain,156,1,0.000000,1.000000,0.000000,L,1.000000,1.000000,0.000001,0.000000,0.259283
82,24,00171,rain,251,1,0.000000,1.000000,0.000000,L,1.000000,1.000000,0.000002,0.000000,0.270896
82,24,00171,rain,157,1,0.000000,1.000000,0.000000,L,1.000000,1.000000,0.000001,0.000000,0.205629
82,24,00171,rain,339,1,0.000000,1.000000,0.000000,L,1.000000,1.000000,0.000000,0.000000,0.564367
82,24,00171,rain,341,1,0.000000,1.000000,0.000000,L,1.000000,1.000000,0.000000,0.000000,0.626341
82,24,00171,rain,594,0,0.000000,1.000000,0.000000,L,1.000000,1.000000,0.000000,0.000000,0.101684
82,24,00171,rain,254,0,0.000000,1.000000,0.000000,L,1.000000,1.000000,0.000000,0.000000,0.096223
82,24,00171,rain,104,0,0.000000,1.000000,0.000000,L,1.000000,1.000000,0.000001,0.000000,0.110825
82,24,00171,rain,278,0,0.000000,1.000000,0.000000,L,1.000000,1.000000,0.000000,0.000000,0.107591
82,24,00171,rain,650,0,0.000000,1.000000,0.000000,L,1.000000,1.000000,0.000000,0.000000,0.109944
82,24,00171,rain,468,0,0.000000,1.000000,0.000000,L,1.000000,1.000000,0.000000,0.000000,0.095926
82,24,00171,rain,779,0,0.000000,1.000000,0.000000,L,1.000000,1.000000,0.000000,0.000000,0.076161
82,24,00171,rain,707,0,0.000000,1.000000,0.000000,L,1.000000,1.000000,0.000000,0.000000,0.069139
82,24,00171,rain,77,0,0.000000,1.000000,0.000000,L,1.000000,1.000000,0.000001,0.000000,0.065825
82,24,00171,rain,112,0,0.000000,1.000000,0.000000,L,1.000000,1.000000,0.000003,0.000000,0.117330
82,24,00171,rain,703,0,0.000000,1.000000,0.000000,L,1.000000,1.000000,0.000000,0.000000,0.075928
82,24,00171,rain,628,0,0.000000,1.000000,0.000000,L,1.000000,1.000000,0.000000,0.000000,0.097767
82,24,00171,rain,1407,0,0.000000,1.000000,0.000000,L,1.000000,1.000000,0.000001,0.000000,0.086185
82,24,00171,rain,876,0,0.000000,1.000000,0.000000,L,1.000000,1.000000,0.000000,0.000000,0.065861
82,24,00171,rain,892,0,0.000000,1.000000,0.000000,L,1.000000,1.000000,0.000000,0.000000,0.082386
82,24,00171,rain,463,0,0.000000,1.000000,0.000000,L,1.000000,1.000000,0.000000,0.000000,0.113952
82,24,00171,rain,603,0,0.000000,1.000000,0.000000,L,1.000000,1.000000,0.000000,0.000000,0.085005
82,24,00171,rain,1291,0,0.000000,1.000000,0.000000,L,1.000000,1.000000,0.000002,0.000000,0.154524
83,24,00228,rain,258,1,0.000000,1.000000,0.000000,L,1.000000,0.999999,0.000005,0.000001,0.235613
83,24,00228,rain,230,1,0.000000,1.000000,0.000000,L,1.000000,1.000000,0.000002,0.000000,0.294701
83,24,00228,rain,777,1,0.000000,1.000000,0.000000,L,1.000000,1.000000,0.000001,0.000000,0.220247
83,24,00228,rain,172,1,0.000000,1.000000,0.000000,L,1.000000,1.000000,0.000001,0.000000,0.126456
83,24,00228,rain,320,1,0.000000,1.000000,0.000000,L,1.000000,1.000000,-0.000000,0.000000,0.597570
83,24,00228,rain,1262,1,0.000000,1.000000,0.000000,L,1.000000,1.000000,0.000000,0.000000,0.386235
83,24,00228,rain,1352,1,0.000000,1.000000,0.000000,L,1.000000,1.000000,-0.000000,0.000000,0.469556
83,24,00228,rain,1350,1,0.000000,1.000000,0.000000,L,1.000000,1.000000,-0.000000,0.000000,0.380475
83,24,00228,rain,600,1,0.000000,1.000000,0.000000,L,1.000000,1.000000,0.000000,0.000000,0.586752
83,24,00228,rain,319,1,0.000000,1.000000,0.000000,L,1.000000,1.000000,0.000001,0.000000,0.273504
83,24,00228,rain,510,1,0.000000,1.000000,0.000000,L,1.000000,1.000000,0.000002,0.000000,0.166014
83,24,00228,rain,779,1,0.000000,1.000000,0.000000,L,1.000000,1.000000,0.000000,0.000000,0.330766
83,24,00228,rain,1261,1,0.000000,1.000000,0.000000,L,1.000000,1.000000,0.000000,0.000000,0.354241
83,24,00228,rain,169,1,0.000000,1.000000,0.000000,L,1.000000,1.000000,0.000001,0.000000,0.168484
83,24,00228,rain,170,1,0.000000,1.000000,0.000000,L,1.000000,1.000000,0.000001,0.000000,0.164394
83,24,00228,rain,437,1,0.000000,1.000000,0.000000,L,1.000000,1.000000,0.000001,0.000000,0.240914
83,24,00228,rain,143,1,0.000000,1.000000,0.000000,L,1.000000,1.000000,0.000002,0.000000,0.197585
83,24,00228,rain,173,1,0.000000,1.000000,0.000000,L,1.000000,1.000000,0.000001,0.000000,0.124862
83,24,00228,rain,262,1,0.000000,1.000000,0.000000,L,1.000000,1.000000,0.000001,0.000000,0.231106
83,24,00228,rain,411,1,0.000000,1.000000,0.000000,L,1.000000,1.000000,0.000000,0.000000,0.298556
83,24,00228,rain,509,1,0.000000,1.000000,0.000000,L,1.000000,1.000000,0.000001,0.000000,0.187699
83,24,00228,rain,782,1,0.000000,1.000000,0.000000,L,1.000000,1.000000,0.000000,0.000000,0.236350
83,24,00228,rain,1351,1,0.000000,1.000000,0.000000,L,1.000000,1.000000,-0.000000,0.000000,0.463574
83,24,00228,rain,232,1,0.000000,1.000000,0.000000,L,1.000000,1.000000,-0.000000,0.000000,0.621361
83,24,00228,rain,259,1,0.000000,1.000000,0.000000,L,1.000000,1.000000,0.000000,0.000000,0.279756
83,24,00228,rain,781,1,0.000000,1.000000,0.000000,L,1.000000,1.000000,0.000000,0.000000,0.285893
83,24,00228,rain,441,1,0.000000,1.000000,0.000000,L,1.000000,1.000000,0.000000,0.000000,0.354943
83,24,00228,rain,412,1,0.000000,1.000000,0.000000,L,1.000000,1.000000,0.000000,0.000000,0.289622
83,24,00228,rain,138,1,0.000000,1.000000,0.000000,L,1.000000,1.000000,0.000002,0.000000,0.129746
83,24,00228,rain,692,1,0.000000,1.000000,0.000000,L,1.000000,1.000000,0.000001,0.000000,0.358134
83,24,00228,rain,511,1,0.000000,1.000000,0.000000,L,1.000000,1.000000,0.000002,0.000000,0.193315
83,24,00228,rain,324,1,0.000000,1.000000,0.000000,L,1.000000,1.000000,0.000000,0.000000,0.252053
83,24,00228,rain,260,1,0.000000,1.000000,0.000000,L,1.000000,1.000000,0.000000,0.000000,0.332949
83,24,00228,rain,508,1,0.000000,1.000000,0.000000,L,1.000000,1.000000,0.000001,0.000000,0.108824
83,24,00228,rain,1171,1,0.000000,1.000000,0.000000,L,1.000000,1.000000,0.000000,0.000000,0.209673
83,24,00228,rain,512,1,0.000000,1.000000,0.000000,L,1.000000,1.000000,0.000000,0.000000,0.151741
83,24,00228,rain,515,0,0.000000,1.000000,0.000000,L,1.000000,1.000000,0.000000,0.000000,0.165685
83,24,00228,rain,1090,0,0.000000,1.000000,0.000000,L,1.000000,1.000000,0.000004,0.000000,0.146493
83,24,00228,rain,1361,0,0.000000,1.000000,0.000000,L,1.000000,1.000000,0.000001,0.000000,0.153152
83,24,00228,rain,6,0,0.000000,1.000000,0.000000,L,1.000000,1.000000,0.000000,0.000000,0.174540
83,24,00228,rain,14,0,0.000000,1.000000,0.000000,L,1.000000,1.000000,0.000000,0.000000,0.156766
83,24,00228,rain,558,0,0.000000,1.000000,0.000000,L,1.000000,1.000000,0.000000,0.000000,0.080878
83,24,00228,rain,407,0,0.000000,1.000000,0.000000,L,1.000000,1.000000,0.000000,0.000000,0.151131
83,24,00228,rain,1392,0,0.000000,1.000000,0.000000,L,1.000000,1.000000,0.000001,0.000000,0.087383
83,24,00228,rain,18,0,0.000000,1.000000,0.000000,L,1.000000,1.000000,0.000000,0.000000,0.159452
83,24,00228,rain,809,0,0.000000,1.000000,0.000000,L,1.000000,1.000000,0.000000,0.000000,0.074756
83,24,00228,rain,750,0,0.000000,1.000000,0.000000,L,1.000000,1.000000,0.000001,0.000000,0.113882
83,24,00228,rain,1218,0,0.000000,1.000000,0.000000,L,1.000000,1.000000,0.000001,0.000000,0.107375
83,24,00228,rain,922,0,0.000000,1.000000,0.000000,L,1.000000,1.000000,0.000000,0.000000,0.120595
83,24,00228,rain,1118,0,0.000000,1.000000,0.000000,L,1.000000,1.000000,0.000003,0.000000,0.125642
83,24,00228,rain,475,0,0.000000,1.000000,0.000000,L,1.000000,1.000000,0.000000,0.000000,0.084951
83,24,00228,rain,848,0,0.000000,1.000000,0.000000,L,1.000000,1.000000,0.000000,0.000000,0.117978
83,24,00228,rain,1314,0,0.000000,1.000000,0.000000,L,1.000000,1.000000,0.000001,0.000000,0.114275
83,24,00228,rain,769,0,0.000000,1.000000,0.000000,L,1.000000,1.000000,0.000000,0.000000,0.091341
84,24,00286,rain,486,1,0.000000,1.000000,0.000000,L,1.000000,1.000000,-0.000000,0.000000,0.681317
84,24,00286,rain,307,1,0.000000,1.000000,0.000000,L,1.000000,1.000000,0.000002,0.000000,0.242518
84,24,00286,rain,514,1,0.000000,1.000000,0.000000,L,1.000000,1.000000,-0.000000,0.000000,0.613912
84,24,00286,rain,424,1,0.000000,1.000000,0.000000,L,1.000000,1.000000,-0.000000,0.000000,0.939210
84,24,00286,rain,397,1,0.000000,1.000000,0.000000,L,1.000000,1.000000,0.000000,0.000000,0.336121
84,24,00286,rain,861,1,0.000000,1.000000,0.000000,L,1.000000,1.000000,0.000000,0.000000,0.128752
84,24,00286,rain,485,1,0.000000,1.000000,0.000000,L,1.000000,1.000000,-0.000000,0.000000,0.719967
84,24,00286,rain,855,1,0.000000,1.000000,0.000000,L,1.000000,1.000000,0.000002,0.000000,0.214258
84,24,00286,rain,337,1,0.000000,1.000000,0.000000,L,1.000000,1.000000,0.000001,0.000000,0.228883
84,24,00286,rain,678,1,0.000000,1.000000,0.000000,L,1.000000,1.000000,-0.000000,0.000000,0.813966
84,24,00286,rain,607,1,0.000000,1.000000,0.000000,L,1.000000,1.000000,0.000000,0.000000,0.229405
84,24,00286,rain,334,1,0.000000,1.000000,0.000000,L,1.000000,1.000000,0.000000,0.000000,0.375464
84,24,00286,rain,589,1,0.000000,1.000000,0.000000,L,1.000000,0.999999,0.000005,0.000001,0.247458
84,24,00286,rain,856,1,0.000000,1.000000,0.000000,L,1.000000,0.999999,0.000005,0.000000,0.211001
84,24,00286,rain,394,1,0.000000,1.000000,0.000000,L,1.000000,1.000000,-0.000000,0.000000,0.485784
84,24,00286,rain,585,1,0.000000,1.000000,0.000000,L,1.000000,1.000000,0.000002,0.000000,0.194543
84,24,00286,rain,392,1,0.000000,1.000000,0.000000,L,1.000000,1.000000,0.000000,0.000000,0.219222
84,24,00286,rain,482,1,0.000000,1.000000,0.000000,L,1.000000,1.000000,0.000000,0.000000,0.214047
84,24,00286,rain,681,1,0.000000,1.000000,0.000000,L,1.000000,1.000000,0.000000,0.000000,0.232762
84,24,00286,rain,573,1,0.000000,1.000000,0.000000,L,1.000000,1.000000,0.000000,0.000000,0.238431
84,24,00286,rain,677,1,0.000000,1.000000,0.000000,L,1.000000,1.000000,-0.000000,0.000000,0.632627
84,24,00286,rain,676,1,0.000000,1.000000,0.000000,L,1.000000,1.000000,0.000002,0.000000,0.275051
84,24,00286,rain,771,1,0.000000,1.000000,0.000000,L,1.000000,1.000000,0.000000,0.000000,0.193107
84,24,00286,rain,860,1,0.000000,1.000000,0.000000,L,1.000000,1.000000,0.000000,0.000000,0.244836
84,24,00286,rain,483,1,0.000000,1.000000,0.000000,L,1.000000,1.000000,0.000001,0.000000,0.253695
84,24,00286,rain,335,1,0.000000,1.000000,0.000000,L,1.000000,1.000000,0.000002,0.000000,0.257060
84,24,00286,rain,513,1,0.000000,1.000000,0.000000,L,1.000000,1.000000,0.000000,0.000000,0.313642
84,24,00286,rain,488,1,0.000000,1.000000,0.000000,L,1.000000,1.000000,0.000000,0.000000,0.243697
84,24,00286,rain,512,1,0.000000,1.000000,0.000000,L,1.000000,1.000000,0.000001,0.000000,0.208983
84,24,00286,rain,590,1,0.000000,1.000000,0.000000,L,1.000000,1.000000,0.000001,0.000000,0.223757
84,24,00286,rain,606,1,0.000000,1.000000,0.000000,L,1.000000,1.000000,0.000001,0.000000,0.245527
84,24,00286,rain,423,1,0.000000,1.000000,0.000000,L,1.000000,1.000000,0.000000,0.000000,0.455312
84,24,00286,rain,333,1,0.000000,1.000000,0.000000,L,1.000000,1.000000,0.000002,0.000000,0.246918
84,24,00286,rain,587,1,0.000000,1.000000,0.000000,L,1.000000,1.000000,0.000004,0.000000,0.247803
84,24,00286,rain,302,1,0.000000,1.000000,0.000000,L,1.000000,1.000000,0.000001,0.000000,0.186419
84,24,00286,rain,767,1,0.000000,1.000000,0.000000,L,1.000000,1.000000,-0.000000,0.000000,0.716410
84,24,00286,rain,327,0,0.000000,1.000000,0.000000,L,1.000000,1.000000,0.000000,0.000000,0.140614
84,24,00286,rain,1021,0,0.000000,1.000000,0.000000,L,1.000000,1.000000,0.000000,0.000000,0.127995
84,24,00286,rain,1030,0,0.000000,1.000000,0.000000,L,1.000000,1.000000,0.000000,0.000000,0.153715
84,24,00286,rain,379,0,0.000000,1.000000,0.000000,L,1.000000,1.000000,0.000001,0.000000,0.072809
84,24,00286,rain,341,0,0.000000,1.000000,0.000000,L,1.000000,1.000000,0.000000,0.000000,0.139217
84,24,00286,rain,1093,0,0.000000,1.000000,0.000000,L,1.000000,1.000000,0.000002,0.000000,0.133510
84,24,00286,rain,1427,0,0.000000,1.000000,0.000000,L,1.000000,1.000000,0.000001,0.000000,0.132154
84,24,00286,rain,570,0,0.000000,1.000000,0.000000,L,1.000000,1.000000,0.000001,0.000000,0.118965
84,24,00286,rain,757,0,0.000000,1.000000,0.000000,L,1.000000,1.000000,0.000000,0.000000,0.172740
84,24,00286,rain,125,0,0.000000,1.000000,0.000000,L,1.000000,1.000000,0.000000,0.000000,0.092180
84,24,00286,rain,949,0,0.000000,1.000000,0.000000,L,1.000000,1.000000,0.000000,0.000000,0.125293
84,24,00286,rain,779,0,0.000000,1.000000,0.000000,L,1.000000,1.000000,0.000000,0.000000,0.093185
84,24,00286,rain,41,0,0.000000,1.000000,0.000000,L,1.000000,1.000000,0.000002,0.000000,0.072004
84,24,00286,rain,1,0,0.000000,1.000000,0.000000,L,1.000000,1.000000,0.000001,0.000000,0.201977
84,24,00286,rain,1195,0,0.000001,0.999999,0.000000,L,0.999999,0.999999,0.000011,0.000001,0.134107
84,24,00286,rain,891,0,0.000000,1.000000,0.000000,L,1.000000,1.000000,0.000000,0.000000,0.147635
84,24,00286,rain,270,0,0.000000,1.000000,0.000000,L,1.000000,1.000000,0.000000,0.000000,0.155160
84,24,00286,rain,1055,0,0.000000,1.000000,0.000000,L,1.000000,1.000000,0.000000,0.000000,0.081532
85,24,00492,rain,252,1,0.000000,1.000000,0.000000,L,1.000000,1.000000,0.000004,0.000000,0.244902
85,24,00492,rain,482,1,0.000000,1.000000,0.000000,L,1.000000,1.000000,0.000000,0.000000,0.300556
85,24,00492,rain,524,1,0.000000,1.000000,0.000000,L,1.000000,1.000000,0.000001,0.000000,0.227708
85,24,00492,rain,213,1,0.000000,1.000000,0.000000,L,1.000000,0.999999,0.000006,0.000001,0.229824
85,24,00492,rain,215,1,0.000000,1.000000,0.000000,L,1.000000,1.000000,0.000001,0.000000,0.194770
85,24,00492,rain,605,1,0.000000,1.000000,0.000000,L,1.000000,1.000000,0.000000,0.000000,0.213170
85,24,00492,rain,431,1,0.000000,1.000000,0.000000,L,1.000000,1.000000,0.000001,0.000000,0.289875
85,24,00492,rain,604,1,0.000000,1.000000,0.000000,L,1.000000,1.000000,0.000001,0.000000,0.245110
85,24,00492,rain,694,1,0.000000,1.000000,0.000000,L,1.000000,1.000000,0.000001,0.000000,0.264749
85,24,00492,rain,343,1,0.000000,1.000000,0.000000,L,1.000000,1.000000,-0.000000,0.000000,0.923734
85,24,00492,rain,522,1,0.000000,1.000000,0.000000,L,1.000000,1.000000,0.000000,0.000000,0.217632
85,24,00492,rain,434,1,0.000000,1.000000,0.000000,L,1.000000,1.000000,-0.000000,0.000000,0.778964
85,24,00492,rain,395,1,0.000000,1.000000,0.000000,L,1.000000,1.000000,0.000000,0.000000,0.223026
85,24,00492,rain,435,1,0.000000,1.000000,0.000000,L,1.000000,1.000000,0.000000,0.000000,0.311508
85,24,00492,rain,782,1,0.000000,1.000000,0.000000,L,1.000000,1.000000,-0.000000,0.000000,0.421441
85,24,00492,rain,254,1,0.000000,0.999999,0.000000,L,0.999999,0.999999,0.000011,0.000001,0.268072
85,24,00492,rain,874,1,0.000000,1.000000,0.000000,L,1.000000,1.000000,0.000000,0.000000,0.179804
85,24,00492,rain,483,1,0.000000,1.000000,0.000000,L,1.000000,1.000000,0.000000,0.000000,0.253051
85,24,00492,rain,689,1,0.000000,1.000000,0.000000,L,1.000000,1.000000,0.000001,0.000000,0.240688
85,24,00492,rain,305,1,0.000000,1.000000,0.000000,L,1.000000,1.000000,0.000001,0.000000,0.224559
85,24,00492,rain,870,1,0.000000,1.000000,0.000000,L,1.000000,1.000000,0.000002,0.000000,0.195531
85,24,00492,rain,692,1,0.000000,1.000000,0.000000,L,1.000000,1.000000,-0.000000,0.000000,0.979628
85,24,00492,rain,394,1,0.000000,1.000000,0.000000,L,1.000000,1.000000,0.000000,0.000000,0.311749
85,24,00492,rain,432,1,0.000000,1.000000,0.000000,L,1.000000,1.000000,0.000000,0.000000,0.535542
85,24,00492,rain,871,1,0.000000,1.000000,0.000000,L,1.000000,1.000000,0.000000,0.000000,0.224296
85,24,00492,rain,433,1,0.000000,1.000000,0.000000,L,1.000000,1.000000,-0.000000,0.000000,0.816113
85,24,00492,rain,600,1,0.000000,1.000000,0.000000,L,1.000000,1.000000,0.000001,0.000000,0.249189
85,24,00492,rain,341,1,0.000000,1.000000,0.000000,L,1.000000,1.000000,0.000003,0.000000,0.261018
85,24,00492,rain,526,1,0.000000,1.000000,0.000000,L,1.000000,1.000000,0.000000,0.000000,0.205357
85,24,00492,rain,211,1,0.000000,1.000000,0.000000,L,1.000000,1.000000,0.000004,0.000000,0.198456
85,24,00492,rain,209,1,0.000000,1.000000,0.000000,L,1.000000,1.000000,0.000002,0.000000,0.122757
85,24,00492,rain,389,1,0.000000,1.000000,0.000000,L,1.000000,1.000000,0.000000,0.000000,0.186192
85,24,00492,rain,514,1,0.000000,1.000000,0.000000,L,1.000000,1.000000,0.000000,0.000000,0.172823
85,24,00492,rain,509,1,0.000000,1.000000,0.000000,L,1.000000,1.000000,0.000002,0.000000,0.127739
85,24,00492,rain,300,1,0.000000,1.000000,0.000000,L,1.000000,1.000000,0.000003,0.000000,0.224691
85,24,00492,rain,872,1,0.000000,1.000000,0.000000,L,1.000000,1.000000,0.000000,0.000000,0.219737
85,24,00492,rain,531,0,0.000000,1.000000,0.000000,L,1.000000,1.000000,0.000000,0.000000,0.160087
85,24,00492,rain,1308,0,0.000000,1.000000,0.000000,L,1.000000,1.000000,0.000001,0.000000,0.101659
85,24,00492,rain,411,0,0.000000,1.000000,0.000000,L,1.000000,1.000000,0.000000,0.000000,0.085209
85,24,00492,rain,1398,0,0.000000,1.000000,0.000000,L,1.000000,1.000000,0.000001,0.000000,0.082799
85,24,00492,rain,662,0,0.000000,1.000000,0.000000,L,1.000000,1.000000,0.000001,0.000000,0.172096
85,24,00492,rain,398,0,0.000000,1.000000,0.000000,L,1.000000,1.000000,0.000000,0.000000,0.092560
85,24,00492,rain,35,0,0.000000,1.000000,0.000000,L,1.000000,1.000000,0.000001,0.000000,0.088364
85,24,00492,rain,278,0,0.000000,1.000000,0.000000,L,1.000000,1.000000,0.000001,0.000000,0.104230
85,24,00492,rain,621,0,0.000000,1.000000,0.000000,L,1.000000,1.000000,0.000000,0.000000,0.145336
85,24,00492,rain,1073,0,0.000000,1.000000,0.000000,L,1.000000,1.000000,0.000000,0.000000,0.193229
85,24,00492,rain,528,0,0.000000,1.000000,0.000000,L,1.000000,1.000000,0.000000,0.000000,0.163788
85,24,00492,rain,590,0,0.000000,1.000000,0.000000,L,1.000000,1.000000,0.000000,0.000000,0.097212
85,24,00492,rain,267,0,0.000000,1.000000,0.000000,L,1.000000,1.000000,0.000000,0.000000,0.136726
85,24,00492,rain,668,0,0.000000,1.000000,0.000000,L,1.000000,1.000000,0.000000,0.000000,0.096642
85,24,00492,rain,959,0,0.000000,1.000000,0.000000,L,1.000000,1.000000,0.000000,0.000000,0.114997
85,24,00492,rain,617,0,0.000000,1.000000,0.000000,L,1.000000,1.000000,0.000000,0.000000,0.129783
85,24,00492,rain,364,0,0.000000,0.999999,0.000000,L,0.999999,0.999999,0.000011,0.000001,0.217682
85,24,00492,rain,911,0,0.000000,1.000000,0.000000,L,1.000000,1.000000,0.000000,0.000000,0.178154
86,24,00549,rain,835,1,0.000000,1.000000,0.000000,L,1.000000,1.000000,0.000000,0.000000,0.120382
86,24,00549,rain,1226,1,0.000000,1.000000,0.000000,L,1.000000,1.000000,0.000000,0.000000,0.154063
86,24,00549,rain,566,1,0.000000,1.000000,0.000000,L,1.000000,1.000000,0.000003,0.000000,0.198193
86,24,00549,rain,1223,1,0.000000,1.000000,0.000000,L,1.000000,1.000000,0.000004,0.000000,0.167035
86,24,00549,rain,1224,1,0.000000,1.000000,0.000000,L,1.000000,1.000000,0.000002,0.000000,0.133539
86,24,00549,rain,1139,1,0.000000,1.000000,0.000000,L,1.000000,1.000000,0.000000,0.000000,0.128486
86,24,00549,rain,1045,1,0.000000,1.000000,0.000000,L,1.000000,1.000000,-0.000000,0.000000,0.646455
86,24,00549,rain,656,1,0.000000,1.000000,0.000000,L,1.000000,1.000000,0.000002,0.000000,0.243948
86,24,00549,rain,747,1,0.000000,1.000000,0.000000,L,1.000000,1.000000,-0.000000,0.000000,0.687745
86,24,00549,rain,659,1,0.000000,1.000000,0.000000,L,1.000000,1.000000,-0.000000,0.000000,0.566430
86,24,00549,rain,867,1,0.000000,1.000000,0.000000,L,1.000000,1.000000,0.000001,0.000000,0.217056
86,24,00549,rain,866,1,0.000000,1.000000,0.000000,L,1.000000,1.000000,0.000001,0.000000,0.213749
86,24,00549,rain,955,1,0.000000,1.000000,0.000000,L,1.000000,1.000000,0.000001,0.000000,0.246635
86,24,00549,rain,746,1,0.000000,1.000000,0.000000,L,1.000000,1.000000,0.000000,0.000000,0.280054
86,24,00549,rain,1227,1,0.000000,1.000000,0.000000,L,1.000000,1.000000,0.000001,0.000000,0.174774
86,24,00549,rain,776,1,0.000000,1.000000,0.000000,L,1.000000,1.000000,0.000005,0.000000,0.253936
86,24,00549,rain,601,1,0.000000,1.000000,0.000000,L,1.000000,1.000000,0.000001,0.000000,0.223086
86,24,00549,rain,745,1,0.000000,1.000000,0.000000,L,1.000000,1.000000,0.000001,0.000000,0.153174
86,24,00549,rain,1046,1,0.000000,1.000000,0.000000,L,1.000000,1.000000,-0.000000,0.000000,0.887150
86,24,00549,rain,957,1,0.000000,1.000000,0.000000,L,1.000000,1.000000,0.000003,0.000000,0.244784
86,24,00549,rain,1137,1,0.000000,1.000000,0.000000,L,1.000000,1.000000,0.000000,0.000000,0.361368
86,24,00549,rain,781,1,0.000000,1.000000,0.000000,L,1.000000,1.000000,0.000000,0.000000,0.395053
86,24,00549,rain,689,1,0.000000,1.000000,0.000000,L,1.000000,1.000000,-0.000000,0.000000,0.697419
86,24,00549,rain,749,1,0.000000,1.000000,0.000000,L,1.000000,1.000000,-0.000000,0.000000,0.865291
86,24,00549,rain,597,1,0.000001,0.999999,0.000000,L,0.999999,0.999998,0.000013,0.000001,0.189523
86,24,00549,rain,840,1,0.000000,1.000000,0.000000,L,1.000000,1.000000,0.000000,0.000000,0.241919
86,24,00549,rain,660,1,0.000000,1.000000,0.000000,L,1.000000,1.000000,0.000000,0.000000,0.348940
86,24,00549,rain,870,1,0.000000,1.000000,0.000000,L,1.000000,1.000000,0.000000,0.000000,0.214747
86,24,00549,rain,780,1,0.000000,1.000000,0.000000,L,1.000000,1.000000,-0.000000,0.000000,0.914106
86,24,00549,rain,688,1,0.000000,1.000000,0.000000,L,1.000000,1.000000,0.000000,0.000000,0.449723
86,24,00549,rain,871,1,0.000000,1.000000,0.000000,L,1.000000,1.000000,0.000001,0.000000,0.215931
86,24,00549,rain,1133,1,0.000000,1.000000,0.000000,L,1.000000,1.000000,0.000001,0.000000,0.179257
86,24,00549,rain,953,1,0.000000,1.000000,0.000000,L,1.000000,1.000000,0.000004,0.000000,0.137304
86,24,00549,rain,655,1,0.000000,1.000000,0.000000,L,1.000000,1.000000,0.000000,0.000000,0.174585
86,24,00549,rain,782,1,0.000000,1.000000,0.000000,L,1.000000,1.000000,0.000000,0.000000,0.243037
86,24,00549,rain,687,1,0.000000,0.999999,0.000000,L,0.999999,0.999999,0.000011,0.000001,0.232717
86,24,00549,rain,1280,0,0.000000,1.000000,0.000000,L,1.000000,1.000000,0.000000,0.000000,0.162977
86,24,00549,rain,226,0,0.000000,1.000000,0.000000,L,1.000000,1.000000,0.000000,0.000000,0.127707
86,24,00549,rain,1010,0,0.000000,1.000000,0.000000,L,1.000000,1.000000,0.000000,0.000000,0.091894
86,24,00549,rain,558,0,0.000000,1.000000,0.000000,L,1.000000,0.999999,0.000006,0.000000,0.093984
86,24,00549,rain,153,0,0.000000,1.000000,0.000000,L,1.000000,1.000000,0.000001,0.000000,0.123872
86,24,00549,rain,1404,0,0.000000,1.000000,0.000000,L,1.000000,1.000000,0.000001,0.000000,0.126397
86,24,00549,rain,1336,0,0.000000,1.000000,0.000000,L,1.000000,1.000000,0.000000,0.000000,0.135254
86,24,00549,rain,733,0,0.000000,1.000000,0.000000,L,1.000000,1.000000,0.000000,0.000000,0.068290
86,24,00549,rain,900,0,0.000000,1.000000,0.000000,L,1.000000,1.000000,0.000000,0.000000,0.077206
86,24,00549,rain,274,0,0.000000,1.000000,0.000000,L,1.000000,1.000000,0.000002,0.000000,0.211852
86,24,00549,rain,863,0,0.000000,1.000000,0.000000,L,1.000000,1.000000,0.000003,0.000000,0.095481
86,24,00549,rain,105,0,0.000000,1.000000,0.000000,L,1.000000,1.000000,0.000002,0.000000,0.180820
86,24,00549,rain,134,0,0.000000,1.000000,0.000000,L,1.000000,1.000000,0.000000,0.000000,0.123012
86,24,00549,rain,1091,0,0.000000,1.000000,0.000000,L,1.000000,1.000000,0.000000,0.000000,0.089954
86,24,00549,rain,370,0,0.000000,1.000000,0.000000,L,1.000000,1.000000,0.000001,0.000000,0.141273
86,24,00549,rain,552,0,0.000000,1.000000,0.000000,L,1.000000,1.000000,0.000001,0.000000,0.071416
86,24,00549,rain,295,0,0.000000,1.000000,0.000000,L,1.000000,1.000000,0.000000,0.000000,0.127298
86,24,00549,rain,732,0,0.000000,1.000000,0.000000,L,1.000000,1.000000,0.000000,0.000000,0.071616
87,25,00154,rain,305,1,0.000000,1.000000,0.000000,L,1.000000,1.000000,-0.000000,0.000000,0.290128
87,25,00154,rain,214,1,0.000000,1.000000,0.000000,L,1.000000,1.000000,0.000000,0.000000,0.199767
87,25,00154,rain,306,1,0.000000,1.000000,0.000000,L,1.000000,1.000000,0.000000,0.000000,0.139574
87,25,00154,rain,727,1,0.000000,1.000000,0.000000,L,1.000000,1.000000,-0.000000,0.000000,0.549668
87,25,00154,rain,555,1,0.000000,1.000000,0.000000,L,1.000000,1.000000,0.000003,0.000000,0.185333
87,25,00154,rain,557,1,0.000000,1.000000,0.000000,L,1.000000,1.000000,0.000000,0.000000,0.108049
87,25,00154,rain,726,1,0.000000,1.000000,0.000000,L,1.000000,1.000000,0.000000,0.000000,0.268813
87,25,00154,rain,732,1,0.000000,1.000000,0.000000,L,1.000000,1.000000,0.000000,0.000000,0.084367
87,25,00154,rain,485,1,0.000000,1.000000,0.000000,L,1.000000,1.000000,0.000000,0.000000,0.088261
87,25,00154,rain,392,1,0.000000,1.000000,0.000000,L,1.000000,1.000000,0.000001,0.000000,0.235161
87,25,00154,rain,282,1,0.000000,1.000000,0.000000,L,1.000000,1.000000,0.000000,0.000000,0.254008
87,25,00154,rain,641,1,0.000001,0.999998,0.000000,L,0.999998,0.999997,0.000022,0.000002,0.223319
87,25,00154,rain,191,1,0.000000,1.000000,0.000000,L,1.000000,1.000000,0.000001,0.000000,0.163288
87,25,00154,rain,182,1,0.000000,1.000000,0.000000,L,1.000000,1.000000,0.000001,0.000000,0.214168
87,25,00154,rain,450,1,0.000000,1.000000,0.000000,L,1.000000,1.000000,0.000000,0.000000,0.209901
87,25,00154,rain,271,1,0.000000,1.000000,0.000000,L,1.000000,1.000000,0.000000,0.000000,0.375106
87,25,00154,rain,822,1,0.000000,1.000000,0.000000,L,1.000000,1.000000,0.000000,0.000000,0.070817
87,25,00154,rain,821,1,0.000000,1.000000,0.000000,L,1.000000,1.000000,0.000000,0.000000,0.090476
87,25,00154,rain,193,1,0.000000,1.000000,0.000000,L,1.000000,1.000000,0.000000,0.000000,0.182545
87,25,00154,rain,375,1,0.000000,1.000000,0.000000,L,1.000000,1.000000,-0.000000,0.000000,0.915038
87,25,00154,rain,464,1,0.000000,1.000000,0.000000,L,1.000000,1.000000,0.000000,0.000000,0.297401
87,25,00154,rain,304,1,0.000000,1.000000,0.000000,L,1.000000,1.000000,-0.000000,0.000000,0.351146
87,25,00154,rain,181,1,0.000000,1.000000,0.000000,L,1.000000,1.000000,0.000000,0.000000,0.221042
87,25,00154,rain,395,1,0.000000,1.000000,0.000000,L,1.000000,1.000000,0.000000,0.000000,0.135766
87,25,00154,rain,454,1,0.000000,1.000000,0.000000,L,1.000000,1.000000,0.000002,0.000000,0.221291
87,25,00154,rain,283,1,0.000000,1.000000,0.000000,L,1.000000,1.000000,0.000000,0.000000,0.288666
87,25,00154,rain,393,1,0.000000,1.000000,0.000000,L,1.000000,1.000000,-0.000000,0.000000,0.279535
87,25,00154,rain,481,1,0.000000,1.000000,0.000000,L,1.000000,0.999999,0.000005,0.000000,0.145507
87,25,00154,rain,483,1,0.000000,1.000000,0.000000,L,1.000000,1.000000,0.000000,0.000000,0.113432
87,25,00154,rain,284,1,0.000000,1.000000,0.000000,L,1.000000,1.000000,0.000000,0.000000,0.462573
87,25,00154,rain,374,1,0.000000,1.000000,0.000000,L,1.000000,1.000000,-0.000000,0.000000,0.857179
87,25,00154,rain,281,1,0.000000,1.000000,0.000000,L,1.000000,1.000000,0.000000,0.000000,0.167580
87,25,00154,rain,373,1,0.000000,1.000000,0.000000,L,1.000000,1.000000,-0.000000,0.000000,0.466604
87,25,00154,rain,183,1,0.000000,1.000000,0.000000,L,1.000000,1.000000,0.000001,0.000000,0.207692
87,25,00154,rain,546,1,0.000000,1.000000,0.000000,L,1.000000,1.000000,0.000000,0.000000,0.192271
87,25,00154,rain,552,1,0.000000,1.000000,0.000000,L,1.000000,1.000000,0.000000,0.000000,0.208832
87,25,00154,rain,1329,0,0.000000,1.000000,0.000000,L,1.000000,1.000000,0.000000,0.000000,0.122792
87,25,00154,rain,134,0,0.000000,1.000000,0.000000,L,1.000000,1.000000,0.000001,0.000000,0.154003
87,25,00154,rain,430,0,0.000000,1.000000,0.000000,L,1.000000,1.000000,0.000000,0.000000,0.125986
87,25,00154,rain,1110,0,0.000000,1.000000,0.000000,L,1.000000,1.000000,0.000000,0.000000,0.082441
87,25,00154,rain,1119,0,0.000000,1.000000,0.000000,L,1.000000,1.000000,0.000000,0.000000,0.137445
87,25,00154,rain,1131,0,0.000000,1.000000,0.000000,L,1.000000,1.000000,0.000000,0.000000,0.079277
87,25,00154,rain,7,0,0.000000,1.000000,0.000000,L,1.000000,1.000000,0.000002,0.000000,0.067015
87,25,00154,rain,308,0,0.000000,1.000000,0.000000,L,1.000000,1.000000,0.000001,0.000000,0.143726
87,25,00154,rain,1033,0,0.000000,1.000000,0.000000,L,1.000000,1.000000,0.000000,0.000000,0.133929
87,25,00154,rain,960,0,0.000000,1.000000,0.000000,L,1.000000,1.000000,0.000000,0.000000,0.132399
87,25,00154,rain,471,0,0.000000,1.000000,0.000000,L,1.000000,1.000000,0.000000,0.000000,0.103915
87,25,00154,rain,424,0,0.000000,1.000000,0.000000,L,1.000000,1.000000,0.000000,0.000000,0.153159
87,25,00154,rain,1107,0,0.000000,1.000000,0.000000,L,1.000000,1.000000,0.000000,0.000000,0.108573
87,25,00154,rain,844,0,0.000000,1.000000,0.000000,L,1.000000,1.000000,0.000000,0.000000,0.073829
87,25,00154,rain,1220,0,0.000000,1.000000,0.000000,L,1.000000,1.000000,0.000000,0.000000,0.078420
87,25,00154,rain,852,0,0.000000,1.000000,0.000000,L,1.000000,1.000000,0.000000,0.000000,0.128579
87,25,00154,rain,624,0,0.000000,1.000000,0.000000,L,1.000000,1.000000,0.000000,0.000000,0.134257
87,25,00154,rain,365,0,0.000000,1.000000,0.000000,L,1.000000,1.000000,0.000000,0.000000,0.256450
88,25,00211,rain,383,1,0.000000,1.000000,0.000000,L,1.000000,1.000000,0.000000,0.000000,0.215174
88,25,00211,rain,293,1,0.000000,1.000000,0.000000,L,1.000000,1.000000,0.000001,0.000000,0.200205
88,25,00211,rain,1279,1,0.000000,1.000000,0.000000,L,1.000000,1.000000,0.000000,0.000000,0.244482
88,25,00211,rain,475,1,0.000000,1.000000,0.000000,L,1.000000,1.000000,0.000002,0.000000,0.221520
88,25,00211,rain,734,1,0.000000,1.000000,0.000000,L,1.000000,1.000000,0.000000,0.000000,0.118949
88,25,00211,rain,297,1,0.000000,1.000000,0.000000,L,1.000000,1.000000,-0.000000,0.000000,0.860958
88,25,00211,rain,388,1,0.000000,1.000000,0.000000,L,1.000000,1.000000,0.000000,0.000000,0.280076
88,25,00211,rain,1370,1,0.000000,1.000000,0.000000,L,1.000000,1.000000,-0.000000,0.000000,0.455317
88,25,00211,rain,367,1,0.000000,1.000000,0.000000,L,1.000000,1.000000,0.000000,0.000000,0.278701
88,25,00211,rain,205,1,0.000000,1.000000,0.000000,L,1.000000,1.000000,0.000000,0.000000,0.240299
88,25,00211,rain,208,1,0.000000,1.000000,0.000000,L,1.000000,1.000000,0.000000,0.000000,0.244405
88,25,00211,rain,277,1,0.000000,1.000000,0.000000,L,1.000000,1.000000,0.000000,0.000000,0.215814
88,25,00211,rain,294,1,0.000000,1.000000,0.000000,L,1.000000,1.000000,0.000000,0.000000,0.255775
88,25,00211,rain,371,1,0.000000,1.000000,0.000000,L,1.000000,1.000000,0.000000,0.000000,0.479479
88,25,00211,rain,457,1,0.000000,1.000000,0.000000,L,1.000000,1.000000,0.000001,0.000000,0.236351
88,25,00211,rain,279,1,0.000000,1.000000,0.000000,L,1.000000,1.000000,0.000000,0.000000,0.386134
88,25,00211,rain,824,1,0.000000,1.000000,0.000000,L,1.000000,1.000000,0.000000,0.000000,0.090929
88,25,00211,rain,550,1,0.000000,0.999999,0.000000,L,0.999999,0.999999,0.000009,0.000001,0.209287
88,25,00211,rain,281,1,0.000000,1.000000,0.000000,L,1.000000,1.000000,0.000000,0.000000,0.245254
88,25,00211,rain,478,1,0.000000,1.000000,0.000000,L,1.000000,1.000000,0.000000,0.000000,0.200916
88,25,00211,rain,1194,1,0.000000,1.000000,0.000000,L,1.000000,1.000000,0.000000,0.000000,0.074432
88,25,00211,rain,459,1,0.000000,1.000000,0.000000,L,1.000000,1.000000,-0.000000,0.000000,0.457521
88,25,00211,rain,1371,1,0.000000,1.000000,0.000000,L,1.000000,1.000000,-0.000000,0.000000,0.488706
88,25,00211,rain,207,1,0.000000,1.000000,0.000000,L,1.000000,1.000000,0.000001,0.000000,0.277196
88,25,00211,rain,1284,1,0.000000,1.000000,0.000000,L,1.000000,1.000000,0.000000,0.000000,0.222958
88,25,00211,rain,387,1,0.000000,1.000000,0.000000,L,1.000000,1.000000,-0.000000,0.000000,0.539293
88,25,00211,rain,648,1,0.000000,1.000000,0.000000,L,1.000000,1.000000,-0.000000,0.000000,0.600779
88,25,00211,rain,830,1,0.000000,1.000000,0.000000,L,1.000000,1.000000,0.000000,0.000000,0.072408
88,25,00211,rain,370,1,0.000000,1.000000,0.000000,L,1.000000,1.000000,-0.000000,0.000000,0.962576
88,25,00211,rain,649,1,0.000000,1.000000,0.000000,L,1.000000,1.000000,0.000000,0.000000,0.242767
88,25,00211,rain,118,1,0.000000,1.000000,0.000000,L,1.000000,1.000000,0.000001,0.000000,0.184165
88,25,00211,rain,829,1,0.000000,1.000000,0.000000,L,1.000000,1.000000,0.000000,0.000000,0.145007
88,25,00211,rain,461,1,0.000000,1.000000,0.000000,L,1.000000,1.000000,0.000001,0.000000,0.237396
88,25,00211,rain,117,1,0.000000,1.000000,0.000000,L,1.000000,1.000000,0.000001,0.000000,0.214413
88,25,00211,rain,206,1,0.000000,1.000000,0.000000,L,1.000000,1.000000,0.000000,0.000000,0.341124
88,25,00211,rain,298,1,0.000000,1.000000,0.000000,L,1.000000,1.000000,0.000000,0.000000,0.394250
88,25,00211,rain,229,0,0.000000,1.000000,0.000000,L,1.000000,1.000000,0.000000,0.000000,0.094018
88,25,00211,rain,714,0,0.000000,1.000000,0.000000,L,1.000000,1.000000,0.000000,0.000000,0.130384
88,25,00211,rain,1423,0,0.000000,1.000000,0.000000,L,1.000000,1.000000,0.000000,0.000000,0.094518
88,25,00211,rain,615,0,0.000000,1.000000,0.000000,L,1.000000,1.000000,0.000000,0.000000,0.089355
88,25,00211,rain,703,0,0.000000,1.000000,0.000000,L,1.000000,1.000000,0.000000,0.000000,0.142110
88,25,00211,rain,1276,0,0.000000,1.000000,0.000000,L,1.000000,1.000000,0.000002,0.000000,0.174272
88,25,00211,rain,1425,0,0.000000,1.000000,0.000000,L,1.000000,1.000000,0.000000,0.000000,0.106426
88,25,00211,rain,1107,0,0.000000,1.000000,0.000000,L,1.000000,1.000000,0.000001,0.000000,0.117684
88,25,00211,rain,1228,0,0.000000,1.000000,0.000000,L,1.000000,1.000000,0.000000,0.000000,0.098299
88,25,00211,rain,397,0,0.000000,1.000000,0.000000,L,1.000000,1.000000,0.000000,0.000000,0.143495
88,25,00211,rain,515,0,0.000000,1.000000,0.000000,L,1.000000,1.000000,0.000000,0.000000,0.073330
88,25,00211,rain,1178,0,0.000000,1.000000,0.000000,L,1.000000,1.000000,0.000000,0.000000,0.098786
88,25,00211,rain,810,0,0.000000,1.000000,0.000000,L,1.000000,1.000000,0.000000,0.000000,0.144174
88,25,00211,rain,907,0,0.000000,1.000000,0.000000,L,1.000000,1.000000,0.000000,0.000000,0.051557
88,25,00211,rain,195,0,0.000000,1.000000,0.000000,L,1.000000,1.000000,0.000000,0.000000,0.137681
88,25,00211,rain,326,0,0.000000,1.000000,0.000000,L,1.000000,1.000000,0.000000,0.000000,0.101164
88,25,00211,rain,619,0,0.000000,1.000000,0.000000,L,1.000000,1.000000,0.000000,0.000000,0.063255
88,25,00211,rain,123,0,0.000000,1.000000,0.000000,L,1.000000,1.000000,0.000001,0.000000,0.132381
89,25,00269,rain,1391,1,0.000000,1.000000,0.000000,L,1.000000,1.000000,0.000001,0.000000,0.164599
89,25,00269,rain,452,1,0.000000,1.000000,0.000000,L,1.000000,1.000000,0.000000,0.000000,0.205312
89,25,00269,rain,1125,1,0.000000,1.000000,0.000000,L,1.000000,1.000000,0.000000,0.000000,0.173501
89,25,00269,rain,580,1,0.000000,1.000000,0.000000,L,1.000000,1.000000,0.000000,0.000000,0.296206
89,25,00269,rain,206,1,0.000000,1.000000,0.000000,L,1.000000,1.000000,0.000000,0.000000,0.236448
89,25,00269,rain,491,1,0.000000,1.000000,0.000000,L,1.000000,1.000000,-0.000000,0.000000,0.637249
89,25,00269,rain,1214,1,0.000000,1.000000,0.000000,L,1.000000,1.000000,-0.000000,0.000000,0.433336
89,25,00269,rain,399,1,0.000000,1.000000,0.000000,L,1.000000,1.000000,0.000000,0.000000,0.142257
89,25,00269,rain,584,1,0.000000,1.000000,0.000000,L,1.000000,1.000000,0.000000,0.000000,0.171926
89,25,00269,rain,583,1,0.000000,1.000000,0.000000,L,1.000000,1.000000,-0.000000,0.000000,0.365594
89,25,00269,rain,758,1,0.000002,0.999998,0.000000,L,0.999998,0.999997,0.000021,0.000002,0.097972
89,25,00269,rain,398,1,0.000000,1.000000,0.000000,L,1.000000,1.000000,0.000002,0.000000,0.122086
89,25,00269,rain,1210,1,0.000000,1.000000,0.000000,L,1.000000,1.000000,0.000000,0.000000,0.177614
89,25,00269,rain,1216,1,0.000000,1.000000,0.000000,L,1.000000,1.000000,0.000000,0.000000,0.338956
89,25,00269,rain,1211,1,0.000000,1.000000,0.000000,L,1.000000,1.000000,0.000000,0.000000,0.192142
89,25,00269,rain,1306,1,0.000000,1.000000,0.000000,L,1.000000,1.000000,0.000000,0.000000,0.245276
89,25,00269,rain,363,1,0.000000,1.000000,0.000000,L,1.000000,1.000000,0.000000,0.000000,0.234864
89,25,00269,rain,1396,1,0.000000,1.000000,0.000000,L,1.000000,1.000000,0.000000,0.000000,0.143692
89,25,00269,rain,1393,1,0.000000,1.000000,0.000000,L,1.000000,1.000000,0.000000,0.000000,0.165501
89,25,00269,rain,581,1,0.000000,1.000000,0.000000,L,1.000000,1.000000,-0.000000,0.000000,0.670506
89,25,00269,rain,122,1,0.000000,1.000000,0.000000,L,1.000000,1.000000,0.000001,0.000000,0.220186
89,25,00269,rain,489,1,0.000000,1.000000,0.000000,L,1.000000,1.000000,0.000000,0.000000,0.212288
89,25,00269,rain,31,1,0.000000,1.000000,0.000000,L,1.000000,1.000000,0.000002,0.000000,0.191385
89,25,00269,rain,672,1,0.000000,1.000000,0.000000,L,1.000000,1.000000,0.000001,0.000000,0.226960
89,25,00269,rain,488,1,0.000000,1.000000,0.000000,L,1.000000,1.000000,0.000000,0.000000,0.127253
89,25,00269,rain,119,1,0.000000,1.000000,0.000000,L,1.000000,1.000000,-0.000000,0.000000,0.619027
89,25,00269,rain,299,1,0.000000,1.000000,0.000000,L,1.000000,1.000000,0.000000,0.000000,0.262654
89,25,00269,rain,121,1,0.000000,1.000000,0.000000,L,1.000000,1.000000,0.000000,0.000000,0.236985
89,25,00269,rain,1394,1,0.000000,1.000000,0.000000,L,1.000000,1.000000,0.000000,0.000000,0.170456
89,25,00269,rain,301,1,0.000000,1.000000,0.000000,L,1.000000,1.000000,0.000000,0.000000,0.235943
89,25,00269,rain,1304,1,0.000000,1.000000,0.000000,L,1.000000,1.000000,-0.000000,0.000000,0.438348
89,25,00269,rain,493,1,0.000000,1.000000,0.000000,L,1.000000,1.000000,0.000000,0.000000,0.281966
89,25,00269,rain,1303,1,0.000000,1.000000,0.000000,L,1.000000,1.000000,-0.000000,0.000000,0.465980
89,25,00269,rain,582,1,0.000000,1.000000,0.000000,L,1.000000,1.000000,-0.000000,0.000000,0.669416
89,25,00269,rain,674,1,0.000000,1.000000,0.000000,L,1.000000,1.000000,0.000000,0.000000,0.165660
89,25,00269,rain,117,1,0.000000,1.000000,0.000000,L,1.000000,1.000000,-0.000000,0.000000,0.343439
89,25,00269,rain,90,0,0.000000,1.000000,0.000000,L,1.000000,1.000000,0.000000,0.000000,0.130136
89,25,00269,rain,1024,0,0.000000,1.000000,0.000000,L,1.000000,1.000000,0.000000,0.000000,0.108967
89,25,00269,rain,963,0,0.000000,1.000000,0.000000,L,1.000000,1.000000,0.000000,0.000000,0.161693
89,25,00269,rain,658,0,0.000000,1.000000,0.000000,L,1.000000,1.000000,0.000000,0.000000,0.117997
89,25,00269,rain,161,0,0.000000,1.000000,0.000000,L,1.000000,1.000000,0.000001,0.000000,0.077863
89,25,00269,rain,157,0,0.000000,1.000000,0.000000,L,1.000000,1.000000,0.000001,0.000000,0.156432
89,25,00269,rain,682,0,0.000000,1.000000,0.000000,L,1.000000,1.000000,0.000000,0.000000,0.123116
89,25,00269,rain,1041,0,0.000000,1.000000,0.000000,L,1.000000,1.000000,0.000000,0.000000,0.132990
89,25,00269,rain,1102,0,0.000000,1.000000,0.000000,L,1.000000,1.000000,0.000000,0.000000,0.082267
89,25,00269,rain,50,0,0.000000,1.000000,0.000000,L,1.000000,1.000000,0.000001,0.000000,0.119001
89,25,00269,rain,777,0,0.000000,1.000000,0.000000,L,1.000000,1.000000,0.000000,0.000000,0.248785
89,25,00269,rain,1035,0,0.000000,1.000000,0.000000,L,1.000000,1.000000,0.000000,0.000000,0.120087
89,25,00269,rain,322,0,0.000000,1.000000,0.000000,L,1.000000,1.000000,0.000000,0.000000,0.141964
89,25,00269,rain,1409,0,0.000000,1.000000,0.000000,L,1.000000,1.000000,0.000001,0.000000,0.122564
89,25,00269,rain,774,0,0.000000,1.000000,0.000000,L,1.000000,1.000000,0.000000,0.000000,0.165968
89,25,00269,rain,390,0,0.000000,1.000000,0.000000,L,1.000000,0.999999,0.000006,0.000000,0.180884
89,25,00269,rain,148,0,0.000000,1.000000,0.000000,L,1.000000,1.000000,0.000001,0.000000,0.079401
89,25,00269,rain,961,0,0.000000,1.000000,0.000000,L,1.000000,1.000000,0.000000,0.000000,0.124110
90,25,00475,rain,494,1,0.000000,1.000000,0.000000,L,1.000000,1.000000,0.000002,0.000000,0.260972
90,25,00475,rain,588,1,0.000000,1.000000,0.000000,L,1.000000,1.000000,0.000000,0.000000,0.269112
90,25,00475,rain,704,1,0.000000,1.000000,0.000000,L,1.000000,1.000000,0.000001,0.000000,0.233312
90,25,00475,rain,1133,1,0.000000,1.000000,0.000000,L,1.000000,1.000000,0.000000,0.000000,0.219427
90,25,00475,rain,674,1,0.000000,1.000000,0.000000,L,1.000000,1.000000,0.000004,0.000000,0.237584
90,25,00475,rain,1224,1,0.000000,1.000000,0.000000,L,1.000000,1.000000,0.000000,0.000000,0.204630
90,25,00475,rain,1132,1,0.000000,1.000000,0.000000,L,1.000000,1.000000,0.000003,0.000000,0.207122
90,25,00475,rain,495,1,0.000000,1.000000,0.000000,L,1.000000,1.000000,0.000000,0.000000,0.486438
90,25,00475,rain,974,1,0.000000,1.000000,0.000000,L,1.000000,1.000000,0.000000,0.000000,0.098539
90,25,00475,rain,976,1,0.000000,1.000000,0.000000,L,1.000000,1.000000,0.000000,0.000000,0.084288
90,25,00475,rain,1047,1,0.000000,1.000000,0.000000,L,1.000000,1.000000,0.000000,0.000000,0.201485
90,25,00475,rain,1222,1,0.000000,1.000000,0.000000,L,1.000000,1.000000,0.000000,0.000000,0.212315
90,25,00475,rain,975,1,0.000000,1.000000,0.000000,L,1.000000,1.000000,0.000000,0.000000,0.088987
90,25,00475,rain,881,1,0.000000,1.000000,0.000000,L,1.000000,1.000000,0.000000,0.000000,0.250716
90,25,00475,rain,954,1,0.000000,1.000000,0.000000,L,1.000000,1.000000,0.000002,0.000000,0.200566
90,25,00475,rain,1317,1,0.000000,1.000000,0.000000,L,1.000000,1.000000,0.000000,0.000000,0.120453
90,25,00475,rain,499,1,0.000000,1.000000,0.000000,L,1.000000,1.000000,0.000001,0.000000,0.236150
90,25,00475,rain,1137,1,0.000000,1.000000,0.000000,L,1.000000,1.000000,0.000000,0.000000,0.207356
90,25,00475,rain,882,1,0.000000,1.000000,0.000000,L,1.000000,1.000000,-0.000000,0.000000,0.445568
90,25,00475,rain,790,1,0.000000,1.000000,0.000000,L,1.000000,1.000000,0.000000,0.000000,0.285565
90,25,00475,rain,676,1,0.000000,1.000000,0.000000,L,1.000000,1.000000,0.000000,0.000000,0.268909
90,25,00475,rain,1046,1,0.000000,1.000000,0.000000,L,1.000000,1.000000,0.000000,0.000000,0.319727
90,25,00475,rain,497,1,0.000000,1.000000,0.000000,L,1.000000,1.000000,0.000000,0.000000,0.590056
90,25,00475,rain,1042,1,0.000000,1.000000,0.000000,L,1.000000,1.000000,0.000001,0.000000,0.208697
90,25,00475,rain,589,1,0.000000,1.000000,0.000000,L,1.000000,1.000000,0.000000,0.000000,0.222588
90,25,00475,rain,404,1,0.000000,1.000000,0.000000,L,1.000000,1.000000,0.000002,0.000000,0.214804
90,25,00475,rain,586,1,0.000000,1.000000,0.000000,L,1.000000,1.000000,-0.000000,0.000000,0.983469
90,25,00475,rain,885,1,0.000000,1.000000,0.000000,L,1.000000,1.000000,0.000000,0.000000,0.095868
90,25,00475,rain,1223,1,0.000000,1.000000,0.000000,L,1.000000,1.000000,0.000003,0.000000,0.198725
90,25,00475,rain,405,1,0.000000,1.000000,0.000000,L,1.000000,1.000000,0.000004,0.000000,0.252689
90,25,00475,rain,498,1,0.000000,1.000000,0.000000,L,1.000000,1.000000,0.000001,0.000000,0.277449
90,25,00475,rain,884,1,0.000000,1.000000,0.000000,L,1.000000,1.000000,0.000000,0.000000,0.239869
90,25,00475,rain,1048,1,0.000000,1.000000,0.000000,L,1.000000,1.000000,0.000000,0.000000,0.142613
90,25,00475,rain,584,1,0.000000,1.000000,0.000000,L,1.000000,1.000000,0.000000,0.000000,0.288173
90,25,00475,rain,793,1,0.000000,1.000000,0.000000,L,1.000000,1.000000,-0.000000,0.000000,0.718772
90,25,00475,rain,795,1,0.000000,1.000000,0.000000,L,1.000000,1.000000,0.000000,0.000000,0.181186
90,25,00475,rain,189,0,0.000001,0.999999,0.000000,L,0.999999,0.999999,0.000008,0.000001,0.082030
90,25,00475,rain,334,0,0.000000,1.000000,0.000000,L,1.000000,1.000000,0.000000,0.000000,0.103800
90,25,00475,rain,172,0,0.000000,1.000000,0.000000,L,1.000000,1.000000,0.000001,0.000000,0.144796
90,25,00475,rain,888,0,0.000000,1.000000,0.000000,L,1.000000,1.000000,0.000000,0.000000,0.092643
90,25,00475,rain,695,0,0.000000,1.000000,0.000000,L,1.000000,1.000000,0.000000,0.000000,0.236657
90,25,00475,rain,727,0,0.000000,1.000000,0.000000,L,1.000000,1.000000,0.000000,0.000000,0.077840
90,25,00475,rain,130,0,0.000000,1.000000,0.000000,L,1.000000,1.000000,0.000000,0.000000,0.133414
90,25,00475,rain,388,0,0.000000,1.000000,0.000000,L,1.000000,1.000000,0.000000,0.000000,0.063685
90,25,00475,rain,1000,0,0.000000,1.000000,0.000000,L,1.000000,1.000000,0.000000,0.000000,0.135709
90,25,00475,rain,503,0,0.000000,1.000000,0.000000,L,1.000000,1.000000,0.000000,0.000000,0.073143
90,25,00475,rain,577,0,0.000000,1.000000,0.000000,L,1.000000,1.000000,0.000000,0.000000,0.073276
90,25,00475,rain,991,0,0.000000,1.000000,0.000000,L,1.000000,1.000000,0.000000,0.000000,0.195776
90,25,00475,rain,1367,0,0.000000,1.000000,0.000000,L,1.000000,1.000000,0.000001,0.000000,0.120453
90,25,00475,rain,1305,0,0.000000,1.000000,0.000000,L,1.000000,1.000000,0.000000,0.000000,0.124136
90,25,00475,rain,177,0,0.000000,1.000000,0.000000,L,1.000000,1.000000,0.000001,0.000000,0.141316
90,25,00475,rain,939,0,0.000000,1.000000,0.000000,L,1.000000,1.000000,0.000000,0.000000,0.079431
90,25,00475,rain,420,0,0.000001,0.999999,0.000000,L,0.999999,0.999999,0.000011,0.000001,0.100815
90,25,00475,rain,823,0,0.000000,1.000000,0.000000,L,1.000000,1.000000,0.000001,0.000000,0.095077
91,25,00532,rain,795,1,0.000000,1.000000,0.000000,L,1.000000,1.000000,0.000000,0.000000,0.178065
91,25,00532,rain,393,1,0.000000,1.000000,0.000000,L,1.000000,1.000000,0.000003,0.000000,0.130239
91,25,00532,rain,703,1,0.000000,1.000000,0.000000,L,1.000000,1.000000,0.000000,0.000000,0.176218
91,25,00532,rain,395,1,0.000000,1.000000,0.000000,L,1.000000,1.000000,0.000003,0.000000,0.198861
91,25,00532,rain,398,1,0.000000,1.000000,0.000000,L,1.000000,1.000000,0.000000,0.000000,0.133960
91,25,00532,rain,886,1,0.000000,1.000000,0.000000,L,1.000000,1.000000,0.000000,0.000000,0.124368
91,25,00532,rain,575,1,0.000000,1.000000,0.000000,L,1.000000,1.000000,-0.000000,0.000000,0.671008
91,25,00532,rain,239,1,0.000000,1.000000,0.000000,L,1.000000,1.000000,0.000000,0.000000,0.104123
91,25,00532,rain,579,1,0.000000,1.000000,0.000000,L,1.000000,1.000000,0.000000,0.000000,0.222471
91,25,00532,rain,972,1,0.000000,1.000000,0.000000,L,1.000000,1.000000,0.000000,0.000000,0.114006
91,25,00532,rain,484,1,0.000000,1.000000,0.000000,L,1.000000,1.000000,0.000001,0.000000,0.243879
91,25,00532,rain,238,1,0.000000,1.000000,0.000000,L,1.000000,1.000000,0.000000,0.000000,0.230921
91,25,00532,rain,145,1,0.000000,1.000000,0.000000,L,1.000000,1.000000,0.000000,0.000000,0.187876
91,25,00532,rain,56,1,0.000000,1.000000,0.000000,L,1.000000,1.000000,0.000000,0.000000,0.135807
91,25,00532,rain,794,1,0.000000,1.000000,0.000000,L,1.000000,1.000000,-0.000000,0.000000,0.194712
91,25,00532,rain,884,1,0.000000,1.000000,0.000000,L,1.000000,1.000000,0.000000,0.000000,0.134961
91,25,00532,rain,58,1,0.000000,1.000000,0.000000,L,1.000000,1.000000,0.000003,0.000000,0.064355
91,25,00532,rain,144,1,0.000000,1.000000,0.000000,L,1.000000,1.000000,0.000001,0.000000,0.161806
91,25,00532,rain,147,1,0.000000,1.000000,0.000000,L,1.000000,1.000000,-0.000000,0.000000,0.333743
91,25,00532,rain,148,1,0.000000,1.000000,0.000000,L,1.000000,1.000000,0.000001,0.000000,0.139474
91,25,00532,rain,483,1,0.000000,1.000000,0.000000,L,1.000000,1.000000,0.000001,0.000000,0.217573
91,25,00532,rain,60,1,0.000000,1.000000,0.000000,L,1.000000,1.000000,0.000001,0.000000,0.055387
91,25,00532,rain,396,1,0.000000,1.000000,0.000000,L,1.000000,1.000000,0.000004,0.000000,0.214225
91,25,00532,rain,240,1,0.000000,1.000000,0.000000,L,1.000000,1.000000,0.000000,0.000000,0.100679
91,25,00532,rain,486,1,0.000000,1.000000,0.000000,L,1.000000,1.000000,-0.000000,0.000000,0.755899
91,25,00532,rain,57,1,0.000000,1.000000,0.000000,L,1.000000,1.000000,0.000002,0.000000,0.134559
91,25,00532,rain,881,1,0.000000,1.000000,0.000000,L,1.000000,1.000000,0.000000,0.000000,0.151522
91,25,00532,rain,668,1,0.000000,1.000000,0.000000,L,1.000000,1.000000,0.000000,0.000000,0.221186
91,25,00532,rain,701,1,0.000000,1.000000,0.000000,L,1.000000,1.000000,0.000000,0.000000,0.145650
91,25,00532,rain,667,1,0.000000,1.000000,0.000000,L,1.000000,1.000000,0.000000,0.000000,0.242255
91,25,00532,rain,705,1,0.000000,1.000000,0.000000,L,1.000000,1.000000,0.000003,0.000000,0.137419
91,25,00532,rain,797,1,0.000000,1.000000,0.000000,L,1.000000,1.000000,0.000000,0.000000,0.125499
91,25,00532,rain,54,1,0.000000,1.000000,0.000000,L,1.000000,1.000000,0.000001,0.000000,0.152059
91,25,00532,rain,793,1,0.000000,1.000000,0.000000,L,1.000000,1.000000,-0.000000,0.000000,0.235029
91,25,00532,rain,977,1,0.000000,1.000000,0.000000,L,1.000000,1.000000,0.000000,0.000000,0.199112
91,25,00532,rain,397,1,0.000000,1.000000,0.000000,L,1.000000,1.000000,0.000004,0.000000,0.207473
91,25,00532,rain,811,0,0.000000,1.000000,0.000000,L,1.000000,1.000000,0.000000,0.000000,0.100830
91,25,00532,rain,441,0,0.000000,1.000000,0.000000,L,1.000000,1.000000,0.000000,0.000000,0.071344
91,25,00532,rain,746,0,0.000000,1.000000,0.000000,L,1.000000,1.000000,0.000000,0.000000,0.056930
91,25,00532,rain,1166,0,0.000000,1.000000,0.000000,L,1.000000,1.000000,0.000000,0.000000,0.161083
91,25,00532,rain,941,0,0.000000,1.000000,0.000000,L,1.000000,1.000000,0.000000,0.000000,0.071897
91,25,00532,rain,1253,0,0.000000,1.000000,0.000000,L,1.000000,1.000000,0.000000,0.000000,0.091622
91,25,00532,rain,386,0,0.000000,1.000000,0.000000,L,1.000000,1.000000,0.000000,0.000000,0.078993
91,25,00532,rain,43,0,0.000000,1.000000,0.000000,L,1.000000,1.000000,0.000001,0.000000,0.060961
91,25,00532,rain,1343,0,0.000000,1.000000,0.000000,L,1.000000,1.000000,0.000000,0.000000,0.103977
91,25,00532,rain,348,0,0.000000,1.000000,0.000000,L,1.000000,1.000000,0.000000,0.000000,0.093838
91,25,00532,rain,821,0,0.000000,1.000000,0.000000,L,1.000000,1.000000,0.000000,0.000000,0.125971
91,25,00532,rain,7,0,0.000000,1.000000,0.000000,L,1.000000,1.000000,0.000002,0.000000,0.098364
91,25,00532,rain,79,0,0.000000,1.000000,0.000000,L,1.000000,1.000000,0.000002,0.000000,0.175720
91,25,00532,rain,633,0,0.000000,1.000000,0.000000,L,1.000000,1.000000,0.000000,0.000000,0.129364
91,25,00532,rain,906,0,0.000000,1.000000,0.000000,L,1.000000,1.000000,0.000000,0.000000,0.094406
91,25,00532,rain,204,0,0.000000,1.000000,0.000000,L,1.000000,1.000000,0.000000,0.000000,0.070481
91,25,00532,rain,115,0,0.000000,1.000000,0.000000,L,1.000000,1.000000,0.000001,0.000000,0.055296
91,25,00532,rain,1355,0,0.000000,1.000000,0.000000,L,1.000000,1.000000,0.000000,0.000000,0.225090
92,25,00589,rain,221,1,0.000000,1.000000,0.000000,L,1.000000,1.000000,0.000000,0.000000,0.137609
92,25,00589,rain,938,1,0.000000,1.000000,0.000000,L,1.000000,1.000000,0.000001,0.000000,0.157792
92,25,00589,rain,399,1,0.000000,1.000000,0.000000,L,1.000000,1.000000,-0.000000,0.000000,0.757943
92,25,00589,rain,220,1,0.000000,1.000000,0.000000,L,1.000000,1.000000,0.000001,0.000000,0.165218
92,25,00589,rain,854,1,0.000000,1.000000,0.000000,L,1.000000,1.000000,0.000000,0.000000,0.114570
92,25,00589,rain,758,1,0.000000,1.000000,0.000000,L,1.000000,1.000000,0.000000,0.000000,0.201440
92,25,00589,rain,759,1,0.000000,1.000000,0.000000,L,1.000000,1.000000,0.000000,0.000000,0.221426
92,25,00589,rain,672,1,0.000000,1.000000,0.000000,L,1.000000,1.000000,0.000004,0.000000,0.223979
92,25,00589,rain,939,1,0.000000,1.000000,0.000000,L,1.000000,1.000000,0.000003,0.000000,0.186937
92,25,00589,rain,310,1,0.000000,1.000000,0.000000,L,1.000000,1.000000,0.000000,0.000000,0.215621
92,25,00589,rain,762,1,0.000000,1.000000,0.000000,L,1.000000,1.000000,-0.000000,0.000000,0.687757
92,25,00589,rain,311,1,0.000000,1.000000,0.000000,L,1.000000,1.000000,0.000001,0.000000,0.138939
92,25,00589,rain,850,1,0.000000,1.000000,0.000000,L,1.000000,1.000000,-0.000000,0.000000,0.548637
92,25,00589,rain,490,1,0.000000,1.000000,0.000000,L,1.000000,1.000000,0.000000,0.000000,0.240501
92,25,00589,rain,398,1,0.000000,1.000000,0.000000,L,1.000000,1.000000,-0.000000,0.000000,0.841482
92,25,00589,rain,848,1,0.000000,1.000000,0.000000,L,1.000000,1.000000,0.000000,0.000000,0.182949
92,25,00589,rain,669,1,0.000000,1.000000,0.000000,L,1.000000,1.000000,0.000001,0.000000,0.209076
92,25,00589,rain,307,1,0.000000,1.000000,0.000000,L,1.000000,1.000000,0.000001,0.000000,0.237618
92,25,00589,rain,219,1,0.000000,1.000000,0.000000,L,1.000000,1.000000,0.000003,0.000000,0.213454
92,25,00589,rain,400,1,0.000000,1.000000,0.000000,L,1.000000,1.000000,-0.000000,0.000000,0.429908
92,25,00589,rain,942,1,0.000000,1.000000,0.000000,L,1.000000,1.000000,0.000000,0.000000,0.223033
92,25,00589,rain,851,1,0.000000,1.000000,0.000000,L,1.000000,1.000000,-0.000000,0.000000,0.765027
92,25,00589,rain,486,1,0.000000,1.000000,0.000000,L,1.000000,1.000000,0.000000,0.000000,0.220742
92,25,00589,rain,940,1,0.000000,1.000000,0.000000,L,1.000000,1.000000,0.000002,0.000000,0.205504
92,25,00589,rain,671,1,0.000000,1.000000,0.000000,L,1.000000,1.000000,0.000003,0.000000,0.224280
92,25,00589,rain,309,1,0.000000,1.000000,0.000000,L,1.000000,1.000000,0.000000,0.000000,0.371568
92,25,00589,rain,396,1,0.000000,1.000000,0.000000,L,1.000000,1.000000,0.000000,0.000000,0.233511
92,25,00589,rain,397,1,0.000000,1.000000,0.000000,L,1.000000,1.000000,-0.000000,0.000000,0.457848
92,25,00589,rain,491,1,0.000000,1.000000,0.000000,L,1.000000,1.000000,0.000000,0.000000,0.148232
92,25,00589,rain,306,1,0.000000,1.000000,0.000000,L,1.000000,1.000000,0.000002,0.000000,0.218250
92,25,00589,rain,668,1,0.000000,1.000000,0.000000,L,1.000000,1.000000,0.000001,0.000000,0.198012
92,25,00589,rain,308,1,0.000000,1.000000,0.000000,L,1.000000,1.000000,0.000000,0.000000,0.404553
92,25,00589,rain,673,1,0.000000,1.000000,0.000000,L,1.000000,1.000000,0.000000,0.000000,0.163946
92,25,00589,rain,853,1,0.000000,1.000000,0.000000,L,1.000000,1.000000,0.000000,0.000000,0.219763
92,25,00589,rain,218,1,0.000000,1.000000,0.000000,L,1.000000,1.000000,0.000003,0.000000,0.203193
92,25,00589,rain,217,1,0.000000,1.000000,0.000000,L,1.000000,1.000000,0.000002,0.000000,0.179762
92,25,00589,rain,985,0,0.000000,1.000000,0.000000,L,1.000000,1.000000,0.000000,0.000000,0.140531
92,25,00589,rain,112,0,0.000000,1.000000,0.000000,L,1.000000,1.000000,0.000001,0.000000,0.111205
92,25,00589,rain,1409,0,0.000000,1.000000,0.000000,L,1.000000,1.000000,0.000000,0.000000,0.110007
92,25,00589,rain,1386,0,0.000000,1.000000,0.000000,L,1.000000,1.000000,0.000000,0.000000,0.131021
92,25,00589,rain,983,0,0.000000,1.000000,0.000000,L,1.000000,1.000000,0.000000,0.000000,0.146216
92,25,00589,rain,966,0,0.000000,1.000000,0.000000,L,1.000000,1.000000,0.000000,0.000000,0.156804
92,25,00589,rain,203,0,0.000000,1.000000,0.000000,L,1.000000,1.000000,0.000000,0.000000,0.075178
92,25,00589,rain,1227,0,0.000000,1.000000,0.000000,L,1.000000,1.000000,0.000000,0.000000,0.105857
92,25,00589,rain,379,0,0.000000,1.000000,0.000000,L,1.000000,1.000000,0.000000,0.000000,0.070092
92,25,00589,rain,0,0,0.000000,1.000000,0.000000,L,1.000000,1.000000,0.000000,0.000000,0.207412
92,25,00589,rain,189,0,0.000000,1.000000,0.000000,L,1.000000,0.999999,0.000004,0.000000,0.090515
92,25,00589,rain,355,0,0.000000,1.000000,0.000000,L,1.000000,1.000000,0.000000,0.000000,0.136283
92,25,00589,rain,765,0,0.000000,1.000000,0.000000,L,1.000000,1.000000,0.000000,0.000000,0.117996
92,25,00589,rain,1083,0,0.000000,1.000000,0.000000,L,1.000000,1.000000,0.000000,0.000000,0.178993
92,25,00589,rain,890,0,0.000000,1.000000,0.000000,L,1.000000,1.000000,0.000000,0.000000,0.141824
92,25,00589,rain,473,0,0.000000,1.000000,0.000000,L,1.000000,1.000000,0.000000,0.000000,0.070577
92,25,00589,rain,465,0,0.000000,1.000000,0.000000,L,1.000000,1.000000,0.000000,0.000000,0.076563
92,25,00589,rain,55,0,0.000000,1.000000,0.000000,L,1.000000,1.000000,0.000001,0.000000,0.050147
93,26,00284,rain,561,1,0.000000,1.000000,0.000000,L,1.000000,1.000000,0.000000,0.000000,0.105759
93,26,00284,rain,651,1,0.000000,1.000000,0.000000,L,1.000000,1.000000,0.000000,0.000000,0.203526
93,26,00284,rain,652,1,0.000000,1.000000,0.000000,L,1.000000,1.000000,0.000001,0.000000,0.237839
93,26,00284,rain,653,1,0.000000,1.000000,0.000000,L,1.000000,1.000000,0.000001,0.000000,0.234479
93,26,00284,rain,740,1,0.000000,1.000000,0.000000,L,1.000000,1.000000,0.000000,0.000000,0.238197
93,26,00284,rain,741,1,0.000000,1.000000,0.000000,L,1.000000,1.000000,0.000000,0.000000,0.238157
93,26,00284,rain,742,1,0.000000,1.000000,0.000000,L,1.000000,1.000000,0.000000,0.000000,0.432882
93,26,00284,rain,743,1,0.000000,1.000000,0.000000,L,1.000000,1.000000,-0.000000,0.000000,0.523517
93,26,00284,rain,744,1,0.000000,1.000000,0.000000,L,1.000000,1.000000,0.000000,0.000000,0.449038
93,26,00284,rain,745,1,0.000000,1.000000,0.000000,L,1.000000,1.000000,0.000000,0.000000,0.197980
93,26,00284,rain,746,1,0.000000,1.000000,0.000000,L,1.000000,1.000000,0.000001,0.000000,0.169292
93,26,00284,rain,830,1,0.000000,1.000000,0.000000,L,1.000000,1.000000,0.000000,0.000000,0.229131
93,26,00284,rain,831,1,0.000000,1.000000,0.000000,L,1.000000,1.000000,0.000000,0.000000,0.239019
93,26,00284,rain,832,1,0.000000,1.000000,0.000000,L,1.000000,1.000000,-0.000000,0.000000,0.389896
93,26,00284,rain,833,1,0.000000,1.000000,0.000000,L,1.000000,1.000000,-0.000000,0.000000,0.523887
93,26,00284,rain,834,1,0.000000,1.000000,0.000000,L,1.000000,1.000000,-0.000000,0.000000,0.432393
93,26,00284,rain,835,1,0.000000,1.000000,0.000000,L,1.000000,1.000000,0.000000,0.000000,0.188448
93,26,00284,rain,836,1,0.000000,1.000000,0.000000,L,1.000000,1.000000,0.000000,0.000000,0.154221
93,26,00284,rain,837,1,0.000000,1.000000,0.000000,L,1.000000,1.000000,0.000001,0.000000,0.213177
93,26,00284,rain,920,1,0.000000,1.000000,0.000000,L,1.000000,1.000000,0.000000,0.000000,0.209697
93,26,00284,rain,921,1,0.000000,1.000000,0.000000,L,1.000000,1.000000,0.000001,0.000000,0.171215
93,26,00284,rain,922,1,0.000000,1.000000,0.000000,L,1.000000,1.000000,0.000000,0.000000,0.171259
93,26,00284,rain,923,1,0.000000,1.000000,0.000000,L,1.000000,1.000000,0.000000,0.000000,0.167883
93,26,00284,rain,924,1,0.000000,1.000000,0.000000,L,1.000000,1.000000,0.000000,0.000000,0.187772
93,26,00284,rain,925,1,0.000000,1.000000,0.000000,L,1.000000,1.000000,0.000000,0.000000,0.105408
93,26,00284,rain,926,1,0.000000,1.000000,0.000000,L,1.000000,1.000000,0.000000,0.000000,0.118558
93,26,00284,rain,927,1,0.000000,1.000000,0.000000,L,1.000000,1.000000,0.000000,0.000000,0.189274
93,26,00284,rain,1012,1,0.000000,1.000000,0.000000,L,1.000000,1.000000,0.000003,0.000000,0.116753
93,26,00284,rain,1013,1,0.000000,1.000000,0.000000,L,1.000000,1.000000,0.000001,0.000000,0.114567
93,26,00284,rain,1014,1,0.000000,1.000000,0.000000,L,1.000000,1.000000,0.000000,0.000000,0.122372
93,26,00284,rain,1015,1,0.000000,1.000000,0.000000,L,1.000000,1.000000,0.000000,0.000000,0.094385
93,26,00284,rain,1016,1,0.000000,1.000000,0.000000,L,1.000000,1.000000,0.000000,0.000000,0.112176
93,26,00284,rain,1105,1,0.000000,1.000000,0.000000,L,1.000000,1.000000,0.000000,0.000000,0.076816
93,26,00284,rain,1106,1,0.000000,1.000000,0.000000,L,1.000000,1.000000,0.000000,0.000000,0.108135
93,26,00284,rain,762,0,0.000000,1.000000,0.000000,L,1.000000,1.000000,0.000000,0.000000,0.174723
93,26,00284,rain,720,0,0.000000,1.000000,0.000000,L,1.000000,1.000000,0.000001,0.000000,0.147767
93,26,00284,rain,1085,0,0.000000,1.000000,0.000000,L,1.000000,1.000000,0.000002,0.000000,0.173421
93,26,00284,rain,1285,0,0.000000,1.000000,0.000000,L,1.000000,1.000000,0.000000,0.000000,0.146544
93,26,00284,rain,1009,0,0.000000,1.000000,0.000000,L,1.000000,1.000000,0.000001,0.000000,0.188663
93,26,00284,rain,57,0,0.000000,1.000000,0.000000,L,1.000000,1.000000,0.000000,0.000000,0.191090
93,26,00284,rain,270,0,0.000000,1.000000,0.000000,L,1.000000,1.000000,0.000000,0.000000,0.167039
93,26,00284,rain,517,0,0.000000,1.000000,0.000000,L,1.000000,1.000000,0.000000,0.000000,0.154857
93,26,00284,rain,1402,0,0.000000,1.000000,0.000000,L,1.000000,1.000000,0.000001,0.000000,0.098405
93,26,00284,rain,387,0,0.000000,1.000000,0.000000,L,1.000000,1.000000,0.000001,0.000000,0.115722
93,26,00284,rain,761,0,0.000000,1.000000,0.000000,L,1.000000,1.000000,0.000000,0.000000,0.107934
93,26,00284,rain,285,0,0.000000,1.000000,0.000000,L,1.000000,1.000000,0.000000,0.000000,0.086014
93,26,00284,rain,787,0,0.000000,1.000000,0.000000,L,1.000000,1.000000,0.000000,0.000000,0.139709
93,26,00284,rain,972,0,0.000000,1.000000,0.000000,L,1.000000,1.000000,0.000000,0.000000,0.126936
93,26,00284,rain,301,0,0.000000,1.000000,0.000000,L,1.000000,1.000000,0.000000,0.000000,0.095806
93,26,00284,rain,675,0,0.000000,1.000000,0.000000,L,1.000000,1.000000,0.000000,0.000000,0.126606
93,26,00284,rain,499,0,0.000000,1.000000,0.000000,L,1.000000,1.000000,0.000000,0.000000,0.124319
93,26,00284,rain,591,0,0.000000,1.000000,0.000000,L,1.000000,1.000000,0.000002,0.000000,0.133388
94,33,00214,rain,1153,1,0.000000,1.000000,0.000000,L,1.000000,1.000000,0.000000,0.000000,0.209349
94,33,00214,rain,1154,1,0.000000,1.000000,0.000000,L,1.000000,1.000000,0.000000,0.000000,0.212231
94,33,00214,rain,1155,1,0.000000,1.000000,0.000000,L,1.000000,1.000000,0.000000,0.000000,0.276980
94,33,00214,rain,1156,1,0.000000,1.000000,0.000000,L,1.000000,1.000000,0.000000,0.000000,0.342682
94,33,00214,rain,1157,1,0.000000,1.000000,0.000000,L,1.000000,1.000000,0.000000,0.000000,0.262192
94,33,00214,rain,1158,1,0.000000,1.000000,0.000000,L,1.000000,1.000000,0.000001,0.000000,0.249981
94,33,00214,rain,1159,1,0.000000,1.000000,0.000000,L,1.000000,1.000000,0.000000,0.000000,0.192652
94,33,00214,rain,1160,1,0.000000,1.000000,0.000000,L,1.000000,1.000000,0.000000,0.000000,0.132839
94,33,00214,rain,1243,1,0.000000,1.000000,0.000000,L,1.000000,1.000000,0.000000,0.000000,0.178662
94,33,00214,rain,1244,1,0.000000,1.000000,0.000000,L,1.000000,1.000000,0.000001,0.000000,0.155931
94,33,00214,rain,1245,1,0.000000,1.000000,0.000000,L,1.000000,1.000000,-0.000000,0.000000,0.403847
94,33,00214,rain,1246,1,0.000000,1.000000,0.000000,L,1.000000,1.000000,-0.000000,0.000000,0.576510
94,33,00214,rain,1247,1,0.000000,1.000000,0.000000,L,1.000000,1.000000,-0.000000,0.000000,0.552307
94,33,00214,rain,1248,1,0.000000,1.000000,0.000000,L,1.000000,1.000000,0.000000,0.000000,0.330067
94,33,00214,rain,1249,1,0.000000,1.000000,0.000000,L,1.000000,1.000000,0.000000,0.000000,0.160052
94,33,00214,rain,1250,1,0.000000,1.000000,0.000000,L,1.000000,1.000000,0.000000,0.000000,0.132747
94,33,00214,rain,1333,1,0.000000,1.000000,0.000000,L,1.000000,1.000000,0.000000,0.000000,0.142405
94,33,00214,rain,1334,1,0.000000,1.000000,0.000000,L,1.000000,1.000000,0.000001,0.000000,0.158083
94,33,00214,rain,1335,1,0.000000,1.000000,0.000000,L,1.000000,1.000000,0.000000,0.000000,0.251663
94,33,00214,rain,1336,1,0.000000,1.000000,0.000000,L,1.000000,1.000000,-0.000000,0.000000,0.445833
94,33,00214,rain,1337,1,0.000000,1.000000,0.000000,L,1.000000,1.000000,-0.000000,0.000000,0.379677
94,33,00214,rain,1338,1,0.000000,1.000000,0.000000,L,1.000000,1.000000,0.000000,0.000000,0.233237
94,33,00214,rain,1339,1,0.000000,1.000000,0.000000,L,1.000000,1.000000,0.000000,0.000000,0.135858
94,33,00214,rain,1340,1,0.000000,1.000000,0.000000,L,1.000000,1.000000,0.000000,0.000000,0.161320
94,33,00214,rain,1423,1,0.000000,1.000000,0.000000,L,1.000000,1.000000,0.000003,0.000000,0.100846
94,33,00214,rain,1424,1,0.000000,1.000000,0.000000,L,1.000000,0.999999,0.000005,0.000000,0.096851
94,33,00214,rain,1425,1,0.000000,1.000000,0.000000,L,1.000000,1.000000,0.000000,0.000000,0.176014
94,33,00214,rain,1426,1,0.000000,1.000000,0.000000,L,1.000000,1.000000,0.000000,0.000000,0.166374
94,33,00214,rain,1427,1,0.000000,1.000000,0.000000,L,1.000000,1.000000,0.000000,0.000000,0.159174
94,33,00214,rain,1428,1,0.000000,1.000000,0.000000,L,1.000000,1.000000,0.000001,0.000000,0.149074
94,33,00214,rain,1429,1,0.000000,1.000000,0.000000,L,1.000000,1.000000,0.000001,0.000000,0.127953
94,33,00214,rain,1430,1,0.000000,1.000000,0.000000,L,1.000000,1.000000,0.000001,0.000000,0.142858
94,33,00214,rain,135,0,0.000000,1.000000,0.000000,L,1.000000,1.000000,0.000001,0.000000,0.200083
94,33,00214,rain,673,0,0.000000,1.000000,0.000000,L,1.000000,1.000000,0.000000,0.000000,0.128067
94,33,00214,rain,113,0,0.000000,1.000000,0.000000,L,1.000000,1.000000,0.000002,0.000000,0.198772
94,33,00214,rain,1297,0,0.000000,1.000000,0.000000,L,1.000000,1.000000,0.000000,0.000000,0.093395
94,33,00214,rain,1091,0,0.000000,1.000000,0.000000,L,1.000000,1.000000,0.000000,0.000000,0.086921
94,33,00214,rain,1308,0,0.000000,1.000000,0.000000,L,1.000000,1.000000,0.000000,0.000000,0.078412
94,33,00214,rain,506,0,0.000000,1.000000,0.000000,L,1.000000,1.000000,0.000000,0.000000,0.082888
94,33,00214,rain,493,0,0.000000,1.000000,0.000000,L,1.000000,1.000000,0.000000,0.000000,0.117443
94,33,00214,rain,53,0,0.000000,1.000000,0.000000,L,1.000000,1.000000,0.000001,0.000000,0.053312
94,33,00214,rain,282,0,0.000000,1.000000,0.000000,L,1.000000,1.000000,0.000001,0.000000,0.124519
94,33,00214,rain,1170,0,0.000000,1.000000,0.000000,L,1.000000,1.000000,0.000000,0.000000,0.137165
94,33,00214,rain,1040,0,0.000000,1.000000,0.000000,L,1.000000,1.000000,0.000000,0.000000,0.094208
94,33,00214,rain,490,0,0.000000,1.000000,0.000000,L,1.000000,1.000000,0.000000,0.000000,0.099903
94,33,00214,rain,1128,0,0.000000,1.000000,0.000000,L,1.000000,1.000000,0.000000,0.000000,0.101352
94,33,00214,rain,801,0,0.000000,1.000000,0.000000,L,1.000000,1.000000,0.000000,0.000000,0.105195
94,33,00214,rain,193,0,0.000000,1.000000,0.000000,L,1.000000,0.999999,0.000005,0.000000,0.145476
94,33,00214,rain,345,0,0.000000,1.000000,0.000000,L,1.000000,1.000000,0.000000,0.000000,0.055259
94,33,00214,rain,1232,0,0.000000,1.000000,0.000000,L,1.000000,1.000000,0.000000,0.000000,0.122924
95,34,00175,rain,900,1,0.000000,1.000000,0.000000,L,1.000000,1.000000,0.000001,0.000000,0.206050
95,34,00175,rain,901,1,0.000000,1.000000,0.000000,L,1.000000,1.000000,0.000000,0.000000,0.212159
95,34,00175,rain,902,1,0.000000,1.000000,0.000000,L,1.000000,1.000000,0.000000,0.000000,0.200475
95,34,00175,rain,903,1,0.000000,1.000000,0.000000,L,1.000000,1.000000,0.000000,0.000000,0.215774
95,34,00175,rain,904,1,0.000000,1.000000,0.000000,L,1.000000,1.000000,0.000002,0.000000,0.229526
95,34,00175,rain,905,1,0.000000,1.000000,0.000000,L,1.000000,1.000000,0.000001,0.000000,0.220286
95,34,00175,rain,990,1,0.000000,1.000000,0.000000,L,1.000000,1.000000,0.000000,0.000000,0.216867
95,34,00175,rain,991,1,0.000000,1.000000,0.000000,L,1.000000,1.000000,0.000000,0.000000,0.227606
95,34,00175,rain,992,1,0.000000,1.000000,0.000000,L,1.000000,1.000000,0.000000,0.000000,0.244135
95,34,00175,rain,993,1,0.000000,1.000000,0.000000,L,1.000000,1.000000,0.000000,0.000000,0.225575
95,34,00175,rain,994,1,0.000000,1.000000,0.000000,L,1.000000,1.000000,0.000001,0.000000,0.226461
95,34,00175,rain,995,1,0.000000,1.000000,0.000000,L,1.000000,1.000000,0.000004,0.000000,0.213466
95,34,00175,rain,1080,1,0.000000,1.000000,0.000000,L,1.000000,1.000000,-0.000000,0.000000,0.403038
95,34,00175,rain,1081,1,0.000000,1.000000,0.000000,L,1.000000,1.000000,-0.000000,0.000000,0.463530
95,34,00175,rain,1082,1,0.000000,1.000000,0.000000,L,1.000000,1.000000,-0.000000,0.000000,0.502285
95,34,00175,rain,1083,1,0.000000,1.000000,0.000000,L,1.000000,1.000000,-0.000000,0.000000,0.447771
95,34,00175,rain,1084,1,0.000000,1.000000,0.000000,L,1.000000,1.000000,0.000000,0.000000,0.328868
95,34,00175,rain,1085,1,0.000000,1.000000,0.000000,L,1.000000,1.000000,0.000000,0.000000,0.232570
95,34,00175,rain,1170,1,0.000000,1.000000,0.000000,L,1.000000,1.000000,0.000000,0.000000,0.226318
95,34,00175,rain,1171,1,0.000000,1.000000,0.000000,L,1.000000,1.000000,0.000000,0.000000,0.229972
95,34,00175,rain,1172,1,0.000000,1.000000,0.000000,L,1.000000,1.000000,0.000000,0.000000,0.309053
95,34,00175,rain,1173,1,0.000000,1.000000,0.000000,L,1.000000,1.000000,0.000000,0.000000,0.230590
95,34,00175,rain,1174,1,0.000000,1.000000,0.000000,L,1.000000,1.000000,0.000000,0.000000,0.203480
95,34,00175,rain,1175,1,0.000000,1.000000,0.000000,L,1.000000,1.000000,0.000000,0.000000,0.199721
95,34,00175,rain,1260,1,0.000000,1.000000,0.000000,L,1.000000,0.999999,0.000006,0.000001,0.165238
95,34,00175,rain,1261,1,0.000000,1.000000,0.000000,L,1.000000,1.000000,0.000001,0.000000,0.179104
95,34,00175,rain,1262,1,0.000000,1.000000,0.000000,L,1.000000,1.000000,0.000000,0.000000,0.191991
95,34,00175,rain,1263,1,0.000000,1.000000,0.000000,L,1.000000,1.000000,0.000000,0.000000,0.171403
95,34,00175,rain,1264,1,0.000000,1.000000,0.000000,L,1.000000,1.000000,0.000000,0.000000,0.183113
95,34,00175,rain,1265,1,0.000000,1.000000,0.000000,L,1.000000,1.000000,0.000000,0.000000,0.151649
95,34,00175,rain,580,0,0.000000,1.000000,0.000000,L,1.000000,1.000000,0.000003,0.000000,0.169790
95,34,00175,rain,103,0,0.000000,1.000000,0.000000,L,1.000000,1.000000,0.000002,0.000000,0.149154
95,34,00175,rain,955,0,0.000000,1.000000,0.000000,L,1.000000,1.000000,0.000000,0.000000,0.113027
95,34,00175,rain,74,0,0.000000,1.000000,0.000000,L,1.000000,0.999999,0.000006,0.000001,0.155281
95,34,00175,rain,1197,0,0.000000,1.000000,0.000000,L,1.000000,1.000000,0.000000,0.000000,0.142721
95,34,00175,rain,211,0,0.000000,1.000000,0.000000,L,1.000000,1.000000,0.000002,0.000000,0.185420
95,34,00175,rain,1154,0,0.000000,1.000000,0.000000,L,1.000000,1.000000,0.000000,0.000000,0.180352
95,34,00175,rain,125,0,0.000000,1.000000,0.000000,L,1.000000,1.000000,0.000004,0.000000,0.141550
95,34,00175,rain,150,0,0.000000,1.000000,0.000000,L,1.000000,1.000000,0.000000,0.000000,0.124893
95,34,00175,rain,78,0,0.000000,1.000000,0.000000,L,1.000000,1.000000,0.000001,0.000000,0.077047
95,34,00175,rain,1095,0,0.000000,1.000000,0.000000,L,1.000000,1.000000,0.000001,0.000000,0.113765
95,34,00175,rain,163,0,0.000000,1.000000,0.000000,L,1.000000,1.000000,0.000000,0.000000,0.347403
95,34,00175,rain,1183,0,0.000000,1.000000,0.000000,L,1.000000,1.000000,0.000004,0.000000,0.160005
95,34,00175,rain,104,0,0.000000,1.000000,0.000000,L,1.000000,1.000000,0.000002,0.000000,0.132406
95,34,00175,rain,108,0,0.000000,1.000000,0.000000,L,1.000000,1.000000,0.000001,0.000000,0.135255
95,34,00175,rain,642,0,0.000001,0.999998,0.000001,L,0.999998,0.999997,0.000021,0.000002,0.165535
95,34,00175,rain,516,0,0.000000,1.000000,0.000000,L,1.000000,1.000000,0.000000,0.000000,0.166004
95,34,00175,rain,605,0,0.000000,1.000000,0.000000,L,1.000000,1.000000,0.000000,0.000000,0.083871
96,30,00123,sleet,283,1,0.000000,1.000000,0.000000,L,1.000000,1.000000,0.000002,0.000000,0.213301
96,30,00123,sleet,284,1,0.000000,1.000000,0.000000,L,1.000000,1.000000,0.000001,0.000000,0.196741
96,30,00123,sleet,373,1,0.000000,1.000000,0.000000,L,1.000000,1.000000,0.000002,0.000000,0.195402
96,30,00123,sleet,374,1,0.000000,1.000000,0.000000,L,1.000000,1.000000,0.000001,0.000000,0.197379
96,30,00123,sleet,375,1,0.000000,1.000000,0.000000,L,1.000000,1.000000,0.000000,0.000000,0.157751
96,30,00123,sleet,463,1,0.000000,1.000000,0.000000,L,1.000000,1.000000,0.000002,0.000000,0.227561
96,30,00123,sleet,464,1,0.000000,1.000000,0.000000,L,1.000000,1.000000,0.000000,0.000000,0.244825
96,30,00123,sleet,465,1,0.000000,1.000000,0.000000,L,1.000000,1.000000,0.000000,0.000000,0.213772
96,30,00123,sleet,553,1,0.000000,1.000000,0.000000,L,1.000000,1.000000,0.000000,0.000000,0.250165
96,30,00123,sleet,554,1,0.000000,1.000000,0.000000,L,1.000000,1.000000,-0.000000,0.000000,0.511752
96,30,00123,sleet,555,1,0.000000,1.000000,0.000000,L,1.000000,1.000000,0.000001,0.000000,0.219870
96,30,00123,sleet,643,1,0.000000,1.000000,0.000000,L,1.000000,1.000000,0.000000,0.000000,0.244408
96,30,00123,sleet,644,1,0.000000,1.000000,0.000000,L,1.000000,1.000000,-0.000000,0.000000,0.501810
96,30,00123,sleet,645,1,0.000000,1.000000,0.000000,L,1.000000,1.000000,0.000000,0.000000,0.288392
96,30,00123,sleet,733,1,0.000000,1.000000,0.000000,L,1.000000,1.000000,0.000000,0.000000,0.247481
96,30,00123,sleet,734,1,0.000000,1.000000,0.000000,L,1.000000,1.000000,0.000000,0.000000,0.308339
96,30,00123,sleet,735,1,0.000000,1.000000,0.000000,L,1.000000,1.000000,0.000000,0.000000,0.275994
96,30,00123,sleet,822,1,0.000000,1.000000,0.000000,L,1.000000,1.000000,0.000000,0.000000,0.194908
96,30,00123,sleet,823,1,0.000000,1.000000,0.000000,L,1.000000,1.000000,0.000001,0.000000,0.223898
96,30,00123,sleet,824,1,0.000000,1.000000,0.000000,L,1.000000,1.000000,0.000002,0.000000,0.200946
96,30,00123,sleet,825,1,0.000000,1.000000,0.000000,L,1.000000,1.000000,0.000002,0.000000,0.174238
96,30,00123,sleet,914,1,0.000000,1.000000,0.000000,L,1.000000,1.000000,0.000002,0.000000,0.179783
96,30,00123,sleet,235,0,0.000000,1.000000,0.000000,L,1.000000,1.000000,0.000000,0.000000,0.145315
96,30,00123,sleet,612,0,0.000000,1.000000,0.000000,L,1.000000,1.000000,0.000000,0.000000,0.128387
96,30,00123,sleet,926,0,0.000000,1.000000,0.000000,L,1.000000,1.000000,0.000001,0.000000,0.132151
96,30,00123,sleet,56,0,0.000000,1.000000,0.000000,L,1.000000,1.000000,0.000001,0.000000,0.086731
96,30,00123,sleet,61,0,0.000000,1.000000,0.000000,L,1.000000,1.000000,0.000001,0.000000,0.051952
96,30,00123,sleet,214,0,0.000000,1.000000,0.000000,L,1.000000,1.000000,0.000002,0.000000,0.135856
96,30,00123,sleet,59,0,0.000000,1.000000,0.000000,L,1.000000,1.000000,0.000001,0.000000,0.050067
96,30,00123,sleet,1242,0,0.000000,1.000000,0.000000,L,1.000000,1.000000,0.000000,0.000000,0.133339
96,30,00123,sleet,1121,0,0.000000,1.000000,0.000000,L,1.000000,1.000000,0.000002,0.000000,0.125035
96,30,00123,sleet,1201,0,0.000000,1.000000,0.000000,L,1.000000,1.000000,0.000000,0.000000,0.114149
96,30,00123,sleet,340,0,0.000000,1.000000,0.000000,L,1.000000,1.000000,0.000000,0.000000,0.142798
96,30,00123,sleet,1233,0,0.000000,1.000000,0.000000,L,1.000000,1.000000,0.000000,0.000000,0.157518
96,30,00123,sleet,65,0,0.000000,1.000000,0.000000,L,1.000000,1.000000,0.000001,0.000000,0.074953
96,30,00123,sleet,1357,0,0.000000,1.000000,0.000000,L,1.000000,1.000000,0.000000,0.000000,0.210284
96,30,00123,sleet,978,0,0.000000,1.000000,0.000000,L,1.000000,1.000000,0.000000,0.000000,0.130145
96,30,00123,sleet,1149,0,0.000000,1.000000,0.000000,L,1.000000,1.000000,0.000000,0.000000,0.134903
96,30,00123,sleet,804,0,0.000000,1.000000,0.000000,L,1.000000,1.000000,0.000000,0.000000,0.125862
96,30,00123,sleet,1002,0,0.000000,1.000000,0.000000,L,1.000000,0.999999,0.000006,0.000000,0.095509
97,30,00171,sleet,552,1,0.000000,1.000000,0.000000,L,1.000000,1.000000,0.000002,0.000000,0.213758
97,30,00171,sleet,553,1,0.000000,1.000000,0.000000,L,1.000000,1.000000,0.000002,0.000000,0.184979
97,30,00171,sleet,554,1,0.000000,1.000000,0.000000,L,1.000000,1.000000,0.000002,0.000000,0.169971
97,30,00171,sleet,642,1,0.000000,1.000000,0.000000,L,1.000000,1.000000,0.000001,0.000000,0.223432
97,30,00171,sleet,643,1,0.000000,1.000000,0.000000,L,1.000000,1.000000,0.000000,0.000000,0.238106
97,30,00171,sleet,644,1,0.000000,1.000000,0.000000,L,1.000000,1.000000,0.000000,0.000000,0.208485
97,30,00171,sleet,732,1,0.000000,1.000000,0.000000,L,1.000000,1.000000,0.000000,0.000000,0.233191
97,30,00171,sleet,733,1,0.000000,1.000000,0.000000,L,1.000000,1.000000,-0.000000,0.000000,0.363249
97,30,00171,sleet,734,1,0.000000,1.000000,0.000000,L,1.000000,1.000000,0.000000,0.000000,0.165517
97,30,00171,sleet,821,1,0.000000,1.000000,0.000000,L,1.000000,1.000000,0.000002,0.000000,0.188109
97,30,00171,sleet,822,1,0.000000,1.000000,0.000000,L,1.000000,1.000000,-0.000000,0.000000,0.443132
97,30,00171,sleet,823,1,0.000000,1.000000,0.000000,L,1.000000,1.000000,-0.000000,0.000000,0.483787
97,30,00171,sleet,824,1,0.000000,1.000000,0.000000,L,1.000000,1.000000,0.000002,0.000000,0.201991
97,30,00171,sleet,911,1,0.000000,1.000000,0.000000,L,1.000000,1.000000,0.000001,0.000000,0.217167
97,30,00171,sleet,912,1,0.000000,1.000000,0.000000,L,1.000000,1.000000,0.000000,0.000000,0.317577
97,30,00171,sleet,913,1,0.000000,1.000000,0.000000,L,1.000000,1.000000,-0.000000,0.000000,0.390806
97,30,00171,sleet,914,1,0.000000,1.000000,0.000000,L,1.000000,1.000000,0.000000,0.000000,0.217997
97,30,00171,sleet,1001,1,0.000000,1.000000,0.000000,L,1.000000,1.000000,0.000001,0.000000,0.225309
97,30,00171,sleet,1002,1,0.000000,1.000000,0.000000,L,1.000000,1.000000,0.000000,0.000000,0.231007
97,30,00171,sleet,1003,1,0.000000,1.000000,0.000000,L,1.000000,1.000000,0.000000,0.000000,0.288928
97,30,00171,sleet,1091,1,0.000000,1.000000,0.000000,L,1.000000,1.000000,0.000001,0.000000,0.209286
97,30,00171,sleet,1092,1,0.000000,1.000000,0.000000,L,1.000000,1.000000,0.000003,0.000000,0.204243
97,30,00171,sleet,1093,1,0.000000,1.000000,0.000000,L,1.000000,1.000000,0.000002,0.000000,0.191171
97,30,00171,sleet,746,0,0.000000,1.000000,0.000000,L,1.000000,1.000000,0.000001,0.000000,0.114913
97,30,00171,sleet,827,0,0.000000,1.000000,0.000000,L,1.000000,1.000000,0.000001,0.000000,0.137450
97,30,00171,sleet,330,0,0.000000,1.000000,0.000000,L,1.000000,1.000000,0.000000,0.000000,0.221514
97,30,00171,sleet,790,0,0.000000,1.000000,0.000000,L,1.000000,1.000000,0.000000,0.000000,0.125210
97,30,00171,sleet,293,0,0.000000,1.000000,0.000000,L,1.000000,1.000000,0.000001,0.000000,0.151041
97,30,00171,sleet,1065,0,0.000000,1.000000,0.000000,L,1.000000,1.000000,0.000000,0.000000,0.144337
97,30,00171,sleet,347,0,0.000000,1.000000,0.000000,L,1.000000,1.000000,0.000000,0.000000,0.114386
97,30,00171,sleet,557,0,0.000000,1.000000,0.000000,L,1.000000,1.000000,0.000000,0.000000,0.180661
97,30,00171,sleet,237,0,0.000000,1.000000,0.000000,L,1.000000,1.000000,0.000000,0.000000,0.134538
97,30,00171,sleet,383,0,0.000000,1.000000,0.000000,L,1.000000,1.000000,0.000001,0.000000,0.169509
97,30,00171,sleet,1214,0,0.000000,1.000000,0.000000,L,1.000000,1.000000,0.000000,0.000000,0.121992
97,30,00171,sleet,517,0,0.000000,1.000000,0.000000,L,1.000000,1.000000,0.000000,0.000000,0.133397
97,30,00171,sleet,1294,0,0.000000,1.000000,0.000000,L,1.000000,1.000000,0.000001,0.000000,0.199723
97,30,00171,sleet,191,0,0.000000,1.000000,0.000000,L,1.000000,1.000000,0.000004,0.000000,0.191956
97,30,00171,sleet,217,0,0.000000,1.000000,0.000000,L,1.000000,1.000000,0.000001,0.000000,0.129782
97,30,00171,sleet,295,0,0.000000,1.000000,0.000000,L,1.000000,1.000000,0.000000,0.000000,0.142851
97,30,00171,sleet,299,0,0.000000,1.000000,0.000000,L,1.000000,1.000000,0.000001,0.000000,0.104918
97,30,00171,sleet,1374,0,0.000000,1.000000,0.000000,L,1.000000,1.000000,0.000002,0.000000,0.209988
98,30,00219,sleet,1363,1,0.000000,1.000000,0.000000,L,1.000000,1.000000,0.000001,0.000000,0.164317
98,30,00219,sleet,1274,1,0.000000,1.000000,0.000000,L,1.000000,1.000000,0.000000,0.000000,0.162635
98,30,00219,sleet,1185,1,0.000000,1.000000,0.000000,L,1.000000,1.000000,0.000000,0.000000,0.178998
98,30,00219,sleet,732,1,0.000000,1.000000,0.000000,L,1.000000,1.000000,0.000002,0.000000,0.165176
98,30,00219,sleet,821,1,0.000000,1.000000,0.000000,L,1.000000,1.000000,0.000001,0.000000,0.220552
98,30,00219,sleet,1181,1,0.000000,1.000000,0.000000,L,1.000000,1.000000,0.000000,0.000000,0.267166
98,30,00219,sleet,1003,1,0.000000,1.000000,0.000000,L,1.000000,1.000000,0.000000,0.000000,0.194049
98,30,00219,sleet,1270,1,0.000000,1.000000,0.000000,L,1.000000,1.000000,0.000002,0.000000,0.191998
98,30,00219,sleet,1091,1,0.000000,1.000000,0.000000,L,1.000000,1.000000,-0.000000,0.000000,0.498338
98,30,00219,sleet,1094,1,0.000000,1.000000,0.000000,L,1.000000,1.000000,0.000001,0.000000,0.196918
98,30,00219,sleet,1095,1,0.000000,1.000000,0.000000,L,1.000000,1.000000,0.000000,0.000000,0.192190
98,30,00219,sleet,911,1,0.000000,1.000000,0.000000,L,1.000000,1.000000,0.000000,0.000000,0.239560
98,30,00219,sleet,913,1,0.000000,1.000000,0.000000,L,1.000000,1.000000,0.000000,0.000000,0.154443
98,30,00219,sleet,822,1,0.000000,1.000000,0.000000,L,1.000000,1.000000,0.000000,0.000000,0.203786
98,30,00219,sleet,1361,1,0.000000,1.000000,0.000000,L,1.000000,1.000000,0.000000,0.000000,0.177650
98,30,00219,sleet,824,1,0.000000,1.000000,0.000000,L,1.000000,1.000000,0.000002,0.000000,0.159616
98,30,00219,sleet,1002,1,0.000000,1.000000,0.000000,L,1.000000,1.000000,-0.000000,0.000000,0.430454
98,30,00219,sleet,1180,1,0.000000,1.000000,0.000000,L,1.000000,1.000000,0.000000,0.000000,0.221214
98,30,00219,sleet,823,1,0.000000,1.000000,0.000000,L,1.000000,1.000000,0.000000,0.000000,0.165458
98,30,00219,sleet,912,1,0.000000,1.000000,0.000000,L,1.000000,1.000000,0.000000,0.000000,0.177560
98,30,00219,sleet,1004,1,0.000000,1.000000,0.000000,L,1.000000,1.000000,0.000000,0.000000,0.181025
98,30,00219,sleet,1275,1,0.000000,1.000000,0.000000,L,1.000000,1.000000,0.000000,0.000000,0.160469
98,30,00219,sleet,1366,1,0.000000,1.000000,0.000000,L,1.000000,1.000000,0.000001,0.000000,0.159355
98,30,00219,sleet,1000,1,0.000000,1.000000,0.000000,L,1.000000,1.000000,0.000003,0.000000,0.226993
98,30,00219,sleet,1097,1,0.000000,1.000000,0.000000,L,1.000000,1.000000,0.000000,0.000000,0.147523
98,30,00219,sleet,1364,1,0.000000,1.000000,0.000000,L,1.000000,1.000000,0.000000,0.000000,0.160973
98,30,00219,sleet,1184,1,0.000000,1.000000,0.000000,L,1.000000,1.000000,0.000001,0.000000,0.193234
98,30,00219,sleet,1005,1,0.000000,1.000000,0.000000,L,1.000000,1.000000,0.000001,0.000000,0.149536
98,30,00219,sleet,1007,1,0.000000,1.000000,0.000000,L,1.000000,1.000000,0.000001,0.000000,0.121001
98,30,00219,sleet,1365,1,0.000000,1.000000,0.000000,L,1.000000,1.000000,0.000001,0.000000,0.143674
98,30,00219,sleet,1276,1,0.000000,1.000000,0.000000,L,1.000000,1.000000,0.000000,0.000000,0.159724
98,30,00219,sleet,1186,1,0.000000,1.000000,0.000000,L,1.000000,1.000000,0.000000,0.000000,0.137197
98,30,00219,sleet,1179,1,0.000000,1.000000,0.000000,L,1.000000,1.000000,0.000003,0.000000,0.220430
98,30,00219,sleet,1090,1,0.000000,1.000000,0.000000,L,1.000000,1.000000,0.000001,0.000000,0.234144
98,30,00219,sleet,1092,1,0.000000,1.000000,0.000000,L,1.000000,1.000000,-0.000000,0.000000,0.396792
98,30,00219,sleet,731,1,0.000000,1.000000,0.000000,L,1.000000,1.000000,0.000001,0.000000,0.211362
98,30,00219,sleet,123,0,0.000000,1.000000,0.000000,L,1.000000,1.000000,0.000001,0.000000,0.119254
98,30,00219,sleet,104,0,0.000000,1.000000,0.000000,L,1.000000,1.000000,0.000001,0.000000,0.125341
98,30,00219,sleet,1405,0,0.000000,1.000000,0.000000,L,1.000000,1.000000,0.000001,0.000000,0.131793
98,30,00219,sleet,327,0,0.000000,1.000000,0.000000,L,1.000000,1.000000,0.000000,0.000000,0.142301
98,30,00219,sleet,770,0,0.000000,1.000000,0.000000,L,1.000000,1.000000,0.000000,0.000000,0.123396
98,30,00219,sleet,279,0,0.000000,1.000000,0.000000,L,1.000000,1.000000,0.000002,0.000000,0.187665
98,30,00219,sleet,289,0,0.000000,1.000000,0.000000,L,1.000000,1.000000,0.000002,0.000000,0.125711
98,30,00219,sleet,239,0,0.000000,1.000000,0.000000,L,1.000000,1.000000,0.000000,0.000000,0.135825
98,30,00219,sleet,901,0,0.000000,1.000000,0.000000,L,1.000000,1.000000,0.000000,0.000000,0.105396
98,30,00219,sleet,996,0,0.000000,1.000000,0.000000,L,1.000000,1.000000,0.000002,0.000000,0.173663
98,30,00219,sleet,1339,0,0.000000,1.000000,0.000000,L,1.000000,1.000000,0.000000,0.000000,0.137454
98,30,00219,sleet,806,0,0.000000,1.000000,0.000000,L,1.000000,1.000000,0.000000,0.000000,0.131666
98,30,00219,sleet,491,0,0.000000,1.000000,0.000000,L,1.000000,1.000000,0.000000,0.000000,0.107181
98,30,00219,sleet,974,0,0.000000,1.000000,0.000000,L,1.000000,1.000000,0.000000,0.000000,0.129800
98,30,00219,sleet,343,0,0.000000,1.000000,0.000000,L,1.000000,1.000000,0.000000,0.000000,0.142482
98,30,00219,sleet,723,0,0.000000,1.000000,0.000000,L,1.000000,1.000000,0.000000,0.000000,0.108995
98,30,00219,sleet,992,0,0.000000,1.000000,0.000000,L,1.000000,1.000000,0.000000,0.000000,0.105085
98,30,00219,sleet,364,0,0.000000,1.000000,0.000000,L,1.000000,1.000000,0.000003,0.000000,0.114573
99,30,00384,sleet,97,1,0.000000,1.000000,0.000000,L,1.000000,1.000000,0.000000,0.000000,0.264806
99,30,00384,sleet,277,1,0.000000,1.000000,0.000000,L,1.000000,1.000000,-0.000000,0.000000,0.584170
99,30,00384,sleet,7,1,0.000000,1.000000,0.000000,L,1.000000,1.000000,0.000000,0.000000,0.246901
99,30,00384,sleet,914,1,0.000000,1.000000,0.000000,L,1.000000,1.000000,0.000001,0.000000,0.201700
99,30,00384,sleet,367,1,0.000000,1.000000,0.000000,L,1.000000,1.000000,-0.000000,0.000000,0.600254
99,30,00384,sleet,548,1,0.000000,1.000000,0.000000,L,1.000000,1.000000,0.000001,0.000000,0.207433
99,30,00384,sleet,644,1,0.000000,1.000000,0.000000,L,1.000000,1.000000,0.000001,0.000000,0.130982
99,30,00384,sleet,732,1,0.000000,1.000000,0.000000,L,1.000000,1.000000,0.000001,0.000000,0.212537
99,30,00384,sleet,824,1,0.000000,1.000000,0.000000,L,1.000000,1.000000,0.000000,0.000000,0.180735
99,30,00384,sleet,1002,1,0.000000,1.000000,0.000000,L,1.000000,1.000000,-0.000000,0.000000,0.387195
99,30,00384,sleet,912,1,0.000000,1.000000,0.000000,L,1.000000,1.000000,-0.000000,0.000000,0.345693
99,30,00384,sleet,638,1,0.000000,1.000000,0.000000,L,1.000000,1.000000,0.000001,0.000000,0.160668
99,30,00384,sleet,186,1,0.000000,1.000000,0.000000,L,1.000000,1.000000,0.000001,0.000000,0.233348
99,30,00384,sleet,546,1,0.000000,1.000000,0.000000,L,1.000000,1.000000,0.000000,0.000000,0.222673
99,30,00384,sleet,457,1,0.000000,1.000000,0.000000,L,1.000000,1.000000,-0.000000,0.000000,0.382211
99,30,00384,sleet,1093,1,0.000000,1.000000,0.000000,L,1.000000,1.000000,-0.000000,0.000000,0.371890
99,30,00384,sleet,9,1,0.000000,1.000000,0.000000,L,1.000000,1.000000,0.000000,0.000000,0.237062
99,30,00384,sleet,1183,1,0.000000,1.000000,0.000000,L,1.000000,1.000000,0.000000,0.000000,0.226089
99,30,00384,sleet,458,1,0.000000,1.000000,0.000000,L,1.000000,1.000000,0.000001,0.000000,0.227466
99,30,00384,sleet,276,1,0.000000,1.000000,0.000000,L,1.000000,1.000000,0.000000,0.000000,0.255923
99,30,00384,sleet,8,1,0.000000,1.000000,0.000000,L,1.000000,1.000000,-0.000000,0.000000,0.398825
99,30,00384,sleet,825,1,0.000000,1.000000,0.000000,L,1.000000,1.000000,0.000000,0.000000,0.176954
99,30,00384,sleet,279,1,0.000000,1.000000,0.000000,L,1.000000,1.000000,0.000002,0.000000,0.236771
99,30,00384,sleet,1001,1,0.000000,1.000000,0.000000,L,1.000000,1.000000,0.000000,0.000000,0.232412
99,30,00384,sleet,545,1,0.000000,1.000000,0.000000,L,1.000000,1.000000,0.000000,0.000000,0.212995
99,30,00384,sleet,98,1,0.000000,1.000000,0.000000,L,1.000000,1.000000,-0.000000,0.000000,0.341404
99,30,00384,sleet,915,1,0.000000,1.000000,0.000000,L,1.000000,1.000000,0.000003,0.000000,0.196267
99,30,00384,sleet,456,1,0.000000,1.000000,0.000000,L,1.000000,1.000000,0.000000,0.000000,0.256419
99,30,00384,sleet,1094,1,0.000000,1.000000,0.000000,L,1.000000,1.000000,0.000000,0.000000,0.348874
99,30,00384,sleet,278,1,0.000000,1.000000,0.000000,L,1.000000,1.000000,-0.000000,0.000000,0.492489
99,30,00384,sleet,735,1,0.000000,1.000000,0.000000,L,1.000000,1.000000,0.000000,0.000000,0.170194
99,30,00384,sleet,366,1,0.000000,1.000000,0.000000,L,1.000000,1.000000,0.000000,0.000000,0.308671
99,30,00384,sleet,365,1,0.000000,1.000000,0.000000,L,1.000000,1.000000,0.000001,0.000000,0.233769
99,30,00384,sleet,1181,1,0.000000,1.000000,0.000000,L,1.000000,1.000000,0.000000,0.000000,0.224354
99,30,00384,sleet,1091,1,0.000000,1.000000,0.000000,L,1.000000,1.000000,0.000001,0.000000,0.224956
99,30,00384,sleet,637,1,0.000000,1.000000,0.000000,L,1.000000,1.000000,0.000003,0.000000,0.192294
99,30,00384,sleet,808,0,0.000000,1.000000,0.000000,L,1.000000,1.000000,0.000000,0.000000,0.129487
99,30,00384,sleet,1100,0,0.000000,1.000000,0.000000,L,1.000000,1.000000,0.000002,0.000000,0.147885
99,30,00384,sleet,1196,0,0.000000,1.000000,0.000000,L,1.000000,1.000000,0.000002,0.000000,0.103226
99,30,00384,sleet,1356,0,0.000000,1.000000,0.000000,L,1.000000,1.000000,0.000001,0.000000,0.194937
99,30,00384,sleet,549,0,0.000000,1.000000,0.000000,L,1.000000,1.000000,0.000001,0.000000,0.190681
99,30,00384,sleet,225,0,0.000000,1.000000,0.000000,L,1.000000,1.000000,0.000000,0.000000,0.132492
99,30,00384,sleet,910,0,0.000000,1.000000,0.000000,L,1.000000,1.000000,0.000001,0.000000,0.164313
99,30,00384,sleet,1008,0,0.000000,1.000000,0.000000,L,1.000000,1.000000,0.000000,0.000000,0.132081
99,30,00384,sleet,1312,0,0.000000,1.000000,0.000000,L,1.000000,1.000000,0.000000,0.000000,0.179545
99,30,00384,sleet,229,0,0.000000,1.000000,0.000000,L,1.000000,1.000000,0.000000,0.000000,0.114014
99,30,00384,sleet,1434,0,0.000000,1.000000,0.000000,L,1.000000,1.000000,0.000001,0.000000,0.132777
99,30,00384,sleet,140,0,0.000000,1.000000,0.000000,L,1.000000,1.000000,0.000001,0.000000,0.065827
99,30,00384,sleet,415,0,0.000000,1.000000,0.000000,L,1.000000,1.000000,0.000000,0.000000,0.151661
99,30,00384,sleet,1259,0,0.000000,1.000000,0.000000,L,1.000000,1.000000,0.000000,0.000000,0.124460
99,30,00384,sleet,974,0,0.000000,1.000000,0.000000,L,1.000000,1.000000,0.000000,0.000000,0.130278
99,30,00384,sleet,517,0,0.000000,1.000000,0.000000,L,1.000000,1.000000,0.000000,0.000000,0.133570
99,30,00384,sleet,132,0,0.000000,1.000000,0.000000,L,1.000000,1.000000,0.000001,0.000000,0.083697
99,30,00384,sleet,1292,0,0.000000,1.000000,0.000000,L,1.000000,1.000000,0.000000,0.000000,0.143823
100,30,00432,sleet,1006,1,0.000000,1.000000,0.000000,L,1.000000,1.000000,0.000000,0.000000,0.228745
100,30,00432,sleet,368,1,0.000000,1.000000,0.000000,L,1.000000,1.000000,0.000001,0.000000,0.232896
100,30,00432,sleet,7,1,0.000000,1.000000,0.000000,L,1.000000,1.000000,0.000000,0.000000,0.224619
100,30,00432,sleet,1277,1,0.000000,1.000000,0.000000,L,1.000000,1.000000,-0.000000,0.000000,0.370474
100,30,00432,sleet,370,1,0.000000,1.000000,0.000000,L,1.000000,1.000000,0.000004,0.000000,0.232111
100,30,00432,sleet,100,1,0.000000,1.000000,0.000000,L,1.000000,1.000000,0.000000,0.000000,0.224907
100,30,00432,sleet,1095,1,0.000000,1.000000,0.000000,L,1.000000,1.000000,0.000000,0.000000,0.230805
100,30,00432,sleet,1094,1,0.000000,1.000000,0.000000,L,1.000000,1.000000,0.000000,0.000000,0.159146
100,30,00432,sleet,99,1,0.000000,1.000000,0.000000,L,1.000000,1.000000,-0.000000,0.000000,0.300661
100,30,00432,sleet,1278,1,0.000000,1.000000,0.000000,L,1.000000,1.000000,0.000000,0.000000,0.190954
100,30,00432,sleet,98,1,0.000000,1.000000,0.000000,L,1.000000,1.000000,0.000000,0.000000,0.227693
100,30,00432,sleet,1365,1,0.000000,1.000000,0.000000,L,1.000000,1.000000,0.000000,0.000000,0.176908
100,30,00432,sleet,188,1,0.000000,1.000000,0.000000,L,1.000000,1.000000,0.000000,0.000000,0.311828
100,30,00432,sleet,914,1,0.000000,1.000000,0.000000,L,1.000000,1.000000,0.000000,0.000000,0.143679
100,30,00432,sleet,1368,1,0.000000,1.000000,0.000000,L,1.000000,1.000000,0.000000,0.000000,0.170949
100,30,00432,sleet,825,1,0.000000,1.000000,0.000000,L,1.000000,1.000000,0.000003,0.000000,0.110558
100,30,00432,sleet,1366,1,0.000000,1.000000,0.000000,L,1.000000,1.000000,0.000000,0.000000,0.200203
100,30,00432,sleet,1005,1,0.000000,1.000000,0.000000,L,1.000000,1.000000,0.000000,0.000000,0.234789
100,30,00432,sleet,826,1,0.000000,1.000000,0.000000,L,1.000000,1.000000,0.000001,0.000000,0.159040
100,30,00432,sleet,1185,1,0.000000,1.000000,0.000000,L,1.000000,1.000000,0.000000,0.000000,0.217195
100,30,00432,sleet,369,1,0.000000,1.000000,0.000000,L,1.000000,0.999999,0.000005,0.000001,0.232871
100,30,00432,sleet,9,1,0.000000,1.000000,0.000000,L,1.000000,1.000000,0.000000,0.000000,0.217667
100,30,00432,sleet,1097,1,0.000000,1.000000,0.000000,L,1.000000,1.000000,0.000000,0.000000,0.312739
100,30,00432,sleet,1276,1,0.000000,1.000000,0.000000,L,1.000000,1.000000,0.000000,0.000000,0.208775
100,30,00432,sleet,827,1,0.000000,1.000000,0.000000,L,1.000000,1.000000,0.000001,0.000000,0.188761
100,30,00432,sleet,187,1,0.000000,1.000000,0.000000,L,1.000000,1.000000,0.000001,0.000000,0.217763
100,30,00432,sleet,1367,1,0.000000,1.000000,0.000000,L,1.000000,1.000000,-0.000000,0.000000,0.298939
100,30,00432,sleet,1188,1,0.000000,1.000000,0.000000,L,1.000000,1.000000,0.000000,0.000000,0.192404
100,30,00432,sleet,1275,1,0.000000,1.000000,0.000000,L,1.000000,1.000000,0.000000,0.000000,0.197547
100,30,00432,sleet,1007,1,0.000000,1.000000,0.000000,L,1.000000,1.000000,0.000000,0.000000,0.216104
100,30,00432,sleet,916,1,0.000000,1.000000,0.000000,L,1.000000,1.000000,0.000002,0.000000,0.154354
100,30,00432,sleet,1187,1,0.000000,1.000000,0.000000,L,1.000000,1.000000,-0.000000,0.000000,0.381302
100,30,00432,sleet,189,1,0.000000,1.000000,0.000000,L,1.000000,1.000000,-0.000000,0.000000,0.469070
100,30,00432,sleet,190,1,0.000000,1.000000,0.000000,L,1.000000,1.000000,0.000000,0.000000,0.321557
100,30,00432,sleet,917,1,0.000000,1.000000,0.000000,L,1.000000,1.000000,0.000001,0.000000,0.189914
100,30,00432,sleet,1096,1,0.000000,1.000000,0.000000,L,1.000000,1.000000,0.000000,0.000000,0.353246
100,30,00432,sleet,981,0,0.000000,1.000000,0.000000,L,1.000000,1.000000,0.000000,0.000000,0.130041
100,30,00432,sleet,1145,0,0.000000,1.000000,0.000000,L,1.000000,1.000000,0.000000,0.000000,0.134188
100,30,00432,sleet,984,0,0.000000,1.000000,0.000000,L,1.000000,1.000000,0.000000,0.000000,0.127488
100,30,00432,sleet,44,0,0.000000,1.000000,0.000000,L,1.000000,1.000000,0.000000,0.000000,0.074183
100,30,00432,sleet,1285,0,0.000000,1.000000,0.000000,L,1.000000,1.000000,0.000000,0.000000,0.113900
100,30,00432,sleet,207,0,0.000000,1.000000,0.000000,L,1.000000,1.000000,0.000000,0.000000,0.159715
100,30,00432,sleet,698,0,0.000000,1.000000,0.000000,L,1.000000,1.000000,0.000000,0.000000,0.129252
100,30,00432,sleet,255,0,0.000000,1.000000,0.000000,L,1.000000,1.000000,0.000000,0.000000,0.135011
100,30,00432,sleet,1341,0,0.000000,1.000000,0.000000,L,1.000000,1.000000,0.000000,0.000000,0.137924
100,30,00432,sleet,921,0,0.000000,1.000000,0.000000,L,1.000000,1.000000,0.000000,0.000000,0.154541
100,30,00432,sleet,1171,0,0.000000,1.000000,0.000000,L,1.000000,1.000000,0.000000,0.000000,0.153208
100,30,00432,sleet,529,0,0.000000,1.000000,0.000000,L,1.000000,1.000000,0.000000,0.000000,0.132870
100,30,00432,sleet,441,0,0.000000,1.000000,0.000000,L,1.000000,1.000000,0.000000,0.000000,0.153427
100,30,00432,sleet,817,0,0.000000,1.000000,0.000000,L,1.000000,1.000000,0.000001,0.000000,0.124913
100,30,00432,sleet,787,0,0.000000,1.000000,0.000000,L,1.000000,1.000000,0.000000,0.000000,0.125182
100,30,00432,sleet,535,0,0.000000,1.000000,0.000000,L,1.000000,1.000000,0.000000,0.000000,0.133066
100,30,00432,sleet,748,0,0.000000,1.000000,0.000000,L,1.000000,1.000000,0.000001,0.000000,0.132569
100,30,00432,sleet,445,0,0.000000,1.000000,0.000000,L,1.000000,1.000000,0.000000,0.000000,0.149601
101,31,00163,sleet,903,1,0.000000,1.000000,0.000000,L,1.000000,1.000000,0.000000,0.000000,0.240713
101,31,00163,sleet,904,1,0.000000,1.000000,0.000000,L,1.000000,1.000000,0.000000,0.000000,0.234093
101,31,00163,sleet,905,1,0.000000,1.000000,0.000000,L,1.000000,1.000000,0.000001,0.000000,0.198561
101,31,00163,sleet,991,1,0.000000,1.000000,0.000000,L,1.000000,1.000000,0.000000,0.000000,0.228144
101,31,00163,sleet,992,1,0.000000,1.000000,0.000000,L,1.000000,1.000000,0.000000,0.000000,0.259952
101,31,00163,sleet,993,1,0.000000,1.000000,0.000000,L,1.000000,1.000000,-0.000000,0.000000,0.367909
101,31,00163,sleet,994,1,0.000000,1.000000,0.000000,L,1.000000,1.000000,-0.000000,0.000000,0.316916
101,31,00163,sleet,995,1,0.000000,1.000000,0.000000,L,1.000000,1.000000,0.000000,0.000000,0.206969
101,31,00163,sleet,1080,1,0.000000,1.000000,0.000000,L,1.000000,1.000000,0.000000,0.000000,0.269173
101,31,00163,sleet,1081,1,0.000000,1.000000,0.000000,L,1.000000,1.000000,0.000000,0.000000,0.290711
101,31,00163,sleet,1082,1,0.000000,1.000000,0.000000,L,1.000000,1.000000,-0.000000,0.000000,0.488026
101,31,00163,sleet,1083,1,0.000000,1.000000,0.000000,L,1.000000,1.000000,-0.000000,0.000000,0.489035
101,31,00163,sleet,1084,1,0.000000,1.000000,0.000000,L,1.000000,1.000000,-0.000000,0.000000,0.433233
101,31,00163,sleet,1085,1,0.000000,1.000000,0.000000,L,1.000000,1.000000,0.000000,0.000000,0.271821
101,31,00163,sleet,1086,1,0.000000,1.000000,0.000000,L,1.000000,1.000000,0.000000,0.000000,0.167718
101,31,00163,sleet,1170,1,0.000000,1.000000,0.000000,L,1.000000,1.000000,-0.000000,0.000000,0.337065
101,31,00163,sleet,1171,1,0.000000,1.000000,0.000000,L,1.000000,1.000000,0.000000,0.000000,0.357920
101,31,00163,sleet,1172,1,0.000000,1.000000,0.000000,L,1.000000,1.000000,-0.000000,0.000000,0.420298
101,31,00163,sleet,1173,1,0.000000,1.000000,0.000000,L,1.000000,1.000000,-0.000000,0.000000,0.441875
101,31,00163,sleet,1174,1,0.000000,1.000000,0.000000,L,1.000000,1.000000,0.000000,0.000000,0.285555
101,31,00163,sleet,1175,1,0.000000,1.000000,0.000000,L,1.000000,1.000000,0.000000,0.000000,0.193423
101,31,00163,sleet,1260,1,0.000000,1.000000,0.000000,L,1.000000,1.000000,0.000000,0.000000,0.287957
101,31,00163,sleet,1261,1,0.000000,1.000000,0.000000,L,1.000000,1.000000,0.000000,0.000000,0.259387
101,31,00163,sleet,1262,1,0.000000,1.000000,0.000000,L,1.000000,1.000000,-0.000000,0.000000,0.326162
101,31,00163,sleet,1263,1,0.000000,1.000000,0.000000,L,1.000000,1.000000,0.000000,0.000000,0.282112
101,31,00163,sleet,1350,1,0.000000,1.000000,0.000000,L,1.000000,1.000000,0.000000,0.000000,0.199471
101,31,00163,sleet,1351,1,0.000000,1.000000,0.000000,L,1.000000,1.000000,0.000000,0.000000,0.215812
101,31,00163,sleet,498,0,0.000000,1.000000,0.000000,L,1.000000,1.000000,0.000000,0.000000,0.143855
101,31,00163,sleet,1357,0,0.000000,1.000000,0.000000,L,1.000000,1.000000,0.000000,0.000000,0.116537
101,31,00163,sleet,660,0,0.000000,1.000000,0.000000,L,1.000000,1.000000,0.000000,0.000000,0.127907
101,31,00163,sleet,1010,0,0.000000,1.000000,0.000000,L,1.000000,1.000000,0.000000,0.000000,0.094631
101,31,00163,sleet,1423,0,0.000000,1.000000,0.000000,L,1.000000,1.000000,0.000001,0.000000,0.130539
101,31,00163,sleet,43,0,0.000000,1.000000,0.000000,L,1.000000,1.000000,0.000002,0.000000,0.048665
101,31,00163,sleet,1097,0,0.000000,1.000000,0.000000,L,1.000000,1.000000,0.000000,0.000000,0.114185
101,31,00163,sleet,719,0,0.000000,1.000000,0.000000,L,1.000000,1.000000,0.000000,0.000000,0.138060
101,31,00163,sleet,100,0,0.000000,1.000000,0.000000,L,1.000000,1.000000,0.000002,0.000000,0.104679
101,31,00163,sleet,411,0,0.000000,1.000000,0.000000,L,1.000000,1.000000,0.000000,0.000000,0.115164
101,31,00163,sleet,931,0,0.000000,1.000000,0.000000,L,1.000000,1.000000,0.000000,0.000000,0.107862
101,31,00163,sleet,820,0,0.000000,1.000000,0.000000,L,1.000000,1.000000,0.000000,0.000000,0.098080
101,31,00163,sleet,894,0,0.000000,1.000000,0.000000,L,1.000000,1.000000,0.000000,0.000000,0.131068
101,31,00163,sleet,1409,0,0.000000,1.000000,0.000000,L,1.000000,1.000000,0.000000,0.000000,0.144011
101,31,00163,sleet,479,0,0.000000,1.000000,0.000000,L,1.000000,1.000000,0.000000,0.000000,0.128630
101,31,00163,sleet,464,0,0.000000,1.000000,0.000000,L,1.000000,1.000000,0.000000,0.000000,0.106941
101,31,00163,sleet,686,0,0.000000,1.000000,0.000000,L,1.000000,1.000000,0.000000,0.000000,0.129827
101,31,00163,sleet,1432,0,0.000000,1.000000,0.000000,L,1.000000,1.000000,0.000001,0.000000,0.133497
102,50,00211,sleet,350,1,0.000000,1.000000,0.000000,L,1.000000,1.000000,0.000000,0.000000,0.180370
102,50,00211,sleet,351,1,0.000000,1.000000,0.000000,L,1.000000,1.000000,0.000000,0.000000,0.175830
102,50,00211,sleet,352,1,0.000000,1.000000,0.000000,L,1.000000,1.000000,0.000000,0.000000,0.179646
102,50,00211,sleet,353,1,0.000000,1.000000,0.000000,L,1.000000,1.000000,0.000000,0.000000,0.230473
102,50,00211,sleet,354,1,0.000000,1.000000,0.000000,L,1.000000,1.000000,0.000000,0.000000,0.198690
102,50,00211,sleet,355,1,0.000000,1.000000,0.000000,L,1.000000,1.000000,0.000000,0.000000,0.176807
102,50,00211,sleet,356,1,0.000000,1.000000,0.000000,L,1.000000,1.000000,0.000000,0.000000,0.121037
102,50,00211,sleet,440,1,0.000000,1.000000,0.000000,L,1.000000,1.000000,0.000000,0.000000,0.170764
102,50,00211,sleet,441,1,0.000000,1.000000,0.000000,L,1.000000,1.000000,0.000000,0.000000,0.233425
102,50,00211,sleet,442,1,0.000000,1.000000,0.000000,L,1.000000,1.000000,0.000000,0.000000,0.237741
102,50,00211,sleet,443,1,0.000000,1.000000,0.000000,L,1.000000,1.000000,0.000001,0.000000,0.257614
102,50,00211,sleet,444,1,0.000000,1.000000,0.000000,L,1.000000,1.000000,0.000000,0.000000,0.233255
102,50,00211,sleet,445,1,0.000000,1.000000,0.000000,L,1.000000,1.000000,0.000000,0.000000,0.221008
102,50,00211,sleet,446,1,0.000000,1.000000,0.000000,L,1.000000,1.000000,0.000000,0.000000,0.202454
102,50,00211,sleet,530,1,0.000000,1.000000,0.000000,L,1.000000,1.000000,0.000000,0.000000,0.147178
102,50,00211,sleet,531,1,0.000000,1.000000,0.000000,L,1.000000,1.000000,0.000000,0.000000,0.166875
102,50,00211,sleet,532,1,0.000000,1.000000,0.000000,L,1.000000,1.000000,0.000000,0.000000,0.178496
102,50,00211,sleet,533,1,0.000000,1.000000,0.000000,L,1.000000,1.000000,0.000000,0.000000,0.197864
102,50,00211,sleet,534,1,0.000000,1.000000,0.000000,L,1.000000,1.000000,0.000000,0.000000,0.199201
102,50,00211,sleet,535,1,0.000000,1.000000,0.000000,L,1.000000,1.000000,0.000000,0.000000,0.127349
102,50,00211,sleet,536,1,0.000000,1.000000,0.000000,L,1.000000,1.000000,0.000000,0.000000,0.127434
102,50,00211,sleet,620,1,0.000000,1.000000,0.000000,L,1.000000,1.000000,0.000000,0.000000,0.114038
102,50,00211,sleet,621,1,0.000000,1.000000,0.000000,L,1.000000,1.000000,0.000000,0.000000,0.123087
102,50,00211,sleet,622,1,0.000000,1.000000,0.000000,L,1.000000,1.000000,0.000000,0.000000,0.146024
102,50,00211,sleet,623,1,0.000000,1.000000,0.000000,L,1.000000,1.000000,0.000000,0.000000,0.214008
102,50,00211,sleet,624,1,0.000000,1.000000,0.000000,L,1.000000,1.000000,0.000000,0.000000,0.216756
102,50,00211,sleet,625,1,0.000000,1.000000,0.000000,L,1.000000,1.000000,0.000000,0.000000,0.164163
102,50,00211,sleet,626,1,0.000000,1.000000,0.000000,L,1.000000,1.000000,0.000000,0.000000,0.110993
102,50,00211,sleet,259,0,0.000000,1.000000,0.000000,L,1.000000,1.000000,0.000000,0.000000,0.108034
102,50,00211,sleet,1025,0,0.000000,1.000000,0.000000,L,1.000000,1.000000,0.000000,0.000000,0.085855
102,50,00211,sleet,582,0,0.000000,1.000000,0.000000,L,1.000000,1.000000,0.000000,0.000000,0.076834
102,50,00211,sleet,549,0,0.000000,1.000000,0.000000,L,1.000000,1.000000,0.000000,0.000000,0.092589
102,50,00211,sleet,1376,0,0.000000,1.000000,0.000000,L,1.000000,1.000000,0.000000,0.000000,0.074166
102,50,00211,sleet,265,0,0.000000,1.000000,0.000000,L,1.000000,1.000000,0.000000,0.000000,0.163452
102,50,00211,sleet,1253,0,0.000000,1.000000,0.000000,L,1.000000,1.000000,0.000000,0.000000,0.076656
102,50,00211,sleet,1407,0,0.000000,1.000000,0.000000,L,1.000000,1.000000,0.000000,0.000000,0.098647
102,50,00211,sleet,1171,0,0.000000,1.000000,0.000000,L,1.000000,1.000000,0.000001,0.000000,0.144998
102,50,00211,sleet,227,0,0.000000,1.000000,0.000000,L,1.000000,1.000000,0.000000,0.000000,0.065192
102,50,00211,sleet,73,0,0.000000,1.000000,0.000000,L,1.000000,1.000000,0.000001,0.000000,0.054483
102,50,00211,sleet,996,0,0.000000,1.000000,0.000000,L,1.000000,1.000000,0.000002,0.000000,0.118706
102,50,00211,sleet,524,0,0.000000,1.000000,0.000000,L,1.000000,1.000000,0.000000,0.000000,0.068931
102,50,00211,sleet,236,0,0.000000,1.000000,0.000000,L,1.000000,1.000000,0.000000,0.000000,0.082926
102,50,00211,sleet,790,0,0.000000,1.000000,0.000000,L,1.000000,1.000000,0.000000,0.000000,0.154264
102,50,00211,sleet,201,0,0.000000,1.000000,0.000000,L,1.000000,1.000000,0.000004,0.000000,0.134859
102,50,00211,sleet,17,0,0.000000,1.000000,0.000000,L,1.000000,1.000000,0.000000,0.000000,0.180959
102,50,00211,sleet,1424,0,0.000000,1.000000,0.000000,L,1.000000,1.000000,0.000000,0.000000,0.127462
103,50,00259,sleet,65,1,0.000000,1.000000,0.000000,L,1.000000,1.000000,0.000002,0.000000,0.079400
103,50,00259,sleet,66,1,0.000000,1.000000,0.000000,L,1.000000,1.000000,0.000002,0.000000,0.097911
103,50,00259,sleet,67,1,0.000000,1.000000,0.000000,L,1.000000,1.000000,0.000001,0.000000,0.116225
103,50,00259,sleet,68,1,0.000000,1.000000,0.000000,L,1.000000,1.000000,0.000000,0.000000,0.120567
103,50,00259,sleet,69,1,0.000000,1.000000,0.000000,L,1.000000,1.000000,0.000001,0.000000,0.147420
103,50,00259,sleet,70,1,0.000000,1.000000,0.000000,L,1.000000,1.000000,0.000001,0.000000,0.108941
103,50,00259,sleet,71,1,0.000000,1.000000,0.000000,L,1.000000,1.000000,0.000001,0.000000,0.080680
103,50,00259,sleet,155,1,0.000000,1.000000,0.000000,L,1.000000,1.000000,0.000001,0.000000,0.114749
103,50,00259,sleet,156,1,0.000000,1.000000,0.000000,L,1.000000,1.000000,0.000000,0.000000,0.167045
103,50,00259,sleet,157,1,0.000000,1.000000,0.000000,L,1.000000,1.000000,0.000000,0.000000,0.234032
103,50,00259,sleet,158,1,0.000000,1.000000,0.000000,L,1.000000,1.000000,0.000000,0.000000,0.318586
103,50,00259,sleet,159,1,0.000000,1.000000,0.000000,L,1.000000,1.000000,0.000000,0.000000,0.318449
103,50,00259,sleet,160,1,0.000000,1.000000,0.000000,L,1.000000,1.000000,0.000001,0.000000,0.145008
103,50,00259,sleet,161,1,0.000000,1.000000,0.000000,L,1.000000,1.000000,0.000001,0.000000,0.076975
103,50,00259,sleet,245,1,0.000000,1.000000,0.000000,L,1.000000,1.000000,0.000000,0.000000,0.207045
103,50,00259,sleet,246,1,0.000000,1.000000,0.000000,L,1.000000,1.000000,0.000000,0.000000,0.236094
103,50,00259,sleet,247,1,0.000000,1.000000,0.000000,L,1.000000,1.000000,-0.000000,0.000000,0.519113
103,50,00259,sleet,248,1,0.000000,1.000000,0.000000,L,1.000000,1.000000,-0.000000,0.000000,0.464833
103,50,00259,sleet,249,1,0.000000,1.000000,0.000000,L,1.000000,1.000000,0.000000,0.000000,0.352880
103,50,00259,sleet,250,1,0.000000,1.000000,0.000000,L,1.000000,1.000000,0.000000,0.000000,0.212401
103,50,00259,sleet,251,1,0.000000,1.000000,0.000000,L,1.000000,1.000000,0.000000,0.000000,0.115850
103,50,00259,sleet,335,1,0.000000,1.000000,0.000000,L,1.000000,0.999999,0.000007,0.000000,0.134485
103,50,00259,sleet,336,1,0.000000,1.000000,0.000000,L,1.000000,1.000000,0.000001,0.000000,0.208798
103,50,00259,sleet,337,1,0.000000,1.000000,0.000000,L,1.000000,1.000000,0.000000,0.000000,0.249406
103,50,00259,sleet,338,1,0.000000,1.000000,0.000000,L,1.000000,1.000000,0.000000,0.000000,0.225048
103,50,00259,sleet,339,1,0.000000,1.000000,0.000000,L,1.000000,1.000000,0.000000,0.000000,0.244452
103,50,00259,sleet,340,1,0.000000,1.000000,0.000000,L,1.000000,1.000000,0.000000,0.000000,0.183688
103,50,00259,sleet,341,1,0.000000,1.000000,0.000000,L,1.000000,1.000000,0.000000,0.000000,0.105856
103,50,00259,sleet,647,0,0.000000,1.000000,0.000000,L,1.000000,1.000000,0.000000,0.000000,0.091062
103,50,00259,sleet,1230,0,0.000000,1.000000,0.000000,L,1.000000,1.000000,0.000000,0.000000,0.107534
103,50,00259,sleet,183,0,0.000000,1.000000,0.000000,L,1.000000,1.000000,0.000003,0.000000,0.181378
103,50,00259,sleet,646,0,0.000000,1.000000,0.000000,L,1.000000,1.000000,0.000000,0.000000,0.122673
103,50,00259,sleet,589,0,0.000000,1.000000,0.000000,L,1.000000,1.000000,0.000000,0.000000,0.075617
103,50,00259,sleet,702,0,0.000000,1.000000,0.000000,L,1.000000,1.000000,0.000000,0.000000,0.093788
103,50,00259,sleet,25,0,0.000000,1.000000,0.000000,L,1.000000,1.000000,0.000001,0.000000,0.054523
103,50,00259,sleet,1136,0,0.000000,1.000000,0.000000,L,1.000000,1.000000,0.000000,0.000000,0.129642
103,50,00259,sleet,536,0,0.000000,1.000000,0.000000,L,1.000000,1.000000,0.000000,0.000000,0.079546
103,50,00259,sleet,730,0,0.000000,1.000000,0.000000,L,1.000000,1.000000,0.000000,0.000000,0.056932
103,50,00259,sleet,981,0,0.000000,1.000000,0.000000,L,1.000000,1.000000,0.000000,0.000000,0.061226
103,50,00259,sleet,318,0,0.000000,1.000000,0.000000,L,1.000000,1.000000,0.000000,0.000000,0.069021
103,50,00259,sleet,111,0,0.000000,1.000000,0.000000,L,1.000000,1.000000,0.000001,0.000000,0.051220
103,50,00259,sleet,560,0,0.000000,1.000000,0.000000,L,1.000000,1.000000,0.000000,0.000000,0.070170
103,50,00259,sleet,1310,0,0.000000,1.000000,0.000000,L,1.000000,1.000000,0.000000,0.000000,0.111787
103,50,00259,sleet,823,0,0.000000,1.000000,0.000000,L,1.000000,1.000000,0.000000,0.000000,0.089591
103,50,00259,sleet,278,0,0.000000,1.000000,0.000000,L,1.000000,1.000000,0.000000,0.000000,0.073486
103,50,00259,sleet,772,0,0.000000,1.000000,0.000000,L,1.000000,1.000000,0.000000,0.000000,0.106293
104,50,00456,sleet,183,1,0.000000,1.000000,0.000000,L,1.000000,0.999999,0.000006,0.000001,0.219343
104,50,00456,sleet,323,1,0.000000,1.000000,0.000000,L,1.000000,1.000000,-0.000000,0.000000,0.730975
104,50,00456,sleet,182,1,0.000000,1.000000,0.000000,L,1.000000,0.999999,0.000006,0.000001,0.225283
104,50,00456,sleet,501,1,0.000001,0.999999,0.000000,L,0.999999,0.999999,0.000010,0.000001,0.174349
104,50,00456,sleet,232,1,0.000000,1.000000,0.000000,L,1.000000,1.000000,0.000000,0.000000,0.223659
104,50,00456,sleet,181,1,0.000000,1.000000,0.000000,L,1.000000,1.000000,0.000003,0.000000,0.220719
104,50,00456,sleet,417,1,0.000000,1.000000,0.000000,L,1.000000,1.000000,0.000000,0.000000,0.171016
104,50,00456,sleet,180,1,0.000000,1.000000,0.000000,L,1.000000,1.000000,0.000000,0.000000,0.213660
104,50,00456,sleet,361,1,0.000000,1.000000,0.000000,L,1.000000,1.000000,-0.000000,0.000000,0.632318
104,50,00456,sleet,416,1,0.000000,1.000000,0.000000,L,1.000000,1.000000,0.000000,0.000000,0.228403
104,50,00456,sleet,362,1,0.000000,1.000000,0.000000,L,1.000000,1.000000,-0.000000,0.000000,0.653588
104,50,00456,sleet,324,1,0.000000,1.000000,0.000000,L,1.000000,1.000000,-0.000000,0.000000,0.763450
104,50,00456,sleet,185,1,0.000000,1.000000,0.000000,L,1.000000,1.000000,0.000000,0.000000,0.225556
104,50,00456,sleet,325,1,0.000000,1.000000,0.000000,L,1.000000,1.000000,0.000000,0.000000,0.422339
104,50,00456,sleet,411,1,0.000000,1.000000,0.000000,L,1.000000,1.000000,0.000001,0.000000,0.256991
104,50,00456,sleet,274,1,0.000000,1.000000,0.000000,L,1.000000,1.000000,0.000000,0.000000,0.254581
104,50,00456,sleet,364,1,0.000000,1.000000,0.000000,L,1.000000,1.000000,0.000000,0.000000,0.238875
104,50,00456,sleet,270,1,0.000000,1.000000,0.000000,L,1.000000,1.000000,0.000000,0.000000,0.322545
104,50,00456,sleet,236,1,0.000000,1.000000,0.000000,L,1.000000,1.000000,0.000000,0.000000,0.159803
104,50,00456,sleet,184,1,0.000000,1.000000,0.000000,L,1.000000,1.000000,0.000000,0.000000,0.222332
104,50,00456,sleet,233,1,0.000000,1.000000,0.000000,L,1.000000,1.000000,0.000000,0.000000,0.275358
104,50,00456,sleet,322,1,0.000000,1.000000,0.000000,L,1.000000,1.000000,0.000000,0.000000,0.437301
104,50,00456,sleet,455,1,0.000000,1.000000,0.000000,L,1.000000,1.000000,0.000000,0.000000,0.195802
104,50,00456,sleet,502,1,0.000000,1.000000,0.000000,L,1.000000,1.000000,0.000000,0.000000,0.212612
104,50,00456,sleet,365,1,0.000000,1.000000,0.000000,L,1.000000,1.000000,0.000000,0.000000,0.243554
104,50,00456,sleet,360,1,0.000000,1.000000,0.000000,L,1.000000,1.000000,0.000000,0.000000,0.268957
104,50,00456,sleet,234,1,0.000000,1.000000,0.000000,L,1.000000,1.000000,0.000000,0.000000,0.264935
104,50,00456,sleet,321,1,0.000000,1.000000,0.000000,L,1.000000,1.000000,0.000001,0.000000,0.259387
104,50,00456,sleet,507,1,0.000000,1.000000,0.000000,L,1.000000,1.000000,0.000000,0.000000,0.131492
104,50,00456,sleet,412,1,0.000000,1.000000,0.000000,L,1.000000,1.000000,0.000000,0.000000,0.391389
104,50,00456,sleet,450,1,0.000000,1.000000,0.000000,L,1.000000,1.000000,0.000001,0.000000,0.216542
104,50,00456,sleet,271,1,0.000000,1.000000,0.000000,L,1.000000,1.000000,-0.000000,0.000000,0.666423
104,50,00456,sleet,413,1,0.000000,1.000000,0.000000,L,1.000000,1.000000,-0.000000,0.000000,0.692737
104,50,00456,sleet,504,1,0.000000,1.000000,0.000000,L,1.000000,1.000000,0.000000,0.000000,0.231035
104,50,00456,sleet,506,1,0.000000,1.000000,0.000000,L,1.000000,1.000000,0.000000,0.000000,0.155367
104,50,00456,sleet,272,1,0.000000,1.000000,0.000000,L,1.000000,1.000000,-0.000000,0.000000,0.814127
104,50,00456,sleet,140,0,0.000000,1.000000,0.000000,L,1.000000,1.000000,0.000001,0.000000,0.118115
104,50,00456,sleet,423,0,0.000000,1.000000,0.000000,L,1.000000,1.000000,0.000000,0.000000,0.158335
104,50,00456,sleet,623,0,0.000000,1.000000,0.000000,L,1.000000,1.000000,0.000000,0.000000,0.083449
104,50,00456,sleet,2,0,0.000000,1.000000,0.000000,L,1.000000,1.000000,0.000003,0.000000,0.142263
104,50,00456,sleet,1235,0,0.000000,1.000000,0.000000,L,1.000000,1.000000,0.000000,0.000000,0.097675
104,50,00456,sleet,1100,0,0.000000,1.000000,0.000000,L,1.000000,1.000000,0.000001,0.000000,0.126198
104,50,00456,sleet,108,0,0.000000,1.000000,0.000000,L,1.000000,1.000000,0.000001,0.000000,0.124762
104,50,00456,sleet,678,0,0.000000,1.000000,0.000000,L,1.000000,1.000000,0.000000,0.000000,0.138539
104,50,00456,sleet,1175,0,0.000000,1.000000,0.000000,L,1.000000,1.000000,0.000004,0.000000,0.151342
104,50,00456,sleet,552,0,0.000000,1.000000,0.000000,L,1.000000,1.000000,0.000000,0.000000,0.106718
104,50,00456,sleet,204,0,0.000000,1.000000,0.000000,L,1.000000,1.000000,0.000000,0.000000,0.129432
104,50,00456,sleet,517,0,0.000000,1.000000,0.000000,L,1.000000,1.000000,0.000000,0.000000,0.083392
104,50,00456,sleet,1119,0,0.000000,1.000000,0.000000,L,1.000000,1.000000,0.000000,0.000000,0.134063
104,50,00456,sleet,1310,0,0.000000,1.000000,0.000000,L,1.000000,1.000000,0.000000,0.000000,0.101747
104,50,00456,sleet,404,0,0.000000,1.000000,0.000000,L,1.000000,1.000000,0.000000,0.000000,0.145547
104,50,00456,sleet,1126,0,0.000000,1.000000,0.000000,L,1.000000,1.000000,0.000000,0.000000,0.136624
104,50,00456,sleet,944,0,0.000000,1.000000,0.000000,L,1.000000,1.000000,0.000000,0.000000,0.131002
104,50,00456,sleet,1068,0,0.000000,1.000000,0.000000,L,1.000000,1.000000,0.000000,0.000000,0.131237
105,50,00504,sleet,212,1,0.000000,1.000000,0.000000,L,1.000000,1.000000,0.000001,0.000000,0.184042
105,50,00504,sleet,213,1,0.000000,1.000000,0.000000,L,1.000000,1.000000,0.000001,0.000000,0.182853
105,50,00504,sleet,214,1,0.000000,1.000000,0.000000,L,1.000000,1.000000,0.000002,0.000000,0.215018
105,50,00504,sleet,215,1,0.000000,1.000000,0.000000,L,1.000000,0.999999,0.000005,0.000001,0.235133
105,50,00504,sleet,216,1,0.000000,1.000000,0.000000,L,1.000000,0.999999,0.000005,0.000001,0.229804
105,50,00504,sleet,217,1,0.000000,1.000000,0.000000,L,1.000000,1.000000,0.000001,0.000000,0.223566
105,50,00504,sleet,218,1,0.000000,1.000000,0.000000,L,1.000000,1.000000,0.000000,0.000000,0.170851
105,50,00504,sleet,302,1,0.000000,1.000000,0.000000,L,1.000000,1.000000,0.000000,0.000000,0.273120
105,50,00504,sleet,303,1,0.000000,1.000000,0.000000,L,1.000000,1.000000,0.000001,0.000000,0.257809
105,50,00504,sleet,304,1,0.000000,1.000000,0.000000,L,1.000000,1.000000,-0.000000,0.000000,0.481423
105,50,00504,sleet,305,1,0.000000,1.000000,0.000000,L,1.000000,1.000000,-0.000000,0.000000,0.711680
105,50,00504,sleet,306,1,0.000000,1.000000,0.000000,L,1.000000,1.000000,-0.000000,0.000000,0.674973
105,50,00504,sleet,307,1,0.000000,1.000000,0.000000,L,1.000000,1.000000,0.000000,0.000000,0.325314
105,50,00504,sleet,308,1,0.000000,1.000000,0.000000,L,1.000000,1.000000,0.000000,0.000000,0.231002
105,50,00504,sleet,392,1,0.000000,1.000000,0.000000,L,1.000000,1.000000,0.000000,0.000000,0.250958
105,50,00504,sleet,393,1,0.000000,1.000000,0.000000,L,1.000000,1.000000,0.000000,0.000000,0.271885
105,50,00504,sleet,394,1,0.000000,1.000000,0.000000,L,1.000000,1.000000,-0.000000,0.000000,0.606914
105,50,00504,sleet,395,1,0.000000,1.000000,0.000000,L,1.000000,1.000000,-0.000000,0.000000,0.863832
105,50,00504,sleet,396,1,0.000000,1.000000,0.000000,L,1.000000,1.000000,-0.000000,0.000000,0.807853
105,50,00504,sleet,397,1,0.000000,1.000000,0.000000,L,1.000000,1.000000,-0.000000,0.000000,0.431303
105,50,00504,sleet,398,1,0.000000,1.000000,0.000000,L,1.000000,1.000000,0.000000,0.000000,0.246140
105,50,00504,sleet,482,1,0.000000,1.000000,0.000000,L,1.000000,1.000000,0.000000,0.000000,0.169804
105,50,00504,sleet,483,1,0.000000,1.000000,0.000000,L,1.000000,1.000000,0.000001,0.000000,0.213313
105,50,00504,sleet,484,1,0.000000,1.000000,0.000000,L,1.000000,1.000000,0.000002,0.000000,0.221301
105,50,00504,sleet,485,1,0.000000,1.000000,0.000000,L,1.000000,1.000000,0.000000,0.000000,0.244395
105,50,00504,sleet,486,1,0.000000,1.000000,0.000000,L,1.000000,1.000000,0.000000,0.000000,0.250479
105,50,00504,sleet,487,1,0.000000,1.000000,0.000000,L,1.000000,1.000000,0.000000,0.000000,0.239425
105,50,00504,sleet,488,1,0.000000,1.000000,0.000000,L,1.000000,1.000000,0.000000,0.000000,0.225035
105,50,00504,sleet,499,0,0.000000,1.000000,0.000000,L,1.000000,1.000000,0.000000,0.000000,0.078711
105,50,00504,sleet,1043,0,0.000000,1.000000,0.000000,L,1.000000,1.000000,0.000000,0.000000,0.140064
105,50,00504,sleet,917,0,0.000000,1.000000,0.000000,L,1.000000,1.000000,0.000002,0.000000,0.170510
105,50,00504,sleet,597,0,0.000000,1.000000,0.000000,L,1.000000,1.000000,0.000000,0.000000,0.095325
105,50,00504,sleet,1206,0,0.000000,1.000000,0.000000,L,1.000000,1.000000,0.000000,0.000000,0.081205
105,50,00504,sleet,426,0,0.000000,1.000000,0.000000,L,1.000000,1.000000,0.000000,0.000000,0.100389
105,50,00504,sleet,600,0,0.000000,1.000000,0.000000,L,1.000000,1.000000,0.000000,0.000000,0.102331
105,50,00504,sleet,1423,0,0.000000,1.000000,0.000000,L,1.000000,1.000000,0.000001,0.000000,0.132079
105,50,00504,sleet,232,0,0.000000,1.000000,0.000000,L,1.000000,1.000000,0.000000,0.000000,0.066124
105,50,00504,sleet,1075,0,0.000000,1.000000,0.000000,L,1.000000,1.000000,0.000000,0.000000,0.129148
105,50,00504,sleet,696,0,0.000000,1.000000,0.000000,L,1.000000,1.000000,0.000000,0.000000,0.216604
105,50,00504,sleet,1008,0,0.000000,1.000000,0.000000,L,1.000000,1.000000,0.000001,0.000000,0.173552
105,50,00504,sleet,1341,0,0.000000,1.000000,0.000000,L,1.000000,1.000000,0.000000,0.000000,0.127272
105,50,00504,sleet,1354,0,0.000000,1.000000,0.000000,L,1.000000,1.000000,0.000000,0.000000,0.121594
105,50,00504,sleet,142,0,0.000000,1.000000,0.000000,L,1.000000,1.000000,0.000001,0.000000,0.058545
105,50,00504,sleet,766,0,0.000000,1.000000,0.000000,L,1.000000,1.000000,0.000000,0.000000,0.089280
105,50,00504,sleet,714,0,0.000000,1.000000,0.000000,L,1.000000,1.000000,0.000000,0.000000,0.082426
105,50,00504,sleet,869,0,0.000000,1.000000,0.000000,L,1.000000,1.000000,0.000000,0.000000,0.065844
106,50,00552,sleet,193,1,0.000000,1.000000,0.000000,L,1.000000,1.000000,0.000001,0.000000,0.232676
106,50,00552,sleet,194,1,0.000000,1.000000,0.000000,L,1.000000,1.000000,0.000000,0.000000,0.244493
106,50,00552,sleet,195,1,0.000000,1.000000,0.000000,L,1.000000,1.000000,0.000001,0.000000,0.276226
106,50,00552,sleet,196,1,0.000000,1.000000,0.000000,L,1.000000,1.000000,0.000000,0.000000,0.286881
106,50,00552,sleet,197,1,0.000000,1.000000,0.000000,L,1.000000,1.000000,0.000001,0.000000,0.245231
106,50,00552,sleet,198,1,0.000000,1.000000,0.000000,L,1.000000,1.000000,0.000000,0.000000,0.228064
106,50,00552,sleet,199,1,0.000000,1.000000,0.000000,L,1.000000,1.000000,0.000000,0.000000,0.135660
106,50,00552,sleet,283,1,0.000000,1.000000,0.000000,L,1.000000,1.000000,0.000000,0.000000,0.298840
106,50,00552,sleet,284,1,0.000000,1.000000,0.000000,L,1.000000,1.000000,-0.000000,0.000000,0.504456
106,50,00552,sleet,285,1,0.000000,1.000000,0.000000,L,1.000000,1.000000,-0.000000,0.000000,0.833538
106,50,00552,sleet,286,1,0.000000,1.000000,0.000000,L,1.000000,1.000000,-0.000000,0.000000,0.892235
106,50,00552,sleet,287,1,0.000000,1.000000,0.000000,L,1.000000,1.000000,-0.000000,0.000000,0.609457
106,50,00552,sleet,288,1,0.000000,1.000000,0.000000,L,1.000000,1.000000,0.000000,0.000000,0.283912
106,50,00552,sleet,289,1,0.000000,1.000000,0.000000,L,1.000000,1.000000,0.000000,0.000000,0.171147
106,50,00552,sleet,373,1,0.000000,1.000000,0.000000,L,1.000000,1.000000,0.000000,0.000000,0.277015
106,50,00552,sleet,374,1,0.000000,1.000000,0.000000,L,1.000000,1.000000,0.000000,0.000000,0.285175
106,50,00552,sleet,375,1,0.000000,1.000000,0.000000,L,1.000000,1.000000,-0.000000,0.000000,0.584982
106,50,00552,sleet,376,1,0.000000,1.000000,0.000000,L,1.000000,1.000000,-0.000000,0.000000,0.626996
106,50,00552,sleet,377,1,0.000000,1.000000,0.000000,L,1.000000,1.000000,0.000000,0.000000,0.417099
106,50,00552,sleet,378,1,0.000000,1.000000,0.000000,L,1.000000,1.000000,0.000000,0.000000,0.272170
106,50,00552,sleet,379,1,0.000000,1.000000,0.000000,L,1.000000,1.000000,0.000000,0.000000,0.134724
106,50,00552,sleet,463,1,0.000000,1.000000,0.000000,L,1.000000,1.000000,0.000000,0.000000,0.181723
106,50,00552,sleet,464,1,0.000000,1.000000,0.000000,L,1.000000,1.000000,0.000001,0.000000,0.226111
106,50,00552,sleet,465,1,0.000000,1.000000,0.000000,L,1.000000,1.000000,0.000000,0.000000,0.248565
106,50,00552,sleet,466,1,0.000000,1.000000,0.000000,L,1.000000,1.000000,0.000000,0.000000,0.239847
106,50,00552,sleet,467,1,0.000000,1.000000,0.000000,L,1.000000,1.000000,0.000000,0.000000,0.208531
106,50,00552,sleet,468,1,0.000000,1.000000,0.000000,L,1.000000,1.000000,0.000000,0.000000,0.140803
106,50,00552,sleet,469,1,0.000000,1.000000,0.000000,L,1.000000,1.000000,0.000000,0.000000,0.097091
106,50,00552,sleet,333,0,0.000000,1.000000,0.000000,L,1.000000,1.000000,0.000000,0.000000,0.104264
106,50,00552,sleet,178,0,0.000000,1.000000,0.000000,L,1.000000,1.000000,0.000000,0.000000,0.100165
106,50,00552,sleet,36,0,0.000000,1.000000,0.000000,L,1.000000,1.000000,0.000001,0.000000,0.119686
106,50,00552,sleet,534,0,0.000000,1.000000,0.000000,L,1.000000,1.000000,0.000000,0.000000,0.124916
106,50,00552,sleet,600,0,0.000000,1.000000,0.000000,L,1.000000,1.000000,0.000000,0.000000,0.122990
106,50,00552,sleet,909,0,0.000000,1.000000,0.000000,L,1.000000,1.000000,0.000000,0.000000,0.185073
106,50,00552,sleet,1149,0,0.000000,1.000000,0.000000,L,1.000000,1.000000,0.000000,0.000000,0.077217
106,50,00552,sleet,960,0,0.000000,1.000000,0.000000,L,1.000000,1.000000,0.000000,0.000000,0.090243
106,50,00552,sleet,1277,0,0.000000,1.000000,0.000000,L,1.000000,1.000000,0.000002,0.000000,0.072140
106,50,00552,sleet,1285,0,0.000000,1.000000,0.000000,L,1.000000,1.000000,0.000000,0.000000,0.135395
106,50,00552,sleet,328,0,0.000000,1.000000,0.000000,L,1.000000,1.000000,0.000000,0.000000,0.184238
106,50,00552,sleet,676,0,0.000000,1.000000,0.000000,L,1.000000,1.000000,0.000000,0.000000,0.103033
106,50,00552,sleet,1208,0,0.000000,1.000000,0.000000,L,1.000000,1.000000,0.000000,0.000000,0.132774
106,50,00552,sleet,68,0,0.000000,1.000000,0.000000,L,1.000000,1.000000,0.000001,0.000000,0.063046
106,50,00552,sleet,17,0,0.000000,1.000000,0.000000,L,1.000000,1.000000,0.000001,0.000000,0.138884
106,50,00552,sleet,436,0,0.000000,1.000000,0.000000,L,1.000000,1.000000,0.000000,0.000000,0.109172
106,50,00552,sleet,1108,0,0.000000,1.000000,0.000000,L,1.000000,1.000000,0.000000,0.000000,0.215455
106,50,00552,sleet,14,0,0.000000,1.000000,0.000000,L,1.000000,1.000000,0.000000,0.000000,0.127918
107,51,00237,sleet,424,1,0.000000,1.000000,0.000000,L,1.000000,1.000000,0.000000,0.000000,0.233595
107,51,00237,sleet,425,1,0.000000,1.000000,0.000000,L,1.000000,1.000000,0.000000,0.000000,0.239379
107,51,00237,sleet,426,1,0.000000,1.000000,0.000000,L,1.000000,1.000000,0.000000,0.000000,0.242544
107,51,00237,sleet,427,1,0.000000,1.000000,0.000000,L,1.000000,1.000000,0.000000,0.000000,0.318881
107,51,00237,sleet,428,1,0.000000,1.000000,0.000000,L,1.000000,1.000000,0.000000,0.000000,0.290967
107,51,00237,sleet,429,1,0.000000,1.000000,0.000000,L,1.000000,1.000000,0.000001,0.000000,0.274943
107,51,00237,sleet,430,1,0.000000,1.000000,0.000000,L,1.000000,1.000000,0.000000,0.000000,0.226098
107,51,00237,sleet,514,1,0.000000,1.000000,0.000000,L,1.000000,1.000000,0.000000,0.000000,0.316049
107,51,00237,sleet,515,1,0.000000,1.000000,0.000000,L,1.000000,1.000000,0.000000,0.000000,0.293451
107,51,00237,sleet,516,1,0.000000,1.000000,0.000000,L,1.000000,1.000000,0.000000,0.000000,0.426896
107,51,00237,sleet,517,1,0.000000,1.000000,0.000000,L,1.000000,1.000000,0.000000,0.000000,0.635961
107,51,00237,sleet,518,1,0.000000,1.000000,0.000000,L,1.000000,1.000000,0.000000,0.000000,0.667944
107,51,00237,sleet,519,1,0.000000,1.000000,0.000000,L,1.000000,1.000000,0.000000,0.000000,0.469729
107,51,00237,sleet,520,1,0.000000,1.000000,0.000000,L,1.000000,1.000000,0.000000,0.000000,0.271112
107,51,00237,sleet,604,1,0.000000,1.000000,0.000000,L,1.000000,1.000000,0.000000,0.000000,0.297992
107,51,00237,sleet,605,1,0.000000,1.000000,0.000000,L,1.000000,1.000000,0.000000,0.000000,0.344365
107,51,00237,sleet,606,1,0.000000,1.000000,0.000000,L,1.000000,1.000000,0.000000,0.000000,0.395368
107,51,00237,sleet,607,1,0.000000,1.000000,0.000000,L,1.000000,1.000000,0.000000,0.000000,0.745217
107,51,00237,sleet,608,1,0.000000,1.000000,0.000000,L,1.000000,1.000000,0.000000,0.000000,0.746191
107,51,00237,sleet,609,1,0.000000,1.000000,0.000000,L,1.000000,1.000000,0.000000,0.000000,0.435470
107,51,00237,sleet,610,1,0.000000,1.000000,0.000000,L,1.000000,1.000000,0.000000,0.000000,0.270719
107,51,00237,sleet,694,1,0.000000,1.000000,0.000000,L,1.000000,1.000000,0.000000,0.000000,0.126677
107,51,00237,sleet,695,1,0.000000,1.000000,0.000000,L,1.000000,1.000000,0.000000,0.000000,0.222640
107,51,00237,sleet,696,1,0.000000,1.000000,0.000000,L,1.000000,1.000000,0.000000,0.000000,0.275375
107,51,00237,sleet,697,1,0.000000,1.000000,0.000000,L,1.000000,1.000000,0.000000,0.000000,0.567917
107,51,00237,sleet,698,1,0.000000,1.000000,0.000000,L,1.000000,1.000000,0.000000,0.000000,0.497985
107,51,00237,sleet,699,1,0.000000,1.000000,0.000000,L,1.000000,1.000000,0.000000,0.000000,0.339033
107,51,00237,sleet,700,1,0.000000,1.000000,0.000000,L,1.000000,1.000000,0.000000,0.000000,0.151593
107,51,00237,sleet,466,0,0.000000,1.000000,0.000000,L,1.000000,1.000000,0.000000,0.000000,0.092967
107,51,00237,sleet,688,0,0.000000,1.000000,0.000000,L,1.000000,1.000000,0.000000,0.000000,0.095865
107,51,00237,sleet,1099,0,0.000000,1.000000,0.000000,L,1.000000,1.000000,0.000000,0.000000,0.065058
107,51,00237,sleet,847,0,0.000000,1.000000,0.000000,L,1.000000,1.000000,0.000000,0.000000,0.132354
107,51,00237,sleet,1148,0,0.000000,1.000000,0.000000,L,1.000000,1.000000,0.000000,0.000000,0.064230
107,51,00237,sleet,980,0,0.000000,1.000000,0.000000,L,1.000000,1.000000,0.000000,0.000000,0.080688
107,51,00237,sleet,968,0,0.000000,1.000000,0.000000,L,1.000000,1.000000,0.000000,0.000000,0.075833
107,51,00237,sleet,376,0,0.000000,1.000000,0.000000,L,1.000000,1.000000,0.000000,0.000000,0.093911
107,51,00237,sleet,1296,0,0.000000,1.000000,0.000000,L,1.000000,1.000000,0.000000,0.000000,0.138205
107,51,00237,sleet,1165,0,0.000000,1.000000,0.000000,L,1.000000,1.000000,0.000000,0.000000,0.076954
107,51,00237,sleet,147,0,0.000000,1.000000,0.000000,L,1.000000,1.000000,0.000001,0.000000,0.094263
107,51,00237,sleet,808,0,0.000000,1.000000,0.000000,L,1.000000,1.000000,0.000000,0.000000,0.150300
107,51,00237,sleet,803,0,0.000000,1.000000,0.000000,L,1.000000,1.000000,0.000000,0.000000,0.079190
107,51,00237,sleet,1230,0,0.000000,1.000000,0.000000,L,1.000000,1.000000,0.000000,0.000000,0.107153
107,51,00237,sleet,367,0,0.000000,1.000000,0.000000,L,1.000000,1.000000,0.000000,0.000000,0.143922
107,51,00237,sleet,1146,0,0.000000,1.000000,0.000000,L,1.000000,1.000000,0.000000,0.000000,0.061806
107,51,00237,sleet,675,0,0.000000,1.000000,0.000000,L,1.000000,1.000000,0.000000,0.000000,0.129942
107,51,00237,sleet,364,0,0.000000,1.000000,0.000000,L,1.000000,1.000000,0.000000,0.000000,0.191696
108,51,00286,sleet,184,1,0.000000,1.000000,0.000000,L,1.000000,1.000000,0.000001,0.000000,0.224071
108,51,00286,sleet,364,1,0.000000,1.000000,0.000000,L,1.000000,1.000000,-0.000000,0.000000,0.853049
108,51,00286,sleet,452,1,0.000000,1.000000,0.000000,L,1.000000,1.000000,0.000003,0.000000,0.233853
108,51,00286,sleet,656,1,0.000000,1.000000,0.000000,L,1.000000,1.000000,0.000000,0.000000,0.091644
108,51,00286,sleet,183,1,0.000000,1.000000,0.000000,L,1.000000,1.000000,0.000001,0.000000,0.219493
108,51,00286,sleet,386,1,0.000000,1.000000,0.000000,L,1.000000,1.000000,0.000001,0.000000,0.269022
108,51,00286,sleet,477,1,0.000000,1.000000,0.000000,L,1.000000,1.000000,0.000000,0.000000,0.266293
108,51,00286,sleet,182,1,0.000000,1.000000,0.000000,L,1.000000,1.000000,0.000001,0.000000,0.219016
108,51,00286,sleet,658,1,0.000000,1.000000,0.000000,L,1.000000,1.000000,0.000000,0.000000,0.114844
108,51,00286,sleet,659,1,0.000000,1.000000,0.000000,L,1.000000,1.000000,0.000000,0.000000,0.131472
108,51,00286,sleet,454,1,0.000000,1.000000,0.000000,L,1.000000,1.000000,0.000000,0.000000,0.251271
108,51,00286,sleet,571,1,0.000000,1.000000,0.000000,L,1.000000,1.000000,0.000000,0.000000,0.089079
108,51,00286,sleet,655,1,0.000000,1.000000,0.000000,L,1.000000,1.000000,0.000000,0.000000,0.053574
108,51,00286,sleet,271,1,0.000000,1.000000,0.000000,L,1.000000,1.000000,0.000000,0.000000,0.257935
108,51,00286,sleet,186,1,0.000000,1.000000,0.000000,L,1.000000,1.000000,0.000000,0.000000,0.167474
108,51,00286,sleet,362,1,0.000000,1.000000,0.000000,L,1.000000,1.000000,-0.000000,0.000000,0.564172
108,51,00286,sleet,276,1,0.000000,1.000000,0.000000,L,1.000000,1.000000,0.000000,0.000000,0.250256
108,51,00286,sleet,480,1,0.000000,1.000000,0.000000,L,1.000000,1.000000,0.000000,0.000000,0.246534
108,51,00286,sleet,481,1,0.000000,1.000000,0.000000,L,1.000000,1.000000,0.000000,0.000000,0.199407
108,51,00286,sleet,569,1,0.000000,1.000000,0.000000,L,1.000000,1.000000,0.000000,0.000000,0.155226
108,51,00286,sleet,277,1,0.000000,1.000000,0.000000,L,1.000000,1.000000,0.000000,0.000000,0.209413
108,51,00286,sleet,187,1,0.000000,1.000000,0.000000,L,1.000000,1.000000,0.000000,0.000000,0.145098
108,51,00286,sleet,661,1,0.000000,1.000000,0.000000,L,1.000000,1.000000,0.000000,0.000000,0.077507
108,51,00286,sleet,389,1,0.000000,1.000000,0.000000,L,1.000000,1.000000,0.000001,0.000000,0.504948
108,51,00286,sleet,367,1,0.000000,1.000000,0.000000,L,1.000000,1.000000,0.000000,0.000000,0.237400
108,51,00286,sleet,366,1,0.000000,1.000000,0.000000,L,1.000000,1.000000,0.000000,0.000000,0.266044
108,51,00286,sleet,274,1,0.000000,1.000000,0.000000,L,1.000000,1.000000,-0.000000,0.000000,0.580003
108,51,00286,sleet,456,1,0.000000,1.000000,0.000000,L,1.000000,1.000000,0.000000,0.000000,0.217377
108,51,00286,sleet,451,1,0.000000,1.000000,0.000000,L,1.000000,1.000000,0.000000,0.000000,0.235130
108,51,00286,sleet,475,1,0.000000,1.000000,0.000000,L,1.000000,1.000000,0.000000,0.000000,0.153679
108,51,00286,sleet,657,1,0.000000,1.000000,0.000000,L,1.000000,1.000000,0.000000,0.000000,0.147402
108,51,00286,sleet,565,1,0.000000,1.000000,0.000000,L,1.000000,1.000000,0.000000,0.000000,0.069387
108,51,00286,sleet,567,1,0.000000,1.000000,0.000000,L,1.000000,1.000000,0.000000,0.000000,0.153652
108,51,00286,sleet,478,1,0.000000,1.000000,0.000000,L,1.000000,1.000000,0.000000,0.000000,0.292662
108,51,00286,sleet,453,1,0.000000,1.000000,0.000000,L,1.000000,1.000000,0.000001,0.000000,0.245282
108,51,00286,sleet,457,1,0.000000,1.000000,0.000000,L,1.000000,1.000000,0.000000,0.000000,0.118116
108,51,00286,sleet,1303,0,0.000000,1.000000,0.000000,L,1.000000,1.000000,0.000000,0.000000,0.115392
108,51,00286,sleet,310,0,0.000000,1.000000,0.000000,L,1.000000,1.000000,0.000000,0.000000,0.127721
108,51,00286,sleet,343,0,0.000000,1.000000,0.000000,L,1.000000,1.000000,0.000000,0.000000,0.097680
108,51,00286,sleet,90,0,0.000000,1.000000,0.000000,L,1.000000,1.000000,0.000001,0.000000,0.155209
108,51,00286,sleet,1119,0,0.000000,1.000000,0.000000,L,1.000000,1.000000,0.000000,0.000000,0.130998
108,51,00286,sleet,631,0,0.000000,1.000000,0.000000,L,1.000000,1.000000,0.000001,0.000000,0.202548
108,51,00286,sleet,1215,0,0.000000,1.000000,0.000000,L,1.000000,1.000000,0.000000,0.000000,0.106191
108,51,00286,sleet,350,0,0.000000,1.000000,0.000000,L,1.000000,1.000000,0.000000,0.000000,0.183856
108,51,00286,sleet,809,0,0.000000,1.000000,0.000000,L,1.000000,1.000000,0.000000,0.000000,0.090036
108,51,00286,sleet,823,0,0.000000,1.000000,0.000000,L,1.000000,1.000000,0.000000,0.000000,0.101449
108,51,00286,sleet,382,0,0.000000,1.000000,0.000000,L,1.000000,1.000000,0.000001,0.000000,0.254480
108,51,00286,sleet,914,0,0.000000,1.000000,0.000000,L,1.000000,1.000000,0.000000,0.000000,0.093789
108,51,00286,sleet,1436,0,0.000000,1.000000,0.000000,L,1.000000,1.000000,0.000001,0.000000,0.132794
108,51,00286,sleet,129,0,0.000000,1.000000,0.000000,L,1.000000,1.000000,0.000001,0.000000,0.126178
108,51,00286,sleet,945,0,0.000000,1.000000,0.000000,L,1.000000,1.000000,0.000000,0.000000,0.097296
108,51,00286,sleet,1051,0,0.000000,1.000000,0.000000,L,1.000000,1.000000,0.000000,0.000000,0.078094
108,51,00286,sleet,346,0,0.000000,1.000000,0.000000,L,1.000000,1.000000,0.000000,0.000000,0.155082
108,51,00286,sleet,1040,0,0.000000,1.000000,0.000000,L,1.000000,1.000000,0.000000,0.000000,0.108238
109,52,00181,sleet,680,1,0.000000,1.000000,0.000000,L,1.000000,1.000000,0.000000,0.000000,0.150984
109,52,00181,sleet,681,1,0.000000,1.000000,0.000000,L,1.000000,1.000000,0.000000,0.000000,0.181926
109,52,00181,sleet,682,1,0.000000,1.000000,0.000000,L,1.000000,1.000000,0.000000,0.000000,0.257200
109,52,00181,sleet,683,1,0.000000,1.000000,0.000000,L,1.000000,1.000000,0.000000,0.000000,0.264854
109,52,00181,sleet,684,1,0.000000,1.000000,0.000000,L,1.000000,1.000000,0.000000,0.000000,0.253225
109,52,00181,sleet,685,1,0.000000,1.000000,0.000000,L,1.000000,1.000000,0.000000,0.000000,0.209544
109,52,00181,sleet,686,1,0.000000,1.000000,0.000000,L,1.000000,1.000000,0.000000,0.000000,0.103277
109,52,00181,sleet,770,1,0.000000,1.000000,0.000000,L,1.000000,1.000000,0.000000,0.000000,0.185537
109,52,00181,sleet,771,1,0.000000,1.000000,0.000000,L,1.000000,1.000000,0.000000,0.000000,0.276724
109,52,00181,sleet,772,1,0.000000,1.000000,0.000000,L,1.000000,1.000000,0.000000,0.000000,0.484290
109,52,00181,sleet,773,1,0.000000,1.000000,0.000000,L,1.000000,1.000000,0.000000,0.000000,0.541941
109,52,00181,sleet,774,1,0.000000,1.000000,0.000000,L,1.000000,1.000000,0.000001,0.000000,0.619077
109,52,00181,sleet,775,1,0.000000,1.000000,0.000000,L,1.000000,1.000000,0.000000,0.000000,0.397056
109,52,00181,sleet,776,1,0.000000,1.000000,0.000000,L,1.000000,1.000000,0.000000,0.000000,0.285313
109,52,00181,sleet,860,1,0.000000,1.000000,0.000000,L,1.000000,1.000000,0.000000,0.000000,0.158996
109,52,00181,sleet,861,1,0.000000,1.000000,0.000000,L,1.000000,1.000000,0.000000,0.000000,0.301993
109,52,00181,sleet,862,1,0.000000,1.000000,0.000000,L,1.000000,1.000000,0.000000,0.000000,0.334517
109,52,00181,sleet,863,1,0.000000,1.000000,0.000000,L,1.000000,1.000000,0.000000,0.000000,0.414016
109,52,00181,sleet,864,1,0.000000,1.000000,0.000000,L,1.000000,1.000000,0.000000,0.000000,0.490730
109,52,00181,sleet,865,1,0.000000,1.000000,0.000000,L,1.000000,1.000000,0.000000,0.000000,0.314417
109,52,00181,sleet,866,1,0.000000,1.000000,0.000000,L,1.000000,1.000000,0.000000,0.000000,0.249676
109,52,00181,sleet,950,1,0.000000,1.000000,0.000000,L,1.000000,1.000000,0.000000,0.000000,0.092843
109,52,00181,sleet,951,1,0.000000,1.000000,0.000000,L,1.000000,1.000000,0.000000,0.000000,0.088621
109,52,00181,sleet,952,1,0.000000,1.000000,0.000000,L,1.000000,1.000000,0.000000,0.000000,0.097838
109,52,00181,sleet,953,1,0.000000,1.000000,0.000000,L,1.000000,1.000000,0.000000,0.000000,0.142045
109,52,00181,sleet,954,1,0.000000,1.000000,0.000000,L,1.000000,1.000000,0.000000,0.000000,0.151588
109,52,00181,sleet,955,1,0.000000,1.000000,0.000000,L,1.000000,1.000000,0.000000,0.000000,0.158226
109,52,00181,sleet,956,1,0.000000,1.000000,0.000000,L,1.000000,1.000000,0.000000,0.000000,0.186368
109,52,00181,sleet,931,0,0.000000,1.000000,0.000000,L,1.000000,1.000000,0.000000,0.000000,0.124055
109,52,00181,sleet,919,0,0.000000,1.000000,0.000000,L,1.000000,1.000000,0.000000,0.000000,0.144767
109,52,00181,sleet,216,0,0.000000,1.000000,0.000000,L,1.000000,1.000000,0.000000,0.000000,0.142625
109,52,00181,sleet,1040,0,0.000000,1.000000,0.000000,L,1.000000,1.000000,0.000000,0.000000,0.101954
109,52,00181,sleet,319,0,0.000000,1.000000,0.000000,L,1.000000,1.000000,0.000000,0.000000,0.073447
109,52,00181,sleet,242,0,0.000000,1.000000,0.000000,L,1.000000,1.000000,0.000000,0.000000,0.065500
109,52,00181,sleet,528,0,0.000000,1.000000,0.000000,L,1.000000,1.000000,0.000000,0.000000,0.133732
109,52,00181,sleet,4,0,0.000000,1.000000,0.000000,L,1.000000,1.000000,0.000003,0.000000,0.180773
109,52,00181,sleet,88,0,0.000000,1.000000,0.000000,L,1.000000,1.000000,0.000002,0.000000,0.118344
109,52,00181,sleet,472,0,0.000000,1.000000,0.000000,L,1.000000,1.000000,0.000000,0.000000,0.082062
109,52,00181,sleet,819,0,0.000000,1.000000,0.000000,L,1.000000,1.000000,0.000000,0.000000,0.141012
109,52,00181,sleet,1233,0,0.000000,1.000000,0.000000,L,1.000000,1.000000,0.000000,0.000000,0.118622
109,52,00181,sleet,102,0,0.000000,1.000000,0.000000,L,1.000000,1.000000,0.000002,0.000000,0.145268
109,52,00181,sleet,110,0,0.000000,1.000000,0.000000,L,1.000000,1.000000,0.000001,0.000000,0.094528
109,52,00181,sleet,1159,0,0.000000,1.000000,0.000000,L,1.000000,1.000000,0.000000,0.000000,0.092378
109,52,00181,sleet,1038,0,0.000000,1.000000,0.000000,L,1.000000,1.000000,0.000000,0.000000,0.086888
109,52,00181,sleet,616,0,0.000000,1.000000,0.000000,L,1.000000,1.000000,0.000000,0.000000,0.233819
109,52,00181,sleet,743,0,0.000000,1.000000,0.000000,L,1.000000,1.000000,0.000000,0.000000,0.129638
110,52,00229,sleet,675,1,0.000000,1.000000,0.000000,L,1.000000,1.000000,0.000000,0.000000,0.227922
110,52,00229,sleet,676,1,0.000000,1.000000,0.000000,L,1.000000,1.000000,0.000000,0.000000,0.229869
110,52,00229,sleet,677,1,0.000000,1.000000,0.000000,L,1.000000,1.000000,0.000000,0.000000,0.257218
110,52,00229,sleet,678,1,0.000000,1.000000,0.000000,L,1.000000,1.000000,0.000000,0.000000,0.258045
110,52,00229,sleet,679,1,0.000000,1.000000,0.000000,L,1.000000,1.000000,0.000000,0.000000,0.232255
110,52,00229,sleet,680,1,0.000000,1.000000,0.000000,L,1.000000,1.000000,0.000000,0.000000,0.122365
110,52,00229,sleet,681,1,0.000000,1.000000,0.000000,L,1.000000,1.000000,0.000000,0.000000,0.085206
110,52,00229,sleet,765,1,0.000000,1.000000,0.000000,L,1.000000,1.000000,0.000000,0.000000,0.277004
110,52,00229,sleet,766,1,0.000000,1.000000,0.000000,L,1.000000,1.000000,0.000000,0.000000,0.381235
110,52,00229,sleet,767,1,0.000000,1.000000,0.000000,L,1.000000,1.000000,-0.000000,0.000000,0.663303
110,52,00229,sleet,768,1,0.000000,1.000000,0.000000,L,1.000000,1.000000,-0.000000,0.000000,0.750458
110,52,00229,sleet,769,1,0.000000,1.000000,0.000000,L,1.000000,1.000000,-0.000000,0.000000,0.565363
110,52,00229,sleet,770,1,0.000000,1.000000,0.000000,L,1.000000,1.000000,0.000000,0.000000,0.237020
110,52,00229,sleet,771,1,0.000000,1.000000,0.000000,L,1.000000,1.000000,0.000000,0.000000,0.095543
110,52,00229,sleet,855,1,0.000000,1.000000,0.000000,L,1.000000,1.000000,0.000001,0.000000,0.263467
110,52,00229,sleet,856,1,0.000000,1.000000,0.000000,L,1.000000,1.000000,0.000000,0.000000,0.313201
110,52,00229,sleet,857,1,0.000000,1.000000,0.000000,L,1.000000,1.000000,0.000000,0.000000,0.535202
110,52,00229,sleet,858,1,0.000000,1.000000,0.000000,L,1.000000,1.000000,-0.000000,0.000000,0.634081
110,52,00229,sleet,859,1,0.000000,1.000000,0.000000,L,1.000000,1.000000,-0.000000,0.000000,0.487227
110,52,00229,sleet,860,1,0.000000,1.000000,0.000000,L,1.000000,1.000000,0.000000,0.000000,0.244345
110,52,00229,sleet,861,1,0.000000,1.000000,0.000000,L,1.000000,1.000000,0.000000,0.000000,0.133079
110,52,00229,sleet,945,1,0.000000,0.999999,0.000000,L,0.999999,0.999999,0.000009,0.000001,0.196453
110,52,00229,sleet,946,1,0.000000,1.000000,0.000000,L,1.000000,1.000000,0.000002,0.000000,0.208535
110,52,00229,sleet,947,1,0.000000,1.000000,0.000000,L,1.000000,1.000000,0.000000,0.000000,0.233113
110,52,00229,sleet,948,1,0.000000,1.000000,0.000000,L,1.000000,1.000000,0.000000,0.000000,0.228056
110,52,00229,sleet,949,1,0.000000,1.000000,0.000000,L,1.000000,1.000000,0.000000,0.000000,0.207985
110,52,00229,sleet,950,1,0.000000,1.000000,0.000000,L,1.000000,1.000000,0.000000,0.000000,0.193928
110,52,00229,sleet,951,1,0.000000,1.000000,0.000000,L,1.000000,1.000000,0.000000,0.000000,0.125597
110,52,00229,sleet,430,0,0.000000,1.000000,0.000000,L,1.000000,1.000000,0.000000,0.000000,0.098993
110,52,00229,sleet,76,0,0.000000,1.000000,0.000000,L,1.000000,1.000000,0.000001,0.000000,0.120032
110,52,00229,sleet,334,0,0.000000,1.000000,0.000000,L,1.000000,1.000000,0.000000,0.000000,0.173647
110,52,00229,sleet,176,0,0.000000,1.000000,0.000000,L,1.000000,1.000000,0.000001,0.000000,0.128413
110,52,00229,sleet,608,0,0.000000,1.000000,0.000000,L,1.000000,1.000000,0.000000,0.000000,0.092198
110,52,00229,sleet,1389,0,0.000000,1.000000,0.000000,L,1.000000,1.000000,0.000001,0.000000,0.133575
110,52,00229,sleet,1221,0,0.000000,1.000000,0.000000,L,1.000000,1.000000,0.000000,0.000000,0.073788
110,52,00229,sleet,206,0,0.000000,1.000000,0.000000,L,1.000000,1.000000,0.000000,0.000000,0.136485
110,52,00229,sleet,548,0,0.000000,1.000000,0.000000,L,1.000000,1.000000,0.000000,0.000000,0.234045
110,52,00229,sleet,586,0,0.000000,1.000000,0.000000,L,1.000000,1.000000,0.000000,0.000000,0.117533
110,52,00229,sleet,842,0,0.000000,1.000000,0.000000,L,1.000000,1.000000,0.000000,0.000000,0.132161
110,52,00229,sleet,1320,0,0.000000,1.000000,0.000000,L,1.000000,1.000000,0.000000,0.000000,0.138302
110,52,00229,sleet,1115,0,0.000000,1.000000,0.000000,L,1.000000,1.000000,0.000000,0.000000,0.135236
110,52,00229,sleet,701,0,0.000000,1.000000,0.000000,L,1.000000,1.000000,0.000000,0.000000,0.068337
110,52,00229,sleet,1052,0,0.000000,1.000000,0.000000,L,1.000000,1.000000,0.000000,0.000000,0.131208
110,52,00229,sleet,661,0,0.000000,1.000000,0.000000,L,1.000000,1.000000,0.000000,0.000000,0.130016
110,52,00229,sleet,1312,0,0.000000,1.000000,0.000000,L,1.000000,1.000000,0.000000,0.000000,0.087708
110,52,00229,sleet,582,0,0.000000,1.000000,0.000000,L,1.000000,1.000000,0.000000,0.000000,0.144850
111,52,00277,sleet,679,1,0.000000,1.000000,0.000000,L,1.000000,1.000000,0.000000,0.000000,0.104385
111,52,00277,sleet,680,1,0.000000,1.000000,0.000000,L,1.000000,1.000000,0.000000,0.000000,0.239892
111,52,00277,sleet,681,1,0.000000,1.000000,0.000000,L,1.000000,1.000000,0.000000,0.000000,0.314401
111,52,00277,sleet,682,1,0.000000,1.000000,0.000000,L,1.000000,1.000000,0.000000,0.000000,0.333449
111,52,00277,sleet,683,1,0.000000,1.000000,0.000000,L,1.000000,1.000000,0.000000,0.000000,0.236119
111,52,00277,sleet,684,1,0.000000,1.000000,0.000000,L,1.000000,1.000000,0.000000,0.000000,0.136782
111,52,00277,sleet,685,1,0.000000,1.000000,0.000000,L,1.000000,1.000000,0.000000,0.000000,0.111042
111,52,00277,sleet,768,1,0.000000,1.000000,0.000000,L,1.000000,1.000000,0.000000,0.000000,0.213713
111,52,00277,sleet,769,1,0.000000,1.000000,0.000000,L,1.000000,1.000000,0.000000,0.000000,0.257799
111,52,00277,sleet,770,1,0.000000,1.000000,0.000000,L,1.000000,1.000000,0.000000,0.000000,0.355328
111,52,00277,sleet,771,1,0.000000,1.000000,0.000000,L,1.000000,1.000000,0.000000,0.000000,0.555920
111,52,00277,sleet,772,1,0.000000,1.000000,0.000000,L,1.000000,1.000000,0.000000,0.000000,0.573534
111,52,00277,sleet,773,1,0.000000,1.000000,0.000000,L,1.000000,1.000000,0.000000,0.000000,0.362217
111,52,00277,sleet,774,1,0.000000,1.000000,0.000000,L,1.000000,1.000000,0.000000,0.000000,0.239092
111,52,00277,sleet,775,1,0.000000,1.000000,0.000000,L,1.000000,1.000000,0.000000,0.000000,0.135024
111,52,00277,sleet,858,1,0.000000,1.000000,0.000000,L,1.000000,1.000000,0.000001,0.000000,0.184870
111,52,00277,sleet,859,1,0.000000,1.000000,0.000000,L,1.000000,1.000000,0.000001,0.000000,0.243654
111,52,00277,sleet,860,1,0.000000,1.000000,0.000000,L,1.000000,1.000000,0.000000,0.000000,0.403725
111,52,00277,sleet,861,1,0.000000,1.000000,0.000000,L,1.000000,1.000000,0.000000,0.000000,0.686543
111,52,00277,sleet,862,1,0.000000,1.000000,0.000000,L,1.000000,1.000000,0.000000,0.000000,0.706013
111,52,00277,sleet,863,1,0.000000,1.000000,0.000000,L,1.000000,1.000000,0.000000,0.000000,0.581904
111,52,00277,sleet,864,1,0.000000,1.000000,0.000000,L,1.000000,1.000000,0.000000,0.000000,0.329206
111,52,00277,sleet,865,1,0.000000,1.000000,0.000000,L,1.000000,1.000000,0.000000,0.000000,0.229300
111,52,00277,sleet,948,1,0.000000,1.000000,0.000000,L,1.000000,1.000000,0.000001,0.000000,0.117978
111,52,00277,sleet,949,1,0.000000,0.999999,0.000000,L,0.999999,0.999999,0.000010,0.000001,0.187301
111,52,00277,sleet,950,1,0.000000,1.000000,0.000000,L,1.000000,1.000000,0.000002,0.000000,0.238058
111,52,00277,sleet,951,1,0.000000,1.000000,0.000000,L,1.000000,1.000000,0.000000,0.000000,0.323109
111,52,00277,sleet,952,1,0.000000,1.000000,0.000000,L,1.000000,1.000000,0.000000,0.000000,0.343044
111,52,00277,sleet,953,1,0.000000,1.000000,0.000000,L,1.000000,1.000000,0.000000,0.000000,0.360427
111,52,00277,sleet,954,1,0.000000,1.000000,0.000000,L,1.000000,1.000000,0.000000,0.000000,0.260513
111,52,00277,sleet,955,1,0.000000,1.000000,0.000000,L,1.000000,1.000000,0.000000,0.000000,0.227754
111,52,00277,sleet,378,0,0.000000,1.000000,0.000000,L,1.000000,1.000000,0.000000,0.000000,0.144729
111,52,00277,sleet,665,0,0.000000,1.000000,0.000000,L,1.000000,1.000000,0.000000,0.000000,0.064982
111,52,00277,sleet,510,0,0.000000,1.000000,0.000000,L,1.000000,1.000000,0.000000,0.000000,0.068169
111,52,00277,sleet,607,0,0.000000,1.000000,0.000000,L,1.000000,1.000000,0.000000,0.000000,0.064181
111,52,00277,sleet,1271,0,0.000000,1.000000,0.000000,L,1.000000,1.000000,0.000000,0.000000,0.087400
111,52,00277,sleet,1404,0,0.000000,1.000000,0.000000,L,1.000000,1.000000,0.000001,0.000000,0.086198
111,52,00277,sleet,70,0,0.000000,1.000000,0.000000,L,1.000000,1.000000,0.000001,0.000000,0.079251
111,52,00277,sleet,411,0,0.000000,1.000000,0.000000,L,1.000000,1.000000,0.000000,0.000000,0.113112
111,52,00277,sleet,535,0,0.000000,1.000000,0.000000,L,1.000000,1.000000,0.000000,0.000000,0.148580
111,52,00277,sleet,1093,0,0.000000,1.000000,0.000000,L,1.000000,1.000000,0.000000,0.000000,0.102865
111,52,00277,sleet,1255,0,0.000000,1.000000,0.000000,L,1.000000,1.000000,0.000000,0.000000,0.104034
111,52,00277,sleet,1154,0,0.000000,1.000000,0.000000,L,1.000000,1.000000,0.000000,0.000000,0.119703
111,52,00277,sleet,530,0,0.000000,1.000000,0.000000,L,1.000000,1.000000,0.000000,0.000000,0.069612
111,52,00277,sleet,757,0,0.000000,1.000000,0.000000,L,1.000000,1.000000,0.000000,0.000000,0.071748
111,52,00277,sleet,983,0,0.000000,1.000000,0.000000,L,1.000000,1.000000,0.000000,0.000000,0.065373
111,52,00277,sleet,542,0,0.000000,1.000000,0.000000,L,1.000000,1.000000,0.000000,0.000000,0.201094
111,52,00277,sleet,635,0,0.000000,1.000000,0.000000,L,1.000000,1.000000,0.000003,0.000000,0.159483
111,52,00277,sleet,1286,0,0.000000,1.000000,0.000000,L,1.000000,1.000000,0.000000,0.000000,0.095831
112,52,00502,sleet,323,1,0.000000,1.000000,0.000000,L,1.000000,1.000000,0.000000,0.000000,0.058650
112,52,00502,sleet,324,1,0.000000,1.000000,0.000000,L,1.000000,1.000000,0.000000,0.000000,0.060613
112,52,00502,sleet,325,1,0.000000,1.000000,0.000000,L,1.000000,1.000000,0.000000,0.000000,0.073849
112,52,00502,sleet,326,1,0.000000,1.000000,0.000000,L,1.000000,1.000000,0.000000,0.000000,0.277575
112,52,00502,sleet,327,1,0.000000,1.000000,0.000000,L,1.000000,1.000000,0.000000,0.000000,0.392621
112,52,00502,sleet,328,1,0.000000,1.000000,0.000000,L,1.000000,1.000000,0.000000,0.000000,0.308819
112,52,00502,sleet,329,1,0.000000,1.000000,0.000000,L,1.000000,1.000000,0.000000,0.000000,0.280718
112,52,00502,sleet,413,1,0.000000,1.000000,0.000000,L,1.000000,1.000000,0.000000,0.000000,0.087875
112,52,00502,sleet,414,1,0.000000,1.000000,0.000000,L,1.000000,1.000000,0.000000,0.000000,0.081089
112,52,00502,sleet,415,1,0.000000,1.000000,0.000000,L,1.000000,1.000000,0.000000,0.000000,0.087378
112,52,00502,sleet,416,1,0.000000,1.000000,0.000000,L,1.000000,1.000000,0.000000,0.000000,0.126548
112,52,00502,sleet,417,1,0.000000,1.000000,0.000000,L,1.000000,1.000000,0.000000,0.000000,0.244880
112,52,00502,sleet,418,1,0.000000,1.000000,0.000000,L,1.000000,1.000000,0.000000,0.000000,0.210643
112,52,00502,sleet,419,1,0.000000,1.000000,0.000000,L,1.000000,1.000000,0.000000,0.000000,0.131234
112,52,00502,sleet,503,1,0.000000,1.000000,0.000000,L,1.000000,1.000000,0.000000,0.000000,0.069075
112,52,00502,sleet,504,1,0.000000,1.000000,0.000000,L,1.000000,1.000000,0.000000,0.000000,0.069057
112,52,00502,sleet,505,1,0.000000,1.000000,0.000000,L,1.000000,1.000000,0.000000,0.000000,0.058501
112,52,00502,sleet,506,1,0.000000,1.000000,0.000000,L,1.000000,1.000000,0.000000,0.000000,0.070782
112,52,00502,sleet,507,1,0.000000,1.000000,0.000000,L,1.000000,1.000000,0.000000,0.000000,0.074004
112,52,00502,sleet,508,1,0.000000,1.000000,0.000000,L,1.000000,1.000000,0.000000,0.000000,0.087562
112,52,00502,sleet,509,1,0.000000,1.000000,0.000000,L,1.000000,1.000000,0.000000,0.000000,0.082040
112,52,00502,sleet,593,1,0.000000,1.000000,0.000000,L,1.000000,1.000000,0.000000,0.000000,0.067107
112,52,00502,sleet,594,1,0.000000,1.000000,0.000000,L,1.000000,1.000000,0.000000,0.000000,0.061452
112,52,00502,sleet,595,1,0.000000,1.000000,0.000000,L,1.000000,1.000000,0.000000,0.000000,0.060560
112,52,00502,sleet,596,1,0.000000,1.000000,0.000000,L,1.000000,1.000000,0.000000,0.000000,0.063946
112,52,00502,sleet,597,1,0.000000,1.000000,0.000000,L,1.000000,1.000000,0.000000,0.000000,0.091772
112,52,00502,sleet,598,1,0.000000,1.000000,0.000000,L,1.000000,1.000000,0.000000,0.000000,0.101175
112,52,00502,sleet,599,1,0.000000,1.000000,0.000000,L,1.000000,1.000000,0.000000,0.000000,0.126557
112,52,00502,sleet,868,0,0.000000,1.000000,0.000000,L,1.000000,1.000000,0.000000,0.000000,0.128024
112,52,00502,sleet,53,0,0.000000,1.000000,0.000000,L,1.000000,1.000000,0.000001,0.000000,0.064048
112,52,00502,sleet,831,0,0.000000,1.000000,0.000000,L,1.000000,1.000000,0.000000,0.000000,0.055367
112,52,00502,sleet,1283,0,0.000000,1.000000,0.000000,L,1.000000,1.000000,0.000000,0.000000,0.086929
112,52,00502,sleet,539,0,0.000000,1.000000,0.000000,L,1.000000,1.000000,0.000000,0.000000,0.115025
112,52,00502,sleet,176,0,0.000000,1.000000,0.000000,L,1.000000,1.000000,0.000001,0.000000,0.066538
112,52,00502,sleet,104,0,0.000000,1.000000,0.000000,L,1.000000,1.000000,0.000001,0.000000,0.047369
112,52,00502,sleet,1059,0,0.000000,1.000000,0.000000,L,1.000000,1.000000,0.000000,0.000000,0.109883
112,52,00502,sleet,526,0,0.000000,1.000000,0.000000,L,1.000000,1.000000,0.000000,0.000000,0.077106
112,52,00502,sleet,1427,0,0.000000,1.000000,0.000000,L,1.000000,1.000000,0.000000,0.000000,0.076306
112,52,00502,sleet,285,0,0.000000,1.000000,0.000000,L,1.000000,1.000000,0.000000,0.000000,0.052222
112,52,00502,sleet,1009,0,0.000000,1.000000,0.000000,L,1.000000,1.000000,0.000000,0.000000,0.067385
112,52,00502,sleet,388,0,0.000000,1.000000,0.000000,L,1.000000,1.000000,0.000000,0.000000,0.134404
112,52,00502,sleet,484,0,0.000000,1.000000,0.000000,L,1.000000,1.000000,0.000000,0.000000,0.129499
112,52,00502,sleet,19,0,0.000000,1.000000,0.000000,L,1.000000,1.000000,0.000001,0.000000,0.052055
112,52,00502,sleet,607,0,0.000000,1.000000,0.000000,L,1.000000,1.000000,0.000000,0.000000,0.085509
112,52,00502,sleet,1007,0,0.000000,1.000000,0.000000,L,1.000000,1.000000,0.000000,0.000000,0.066090
112,52,00502,sleet,1035,0,0.000000,1.000000,0.000000,L,1.000000,1.000000,0.000000,0.000000,0.088413
113,52,00550,sleet,224,1,0.000000,1.000000,0.000000,L,1.000000,1.000000,0.000000,0.000000,0.215055
113,52,00550,sleet,225,1,0.000000,1.000000,0.000000,L,1.000000,1.000000,0.000000,0.000000,0.190450
113,52,00550,sleet,226,1,0.000000,1.000000,0.000000,L,1.000000,1.000000,0.000000,0.000000,0.183179
113,52,00550,sleet,227,1,0.000000,1.000000,0.000000,L,1.000000,1.000000,0.000000,0.000000,0.213855
113,52,00550,sleet,228,1,0.000000,1.000000,0.000000,L,1.000000,1.000000,0.000001,0.000000,0.206302
113,52,00550,sleet,229,1,0.000000,1.000000,0.000000,L,1.000000,1.000000,0.000000,0.000000,0.128841
113,52,00550,sleet,230,1,0.000000,1.000000,0.000000,L,1.000000,1.000000,0.000000,0.000000,0.090268
113,52,00550,sleet,314,1,0.000000,1.000000,0.000000,L,1.000000,1.000000,0.000002,0.000000,0.251717
113,52,00550,sleet,315,1,0.000000,1.000000,0.000000,L,1.000000,1.000000,0.000000,0.000000,0.217848
113,52,00550,sleet,316,1,0.000000,1.000000,0.000000,L,1.000000,1.000000,0.000000,0.000000,0.348205
113,52,00550,sleet,317,1,0.000000,1.000000,0.000000,L,1.000000,1.000000,-0.000000,0.000000,0.464076
113,52,00550,sleet,318,1,0.000000,1.000000,0.000000,L,1.000000,1.000000,0.000000,0.000000,0.340872
113,52,00550,sleet,319,1,0.000000,1.000000,0.000000,L,1.000000,1.000000,0.000000,0.000000,0.220940
113,52,00550,sleet,320,1,0.000000,1.000000,0.000000,L,1.000000,1.000000,0.000000,0.000000,0.122047
113,52,00550,sleet,404,1,0.000000,1.000000,0.000000,L,1.000000,1.000000,0.000001,0.000000,0.245795
113,52,00550,sleet,405,1,0.000000,1.000000,0.000000,L,1.000000,1.000000,0.000000,0.000000,0.258688
113,52,00550,sleet,406,1,0.000000,1.000000,0.000000,L,1.000000,1.000000,-0.000000,0.000000,0.517453
113,52,00550,sleet,407,1,0.000000,1.000000,0.000000,L,1.000000,1.000000,-0.000000,0.000000,0.690097
113,52,00550,sleet,408,1,0.000000,1.000000,0.000000,L,1.000000,1.000000,-0.000000,0.000000,0.530031
113,52,00550,sleet,409,1,0.000000,1.000000,0.000000,L,1.000000,1.000000,0.000000,0.000000,0.232220
113,52,00550,sleet,410,1,0.000000,1.000000,0.000000,L,1.000000,1.000000,0.000000,0.000000,0.125303
113,52,00550,sleet,494,1,0.000000,1.000000,0.000000,L,1.000000,1.000000,0.000001,0.000000,0.217052
113,52,00550,sleet,495,1,0.000000,1.000000,0.000000,L,1.000000,1.000000,0.000001,0.000000,0.188900
113,52,00550,sleet,496,1,0.000000,1.000000,0.000000,L,1.000000,1.000000,0.000000,0.000000,0.230422
113,52,00550,sleet,497,1,0.000000,1.000000,0.000000,L,1.000000,1.000000,0.000000,0.000000,0.252594
113,52,00550,sleet,498,1,0.000000,1.000000,0.000000,L,1.000000,1.000000,0.000000,0.000000,0.310638
113,52,00550,sleet,499,1,0.000000,1.000000,0.000000,L,1.000000,1.000000,0.000000,0.000000,0.245498
113,52,00550,sleet,500,1,0.000000,1.000000,0.000000,L,1.000000,1.000000,0.000000,0.000000,0.156038
113,52,00550,sleet,740,0,0.000000,1.000000,0.000000,L,1.000000,1.000000,0.000000,0.000000,0.075405
113,52,00550,sleet,713,0,0.000000,1.000000,0.000000,L,1.000000,1.000000,0.000000,0.000000,0.073349
113,52,00550,sleet,21,0,0.000000,1.000000,0.000000,L,1.000000,1.000000,0.000001,0.000000,0.062967
113,52,00550,sleet,1056,0,0.000000,1.000000,0.000000,L,1.000000,1.000000,0.000000,0.000000,0.086883
113,52,00550,sleet,333,0,0.000000,1.000000,0.000000,L,1.000000,1.000000,0.000000,0.000000,0.060093
113,52,00550,sleet,400,0,0.000000,1.000000,0.000000,L,1.000000,1.000000,0.000000,0.000000,0.214405
113,52,00550,sleet,1204,0,0.000000,1.000000,0.000000,L,1.000000,1.000000,0.000000,0.000000,0.134121
113,52,00550,sleet,1288,0,0.000000,1.000000,0.000000,L,1.000000,1.000000,0.000000,0.000000,0.086264
113,52,00550,sleet,159,0,0.000000,1.000000,0.000000,L,1.000000,1.000000,0.000001,0.000000,0.066770
113,52,00550,sleet,54,0,0.000000,1.000000,0.000000,L,1.000000,1.000000,0.000001,0.000000,0.080592
113,52,00550,sleet,452,0,0.000000,1.000000,0.000000,L,1.000000,1.000000,0.000000,0.000000,0.121012
113,52,00550,sleet,793,0,0.000000,1.000000,0.000000,L,1.000000,1.000000,0.000000,0.000000,0.061632
113,52,00550,sleet,102,0,0.000000,1.000000,0.000000,L,1.000000,1.000000,0.000001,0.000000,0.070936
113,52,00550,sleet,304,0,0.000000,1.000000,0.000000,L,1.000000,1.000000,0.000000,0.000000,0.131629
113,52,00550,sleet,541,0,0.000000,1.000000,0.000000,L,1.000000,1.000000,0.000000,0.000000,0.170820
113,52,00550,sleet,563,0,0.000000,1.000000,0.000000,L,1.000000,1.000000,0.000000,0.000000,0.073774
113,52,00550,sleet,1127,0,0.000000,1.000000,0.000000,L,1.000000,1.000000,0.000000,0.000000,0.059159
113,52,00550,sleet,828,0,0.000000,1.000000,0.000000,L,1.000000,1.000000,0.000000,0.000000,0.080790
114,52,00598,sleet,222,1,0.000000,1.000000,0.000000,L,1.000000,1.000000,0.000000,0.000000,0.113651
114,52,00598,sleet,223,1,0.000000,1.000000,0.000000,L,1.000000,1.000000,0.000000,0.000000,0.111160
114,52,00598,sleet,224,1,0.000000,1.000000,0.000000,L,1.000000,1.000000,0.000000,0.000000,0.181793
114,52,00598,sleet,225,1,0.000000,1.000000,0.000000,L,1.000000,1.000000,0.000000,0.000000,0.149148
114,52,00598,sleet,226,1,0.000000,1.000000,0.000000,L,1.000000,1.000000,0.000000,0.000000,0.137169
114,52,00598,sleet,227,1,0.000000,1.000000,0.000000,L,1.000000,1.000000,0.000000,0.000000,0.124917
114,52,00598,sleet,228,1,0.000000,1.000000,0.000000,L,1.000000,1.000000,0.000000,0.000000,0.106947
114,52,00598,sleet,229,1,0.000000,1.000000,0.000000,L,1.000000,1.000000,0.000000,0.000000,0.094457
114,52,00598,sleet,312,1,0.000000,1.000000,0.000000,L,1.000000,1.000000,0.000000,0.000000,0.117189
114,52,00598,sleet,313,1,0.000000,1.000000,0.000000,L,1.000000,1.000000,0.000000,0.000000,0.098333
114,52,00598,sleet,314,1,0.000000,1.000000,0.000000,L,1.000000,1.000000,0.000000,0.000000,0.179222
114,52,00598,sleet,315,1,0.000000,1.000000,0.000000,L,1.000000,1.000000,0.000000,0.000000,0.162412
114,52,00598,sleet,316,1,0.000000,1.000000,0.000000,L,1.000000,1.000000,0.000000,0.000000,0.113084
114,52,00598,sleet,317,1,0.000000,1.000000,0.000000,L,1.000000,1.000000,0.000000,0.000000,0.141128
114,52,00598,sleet,318,1,0.000000,1.000000,0.000000,L,1.000000,1.000000,0.000000,0.000000,0.088982
114,52,00598,sleet,319,1,0.000000,1.000000,0.000000,L,1.000000,1.000000,0.000000,0.000000,0.101089
114,52,00598,sleet,402,1,0.000000,1.000000,0.000000,L,1.000000,1.000000,0.000000,0.000000,0.154359
114,52,00598,sleet,403,1,0.000000,1.000000,0.000000,L,1.000000,1.000000,0.000000,0.000000,0.140928
114,52,00598,sleet,404,1,0.000000,1.000000,0.000000,L,1.000000,1.000000,0.000000,0.000000,0.180872
114,52,00598,sleet,405,1,0.000000,1.000000,0.000000,L,1.000000,1.000000,0.000000,0.000000,0.216275
114,52,00598,sleet,406,1,0.000000,1.000000,0.000000,L,1.000000,1.000000,0.000000,0.000000,0.184940
114,52,00598,sleet,407,1,0.000000,1.000000,0.000000,L,1.000000,1.000000,0.000000,0.000000,0.148686
114,52,00598,sleet,408,1,0.000000,1.000000,0.000000,L,1.000000,1.000000,0.000000,0.000000,0.117892
114,52,00598,sleet,409,1,0.000000,1.000000,0.000000,L,1.000000,1.000000,0.000000,0.000000,0.100340
114,52,00598,sleet,492,1,0.000000,1.000000,0.000000,L,1.000000,1.000000,0.000000,0.000000,0.112519
114,52,00598,sleet,493,1,0.000000,1.000000,0.000000,L,1.000000,1.000000,0.000000,0.000000,0.090993
114,52,00598,sleet,494,1,0.000000,1.000000,0.000000,L,1.000000,1.000000,0.000000,0.000000,0.099685
114,52,00598,sleet,495,1,0.000000,1.000000,0.000000,L,1.000000,1.000000,0.000000,0.000000,0.094356
114,52,00598,sleet,496,1,0.000000,1.000000,0.000000,L,1.000000,1.000000,0.000000,0.000000,0.123167
114,52,00598,sleet,497,1,0.000000,1.000000,0.000000,L,1.000000,1.000000,0.000000,0.000000,0.138579
114,52,00598,sleet,498,1,0.000000,1.000000,0.000000,L,1.000000,1.000000,0.000000,0.000000,0.097876
114,52,00598,sleet,499,1,0.000000,1.000000,0.000000,L,1.000000,1.000000,0.000000,0.000000,0.079818
114,52,00598,sleet,7,0,0.000000,1.000000,0.000000,L,1.000000,1.000000,0.000000,0.000000,0.162676
114,52,00598,sleet,1388,0,0.000000,1.000000,0.000000,L,1.000000,1.000000,0.000001,0.000000,0.104448
114,52,00598,sleet,1373,0,0.000000,1.000000,0.000000,L,1.000000,1.000000,0.000000,0.000000,0.133173
114,52,00598,sleet,129,0,0.000000,1.000000,0.000000,L,1.000000,1.000000,0.000001,0.000000,0.066193
114,52,00598,sleet,1009,0,0.000000,1.000000,0.000000,L,1.000000,1.000000,0.000000,0.000000,0.129279
114,52,00598,sleet,161,0,0.000000,1.000000,0.000000,L,1.000000,1.000000,0.000001,0.000000,0.169467
114,52,00598,sleet,686,0,0.000000,1.000000,0.000000,L,1.000000,1.000000,0.000000,0.000000,0.080631
114,52,00598,sleet,898,0,0.000000,1.000000,0.000000,L,1.000000,1.000000,0.000000,0.000000,0.082196
114,52,00598,sleet,674,0,0.000000,1.000000,0.000000,L,1.000000,1.000000,0.000000,0.000000,0.203567
114,52,00598,sleet,696,0,0.000000,1.000000,0.000000,L,1.000000,1.000000,0.000000,0.000000,0.081844
114,52,00598,sleet,584,0,0.000000,1.000000,0.000000,L,1.000000,1.000000,0.000000,0.000000,0.149940
114,52,00598,sleet,802,0,0.000000,1.000000,0.000000,L,1.000000,1.000000,0.000000,0.000000,0.109428
114,52,00598,sleet,164,0,0.000000,1.000000,0.000000,L,1.000000,1.000000,0.000001,0.000000,0.093289
114,52,00598,sleet,1073,0,0.000000,1.000000,0.000000,L,1.000000,1.000000,0.000000,0.000000,0.093632
114,52,00598,sleet,1141,0,0.000000,1.000000,0.000000,L,1.000000,1.000000,0.000000,0.000000,0.079204
114,52,00598,sleet,729,0,0.000000,1.000000,0.000000,L,1.000000,1.000000,0.000000,0.000000,0.185184
114,52,00598,sleet,1096,0,0.000000,1.000000,0.000000,L,1.000000,1.000000,0.000000,0.000000,0.129816
114,52,00598,sleet,945,0,0.000000,1.000000,0.000000,L,1.000000,1.000000,0.000000,0.000000,0.120584
115,53,00199,sleet,645,1,0.000000,1.000000,0.000000,L,1.000000,1.000000,0.000002,0.000000,0.190316
115,53,00199,sleet,646,1,0.000000,1.000000,0.000000,L,1.000000,1.000000,0.000004,0.000000,0.218265
115,53,00199,sleet,647,1,0.000000,1.000000,0.000000,L,1.000000,1.000000,0.000001,0.000000,0.222411
115,53,00199,sleet,648,1,0.000000,1.000000,0.000000,L,1.000000,1.000000,0.000000,0.000000,0.257861
115,53,00199,sleet,649,1,0.000000,1.000000,0.000000,L,1.000000,1.000000,0.000003,0.000000,0.227613
115,53,00199,sleet,650,1,0.000000,1.000000,0.000000,L,1.000000,1.000000,0.000000,0.000000,0.149237
115,53,00199,sleet,735,1,0.000000,1.000000,0.000000,L,1.000000,1.000000,0.000001,0.000000,0.237227
115,53,00199,sleet,736,1,0.000000,1.000000,0.000000,L,1.000000,1.000000,0.000000,0.000000,0.368181
115,53,00199,sleet,737,1,0.000000,1.000000,0.000000,L,1.000000,1.000000,-0.000000,0.000000,0.860189
115,53,00199,sleet,738,1,0.000000,1.000000,0.000000,L,1.000000,1.000000,-0.000000,0.000000,0.958685
115,53,00199,sleet,739,1,0.000000,1.000000,0.000000,L,1.000000,1.000000,-0.000000,0.000000,0.685420
115,53,00199,sleet,740,1,0.000000,1.000000,0.000000,L,1.000000,1.000000,0.000000,0.000000,0.235244
115,53,00199,sleet,825,1,0.000000,1.000000,0.000000,L,1.000000,1.000000,0.000000,0.000000,0.221103
115,53,00199,sleet,826,1,0.000000,1.000000,0.000000,L,1.000000,1.000000,0.000002,0.000000,0.243371
115,53,00199,sleet,827,1,0.000000,1.000000,0.000000,L,1.000000,1.000000,-0.000000,0.000000,0.396160
115,53,00199,sleet,828,1,0.000000,1.000000,0.000000,L,1.000000,1.000000,-0.000000,0.000000,0.580595
115,53,00199,sleet,829,1,0.000000,1.000000,0.000000,L,1.000000,1.000000,0.000000,0.000000,0.324023
115,53,00199,sleet,830,1,0.000000,1.000000,0.000000,L,1.000000,1.000000,0.000000,0.000000,0.217171
115,53,00199,sleet,915,1,0.000000,1.000000,0.000000,L,1.000000,1.000000,0.000000,0.000000,0.129377
115,53,00199,sleet,916,1,0.000000,1.000000,0.000000,L,1.000000,1.000000,0.000000,0.000000,0.199316
115,53,00199,sleet,917,1,0.000000,1.000000,0.000000,L,1.000000,1.000000,0.000000,0.000000,0.202769
115,53,00199,sleet,918,1,0.000000,1.000000,0.000000,L,1.000000,1.000000,0.000000,0.000000,0.215363
115,53,00199,sleet,919,1,0.000000,1.000000,0.000000,L,1.000000,1.000000,0.000000,0.000000,0.191085
115,53,00199,sleet,920,1,0.000000,1.000000,0.000000,L,1.000000,1.000000,0.000000,0.000000,0.166931
115,53,00199,sleet,1295,0,0.000000,1.000000,0.000000,L,1.000000,1.000000,0.000000,0.000000,0.121866
115,53,00199,sleet,1405,0,0.000000,1.000000,0.000000,L,1.000000,1.000000,0.000001,0.000000,0.109393
115,53,00199,sleet,631,0,0.000000,1.000000,0.000000,L,1.000000,1.000000,0.000000,0.000000,0.165963
115,53,00199,sleet,1255,0,0.000000,1.000000,0.000000,L,1.000000,1.000000,0.000000,0.000000,0.146466
115,53,00199,sleet,1048,0,0.000000,1.000000,0.000000,L,1.000000,1.000000,0.000000,0.000000,0.121314
115,53,00199,sleet,651,0,0.000000,1.000000,0.000000,L,1.000000,1.000000,0.000000,0.000000,0.116230
115,53,00199,sleet,1388,0,0.000000,1.000000,0.000000,L,1.000000,1.000000,0.000000,0.000000,0.119150
115,53,00199,sleet,249,0,0.000000,1.000000,0.000000,L,1.000000,1.000000,0.000000,0.000000,0.102828
115,53,00199,sleet,490,0,0.000000,1.000000,0.000000,L,1.000000,1.000000,0.000000,0.000000,0.096341
115,53,00199,sleet,657,0,0.000000,1.000000,0.000000,L,1.000000,1.000000,0.000000,0.000000,0.106703
115,53,00199,sleet,147,0,0.000000,1.000000,0.000000,L,1.000000,1.000000,0.000001,0.000000,0.126101
115,53,00199,sleet,1017,0,0.000000,1.000000,0.000000,L,1.000000,1.000000,0.000000,0.000000,0.085205
115,53,00199,sleet,1200,0,0.000000,1.000000,0.000000,L,1.000000,1.000000,0.000000,0.000000,0.085911
115,53,00199,sleet,989,0,0.000000,1.000000,0.000000,L,1.000000,1.000000,0.000000,0.000000,0.131356
115,53,00199,sleet,1058,0,0.000000,1.000000,0.000000,L,1.000000,1.000000,0.000000,0.000000,0.124568
115,53,00199,sleet,515,0,0.000000,1.000000,0.000000,L,1.000000,1.000000,0.000000,0.000000,0.101903
115,53,00199,sleet,1264,0,0.000000,1.000000,0.000000,L,1.000000,1.000000,0.000000,0.000000,0.114117
115,53,00199,sleet,535,0,0.000000,1.000000,0.000000,L,1.000000,1.000000,0.000000,0.000000,0.133690
116,53,00247,sleet,641,1,0.000000,1.000000,0.000000,L,1.000000,1.000000,0.000002,0.000000,0.212640
116,53,00247,sleet,642,1,0.000000,1.000000,0.000000,L,1.000000,0.999999,0.000006,0.000001,0.212297
116,53,00247,sleet,643,1,0.000000,1.000000,0.000000,L,1.000000,1.000000,0.000001,0.000000,0.229173
116,53,00247,sleet,644,1,0.000000,1.000000,0.000000,L,1.000000,1.000000,0.000000,0.000000,0.247939
116,53,00247,sleet,645,1,0.000000,1.000000,0.000000,L,1.000000,1.000000,0.000004,0.000000,0.221976
116,53,00247,sleet,646,1,0.000000,1.000000,0.000000,L,1.000000,1.000000,0.000000,0.000000,0.154908
116,53,00247,sleet,731,1,0.000000,1.000000,0.000000,L,1.000000,1.000000,0.000002,0.000000,0.243081
116,53,00247,sleet,732,1,0.000000,1.000000,0.000000,L,1.000000,1.000000,0.000000,0.000000,0.286052
116,53,00247,sleet,733,1,0.000000,1.000000,0.000000,L,1.000000,1.000000,-0.000000,0.000000,0.817879
116,53,00247,sleet,734,1,0.000000,1.000000,0.000000,L,1.000000,1.000000,-0.000000,0.000000,0.978102
116,53,00247,sleet,735,1,0.000000,1.000000,0.000000,L,1.000000,1.000000,-0.000000,0.000000,0.844774
116,53,00247,sleet,736,1,0.000000,1.000000,0.000000,L,1.000000,1.000000,0.000000,0.000000,0.241882
116,53,00247,sleet,821,1,0.000000,1.000000,0.000000,L,1.000000,1.000000,0.000000,0.000000,0.190086
116,53,00247,sleet,822,1,0.000000,1.000000,0.000000,L,1.000000,1.000000,0.000002,0.000000,0.229784
116,53,00247,sleet,823,1,0.000000,1.000000,0.000000,L,1.000000,1.000000,0.000000,0.000000,0.275760
116,53,00247,sleet,824,1,0.000000,1.000000,0.000000,L,1.000000,1.000000,-0.000000,0.000000,0.525901
116,53,00247,sleet,825,1,0.000000,1.000000,0.000000,L,1.000000,1.000000,0.000000,0.000000,0.320956
116,53,00247,sleet,826,1,0.000000,1.000000,0.000000,L,1.000000,1.000000,0.000000,0.000000,0.220597
116,53,00247,sleet,911,1,0.000000,1.000000,0.000000,L,1.000000,1.000000,0.000000,0.000000,0.112369
116,53,00247,sleet,912,1,0.000000,1.000000,0.000000,L,1.000000,1.000000,0.000000,0.000000,0.179565
116,53,00247,sleet,913,1,0.000000,1.000000,0.000000,L,1.000000,1.000000,0.000001,0.000000,0.187207
116,53,00247,sleet,914,1,0.000000,1.000000,0.000000,L,1.000000,1.000000,0.000002,0.000000,0.200657
116,53,00247,sleet,915,1,0.000000,1.000000,0.000000,L,1.000000,1.000000,0.000001,0.000000,0.184258
116,53,00247,sleet,916,1,0.000000,1.000000,0.000000,L,1.000000,1.000000,0.000000,0.000000,0.162793
116,53,00247,sleet,975,0,0.000000,1.000000,0.000000,L,1.000000,1.000000,0.000000,0.000000,0.076755
116,53,00247,sleet,440,0,0.000000,1.000000,0.000000,L,1.000000,1.000000,0.000000,0.000000,0.199235
116,53,00247,sleet,513,0,0.000000,1.000000,0.000000,L,1.000000,1.000000,0.000000,0.000000,0.133234
116,53,00247,sleet,171,0,0.000000,1.000000,0.000000,L,1.000000,1.000000,0.000001,0.000000,0.146671
116,53,00247,sleet,209,0,0.000000,1.000000,0.000000,L,1.000000,1.000000,0.000000,0.000000,0.134547
116,53,00247,sleet,1270,0,0.000000,1.000000,0.000000,L,1.000000,1.000000,0.000000,0.000000,0.108753
116,53,00247,sleet,1075,0,0.000000,1.000000,0.000000,L,1.000000,1.000000,0.000000,0.000000,0.098725
116,53,00247,sleet,1338,0,0.000000,1.000000,0.000000,L,1.000000,1.000000,0.000000,0.000000,0.076358
116,53,00247,sleet,1074,0,0.000000,1.000000,0.000000,L,1.000000,1.000000,0.000000,0.000000,0.099842
116,53,00247,sleet,124,0,0.000000,1.000000,0.000000,L,1.000000,1.000000,0.000001,0.000000,0.125327
116,53,00247,sleet,1235,0,0.000000,1.000000,0.000000,L,1.000000,1.000000,0.000000,0.000000,0.166015
116,53,00247,sleet,660,0,0.000000,1.000000,0.000000,L,1.000000,1.000000,0.000000,0.000000,0.129596
116,53,00247,sleet,390,0,0.000000,1.000000,0.000000,L,1.000000,1.000000,0.000000,0.000000,0.162315
116,53,00247,sleet,1424,0,0.000000,1.000000,0.000000,L,1.000000,1.000000,0.000001,0.000000,0.122038
116,53,00247,sleet,135,0,0.000000,1.000000,0.000000,L,1.000000,1.000000,0.000001,0.000000,0.146177
116,53,00247,sleet,409,0,0.000001,0.999999,0.000000,L,0.999999,0.999998,0.000012,0.000001,0.094134
116,53,00247,sleet,1154,0,0.000000,1.000000,0.000000,L,1.000000,1.000000,0.000000,0.000000,0.126879
116,53,00247,sleet,183,0,0.000000,1.000000,0.000000,L,1.000000,1.000000,0.000000,0.000000,0.224789
117,53,00295,sleet,558,1,0.000000,1.000000,0.000000,L,1.000000,1.000000,0.000000,0.000000,0.168923
117,53,00295,sleet,559,1,0.000000,1.000000,0.000000,L,1.000000,1.000000,0.000000,0.000000,0.203503
117,53,00295,sleet,560,1,0.000000,1.000000,0.000000,L,1.000000,1.000000,0.000000,0.000000,0.217498
117,53,00295,sleet,561,1,0.000000,1.000000,0.000000,L,1.000000,1.000000,0.000000,0.000000,0.220803
117,53,00295,sleet,562,1,0.000000,1.000000,0.000000,L,1.000000,1.000000,0.000002,0.000000,0.213481
117,53,00295,sleet,563,1,0.000000,1.000000,0.000000,L,1.000000,1.000000,0.000000,0.000000,0.150820
117,53,00295,sleet,564,1,0.000000,1.000000,0.000000,L,1.000000,1.000000,0.000000,0.000000,0.100066
117,53,00295,sleet,648,1,0.000000,1.000000,0.000000,L,1.000000,1.000000,0.000000,0.000000,0.225066
117,53,00295,sleet,649,1,0.000000,1.000000,0.000000,L,1.000000,1.000000,0.000000,0.000000,0.260898
117,53,00295,sleet,650,1,0.000000,1.000000,0.000000,L,1.000000,1.000000,-0.000000,0.000000,0.554890
117,53,00295,sleet,651,1,0.000000,1.000000,0.000000,L,1.000000,1.000000,-0.000000,0.000000,0.656685
117,53,00295,sleet,652,1,0.000000,1.000000,0.000000,L,1.000000,1.000000,0.000000,0.000000,0.502634
117,53,00295,sleet,653,1,0.000000,1.000000,0.000000,L,1.000000,1.000000,0.000000,0.000000,0.260579
117,53,00295,sleet,654,1,0.000000,1.000000,0.000000,L,1.000000,1.000000,0.000000,0.000000,0.133707
117,53,00295,sleet,738,1,0.000000,1.000000,0.000000,L,1.000000,1.000000,0.000000,0.000000,0.238455
117,53,00295,sleet,739,1,0.000000,1.000000,0.000000,L,1.000000,1.000000,0.000000,0.000000,0.355125
117,53,00295,sleet,740,1,0.000000,1.000000,0.000000,L,1.000000,1.000000,-0.000000,0.000000,0.742278
117,53,00295,sleet,741,1,0.000000,1.000000,0.000000,L,1.000000,1.000000,-0.000000,0.000000,0.885884
117,53,00295,sleet,742,1,0.000000,1.000000,0.000000,L,1.000000,1.000000,-0.000000,0.000000,0.700395
117,53,00295,sleet,743,1,0.000000,1.000000,0.000000,L,1.000000,1.000000,0.000000,0.000000,0.281588
117,53,00295,sleet,744,1,0.000000,1.000000,0.000000,L,1.000000,1.000000,0.000000,0.000000,0.163107
117,53,00295,sleet,828,1,0.000000,1.000000,0.000000,L,1.000000,1.000000,0.000000,0.000000,0.133720
117,53,00295,sleet,829,1,0.000000,1.000000,0.000000,L,1.000000,1.000000,0.000001,0.000000,0.223859
117,53,00295,sleet,830,1,0.000000,1.000000,0.000000,L,1.000000,1.000000,0.000000,0.000000,0.237735
117,53,00295,sleet,831,1,0.000000,1.000000,0.000000,L,1.000000,1.000000,0.000000,0.000000,0.261472
117,53,00295,sleet,832,1,0.000000,1.000000,0.000000,L,1.000000,1.000000,0.000000,0.000000,0.250061
117,53,00295,sleet,833,1,0.000000,1.000000,0.000000,L,1.000000,1.000000,0.000000,0.000000,0.192713
117,53,00295,sleet,834,1,0.000000,1.000000,0.000000,L,1.000000,1.000000,0.000000,0.000000,0.120704
117,53,00295,sleet,120,0,0.000000,1.000000,0.000000,L,1.000000,1.000000,0.000001,0.000000,0.122639
117,53,00295,sleet,940,0,0.000000,1.000000,0.000000,L,1.000000,1.000000,0.000000,0.000000,0.089963
117,53,00295,sleet,225,0,0.000000,1.000000,0.000000,L,1.000000,1.000000,0.000000,0.000000,0.092000
117,53,00295,sleet,97,0,0.000000,1.000000,0.000000,L,1.000000,1.000000,0.000001,0.000000,0.165246
117,53,00295,sleet,572,0,0.000000,1.000000,0.000000,L,1.000000,1.000000,0.000000,0.000000,0.212499
117,53,00295,sleet,1101,0,0.000000,1.000000,0.000000,L,1.000000,1.000000,0.000000,0.000000,0.092763
117,53,00295,sleet,467,0,0.000000,1.000000,0.000000,L,1.000000,1.000000,0.000000,0.000000,0.070817
117,53,00295,sleet,1396,0,0.000000,1.000000,0.000000,L,1.000000,1.000000,0.000000,0.000000,0.093086
117,53,00295,sleet,1261,0,0.000000,1.000000,0.000000,L,1.000000,1.000000,0.000001,0.000000,0.148955
117,53,00295,sleet,925,0,0.000000,1.000000,0.000000,L,1.000000,1.000000,0.000000,0.000000,0.129342
117,53,00295,sleet,202,0,0.000000,1.000000,0.000000,L,1.000000,1.000000,0.000000,0.000000,0.192467
117,53,00295,sleet,55,0,0.000000,1.000000,0.000000,L,1.000000,1.000000,0.000001,0.000000,0.069884
117,53,00295,sleet,961,0,0.000000,1.000000,0.000000,L,1.000000,1.000000,0.000000,0.000000,0.076499
117,53,00295,sleet,17,0,0.000000,1.000000,0.000000,L,1.000000,1.000000,0.000002,0.000000,0.065436
117,53,00295,sleet,888,0,0.000000,1.000000,0.000000,L,1.000000,1.000000,0.000000,0.000000,0.048492
117,53,00295,sleet,726,0,0.000000,1.000000,0.000000,L,1.000000,0.999999,0.000007,0.000001,0.162270
117,53,00295,sleet,1307,0,0.000000,1.000000,0.000000,L,1.000000,1.000000,0.000000,0.000000,0.102153
117,53,00295,sleet,1376,0,0.000000,1.000000,0.000000,L,1.000000,1.000000,0.000000,0.000000,0.068704
118,53,00492,sleet,492,1,0.000000,1.000000,0.000000,L,1.000000,1.000000,0.000000,0.000000,0.131442
118,53,00492,sleet,582,1,0.000000,1.000000,0.000000,L,1.000000,1.000000,0.000000,0.000000,0.221351
118,53,00492,sleet,583,1,0.000000,1.000000,0.000000,L,1.000000,1.000000,0.000000,0.000000,0.393965
118,53,00492,sleet,584,1,0.000000,1.000000,0.000000,L,1.000000,1.000000,-0.000000,0.000000,0.520808
118,53,00492,sleet,585,1,0.000000,1.000000,0.000000,L,1.000000,1.000000,0.000000,0.000000,0.500972
118,53,00492,sleet,586,1,0.000000,1.000000,0.000000,L,1.000000,1.000000,0.000000,0.000000,0.276431
118,53,00492,sleet,587,1,0.000000,1.000000,0.000000,L,1.000000,1.000000,0.000000,0.000000,0.154062
118,53,00492,sleet,588,1,0.000000,1.000000,0.000000,L,1.000000,1.000000,0.000000,0.000000,0.122727
118,53,00492,sleet,672,1,0.000000,1.000000,0.000000,L,1.000000,1.000000,0.000000,0.000000,0.265279
118,53,00492,sleet,673,1,0.000000,1.000000,0.000000,L,1.000000,1.000000,0.000000,0.000000,0.500724
118,53,00492,sleet,674,1,0.000000,1.000000,0.000000,L,1.000000,1.000000,-0.000000,0.000000,0.738747
118,53,00492,sleet,675,1,0.000000,1.000000,0.000000,L,1.000000,1.000000,0.000000,0.000000,0.706591
118,53,00492,sleet,676,1,0.000000,1.000000,0.000000,L,1.000000,1.000000,0.000000,0.000000,0.403479
118,53,00492,sleet,677,1,0.000000,1.000000,0.000000,L,1.000000,1.000000,0.000000,0.000000,0.248922
118,53,00492,sleet,678,1,0.000000,1.000000,0.000000,L,1.000000,1.000000,0.000000,0.000000,0.146488
118,53,00492,sleet,762,1,0.000000,1.000000,0.000000,L,1.000000,1.000000,0.000003,0.000000,0.235562
118,53,00492,sleet,763,1,0.000000,1.000000,0.000000,L,1.000000,1.000000,0.000000,0.000000,0.339144
118,53,00492,sleet,764,1,0.000000,1.000000,0.000000,L,1.000000,1.000000,0.000000,0.000000,0.459032
118,53,00492,sleet,765,1,0.000000,1.000000,0.000000,L,1.000000,1.000000,0.000000,0.000000,0.402214
118,53,00492,sleet,766,1,0.000000,1.000000,0.000000,L,1.000000,1.000000,0.000000,0.000000,0.296794
118,53,00492,sleet,767,1,0.000000,1.000000,0.000000,L,1.000000,1.000000,0.000000,0.000000,0.226781
118,53,00492,sleet,768,1,0.000000,1.000000,0.000000,L,1.000000,1.000000,0.000000,0.000000,0.155711
118,53,00492,sleet,852,1,0.000000,1.000000,0.000000,L,1.000000,1.000000,0.000001,0.000000,0.148722
118,53,00492,sleet,853,1,0.000000,1.000000,0.000000,L,1.000000,1.000000,0.000000,0.000000,0.206764
118,53,00492,sleet,854,1,0.000000,1.000000,0.000000,L,1.000000,1.000000,0.000000,0.000000,0.196932
118,53,00492,sleet,855,1,0.000000,1.000000,0.000000,L,1.000000,1.000000,0.000000,0.000000,0.207824
118,53,00492,sleet,856,1,0.000000,1.000000,0.000000,L,1.000000,1.000000,0.000000,0.000000,0.132015
118,53,00492,sleet,857,1,0.000000,1.000000,0.000000,L,1.000000,1.000000,0.000000,0.000000,0.084585
118,53,00492,sleet,858,1,0.000000,1.000000,0.000000,L,1.000000,1.000000,0.000000,0.000000,0.096944
118,53,00492,sleet,592,0,0.000000,1.000000,0.000000,L,1.000000,1.000000,0.000000,0.000000,0.126441
118,53,00492,sleet,439,0,0.000000,1.000000,0.000000,L,1.000000,1.000000,0.000000,0.000000,0.101971
118,53,00492,sleet,130,0,0.000000,1.000000,0.000000,L,1.000000,1.000000,0.000001,0.000000,0.082590
118,53,00492,sleet,1303,0,0.000000,1.000000,0.000000,L,1.000000,1.000000,0.000000,0.000000,0.104932
118,53,00492,sleet,596,0,0.000000,1.000000,0.000000,L,1.000000,1.000000,0.000000,0.000000,0.125315
118,53,00492,sleet,40,0,0.000000,1.000000,0.000000,L,1.000000,1.000000,0.000001,0.000000,0.082803
118,53,00492,sleet,99,0,0.000000,1.000000,0.000000,L,1.000000,1.000000,0.000001,0.000000,0.124095
118,53,00492,sleet,228,0,0.000000,1.000000,0.000000,L,1.000000,1.000000,0.000000,0.000000,0.172107
118,53,00492,sleet,1380,0,0.000000,1.000000,0.000000,L,1.000000,1.000000,0.000000,0.000000,0.105067
118,53,00492,sleet,846,0,0.000000,1.000000,0.000000,L,1.000000,1.000000,0.000000,0.000000,0.125441
118,53,00492,sleet,810,0,0.000000,1.000000,0.000000,L,1.000000,1.000000,0.000000,0.000000,0.144684
118,53,00492,sleet,1415,0,0.000000,1.000000,0.000000,L,1.000000,1.000000,0.000001,0.000000,0.139495
118,53,00492,sleet,641,0,0.000000,1.000000,0.000000,L,1.000000,1.000000,0.000000,0.000000,0.077660
118,53,00492,sleet,738,0,0.000000,1.000000,0.000000,L,1.000000,1.000000,0.000000,0.000000,0.120313
118,53,00492,sleet,467,0,0.000000,1.000000,0.000000,L,1.000000,1.000000,0.000000,0.000000,0.128042
118,53,00492,sleet,1205,0,0.000000,1.000000,0.000000,L,1.000000,1.000000,0.000000,0.000000,0.086986
118,53,00492,sleet,653,0,0.000000,1.000000,0.000000,L,1.000000,1.000000,0.000000,0.000000,0.162042
118,53,00492,sleet,1002,0,0.000000,1.000000,0.000000,L,1.000000,1.000000,0.000000,0.000000,0.093307
119,53,00541,sleet,47,1,0.000000,1.000000,0.000000,L,1.000000,1.000000,0.000001,0.000000,0.087494
119,53,00541,sleet,48,1,0.000000,1.000000,0.000000,L,1.000000,1.000000,0.000001,0.000000,0.084123
119,53,00541,sleet,49,1,0.000000,1.000000,0.000000,L,1.000000,1.000000,0.000001,0.000000,0.075940
119,53,00541,sleet,50,1,0.000000,1.000000,0.000000,L,1.000000,1.000000,0.000001,0.000000,0.079060
119,53,00541,sleet,51,1,0.000000,1.000000,0.000000,L,1.000000,1.000000,0.000001,0.000000,0.090315
119,53,00541,sleet,52,1,0.000000,1.000000,0.000000,L,1.000000,1.000000,0.000001,0.000000,0.088704
119,53,00541,sleet,53,1,0.000000,1.000000,0.000000,L,1.000000,1.000000,0.000001,0.000000,0.067787
119,53,00541,sleet,137,1,0.000000,1.000000,0.000000,L,1.000000,1.000000,0.000001,0.000000,0.105661
119,53,00541,sleet,138,1,0.000000,1.000000,0.000000,L,1.000000,1.000000,0.000001,0.000000,0.094507
119,53,00541,sleet,139,1,0.000000,1.000000,0.000000,L,1.000000,1.000000,0.000001,0.000000,0.073532
119,53,00541,sleet,140,1,0.000000,1.000000,0.000000,L,1.000000,1.000000,0.000001,0.000000,0.085399
119,53,00541,sleet,141,1,0.000000,1.000000,0.000000,L,1.000000,1.000000,0.000001,0.000000,0.082493
119,53,00541,sleet,142,1,0.000000,1.000000,0.000000,L,1.000000,1.000000,0.000001,0.000000,0.081714
119,53,00541,sleet,143,1,0.000000,1.000000,0.000000,L,1.000000,1.000000,0.000001,0.000000,0.069169
119,53,00541,sleet,938,0,0.000000,1.000000,0.000000,L,1.000000,1.000000,0.000000,0.000000,0.143384
119,53,00541,sleet,317,0,0.000000,1.000000,0.000000,L,1.000000,1.000000,0.000000,0.000000,0.081952
119,53,00541,sleet,992,0,0.000000,1.000000,0.000000,L,1.000000,1.000000,0.000000,0.000000,0.151516
119,53,00541,sleet,834,0,0.000000,1.000000,0.000000,L,1.000000,1.000000,0.000000,0.000000,0.076468
119,53,00541,sleet,581,0,0.000000,1.000000,0.000000,L,1.000000,1.000000,0.000000,0.000000,0.096441
119,53,00541,sleet,972,0,0.000000,1.000000,0.000000,L,1.000000,1.000000,0.000000,0.000000,0.224321
119,53,00541,sleet,858,0,0.000000,1.000000,0.000000,L,1.000000,1.000000,0.000000,0.000000,0.105712
119,53,00541,sleet,351,0,0.000000,1.000000,0.000000,L,1.000000,1.000000,0.000000,0.000000,0.116232
119,53,00541,sleet,979,0,0.000000,1.000000,0.000000,L,1.000000,1.000000,0.000000,0.000000,0.215889
119,53,00541,sleet,319,0,0.000000,1.000000,0.000000,L,1.000000,1.000000,0.000000,0.000000,0.081334
119,53,00541,sleet,77,0,0.000000,1.000000,0.000000,L,1.000000,1.000000,0.000002,0.000000,0.119531
119,53,00541,sleet,719,0,0.000000,1.000000,0.000000,L,1.000000,1.000000,0.000000,0.000000,0.104271
119,53,00541,sleet,549,0,0.000000,1.000000,0.000000,L,1.000000,1.000000,0.000001,0.000000,0.083578
119,53,00541,sleet,575,0,0.000000,1.000000,0.000000,L,1.000000,1.000000,0.000000,0.000000,0.226370
119,53,00541,sleet,470,0,0.000000,1.000000,0.000000,L,1.000000,1.000000,0.000000,0.000000,0.077943
119,53,00541,sleet,816,0,0.000000,1.000000,0.000000,L,1.000000,1.000000,0.000000,0.000000,0.130545
119,53,00541,sleet,469,0,0.000000,1.000000,0.000000,L,1.000000,1.000000,0.000000,0.000000,0.073886
119,53,00541,sleet,928,0,0.000000,1.000000,0.000000,L,1.000000,1.000000,0.000000,0.000000,0.075039
120,42,00159,lightsnow,236,1,0.000000,1.000000,0.000000,L,1.000000,1.000000,0.000002,0.000000,0.176529
120,42,00159,lightsnow,237,1,0.000000,1.000000,0.000000,L,1.000000,1.000000,0.000001,0.000000,0.208182
120,42,00159,lightsnow,238,1,0.000000,1.000000,0.000000,L,1.000000,1.000000,0.000001,0.000000,0.240552
120,42,00159,lightsnow,239,1,0.000000,1.000000,0.000000,L,1.000000,1.000000,0.000003,0.000000,0.243042
120,42,00159,lightsnow,240,1,0.000000,1.000000,0.000000,L,1.000000,1.000000,0.000004,0.000000,0.234863
120,42,00159,lightsnow,241,1,0.000000,1.000000,0.000000,L,1.000000,1.000000,0.000000,0.000000,0.208333
120,42,00159,lightsnow,242,1,0.000000,1.000000,0.000000,L,1.000000,1.000000,0.000000,0.000000,0.151063
120,42,00159,lightsnow,326,1,0.000000,1.000000,0.000000,L,1.000000,1.000000,0.000001,0.000000,0.257887
120,42,00159,lightsnow,327,1,0.000000,1.000000,0.000000,L,1.000000,1.000000,0.000003,0.000000,0.279477
120,42,00159,lightsnow,328,1,0.000000,1.000000,0.000000,L,1.000000,1.000000,0.000000,0.000000,0.446832
120,42,00159,lightsnow,329,1,0.000000,1.000000,0.000000,L,1.000000,1.000000,-0.000000,0.000000,0.657804
120,42,00159,lightsnow,330,1,0.000000,1.000000,0.000000,L,1.000000,1.000000,0.000000,0.000000,0.391479
120,42,00159,lightsnow,331,1,0.000000,1.000000,0.000000,L,1.000000,1.000000,0.000001,0.000000,0.268561
120,42,00159,lightsnow,332,1,0.000000,1.000000,0.000000,L,1.000000,1.000000,0.000000,0.000000,0.235718
120,42,00159,lightsnow,416,1,0.000000,1.000000,0.000000,L,1.000000,1.000000,0.000000,0.000000,0.277565
120,42,00159,lightsnow,417,1,0.000000,1.000000,0.000000,L,1.000000,1.000000,0.000001,0.000000,0.353476
120,42,00159,lightsnow,418,1,0.000000,1.000000,0.000000,L,1.000000,1.000000,-0.000000,0.000000,0.823902
120,42,00159,lightsnow,419,1,0.000000,1.000000,0.000000,L,1.000000,1.000000,-0.000000,0.000000,0.969519
120,42,00159,lightsnow,420,1,0.000000,1.000000,0.000000,L,1.000000,1.000000,-0.000000,0.000000,0.752840
120,42,00159,lightsnow,421,1,0.000000,1.000000,0.000000,L,1.000000,1.000000,0.000000,0.000000,0.261638
120,42,00159,lightsnow,422,1,0.000000,1.000000,0.000000,L,1.000000,1.000000,0.000001,0.000000,0.232338
120,42,00159,lightsnow,506,1,0.000000,1.000000,0.000000,L,1.000000,1.000000,0.000001,0.000000,0.199360
120,42,00159,lightsnow,507,1,0.000000,1.000000,0.000000,L,1.000000,1.000000,0.000001,0.000000,0.230861
120,42,00159,lightsnow,508,1,0.000000,1.000000,0.000000,L,1.000000,1.000000,0.000000,0.000000,0.235066
120,42,00159,lightsnow,509,1,0.000000,1.000000,0.000000,L,1.000000,1.000000,0.000000,0.000000,0.243593
120,42,00159,lightsnow,510,1,0.000000,1.000000,0.000000,L,1.000000,1.000000,0.000000,0.000000,0.219624
120,42,00159,lightsnow,511,1,0.000000,1.000000,0.000000,L,1.000000,1.000000,0.000000,0.000000,0.167614
120,42,00159,lightsnow,512,1,0.000000,1.000000,0.000000,L,1.000000,1.000000,0.000000,0.000000,0.119242
120,42,00159,lightsnow,596,1,0.000000,1.000000,0.000000,L,1.000000,0.999999,0.000007,0.000000,0.119656
120,42,00159,lightsnow,148,0,0.000000,1.000000,0.000000,L,1.000000,1.000000,0.000000,0.000000,0.082098
120,42,00159,lightsnow,977,0,0.000000,1.000000,0.000000,L,1.000000,1.000000,0.000001,0.000000,0.111079
120,42,00159,lightsnow,1427,0,0.000000,1.000000,0.000000,L,1.000000,1.000000,0.000000,0.000000,0.093218
120,42,00159,lightsnow,863,0,0.000000,1.000000,0.000000,L,1.000000,1.000000,0.000000,0.000000,0.124164
120,42,00159,lightsnow,160,0,0.000000,1.000000,0.000000,L,1.000000,1.000000,0.000001,0.000000,0.123342
120,42,00159,lightsnow,1056,0,0.000000,1.000000,0.000000,L,1.000000,1.000000,0.000000,0.000000,0.104930
120,42,00159,lightsnow,914,0,0.000000,1.000000,0.000000,L,1.000000,1.000000,0.000000,0.000000,0.077098
120,42,00159,lightsnow,1192,0,0.000000,1.000000,0.000000,L,1.000000,1.000000,0.000000,0.000000,0.148288
120,42,00159,lightsnow,1430,0,0.000000,1.000000,0.000000,L,1.000000,1.000000,0.000000,0.000000,0.082114
120,42,00159,lightsnow,591,0,0.000000,1.000000,0.000000,L,1.000000,1.000000,0.000000,0.000000,0.085454
120,42,00159,lightsnow,902,0,0.000000,1.000000,0.000000,L,1.000000,1.000000,0.000000,0.000000,0.094150
120,42,00159,lightsnow,1364,0,0.000000,1.000000,0.000000,L,1.000000,1.000000,0.000001,0.000000,0.167032
120,42,00159,lightsnow,631,0,0.000000,1.000000,0.000000,L,1.000000,1.000000,0.000000,0.000000,0.197210
120,42,00159,lightsnow,35,0,0.000000,1.000000,0.000000,L,1.000000,1.000000,0.000002,0.000000,0.077291
120,42,00159,lightsnow,806,0,0.000000,1.000000,0.000000,L,1.000000,1.000000,0.000000,0.000000,0.200370
120,42,00159,lightsnow,1287,0,0.000000,1.000000,0.000000,L,1.000000,1.000000,0.000001,0.000000,0.142498
120,42,00159,lightsnow,894,0,0.000000,1.000000,0.000000,L,1.000000,1.000000,0.000000,0.000000,0.145076
120,42,00159,lightsnow,861,0,0.000000,1.000000,0.000000,L,1.000000,1.000000,0.000000,0.000000,0.141274
121,42,00194,lightsnow,878,1,0.000000,1.000000,0.000000,L,1.000000,1.000000,0.000000,0.000000,0.092300
121,42,00194,lightsnow,781,1,0.000000,1.000000,0.000000,L,1.000000,1.000000,0.000000,0.000000,0.252481
121,42,00194,lightsnow,785,1,0.000000,1.000000,0.000000,L,1.000000,1.000000,0.000000,0.000000,0.273824
121,42,00194,lightsnow,873,1,0.000000,1.000000,0.000000,L,1.000000,1.000000,-0.000000,0.000000,0.674464
121,42,00194,lightsnow,968,1,0.000000,1.000000,0.000000,L,1.000000,1.000000,0.000000,0.000000,0.113927
121,42,00194,lightsnow,1056,1,0.000000,1.000000,0.000000,L,1.000000,1.000000,0.000000,0.000000,0.124320
121,42,00194,lightsnow,1054,1,0.000000,1.000000,0.000000,L,1.000000,1.000000,0.000000,0.000000,0.152959
121,42,00194,lightsnow,961,1,0.000000,1.000000,0.000000,L,1.000000,1.000000,0.000000,0.000000,0.169306
121,42,00194,lightsnow,966,1,0.000000,1.000000,0.000000,L,1.000000,1.000000,0.000000,0.000000,0.234279
121,42,00194,lightsnow,693,1,0.000000,1.000000,0.000000,L,1.000000,1.000000,0.000000,0.000000,0.139711
121,42,00194,lightsnow,787,1,0.000000,1.000000,0.000000,L,1.000000,1.000000,0.000000,0.000000,0.103340
121,42,00194,lightsnow,1051,1,0.000000,1.000000,0.000000,L,1.000000,1.000000,0.000002,0.000000,0.132197
121,42,00194,lightsnow,965,1,0.000000,1.000000,0.000000,L,1.000000,1.000000,-0.000000,0.000000,0.363187
121,42,00194,lightsnow,964,1,0.000000,1.000000,0.000000,L,1.000000,1.000000,-0.000000,0.000000,0.429592
121,42,00194,lightsnow,694,1,0.000000,1.000000,0.000000,L,1.000000,1.000000,0.000001,0.000000,0.147893
121,42,00194,lightsnow,697,1,0.000000,1.000000,0.000000,L,1.000000,1.000000,0.000000,0.000000,0.089734
121,42,00194,lightsnow,698,1,0.000000,1.000000,0.000000,L,1.000000,1.000000,0.000000,0.000000,0.081756
121,42,00194,lightsnow,788,1,0.000000,1.000000,0.000000,L,1.000000,1.000000,0.000000,0.000000,0.085827
121,42,00194,lightsnow,874,1,0.000000,1.000000,0.000000,L,1.000000,1.000000,-0.000000,0.000000,0.873271
121,42,00194,lightsnow,782,1,0.000000,1.000000,0.000000,L,1.000000,1.000000,0.000003,0.000000,0.258177
121,42,00194,lightsnow,875,1,0.000000,1.000000,0.000000,L,1.000000,1.000000,-0.000000,0.000000,0.717105
121,42,00194,lightsnow,783,1,0.000000,1.000000,0.000000,L,1.000000,1.000000,0.000000,0.000000,0.307432
121,42,00194,lightsnow,1053,1,0.000000,1.000000,0.000000,L,1.000000,1.000000,0.000000,0.000000,0.193128
121,42,00194,lightsnow,1052,1,0.000000,1.000000,0.000000,L,1.000000,1.000000,0.000003,0.000000,0.150834
121,42,00194,lightsnow,1055,1,0.000000,1.000000,0.000000,L,1.000000,1.000000,0.000001,0.000000,0.149902
121,42,00194,lightsnow,691,1,0.000000,1.000000,0.000000,L,1.000000,1.000000,0.000003,0.000000,0.188825
121,42,00194,lightsnow,967,1,0.000000,1.000000,0.000000,L,1.000000,1.000000,0.000000,0.000000,0.144485
121,42,00194,lightsnow,696,1,0.000000,1.000000,0.000000,L,1.000000,1.000000,0.000001,0.000000,0.137610
121,42,00194,lightsnow,872,1,0.000000,1.000000,0.000000,L,1.000000,1.000000,0.000001,0.000000,0.246787
121,42,00194,lightsnow,962,1,0.000000,1.000000,0.000000,L,1.000000,1.000000,0.000001,0.000000,0.221141
121,42,00194,lightsnow,1058,1,0.000000,1.000000,0.000000,L,1.000000,1.000000,0.000000,0.000000,0.083663
121,42,00194,lightsnow,692,1,0.000000,1.000000,0.000000,L,1.000000,1.000000,0.000001,0.000000,0.150063
121,42,00194,lightsnow,871,1,0.000000,1.000000,0.000000,L,1.000000,1.000000,0.000000,0.000000,0.238919
121,42,00194,lightsnow,695,1,0.000000,1.000000,0.000000,L,1.000000,1.000000,0.000001,0.000000,0.154088
121,42,00194,lightsnow,876,1,0.000000,1.000000,0.000000,L,1.000000,1.000000,-0.000000,0.000000,0.383010
121,42,00194,lightsnow,877,1,0.000000,1.000000,0.000000,L,1.000000,1.000000,0.000000,0.000000,0.112890
121,42,00194,lightsnow,1329,0,0.000000,1.000000,0.000000,L,1.000000,1.000000,0.000000,0.000000,0.149110
121,42,00194,lightsnow,94,0,0.000000,1.000000,0.000000,L,1.000000,1.000000,0.000000,0.000000,0.111874
121,42,00194,lightsnow,433,0,0.000000,1.000000,0.000000,L,1.000000,1.000000,0.000000,0.000000,0.152756
121,42,00194,lightsnow,373,0,0.000000,1.000000,0.000000,L,1.000000,1.000000,0.000001,0.000000,0.104776
121,42,00194,lightsnow,1139,0,0.000000,1.000000,0.000000,L,1.000000,1.000000,0.000000,0.000000,0.124804
121,42,00194,lightsnow,187,0,0.000000,1.000000,0.000000,L,1.000000,1.000000,0.000001,0.000000,0.164358
121,42,00194,lightsnow,359,0,0.000000,1.000000,0.000000,L,1.000000,1.000000,0.000000,0.000000,0.142581
121,42,00194,lightsnow,570,0,0.000000,1.000000,0.000000,L,1.000000,1.000000,0.000000,0.000000,0.074917
121,42,00194,lightsnow,1382,0,0.000000,1.000000,0.000000,L,1.000000,1.000000,0.000000,0.000000,0.139284
121,42,00194,lightsnow,1434,0,0.000000,1.000000,0.000000,L,1.000000,1.000000,0.000001,0.000000,0.175550
121,42,00194,lightsnow,135,0,0.000000,1.000000,0.000000,L,1.000000,1.000000,0.000000,0.000000,0.108244
121,42,00194,lightsnow,445,0,0.000000,1.000000,0.000000,L,1.000000,1.000000,0.000000,0.000000,0.143412
121,42,00194,lightsnow,366,0,0.000000,1.000000,0.000000,L,1.000000,1.000000,0.000000,0.000000,0.173816
121,42,00194,lightsnow,104,0,0.000000,1.000000,0.000000,L,1.000000,1.000000,0.000002,0.000000,0.137493
121,42,00194,lightsnow,1202,0,0.000000,1.000000,0.000000,L,1.000000,1.000000,0.000000,0.000000,0.124017
121,42,00194,lightsnow,1197,0,0.000000,1.000000,0.000000,L,1.000000,1.000000,0.000000,0.000000,0.126300
121,42,00194,lightsnow,975,0,0.000000,1.000000,0.000000,L,1.000000,1.000000,0.000000,0.000000,0.124825
121,42,00194,lightsnow,1284,0,0.000000,1.000000,0.000000,L,1.000000,1.000000,0.000000,0.000000,0.154120
122,42,00229,lightsnow,963,1,0.000000,1.000000,0.000000,L,1.000000,1.000000,0.000001,0.000000,0.153739
122,42,00229,lightsnow,964,1,0.000000,1.000000,0.000000,L,1.000000,1.000000,0.000001,0.000000,0.176482
122,42,00229,lightsnow,965,1,0.000000,1.000000,0.000000,L,1.000000,1.000000,0.000000,0.000000,0.272343
122,42,00229,lightsnow,966,1,0.000000,1.000000,0.000000,L,1.000000,1.000000,0.000000,0.000000,0.393746
122,42,00229,lightsnow,967,1,0.000000,1.000000,0.000000,L,1.000000,1.000000,0.000000,0.000000,0.296873
122,42,00229,lightsnow,968,1,0.000000,1.000000,0.000000,L,1.000000,1.000000,0.000000,0.000000,0.231234
122,42,00229,lightsnow,969,1,0.000000,1.000000,0.000000,L,1.000000,1.000000,0.000000,0.000000,0.175618
122,42,00229,lightsnow,970,1,0.000000,1.000000,0.000000,L,1.000000,1.000000,0.000000,0.000000,0.168409
122,42,00229,lightsnow,1053,1,0.000000,1.000000,0.000000,L,1.000000,1.000000,0.000000,0.000000,0.191649
122,42,00229,lightsnow,1054,1,0.000000,1.000000,0.000000,L,1.000000,1.000000,0.000002,0.000000,0.240509
122,42,00229,lightsnow,1055,1,0.000000,1.000000,0.000000,L,1.000000,1.000000,-0.000000,0.000000,0.625872
122,42,00229,lightsnow,1056,1,0.000000,1.000000,0.000000,L,1.000000,1.000000,-0.000000,0.000000,0.830401
122,42,00229,lightsnow,1057,1,0.000000,1.000000,0.000000,L,1.000000,1.000000,-0.000000,0.000000,0.786346
122,42,00229,lightsnow,1058,1,0.000000,1.000000,0.000000,L,1.000000,1.000000,0.000000,0.000000,0.331008
122,42,00229,lightsnow,1059,1,0.000000,1.000000,0.000000,L,1.000000,1.000000,0.000000,0.000000,0.265465
122,42,00229,lightsnow,1060,1,0.000000,1.000000,0.000000,L,1.000000,1.000000,0.000000,0.000000,0.245429
122,42,00229,lightsnow,1143,1,0.000000,1.000000,0.000000,L,1.000000,1.000000,0.000000,0.000000,0.177621
122,42,00229,lightsnow,1144,1,0.000000,1.000000,0.000000,L,1.000000,1.000000,0.000001,0.000000,0.221483
122,42,00229,lightsnow,1145,1,0.000000,1.000000,0.000000,L,1.000000,1.000000,0.000000,0.000000,0.308674
122,42,00229,lightsnow,1146,1,0.000000,1.000000,0.000000,L,1.000000,1.000000,-0.000000,0.000000,0.496148
122,42,00229,lightsnow,1147,1,0.000000,1.000000,0.000000,L,1.000000,1.000000,0.000000,0.000000,0.456000
122,42,00229,lightsnow,1148,1,0.000000,1.000000,0.000000,L,1.000000,1.000000,0.000000,0.000000,0.290906
122,42,00229,lightsnow,1149,1,0.000000,1.000000,0.000000,L,1.000000,1.000000,0.000000,0.000000,0.237763
122,42,00229,lightsnow,1150,1,0.000000,1.000000,0.000000,L,1.000000,1.000000,0.000000,0.000000,0.236310
122,42,00229,lightsnow,1233,1,0.000000,1.000000,0.000000,L,1.000000,1.000000,0.000000,0.000000,0.149468
122,42,00229,lightsnow,1234,1,0.000000,1.000000,0.000000,L,1.000000,1.000000,0.000004,0.000000,0.160710
122,42,00229,lightsnow,1235,1,0.000000,1.000000,0.000000,L,1.000000,1.000000,0.000000,0.000000,0.203248
122,42,00229,lightsnow,1236,1,0.000000,1.000000,0.000000,L,1.000000,1.000000,0.000000,0.000000,0.225016
122,42,00229,lightsnow,1237,1,0.000000,1.000000,0.000000,L,1.000000,1.000000,0.000000,0.000000,0.208945
122,42,00229,lightsnow,1238,1,0.000000,1.000000,0.000000,L,1.000000,1.000000,0.000000,0.000000,0.231655
122,42,00229,lightsnow,1239,1,0.000000,1.000000,0.000000,L,1.000000,1.000000,0.000000,0.000000,0.109229
122,42,00229,lightsnow,1240,1,0.000000,1.000000,0.000000,L,1.000000,1.000000,0.000000,0.000000,0.223958
122,42,00229,lightsnow,763,0,0.000000,1.000000,0.000000,L,1.000000,1.000000,0.000000,0.000000,0.109381
122,42,00229,lightsnow,1176,0,0.000000,1.000000,0.000000,L,1.000000,1.000000,0.000001,0.000000,0.115939
122,42,00229,lightsnow,269,0,0.000000,1.000000,0.000000,L,1.000000,1.000000,0.000000,0.000000,0.254482
122,42,00229,lightsnow,364,0,0.000000,1.000000,0.000000,L,1.000000,1.000000,0.000003,0.000000,0.214416
122,42,00229,lightsnow,572,0,0.000000,1.000000,0.000000,L,1.000000,1.000000,0.000000,0.000000,0.070286
122,42,00229,lightsnow,500,0,0.000000,1.000000,0.000000,L,1.000000,1.000000,0.000000,0.000000,0.084773
122,42,00229,lightsnow,978,0,0.000000,1.000000,0.000000,L,1.000000,1.000000,0.000000,0.000000,0.128476
122,42,00229,lightsnow,1128,0,0.000000,1.000000,0.000000,L,1.000000,1.000000,0.000000,0.000000,0.117080
122,42,00229,lightsnow,1286,0,0.000000,1.000000,0.000000,L,1.000000,1.000000,0.000000,0.000000,0.157860
122,42,00229,lightsnow,558,0,0.000000,1.000000,0.000000,L,1.000000,1.000000,0.000001,0.000000,0.075754
122,42,00229,lightsnow,946,0,0.000000,1.000000,0.000000,L,1.000000,1.000000,0.000000,0.000000,0.080649
122,42,00229,lightsnow,67,0,0.000000,1.000000,0.000000,L,1.000000,1.000000,0.000001,0.000000,0.112906
122,42,00229,lightsnow,1232,0,0.000000,1.000000,0.000000,L,1.000000,1.000000,0.000000,0.000000,0.115499
122,42,00229,lightsnow,616,0,0.000000,1.000000,0.000000,L,1.000000,1.000000,0.000000,0.000000,0.126818
122,42,00229,lightsnow,1309,0,0.000000,1.000000,0.000000,L,1.000000,1.000000,0.000000,0.000000,0.088324
122,42,00229,lightsnow,1124,0,0.000000,1.000000,0.000000,L,1.000000,1.000000,0.000000,0.000000,0.089704
122,42,00229,lightsnow,1423,0,0.000000,1.000000,0.000000,L,1.000000,1.000000,0.000000,0.000000,0.126301
122,42,00229,lightsnow,1201,0,0.000000,1.000000,0.000000,L,1.000000,1.000000,0.000000,0.000000,0.111105
123,42,00264,lightsnow,960,1,0.000000,1.000000,0.000000,L,1.000000,1.000000,0.000001,0.000000,0.140249
123,42,00264,lightsnow,961,1,0.000000,1.000000,0.000000,L,1.000000,1.000000,0.000000,0.000000,0.185804
123,42,00264,lightsnow,962,1,0.000000,1.000000,0.000000,L,1.000000,1.000000,0.000000,0.000000,0.207139
123,42,00264,lightsnow,963,1,0.000000,1.000000,0.000000,L,1.000000,1.000000,0.000000,0.000000,0.215655
123,42,00264,lightsnow,964,1,0.000000,1.000000,0.000000,L,1.000000,1.000000,0.000001,0.000000,0.177808
123,42,00264,lightsnow,965,1,0.000000,1.000000,0.000000,L,1.000000,1.000000,0.000000,0.000000,0.110313
123,42,00264,lightsnow,966,1,0.000000,1.000000,0.000000,L,1.000000,1.000000,0.000000,0.000000,0.105405
123,42,00264,lightsnow,1050,1,0.000000,1.000000,0.000000,L,1.000000,1.000000,0.000002,0.000000,0.204167
123,42,00264,lightsnow,1051,1,0.000000,1.000000,0.000000,L,1.000000,1.000000,0.000000,0.000000,0.250098
123,42,00264,lightsnow,1052,1,0.000000,1.000000,0.000000,L,1.000000,1.000000,-0.000000,0.000000,0.582090
123,42,00264,lightsnow,1053,1,0.000000,1.000000,0.000000,L,1.000000,1.000000,-0.000000,0.000000,0.702622
123,42,00264,lightsnow,1054,1,0.000000,1.000000,0.000000,L,1.000000,1.000000,-0.000000,0.000000,0.455112
123,42,00264,lightsnow,1055,1,0.000000,1.000000,0.000000,L,1.000000,1.000000,0.000000,0.000000,0.246103
123,42,00264,lightsnow,1056,1,0.000000,1.000000,0.000000,L,1.000000,1.000000,0.000000,0.000000,0.131872
123,42,00264,lightsnow,1140,1,0.000000,1.000000,0.000000,L,1.000000,1.000000,0.000000,0.000000,0.216139
123,42,00264,lightsnow,1141,1,0.000000,1.000000,0.000000,L,1.000000,1.000000,0.000000,0.000000,0.249942
123,42,00264,lightsnow,1142,1,0.000000,1.000000,0.000000,L,1.000000,1.000000,-0.000000,0.000000,0.595060
123,42,00264,lightsnow,1143,1,0.000000,1.000000,0.000000,L,1.000000,1.000000,-0.000000,0.000000,0.741279
123,42,00264,lightsnow,1144,1,0.000000,1.000000,0.000000,L,1.000000,1.000000,-0.000000,0.000000,0.558673
123,42,00264,lightsnow,1145,1,0.000000,1.000000,0.000000,L,1.000000,1.000000,0.000000,0.000000,0.242149
123,42,00264,lightsnow,1146,1,0.000000,1.000000,0.000000,L,1.000000,1.000000,0.000000,0.000000,0.130142
123,42,00264,lightsnow,1230,1,0.000000,1.000000,0.000000,L,1.000000,1.000000,0.000001,0.000000,0.160040
123,42,00264,lightsnow,1231,1,0.000000,1.000000,0.000000,L,1.000000,1.000000,0.000002,0.000000,0.208162
123,42,00264,lightsnow,1232,1,0.000000,1.000000,0.000000,L,1.000000,1.000000,0.000000,0.000000,0.229718
123,42,00264,lightsnow,1233,1,0.000000,1.000000,0.000000,L,1.000000,1.000000,0.000000,0.000000,0.232834
123,42,00264,lightsnow,1234,1,0.000000,1.000000,0.000000,L,1.000000,1.000000,0.000000,0.000000,0.223959
123,42,00264,lightsnow,1235,1,0.000000,1.000000,0.000000,L,1.000000,1.000000,0.000000,0.000000,0.170314
123,42,00264,lightsnow,1236,1,0.000000,1.000000,0.000000,L,1.000000,1.000000,0.000000,0.000000,0.113355
123,42,00264,lightsnow,1399,0,0.000000,1.000000,0.000000,L,1.000000,1.000000,0.000000,0.000000,0.089028
123,42,00264,lightsnow,705,0,0.000000,1.000000,0.000000,L,1.000000,1.000000,0.000000,0.000000,0.127562
123,42,00264,lightsnow,1404,0,0.000000,1.000000,0.000000,L,1.000000,1.000000,0.000000,0.000000,0.121289
123,42,00264,lightsnow,122,0,0.000000,1.000000,0.000000,L,1.000000,1.000000,0.000001,0.000000,0.089631
123,42,00264,lightsnow,688,0,0.000000,1.000000,0.000000,L,1.000000,1.000000,0.000000,0.000000,0.092831
123,42,00264,lightsnow,660,0,0.000000,1.000000,0.000000,L,1.000000,1.000000,0.000001,0.000000,0.090374
123,42,00264,lightsnow,204,0,0.000000,1.000000,0.000000,L,1.000000,1.000000,0.000000,0.000000,0.136322
123,42,00264,lightsnow,325,0,0.000000,1.000000,0.000000,L,1.000000,1.000000,0.000000,0.000000,0.104961
123,42,00264,lightsnow,1099,0,0.000000,1.000000,0.000000,L,1.000000,1.000000,0.000000,0.000000,0.082389
123,42,00264,lightsnow,1346,0,0.000000,1.000000,0.000000,L,1.000000,1.000000,0.000000,0.000000,0.212864
123,42,00264,lightsnow,1048,0,0.000000,1.000000,0.000000,L,1.000000,1.000000,0.000000,0.000000,0.207513
123,42,00264,lightsnow,176,0,0.000000,1.000000,0.000000,L,1.000000,1.000000,0.000001,0.000000,0.128111
123,42,00264,lightsnow,982,0,0.000000,1.000000,0.000000,L,1.000000,1.000000,0.000000,0.000000,0.135780
123,42,00264,lightsnow,1409,0,0.000000,1.000000,0.000000,L,1.000000,1.000000,0.000000,0.000000,0.070923
123,42,00264,lightsnow,884,0,0.000000,1.000000,0.000000,L,1.000000,1.000000,0.000000,0.000000,0.127197
123,42,00264,lightsnow,1364,0,0.000000,1.000000,0.000000,L,1.000000,1.000000,0.000000,0.000000,0.136333
123,42,00264,lightsnow,1212,0,0.000000,1.000000,0.000000,L,1.000000,1.000000,0.000000,0.000000,0.110387
123,42,00264,lightsnow,1317,0,0.000000,1.000000,0.000000,L,1.000000,1.000000,0.000000,0.000000,0.155834
124,42,00298,lightsnow,439,1,0.000000,1.000000,0.000000,L,1.000000,1.000000,0.000000,0.000000,0.133827
124,42,00298,lightsnow,869,1,0.000000,1.000000,0.000000,L,1.000000,1.000000,0.000000,0.000000,0.346506
124,42,00298,lightsnow,778,1,0.000000,1.000000,0.000000,L,1.000000,1.000000,0.000001,0.000000,0.146856
124,42,00298,lightsnow,1048,1,0.000000,1.000000,0.000000,L,1.000000,1.000000,0.000002,0.000000,0.171913
124,42,00298,lightsnow,961,1,0.000000,1.000000,0.000000,L,1.000000,1.000000,-0.000000,0.000000,0.933528
124,42,00298,lightsnow,349,1,0.000000,1.000000,0.000000,L,1.000000,1.000000,0.000000,0.000000,0.156465
124,42,00298,lightsnow,445,1,0.000000,1.000000,0.000000,L,1.000000,1.000000,0.000003,0.000000,0.123654
124,42,00298,lightsnow,440,1,0.000000,1.000000,0.000000,L,1.000000,1.000000,-0.000000,0.000000,0.138820
124,42,00298,lightsnow,957,1,0.000000,1.000000,0.000000,L,1.000000,1.000000,0.000000,0.000000,0.156795
124,42,00298,lightsnow,870,1,0.000000,1.000000,0.000000,L,1.000000,1.000000,-0.000000,0.000000,0.700468
124,42,00298,lightsnow,958,1,0.000000,1.000000,0.000000,L,1.000000,1.000000,0.000000,0.000000,0.214673
124,42,00298,lightsnow,1053,1,0.000000,1.000000,0.000000,L,1.000000,1.000000,0.000000,0.000000,0.148593
124,42,00298,lightsnow,352,1,0.000000,1.000000,0.000000,L,1.000000,1.000000,0.000000,0.000000,0.177404
124,42,00298,lightsnow,1051,1,0.000000,1.000000,0.000000,L,1.000000,1.000000,0.000000,0.000000,0.233281
124,42,00298,lightsnow,529,1,0.000000,1.000000,0.000000,L,1.000000,1.000000,0.000001,0.000000,0.115019
124,42,00298,lightsnow,532,1,0.000000,1.000000,0.000000,L,1.000000,1.000000,0.000000,0.000000,0.088791
124,42,00298,lightsnow,1047,1,0.000000,1.000000,0.000000,L,1.000000,1.000000,0.000001,0.000000,0.146799
124,42,00298,lightsnow,350,1,0.000000,1.000000,0.000000,L,1.000000,1.000000,0.000000,0.000000,0.169759
124,42,00298,lightsnow,873,1,0.000000,1.000000,0.000000,L,1.000000,1.000000,0.000000,0.000000,0.247762
124,42,00298,lightsnow,960,1,0.000000,1.000000,0.000000,L,1.000000,1.000000,-0.000000,0.000000,0.968244
124,42,00298,lightsnow,621,1,0.000000,1.000000,0.000000,L,1.000000,1.000000,0.000000,0.000000,0.098160
124,42,00298,lightsnow,351,1,0.000000,1.000000,0.000000,L,1.000000,1.000000,-0.000000,0.000000,0.169386
124,42,00298,lightsnow,262,1,0.000000,1.000000,0.000000,L,1.000000,1.000000,0.000000,0.000000,0.180480
124,42,00298,lightsnow,868,1,0.000000,1.000000,0.000000,L,1.000000,1.000000,0.000002,0.000000,0.209181
124,42,00298,lightsnow,354,1,0.000000,1.000000,0.000000,L,1.000000,1.000000,0.000003,0.000000,0.113199
124,42,00298,lightsnow,353,1,0.000000,1.000000,0.000000,L,1.000000,1.000000,0.000000,0.000000,0.110873
124,42,00298,lightsnow,777,1,0.000000,1.000000,0.000000,L,1.000000,1.000000,0.000003,0.000000,0.132172
124,42,00298,lightsnow,781,1,0.000000,1.000000,0.000000,L,1.000000,1.000000,0.000003,0.000000,0.291192
124,42,00298,lightsnow,619,1,0.000000,1.000000,0.000000,L,1.000000,1.000000,0.000001,0.000000,0.082995
124,42,00298,lightsnow,779,1,0.000000,1.000000,0.000000,L,1.000000,1.000000,0.000000,0.000000,0.255504
124,42,00298,lightsnow,1052,1,0.000000,1.000000,0.000000,L,1.000000,1.000000,0.000001,0.000000,0.238675
124,42,00298,lightsnow,782,1,0.000000,1.000000,0.000000,L,1.000000,1.000000,0.000001,0.000000,0.238235
124,42,00298,lightsnow,531,1,0.000000,1.000000,0.000000,L,1.000000,1.000000,0.000000,0.000000,0.086306
124,42,00298,lightsnow,263,1,0.000000,1.000000,0.000000,L,1.000000,1.000000,0.000001,0.000000,0.175206
124,42,00298,lightsnow,260,1,0.000000,1.000000,0.000000,L,1.000000,1.000000,0.000000,0.000000,0.135207
124,42,00298,lightsnow,261,1,0.000000,1.000000,0.000000,L,1.000000,1.000000,0.000000,0.000000,0.172657
124,42,00298,lightsnow,102,0,0.000000,1.000000,0.000000,L,1.000000,1.000000,0.000000,0.000000,0.149524
124,42,00298,lightsnow,60,0,0.000000,1.000000,0.000000,L,1.000000,1.000000,0.000001,0.000000,0.046498
124,42,00298,lightsnow,1137,0,0.000000,1.000000,0.000000,L,1.000000,1.000000,0.000000,0.000000,0.128558
124,42,00298,lightsnow,676,0,0.000000,1.000000,0.000000,L,1.000000,1.000000,0.000000,0.000000,0.076675
124,42,00298,lightsnow,143,0,0.000000,1.000000,0.000000,L,1.000000,1.000000,0.000001,0.000000,0.050148
124,42,00298,lightsnow,1042,0,0.000000,1.000000,0.000000,L,1.000000,1.000000,0.000000,0.000000,0.109507
124,42,00298,lightsnow,19,0,0.000000,1.000000,0.000000,L,1.000000,1.000000,0.000004,0.000000,0.085297
124,42,00298,lightsnow,1290,0,0.000000,1.000000,0.000000,L,1.000000,1.000000,0.000000,0.000000,0.153447
124,42,00298,lightsnow,111,0,0.000000,1.000000,0.000000,L,1.000000,1.000000,0.000002,0.000000,0.105303
124,42,00298,lightsnow,756,0,0.000000,1.000000,0.000000,L,1.000000,1.000000,0.000000,0.000000,0.092611
124,42,00298,lightsnow,1283,0,0.000000,1.000000,0.000000,L,1.000000,1.000000,0.000000,0.000000,0.178597
124,42,00298,lightsnow,1199,0,0.000000,1.000000,0.000000,L,1.000000,1.000000,0.000001,0.000000,0.131411
124,42,00298,lightsnow,916,0,0.000000,1.000000,0.000000,L,1.000000,1.000000,0.000000,0.000000,0.083608
124,42,00298,lightsnow,1207,0,0.000000,1.000000,0.000000,L,1.000000,1.000000,0.000000,0.000000,0.114944
124,42,00298,lightsnow,690,0,0.000000,1.000000,0.000000,L,1.000000,1.000000,0.000000,0.000000,0.093386
124,42,00298,lightsnow,452,0,0.000000,1.000000,0.000000,L,1.000000,1.000000,0.000000,0.000000,0.195824
124,42,00298,lightsnow,901,0,0.000000,1.000000,0.000000,L,1.000000,1.000000,0.000000,0.000000,0.119589
124,42,00298,lightsnow,1091,0,0.000000,1.000000,0.000000,L,1.000000,1.000000,0.000001,0.000000,0.092945
125,42,00482,lightsnow,968,1,0.000000,1.000000,0.000000,L,1.000000,1.000000,0.000001,0.000000,0.113510
125,42,00482,lightsnow,969,1,0.000000,1.000000,0.000000,L,1.000000,1.000000,0.000000,0.000000,0.116364
125,42,00482,lightsnow,970,1,0.000000,1.000000,0.000000,L,1.000000,1.000000,0.000000,0.000000,0.124201
125,42,00482,lightsnow,971,1,0.000000,1.000000,0.000000,L,1.000000,1.000000,0.000001,0.000000,0.171497
125,42,00482,lightsnow,972,1,0.000000,1.000000,0.000000,L,1.000000,1.000000,0.000001,0.000000,0.201513
125,42,00482,lightsnow,1058,1,0.000000,1.000000,0.000000,L,1.000000,1.000000,0.000000,0.000000,0.203351
125,42,00482,lightsnow,1059,1,0.000000,1.000000,0.000000,L,1.000000,1.000000,0.000001,0.000000,0.206677
125,42,00482,lightsnow,1060,1,0.000000,1.000000,0.000000,L,1.000000,1.000000,0.000000,0.000000,0.287910
125,42,00482,lightsnow,1061,1,0.000000,1.000000,0.000000,L,1.000000,1.000000,-0.000000,0.000000,0.467372
125,42,00482,lightsnow,1062,1,0.000000,1.000000,0.000000,L,1.000000,1.000000,0.000000,0.000000,0.303639
125,42,00482,lightsnow,1063,1,0.000000,1.000000,0.000000,L,1.000000,1.000000,0.000000,0.000000,0.212701
125,42,00482,lightsnow,1064,1,0.000000,1.000000,0.000000,L,1.000000,1.000000,0.000000,0.000000,0.122002
125,42,00482,lightsnow,1148,1,0.000000,1.000000,0.000000,L,1.000000,1.000000,0.000000,0.000000,0.242664
125,42,00482,lightsnow,1149,1,0.000000,1.000000,0.000000,L,1.000000,1.000000,0.000000,0.000000,0.238114
125,42,00482,lightsnow,1150,1,0.000000,1.000000,0.000000,L,1.000000,1.000000,-0.000000,0.000000,0.506121
125,42,00482,lightsnow,1151,1,0.000000,1.000000,0.000000,L,1.000000,1.000000,-0.000000,0.000000,0.622818
125,42,00482,lightsnow,1152,1,0.000000,1.000000,0.000000,L,1.000000,1.000000,-0.000000,0.000000,0.542863
125,42,00482,lightsnow,1153,1,0.000000,1.000000,0.000000,L,1.000000,1.000000,0.000000,0.000000,0.291288
125,42,00482,lightsnow,1154,1,0.000000,1.000000,0.000000,L,1.000000,1.000000,0.000000,0.000000,0.153927
125,42,00482,lightsnow,1238,1,0.000000,1.000000,0.000000,L,1.000000,1.000000,0.000000,0.000000,0.192486
125,42,00482,lightsnow,1239,1,0.000000,1.000000,0.000000,L,1.000000,1.000000,0.000002,0.000000,0.211405
125,42,00482,lightsnow,1240,1,0.000000,1.000000,0.000000,L,1.000000,1.000000,0.000000,0.000000,0.269583
125,42,00482,lightsnow,1241,1,0.000000,1.000000,0.000000,L,1.000000,1.000000,-0.000000,0.000000,0.476123
125,42,00482,lightsnow,1242,1,0.000000,1.000000,0.000000,L,1.000000,1.000000,0.000000,0.000000,0.350706
125,42,00482,lightsnow,1243,1,0.000000,1.000000,0.000000,L,1.000000,1.000000,0.000000,0.000000,0.240561
125,42,00482,lightsnow,1244,1,0.000000,1.000000,0.000000,L,1.000000,1.000000,0.000000,0.000000,0.152861
125,42,00482,lightsnow,1331,1,0.000000,1.000000,0.000000,L,1.000000,1.000000,0.000000,0.000000,0.275814
125,42,00482,lightsnow,1332,1,0.000000,1.000000,0.000000,L,1.000000,1.000000,0.000000,0.000000,0.222436
125,42,00482,lightsnow,1333,1,0.000000,1.000000,0.000000,L,1.000000,1.000000,0.000000,0.000000,0.159071
125,42,00482,lightsnow,1334,1,0.000000,1.000000,0.000000,L,1.000000,1.000000,0.000000,0.000000,0.141868
125,42,00482,lightsnow,1414,0,0.000000,1.000000,0.000000,L,1.000000,1.000000,0.000000,0.000000,0.128672
125,42,00482,lightsnow,1230,0,0.000000,1.000000,0.000000,L,1.000000,1.000000,0.000000,0.000000,0.126596
125,42,00482,lightsnow,590,0,0.000000,1.000000,0.000000,L,1.000000,1.000000,0.000000,0.000000,0.110026
125,42,00482,lightsnow,978,0,0.000000,1.000000,0.000000,L,1.000000,1.000000,0.000000,0.000000,0.134542
125,42,00482,lightsnow,820,0,0.000000,1.000000,0.000000,L,1.000000,1.000000,0.000000,0.000000,0.101918
125,42,00482,lightsnow,12,0,0.000000,1.000000,0.000000,L,1.000000,1.000000,0.000002,0.000000,0.110125
125,42,00482,lightsnow,1008,0,0.000000,1.000000,0.000000,L,1.000000,1.000000,0.000000,0.000000,0.125917
125,42,00482,lightsnow,991,0,0.000000,1.000000,0.000000,L,1.000000,1.000000,0.000000,0.000000,0.203915
125,42,00482,lightsnow,381,0,0.000000,1.000000,0.000000,L,1.000000,1.000000,0.000000,0.000000,0.073557
125,42,00482,lightsnow,1267,0,0.000000,0.999999,0.000000,L,0.999999,0.999999,0.000009,0.000001,0.122635
125,42,00482,lightsnow,249,0,0.000000,1.000000,0.000000,L,1.000000,1.000000,0.000000,0.000000,0.128263
125,42,00482,lightsnow,252,0,0.000000,1.000000,0.000000,L,1.000000,1.000000,0.000000,0.000000,0.113872
125,42,00482,lightsnow,1368,0,0.000000,1.000000,0.000000,L,1.000000,1.000000,0.000000,0.000000,0.124569
125,42,00482,lightsnow,1132,0,0.000000,1.000000,0.000000,L,1.000000,1.000000,0.000000,0.000000,0.073538
125,42,00482,lightsnow,388,0,0.000000,1.000000,0.000000,L,1.000000,1.000000,0.000000,0.000000,0.093912
125,42,00482,lightsnow,1327,0,0.000000,1.000000,0.000000,L,1.000000,1.000000,0.000003,0.000000,0.154984
125,42,00482,lightsnow,1377,0,0.000000,1.000000,0.000000,L,1.000000,1.000000,0.000004,0.000000,0.129234
125,42,00482,lightsnow,130,0,0.000000,1.000000,0.000000,L,1.000000,1.000000,0.000001,0.000000,0.090930
126,42,00517,lightsnow,691,1,0.000000,1.000000,0.000000,L,1.000000,1.000000,0.000002,0.000000,0.210310
126,42,00517,lightsnow,692,1,0.000000,1.000000,0.000000,L,1.000000,1.000000,0.000000,0.000000,0.199174
126,42,00517,lightsnow,693,1,0.000000,1.000000,0.000000,L,1.000000,1.000000,0.000000,0.000000,0.223285
126,42,00517,lightsnow,694,1,0.000000,1.000000,0.000000,L,1.000000,1.000000,0.000000,0.000000,0.221279
126,42,00517,lightsnow,695,1,0.000000,1.000000,0.000000,L,1.000000,1.000000,0.000001,0.000000,0.215066
126,42,00517,lightsnow,696,1,0.000000,1.000000,0.000000,L,1.000000,1.000000,0.000000,0.000000,0.107480
126,42,00517,lightsnow,697,1,0.000000,1.000000,0.000000,L,1.000000,1.000000,0.000000,0.000000,0.096742
126,42,00517,lightsnow,781,1,0.000000,1.000000,0.000000,L,1.000000,1.000000,0.000000,0.000000,0.260132
126,42,00517,lightsnow,782,1,0.000000,1.000000,0.000000,L,1.000000,1.000000,0.000000,0.000000,0.247028
126,42,00517,lightsnow,783,1,0.000000,1.000000,0.000000,L,1.000000,1.000000,-0.000000,0.000000,0.542431
126,42,00517,lightsnow,784,1,0.000000,1.000000,0.000000,L,1.000000,1.000000,-0.000000,0.000000,0.594083
126,42,00517,lightsnow,785,1,0.000000,1.000000,0.000000,L,1.000000,1.000000,0.000000,0.000000,0.395332
126,42,00517,lightsnow,786,1,0.000000,1.000000,0.000000,L,1.000000,1.000000,0.000000,0.000000,0.225613
126,42,00517,lightsnow,787,1,0.000000,1.000000,0.000000,L,1.000000,1.000000,0.000000,0.000000,0.133775
126,42,00517,lightsnow,871,1,0.000000,1.000000,0.000000,L,1.000000,1.000000,0.000000,0.000000,0.252693
126,42,00517,lightsnow,872,1,0.000000,1.000000,0.000000,L,1.000000,1.000000,0.000000,0.000000,0.283549
126,42,00517,lightsnow,873,1,0.000000,1.000000,0.000000,L,1.000000,1.000000,-0.000000,0.000000,0.774205
126,42,00517,lightsnow,874,1,0.000000,1.000000,0.000000,L,1.000000,1.000000,-0.000000,0.000000,0.836702
126,42,00517,lightsnow,875,1,0.000000,1.000000,0.000000,L,1.000000,1.000000,-0.000000,0.000000,0.762091
126,42,00517,lightsnow,876,1,0.000000,1.000000,0.000000,L,1.000000,1.000000,0.000001,0.000000,0.336505
126,42,00517,lightsnow,877,1,0.000000,1.000000,0.000000,L,1.000000,1.000000,0.000000,0.000000,0.231037
126,42,00517,lightsnow,961,1,0.000000,1.000000,0.000000,L,1.000000,1.000000,0.000000,0.000000,0.193197
126,42,00517,lightsnow,962,1,0.000000,1.000000,0.000000,L,1.000000,1.000000,0.000000,0.000000,0.226805
126,42,00517,lightsnow,963,1,0.000000,1.000000,0.000000,L,1.000000,1.000000,0.000000,0.000000,0.303549
126,42,00517,lightsnow,964,1,0.000000,1.000000,0.000000,L,1.000000,1.000000,0.000000,0.000000,0.426407
126,42,00517,lightsnow,965,1,0.000000,1.000000,0.000000,L,1.000000,1.000000,0.000000,0.000000,0.357591
126,42,00517,lightsnow,966,1,0.000000,1.000000,0.000000,L,1.000000,1.000000,0.000000,0.000000,0.290653
126,42,00517,lightsnow,967,1,0.000000,1.000000,0.000000,L,1.000000,1.000000,0.000000,0.000000,0.157402
126,42,00517,lightsnow,1042,0,0.000000,1.000000,0.000000,L,1.000000,1.000000,0.000000,0.000000,0.130235
126,42,00517,lightsnow,825,0,0.000000,1.000000,0.000000,L,1.000000,1.000000,0.000000,0.000000,0.106239
126,42,00517,lightsnow,575,0,0.000000,1.000000,0.000000,L,1.000000,1.000000,0.000000,0.000000,0.076636
126,42,00517,lightsnow,1327,0,0.000000,1.000000,0.000000,L,1.000000,1.000000,0.000000,0.000000,0.096670
126,42,00517,lightsnow,928,0,0.000000,1.000000,0.000000,L,1.000000,1.000000,0.000000,0.000000,0.072480
126,42,00517,lightsnow,429,0,0.000000,1.000000,0.000000,L,1.000000,1.000000,0.000000,0.000000,0.097162
126,42,00517,lightsnow,1353,0,0.000000,1.000000,0.000000,L,1.000000,0.999999,0.000006,0.000001,0.160421
126,42,00517,lightsnow,1241,0,0.000000,1.000000,0.000000,L,1.000000,1.000000,0.000000,0.000000,0.094007
126,42,00517,lightsnow,836,0,0.000000,1.000000,0.000000,L,1.000000,1.000000,0.000000,0.000000,0.084162
126,42,00517,lightsnow,368,0,0.000000,1.000000,0.000000,L,1.000000,1.000000,0.000000,0.000000,0.122844
126,42,00517,lightsnow,352,0,0.000000,1.000000,0.000000,L,1.000000,1.000000,0.000000,0.000000,0.106292
126,42,00517,lightsnow,747,0,0.000000,1.000000,0.000000,L,1.000000,1.000000,0.000000,0.000000,0.073462
126,42,00517,lightsnow,1310,0,0.000000,1.000000,0.000000,L,1.000000,1.000000,0.000000,0.000000,0.141203
126,42,00517,lightsnow,1387,0,0.000000,1.000000,0.000000,L,1.000000,1.000000,0.000001,0.000000,0.113842
126,42,00517,lightsnow,1038,0,0.000000,1.000000,0.000000,L,1.000000,1.000000,0.000000,0.000000,0.083446
126,42,00517,lightsnow,270,0,0.000000,1.000000,0.000000,L,1.000000,1.000000,0.000000,0.000000,0.156576
126,42,00517,lightsnow,344,0,0.000000,1.000000,0.000000,L,1.000000,1.000000,0.000000,0.000000,0.086402
126,42,00517,lightsnow,377,0,0.000000,1.000000,0.000000,L,1.000000,1.000000,0.000001,0.000000,0.051997
127,42,00552,lightsnow,594,1,0.000000,1.000000,0.000000,L,1.000000,1.000000,0.000000,0.000000,0.200618
127,42,00552,lightsnow,595,1,0.000000,1.000000,0.000000,L,1.000000,1.000000,0.000000,0.000000,0.256191
127,42,00552,lightsnow,596,1,0.000000,1.000000,0.000000,L,1.000000,1.000000,0.000000,0.000000,0.309199
127,42,00552,lightsnow,597,1,0.000000,1.000000,0.000000,L,1.000000,1.000000,0.000001,0.000000,0.285280
127,42,00552,lightsnow,598,1,0.000000,1.000000,0.000000,L,1.000000,1.000000,0.000000,0.000000,0.243184
127,42,00552,lightsnow,599,1,0.000000,1.000000,0.000000,L,1.000000,1.000000,0.000000,0.000000,0.149647
127,42,00552,lightsnow,600,1,0.000000,1.000000,0.000000,L,1.000000,1.000000,0.000000,0.000000,0.101725
127,42,00552,lightsnow,684,1,0.000000,1.000000,0.000000,L,1.000000,1.000000,0.000000,0.000000,0.254491
127,42,00552,lightsnow,685,1,0.000000,1.000000,0.000000,L,1.000000,1.000000,0.000000,0.000000,0.470652
127,42,00552,lightsnow,686,1,0.000000,1.000000,0.000000,L,1.000000,1.000000,-0.000000,0.000000,0.758521
127,42,00552,lightsnow,687,1,0.000000,1.000000,0.000000,L,1.000000,1.000000,-0.000000,0.000000,0.776521
127,42,00552,lightsnow,688,1,0.000000,1.000000,0.000000,L,1.000000,1.000000,0.000000,0.000000,0.388350
127,42,00552,lightsnow,689,1,0.000000,1.000000,0.000000,L,1.000000,1.000000,0.000000,0.000000,0.257734
127,42,00552,lightsnow,690,1,0.000000,1.000000,0.000000,L,1.000000,1.000000,0.000000,0.000000,0.125526
127,42,00552,lightsnow,774,1,0.000000,1.000000,0.000000,L,1.000000,1.000000,0.000000,0.000000,0.230433
127,42,00552,lightsnow,775,1,0.000000,1.000000,0.000000,L,1.000000,1.000000,-0.000000,0.000000,0.574574
127,42,00552,lightsnow,776,1,0.000000,1.000000,0.000000,L,1.000000,1.000000,-0.000000,0.000000,0.793538
127,42,00552,lightsnow,777,1,0.000000,1.000000,0.000000,L,1.000000,1.000000,-0.000000,0.000000,0.820849
127,42,00552,lightsnow,778,1,0.000000,1.000000,0.000000,L,1.000000,1.000000,-0.000000,0.000000,0.536224
127,42,00552,lightsnow,779,1,0.000000,1.000000,0.000000,L,1.000000,1.000000,0.000000,0.000000,0.275306
127,42,00552,lightsnow,780,1,0.000000,1.000000,0.000000,L,1.000000,1.000000,0.000000,0.000000,0.206783
127,42,00552,lightsnow,864,1,0.000000,1.000000,0.000000,L,1.000000,1.000000,0.000003,0.000000,0.152474
127,42,00552,lightsnow,865,1,0.000000,1.000000,0.000000,L,1.000000,1.000000,0.000000,0.000000,0.229988
127,42,00552,lightsnow,866,1,0.000000,1.000000,0.000000,L,1.000000,1.000000,0.000000,0.000000,0.240721
127,42,00552,lightsnow,867,1,0.000000,1.000000,0.000000,L,1.000000,1.000000,0.000000,0.000000,0.243543
127,42,00552,lightsnow,868,1,0.000000,1.000000,0.000000,L,1.000000,1.000000,0.000000,0.000000,0.232587
127,42,00552,lightsnow,869,1,0.000000,1.000000,0.000000,L,1.000000,1.000000,0.000000,0.000000,0.141940
127,42,00552,lightsnow,870,1,0.000000,1.000000,0.000000,L,1.000000,1.000000,0.000000,0.000000,0.118199
127,42,00552,lightsnow,543,0,0.000000,1.000000,0.000000,L,1.000000,1.000000,0.000000,0.000000,0.130543
127,42,00552,lightsnow,22,0,0.000000,1.000000,0.000000,L,1.000000,1.000000,0.000000,0.000000,0.179344
127,42,00552,lightsnow,710,0,0.000000,1.000000,0.000000,L,1.000000,1.000000,0.000000,0.000000,0.053158
127,42,00552,lightsnow,1176,0,0.000000,1.000000,0.000000,L,1.000000,1.000000,0.000001,0.000000,0.162876
127,42,00552,lightsnow,1371,0,0.000000,1.000000,0.000000,L,1.000000,1.000000,0.000000,0.000000,0.126963
127,42,00552,lightsnow,381,0,0.000000,1.000000,0.000000,L,1.000000,0.999999,0.000004,0.000000,0.122826
127,42,00552,lightsnow,781,0,0.000000,1.000000,0.000000,L,1.000000,1.000000,0.000000,0.000000,0.184456
127,42,00552,lightsnow,1332,0,0.000000,1.000000,0.000000,L,1.000000,1.000000,0.000000,0.000000,0.104506
127,42,00552,lightsnow,313,0,0.000000,1.000000,0.000000,L,1.000000,1.000000,0.000000,0.000000,0.077301
127,42,00552,lightsnow,365,0,0.000001,0.999999,0.000000,L,0.999999,0.999998,0.000014,0.000001,0.111294
127,42,00552,lightsnow,771,0,0.000000,1.000000,0.000000,L,1.000000,1.000000,0.000000,0.000000,0.120183
127,42,00552,lightsnow,195,0,0.000000,1.000000,0.000000,L,1.000000,1.000000,0.000003,0.000000,0.128184
127,42,00552,lightsnow,326,0,0.000000,1.000000,0.000000,L,1.000000,1.000000,0.000000,0.000000,0.081966
127,42,00552,lightsnow,330,0,0.000000,1.000000,0.000000,L,1.000000,1.000000,0.000000,0.000000,0.187534
127,42,00552,lightsnow,1117,0,0.000000,1.000000,0.000000,L,1.000000,1.000000,0.000000,0.000000,0.085340
127,42,00552,lightsnow,400,0,0.000000,1.000000,0.000000,L,1.000000,1.000000,0.000000,0.000000,0.084066
127,42,00552,lightsnow,845,0,0.000000,1.000000,0.000000,L,1.000000,1.000000,0.000000,0.000000,0.091100
127,42,00552,lightsnow,1269,0,0.000001,0.999998,0.000001,L,0.999998,0.999997,0.000022,0.000002,0.200271
128,42,00587,lightsnow,317,1,0.000000,1.000000,0.000000,L,1.000000,1.000000,0.000001,0.000000,0.208459
128,42,00587,lightsnow,318,1,0.000000,1.000000,0.000000,L,1.000000,1.000000,0.000001,0.000000,0.209996
128,42,00587,lightsnow,319,1,0.000000,1.000000,0.000000,L,1.000000,1.000000,0.000000,0.000000,0.248268
128,42,00587,lightsnow,320,1,0.000000,1.000000,0.000000,L,1.000000,1.000000,0.000001,0.000000,0.234137
128,42,00587,lightsnow,321,1,0.000000,1.000000,0.000000,L,1.000000,1.000000,0.000002,0.000000,0.242223
128,42,00587,lightsnow,322,1,0.000000,1.000000,0.000000,L,1.000000,1.000000,0.000001,0.000000,0.210807
128,42,00587,lightsnow,323,1,0.000000,1.000000,0.000000,L,1.000000,1.000000,0.000001,0.000000,0.181586
128,42,00587,lightsnow,407,1,0.000000,1.000000,0.000000,L,1.000000,1.000000,0.000000,0.000000,0.251812
128,42,00587,lightsnow,408,1,0.000000,1.000000,0.000000,L,1.000000,1.000000,0.000001,0.000000,0.262639
128,42,00587,lightsnow,409,1,0.000000,1.000000,0.000000,L,1.000000,1.000000,0.000000,0.000000,0.418442
128,42,00587,lightsnow,410,1,0.000000,1.000000,0.000000,L,1.000000,1.000000,-0.000000,0.000000,0.700882
128,42,00587,lightsnow,411,1,0.000000,1.000000,0.000000,L,1.000000,1.000000,-0.000000,0.000000,0.646089
128,42,00587,lightsnow,412,1,0.000000,1.000000,0.000000,L,1.000000,1.000000,0.000001,0.000000,0.320828
128,42,00587,lightsnow,413,1,0.000000,1.000000,0.000000,L,1.000000,1.000000,0.000000,0.000000,0.242516
128,42,00587,lightsnow,497,1,0.000000,1.000000,0.000000,L,1.000000,1.000000,0.000000,0.000000,0.212436
128,42,00587,lightsnow,498,1,0.000000,1.000000,0.000000,L,1.000000,1.000000,0.000000,0.000000,0.237163
128,42,00587,lightsnow,499,1,0.000000,1.000000,0.000000,L,1.000000,1.000000,-0.000000,0.000000,0.625367
128,42,00587,lightsnow,500,1,0.000000,1.000000,0.000000,L,1.000000,1.000000,-0.000000,0.000000,0.772056
128,42,00587,lightsnow,501,1,0.000000,1.000000,0.000000,L,1.000000,1.000000,-0.000000,0.000000,0.771543
128,42,00587,lightsnow,502,1,0.000000,1.000000,0.000000,L,1.000000,1.000000,0.000000,0.000000,0.441384
128,42,00587,lightsnow,503,1,0.000000,1.000000,0.000000,L,1.000000,1.000000,0.000000,0.000000,0.225037
128,42,00587,lightsnow,587,1,0.000000,1.000000,0.000000,L,1.000000,1.000000,0.000003,0.000000,0.128666
128,42,00587,lightsnow,588,1,0.000000,1.000000,0.000000,L,1.000000,1.000000,0.000003,0.000000,0.160016
128,42,00587,lightsnow,589,1,0.000000,1.000000,0.000000,L,1.000000,1.000000,0.000000,0.000000,0.263853
128,42,00587,lightsnow,590,1,0.000000,1.000000,0.000000,L,1.000000,1.000000,0.000000,0.000000,0.345873
128,42,00587,lightsnow,591,1,0.000000,1.000000,0.000000,L,1.000000,1.000000,0.000000,0.000000,0.301696
128,42,00587,lightsnow,592,1,0.000000,1.000000,0.000000,L,1.000000,1.000000,0.000000,0.000000,0.231562
128,42,00587,lightsnow,593,1,0.000000,1.000000,0.000000,L,1.000000,1.000000,0.000000,0.000000,0.135957
128,42,00587,lightsnow,122,0,0.000000,1.000000,0.000000,L,1.000000,1.000000,0.000000,0.000000,0.157174
128,42,00587,lightsnow,307,0,0.000000,1.000000,0.000000,L,1.000000,1.000000,0.000000,0.000000,0.124704
128,42,00587,lightsnow,1325,0,0.000000,1.000000,0.000000,L,1.000000,1.000000,0.000000,0.000000,0.136096
128,42,00587,lightsnow,79,0,0.000000,1.000000,0.000000,L,1.000000,1.000000,0.000002,0.000000,0.254681
128,42,00587,lightsnow,532,0,0.000000,1.000000,0.000000,L,1.000000,1.000000,0.000000,0.000000,0.109324
128,42,00587,lightsnow,1082,0,0.000000,1.000000,0.000000,L,1.000000,1.000000,0.000000,0.000000,0.178753
128,42,00587,lightsnow,13,0,0.000000,1.000000,0.000000,L,1.000000,1.000000,0.000000,0.000000,0.163757
128,42,00587,lightsnow,145,0,0.000000,1.000000,0.000000,L,1.000000,1.000000,0.000004,0.000000,0.096161
128,42,00587,lightsnow,455,0,0.000000,1.000000,0.000000,L,1.000000,1.000000,0.000000,0.000000,0.068310
128,42,00587,lightsnow,29,0,0.000000,1.000000,0.000000,L,1.000000,1.000000,0.000000,0.000000,0.158041
128,42,00587,lightsnow,265,0,0.000000,1.000000,0.000000,L,1.000000,1.000000,0.000001,0.000000,0.179446
128,42,00587,lightsnow,277,0,0.000000,1.000000,0.000000,L,1.000000,1.000000,0.000000,0.000000,0.115082
128,42,00587,lightsnow,1042,0,0.000000,1.000000,0.000000,L,1.000000,1.000000,0.000000,0.000000,0.147127
128,42,00587,lightsnow,348,0,0.000000,1.000000,0.000000,L,1.000000,1.000000,0.000000,0.000000,0.127383
128,42,00587,lightsnow,382,0,0.000000,1.000000,0.000000,L,1.000000,1.000000,0.000000,0.000000,0.095047
128,42,00587,lightsnow,1412,0,0.000000,1.000000,0.000000,L,1.000000,1.000000,0.000001,0.000000,0.130320
128,42,00587,lightsnow,73,0,0.000000,1.000000,0.000000,L,1.000000,1.000000,0.000001,0.000000,0.093321
128,42,00587,lightsnow,632,0,0.000000,1.000000,0.000000,L,1.000000,1.000000,0.000000,0.000000,0.105402
129,43,00169,lightsnow,757,1,0.000000,1.000000,0.000000,L,1.000000,1.000000,0.000000,0.000000,0.160565
129,43,00169,lightsnow,847,1,0.000000,1.000000,0.000000,L,1.000000,1.000000,0.000000,0.000000,0.285129
129,43,00169,lightsnow,848,1,0.000000,1.000000,0.000000,L,1.000000,1.000000,0.000000,0.000000,0.321894
129,43,00169,lightsnow,849,1,0.000000,1.000000,0.000000,L,1.000000,1.000000,0.000000,0.000000,0.462781
129,43,00169,lightsnow,850,1,0.000000,1.000000,0.000000,L,1.000000,1.000000,0.000000,0.000000,0.422031
129,43,00169,lightsnow,936,1,0.000000,1.000000,0.000000,L,1.000000,1.000000,0.000001,0.000000,0.209040
129,43,00169,lightsnow,937,1,0.000000,1.000000,0.000000,L,1.000000,1.000000,0.000000,0.000000,0.275976
129,43,00169,lightsnow,938,1,0.000000,1.000000,0.000000,L,1.000000,1.000000,0.000000,0.000000,0.490035
129,43,00169,lightsnow,939,1,0.000000,1.000000,0.000000,L,1.000000,1.000000,0.000000,0.000000,0.477996
129,43,00169,lightsnow,940,1,0.000000,1.000000,0.000000,L,1.000000,1.000000,0.000000,0.000000,0.386065
129,43,00169,lightsnow,1026,1,0.000000,1.000000,0.000000,L,1.000000,1.000000,0.000001,0.000000,0.201670
129,43,00169,lightsnow,1027,1,0.000000,1.000000,0.000000,L,1.000000,1.000000,0.000000,0.000000,0.366854
129,43,00169,lightsnow,1028,1,0.000000,1.000000,0.000000,L,1.000000,1.000000,-0.000000,0.000000,0.526564
129,43,00169,lightsnow,1029,1,0.000000,1.000000,0.000000,L,1.000000,1.000000,-0.000000,0.000000,0.472567
129,43,00169,lightsnow,1030,1,0.000000,1.000000,0.000000,L,1.000000,1.000000,0.000000,0.000000,0.358793
129,43,00169,lightsnow,1116,1,0.000000,1.000000,0.000000,L,1.000000,1.000000,0.000001,0.000000,0.192540
129,43,00169,lightsnow,1117,1,0.000000,1.000000,0.000000,L,1.000000,1.000000,-0.000000,0.000000,0.446534
129,43,00169,lightsnow,1118,1,0.000000,1.000000,0.000000,L,1.000000,1.000000,0.000000,0.000000,0.292056
129,43,00169,lightsnow,1119,1,0.000000,1.000000,0.000000,L,1.000000,1.000000,0.000000,0.000000,0.262419
129,43,00169,lightsnow,1206,1,0.000000,1.000000,0.000000,L,1.000000,1.000000,0.000000,0.000000,0.206698
129,43,00169,lightsnow,1207,1,0.000000,1.000000,0.000000,L,1.000000,1.000000,-0.000000,0.000000,0.475140
129,43,00169,lightsnow,1208,1,0.000000,1.000000,0.000000,L,1.000000,1.000000,-0.000000,0.000000,0.375869
129,43,00169,lightsnow,1209,1,0.000000,1.000000,0.000000,L,1.000000,1.000000,0.000000,0.000000,0.318150
129,43,00169,lightsnow,1295,1,0.000000,1.000000,0.000000,L,1.000000,1.000000,0.000000,0.000000,0.180513
129,43,00169,lightsnow,1296,1,0.000000,1.000000,0.000000,L,1.000000,1.000000,0.000001,0.000000,0.186523
129,43,00169,lightsnow,1297,1,0.000000,1.000000,0.000000,L,1.000000,1.000000,0.000000,0.000000,0.302206
129,43,00169,lightsnow,1298,1,0.000000,1.000000,0.000000,L,1.000000,1.000000,-0.000000,0.000000,0.336020
129,43,00169,lightsnow,1299,1,0.000000,1.000000,0.000000,L,1.000000,1.000000,0.000000,0.000000,0.298978
129,43,00169,lightsnow,1387,1,0.000000,1.000000,0.000000,L,1.000000,1.000000,0.000000,0.000000,0.194040
129,43,00169,lightsnow,1388,1,0.000000,1.000000,0.000000,L,1.000000,1.000000,0.000000,0.000000,0.223307
129,43,00169,lightsnow,34,0,0.000000,1.000000,0.000000,L,1.000000,1.000000,0.000001,0.000000,0.115975
129,43,00169,lightsnow,1276,0,0.000000,1.000000,0.000000,L,1.000000,1.000000,0.000000,0.000000,0.119887
129,43,00169,lightsnow,742,0,0.000000,1.000000,0.000000,L,1.000000,1.000000,0.000000,0.000000,0.064405
129,43,00169,lightsnow,373,0,0.000000,1.000000,0.000000,L,1.000000,1.000000,0.000000,0.000000,0.127739
129,43,00169,lightsnow,380,0,0.000000,1.000000,0.000000,L,1.000000,1.000000,0.000000,0.000000,0.067485
129,43,00169,lightsnow,729,0,0.000000,1.000000,0.000000,L,1.000000,1.000000,0.000000,0.000000,0.062103
129,43,00169,lightsnow,706,0,0.000000,1.000000,0.000000,L,1.000000,1.000000,0.000000,0.000000,0.162474
129,43,00169,lightsnow,751,0,0.000000,1.000000,0.000000,L,1.000000,1.000000,0.000000,0.000000,0.059054
129,43,00169,lightsnow,1293,0,0.000000,1.000000,0.000000,L,1.000000,0.999999,0.000005,0.000000,0.139478
129,43,00169,lightsnow,518,0,0.000000,1.000000,0.000000,L,1.000000,1.000000,0.000000,0.000000,0.111548
129,43,00169,lightsnow,289,0,0.000000,1.000000,0.000000,L,1.000000,1.000000,0.000000,0.000000,0.095203
129,43,00169,lightsnow,398,0,0.000000,1.000000,0.000000,L,1.000000,1.000000,0.000000,0.000000,0.124959
129,43,00169,lightsnow,1284,0,0.000000,1.000000,0.000000,L,1.000000,1.000000,0.000000,0.000000,0.053796
129,43,00169,lightsnow,772,0,0.000000,1.000000,0.000000,L,1.000000,1.000000,0.000000,0.000000,0.104953
129,43,00169,lightsnow,871,0,0.000000,1.000000,0.000000,L,1.000000,1.000000,0.000000,0.000000,0.103672
129,43,00169,lightsnow,358,0,0.000000,1.000000,0.000000,L,1.000000,1.000000,0.000000,0.000000,0.208641
129,43,00169,lightsnow,208,0,0.000000,1.000000,0.000000,L,1.000000,1.000000,0.000000,0.000000,0.091411
129,43,00169,lightsnow,949,0,0.000000,1.000000,0.000000,L,1.000000,1.000000,0.000000,0.000000,0.081126
130,43,00204,lightsnow,695,1,0.000000,1.000000,0.000000,L,1.000000,1.000000,-0.000000,0.000000,0.449746
130,43,00204,lightsnow,694,1,0.000000,1.000000,0.000000,L,1.000000,1.000000,-0.000000,0.000000,0.392613
130,43,00204,lightsnow,409,1,0.000000,1.000000,0.000000,L,1.000000,1.000000,-0.000000,0.000000,0.543659
130,43,00204,lightsnow,787,1,0.000000,1.000000,0.000000,L,1.000000,1.000000,0.000000,0.000000,0.107331
130,43,00204,lightsnow,319,1,0.000000,1.000000,0.000000,L,1.000000,1.000000,-0.000000,0.000000,0.534352
130,43,00204,lightsnow,231,1,0.000000,1.000000,0.000000,L,1.000000,1.000000,0.000002,0.000000,0.228160
130,43,00204,lightsnow,321,1,0.000000,1.000000,0.000000,L,1.000000,1.000000,0.000000,0.000000,0.320360
130,43,00204,lightsnow,605,1,0.000000,1.000000,0.000000,L,1.000000,1.000000,0.000000,0.000000,0.226707
130,43,00204,lightsnow,878,1,0.000000,1.000000,0.000000,L,1.000000,1.000000,0.000000,0.000000,0.070948
130,43,00204,lightsnow,872,1,0.000000,1.000000,0.000000,L,1.000000,1.000000,0.000001,0.000000,0.138929
130,43,00204,lightsnow,604,1,0.000000,1.000000,0.000000,L,1.000000,1.000000,0.000000,0.000000,0.245158
130,43,00204,lightsnow,323,1,0.000000,1.000000,0.000000,L,1.000000,1.000000,0.000000,0.000000,0.184134
130,43,00204,lightsnow,874,1,0.000000,1.000000,0.000000,L,1.000000,1.000000,0.000000,0.000000,0.096574
130,43,00204,lightsnow,318,1,0.000000,1.000000,0.000000,L,1.000000,1.000000,0.000000,0.000000,0.361951
130,43,00204,lightsnow,785,1,0.000000,1.000000,0.000000,L,1.000000,1.000000,-0.000000,0.000000,0.308404
130,43,00204,lightsnow,412,1,0.000000,1.000000,0.000000,L,1.000000,1.000000,0.000000,0.000000,0.245731
130,43,00204,lightsnow,784,1,0.000000,1.000000,0.000000,L,1.000000,1.000000,-0.000000,0.000000,0.244676
130,43,00204,lightsnow,411,1,0.000000,1.000000,0.000000,L,1.000000,1.000000,0.000000,0.000000,0.364339
130,43,00204,lightsnow,606,1,0.000000,1.000000,0.000000,L,1.000000,1.000000,0.000003,0.000000,0.211855
130,43,00204,lightsnow,786,1,0.000000,1.000000,0.000000,L,1.000000,1.000000,0.000000,0.000000,0.240383
130,43,00204,lightsnow,588,1,0.000000,1.000000,0.000000,L,1.000000,1.000000,0.000002,0.000000,0.195392
130,43,00204,lightsnow,500,1,0.000000,1.000000,0.000000,L,1.000000,1.000000,0.000000,0.000000,0.356091
130,43,00204,lightsnow,408,1,0.000000,1.000000,0.000000,L,1.000000,1.000000,-0.000000,0.000000,0.430355
130,43,00204,lightsnow,498,1,0.000000,1.000000,0.000000,L,1.000000,1.000000,0.000000,0.000000,0.280679
130,43,00204,lightsnow,783,1,0.000000,1.000000,0.000000,L,1.000000,1.000000,0.000000,0.000000,0.227655
130,43,00204,lightsnow,407,1,0.000000,1.000000,0.000000,L,1.000000,1.000000,0.000001,0.000000,0.250578
130,43,00204,lightsnow,697,1,0.000000,1.000000,0.000000,L,1.000000,1.000000,0.000000,0.000000,0.187291
130,43,00204,lightsnow,587,1,0.000001,0.999999,0.000000,L,0.999999,0.999999,0.000014,0.000001,0.193870
130,43,00204,lightsnow,230,1,0.000000,1.000000,0.000000,L,1.000000,1.000000,0.000000,0.000000,0.235294
130,43,00204,lightsnow,876,1,0.000000,1.000000,0.000000,L,1.000000,1.000000,0.000000,0.000000,0.093395
130,43,00204,lightsnow,322,1,0.000000,1.000000,0.000000,L,1.000000,1.000000,0.000000,0.000000,0.228105
130,43,00204,lightsnow,875,1,0.000000,1.000000,0.000000,L,1.000000,1.000000,0.000000,0.000000,0.085996
130,43,00204,lightsnow,499,1,0.000000,1.000000,0.000000,L,1.000000,1.000000,0.000000,0.000000,0.353963
130,43,00204,lightsnow,316,1,0.000000,1.000000,0.000000,L,1.000000,1.000000,0.000000,0.000000,0.256395
130,43,00204,lightsnow,692,1,0.000000,1.000000,0.000000,L,1.000000,1.000000,0.000000,0.000000,0.173703
130,43,00204,lightsnow,698,1,0.000000,1.000000,0.000000,L,1.000000,1.000000,0.000000,0.000000,0.114947
130,43,00204,lightsnow,1394,0,0.000000,1.000000,0.000000,L,1.000000,1.000000,0.000000,0.000000,0.100445
130,43,00204,lightsnow,960,0,0.000000,1.000000,0.000000,L,1.000000,1.000000,0.000000,0.000000,0.130813
130,43,00204,lightsnow,1028,0,0.000000,1.000000,0.000000,L,1.000000,1.000000,0.000000,0.000000,0.162155
130,43,00204,lightsnow,944,0,0.000000,1.000000,0.000000,L,1.000000,1.000000,0.000000,0.000000,0.088609
130,43,00204,lightsnow,328,0,0.000000,1.000000,0.000000,L,1.000000,1.000000,0.000000,0.000000,0.175940
130,43,00204,lightsnow,1094,0,0.000000,1.000000,0.000000,L,1.000000,1.000000,0.000000,0.000000,0.119112
130,43,00204,lightsnow,1403,0,0.000000,1.000000,0.000000,L,1.000000,1.000000,0.000000,0.000000,0.079802
130,43,00204,lightsnow,762,0,0.000000,1.000000,0.000000,L,1.000000,1.000000,0.000000,0.000000,0.069768
130,43,00204,lightsnow,599,0,0.000000,1.000000,0.000000,L,1.000000,1.000000,0.000000,0.000000,0.094847
130,43,00204,lightsnow,273,0,0.000000,1.000000,0.000000,L,1.000000,1.000000,0.000002,0.000000,0.212531
130,43,00204,lightsnow,138,0,0.000000,1.000000,0.000000,L,1.000000,1.000000,0.000000,0.000000,0.089895
130,43,00204,lightsnow,1039,0,0.000000,1.000000,0.000000,L,1.000000,1.000000,0.000000,0.000000,0.085298
130,43,00204,lightsnow,89,0,0.000000,1.000000,0.000000,L,1.000000,1.000000,0.000000,0.000000,0.138363
130,43,00204,lightsnow,201,0,0.000000,1.000000,0.000000,L,1.000000,1.000000,0.000000,0.000000,0.052025
130,43,00204,lightsnow,1013,0,0.000000,1.000000,0.000000,L,1.000000,1.000000,0.000000,0.000000,0.105451
130,43,00204,lightsnow,1010,0,0.000000,1.000000,0.000000,L,1.000000,1.000000,0.000000,0.000000,0.118947
130,43,00204,lightsnow,1389,0,0.000000,1.000000,0.000000,L,1.000000,1.000000,0.000000,0.000000,0.114889
130,43,00204,lightsnow,741,0,0.000000,1.000000,0.000000,L,1.000000,1.000000,0.000000,0.000000,0.071162
131,43,00239,lightsnow,514,1,0.000000,1.000000,0.000000,L,1.000000,1.000000,0.000000,0.000000,0.116360
131,43,00239,lightsnow,515,1,0.000000,1.000000,0.000000,L,1.000000,1.000000,0.000000,0.000000,0.095207
131,43,00239,lightsnow,602,1,0.000000,1.000000,0.000000,L,1.000000,1.000000,0.000000,0.000000,0.149943
131,43,00239,lightsnow,603,1,0.000000,1.000000,0.000000,L,1.000000,1.000000,0.000000,0.000000,0.165629
131,43,00239,lightsnow,604,1,0.000000,1.000000,0.000000,L,1.000000,1.000000,0.000000,0.000000,0.171119
131,43,00239,lightsnow,605,1,0.000000,1.000000,0.000000,L,1.000000,1.000000,0.000000,0.000000,0.132873
131,43,00239,lightsnow,689,1,0.000000,1.000000,0.000000,L,1.000000,1.000000,0.000000,0.000000,0.199373
131,43,00239,lightsnow,690,1,0.000000,1.000000,0.000000,L,1.000000,1.000000,0.000000,0.000000,0.171272
131,43,00239,lightsnow,691,1,0.000000,1.000000,0.000000,L,1.000000,1.000000,0.000000,0.000000,0.193966
131,43,00239,lightsnow,692,1,0.000000,1.000000,0.000000,L,1.000000,1.000000,0.000000,0.000000,0.379936
131,43,00239,lightsnow,693,1,0.000000,1.000000,0.000000,L,1.000000,1.000000,0.000000,0.000000,0.420261
131,43,00239,lightsnow,694,1,0.000000,1.000000,0.000000,L,1.000000,1.000000,0.000001,0.000000,0.232412
131,43,00239,lightsnow,695,1,0.000000,1.000000,0.000000,L,1.000000,1.000000,0.000001,0.000000,0.223171
131,43,00239,lightsnow,696,1,0.000000,1.000000,0.000000,L,1.000000,1.000000,0.000000,0.000000,0.123355
131,43,00239,lightsnow,780,1,0.000000,1.000000,0.000000,L,1.000000,1.000000,0.000000,0.000000,0.244859
131,43,00239,lightsnow,781,1,0.000000,1.000000,0.000000,L,1.000000,1.000000,0.000000,0.000000,0.340675
131,43,00239,lightsnow,782,1,0.000000,1.000000,0.000000,L,1.000000,1.000000,-0.000000,0.000000,0.487629
131,43,00239,lightsnow,783,1,0.000000,1.000000,0.000000,L,1.000000,1.000000,-0.000000,0.000000,0.491742
131,43,00239,lightsnow,784,1,0.000000,1.000000,0.000000,L,1.000000,1.000000,-0.000000,0.000000,0.423113
131,43,00239,lightsnow,785,1,0.000000,1.000000,0.000000,L,1.000000,1.000000,0.000001,0.000000,0.304326
131,43,00239,lightsnow,786,1,0.000000,1.000000,0.000000,L,1.000000,1.000000,0.000001,0.000000,0.217782
131,43,00239,lightsnow,870,1,0.000000,1.000000,0.000000,L,1.000000,1.000000,0.000000,0.000000,0.237970
131,43,00239,lightsnow,871,1,0.000000,1.000000,0.000000,L,1.000000,1.000000,0.000000,0.000000,0.288835
131,43,00239,lightsnow,872,1,0.000000,1.000000,0.000000,L,1.000000,1.000000,0.000000,0.000000,0.426048
131,43,00239,lightsnow,873,1,0.000000,1.000000,0.000000,L,1.000000,1.000000,-0.000000,0.000000,0.438413
131,43,00239,lightsnow,874,1,0.000000,1.000000,0.000000,L,1.000000,1.000000,0.000000,0.000000,0.387643
131,43,00239,lightsnow,875,1,0.000000,1.000000,0.000000,L,1.000000,1.000000,0.000000,0.000000,0.262280
131,43,00239,lightsnow,960,1,0.000000,1.000000,0.000000,L,1.000000,1.000000,0.000001,0.000000,0.152910
131,43,00239,lightsnow,961,1,0.000000,1.000000,0.000000,L,1.000000,1.000000,0.000000,0.000000,0.193858
131,43,00239,lightsnow,962,1,0.000000,1.000000,0.000000,L,1.000000,1.000000,0.000000,0.000000,0.222140
131,43,00239,lightsnow,39,0,0.000000,1.000000,0.000000,L,1.000000,1.000000,0.000001,0.000000,0.119866
131,43,00239,lightsnow,1342,0,0.000000,1.000000,0.000000,L,1.000000,1.000000,0.000000,0.000000,0.170338
131,43,00239,lightsnow,634,0,0.000001,0.999999,0.000000,L,0.999999,0.999999,0.000008,0.000001,0.135776
131,43,00239,lightsnow,141,0,0.000000,1.000000,0.000000,L,1.000000,1.000000,0.000001,0.000000,0.080459
131,43,00239,lightsnow,1337,0,0.000000,1.000000,0.000000,L,1.000000,1.000000,0.000000,0.000000,0.163865
131,43,00239,lightsnow,757,0,0.000000,1.000000,0.000000,L,1.000000,1.000000,0.000000,0.000000,0.105403
131,43,00239,lightsnow,144,0,0.000000,1.000000,0.000000,L,1.000000,1.000000,0.000001,0.000000,0.107755
131,43,00239,lightsnow,1320,0,0.000000,1.000000,0.000000,L,1.000000,1.000000,0.000000,0.000000,0.118056
131,43,00239,lightsnow,902,0,0.000000,1.000000,0.000000,L,1.000000,1.000000,0.000000,0.000000,0.095784
131,43,00239,lightsnow,472,0,0.000000,1.000000,0.000000,L,1.000000,1.000000,0.000000,0.000000,0.093021
131,43,00239,lightsnow,948,0,0.000000,1.000000,0.000000,L,1.000000,1.000000,0.000000,0.000000,0.073850
131,43,00239,lightsnow,17,0,0.000000,1.000000,0.000000,L,1.000000,1.000000,0.000001,0.000000,0.062827
131,43,00239,lightsnow,11,0,0.000000,1.000000,0.000000,L,1.000000,1.000000,0.000003,0.000000,0.110559
131,43,00239,lightsnow,321,0,0.000000,1.000000,0.000000,L,1.000000,1.000000,0.000000,0.000000,0.143050
131,43,00239,lightsnow,857,0,0.000000,1.000000,0.000000,L,1.000000,1.000000,0.000000,0.000000,0.101933
131,43,00239,lightsnow,1177,0,0.000000,1.000000,0.000000,L,1.000000,1.000000,0.000001,0.000000,0.109115
131,43,00239,lightsnow,396,0,0.000000,1.000000,0.000000,L,1.000000,1.000000,0.000000,0.000000,0.143157
131,43,00239,lightsnow,1202,0,0.000000,1.000000,0.000000,L,1.000000,1.000000,0.000000,0.000000,0.131341
132,43,00273,lightsnow,515,1,0.000000,1.000000,0.000000,L,1.000000,1.000000,0.000000,0.000000,0.098169
132,43,00273,lightsnow,602,1,0.000000,1.000000,0.000000,L,1.000000,1.000000,0.000000,0.000000,0.161223
132,43,00273,lightsnow,603,1,0.000000,1.000000,0.000000,L,1.000000,1.000000,0.000000,0.000000,0.180170
132,43,00273,lightsnow,604,1,0.000000,1.000000,0.000000,L,1.000000,1.000000,0.000002,0.000000,0.177444
132,43,00273,lightsnow,605,1,0.000000,1.000000,0.000000,L,1.000000,1.000000,0.000000,0.000000,0.139058
132,43,00273,lightsnow,689,1,0.000000,1.000000,0.000000,L,1.000000,1.000000,0.000000,0.000000,0.233487
132,43,00273,lightsnow,690,1,0.000000,1.000000,0.000000,L,1.000000,1.000000,0.000000,0.000000,0.205834
132,43,00273,lightsnow,691,1,0.000000,1.000000,0.000000,L,1.000000,1.000000,0.000000,0.000000,0.196528
132,43,00273,lightsnow,692,1,0.000000,1.000000,0.000000,L,1.000000,1.000000,-0.000000,0.000000,0.436712
132,43,00273,lightsnow,693,1,0.000000,1.000000,0.000000,L,1.000000,1.000000,-0.000000,0.000000,0.461008
132,43,00273,lightsnow,694,1,0.000000,1.000000,0.000000,L,1.000000,1.000000,0.000000,0.000000,0.324891
132,43,00273,lightsnow,695,1,0.000000,1.000000,0.000000,L,1.000000,1.000000,0.000001,0.000000,0.241036
132,43,00273,lightsnow,696,1,0.000000,1.000000,0.000000,L,1.000000,1.000000,0.000001,0.000000,0.145539
132,43,00273,lightsnow,780,1,0.000000,1.000000,0.000000,L,1.000000,1.000000,0.000000,0.000000,0.232397
132,43,00273,lightsnow,781,1,0.000000,1.000000,0.000000,L,1.000000,1.000000,0.000000,0.000000,0.312172
132,43,00273,lightsnow,782,1,0.000000,1.000000,0.000000,L,1.000000,1.000000,-0.000000,0.000000,0.486982
132,43,00273,lightsnow,783,1,0.000000,1.000000,0.000000,L,1.000000,1.000000,-0.000000,0.000000,0.490954
132,43,00273,lightsnow,784,1,0.000000,1.000000,0.000000,L,1.000000,1.000000,-0.000000,0.000000,0.452292
132,43,00273,lightsnow,785,1,0.000000,1.000000,0.000000,L,1.000000,1.000000,0.000001,0.000000,0.282637
132,43,00273,lightsnow,786,1,0.000000,1.000000,0.000000,L,1.000000,1.000000,0.000001,0.000000,0.201335
132,43,00273,lightsnow,870,1,0.000000,1.000000,0.000000,L,1.000000,1.000000,0.000001,0.000000,0.240231
132,43,00273,lightsnow,871,1,0.000000,1.000000,0.000000,L,1.000000,1.000000,0.000000,0.000000,0.259581
132,43,00273,lightsnow,872,1,0.000000,1.000000,0.000000,L,1.000000,1.000000,0.000000,0.000000,0.319263
132,43,00273,lightsnow,873,1,0.000000,1.000000,0.000000,L,1.000000,1.000000,0.000000,0.000000,0.367342
132,43,00273,lightsnow,874,1,0.000000,1.000000,0.000000,L,1.000000,1.000000,0.000000,0.000000,0.333398
132,43,00273,lightsnow,875,1,0.000000,1.000000,0.000000,L,1.000000,1.000000,0.000000,0.000000,0.254354
132,43,00273,lightsnow,876,1,0.000000,1.000000,0.000000,L,1.000000,1.000000,0.000000,0.000000,0.106628
132,43,00273,lightsnow,960,1,0.000000,1.000000,0.000000,L,1.000000,1.000000,0.000001,0.000000,0.144327
132,43,00273,lightsnow,961,1,0.000000,1.000000,0.000000,L,1.000000,1.000000,0.000001,0.000000,0.200868
132,43,00273,lightsnow,962,1,0.000000,1.000000,0.000000,L,1.000000,1.000000,0.000000,0.000000,0.189606
132,43,00273,lightsnow,963,1,0.000000,1.000000,0.000000,L,1.000000,1.000000,0.000000,0.000000,0.221325
132,43,00273,lightsnow,1145,0,0.000000,1.000000,0.000000,L,1.000000,1.000000,0.000000,0.000000,0.071528
132,43,00273,lightsnow,484,0,0.000000,1.000000,0.000000,L,1.000000,1.000000,0.000000,0.000000,0.130739
132,43,00273,lightsnow,1433,0,0.000000,1.000000,0.000000,L,1.000000,1.000000,0.000001,0.000000,0.154918
132,43,00273,lightsnow,718,0,0.000000,1.000000,0.000000,L,1.000000,1.000000,0.000000,0.000000,0.096526
132,43,00273,lightsnow,367,0,0.000000,1.000000,0.000000,L,1.000000,1.000000,0.000000,0.000000,0.128145
132,43,00273,lightsnow,663,0,0.000000,1.000000,0.000000,L,1.000000,1.000000,0.000000,0.000000,0.115686
132,43,00273,lightsnow,396,0,0.000000,1.000000,0.000000,L,1.000000,1.000000,0.000001,0.000000,0.190238
132,43,00273,lightsnow,897,0,0.000000,1.000000,0.000000,L,1.000000,1.000000,0.000000,0.000000,0.107172
132,43,00273,lightsnow,21,0,0.000000,1.000000,0.000000,L,1.000000,1.000000,0.000001,0.000000,0.069942
132,43,00273,lightsnow,624,0,0.000000,1.000000,0.000000,L,1.000000,1.000000,0.000000,0.000000,0.115971
132,43,00273,lightsnow,449,0,0.000000,1.000000,0.000000,L,1.000000,1.000000,0.000000,0.000000,0.103483
132,43,00273,lightsnow,337,0,0.000000,1.000000,0.000000,L,1.000000,1.000000,0.000000,0.000000,0.103663
132,43,00273,lightsnow,103,0,0.000000,1.000000,0.000000,L,1.000000,1.000000,0.000001,0.000000,0.117593
132,43,00273,lightsnow,473,0,0.000000,1.000000,0.000000,L,1.000000,1.000000,0.000000,0.000000,0.091554
132,43,00273,lightsnow,977,0,0.000000,1.000000,0.000000,L,1.000000,1.000000,0.000000,0.000000,0.109789
132,43,00273,lightsnow,1067,0,0.000000,1.000000,0.000000,L,1.000000,1.000000,0.000000,0.000000,0.124071
132,43,00273,lightsnow,69,0,0.000000,1.000000,0.000000,L,1.000000,1.000000,0.000001,0.000000,0.067239
132,43,00273,lightsnow,314,0,0.000000,1.000000,0.000000,L,1.000000,1.000000,0.000000,0.000000,0.132595
133,43,00457,lightsnow,705,1,0.000000,1.000000,0.000000,L,1.000000,1.000000,0.000000,0.000000,0.100209
133,43,00457,lightsnow,781,1,0.000000,1.000000,0.000000,L,1.000000,1.000000,-0.000000,0.000000,0.482566
133,43,00457,lightsnow,530,1,0.000000,1.000000,0.000000,L,1.000000,1.000000,0.000000,0.000000,0.323819
133,43,00457,lightsnow,348,1,0.000000,1.000000,0.000000,L,1.000000,1.000000,0.000001,0.000000,0.235621
133,43,00457,lightsnow,440,1,0.000000,1.000000,0.000000,L,1.000000,1.000000,0.000000,0.000000,0.371668
133,43,00457,lightsnow,959,1,0.000000,1.000000,0.000000,L,1.000000,1.000000,0.000000,0.000000,0.140363
133,43,00457,lightsnow,694,1,0.000000,1.000000,0.000000,L,1.000000,1.000000,0.000000,0.000000,0.074734
133,43,00457,lightsnow,873,1,0.000000,1.000000,0.000000,L,1.000000,1.000000,0.000001,0.000000,0.167866
133,43,00457,lightsnow,526,1,0.000000,1.000000,0.000000,L,1.000000,1.000000,0.000001,0.000000,0.280535
133,43,00457,lightsnow,963,1,0.000000,1.000000,0.000000,L,1.000000,1.000000,0.000000,0.000000,0.113889
133,43,00457,lightsnow,962,1,0.000000,1.000000,0.000000,L,1.000000,1.000000,0.000000,0.000000,0.152329
133,43,00457,lightsnow,525,1,0.000000,1.000000,0.000000,L,1.000000,1.000000,0.000000,0.000000,0.216496
133,43,00457,lightsnow,529,1,0.000000,1.000000,0.000000,L,1.000000,1.000000,0.000000,0.000000,0.375780
133,43,00457,lightsnow,618,1,0.000000,1.000000,0.000000,L,1.000000,1.000000,0.000000,0.000000,0.272655
133,43,00457,lightsnow,346,1,0.000000,1.000000,0.000000,L,1.000000,1.000000,0.000000,0.000000,0.259326
133,43,00457,lightsnow,707,1,0.000000,1.000000,0.000000,L,1.000000,1.000000,0.000000,0.000000,0.133625
133,43,00457,lightsnow,961,1,0.000000,1.000000,0.000000,L,1.000000,1.000000,0.000000,0.000000,0.171943
133,43,00457,lightsnow,691,1,0.000000,1.000000,0.000000,L,1.000000,1.000000,0.000000,0.000000,0.197684
133,43,00457,lightsnow,350,1,0.000000,1.000000,0.000000,L,1.000000,1.000000,0.000000,0.000000,0.142888
133,43,00457,lightsnow,620,1,0.000000,1.000000,0.000000,L,1.000000,1.000000,0.000000,0.000000,0.203463
133,43,00457,lightsnow,870,1,0.000000,1.000000,0.000000,L,1.000000,1.000000,-0.000000,0.000000,0.414709
133,43,00457,lightsnow,439,1,0.000000,1.000000,0.000000,L,1.000000,1.000000,0.000000,0.000000,0.393348
133,43,00457,lightsnow,874,1,0.000000,1.000000,0.000000,L,1.000000,1.000000,0.000000,0.000000,0.138971
133,43,00457,lightsnow,780,1,0.000000,1.000000,0.000000,L,1.000000,1.000000,-0.000000,0.000000,0.470438
133,43,00457,lightsnow,782,1,0.000000,1.000000,0.000000,L,1.000000,1.000000,-0.000000,0.000000,0.431664
133,43,00457,lightsnow,958,1,0.000000,1.000000,0.000000,L,1.000000,1.000000,0.000001,0.000000,0.142934
133,43,00457,lightsnow,260,1,0.000000,1.000000,0.000000,L,1.000000,1.000000,0.000000,0.000000,0.180363
133,43,00457,lightsnow,616,1,0.000000,1.000000,0.000000,L,1.000000,1.000000,0.000000,0.000000,0.216950
133,43,00457,lightsnow,871,1,0.000000,1.000000,0.000000,L,1.000000,1.000000,-0.000000,0.000000,0.517024
133,43,00457,lightsnow,437,1,0.000000,1.000000,0.000000,L,1.000000,1.000000,0.000001,0.000000,0.350789
133,43,00457,lightsnow,692,1,0.000000,1.000000,0.000000,L,1.000000,1.000000,0.000002,0.000000,0.156537
133,43,00457,lightsnow,690,1,0.000000,1.000000,0.000000,L,1.000000,1.000000,0.000000,0.000000,0.198545
133,43,00457,lightsnow,784,1,0.000000,1.000000,0.000000,L,1.000000,1.000000,0.000001,0.000000,0.119722
133,43,00457,lightsnow,438,1,0.000000,1.000000,0.000000,L,1.000000,1.000000,0.000000,0.000000,0.387209
133,43,00457,lightsnow,615,1,0.000000,1.000000,0.000000,L,1.000000,1.000000,0.000000,0.000000,0.144426
133,43,00457,lightsnow,964,1,0.000000,1.000000,0.000000,L,1.000000,1.000000,0.000000,0.000000,0.093910
133,43,00457,lightsnow,1426,0,0.000000,1.000000,0.000000,L,1.000000,1.000000,0.000000,0.000000,0.080633
133,43,00457,lightsnow,622,0,0.000000,1.000000,0.000000,L,1.000000,1.000000,0.000000,0.000000,0.127631
133,43,00457,lightsnow,571,0,0.000000,1.000000,0.000000,L,1.000000,1.000000,0.000000,0.000000,0.121438
133,43,00457,lightsnow,1338,0,0.000000,1.000000,0.000000,L,1.000000,1.000000,0.000000,0.000000,0.128466
133,43,00457,lightsnow,1127,0,0.000000,1.000000,0.000000,L,1.000000,1.000000,0.000000,0.000000,0.099632
133,43,00457,lightsnow,1190,0,0.000000,1.000000,0.000000,L,1.000000,1.000000,0.000000,0.000000,0.069358
133,43,00457,lightsnow,687,0,0.000000,1.000000,0.000000,L,1.000000,1.000000,0.000000,0.000000,0.173407
133,43,00457,lightsnow,130,0,0.000000,1.000000,0.000000,L,1.000000,1.000000,0.000001,0.000000,0.090686
133,43,00457,lightsnow,1054,0,0.000000,1.000000,0.000000,L,1.000000,1.000000,0.000000,0.000000,0.079413
133,43,00457,lightsnow,364,0,0.000001,0.999999,0.000000,L,0.999999,0.999998,0.000013,0.000001,0.182984
133,43,00457,lightsnow,838,0,0.000000,1.000000,0.000000,L,1.000000,1.000000,0.000000,0.000000,0.128042
133,43,00457,lightsnow,197,0,0.000000,1.000000,0.000000,L,1.000000,1.000000,0.000000,0.000000,0.080302
133,43,00457,lightsnow,227,0,0.000000,1.000000,0.000000,L,1.000000,1.000000,0.000000,0.000000,0.094764
133,43,00457,lightsnow,95,0,0.000000,1.000000,0.000000,L,1.000000,1.000000,0.000000,0.000000,0.187438
133,43,00457,lightsnow,1308,0,0.000000,1.000000,0.000000,L,1.000000,1.000000,0.000000,0.000000,0.081827
133,43,00457,lightsnow,1305,0,0.000000,1.000000,0.000000,L,1.000000,1.000000,0.000000,0.000000,0.110807
133,43,00457,lightsnow,344,0,0.000000,1.000000,0.000000,L,1.000000,1.000000,0.000000,0.000000,0.171052
133,43,00457,lightsnow,387,0,0.000000,1.000000,0.000000,L,1.000000,1.000000,0.000000,0.000000,0.151285
134,43,00492,lightsnow,378,1,0.000000,1.000000,0.000000,L,1.000000,1.000000,0.000000,0.000000,0.254563
134,43,00492,lightsnow,701,1,0.000000,1.000000,0.000000,L,1.000000,1.000000,0.000000,0.000000,0.283082
134,43,00492,lightsnow,290,1,0.000000,1.000000,0.000000,L,1.000000,1.000000,-0.000000,0.000000,0.844846
134,43,00492,lightsnow,1115,1,0.000000,1.000000,0.000000,L,1.000000,1.000000,-0.000000,0.000000,0.525599
134,43,00492,lightsnow,1118,1,0.000000,1.000000,0.000000,L,1.000000,1.000000,0.000000,0.000000,0.297700
134,43,00492,lightsnow,199,1,0.000000,1.000000,0.000000,L,1.000000,1.000000,0.000000,0.000000,0.239671
134,43,00492,lightsnow,1204,1,0.000000,1.000000,0.000000,L,1.000000,1.000000,0.000002,0.000000,0.180205
134,43,00492,lightsnow,6,1,0.000000,1.000000,0.000000,L,1.000000,1.000000,-0.000000,0.000000,0.495469
134,43,00492,lightsnow,934,1,0.000000,1.000000,0.000000,L,1.000000,1.000000,0.000000,0.000000,0.184455
134,43,00492,lightsnow,97,1,0.000000,1.000000,0.000000,L,1.000000,1.000000,0.000000,0.000000,0.245262
134,43,00492,lightsnow,1029,1,0.000000,1.000000,0.000000,L,1.000000,1.000000,0.000000,0.000000,0.175010
134,43,00492,lightsnow,3,1,0.000000,1.000000,0.000000,L,1.000000,1.000000,0.000000,0.000000,0.250210
134,43,00492,lightsnow,288,1,0.000000,1.000000,0.000000,L,1.000000,1.000000,0.000000,0.000000,0.270859
134,43,00492,lightsnow,198,1,0.000000,1.000000,0.000000,L,1.000000,1.000000,0.000000,0.000000,0.245470
134,43,00492,lightsnow,469,1,0.000000,1.000000,0.000000,L,1.000000,1.000000,0.000001,0.000000,0.244640
134,43,00492,lightsnow,428,1,0.000000,1.000000,0.000000,L,1.000000,1.000000,0.000000,0.000000,0.206337
134,43,00492,lightsnow,471,1,0.000000,1.000000,0.000000,L,1.000000,1.000000,0.000003,0.000000,0.241900
134,43,00492,lightsnow,1024,1,0.000000,1.000000,0.000000,L,1.000000,1.000000,0.000000,0.000000,0.226889
134,43,00492,lightsnow,1119,1,0.000000,1.000000,0.000000,L,1.000000,1.000000,0.000000,0.000000,0.158953
134,43,00492,lightsnow,515,1,0.000000,1.000000,0.000000,L,1.000000,1.000000,0.000000,0.000000,0.129304
134,43,00492,lightsnow,4,1,0.000000,1.000000,0.000000,L,1.000000,1.000000,0.000000,0.000000,0.262627
134,43,00492,lightsnow,9,1,0.000000,1.000000,0.000000,L,1.000000,1.000000,0.000000,0.000000,0.299546
134,43,00492,lightsnow,786,1,0.000000,1.000000,0.000000,L,1.000000,1.000000,0.000000,0.000000,0.178635
134,43,00492,lightsnow,200,1,0.000000,1.000000,0.000000,L,1.000000,0.999999,0.000005,0.000000,0.266456
134,43,00492,lightsnow,519,1,0.000000,1.000000,0.000000,L,1.000000,1.000000,0.000000,0.000000,0.274669
134,43,00492,lightsnow,292,1,0.000000,1.000000,0.000000,L,1.000000,1.000000,-0.000000,0.000000,0.527200
134,43,00492,lightsnow,938,1,0.000000,1.000000,0.000000,L,1.000000,1.000000,0.000000,0.000000,0.173346
134,43,00492,lightsnow,1026,1,0.000000,1.000000,0.000000,L,1.000000,1.000000,-0.000000,0.000000,0.491155
134,43,00492,lightsnow,518,1,0.000000,1.000000,0.000000,L,1.000000,1.000000,0.000000,0.000000,0.278015
134,43,00492,lightsnow,516,1,0.000000,1.000000,0.000000,L,1.000000,1.000000,0.000000,0.000000,0.207716
134,43,00492,lightsnow,612,1,0.000000,1.000000,0.000000,L,1.000000,1.000000,0.000000,0.000000,0.197406
134,43,00492,lightsnow,384,1,0.000000,1.000000,0.000000,L,1.000000,1.000000,0.000000,0.000000,0.208499
134,43,00492,lightsnow,1116,1,0.000000,1.000000,0.000000,L,1.000000,1.000000,-0.000000,0.000000,0.524212
134,43,00492,lightsnow,1206,1,0.000000,1.000000,0.000000,L,1.000000,1.000000,0.000000,0.000000,0.218726
134,43,00492,lightsnow,8,1,0.000000,1.000000,0.000000,L,1.000000,1.000000,0.000000,0.000000,0.290941
134,43,00492,lightsnow,698,1,0.000000,1.000000,0.000000,L,1.000000,1.000000,-0.000000,0.000000,0.732377
134,43,00492,lightsnow,622,0,0.000000,1.000000,0.000000,L,1.000000,1.000000,0.000000,0.000000,0.094176
134,43,00492,lightsnow,1381,0,0.000000,1.000000,0.000000,L,1.000000,1.000000,0.000000,0.000000,0.145825
134,43,00492,lightsnow,1098,0,0.000000,1.000000,0.000000,L,1.000000,1.000000,0.000000,0.000000,0.070440
134,43,00492,lightsnow,677,0,0.000000,1.000000,0.000000,L,1.000000,1.000000,0.000000,0.000000,0.090278
134,43,00492,lightsnow,1402,0,0.000000,1.000000,0.000000,L,1.000000,1.000000,0.000000,0.000000,0.072527
134,43,00492,lightsnow,1363,0,0.000000,1.000000,0.000000,L,1.000000,1.000000,0.000001,0.000000,0.083817
134,43,00492,lightsnow,636,0,0.000000,1.000000,0.000000,L,1.000000,1.000000,0.000000,0.000000,0.155139
134,43,00492,lightsnow,1039,0,0.000000,1.000000,0.000000,L,1.000000,1.000000,0.000000,0.000000,0.073585
134,43,00492,lightsnow,719,0,0.000000,1.000000,0.000000,L,1.000000,1.000000,0.000000,0.000000,0.138060
134,43,00492,lightsnow,558,0,0.000000,1.000000,0.000000,L,1.000000,1.000000,0.000001,0.000000,0.209969
134,43,00492,lightsnow,77,0,0.000000,1.000000,0.000000,L,1.000000,1.000000,0.000000,0.000000,0.149236
134,43,00492,lightsnow,873,0,0.000000,1.000000,0.000000,L,1.000000,1.000000,0.000000,0.000000,0.087004
134,43,00492,lightsnow,132,0,0.000000,1.000000,0.000000,L,1.000000,1.000000,0.000001,0.000000,0.072482
134,43,00492,lightsnow,500,0,0.000000,1.000000,0.000000,L,1.000000,1.000000,0.000000,0.000000,0.104727
134,43,00492,lightsnow,230,0,0.000000,1.000000,0.000000,L,1.000000,1.000000,0.000000,0.000000,0.154929
134,43,00492,lightsnow,666,0,0.000000,1.000000,0.000000,L,1.000000,1.000000,0.000000,0.000000,0.100429
134,43,00492,lightsnow,50,0,0.000000,1.000000,0.000000,L,1.000000,1.000000,0.000001,0.000000,0.099381
134,43,00492,lightsnow,461,0,0.000000,1.000000,0.000000,L,1.000000,1.000000,0.000000,0.000000,0.086843
135,43,00527,lightsnow,1209,1,0.000000,0.999999,0.000000,L,0.999999,0.999999,0.000009,0.000001,0.183243
135,43,00527,lightsnow,98,1,0.000000,1.000000,0.000000,L,1.000000,1.000000,0.000003,0.000000,0.218702
135,43,00527,lightsnow,1033,1,0.000000,1.000000,0.000000,L,1.000000,1.000000,0.000000,0.000000,0.392751
135,43,00527,lightsnow,940,1,0.000000,1.000000,0.000000,L,1.000000,1.000000,0.000000,0.000000,0.196456
135,43,00527,lightsnow,1035,1,0.000000,1.000000,0.000000,L,1.000000,1.000000,0.000000,0.000000,0.157518
135,43,00527,lightsnow,1121,1,0.000000,1.000000,0.000000,L,1.000000,1.000000,0.000000,0.000000,0.513158
135,43,00527,lightsnow,5,1,0.000000,1.000000,0.000000,L,1.000000,1.000000,0.000000,0.000000,0.360928
135,43,00527,lightsnow,92,1,0.000000,1.000000,0.000000,L,1.000000,1.000000,0.000001,0.000000,0.209224
135,43,00527,lightsnow,2,1,0.000000,1.000000,0.000000,L,1.000000,1.000000,0.000000,0.000000,0.218162
135,43,00527,lightsnow,850,1,0.000000,1.000000,0.000000,L,1.000000,1.000000,0.000000,0.000000,0.091183
135,43,00527,lightsnow,945,1,0.000000,1.000000,0.000000,L,1.000000,1.000000,0.000000,0.000000,0.090802
135,43,00527,lightsnow,91,1,0.000000,1.000000,0.000000,L,1.000000,1.000000,0.000000,0.000000,0.185237
135,43,00527,lightsnow,1120,1,0.000000,1.000000,0.000000,L,1.000000,1.000000,0.000000,0.000000,0.297671
135,43,00527,lightsnow,1,1,0.000000,1.000000,0.000000,L,1.000000,1.000000,0.000000,0.000000,0.193012
135,43,00527,lightsnow,851,1,0.000000,1.000000,0.000000,L,1.000000,1.000000,0.000000,0.000000,0.125549
135,43,00527,lightsnow,1123,1,0.000000,1.000000,0.000000,L,1.000000,1.000000,0.000000,0.000000,0.295690
135,43,00527,lightsnow,1034,1,0.000000,1.000000,0.000000,L,1.000000,1.000000,0.000000,0.000000,0.216358
135,43,00527,lightsnow,1122,1,0.000000,1.000000,0.000000,L,1.000000,1.000000,0.000000,0.000000,0.544556
135,43,00527,lightsnow,1029,1,0.000000,1.000000,0.000000,L,1.000000,1.000000,0.000000,0.000000,0.224091
135,43,00527,lightsnow,93,1,0.000000,1.000000,0.000000,L,1.000000,1.000000,0.000002,0.000000,0.211972
135,43,00527,lightsnow,95,1,0.000000,1.000000,0.000000,L,1.000000,1.000000,0.000000,0.000000,0.233060
135,43,00527,lightsnow,943,1,0.000000,1.000000,0.000000,L,1.000000,1.000000,0.000000,0.000000,0.247969
135,43,00527,lightsnow,1119,1,0.000000,1.000000,0.000000,L,1.000000,1.000000,0.000002,0.000000,0.232243
135,43,00527,lightsnow,852,1,0.000000,1.000000,0.000000,L,1.000000,1.000000,0.000000,0.000000,0.170371
135,43,00527,lightsnow,1030,1,0.000000,1.000000,0.000000,L,1.000000,1.000000,0.000000,0.000000,0.348590
135,43,00527,lightsnow,8,1,0.000000,1.000000,0.000000,L,1.000000,1.000000,0.000001,0.000000,0.239156
135,43,00527,lightsnow,96,1,0.000000,1.000000,0.000000,L,1.000000,1.000000,0.000000,0.000000,0.243705
135,43,00527,lightsnow,1031,1,0.000000,1.000000,0.000000,L,1.000000,1.000000,0.000000,0.000000,0.664563
135,43,00527,lightsnow,1125,1,0.000000,1.000000,0.000000,L,1.000000,1.000000,0.000000,0.000000,0.104707
135,43,00527,lightsnow,1032,1,0.000000,1.000000,0.000000,L,1.000000,1.000000,0.000000,0.000000,0.702801
135,43,00527,lightsnow,1211,1,0.000000,1.000000,0.000000,L,1.000000,1.000000,0.000000,0.000000,0.233471
135,43,00527,lightsnow,1124,1,0.000000,1.000000,0.000000,L,1.000000,1.000000,0.000000,0.000000,0.206762
135,43,00527,lightsnow,94,1,0.000000,1.000000,0.000000,L,1.000000,1.000000,0.000001,0.000000,0.221602
135,43,00527,lightsnow,855,1,0.000000,1.000000,0.000000,L,1.000000,1.000000,0.000000,0.000000,0.085001
135,43,00527,lightsnow,4,1,0.000000,1.000000,0.000000,L,1.000000,1.000000,0.000000,0.000000,0.296461
135,43,00527,lightsnow,942,1,0.000000,1.000000,0.000000,L,1.000000,1.000000,0.000000,0.000000,0.281915
135,43,00527,lightsnow,409,0,0.000000,1.000000,0.000000,L,1.000000,1.000000,0.000000,0.000000,0.141800
135,43,00527,lightsnow,994,0,0.000000,1.000000,0.000000,L,1.000000,1.000000,0.000003,0.000000,0.150641
135,43,00527,lightsnow,747,0,0.000000,1.000000,0.000000,L,1.000000,1.000000,0.000000,0.000000,0.073313
135,43,00527,lightsnow,1333,0,0.000000,1.000000,0.000000,L,1.000000,1.000000,0.000000,0.000000,0.131063
135,43,00527,lightsnow,340,0,0.000000,1.000000,0.000000,L,1.000000,1.000000,0.000000,0.000000,0.060007
135,43,00527,lightsnow,66,0,0.000000,1.000000,0.000000,L,1.000000,1.000000,0.000001,0.000000,0.098262
135,43,00527,lightsnow,105,0,0.000000,1.000000,0.000000,L,1.000000,1.000000,0.000001,0.000000,0.102799
135,43,00527,lightsnow,783,0,0.000000,1.000000,0.000000,L,1.000000,1.000000,0.000000,0.000000,0.235204
135,43,00527,lightsnow,792,0,0.000000,1.000000,0.000000,L,1.000000,1.000000,0.000000,0.000000,0.081049
135,43,00527,lightsnow,686,0,0.000000,1.000000,0.000000,L,1.000000,1.000000,0.000000,0.000000,0.123895
135,43,00527,lightsnow,1339,0,0.000000,1.000000,0.000000,L,1.000000,1.000000,0.000000,0.000000,0.137767
135,43,00527,lightsnow,575,0,0.000000,1.000000,0.000000,L,1.000000,1.000000,0.000000,0.000000,0.121799
135,43,00527,lightsnow,500,0,0.000000,1.000000,0.000000,L,1.000000,1.000000,0.000000,0.000000,0.102831
135,43,00527,lightsnow,279,0,0.000000,1.000000,0.000000,L,1.000000,1.000000,0.000000,0.000000,0.103455
135,43,00527,lightsnow,1290,0,0.000000,1.000000,0.000000,L,1.000000,1.000000,0.000000,0.000000,0.135863
135,43,00527,lightsnow,1266,0,0.000000,1.000000,0.000000,L,1.000000,1.000000,0.000000,0.000000,0.113061
135,43,00527,lightsnow,1387,0,0.000000,1.000000,0.000000,L,1.000000,1.000000,0.000001,0.000000,0.135859
135,43,00527,lightsnow,1106,0,0.000000,1.000000,0.000000,L,1.000000,1.000000,0.000000,0.000000,0.132235
136,48,00117,lightsnow,906,1,0.000000,1.000000,0.000000,L,1.000000,1.000000,0.000002,0.000000,0.208234
136,48,00117,lightsnow,907,1,0.000000,1.000000,0.000000,L,1.000000,1.000000,0.000000,0.000000,0.213394
136,48,00117,lightsnow,908,1,0.000000,1.000000,0.000000,L,1.000000,1.000000,0.000000,0.000000,0.225560
136,48,00117,lightsnow,909,1,0.000000,1.000000,0.000000,L,1.000000,1.000000,0.000002,0.000000,0.222567
136,48,00117,lightsnow,910,1,0.000000,1.000000,0.000000,L,1.000000,1.000000,0.000003,0.000000,0.229794
136,48,00117,lightsnow,911,1,0.000000,1.000000,0.000000,L,1.000000,1.000000,0.000002,0.000000,0.233785
136,48,00117,lightsnow,912,1,0.000000,1.000000,0.000000,L,1.000000,1.000000,0.000001,0.000000,0.226016
136,48,00117,lightsnow,996,1,0.000000,1.000000,0.000000,L,1.000000,1.000000,0.000001,0.000000,0.221404
136,48,00117,lightsnow,997,1,0.000000,1.000000,0.000000,L,1.000000,1.000000,0.000002,0.000000,0.227068
136,48,00117,lightsnow,998,1,0.000000,1.000000,0.000000,L,1.000000,1.000000,0.000000,0.000000,0.279114
136,48,00117,lightsnow,999,1,0.000000,1.000000,0.000000,L,1.000000,1.000000,-0.000000,0.000000,0.603409
136,48,00117,lightsnow,1000,1,0.000000,1.000000,0.000000,L,1.000000,1.000000,-0.000000,0.000000,0.636264
136,48,00117,lightsnow,1001,1,0.000000,1.000000,0.000000,L,1.000000,1.000000,0.000000,0.000000,0.311680
136,48,00117,lightsnow,1002,1,0.000000,1.000000,0.000000,L,1.000000,1.000000,0.000003,0.000000,0.245381
136,48,00117,lightsnow,1086,1,0.000000,1.000000,0.000000,L,1.000000,1.000000,0.000000,0.000000,0.253333
136,48,00117,lightsnow,1087,1,0.000000,1.000000,0.000000,L,1.000000,1.000000,0.000000,0.000000,0.255349
136,48,00117,lightsnow,1088,1,0.000000,1.000000,0.000000,L,1.000000,1.000000,-0.000000,0.000000,0.454084
136,48,00117,lightsnow,1089,1,0.000000,1.000000,0.000000,L,1.000000,1.000000,-0.000000,0.000000,0.767068
136,48,00117,lightsnow,1090,1,0.000000,1.000000,0.000000,L,1.000000,1.000000,-0.000000,0.000000,0.808978
136,48,00117,lightsnow,1091,1,0.000000,1.000000,0.000000,L,1.000000,1.000000,-0.000000,0.000000,0.526731
136,48,00117,lightsnow,1092,1,0.000000,1.000000,0.000000,L,1.000000,1.000000,0.000003,0.000000,0.248782
136,48,00117,lightsnow,1176,1,0.000000,1.000000,0.000000,L,1.000000,1.000000,0.000001,0.000000,0.230612
136,48,00117,lightsnow,1177,1,0.000000,1.000000,0.000000,L,1.000000,1.000000,0.000000,0.000000,0.229574
136,48,00117,lightsnow,1178,1,0.000000,1.000000,0.000000,L,1.000000,1.000000,0.000003,0.000000,0.224753
136,48,00117,lightsnow,1179,1,0.000000,1.000000,0.000000,L,1.000000,1.000000,0.000002,0.000000,0.229920
136,48,00117,lightsnow,1180,1,0.000000,1.000000,0.000000,L,1.000000,1.000000,0.000002,0.000000,0.230562
136,48,00117,lightsnow,1181,1,0.000000,1.000000,0.000000,L,1.000000,1.000000,0.000001,0.000000,0.237030
136,48,00117,lightsnow,1182,1,0.000000,1.000000,0.000000,L,1.000000,1.000000,0.000000,0.000000,0.205948
136,48,00117,lightsnow,676,0,0.000000,1.000000,0.000000,L,1.000000,1.000000,0.000001,0.000000,0.093861
136,48,00117,lightsnow,529,0,0.000000,1.000000,0.000000,L,1.000000,1.000000,0.000000,0.000000,0.137141
136,48,00117,lightsnow,841,0,0.000000,1.000000,0.000000,L,1.000000,1.000000,0.000001,0.000000,0.097664
136,48,00117,lightsnow,33,0,0.000000,1.000000,0.000000,L,1.000000,1.000000,0.000001,0.000000,0.069673
136,48,00117,lightsnow,941,0,0.000000,1.000000,0.000000,L,1.000000,1.000000,0.000000,0.000000,0.113108
136,48,00117,lightsnow,745,0,0.000000,1.000000,0.000000,L,1.000000,1.000000,0.000001,0.000000,0.106077
136,48,00117,lightsnow,1174,0,0.000000,1.000000,0.000000,L,1.000000,1.000000,0.000003,0.000000,0.200603
136,48,00117,lightsnow,58,0,0.000000,1.000000,0.000000,L,1.000000,1.000000,0.000002,0.000000,0.134504
136,48,00117,lightsnow,156,0,0.000000,1.000000,0.000000,L,1.000000,1.000000,0.000001,0.000000,0.124954
136,48,00117,lightsnow,31,0,0.000000,1.000000,0.000000,L,1.000000,1.000000,0.000003,0.000000,0.089469
136,48,00117,lightsnow,334,0,0.000000,1.000000,0.000000,L,1.000000,1.000000,0.000000,0.000000,0.139792
136,48,00117,lightsnow,589,0,0.000000,1.000000,0.000000,L,1.000000,0.999999,0.000004,0.000000,0.138469
136,48,00117,lightsnow,1047,0,0.000000,1.000000,0.000000,L,1.000000,1.000000,0.000001,0.000000,0.260235
136,48,00117,lightsnow,46,0,0.000000,1.000000,0.000000,L,1.000000,1.000000,0.000003,0.000000,0.059283
136,48,00117,lightsnow,430,0,0.000000,1.000000,0.000000,L,1.000000,1.000000,0.000000,0.000000,0.158171
136,48,00117,lightsnow,359,0,0.000000,1.000000,0.000000,L,1.000000,1.000000,0.000000,0.000000,0.264521
136,48,00117,lightsnow,1222,0,0.000000,1.000000,0.000000,L,1.000000,1.000000,0.000001,0.000000,0.098202
136,48,00117,lightsnow,1364,0,0.000000,1.000000,0.000000,L,1.000000,1.000000,0.000001,0.000000,0.102943
137,48,00152,lightsnow,821,1,0.000000,1.000000,0.000000,L,1.000000,1.000000,0.000002,0.000000,0.209499
137,48,00152,lightsnow,822,1,0.000000,1.000000,0.000000,L,1.000000,1.000000,0.000001,0.000000,0.174708
137,48,00152,lightsnow,823,1,0.000000,1.000000,0.000000,L,1.000000,1.000000,0.000000,0.000000,0.138208
137,48,00152,lightsnow,907,1,0.000000,1.000000,0.000000,L,1.000000,1.000000,0.000001,0.000000,0.209129
137,48,00152,lightsnow,908,1,0.000000,1.000000,0.000000,L,1.000000,1.000000,0.000004,0.000000,0.204267
137,48,00152,lightsnow,909,1,0.000000,1.000000,0.000000,L,1.000000,1.000000,0.000000,0.000000,0.223380
137,48,00152,lightsnow,910,1,0.000000,1.000000,0.000000,L,1.000000,1.000000,-0.000000,0.000000,0.449994
137,48,00152,lightsnow,911,1,0.000000,1.000000,0.000000,L,1.000000,1.000000,0.000000,0.000000,0.349371
137,48,00152,lightsnow,912,1,0.000000,1.000000,0.000000,L,1.000000,1.000000,0.000001,0.000000,0.269967
137,48,00152,lightsnow,913,1,0.000000,1.000000,0.000000,L,1.000000,1.000000,0.000000,0.000000,0.280432
137,48,00152,lightsnow,997,1,0.000000,1.000000,0.000000,L,1.000000,1.000000,0.000000,0.000000,0.206423
137,48,00152,lightsnow,998,1,0.000000,1.000000,0.000000,L,1.000000,1.000000,0.000000,0.000000,0.211270
137,48,00152,lightsnow,999,1,0.000000,1.000000,0.000000,L,1.000000,1.000000,-0.000000,0.000000,0.533761
137,48,00152,lightsnow,1000,1,0.000000,1.000000,0.000000,L,1.000000,1.000000,-0.000000,0.000000,0.756699
137,48,00152,lightsnow,1001,1,0.000000,1.000000,0.000000,L,1.000000,1.000000,-0.000000,0.000000,0.661762
137,48,00152,lightsnow,1002,1,0.000000,1.000000,0.000000,L,1.000000,1.000000,0.000000,0.000000,0.331655
137,48,00152,lightsnow,1003,1,0.000000,1.000000,0.000000,L,1.000000,1.000000,0.000000,0.000000,0.287208
137,48,00152,lightsnow,1087,1,0.000000,1.000000,0.000000,L,1.000000,1.000000,0.000000,0.000000,0.223290
137,48,00152,lightsnow,1088,1,0.000000,1.000000,0.000000,L,1.000000,1.000000,0.000000,0.000000,0.221796
137,48,00152,lightsnow,1089,1,0.000000,1.000000,0.000000,L,1.000000,1.000000,0.000002,0.000000,0.217338
137,48,00152,lightsnow,1090,1,0.000000,1.000000,0.000000,L,1.000000,1.000000,0.000000,0.000000,0.238749
137,48,00152,lightsnow,1091,1,0.000000,1.000000,0.000000,L,1.000000,1.000000,0.000000,0.000000,0.230519
137,48,00152,lightsnow,1092,1,0.000000,1.000000,0.000000,L,1.000000,1.000000,0.000001,0.000000,0.232984
137,48,00152,lightsnow,1093,1,0.000000,1.000000,0.000000,L,1.000000,1.000000,0.000000,0.000000,0.231743
137,48,00152,lightsnow,1177,1,0.000000,1.000000,0.000000,L,1.000000,1.000000,0.000001,0.000000,0.217578
137,48,00152,lightsnow,1178,1,0.000000,1.000000,0.000000,L,1.000000,1.000000,0.000000,0.000000,0.208468
137,48,00152,lightsnow,1179,1,0.000000,1.000000,0.000000,L,1.000000,0.999999,0.000005,0.000001,0.211561
137,48,00152,lightsnow,1180,1,0.000000,1.000000,0.000000,L,1.000000,1.000000,0.000004,0.000000,0.205575
137,48,00152,lightsnow,1181,1,0.000000,1.000000,0.000000,L,1.000000,1.000000,0.000002,0.000000,0.211684
137,48,00152,lightsnow,1182,1,0.000000,1.000000,0.000000,L,1.000000,1.000000,0.000000,0.000000,0.171793
137,48,00152,lightsnow,1183,1,0.000000,1.000000,0.000000,L,1.000000,1.000000,0.000000,0.000000,0.158796
137,48,00152,lightsnow,758,0,0.000000,1.000000,0.000000,L,1.000000,1.000000,0.000000,0.000000,0.106020
137,48,00152,lightsnow,1155,0,0.000000,1.000000,0.000000,L,1.000000,1.000000,0.000000,0.000000,0.130032
137,48,00152,lightsnow,343,0,0.000000,1.000000,0.000000,L,1.000000,1.000000,0.000000,0.000000,0.169708
137,48,00152,lightsnow,370,0,0.000000,1.000000,0.000000,L,1.000000,1.000000,0.000001,0.000000,0.142741
137,48,00152,lightsnow,656,0,0.000000,1.000000,0.000000,L,1.000000,1.000000,0.000001,0.000000,0.146466
137,48,00152,lightsnow,974,0,0.000000,1.000000,0.000000,L,1.000000,1.000000,0.000000,0.000000,0.122939
137,48,00152,lightsnow,399,0,0.000000,1.000000,0.000000,L,1.000000,1.000000,0.000000,0.000000,0.123317
137,48,00152,lightsnow,1024,0,0.000000,1.000000,0.000000,L,1.000000,1.000000,0.000000,0.000000,0.110437
137,48,00152,lightsnow,190,0,0.000000,1.000000,0.000000,L,1.000000,1.000000,0.000001,0.000000,0.158096
137,48,00152,lightsnow,341,0,0.000000,1.000000,0.000000,L,1.000000,1.000000,0.000001,0.000000,0.140672
137,48,00152,lightsnow,271,0,0.000000,1.000000,0.000000,L,1.000000,1.000000,0.000000,0.000000,0.233582
137,48,00152,lightsnow,247,0,0.000000,1.000000,0.000000,L,1.000000,1.000000,0.000004,0.000000,0.158836
137,48,00152,lightsnow,995,0,0.000000,1.000000,0.000000,L,1.000000,1.000000,0.000001,0.000000,0.165898
137,48,00152,lightsnow,82,0,0.000000,1.000000,0.000000,L,1.000000,1.000000,0.000002,0.000000,0.138532
137,48,00152,lightsnow,657,0,0.000000,1.000000,0.000000,L,1.000000,1.000000,0.000000,0.000000,0.131595
137,48,00152,lightsnow,394,0,0.000000,1.000000,0.000000,L,1.000000,1.000000,0.000001,0.000000,0.147383
137,48,00152,lightsnow,707,0,0.000000,1.000000,0.000000,L,1.000000,1.000000,0.000000,0.000000,0.111946
137,48,00152,lightsnow,519,0,0.000000,1.000000,0.000000,L,1.000000,1.000000,0.000000,0.000000,0.142810
138,48,00187,lightsnow,903,1,0.000000,1.000000,0.000000,L,1.000000,1.000000,0.000002,0.000000,0.246304
138,48,00187,lightsnow,904,1,0.000000,1.000000,0.000000,L,1.000000,1.000000,0.000001,0.000000,0.230236
138,48,00187,lightsnow,905,1,0.000000,1.000000,0.000000,L,1.000000,1.000000,0.000003,0.000000,0.227909
138,48,00187,lightsnow,906,1,0.000000,1.000000,0.000000,L,1.000000,1.000000,0.000000,0.000000,0.328769
138,48,00187,lightsnow,907,1,0.000000,1.000000,0.000000,L,1.000000,1.000000,0.000003,0.000000,0.269707
138,48,00187,lightsnow,908,1,0.000000,1.000000,0.000000,L,1.000000,1.000000,0.000000,0.000000,0.287787
138,48,00187,lightsnow,909,1,0.000000,1.000000,0.000000,L,1.000000,1.000000,0.000000,0.000000,0.293895
138,48,00187,lightsnow,993,1,0.000000,1.000000,0.000000,L,1.000000,1.000000,0.000003,0.000000,0.224514
138,48,00187,lightsnow,994,1,0.000000,1.000000,0.000000,L,1.000000,1.000000,0.000000,0.000000,0.231419
138,48,00187,lightsnow,995,1,0.000000,1.000000,0.000000,L,1.000000,1.000000,-0.000000,0.000000,0.623489
138,48,00187,lightsnow,996,1,0.000000,1.000000,0.000000,L,1.000000,1.000000,-0.000000,0.000000,0.794433
138,48,00187,lightsnow,997,1,0.000000,1.000000,0.000000,L,1.000000,1.000000,-0.000000,0.000000,0.688524
138,48,00187,lightsnow,998,1,0.000000,1.000000,0.000000,L,1.000000,1.000000,0.000000,0.000000,0.271816
138,48,00187,lightsnow,999,1,0.000000,1.000000,0.000000,L,1.000000,0.999999,0.000006,0.000000,0.284858
138,48,00187,lightsnow,1083,1,0.000000,1.000000,0.000000,L,1.000000,1.000000,0.000001,0.000000,0.228170
138,48,00187,lightsnow,1084,1,0.000000,1.000000,0.000000,L,1.000000,1.000000,0.000002,0.000000,0.219630
138,48,00187,lightsnow,1085,1,0.000000,1.000000,0.000000,L,1.000000,1.000000,0.000000,0.000000,0.228829
138,48,00187,lightsnow,1086,1,0.000000,1.000000,0.000000,L,1.000000,1.000000,0.000000,0.000000,0.312668
138,48,00187,lightsnow,1087,1,0.000000,1.000000,0.000000,L,1.000000,1.000000,0.000000,0.000000,0.258799
138,48,00187,lightsnow,1088,1,0.000000,1.000000,0.000000,L,1.000000,1.000000,0.000000,0.000000,0.269203
138,48,00187,lightsnow,1089,1,0.000000,1.000000,0.000000,L,1.000000,1.000000,0.000001,0.000000,0.270904
138,48,00187,lightsnow,1173,1,0.000000,1.000000,0.000000,L,1.000000,1.000000,0.000001,0.000000,0.221593
138,48,00187,lightsnow,1174,1,0.000000,1.000000,0.000000,L,1.000000,0.999999,0.000005,0.000000,0.212460
138,48,00187,lightsnow,1175,1,0.000000,1.000000,0.000000,L,1.000000,0.999999,0.000005,0.000000,0.216272
138,48,00187,lightsnow,1176,1,0.000000,1.000000,0.000000,L,1.000000,1.000000,0.000003,0.000000,0.222423
138,48,00187,lightsnow,1177,1,0.000000,1.000000,0.000000,L,1.000000,1.000000,0.000001,0.000000,0.231063
138,48,00187,lightsnow,1178,1,0.000000,1.000000,0.000000,L,1.000000,1.000000,0.000000,0.000000,0.250507
138,48,00187,lightsnow,1179,1,0.000000,1.000000,0.000000,L,1.000000,1.000000,0.000000,0.000000,0.248360
138,48,00187,lightsnow,543,0,0.000000,1.000000,0.000000,L,1.000000,1.000000,0.000000,0.000000,0.215324
138,48,00187,lightsnow,785,0,0.000000,1.000000,0.000000,L,1.000000,1.000000,0.000000,0.000000,0.131435
138,48,00187,lightsnow,831,0,0.000000,1.000000,0.000000,L,1.000000,1.000000,0.000000,0.000000,0.077496
138,48,00187,lightsnow,1342,0,0.000000,1.000000,0.000000,L,1.000000,1.000000,0.000000,0.000000,0.138099
138,48,00187,lightsnow,158,0,0.000000,1.000000,0.000000,L,1.000000,1.000000,0.000002,0.000000,0.128566
138,48,00187,lightsnow,872,0,0.000000,1.000000,0.000000,L,1.000000,1.000000,0.000000,0.000000,0.084300
138,48,00187,lightsnow,212,0,0.000000,1.000000,0.000000,L,1.000000,1.000000,0.000001,0.000000,0.185134
138,48,00187,lightsnow,182,0,0.000000,1.000000,0.000000,L,1.000000,1.000000,0.000000,0.000000,0.230435
138,48,00187,lightsnow,230,0,0.000000,1.000000,0.000000,L,1.000000,0.999999,0.000007,0.000001,0.220376
138,48,00187,lightsnow,1002,0,0.000000,1.000000,0.000000,L,1.000000,0.999999,0.000006,0.000001,0.200530
138,48,00187,lightsnow,95,0,0.000000,1.000000,0.000000,L,1.000000,1.000000,0.000001,0.000000,0.176688
138,48,00187,lightsnow,23,0,0.000000,1.000000,0.000000,L,1.000000,1.000000,0.000000,0.000000,0.128832
138,48,00187,lightsnow,714,0,0.000000,1.000000,0.000000,L,1.000000,1.000000,0.000000,0.000000,0.125159
138,48,00187,lightsnow,522,0,0.000000,1.000000,0.000000,L,1.000000,1.000000,0.000000,0.000000,0.198094
138,48,00187,lightsnow,677,0,0.000001,0.999999,0.000000,L,0.999999,0.999999,0.000010,0.000001,0.110879
138,48,00187,lightsnow,7,0,0.000000,1.000000,0.000000,L,1.000000,1.000000,0.000000,0.000000,0.182750
138,48,00187,lightsnow,761,0,0.000000,1.000000,0.000000,L,1.000000,0.999999,0.000006,0.000000,0.094607
138,48,00187,lightsnow,1193,0,0.000000,1.000000,0.000000,L,1.000000,1.000000,0.000000,0.000000,0.077511
139,48,00222,lightsnow,642,1,0.000000,1.000000,0.000000,L,1.000000,1.000000,0.000001,0.000000,0.195951
139,48,00222,lightsnow,643,1,0.000000,1.000000,0.000000,L,1.000000,1.000000,0.000001,0.000000,0.215923
139,48,00222,lightsnow,644,1,0.000000,1.000000,0.000000,L,1.000000,1.000000,0.000002,0.000000,0.252522
139,48,00222,lightsnow,645,1,0.000000,1.000000,0.000000,L,1.000000,1.000000,0.000004,0.000000,0.266107
139,48,00222,lightsnow,646,1,0.000000,1.000000,0.000000,L,1.000000,0.999999,0.000006,0.000001,0.237709
139,48,00222,lightsnow,647,1,0.000000,1.000000,0.000000,L,1.000000,1.000000,0.000001,0.000000,0.114964
139,48,00222,lightsnow,648,1,0.000000,1.000000,0.000000,L,1.000000,1.000000,0.000001,0.000000,0.088941
139,48,00222,lightsnow,732,1,0.000000,1.000000,0.000000,L,1.000000,1.000000,0.000000,0.000000,0.249083
139,48,00222,lightsnow,733,1,0.000000,1.000000,0.000000,L,1.000000,1.000000,0.000000,0.000000,0.296778
139,48,00222,lightsnow,734,1,0.000000,1.000000,0.000000,L,1.000000,1.000000,-0.000000,0.000000,0.763382
139,48,00222,lightsnow,735,1,0.000000,1.000000,0.000000,L,1.000000,1.000000,-0.000000,0.000000,0.958550
139,48,00222,lightsnow,736,1,0.000000,1.000000,0.000000,L,1.000000,1.000000,-0.000000,0.000000,0.733717
139,48,00222,lightsnow,737,1,0.000000,1.000000,0.000000,L,1.000000,1.000000,0.000000,0.000000,0.200975
139,48,00222,lightsnow,738,1,0.000000,1.000000,0.000000,L,1.000000,1.000000,0.000000,0.000000,0.075114
139,48,00222,lightsnow,822,1,0.000000,1.000000,0.000000,L,1.000000,1.000000,0.000000,0.000000,0.241998
139,48,00222,lightsnow,823,1,0.000000,1.000000,0.000000,L,1.000000,1.000000,0.000000,0.000000,0.259721
139,48,00222,lightsnow,824,1,0.000000,1.000000,0.000000,L,1.000000,1.000000,-0.000000,0.000000,0.423520
139,48,00222,lightsnow,825,1,0.000000,1.000000,0.000000,L,1.000000,1.000000,-0.000000,0.000000,0.671868
139,48,00222,lightsnow,826,1,0.000000,1.000000,0.000000,L,1.000000,1.000000,-0.000000,0.000000,0.420865
139,48,00222,lightsnow,827,1,0.000000,1.000000,0.000000,L,1.000000,1.000000,0.000000,0.000000,0.156295
139,48,00222,lightsnow,828,1,0.000000,1.000000,0.000000,L,1.000000,1.000000,0.000000,0.000000,0.111962
139,48,00222,lightsnow,912,1,0.000000,1.000000,0.000000,L,1.000000,1.000000,0.000000,0.000000,0.215496
139,48,00222,lightsnow,913,1,0.000000,1.000000,0.000000,L,1.000000,1.000000,0.000003,0.000000,0.209209
139,48,00222,lightsnow,914,1,0.000000,1.000000,0.000000,L,1.000000,1.000000,0.000004,0.000000,0.203257
139,48,00222,lightsnow,915,1,0.000000,1.000000,0.000000,L,1.000000,1.000000,0.000002,0.000000,0.210425
139,48,00222,lightsnow,916,1,0.000000,1.000000,0.000000,L,1.000000,1.000000,0.000000,0.000000,0.176639
139,48,00222,lightsnow,917,1,0.000000,1.000000,0.000000,L,1.000000,1.000000,0.000000,0.000000,0.082888
139,48,00222,lightsnow,918,1,0.000000,1.000000,0.000000,L,1.000000,1.000000,0.000000,0.000000,0.070150
139,48,00222,lightsnow,495,0,0.000000,1.000000,0.000000,L,1.000000,1.000000,0.000000,0.000000,0.091821
139,48,00222,lightsnow,604,0,0.000000,1.000000,0.000000,L,1.000000,1.000000,0.000000,0.000000,0.083580
139,48,00222,lightsnow,298,0,0.000000,1.000000,0.000000,L,1.000000,1.000000,0.000000,0.000000,0.119940
139,48,00222,lightsnow,791,0,0.000000,1.000000,0.000000,L,1.000000,1.000000,0.000000,0.000000,0.068101
139,48,00222,lightsnow,1405,0,0.000000,1.000000,0.000000,L,1.000000,1.000000,0.000000,0.000000,0.080758
139,48,00222,lightsnow,1385,0,0.000000,1.000000,0.000000,L,1.000000,1.000000,0.000000,0.000000,0.125155
139,48,00222,lightsnow,980,0,0.000000,1.000000,0.000000,L,1.000000,1.000000,0.000000,0.000000,0.087180
139,48,00222,lightsnow,595,0,0.000000,1.000000,0.000000,L,1.000000,1.000000,0.000000,0.000000,0.081547
139,48,00222,lightsnow,764,0,0.000000,1.000000,0.000000,L,1.000000,1.000000,0.000000,0.000000,0.144959
139,48,00222,lightsnow,868,0,0.000000,1.000000,0.000000,L,1.000000,1.000000,0.000000,0.000000,0.082494
139,48,00222,lightsnow,846,0,0.000000,1.000000,0.000000,L,1.000000,1.000000,0.000000,0.000000,0.106562
139,48,00222,lightsnow,507,0,0.000000,1.000000,0.000000,L,1.000000,1.000000,0.000000,0.000000,0.105439
139,48,00222,lightsnow,327,0,0.000000,1.000000,0.000000,L,1.000000,1.000000,0.000000,0.000000,0.116688
139,48,00222,lightsnow,1041,0,0.000000,1.000000,0.000000,L,1.000000,1.000000,0.000000,0.000000,0.095078
139,48,00222,lightsnow,408,0,0.000000,1.000000,0.000000,L,1.000000,1.000000,0.000002,0.000000,0.106838
139,48,00222,lightsnow,1435,0,0.000000,1.000000,0.000000,L,1.000000,1.000000,0.000000,0.000000,0.082350
139,48,00222,lightsnow,1393,0,0.000000,1.000000,0.000000,L,1.000000,1.000000,0.000000,0.000000,0.135180
139,48,00222,lightsnow,1311,0,0.000000,1.000000,0.000000,L,1.000000,1.000000,0.000000,0.000000,0.125509
140,48,00367,lightsnow,554,1,0.000000,1.000000,0.000000,L,1.000000,1.000000,0.000001,0.000000,0.217606
140,48,00367,lightsnow,555,1,0.000000,1.000000,0.000000,L,1.000000,1.000000,0.000002,0.000000,0.224137
140,48,00367,lightsnow,556,1,0.000000,1.000000,0.000000,L,1.000000,1.000000,0.000001,0.000000,0.245362
140,48,00367,lightsnow,557,1,0.000000,1.000000,0.000000,L,1.000000,1.000000,0.000001,0.000000,0.291249
140,48,00367,lightsnow,558,1,0.000000,1.000000,0.000000,L,1.000000,1.000000,0.000002,0.000000,0.279346
140,48,00367,lightsnow,559,1,0.000000,1.000000,0.000000,L,1.000000,1.000000,0.000002,0.000000,0.243250
140,48,00367,lightsnow,560,1,0.000000,1.000000,0.000000,L,1.000000,1.000000,0.000000,0.000000,0.228295
140,48,00367,lightsnow,644,1,0.000000,1.000000,0.000000,L,1.000000,1.000000,0.000001,0.000000,0.222915
140,48,00367,lightsnow,645,1,0.000000,1.000000,0.000000,L,1.000000,1.000000,0.000000,0.000000,0.242368
140,48,00367,lightsnow,646,1,0.000000,1.000000,0.000000,L,1.000000,1.000000,-0.000000,0.000000,0.460610
140,48,00367,lightsnow,647,1,0.000000,1.000000,0.000000,L,1.000000,1.000000,-0.000000,0.000000,0.775648
140,48,00367,lightsnow,648,1,0.000000,1.000000,0.000000,L,1.000000,1.000000,-0.000000,0.000000,0.743619
140,48,00367,lightsnow,649,1,0.000000,1.000000,0.000000,L,1.000000,1.000000,-0.000000,0.000000,0.408420
140,48,00367,lightsnow,650,1,0.000000,1.000000,0.000000,L,1.000000,1.000000,0.000000,0.000000,0.233121
140,48,00367,lightsnow,734,1,0.000000,1.000000,0.000000,L,1.000000,1.000000,0.000000,0.000000,0.201516
140,48,00367,lightsnow,735,1,0.000000,1.000000,0.000000,L,1.000000,1.000000,0.000001,0.000000,0.249496
140,48,00367,lightsnow,736,1,0.000000,1.000000,0.000000,L,1.000000,1.000000,0.000000,0.000000,0.283829
140,48,00367,lightsnow,737,1,0.000000,1.000000,0.000000,L,1.000000,1.000000,-0.000000,0.000000,0.401077
140,48,00367,lightsnow,738,1,0.000000,1.000000,0.000000,L,1.000000,1.000000,-0.000000,0.000000,0.364132
140,48,00367,lightsnow,739,1,0.000000,1.000000,0.000000,L,1.000000,1.000000,0.000000,0.000000,0.240145
140,48,00367,lightsnow,740,1,0.000000,1.000000,0.000000,L,1.000000,1.000000,0.000000,0.000000,0.177407
140,48,00367,lightsnow,824,1,0.000000,1.000000,0.000000,L,1.000000,1.000000,0.000000,0.000000,0.104307
140,48,00367,lightsnow,825,1,0.000000,1.000000,0.000000,L,1.000000,1.000000,0.000000,0.000000,0.163495
140,48,00367,lightsnow,826,1,0.000000,1.000000,0.000000,L,1.000000,1.000000,0.000002,0.000000,0.197422
140,48,00367,lightsnow,827,1,0.000000,1.000000,0.000000,L,1.000000,1.000000,0.000001,0.000000,0.218374
140,48,00367,lightsnow,828,1,0.000000,1.000000,0.000000,L,1.000000,1.000000,0.000001,0.000000,0.169465
140,48,00367,lightsnow,829,1,0.000000,1.000000,0.000000,L,1.000000,1.000000,0.000000,0.000000,0.153071
140,48,00367,lightsnow,830,1,0.000000,1.000000,0.000000,L,1.000000,1.000000,0.000000,0.000000,0.122647
140,48,00367,lightsnow,1074,0,0.000000,1.000000,0.000000,L,1.000000,1.000000,0.000000,0.000000,0.136930
140,48,00367,lightsnow,890,0,0.000000,1.000000,0.000000,L,1.000000,1.000000,0.000000,0.000000,0.130150
140,48,00367,lightsnow,1364,0,0.000000,1.000000,0.000000,L,1.000000,1.000000,0.000001,0.000000,0.138488
140,48,00367,lightsnow,447,0,0.000000,1.000000,0.000000,L,1.000000,1.000000,0.000000,0.000000,0.198450
140,48,00367,lightsnow,561,0,0.000000,1.000000,0.000000,L,1.000000,1.000000,0.000000,0.000000,0.133430
140,48,00367,lightsnow,1021,0,0.000000,1.000000,0.000000,L,1.000000,1.000000,0.000000,0.000000,0.111761
140,48,00367,lightsnow,630,0,0.000000,1.000000,0.000000,L,1.000000,1.000000,0.000000,0.000000,0.135179
140,48,00367,lightsnow,834,0,0.000000,1.000000,0.000000,L,1.000000,1.000000,0.000000,0.000000,0.177858
140,48,00367,lightsnow,698,0,0.000000,1.000000,0.000000,L,1.000000,1.000000,0.000000,0.000000,0.139628
140,48,00367,lightsnow,1047,0,0.000000,1.000000,0.000000,L,1.000000,1.000000,0.000000,0.000000,0.122706
140,48,00367,lightsnow,1256,0,0.000000,1.000000,0.000000,L,1.000000,1.000000,0.000000,0.000000,0.131554
140,48,00367,lightsnow,237,0,0.000000,1.000000,0.000000,L,1.000000,1.000000,0.000000,0.000000,0.074762
140,48,00367,lightsnow,383,0,0.000000,1.000000,0.000000,L,1.000000,1.000000,0.000000,0.000000,0.194347
140,48,00367,lightsnow,297,0,0.000000,1.000000,0.000000,L,1.000000,1.000000,0.000002,0.000000,0.122946
140,48,00367,lightsnow,419,0,0.000000,1.000000,0.000000,L,1.000000,1.000000,0.000000,0.000000,0.116540
140,48,00367,lightsnow,1115,0,0.000000,1.000000,0.000000,L,1.000000,1.000000,0.000000,0.000000,0.151095
140,48,00367,lightsnow,138,0,0.000000,1.000000,0.000000,L,1.000000,1.000000,0.000002,0.000000,0.109836
140,48,00367,lightsnow,257,0,0.000000,0.999999,0.000000,L,0.999999,0.999999,0.000011,0.000001,0.224977
141,48,00402,lightsnow,558,1,0.000000,1.000000,0.000000,L,1.000000,1.000000,0.000001,0.000000,0.215227
141,48,00402,lightsnow,559,1,0.000000,1.000000,0.000000,L,1.000000,0.999999,0.000006,0.000000,0.209182
141,48,00402,lightsnow,560,1,0.000000,1.000000,0.000000,L,1.000000,1.000000,0.000002,0.000000,0.222617
141,48,00402,lightsnow,561,1,0.000000,1.000000,0.000000,L,1.000000,1.000000,0.000002,0.000000,0.237536
141,48,00402,lightsnow,562,1,0.000000,1.000000,0.000000,L,1.000000,1.000000,0.000004,0.000000,0.243048
141,48,00402,lightsnow,563,1,0.000000,1.000000,0.000000,L,1.000000,1.000000,0.000001,0.000000,0.240808
141,48,00402,lightsnow,564,1,0.000000,1.000000,0.000000,L,1.000000,1.000000,0.000000,0.000000,0.193304
141,48,00402,lightsnow,648,1,0.000000,1.000000,0.000000,L,1.000000,1.000000,0.000000,0.000000,0.237370
141,48,00402,lightsnow,649,1,0.000000,1.000000,0.000000,L,1.000000,1.000000,0.000002,0.000000,0.252608
141,48,00402,lightsnow,650,1,0.000000,1.000000,0.000000,L,1.000000,1.000000,-0.000000,0.000000,0.614747
141,48,00402,lightsnow,651,1,0.000000,1.000000,0.000000,L,1.000000,1.000000,-0.000000,0.000000,0.867980
141,48,00402,lightsnow,652,1,0.000000,1.000000,0.000000,L,1.000000,1.000000,-0.000000,0.000000,0.774323
141,48,00402,lightsnow,653,1,0.000000,1.000000,0.000000,L,1.000000,1.000000,0.000000,0.000000,0.366342
141,48,00402,lightsnow,654,1,0.000000,1.000000,0.000000,L,1.000000,1.000000,0.000000,0.000000,0.234190
141,48,00402,lightsnow,738,1,0.000000,1.000000,0.000000,L,1.000000,1.000000,0.000000,0.000000,0.237870
141,48,00402,lightsnow,739,1,0.000000,1.000000,0.000000,L,1.000000,1.000000,0.000001,0.000000,0.274654
141,48,00402,lightsnow,740,1,0.000000,1.000000,0.000000,L,1.000000,1.000000,0.000000,0.000000,0.343789
141,48,00402,lightsnow,741,1,0.000000,1.000000,0.000000,L,1.000000,1.000000,-0.000000,0.000000,0.645382
141,48,00402,lightsnow,742,1,0.000000,1.000000,0.000000,L,1.000000,1.000000,-0.000000,0.000000,0.511380
141,48,00402,lightsnow,743,1,0.000000,1.000000,0.000000,L,1.000000,1.000000,0.000000,0.000000,0.259804
141,48,00402,lightsnow,744,1,0.000000,1.000000,0.000000,L,1.000000,1.000000,0.000000,0.000000,0.233461
141,48,00402,lightsnow,828,1,0.000000,1.000000,0.000000,L,1.000000,1.000000,0.000000,0.000000,0.118373
141,48,00402,lightsnow,829,1,0.000000,1.000000,0.000000,L,1.000000,1.000000,0.000000,0.000000,0.224053
141,48,00402,lightsnow,830,1,0.000000,1.000000,0.000000,L,1.000000,1.000000,0.000001,0.000000,0.219192
141,48,00402,lightsnow,831,1,0.000000,1.000000,0.000000,L,1.000000,1.000000,0.000001,0.000000,0.234086
141,48,00402,lightsnow,832,1,0.000000,1.000000,0.000000,L,1.000000,1.000000,0.000000,0.000000,0.216350
141,48,00402,lightsnow,833,1,0.000000,1.000000,0.000000,L,1.000000,1.000000,0.000000,0.000000,0.174814
141,48,00402,lightsnow,834,1,0.000000,1.000000,0.000000,L,1.000000,1.000000,0.000000,0.000000,0.127508
141,48,00402,lightsnow,53,0,0.000000,1.000000,0.000000,L,1.000000,1.000000,0.000001,0.000000,0.072967
141,48,00402,lightsnow,1134,0,0.000000,1.000000,0.000000,L,1.000000,1.000000,0.000002,0.000000,0.117003
141,48,00402,lightsnow,0,0,0.000000,1.000000,0.000000,L,1.000000,1.000000,0.000000,0.000000,0.193244
141,48,00402,lightsnow,157,0,0.000000,1.000000,0.000000,L,1.000000,1.000000,0.000001,0.000000,0.114925
141,48,00402,lightsnow,658,0,0.000000,1.000000,0.000000,L,1.000000,1.000000,0.000000,0.000000,0.133311
141,48,00402,lightsnow,98,0,0.000000,1.000000,0.000000,L,1.000000,1.000000,0.000000,0.000000,0.172908
141,48,00402,lightsnow,977,0,0.000000,1.000000,0.000000,L,1.000000,1.000000,0.000000,0.000000,0.129445
141,48,00402,lightsnow,930,0,0.000000,1.000000,0.000000,L,1.000000,1.000000,0.000000,0.000000,0.133227
141,48,00402,lightsnow,255,0,0.000000,1.000000,0.000000,L,1.000000,1.000000,0.000000,0.000000,0.145908
141,48,00402,lightsnow,980,0,0.000000,1.000000,0.000000,L,1.000000,1.000000,0.000000,0.000000,0.159404
141,48,00402,lightsnow,305,0,0.000000,1.000000,0.000000,L,1.000000,1.000000,0.000001,0.000000,0.147628
141,48,00402,lightsnow,671,0,0.000000,1.000000,0.000000,L,1.000000,1.000000,0.000000,0.000000,0.228587
141,48,00402,lightsnow,136,0,0.000000,1.000000,0.000000,L,1.000000,1.000000,0.000001,0.000000,0.069710
141,48,00402,lightsnow,1329,0,0.000000,1.000000,0.000000,L,1.000000,1.000000,0.000000,0.000000,0.144175
141,48,00402,lightsnow,1338,0,0.000000,1.000000,0.000000,L,1.000000,1.000000,0.000000,0.000000,0.146734
141,48,00402,lightsnow,241,0,0.000000,1.000000,0.000000,L,1.000000,1.000000,0.000000,0.000000,0.081699
141,48,00402,lightsnow,1000,0,0.000000,1.000000,0.000000,L,1.000000,1.000000,0.000000,0.000000,0.103303
141,48,00402,lightsnow,456,0,0.000000,1.000000,0.000000,L,1.000000,1.000000,0.000000,0.000000,0.127117
142,48,00437,lightsnow,465,1,0.000000,1.000000,0.000000,L,1.000000,1.000000,0.000001,0.000000,0.132207
142,48,00437,lightsnow,466,1,0.000000,1.000000,0.000000,L,1.000000,1.000000,0.000003,0.000000,0.123181
142,48,00437,lightsnow,467,1,0.000000,1.000000,0.000000,L,1.000000,1.000000,0.000004,0.000000,0.148541
142,48,00437,lightsnow,468,1,0.000000,1.000000,0.000000,L,1.000000,0.999999,0.000005,0.000000,0.206488
142,48,00437,lightsnow,469,1,0.000000,1.000000,0.000000,L,1.000000,0.999999,0.000007,0.000001,0.221084
142,48,00437,lightsnow,470,1,0.000000,1.000000,0.000000,L,1.000000,1.000000,0.000002,0.000000,0.233232
142,48,00437,lightsnow,471,1,0.000000,1.000000,0.000000,L,1.000000,1.000000,0.000000,0.000000,0.215395
142,48,00437,lightsnow,555,1,0.000000,1.000000,0.000000,L,1.000000,1.000000,0.000000,0.000000,0.170000
142,48,00437,lightsnow,556,1,0.000000,1.000000,0.000000,L,1.000000,1.000000,0.000003,0.000000,0.213886
142,48,00437,lightsnow,557,1,0.000000,1.000000,0.000000,L,1.000000,1.000000,0.000000,0.000000,0.224426
142,48,00437,lightsnow,558,1,0.000000,1.000000,0.000000,L,1.000000,1.000000,-0.000000,0.000000,0.593208
142,48,00437,lightsnow,559,1,0.000000,1.000000,0.000000,L,1.000000,1.000000,-0.000000,0.000000,0.641614
142,48,00437,lightsnow,560,1,0.000000,1.000000,0.000000,L,1.000000,1.000000,0.000000,0.000000,0.355762
142,48,00437,lightsnow,561,1,0.000000,1.000000,0.000000,L,1.000000,1.000000,0.000000,0.000000,0.244524
142,48,00437,lightsnow,645,1,0.000000,1.000000,0.000000,L,1.000000,1.000000,0.000000,0.000000,0.137312
142,48,00437,lightsnow,646,1,0.000000,1.000000,0.000000,L,1.000000,1.000000,0.000001,0.000000,0.214188
142,48,00437,lightsnow,647,1,0.000000,1.000000,0.000000,L,1.000000,1.000000,0.000000,0.000000,0.299955
142,48,00437,lightsnow,648,1,0.000000,1.000000,0.000000,L,1.000000,1.000000,-0.000000,0.000000,0.651324
142,48,00437,lightsnow,649,1,0.000000,1.000000,0.000000,L,1.000000,1.000000,-0.000000,0.000000,0.758428
142,48,00437,lightsnow,650,1,0.000000,1.000000,0.000000,L,1.000000,1.000000,-0.000000,0.000000,0.479444
142,48,00437,lightsnow,651,1,0.000000,1.000000,0.000000,L,1.000000,1.000000,0.000000,0.000000,0.243281
142,48,00437,lightsnow,735,1,0.000000,1.000000,0.000000,L,1.000000,1.000000,0.000000,0.000000,0.106662
142,48,00437,lightsnow,736,1,0.000000,1.000000,0.000000,L,1.000000,1.000000,0.000000,0.000000,0.131649
142,48,00437,lightsnow,737,1,0.000000,1.000000,0.000000,L,1.000000,1.000000,0.000000,0.000000,0.218007
142,48,00437,lightsnow,738,1,0.000000,1.000000,0.000000,L,1.000000,1.000000,0.000000,0.000000,0.249136
142,48,00437,lightsnow,739,1,0.000000,1.000000,0.000000,L,1.000000,1.000000,0.000000,0.000000,0.244581
142,48,00437,lightsnow,740,1,0.000000,1.000000,0.000000,L,1.000000,1.000000,0.000000,0.000000,0.238078
142,48,00437,lightsnow,741,1,0.000000,1.000000,0.000000,L,1.000000,1.000000,0.000000,0.000000,0.190856
142,48,00437,lightsnow,658,0,0.000000,1.000000,0.000000,L,1.000000,1.000000,0.000000,0.000000,0.125248
142,48,00437,lightsnow,1113,0,0.000000,1.000000,0.000000,L,1.000000,1.000000,0.000000,0.000000,0.211027
142,48,00437,lightsnow,588,0,0.000000,1.000000,0.000000,L,1.000000,1.000000,0.000000,0.000000,0.124797
142,48,00437,lightsnow,628,0,0.000000,1.000000,0.000000,L,1.000000,1.000000,0.000000,0.000000,0.134752
142,48,00437,lightsnow,1095,0,0.000000,1.000000,0.000000,L,1.000000,1.000000,0.000000,0.000000,0.068667
142,48,00437,lightsnow,44,0,0.000000,1.000000,0.000000,L,1.000000,1.000000,0.000000,0.000000,0.145108
142,48,00437,lightsnow,823,0,0.000000,1.000000,0.000000,L,1.000000,1.000000,0.000000,0.000000,0.113420
142,48,00437,lightsnow,254,0,0.000000,1.000000,0.000000,L,1.000000,1.000000,0.000000,0.000000,0.137352
142,48,00437,lightsnow,355,0,0.000000,1.000000,0.000000,L,1.000000,1.000000,0.000000,0.000000,0.140048
142,48,00437,lightsnow,1228,0,0.000000,1.000000,0.000000,L,1.000000,1.000000,0.000001,0.000000,0.225086
142,48,00437,lightsnow,1243,0,0.000000,1.000000,0.000000,L,1.000000,1.000000,0.000000,0.000000,0.128878
142,48,00437,lightsnow,225,0,0.000000,1.000000,0.000000,L,1.000000,1.000000,0.000000,0.000000,0.149320
142,48,00437,lightsnow,530,0,0.000000,1.000000,0.000000,L,1.000000,1.000000,0.000000,0.000000,0.134624
142,48,00437,lightsnow,233,0,0.000000,1.000000,0.000000,L,1.000000,1.000000,0.000000,0.000000,0.204200
142,48,00437,lightsnow,1089,0,0.000000,1.000000,0.000000,L,1.000000,1.000000,0.000000,0.000000,0.102554
142,48,00437,lightsnow,1003,0,0.000000,1.000000,0.000000,L,1.000000,1.000000,0.000000,0.000000,0.106274
142,48,00437,lightsnow,906,0,0.000000,1.000000,0.000000,L,1.000000,1.000000,0.000001,0.000000,0.127708
142,48,00437,lightsnow,718,0,0.000000,1.000000,0.000000,L,1.000000,1.000000,0.000000,0.000000,0.131567
143,49,00593,lightsnow,1263,1,0.000000,1.000000,0.000000,L,1.000000,1.000000,0.000000,0.000000,0.209748
143,49,00593,lightsnow,1264,1,0.000000,1.000000,0.000000,L,1.000000,1.000000,0.000000,0.000000,0.230085
143,49,00593,lightsnow,1265,1,0.000000,1.000000,0.000000,L,1.000000,1.000000,0.000000,0.000000,0.251117
143,49,00593,lightsnow,1266,1,0.000000,1.000000,0.000000,L,1.000000,1.000000,0.000001,0.000000,0.238412
143,49,00593,lightsnow,1267,1,0.000000,1.000000,0.000000,L,1.000000,1.000000,0.000001,0.000000,0.247233
143,49,00593,lightsnow,1268,1,0.000000,1.000000,0.000000,L,1.000000,1.000000,0.000000,0.000000,0.256583
143,49,00593,lightsnow,1269,1,0.000000,1.000000,0.000000,L,1.000000,1.000000,0.000000,0.000000,0.251894
143,49,00593,lightsnow,1353,1,0.000000,1.000000,0.000000,L,1.000000,1.000000,0.000000,0.000000,0.222607
143,49,00593,lightsnow,1354,1,0.000000,1.000000,0.000000,L,1.000000,1.000000,0.000000,0.000000,0.291142
143,49,00593,lightsnow,1355,1,0.000000,1.000000,0.000000,L,1.000000,1.000000,0.000000,0.000000,0.279155
143,49,00593,lightsnow,1356,1,0.000000,1.000000,0.000000,L,1.000000,1.000000,0.000000,0.000000,0.264761
143,49,00593,lightsnow,1357,1,0.000000,1.000000,0.000000,L,1.000000,1.000000,0.000000,0.000000,0.262750
143,49,00593,lightsnow,1358,1,0.000000,0.999999,0.000000,L,0.999999,0.999999,0.000008,0.000001,0.228688
143,49,00593,lightsnow,1359,1,0.000000,1.000000,0.000000,L,1.000000,1.000000,0.000000,0.000000,0.229394
143,49,00593,lightsnow,531,0,0.000000,1.000000,0.000000,L,1.000000,1.000000,0.000000,0.000000,0.142502
143,49,00593,lightsnow,185,0,0.000000,1.000000,0.000000,L,1.000000,1.000000,0.000001,0.000000,0.165134
143,49,00593,lightsnow,568,0,0.000000,1.000000,0.000000,L,1.000000,1.000000,0.000000,0.000000,0.121851
143,49,00593,lightsnow,992,0,0.000000,1.000000,0.000000,L,1.000000,1.000000,0.000000,0.000000,0.106423
143,49,00593,lightsnow,423,0,0.000000,1.000000,0.000000,L,1.000000,1.000000,0.000000,0.000000,0.176251
143,49,00593,lightsnow,706,0,0.000000,1.000000,0.000000,L,1.000000,1.000000,0.000000,0.000000,0.068392
143,49,00593,lightsnow,314,0,0.000000,1.000000,0.000000,L,1.000000,1.000000,0.000000,0.000000,0.081955
143,49,00593,lightsnow,323,0,0.000000,1.000000,0.000000,L,1.000000,1.000000,-0.000000,0.000000,0.121211
143,49,00593,lightsnow,459,0,0.000000,1.000000,0.000000,L,1.000000,1.000000,0.000000,0.000000,0.117347
143,49,00593,lightsnow,227,0,0.000000,1.000000,0.000000,L,1.000000,1.000000,0.000000,0.000000,0.100681
143,49,00593,lightsnow,207,0,0.000000,1.000000,0.000000,L,1.000000,1.000000,0.000001,0.000000,0.129327
143,49,00593,lightsnow,585,0,0.000000,1.000000,0.000000,L,1.000000,1.000000,0.000000,0.000000,0.057445
143,49,00593,lightsnow,1258,0,0.000000,1.000000,0.000000,L,1.000000,1.000000,0.000000,0.000000,0.128948
143,49,00593,lightsnow,156,0,0.000000,1.000000,0.000000,L,1.000000,1.000000,0.000001,0.000000,0.126287
143,49,00593,lightsnow,722,0,0.000000,1.000000,0.000000,L,1.000000,1.000000,0.000000,0.000000,0.181123
143,49,00593,lightsnow,980,0,0.000000,1.000000,0.000000,L,1.000000,1.000000,0.000000,0.000000,0.130539
143,49,00593,lightsnow,725,0,0.000000,1.000000,0.000000,L,1.000000,1.000000,0.000000,0.000000,0.078630
143,49,00593,lightsnow,699,0,0.000000,1.000000,0.000000,L,1.000000,1.000000,0.000000,0.000000,0.129938
144,46,00155,heavysnow,638,1,0.000000,1.000000,0.000000,L,1.000000,1.000000,0.000000,0.000000,0.210486
144,46,00155,heavysnow,639,1,0.000000,1.000000,0.000000,L,1.000000,1.000000,0.000000,0.000000,0.234232
144,46,00155,heavysnow,640,1,0.000000,1.000000,0.000000,L,1.000000,1.000000,0.000000,0.000000,0.250250
144,46,00155,heavysnow,641,1,0.000000,1.000000,0.000000,L,1.000000,1.000000,0.000000,0.000000,0.256473
144,46,00155,heavysnow,642,1,0.000000,1.000000,0.000000,L,1.000000,1.000000,0.000002,0.000000,0.243818
144,46,00155,heavysnow,643,1,0.000000,1.000000,0.000000,L,1.000000,1.000000,0.000000,0.000000,0.220125
144,46,00155,heavysnow,644,1,0.000000,1.000000,0.000000,L,1.000000,1.000000,0.000000,0.000000,0.135969
144,46,00155,heavysnow,728,1,0.000000,1.000000,0.000000,L,1.000000,1.000000,0.000001,0.000000,0.242399
144,46,00155,heavysnow,729,1,0.000000,1.000000,0.000000,L,1.000000,1.000000,0.000000,0.000000,0.340190
144,46,00155,heavysnow,730,1,0.000000,1.000000,0.000000,L,1.000000,1.000000,-0.000000,0.000000,0.663262
144,46,00155,heavysnow,731,1,0.000000,1.000000,0.000000,L,1.000000,1.000000,-0.000000,0.000000,0.886771
144,46,00155,heavysnow,732,1,0.000000,1.000000,0.000000,L,1.000000,1.000000,-0.000000,0.000000,0.778019
144,46,00155,heavysnow,733,1,0.000000,1.000000,0.000000,L,1.000000,1.000000,0.000000,0.000000,0.345087
144,46,00155,heavysnow,734,1,0.000000,1.000000,0.000000,L,1.000000,1.000000,0.000000,0.000000,0.237706
144,46,00155,heavysnow,818,1,0.000000,1.000000,0.000000,L,1.000000,1.000000,0.000001,0.000000,0.236467
144,46,00155,heavysnow,819,1,0.000000,1.000000,0.000000,L,1.000000,1.000000,0.000000,0.000000,0.270817
144,46,00155,heavysnow,820,1,0.000000,1.000000,0.000000,L,1.000000,1.000000,0.000000,0.000000,0.306653
144,46,00155,heavysnow,821,1,0.000000,1.000000,0.000000,L,1.000000,1.000000,-0.000000,0.000000,0.615065
144,46,00155,heavysnow,822,1,0.000000,1.000000,0.000000,L,1.000000,1.000000,-0.000000,0.000000,0.472966
144,46,00155,heavysnow,823,1,0.000000,1.000000,0.000000,L,1.000000,1.000000,0.000000,0.000000,0.264893
144,46,00155,heavysnow,824,1,0.000000,1.000000,0.000000,L,1.000000,1.000000,0.000000,0.000000,0.225648
144,46,00155,heavysnow,908,1,0.000000,1.000000,0.000000,L,1.000000,1.000000,0.000000,0.000000,0.165890
144,46,00155,heavysnow,909,1,0.000000,1.000000,0.000000,L,1.000000,1.000000,0.000001,0.000000,0.211022
144,46,00155,heavysnow,910,1,0.000000,1.000000,0.000000,L,1.000000,1.000000,0.000004,0.000000,0.216305
144,46,00155,heavysnow,911,1,0.000000,1.000000,0.000000,L,1.000000,1.000000,0.000000,0.000000,0.215897
144,46,00155,heavysnow,912,1,0.000000,1.000000,0.000000,L,1.000000,1.000000,0.000000,0.000000,0.223103
144,46,00155,heavysnow,913,1,0.000000,1.000000,0.000000,L,1.000000,1.000000,0.000000,0.000000,0.110087
144,46,00155,heavysnow,914,1,0.000000,1.000000,0.000000,L,1.000000,1.000000,0.000000,0.000000,0.137067
144,46,00155,heavysnow,305,0,0.000000,1.000000,0.000000,L,1.000000,1.000000,0.000000,0.000000,0.103749
144,46,00155,heavysnow,1185,0,0.000000,1.000000,0.000000,L,1.000000,1.000000,0.000000,0.000000,0.096716
144,46,00155,heavysnow,1193,0,0.000000,1.000000,0.000000,L,1.000000,1.000000,0.000001,0.000000,0.086113
144,46,00155,heavysnow,38,0,0.000000,1.000000,0.000000,L,1.000000,1.000000,0.000001,0.000000,0.065908
144,46,00155,heavysnow,413,0,0.000000,1.000000,0.000000,L,1.000000,1.000000,0.000000,0.000000,0.102484
144,46,00155,heavysnow,1356,0,0.000000,1.000000,0.000000,L,1.000000,1.000000,0.000001,0.000000,0.091831
144,46,00155,heavysnow,526,0,0.000000,1.000000,0.000000,L,1.000000,1.000000,0.000000,0.000000,0.070323
144,46,00155,heavysnow,441,0,0.000000,1.000000,0.000000,L,1.000000,1.000000,0.000000,0.000000,0.101112
144,46,00155,heavysnow,747,0,0.000000,1.000000,0.000000,L,1.000000,1.000000,0.000000,0.000000,0.116221
144,46,00155,heavysnow,582,0,0.000000,1.000000,0.000000,L,1.000000,1.000000,0.000000,0.000000,0.078936
144,46,00155,heavysnow,268,0,0.000000,1.000000,0.000000,L,1.000000,1.000000,0.000000,0.000000,0.095195
144,46,00155,heavysnow,1118,0,0.000000,1.000000,0.000000,L,1.000000,1.000000,0.000000,0.000000,0.184646
144,46,00155,heavysnow,73,0,0.000000,1.000000,0.000000,L,1.000000,1.000000,0.000001,0.000000,0.085088
144,46,00155,heavysnow,814,0,0.000000,1.000000,0.000000,L,1.000000,1.000000,0.000000,0.000000,0.154994
144,46,00155,heavysnow,492,0,0.000000,1.000000,0.000000,L,1.000000,1.000000,0.000000,0.000000,0.085918
144,46,00155,heavysnow,1423,0,0.000000,1.000000,0.000000,L,1.000000,1.000000,0.000000,0.000000,0.070317
144,46,00155,heavysnow,1099,0,0.000000,1.000000,0.000000,L,1.000000,1.000000,0.000000,0.000000,0.129753
144,46,00155,heavysnow,1380,0,0.000000,1.000000,0.000000,L,1.000000,1.000000,0.000000,0.000000,0.060319
145,46,00203,heavysnow,555,1,0.000000,1.000000,0.000000,L,1.000000,1.000000,0.000003,0.000000,0.207732
145,46,00203,heavysnow,556,1,0.000000,1.000000,0.000000,L,1.000000,1.000000,0.000005,0.000000,0.223971
145,46,00203,heavysnow,557,1,0.000000,1.000000,0.000000,L,1.000000,1.000000,0.000002,0.000000,0.238245
145,46,00203,heavysnow,558,1,0.000000,1.000000,0.000000,L,1.000000,1.000000,0.000003,0.000000,0.252189
145,46,00203,heavysnow,559,1,0.000000,1.000000,0.000000,L,1.000000,1.000000,0.000004,0.000000,0.235319
145,46,00203,heavysnow,560,1,0.000000,1.000000,0.000000,L,1.000000,1.000000,0.000000,0.000000,0.200947
145,46,00203,heavysnow,561,1,0.000000,1.000000,0.000000,L,1.000000,1.000000,0.000000,0.000000,0.165460
145,46,00203,heavysnow,645,1,0.000000,1.000000,0.000000,L,1.000000,1.000000,0.000001,0.000000,0.241272
145,46,00203,heavysnow,646,1,0.000000,1.000000,0.000000,L,1.000000,1.000000,0.000000,0.000000,0.306816
145,46,00203,heavysnow,647,1,0.000000,1.000000,0.000000,L,1.000000,1.000000,-0.000000,0.000000,0.755625
145,46,00203,heavysnow,648,1,0.000000,1.000000,0.000000,L,1.000000,1.000000,-0.000000,0.000000,0.912905
145,46,00203,heavysnow,649,1,0.000000,1.000000,0.000000,L,1.000000,1.000000,-0.000000,0.000000,0.622523
145,46,00203,heavysnow,650,1,0.000000,1.000000,0.000000,L,1.000000,1.000000,0.000000,0.000000,0.246687
145,46,00203,heavysnow,651,1,0.000000,1.000000,0.000000,L,1.000000,1.000000,0.000000,0.000000,0.172197
145,46,00203,heavysnow,735,1,0.000000,1.000000,0.000000,L,1.000000,1.000000,0.000001,0.000000,0.244591
145,46,00203,heavysnow,736,1,0.000000,1.000000,0.000000,L,1.000000,1.000000,0.000001,0.000000,0.273637
145,46,00203,heavysnow,737,1,0.000000,1.000000,0.000000,L,1.000000,1.000000,-0.000000,0.000000,0.568576
145,46,00203,heavysnow,738,1,0.000000,1.000000,0.000000,L,1.000000,1.000000,-0.000000,0.000000,0.639650
145,46,00203,heavysnow,739,1,0.000000,1.000000,0.000000,L,1.000000,1.000000,-0.000000,0.000000,0.446204
145,46,00203,heavysnow,740,1,0.000000,1.000000,0.000000,L,1.000000,1.000000,0.000000,0.000000,0.252125
145,46,00203,heavysnow,741,1,0.000000,1.000000,0.000000,L,1.000000,1.000000,0.000000,0.000000,0.207308
145,46,00203,heavysnow,825,1,0.000000,1.000000,0.000000,L,1.000000,1.000000,0.000000,0.000000,0.149786
145,46,00203,heavysnow,826,1,0.000000,1.000000,0.000000,L,1.000000,1.000000,0.000000,0.000000,0.204798
145,46,00203,heavysnow,827,1,0.000000,1.000000,0.000000,L,1.000000,1.000000,0.000000,0.000000,0.225050
145,46,00203,heavysnow,828,1,0.000000,1.000000,0.000000,L,1.000000,1.000000,0.000000,0.000000,0.219724
145,46,00203,heavysnow,829,1,0.000000,1.000000,0.000000,L,1.000000,1.000000,0.000000,0.000000,0.203713
145,46,00203,heavysnow,830,1,0.000000,1.000000,0.000000,L,1.000000,1.000000,0.000000,0.000000,0.135574
145,46,00203,heavysnow,831,1,0.000000,1.000000,0.000000,L,1.000000,1.000000,0.000000,0.000000,0.097001
145,46,00203,heavysnow,665,0,0.000000,1.000000,0.000000,L,1.000000,1.000000,0.000000,0.000000,0.100590
145,46,00203,heavysnow,282,0,0.000000,1.000000,0.000000,L,1.000000,1.000000,0.000000,0.000000,0.105325
145,46,00203,heavysnow,534,0,0.000000,1.000000,0.000000,L,1.000000,1.000000,0.000000,0.000000,0.152415
145,46,00203,heavysnow,710,0,0.000000,1.000000,0.000000,L,1.000000,1.000000,0.000000,0.000000,0.133621
145,46,00203,heavysnow,344,0,0.000000,1.000000,0.000000,L,1.000000,1.000000,0.000000,0.000000,0.142434
145,46,00203,heavysnow,279,0,0.000000,1.000000,0.000000,L,1.000000,1.000000,0.000000,0.000000,0.092397
145,46,00203,heavysnow,218,0,0.000000,1.000000,0.000000,L,1.000000,1.000000,0.000000,0.000000,0.088159
145,46,00203,heavysnow,1173,0,0.000000,1.000000,0.000000,L,1.000000,1.000000,0.000000,0.000000,0.099260
145,46,00203,heavysnow,1169,0,0.000000,1.000000,0.000000,L,1.000000,1.000000,0.000000,0.000000,0.105592
145,46,00203,heavysnow,8,0,0.000000,1.000000,0.000000,L,1.000000,1.000000,0.000000,0.000000,0.154812
145,46,00203,heavysnow,1339,0,0.000000,1.000000,0.000000,L,1.000000,1.000000,0.000001,0.000000,0.169686
145,46,00203,heavysnow,1052,0,0.000000,1.000000,0.000000,L,1.000000,1.000000,0.000000,0.000000,0.137741
145,46,00203,heavysnow,817,0,0.000000,1.000000,0.000000,L,1.000000,1.000000,0.000000,0.000000,0.100060
145,46,00203,heavysnow,175,0,0.000000,1.000000,0.000000,L,1.000000,1.000000,0.000001,0.000000,0.126558
145,46,00203,heavysnow,213,0,0.000000,1.000000,0.000000,L,1.000000,1.000000,0.000000,0.000000,0.069136
145,46,00203,heavysnow,13,0,0.000000,1.000000,0.000000,L,1.000000,1.000000,0.000001,0.000000,0.056630
145,46,00203,heavysnow,97,0,0.000000,1.000000,0.000000,L,1.000000,1.000000,0.000000,0.000000,0.152078
145,46,00203,heavysnow,1283,0,0.000000,1.000000,0.000000,L,1.000000,1.000000,0.000000,0.000000,0.095416
146,46,00250,heavysnow,564,1,0.000000,1.000000,0.000000,L,1.000000,1.000000,0.000000,0.000000,0.117506
146,46,00250,heavysnow,565,1,0.000000,1.000000,0.000000,L,1.000000,1.000000,0.000000,0.000000,0.131650
146,46,00250,heavysnow,566,1,0.000000,1.000000,0.000000,L,1.000000,1.000000,0.000000,0.000000,0.173717
146,46,00250,heavysnow,567,1,0.000000,1.000000,0.000000,L,1.000000,1.000000,0.000001,0.000000,0.140580
146,46,00250,heavysnow,568,1,0.000000,1.000000,0.000000,L,1.000000,1.000000,0.000001,0.000000,0.155639
146,46,00250,heavysnow,569,1,0.000000,1.000000,0.000000,L,1.000000,1.000000,0.000000,0.000000,0.093390
146,46,00250,heavysnow,570,1,0.000000,1.000000,0.000000,L,1.000000,1.000000,0.000000,0.000000,0.093613
146,46,00250,heavysnow,654,1,0.000000,1.000000,0.000000,L,1.000000,1.000000,0.000000,0.000000,0.205116
146,46,00250,heavysnow,655,1,0.000000,1.000000,0.000000,L,1.000000,1.000000,0.000000,0.000000,0.201274
146,46,00250,heavysnow,656,1,0.000000,1.000000,0.000000,L,1.000000,1.000000,-0.000000,0.000000,0.459993
146,46,00250,heavysnow,657,1,0.000000,1.000000,0.000000,L,1.000000,1.000000,-0.000000,0.000000,0.476583
146,46,00250,heavysnow,658,1,0.000000,1.000000,0.000000,L,1.000000,1.000000,-0.000000,0.000000,0.365170
146,46,00250,heavysnow,659,1,0.000000,1.000000,0.000000,L,1.000000,1.000000,0.000000,0.000000,0.139828
146,46,00250,heavysnow,660,1,0.000000,1.000000,0.000000,L,1.000000,1.000000,0.000000,0.000000,0.096907
146,46,00250,heavysnow,744,1,0.000000,1.000000,0.000000,L,1.000000,1.000000,0.000000,0.000000,0.235420
146,46,00250,heavysnow,745,1,0.000000,1.000000,0.000000,L,1.000000,1.000000,0.000000,0.000000,0.240438
146,46,00250,heavysnow,746,1,0.000000,1.000000,0.000000,L,1.000000,1.000000,-0.000000,0.000000,0.531048
146,46,00250,heavysnow,747,1,0.000000,1.000000,0.000000,L,1.000000,1.000000,-0.000000,0.000000,0.566151
146,46,00250,heavysnow,748,1,0.000000,1.000000,0.000000,L,1.000000,1.000000,-0.000000,0.000000,0.477964
146,46,00250,heavysnow,749,1,0.000000,1.000000,0.000000,L,1.000000,1.000000,0.000000,0.000000,0.246278
146,46,00250,heavysnow,750,1,0.000000,1.000000,0.000000,L,1.000000,1.000000,0.000001,0.000000,0.133145
146,46,00250,heavysnow,834,1,0.000000,1.000000,0.000000,L,1.000000,1.000000,0.000000,0.000000,0.208456
146,46,00250,heavysnow,835,1,0.000000,1.000000,0.000000,L,1.000000,1.000000,0.000003,0.000000,0.229912
146,46,00250,heavysnow,836,1,0.000000,1.000000,0.000000,L,1.000000,1.000000,0.000001,0.000000,0.228771
146,46,00250,heavysnow,837,1,0.000000,1.000000,0.000000,L,1.000000,1.000000,0.000001,0.000000,0.223555
146,46,00250,heavysnow,838,1,0.000000,1.000000,0.000000,L,1.000000,1.000000,0.000000,0.000000,0.236337
146,46,00250,heavysnow,839,1,0.000000,1.000000,0.000000,L,1.000000,1.000000,0.000002,0.000000,0.207879
146,46,00250,heavysnow,840,1,0.000000,1.000000,0.000000,L,1.000000,0.999999,0.000005,0.000000,0.089673
146,46,00250,heavysnow,339,0,0.000000,1.000000,0.000000,L,1.000000,1.000000,0.000000,0.000000,0.141500
146,46,00250,heavysnow,603,0,0.000000,1.000000,0.000000,L,1.000000,1.000000,0.000000,0.000000,0.084592
146,46,00250,heavysnow,931,0,0.000000,1.000000,0.000000,L,1.000000,1.000000,0.000004,0.000000,0.113294
146,46,00250,heavysnow,1062,0,0.000000,1.000000,0.000000,L,1.000000,1.000000,0.000000,0.000000,0.137938
146,46,00250,heavysnow,488,0,0.000000,1.000000,0.000000,L,1.000000,1.000000,0.000000,0.000000,0.096783
146,46,00250,heavysnow,1072,0,0.000000,1.000000,0.000000,L,1.000000,1.000000,0.000000,0.000000,0.114861
146,46,00250,heavysnow,1415,0,0.000000,1.000000,0.000000,L,1.000000,1.000000,0.000001,0.000000,0.133277
146,46,00250,heavysnow,1266,0,0.000000,1.000000,0.000000,L,1.000000,1.000000,0.000000,0.000000,0.072667
146,46,00250,heavysnow,135,0,0.000000,1.000000,0.000000,L,1.000000,1.000000,0.000001,0.000000,0.089618
146,46,00250,heavysnow,22,0,0.000000,1.000000,0.000000,L,1.000000,1.000000,0.000001,0.000000,0.059711
146,46,00250,heavysnow,1150,0,0.000000,1.000000,0.000000,L,1.000000,1.000000,0.000000,0.000000,0.127790
146,46,00250,heavysnow,224,0,0.000000,1.000000,0.000000,L,1.000000,1.000000,0.000000,0.000000,0.083097
146,46,00250,heavysnow,986,0,0.000000,1.000000,0.000000,L,1.000000,1.000000,0.000000,0.000000,0.098318
146,46,00250,heavysnow,311,0,0.000000,1.000000,0.000000,L,1.000000,1.000000,0.000000,0.000000,0.087723
146,46,00250,heavysnow,1289,0,0.000001,0.999999,0.000000,L,0.999999,0.999999,0.000008,0.000001,0.124908
146,46,00250,heavysnow,1070,0,0.000000,1.000000,0.000000,L,1.000000,1.000000,0.000000,0.000000,0.095280
146,46,00250,heavysnow,1119,0,0.000000,1.000000,0.000000,L,1.000000,1.000000,0.000000,0.000000,0.114307
146,46,00250,heavysnow,1329,0,0.000000,1.000000,0.000000,L,1.000000,1.000000,0.000000,0.000000,0.138189
147,46,00298,heavysnow,563,1,0.000000,1.000000,0.000000,L,1.000000,1.000000,0.000000,0.000000,0.139050
147,46,00298,heavysnow,564,1,0.000000,1.000000,0.000000,L,1.000000,1.000000,0.000000,0.000000,0.136039
147,46,00298,heavysnow,565,1,0.000000,1.000000,0.000000,L,1.000000,1.000000,0.000000,0.000000,0.120927
147,46,00298,heavysnow,566,1,0.000000,1.000000,0.000000,L,1.000000,1.000000,0.000000,0.000000,0.177707
147,46,00298,heavysnow,567,1,0.000000,1.000000,0.000000,L,1.000000,1.000000,0.000000,0.000000,0.168334
147,46,00298,heavysnow,568,1,0.000000,1.000000,0.000000,L,1.000000,1.000000,0.000000,0.000000,0.158153
147,46,00298,heavysnow,569,1,0.000000,1.000000,0.000000,L,1.000000,1.000000,0.000000,0.000000,0.150193
147,46,00298,heavysnow,653,1,0.000000,1.000000,0.000000,L,1.000000,1.000000,0.000000,0.000000,0.140642
147,46,00298,heavysnow,654,1,0.000000,1.000000,0.000000,L,1.000000,1.000000,0.000000,0.000000,0.157383
147,46,00298,heavysnow,655,1,0.000000,1.000000,0.000000,L,1.000000,1.000000,-0.000000,0.000000,0.341770
147,46,00298,heavysnow,656,1,0.000000,1.000000,0.000000,L,1.000000,1.000000,-0.000000,0.000000,0.353189
147,46,00298,heavysnow,657,1,0.000000,1.000000,0.000000,L,1.000000,1.000000,0.000000,0.000000,0.222855
147,46,00298,heavysnow,658,1,0.000000,1.000000,0.000000,L,1.000000,1.000000,0.000000,0.000000,0.117542
147,46,00298,heavysnow,659,1,0.000000,1.000000,0.000000,L,1.000000,1.000000,0.000000,0.000000,0.117673
147,46,00298,heavysnow,743,1,0.000000,1.000000,0.000000,L,1.000000,1.000000,0.000000,0.000000,0.143644
147,46,00298,heavysnow,744,1,0.000000,1.000000,0.000000,L,1.000000,1.000000,0.000000,0.000000,0.213184
147,46,00298,heavysnow,745,1,0.000000,1.000000,0.000000,L,1.000000,1.000000,-0.000000,0.000000,0.433816
147,46,00298,heavysnow,746,1,0.000000,1.000000,0.000000,L,1.000000,1.000000,-0.000000,0.000000,0.547366
147,46,00298,heavysnow,747,1,0.000000,1.000000,0.000000,L,1.000000,1.000000,0.000000,0.000000,0.315636
147,46,00298,heavysnow,748,1,0.000000,1.000000,0.000000,L,1.000000,1.000000,0.000000,0.000000,0.238620
147,46,00298,heavysnow,749,1,0.000000,1.000000,0.000000,L,1.000000,1.000000,0.000000,0.000000,0.206247
147,46,00298,heavysnow,833,1,0.000000,1.000000,0.000000,L,1.000000,1.000000,0.000001,0.000000,0.147733
147,46,00298,heavysnow,834,1,0.000000,1.000000,0.000000,L,1.000000,1.000000,0.000000,0.000000,0.141706
147,46,00298,heavysnow,835,1,0.000000,1.000000,0.000000,L,1.000000,1.000000,0.000000,0.000000,0.167258
147,46,00298,heavysnow,836,1,0.000000,1.000000,0.000000,L,1.000000,1.000000,0.000000,0.000000,0.183018
147,46,00298,heavysnow,837,1,0.000000,1.000000,0.000000,L,1.000000,1.000000,0.000000,0.000000,0.188365
147,46,00298,heavysnow,838,1,0.000000,1.000000,0.000000,L,1.000000,1.000000,0.000000,0.000000,0.189261
147,46,00298,heavysnow,839,1,0.000000,1.000000,0.000000,L,1.000000,1.000000,0.000000,0.000000,0.146374
147,46,00298,heavysnow,198,0,0.000000,1.000000,0.000000,L,1.000000,1.000000,0.000002,0.000000,0.191258
147,46,00298,heavysnow,465,0,0.000000,1.000000,0.000000,L,1.000000,1.000000,0.000000,0.000000,0.162772
147,46,00298,heavysnow,318,0,0.000000,1.000000,0.000000,L,1.000000,1.000000,0.000000,0.000000,0.124660
147,46,00298,heavysnow,805,0,0.000000,1.000000,0.000000,L,1.000000,1.000000,0.000000,0.000000,0.076653
147,46,00298,heavysnow,76,0,0.000000,1.000000,0.000000,L,1.000000,1.000000,0.000001,0.000000,0.127587
147,46,00298,heavysnow,670,0,0.000000,1.000000,0.000000,L,1.000000,1.000000,0.000000,0.000000,0.120207
147,46,00298,heavysnow,142,0,0.000000,1.000000,0.000000,L,1.000000,1.000000,0.000001,0.000000,0.126286
147,46,00298,heavysnow,678,0,0.000000,1.000000,0.000000,L,1.000000,1.000000,0.000000,0.000000,0.064505
147,46,00298,heavysnow,1155,0,0.000000,1.000000,0.000000,L,1.000000,1.000000,0.000000,0.000000,0.215320
147,46,00298,heavysnow,894,0,0.000000,1.000000,0.000000,L,1.000000,1.000000,0.000000,0.000000,0.072240
147,46,00298,heavysnow,269,0,0.000000,1.000000,0.000000,L,1.000000,1.000000,0.000000,0.000000,0.147717
147,46,00298,heavysnow,1211,0,0.000000,1.000000,0.000000,L,1.000000,1.000000,0.000000,0.000000,0.130243
147,46,00298,heavysnow,1202,0,0.000000,1.000000,0.000000,L,1.000000,1.000000,0.000000,0.000000,0.097189
147,46,00298,heavysnow,460,0,0.000000,1.000000,0.000000,L,1.000000,1.000000,0.000000,0.000000,0.047832
147,46,00298,heavysnow,950,0,0.000000,1.000000,0.000000,L,1.000000,1.000000,0.000000,0.000000,0.117988
147,46,00298,heavysnow,476,0,0.000000,1.000000,0.000000,L,1.000000,1.000000,0.000000,0.000000,0.123395
147,46,00298,heavysnow,910,0,0.000000,1.000000,0.000000,L,1.000000,1.000000,0.000000,0.000000,0.055982
147,46,00298,heavysnow,778,0,0.000000,1.000000,0.000000,L,1.000000,1.000000,0.000000,0.000000,0.145294
148,54,00162,heavysnow,529,1,0.000000,1.000000,0.000000,L,1.000000,1.000000,0.000000,0.000000,0.349064
148,54,00162,heavysnow,1287,1,0.000000,1.000000,0.000000,L,1.000000,1.000000,0.000001,0.000000,0.239732
148,54,00162,heavysnow,710,1,0.000000,1.000000,0.000000,L,1.000000,1.000000,0.000000,0.000000,0.100049
148,54,00162,heavysnow,1108,1,0.000000,1.000000,0.000000,L,1.000000,1.000000,0.000000,0.000000,0.196065
148,54,00162,heavysnow,705,1,0.000000,1.000000,0.000000,L,1.000000,1.000000,0.000000,0.000000,0.236022
148,54,00162,heavysnow,437,1,0.000000,1.000000,0.000000,L,1.000000,1.000000,0.000000,0.000000,0.286744
148,54,00162,heavysnow,1102,1,0.000000,1.000000,0.000000,L,1.000000,1.000000,0.000004,0.000000,0.238583
148,54,00162,heavysnow,1192,1,0.000000,1.000000,0.000000,L,1.000000,1.000000,0.000000,0.000000,0.288139
148,54,00162,heavysnow,1374,1,0.000000,1.000000,0.000000,L,1.000000,1.000000,0.000000,0.000000,0.234874
148,54,00162,heavysnow,707,1,0.000000,1.000000,0.000000,L,1.000000,1.000000,0.000000,0.000000,0.573917
148,54,00162,heavysnow,1104,1,0.000000,1.000000,0.000000,L,1.000000,0.999999,0.000007,0.000001,0.297724
148,54,00162,heavysnow,531,1,0.000000,1.000000,0.000000,L,1.000000,1.000000,0.000000,0.000000,0.111301
148,54,00162,heavysnow,706,1,0.000000,1.000000,0.000000,L,1.000000,1.000000,0.000000,0.000000,0.386772
148,54,00162,heavysnow,711,1,0.000000,1.000000,0.000000,L,1.000000,1.000000,0.000000,0.000000,0.087939
148,54,00162,heavysnow,525,1,0.000000,1.000000,0.000000,L,1.000000,1.000000,0.000000,0.000000,0.223502
148,54,00162,heavysnow,527,1,0.000000,1.000000,0.000000,L,1.000000,1.000000,-0.000000,0.000000,0.594406
148,54,00162,heavysnow,528,1,0.000000,1.000000,0.000000,L,1.000000,1.000000,-0.000000,0.000000,0.600095
148,54,00162,heavysnow,1376,1,0.000000,1.000000,0.000000,L,1.000000,1.000000,0.000001,0.000000,0.230470
148,54,00162,heavysnow,619,1,0.000000,1.000000,0.000000,L,1.000000,1.000000,-0.000000,0.000000,0.498929
148,54,00162,heavysnow,618,1,0.000000,1.000000,0.000000,L,1.000000,1.000000,-0.000000,0.000000,0.862820
148,54,00162,heavysnow,1377,1,0.000000,1.000000,0.000000,L,1.000000,1.000000,0.000003,0.000000,0.120861
148,54,00162,heavysnow,435,1,0.000000,1.000000,0.000000,L,1.000000,1.000000,0.000000,0.000000,0.162146
148,54,00162,heavysnow,616,1,0.000000,1.000000,0.000000,L,1.000000,1.000000,0.000000,0.000000,0.395439
148,54,00162,heavysnow,439,1,0.000000,1.000000,0.000000,L,1.000000,1.000000,0.000000,0.000000,0.227113
148,54,00162,heavysnow,709,1,0.000000,1.000000,0.000000,L,1.000000,1.000000,0.000000,0.000000,0.278130
148,54,00162,heavysnow,1195,1,0.000000,1.000000,0.000000,L,1.000000,1.000000,-0.000000,0.000000,0.957018
148,54,00162,heavysnow,621,1,0.000000,1.000000,0.000000,L,1.000000,1.000000,0.000000,0.000000,0.130975
148,54,00162,heavysnow,615,1,0.000000,1.000000,0.000000,L,1.000000,1.000000,0.000000,0.000000,0.235829
148,54,00162,heavysnow,438,1,0.000000,1.000000,0.000000,L,1.000000,1.000000,0.000000,0.000000,0.256369
148,54,00162,heavysnow,441,1,0.000000,1.000000,0.000000,L,1.000000,1.000000,0.000000,0.000000,0.132016
148,54,00162,heavysnow,1196,1,0.000000,1.000000,0.000000,L,1.000000,1.000000,-0.000000,0.000000,0.687047
148,54,00162,heavysnow,440,1,0.000000,1.000000,0.000000,L,1.000000,1.000000,0.000000,0.000000,0.146286
148,54,00162,heavysnow,1105,1,0.000000,0.999999,0.000000,L,0.999999,0.999999,0.000010,0.000001,0.288208
148,54,00162,heavysnow,1378,1,0.000000,1.000000,0.000000,L,1.000000,1.000000,0.000000,0.000000,0.103063
148,54,00162,heavysnow,1288,1,0.000000,1.000000,0.000000,L,1.000000,1.000000,0.000001,0.000000,0.132791
148,54,00162,heavysnow,1197,1,0.000000,1.000000,0.000000,L,1.000000,1.000000,0.000000,0.000000,0.240319
148,54,00162,heavysnow,553,0,0.000000,1.000000,0.000000,L,1.000000,1.000000,0.000004,0.000000,0.100920
148,54,00162,heavysnow,323,0,0.000000,1.000000,0.000000,L,1.000000,1.000000,0.000000,0.000000,0.093152
148,54,00162,heavysnow,1166,0,0.000000,1.000000,0.000000,L,1.000000,1.000000,0.000000,0.000000,0.127434
148,54,00162,heavysnow,1348,0,0.000000,1.000000,0.000000,L,1.000000,1.000000,0.000000,0.000000,0.137371
148,54,00162,heavysnow,1009,0,0.000000,1.000000,0.000000,L,1.000000,1.000000,0.000001,0.000000,0.111303
148,54,00162,heavysnow,1211,0,0.000000,1.000000,0.000000,L,1.000000,1.000000,0.000000,0.000000,0.091485
148,54,00162,heavysnow,258,0,0.000000,1.000000,0.000000,L,1.000000,1.000000,0.000000,0.000000,0.197044
148,54,00162,heavysnow,362,0,0.000000,1.000000,0.000000,L,1.000000,1.000000,0.000000,0.000000,0.216509
148,54,00162,heavysnow,1387,0,0.000000,1.000000,0.000000,L,1.000000,1.000000,0.000001,0.000000,0.136348
148,54,00162,heavysnow,1057,0,0.000000,1.000000,0.000000,L,1.000000,1.000000,0.000000,0.000000,0.120208
148,54,00162,heavysnow,752,0,0.000000,1.000000,0.000000,L,1.000000,1.000000,0.000000,0.000000,0.076102
148,54,00162,heavysnow,1053,0,0.000000,1.000000,0.000000,L,1.000000,1.000000,0.000000,0.000000,0.087913
148,54,00162,heavysnow,174,0,0.000000,1.000000,0.000000,L,1.000000,1.000000,0.000001,0.000000,0.098520
148,54,00162,heavysnow,524,0,0.000000,1.000000,0.000000,L,1.000000,1.000000,0.000000,0.000000,0.268270
148,54,00162,heavysnow,973,0,0.000000,1.000000,0.000000,L,1.000000,1.000000,0.000000,0.000000,0.068720
148,54,00162,heavysnow,1062,0,0.000000,1.000000,0.000000,L,1.000000,1.000000,0.000000,0.000000,0.071355
148,54,00162,heavysnow,1055,0,0.000000,1.000000,0.000000,L,1.000000,1.000000,0.000000,0.000000,0.112914
148,54,00162,heavysnow,1118,0,0.000000,1.000000,0.000000,L,1.000000,1.000000,0.000000,0.000000,0.101365
149,54,00209,heavysnow,1290,1,0.000000,1.000000,0.000000,L,1.000000,1.000000,0.000000,0.000000,0.142053
149,54,00209,heavysnow,447,1,0.000000,1.000000,0.000000,L,1.000000,1.000000,0.000000,0.000000,0.218039
149,54,00209,heavysnow,626,1,0.000000,1.000000,0.000000,L,1.000000,1.000000,0.000000,0.000000,0.075542
149,54,00209,heavysnow,356,1,0.000000,1.000000,0.000000,L,1.000000,1.000000,0.000000,0.000000,0.237658
149,54,00209,heavysnow,449,1,0.000000,1.000000,0.000000,L,1.000000,1.000000,0.000000,0.000000,0.527226
149,54,00209,heavysnow,1286,1,0.000000,1.000000,0.000000,L,1.000000,1.000000,0.000003,0.000000,0.226779
149,54,00209,heavysnow,538,1,0.000000,1.000000,0.000000,L,1.000000,1.000000,0.000000,0.000000,0.204772
149,54,00209,heavysnow,1018,1,0.000000,0.999999,0.000000,L,0.999999,0.999999,0.000010,0.000001,0.278563
149,54,00209,heavysnow,1196,1,0.000000,1.000000,0.000000,L,1.000000,1.000000,0.000000,0.000000,0.261463
149,54,00209,heavysnow,1014,1,0.000000,1.000000,0.000000,L,1.000000,1.000000,0.000001,0.000000,0.150842
149,54,00209,heavysnow,627,1,0.000000,1.000000,0.000000,L,1.000000,1.000000,0.000000,0.000000,0.073844
149,54,00209,heavysnow,1197,1,0.000000,1.000000,0.000000,L,1.000000,1.000000,-0.000000,0.000000,0.588799
149,54,00209,heavysnow,357,1,0.000000,1.000000,0.000000,L,1.000000,1.000000,0.000000,0.000000,0.271819
149,54,00209,heavysnow,448,1,0.000000,1.000000,0.000000,L,1.000000,1.000000,0.000000,0.000000,0.286641
149,54,00209,heavysnow,1289,1,0.000000,1.000000,0.000000,L,1.000000,1.000000,0.000000,0.000000,0.213944
149,54,00209,heavysnow,1019,1,0.000000,1.000000,0.000000,L,1.000000,1.000000,0.000003,0.000000,0.254367
149,54,00209,heavysnow,1106,1,0.000000,1.000000,0.000000,L,1.000000,1.000000,-0.000000,0.000000,0.660706
149,54,00209,heavysnow,358,1,0.000000,1.000000,0.000000,L,1.000000,1.000000,0.000000,0.000000,0.260696
149,54,00209,heavysnow,629,1,0.000000,1.000000,0.000000,L,1.000000,1.000000,0.000000,0.000000,0.305104
149,54,00209,heavysnow,1107,1,0.000000,1.000000,0.000000,L,1.000000,1.000000,-0.000000,0.000000,0.992192
149,54,00209,heavysnow,1109,1,0.000000,1.000000,0.000000,L,1.000000,1.000000,-0.000000,0.000000,0.532383
149,54,00209,heavysnow,1199,1,0.000000,1.000000,0.000000,L,1.000000,1.000000,0.000000,0.000000,0.263666
149,54,00209,heavysnow,537,1,0.000000,1.000000,0.000000,L,1.000000,1.000000,0.000000,0.000000,0.220632
149,54,00209,heavysnow,1288,1,0.000000,1.000000,0.000000,L,1.000000,1.000000,0.000001,0.000000,0.231896
149,54,00209,heavysnow,1017,1,0.000000,1.000000,0.000000,L,1.000000,0.999999,0.000006,0.000000,0.270464
149,54,00209,heavysnow,536,1,0.000000,1.000000,0.000000,L,1.000000,1.000000,0.000000,0.000000,0.135711
149,54,00209,heavysnow,1200,1,0.000000,1.000000,0.000000,L,1.000000,1.000000,0.000001,0.000000,0.224281
149,54,00209,heavysnow,359,1,0.000000,1.000000,0.000000,L,1.000000,1.000000,0.000000,0.000000,0.335791
149,54,00209,heavysnow,1198,1,0.000000,1.000000,0.000000,L,1.000000,1.000000,-0.000000,0.000000,0.492328
149,54,00209,heavysnow,1015,1,0.000000,0.999999,0.000001,L,0.999999,0.999998,0.000014,0.000001,0.221817
149,54,00209,heavysnow,1285,1,0.000000,1.000000,0.000000,L,1.000000,1.000000,0.000000,0.000000,0.227518
149,54,00209,heavysnow,1284,1,0.000000,1.000000,0.000000,L,1.000000,1.000000,0.000000,0.000000,0.198769
149,54,00209,heavysnow,1105,1,0.000000,1.000000,0.000000,L,1.000000,1.000000,0.000001,0.000000,0.274487
149,54,00209,heavysnow,1195,1,0.000000,1.000000,0.000000,L,1.000000,1.000000,0.000001,0.000000,0.254799
149,54,00209,heavysnow,628,1,0.000000,1.000000,0.000000,L,1.000000,1.000000,0.000000,0.000000,0.162276
149,54,00209,heavysnow,539,1,0.000000,1.000000,0.000000,L,1.000000,1.000000,0.000000,0.000000,0.360324
149,54,00209,heavysnow,213,0,0.000000,1.000000,0.000000,L,1.000000,1.000000,0.000001,0.000000,0.179569
149,54,00209,heavysnow,868,0,0.000000,1.000000,0.000000,L,1.000000,1.000000,0.000000,0.000000,0.052166
149,54,00209,heavysnow,1025,0,0.000000,1.000000,0.000000,L,1.000000,1.000000,0.000003,0.000000,0.108740
149,54,00209,heavysnow,342,0,0.000000,1.000000,0.000000,L,1.000000,1.000000,0.000000,0.000000,0.179999
149,54,00209,heavysnow,580,0,0.000000,1.000000,0.000000,L,1.000000,1.000000,0.000000,0.000000,0.077725
149,54,00209,heavysnow,987,0,0.000000,1.000000,0.000000,L,1.000000,1.000000,0.000000,0.000000,0.074699
149,54,00209,heavysnow,232,0,0.000000,1.000000,0.000000,L,1.000000,1.000000,0.000000,0.000000,0.089411
149,54,00209,heavysnow,715,0,0.000000,1.000000,0.000000,L,1.000000,1.000000,0.000000,0.000000,0.070667
149,54,00209,heavysnow,129,0,0.000000,1.000000,0.000000,L,1.000000,1.000000,0.000001,0.000000,0.101642
149,54,00209,heavysnow,765,0,0.000000,1.000000,0.000000,L,1.000000,1.000000,0.000000,0.000000,0.075727
149,54,00209,heavysnow,1054,0,0.000000,1.000000,0.000000,L,1.000000,1.000000,0.000000,0.000000,0.148060
149,54,00209,heavysnow,955,0,0.000000,1.000000,0.000000,L,1.000000,1.000000,0.000000,0.000000,0.068586
149,54,00209,heavysnow,1389,0,0.000000,1.000000,0.000000,L,1.000000,1.000000,0.000000,0.000000,0.113300
149,54,00209,heavysnow,647,0,0.000000,1.000000,0.000000,L,1.000000,1.000000,0.000000,0.000000,0.087522
149,54,00209,heavysnow,1202,0,0.000000,1.000000,0.000000,L,1.000000,1.000000,0.000000,0.000000,0.142897
149,54,00209,heavysnow,308,0,0.000000,1.000000,0.000000,L,1.000000,1.000000,0.000000,0.000000,0.117314
149,54,00209,heavysnow,314,0,0.000000,1.000000,0.000000,L,1.000000,1.000000,0.000000,0.000000,0.104665
149,54,00209,heavysnow,646,0,0.000000,1.000000,0.000000,L,1.000000,1.000000,0.000000,0.000000,0.093546
150,54,00257,heavysnow,1012,1,0.000000,1.000000,0.000000,L,1.000000,1.000000,0.000001,0.000000,0.136622
150,54,00257,heavysnow,1013,1,0.000000,0.999999,0.000000,L,0.999999,0.999999,0.000009,0.000001,0.208825
150,54,00257,heavysnow,1014,1,0.000000,1.000000,0.000000,L,1.000000,0.999999,0.000005,0.000000,0.279807
150,54,00257,heavysnow,1015,1,0.000000,1.000000,0.000000,L,1.000000,1.000000,0.000000,0.000000,0.339327
150,54,00257,heavysnow,1016,1,0.000000,1.000000,0.000000,L,1.000000,0.999999,0.000006,0.000000,0.280891
150,54,00257,heavysnow,1017,1,0.000000,1.000000,0.000000,L,1.000000,1.000000,0.000002,0.000000,0.256245
150,54,00257,heavysnow,1018,1,0.000000,1.000000,0.000000,L,1.000000,1.000000,0.000000,0.000000,0.250829
150,54,00257,heavysnow,1102,1,0.000000,1.000000,0.000000,L,1.000000,1.000000,0.000000,0.000000,0.263085
150,54,00257,heavysnow,1103,1,0.000000,1.000000,0.000000,L,1.000000,1.000000,0.000001,0.000000,0.294002
150,54,00257,heavysnow,1104,1,0.000000,1.000000,0.000000,L,1.000000,1.000000,-0.000000,0.000000,0.825983
150,54,00257,heavysnow,1105,1,0.000000,1.000000,0.000000,L,1.000000,1.000000,-0.000000,0.000000,0.995189
150,54,00257,heavysnow,1106,1,0.000000,1.000000,0.000000,L,1.000000,1.000000,-0.000000,0.000000,0.898848
150,54,00257,heavysnow,1107,1,0.000000,1.000000,0.000000,L,1.000000,1.000000,0.000000,0.000000,0.335362
150,54,00257,heavysnow,1108,1,0.000000,1.000000,0.000000,L,1.000000,1.000000,0.000001,0.000000,0.278825
150,54,00257,heavysnow,1192,1,0.000000,1.000000,0.000000,L,1.000000,1.000000,0.000000,0.000000,0.225465
150,54,00257,heavysnow,1193,1,0.000000,1.000000,0.000000,L,1.000000,1.000000,0.000002,0.000000,0.269085
150,54,00257,heavysnow,1194,1,0.000000,1.000000,0.000000,L,1.000000,1.000000,0.000000,0.000000,0.287370
150,54,00257,heavysnow,1195,1,0.000000,1.000000,0.000000,L,1.000000,1.000000,-0.000000,0.000000,0.579771
150,54,00257,heavysnow,1196,1,0.000000,1.000000,0.000000,L,1.000000,1.000000,0.000000,0.000000,0.323320
150,54,00257,heavysnow,1197,1,0.000000,1.000000,0.000000,L,1.000000,1.000000,0.000000,0.000000,0.255588
150,54,00257,heavysnow,1198,1,0.000000,1.000000,0.000000,L,1.000000,1.000000,0.000001,0.000000,0.222220
150,54,00257,heavysnow,1282,1,0.000000,1.000000,0.000000,L,1.000000,1.000000,0.000000,0.000000,0.184220
150,54,00257,heavysnow,1283,1,0.000000,1.000000,0.000000,L,1.000000,1.000000,0.000000,0.000000,0.226790
150,54,00257,heavysnow,1284,1,0.000000,1.000000,0.000000,L,1.000000,1.000000,0.000004,0.000000,0.238496
150,54,00257,heavysnow,1285,1,0.000000,1.000000,0.000000,L,1.000000,1.000000,0.000003,0.000000,0.244234
150,54,00257,heavysnow,1286,1,0.000000,1.000000,0.000000,L,1.000000,1.000000,0.000001,0.000000,0.256777
150,54,00257,heavysnow,1287,1,0.000000,1.000000,0.000000,L,1.000000,1.000000,0.000000,0.000000,0.205530
150,54,00257,heavysnow,1288,1,0.000000,1.000000,0.000000,L,1.000000,1.000000,0.000000,0.000000,0.185309
150,54,00257,heavysnow,600,0,0.000000,1.000000,0.000000,L,1.000000,1.000000,0.000000,0.000000,0.057883
150,54,00257,heavysnow,255,0,0.000000,1.000000,0.000000,L,1.000000,1.000000,0.000000,0.000000,0.065335
150,54,00257,heavysnow,940,0,0.000000,1.000000,0.000000,L,1.000000,1.000000,0.000000,0.000000,0.085220
150,54,00257,heavysnow,1389,0,0.000000,1.000000,0.000000,L,1.000000,1.000000,0.000001,0.000000,0.073588
150,54,00257,heavysnow,997,0,0.000000,1.000000,0.000000,L,1.000000,1.000000,0.000004,0.000000,0.089929
150,54,00257,heavysnow,1154,0,0.000000,1.000000,0.000000,L,1.000000,1.000000,0.000000,0.000000,0.086679
150,54,00257,heavysnow,1216,0,0.000000,1.000000,0.000000,L,1.000000,1.000000,0.000000,0.000000,0.095054
150,54,00257,heavysnow,1128,0,0.000000,1.000000,0.000000,L,1.000000,1.000000,0.000000,0.000000,0.072041
150,54,00257,heavysnow,1402,0,0.000000,1.000000,0.000000,L,1.000000,1.000000,0.000000,0.000000,0.071306
150,54,00257,heavysnow,319,0,0.000000,1.000000,0.000000,L,1.000000,1.000000,0.000000,0.000000,0.091245
150,54,00257,heavysnow,308,0,0.000000,1.000000,0.000000,L,1.000000,1.000000,0.000000,0.000000,0.112251
150,54,00257,heavysnow,826,0,0.000000,1.000000,0.000000,L,1.000000,1.000000,0.000000,0.000000,0.169658
150,54,00257,heavysnow,1263,0,0.000000,1.000000,0.000000,L,1.000000,1.000000,0.000001,0.000000,0.168641
150,54,00257,heavysnow,971,0,0.000000,1.000000,0.000000,L,1.000000,1.000000,0.000000,0.000000,0.062517
150,54,00257,heavysnow,203,0,0.000000,1.000000,0.000000,L,1.000000,1.000000,0.000002,0.000000,0.121211
150,54,00257,heavysnow,71,0,0.000000,1.000000,0.000000,L,1.000000,1.000000,0.000001,0.000000,0.058950
150,54,00257,heavysnow,442,0,0.000000,1.000000,0.000000,L,1.000000,1.000000,0.000000,0.000000,0.074027
150,54,00257,heavysnow,301,0,0.000000,1.000000,0.000000,L,1.000000,1.000000,0.000001,0.000000,0.137479
151,54,00305,heavysnow,920,1,0.000000,1.000000,0.000000,L,1.000000,1.000000,0.000003,0.000000,0.106678
151,54,00305,heavysnow,921,1,0.000000,1.000000,0.000000,L,1.000000,0.999999,0.000005,0.000000,0.099816
151,54,00305,heavysnow,1010,1,0.000000,1.000000,0.000000,L,1.000000,1.000000,0.000001,0.000000,0.150477
151,54,00305,heavysnow,1011,1,0.000000,0.999999,0.000000,L,0.999999,0.999999,0.000008,0.000001,0.192553
151,54,00305,heavysnow,1012,1,0.000000,0.999999,0.000000,L,0.999999,0.999999,0.000009,0.000001,0.246144
151,54,00305,heavysnow,1013,1,0.000000,1.000000,0.000000,L,1.000000,1.000000,0.000002,0.000000,0.275448
151,54,00305,heavysnow,1014,1,0.000000,1.000000,0.000000,L,1.000000,0.999999,0.000006,0.000001,0.270476
151,54,00305,heavysnow,1015,1,0.000000,1.000000,0.000000,L,1.000000,0.999999,0.000007,0.000001,0.240510
151,54,00305,heavysnow,1016,1,0.000000,1.000000,0.000000,L,1.000000,1.000000,0.000004,0.000000,0.223242
151,54,00305,heavysnow,1100,1,0.000000,1.000000,0.000000,L,1.000000,1.000000,0.000000,0.000000,0.256747
151,54,00305,heavysnow,1101,1,0.000000,1.000000,0.000000,L,1.000000,1.000000,0.000001,0.000000,0.282662
151,54,00305,heavysnow,1102,1,0.000000,1.000000,0.000000,L,1.000000,1.000000,-0.000000,0.000000,0.669535
151,54,00305,heavysnow,1103,1,0.000000,1.000000,0.000000,L,1.000000,1.000000,-0.000000,0.000000,0.996370
151,54,00305,heavysnow,1104,1,0.000000,1.000000,0.000000,L,1.000000,1.000000,-0.000000,0.000000,0.988202
151,54,00305,heavysnow,1105,1,0.000000,1.000000,0.000000,L,1.000000,1.000000,-0.000000,0.000000,0.501332
151,54,00305,heavysnow,1106,1,0.000000,1.000000,0.000000,L,1.000000,0.999999,0.000006,0.000001,0.246339
151,54,00305,heavysnow,1190,1,0.000000,1.000000,0.000000,L,1.000000,1.000000,0.000000,0.000000,0.210914
151,54,00305,heavysnow,1191,1,0.000000,1.000000,0.000000,L,1.000000,1.000000,0.000001,0.000000,0.257317
151,54,00305,heavysnow,1192,1,0.000000,1.000000,0.000000,L,1.000000,1.000000,0.000002,0.000000,0.273057
151,54,00305,heavysnow,1193,1,0.000000,1.000000,0.000000,L,1.000000,1.000000,-0.000000,0.000000,0.512796
151,54,00305,heavysnow,1194,1,0.000000,1.000000,0.000000,L,1.000000,1.000000,0.000000,0.000000,0.394080
151,54,00305,heavysnow,1195,1,0.000000,1.000000,0.000000,L,1.000000,1.000000,0.000000,0.000000,0.251240
151,54,00305,heavysnow,1196,1,0.000000,1.000000,0.000000,L,1.000000,1.000000,0.000000,0.000000,0.236886
151,54,00305,heavysnow,1280,1,0.000000,1.000000,0.000000,L,1.000000,1.000000,0.000000,0.000000,0.205680
151,54,00305,heavysnow,1281,1,0.000000,1.000000,0.000000,L,1.000000,1.000000,0.000000,0.000000,0.222308
151,54,00305,heavysnow,1282,1,0.000000,1.000000,0.000000,L,1.000000,1.000000,0.000001,0.000000,0.235635
151,54,00305,heavysnow,1283,1,0.000000,1.000000,0.000000,L,1.000000,1.000000,0.000002,0.000000,0.238713
151,54,00305,heavysnow,1284,1,0.000000,1.000000,0.000000,L,1.000000,1.000000,0.000001,0.000000,0.243855
151,54,00305,heavysnow,1285,1,0.000000,1.000000,0.000000,L,1.000000,1.000000,0.000000,0.000000,0.228960
151,54,00305,heavysnow,1286,1,0.000000,1.000000,0.000000,L,1.000000,1.000000,0.000000,0.000000,0.145233
151,54,00305,heavysnow,242,0,0.000000,1.000000,0.000000,L,1.000000,1.000000,0.000000,0.000000,0.250532
151,54,00305,heavysnow,1256,0,0.000000,1.000000,0.000000,L,1.000000,1.000000,0.000000,0.000000,0.145237
151,54,00305,heavysnow,302,0,0.000000,1.000000,0.000000,L,1.000000,1.000000,0.000001,0.000000,0.114255
151,54,00305,heavysnow,1098,0,0.000000,1.000000,0.000000,L,1.000000,1.000000,0.000004,0.000000,0.174058
151,54,00305,heavysnow,1107,0,0.000000,1.000000,0.000000,L,1.000000,1.000000,0.000003,0.000000,0.196189
151,54,00305,heavysnow,609,0,0.000000,1.000000,0.000000,L,1.000000,1.000000,0.000000,0.000000,0.063609
151,54,00305,heavysnow,789,0,0.000000,1.000000,0.000000,L,1.000000,1.000000,0.000000,0.000000,0.058046
151,54,00305,heavysnow,836,0,0.000000,1.000000,0.000000,L,1.000000,1.000000,0.000000,0.000000,0.142658
151,54,00305,heavysnow,1042,0,0.000000,1.000000,0.000000,L,1.000000,1.000000,0.000000,0.000000,0.095798
151,54,00305,heavysnow,1368,0,0.000000,1.000000,0.000000,L,1.000000,1.000000,0.000000,0.000000,0.140626
151,54,00305,heavysnow,966,0,0.000000,1.000000,0.000000,L,1.000000,1.000000,0.000000,0.000000,0.094806
151,54,00305,heavysnow,834,0,0.000000,1.000000,0.000000,L,1.000000,1.000000,0.000000,0.000000,0.148593
151,54,00305,heavysnow,464,0,0.000000,1.000000,0.000000,L,1.000000,1.000000,0.000003,0.000000,0.105214
151,54,00305,heavysnow,1365,0,0.000000,1.000000,0.000000,L,1.000000,1.000000,0.000001,0.000000,0.138871
151,54,00305,heavysnow,1139,0,0.000000,1.000000,0.000000,L,1.000000,1.000000,0.000000,0.000000,0.097580
151,54,00305,heavysnow,1147,0,0.000000,1.000000,0.000000,L,1.000000,1.000000,0.000000,0.000000,0.093887
151,54,00305,heavysnow,112,0,0.000000,1.000000,0.000000,L,1.000000,1.000000,0.000001,0.000000,0.179835
151,54,00305,heavysnow,536,0,0.000000,1.000000,0.000000,L,1.000000,1.000000,0.000000,0.000000,0.139231
152,54,00503,heavysnow,583,1,0.000000,1.000000,0.000000,L,1.000000,1.000000,0.000000,0.000000,0.156410
152,54,00503,heavysnow,584,1,0.000000,1.000000,0.000000,L,1.000000,1.000000,0.000001,0.000000,0.175204
152,54,00503,heavysnow,585,1,0.000000,1.000000,0.000000,L,1.000000,1.000000,0.000000,0.000000,0.199303
152,54,00503,heavysnow,586,1,0.000000,1.000000,0.000000,L,1.000000,1.000000,0.000000,0.000000,0.222324
152,54,00503,heavysnow,587,1,0.000000,1.000000,0.000000,L,1.000000,1.000000,0.000001,0.000000,0.227334
152,54,00503,heavysnow,588,1,0.000000,1.000000,0.000000,L,1.000000,1.000000,0.000000,0.000000,0.202026
152,54,00503,heavysnow,589,1,0.000000,1.000000,0.000000,L,1.000000,1.000000,0.000000,0.000000,0.140969
152,54,00503,heavysnow,673,1,0.000000,1.000000,0.000000,L,1.000000,1.000000,0.000001,0.000000,0.210190
152,54,00503,heavysnow,674,1,0.000000,1.000000,0.000000,L,1.000000,1.000000,0.000000,0.000000,0.243375
152,54,00503,heavysnow,675,1,0.000000,1.000000,0.000000,L,1.000000,1.000000,-0.000000,0.000000,0.458875
152,54,00503,heavysnow,676,1,0.000000,1.000000,0.000000,L,1.000000,1.000000,-0.000000,0.000000,0.631542
152,54,00503,heavysnow,677,1,0.000000,1.000000,0.000000,L,1.000000,1.000000,0.000000,0.000000,0.525772
152,54,00503,heavysnow,678,1,0.000000,1.000000,0.000000,L,1.000000,1.000000,0.000000,0.000000,0.330119
152,54,00503,heavysnow,679,1,0.000000,1.000000,0.000000,L,1.000000,1.000000,0.000000,0.000000,0.211205
152,54,00503,heavysnow,763,1,0.000000,1.000000,0.000000,L,1.000000,1.000000,0.000000,0.000000,0.216453
152,54,00503,heavysnow,764,1,0.000000,1.000000,0.000000,L,1.000000,1.000000,0.000000,0.000000,0.247741
152,54,00503,heavysnow,765,1,0.000000,1.000000,0.000000,L,1.000000,1.000000,-0.000000,0.000000,0.516280
152,54,00503,heavysnow,766,1,0.000000,1.000000,0.000000,L,1.000000,1.000000,-0.000000,0.000000,0.771389
152,54,00503,heavysnow,767,1,0.000000,1.000000,0.000000,L,1.000000,1.000000,-0.000000,0.000000,0.726777
152,54,00503,heavysnow,768,1,0.000000,1.000000,0.000000,L,1.000000,1.000000,0.000000,0.000000,0.405957
152,54,00503,heavysnow,769,1,0.000000,1.000000,0.000000,L,1.000000,1.000000,0.000000,0.000000,0.238918
152,54,00503,heavysnow,853,1,0.000000,1.000000,0.000000,L,1.000000,1.000000,0.000001,0.000000,0.133826
152,54,00503,heavysnow,854,1,0.000000,1.000000,0.000000,L,1.000000,1.000000,0.000001,0.000000,0.198513
152,54,00503,heavysnow,855,1,0.000000,1.000000,0.000000,L,1.000000,1.000000,0.000000,0.000000,0.228279
152,54,00503,heavysnow,856,1,0.000000,1.000000,0.000000,L,1.000000,1.000000,0.000000,0.000000,0.236916
152,54,00503,heavysnow,857,1,0.000000,1.000000,0.000000,L,1.000000,1.000000,0.000000,0.000000,0.249878
152,54,00503,heavysnow,858,1,0.000000,1.000000,0.000000,L,1.000000,1.000000,0.000000,0.000000,0.218688
152,54,00503,heavysnow,859,1,0.000000,1.000000,0.000000,L,1.000000,1.000000,0.000000,0.000000,0.144203
152,54,00503,heavysnow,1299,0,0.000000,1.000000,0.000000,L,1.000000,1.000000,0.000001,0.000000,0.092642
152,54,00503,heavysnow,147,0,0.000000,1.000000,0.000000,L,1.000000,1.000000,0.000001,0.000000,0.070829
152,54,00503,heavysnow,914,0,0.000000,1.000000,0.000000,L,1.000000,1.000000,0.000001,0.000000,0.117416
152,54,00503,heavysnow,98,0,0.000000,1.000000,0.000000,L,1.000000,1.000000,0.000000,0.000000,0.199286
152,54,00503,heavysnow,159,0,0.000000,1.000000,0.000000,L,1.000000,1.000000,0.000001,0.000000,0.124475
152,54,00503,heavysnow,632,0,0.000000,1.000000,0.000000,L,1.000000,1.000000,0.000000,0.000000,0.169793
152,54,00503,heavysnow,376,0,0.000000,1.000000,0.000000,L,1.000000,1.000000,0.000000,0.000000,0.113665
152,54,00503,heavysnow,547,0,0.000000,1.000000,0.000000,L,1.000000,1.000000,0.000002,0.000000,0.127255
152,54,00503,heavysnow,806,0,0.000000,1.000000,0.000000,L,1.000000,1.000000,0.000000,0.000000,0.070039
152,54,00503,heavysnow,664,0,0.000000,1.000000,0.000000,L,1.000000,1.000000,0.000000,0.000000,0.112059
152,54,00503,heavysnow,74,0,0.000000,1.000000,0.000000,L,1.000000,1.000000,0.000001,0.000000,0.073885
152,54,00503,heavysnow,562,0,0.000000,1.000000,0.000000,L,1.000000,1.000000,0.000000,0.000000,0.127208
152,54,00503,heavysnow,497,0,0.000000,1.000000,0.000000,L,1.000000,1.000000,0.000001,0.000000,0.162544
152,54,00503,heavysnow,1355,0,0.000000,1.000000,0.000000,L,1.000000,1.000000,0.000001,0.000000,0.139417
152,54,00503,heavysnow,1160,0,0.000000,1.000000,0.000000,L,1.000000,1.000000,0.000000,0.000000,0.171174
152,54,00503,heavysnow,908,0,0.000000,1.000000,0.000000,L,1.000000,1.000000,0.000001,0.000000,0.139257
152,54,00503,heavysnow,755,0,0.000000,1.000000,0.000000,L,1.000000,1.000000,0.000000,0.000000,0.092954
152,54,00503,heavysnow,1301,0,0.000000,1.000000,0.000000,L,1.000000,1.000000,0.000000,0.000000,0.107204
153,54,00550,heavysnow,562,1,0.000000,1.000000,0.000000,L,1.000000,1.000000,0.000002,0.000000,0.160311
153,54,00550,heavysnow,563,1,0.000000,1.000000,0.000000,L,1.000000,1.000000,0.000003,0.000000,0.175988
153,54,00550,heavysnow,564,1,0.000000,1.000000,0.000000,L,1.000000,1.000000,0.000002,0.000000,0.183873
153,54,00550,heavysnow,565,1,0.000000,1.000000,0.000000,L,1.000000,1.000000,0.000004,0.000000,0.173385
153,54,00550,heavysnow,566,1,0.000000,1.000000,0.000000,L,1.000000,0.999999,0.000005,0.000000,0.186383
153,54,00550,heavysnow,567,1,0.000000,1.000000,0.000000,L,1.000000,1.000000,0.000000,0.000000,0.120584
153,54,00550,heavysnow,568,1,0.000000,1.000000,0.000000,L,1.000000,1.000000,0.000000,0.000000,0.125848
153,54,00550,heavysnow,652,1,0.000000,1.000000,0.000000,L,1.000000,1.000000,0.000001,0.000000,0.236091
153,54,00550,heavysnow,653,1,0.000000,1.000000,0.000000,L,1.000000,1.000000,0.000003,0.000000,0.232119
153,54,00550,heavysnow,654,1,0.000000,1.000000,0.000000,L,1.000000,1.000000,-0.000000,0.000000,0.436114
153,54,00550,heavysnow,655,1,0.000000,1.000000,0.000000,L,1.000000,1.000000,-0.000000,0.000000,0.532987
153,54,00550,heavysnow,656,1,0.000000,1.000000,0.000000,L,1.000000,1.000000,0.000000,0.000000,0.345324
153,54,00550,heavysnow,657,1,0.000000,1.000000,0.000000,L,1.000000,1.000000,0.000000,0.000000,0.157348
153,54,00550,heavysnow,658,1,0.000000,1.000000,0.000000,L,1.000000,1.000000,0.000000,0.000000,0.099285
153,54,00550,heavysnow,742,1,0.000000,1.000000,0.000000,L,1.000000,1.000000,0.000001,0.000000,0.248901
153,54,00550,heavysnow,743,1,0.000000,1.000000,0.000000,L,1.000000,1.000000,0.000000,0.000000,0.296326
153,54,00550,heavysnow,744,1,0.000000,1.000000,0.000000,L,1.000000,1.000000,-0.000000,0.000000,0.667621
153,54,00550,heavysnow,745,1,0.000000,1.000000,0.000000,L,1.000000,1.000000,-0.000000,0.000000,0.740885
153,54,00550,heavysnow,746,1,0.000000,1.000000,0.000000,L,1.000000,1.000000,-0.000000,0.000000,0.608271
153,54,00550,heavysnow,747,1,0.000000,1.000000,0.000000,L,1.000000,1.000000,0.000001,0.000000,0.243906
153,54,00550,heavysnow,748,1,0.000000,1.000000,0.000000,L,1.000000,1.000000,0.000001,0.000000,0.227605
153,54,00550,heavysnow,832,1,0.000000,1.000000,0.000000,L,1.000000,1.000000,0.000000,0.000000,0.128097
153,54,00550,heavysnow,833,1,0.000000,1.000000,0.000000,L,1.000000,1.000000,0.000001,0.000000,0.218650
153,54,00550,heavysnow,834,1,0.000000,1.000000,0.000000,L,1.000000,1.000000,0.000000,0.000000,0.225663
153,54,00550,heavysnow,835,1,0.000000,1.000000,0.000000,L,1.000000,1.000000,0.000000,0.000000,0.229847
153,54,00550,heavysnow,836,1,0.000000,1.000000,0.000000,L,1.000000,1.000000,0.000000,0.000000,0.223768
153,54,00550,heavysnow,837,1,0.000000,1.000000,0.000000,L,1.000000,1.000000,0.000000,0.000000,0.231092
153,54,00550,heavysnow,838,1,0.000000,1.000000,0.000000,L,1.000000,1.000000,0.000000,0.000000,0.189008
153,54,00550,heavysnow,926,1,0.000000,1.000000,0.000000,L,1.000000,1.000000,0.000000,0.000000,0.136942
153,54,00550,heavysnow,927,1,0.000000,1.000000,0.000000,L,1.000000,1.000000,0.000000,0.000000,0.131720
153,54,00550,heavysnow,928,1,0.000000,1.000000,0.000000,L,1.000000,1.000000,0.000000,0.000000,0.149407
153,54,00550,heavysnow,753,0,0.000000,1.000000,0.000000,L,1.000000,1.000000,0.000000,0.000000,0.139837
153,54,00550,heavysnow,1249,0,0.000000,1.000000,0.000000,L,1.000000,1.000000,0.000000,0.000000,0.133839
153,54,00550,heavysnow,367,0,0.000000,1.000000,0.000000,L,1.000000,1.000000,0.000000,0.000000,0.140427
153,54,00550,heavysnow,702,0,0.000000,1.000000,0.000000,L,1.000000,1.000000,0.000000,0.000000,0.142385
153,54,00550,heavysnow,17,0,0.000000,1.000000,0.000000,L,1.000000,1.000000,0.000000,0.000000,0.123209
153,54,00550,heavysnow,719,0,0.000000,1.000000,0.000000,L,1.000000,1.000000,0.000000,0.000000,0.138060
153,54,00550,heavysnow,709,0,0.000000,1.000000,0.000000,L,1.000000,1.000000,0.000000,0.000000,0.129205
153,54,00550,heavysnow,294,0,0.000000,1.000000,0.000000,L,1.000000,1.000000,0.000001,0.000000,0.110972
153,54,00550,heavysnow,822,0,0.000000,1.000000,0.000000,L,1.000000,1.000000,0.000001,0.000000,0.178572
153,54,00550,heavysnow,456,0,0.000000,1.000000,0.000000,L,1.000000,1.000000,0.000001,0.000000,0.143383
153,54,00550,heavysnow,1039,0,0.000000,1.000000,0.000000,L,1.000000,1.000000,0.000000,0.000000,0.094884
153,54,00550,heavysnow,360,0,0.000000,1.000000,0.000000,L,1.000000,0.999999,0.000005,0.000000,0.218048
153,54,00550,heavysnow,1153,0,0.000000,1.000000,0.000000,L,1.000000,1.000000,0.000000,0.000000,0.121916
153,54,00550,heavysnow,165,0,0.000000,1.000000,0.000000,L,1.000000,1.000000,0.000001,0.000000,0.115002
153,54,00550,heavysnow,332,0,0.000000,1.000000,0.000000,L,1.000000,1.000000,0.000000,0.000000,0.140015
153,54,00550,heavysnow,602,0,0.000000,1.000000,0.000000,L,1.000000,1.000000,0.000000,0.000000,0.126060
153,54,00550,heavysnow,138,0,0.000000,1.000000,0.000000,L,1.000000,0.999999,0.000004,0.000000,0.118426
153,54,00550,heavysnow,950,0,0.000000,1.000000,0.000000,L,1.000000,1.000000,0.000000,0.000000,0.081101
154,54,00598,heavysnow,558,1,0.000000,1.000000,0.000000,L,1.000000,1.000000,0.000000,0.000000,0.124446
154,54,00598,heavysnow,559,1,0.000000,1.000000,0.000000,L,1.000000,1.000000,0.000000,0.000000,0.134607
154,54,00598,heavysnow,560,1,0.000000,1.000000,0.000000,L,1.000000,1.000000,0.000000,0.000000,0.205597
154,54,00598,heavysnow,561,1,0.000000,1.000000,0.000000,L,1.000000,1.000000,0.000000,0.000000,0.206930
154,54,00598,heavysnow,562,1,0.000000,1.000000,0.000000,L,1.000000,1.000000,0.000001,0.000000,0.217948
154,54,00598,heavysnow,563,1,0.000000,1.000000,0.000000,L,1.000000,1.000000,0.000001,0.000000,0.203149
154,54,00598,heavysnow,564,1,0.000000,1.000000,0.000000,L,1.000000,1.000000,0.000001,0.000000,0.192657
154,54,00598,heavysnow,648,1,0.000000,1.000000,0.000000,L,1.000000,1.000000,0.000000,0.000000,0.210763
154,54,00598,heavysnow,649,1,0.000000,1.000000,0.000000,L,1.000000,1.000000,0.000000,0.000000,0.219255
154,54,00598,heavysnow,650,1,0.000000,1.000000,0.000000,L,1.000000,1.000000,0.000000,0.000000,0.403784
154,54,00598,heavysnow,651,1,0.000000,1.000000,0.000000,L,1.000000,1.000000,-0.000000,0.000000,0.614809
154,54,00598,heavysnow,652,1,0.000000,1.000000,0.000000,L,1.000000,1.000000,-0.000000,0.000000,0.619857
154,54,00598,heavysnow,653,1,0.000000,1.000000,0.000000,L,1.000000,1.000000,0.000000,0.000000,0.244759
154,54,00598,heavysnow,654,1,0.000000,0.999999,0.000000,L,0.999999,0.999999,0.000010,0.000001,0.230331
154,54,00598,heavysnow,738,1,0.000000,1.000000,0.000000,L,1.000000,1.000000,0.000000,0.000000,0.185104
154,54,00598,heavysnow,739,1,0.000000,1.000000,0.000000,L,1.000000,1.000000,0.000000,0.000000,0.254245
154,54,00598,heavysnow,740,1,0.000000,1.000000,0.000000,L,1.000000,1.000000,-0.000000,0.000000,0.578961
154,54,00598,heavysnow,741,1,0.000000,1.000000,0.000000,L,1.000000,1.000000,-0.000000,0.000000,0.804610
154,54,00598,heavysnow,742,1,0.000000,1.000000,0.000000,L,1.000000,1.000000,-0.000000,0.000000,0.662785
154,54,00598,heavysnow,743,1,0.000000,1.000000,0.000000,L,1.000000,1.000000,0.000000,0.000000,0.243865
154,54,00598,heavysnow,744,1,0.000000,1.000000,0.000000,L,1.000000,0.999999,0.000005,0.000001,0.244156
154,54,00598,heavysnow,828,1,0.000000,1.000000,0.000000,L,1.000000,1.000000,0.000000,0.000000,0.108561
154,54,00598,heavysnow,829,1,0.000000,1.000000,0.000000,L,1.000000,1.000000,0.000000,0.000000,0.168517
154,54,00598,heavysnow,830,1,0.000000,1.000000,0.000000,L,1.000000,1.000000,0.000002,0.000000,0.218292
154,54,00598,heavysnow,831,1,0.000000,1.000000,0.000000,L,1.000000,1.000000,0.000000,0.000000,0.234544
154,54,00598,heavysnow,832,1,0.000000,1.000000,0.000000,L,1.000000,1.000000,0.000000,0.000000,0.227040
154,54,00598,heavysnow,833,1,0.000000,1.000000,0.000000,L,1.000000,1.000000,0.000000,0.000000,0.228890
154,54,00598,heavysnow,834,1,0.000000,1.000000,0.000000,L,1.000000,1.000000,0.000000,0.000000,0.204402
154,54,00598,heavysnow,375,0,0.000000,1.000000,0.000000,L,1.000000,1.000000,0.000001,0.000000,0.106711
154,54,00598,heavysnow,1267,0,0.000000,1.000000,0.000000,L,1.000000,1.000000,0.000001,0.000000,0.147089
154,54,00598,heavysnow,72,0,0.000000,1.000000,0.000000,L,1.000000,1.000000,0.000001,0.000000,0.121125
154,54,00598,heavysnow,361,0,0.000001,0.999999,0.000001,L,0.999999,0.999998,0.000016,0.000002,0.221282
154,54,00598,heavysnow,1340,0,0.000000,1.000000,0.000000,L,1.000000,1.000000,0.000001,0.000000,0.170503
154,54,00598,heavysnow,1176,0,0.000000,1.000000,0.000000,L,1.000000,1.000000,0.000002,0.000000,0.121124
154,54,00598,heavysnow,551,0,0.000000,1.000000,0.000000,L,1.000000,1.000000,0.000000,0.000000,0.103596
154,54,00598,heavysnow,986,0,0.000000,1.000000,0.000000,L,1.000000,1.000000,0.000000,0.000000,0.127208
154,54,00598,heavysnow,1017,0,0.000000,1.000000,0.000000,L,1.000000,1.000000,0.000000,0.000000,0.167371
154,54,00598,heavysnow,645,0,0.000000,1.000000,0.000000,L,1.000000,1.000000,0.000004,0.000000,0.121401
154,54,00598,heavysnow,809,0,0.000000,1.000000,0.000000,L,1.000000,1.000000,0.000000,0.000000,0.135369
154,54,00598,heavysnow,767,0,0.000000,1.000000,0.000000,L,1.000000,1.000000,0.000000,0.000000,0.074505
154,54,00598,heavysnow,1182,0,0.000000,1.000000,0.000000,L,1.000000,1.000000,0.000001,0.000000,0.105867
154,54,00598,heavysnow,1347,0,0.000000,1.000000,0.000000,L,1.000000,1.000000,0.000001,0.000000,0.141386
154,54,00598,heavysnow,1179,0,0.000000,1.000000,0.000000,L,1.000000,1.000000,0.000000,0.000000,0.097642
154,54,00598,heavysnow,1129,0,0.000000,1.000000,0.000000,L,1.000000,1.000000,0.000000,0.000000,0.098477
154,54,00598,heavysnow,801,0,0.000000,1.000000,0.000000,L,1.000000,1.000000,0.000000,0.000000,0.124231
154,54,00598,heavysnow,963,0,0.000000,1.000000,0.000000,L,1.000000,1.000000,0.000000,0.000000,0.132540
155,55,00167,heavysnow,914,1,0.000000,1.000000,0.000000,L,1.000000,1.000000,0.000002,0.000000,0.157401
155,55,00167,heavysnow,915,1,0.000000,1.000000,0.000000,L,1.000000,0.999999,0.000007,0.000001,0.190627
155,55,00167,heavysnow,916,1,0.000000,1.000000,0.000000,L,1.000000,1.000000,0.000004,0.000000,0.200175
155,55,00167,heavysnow,917,1,0.000000,1.000000,0.000000,L,1.000000,1.000000,0.000004,0.000000,0.208239
155,55,00167,heavysnow,918,1,0.000000,1.000000,0.000000,L,1.000000,0.999999,0.000006,0.000001,0.216010
155,55,00167,heavysnow,919,1,0.000000,1.000000,0.000000,L,1.000000,1.000000,0.000003,0.000000,0.184301
155,55,00167,heavysnow,920,1,0.000000,1.000000,0.000000,L,1.000000,1.000000,0.000000,0.000000,0.123493
155,55,00167,heavysnow,1004,1,0.000000,1.000000,0.000000,L,1.000000,1.000000,0.000002,0.000000,0.215813
155,55,00167,heavysnow,1005,1,0.000000,1.000000,0.000000,L,1.000000,1.000000,0.000004,0.000000,0.221720
155,55,00167,heavysnow,1006,1,0.000000,1.000000,0.000000,L,1.000000,1.000000,-0.000000,0.000000,0.574667
155,55,00167,heavysnow,1007,1,0.000000,1.000000,0.000000,L,1.000000,1.000000,-0.000000,0.000000,0.709633
155,55,00167,heavysnow,1008,1,0.000000,1.000000,0.000000,L,1.000000,1.000000,-0.000000,0.000000,0.700461
155,55,00167,heavysnow,1009,1,0.000000,1.000000,0.000000,L,1.000000,1.000000,0.000000,0.000000,0.276660
155,55,00167,heavysnow,1094,1,0.000000,1.000000,0.000000,L,1.000000,1.000000,0.000000,0.000000,0.220232
155,55,00167,heavysnow,1095,1,0.000000,1.000000,0.000000,L,1.000000,1.000000,0.000004,0.000000,0.228157
155,55,00167,heavysnow,1096,1,0.000000,1.000000,0.000000,L,1.000000,1.000000,0.000000,0.000000,0.290088
155,55,00167,heavysnow,1097,1,0.000000,1.000000,0.000000,L,1.000000,1.000000,-0.000000,0.000000,0.606515
155,55,00167,heavysnow,1098,1,0.000000,1.000000,0.000000,L,1.000000,1.000000,-0.000000,0.000000,0.553673
155,55,00167,heavysnow,1099,1,0.000000,1.000000,0.000000,L,1.000000,1.000000,0.000000,0.000000,0.239455
155,55,00167,heavysnow,1184,1,0.000000,1.000000,0.000000,L,1.000000,1.000000,0.000000,0.000000,0.167554
155,55,00167,heavysnow,1185,1,0.000000,1.000000,0.000000,L,1.000000,1.000000,0.000000,0.000000,0.216000
155,55,00167,heavysnow,1186,1,0.000000,1.000000,0.000000,L,1.000000,1.000000,0.000001,0.000000,0.210232
155,55,00167,heavysnow,1187,1,0.000000,1.000000,0.000000,L,1.000000,1.000000,0.000001,0.000000,0.219640
155,55,00167,heavysnow,1188,1,0.000000,1.000000,0.000000,L,1.000000,1.000000,0.000001,0.000000,0.220739
155,55,00167,heavysnow,1189,1,0.000000,1.000000,0.000000,L,1.000000,1.000000,0.000002,0.000000,0.152138
155,55,00167,heavysnow,166,0,0.000000,1.000000,0.000000,L,1.000000,1.000000,0.000001,0.000000,0.107248
155,55,00167,heavysnow,1404,0,0.000000,1.000000,0.000000,L,1.000000,1.000000,0.000000,0.000000,0.095704
155,55,00167,heavysnow,1321,0,0.000000,1.000000,0.000000,L,1.000000,1.000000,0.000000,0.000000,0.122716
155,55,00167,heavysnow,1217,0,0.000000,1.000000,0.000000,L,1.000000,1.000000,0.000000,0.000000,0.127116
155,55,00167,heavysnow,775,0,0.000000,1.000000,0.000000,L,1.000000,1.000000,0.000000,0.000000,0.132634
155,55,00167,heavysnow,1080,0,0.000000,1.000000,0.000000,L,1.000000,1.000000,0.000000,0.000000,0.126481
155,55,00167,heavysnow,57,0,0.000000,1.000000,0.000000,L,1.000000,1.000000,0.000001,0.000000,0.126009
155,55,00167,heavysnow,253,0,0.000000,1.000000,0.000000,L,1.000000,1.000000,0.000000,0.000000,0.082346
155,55,00167,heavysnow,415,0,0.000000,1.000000,0.000000,L,1.000000,1.000000,0.000000,0.000000,0.127814
155,55,00167,heavysnow,115,0,0.000000,1.000000,0.000000,L,1.000000,1.000000,0.000000,0.000000,0.119956
155,55,00167,heavysnow,890,0,0.000000,1.000000,0.000000,L,1.000000,1.000000,0.000000,0.000000,0.098046
155,55,00167,heavysnow,690,0,0.000000,1.000000,0.000000,L,1.000000,1.000000,0.000000,0.000000,0.127667
155,55,00167,heavysnow,1169,0,0.000000,1.000000,0.000000,L,1.000000,1.000000,0.000000,0.000000,0.060621
155,55,00167,heavysnow,1087,0,0.000000,1.000000,0.000000,L,1.000000,1.000000,0.000001,0.000000,0.091224
155,55,00167,heavysnow,1207,0,0.000000,1.000000,0.000000,L,1.000000,1.000000,0.000000,0.000000,0.133343
155,55,00167,heavysnow,1312,0,0.000000,1.000000,0.000000,L,1.000000,1.000000,0.000000,0.000000,0.098486
155,55,00167,heavysnow,830,0,0.000000,1.000000,0.000000,L,1.000000,1.000000,0.000001,0.000000,0.136944
155,55,00167,heavysnow,292,0,0.000000,1.000000,0.000000,L,1.000000,1.000000,0.000001,0.000000,0.142419
156,55,00214,heavysnow,560,1,0.000000,1.000000,0.000000,L,1.000000,1.000000,0.000000,0.000000,0.131355
156,55,00214,heavysnow,644,1,0.000000,1.000000,0.000000,L,1.000000,1.000000,0.000001,0.000000,0.209735
156,55,00214,heavysnow,645,1,0.000000,1.000000,0.000000,L,1.000000,0.999999,0.000007,0.000001,0.228790
156,55,00214,heavysnow,646,1,0.000000,1.000000,0.000000,L,1.000000,1.000000,0.000003,0.000000,0.255891
156,55,00214,heavysnow,647,1,0.000000,1.000000,0.000000,L,1.000000,1.000000,0.000002,0.000000,0.286838
156,55,00214,heavysnow,648,1,0.000000,1.000000,0.000000,L,1.000000,1.000000,0.000004,0.000000,0.263660
156,55,00214,heavysnow,649,1,0.000000,1.000000,0.000000,L,1.000000,1.000000,0.000001,0.000000,0.236452
156,55,00214,heavysnow,650,1,0.000000,1.000000,0.000000,L,1.000000,1.000000,0.000000,0.000000,0.179163
156,55,00214,heavysnow,734,1,0.000000,1.000000,0.000000,L,1.000000,1.000000,0.000000,0.000000,0.242312
156,55,00214,heavysnow,735,1,0.000000,1.000000,0.000000,L,1.000000,1.000000,0.000002,0.000000,0.259415
156,55,00214,heavysnow,736,1,0.000000,1.000000,0.000000,L,1.000000,1.000000,-0.000000,0.000000,0.652775
156,55,00214,heavysnow,737,1,0.000000,1.000000,0.000000,L,1.000000,1.000000,-0.000000,0.000000,0.971181
156,55,00214,heavysnow,738,1,0.000000,1.000000,0.000000,L,1.000000,1.000000,-0.000000,0.000000,0.890165
156,55,00214,heavysnow,739,1,0.000000,1.000000,0.000000,L,1.000000,1.000000,0.000000,0.000000,0.463395
156,55,00214,heavysnow,740,1,0.000000,1.000000,0.000000,L,1.000000,1.000000,0.000000,0.000000,0.264333
156,55,00214,heavysnow,824,1,0.000000,1.000000,0.000000,L,1.000000,1.000000,0.000000,0.000000,0.207800
156,55,00214,heavysnow,825,1,0.000000,1.000000,0.000000,L,1.000000,1.000000,0.000001,0.000000,0.238822
156,55,00214,heavysnow,826,1,0.000000,1.000000,0.000000,L,1.000000,1.000000,0.000000,0.000000,0.281759
156,55,00214,heavysnow,827,1,0.000000,1.000000,0.000000,L,1.000000,1.000000,-0.000000,0.000000,0.625262
156,55,00214,heavysnow,828,1,0.000000,1.000000,0.000000,L,1.000000,1.000000,-0.000000,0.000000,0.575166
156,55,00214,heavysnow,829,1,0.000000,1.000000,0.000000,L,1.000000,1.000000,0.000000,0.000000,0.253240
156,55,00214,heavysnow,830,1,0.000000,1.000000,0.000000,L,1.000000,1.000000,0.000001,0.000000,0.241952
156,55,00214,heavysnow,914,1,0.000000,1.000000,0.000000,L,1.000000,1.000000,0.000000,0.000000,0.176845
156,55,00214,heavysnow,915,1,0.000000,1.000000,0.000000,L,1.000000,1.000000,0.000000,0.000000,0.229751
156,55,00214,heavysnow,916,1,0.000000,1.000000,0.000000,L,1.000000,1.000000,0.000004,0.000000,0.237722
156,55,00214,heavysnow,917,1,0.000000,1.000000,0.000000,L,1.000000,1.000000,0.000000,0.000000,0.269111
156,55,00214,heavysnow,918,1,0.000000,1.000000,0.000000,L,1.000000,1.000000,0.000001,0.000000,0.260115
156,55,00214,heavysnow,919,1,0.000000,1.000000,0.000000,L,1.000000,1.000000,0.000000,0.000000,0.246438
156,55,00214,heavysnow,920,1,0.000000,1.000000,0.000000,L,1.000000,1.000000,0.000001,0.000000,0.233261
156,55,00214,heavysnow,1370,0,0.000000,1.000000,0.000000,L,1.000000,1.000000,0.000001,0.000000,0.118693
156,55,00214,heavysnow,1293,0,0.000000,1.000000,0.000000,L,1.000000,1.000000,0.000000,0.000000,0.159374
156,55,00214,heavysnow,328,0,0.000000,1.000000,0.000000,L,1.000000,1.000000,0.000000,0.000000,0.108722
156,55,00214,heavysnow,1275,0,0.000000,1.000000,0.000000,L,1.000000,1.000000,0.000000,0.000000,0.139787
156,55,00214,heavysnow,12,0,0.000000,1.000000,0.000000,L,1.000000,1.000000,0.000000,0.000000,0.155028
156,55,00214,heavysnow,1227,0,0.000000,1.000000,0.000000,L,1.000000,1.000000,0.000000,0.000000,0.088377
156,55,00214,heavysnow,1350,0,0.000000,0.999999,0.000000,L,0.999999,0.999999,0.000009,0.000001,0.173282
156,55,00214,heavysnow,972,0,0.000000,1.000000,0.000000,L,1.000000,1.000000,0.000000,0.000000,0.148542
156,55,00214,heavysnow,1085,0,0.000000,1.000000,0.000000,L,1.000000,1.000000,0.000001,0.000000,0.167209
156,55,00214,heavysnow,746,0,0.000000,1.000000,0.000000,L,1.000000,1.000000,0.000001,0.000000,0.127972
156,55,00214,heavysnow,1366,0,0.000000,1.000000,0.000000,L,1.000000,1.000000,0.000001,0.000000,0.141042
156,55,00214,heavysnow,950,0,0.000000,1.000000,0.000000,L,1.000000,1.000000,0.000000,0.000000,0.070428
156,55,00214,heavysnow,510,0,0.000000,1.000000,0.000000,L,1.000000,1.000000,0.000000,0.000000,0.103885
156,55,00214,heavysnow,794,0,0.000000,1.000000,0.000000,L,1.000000,1.000000,0.000000,0.000000,0.067959
156,55,00214,heavysnow,527,0,0.000000,1.000000,0.000000,L,1.000000,1.000000,0.000000,0.000000,0.149485
156,55,00214,heavysnow,11,0,0.000000,1.000000,0.000000,L,1.000000,1.000000,0.000000,0.000000,0.146542
156,55,00214,heavysnow,232,0,0.000000,1.000000,0.000000,L,1.000000,1.000000,0.000000,0.000000,0.103341
156,55,00214,heavysnow,1270,0,0.000000,1.000000,0.000000,L,1.000000,1.000000,0.000000,0.000000,0.100341
157,55,00385,heavysnow,768,1,0.000000,1.000000,0.000000,L,1.000000,1.000000,0.000000,0.000000,0.246908
157,55,00385,heavysnow,769,1,0.000000,1.000000,0.000000,L,1.000000,1.000000,0.000003,0.000000,0.242992
157,55,00385,heavysnow,770,1,0.000000,1.000000,0.000000,L,1.000000,1.000000,0.000000,0.000000,0.265204
157,55,00385,heavysnow,771,1,0.000000,1.000000,0.000000,L,1.000000,1.000000,0.000000,0.000000,0.493527
157,55,00385,heavysnow,772,1,0.000000,1.000000,0.000000,L,1.000000,1.000000,0.000000,0.000000,0.297417
157,55,00385,heavysnow,773,1,0.000000,1.000000,0.000000,L,1.000000,1.000000,0.000001,0.000000,0.251117
157,55,00385,heavysnow,774,1,0.000000,1.000000,0.000000,L,1.000000,1.000000,0.000000,0.000000,0.227135
157,55,00385,heavysnow,858,1,0.000000,1.000000,0.000000,L,1.000000,1.000000,0.000000,0.000000,0.273500
157,55,00385,heavysnow,859,1,0.000000,1.000000,0.000000,L,1.000000,1.000000,0.000000,0.000000,0.243211
157,55,00385,heavysnow,860,1,0.000000,1.000000,0.000000,L,1.000000,1.000000,-0.000000,0.000000,0.615477
157,55,00385,heavysnow,861,1,0.000000,1.000000,0.000000,L,1.000000,1.000000,-0.000000,0.000000,0.713306
157,55,00385,heavysnow,862,1,0.000000,1.000000,0.000000,L,1.000000,1.000000,-0.000000,0.000000,0.742536
157,55,00385,heavysnow,863,1,0.000000,1.000000,0.000000,L,1.000000,1.000000,0.000000,0.000000,0.322014
157,55,00385,heavysnow,864,1,0.000000,1.000000,0.000000,L,1.000000,1.000000,0.000001,0.000000,0.227682
157,55,00385,heavysnow,948,1,0.000000,1.000000,0.000000,L,1.000000,1.000000,0.000000,0.000000,0.189401
157,55,00385,heavysnow,949,1,0.000000,1.000000,0.000000,L,1.000000,1.000000,0.000002,0.000000,0.221053
157,55,00385,heavysnow,950,1,0.000000,1.000000,0.000000,L,1.000000,1.000000,0.000000,0.000000,0.303327
157,55,00385,heavysnow,951,1,0.000000,1.000000,0.000000,L,1.000000,1.000000,-0.000000,0.000000,0.478967
157,55,00385,heavysnow,952,1,0.000000,1.000000,0.000000,L,1.000000,1.000000,0.000000,0.000000,0.347559
157,55,00385,heavysnow,953,1,0.000000,1.000000,0.000000,L,1.000000,1.000000,0.000000,0.000000,0.240339
157,55,00385,heavysnow,954,1,0.000000,1.000000,0.000000,L,1.000000,1.000000,0.000000,0.000000,0.164505
157,55,00385,heavysnow,1038,1,0.000000,1.000000,0.000000,L,1.000000,0.999999,0.000004,0.000000,0.134330
157,55,00385,heavysnow,1039,1,0.000000,1.000000,0.000000,L,1.000000,0.999999,0.000007,0.000001,0.198017
157,55,00385,heavysnow,1040,1,0.000000,1.000000,0.000000,L,1.000000,1.000000,0.000000,0.000000,0.209468
157,55,00385,heavysnow,1041,1,0.000000,1.000000,0.000000,L,1.000000,1.000000,0.000000,0.000000,0.220374
157,55,00385,heavysnow,1042,1,0.000000,1.000000,0.000000,L,1.000000,1.000000,0.000000,0.000000,0.210187
157,55,00385,heavysnow,1043,1,0.000000,1.000000,0.000000,L,1.000000,1.000000,0.000000,0.000000,0.137208
157,55,00385,heavysnow,1044,1,0.000000,1.000000,0.000000,L,1.000000,1.000000,0.000000,0.000000,0.099983
157,55,00385,heavysnow,234,0,0.000000,1.000000,0.000000,L,1.000000,1.000000,0.000000,0.000000,0.122376
157,55,00385,heavysnow,295,0,0.000000,1.000000,0.000000,L,1.000000,1.000000,0.000001,0.000000,0.085318
157,55,00385,heavysnow,884,0,0.000000,1.000000,0.000000,L,1.000000,1.000000,0.000000,0.000000,0.131007
157,55,00385,heavysnow,521,0,0.000000,1.000000,0.000000,L,1.000000,1.000000,0.000000,0.000000,0.131644
157,55,00385,heavysnow,60,0,0.000000,1.000000,0.000000,L,1.000000,1.000000,0.000001,0.000000,0.115394
157,55,00385,heavysnow,1007,0,0.000000,1.000000,0.000000,L,1.000000,1.000000,0.000001,0.000000,0.135819
157,55,00385,heavysnow,573,0,0.000000,1.000000,0.000000,L,1.000000,1.000000,0.000000,0.000000,0.104902
157,55,00385,heavysnow,636,0,0.000000,1.000000,0.000000,L,1.000000,0.999999,0.000006,0.000000,0.144238
157,55,00385,heavysnow,748,0,0.000000,1.000000,0.000000,L,1.000000,0.999999,0.000007,0.000000,0.089756
157,55,00385,heavysnow,1273,0,0.000000,1.000000,0.000000,L,1.000000,1.000000,0.000001,0.000000,0.090927
157,55,00385,heavysnow,1305,0,0.000000,1.000000,0.000000,L,1.000000,1.000000,0.000000,0.000000,0.139331
157,55,00385,heavysnow,723,0,0.000000,1.000000,0.000000,L,1.000000,1.000000,0.000001,0.000000,0.160194
157,55,00385,heavysnow,95,0,0.000000,1.000000,0.000000,L,1.000000,1.000000,0.000000,0.000000,0.204928
157,55,00385,heavysnow,1383,0,0.000000,1.000000,0.000000,L,1.000000,1.000000,0.000001,0.000000,0.099502
157,55,00385,heavysnow,1138,0,0.000000,1.000000,0.000000,L,1.000000,1.000000,0.000000,0.000000,0.136733
157,55,00385,heavysnow,247,0,0.000000,1.000000,0.000000,L,1.000000,1.000000,0.000000,0.000000,0.134705
157,55,00385,heavysnow,99,0,0.000000,1.000000,0.000000,L,1.000000,1.000000,0.000002,0.000000,0.126069
157,55,00385,heavysnow,1187,0,0.000000,1.000000,0.000000,L,1.000000,1.000000,0.000001,0.000000,0.124799
158,55,00447,heavysnow,41,1,0.000000,1.000000,0.000000,L,1.000000,1.000000,0.000002,0.000000,0.115350
158,55,00447,heavysnow,222,1,0.000000,1.000000,0.000000,L,1.000000,1.000000,0.000002,0.000000,0.207354
158,55,00447,heavysnow,133,1,0.000000,1.000000,0.000000,L,1.000000,1.000000,0.000001,0.000000,0.137103
158,55,00447,heavysnow,312,1,0.000000,1.000000,0.000000,L,1.000000,1.000000,-0.000000,0.000000,0.304457
158,55,00447,heavysnow,401,1,0.000000,1.000000,0.000000,L,1.000000,1.000000,0.000001,0.000000,0.167833
158,55,00447,heavysnow,40,1,0.000000,1.000000,0.000000,L,1.000000,0.999999,0.000006,0.000000,0.098374
158,55,00447,heavysnow,403,1,0.000000,1.000000,0.000000,L,1.000000,1.000000,-0.000000,0.000000,0.458786
158,55,00447,heavysnow,309,1,0.000000,1.000000,0.000000,L,1.000000,1.000000,0.000000,0.000000,0.227092
158,55,00447,heavysnow,130,1,0.000000,1.000000,0.000000,L,1.000000,1.000000,0.000001,0.000000,0.186815
158,55,00447,heavysnow,493,1,0.000000,1.000000,0.000000,L,1.000000,1.000000,0.000000,0.000000,0.128914
158,55,00447,heavysnow,42,1,0.000000,1.000000,0.000000,L,1.000000,1.000000,0.000001,0.000000,0.087836
158,55,00447,heavysnow,221,1,0.000000,1.000000,0.000000,L,1.000000,0.999999,0.000005,0.000000,0.218318
158,55,00447,heavysnow,44,1,0.000000,1.000000,0.000000,L,1.000000,1.000000,0.000001,0.000000,0.066531
158,55,00447,heavysnow,128,1,0.000000,1.000000,0.000000,L,1.000000,1.000000,0.000001,0.000000,0.212756
158,55,00447,heavysnow,310,1,0.000000,1.000000,0.000000,L,1.000000,1.000000,0.000000,0.000000,0.197756
158,55,00447,heavysnow,218,1,0.000000,1.000000,0.000000,L,1.000000,1.000000,0.000000,0.000000,0.220481
158,55,00447,heavysnow,402,1,0.000000,1.000000,0.000000,L,1.000000,1.000000,0.000000,0.000000,0.199071
158,55,00447,heavysnow,43,1,0.000000,1.000000,0.000000,L,1.000000,1.000000,0.000001,0.000000,0.069886
158,55,00447,heavysnow,400,1,0.000000,1.000000,0.000000,L,1.000000,1.000000,0.000000,0.000000,0.184650
158,55,00447,heavysnow,38,1,0.000000,1.000000,0.000000,L,1.000000,1.000000,0.000002,0.000000,0.156590
158,55,00447,heavysnow,223,1,0.000000,1.000000,0.000000,L,1.000000,1.000000,0.000001,0.000000,0.208724
158,55,00447,heavysnow,216,1,0.000000,1.000000,0.000000,L,1.000000,1.000000,0.000000,0.000000,0.206057
158,55,00447,heavysnow,132,1,0.000000,1.000000,0.000000,L,1.000000,1.000000,0.000001,0.000000,0.154641
158,55,00447,heavysnow,39,1,0.000000,1.000000,0.000000,L,1.000000,1.000000,0.000002,0.000000,0.167911
158,55,00447,heavysnow,131,1,0.000000,1.000000,0.000000,L,1.000000,1.000000,0.000003,0.000000,0.183060
158,55,00447,heavysnow,220,1,0.000000,1.000000,0.000000,L,1.000000,1.000000,0.000000,0.000000,0.199238
158,55,00447,heavysnow,134,1,0.000000,1.000000,0.000000,L,1.000000,1.000000,0.000001,0.000000,0.103501
158,55,00447,heavysnow,37,1,0.000000,1.000000,0.000000,L,1.000000,1.000000,0.000003,0.000000,0.113410
158,55,00447,heavysnow,129,1,0.000000,1.000000,0.000000,L,1.000000,1.000000,0.000000,0.000000,0.227881
158,55,00447,heavysnow,308,1,0.000000,1.000000,0.000000,L,1.000000,1.000000,0.000000,0.000000,0.205165
158,55,00447,heavysnow,398,1,0.000000,1.000000,0.000000,L,1.000000,1.000000,0.000001,0.000000,0.188884
158,55,00447,heavysnow,492,1,0.000000,1.000000,0.000000,L,1.000000,1.000000,0.000001,0.000000,0.147994
158,55,00447,heavysnow,217,1,0.000000,1.000000,0.000000,L,1.000000,1.000000,0.000001,0.000000,0.201070
158,55,00447,heavysnow,306,1,0.000000,1.000000,0.000000,L,1.000000,1.000000,0.000000,0.000000,0.162551
158,55,00447,heavysnow,219,1,0.000000,1.000000,0.000000,L,1.000000,1.000000,0.000000,0.000000,0.225519
158,55,00447,heavysnow,127,1,0.000000,1.000000,0.000000,L,1.000000,1.000000,0.000002,0.000000,0.178727
158,55,00447,heavysnow,1307,0,0.000000,1.000000,0.000000,L,1.000000,1.000000,0.000000,0.000000,0.087931
158,55,00447,heavysnow,1178,0,0.000000,1.000000,0.000000,L,1.000000,1.000000,0.000002,0.000000,0.112312
158,55,00447,heavysnow,812,0,0.000000,1.000000,0.000000,L,1.000000,1.000000,0.000000,0.000000,0.138318
158,55,00447,heavysnow,164,0,0.000000,1.000000,0.000000,L,1.000000,1.000000,0.000001,0.000000,0.128895
158,55,00447,heavysnow,1046,0,0.000000,1.000000,0.000000,L,1.000000,1.000000,0.000000,0.000000,0.076433
158,55,00447,heavysnow,982,0,0.000000,1.000000,0.000000,L,1.000000,1.000000,0.000000,0.000000,0.123990
158,55,00447,heavysnow,1325,0,0.000000,1.000000,0.000000,L,1.000000,1.000000,0.000000,0.000000,0.135845
158,55,00447,heavysnow,1018,0,0.000000,1.000000,0.000000,L,1.000000,1.000000,0.000000,0.000000,0.131193
158,55,00447,heavysnow,162,0,0.000000,1.000000,0.000000,L,1.000000,1.000000,0.000003,0.000000,0.158508
158,55,00447,heavysnow,840,0,0.000000,1.000000,0.000000,L,1.000000,1.000000,0.000000,0.000000,0.127373
158,55,00447,heavysnow,1184,0,0.000000,1.000000,0.000000,L,1.000000,1.000000,0.000000,0.000000,0.135052
158,55,00447,heavysnow,539,0,0.000000,1.000000,0.000000,L,1.000000,1.000000,0.000000,0.000000,0.140383
158,55,00447,heavysnow,1234,0,0.000000,1.000000,0.000000,L,1.000000,1.000000,0.000000,0.000000,0.126808
158,55,00447,heavysnow,1312,0,0.000000,1.000000,0.000000,L,1.000000,1.000000,0.000000,0.000000,0.082979
158,55,00447,heavysnow,772,0,0.000000,1.000000,0.000000,L,1.000000,1.000000,0.000000,0.000000,0.083471
158,55,00447,heavysnow,1072,0,0.000000,1.000000,0.000000,L,1.000000,1.000000,0.000000,0.000000,0.129374
158,55,00447,heavysnow,764,0,0.000000,1.000000,0.000000,L,1.000000,1.000000,0.000000,0.000000,0.087949
158,55,00447,heavysnow,23,0,0.000000,1.000000,0.000000,L,1.000000,1.000000,0.000000,0.000000,0.192793
159,55,00494,heavysnow,395,1,0.000000,1.000000,0.000000,L,1.000000,1.000000,0.000000,0.000000,0.187447
159,55,00494,heavysnow,566,1,0.000000,1.000000,0.000000,L,1.000000,1.000000,0.000002,0.000000,0.188356
159,55,00494,heavysnow,203,1,0.000000,1.000000,0.000000,L,1.000000,0.999999,0.000007,0.000001,0.144167
159,55,00494,heavysnow,116,1,0.000000,1.000000,0.000000,L,1.000000,1.000000,0.000000,0.000000,0.121223
159,55,00494,heavysnow,483,1,0.000000,1.000000,0.000000,L,1.000000,1.000000,-0.000000,0.000000,0.385027
159,55,00494,heavysnow,575,1,0.000000,1.000000,0.000000,L,1.000000,1.000000,0.000000,0.000000,0.311872
159,55,00494,heavysnow,375,1,0.000000,1.000000,0.000000,L,1.000000,1.000000,0.000000,0.000000,0.269040
159,55,00494,heavysnow,384,1,0.000000,1.000000,0.000000,L,1.000000,1.000000,0.000000,0.000000,0.278727
159,55,00494,heavysnow,553,1,0.000000,1.000000,0.000000,L,1.000000,1.000000,0.000003,0.000000,0.132549
159,55,00494,heavysnow,573,1,0.000000,1.000000,0.000000,L,1.000000,1.000000,-0.000000,0.000000,0.389129
159,55,00494,heavysnow,24,1,0.000000,1.000000,0.000000,L,1.000000,1.000000,0.000002,0.000000,0.064775
159,55,00494,heavysnow,190,1,0.000000,1.000000,0.000000,L,1.000000,1.000000,0.000001,0.000000,0.213683
159,55,00494,heavysnow,214,1,0.000000,1.000000,0.000000,L,1.000000,1.000000,0.000001,0.000000,0.111055
159,55,00494,heavysnow,213,1,0.000000,1.000000,0.000000,L,1.000000,1.000000,0.000001,0.000000,0.093323
159,55,00494,heavysnow,293,1,0.000000,1.000000,0.000000,L,1.000000,1.000000,0.000003,0.000000,0.177951
159,55,00494,heavysnow,12,1,0.000000,1.000000,0.000000,L,1.000000,1.000000,0.000000,0.000000,0.153982
159,55,00494,heavysnow,103,1,0.000000,1.000000,0.000000,L,1.000000,1.000000,0.000000,0.000000,0.118447
159,55,00494,heavysnow,485,1,0.000000,1.000000,0.000000,L,1.000000,1.000000,0.000000,0.000000,0.234339
159,55,00494,heavysnow,102,1,0.000000,1.000000,0.000000,L,1.000000,1.000000,0.000000,0.000000,0.162692
159,55,00494,heavysnow,458,1,0.000000,1.000000,0.000000,L,1.000000,1.000000,0.000002,0.000000,0.218043
159,55,00494,heavysnow,306,1,0.000000,1.000000,0.000000,L,1.000000,1.000000,0.000002,0.000000,0.157668
159,55,00494,heavysnow,304,1,0.000000,1.000000,0.000000,L,1.000000,1.000000,0.000001,0.000000,0.122247
159,55,00494,heavysnow,13,1,0.000000,1.000000,0.000000,L,1.000000,1.000000,0.000001,0.000000,0.095513
159,55,00494,heavysnow,474,1,0.000000,1.000000,0.000000,L,1.000000,1.000000,0.000000,0.000000,0.226217
159,55,00494,heavysnow,98,1,0.000000,1.000000,0.000000,L,1.000000,1.000000,0.000003,0.000000,0.136681
159,55,00494,heavysnow,555,1,0.000000,1.000000,0.000000,L,1.000000,1.000000,0.000000,0.000000,0.137632
159,55,00494,heavysnow,187,1,0.000000,1.000000,0.000000,L,1.000000,1.000000,0.000004,0.000000,0.207979
159,55,00494,heavysnow,464,1,0.000000,1.000000,0.000000,L,1.000000,1.000000,-0.000000,0.000000,0.381587
159,55,00494,heavysnow,25,1,0.000000,1.000000,0.000000,L,1.000000,1.000000,0.000001,0.000000,0.077660
159,55,00494,heavysnow,284,1,0.000000,1.000000,0.000000,L,1.000000,1.000000,0.000004,0.000000,0.215169
159,55,00494,heavysnow,113,1,0.000000,1.000000,0.000000,L,1.000000,0.999999,0.000004,0.000000,0.077597
159,55,00494,heavysnow,476,1,0.000000,1.000000,0.000000,L,1.000000,1.000000,0.000001,0.000000,0.248775
159,55,00494,heavysnow,295,1,0.000000,1.000000,0.000000,L,1.000000,1.000000,0.000000,0.000000,0.230311
159,55,00494,heavysnow,475,1,0.000000,1.000000,0.000000,L,1.000000,1.000000,0.000000,0.000000,0.223911
159,55,00494,heavysnow,753,1,0.000000,1.000000,0.000000,L,1.000000,1.000000,0.000001,0.000000,0.233382
159,55,00494,heavysnow,192,1,0.000000,1.000000,0.000000,L,1.000000,0.999999,0.000007,0.000001,0.223067
159,55,00494,heavysnow,355,0,0.000000,1.000000,0.000000,L,1.000000,1.000000,0.000000,0.000000,0.137798
159,55,00494,heavysnow,971,0,0.000000,1.000000,0.000000,L,1.000000,1.000000,0.000000,0.000000,0.198466
159,55,00494,heavysnow,491,0,0.000000,1.000000,0.000000,L,1.000000,1.000000,0.000003,0.000000,0.056205
159,55,00494,heavysnow,843,0,0.000000,1.000000,0.000000,L,1.000000,1.000000,0.000001,0.000000,0.222044
159,55,00494,heavysnow,613,0,0.000000,1.000000,0.000000,L,1.000000,1.000000,0.000000,0.000000,0.101934
159,55,00494,heavysnow,20,0,0.000000,1.000000,0.000000,L,1.000000,1.000000,0.000003,0.000000,0.053587
159,55,00494,heavysnow,1033,0,0.000000,1.000000,0.000000,L,1.000000,0.999999,0.000008,0.000001,0.179944
159,55,00494,heavysnow,1187,0,0.000000,1.000000,0.000000,L,1.000000,1.000000,0.000000,0.000000,0.105282
159,55,00494,heavysnow,1335,0,0.000000,1.000000,0.000000,L,1.000000,1.000000,0.000000,0.000000,0.117159
159,55,00494,heavysnow,932,0,0.000000,1.000000,0.000000,L,1.000000,1.000000,0.000001,0.000000,0.175416
159,55,00494,heavysnow,276,0,0.000000,1.000000,0.000000,L,1.000000,1.000000,0.000003,0.000000,0.221031
159,55,00494,heavysnow,1151,0,0.000000,1.000000,0.000000,L,1.000000,1.000000,0.000000,0.000000,0.156247
159,55,00494,heavysnow,581,0,0.000000,1.000000,0.000000,L,1.000000,1.000000,0.000002,0.000000,0.094129
159,55,00494,heavysnow,1060,0,0.000000,1.000000,0.000000,L,1.000000,1.000000,0.000000,0.000000,0.179711
159,55,00494,heavysnow,718,0,0.000000,1.000000,0.000000,L,1.000000,1.000000,0.000000,0.000000,0.132003
159,55,00494,heavysnow,531,0,0.000000,1.000000,0.000000,L,1.000000,1.000000,0.000000,0.000000,0.132934
159,55,00494,heavysnow,631,0,0.000000,1.000000,0.000000,L,1.000000,1.000000,0.000000,0.000000,0.156650
159,55,00494,heavysnow,454,0,0.000000,1.000000,0.000000,L,1.000000,1.000000,0.000000,0.000000,0.209921
160,56,00222,heavysnow,1238,1,0.000000,1.000000,0.000000,L,1.000000,1.000000,0.000000,0.000000,0.226470
160,56,00222,heavysnow,1329,1,0.000000,1.000000,0.000000,L,1.000000,1.000000,0.000003,0.000000,0.201591
160,56,00222,heavysnow,1133,1,0.000000,1.000000,0.000000,L,1.000000,1.000000,0.000001,0.000000,0.262768
160,56,00222,heavysnow,1149,1,0.000000,1.000000,0.000000,L,1.000000,1.000000,0.000000,0.000000,0.258342
160,56,00222,heavysnow,1065,1,0.000000,1.000000,0.000000,L,1.000000,1.000000,0.000000,0.000000,0.140468
160,56,00222,heavysnow,1240,1,0.000000,1.000000,0.000000,L,1.000000,1.000000,0.000000,0.000000,0.413227
160,56,00222,heavysnow,1226,1,0.000000,1.000000,0.000000,L,1.000000,1.000000,0.000000,0.000000,0.328141
160,56,00222,heavysnow,1402,1,0.000000,1.000000,0.000000,L,1.000000,1.000000,0.000001,0.000000,0.216857
160,56,00222,heavysnow,1425,1,0.000000,1.000000,0.000000,L,1.000000,1.000000,0.000000,0.000000,0.130503
160,56,00222,heavysnow,1418,1,0.000000,1.000000,0.000000,L,1.000000,0.999999,0.000006,0.000001,0.130542
160,56,00222,heavysnow,1148,1,0.000000,1.000000,0.000000,L,1.000000,1.000000,0.000000,0.000000,0.236454
160,56,00222,heavysnow,1154,1,0.000000,1.000000,0.000000,L,1.000000,1.000000,0.000000,0.000000,0.246500
160,56,00222,heavysnow,1313,1,0.000000,1.000000,0.000000,L,1.000000,1.000000,-0.000000,0.000000,0.607244
160,56,00222,heavysnow,1132,1,0.000000,1.000000,0.000000,L,1.000000,1.000000,0.000001,0.000000,0.226255
160,56,00222,heavysnow,1058,1,0.000000,1.000000,0.000000,L,1.000000,1.000000,0.000000,0.000000,0.171604
160,56,00222,heavysnow,1333,1,0.000000,1.000000,0.000000,L,1.000000,1.000000,0.000000,0.000000,0.298082
160,56,00222,heavysnow,1223,1,0.000000,1.000000,0.000000,L,1.000000,1.000000,-0.000000,0.000000,0.595529
160,56,00222,heavysnow,1245,1,0.000000,1.000000,0.000000,L,1.000000,1.000000,0.000000,0.000000,0.175827
160,56,00222,heavysnow,1424,1,0.000000,1.000000,0.000000,L,1.000000,1.000000,0.000000,0.000000,0.149230
160,56,00222,heavysnow,1134,1,0.000000,1.000000,0.000000,L,1.000000,1.000000,0.000002,0.000000,0.281408
160,56,00222,heavysnow,1314,1,0.000000,1.000000,0.000000,L,1.000000,1.000000,-0.000000,0.000000,0.709319
160,56,00222,heavysnow,1406,1,0.000000,1.000000,0.000000,L,1.000000,1.000000,0.000001,0.000000,0.156195
160,56,00222,heavysnow,1330,1,0.000000,1.000000,0.000000,L,1.000000,1.000000,0.000000,0.000000,0.262495
160,56,00222,heavysnow,1422,1,0.000000,1.000000,0.000000,L,1.000000,1.000000,0.000000,0.000000,0.185371
160,56,00222,heavysnow,1060,1,0.000000,1.000000,0.000000,L,1.000000,1.000000,0.000000,0.000000,0.207633
160,56,00222,heavysnow,1222,1,0.000000,1.000000,0.000000,L,1.000000,1.000000,0.000000,0.000000,0.247748
160,56,00222,heavysnow,1059,1,0.000000,1.000000,0.000000,L,1.000000,1.000000,0.000000,0.000000,0.201971
160,56,00222,heavysnow,1405,1,0.000000,1.000000,0.000000,L,1.000000,1.000000,0.000001,0.000000,0.226535
160,56,00222,heavysnow,1404,1,0.000000,1.000000,0.000000,L,1.000000,1.000000,0.000000,0.000000,0.258863
160,56,00222,heavysnow,1063,1,0.000000,1.000000,0.000000,L,1.000000,1.000000,0.000001,0.000000,0.197616
160,56,00222,heavysnow,1317,1,0.000000,1.000000,0.000000,L,1.000000,1.000000,0.000001,0.000000,0.160051
160,56,00222,heavysnow,1152,1,0.000000,1.000000,0.000000,L,1.000000,1.000000,0.000000,0.000000,0.280331
160,56,00222,heavysnow,1312,1,0.000000,1.000000,0.000000,L,1.000000,1.000000,0.000000,0.000000,0.270321
160,56,00222,heavysnow,1153,1,0.000000,1.000000,0.000000,L,1.000000,1.000000,0.000001,0.000000,0.249330
160,56,00222,heavysnow,1137,1,0.000000,1.000000,0.000000,L,1.000000,1.000000,0.000000,0.000000,0.175768
160,56,00222,heavysnow,1423,1,0.000000,1.000000,0.000000,L,1.000000,1.000000,0.000000,0.000000,0.159814
160,56,00222,heavysnow,340,0,0.000000,1.000000,0.000000,L,1.000000,1.000000,0.000000,0.000000,0.084741
160,56,00222,heavysnow,1143,0,0.000000,1.000000,0.000000,L,1.000000,1.000000,0.000000,0.000000,0.170425
160,56,00222,heavysnow,314,0,0.000000,1.000000,0.000000,L,1.000000,1.000000,0.000000,0.000000,0.156167
160,56,00222,heavysnow,166,0,0.000000,1.000000,0.000000,L,1.000000,1.000000,0.000001,0.000000,0.057348
160,56,00222,heavysnow,979,0,0.000000,1.000000,0.000000,L,1.000000,1.000000,0.000000,0.000000,0.094726
160,56,00222,heavysnow,1319,0,0.000000,1.000000,0.000000,L,1.000000,1.000000,0.000000,0.000000,0.135178
160,56,00222,heavysnow,184,0,0.000000,1.000000,0.000000,L,1.000000,1.000000,0.000000,0.000000,0.140980
160,56,00222,heavysnow,1012,0,0.000000,1.000000,0.000000,L,1.000000,1.000000,0.000000,0.000000,0.091282
160,56,00222,heavysnow,881,0,0.000000,1.000000,0.000000,L,1.000000,1.000000,0.000000,0.000000,0.122187
160,56,00222,heavysnow,741,0,0.000000,1.000000,0.000000,L,1.000000,1.000000,0.000000,0.000000,0.066779
160,56,00222,heavysnow,1209,0,0.000000,1.000000,0.000000,L,1.000000,1.000000,0.000001,0.000000,0.098254
160,56,00222,heavysnow,1228,0,0.000000,1.000000,0.000000,L,1.000000,1.000000,0.000000,0.000000,0.142246
160,56,00222,heavysnow,911,0,0.000000,1.000000,0.000000,L,1.000000,1.000000,0.000002,0.000000,0.167803
160,56,00222,heavysnow,1181,0,0.000000,1.000000,0.000000,L,1.000000,1.000000,0.000002,0.000000,0.111940
160,56,00222,heavysnow,1260,0,0.000000,1.000000,0.000000,L,1.000000,1.000000,0.000003,0.000000,0.150221
160,56,00222,heavysnow,1251,0,0.000000,1.000000,0.000000,L,1.000000,1.000000,0.000000,0.000000,0.132493
160,56,00222,heavysnow,1427,0,0.000000,1.000000,0.000000,L,1.000000,1.000000,0.000001,0.000000,0.097370
160,56,00222,heavysnow,1431,0,0.000000,1.000000,0.000000,L,1.000000,1.000000,0.000001,0.000000,0.130165
161,56,00462,heavysnow,936,1,0.000000,1.000000,0.000000,L,1.000000,0.999999,0.000005,0.000000,0.177559
161,56,00462,heavysnow,937,1,0.000000,1.000000,0.000000,L,1.000000,1.000000,0.000000,0.000000,0.219489
161,56,00462,heavysnow,938,1,0.000000,1.000000,0.000000,L,1.000000,0.999999,0.000005,0.000000,0.243052
161,56,00462,heavysnow,939,1,0.000000,1.000000,0.000000,L,1.000000,0.999999,0.000005,0.000001,0.237016
161,56,00462,heavysnow,940,1,0.000000,1.000000,0.000000,L,1.000000,1.000000,0.000001,0.000000,0.222729
161,56,00462,heavysnow,941,1,0.000000,1.000000,0.000000,L,1.000000,1.000000,0.000000,0.000000,0.132710
161,56,00462,heavysnow,942,1,0.000000,1.000000,0.000000,L,1.000000,1.000000,0.000000,0.000000,0.122348
161,56,00462,heavysnow,1026,1,0.000000,1.000000,0.000000,L,1.000000,1.000000,0.000004,0.000000,0.222468
161,56,00462,heavysnow,1027,1,0.000000,1.000000,0.000000,L,1.000000,1.000000,0.000000,0.000000,0.381483
161,56,00462,heavysnow,1028,1,0.000000,1.000000,0.000000,L,1.000000,1.000000,-0.000000,0.000000,0.693603
161,56,00462,heavysnow,1029,1,0.000000,1.000000,0.000000,L,1.000000,1.000000,-0.000000,0.000000,0.693842
161,56,00462,heavysnow,1030,1,0.000000,1.000000,0.000000,L,1.000000,1.000000,0.000000,0.000000,0.339290
161,56,00462,heavysnow,1031,1,0.000000,1.000000,0.000000,L,1.000000,1.000000,0.000000,0.000000,0.236589
161,56,00462,heavysnow,1032,1,0.000000,1.000000,0.000000,L,1.000000,1.000000,0.000000,0.000000,0.113257
161,56,00462,heavysnow,1116,1,0.000000,1.000000,0.000000,L,1.000000,1.000000,0.000002,0.000000,0.216064
161,56,00462,heavysnow,1117,1,0.000000,1.000000,0.000000,L,1.000000,1.000000,-0.000000,0.000000,0.462352
161,56,00462,heavysnow,1118,1,0.000000,1.000000,0.000000,L,1.000000,1.000000,-0.000000,0.000000,0.737590
161,56,00462,heavysnow,1119,1,0.000000,1.000000,0.000000,L,1.000000,1.000000,-0.000000,0.000000,0.808695
161,56,00462,heavysnow,1120,1,0.000000,1.000000,0.000000,L,1.000000,1.000000,0.000000,0.000000,0.456332
161,56,00462,heavysnow,1121,1,0.000000,1.000000,0.000000,L,1.000000,1.000000,0.000000,0.000000,0.238014
161,56,00462,heavysnow,1122,1,0.000000,1.000000,0.000000,L,1.000000,1.000000,0.000000,0.000000,0.169057
161,56,00462,heavysnow,1206,1,0.000000,1.000000,0.000000,L,1.000000,1.000000,0.000002,0.000000,0.168925
161,56,00462,heavysnow,1207,1,0.000000,1.000000,0.000000,L,1.000000,1.000000,0.000000,0.000000,0.214795
161,56,00462,heavysnow,1208,1,0.000000,1.000000,0.000000,L,1.000000,1.000000,0.000000,0.000000,0.229657
161,56,00462,heavysnow,1209,1,0.000000,1.000000,0.000000,L,1.000000,1.000000,0.000000,0.000000,0.237677
161,56,00462,heavysnow,1210,1,0.000000,1.000000,0.000000,L,1.000000,1.000000,0.000000,0.000000,0.227661
161,56,00462,heavysnow,1211,1,0.000000,1.000000,0.000000,L,1.000000,1.000000,0.000000,0.000000,0.125849
161,56,00462,heavysnow,1212,1,0.000000,1.000000,0.000000,L,1.000000,1.000000,0.000000,0.000000,0.121201
161,56,00462,heavysnow,1185,0,0.000000,1.000000,0.000000,L,1.000000,1.000000,0.000000,0.000000,0.115184
161,56,00462,heavysnow,1022,0,0.000000,1.000000,0.000000,L,1.000000,1.000000,0.000000,0.000000,0.124428
161,56,00462,heavysnow,506,0,0.000000,1.000000,0.000000,L,1.000000,1.000000,0.000000,0.000000,0.096287
161,56,00462,heavysnow,1059,0,0.000000,1.000000,0.000000,L,1.000000,1.000000,0.000000,0.000000,0.086561
161,56,00462,heavysnow,244,0,0.000000,1.000000,0.000000,L,1.000000,1.000000,0.000000,0.000000,0.088903
161,56,00462,heavysnow,957,0,0.000000,1.000000,0.000000,L,1.000000,1.000000,0.000000,0.000000,0.135598
161,56,00462,heavysnow,641,0,0.000000,1.000000,0.000000,L,1.000000,1.000000,0.000000,0.000000,0.143435
161,56,00462,heavysnow,1274,0,0.000000,1.000000,0.000000,L,1.000000,1.000000,0.000002,0.000000,0.116107
161,56,00462,heavysnow,192,0,0.000000,1.000000,0.000000,L,1.000000,1.000000,0.000000,0.000000,0.124499
161,56,00462,heavysnow,920,0,0.000000,1.000000,0.000000,L,1.000000,1.000000,0.000000,0.000000,0.092923
161,56,00462,heavysnow,117,0,0.000000,1.000000,0.000000,L,1.000000,1.000000,0.000000,0.000000,0.087933
161,56,00462,heavysnow,89,0,0.000000,1.000000,0.000000,L,1.000000,1.000000,0.000000,0.000000,0.138363
161,56,00462,heavysnow,862,0,0.000000,1.000000,0.000000,L,1.000000,1.000000,0.000000,0.000000,0.096871
161,56,00462,heavysnow,283,0,0.000000,1.000000,0.000000,L,1.000000,1.000000,0.000001,0.000000,0.090041
161,56,00462,heavysnow,986,0,0.000000,1.000000,0.000000,L,1.000000,1.000000,0.000003,0.000000,0.130692
161,56,00462,heavysnow,1331,0,0.000000,1.000000,0.000000,L,1.000000,1.000000,0.000000,0.000000,0.200101
161,56,00462,heavysnow,237,0,0.000000,1.000000,0.000000,L,1.000000,1.000000,0.000000,0.000000,0.080355
161,56,00462,heavysnow,382,0,0.000000,1.000000,0.000000,L,1.000000,1.000000,0.000000,0.000000,0.121319
162,56,00510,heavysnow,1001,1,0.000000,1.000000,0.000000,L,1.000000,1.000000,0.000002,0.000000,0.098404
162,56,00510,heavysnow,1002,1,0.000000,1.000000,0.000000,L,1.000000,1.000000,0.000002,0.000000,0.125905
162,56,00510,heavysnow,1003,1,0.000000,1.000000,0.000000,L,1.000000,1.000000,0.000001,0.000000,0.230292
162,56,00510,heavysnow,1004,1,0.000000,1.000000,0.000000,L,1.000000,1.000000,0.000002,0.000000,0.253144
162,56,00510,heavysnow,1005,1,0.000000,1.000000,0.000000,L,1.000000,1.000000,0.000002,0.000000,0.266440
162,56,00510,heavysnow,1006,1,0.000000,1.000000,0.000000,L,1.000000,1.000000,0.000000,0.000000,0.258395
162,56,00510,heavysnow,1007,1,0.000000,1.000000,0.000000,L,1.000000,1.000000,0.000000,0.000000,0.185760
162,56,00510,heavysnow,1091,1,0.000000,1.000000,0.000000,L,1.000000,1.000000,0.000000,0.000000,0.123453
162,56,00510,heavysnow,1092,1,0.000000,1.000000,0.000000,L,1.000000,1.000000,0.000000,0.000000,0.232564
162,56,00510,heavysnow,1093,1,0.000000,1.000000,0.000000,L,1.000000,1.000000,-0.000000,0.000000,0.572107
162,56,00510,heavysnow,1094,1,0.000000,1.000000,0.000000,L,1.000000,1.000000,-0.000000,0.000000,0.601508
162,56,00510,heavysnow,1095,1,0.000000,1.000000,0.000000,L,1.000000,1.000000,0.000000,0.000000,0.394348
162,56,00510,heavysnow,1096,1,0.000000,1.000000,0.000000,L,1.000000,1.000000,0.000001,0.000000,0.241984
162,56,00510,heavysnow,1097,1,0.000000,1.000000,0.000000,L,1.000000,1.000000,0.000000,0.000000,0.221068
162,56,00510,heavysnow,1181,1,0.000000,1.000000,0.000000,L,1.000000,1.000000,0.000001,0.000000,0.182239
162,56,00510,heavysnow,1182,1,0.000000,1.000000,0.000000,L,1.000000,1.000000,0.000000,0.000000,0.176018
162,56,00510,heavysnow,1183,1,0.000000,1.000000,0.000000,L,1.000000,1.000000,-0.000000,0.000000,0.403413
162,56,00510,heavysnow,1184,1,0.000000,1.000000,0.000000,L,1.000000,1.000000,-0.000000,0.000000,0.359116
162,56,00510,heavysnow,1185,1,0.000000,1.000000,0.000000,L,1.000000,1.000000,0.000000,0.000000,0.316194
162,56,00510,heavysnow,1186,1,0.000000,1.000000,0.000000,L,1.000000,1.000000,0.000000,0.000000,0.225890
162,56,00510,heavysnow,1187,1,0.000000,1.000000,0.000000,L,1.000000,1.000000,0.000000,0.000000,0.190426
162,56,00510,heavysnow,1271,1,0.000000,1.000000,0.000000,L,1.000000,1.000000,0.000000,0.000000,0.170298
162,56,00510,heavysnow,1272,1,0.000000,1.000000,0.000000,L,1.000000,1.000000,0.000000,0.000000,0.171739
162,56,00510,heavysnow,1273,1,0.000000,1.000000,0.000000,L,1.000000,1.000000,0.000000,0.000000,0.165075
162,56,00510,heavysnow,1274,1,0.000000,1.000000,0.000000,L,1.000000,1.000000,0.000000,0.000000,0.141272
162,56,00510,heavysnow,1275,1,0.000000,1.000000,0.000000,L,1.000000,1.000000,0.000000,0.000000,0.126918
162,56,00510,heavysnow,1276,1,0.000000,1.000000,0.000000,L,1.000000,1.000000,0.000000,0.000000,0.157188
162,56,00510,heavysnow,1277,1,0.000000,1.000000,0.000000,L,1.000000,1.000000,0.000000,0.000000,0.188033
162,56,00510,heavysnow,226,0,0.000000,1.000000,0.000000,L,1.000000,1.000000,0.000000,0.000000,0.190650
162,56,00510,heavysnow,915,0,0.000000,1.000000,0.000000,L,1.000000,1.000000,0.000000,0.000000,0.209774
162,56,00510,heavysnow,565,0,0.000000,1.000000,0.000000,L,1.000000,1.000000,0.000001,0.000000,0.143202
162,56,00510,heavysnow,1402,0,0.000000,1.000000,0.000000,L,1.000000,1.000000,0.000000,0.000000,0.079758
162,56,00510,heavysnow,1338,0,0.000000,1.000000,0.000000,L,1.000000,1.000000,0.000000,0.000000,0.136516
162,56,00510,heavysnow,1167,0,0.000000,1.000000,0.000000,L,1.000000,1.000000,0.000000,0.000000,0.132683
162,56,00510,heavysnow,255,0,0.000000,1.000000,0.000000,L,1.000000,1.000000,0.000000,0.000000,0.123381
162,56,00510,heavysnow,1070,0,0.000000,1.000000,0.000000,L,1.000000,1.000000,0.000000,0.000000,0.075348
162,56,00510,heavysnow,1222,0,0.000000,1.000000,0.000000,L,1.000000,1.000000,0.000000,0.000000,0.070079
162,56,00510,heavysnow,1385,0,0.000000,1.000000,0.000000,L,1.000000,1.000000,0.000000,0.000000,0.116337
162,56,00510,heavysnow,481,0,0.000000,1.000000,0.000000,L,1.000000,1.000000,0.000000,0.000000,0.143099
162,56,00510,heavysnow,870,0,0.000000,1.000000,0.000000,L,1.000000,1.000000,0.000000,0.000000,0.081298
162,56,00510,heavysnow,244,0,0.000000,1.000000,0.000000,L,1.000000,1.000000,0.000000,0.000000,0.084823
162,56,00510,heavysnow,374,0,0.000000,1.000000,0.000000,L,1.000000,1.000000,0.000001,0.000000,0.106754
162,56,00510,heavysnow,1335,0,0.000000,1.000000,0.000000,L,1.000000,1.000000,0.000000,0.000000,0.124383
162,56,00510,heavysnow,61,0,0.000000,1.000000,0.000000,L,1.000000,1.000000,0.000001,0.000000,0.047231
162,56,00510,heavysnow,767,0,0.000000,1.000000,0.000000,L,1.000000,1.000000,0.000004,0.000000,0.137209
162,56,00510,heavysnow,828,0,0.000000,1.000000,0.000000,L,1.000000,1.000000,0.000000,0.000000,0.124602
163,57,00279,heavysnow,692,1,0.000000,1.000000,0.000000,L,1.000000,1.000000,0.000000,0.000000,0.080258
163,57,00279,heavysnow,877,1,0.000000,1.000000,0.000000,L,1.000000,1.000000,0.000000,0.000000,0.207640
163,57,00279,heavysnow,512,1,0.000000,1.000000,0.000000,L,1.000000,1.000000,0.000000,0.000000,0.101975
163,57,00279,heavysnow,606,1,0.000000,1.000000,0.000000,L,1.000000,1.000000,0.000000,0.000000,0.195290
163,57,00279,heavysnow,876,1,0.000000,1.000000,0.000000,L,1.000000,1.000000,0.000000,0.000000,0.391350
163,57,00279,heavysnow,697,1,0.000000,1.000000,0.000000,L,1.000000,1.000000,0.000000,0.000000,0.255027
163,57,00279,heavysnow,519,1,0.000000,1.000000,0.000000,L,1.000000,1.000000,0.000000,0.000000,0.080640
163,57,00279,heavysnow,604,1,0.000000,1.000000,0.000000,L,1.000000,1.000000,0.000000,0.000000,0.159116
163,57,00279,heavysnow,699,1,0.000000,1.000000,0.000000,L,1.000000,1.000000,0.000000,0.000000,0.065309
163,57,00279,heavysnow,783,1,0.000000,1.000000,0.000000,L,1.000000,1.000000,0.000000,0.000000,0.123748
163,57,00279,heavysnow,784,1,0.000000,1.000000,0.000000,L,1.000000,1.000000,0.000000,0.000000,0.238708
163,57,00279,heavysnow,695,1,0.000000,1.000000,0.000000,L,1.000000,1.000000,0.000000,0.000000,0.580217
163,57,00279,heavysnow,788,1,0.000000,1.000000,0.000000,L,1.000000,1.000000,0.000000,0.000000,0.085242
163,57,00279,heavysnow,602,1,0.000000,1.000000,0.000000,L,1.000000,1.000000,0.000000,0.000000,0.089384
163,57,00279,heavysnow,694,1,0.000000,1.000000,0.000000,L,1.000000,1.000000,0.000000,0.000000,0.346006
163,57,00279,heavysnow,872,1,0.000000,1.000000,0.000000,L,1.000000,1.000000,0.000000,0.000000,0.165217
163,57,00279,heavysnow,785,1,0.000000,1.000000,0.000000,L,1.000000,1.000000,0.000000,0.000000,0.358685
163,57,00279,heavysnow,607,1,0.000000,1.000000,0.000000,L,1.000000,1.000000,0.000000,0.000000,0.105408
163,57,00279,heavysnow,782,1,0.000000,1.000000,0.000000,L,1.000000,1.000000,0.000000,0.000000,0.116690
163,57,00279,heavysnow,787,1,0.000000,1.000000,0.000000,L,1.000000,1.000000,0.000000,0.000000,0.159290
163,57,00279,heavysnow,698,1,0.000000,1.000000,0.000000,L,1.000000,1.000000,0.000000,0.000000,0.066509
163,57,00279,heavysnow,513,1,0.000000,1.000000,0.000000,L,1.000000,1.000000,0.000000,0.000000,0.087195
163,57,00279,heavysnow,875,1,0.000000,1.000000,0.000000,L,1.000000,1.000000,0.000000,0.000000,0.600800
163,57,00279,heavysnow,696,1,0.000000,1.000000,0.000000,L,1.000000,1.000000,0.000000,0.000000,0.426957
163,57,00279,heavysnow,789,1,0.000000,1.000000,0.000000,L,1.000000,1.000000,0.000000,0.000000,0.065757
163,57,00279,heavysnow,874,1,0.000000,1.000000,0.000000,L,1.000000,1.000000,0.000000,0.000000,0.459336
163,57,00279,heavysnow,516,1,0.000000,1.000000,0.000000,L,1.000000,1.000000,0.000000,0.000000,0.116153
163,57,00279,heavysnow,515,1,0.000000,1.000000,0.000000,L,1.000000,1.000000,0.000000,0.000000,0.118414
163,57,00279,heavysnow,514,1,0.000000,1.000000,0.000000,L,1.000000,1.000000,0.000000,0.000000,0.095053
163,57,00279,heavysnow,786,1,0.000000,1.000000,0.000000,L,1.000000,1.000000,0.000000,0.000000,0.268395
163,57,00279,heavysnow,878,1,0.000000,1.000000,0.000000,L,1.000000,1.000000,0.000000,0.000000,0.072352
163,57,00279,heavysnow,609,1,0.000000,1.000000,0.000000,L,1.000000,1.000000,0.000000,0.000000,0.063064
163,57,00279,heavysnow,879,1,0.000000,1.000000,0.000000,L,1.000000,1.000000,0.000000,0.000000,0.073582
163,57,00279,heavysnow,605,1,0.000000,1.000000,0.000000,L,1.000000,1.000000,0.000000,0.000000,0.224438
163,57,00279,heavysnow,603,1,0.000000,1.000000,0.000000,L,1.000000,1.000000,0.000000,0.000000,0.089512
163,57,00279,heavysnow,873,1,0.000000,1.000000,0.000000,L,1.000000,1.000000,0.000000,0.000000,0.288234
163,57,00279,heavysnow,1313,0,0.000000,1.000000,0.000000,L,1.000000,1.000000,0.000000,0.000000,0.098060
163,57,00279,heavysnow,721,0,0.000000,1.000000,0.000000,L,1.000000,1.000000,0.000000,0.000000,0.186591
163,57,00279,heavysnow,870,0,0.000000,1.000000,0.000000,L,1.000000,1.000000,0.000000,0.000000,0.079200
163,57,00279,heavysnow,253,0,0.000000,1.000000,0.000000,L,1.000000,1.000000,0.000000,0.000000,0.092575
163,57,00279,heavysnow,204,0,0.000000,1.000000,0.000000,L,1.000000,1.000000,0.000000,0.000000,0.135313
163,57,00279,heavysnow,1323,0,0.000000,1.000000,0.000000,L,1.000000,1.000000,0.000000,0.000000,0.072070
163,57,00279,heavysnow,59,0,0.000000,1.000000,0.000000,L,1.000000,1.000000,0.000001,0.000000,0.049048
163,57,00279,heavysnow,392,0,0.000000,1.000000,0.000000,L,1.000000,1.000000,0.000001,0.000000,0.164587
163,57,00279,heavysnow,971,0,0.000000,1.000000,0.000000,L,1.000000,1.000000,0.000000,0.000000,0.068074
163,57,00279,heavysnow,339,0,0.000000,1.000000,0.000000,L,1.000000,1.000000,0.000000,0.000000,0.135352
163,57,00279,heavysnow,1247,0,0.000000,1.000000,0.000000,L,1.000000,1.000000,0.000000,0.000000,0.084371
163,57,00279,heavysnow,1374,0,0.000000,1.000000,0.000000,L,1.000000,1.000000,0.000001,0.000000,0.131963
163,57,00279,heavysnow,669,0,0.000000,1.000000,0.000000,L,1.000000,1.000000,0.000000,0.000000,0.135087
163,57,00279,heavysnow,223,0,0.000000,1.000000,0.000000,L,1.000000,1.000000,0.000000,0.000000,0.199151
163,57,00279,heavysnow,854,0,0.000000,1.000000,0.000000,L,1.000000,1.000000,0.000000,0.000000,0.066742
163,57,00279,heavysnow,244,0,0.000000,1.000000,0.000000,L,1.000000,1.000000,0.000000,0.000000,0.087402
163,57,00279,heavysnow,301,0,0.000000,1.000000,0.000000,L,1.000000,1.000000,0.000000,0.000000,0.149360
163,57,00279,heavysnow,1131,0,0.000000,1.000000,0.000000,L,1.000000,1.000000,0.000000,0.000000,0.080946
164,58,00258,heavysnow,709,1,0.000000,1.000000,0.000000,L,1.000000,1.000000,0.000000,0.000000,0.252182
164,58,00258,heavysnow,710,1,0.000000,1.000000,0.000000,L,1.000000,1.000000,0.000000,0.000000,0.486663
164,58,00258,heavysnow,711,1,0.000000,1.000000,0.000000,L,1.000000,1.000000,0.000000,0.000000,0.489018
164,58,00258,heavysnow,712,1,0.000000,1.000000,0.000000,L,1.000000,1.000000,0.000000,0.000000,0.375713
164,58,00258,heavysnow,713,1,0.000000,1.000000,0.000000,L,1.000000,1.000000,0.000000,0.000000,0.219972
164,58,00258,heavysnow,714,1,0.000000,1.000000,0.000000,L,1.000000,1.000000,0.000000,0.000000,0.075158
164,58,00258,heavysnow,715,1,0.000000,1.000000,0.000000,L,1.000000,1.000000,0.000000,0.000000,0.060337
164,58,00258,heavysnow,799,1,0.000000,1.000000,0.000000,L,1.000000,1.000000,0.000000,0.000000,0.298492
164,58,00258,heavysnow,800,1,0.000000,1.000000,0.000000,L,1.000000,1.000000,0.000000,0.000000,0.447265
164,58,00258,heavysnow,801,1,0.000000,1.000000,0.000000,L,1.000000,1.000000,0.000000,0.000000,0.506255
164,58,00258,heavysnow,802,1,0.000000,1.000000,0.000000,L,1.000000,1.000000,0.000000,0.000000,0.405736
164,58,00258,heavysnow,803,1,0.000000,1.000000,0.000000,L,1.000000,1.000000,0.000000,0.000000,0.254700
164,58,00258,heavysnow,804,1,0.000000,1.000000,0.000000,L,1.000000,1.000000,0.000000,0.000000,0.121217
164,58,00258,heavysnow,805,1,0.000000,1.000000,0.000000,L,1.000000,1.000000,0.000000,0.000000,0.077562
164,58,00258,heavysnow,889,1,0.000000,1.000000,0.000000,L,1.000000,1.000000,0.000000,0.000000,0.387311
164,58,00258,heavysnow,890,1,0.000000,1.000000,0.000000,L,1.000000,1.000000,0.000000,0.000000,0.636162
164,58,00258,heavysnow,891,1,0.000000,1.000000,0.000000,L,1.000000,1.000000,0.000000,0.000000,0.769391
164,58,00258,heavysnow,892,1,0.000000,1.000000,0.000000,L,1.000000,1.000000,0.000000,0.000000,0.668739
164,58,00258,heavysnow,893,1,0.000000,1.000000,0.000000,L,1.000000,1.000000,0.000000,0.000000,0.342043
164,58,00258,heavysnow,894,1,0.000000,1.000000,0.000000,L,1.000000,1.000000,0.000000,0.000000,0.250218
164,58,00258,heavysnow,895,1,0.000000,1.000000,0.000000,L,1.000000,1.000000,0.000000,0.000000,0.133392
164,58,00258,heavysnow,979,1,0.000000,1.000000,0.000000,L,1.000000,1.000000,0.000000,0.000000,0.261999
164,58,00258,heavysnow,980,1,0.000000,1.000000,0.000000,L,1.000000,1.000000,0.000000,0.000000,0.424678
164,58,00258,heavysnow,981,1,0.000000,1.000000,0.000000,L,1.000000,1.000000,0.000000,0.000000,0.588640
164,58,00258,heavysnow,982,1,0.000000,1.000000,0.000000,L,1.000000,1.000000,0.000000,0.000000,0.615463
164,58,00258,heavysnow,983,1,0.000000,1.000000,0.000000,L,1.000000,1.000000,0.000000,0.000000,0.354639
164,58,00258,heavysnow,984,1,0.000000,1.000000,0.000000,L,1.000000,1.000000,0.000000,0.000000,0.223473
164,58,00258,heavysnow,985,1,0.000000,1.000000,0.000000,L,1.000000,1.000000,0.000000,0.000000,0.123427
164,58,00258,heavysnow,1069,1,0.000000,1.000000,0.000000,L,1.000000,1.000000,0.000000,0.000000,0.178101
164,58,00258,heavysnow,1070,1,0.000000,1.000000,0.000000,L,1.000000,1.000000,0.000000,0.000000,0.260434
164,58,00258,heavysnow,1071,1,0.000000,1.000000,0.000000,L,1.000000,1.000000,0.000000,0.000000,0.295251
164,58,00258,heavysnow,1072,1,0.000000,1.000000,0.000000,L,1.000000,1.000000,0.000000,0.000000,0.284050
164,58,00258,heavysnow,1073,1,0.000000,1.000000,0.000000,L,1.000000,1.000000,0.000000,0.000000,0.219286
164,58,00258,heavysnow,1074,1,0.000000,1.000000,0.000000,L,1.000000,1.000000,0.000000,0.000000,0.167123
164,58,00258,heavysnow,1075,1,0.000000,1.000000,0.000000,L,1.000000,1.000000,0.000000,0.000000,0.170222
164,58,00258,heavysnow,128,0,0.000000,1.000000,0.000000,L,1.000000,1.000000,0.000001,0.000000,0.063129
164,58,00258,heavysnow,1432,0,0.000000,1.000000,0.000000,L,1.000000,1.000000,0.000000,0.000000,0.070860
164,58,00258,heavysnow,26,0,0.000000,1.000000,0.000000,L,1.000000,1.000000,0.000001,0.000000,0.067266
164,58,00258,heavysnow,112,0,0.000000,1.000000,0.000000,L,1.000000,1.000000,0.000001,0.000000,0.105450
164,58,00258,heavysnow,293,0,0.000000,1.000000,0.000000,L,1.000000,1.000000,0.000000,0.000000,0.178717
164,58,00258,heavysnow,356,0,0.000000,1.000000,0.000000,L,1.000000,1.000000,0.000000,0.000000,0.156132
164,58,00258,heavysnow,538,0,0.000000,1.000000,0.000000,L,1.000000,1.000000,0.000000,0.000000,0.108350
164,58,00258,heavysnow,243,0,0.000000,1.000000,0.000000,L,1.000000,1.000000,0.000000,0.000000,0.065567
164,58,00258,heavysnow,190,0,0.000000,1.000000,0.000000,L,1.000000,1.000000,0.000000,0.000000,0.129657
164,58,00258,heavysnow,489,0,0.000000,1.000000,0.000000,L,1.000000,1.000000,0.000000,0.000000,0.067160
164,58,00258,heavysnow,812,0,0.000000,1.000000,0.000000,L,1.000000,1.000000,0.000001,0.000000,0.172760
164,58,00258,heavysnow,395,0,0.000000,1.000000,0.000000,L,1.000000,1.000000,0.000000,0.000000,0.104819
164,58,00258,heavysnow,1270,0,0.000000,1.000000,0.000000,L,1.000000,1.000000,0.000000,0.000000,0.094509
164,58,00258,heavysnow,811,0,0.000000,1.000000,0.000000,L,1.000000,1.000000,0.000000,0.000000,0.154105
164,58,00258,heavysnow,552,0,0.000000,1.000000,0.000000,L,1.000000,1.000000,0.000000,0.000000,0.174307
164,58,00258,heavysnow,650,0,0.000000,1.000000,0.000000,L,1.000000,1.000000,0.000000,0.000000,0.095118
164,58,00258,heavysnow,287,0,0.000000,1.000000,0.000000,L,1.000000,1.000000,0.000000,0.000000,0.124389
164,58,00258,heavysnow,1128,0,0.000000,1.000000,0.000000,L,1.000000,1.000000,0.000000,0.000000,0.088075
165,58,00467,heavysnow,749,1,0.000000,1.000000,0.000000,L,1.000000,1.000000,0.000000,0.000000,0.047563
165,58,00467,heavysnow,750,1,0.000000,1.000000,0.000000,L,1.000000,1.000000,0.000000,0.000000,0.078777
165,58,00467,heavysnow,751,1,0.000000,1.000000,0.000000,L,1.000000,1.000000,0.000000,0.000000,0.077567
165,58,00467,heavysnow,752,1,0.000000,1.000000,0.000000,L,1.000000,1.000000,0.000000,0.000000,0.090263
165,58,00467,heavysnow,753,1,0.000000,1.000000,0.000000,L,1.000000,1.000000,0.000000,0.000000,0.091182
165,58,00467,heavysnow,754,1,0.000000,1.000000,0.000000,L,1.000000,1.000000,0.000000,0.000000,0.140620
165,58,00467,heavysnow,755,1,0.000000,1.000000,0.000000,L,1.000000,1.000000,0.000000,0.000000,0.100985
165,58,00467,heavysnow,839,1,0.000000,1.000000,0.000000,L,1.000000,1.000000,0.000000,0.000000,0.050993
165,58,00467,heavysnow,840,1,0.000000,1.000000,0.000000,L,1.000000,1.000000,0.000000,0.000000,0.114575
165,58,00467,heavysnow,841,1,0.000000,1.000000,0.000000,L,1.000000,1.000000,0.000000,0.000000,0.152773
165,58,00467,heavysnow,842,1,0.000000,1.000000,0.000000,L,1.000000,1.000000,0.000000,0.000000,0.296893
165,58,00467,heavysnow,843,1,0.000000,1.000000,0.000000,L,1.000000,1.000000,0.000000,0.000000,0.368456
165,58,00467,heavysnow,844,1,0.000000,1.000000,0.000000,L,1.000000,1.000000,0.000000,0.000000,0.292789
165,58,00467,heavysnow,845,1,0.000000,1.000000,0.000000,L,1.000000,1.000000,0.000000,0.000000,0.195481
165,58,00467,heavysnow,929,1,0.000000,1.000000,0.000000,L,1.000000,1.000000,0.000000,0.000000,0.052096
165,58,00467,heavysnow,930,1,0.000000,1.000000,0.000000,L,1.000000,1.000000,0.000000,0.000000,0.115024
165,58,00467,heavysnow,931,1,0.000000,1.000000,0.000000,L,1.000000,1.000000,0.000000,0.000000,0.169514
165,58,00467,heavysnow,932,1,0.000000,1.000000,0.000000,L,1.000000,1.000000,0.000000,0.000000,0.438841
165,58,00467,heavysnow,933,1,0.000000,1.000000,0.000000,L,1.000000,1.000000,0.000000,0.000000,0.673042
165,58,00467,heavysnow,934,1,0.000000,1.000000,0.000000,L,1.000000,1.000000,0.000000,0.000000,0.412037
165,58,00467,heavysnow,935,1,0.000000,1.000000,0.000000,L,1.000000,1.000000,0.000000,0.000000,0.252556
165,58,00467,heavysnow,1019,1,0.000000,1.000000,0.000000,L,1.000000,1.000000,0.000000,0.000000,0.071413
165,58,00467,heavysnow,1020,1,0.000000,1.000000,0.000000,L,1.000000,1.000000,0.000000,0.000000,0.127003
165,58,00467,heavysnow,1021,1,0.000000,1.000000,0.000000,L,1.000000,1.000000,0.000000,0.000000,0.227287
165,58,00467,heavysnow,1022,1,0.000000,1.000000,0.000000,L,1.000000,1.000000,0.000000,0.000000,0.239634
165,58,00467,heavysnow,1023,1,0.000000,1.000000,0.000000,L,1.000000,1.000000,0.000000,0.000000,0.265662
165,58,00467,heavysnow,1024,1,0.000000,1.000000,0.000000,L,1.000000,1.000000,0.000000,0.000000,0.245554
165,58,00467,heavysnow,1025,1,0.000000,1.000000,0.000000,L,1.000000,1.000000,0.000000,0.000000,0.142688
165,58,00467,heavysnow,230,0,0.000000,1.000000,0.000000,L,1.000000,1.000000,0.000000,0.000000,0.068300
165,58,00467,heavysnow,159,0,0.000000,1.000000,0.000000,L,1.000000,1.000000,0.000001,0.000000,0.079137
165,58,00467,heavysnow,1197,0,0.000000,1.000000,0.000000,L,1.000000,1.000000,0.000000,0.000000,0.070013
165,58,00467,heavysnow,1436,0,0.000000,1.000000,0.000000,L,1.000000,1.000000,0.000001,0.000000,0.111369
165,58,00467,heavysnow,689,0,0.000000,1.000000,0.000000,L,1.000000,1.000000,0.000000,0.000000,0.049232
165,58,00467,heavysnow,419,0,0.000000,1.000000,0.000000,L,1.000000,1.000000,0.000000,0.000000,0.082278
165,58,00467,heavysnow,292,0,0.000000,1.000000,0.000000,L,1.000000,1.000000,0.000001,0.000000,0.147854
165,58,00467,heavysnow,631,0,0.000000,1.000000,0.000000,L,1.000000,1.000000,0.000000,0.000000,0.139044
165,58,00467,heavysnow,982,0,0.000000,1.000000,0.000000,L,1.000000,1.000000,0.000000,0.000000,0.072488
165,58,00467,heavysnow,1149,0,0.000000,1.000000,0.000000,L,1.000000,1.000000,0.000000,0.000000,0.085639
165,58,00467,heavysnow,835,0,0.000000,1.000000,0.000000,L,1.000000,1.000000,0.000000,0.000000,0.144772
165,58,00467,heavysnow,1163,0,0.000000,1.000000,0.000000,L,1.000000,1.000000,0.000000,0.000000,0.111742
165,58,00467,heavysnow,462,0,0.000001,0.999999,0.000000,L,0.999999,0.999999,0.000010,0.000001,0.159919
165,58,00467,heavysnow,784,0,0.000000,1.000000,0.000000,L,1.000000,1.000000,0.000000,0.000000,0.071860
165,58,00467,heavysnow,944,0,0.000000,1.000000,0.000000,L,1.000000,1.000000,0.000000,0.000000,0.086318
165,58,00467,heavysnow,471,0,0.000000,1.000000,0.000000,L,1.000000,1.000000,0.000000,0.000000,0.119853
165,58,00467,heavysnow,1142,0,0.000000,1.000000,0.000000,L,1.000000,1.000000,0.000000,0.000000,0.096744
165,58,00467,heavysnow,155,0,0.000000,1.000000,0.000000,L,1.000000,1.000000,0.000001,0.000000,0.224737
166,58,00514,heavysnow,922,1,0.000000,1.000000,0.000000,L,1.000000,1.000000,0.000000,0.000000,0.050572
166,58,00514,heavysnow,923,1,0.000000,1.000000,0.000000,L,1.000000,1.000000,0.000000,0.000000,0.056087
166,58,00514,heavysnow,924,1,0.000000,1.000000,0.000000,L,1.000000,1.000000,0.000000,0.000000,0.100488
166,58,00514,heavysnow,925,1,0.000000,1.000000,0.000000,L,1.000000,1.000000,0.000000,0.000000,0.112646
166,58,00514,heavysnow,926,1,0.000000,1.000000,0.000000,L,1.000000,1.000000,0.000000,0.000000,0.115431
166,58,00514,heavysnow,927,1,0.000000,1.000000,0.000000,L,1.000000,1.000000,0.000000,0.000000,0.116493
166,58,00514,heavysnow,928,1,0.000000,1.000000,0.000000,L,1.000000,1.000000,0.000000,0.000000,0.180608
166,58,00514,heavysnow,1012,1,0.000000,1.000000,0.000000,L,1.000000,1.000000,0.000000,0.000000,0.061370
166,58,00514,heavysnow,1013,1,0.000000,1.000000,0.000000,L,1.000000,1.000000,0.000000,0.000000,0.074293
166,58,00514,heavysnow,1014,1,0.000000,1.000000,0.000000,L,1.000000,1.000000,0.000000,0.000000,0.084817
166,58,00514,heavysnow,1015,1,0.000000,1.000000,0.000000,L,1.000000,1.000000,0.000000,0.000000,0.118199
166,58,00514,heavysnow,1016,1,0.000000,1.000000,0.000000,L,1.000000,1.000000,0.000000,0.000000,0.110524
166,58,00514,heavysnow,1017,1,0.000000,1.000000,0.000000,L,1.000000,1.000000,0.000000,0.000000,0.123814
166,58,00514,heavysnow,1018,1,0.000000,1.000000,0.000000,L,1.000000,1.000000,0.000000,0.000000,0.144453
166,58,00514,heavysnow,1102,1,0.000000,1.000000,0.000000,L,1.000000,1.000000,0.000000,0.000000,0.064090
166,58,00514,heavysnow,1103,1,0.000000,1.000000,0.000000,L,1.000000,1.000000,0.000000,0.000000,0.064265
166,58,00514,heavysnow,1104,1,0.000000,1.000000,0.000000,L,1.000000,1.000000,0.000000,0.000000,0.066168
166,58,00514,heavysnow,1105,1,0.000000,1.000000,0.000000,L,1.000000,1.000000,0.000000,0.000000,0.070267
166,58,00514,heavysnow,1106,1,0.000000,1.000000,0.000000,L,1.000000,1.000000,0.000000,0.000000,0.081151
166,58,00514,heavysnow,1107,1,0.000000,1.000000,0.000000,L,1.000000,1.000000,0.000000,0.000000,0.077167
166,58,00514,heavysnow,1108,1,0.000000,1.000000,0.000000,L,1.000000,1.000000,0.000000,0.000000,0.101331
166,58,00514,heavysnow,1192,1,0.000000,1.000000,0.000000,L,1.000000,1.000000,0.000000,0.000000,0.068732
166,58,00514,heavysnow,1193,1,0.000000,1.000000,0.000000,L,1.000000,1.000000,0.000000,0.000000,0.075161
166,58,00514,heavysnow,1194,1,0.000000,1.000000,0.000000,L,1.000000,1.000000,0.000000,0.000000,0.079797
166,58,00514,heavysnow,1195,1,0.000000,1.000000,0.000000,L,1.000000,1.000000,0.000000,0.000000,0.085975
166,58,00514,heavysnow,1196,1,0.000000,1.000000,0.000000,L,1.000000,1.000000,0.000000,0.000000,0.073742
166,58,00514,heavysnow,1197,1,0.000000,1.000000,0.000000,L,1.000000,1.000000,0.000000,0.000000,0.072138
166,58,00514,heavysnow,1198,1,0.000000,1.000000,0.000000,L,1.000000,1.000000,0.000000,0.000000,0.086104
166,58,00514,heavysnow,412,0,0.000000,1.000000,0.000000,L,1.000000,1.000000,0.000000,0.000000,0.109597
166,58,00514,heavysnow,222,0,0.000000,1.000000,0.000000,L,1.000000,1.000000,0.000000,0.000000,0.084070
166,58,00514,heavysnow,258,0,0.000000,1.000000,0.000000,L,1.000000,1.000000,0.000000,0.000000,0.083575
166,58,00514,heavysnow,792,0,0.000000,1.000000,0.000000,L,1.000000,1.000000,0.000000,0.000000,0.073021
166,58,00514,heavysnow,484,0,0.000000,1.000000,0.000000,L,1.000000,1.000000,0.000000,0.000000,0.133481
166,58,00514,heavysnow,558,0,0.000000,1.000000,0.000000,L,1.000000,1.000000,0.000000,0.000000,0.137919
166,58,00514,heavysnow,334,0,0.000000,1.000000,0.000000,L,1.000000,1.000000,0.000000,0.000000,0.064186
166,58,00514,heavysnow,428,0,0.000000,1.000000,0.000000,L,1.000000,1.000000,0.000000,0.000000,0.092671
166,58,00514,heavysnow,990,0,0.000000,1.000000,0.000000,L,1.000000,1.000000,0.000000,0.000000,0.137325
166,58,00514,heavysnow,1341,0,0.000000,1.000000,0.000000,L,1.000000,1.000000,0.000000,0.000000,0.082086
166,58,00514,heavysnow,515,0,0.000000,1.000000,0.000000,L,1.000000,1.000000,0.000000,0.000000,0.081831
166,58,00514,heavysnow,523,0,0.000000,1.000000,0.000000,L,1.000000,1.000000,0.000000,0.000000,0.111672
166,58,00514,heavysnow,832,0,0.000000,1.000000,0.000000,L,1.000000,1.000000,0.000000,0.000000,0.072107
166,58,00514,heavysnow,64,0,0.000000,1.000000,0.000000,L,1.000000,1.000000,0.000001,0.000000,0.059280
166,58,00514,heavysnow,383,0,0.000000,1.000000,0.000000,L,1.000000,1.000000,0.000000,0.000000,0.090478
166,58,00514,heavysnow,82,0,0.000000,1.000000,0.000000,L,1.000000,1.000000,0.000001,0.000000,0.059259
166,58,00514,heavysnow,1132,0,0.000000,1.000000,0.000000,L,1.000000,1.000000,0.000000,0.000000,0.095079
166,58,00514,heavysnow,489,0,0.000000,1.000000,0.000000,L,1.000000,1.000000,0.000000,0.000000,0.139028
167,58,00562,heavysnow,990,1,0.000000,1.000000,0.000000,L,1.000000,1.000000,0.000000,0.000000,0.125486
167,58,00562,heavysnow,991,1,0.000000,1.000000,0.000000,L,1.000000,1.000000,0.000000,0.000000,0.190655
167,58,00562,heavysnow,992,1,0.000000,1.000000,0.000000,L,1.000000,1.000000,0.000000,0.000000,0.176929
167,58,00562,heavysnow,993,1,0.000000,1.000000,0.000000,L,1.000000,1.000000,0.000000,0.000000,0.178949
167,58,00562,heavysnow,1080,1,0.000000,1.000000,0.000000,L,1.000000,1.000000,0.000000,0.000000,0.249799
167,58,00562,heavysnow,1081,1,0.000000,1.000000,0.000000,L,1.000000,1.000000,0.000000,0.000000,0.203444
167,58,00562,heavysnow,1082,1,0.000000,1.000000,0.000000,L,1.000000,1.000000,0.000000,0.000000,0.154480
167,58,00562,heavysnow,1083,1,0.000000,1.000000,0.000000,L,1.000000,1.000000,0.000000,0.000000,0.140704
167,58,00562,heavysnow,1170,1,0.000000,1.000000,0.000000,L,1.000000,1.000000,0.000000,0.000000,0.231743
167,58,00562,heavysnow,1171,1,0.000000,1.000000,0.000000,L,1.000000,1.000000,0.000000,0.000000,0.201007
167,58,00562,heavysnow,1172,1,0.000000,1.000000,0.000000,L,1.000000,1.000000,0.000000,0.000000,0.194225
167,58,00562,heavysnow,1173,1,0.000000,1.000000,0.000000,L,1.000000,1.000000,0.000000,0.000000,0.147660
167,58,00562,heavysnow,1260,1,0.000000,1.000000,0.000000,L,1.000000,1.000000,0.000001,0.000000,0.142014
167,58,00562,heavysnow,1261,1,0.000000,1.000000,0.000000,L,1.000000,1.000000,0.000000,0.000000,0.144583
167,58,00562,heavysnow,1262,1,0.000000,1.000000,0.000000,L,1.000000,1.000000,0.000000,0.000000,0.127786
167,58,00562,heavysnow,1263,1,0.000000,1.000000,0.000000,L,1.000000,1.000000,0.000001,0.000000,0.121228
167,58,00562,heavysnow,837,0,0.000000,1.000000,0.000000,L,1.000000,1.000000,0.000000,0.000000,0.135284
167,58,00562,heavysnow,1050,0,0.000000,1.000000,0.000000,L,1.000000,1.000000,0.000000,0.000000,0.130331
167,58,00562,heavysnow,8,0,0.000000,1.000000,0.000000,L,1.000000,1.000000,0.000002,0.000000,0.120530
167,58,00562,heavysnow,787,0,0.000000,1.000000,0.000000,L,1.000000,1.000000,0.000000,0.000000,0.081523
167,58,00562,heavysnow,945,0,0.000000,1.000000,0.000000,L,1.000000,1.000000,0.000000,0.000000,0.064798
167,58,00562,heavysnow,469,0,0.000000,1.000000,0.000000,L,1.000000,1.000000,0.000000,0.000000,0.131708
167,58,00562,heavysnow,1069,0,0.000000,1.000000,0.000000,L,1.000000,1.000000,0.000000,0.000000,0.126150
167,58,00562,heavysnow,243,0,0.000000,1.000000,0.000000,L,1.000000,1.000000,0.000000,0.000000,0.087907
167,58,00562,heavysnow,891,0,0.000000,1.000000,0.000000,L,1.000000,1.000000,0.000000,0.000000,0.089345
167,58,00562,heavysnow,374,0,0.000000,1.000000,0.000000,L,1.000000,1.000000,0.000000,0.000000,0.138049
167,58,00562,heavysnow,1295,0,0.000000,1.000000,0.000000,L,1.000000,1.000000,0.000000,0.000000,0.078994
167,58,00562,heavysnow,559,0,0.000000,1.000000,0.000000,L,1.000000,1.000000,0.000000,0.000000,0.126396
167,58,00562,heavysnow,1333,0,0.000000,1.000000,0.000000,L,1.000000,1.000000,0.000000,0.000000,0.103993
167,58,00562,heavysnow,739,0,0.000000,1.000000,0.000000,L,1.000000,1.000000,0.000000,0.000000,0.122475
167,58,00562,heavysnow,423,0,0.000000,1.000000,0.000000,L,1.000000,1.000000,0.000000,0.000000,0.093673
167,58,00562,heavysnow,274,0,0.000000,1.000000,0.000000,L,1.000000,1.000000,0.000000,0.000000,0.220675
167,58,00562,heavysnow,786,0,0.000000,1.000000,0.000000,L,1.000000,1.000000,0.000000,0.000000,0.083113
167,58,00562,heavysnow,1393,0,0.000000,1.000000,0.000000,L,1.000000,1.000000,0.000001,0.000000,0.117931
