frame_idx,seq,sample_id,weather,patch_idx,foreground,camera,lidar,radar,dominant,dominant_value,dominance_margin,entropy,balance_score,fg_gate
0,1,00182,normal,487,1,0.002089,0.997588,0.000323,L,0.997588,0.995498,0.016293,0.002736,0.297660
0,1,00182,normal,1134,1,0.000001,0.999999,0.000000,L,0.999999,0.999998,0.000013,0.000001,0.531273
0,1,00182,normal,1404,1,0.008637,0.990167,0.001195,L,0.990167,0.981530,0.053586,0.011028,0.128988
0,1,00182,normal,402,1,0.003668,0.995666,0.000667,L,0.995666,0.991998,0.027098,0.005001,0.233362
0,1,00182,normal,1040,1,0.016863,0.980948,0.002189,L,0.980948,0.964085,0.092044,0.021241,0.118458
0,1,00182,normal,1315,1,0.001442,0.998320,0.000238,L,0.998320,0.996879,0.011919,0.001917,0.226125
0,1,00182,normal,1132,1,0.001031,0.998832,0.000137,L,0.998832,0.997800,0.008628,0.001305,0.168261
0,1,00182,normal,1133,1,0.000002,0.999998,0.000000,L,0.999998,0.999995,0.000032,0.000003,0.472092
0,1,00182,normal,1047,1,0.003097,0.996536,0.000367,L,0.996536,0.993440,0.022075,0.003831,0.112059
0,1,00182,normal,581,1,0.013788,0.984056,0.002156,L,0.984056,0.970269,0.080208,0.018099,0.182264
0,1,00182,normal,1226,1,0.000075,0.999916,0.000009,L,0.999916,0.999841,0.000820,0.000093,0.266409
0,1,00182,normal,1130,1,0.005236,0.994013,0.000750,L,0.994013,0.988777,0.035381,0.006737,0.132981
0,1,00182,normal,1317,1,0.001868,0.997875,0.000257,L,0.997875,0.996007,0.014548,0.002382,0.143687
0,1,00182,normal,1311,1,0.012307,0.986040,0.001653,L,0.986040,0.973733,0.071519,0.015613,0.138695
0,1,00182,normal,1222,1,0.000004,0.999995,0.000000,L,0.999995,0.999991,0.000057,0.000005,0.390269
0,1,00182,normal,1225,1,0.000002,0.999998,0.000000,L,0.999998,0.999996,0.000025,0.000002,0.525309
0,1,00182,normal,1310,1,0.004739,0.994612,0.000649,L,0.994612,0.989872,0.032314,0.006037,0.144039
0,1,00182,normal,1043,1,0.006182,0.993091,0.000727,L,0.993091,0.986909,0.039669,0.007636,0.118351
0,1,00182,normal,1224,1,0.000000,1.000000,0.000000,L,1.000000,1.000000,0.000001,0.000000,0.687435
0,1,00182,normal,1131,1,0.006913,0.992114,0.000974,L,0.992114,0.985201,0.044596,0.008860,0.134182
0,1,00182,normal,1403,1,0.010161,0.988502,0.001337,L,0.988502,0.978341,0.060902,0.012834,0.124472
0,1,00182,normal,1407,1,0.007299,0.991671,0.001030,L,0.991671,0.984372,0.046684,0.009358,0.126066
0,1,00182,normal,306,1,0.002601,0.997087,0.000313,L,0.997087,0.994486,0.019035,0.003226,0.144531
0,1,00182,normal,1400,1,0.010416,0.988188,0.001396,L,0.988188,0.977772,0.062319,0.013208,0.131043
0,1,00182,normal,311,1,0.005542,0.993681,0.000777,L,0.993681,0.988139,0.037007,0.007097,0.138825
0,1,00182,normal,396,1,0.000220,0.999747,0.000033,L,0.999747,0.999528,0.002224,0.000286,0.347615
0,1,00182,normal,490,1,0.000001,0.999999,0.000000,L,0.999999,0.999999,0.000011,0.000001,0.646029
0,1,00182,normal,312,1,0.007237,0.991787,0.000976,L,0.991787,0.984550,0.046070,0.009189,0.119699
0,1,00182,normal,1223,1,0.000000,1.000000,0.000000,L,1.000000,1.000000,0.000002,0.000000,0.622059
0,1,00182,normal,1221,1,0.002596,0.997064,0.000340,L,0.997064,0.994468,0.019212,0.003277,0.139425
0,1,00182,normal,1402,1,0.017806,0.979825,0.002370,L,0.979825,0.962019,0.096505,0.022545,0.122880
0,1,00182,normal,492,1,0.012373,0.985754,0.001874,L,0.985754,0.973381,0.073051,0.016120,0.170492
0,1,00182,normal,1405,1,0.002846,0.996752,0.000402,L,0.996752,0.993906,0.020999,0.003650,0.125554
0,1,00182,normal,580,1,0.006812,0.992015,0.001174,L,0.992015,0.985203,0.045382,0.009159,0.258482
0,1,00182,normal,488,1,0.000511,0.999420,0.000070,L,0.999420,0.998909,0.004659,0.000650,0.384354
0,1,00182,normal,577,1,0.014599,0.983241,0.002159,L,0.983241,0.968642,0.083360,0.018918,0.178253
0,1,00182,normal,758,0,0.011733,0.986643,0.001625,L,0.986643,0.974910,0.069049,0.014982,0.127548
0,1,00182,normal,798,0,0.005221,0.994083,0.000696,L,0.994083,0.988862,0.034946,0.006612,0.116718
0,1,00182,normal,1087,0,0.012559,0.985067,0.002374,L,0.985067,0.972507,0.076591,0.017307,0.255620
0,1,00182,normal,1366,0,0.008063,0.990981,0.000956,L,0.990981,0.982918,0.049601,0.009975,0.110072
0,1,00182,normal,156,0,0.002649,0.997057,0.000294,L,0.997057,0.994408,0.019159,0.003237,0.119139
0,1,00182,normal,725,0,0.013691,0.983937,0.002372,L,0.983937,0.970246,0.081025,0.018434,0.105520
0,1,00182,normal,183,0,0.007085,0.991919,0.000996,L,0.991919,0.984834,0.045512,0.009077,0.127167
0,1,00182,normal,1185,0,0.009225,0.989415,0.001360,L,0.989415,0.980190,0.057100,0.011945,0.114668
0,1,00182,normal,1145,0,0.004234,0.995286,0.000480,L,0.995286,0.991052,0.028679,0.005194,0.090443
0,1,00182,normal,626,0,0.001288,0.998560,0.000152,L,0.998560,0.997272,0.010328,0.001592,0.113805
0,1,00182,normal,617,0,0.007770,0.991220,0.001010,L,0.991220,0.983450,0.048655,0.009791,0.097959
0,1,00182,normal,964,0,0.008021,0.990961,0.001018,L,0.990961,0.982940,0.049806,0.010057,0.094868
0,1,00182,normal,288,0,0.003667,0.995878,0.000455,L,0.995878,0.992211,0.025649,0.004576,0.081393
0,1,00182,normal,1380,0,0.003831,0.995649,0.000521,L,0.995649,0.991818,0.026939,0.004872,0.149278
0,1,00182,normal,1234,0,0.002372,0.997373,0.000255,L,0.997373,0.995001,0.017356,0.002881,0.091919
0,1,00182,normal,660,0,0.011306,0.986938,0.001755,L,0.986938,0.975632,0.068079,0.014817,0.181125
0,1,00182,normal,50,0,0.004688,0.994708,0.000604,L,0.994708,0.990020,0.031762,0.005896,0.124819
0,1,00182,normal,783,0,0.006735,0.992414,0.000851,L,0.992414,0.985679,0.043009,0.008437,0.108542
1,1,00539,normal,1300,1,0.003031,0.996556,0.000413,L,0.996556,0.993525,0.022060,0.003858,0.127524
1,1,00539,normal,1206,1,0.000668,0.999226,0.000106,L,0.999226,0.998558,0.006034,0.000880,0.349828
1,1,00539,normal,1133,1,0.017429,0.979917,0.002654,L,0.979917,0.962488,0.096670,0.022737,0.164797
1,1,00539,normal,1128,1,0.009546,0.988737,0.001717,L,0.988737,0.979190,0.060565,0.012980,0.304956
1,1,00539,normal,1039,1,0.010380,0.987715,0.001906,L,0.987715,0.977335,0.065135,0.014191,0.276595
1,1,00539,normal,1208,1,0.005447,0.993690,0.000864,L,0.993690,0.988243,0.037116,0.007174,0.229490
1,1,00539,normal,1225,1,0.003203,0.996383,0.000415,L,0.996383,0.993180,0.022971,0.004032,0.113845
1,1,00539,normal,1309,1,0.005310,0.993899,0.000790,L,0.993899,0.988589,0.035993,0.006891,0.215581
1,1,00539,normal,1316,1,0.005507,0.993683,0.000810,L,0.993683,0.988176,0.037056,0.007127,0.133425
1,1,00539,normal,1209,1,0.004247,0.995179,0.000574,L,0.995179,0.990931,0.029392,0.005396,0.148159
1,1,00539,normal,1401,1,0.000001,0.999999,0.000000,L,0.999999,0.999999,0.000010,0.000001,0.607450
1,1,00539,normal,1406,1,0.012446,0.985186,0.002368,L,0.985186,0.972740,0.076106,0.017182,0.221187
1,1,00539,normal,1221,1,0.008726,0.990096,0.001178,L,0.990096,0.981369,0.053862,0.011082,0.151204
1,1,00539,normal,1207,1,0.001607,0.998145,0.000248,L,0.998145,0.996539,0.012971,0.002103,0.331088
1,1,00539,normal,1040,1,0.006872,0.991922,0.001206,L,0.991922,0.985050,0.045855,0.009285,0.193879
1,1,00539,normal,1125,1,0.008213,0.990440,0.001347,L,0.990440,0.982226,0.052664,0.010907,0.234889
1,1,00539,normal,1296,1,0.000000,0.999999,0.000000,L,0.999999,0.999999,0.000008,0.000001,0.628852
1,1,00539,normal,1403,1,0.000049,0.999943,0.000008,L,0.999943,0.999894,0.000581,0.000065,0.414365
1,1,00539,normal,1214,1,0.019955,0.977485,0.002559,L,0.977485,0.957530,0.105263,0.025074,0.127593
1,1,00539,normal,1313,1,0.000036,0.999958,0.000006,L,0.999958,0.999922,0.000440,0.000048,0.445552
1,1,00539,normal,1222,1,0.005351,0.993835,0.000814,L,0.993835,0.988484,0.036340,0.006979,0.170390
1,1,00539,normal,1218,1,0.005239,0.994023,0.000738,L,0.994023,0.988784,0.035313,0.006715,0.190744
1,1,00539,normal,1127,1,0.002326,0.997272,0.000401,L,0.997272,0.994946,0.018177,0.003129,0.330347
1,1,00539,normal,1037,1,0.000000,1.000000,0.000000,L,1.000000,1.000000,0.000001,0.000000,0.804297
1,1,00539,normal,1314,1,0.020657,0.975969,0.003375,L,0.975969,0.955312,0.112040,0.027406,0.186193
1,1,00539,normal,1217,1,0.002687,0.996898,0.000415,L,0.996898,0.994211,0.020237,0.003517,0.236996
1,1,00539,normal,1136,1,0.006620,0.992474,0.000906,L,0.992474,0.985855,0.042835,0.008431,0.118694
1,1,00539,normal,1389,1,0.005010,0.994163,0.000827,L,0.994163,0.989153,0.034794,0.006664,0.245567
1,1,00539,normal,1298,1,0.000001,0.999999,0.000000,L,0.999999,0.999998,0.000015,0.000001,0.604211
1,1,00539,normal,944,1,0.006076,0.993089,0.000835,L,0.993089,0.987012,0.039883,0.007747,0.149305
1,1,00539,normal,1399,1,0.009668,0.988967,0.001365,L,0.988967,0.979299,0.059006,0.012398,0.216295
1,1,00539,normal,1035,1,0.000335,0.999610,0.000055,L,0.999610,0.999274,0.003289,0.000445,0.367404
1,1,00539,normal,1402,1,0.000000,1.000000,0.000000,L,1.000000,0.999999,0.000005,0.000000,0.609917
1,1,00539,normal,1223,1,0.008515,0.990083,0.001401,L,0.990083,0.981568,0.054303,0.011318,0.215645
1,1,00539,normal,861,1,0.013202,0.984982,0.001816,L,0.984982,0.971780,0.076001,0.016834,0.142762
1,1,00539,normal,1038,1,0.000000,1.000000,0.000000,L,1.000000,0.999999,0.000007,0.000001,0.656353
1,1,00539,normal,545,0,0.038220,0.956295,0.005486,L,0.956295,0.918075,0.178459,0.049191,0.117601
1,1,00539,normal,918,0,0.006827,0.992350,0.000823,L,0.992350,0.985522,0.043247,0.008473,0.080826
1,1,00539,normal,539,0,0.000841,0.999056,0.000103,L,0.999056,0.998215,0.007137,0.001046,0.142443
1,1,00539,normal,297,0,0.021805,0.975347,0.002847,L,0.975347,0.953542,0.113283,0.027500,0.112740
1,1,00539,normal,1153,0,0.005050,0.994262,0.000688,L,0.994262,0.989212,0.034079,0.006427,0.100767
1,1,00539,normal,1355,0,0.013970,0.983534,0.002496,L,0.983534,0.969564,0.082790,0.018963,0.158504
1,1,00539,normal,549,0,0.016787,0.981154,0.002059,L,0.981154,0.964367,0.091037,0.020905,0.097741
1,1,00539,normal,479,0,0.003664,0.995883,0.000453,L,0.995883,0.992219,0.025623,0.004571,0.094928
1,1,00539,normal,679,0,0.017264,0.980533,0.002203,L,0.980533,0.963268,0.093602,0.021670,0.115380
1,1,00539,normal,293,0,0.015613,0.982420,0.001967,L,0.982420,0.966807,0.086132,0.019547,0.098168
1,1,00539,normal,1186,0,0.010106,0.988457,0.001437,L,0.988457,0.978352,0.061271,0.012980,0.101895
1,1,00539,normal,252,0,0.002067,0.997680,0.000252,L,0.997680,0.995613,0.015644,0.002572,0.111596
1,1,00539,normal,548,0,0.021070,0.976174,0.002756,L,0.976174,0.955104,0.110242,0.026582,0.105067
1,1,00539,normal,601,0,0.005699,0.993476,0.000825,L,0.993476,0.987777,0.038056,0.007349,0.161507
1,1,00539,normal,1233,0,0.003319,0.996209,0.000471,L,0.996209,0.992890,0.023976,0.004262,0.117325
1,1,00539,normal,954,0,0.019619,0.977880,0.002501,L,0.977880,0.958260,0.103754,0.024621,0.116619
1,1,00539,normal,1368,0,0.002670,0.996961,0.000368,L,0.996961,0.994291,0.019816,0.003407,0.119391
1,1,00539,normal,821,0,0.008667,0.990183,0.001150,L,0.990183,0.981515,0.053437,0.010967,0.097378
2,3,00285,normal,1162,1,0.015271,0.982802,0.001927,L,0.982802,0.967531,0.084614,0.019126,0.138315
2,3,00285,normal,800,1,0.006181,0.993094,0.000726,L,0.993094,0.986913,0.039653,0.007632,0.117206
2,3,00285,normal,801,1,0.003210,0.996393,0.000397,L,0.996393,0.993183,0.022884,0.004004,0.158235
2,3,00285,normal,985,1,0.000000,1.000000,0.000000,L,1.000000,0.999999,0.000006,0.000001,0.526578
2,3,00285,normal,893,1,0.000005,0.999994,0.000001,L,0.999994,0.999989,0.000069,0.000006,0.454644
2,3,00285,normal,1075,1,0.002949,0.996647,0.000403,L,0.996647,0.993698,0.021556,0.003756,0.183809
2,3,00285,normal,806,1,0.002172,0.997573,0.000255,L,0.997573,0.995401,0.016249,0.002682,0.081827
2,3,00285,normal,897,1,0.004368,0.995105,0.000527,L,0.995105,0.990737,0.029670,0.005422,0.100576
2,3,00285,normal,1163,1,0.007736,0.991327,0.000937,L,0.991327,0.983591,0.048044,0.009611,0.140194
2,3,00285,normal,1077,1,0.004435,0.995060,0.000506,L,0.995060,0.990625,0.029851,0.005446,0.102968
2,3,00285,normal,1070,1,0.012166,0.986470,0.001364,L,0.986470,0.974304,0.069250,0.014894,0.122916
2,3,00285,normal,805,1,0.011113,0.987627,0.001260,L,0.987627,0.976513,0.064368,0.013633,0.097571
2,3,00285,normal,983,1,0.000000,1.000000,0.000000,L,1.000000,1.000000,0.000001,0.000000,0.626842
2,3,00285,normal,980,1,0.000252,0.999719,0.000029,L,0.999719,0.999466,0.002432,0.000310,0.202397
2,3,00285,normal,1076,1,0.003500,0.996058,0.000442,L,0.996058,0.992559,0.024702,0.004383,0.129032
2,3,00285,normal,1161,1,0.017223,0.980597,0.002179,L,0.980597,0.963374,0.093320,0.021582,0.139772
2,3,00285,normal,803,1,0.001302,0.998543,0.000155,L,0.998543,0.997240,0.010439,0.001612,0.112928
2,3,00285,normal,802,1,0.001028,0.998844,0.000128,L,0.998844,0.997816,0.008531,0.001283,0.143369
2,3,00285,normal,804,1,0.003596,0.995984,0.000420,L,0.995984,0.992389,0.025042,0.004436,0.098820
2,3,00285,normal,1165,1,0.003189,0.996421,0.000390,L,0.996421,0.993232,0.022725,0.003969,0.117604
2,3,00285,normal,1071,1,0.022437,0.974923,0.002641,L,0.974923,0.952486,0.114353,0.027718,0.137641
2,3,00285,normal,891,1,0.004300,0.995117,0.000583,L,0.995117,0.990818,0.029712,0.005465,0.199657
2,3,00285,normal,984,1,0.000000,1.000000,0.000000,L,1.000000,1.000000,0.000001,0.000000,0.643547
2,3,00285,normal,895,1,0.000573,0.999353,0.000073,L,0.999353,0.998780,0.005118,0.000720,0.170163
2,3,00285,normal,982,1,0.000019,0.999979,0.000003,L,0.999979,0.999960,0.000237,0.000024,0.443414
2,3,00285,normal,1072,1,0.009265,0.989565,0.001169,L,0.989565,0.980300,0.056116,0.011604,0.163838
2,3,00285,normal,807,1,0.003204,0.996408,0.000388,L,0.996408,0.993204,0.022789,0.003980,0.085810
2,3,00285,normal,981,1,0.007608,0.991389,0.001004,L,0.991389,0.983781,0.047896,0.009615,0.185834
2,3,00285,normal,896,1,0.002292,0.997440,0.000267,L,0.997440,0.995148,0.017010,0.002827,0.104339
2,3,00285,normal,1074,1,0.000508,0.999419,0.000072,L,0.999419,0.998911,0.004667,0.000653,0.261445
2,3,00285,normal,1160,1,0.013622,0.984615,0.001763,L,0.984615,0.970993,0.077338,0.017147,0.113768
2,3,00285,normal,987,1,0.005181,0.994129,0.000690,L,0.994129,0.988948,0.034716,0.006560,0.127707
2,3,00285,normal,986,1,0.003080,0.996481,0.000439,L,0.996481,0.993402,0.022498,0.003958,0.167767
2,3,00285,normal,892,1,0.001149,0.998676,0.000175,L,0.998676,0.997527,0.009659,0.001498,0.267220
2,3,00285,normal,894,1,0.000001,0.999999,0.000000,L,0.999999,0.999998,0.000015,0.000001,0.433499
2,3,00285,normal,1073,1,0.002121,0.997593,0.000286,L,0.997593,0.995472,0.016200,0.002694,0.208617
2,3,00285,normal,465,0,0.000602,0.999304,0.000094,L,0.999304,0.998702,0.005493,0.000791,0.181892
2,3,00285,normal,665,0,0.002941,0.996705,0.000353,L,0.996705,0.993764,0.021155,0.003648,0.080291
2,3,00285,normal,924,0,0.010638,0.987965,0.001396,L,0.987965,0.977327,0.063238,0.013431,0.132198
2,3,00285,normal,139,0,0.003605,0.995933,0.000461,L,0.995933,0.992328,0.025380,0.004528,0.117841
2,3,00285,normal,788,0,0.003210,0.996413,0.000377,L,0.996413,0.993203,0.022743,0.003965,0.081700
2,3,00285,normal,560,0,0.003871,0.995601,0.000528,L,0.995601,0.991730,0.027194,0.004927,0.080498
2,3,00285,normal,914,0,0.011025,0.987440,0.001535,L,0.987440,0.976415,0.065647,0.014094,0.132874
2,3,00285,normal,925,0,0.011540,0.986950,0.001510,L,0.986950,0.975410,0.067598,0.014560,0.132462
2,3,00285,normal,609,0,0.010340,0.988454,0.001206,L,0.988454,0.978113,0.060856,0.012752,0.090785
2,3,00285,normal,513,0,0.004611,0.994882,0.000507,L,0.994882,0.990271,0.030726,0.005625,0.090439
2,3,00285,normal,929,0,0.016647,0.981192,0.002160,L,0.981192,0.964545,0.091086,0.020968,0.138434
2,3,00285,normal,1312,0,0.008161,0.990691,0.001148,L,0.990691,0.982530,0.051227,0.010457,0.147305
2,3,00285,normal,848,0,0.011900,0.986617,0.001483,L,0.986617,0.974717,0.068891,0.014866,0.102550
2,3,00285,normal,977,0,0.010664,0.988116,0.001221,L,0.988116,0.977452,0.062283,0.013105,0.094155
2,3,00285,normal,607,0,0.005378,0.993978,0.000644,L,0.993978,0.988600,0.035352,0.006666,0.099526
2,3,00285,normal,641,0,0.014114,0.983961,0.001924,L,0.983961,0.969847,0.080170,0.017963,0.135558
2,3,00285,normal,344,0,0.002109,0.997629,0.000263,L,0.997629,0.995520,0.015955,0.002634,0.087035
2,3,00285,normal,208,0,0.012518,0.985806,0.001675,L,0.985806,0.973288,0.072490,0.015869,0.137878
3,5,00300,normal,1333,1,0.005747,0.993548,0.000705,L,0.993548,0.987801,0.037498,0.007157,0.089424
3,5,00300,normal,1022,1,0.010899,0.987424,0.001677,L,0.987424,0.976525,0.065963,0.014253,0.156011
3,5,00300,normal,1061,1,0.000355,0.999607,0.000039,L,0.999607,0.999252,0.003282,0.000432,0.133873
3,5,00300,normal,1423,1,0.010530,0.988102,0.001368,L,0.988102,0.977573,0.062619,0.013265,0.106043
3,5,00300,normal,1150,1,0.000001,0.999999,0.000000,L,0.999999,0.999999,0.000010,0.000001,0.358141
3,5,00300,normal,840,1,0.000003,0.999997,0.000000,L,0.999997,0.999994,0.000041,0.000004,0.659690
3,5,00300,normal,1151,1,0.000000,1.000000,0.000000,L,1.000000,1.000000,0.000002,0.000000,0.463073
3,5,00300,normal,1244,1,0.003294,0.996323,0.000384,L,0.996323,0.993029,0.023225,0.004061,0.077641
3,5,00300,normal,1239,1,0.001128,0.998653,0.000220,L,0.998653,0.997524,0.009878,0.001567,0.215670
3,5,00300,normal,1152,1,0.000000,1.000000,0.000000,L,1.000000,0.999999,0.000006,0.000000,0.378754
3,5,00300,normal,1242,1,0.000001,0.999999,0.000000,L,0.999999,0.999999,0.000010,0.000001,0.315270
3,5,00300,normal,1238,1,0.001358,0.998395,0.000246,L,0.998395,0.997037,0.011486,0.001851,0.202296
3,5,00300,normal,929,1,0.003910,0.995428,0.000662,L,0.995428,0.991519,0.028293,0.005234,0.229586
3,5,00300,normal,1024,1,0.016826,0.980805,0.002368,L,0.980805,0.963979,0.092899,0.021563,0.127206
3,5,00300,normal,664,1,0.016719,0.981010,0.002271,L,0.981010,0.964290,0.091966,0.021261,0.124528
3,5,00300,normal,754,1,0.018407,0.978557,0.003036,L,0.978557,0.960150,0.102263,0.024479,0.202369
3,5,00300,normal,1329,1,0.006349,0.992861,0.000791,L,0.992861,0.986512,0.040853,0.007930,0.110780
3,5,00300,normal,842,1,0.000000,1.000000,0.000000,L,1.000000,1.000000,0.000001,0.000000,0.993147
3,5,00300,normal,753,1,0.008548,0.989903,0.001550,L,0.989903,0.981355,0.055322,0.011647,0.259781
3,5,00300,normal,1328,1,0.006135,0.993057,0.000808,L,0.993057,0.986922,0.039982,0.007752,0.120856
3,5,00300,normal,969,1,0.002221,0.997527,0.000252,L,0.997527,0.995306,0.016499,0.002725,0.110766
3,5,00300,normal,1154,1,0.009520,0.989358,0.001122,L,0.989358,0.979839,0.056903,0.011763,0.088565
3,5,00300,normal,839,1,0.003169,0.996279,0.000552,L,0.996279,0.993110,0.023747,0.004272,0.268291
3,5,00300,normal,1148,1,0.000517,0.999393,0.000090,L,0.999393,0.998875,0.004879,0.000697,0.278260
3,5,00300,normal,844,1,0.013709,0.983736,0.002556,L,0.983736,0.970027,0.082098,0.018820,0.307508
3,5,00300,normal,1060,1,0.000160,0.999823,0.000017,L,0.999823,0.999663,0.001604,0.000194,0.152815
3,5,00300,normal,934,1,0.012758,0.985027,0.002214,L,0.985027,0.972269,0.076499,0.017187,0.220669
3,5,00300,normal,1332,1,0.002979,0.996663,0.000359,L,0.996663,0.993684,0.021391,0.003696,0.090101
3,5,00300,normal,1059,1,0.000423,0.999528,0.000049,L,0.999528,0.999105,0.003866,0.000522,0.143429
3,5,00300,normal,661,1,0.022377,0.974574,0.003049,L,0.974574,0.952197,0.116316,0.028474,0.129273
3,5,00300,normal,1153,1,0.000787,0.999123,0.000089,L,0.999123,0.998336,0.006677,0.000966,0.115962
3,5,00300,normal,843,1,0.000001,0.999999,0.000000,L,0.999999,0.999998,0.000011,0.000001,0.708653
3,5,00300,normal,1330,1,0.002476,0.997241,0.000284,L,0.997241,0.994765,0.018141,0.003043,0.093625
3,5,00300,normal,1025,1,0.012009,0.986403,0.001589,L,0.986403,0.974394,0.069949,0.015186,0.107358
3,5,00300,normal,1240,1,0.000002,0.999998,0.000000,L,0.999998,0.999995,0.000031,0.000003,0.270138
3,5,00300,normal,1421,1,0.003742,0.995829,0.000429,L,0.995829,0.992087,0.025848,0.004599,0.096917
3,5,00300,normal,981,0,0.010303,0.988214,0.001484,L,0.988214,0.977911,0.062369,0.013270,0.105624
3,5,00300,normal,695,0,0.003924,0.995638,0.000438,L,0.995638,0.991714,0.026836,0.004800,0.093417
3,5,00300,normal,137,0,0.002861,0.996811,0.000328,L,0.996811,0.993951,0.020542,0.003516,0.109359
3,5,00300,normal,807,0,0.001510,0.998316,0.000174,L,0.998316,0.996806,0.011830,0.001858,0.117016
3,5,00300,normal,1118,0,0.013533,0.984773,0.001694,L,0.984773,0.971240,0.076594,0.016921,0.116333
3,5,00300,normal,1089,0,0.010542,0.988113,0.001345,L,0.988113,0.977570,0.062536,0.013233,0.087679
3,5,00300,normal,904,0,0.017756,0.980049,0.002195,L,0.980049,0.962293,0.095361,0.022147,0.090517
3,5,00300,normal,643,0,0.019304,0.978022,0.002674,L,0.978022,0.958717,0.103567,0.024653,0.095786
3,5,00300,normal,878,0,0.010180,0.988590,0.001229,L,0.988590,0.978410,0.060333,0.012639,0.121840
3,5,00300,normal,187,0,0.012186,0.985895,0.001919,L,0.985895,0.973710,0.072562,0.016024,0.145792
3,5,00300,normal,245,0,0.004215,0.995343,0.000442,L,0.995343,0.991128,0.028321,0.005099,0.093034
3,5,00300,normal,573,0,0.011444,0.986893,0.001663,L,0.986893,0.975450,0.068103,0.014770,0.131575
3,5,00300,normal,244,0,0.004174,0.995387,0.000439,L,0.995387,0.991213,0.028097,0.005053,0.091714
3,5,00300,normal,112,0,0.006393,0.992768,0.000839,L,0.992768,0.986376,0.041369,0.008071,0.111948
3,5,00300,normal,1111,0,0.017403,0.980007,0.002591,L,0.980007,0.962604,0.096233,0.022584,0.141730
3,5,00300,normal,265,0,0.002669,0.997023,0.000308,L,0.997023,0.994354,0.019370,0.003285,0.088525
3,5,00300,normal,506,0,0.030755,0.965497,0.003749,L,0.965497,0.934742,0.147388,0.038252,0.095434
3,5,00300,normal,673,0,0.006080,0.993120,0.000800,L,0.993120,0.987041,0.039673,0.007680,0.117019
4,7,00272,normal,1055,1,0.000001,0.999999,0.000000,L,0.999999,0.999998,0.000016,0.000001,0.286406
4,7,00272,normal,1007,1,0.000006,0.999993,0.000001,L,0.999993,0.999988,0.000080,0.000008,0.509699
4,7,00272,normal,1142,1,0.003150,0.996443,0.000407,L,0.996443,0.993293,0.022641,0.003964,0.139424
4,7,00272,normal,873,1,0.010393,0.988215,0.001392,L,0.988215,0.977822,0.062200,0.013178,0.149591
4,7,00272,normal,1275,1,0.014415,0.983235,0.002350,L,0.983235,0.968820,0.083708,0.019115,0.179148
4,7,00272,normal,916,1,0.007890,0.990956,0.001154,L,0.990956,0.983066,0.050077,0.010199,0.149890
4,7,00272,normal,1148,1,0.007161,0.991950,0.000889,L,0.991950,0.984789,0.045178,0.008939,0.089216
4,7,00272,normal,1056,1,0.000002,0.999998,0.000000,L,0.999998,0.999996,0.000028,0.000002,0.325563
4,7,00272,normal,1184,1,0.013654,0.984257,0.002089,L,0.984257,0.970603,0.079315,0.017832,0.174393
4,7,00272,normal,913,1,0.005060,0.994222,0.000718,L,0.994222,0.989162,0.034323,0.006496,0.141908
4,7,00272,normal,915,1,0.007217,0.991681,0.001102,L,0.991681,0.984465,0.046766,0.009421,0.159785
4,7,00272,normal,872,1,0.008967,0.989808,0.001225,L,0.989808,0.980841,0.055185,0.011417,0.148015
4,7,00272,normal,1278,1,0.004441,0.994852,0.000707,L,0.994852,0.990411,0.031238,0.005855,0.201615
4,7,00272,normal,1274,1,0.012397,0.985627,0.001976,L,0.985627,0.973230,0.073729,0.016349,0.164985
4,7,00272,normal,877,1,0.012667,0.985924,0.001409,L,0.985924,0.973257,0.071514,0.015485,0.106497
4,7,00272,normal,1097,1,0.000000,1.000000,0.000000,L,1.000000,0.999999,0.000006,0.000000,0.685945
4,7,00272,normal,1008,1,0.001936,0.997702,0.000362,L,0.997702,0.995766,0.015707,0.002659,0.269963
4,7,00272,normal,1096,1,0.000000,1.000000,0.000000,L,1.000000,1.000000,0.000001,0.000000,0.848161
4,7,00272,normal,914,1,0.007325,0.991604,0.001071,L,0.991604,0.984279,0.047057,0.009467,0.148558
4,7,00272,normal,1144,1,0.000128,0.999857,0.000015,L,0.999857,0.999730,0.001325,0.000158,0.172399
4,7,00272,normal,1057,1,0.001644,0.998160,0.000196,L,0.998160,0.996515,0.012792,0.002036,0.110111
4,7,00272,normal,964,1,0.000206,0.999770,0.000024,L,0.999770,0.999563,0.002037,0.000254,0.160395
4,7,00272,normal,967,1,0.017185,0.980604,0.002211,L,0.980604,0.963419,0.093355,0.021607,0.121283
4,7,00272,normal,1273,1,0.009129,0.989508,0.001363,L,0.989508,0.980379,0.056709,0.011854,0.153315
4,7,00272,normal,1149,1,0.005042,0.994366,0.000591,L,0.994366,0.989324,0.033393,0.006225,0.076773
4,7,00272,normal,1098,1,0.002666,0.996800,0.000533,L,0.996800,0.994134,0.020952,0.003733,0.295752
4,7,00272,normal,1143,1,0.003853,0.995648,0.000500,L,0.995648,0.991795,0.026905,0.004852,0.135392
4,7,00272,normal,875,1,0.005139,0.994304,0.000557,L,0.994304,0.989165,0.033624,0.006253,0.118456
4,7,00272,normal,1005,1,0.000014,0.999984,0.000002,L,0.999984,0.999970,0.000181,0.000018,0.502877
4,7,00272,normal,1059,1,0.007301,0.991866,0.000833,L,0.991866,0.984565,0.045445,0.008967,0.078708
4,7,00272,normal,965,1,0.000038,0.999958,0.000004,L,0.999958,0.999920,0.000439,0.000047,0.193170
4,7,00272,normal,1145,1,0.000021,0.999977,0.000002,L,0.999977,0.999956,0.000254,0.000026,0.218131
4,7,00272,normal,1185,1,0.010973,0.987212,0.001815,L,0.987212,0.976239,0.067062,0.014603,0.213983
4,7,00272,normal,878,1,0.016505,0.981688,0.001807,L,0.981688,0.965183,0.088560,0.020118,0.098974
4,7,00272,normal,874,1,0.003844,0.995713,0.000443,L,0.995713,0.991870,0.026467,0.004730,0.133214
4,7,00272,normal,962,1,0.003831,0.995678,0.000491,L,0.995678,0.991847,0.026736,0.004813,0.122957
4,7,00272,normal,907,0,0.018806,0.978777,0.002417,L,0.978777,0.959972,0.100386,0.023640,0.089430
4,7,00272,normal,559,0,0.008186,0.990777,0.001037,L,0.990777,0.982591,0.050647,0.010260,0.082518
4,7,00272,normal,870,0,0.019735,0.977762,0.002503,L,0.977762,0.958027,0.104176,0.024741,0.125095
4,7,00272,normal,788,0,0.009856,0.989021,0.001124,L,0.989021,0.979165,0.058328,0.012103,0.105636
4,7,00272,normal,555,0,0.008076,0.990884,0.001040,L,0.990884,0.982808,0.050184,0.010156,0.085658
4,7,00272,normal,430,0,0.007668,0.991557,0.000775,L,0.991557,0.983890,0.046701,0.009218,0.094004
4,7,00272,normal,339,0,0.012777,0.985825,0.001398,L,0.985825,0.973048,0.071885,0.015573,0.081316
4,7,00272,normal,1348,0,0.003676,0.995847,0.000478,L,0.995847,0.992171,0.025854,0.004631,0.110648
4,7,00272,normal,425,0,0.006025,0.993337,0.000638,L,0.993337,0.987312,0.038352,0.007301,0.100919
4,7,00272,normal,231,0,0.012188,0.986305,0.001507,L,0.986305,0.974117,0.070189,0.015203,0.137418
4,7,00272,normal,892,0,0.019410,0.978470,0.002119,L,0.978470,0.959060,0.100908,0.023649,0.101584
4,7,00272,normal,993,0,0.012851,0.985287,0.001862,L,0.985287,0.972436,0.074884,0.016576,0.090284
4,7,00272,normal,908,0,0.024052,0.972833,0.003116,L,0.972833,0.948781,0.122365,0.030284,0.090786
4,7,00272,normal,930,0,0.008560,0.989995,0.001444,L,0.989995,0.981435,0.054753,0.011449,0.170294
4,7,00272,normal,1282,0,0.006132,0.992660,0.001208,L,0.992660,0.986529,0.042477,0.008548,0.214314
4,7,00272,normal,324,0,0.005837,0.993519,0.000644,L,0.993519,0.987682,0.037517,0.007125,0.104369
4,7,00272,normal,173,0,0.002620,0.997046,0.000334,L,0.997046,0.994426,0.019296,0.003288,0.121211
4,7,00272,normal,586,0,0.002553,0.997109,0.000338,L,0.997109,0.994556,0.018961,0.003229,0.110882
5,8,00481,normal,1273,1,0.009832,0.988239,0.001929,L,0.988239,0.978406,0.062984,0.013690,0.246780
5,8,00481,normal,1096,1,0.004719,0.994534,0.000747,L,0.994534,0.989815,0.032863,0.006213,0.156122
5,8,00481,normal,903,1,0.007248,0.991487,0.001265,L,0.991487,0.984239,0.047904,0.009777,0.211797
5,8,00481,normal,574,1,0.013617,0.984362,0.002022,L,0.984362,0.970745,0.078790,0.017660,0.129307
5,8,00481,normal,904,1,0.009893,0.988400,0.001707,L,0.988400,0.978507,0.061966,0.013307,0.235671
5,8,00481,normal,1275,1,0.007935,0.990546,0.001519,L,0.990546,0.982610,0.052472,0.010974,0.197573
5,8,00481,normal,1184,1,0.001150,0.998681,0.000169,L,0.998681,0.997530,0.009623,0.001489,0.146289
5,8,00481,normal,1083,1,0.008103,0.990406,0.001491,L,0.990406,0.982303,0.053041,0.011085,0.295868
5,8,00481,normal,815,1,0.011653,0.986329,0.002018,L,0.986329,0.974676,0.070983,0.015689,0.188819
5,8,00481,normal,999,1,0.002387,0.997231,0.000382,L,0.997231,0.994845,0.018369,0.003151,0.206207
5,8,00481,normal,663,1,0.014991,0.982299,0.002710,L,0.982299,0.967307,0.087864,0.020411,0.191061
5,8,00481,normal,817,1,0.019181,0.977559,0.003260,L,0.977559,0.958378,0.106216,0.025700,0.167637
5,8,00481,normal,1173,1,0.011799,0.985992,0.002209,L,0.985992,0.974193,0.072641,0.016218,0.223517
5,8,00481,normal,1082,1,0.007305,0.991398,0.001297,L,0.991398,0.984093,0.048352,0.009898,0.234437
5,8,00481,normal,394,1,0.011681,0.986677,0.001641,L,0.986677,0.974996,0.068939,0.014964,0.124153
5,8,00481,normal,573,1,0.022008,0.973872,0.004120,L,0.973872,0.951864,0.120516,0.030248,0.195978
5,8,00481,normal,915,1,0.011543,0.986737,0.001720,L,0.986737,0.975194,0.068837,0.014983,0.142573
5,8,00481,normal,1183,1,0.001691,0.998029,0.000280,L,0.998029,0.996338,0.013698,0.002250,0.171469
5,8,00481,normal,478,1,0.000899,0.998956,0.000145,L,0.998956,0.998057,0.007852,0.001188,0.223840
5,8,00481,normal,393,1,0.022278,0.974839,0.002883,L,0.974839,0.952561,0.115103,0.028044,0.118988
5,8,00481,normal,1366,1,0.011493,0.986310,0.002197,L,0.986310,0.974818,0.071334,0.015886,0.180721
5,8,00481,normal,818,1,0.017789,0.979248,0.002964,L,0.979248,0.961459,0.099637,0.023716,0.163134
5,8,00481,normal,569,1,0.000013,0.999985,0.000002,L,0.999985,0.999972,0.000171,0.000017,0.567773
5,8,00481,normal,1271,1,0.016728,0.980204,0.003068,L,0.980204,0.963475,0.096287,0.022864,0.191150
5,8,00481,normal,1276,1,0.010666,0.987159,0.002176,L,0.987159,0.976493,0.067837,0.015017,0.203000
5,8,00481,normal,1267,1,0.008012,0.990550,0.001438,L,0.990550,0.982538,0.052331,0.010889,0.194439
5,8,00481,normal,1172,1,0.019579,0.977271,0.003150,L,0.977271,0.957692,0.107067,0.025879,0.158548
5,8,00481,normal,1005,1,0.007689,0.990811,0.001500,L,0.990811,0.983123,0.051271,0.010688,0.215165
5,8,00481,normal,754,1,0.015826,0.982035,0.002139,L,0.982035,0.966209,0.087901,0.020104,0.120649
5,8,00481,normal,908,1,0.011756,0.986285,0.001959,L,0.986285,0.974529,0.071064,0.015674,0.173730
5,8,00481,normal,389,1,0.000077,0.999912,0.000011,L,0.999912,0.999835,0.000859,0.000099,0.298725
5,8,00481,normal,813,1,0.008292,0.990318,0.001390,L,0.990318,0.982026,0.053264,0.011072,0.182268
5,8,00481,normal,816,1,0.012245,0.985792,0.001963,L,0.985792,0.973547,0.073050,0.016171,0.146846
5,8,00481,normal,480,1,0.000001,0.999998,0.000000,L,0.999998,0.999997,0.000021,0.000002,0.574606
5,8,00481,normal,1084,1,0.006993,0.991778,0.001229,L,0.991778,0.984785,0.046539,0.009451,0.263672
5,8,00481,normal,995,1,0.000000,1.000000,0.000000,L,1.000000,1.000000,0.000002,0.000000,0.683305
5,8,00481,normal,463,0,0.019576,0.977297,0.003127,L,0.977297,0.957720,0.106936,0.025830,0.139728
5,8,00481,normal,104,0,0.012752,0.985510,0.001738,L,0.985510,0.972758,0.073778,0.016228,0.117353
5,8,00481,normal,36,0,0.007960,0.991022,0.001019,L,0.991022,0.983062,0.049542,0.009997,0.115820
5,8,00481,normal,1406,0,0.015625,0.982127,0.002248,L,0.982127,0.966503,0.087747,0.020120,0.132655
5,8,00481,normal,74,0,0.010153,0.988527,0.001319,L,0.988527,0.978374,0.060766,0.012792,0.135895
5,8,00481,normal,989,0,0.007749,0.991264,0.000987,L,0.991264,0.983516,0.048414,0.009723,0.120451
5,8,00481,normal,139,0,0.007453,0.991587,0.000959,L,0.991587,0.984134,0.046930,0.009372,0.114747
5,8,00481,normal,671,0,0.004382,0.995092,0.000526,L,0.995092,0.990709,0.029733,0.005434,0.097187
5,8,00481,normal,836,0,0.013684,0.984569,0.001747,L,0.984569,0.970884,0.077490,0.017179,0.101682
5,8,00481,normal,701,0,0.009351,0.989442,0.001207,L,0.989442,0.980092,0.056711,0.011765,0.123066
5,8,00481,normal,787,0,0.003435,0.996136,0.000429,L,0.996136,0.992701,0.024279,0.004293,0.083950
5,8,00481,normal,704,0,0.006460,0.992699,0.000841,L,0.992699,0.986239,0.041691,0.008142,0.133478
5,8,00481,normal,982,0,0.004891,0.994435,0.000673,L,0.994435,0.989544,0.033215,0.006238,0.147739
5,8,00481,normal,365,0,0.029060,0.966439,0.004501,L,0.966439,0.937380,0.145762,0.038061,0.135926
5,8,00481,normal,347,0,0.021110,0.976153,0.002737,L,0.976153,0.955043,0.110279,0.026584,0.140962
5,8,00481,normal,428,0,0.007635,0.991374,0.000991,L,0.991374,0.983739,0.047935,0.009616,0.112900
5,8,00481,normal,563,0,0.022135,0.973817,0.004048,L,0.973817,0.951682,0.120595,0.030231,0.171774
5,8,00481,normal,1162,0,0.000582,0.999341,0.000077,L,0.999341,0.998759,0.005208,0.000736,0.188010
6,9,00347,normal,415,1,0.000001,0.999998,0.000000,L,0.999998,0.999997,0.000023,0.000002,0.567097
6,9,00347,normal,10,1,0.000123,0.999858,0.000018,L,0.999858,0.999735,0.001319,0.000160,0.265094
6,9,00347,normal,190,1,0.009822,0.988772,0.001406,L,0.988772,0.978950,0.059897,0.012633,0.132997
6,9,00347,normal,894,1,0.002849,0.996777,0.000373,L,0.996777,0.993928,0.020810,0.003596,0.323212
6,9,00347,normal,717,1,0.000344,0.999606,0.000050,L,0.999606,0.999261,0.003308,0.000444,0.247115
6,9,00347,normal,596,1,0.006339,0.992600,0.001061,L,0.992600,0.986261,0.042528,0.008461,0.320101
6,9,00347,normal,719,1,0.003706,0.995844,0.000451,L,0.995844,0.992138,0.025817,0.004607,0.100180
6,9,00347,normal,898,1,0.003001,0.996596,0.000403,L,0.996596,0.993594,0.021830,0.003807,0.133295
6,9,00347,normal,510,1,0.006294,0.992953,0.000753,L,0.992953,0.986659,0.040357,0.007800,0.092988
6,9,00347,normal,417,1,0.000000,1.000000,0.000000,L,1.000000,0.999999,0.000005,0.000000,0.664151
6,9,00347,normal,509,1,0.007095,0.991714,0.001191,L,0.991714,0.984619,0.046765,0.009476,0.172849
6,9,00347,normal,327,1,0.002474,0.997151,0.000375,L,0.997151,0.994677,0.018796,0.003223,0.216213
6,9,00347,normal,598,1,0.005451,0.993619,0.000930,L,0.993619,0.988168,0.037557,0.007310,0.184177
6,9,00347,normal,624,1,0.000562,0.999363,0.000076,L,0.999363,0.998801,0.005061,0.000713,0.185227
6,9,00347,normal,595,1,0.007184,0.991603,0.001214,L,0.991603,0.984419,0.047303,0.009611,0.298623
6,9,00347,normal,625,1,0.001377,0.998440,0.000183,L,0.998440,0.997063,0.011110,0.001743,0.161528
6,9,00347,normal,96,1,0.015641,0.981681,0.002677,L,0.981681,0.966040,0.090153,0.020996,0.203339
6,9,00347,normal,9,1,0.000001,0.999999,0.000000,L,0.999999,0.999999,0.000009,0.000001,0.575657
6,9,00347,normal,95,1,0.010616,0.987630,0.001754,L,0.987630,0.977014,0.065243,0.014124,0.174682
6,9,00347,normal,6,1,0.007279,0.991494,0.001227,L,0.991494,0.984215,0.047814,0.009734,0.187248
6,9,00347,normal,986,1,0.005467,0.993746,0.000787,L,0.993746,0.988280,0.036716,0.007041,0.139080
6,9,00347,normal,98,1,0.009496,0.988979,0.001526,L,0.988979,0.979483,0.059235,0.012547,0.182253
6,9,00347,normal,988,1,0.005402,0.993868,0.000730,L,0.993868,0.988466,0.036033,0.006861,0.096990
6,9,00347,normal,103,1,0.007727,0.991165,0.001107,L,0.991165,0.983438,0.049070,0.009942,0.132410
6,9,00347,normal,192,1,0.015311,0.982512,0.002177,L,0.982512,0.967200,0.086171,0.019666,0.126836
6,9,00347,normal,985,1,0.009286,0.989367,0.001347,L,0.989367,0.980081,0.057283,0.011980,0.175448
6,9,00347,normal,806,1,0.000000,1.000000,0.000000,L,1.000000,1.000000,0.000001,0.000000,0.665197
6,9,00347,normal,193,1,0.013868,0.984229,0.001903,L,0.984229,0.970361,0.079096,0.017674,0.125068
6,9,00347,normal,12,1,0.000036,0.999960,0.000005,L,0.999960,0.999924,0.000422,0.000045,0.242108
6,9,00347,normal,507,1,0.000003,0.999997,0.000000,L,0.999997,0.999993,0.000043,0.000004,0.704572
6,9,00347,normal,897,1,0.002356,0.997259,0.000384,L,0.997259,0.994903,0.018221,0.003125,0.225603
6,9,00347,normal,240,1,0.001572,0.998251,0.000177,L,0.998251,0.996679,0.012220,0.001926,0.103579
6,9,00347,normal,597,1,0.016667,0.980248,0.003085,L,0.980248,0.963581,0.096151,0.022838,0.287712
6,9,00347,normal,808,1,0.002344,0.997308,0.000348,L,0.997308,0.994964,0.017890,0.003040,0.177148
6,9,00347,normal,807,1,0.000003,0.999996,0.000000,L,0.999996,0.999993,0.000049,0.000004,0.467392
6,9,00347,normal,102,1,0.009349,0.989305,0.001346,L,0.989305,0.979956,0.057543,0.012040,0.138398
6,9,00347,normal,542,0,0.006382,0.992392,0.001226,L,0.992392,0.986009,0.043744,0.008835,0.199781
6,9,00347,normal,1119,0,0.006840,0.992252,0.000908,L,0.992252,0.985413,0.043849,0.008656,0.140653
6,9,00347,normal,972,0,0.006559,0.992609,0.000832,L,0.992609,0.986050,0.042086,0.008223,0.107927
6,9,00347,normal,370,0,0.019578,0.977576,0.002846,L,0.977576,0.957998,0.105462,0.025271,0.129378
6,9,00347,normal,1194,0,0.009868,0.988767,0.001365,L,0.988767,0.978898,0.059848,0.012598,0.144259
6,9,00347,normal,1103,0,0.002969,0.996651,0.000379,L,0.996651,0.993682,0.021493,0.003728,0.143049
6,9,00347,normal,1426,0,0.005808,0.993443,0.000749,L,0.993443,0.987635,0.038073,0.007306,0.110277
6,9,00347,normal,395,0,0.004146,0.995313,0.000540,L,0.995313,0.991167,0.028660,0.005227,0.117704
6,9,00347,normal,83,0,0.001922,0.997875,0.000203,L,0.997875,0.995953,0.014442,0.002327,0.100957
6,9,00347,normal,614,0,0.003240,0.996350,0.000410,L,0.996350,0.993111,0.023130,0.004060,0.108782
6,9,00347,normal,800,0,0.001275,0.998564,0.000161,L,0.998564,0.997290,0.010319,0.001596,0.160792
6,9,00347,normal,567,0,0.006146,0.993068,0.000785,L,0.993068,0.986922,0.039886,0.007717,0.096481
6,9,00347,normal,463,0,0.015225,0.982745,0.002030,L,0.982745,0.967520,0.085021,0.019285,0.107596
6,9,00347,normal,156,0,0.004483,0.995028,0.000490,L,0.995028,0.990545,0.029977,0.005462,0.104191
6,9,00347,normal,916,0,0.016242,0.981407,0.002351,L,0.981407,0.965165,0.090634,0.020945,0.124427
6,9,00347,normal,270,0,0.015183,0.982668,0.002150,L,0.982668,0.967485,0.085529,0.019482,0.120481
6,9,00347,normal,1185,0,0.010058,0.988505,0.001437,L,0.988505,0.978447,0.061070,0.012931,0.120987
6,9,00347,normal,1235,0,0.007667,0.991451,0.000882,L,0.991451,0.983785,0.047385,0.009430,0.105356
7,9,00742,normal,398,1,0.002896,0.996639,0.000465,L,0.996639,0.993743,0.021711,0.003827,0.270503
7,9,00742,normal,134,1,0.001876,0.997896,0.000229,L,0.997896,0.996020,0.014379,0.002333,0.094946
7,9,00742,normal,620,1,0.000928,0.998933,0.000139,L,0.998933,0.998005,0.007995,0.001207,0.287259
7,9,00742,normal,132,1,0.008980,0.989796,0.001224,L,0.989796,0.980816,0.055231,0.011427,0.108995
7,9,00742,normal,488,1,0.002546,0.997116,0.000338,L,0.997116,0.994570,0.018922,0.003222,0.173645
7,9,00742,normal,532,1,0.001039,0.998752,0.000208,L,0.998752,0.997713,0.009243,0.001456,0.293071
7,9,00742,normal,128,1,0.005013,0.994312,0.000675,L,0.994312,0.989298,0.033815,0.006363,0.129977
7,9,00742,normal,623,1,0.000000,1.000000,0.000000,L,1.000000,1.000000,0.000002,0.000000,0.621132
7,9,00742,normal,219,1,0.007500,0.991235,0.001265,L,0.991235,0.983734,0.049030,0.010030,0.224039
7,9,00742,normal,489,1,0.011632,0.986499,0.001869,L,0.986499,0.974866,0.070054,0.015370,0.215920
7,9,00742,normal,491,1,0.005297,0.993745,0.000958,L,0.993745,0.988448,0.037004,0.007213,0.258597
7,9,00742,normal,399,1,0.006824,0.992083,0.001093,L,0.992083,0.985259,0.044941,0.009011,0.292869
7,9,00742,normal,220,1,0.007069,0.991695,0.001236,L,0.991695,0.984626,0.046923,0.009540,0.255228
7,9,00742,normal,133,1,0.001385,0.998434,0.000181,L,0.998434,0.997049,0.011142,0.001747,0.098971
7,9,00742,normal,403,1,0.001045,0.998733,0.000222,L,0.998733,0.997689,0.009378,0.001489,0.329498
7,9,00742,normal,221,1,0.001191,0.998596,0.000213,L,0.998596,0.997405,0.010214,0.001616,0.279894
7,9,00742,normal,710,1,0.002662,0.996982,0.000356,L,0.996982,0.994320,0.019680,0.003373,0.198499
7,9,00742,normal,311,1,0.000000,1.000000,0.000000,L,1.000000,1.000000,0.000000,0.000000,0.832995
7,9,00742,normal,310,1,0.000000,1.000000,0.000000,L,1.000000,1.000000,0.000004,0.000000,0.686014
7,9,00742,normal,626,1,0.001665,0.997864,0.000471,L,0.997864,0.996199,0.014921,0.002606,0.321521
7,9,00742,normal,805,1,0.003514,0.996069,0.000417,L,0.996069,0.992554,0.024601,0.004348,0.085859
7,9,00742,normal,308,1,0.001141,0.998670,0.000189,L,0.998670,0.997529,0.009722,0.001519,0.316625
7,9,00742,normal,716,1,0.002418,0.996994,0.000588,L,0.996994,0.994576,0.019973,0.003594,0.257274
7,9,00742,normal,224,1,0.007838,0.991211,0.000951,L,0.991211,0.983373,0.048581,0.009740,0.099157
7,9,00742,normal,801,1,0.027047,0.969687,0.003267,L,0.969687,0.942640,0.133069,0.033580,0.132470
7,9,00742,normal,531,1,0.003469,0.995974,0.000557,L,0.995974,0.992505,0.025339,0.004583,0.283163
7,9,00742,normal,314,1,0.004581,0.994762,0.000657,L,0.994762,0.990180,0.031598,0.005896,0.119454
7,9,00742,normal,401,1,0.000001,0.999998,0.000000,L,0.999998,0.999997,0.000022,0.000002,0.645536
7,9,00742,normal,806,1,0.003922,0.995599,0.000479,L,0.995599,0.991677,0.027111,0.004880,0.095475
7,9,00742,normal,622,1,0.000000,1.000000,0.000000,L,1.000000,0.999999,0.000005,0.000000,0.577768
7,9,00742,normal,621,1,0.000151,0.999825,0.000024,L,0.999825,0.999674,0.001598,0.000198,0.375477
7,9,00742,normal,711,1,0.000413,0.999528,0.000059,L,0.999528,0.999115,0.003880,0.000531,0.280620
7,9,00742,normal,714,1,0.000008,0.999990,0.000002,L,0.999990,0.999982,0.000114,0.000011,0.480549
7,9,00742,normal,129,1,0.006560,0.992496,0.000944,L,0.992496,0.985935,0.042807,0.008448,0.140665
7,9,00742,normal,222,1,0.005096,0.994078,0.000827,L,0.994078,0.988982,0.035202,0.006749,0.192433
7,9,00742,normal,625,1,0.001531,0.998047,0.000422,L,0.998047,0.996516,0.013794,0.002375,0.330000
7,9,00742,normal,617,0,0.002945,0.996710,0.000344,L,0.996710,0.993765,0.021113,0.003634,0.116689
7,9,00742,normal,1190,0,0.005963,0.993144,0.000893,L,0.993144,0.987180,0.039730,0.007749,0.129207
7,9,00742,normal,1273,0,0.013807,0.984529,0.001663,L,0.984529,0.970722,0.077485,0.017134,0.109346
7,9,00742,normal,718,0,0.004051,0.995014,0.000935,L,0.995014,0.990963,0.030777,0.005922,0.245381
7,9,00742,normal,1091,0,0.011173,0.987038,0.001788,L,0.987038,0.975865,0.067728,0.014750,0.154611
7,9,00742,normal,918,0,0.005408,0.993782,0.000810,L,0.993782,0.988374,0.036587,0.007028,0.110086
7,9,00742,normal,588,0,0.009797,0.989039,0.001164,L,0.989039,0.979242,0.058331,0.012125,0.092419
7,9,00742,normal,1370,0,0.012825,0.985511,0.001664,L,0.985511,0.972686,0.073638,0.016153,0.134688
7,9,00742,normal,315,0,0.004106,0.995392,0.000502,L,0.995392,0.991286,0.028192,0.005109,0.082018
7,9,00742,normal,285,0,0.002192,0.997512,0.000296,L,0.997512,0.995319,0.016669,0.002784,0.106905
7,9,00742,normal,477,0,0.003423,0.996086,0.000491,L,0.996086,0.992662,0.024652,0.004405,0.143301
7,9,00742,normal,1362,0,0.005579,0.993721,0.000700,L,0.993721,0.988143,0.036673,0.006978,0.115190
7,9,00742,normal,1204,0,0.010596,0.987995,0.001410,L,0.987995,0.977399,0.063142,0.013415,0.110453
7,9,00742,normal,858,0,0.017024,0.980920,0.002056,L,0.980920,0.963897,0.091895,0.021136,0.100735
7,9,00742,normal,211,0,0.014944,0.983173,0.001883,L,0.983173,0.968229,0.083120,0.018710,0.146272
7,9,00742,normal,907,0,0.008861,0.989927,0.001212,L,0.989927,0.981066,0.054651,0.011285,0.100981
7,9,00742,normal,396,0,0.005695,0.993486,0.000818,L,0.993486,0.987791,0.037996,0.007332,0.192968
7,9,00742,normal,734,0,0.007839,0.990966,0.001195,L,0.990966,0.983127,0.050105,0.010230,0.141536
8,10,00381,normal,712,1,0.013637,0.984767,0.001595,L,0.984767,0.971130,0.076426,0.016828,0.126246
8,10,00381,normal,166,1,0.000183,0.999797,0.000020,L,0.999797,0.999614,0.001817,0.000223,0.167609
8,10,00381,normal,713,1,0.008065,0.990828,0.001108,L,0.990828,0.982763,0.050557,0.010280,0.189788
8,10,00381,normal,259,1,0.000015,0.999983,0.000002,L,0.999983,0.999968,0.000190,0.000019,0.367744
8,10,00381,normal,1193,1,0.000000,1.000000,0.000000,L,1.000000,1.000000,0.000003,0.000000,0.701164
8,10,00381,normal,717,1,0.000180,0.999792,0.000027,L,0.999792,0.999612,0.001867,0.000235,0.494571
8,10,00381,normal,879,1,0.000000,1.000000,0.000000,L,1.000000,1.000000,0.000001,0.000000,0.611586
8,10,00381,normal,170,1,0.000035,0.999961,0.000004,L,0.999961,0.999927,0.000406,0.000043,0.300159
8,10,00381,normal,968,1,0.000009,0.999989,0.000001,L,0.999989,0.999980,0.000126,0.000012,0.489613
8,10,00381,normal,876,1,0.002538,0.997115,0.000347,L,0.997115,0.994576,0.018947,0.003232,0.183808
8,10,00381,normal,716,1,0.000245,0.999721,0.000033,L,0.999721,0.999476,0.002422,0.000312,0.480476
8,10,00381,normal,446,1,0.012241,0.986176,0.001583,L,0.986176,0.973935,0.070848,0.015408,0.113956
8,10,00381,normal,969,1,0.000004,0.999996,0.000000,L,0.999996,0.999992,0.000051,0.000005,0.496684
8,10,00381,normal,1055,1,0.025708,0.971060,0.003232,L,0.971060,0.945352,0.128498,0.032173,0.158307
8,10,00381,normal,260,1,0.000489,0.999436,0.000075,L,0.999436,0.998947,0.004554,0.000639,0.226129
8,10,00381,normal,1308,1,0.005951,0.993040,0.001010,L,0.993040,0.987089,0.040409,0.007970,0.249000
8,10,00381,normal,1044,1,0.011069,0.987317,0.001615,L,0.987317,0.976248,0.066294,0.014298,0.123036
8,10,00381,normal,622,1,0.008465,0.990511,0.001024,L,0.990511,0.982046,0.051781,0.010513,0.131708
8,10,00381,normal,806,1,0.005954,0.993120,0.000927,L,0.993120,0.987166,0.039899,0.007807,0.262257
8,10,00381,normal,699,1,0.002138,0.997580,0.000282,L,0.997580,0.995442,0.016264,0.002702,0.132209
8,10,00381,normal,348,1,0.007714,0.991428,0.000858,L,0.991428,0.983714,0.047442,0.009430,0.122401
8,10,00381,normal,880,1,0.000001,0.999999,0.000000,L,0.999999,0.999999,0.000008,0.000001,0.473774
8,10,00381,normal,345,1,0.007519,0.991709,0.000771,L,0.991709,0.984190,0.046019,0.009062,0.104596
8,10,00381,normal,1011,1,0.008130,0.990485,0.001385,L,0.990485,0.982356,0.052527,0.010900,0.196832
8,10,00381,normal,792,1,0.004719,0.994597,0.000684,L,0.994597,0.989878,0.032451,0.006088,0.130434
8,10,00381,normal,1129,1,0.012056,0.985918,0.002026,L,0.985918,0.973861,0.072651,0.016109,0.249275
8,10,00381,normal,351,1,0.002522,0.997217,0.000261,L,0.997217,0.994695,0.018221,0.003043,0.106599
8,10,00381,normal,1225,1,0.007535,0.991453,0.001012,L,0.991453,0.983918,0.047625,0.009559,0.132270
8,10,00381,normal,803,1,0.026949,0.969828,0.003223,L,0.969828,0.942878,0.132524,0.033395,0.130972
8,10,00381,normal,1398,1,0.018844,0.978393,0.002763,L,0.978393,0.959549,0.102394,0.024370,0.181671
8,10,00381,normal,1219,1,0.000016,0.999981,0.000003,L,0.999981,0.999965,0.000209,0.000021,0.489457
8,10,00381,normal,973,1,0.005207,0.993989,0.000805,L,0.993989,0.988782,0.035593,0.006816,0.125671
8,10,00381,normal,82,1,0.009967,0.988886,0.001147,L,0.988886,0.978920,0.058937,0.012261,0.113876
8,10,00381,normal,535,1,0.005782,0.993385,0.000833,L,0.993385,0.987603,0.038498,0.007448,0.207990
8,10,00381,normal,1310,1,0.000006,0.999992,0.000001,L,0.999992,0.999986,0.000090,0.000009,0.524138
8,10,00381,normal,629,1,0.000442,0.999463,0.000094,L,0.999463,0.999021,0.004393,0.000631,0.384187
8,10,00381,normal,472,0,0.004110,0.995294,0.000597,L,0.995294,0.991184,0.028859,0.005303,0.083561
8,10,00381,normal,222,0,0.005931,0.993358,0.000711,L,0.993358,0.987427,0.038401,0.007354,0.084929
8,10,00381,normal,139,0,0.008308,0.990868,0.000824,L,0.990868,0.982560,0.049830,0.009957,0.101374
8,10,00381,normal,237,0,0.001807,0.997982,0.000210,L,0.997982,0.996175,0.013845,0.002228,0.102145
8,10,00381,normal,583,0,0.005284,0.994116,0.000600,L,0.994116,0.988832,0.034607,0.006483,0.071831
8,10,00381,normal,813,0,0.011137,0.987392,0.001471,L,0.987392,0.976255,0.065727,0.014078,0.075582
8,10,00381,normal,577,0,0.004724,0.994711,0.000565,L,0.994711,0.989988,0.031672,0.005853,0.075431
8,10,00381,normal,680,0,0.016579,0.981489,0.001932,L,0.981489,0.964910,0.089551,0.020444,0.086987
8,10,00381,normal,740,0,0.002267,0.997440,0.000293,L,0.997440,0.995174,0.017061,0.002853,0.071617
8,10,00381,normal,1369,0,0.022835,0.974168,0.002997,L,0.974168,0.951332,0.117615,0.028829,0.140350
8,10,00381,normal,1427,0,0.005229,0.994051,0.000719,L,0.994051,0.988822,0.035144,0.006668,0.184765
8,10,00381,normal,1146,0,0.018455,0.979067,0.002478,L,0.979067,0.960612,0.099456,0.023412,0.152610
8,10,00381,normal,219,0,0.016141,0.981895,0.001964,L,0.981895,0.965754,0.088098,0.020069,0.110208
8,10,00381,normal,1274,0,0.022347,0.974846,0.002808,L,0.974846,0.952499,0.114938,0.027962,0.136147
8,10,00381,normal,148,0,0.005302,0.994022,0.000676,L,0.994022,0.988720,0.035204,0.006654,0.116258
8,10,00381,normal,1001,0,0.014028,0.984080,0.001892,L,0.984080,0.970053,0.079654,0.017812,0.139689
8,10,00381,normal,655,0,0.006628,0.992537,0.000834,L,0.992537,0.985909,0.042417,0.008297,0.084673
8,10,00381,normal,1031,0,0.031412,0.964421,0.004166,L,0.964421,0.933009,0.151533,0.039745,0.116339
9,10,00569,normal,170,1,0.002072,0.997714,0.000214,L,0.997714,0.995642,0.015378,0.002500,0.088728
9,10,00569,normal,1221,1,0.007027,0.991767,0.001206,L,0.991767,0.984740,0.046554,0.009439,0.296103
9,10,00569,normal,519,1,0.014740,0.983358,0.001902,L,0.983358,0.968617,0.082450,0.018544,0.106467
9,10,00569,normal,167,1,0.003498,0.996066,0.000436,L,0.996066,0.992568,0.024654,0.004370,0.130418
9,10,00569,normal,290,1,0.008906,0.989650,0.001444,L,0.989650,0.980744,0.056239,0.011794,0.192400
9,10,00569,normal,875,1,0.003802,0.995635,0.000564,L,0.995635,0.991833,0.027086,0.004929,0.212274
9,10,00569,normal,1218,1,0.007959,0.990723,0.001318,L,0.990723,0.982763,0.051380,0.010596,0.252313
9,10,00569,normal,254,1,0.004814,0.994594,0.000592,L,0.994594,0.989780,0.032295,0.005998,0.155646
9,10,00569,normal,518,1,0.014723,0.983328,0.001949,L,0.983328,0.968606,0.082650,0.018621,0.113541
9,10,00569,normal,260,1,0.000758,0.999158,0.000083,L,0.999158,0.998400,0.006437,0.000925,0.102152
9,10,00569,normal,700,1,0.001765,0.998009,0.000227,L,0.998009,0.996244,0.013726,0.002218,0.125613
9,10,00569,normal,606,1,0.001263,0.998523,0.000214,L,0.998523,0.997259,0.010664,0.001691,0.301194
9,10,00569,normal,525,1,0.017427,0.980777,0.001796,L,0.980777,0.963349,0.091905,0.021019,0.108865
9,10,00569,normal,1039,1,0.000167,0.999806,0.000027,L,0.999806,0.999640,0.001753,0.000220,0.395038
9,10,00569,normal,173,1,0.001798,0.997983,0.000219,L,0.997983,0.996185,0.013859,0.002236,0.103787
9,10,00569,normal,258,1,0.003742,0.995674,0.000584,L,0.995674,0.991932,0.026922,0.004910,0.207723
9,10,00569,normal,443,1,0.005038,0.994252,0.000711,L,0.994252,0.989214,0.034166,0.006459,0.107643
9,10,00569,normal,1134,1,0.006516,0.992692,0.000791,L,0.992692,0.986176,0.041628,0.008099,0.097870
9,10,00569,normal,1040,1,0.000001,0.999999,0.000000,L,0.999999,0.999997,0.000020,0.000002,0.536665
9,10,00569,normal,516,1,0.002498,0.997178,0.000324,L,0.997178,0.994680,0.018559,0.003146,0.113838
9,10,00569,normal,348,1,0.000003,0.999997,0.000000,L,0.999997,0.999994,0.000043,0.000004,0.539497
9,10,00569,normal,527,1,0.020129,0.977602,0.002270,L,0.977602,0.957473,0.104293,0.024668,0.123853
9,10,00569,normal,531,1,0.005152,0.994251,0.000596,L,0.994251,0.989099,0.033957,0.006345,0.102292
9,10,00569,normal,296,1,0.011692,0.986857,0.001450,L,0.986857,0.975165,0.067860,0.014593,0.112270
9,10,00569,normal,1313,1,0.015565,0.982364,0.002071,L,0.982364,0.966800,0.086538,0.019707,0.138471
9,10,00569,normal,1133,1,0.008434,0.990084,0.001482,L,0.990084,0.981651,0.054430,0.011398,0.225014
9,10,00569,normal,289,1,0.003748,0.995718,0.000534,L,0.995718,0.991969,0.026610,0.004816,0.146449
9,10,00569,normal,608,1,0.005909,0.993042,0.001049,L,0.993042,0.987134,0.040458,0.008006,0.244531
9,10,00569,normal,950,1,0.016323,0.981399,0.002278,L,0.981399,0.965075,0.090533,0.020879,0.159103
9,10,00569,normal,385,1,0.003412,0.996055,0.000532,L,0.996055,0.992643,0.024879,0.004477,0.159191
9,10,00569,normal,702,1,0.001956,0.997829,0.000215,L,0.997829,0.995872,0.014733,0.002386,0.076777
9,10,00569,normal,202,1,0.011789,0.986391,0.001820,L,0.986391,0.974602,0.070403,0.015428,0.160783
9,10,00569,normal,949,1,0.018913,0.978439,0.002648,L,0.978439,0.959526,0.102024,0.024209,0.160039
9,10,00569,normal,439,1,0.001617,0.998179,0.000204,L,0.998179,0.996561,0.012695,0.002025,0.124002
9,10,00569,normal,695,1,0.000707,0.999181,0.000112,L,0.999181,0.998474,0.006345,0.000932,0.327202
9,10,00569,normal,515,1,0.002056,0.997680,0.000263,L,0.997680,0.995624,0.015665,0.002583,0.125479
9,10,00569,normal,1301,0,0.015829,0.982208,0.001963,L,0.982208,0.966379,0.086922,0.019755,0.094588
9,10,00569,normal,1281,0,0.009054,0.989924,0.001022,L,0.989924,0.980870,0.054303,0.011098,0.085344
9,10,00569,normal,330,0,0.002755,0.996945,0.000300,L,0.996945,0.994190,0.019774,0.003355,0.071628
9,10,00569,normal,778,0,0.004172,0.995231,0.000597,L,0.995231,0.991060,0.029169,0.005365,0.111517
9,10,00569,normal,1051,0,0.005275,0.994075,0.000651,L,0.994075,0.988800,0.034904,0.006576,0.106558
9,10,00569,normal,430,0,0.012707,0.985882,0.001411,L,0.985882,0.973176,0.071682,0.015529,0.090306
9,10,00569,normal,1427,0,0.005458,0.993910,0.000633,L,0.993910,0.988452,0.035653,0.006723,0.091687
9,10,00569,normal,1365,0,0.020298,0.976848,0.002853,L,0.976848,0.956550,0.108052,0.026005,0.145333
9,10,00569,normal,837,0,0.011886,0.986651,0.001463,L,0.986651,0.974765,0.068716,0.014812,0.097627
9,10,00569,normal,1253,0,0.002201,0.997543,0.000256,L,0.997543,0.995342,0.016420,0.002713,0.105261
9,10,00569,normal,721,0,0.004828,0.994272,0.000900,L,0.994272,0.989444,0.034383,0.006628,0.151486
9,10,00569,normal,1171,0,0.008395,0.990469,0.001136,L,0.990469,0.982075,0.052170,0.010667,0.097454
9,10,00569,normal,115,0,0.009319,0.989497,0.001183,L,0.989497,0.980178,0.056431,0.011686,0.115618
9,10,00569,normal,369,0,0.020245,0.977055,0.002700,L,0.977055,0.956810,0.107046,0.025645,0.118621
9,10,00569,normal,1034,0,0.022988,0.973616,0.003396,L,0.973616,0.950628,0.120213,0.029780,0.128237
9,10,00569,normal,807,0,0.003100,0.996509,0.000391,L,0.996509,0.993409,0.022265,0.003882,0.109345
9,10,00569,normal,741,0,0.010323,0.988221,0.001456,L,0.988221,0.977899,0.062286,0.013234,0.105997
9,10,00569,normal,615,0,0.013564,0.984833,0.001603,L,0.984833,0.971270,0.076183,0.016769,0.103204
10,10,01146,normal,885,1,0.001981,0.997795,0.000224,L,0.997795,0.995814,0.014941,0.002429,0.095199
10,10,01146,normal,615,1,0.000225,0.999749,0.000025,L,0.999749,0.999524,0.002193,0.000276,0.129862
10,10,01146,normal,79,1,0.007005,0.991944,0.001051,L,0.991944,0.984939,0.045498,0.009108,0.190557
10,10,01146,normal,215,1,0.000605,0.999296,0.000099,L,0.999296,0.998691,0.005555,0.000804,0.340812
10,10,01146,normal,1193,1,0.001728,0.997980,0.000293,L,0.997980,0.996252,0.014008,0.002313,0.198380
10,10,01146,normal,922,1,0.002379,0.997297,0.000325,L,0.997297,0.994918,0.017910,0.003028,0.112096
10,10,01146,normal,1102,1,0.002210,0.997369,0.000422,L,0.997369,0.995159,0.017673,0.003053,0.340060
10,10,01146,normal,309,1,0.000493,0.999417,0.000090,L,0.999417,0.998924,0.004711,0.000673,0.345158
10,10,01146,normal,105,1,0.012098,0.986052,0.001850,L,0.986052,0.973954,0.071819,0.015798,0.142089
10,10,01146,normal,1371,1,0.006256,0.992789,0.000955,L,0.992789,0.986533,0.041479,0.008166,0.171216
10,10,01146,normal,1099,1,0.000000,1.000000,0.000000,L,1.000000,1.000000,0.000001,0.000000,0.724952
10,10,01146,normal,1010,1,0.004874,0.994311,0.000815,L,0.994311,0.989437,0.034060,0.006504,0.314117
10,10,01146,normal,345,1,0.013311,0.985066,0.001622,L,0.985066,0.971755,0.075311,0.016556,0.141442
10,10,01146,normal,884,1,0.001886,0.997894,0.000221,L,0.997894,0.996008,0.014374,0.002327,0.107732
10,10,01146,normal,218,1,0.001480,0.998283,0.000237,L,0.998283,0.996804,0.012139,0.001954,0.346830
10,10,01146,normal,1276,1,0.009025,0.989728,0.001246,L,0.989728,0.980703,0.055564,0.011518,0.109073
10,10,01146,normal,283,1,0.000148,0.999829,0.000022,L,0.999829,0.999681,0.001565,0.000193,0.500651
10,10,01146,normal,793,1,0.002221,0.997390,0.000389,L,0.997390,0.995169,0.017508,0.003000,0.283734
10,10,01146,normal,1280,1,0.013017,0.984741,0.002241,L,0.984741,0.971724,0.077671,0.017500,0.239624
10,10,01146,normal,1006,1,0.008415,0.990227,0.001358,L,0.990227,0.981812,0.053609,0.011131,0.128489
10,10,01146,normal,701,1,0.000004,0.999996,0.000001,L,0.999996,0.999992,0.000054,0.000005,0.505364
10,10,01146,normal,526,1,0.005192,0.994251,0.000556,L,0.994251,0.989059,0.033876,0.006305,0.093056
10,10,01146,normal,468,1,0.017930,0.979613,0.002457,L,0.979613,0.961682,0.097437,0.022845,0.122190
10,10,01146,normal,524,1,0.002627,0.997077,0.000297,L,0.997077,0.994450,0.019055,0.003220,0.103607
10,10,01146,normal,467,1,0.017969,0.979638,0.002393,L,0.979638,0.961669,0.097229,0.022756,0.121403
10,10,01146,normal,1369,1,0.007365,0.991432,0.001203,L,0.991432,0.984067,0.048051,0.009771,0.217846
10,10,01146,normal,1279,1,0.012481,0.985449,0.002070,L,0.985449,0.972968,0.074592,0.016620,0.239595
10,10,01146,normal,108,1,0.005365,0.993986,0.000649,L,0.993986,0.988621,0.035325,0.006663,0.099380
10,10,01146,normal,1103,1,0.007290,0.991376,0.001333,L,0.991376,0.984086,0.048507,0.009957,0.220575
10,10,01146,normal,81,1,0.006350,0.992753,0.000897,L,0.992753,0.986403,0.041543,0.008144,0.134814
10,10,01146,normal,124,1,0.005653,0.993549,0.000798,L,0.993549,0.987896,0.037664,0.007248,0.158539
10,10,01146,normal,438,1,0.004387,0.995127,0.000486,L,0.995127,0.990740,0.029478,0.005358,0.101626
10,10,01146,normal,1366,1,0.031315,0.964526,0.004159,L,0.964526,0.933211,0.151195,0.039633,0.103593
10,10,01146,normal,1192,1,0.003520,0.995799,0.000681,L,0.995799,0.992278,0.026438,0.004882,0.298386
10,10,01146,normal,525,1,0.002604,0.997115,0.000281,L,0.997115,0.994510,0.018821,0.003167,0.097902
10,10,01146,normal,191,1,0.005021,0.994153,0.000826,L,0.994153,0.989132,0.034842,0.006674,0.194260
10,10,01146,normal,1236,0,0.016249,0.981540,0.002211,L,0.981540,0.965291,0.089884,0.020671,0.126119
10,10,01146,normal,1134,0,0.004572,0.994843,0.000586,L,0.994843,0.990271,0.031070,0.005743,0.108659
10,10,01146,normal,40,0,0.012108,0.986425,0.001467,L,0.986425,0.974318,0.069629,0.015042,0.119369
10,10,01146,normal,117,0,0.011611,0.987169,0.001219,L,0.987169,0.975558,0.066144,0.014050,0.100254
10,10,01146,normal,877,0,0.009873,0.989005,0.001121,L,0.989005,0.979132,0.058388,0.012116,0.097600
10,10,01146,normal,1437,0,0.000831,0.999066,0.000103,L,0.999066,0.998236,0.007073,0.001037,0.149441
10,10,01146,normal,380,0,0.003829,0.995638,0.000534,L,0.995638,0.991809,0.027017,0.004896,0.140071
10,10,01146,normal,806,0,0.005313,0.994022,0.000665,L,0.994022,0.988709,0.035184,0.006643,0.114920
10,10,01146,normal,1047,0,0.002931,0.996699,0.000370,L,0.996699,0.993768,0.021222,0.003671,0.113959
10,10,01146,normal,839,0,0.020178,0.976311,0.003510,L,0.976311,0.956133,0.111054,0.027199,0.196449
10,10,01146,normal,1085,0,0.005996,0.993225,0.000779,L,0.993225,0.987228,0.039148,0.007554,0.095853
10,10,01146,normal,32,0,0.007043,0.992073,0.000884,L,0.992073,0.985031,0.044612,0.008810,0.110782
10,10,01146,normal,1205,0,0.005334,0.993924,0.000742,L,0.993924,0.988591,0.035789,0.006817,0.094990
10,10,01146,normal,907,0,0.009497,0.989342,0.001162,L,0.989342,0.979845,0.057050,0.011820,0.094063
10,10,01146,normal,415,0,0.004046,0.995445,0.000509,L,0.995445,0.991399,0.027943,0.005064,0.108060
10,10,01146,normal,1401,0,0.003789,0.995732,0.000479,L,0.995732,0.991942,0.026442,0.004748,0.149089
10,10,01146,normal,819,0,0.021901,0.975126,0.002973,L,0.975126,0.953224,0.114280,0.027847,0.107147
10,10,01146,normal,756,0,0.022909,0.974287,0.002804,L,0.974287,0.951378,0.116845,0.028517,0.109176
11,11,00508,normal,1243,1,0.000000,1.000000,0.000000,L,1.000000,1.000000,0.000004,0.000000,0.579499
11,11,00508,normal,1013,1,0.002124,0.997526,0.000351,L,0.997526,0.995402,0.016686,0.002825,0.193574
11,11,00508,normal,1372,1,0.012315,0.985529,0.002156,L,0.985529,0.973214,0.074412,0.016627,0.230261
11,11,00508,normal,1240,1,0.000464,0.999472,0.000064,L,0.999472,0.999008,0.004283,0.000592,0.252171
11,11,00508,normal,1191,1,0.000003,0.999996,0.000000,L,0.999996,0.999993,0.000047,0.000004,0.572899
11,11,00508,normal,1153,1,0.000201,0.999766,0.000032,L,0.999766,0.999565,0.002076,0.000266,0.368475
11,11,00508,normal,1192,1,0.000000,1.000000,0.000000,L,1.000000,1.000000,0.000000,0.000000,0.792751
11,11,00508,normal,1427,1,0.005861,0.993466,0.000673,L,0.993466,0.987605,0.037819,0.007206,0.112072
11,11,00508,normal,1152,1,0.000214,0.999754,0.000033,L,0.999754,0.999540,0.002175,0.000279,0.341420
11,11,00508,normal,1196,1,0.000319,0.999640,0.000041,L,0.999640,0.999321,0.003042,0.000401,0.176218
11,11,00508,normal,1374,1,0.002716,0.996842,0.000442,L,0.996842,0.994126,0.020586,0.003600,0.204142
11,11,00508,normal,1242,1,0.000003,0.999997,0.000000,L,0.999997,0.999994,0.000039,0.000003,0.494657
11,11,00508,normal,1247,1,0.003134,0.996444,0.000422,L,0.996444,0.993311,0.022661,0.003978,0.160481
11,11,00508,normal,1154,1,0.001290,0.998491,0.000220,L,0.998491,0.997201,0.010867,0.001729,0.318491
11,11,00508,normal,1335,1,0.003286,0.996212,0.000502,L,0.996212,0.992926,0.024017,0.004291,0.204035
11,11,00508,normal,1370,1,0.004486,0.994809,0.000706,L,0.994809,0.990323,0.031450,0.005897,0.229574
11,11,00508,normal,1426,1,0.006159,0.993054,0.000787,L,0.993054,0.986896,0.039954,0.007733,0.145627
11,11,00508,normal,1101,1,0.001769,0.997930,0.000301,L,0.997930,0.996161,0.014308,0.002371,0.316839
11,11,00508,normal,1285,1,0.000175,0.999799,0.000026,L,0.999799,0.999624,0.001812,0.000228,0.268851
11,11,00508,normal,1099,1,0.001106,0.998729,0.000165,L,0.998729,0.997623,0.009316,0.001436,0.175199
11,11,00508,normal,1336,1,0.003665,0.995810,0.000526,L,0.995810,0.992145,0.026128,0.004716,0.184717
11,11,00508,normal,1282,1,0.002648,0.996903,0.000449,L,0.996903,0.994255,0.020270,0.003547,0.309203
11,11,00508,normal,1015,1,0.001472,0.998336,0.000192,L,0.998336,0.996864,0.011747,0.001856,0.117932
11,11,00508,normal,1012,1,0.002752,0.996782,0.000466,L,0.996782,0.994029,0.020947,0.003684,0.211883
11,11,00508,normal,1150,1,0.004153,0.995239,0.000608,L,0.995239,0.991086,0.029153,0.005369,0.178763
11,11,00508,normal,1280,1,0.004172,0.995130,0.000698,L,0.995130,0.990958,0.029847,0.005568,0.258571
11,11,00508,normal,1279,1,0.003974,0.995390,0.000637,L,0.995390,0.991416,0.028446,0.005247,0.206683
11,11,00508,normal,1284,1,0.001394,0.998354,0.000252,L,0.998354,0.996960,0.011740,0.001898,0.292926
11,11,00508,normal,1244,1,0.000001,0.999999,0.000000,L,0.999999,0.999999,0.000010,0.000001,0.543874
11,11,00508,normal,1193,1,0.000000,1.000000,0.000000,L,1.000000,1.000000,0.000000,0.000000,0.798778
11,11,00508,normal,1425,1,0.008340,0.990637,0.001024,L,0.990637,0.982297,0.051235,0.010387,0.130133
11,11,00508,normal,1245,1,0.002141,0.997477,0.000382,L,0.997477,0.995336,0.017007,0.002904,0.294791
11,11,00508,normal,1241,1,0.001550,0.998217,0.000232,L,0.998217,0.996667,0.012519,0.002015,0.239789
11,11,00508,normal,1010,1,0.008892,0.989828,0.001280,L,0.989828,0.980935,0.055199,0.011453,0.128834
11,11,00508,normal,1156,1,0.003565,0.995785,0.000650,L,0.995785,0.992220,0.026461,0.004865,0.226004
11,11,00508,normal,1281,1,0.005520,0.993572,0.000909,L,0.993572,0.988052,0.037749,0.007337,0.277690
11,11,00508,normal,506,0,0.002082,0.997652,0.000266,L,0.997652,0.995570,0.015827,0.002613,0.101253
11,11,00508,normal,785,0,0.003493,0.996069,0.000439,L,0.996069,0.992576,0.024643,0.004370,0.130934
11,11,00508,normal,734,0,0.006516,0.992695,0.000790,L,0.992695,0.986179,0.041613,0.008095,0.079355
11,11,00508,normal,925,0,0.014067,0.984018,0.001915,L,0.984018,0.969950,0.079936,0.017897,0.115101
11,11,00508,normal,48,0,0.004879,0.994507,0.000614,L,0.994507,0.989628,0.032756,0.006106,0.134968
11,11,00508,normal,0,0,0.018549,0.979020,0.002431,L,0.979020,0.960471,0.099539,0.023412,0.143403
11,11,00508,normal,443,0,0.001796,0.997966,0.000238,L,0.997966,0.996170,0.013992,0.002272,0.158234
11,11,00508,normal,547,0,0.013930,0.984364,0.001706,L,0.984364,0.970433,0.078207,0.017342,0.096324
11,11,00508,normal,987,0,0.007411,0.991665,0.000923,L,0.991665,0.984254,0.046515,0.009258,0.131741
11,11,00508,normal,1438,0,0.004026,0.995456,0.000518,L,0.995456,0.991430,0.027904,0.005062,0.109648
11,11,00508,normal,221,0,0.004459,0.994844,0.000697,L,0.994844,0.990385,0.031263,0.005853,0.248879
11,11,00508,normal,1385,0,0.011445,0.987148,0.001407,L,0.987148,0.975703,0.066602,0.014259,0.110273
11,11,00508,normal,71,0,0.001488,0.998325,0.000188,L,0.998325,0.996837,0.011806,0.001863,0.125896
11,11,00508,normal,974,0,0.007057,0.991636,0.001307,L,0.991636,0.984579,0.047300,0.009670,0.202806
11,11,00508,normal,268,0,0.002093,0.997644,0.000263,L,0.997644,0.995552,0.015866,0.002618,0.114319
11,11,00508,normal,764,0,0.018849,0.978208,0.002943,L,0.978208,0.959359,0.103368,0.024735,0.193448
11,11,00508,normal,21,0,0.007690,0.991468,0.000842,L,0.991468,0.983778,0.047231,0.009374,0.104216
11,11,00508,normal,226,0,0.011234,0.987333,0.001432,L,0.987333,0.976099,0.065896,0.014099,0.154755
12,11,01128,normal,353,1,0.000851,0.999041,0.000109,L,0.999041,0.998190,0.007249,0.001068,0.179645
12,11,01128,normal,354,1,0.000794,0.999118,0.000088,L,0.999118,0.998324,0.006708,0.000970,0.143405
12,11,01128,normal,355,1,0.000290,0.999678,0.000032,L,0.999678,0.999388,0.002741,0.000353,0.157704
12,11,01128,normal,356,1,0.000607,0.999319,0.000074,L,0.999319,0.998713,0.005351,0.000755,0.161017
12,11,01128,normal,357,1,0.001619,0.998184,0.000196,L,0.998184,0.996565,0.012648,0.002012,0.123383
12,11,01128,normal,358,1,0.004186,0.995304,0.000510,L,0.995304,0.991119,0.028645,0.005205,0.108224
12,11,01128,normal,359,1,0.001470,0.998359,0.000171,L,0.998359,0.996889,0.011568,0.001812,0.093411
12,11,01128,normal,443,1,0.000602,0.999329,0.000068,L,0.999329,0.998727,0.005271,0.000739,0.155964
12,11,01128,normal,444,1,0.001568,0.998248,0.000184,L,0.998248,0.996679,0.012254,0.001937,0.136861
12,11,01128,normal,445,1,0.000475,0.999458,0.000067,L,0.999458,0.998983,0.004391,0.000610,0.195221
12,11,01128,normal,446,1,0.000454,0.999481,0.000065,L,0.999481,0.999026,0.004227,0.000585,0.194722
12,11,01128,normal,447,1,0.000811,0.999067,0.000122,L,0.999067,0.998256,0.007102,0.001055,0.187694
12,11,01128,normal,448,1,0.002462,0.997142,0.000396,L,0.997142,0.994680,0.018882,0.003254,0.183831
12,11,01128,normal,449,1,0.001568,0.998196,0.000236,L,0.998196,0.996628,0.012654,0.002040,0.150433
12,11,01128,normal,533,1,0.000440,0.999510,0.000050,L,0.999510,0.999070,0.003993,0.000540,0.160668
12,11,01128,normal,534,1,0.003524,0.995954,0.000522,L,0.995954,0.992431,0.025381,0.004567,0.236634
12,11,01128,normal,535,1,0.000002,0.999997,0.000000,L,0.999997,0.999995,0.000036,0.000003,0.492154
12,11,01128,normal,536,1,0.000000,1.000000,0.000000,L,1.000000,1.000000,0.000002,0.000000,0.586779
12,11,01128,normal,537,1,0.000000,1.000000,0.000000,L,1.000000,1.000000,0.000003,0.000000,0.570978
12,11,01128,normal,538,1,0.000030,0.999965,0.000006,L,0.999965,0.999935,0.000377,0.000041,0.405482
12,11,01128,normal,539,1,0.001584,0.998124,0.000292,L,0.998124,0.996539,0.013166,0.002168,0.209299
12,11,01128,normal,623,1,0.000114,0.999873,0.000013,L,0.999873,0.999760,0.001188,0.000140,0.245031
12,11,01128,normal,624,1,0.002702,0.996899,0.000400,L,0.996899,0.994197,0.020208,0.003501,0.250503
12,11,01128,normal,625,1,0.000016,0.999981,0.000002,L,0.999981,0.999965,0.000209,0.000021,0.464060
12,11,01128,normal,626,1,0.000000,1.000000,0.000000,L,1.000000,0.999999,0.000006,0.000000,0.575901
12,11,01128,normal,627,1,0.000001,0.999999,0.000000,L,0.999999,0.999998,0.000012,0.000001,0.542527
12,11,01128,normal,628,1,0.000092,0.999891,0.000016,L,0.999891,0.999799,0.001043,0.000125,0.381580
12,11,01128,normal,629,1,0.001822,0.997871,0.000307,L,0.997871,0.996050,0.014657,0.002436,0.173960
12,11,01128,normal,713,1,0.001525,0.998303,0.000172,L,0.998303,0.996777,0.011903,0.001869,0.131979
12,11,01128,normal,714,1,0.007273,0.991782,0.000946,L,0.991782,0.984509,0.046038,0.009164,0.170456
12,11,01128,normal,715,1,0.002118,0.997613,0.000268,L,0.997613,0.995495,0.016050,0.002655,0.181743
12,11,01128,normal,716,1,0.001321,0.998481,0.000198,L,0.998481,0.997160,0.010889,0.001717,0.264285
12,11,01128,normal,717,1,0.002067,0.997637,0.000297,L,0.997637,0.995570,0.015970,0.002660,0.197447
12,11,01128,normal,718,1,0.003619,0.995867,0.000514,L,0.995867,0.992248,0.025815,0.004647,0.153276
12,11,01128,normal,719,1,0.001740,0.998029,0.000231,L,0.998029,0.996288,0.013617,0.002202,0.122217
12,11,01128,normal,878,0,0.002870,0.996771,0.000359,L,0.996771,0.993901,0.020816,0.003587,0.120516
12,11,01128,normal,992,0,0.007148,0.991730,0.001122,L,0.991730,0.984582,0.046583,0.009393,0.164675
12,11,01128,normal,525,0,0.004810,0.994584,0.000606,L,0.994584,0.989774,0.032370,0.006022,0.108155
12,11,01128,normal,50,0,0.008419,0.990561,0.001021,L,0.990561,0.982142,0.051559,0.010460,0.123767
12,11,01128,normal,1239,0,0.003435,0.996132,0.000432,L,0.996132,0.992697,0.024304,0.004300,0.116187
12,11,01128,normal,556,0,0.008417,0.990351,0.001232,L,0.990351,0.981935,0.052855,0.010881,0.116596
12,11,01128,normal,1218,0,0.001263,0.998586,0.000151,L,0.998586,0.997323,0.010170,0.001566,0.109757
12,11,01128,normal,1105,0,0.005827,0.993420,0.000753,L,0.993420,0.987592,0.038191,0.007333,0.125898
12,11,01128,normal,689,0,0.012878,0.985471,0.001650,L,0.985471,0.972593,0.073771,0.016179,0.109164
12,11,01128,normal,1016,0,0.001137,0.998705,0.000158,L,0.998705,0.997568,0.009452,0.001453,0.141234
12,11,01128,normal,754,0,0.010144,0.988529,0.001327,L,0.988529,0.978385,0.060771,0.012797,0.110055
12,11,01128,normal,948,0,0.005417,0.993831,0.000753,L,0.993831,0.988414,0.036254,0.006922,0.137139
12,11,01128,normal,617,0,0.005276,0.994060,0.000665,L,0.994060,0.988784,0.035002,0.006605,0.108056
12,11,01128,normal,1305,0,0.002008,0.997736,0.000256,L,0.997736,0.995728,0.015337,0.002520,0.129433
12,11,01128,normal,68,0,0.001394,0.998429,0.000177,L,0.998429,0.997035,0.011163,0.001748,0.127129
12,11,01128,normal,912,0,0.016476,0.981226,0.002297,L,0.981226,0.964750,0.091211,0.021071,0.145620
12,11,01128,normal,1068,0,0.005388,0.993931,0.000682,L,0.993931,0.988543,0.035649,0.006751,0.108376
12,11,01128,normal,226,0,0.005083,0.994292,0.000625,L,0.994292,0.989208,0.033816,0.006333,0.108191
13,12,00413,normal,1029,1,0.011841,0.986305,0.001854,L,0.986305,0.974464,0.070810,0.015549,0.173784
13,12,00413,normal,1209,1,0.000000,1.000000,0.000000,L,1.000000,1.000000,0.000000,0.000000,0.806196
13,12,00413,normal,1120,1,0.001306,0.998485,0.000210,L,0.998485,0.997179,0.010888,0.001725,0.371392
13,12,00413,normal,1390,1,0.010210,0.987925,0.001865,L,0.987925,0.977716,0.064198,0.013940,0.211760
13,12,00413,normal,1121,1,0.003660,0.995666,0.000675,L,0.995666,0.992006,0.027109,0.005009,0.286962
13,12,00413,normal,1301,1,0.003528,0.995858,0.000614,L,0.995858,0.992329,0.026030,0.004756,0.215979
13,12,00413,normal,1027,1,0.015957,0.981860,0.002183,L,0.981860,0.965903,0.088638,0.020324,0.139379
13,12,00413,normal,1298,1,0.001756,0.997950,0.000294,L,0.997950,0.996194,0.014181,0.002344,0.311950
13,12,00413,normal,1300,1,0.002817,0.996679,0.000504,L,0.996679,0.993863,0.021556,0.003825,0.285166
13,12,00413,normal,1389,1,0.010530,0.987554,0.001916,L,0.987554,0.977025,0.065815,0.014362,0.241041
13,12,00413,normal,1388,1,0.012224,0.985627,0.002149,L,0.985627,0.973403,0.074011,0.016522,0.260522
13,12,00413,normal,1296,1,0.007572,0.991191,0.001237,L,0.991191,0.983620,0.049177,0.010046,0.209473
13,12,00413,normal,1026,1,0.013493,0.984637,0.001870,L,0.984637,0.971144,0.077451,0.017234,0.133391
13,12,00413,normal,1117,1,0.009740,0.988591,0.001669,L,0.988591,0.978851,0.061105,0.013079,0.227757
13,12,00413,normal,1385,1,0.006935,0.992199,0.000866,L,0.992199,0.985264,0.044012,0.008667,0.136985
13,12,00413,normal,1118,1,0.000092,0.999892,0.000016,L,0.999892,0.999800,0.001037,0.000124,0.413956
13,12,00413,normal,1387,1,0.012192,0.985639,0.002168,L,0.985639,0.973447,0.073991,0.016529,0.247519
13,12,00413,normal,1391,1,0.001002,0.998834,0.000164,L,0.998834,0.997832,0.008659,0.001329,0.207263
13,12,00413,normal,1302,1,0.001280,0.998523,0.000197,L,0.998523,0.997244,0.010633,0.001674,0.189328
13,12,00413,normal,1205,1,0.000317,0.999640,0.000042,L,0.999640,0.999323,0.003043,0.000402,0.194325
13,12,00413,normal,1206,1,0.002959,0.996551,0.000490,L,0.996551,0.993592,0.022217,0.003939,0.223655
13,12,00413,normal,1297,1,0.004015,0.995301,0.000684,L,0.995301,0.991287,0.028967,0.005382,0.273392
13,12,00413,normal,1032,1,0.021693,0.975256,0.003051,L,0.975256,0.953562,0.113971,0.027795,0.128122
13,12,00413,normal,1299,1,0.000123,0.999856,0.000021,L,0.999856,0.999733,0.001346,0.000165,0.426092
13,12,00413,normal,1208,1,0.000000,1.000000,0.000000,L,1.000000,1.000000,0.000001,0.000000,0.772727
13,12,00413,normal,1028,1,0.006308,0.992806,0.000886,L,0.992806,0.986498,0.041279,0.008079,0.144410
13,12,00413,normal,1212,1,0.009269,0.989209,0.001522,L,0.989209,0.979941,0.058251,0.012313,0.184351
13,12,00413,normal,1116,1,0.007308,0.991554,0.001139,L,0.991554,0.984246,0.047399,0.009585,0.176931
13,12,00413,normal,1386,1,0.014706,0.982969,0.002326,L,0.982969,0.968263,0.084688,0.019357,0.186619
13,12,00413,normal,1207,1,0.000030,0.999965,0.000005,L,0.999965,0.999935,0.000371,0.000040,0.443102
13,12,00413,normal,1295,1,0.001505,0.998291,0.000203,L,0.998291,0.996786,0.012032,0.001912,0.177525
13,12,00413,normal,1115,1,0.001883,0.997869,0.000248,L,0.997869,0.995987,0.014563,0.002378,0.143976
13,12,00413,normal,1122,1,0.011107,0.987041,0.001852,L,0.987041,0.975933,0.067823,0.014811,0.181695
13,12,00413,normal,1030,1,0.011155,0.987263,0.001582,L,0.987263,0.976108,0.066456,0.014319,0.122555
13,12,00413,normal,1031,1,0.012512,0.985639,0.001849,L,0.985639,0.973126,0.073466,0.016210,0.139149
13,12,00413,normal,1211,1,0.006969,0.991700,0.001331,L,0.991700,0.984730,0.047052,0.009632,0.296822
13,12,00413,normal,738,0,0.005714,0.993564,0.000721,L,0.993564,0.987850,0.037452,0.007157,0.080976
13,12,00413,normal,197,0,0.017877,0.980025,0.002098,L,0.980025,0.962148,0.095259,0.022073,0.085751
13,12,00413,normal,92,0,0.027130,0.969214,0.003656,L,0.969214,0.942084,0.135336,0.034441,0.126965
13,12,00413,normal,1200,0,0.019363,0.977961,0.002676,L,0.977961,0.958598,0.103787,0.024715,0.113867
13,12,00413,normal,1253,0,0.002443,0.997253,0.000304,L,0.997253,0.994810,0.018112,0.003051,0.117246
13,12,00413,normal,1072,0,0.017666,0.980107,0.002227,L,0.980107,0.962441,0.095207,0.022120,0.114035
13,12,00413,normal,802,0,0.000692,0.999226,0.000082,L,0.999226,0.998535,0.005989,0.000856,0.171597
13,12,00413,normal,580,0,0.020880,0.976640,0.002480,L,0.976640,0.955760,0.108090,0.025840,0.090128
13,12,00413,normal,977,0,0.009822,0.989099,0.001079,L,0.989099,0.979277,0.057912,0.011980,0.100083
13,12,00413,normal,1078,0,0.004889,0.994490,0.000621,L,0.994490,0.989601,0.032855,0.006131,0.114426
13,12,00413,normal,1256,0,0.003532,0.996027,0.000441,L,0.996027,0.992495,0.024860,0.004413,0.108527
13,12,00413,normal,583,0,0.043999,0.950593,0.005409,L,0.950593,0.906594,0.194638,0.054816,0.115717
13,12,00413,normal,76,0,0.001398,0.998454,0.000149,L,0.998454,0.997056,0.010960,0.001695,0.107737
13,12,00413,normal,191,0,0.012378,0.986033,0.001589,L,0.986033,0.973654,0.071430,0.015556,0.097081
13,12,00413,normal,1157,0,0.005612,0.993671,0.000717,L,0.993671,0.988059,0.036944,0.007046,0.115831
13,12,00413,normal,555,0,0.005405,0.993971,0.000624,L,0.993971,0.988566,0.035344,0.006652,0.070600
13,12,00413,normal,0,0,0.016694,0.981142,0.002164,L,0.981142,0.964448,0.091280,0.021022,0.138833
13,12,00413,normal,919,0,0.006424,0.992765,0.000812,L,0.992765,0.986341,0.041335,0.008047,0.076923
14,12,00822,normal,697,1,0.000000,1.000000,0.000000,L,1.000000,1.000000,0.000004,0.000000,0.782343
14,12,00822,normal,516,1,0.008942,0.989810,0.001248,L,0.989810,0.980868,0.055218,0.011439,0.151115
14,12,00822,normal,517,1,0.009360,0.989345,0.001295,L,0.989345,0.979986,0.057282,0.011950,0.150211
14,12,00822,normal,792,1,0.003745,0.995797,0.000458,L,0.995797,0.992052,0.026068,0.004660,0.101761
14,12,00822,normal,521,1,0.003344,0.996238,0.000419,L,0.996238,0.992894,0.023732,0.004181,0.105890
14,12,00822,normal,519,1,0.010153,0.988467,0.001380,L,0.988467,0.978314,0.061129,0.012913,0.133157
14,12,00822,normal,702,1,0.003778,0.995766,0.000456,L,0.995766,0.991987,0.026224,0.004690,0.105088
14,12,00822,normal,606,1,0.010677,0.987638,0.001685,L,0.987638,0.976961,0.065095,0.014046,0.302931
14,12,00822,normal,698,1,0.000000,1.000000,0.000000,L,1.000000,1.000000,0.000001,0.000000,0.895597
14,12,00822,normal,518,1,0.010376,0.988271,0.001353,L,0.988271,0.977895,0.061896,0.013083,0.127850
14,12,00822,normal,875,1,0.011488,0.986848,0.001664,L,0.986848,0.975360,0.068289,0.014816,0.180533
14,12,00822,normal,610,1,0.011302,0.987272,0.001426,L,0.987272,0.975970,0.066135,0.014155,0.120053
14,12,00822,normal,695,1,0.001254,0.998551,0.000194,L,0.998551,0.997297,0.010457,0.001643,0.354699
14,12,00822,normal,701,1,0.009926,0.988731,0.001343,L,0.988731,0.978805,0.059958,0.012612,0.140309
14,12,00822,normal,515,1,0.005043,0.994315,0.000641,L,0.994315,0.989272,0.033736,0.006326,0.118121
14,12,00822,normal,787,1,0.003700,0.995704,0.000596,L,0.995704,0.992004,0.026789,0.004892,0.313961
14,12,00822,normal,785,1,0.002972,0.996556,0.000472,L,0.996556,0.993584,0.022159,0.003915,0.277058
14,12,00822,normal,790,1,0.003365,0.996131,0.000504,L,0.996131,0.992766,0.024438,0.004373,0.145706
14,12,00822,normal,520,1,0.004828,0.994572,0.000600,L,0.994572,0.989744,0.032416,0.006028,0.102827
14,12,00822,normal,608,1,0.000006,0.999993,0.000001,L,0.999993,0.999987,0.000083,0.000008,0.541249
14,12,00822,normal,877,1,0.022603,0.974279,0.003118,L,0.974279,0.951677,0.117454,0.028839,0.177165
14,12,00822,normal,791,1,0.005634,0.993576,0.000791,L,0.993576,0.987942,0.037528,0.007215,0.114918
14,12,00822,normal,699,1,0.000000,1.000000,0.000000,L,1.000000,1.000000,0.000001,0.000000,0.739045
14,12,00822,normal,609,1,0.001201,0.998616,0.000183,L,0.998616,0.997416,0.010041,0.001567,0.229491
14,12,00822,normal,879,1,0.005881,0.993428,0.000691,L,0.993428,0.987548,0.038034,0.007263,0.090625
14,12,00822,normal,789,1,0.000117,0.999865,0.000017,L,0.999865,0.999748,0.001263,0.000152,0.330411
14,12,00822,normal,786,1,0.011579,0.986587,0.001833,L,0.986587,0.975008,0.069636,0.015246,0.296806
14,12,00822,normal,696,1,0.001437,0.998353,0.000209,L,0.998353,0.996916,0.011676,0.001856,0.355581
14,12,00822,normal,788,1,0.000005,0.999994,0.000001,L,0.999994,0.999989,0.000074,0.000007,0.539803
14,12,00822,normal,522,1,0.003393,0.996200,0.000406,L,0.996200,0.992807,0.023901,0.004206,0.103465
14,12,00822,normal,612,1,0.002887,0.996759,0.000354,L,0.996759,0.993872,0.020871,0.003595,0.111735
14,12,00822,normal,700,1,0.001212,0.998619,0.000169,L,0.998619,0.997407,0.010003,0.001551,0.161477
14,12,00822,normal,882,1,0.004608,0.994853,0.000539,L,0.994853,0.990245,0.030931,0.005686,0.096752
14,12,00822,normal,880,1,0.005849,0.993422,0.000729,L,0.993422,0.987573,0.038137,0.007308,0.099565
14,12,00822,normal,876,1,0.021313,0.975544,0.003143,L,0.975544,0.954231,0.113133,0.027600,0.217758
14,12,00822,normal,605,1,0.002725,0.996822,0.000453,L,0.996822,0.994097,0.020708,0.003630,0.271373
14,12,00822,normal,1397,0,0.004088,0.995363,0.000550,L,0.995363,0.991275,0.028429,0.005187,0.136716
14,12,00822,normal,807,0,0.002171,0.997559,0.000271,L,0.997559,0.995388,0.016361,0.002712,0.142716
14,12,00822,normal,357,0,0.001822,0.997953,0.000224,L,0.997953,0.996131,0.014039,0.002271,0.114334
14,12,00822,normal,888,0,0.003481,0.995991,0.000528,L,0.995991,0.992509,0.025206,0.004537,0.256640
14,12,00822,normal,664,0,0.006672,0.992540,0.000789,L,0.992540,0.985868,0.042319,0.008249,0.083492
14,12,00822,normal,1325,0,0.006727,0.992467,0.000806,L,0.992467,0.985741,0.042680,0.008338,0.098680
14,12,00822,normal,741,0,0.011290,0.987206,0.001505,L,0.987206,0.975916,0.066550,0.014299,0.137597
14,12,00822,normal,283,0,0.017538,0.979409,0.003053,L,0.979409,0.961871,0.099193,0.023645,0.222521
14,12,00822,normal,562,0,0.016911,0.980107,0.002982,L,0.980107,0.963195,0.096512,0.022875,0.180120
14,12,00822,normal,65,0,0.002233,0.997540,0.000228,L,0.997540,0.995307,0.016382,0.002688,0.087930
14,12,00822,normal,131,0,0.002398,0.997309,0.000293,L,0.997309,0.994912,0.017785,0.002984,0.097707
14,12,00822,normal,1202,0,0.016443,0.981305,0.002252,L,0.981305,0.964862,0.090833,0.020946,0.128128
14,12,00822,normal,162,0,0.001700,0.998083,0.000217,L,0.998083,0.996383,0.013277,0.002134,0.122573
14,12,00822,normal,1422,0,0.006628,0.992503,0.000869,L,0.992503,0.985875,0.042635,0.008365,0.132599
14,12,00822,normal,440,0,0.001832,0.997941,0.000227,L,0.997941,0.996109,0.014116,0.002286,0.117491
14,12,00822,normal,85,0,0.001430,0.998391,0.000180,L,0.998391,0.996961,0.011398,0.001789,0.126287
14,12,00822,normal,831,0,0.011407,0.987106,0.001487,L,0.987106,0.975698,0.066924,0.014381,0.117049
14,12,00822,normal,246,0,0.001568,0.998270,0.000163,L,0.998270,0.996702,0.012082,0.001893,0.083908
15,15,00208,normal,1041,1,0.000104,0.999877,0.000019,L,0.999877,0.999772,0.001168,0.000142,0.357359
15,15,00208,normal,767,1,0.000128,0.999858,0.000014,L,0.999858,0.999729,0.001317,0.000156,0.093152
15,15,00208,normal,950,1,0.002403,0.997273,0.000324,L,0.997273,0.994870,0.018039,0.003051,0.099991
15,15,00208,normal,1218,1,0.008459,0.990448,0.001093,L,0.990448,0.981989,0.052183,0.010645,0.112724
15,15,00208,normal,949,1,0.000466,0.999474,0.000060,L,0.999474,0.999008,0.004267,0.000587,0.110831
15,15,00208,normal,1035,1,0.001078,0.998783,0.000139,L,0.998783,0.997704,0.008937,0.001356,0.099400
15,15,00208,normal,677,1,0.005808,0.993487,0.000705,L,0.993487,0.987679,0.037782,0.007217,0.094520
15,15,00208,normal,676,1,0.002489,0.997226,0.000286,L,0.997226,0.994737,0.018227,0.003060,0.098603
15,15,00208,normal,858,1,0.000001,0.999999,0.000000,L,0.999999,0.999998,0.000013,0.000001,0.213214
15,15,00208,normal,497,1,0.003668,0.995915,0.000418,L,0.995915,0.992247,0.025391,0.004503,0.103670
15,15,00208,normal,1042,1,0.000037,0.999957,0.000006,L,0.999957,0.999920,0.000453,0.000050,0.440245
15,15,00208,normal,499,1,0.001352,0.998493,0.000155,L,0.998493,0.997141,0.010739,0.001662,0.102512
15,15,00208,normal,232,1,0.002022,0.997747,0.000231,L,0.997747,0.995725,0.015227,0.002484,0.088788
15,15,00208,normal,322,1,0.002432,0.997291,0.000277,L,0.997291,0.994859,0.017851,0.002985,0.093948
15,15,00208,normal,504,1,0.000004,0.999996,0.000000,L,0.999996,0.999992,0.000049,0.000004,0.201892
15,15,00208,normal,774,1,0.003156,0.996456,0.000388,L,0.996456,0.993300,0.022539,0.003933,0.080863
15,15,00208,normal,1222,1,0.000004,0.999996,0.000000,L,0.999996,0.999992,0.000052,0.000005,0.429501
15,15,00208,normal,1311,1,0.001293,0.998541,0.000166,L,0.998541,0.997248,0.010470,0.001625,0.149741
15,15,00208,normal,1133,1,0.000002,0.999998,0.000000,L,0.999998,0.999996,0.000026,0.000002,0.536026
15,15,00208,normal,144,1,0.002270,0.997481,0.000249,L,0.997481,0.995211,0.016751,0.002768,0.100294
15,15,00208,normal,855,1,0.000030,0.999967,0.000003,L,0.999967,0.999936,0.000354,0.000037,0.127307
15,15,00208,normal,588,1,0.006337,0.992903,0.000760,L,0.992903,0.986566,0.040601,0.007857,0.100596
15,15,00208,normal,501,1,0.000678,0.999252,0.000070,L,0.999252,0.998574,0.005794,0.000818,0.109596
15,15,00208,normal,679,1,0.003631,0.995879,0.000490,L,0.995879,0.992248,0.025712,0.004611,0.105486
15,15,00208,normal,1220,1,0.001036,0.998817,0.000147,L,0.998817,0.997781,0.008737,0.001330,0.146013
15,15,00208,normal,1219,1,0.011596,0.986824,0.001580,L,0.986824,0.975228,0.068236,0.014756,0.123474
15,15,00208,normal,233,1,0.001381,0.998454,0.000164,L,0.998454,0.997073,0.010988,0.001710,0.095870
15,15,00208,normal,325,1,0.000378,0.999582,0.000041,L,0.999582,0.999204,0.003465,0.000459,0.101172
15,15,00208,normal,498,1,0.004944,0.994487,0.000569,L,0.994487,0.989543,0.032768,0.006082,0.107564
15,15,00208,normal,592,1,0.007508,0.991593,0.000899,L,0.991593,0.984085,0.046790,0.009306,0.103318
15,15,00208,normal,1038,1,0.001172,0.998659,0.000169,L,0.998659,0.997487,0.009756,0.001510,0.119761
15,15,00208,normal,1127,1,0.002382,0.997350,0.000268,L,0.997350,0.994969,0.017508,0.002917,0.094473
15,15,00208,normal,945,1,0.000082,0.999908,0.000010,L,0.999908,0.999826,0.000890,0.000102,0.119813
15,15,00208,normal,237,1,0.001255,0.998582,0.000163,L,0.998582,0.997327,0.010216,0.001581,0.129127
15,15,00208,normal,770,1,0.001614,0.998195,0.000191,L,0.998195,0.996581,0.012576,0.001996,0.077164
15,15,00208,normal,766,1,0.000644,0.999285,0.000071,L,0.999285,0.998642,0.005573,0.000786,0.093777
15,15,00208,normal,764,0,0.000120,0.999867,0.000013,L,0.999867,0.999748,0.001238,0.000146,0.096790
15,15,00208,normal,1006,0,0.010897,0.986929,0.002174,L,0.986929,0.976032,0.068778,0.015245,0.222829
15,15,00208,normal,1122,0,0.009734,0.989079,0.001187,L,0.989079,0.979345,0.058206,0.012108,0.094411
15,15,00208,normal,636,0,0.011911,0.985905,0.002184,L,0.985905,0.973993,0.072951,0.016279,0.141206
15,15,00208,normal,1089,0,0.011323,0.987093,0.001584,L,0.987093,0.975769,0.067155,0.014492,0.114720
15,15,00208,normal,628,0,0.003465,0.995936,0.000598,L,0.995936,0.992471,0.025602,0.004662,0.228867
15,15,00208,normal,618,0,0.013780,0.984458,0.001762,L,0.984458,0.970678,0.077948,0.017304,0.132643
15,15,00208,normal,759,0,0.002733,0.996862,0.000404,L,0.996862,0.994129,0.020411,0.003542,0.152564
15,15,00208,normal,1335,0,0.006280,0.992924,0.000796,L,0.992924,0.986644,0.040571,0.007872,0.110352
15,15,00208,normal,271,0,0.054604,0.936798,0.008598,L,0.936798,0.882194,0.237413,0.071800,0.138121
15,15,00208,normal,1276,0,0.021971,0.975017,0.003012,L,0.975017,0.953045,0.114727,0.027995,0.122548
15,15,00208,normal,619,0,0.012600,0.985795,0.001604,L,0.985795,0.973195,0.072402,0.015809,0.128821
15,15,00208,normal,781,0,0.003823,0.995708,0.000469,L,0.995708,0.991885,0.026544,0.004762,0.091566
15,15,00208,normal,884,0,0.009601,0.989168,0.001231,L,0.989168,0.979567,0.057916,0.012063,0.132605
15,15,00208,normal,1001,0,0.021447,0.975301,0.003252,L,0.975301,0.953854,0.114166,0.027951,0.127420
15,15,00208,normal,145,0,0.002322,0.997424,0.000254,L,0.997424,0.995102,0.017075,0.002830,0.098297
15,15,00208,normal,1145,0,0.007457,0.991608,0.000936,L,0.991608,0.984151,0.046797,0.009328,0.111123
15,15,00208,normal,1439,0,0.010339,0.988395,0.001265,L,0.988395,0.978056,0.061213,0.012870,0.113374
16,15,00561,normal,582,1,0.009788,0.988633,0.001579,L,0.988633,0.978845,0.060779,0.012946,0.190606
16,15,00561,normal,764,1,0.000001,0.999999,0.000000,L,0.999999,0.999998,0.000017,0.000001,0.668710
16,15,00561,normal,583,1,0.012013,0.985910,0.002077,L,0.985910,0.973897,0.072765,0.016168,0.245796
16,15,00561,normal,672,1,0.002514,0.997065,0.000421,L,0.997065,0.994551,0.019347,0.003357,0.295878
16,15,00561,normal,761,1,0.001398,0.998410,0.000192,L,0.998410,0.997012,0.011304,0.001782,0.178698
16,15,00561,normal,857,1,0.010744,0.987703,0.001553,L,0.987703,0.976960,0.064600,0.013850,0.133779
16,15,00561,normal,588,1,0.015537,0.982104,0.002358,L,0.982104,0.966567,0.088027,0.020254,0.157024
16,15,00561,normal,586,1,0.004878,0.994227,0.000895,L,0.994227,0.989348,0.034594,0.006668,0.260870
16,15,00561,normal,858,1,0.010787,0.987740,0.001473,L,0.987740,0.976952,0.064308,0.013733,0.115363
16,15,00561,normal,491,1,0.013421,0.984704,0.001875,L,0.984704,0.971282,0.077198,0.017171,0.156066
16,15,00561,normal,852,1,0.010278,0.988229,0.001493,L,0.988229,0.977951,0.062322,0.013264,0.191615
16,15,00561,normal,766,1,0.004174,0.995172,0.000654,L,0.995172,0.990998,0.029563,0.005481,0.358504
16,15,00561,normal,497,1,0.010423,0.988199,0.001378,L,0.988199,0.977775,0.062239,0.013179,0.111436
16,15,00561,normal,584,1,0.000014,0.999984,0.000002,L,0.999984,0.999970,0.000184,0.000019,0.477995
16,15,00561,normal,762,1,0.004695,0.994549,0.000756,L,0.994549,0.989855,0.032804,0.006206,0.285196
16,15,00561,normal,677,1,0.023644,0.972369,0.003986,L,0.972369,0.948725,0.125439,0.031617,0.340749
16,15,00561,normal,581,1,0.004987,0.994317,0.000696,L,0.994317,0.989330,0.033826,0.006379,0.143716
16,15,00561,normal,767,1,0.007804,0.990738,0.001458,L,0.990738,0.982934,0.051535,0.010721,0.311018
16,15,00561,normal,856,1,0.013759,0.983811,0.002431,L,0.983811,0.970052,0.081613,0.018620,0.219881
16,15,00561,normal,494,1,0.016427,0.980892,0.002682,L,0.980892,0.964465,0.093117,0.021790,0.225601
16,15,00561,normal,671,1,0.000491,0.999442,0.000068,L,0.999442,0.998951,0.004501,0.000626,0.189666
16,15,00561,normal,851,1,0.015170,0.982743,0.002087,L,0.982743,0.967572,0.085133,0.019344,0.147072
16,15,00561,normal,492,1,0.012135,0.986160,0.001705,L,0.986160,0.974026,0.071131,0.015545,0.167001
16,15,00561,normal,495,1,0.017350,0.980146,0.002504,L,0.980146,0.962796,0.095570,0.022358,0.154017
16,15,00561,normal,675,1,0.000000,1.000000,0.000000,L,1.000000,1.000000,0.000000,0.000000,0.872651
16,15,00561,normal,496,1,0.023609,0.972947,0.003444,L,0.972947,0.949338,0.122571,0.030497,0.145042
16,15,00561,normal,855,1,0.012871,0.984823,0.002307,L,0.984823,0.971952,0.077454,0.017484,0.253366
16,15,00561,normal,585,1,0.000012,0.999986,0.000002,L,0.999986,0.999974,0.000159,0.000016,0.481162
16,15,00561,normal,853,1,0.010037,0.988344,0.001619,L,0.988344,0.978308,0.062055,0.013274,0.235095
16,15,00561,normal,854,1,0.009912,0.988404,0.001684,L,0.988404,0.978492,0.061911,0.013279,0.253105
16,15,00561,normal,587,1,0.015810,0.981632,0.002558,L,0.981632,0.965822,0.090140,0.020925,0.183880
16,15,00561,normal,676,1,0.000005,0.999994,0.000001,L,0.999994,0.999988,0.000075,0.000007,0.604538
16,15,00561,normal,768,1,0.006887,0.991897,0.001216,L,0.991897,0.985009,0.045983,0.009319,0.206996
16,15,00561,normal,673,1,0.000001,0.999999,0.000000,L,0.999999,0.999998,0.000018,0.000001,0.613130
16,15,00561,normal,493,1,0.012079,0.985993,0.001928,L,0.985993,0.973913,0.072187,0.015935,0.220521
16,15,00561,normal,763,1,0.000295,0.999659,0.000046,L,0.999659,0.999364,0.002911,0.000387,0.408042
16,15,00561,normal,628,0,0.001454,0.998360,0.000186,L,0.998360,0.996907,0.011590,0.001826,0.120305
16,15,00561,normal,462,0,0.015340,0.982359,0.002301,L,0.982359,0.967019,0.086964,0.019941,0.124853
16,15,00561,normal,80,0,0.001529,0.998286,0.000186,L,0.998286,0.996757,0.012033,0.001900,0.133394
16,15,00561,normal,363,0,0.014397,0.982918,0.002685,L,0.982918,0.968520,0.085459,0.019767,0.199065
16,15,00561,normal,1175,0,0.010205,0.988179,0.001615,L,0.988179,0.977974,0.062736,0.013436,0.133788
16,15,00561,normal,803,0,0.004288,0.995207,0.000505,L,0.995207,0.990919,0.029119,0.005297,0.080150
16,15,00561,normal,614,0,0.000540,0.999390,0.000070,L,0.999390,0.998849,0.004864,0.000680,0.156589
16,15,00561,normal,1124,0,0.018134,0.979247,0.002619,L,0.979247,0.961113,0.099055,0.023372,0.151263
16,15,00561,normal,145,0,0.003622,0.995951,0.000427,L,0.995951,0.992330,0.025222,0.004475,0.130491
16,15,00561,normal,684,0,0.004768,0.994618,0.000614,L,0.994618,0.989850,0.032220,0.005996,0.107810
16,15,00561,normal,1320,0,0.023451,0.972083,0.004466,L,0.972083,0.948631,0.127160,0.032383,0.287199
16,15,00561,normal,832,0,0.005609,0.993576,0.000815,L,0.993576,0.987966,0.037569,0.007239,0.129653
16,15,00561,normal,221,0,0.013235,0.984819,0.001946,L,0.984819,0.971584,0.076873,0.017127,0.178413
16,15,00561,normal,1303,0,0.057372,0.936059,0.006569,L,0.936059,0.878687,0.235609,0.070509,0.131785
16,15,00561,normal,487,0,0.015055,0.982660,0.002284,L,0.982660,0.967605,0.085793,0.019624,0.114973
16,15,00561,normal,281,0,0.020072,0.977101,0.002826,L,0.977101,0.957029,0.107110,0.025725,0.115254
16,15,00561,normal,780,0,0.003933,0.995612,0.000456,L,0.995612,0.991679,0.027003,0.004844,0.111079
16,15,00561,normal,191,0,0.018343,0.979071,0.002586,L,0.979071,0.960727,0.099635,0.023515,0.130744
17,16,00302,normal,841,1,0.009663,0.988545,0.001792,L,0.988545,0.978882,0.061489,0.013247,0.262638
17,16,00302,normal,927,1,0.000660,0.999235,0.000105,L,0.999235,0.998575,0.005973,0.000871,0.262132
17,16,00302,normal,752,1,0.009212,0.989038,0.001751,L,0.989038,0.979826,0.059341,0.012713,0.249493
17,16,00302,normal,662,1,0.017014,0.980706,0.002279,L,0.980706,0.963692,0.093104,0.021573,0.118602
17,16,00302,normal,840,1,0.000098,0.999884,0.000018,L,0.999884,0.999785,0.001111,0.000134,0.432367
17,16,00302,normal,572,1,0.009145,0.989668,0.001187,L,0.989668,0.980522,0.055714,0.011519,0.107914
17,16,00302,normal,836,1,0.001216,0.998583,0.000201,L,0.998583,0.997366,0.010278,0.001618,0.245225
17,16,00302,normal,749,1,0.000000,1.000000,0.000000,L,1.000000,1.000000,0.000000,0.000000,0.959078
17,16,00302,normal,568,1,0.014649,0.983292,0.002059,L,0.983292,0.968644,0.082988,0.018767,0.137029
17,16,00302,normal,656,1,0.002522,0.997074,0.000404,L,0.997074,0.994552,0.019266,0.003330,0.171961
17,16,00302,normal,837,1,0.002016,0.997635,0.000349,L,0.997635,0.995618,0.016071,0.002715,0.279791
17,16,00302,normal,747,1,0.000551,0.999352,0.000097,L,0.999352,0.998801,0.005166,0.000744,0.345115
17,16,00302,normal,570,1,0.013892,0.984279,0.001829,L,0.984279,0.970386,0.078769,0.017550,0.118442
17,16,00302,normal,661,1,0.009456,0.989164,0.001381,L,0.989164,0.979708,0.058205,0.012217,0.137284
17,16,00302,normal,750,1,0.000000,1.000000,0.000000,L,1.000000,1.000000,0.000001,0.000000,0.833147
17,16,00302,normal,932,1,0.018043,0.979335,0.002622,L,0.979335,0.961293,0.098738,0.023286,0.141158
17,16,00302,normal,567,1,0.011437,0.986955,0.001608,L,0.986955,0.975518,0.067757,0.014654,0.130668
17,16,00302,normal,838,1,0.002300,0.997301,0.000399,L,0.997301,0.995001,0.018013,0.003098,0.297917
17,16,00302,normal,843,1,0.012969,0.985191,0.001840,L,0.985191,0.972222,0.075221,0.016648,0.129355
17,16,00302,normal,926,1,0.001522,0.998246,0.000232,L,0.998246,0.996723,0.012353,0.001987,0.178177
17,16,00302,normal,566,1,0.008947,0.989709,0.001343,L,0.989709,0.980762,0.055815,0.011634,0.136426
17,16,00302,normal,660,1,0.000013,0.999985,0.000002,L,0.999985,0.999973,0.000165,0.000016,0.385448
17,16,00302,normal,930,1,0.023708,0.972827,0.003465,L,0.972827,0.949118,0.123014,0.030638,0.139588
17,16,00302,normal,746,1,0.000681,0.999196,0.000123,L,0.999196,0.998515,0.006259,0.000927,0.302052
17,16,00302,normal,933,1,0.017446,0.980081,0.002473,L,0.980081,0.962635,0.095754,0.022392,0.129544
17,16,00302,normal,657,1,0.011353,0.986862,0.001785,L,0.986862,0.975509,0.068441,0.014923,0.164656
17,16,00302,normal,929,1,0.018651,0.978324,0.003025,L,0.978324,0.959673,0.103086,0.024700,0.169840
17,16,00302,normal,931,1,0.026407,0.969875,0.003718,L,0.969875,0.943468,0.133290,0.033843,0.136092
17,16,00302,normal,569,1,0.013564,0.984646,0.001790,L,0.984646,0.971083,0.077269,0.017144,0.117159
17,16,00302,normal,658,1,0.004365,0.994865,0.000770,L,0.994865,0.990500,0.031276,0.005904,0.246026
17,16,00302,normal,659,1,0.000002,0.999997,0.000000,L,0.999997,0.999995,0.000036,0.000003,0.486267
17,16,00302,normal,751,1,0.000018,0.999979,0.000003,L,0.999979,0.999961,0.000233,0.000024,0.516334
17,16,00302,normal,839,1,0.000008,0.999991,0.000001,L,0.999991,0.999983,0.000109,0.000011,0.544827
17,16,00302,normal,748,1,0.000000,1.000000,0.000000,L,1.000000,1.000000,0.000002,0.000000,0.742285
17,16,00302,normal,571,1,0.008351,0.990602,0.001046,L,0.990602,0.982251,0.051426,0.010444,0.107670
17,16,00302,normal,928,1,0.012793,0.985120,0.002087,L,0.985120,0.972326,0.075927,0.016967,0.166021
17,16,00302,normal,17,0,0.014460,0.983649,0.001891,L,0.983649,0.969189,0.081313,0.018242,0.138312
17,16,00302,normal,1157,0,0.006737,0.992378,0.000885,L,0.992378,0.985640,0.043238,0.008508,0.118701
17,16,00302,normal,1418,0,0.006519,0.992593,0.000888,L,0.992593,0.986075,0.042262,0.008295,0.124976
17,16,00302,normal,803,0,0.002668,0.997038,0.000294,L,0.997038,0.994370,0.019262,0.003256,0.092486
17,16,00302,normal,924,0,0.012055,0.986387,0.001558,L,0.986387,0.974333,0.069953,0.015170,0.107053
17,16,00302,normal,669,0,0.011817,0.986461,0.001722,L,0.986461,0.974644,0.069954,0.015261,0.135616
17,16,00302,normal,258,0,0.001267,0.998592,0.000142,L,0.998592,0.997325,0.010116,0.001550,0.103361
17,16,00302,normal,1315,0,0.004830,0.994558,0.000612,L,0.994558,0.989728,0.032509,0.006055,0.124236
17,16,00302,normal,892,0,0.003586,0.996013,0.000401,L,0.996013,0.992428,0.024855,0.004388,0.083672
17,16,00302,normal,1433,0,0.005462,0.993733,0.000805,L,0.993733,0.988270,0.036812,0.007073,0.117890
17,16,00302,normal,111,0,0.007580,0.991343,0.001077,L,0.991343,0.983762,0.048232,0.009734,0.146691
17,16,00302,normal,162,0,0.001796,0.998009,0.000195,L,0.998009,0.996212,0.013663,0.002186,0.103893
17,16,00302,normal,148,0,0.004192,0.995249,0.000559,L,0.995249,0.991056,0.029014,0.005310,0.202004
17,16,00302,normal,1419,0,0.005891,0.993281,0.000827,L,0.993281,0.987390,0.038972,0.007546,0.135208
17,16,00302,normal,145,0,0.000738,0.999176,0.000086,L,0.999176,0.998439,0.006325,0.000910,0.164105
17,16,00302,normal,1295,0,0.005302,0.994014,0.000684,L,0.994014,0.988712,0.035258,0.006670,0.096977
17,16,00302,normal,518,0,0.001857,0.997918,0.000225,L,0.997918,0.996062,0.014241,0.002306,0.106720
17,16,00302,normal,234,0,0.009543,0.989271,0.001186,L,0.989271,0.979727,0.057397,0.011916,0.138927
18,17,00200,normal,1375,1,0.009602,0.988789,0.001609,L,0.988789,0.979187,0.060171,0.012819,0.162096
18,17,00200,normal,275,1,0.000248,0.999709,0.000043,L,0.999709,0.999460,0.002535,0.000335,0.458667
18,17,00200,normal,1284,1,0.004625,0.994506,0.000869,L,0.994506,0.989880,0.033197,0.006363,0.261435
18,17,00200,normal,72,1,0.007505,0.991471,0.001024,L,0.991471,0.983966,0.047568,0.009553,0.132726
18,17,00200,normal,279,1,0.001763,0.997884,0.000354,L,0.997884,0.996121,0.014656,0.002470,0.324170
18,17,00200,normal,1269,1,0.013003,0.984600,0.002398,L,0.984600,0.971597,0.078473,0.017798,0.199723
18,17,00200,normal,366,1,0.000565,0.999345,0.000091,L,0.999345,0.998780,0.005208,0.000746,0.432306
18,17,00200,normal,1192,1,0.000468,0.999457,0.000075,L,0.999457,0.998989,0.004405,0.000617,0.412706
18,17,00200,normal,1369,1,0.004186,0.995092,0.000722,L,0.995092,0.990906,0.030078,0.005631,0.235329
18,17,00200,normal,183,1,0.008603,0.989810,0.001588,L,0.989810,0.981207,0.055783,0.011778,0.235915
18,17,00200,normal,460,1,0.010134,0.988467,0.001399,L,0.988467,0.978334,0.061163,0.012932,0.126662
18,17,00200,normal,343,1,0.004303,0.995102,0.000595,L,0.995102,0.990799,0.029808,0.005493,0.136033
18,17,00200,normal,160,1,0.000130,0.999852,0.000018,L,0.999852,0.999721,0.001376,0.000167,0.325959
18,17,00200,normal,1372,1,0.000003,0.999997,0.000001,L,0.999997,0.999994,0.000043,0.000004,0.567653
18,17,00200,normal,1359,1,0.016891,0.980250,0.002859,L,0.980250,0.963359,0.095786,0.022609,0.168900
18,17,00200,normal,430,1,0.005283,0.993978,0.000739,L,0.993978,0.988695,0.035529,0.006761,0.174482
18,17,00200,normal,250,1,0.000000,1.000000,0.000000,L,1.000000,1.000000,0.000002,0.000000,0.579944
18,17,00200,normal,162,1,0.000196,0.999780,0.000024,L,0.999780,0.999583,0.001956,0.000244,0.173039
18,17,00200,normal,1282,1,0.000000,1.000000,0.000000,L,1.000000,1.000000,0.000000,0.000000,0.974274
18,17,00200,normal,1352,1,0.001241,0.998585,0.000174,L,0.998585,0.997344,0.010217,0.001589,0.180637
18,17,00200,normal,273,1,0.004709,0.994411,0.000881,L,0.994411,0.989702,0.033679,0.006470,0.320227
18,17,00200,normal,74,1,0.004764,0.994597,0.000640,L,0.994597,0.989833,0.032371,0.006043,0.128459
18,17,00200,normal,1175,1,0.000096,0.999885,0.000020,L,0.999885,0.999789,0.001103,0.000135,0.444843
18,17,00200,normal,339,1,0.004344,0.995054,0.000602,L,0.995054,0.990710,0.030062,0.005548,0.200974
18,17,00200,normal,99,1,0.013433,0.984737,0.001830,L,0.984737,0.971305,0.076985,0.017093,0.119380
18,17,00200,normal,1191,1,0.005434,0.993809,0.000757,L,0.993809,0.988375,0.036366,0.006949,0.370924
18,17,00200,normal,340,1,0.000831,0.999045,0.000125,L,0.999045,0.998214,0.007253,0.001080,0.281466
18,17,00200,normal,272,1,0.010841,0.987102,0.002057,L,0.987102,0.976261,0.067897,0.014956,0.275728
18,17,00200,normal,367,1,0.003009,0.996458,0.000533,L,0.996458,0.993449,0.022779,0.004075,0.371572
18,17,00200,normal,1354,1,0.003635,0.995756,0.000609,L,0.995756,0.992121,0.026543,0.004853,0.229228
18,17,00200,normal,93,1,0.009931,0.988644,0.001425,L,0.988644,0.978713,0.060470,0.012781,0.140368
18,17,00200,normal,431,1,0.003895,0.995543,0.000561,L,0.995543,0.991648,0.027544,0.005018,0.165908
18,17,00200,normal,184,1,0.006880,0.991780,0.001340,L,0.991780,0.984900,0.046703,0.009561,0.231903
18,17,00200,normal,1195,1,0.004510,0.994899,0.000591,L,0.994899,0.990389,0.030805,0.005693,0.134246
18,17,00200,normal,71,1,0.007760,0.991132,0.001107,L,0.991132,0.983372,0.049217,0.009975,0.152903
18,17,00200,normal,75,1,0.003540,0.995992,0.000468,L,0.995992,0.992453,0.025091,0.004476,0.120509
18,17,00200,normal,609,0,0.004744,0.994637,0.000619,L,0.994637,0.989893,0.032138,0.005982,0.098498
18,17,00200,normal,908,0,0.014639,0.983271,0.002089,L,0.983271,0.968632,0.083121,0.018818,0.126246
18,17,00200,normal,989,0,0.005637,0.993652,0.000710,L,0.993652,0.988015,0.037018,0.007058,0.112872
18,17,00200,normal,1220,0,0.017525,0.980181,0.002295,L,0.980181,0.962656,0.095065,0.022114,0.100196
18,17,00200,normal,1042,0,0.004913,0.994462,0.000626,L,0.994462,0.989549,0.033001,0.006164,0.075164
18,17,00200,normal,214,0,0.020111,0.977388,0.002502,L,0.977388,0.957277,0.105500,0.025114,0.107739
18,17,00200,normal,111,0,0.013182,0.985079,0.001739,L,0.985079,0.971897,0.075482,0.016661,0.130476
18,17,00200,normal,1288,0,0.025923,0.970085,0.003992,L,0.970085,0.944161,0.133078,0.033908,0.147023
18,17,00200,normal,560,0,0.008276,0.990692,0.001031,L,0.990692,0.982416,0.051007,0.010339,0.079204
18,17,00200,normal,689,0,0.003214,0.996319,0.000467,L,0.996319,0.993105,0.023397,0.004148,0.140033
18,17,00200,normal,1006,0,0.004522,0.994848,0.000630,L,0.994848,0.990326,0.031126,0.005782,0.110646
18,17,00200,normal,888,0,0.008145,0.990738,0.001117,L,0.990738,0.982593,0.050965,0.010379,0.102113
18,17,00200,normal,1211,0,0.015360,0.982427,0.002212,L,0.982427,0.967067,0.086552,0.019785,0.123243
18,17,00200,normal,180,0,0.008820,0.989865,0.001315,L,0.989865,0.981045,0.055101,0.011451,0.148512
18,17,00200,normal,34,0,0.008121,0.990853,0.001026,L,0.990853,0.982732,0.050297,0.010174,0.112544
18,17,00200,normal,306,0,0.009836,0.988911,0.001253,L,0.988911,0.979075,0.059039,0.012342,0.094365
18,17,00200,normal,1064,0,0.010550,0.988141,0.001308,L,0.988141,0.977591,0.062347,0.013167,0.098224
18,17,00200,normal,35,0,0.004189,0.995312,0.000499,L,0.995312,0.991124,0.028586,0.005187,0.104197
19,18,00190,normal,514,1,0.005571,0.993571,0.000859,L,0.993571,0.988000,0.037670,0.007288,0.177681
19,18,00190,normal,589,1,0.007859,0.990785,0.001355,L,0.990785,0.982926,0.051164,0.010570,0.279682
19,18,00190,normal,784,1,0.012678,0.985386,0.001937,L,0.985386,0.972708,0.074622,0.016551,0.164600
19,18,00190,normal,1136,1,0.000134,0.999843,0.000023,L,0.999843,0.999709,0.001454,0.000180,0.430355
19,18,00190,normal,678,1,0.000001,0.999999,0.000000,L,0.999999,0.999998,0.000014,0.000001,0.600790
19,18,00190,normal,513,1,0.003427,0.996099,0.000473,L,0.996099,0.992672,0.024549,0.004374,0.152596
19,18,00190,normal,676,1,0.000624,0.999288,0.000089,L,0.999288,0.998665,0.005589,0.000801,0.184546
19,18,00190,normal,786,1,0.004818,0.994526,0.000656,L,0.994526,0.989709,0.032744,0.006130,0.107166
19,18,00190,normal,516,1,0.000881,0.998990,0.000129,L,0.998990,0.998109,0.007614,0.001140,0.216700
19,18,00190,normal,858,1,0.006299,0.992727,0.000974,L,0.992727,0.986428,0.041799,0.008247,0.189937
19,18,00190,normal,857,1,0.013028,0.985033,0.001939,L,0.985033,0.972005,0.076019,0.016906,0.161336
19,18,00190,normal,1227,1,0.006931,0.991999,0.001070,L,0.991999,0.985068,0.045280,0.009070,0.166114
19,18,00190,normal,608,1,0.015653,0.982191,0.002155,L,0.982191,0.966538,0.087341,0.019964,0.120267
19,18,00190,normal,586,1,0.006720,0.992279,0.001001,L,0.992279,0.985558,0.043895,0.008722,0.145596
19,18,00190,normal,787,1,0.009509,0.989298,0.001193,L,0.989298,0.979789,0.057294,0.011895,0.091537
19,18,00190,normal,957,1,0.014088,0.983529,0.002382,L,0.983529,0.969441,0.082625,0.018853,0.212968
19,18,00190,normal,680,1,0.000000,1.000000,0.000000,L,1.000000,0.999999,0.000007,0.000001,0.835695
19,18,00190,normal,788,1,0.008856,0.990036,0.001108,L,0.990036,0.981179,0.053992,0.011073,0.090209
19,18,00190,normal,1138,1,0.003884,0.995327,0.000789,L,0.995327,0.991443,0.029001,0.005463,0.277465
19,18,00190,normal,1047,1,0.002706,0.996837,0.000457,L,0.996837,0.994130,0.020637,0.003620,0.343896
19,18,00190,normal,1137,1,0.003722,0.995577,0.000701,L,0.995577,0.991855,0.027602,0.005124,0.306974
19,18,00190,normal,1132,1,0.006842,0.992235,0.000923,L,0.992235,0.985393,0.043955,0.008688,0.141304
19,18,00190,normal,773,1,0.010021,0.988448,0.001531,L,0.988448,0.978428,0.061472,0.013083,0.126430
19,18,00190,normal,1043,1,0.000321,0.999633,0.000046,L,0.999633,0.999312,0.003101,0.000413,0.237709
19,18,00190,normal,771,1,0.002683,0.996934,0.000383,L,0.996934,0.994251,0.019992,0.003450,0.392741
19,18,00190,normal,519,1,0.013594,0.984705,0.001702,L,0.984705,0.971111,0.076874,0.016997,0.141031
19,18,00190,normal,681,1,0.003296,0.996404,0.000300,L,0.996404,0.993108,0.022631,0.003897,0.482657
19,18,00190,normal,607,1,0.000553,0.999352,0.000096,L,0.999352,0.998799,0.005170,0.000744,0.222622
19,18,00190,normal,1223,1,0.007338,0.991731,0.000931,L,0.991731,0.984394,0.046235,0.009199,0.126179
19,18,00190,normal,679,1,0.000000,1.000000,0.000000,L,1.000000,1.000000,0.000001,0.000000,0.782607
19,18,00190,normal,956,1,0.007290,0.991437,0.001273,L,0.991437,0.984146,0.048143,0.009837,0.260691
19,18,00190,normal,789,1,0.017237,0.980645,0.002118,L,0.980645,0.963409,0.093026,0.021472,0.104376
19,18,00190,normal,1133,1,0.003344,0.996190,0.000466,L,0.996190,0.992846,0.024066,0.004276,0.169201
19,18,00190,normal,517,1,0.004562,0.994701,0.000737,L,0.994701,0.990139,0.032030,0.006036,0.220030
19,18,00190,normal,1226,1,0.016344,0.981243,0.002413,L,0.981243,0.964899,0.091351,0.021169,0.169967
19,18,00190,normal,1048,1,0.012234,0.985512,0.002253,L,0.985512,0.973278,0.074632,0.016741,0.267607
19,18,00190,normal,652,0,0.015655,0.982390,0.001955,L,0.982390,0.966735,0.086225,0.019566,0.087082
19,18,00190,normal,335,0,0.000961,0.998937,0.000103,L,0.998937,0.997976,0.007901,0.001166,0.090899
19,18,00190,normal,222,0,0.004237,0.995268,0.000494,L,0.995268,0.991031,0.028795,0.005226,0.102231
19,18,00190,normal,1305,0,0.041010,0.952788,0.006202,L,0.952788,0.911778,0.189865,0.053414,0.185340
19,18,00190,normal,917,0,0.006523,0.992664,0.000812,L,0.992664,0.986141,0.041796,0.008148,0.074693
19,18,00190,normal,816,0,0.016442,0.981483,0.002076,L,0.981483,0.965041,0.089848,0.020593,0.101848
19,18,00190,normal,1073,0,0.006706,0.992450,0.000844,L,0.992450,0.985745,0.042831,0.008394,0.116760
19,18,00190,normal,32,0,0.006534,0.992677,0.000789,L,0.992677,0.986144,0.041691,0.008112,0.113268
19,18,00190,normal,598,0,0.012789,0.985570,0.001641,L,0.985570,0.972781,0.073363,0.016071,0.111923
19,18,00190,normal,811,0,0.015972,0.981480,0.002548,L,0.981480,0.965508,0.090699,0.021069,0.127603
19,18,00190,normal,1060,0,0.005505,0.993795,0.000700,L,0.993795,0.988290,0.036326,0.006905,0.110154
19,18,00190,normal,497,0,0.024445,0.972480,0.003075,L,0.972480,0.948035,0.123474,0.030595,0.110455
19,18,00190,normal,1326,0,0.004783,0.994607,0.000610,L,0.994607,0.989824,0.032269,0.006004,0.116715
19,18,00190,normal,830,0,0.003881,0.995602,0.000517,L,0.995602,0.991721,0.027167,0.004915,0.079222
19,18,00190,normal,180,0,0.008431,0.990411,0.001157,L,0.990411,0.981980,0.052462,0.010746,0.131867
19,18,00190,normal,563,0,0.024236,0.972467,0.003297,L,0.972467,0.948230,0.123929,0.030831,0.100199
19,18,00190,normal,490,0,0.019942,0.976967,0.003090,L,0.976967,0.957025,0.108044,0.026123,0.147624
19,18,00190,normal,1150,0,0.005066,0.994283,0.000651,L,0.994283,0.989217,0.033909,0.006368,0.109049
20,18,00525,normal,1008,1,0.000052,0.999939,0.000009,L,0.999939,0.999888,0.000615,0.000070,0.419313
20,18,00525,normal,1222,1,0.014298,0.983380,0.002322,L,0.983380,0.969082,0.083103,0.018942,0.222635
20,18,00525,normal,1040,1,0.000000,1.000000,0.000000,L,1.000000,0.999999,0.000005,0.000000,0.646472
20,18,00525,normal,858,1,0.004934,0.994479,0.000586,L,0.994479,0.989545,0.032839,0.006107,0.110075
20,18,00525,normal,1223,1,0.020814,0.976095,0.003091,L,0.976095,0.955281,0.111116,0.026995,0.175261
20,18,00525,normal,1098,1,0.000000,1.000000,0.000000,L,1.000000,1.000000,0.000002,0.000000,0.755685
20,18,00525,normal,1280,1,0.020497,0.975964,0.003539,L,0.975964,0.955467,0.112324,0.027575,0.223844
20,18,00525,normal,1041,1,0.000000,1.000000,0.000000,L,1.000000,1.000000,0.000000,0.000000,0.804382
20,18,00525,normal,1278,1,0.008655,0.989917,0.001428,L,0.989917,0.981262,0.055064,0.011511,0.217519
20,18,00525,normal,864,1,0.013547,0.984645,0.001808,L,0.984645,0.971097,0.077306,0.017163,0.121545
20,18,00525,normal,1011,1,0.002243,0.997368,0.000388,L,0.997368,0.995125,0.017623,0.003020,0.353833
20,18,00525,normal,1189,1,0.000133,0.999843,0.000024,L,0.999843,0.999709,0.001458,0.000181,0.433470
20,18,00525,normal,865,1,0.007863,0.991071,0.001066,L,0.991071,0.983208,0.049414,0.009996,0.103393
20,18,00525,normal,1192,1,0.012975,0.984628,0.002397,L,0.984628,0.971654,0.078360,0.017769,0.245049
20,18,00525,normal,1282,1,0.009930,0.988538,0.001532,L,0.988538,0.978608,0.061099,0.012994,0.174835
20,18,00525,normal,920,1,0.009891,0.988616,0.001493,L,0.988616,0.978724,0.060708,0.012878,0.161866
20,18,00525,normal,952,1,0.003072,0.996406,0.000522,L,0.996406,0.993334,0.023035,0.004117,0.302706
20,18,00525,normal,1276,1,0.015544,0.982224,0.002232,L,0.982224,0.966680,0.087354,0.020007,0.097071
20,18,00525,normal,1188,1,0.004970,0.994150,0.000881,L,0.994150,0.989180,0.034943,0.006731,0.262001
20,18,00525,normal,1132,1,0.000028,0.999967,0.000005,L,0.999967,0.999939,0.000354,0.000038,0.484593
20,18,00525,normal,861,1,0.005168,0.994120,0.000713,L,0.994120,0.988952,0.034806,0.006593,0.124115
20,18,00525,normal,954,1,0.008001,0.990688,0.001310,L,0.990688,0.982687,0.051517,0.010622,0.202731
20,18,00525,normal,1044,1,0.011911,0.985976,0.002113,L,0.985976,0.974065,0.072554,0.016137,0.287607
20,18,00525,normal,1187,1,0.007995,0.990542,0.001463,L,0.990542,0.982547,0.052402,0.010921,0.203044
20,18,00525,normal,1135,1,0.006788,0.992058,0.001154,L,0.992058,0.985271,0.045153,0.009096,0.205729
20,18,00525,normal,1012,1,0.006261,0.992583,0.001155,L,0.992583,0.986322,0.042753,0.008572,0.310094
20,18,00525,normal,1279,1,0.005578,0.993504,0.000918,L,0.993504,0.987926,0.038086,0.007415,0.239275
20,18,00525,normal,919,1,0.008864,0.989901,0.001235,L,0.989901,0.981037,0.054804,0.011335,0.133717
20,18,00525,normal,1096,1,0.005776,0.993396,0.000827,L,0.993396,0.987620,0.038435,0.007431,0.113105
20,18,00525,normal,916,1,0.010866,0.987643,0.001491,L,0.987643,0.976777,0.064738,0.013848,0.094508
20,18,00525,normal,863,1,0.017760,0.979736,0.002505,L,0.979736,0.961976,0.097073,0.022769,0.148673
20,18,00525,normal,1006,1,0.005056,0.994154,0.000791,L,0.994154,0.989098,0.034778,0.006637,0.129488
20,18,00525,normal,1133,1,0.015066,0.982227,0.002706,L,0.982227,0.967161,0.088131,0.020479,0.301372
20,18,00525,normal,1009,1,0.000000,1.000000,0.000000,L,1.000000,1.000000,0.000003,0.000000,0.621723
20,18,00525,normal,1190,1,0.001144,0.998651,0.000205,L,0.998651,0.997507,0.009866,0.001554,0.355099
20,18,00525,normal,1043,1,0.000019,0.999978,0.000003,L,0.999978,0.999959,0.000244,0.000025,0.512460
20,18,00525,normal,497,0,0.011451,0.987084,0.001464,L,0.987084,0.975633,0.066968,0.014380,0.103927
20,18,00525,normal,211,0,0.019383,0.977770,0.002847,L,0.977770,0.958387,0.104771,0.025077,0.179714
20,18,00525,normal,812,0,0.015704,0.981524,0.002771,L,0.981524,0.965820,0.090893,0.021247,0.216630
20,18,00525,normal,1400,0,0.014607,0.983569,0.001823,L,0.983569,0.968962,0.081493,0.018254,0.126543
20,18,00525,normal,1351,0,0.014651,0.983151,0.002198,L,0.983151,0.968500,0.083771,0.019046,0.141919
20,18,00525,normal,1431,0,0.006379,0.992803,0.000819,L,0.992803,0.986424,0.041173,0.008016,0.110846
20,18,00525,normal,243,0,0.010030,0.988751,0.001219,L,0.988751,0.978720,0.059644,0.012468,0.103822
20,18,00525,normal,1075,0,0.011327,0.987234,0.001439,L,0.987234,0.975908,0.066310,0.014204,0.110414
20,18,00525,normal,1030,0,0.019721,0.977599,0.002680,L,0.977599,0.957878,0.105084,0.025082,0.104240
20,18,00525,normal,1183,0,0.023293,0.973534,0.003173,L,0.973534,0.950241,0.120097,0.029639,0.102025
20,18,00525,normal,605,0,0.008839,0.989942,0.001220,L,0.989942,0.981103,0.054601,0.011278,0.111400
20,18,00525,normal,779,0,0.003171,0.996458,0.000371,L,0.996458,0.993287,0.022492,0.003913,0.075288
20,18,00525,normal,375,0,0.009576,0.989149,0.001275,L,0.989149,0.979573,0.058077,0.012126,0.112110
20,18,00525,normal,568,0,0.009937,0.988805,0.001258,L,0.988805,0.978867,0.059492,0.012453,0.093773
20,18,00525,normal,788,0,0.001265,0.998576,0.000159,L,0.998576,0.997311,0.010246,0.001583,0.115926
20,18,00525,normal,562,0,0.013873,0.983555,0.002572,L,0.983555,0.969683,0.082823,0.019017,0.144470
20,18,00525,normal,620,0,0.001582,0.998220,0.000197,L,0.998220,0.996638,0.012441,0.001977,0.123083
20,18,00525,normal,1274,0,0.024228,0.972964,0.002809,L,0.972964,0.948736,0.121335,0.029845,0.099454
21,19,00289,normal,782,1,0.032339,0.962740,0.004920,L,0.962740,0.930401,0.158087,0.042180,0.153893
21,19,00289,normal,1053,1,0.005854,0.993209,0.000937,L,0.993209,0.987355,0.039500,0.007728,0.332257
21,19,00289,normal,1308,1,0.002575,0.997051,0.000373,L,0.997051,0.994476,0.019337,0.003322,0.181893
21,19,00289,normal,869,1,0.010973,0.987301,0.001726,L,0.987301,0.976329,0.066548,0.014424,0.219401
21,19,00289,normal,1305,1,0.009150,0.989376,0.001474,L,0.989376,0.980226,0.057462,0.012098,0.197996
21,19,00289,normal,1050,1,0.021989,0.975050,0.002961,L,0.975050,0.953061,0.114520,0.027911,0.345043
21,19,00289,normal,1399,1,0.005697,0.993554,0.000749,L,0.993554,0.987858,0.037551,0.007194,0.142964
21,19,00289,normal,1306,1,0.002082,0.997580,0.000339,L,0.997580,0.995498,0.016365,0.002759,0.239122
21,19,00289,normal,962,1,0.007121,0.991864,0.001015,L,0.991864,0.984744,0.045794,0.009151,0.363065
21,19,00289,normal,781,1,0.019361,0.977725,0.002914,L,0.977725,0.958364,0.105046,0.025188,0.155060
21,19,00289,normal,868,1,0.008186,0.990594,0.001220,L,0.990594,0.982407,0.051778,0.010626,0.181736
21,19,00289,normal,1049,1,0.032978,0.962017,0.005004,L,0.962017,0.929039,0.160458,0.042987,0.291661
21,19,00289,normal,1307,1,0.002250,0.997421,0.000329,L,0.997421,0.995171,0.017234,0.002908,0.194377
21,19,00289,normal,873,1,0.016024,0.981297,0.002679,L,0.981297,0.965273,0.091598,0.021382,0.200969
21,19,00289,normal,958,1,0.010078,0.988336,0.001586,L,0.988336,0.978258,0.062035,0.013250,0.209305
21,19,00289,normal,778,1,0.007089,0.991894,0.001017,L,0.991894,0.984804,0.045663,0.009123,0.126592
21,19,00289,normal,693,1,0.009847,0.989017,0.001136,L,0.989017,0.979169,0.058370,0.012120,0.112772
21,19,00289,normal,692,1,0.027619,0.969151,0.003230,L,0.969151,0.941532,0.134736,0.034078,0.114562
21,19,00289,normal,1048,1,0.022023,0.974618,0.003360,L,0.974618,0.952595,0.116716,0.028742,0.225919
21,19,00289,normal,1400,1,0.010094,0.988625,0.001281,L,0.988625,0.978531,0.060288,0.012656,0.130921
21,19,00289,normal,1051,1,0.006580,0.992558,0.000862,L,0.992558,0.985978,0.042376,0.008305,0.362977
21,19,00289,normal,871,1,0.000285,0.999668,0.000046,L,0.999668,0.999383,0.002841,0.000378,0.425196
21,19,00289,normal,1219,1,0.003417,0.996067,0.000515,L,0.996067,0.992650,0.024789,0.004448,0.173840
21,19,00289,normal,1220,1,0.005907,0.993304,0.000789,L,0.993304,0.987397,0.038796,0.007485,0.133931
21,19,00289,normal,1398,1,0.002603,0.997040,0.000357,L,0.997040,0.994437,0.019368,0.003316,0.147226
21,19,00289,normal,1139,1,0.024255,0.971835,0.003910,L,0.971835,0.947580,0.127114,0.032075,0.239976
21,19,00289,normal,870,1,0.001124,0.998692,0.000184,L,0.998692,0.997568,0.009578,0.001492,0.300175
21,19,00289,normal,779,1,0.015242,0.982616,0.002142,L,0.982616,0.967374,0.085713,0.019526,0.150879
21,19,00289,normal,1310,1,0.005897,0.993314,0.000790,L,0.993314,0.987417,0.038753,0.007476,0.139381
21,19,00289,normal,1217,1,0.001723,0.998020,0.000256,L,0.998020,0.996297,0.013712,0.002236,0.200069
21,19,00289,normal,691,1,0.029824,0.966743,0.003433,L,0.966743,0.936920,0.142844,0.036689,0.109883
21,19,00289,normal,1309,1,0.004827,0.994488,0.000685,L,0.994488,0.989660,0.032982,0.006197,0.158247
21,19,00289,normal,872,1,0.004152,0.995168,0.000680,L,0.995168,0.991016,0.029626,0.005511,0.179990
21,19,00289,normal,780,1,0.026622,0.969717,0.003661,L,0.969717,0.943094,0.133706,0.033944,0.143028
21,19,00289,normal,1394,1,0.010466,0.987973,0.001562,L,0.987973,0.977507,0.063505,0.013589,0.174324
21,19,00289,normal,783,1,0.011088,0.987192,0.001720,L,0.987192,0.976104,0.066984,0.014527,0.160387
21,19,00289,normal,760,0,0.006429,0.992725,0.000846,L,0.992725,0.986295,0.041582,0.008121,0.102836
21,19,00289,normal,211,0,0.009837,0.988991,0.001172,L,0.988991,0.979153,0.058549,0.012181,0.121681
21,19,00289,normal,170,0,0.006917,0.992287,0.000796,L,0.992287,0.985371,0.043479,0.008509,0.112180
21,19,00289,normal,733,0,0.005710,0.993561,0.000730,L,0.993561,0.987851,0.037486,0.007169,0.100593
21,19,00289,normal,823,0,0.008091,0.990916,0.000993,L,0.990916,0.982826,0.049955,0.010077,0.080661
21,19,00289,normal,245,0,0.012349,0.986164,0.001487,L,0.986164,0.973815,0.070715,0.015324,0.114335
21,19,00289,normal,514,0,0.008704,0.990331,0.000965,L,0.990331,0.981628,0.052442,0.010634,0.111487
21,19,00289,normal,52,0,0.010978,0.987687,0.001334,L,0.987687,0.976709,0.064263,0.013647,0.125288
21,19,00289,normal,125,0,0.005881,0.993383,0.000736,L,0.993383,0.987502,0.038332,0.007353,0.117855
21,19,00289,normal,1373,0,0.006919,0.992083,0.000997,L,0.992083,0.985164,0.044775,0.008914,0.144526
21,19,00289,normal,215,0,0.007640,0.991323,0.001037,L,0.991323,0.983683,0.048246,0.009714,0.125590
21,19,00289,normal,1252,0,0.004375,0.995073,0.000552,L,0.995073,0.990698,0.029874,0.005479,0.109241
21,19,00289,normal,511,0,0.008734,0.990372,0.000894,L,0.990372,0.981638,0.052121,0.010522,0.110963
21,19,00289,normal,1337,0,0.004637,0.994614,0.000749,L,0.994614,0.989977,0.032478,0.006135,0.127450
21,19,00289,normal,955,0,0.010828,0.987651,0.001521,L,0.987651,0.976822,0.064760,0.013870,0.135844
21,19,00289,normal,365,0,0.009742,0.988790,0.001467,L,0.988790,0.979048,0.059930,0.012677,0.130570
21,19,00289,normal,495,0,0.004518,0.994952,0.000529,L,0.994952,0.990434,0.030426,0.005577,0.072363
21,19,00289,normal,578,0,0.009773,0.988840,0.001388,L,0.988840,0.979067,0.059583,0.012548,0.134627
22,19,00628,normal,934,1,0.016896,0.980288,0.002816,L,0.980288,0.963392,0.095575,0.022528,0.219081
22,19,00628,normal,844,1,0.000008,0.999990,0.000001,L,0.999990,0.999982,0.000113,0.000011,0.569546
22,19,00628,normal,662,1,0.009227,0.989305,0.001468,L,0.989305,0.980078,0.057756,0.012164,0.287177
22,19,00628,normal,846,1,0.023328,0.972238,0.004433,L,0.972238,0.948910,0.126582,0.032195,0.296390
22,19,00628,normal,845,1,0.001946,0.997703,0.000351,L,0.997703,0.995757,0.015689,0.002649,0.352951
22,19,00628,normal,571,1,0.008898,0.989630,0.001472,L,0.989630,0.980732,0.056374,0.011843,0.246346
22,19,00628,normal,847,1,0.013586,0.984108,0.002306,L,0.984108,0.970522,0.080255,0.018198,0.181234
22,19,00628,normal,575,1,0.023245,0.973321,0.003434,L,0.973321,0.950075,0.121285,0.030113,0.150778
22,19,00628,normal,664,1,0.000001,0.999999,0.000000,L,0.999999,0.999998,0.000015,0.000001,0.606722
22,19,00628,normal,842,1,0.008713,0.989868,0.001419,L,0.989868,0.981155,0.055262,0.011551,0.292691
22,19,00628,normal,1172,1,0.021005,0.975774,0.003222,L,0.975774,0.954769,0.112466,0.027448,0.147526
22,19,00628,normal,666,1,0.010879,0.987091,0.002029,L,0.987091,0.976212,0.067896,0.014938,0.256036
22,19,00628,normal,663,1,0.000267,0.999688,0.000045,L,0.999688,0.999421,0.002690,0.000356,0.386078
22,19,00628,normal,998,1,0.001370,0.998399,0.000231,L,0.998399,0.997029,0.011438,0.001832,0.418471
22,19,00628,normal,754,1,0.000000,1.000000,0.000000,L,1.000000,1.000000,0.000001,0.000000,0.981216
22,19,00628,normal,903,1,0.003110,0.996380,0.000510,L,0.996380,0.993269,0.023154,0.004131,0.214665
22,19,00628,normal,1174,1,0.016782,0.979751,0.003467,L,0.979751,0.962969,0.098557,0.023716,0.252056
22,19,00628,normal,814,1,0.005840,0.992991,0.001169,L,0.992991,0.987152,0.040881,0.008178,0.245186
22,19,00628,normal,813,1,0.009730,0.988482,0.001787,L,0.988482,0.978752,0.061746,0.013305,0.152979
22,19,00628,normal,904,1,0.001047,0.998762,0.000191,L,0.998762,0.997715,0.009157,0.001430,0.349001
22,19,00628,normal,817,1,0.016865,0.979882,0.003253,L,0.979882,0.963017,0.097761,0.023372,0.216055
22,19,00628,normal,577,1,0.016146,0.981542,0.002312,L,0.981542,0.965396,0.090059,0.020770,0.135788
22,19,00628,normal,1084,1,0.004107,0.995104,0.000789,L,0.995104,0.990997,0.030117,0.005684,0.344952
22,19,00628,normal,1086,1,0.000097,0.999885,0.000018,L,0.999885,0.999788,0.001100,0.000133,0.493009
22,19,00628,normal,1082,1,0.006168,0.992822,0.001011,L,0.992822,0.986654,0.041423,0.008189,0.188277
22,19,00628,normal,816,1,0.018879,0.977557,0.003564,L,0.977557,0.958678,0.106702,0.026007,0.275478
22,19,00628,normal,992,1,0.003131,0.996386,0.000484,L,0.996386,0.993255,0.023078,0.004098,0.195821
22,19,00628,normal,752,1,0.000050,0.999942,0.000008,L,0.999942,0.999892,0.000587,0.000066,0.485577
22,19,00628,normal,1176,1,0.018681,0.977629,0.003691,L,0.977629,0.958948,0.106632,0.026062,0.276352
22,19,00628,normal,661,1,0.003528,0.995921,0.000552,L,0.995921,0.992393,0.025604,0.004631,0.249831
22,19,00628,normal,843,1,0.003731,0.995705,0.000564,L,0.995705,0.991974,0.026728,0.004859,0.337656
22,19,00628,normal,1087,1,0.002997,0.996416,0.000587,L,0.996416,0.993419,0.023082,0.004171,0.357468
22,19,00628,normal,932,1,0.011501,0.986698,0.001801,L,0.986698,0.975197,0.069134,0.015104,0.197155
22,19,00628,normal,667,1,0.013185,0.984742,0.002073,L,0.984742,0.971557,0.077392,0.017331,0.172966
22,19,00628,normal,818,1,0.010284,0.988019,0.001697,L,0.988019,0.977735,0.063538,0.013677,0.149195
22,19,00628,normal,935,1,0.043128,0.949849,0.007023,L,0.949849,0.906721,0.199592,0.057175,0.195978
22,19,00628,normal,1124,0,0.004149,0.995324,0.000527,L,0.995324,0.991175,0.028582,0.005203,0.112379
22,19,00628,normal,1104,0,0.013826,0.984427,0.001747,L,0.984427,0.970601,0.078040,0.017320,0.109515
22,19,00628,normal,675,0,0.018727,0.978721,0.002552,L,0.978721,0.959994,0.100836,0.023830,0.157743
22,19,00628,normal,262,0,0.004933,0.994382,0.000685,L,0.994382,0.989448,0.033494,0.006303,0.146491
22,19,00628,normal,624,0,0.003515,0.996040,0.000444,L,0.996040,0.992525,0.024801,0.004404,0.137630
22,19,00628,normal,877,0,0.009342,0.989417,0.001241,L,0.989417,0.980074,0.056880,0.011824,0.116896
22,19,00628,normal,1201,0,0.019026,0.978246,0.002728,L,0.978246,0.959220,0.102857,0.024481,0.123209
22,19,00628,normal,823,0,0.015828,0.981640,0.002533,L,0.981640,0.965812,0.090072,0.020893,0.124369
22,19,00628,normal,951,0,0.001570,0.998233,0.000197,L,0.998233,0.996664,0.012362,0.001964,0.082850
22,19,00628,normal,769,0,0.022727,0.974538,0.002735,L,0.974538,0.951811,0.115856,0.028198,0.106508
22,19,00628,normal,399,0,0.011678,0.986761,0.001561,L,0.986761,0.975083,0.068456,0.014800,0.122724
22,19,00628,normal,425,0,0.002612,0.997085,0.000303,L,0.997085,0.994474,0.019022,0.003217,0.082904
22,19,00628,normal,645,0,0.009202,0.989610,0.001189,L,0.989610,0.980408,0.055963,0.011579,0.087549
22,19,00628,normal,909,0,0.008626,0.989672,0.001701,L,0.989672,0.981046,0.056547,0.012029,0.240557
22,19,00628,normal,952,0,0.002337,0.997364,0.000299,L,0.997364,0.995027,0.017496,0.002936,0.074836
22,19,00628,normal,1420,0,0.005041,0.994334,0.000626,L,0.994334,0.989293,0.033616,0.006292,0.131376
22,19,00628,normal,1240,0,0.003401,0.996147,0.000452,L,0.996147,0.992747,0.024262,0.004304,0.137351
22,19,00628,normal,38,0,0.004004,0.995484,0.000511,L,0.995484,0.991480,0.027749,0.005027,0.138531
23,20,00628,normal,513,1,0.001864,0.997843,0.000293,L,0.997843,0.995978,0.014797,0.002450,0.176169
23,20,00628,normal,514,1,0.004430,0.994905,0.000665,L,0.994905,0.990476,0.030905,0.005759,0.150569
23,20,00628,normal,515,1,0.001954,0.997713,0.000333,L,0.997713,0.995760,0.015600,0.002620,0.224827
23,20,00628,normal,516,1,0.001662,0.998082,0.000256,L,0.998082,0.996420,0.013356,0.002175,0.171483
23,20,00628,normal,517,1,0.008164,0.990623,0.001213,L,0.990623,0.982459,0.051639,0.010590,0.157093
23,20,00628,normal,518,1,0.013318,0.984980,0.001702,L,0.984980,0.971662,0.075799,0.016722,0.116351
23,20,00628,normal,519,1,0.017728,0.980250,0.002022,L,0.980250,0.962522,0.094288,0.021771,0.108305
23,20,00628,normal,603,1,0.001776,0.997936,0.000289,L,0.997936,0.996160,0.014257,0.002353,0.301743
23,20,00628,normal,604,1,0.000943,0.998917,0.000140,L,0.998917,0.997974,0.008099,0.001224,0.374200
23,20,00628,normal,605,1,0.000001,0.999999,0.000000,L,0.999999,0.999999,0.000010,0.000001,0.751276
23,20,00628,normal,606,1,0.000000,1.000000,0.000000,L,1.000000,1.000000,0.000002,0.000000,0.754059
23,20,00628,normal,607,1,0.000002,0.999997,0.000000,L,0.999997,0.999995,0.000032,0.000003,0.591302
23,20,00628,normal,608,1,0.004341,0.994879,0.000780,L,0.994879,0.990537,0.031225,0.005901,0.243710
23,20,00628,normal,609,1,0.005640,0.993516,0.000844,L,0.993516,0.987876,0.037904,0.007329,0.157633
23,20,00628,normal,693,1,0.006759,0.992136,0.001105,L,0.992136,0.985377,0.044718,0.008968,0.272428
23,20,00628,normal,694,1,0.003179,0.996369,0.000451,L,0.996369,0.993190,0.023106,0.004082,0.343520
23,20,00628,normal,695,1,0.000007,0.999992,0.000001,L,0.999992,0.999986,0.000089,0.000008,0.675542
23,20,00628,normal,696,1,0.000001,0.999999,0.000000,L,0.999999,0.999997,0.000018,0.000001,0.820535
23,20,00628,normal,697,1,0.000016,0.999982,0.000002,L,0.999982,0.999967,0.000196,0.000019,0.693047
23,20,00628,normal,698,1,0.003275,0.996154,0.000572,L,0.996154,0.992879,0.024435,0.004418,0.153016
23,20,00628,normal,699,1,0.008106,0.990769,0.001125,L,0.990769,0.982663,0.050843,0.010355,0.107207
23,20,00628,normal,783,1,0.012338,0.985785,0.001877,L,0.985785,0.973448,0.072931,0.016092,0.221503
23,20,00628,normal,784,1,0.014882,0.982769,0.002349,L,0.982769,0.967886,0.085491,0.019581,0.244695
23,20,00628,normal,785,1,0.001885,0.997798,0.000317,L,0.997798,0.995913,0.015094,0.002519,0.301968
23,20,00628,normal,786,1,0.003233,0.996176,0.000591,L,0.996176,0.992942,0.024351,0.004416,0.286549
23,20,00628,normal,787,1,0.008101,0.990482,0.001417,L,0.990482,0.982381,0.052594,0.010936,0.178121
23,20,00628,normal,788,1,0.004497,0.994802,0.000700,L,0.994802,0.990305,0.031473,0.005898,0.123901
23,20,00628,normal,789,1,0.011375,0.986953,0.001672,L,0.986953,0.975578,0.067879,0.014720,0.129564
23,20,00628,normal,1427,0,0.005999,0.993225,0.000776,L,0.993225,0.987226,0.039144,0.007552,0.110881
23,20,00628,normal,476,0,0.006580,0.992492,0.000928,L,0.992492,0.985912,0.042796,0.008436,0.147188
23,20,00628,normal,309,0,0.002201,0.997524,0.000275,L,0.997524,0.995323,0.016561,0.002751,0.112329
23,20,00628,normal,545,0,0.021141,0.975959,0.002900,L,0.975959,0.954819,0.111254,0.026941,0.093605
23,20,00628,normal,231,0,0.005338,0.993916,0.000746,L,0.993916,0.988578,0.035837,0.006830,0.189550
23,20,00628,normal,1353,0,0.008157,0.990776,0.001066,L,0.990776,0.982619,0.050706,0.010290,0.153348
23,20,00628,normal,212,0,0.009069,0.989761,0.001169,L,0.989761,0.980692,0.055281,0.011408,0.135614
23,20,00628,normal,907,0,0.011118,0.987382,0.001500,L,0.987382,0.976264,0.065824,0.014118,0.107547
23,20,00628,normal,624,0,0.001830,0.997914,0.000257,L,0.997914,0.996084,0.014327,0.002343,0.119329
23,20,00628,normal,247,0,0.006268,0.992923,0.000809,L,0.992923,0.986654,0.040604,0.007887,0.133179
23,20,00628,normal,1376,0,0.001270,0.998564,0.000166,L,0.998564,0.997294,0.010329,0.001602,0.116644
23,20,00628,normal,921,0,0.005315,0.994055,0.000630,L,0.994055,0.988740,0.034962,0.006576,0.077241
23,20,00628,normal,94,0,0.006032,0.993094,0.000874,L,0.993094,0.987062,0.039925,0.007779,0.144073
23,20,00628,normal,1256,0,0.005489,0.993830,0.000681,L,0.993830,0.988341,0.036126,0.006851,0.084008
23,20,00628,normal,680,0,0.013681,0.984641,0.001678,L,0.984641,0.970959,0.077079,0.017037,0.108629
23,20,00628,normal,508,0,0.003000,0.996621,0.000379,L,0.996621,0.993621,0.021651,0.003758,0.120314
23,20,00628,normal,988,0,0.005673,0.993546,0.000781,L,0.993546,0.987873,0.037647,0.007234,0.155856
23,20,00628,normal,1255,0,0.005691,0.993601,0.000708,L,0.993601,0.987910,0.037256,0.007107,0.085082
24,13,00096,overcast,853,1,0.000000,1.000000,0.000000,L,1.000000,1.000000,0.000001,0.000000,0.746799
24,13,00096,overcast,612,1,0.000090,0.999895,0.000015,L,0.999895,0.999805,0.001010,0.000120,0.418344
24,13,00096,overcast,1122,1,0.010355,0.987932,0.001713,L,0.987932,0.977577,0.063926,0.013780,0.270993
24,13,00096,overcast,671,1,0.012851,0.985372,0.001777,L,0.985372,0.972521,0.074396,0.016405,0.136355
24,13,00096,overcast,700,1,0.007512,0.991616,0.000872,L,0.991616,0.984103,0.046637,0.009256,0.116606
24,13,00096,overcast,1391,1,0.005541,0.993689,0.000770,L,0.993689,0.988147,0.036957,0.007081,0.158446
24,13,00096,overcast,1124,1,0.009229,0.989196,0.001576,L,0.989196,0.979967,0.058395,0.012380,0.273108
24,13,00096,overcast,674,1,0.023233,0.973711,0.003056,L,0.973711,0.950479,0.119279,0.029344,0.116844
24,13,00096,overcast,941,1,0.006783,0.992090,0.001127,L,0.992090,0.985307,0.044967,0.009038,0.262824
24,13,00096,overcast,1394,1,0.010276,0.987847,0.001877,L,0.987847,0.977571,0.064540,0.014030,0.276719
24,13,00096,overcast,430,1,0.003042,0.996531,0.000428,L,0.996531,0.993489,0.022218,0.003897,0.161899
24,13,00096,overcast,939,1,0.000888,0.998993,0.000119,L,0.998993,0.998105,0.007577,0.001127,0.188006
24,13,00096,overcast,1432,1,0.001357,0.998500,0.000142,L,0.998500,0.997143,0.010670,0.001642,0.110300
24,13,00096,overcast,344,1,0.007581,0.991414,0.001005,L,0.991414,0.983833,0.047784,0.009591,0.148824
24,13,00096,overcast,1127,1,0.008233,0.990324,0.001443,L,0.990324,0.982092,0.053324,0.011119,0.197509
24,13,00096,overcast,855,1,0.010643,0.987906,0.001451,L,0.987906,0.977262,0.063586,0.013546,0.123503
24,13,00096,overcast,1434,1,0.008403,0.990531,0.001066,L,0.990531,0.982127,0.051774,0.010535,0.122281
24,13,00096,overcast,1034,1,0.017036,0.980212,0.002752,L,0.980212,0.963176,0.095752,0.022540,0.176513
24,13,00096,overcast,343,1,0.002620,0.997085,0.000295,L,0.997085,0.994466,0.019007,0.003210,0.119255
24,13,00096,overcast,611,1,0.000617,0.999283,0.000100,L,0.999283,0.998665,0.005646,0.000818,0.304929
24,13,00096,overcast,1302,1,0.000002,0.999998,0.000000,L,0.999998,0.999996,0.000025,0.000002,0.565172
24,13,00096,overcast,1340,1,0.000000,1.000000,0.000000,L,1.000000,0.999999,0.000005,0.000000,0.446788
24,13,00096,overcast,1428,1,0.000106,0.999882,0.000012,L,0.999882,0.999776,0.001114,0.000130,0.225644
24,13,00096,overcast,672,1,0.013020,0.985120,0.001861,L,0.985120,0.972100,0.075540,0.016741,0.142103
24,13,00096,overcast,1249,1,0.000514,0.999430,0.000056,L,0.999430,0.998915,0.004564,0.000626,0.153729
24,13,00096,overcast,704,1,0.006413,0.992632,0.000955,L,0.992632,0.986220,0.042200,0.008322,0.156211
24,13,00096,overcast,1395,1,0.017576,0.979383,0.003041,L,0.979383,0.961807,0.099268,0.023658,0.220381
24,13,00096,overcast,1431,1,0.000001,0.999999,0.000000,L,0.999999,0.999998,0.000013,0.000001,0.335101
24,13,00096,overcast,940,1,0.005762,0.993385,0.000853,L,0.993385,0.987623,0.038533,0.007468,0.202259
24,13,00096,overcast,341,1,0.000659,0.999274,0.000068,L,0.999274,0.998615,0.005644,0.000794,0.099837
24,13,00096,overcast,522,1,0.000000,1.000000,0.000000,L,1.000000,1.000000,0.000004,0.000000,0.625612
24,13,00096,overcast,673,1,0.016022,0.981852,0.002126,L,0.981852,0.965830,0.088563,0.020274,0.127019
24,13,00096,overcast,525,1,0.000392,0.999544,0.000064,L,0.999544,0.999152,0.003777,0.000520,0.350444
24,13,00096,overcast,1337,1,0.001670,0.998109,0.000221,L,0.998109,0.996439,0.013135,0.002112,0.212417
24,13,00096,overcast,614,1,0.005125,0.994029,0.000846,L,0.994029,0.988903,0.035470,0.006818,0.276021
24,13,00096,overcast,1250,1,0.004291,0.995245,0.000464,L,0.995245,0.990955,0.028851,0.005219,0.119265
24,13,00096,overcast,1044,0,0.027167,0.969101,0.003732,L,0.969101,0.941934,0.135843,0.034631,0.137350
24,13,00096,overcast,1073,0,0.015728,0.982462,0.001810,L,0.982462,0.966734,0.085672,0.019348,0.108354
24,13,00096,overcast,984,0,0.011406,0.987190,0.001405,L,0.987190,0.975784,0.066429,0.014215,0.099485
24,13,00096,overcast,626,0,0.004721,0.994681,0.000598,L,0.994681,0.989960,0.031882,0.005916,0.086640
24,13,00096,overcast,1111,0,0.013474,0.984457,0.002069,L,0.984457,0.970984,0.078499,0.017611,0.160965
24,13,00096,overcast,1064,0,0.003636,0.995955,0.000409,L,0.995955,0.992319,0.025167,0.004454,0.074384
24,13,00096,overcast,245,0,0.002175,0.997555,0.000270,L,0.997555,0.995380,0.016382,0.002716,0.101900
24,13,00096,overcast,744,0,0.001442,0.998265,0.000293,L,0.998265,0.996823,0.012332,0.002028,0.292494
24,13,00096,overcast,766,0,0.010326,0.988258,0.001416,L,0.988258,0.977932,0.062064,0.013158,0.136112
24,13,00096,overcast,382,0,0.003672,0.995649,0.000679,L,0.995649,0.991977,0.027202,0.005030,0.239636
24,13,00096,overcast,58,0,0.003279,0.996344,0.000377,L,0.996344,0.993066,0.023100,0.004033,0.115504
24,13,00096,overcast,622,0,0.004913,0.994523,0.000564,L,0.994523,0.989610,0.032585,0.006041,0.081541
24,13,00096,overcast,1353,0,0.011399,0.987086,0.001515,L,0.987086,0.975687,0.067057,0.014429,0.145067
24,13,00096,overcast,789,0,0.011406,0.987146,0.001448,L,0.987146,0.975741,0.066685,0.014301,0.115214
24,13,00096,overcast,210,0,0.004888,0.994468,0.000644,L,0.994468,0.989580,0.033001,0.006175,0.115907
24,13,00096,overcast,283,0,0.010021,0.988635,0.001344,L,0.988635,0.978614,0.060362,0.012709,0.126491
24,13,00096,overcast,733,0,0.006328,0.992661,0.001011,L,0.992661,0.986333,0.042164,0.008350,0.152043
24,13,00096,overcast,1208,0,0.001706,0.998064,0.000230,L,0.998064,0.996358,0.013412,0.002166,0.135354
25,13,00113,overcast,850,1,0.009037,0.989680,0.001283,L,0.989680,0.980643,0.055836,0.011603,0.139181
25,13,00113,overcast,576,1,0.008038,0.990683,0.001279,L,0.990683,0.982645,0.051489,0.010596,0.182445
25,13,00113,overcast,669,1,0.000208,0.999759,0.000033,L,0.999759,0.999551,0.002139,0.000275,0.299318
25,13,00113,overcast,266,1,0.001581,0.998234,0.000184,L,0.998234,0.996653,0.012332,0.001950,0.129520
25,13,00113,overcast,847,1,0.008629,0.990117,0.001254,L,0.990117,0.981489,0.053905,0.011137,0.347315
25,13,00113,overcast,1227,1,0.004732,0.994460,0.000808,L,0.994460,0.989728,0.033322,0.006347,0.185453
25,13,00113,overcast,575,1,0.006762,0.992251,0.000988,L,0.992251,0.985489,0.043999,0.008737,0.143597
25,13,00113,overcast,1135,1,0.002460,0.997149,0.000391,L,0.997149,0.994690,0.018836,0.003242,0.302156
25,13,00113,overcast,1226,1,0.005975,0.992885,0.001139,L,0.992885,0.986910,0.041330,0.008254,0.314038
25,13,00113,overcast,1313,1,0.000021,0.999975,0.000004,L,0.999975,0.999953,0.000277,0.000029,0.488830
25,13,00113,overcast,627,1,0.010002,0.988768,0.001230,L,0.988768,0.978766,0.059590,0.012461,0.107235
25,13,00113,overcast,578,1,0.015245,0.982415,0.002340,L,0.982415,0.967170,0.086820,0.019925,0.159622
25,13,00113,overcast,534,1,0.000767,0.999138,0.000095,L,0.999138,0.998372,0.006590,0.000956,0.127901
25,13,00113,overcast,845,1,0.004938,0.994251,0.000811,L,0.994251,0.989313,0.034345,0.006561,0.286480
25,13,00113,overcast,940,1,0.013635,0.984296,0.002068,L,0.984296,0.970661,0.079127,0.017772,0.128532
25,13,00113,overcast,448,1,0.000832,0.999047,0.000120,L,0.999047,0.998215,0.007228,0.001073,0.149153
25,13,00113,overcast,938,1,0.027839,0.967334,0.004827,L,0.967334,0.939495,0.143426,0.037492,0.214104
25,13,00113,overcast,628,1,0.004000,0.995504,0.000496,L,0.995504,0.991504,0.027620,0.004991,0.094392
25,13,00113,overcast,758,1,0.000000,1.000000,0.000000,L,1.000000,1.000000,0.000002,0.000000,0.819239
25,13,00113,overcast,1046,1,0.004730,0.994514,0.000756,L,0.994514,0.989784,0.032975,0.006241,0.133803
25,13,00113,overcast,580,1,0.006540,0.992558,0.000902,L,0.992558,0.986017,0.042450,0.008345,0.119532
25,13,00113,overcast,1401,1,0.016150,0.981444,0.002406,L,0.981444,0.965293,0.090592,0.020963,0.187890
25,13,00113,overcast,1310,1,0.000284,0.999681,0.000035,L,0.999681,0.999397,0.002730,0.000354,0.205734
25,13,00113,overcast,355,1,0.000628,0.999307,0.000065,L,0.999307,0.998679,0.005417,0.000759,0.112212
25,13,00113,overcast,755,1,0.001360,0.998437,0.000202,L,0.998437,0.997077,0.011160,0.001765,0.360557
25,13,00113,overcast,1043,1,0.003660,0.995750,0.000590,L,0.995750,0.992091,0.026541,0.004839,0.133565
25,13,00113,overcast,354,1,0.001157,0.998717,0.000126,L,0.998717,0.997560,0.009317,0.001409,0.117287
25,13,00113,overcast,357,1,0.002771,0.996902,0.000327,L,0.996902,0.994130,0.020059,0.003426,0.111557
25,13,00113,overcast,1223,1,0.000000,1.000000,0.000000,L,1.000000,1.000000,0.000001,0.000000,0.708207
25,13,00113,overcast,667,1,0.000000,1.000000,0.000000,L,1.000000,1.000000,0.000001,0.000000,0.733852
25,13,00113,overcast,1400,1,0.010711,0.987929,0.001359,L,0.987929,0.977218,0.063319,0.013430,0.155064
25,13,00113,overcast,533,1,0.009648,0.989140,0.001212,L,0.989140,0.979492,0.057997,0.012072,0.118594
25,13,00113,overcast,1041,1,0.007714,0.991186,0.001100,L,0.991186,0.983472,0.048969,0.009915,0.115256
25,13,00113,overcast,574,1,0.004171,0.995253,0.000575,L,0.995253,0.991082,0.029022,0.005322,0.131713
25,13,00113,overcast,624,1,0.007293,0.991634,0.001073,L,0.991634,0.984342,0.046924,0.009438,0.146040
25,13,00113,overcast,1315,1,0.000660,0.999226,0.000114,L,0.999226,0.998567,0.006043,0.000887,0.382717
25,13,00113,overcast,9,0,0.014071,0.984012,0.001917,L,0.984012,0.969940,0.079963,0.017905,0.145585
25,13,00113,overcast,1210,0,0.014881,0.983371,0.001748,L,0.983371,0.968491,0.082104,0.018376,0.105712
25,13,00113,overcast,400,0,0.011233,0.987230,0.001537,L,0.987230,0.975997,0.066511,0.014308,0.130161
25,13,00113,overcast,1116,0,0.008903,0.989659,0.001438,L,0.989659,0.980756,0.056193,0.011780,0.175967
25,13,00113,overcast,662,0,0.004369,0.995048,0.000584,L,0.995048,0.990679,0.030059,0.005536,0.129882
25,13,00113,overcast,832,0,0.002655,0.996911,0.000434,L,0.996911,0.994256,0.020203,0.003524,0.120551
25,13,00113,overcast,1163,0,0.004883,0.994505,0.000612,L,0.994505,0.989622,0.032765,0.006107,0.128724
25,13,00113,overcast,398,0,0.009912,0.988769,0.001320,L,0.988769,0.978857,0.059758,0.012551,0.108358
25,13,00113,overcast,969,0,0.008522,0.990502,0.000976,L,0.990502,0.981980,0.051727,0.010474,0.111965
25,13,00113,overcast,1269,0,0.007439,0.991572,0.000989,L,0.991572,0.984133,0.047051,0.009416,0.135295
25,13,00113,overcast,126,0,0.010101,0.988796,0.001103,L,0.988796,0.978695,0.059226,0.012307,0.110103
25,13,00113,overcast,607,0,0.004137,0.995306,0.000557,L,0.995306,0.991169,0.028726,0.005251,0.095100
25,13,00113,overcast,1068,0,0.021310,0.975939,0.002751,L,0.975939,0.954629,0.111049,0.026811,0.175546
25,13,00113,overcast,647,0,0.002444,0.997247,0.000310,L,0.997247,0.994803,0.018159,0.003063,0.076760
25,13,00113,overcast,923,0,0.003569,0.995994,0.000437,L,0.995994,0.992425,0.025025,0.004443,0.075063
25,13,00113,overcast,331,0,0.002511,0.997239,0.000250,L,0.997239,0.994728,0.018079,0.003010,0.093089
25,13,00113,overcast,1079,0,0.002526,0.997098,0.000376,L,0.997098,0.994572,0.019087,0.003277,0.126520
25,13,00113,overcast,69,0,0.002274,0.997476,0.000251,L,0.997476,0.995202,0.016783,0.002775,0.100142
26,13,00129,overcast,1054,1,0.000000,1.000000,0.000000,L,1.000000,1.000000,0.000002,0.000000,0.549253
26,13,00129,overcast,965,1,0.005200,0.994029,0.000772,L,0.994029,0.988829,0.035344,0.006743,0.303799
26,13,00129,overcast,1148,1,0.016217,0.981446,0.002337,L,0.981446,0.965230,0.090460,0.020890,0.120445
26,13,00129,overcast,1142,1,0.007473,0.991417,0.001110,L,0.991417,0.983945,0.047958,0.009693,0.177734
26,13,00129,overcast,1058,1,0.009159,0.989662,0.001179,L,0.989662,0.980503,0.055725,0.011518,0.116010
26,13,00129,overcast,872,1,0.010946,0.987827,0.001227,L,0.987827,0.976881,0.063481,0.013399,0.094772
26,13,00129,overcast,1237,1,0.011246,0.987283,0.001471,L,0.987283,0.976037,0.066174,0.014188,0.117610
26,13,00129,overcast,660,1,0.002721,0.996819,0.000459,L,0.996819,0.994098,0.020735,0.003640,0.295274
26,13,00129,overcast,755,1,0.018450,0.978817,0.002733,L,0.978817,0.960367,0.100813,0.023916,0.139082
26,13,00129,overcast,1236,1,0.017335,0.980191,0.002474,L,0.980191,0.962856,0.095351,0.022283,0.131196
26,13,00129,overcast,873,1,0.005426,0.993930,0.000644,L,0.993930,0.988504,0.035580,0.006714,0.099031
26,13,00129,overcast,1327,1,0.002918,0.996717,0.000365,L,0.996717,0.993800,0.021117,0.003648,0.115967
26,13,00129,overcast,576,1,0.004791,0.994530,0.000680,L,0.994530,0.989739,0.032770,0.006150,0.110098
26,13,00129,overcast,964,1,0.011019,0.987177,0.001805,L,0.987177,0.976158,0.067190,0.014628,0.202118
26,13,00129,overcast,845,1,0.029883,0.966293,0.003824,L,0.966293,0.936411,0.145021,0.037531,0.112202
26,13,00129,overcast,1235,1,0.011703,0.986543,0.001754,L,0.986543,0.974840,0.069678,0.015210,0.152136
26,13,00129,overcast,875,1,0.014196,0.983700,0.002104,L,0.983700,0.969504,0.081498,0.018404,0.214780
26,13,00129,overcast,666,1,0.006131,0.993069,0.000800,L,0.993069,0.986937,0.039912,0.007732,0.100958
26,13,00129,overcast,840,1,0.003598,0.995811,0.000591,L,0.995811,0.992213,0.026235,0.004780,0.257925
26,13,00129,overcast,482,1,0.014169,0.983900,0.001930,L,0.983900,0.969731,0.080418,0.018030,0.136656
26,13,00129,overcast,968,1,0.009342,0.989214,0.001444,L,0.989214,0.979871,0.058101,0.012230,0.159106
26,13,00129,overcast,575,1,0.014540,0.983199,0.002260,L,0.983199,0.968659,0.083695,0.019061,0.141354
26,13,00129,overcast,486,1,0.002170,0.997547,0.000282,L,0.997547,0.995377,0.016446,0.002735,0.102923
26,13,00129,overcast,480,1,0.008350,0.990561,0.001089,L,0.990561,0.982212,0.051685,0.010528,0.128224
26,13,00129,overcast,481,1,0.012002,0.986344,0.001655,L,0.986344,0.974342,0.070307,0.015311,0.141261
26,13,00129,overcast,1326,1,0.006022,0.993168,0.000810,L,0.993168,0.987146,0.039469,0.007642,0.122407
26,13,00129,overcast,665,1,0.011804,0.986373,0.001823,L,0.986373,0.974569,0.070484,0.015450,0.146709
26,13,00129,overcast,1144,1,0.000000,1.000000,0.000000,L,1.000000,1.000000,0.000001,0.000000,0.560519
26,13,00129,overcast,754,1,0.012047,0.985889,0.002064,L,0.985889,0.973842,0.072828,0.016176,0.202456
26,13,00129,overcast,967,1,0.004550,0.994705,0.000745,L,0.994705,0.990156,0.032022,0.006039,0.239748
26,13,00129,overcast,1143,1,0.000049,0.999944,0.000007,L,0.999944,0.999895,0.000567,0.000062,0.313671
26,13,00129,overcast,1057,1,0.001364,0.998421,0.000215,L,0.998421,0.997057,0.011281,0.001795,0.240498
26,13,00129,overcast,874,1,0.008044,0.990862,0.001094,L,0.990862,0.982819,0.050379,0.010231,0.161464
26,13,00129,overcast,1055,1,0.000000,1.000000,0.000000,L,1.000000,1.000000,0.000003,0.000000,0.558213
26,13,00129,overcast,749,1,0.000217,0.999750,0.000033,L,0.999750,0.999533,0.002206,0.000283,0.321290
26,13,00129,overcast,569,1,0.000661,0.999228,0.000111,L,0.999228,0.998567,0.006027,0.000883,0.289215
26,13,00129,overcast,496,0,0.023150,0.974195,0.002656,L,0.974195,0.951045,0.116873,0.028461,0.092695
26,13,00129,overcast,165,0,0.003276,0.996398,0.000327,L,0.996398,0.993122,0.022717,0.003929,0.084524
26,13,00129,overcast,707,0,0.002408,0.997313,0.000279,L,0.997313,0.994905,0.017733,0.002965,0.136817
26,13,00129,overcast,512,0,0.005785,0.993592,0.000624,L,0.993592,0.987807,0.037134,0.007032,0.076291
26,13,00129,overcast,908,0,0.014359,0.983687,0.001954,L,0.983687,0.969328,0.081282,0.018267,0.138812
26,13,00129,overcast,651,0,0.003743,0.995787,0.000469,L,0.995787,0.992044,0.026141,0.004682,0.072643
26,13,00129,overcast,66,0,0.002081,0.997690,0.000229,L,0.997690,0.995609,0.015545,0.002539,0.096970
26,13,00129,overcast,1395,0,0.009657,0.989026,0.001317,L,0.989026,0.979369,0.058673,0.012292,0.125920
26,13,00129,overcast,615,0,0.001829,0.997951,0.000219,L,0.997951,0.996122,0.014041,0.002268,0.103511
26,13,00129,overcast,289,0,0.005380,0.993812,0.000809,L,0.993812,0.988432,0.036442,0.006997,0.097251
26,13,00129,overcast,342,0,0.003184,0.996484,0.000332,L,0.996484,0.993301,0.022277,0.003848,0.071477
26,13,00129,overcast,62,0,0.001523,0.998318,0.000159,L,0.998318,0.996795,0.011789,0.001841,0.103681
26,13,00129,overcast,1196,0,0.007492,0.991475,0.001034,L,0.991475,0.983983,0.047567,0.009559,0.105086
26,13,00129,overcast,387,0,0.006046,0.993122,0.000831,L,0.993122,0.987076,0.039720,0.007709,0.120794
26,13,00129,overcast,477,0,0.003359,0.996169,0.000472,L,0.996169,0.992810,0.024185,0.004303,0.127360
26,13,00129,overcast,959,0,0.010654,0.987917,0.001428,L,0.987917,0.977263,0.063495,0.013511,0.119672
26,13,00129,overcast,235,0,0.008205,0.990864,0.000930,L,0.990864,0.982659,0.050060,0.010066,0.099312
26,13,00129,overcast,798,0,0.014423,0.983746,0.001831,L,0.983746,0.969323,0.080829,0.018085,0.175803
27,13,00146,overcast,388,1,0.000000,1.000000,0.000000,L,1.000000,1.000000,0.000002,0.000000,0.683173
27,13,00146,overcast,565,1,0.001729,0.997969,0.000301,L,0.997969,0.996240,0.014081,0.002332,0.294120
27,13,00146,overcast,475,1,0.001015,0.998823,0.000162,L,0.998823,0.997808,0.008726,0.001339,0.349133
27,13,00146,overcast,391,1,0.005082,0.994144,0.000774,L,0.994144,0.989062,0.034794,0.006629,0.152516
27,13,00146,overcast,480,1,0.006261,0.992783,0.000956,L,0.992783,0.986522,0.041507,0.008172,0.151834
27,13,00146,overcast,885,1,0.000000,1.000000,0.000000,L,1.000000,1.000000,0.000002,0.000000,0.723387
27,13,00146,overcast,477,1,0.000000,1.000000,0.000000,L,1.000000,1.000000,0.000002,0.000000,0.827275
27,13,00146,overcast,476,1,0.000004,0.999995,0.000001,L,0.999995,0.999991,0.000057,0.000005,0.645744
27,13,00146,overcast,795,1,0.000000,1.000000,0.000000,L,1.000000,1.000000,0.000002,0.000000,0.634508
27,13,00146,overcast,706,1,0.004511,0.994964,0.000526,L,0.994964,0.990453,0.030363,0.005562,0.136148
27,13,00146,overcast,977,1,0.009947,0.988418,0.001635,L,0.988418,0.978471,0.061776,0.013218,0.184989
27,13,00146,overcast,702,1,0.002248,0.997505,0.000247,L,0.997505,0.995257,0.016614,0.002742,0.134447
27,13,00146,overcast,386,1,0.000001,0.999999,0.000000,L,0.999999,0.999998,0.000016,0.000001,0.609721
27,13,00146,overcast,389,1,0.000050,0.999942,0.000008,L,0.999942,0.999892,0.000592,0.000067,0.411671
27,13,00146,overcast,976,1,0.007386,0.991377,0.001237,L,0.991377,0.983991,0.048353,0.009861,0.259832
27,13,00146,overcast,974,1,0.009137,0.989539,0.001324,L,0.989539,0.980403,0.056508,0.011785,0.198533
27,13,00146,overcast,797,1,0.001587,0.998162,0.000251,L,0.998162,0.996575,0.012879,0.002090,0.329651
27,13,00146,overcast,567,1,0.011170,0.986884,0.001946,L,0.986884,0.975714,0.068615,0.015062,0.246638
27,13,00146,overcast,975,1,0.003118,0.996403,0.000480,L,0.996403,0.993285,0.022981,0.004077,0.219444
27,13,00146,overcast,705,1,0.001421,0.998413,0.000165,L,0.998413,0.996992,0.011236,0.001752,0.148003
27,13,00146,overcast,384,1,0.001074,0.998754,0.000172,L,0.998754,0.997680,0.009172,0.001418,0.242592
27,13,00146,overcast,972,1,0.009907,0.988756,0.001338,L,0.988756,0.978849,0.059846,0.012582,0.182288
27,13,00146,overcast,796,1,0.000001,0.999999,0.000000,L,0.999999,0.999999,0.000009,0.000001,0.597383
27,13,00146,overcast,295,1,0.008900,0.989817,0.001284,L,0.989817,0.980917,0.055252,0.011467,0.150777
27,13,00146,overcast,798,1,0.002107,0.997563,0.000330,L,0.997563,0.995455,0.016446,0.002768,0.191609
27,13,00146,overcast,566,1,0.010432,0.987737,0.001831,L,0.987737,0.977305,0.064925,0.014094,0.254986
27,13,00146,overcast,385,1,0.003036,0.996443,0.000521,L,0.996443,0.993407,0.022840,0.004079,0.279767
27,13,00146,overcast,703,1,0.002647,0.997071,0.000283,L,0.997071,0.994424,0.019061,0.003212,0.130124
27,13,00146,overcast,210,1,0.006459,0.992607,0.000934,L,0.992607,0.986147,0.042282,0.008327,0.146260
27,13,00146,overcast,478,1,0.000000,1.000000,0.000000,L,1.000000,1.000000,0.000002,0.000000,0.765745
27,13,00146,overcast,568,1,0.014752,0.982670,0.002578,L,0.982670,0.967918,0.086241,0.019908,0.235012
27,13,00146,overcast,298,1,0.007103,0.991836,0.001061,L,0.991836,0.984733,0.046002,0.009226,0.158428
27,13,00146,overcast,886,1,0.000001,0.999999,0.000000,L,0.999999,0.999999,0.000008,0.000001,0.662402
27,13,00146,overcast,792,1,0.001781,0.997994,0.000225,L,0.997994,0.996213,0.013808,0.002231,0.191983
27,13,00146,overcast,884,1,0.000001,0.999999,0.000000,L,0.999999,0.999998,0.000012,0.000001,0.596839
27,13,00146,overcast,882,1,0.001630,0.998166,0.000204,L,0.998166,0.996536,0.012770,0.002038,0.195591
27,13,00146,overcast,1007,0,0.006309,0.992800,0.000891,L,0.992800,0.986492,0.041317,0.008091,0.080011
27,13,00146,overcast,1377,0,0.012235,0.986168,0.001597,L,0.986168,0.973933,0.070904,0.015429,0.116043
27,13,00146,overcast,1182,0,0.008770,0.989808,0.001422,L,0.989808,0.981038,0.055526,0.011614,0.152813
27,13,00146,overcast,713,0,0.006186,0.993163,0.000651,L,0.993163,0.986976,0.039185,0.007488,0.069867
27,13,00146,overcast,712,0,0.004709,0.994762,0.000529,L,0.994762,0.990052,0.031356,0.005767,0.075110
27,13,00146,overcast,44,0,0.001022,0.998863,0.000115,L,0.998863,0.997841,0.008389,0.001252,0.098600
27,13,00146,overcast,1275,0,0.007440,0.991288,0.001272,L,0.991288,0.983848,0.048804,0.009984,0.171364
27,13,00146,overcast,485,0,0.006629,0.992462,0.000910,L,0.992462,0.985833,0.042900,0.008448,0.106787
27,13,00146,overcast,1214,0,0.009496,0.989277,0.001228,L,0.989277,0.979781,0.057450,0.011951,0.109183
27,13,00146,overcast,542,0,0.004943,0.994349,0.000707,L,0.994349,0.989406,0.033691,0.006358,0.104192
27,13,00146,overcast,173,0,0.002280,0.997445,0.000276,L,0.997445,0.995165,0.017004,0.002831,0.108270
27,13,00146,overcast,824,0,0.011680,0.986643,0.001677,L,0.986643,0.974964,0.069139,0.015033,0.121304
27,13,00146,overcast,160,0,0.003447,0.996172,0.000381,L,0.996172,0.992726,0.023997,0.004209,0.093589
27,13,00146,overcast,1189,0,0.004686,0.994492,0.000823,L,0.994492,0.989806,0.033194,0.006331,0.091586
27,13,00146,overcast,1127,0,0.009071,0.989714,0.001215,L,0.989714,0.980643,0.055566,0.011500,0.114777
27,13,00146,overcast,203,0,0.009506,0.989326,0.001168,L,0.989326,0.979820,0.057129,0.011842,0.111655
27,13,00146,overcast,983,0,0.006744,0.992439,0.000817,L,0.992439,0.985694,0.042834,0.008379,0.084772
27,13,00146,overcast,572,0,0.003531,0.995940,0.000528,L,0.995940,0.992409,0.025465,0.004588,0.140139
28,13,00250,overcast,1254,1,0.004333,0.995115,0.000552,L,0.995115,0.990782,0.029666,0.005437,0.079344
28,13,00250,overcast,1255,1,0.002831,0.996787,0.000381,L,0.996787,0.993956,0.020773,0.003594,0.096929
28,13,00250,overcast,1256,1,0.002855,0.996763,0.000382,L,0.996763,0.993908,0.020902,0.003619,0.095211
28,13,00250,overcast,1257,1,0.002869,0.996747,0.000384,L,0.996747,0.993879,0.020990,0.003636,0.106088
28,13,00250,overcast,1344,1,0.001778,0.997993,0.000229,L,0.997993,0.996215,0.013822,0.002236,0.109155
28,13,00250,overcast,1345,1,0.000393,0.999556,0.000051,L,0.999556,0.999162,0.003670,0.000495,0.124288
28,13,00250,overcast,1346,1,0.000338,0.999617,0.000046,L,0.999617,0.999279,0.003219,0.000429,0.124511
28,13,00250,overcast,1347,1,0.000469,0.999473,0.000059,L,0.999473,0.999004,0.004270,0.000586,0.122001
28,13,00250,overcast,1348,1,0.001598,0.998201,0.000201,L,0.998201,0.996603,0.012563,0.002001,0.120734
28,13,00250,overcast,1349,1,0.004188,0.995280,0.000532,L,0.995280,0.991092,0.028808,0.005251,0.118436
28,13,00250,overcast,1434,1,0.000959,0.998915,0.000126,L,0.998915,0.997956,0.008082,0.001211,0.128003
28,13,00250,overcast,1435,1,0.000224,0.999746,0.000030,L,0.999746,0.999522,0.002228,0.000284,0.143752
28,13,00250,overcast,1436,1,0.000212,0.999758,0.000030,L,0.999758,0.999546,0.002138,0.000272,0.161264
28,13,00250,overcast,1437,1,0.000437,0.999503,0.000060,L,0.999503,0.999066,0.004061,0.000557,0.133527
28,13,00250,overcast,1438,1,0.003757,0.995758,0.000486,L,0.995758,0.992001,0.026323,0.004728,0.121825
28,13,00250,overcast,1439,1,0.008311,0.990618,0.001071,L,0.990618,0.982308,0.051403,0.010453,0.119928
28,13,00250,overcast,1055,0,0.008656,0.990196,0.001149,L,0.990196,0.981540,0.053379,0.010953,0.131196
28,13,00250,overcast,1067,0,0.005487,0.993802,0.000712,L,0.993802,0.988315,0.036317,0.006910,0.098564
28,13,00250,overcast,569,0,0.009513,0.989239,0.001248,L,0.989239,0.979726,0.057648,0.012009,0.092814
28,13,00250,overcast,616,0,0.002671,0.997008,0.000320,L,0.997008,0.994337,0.019472,0.003312,0.083836
28,13,00250,overcast,1371,0,0.015148,0.983002,0.001850,L,0.983002,0.967854,0.083708,0.018848,0.110885
28,13,00250,overcast,343,0,0.001421,0.998419,0.000160,L,0.998419,0.996997,0.011191,0.001741,0.077193
28,13,00250,overcast,528,0,0.002138,0.997609,0.000253,L,0.997609,0.995470,0.016048,0.002644,0.081006
28,13,00250,overcast,586,0,0.011948,0.986605,0.001447,L,0.986605,0.974657,0.068869,0.014841,0.089875
28,13,00250,overcast,533,0,0.004278,0.995227,0.000494,L,0.995227,0.990949,0.028999,0.005267,0.081533
28,13,00250,overcast,508,0,0.000497,0.999453,0.000050,L,0.999453,0.998956,0.004393,0.000598,0.114667
28,13,00250,overcast,298,0,0.005834,0.993249,0.000916,L,0.993249,0.987415,0.039277,0.007667,0.112636
28,13,00250,overcast,1288,0,0.020461,0.977135,0.002404,L,0.977135,0.956673,0.106205,0.025269,0.112341
28,13,00250,overcast,155,0,0.006959,0.992229,0.000812,L,0.992229,0.985271,0.043772,0.008583,0.103297
28,13,00250,overcast,567,0,0.008683,0.990217,0.001100,L,0.990217,0.981534,0.053198,0.010884,0.096754
28,13,00250,overcast,43,0,0.006022,0.993257,0.000720,L,0.993257,0.987235,0.038885,0.007463,0.117183
28,13,00250,overcast,390,0,0.006157,0.993014,0.000829,L,0.993014,0.986857,0.040217,0.007815,0.087683
28,13,00250,overcast,94,0,0.012481,0.985803,0.001716,L,0.985803,0.973323,0.072577,0.015913,0.146865
28,13,00250,overcast,393,0,0.026025,0.970574,0.003401,L,0.970574,0.944549,0.130415,0.032827,0.114429
29,22,00152,overcast,853,1,0.010925,0.987428,0.001646,L,0.987428,0.976503,0.065891,0.014218,0.206093
29,22,00152,overcast,1141,1,0.006125,0.992865,0.001010,L,0.992865,0.986740,0.041220,0.008145,0.209986
29,22,00152,overcast,855,1,0.010030,0.988303,0.001667,L,0.988303,0.978273,0.062309,0.013365,0.279829
29,22,00152,overcast,678,1,0.005552,0.993658,0.000790,L,0.993658,0.988106,0.037137,0.007132,0.143442
29,22,00152,overcast,673,1,0.003066,0.996434,0.000500,L,0.996434,0.993368,0.022850,0.004066,0.286821
29,22,00152,overcast,587,1,0.014981,0.982934,0.002086,L,0.982934,0.967953,0.084405,0.019152,0.140766
29,22,00152,overcast,1161,1,0.002771,0.996745,0.000484,L,0.996745,0.993974,0.021176,0.003740,0.239444
29,22,00152,overcast,1335,1,0.007850,0.990900,0.001251,L,0.990900,0.983050,0.050490,0.010351,0.225575
29,22,00152,overcast,1140,1,0.006486,0.992400,0.001114,L,0.992400,0.985914,0.043531,0.008714,0.246563
29,22,00152,overcast,1067,1,0.000083,0.999906,0.000011,L,0.999906,0.999823,0.000911,0.000105,0.323779
29,22,00152,overcast,1065,1,0.003476,0.996042,0.000482,L,0.996042,0.992565,0.024860,0.004440,0.177427
29,22,00152,overcast,1232,1,0.000129,0.999849,0.000023,L,0.999849,0.999720,0.001408,0.000174,0.375179
29,22,00152,overcast,499,1,0.009763,0.989027,0.001209,L,0.989027,0.979264,0.058466,0.012182,0.099804
29,22,00152,overcast,1317,1,0.000445,0.999482,0.000073,L,0.999482,0.999038,0.004229,0.000591,0.326928
29,22,00152,overcast,1227,1,0.000359,0.999584,0.000056,L,0.999584,0.999225,0.003476,0.000472,0.288521
29,22,00152,overcast,589,1,0.014392,0.983738,0.001870,L,0.983738,0.969346,0.080934,0.018132,0.108380
29,22,00152,overcast,1066,1,0.000858,0.999030,0.000111,L,0.999030,0.998172,0.007320,0.001081,0.206646
29,22,00152,overcast,1336,1,0.004793,0.994465,0.000741,L,0.994465,0.989672,0.033190,0.006276,0.240936
29,22,00152,overcast,672,1,0.000312,0.999644,0.000044,L,0.999644,0.999332,0.003020,0.000400,0.268041
29,22,00152,overcast,677,1,0.000002,0.999998,0.000000,L,0.999998,0.999996,0.000025,0.000002,0.566728
29,22,00152,overcast,1412,1,0.015303,0.982432,0.002265,L,0.982432,0.967129,0.086625,0.019833,0.159833
29,22,00152,overcast,1251,1,0.002098,0.997555,0.000347,L,0.997555,0.995457,0.016513,0.002791,0.211382
29,22,00152,overcast,1340,1,0.004741,0.994587,0.000672,L,0.994587,0.989847,0.032474,0.006085,0.144477
29,22,00152,overcast,1337,1,0.002240,0.997426,0.000334,L,0.997426,0.995186,0.017213,0.002908,0.237668
29,22,00152,overcast,767,1,0.000001,0.999999,0.000000,L,0.999999,0.999998,0.000016,0.000001,0.601040
29,22,00152,overcast,497,1,0.005814,0.993387,0.000799,L,0.993387,0.987572,0.038430,0.007412,0.096981
29,22,00152,overcast,1230,1,0.000000,1.000000,0.000000,L,1.000000,1.000000,0.000004,0.000000,0.631859
29,22,00152,overcast,1322,1,0.000024,0.999972,0.000004,L,0.999972,0.999948,0.000303,0.000032,0.450787
29,22,00152,overcast,1231,1,0.000000,1.000000,0.000000,L,1.000000,0.999999,0.000005,0.000000,0.611868
29,22,00152,overcast,1156,1,0.000062,0.999930,0.000009,L,0.999930,0.999868,0.000698,0.000079,0.359802
29,22,00152,overcast,1248,1,0.000001,0.999998,0.000000,L,0.999998,0.999997,0.000020,0.000002,0.529811
29,22,00152,overcast,493,1,0.019030,0.978322,0.002648,L,0.978322,0.959292,0.102443,0.024325,0.131982
29,22,00152,overcast,1048,1,0.006999,0.992168,0.000833,L,0.992168,0.985169,0.044092,0.008666,0.092765
29,22,00152,overcast,1408,1,0.012320,0.985757,0.001923,L,0.985757,0.973437,0.073121,0.016166,0.219140
29,22,00152,overcast,584,1,0.012465,0.985558,0.001976,L,0.985558,0.973093,0.074004,0.016418,0.218730
29,22,00152,overcast,1158,1,0.000000,1.000000,0.000000,L,1.000000,1.000000,0.000001,0.000000,0.626283
29,22,00152,overcast,239,0,0.007268,0.991969,0.000762,L,0.991969,0.984701,0.044840,0.008793,0.104156
29,22,00152,overcast,663,0,0.011911,0.986548,0.001540,L,0.986548,0.974637,0.069274,0.014992,0.095502
29,22,00152,overcast,252,0,0.010197,0.988528,0.001275,L,0.988528,0.978330,0.060681,0.012747,0.140491
29,22,00152,overcast,83,0,0.000170,0.999810,0.000020,L,0.999810,0.999640,0.001713,0.000210,0.130776
29,22,00152,overcast,139,0,0.005118,0.994322,0.000560,L,0.994322,0.989204,0.033546,0.006238,0.096169
29,22,00152,overcast,196,0,0.029944,0.966391,0.003665,L,0.966391,0.936447,0.144409,0.037274,0.093896
29,22,00152,overcast,1021,0,0.002856,0.996770,0.000374,L,0.996770,0.993914,0.020851,0.003604,0.081035
29,22,00152,overcast,949,0,0.025924,0.970697,0.003378,L,0.970697,0.944773,0.129967,0.032681,0.110091
29,22,00152,overcast,502,0,0.001032,0.998835,0.000133,L,0.998835,0.997803,0.008599,0.001298,0.122695
29,22,00152,overcast,259,0,0.007653,0.991223,0.001123,L,0.991223,0.983570,0.048843,0.009900,0.201460
29,22,00152,overcast,1169,0,0.003475,0.996089,0.000435,L,0.996089,0.992614,0.024530,0.004346,0.118411
29,22,00152,overcast,383,0,0.005533,0.993770,0.000697,L,0.993770,0.988237,0.036440,0.006928,0.076536
29,22,00152,overcast,191,0,0.013098,0.985224,0.001678,L,0.985224,0.972125,0.074798,0.016454,0.113870
29,22,00152,overcast,242,0,0.007880,0.991068,0.001053,L,0.991068,0.983188,0.049403,0.009985,0.117100
29,22,00152,overcast,1193,0,0.014870,0.983055,0.002075,L,0.983055,0.968185,0.083924,0.019020,0.124362
29,22,00152,overcast,1386,0,0.020790,0.975909,0.003300,L,0.975909,0.955119,0.112125,0.027391,0.150963
29,22,00152,overcast,369,0,0.012576,0.985651,0.001774,L,0.985651,0.973075,0.073285,0.016123,0.128928
29,22,00152,overcast,309,0,0.010891,0.987845,0.001264,L,0.987845,0.976955,0.063482,0.013419,0.104012
30,22,00169,overcast,1428,1,0.006603,0.992581,0.000816,L,0.992581,0.985978,0.042183,0.008235,0.133134
30,22,00169,overcast,679,1,0.009528,0.989114,0.001358,L,0.989114,0.979586,0.058373,0.012244,0.132076
30,22,00169,overcast,1340,1,0.003671,0.995896,0.000433,L,0.995896,0.992224,0.025520,0.004538,0.098790
30,22,00169,overcast,1341,1,0.004509,0.994949,0.000542,L,0.994949,0.990440,0.030464,0.005592,0.093047
30,22,00169,overcast,854,1,0.005682,0.993458,0.000860,L,0.993458,0.987776,0.038204,0.007403,0.325557
30,22,00169,overcast,675,1,0.008483,0.990115,0.001401,L,0.990115,0.981632,0.054165,0.011286,0.254639
30,22,00169,overcast,1155,1,0.001011,0.998836,0.000153,L,0.998836,0.997824,0.008632,0.001318,0.303538
30,22,00169,overcast,1158,1,0.000004,0.999996,0.000000,L,0.999996,0.999992,0.000051,0.000005,0.431576
30,22,00169,overcast,858,1,0.000486,0.999425,0.000089,L,0.999425,0.998940,0.004651,0.000664,0.407126
30,22,00169,overcast,1339,1,0.002084,0.997680,0.000236,L,0.997680,0.995596,0.015614,0.002556,0.108192
30,22,00169,overcast,586,1,0.011078,0.987396,0.001525,L,0.987396,0.976318,0.065809,0.014129,0.123273
30,22,00169,overcast,860,1,0.005288,0.993983,0.000729,L,0.993983,0.988695,0.035487,0.006746,0.117261
30,22,00169,overcast,1068,1,0.001872,0.997901,0.000227,L,0.997901,0.996029,0.014346,0.002327,0.115266
30,22,00169,overcast,1247,1,0.000000,1.000000,0.000000,L,1.000000,1.000000,0.000003,0.000000,0.605475
30,22,00169,overcast,1251,1,0.002552,0.997129,0.000319,L,0.997129,0.994576,0.018819,0.003190,0.093569
30,22,00169,overcast,947,1,0.008827,0.989589,0.001584,L,0.989589,0.980762,0.056727,0.011995,0.240243
30,22,00169,overcast,1066,1,0.000115,0.999872,0.000013,L,0.999872,0.999758,0.001199,0.000141,0.230983
30,22,00169,overcast,1336,1,0.000940,0.998931,0.000130,L,0.998931,0.997991,0.007989,0.001199,0.224806
30,22,00169,overcast,587,1,0.010920,0.987640,0.001440,L,0.987640,0.976720,0.064655,0.013799,0.109897
30,22,00169,overcast,770,1,0.004068,0.995331,0.000601,L,0.995331,0.991263,0.028680,0.005270,0.129066
30,22,00169,overcast,1338,1,0.000146,0.999837,0.000017,L,0.999837,0.999692,0.001488,0.000179,0.213282
30,22,00169,overcast,768,1,0.000058,0.999932,0.000010,L,0.999932,0.999874,0.000682,0.000078,0.506862
30,22,00169,overcast,680,1,0.003750,0.995715,0.000535,L,0.995715,0.991965,0.026630,0.004821,0.117888
30,22,00169,overcast,1249,1,0.000034,0.999962,0.000004,L,0.999962,0.999928,0.000397,0.000042,0.191897
30,22,00169,overcast,1070,1,0.005131,0.994204,0.000665,L,0.994204,0.989074,0.034311,0.006460,0.105315
30,22,00169,overcast,853,1,0.007114,0.991668,0.001218,L,0.991668,0.984555,0.047018,0.009550,0.271099
30,22,00169,overcast,769,1,0.007473,0.991061,0.001466,L,0.991061,0.983588,0.050115,0.010405,0.271087
30,22,00169,overcast,585,1,0.015257,0.982603,0.002141,L,0.982603,0.967346,0.085761,0.019538,0.131955
30,22,00169,overcast,1431,1,0.006669,0.992507,0.000824,L,0.992507,0.985838,0.042534,0.008317,0.105431
30,22,00169,overcast,1430,1,0.006949,0.992190,0.000861,L,0.992190,0.985241,0.044044,0.008671,0.112000
30,22,00169,overcast,764,1,0.000936,0.998921,0.000143,L,0.998921,0.997985,0.008075,0.001222,0.362648
30,22,00169,overcast,589,1,0.006170,0.993033,0.000797,L,0.993033,0.986864,0.040069,0.007764,0.092353
30,22,00169,overcast,1154,1,0.000425,0.999508,0.000066,L,0.999508,0.999083,0.004035,0.000558,0.328587
30,22,00169,overcast,1248,1,0.000000,1.000000,0.000000,L,1.000000,1.000000,0.000003,0.000000,0.526195
30,22,00169,overcast,856,1,0.000001,0.999999,0.000000,L,0.999999,0.999998,0.000013,0.000001,0.679305
30,22,00169,overcast,1427,1,0.001387,0.998442,0.000171,L,0.998442,0.997056,0.011073,0.001729,0.160089
30,22,00169,overcast,474,0,0.008959,0.989753,0.001288,L,0.989753,0.980794,0.055531,0.011535,0.095799
30,22,00169,overcast,1020,0,0.011538,0.986787,0.001675,L,0.986787,0.975249,0.068555,0.014888,0.133522
30,22,00169,overcast,1090,0,0.013067,0.985083,0.001850,L,0.985083,0.972015,0.075667,0.016768,0.124953
30,22,00169,overcast,1078,0,0.006298,0.992907,0.000795,L,0.992907,0.986608,0.040651,0.007889,0.124543
30,22,00169,overcast,528,0,0.002406,0.997334,0.000261,L,0.997334,0.994928,0.017587,0.002927,0.070230
30,22,00169,overcast,1390,0,0.009154,0.989640,0.001206,L,0.989640,0.980486,0.055866,0.011566,0.115892
30,22,00169,overcast,704,0,0.008533,0.990381,0.001086,L,0.990381,0.981849,0.052459,0.010704,0.090511
30,22,00169,overcast,464,0,0.009022,0.989609,0.001369,L,0.989609,0.980587,0.056288,0.011760,0.085878
30,22,00169,overcast,1284,0,0.011258,0.987119,0.001623,L,0.987119,0.975862,0.067114,0.014504,0.138909
30,22,00169,overcast,398,0,0.003430,0.996168,0.000402,L,0.996168,0.992737,0.024062,0.004234,0.074250
30,22,00169,overcast,1315,0,0.001285,0.998540,0.000175,L,0.998540,0.997255,0.010490,0.001634,0.177700
30,22,00169,overcast,1382,0,0.019533,0.977565,0.002902,L,0.977565,0.958032,0.105598,0.025337,0.137045
30,22,00169,overcast,229,0,0.004357,0.995151,0.000493,L,0.995151,0.990794,0.029377,0.005342,0.093863
30,22,00169,overcast,424,0,0.001826,0.997948,0.000227,L,0.997948,0.996122,0.014077,0.002279,0.117553
30,22,00169,overcast,1289,0,0.009614,0.989046,0.001339,L,0.989046,0.979432,0.058627,0.012293,0.124456
30,22,00169,overcast,746,0,0.004021,0.995482,0.000497,L,0.995482,0.991461,0.027733,0.005015,0.095079
30,22,00169,overcast,1228,0,0.004599,0.994818,0.000583,L,0.994818,0.990219,0.031187,0.005765,0.108421
30,22,00169,overcast,824,0,0.013957,0.984103,0.001940,L,0.984103,0.970146,0.079653,0.017837,0.102153
31,22,00185,overcast,1128,1,0.009829,0.988484,0.001686,L,0.988484,0.978655,0.061578,0.013202,0.217067
31,22,00185,overcast,949,1,0.004542,0.994621,0.000837,L,0.994621,0.990079,0.032583,0.006216,0.241535
31,22,00185,overcast,1123,1,0.007811,0.991046,0.001143,L,0.991046,0.983234,0.049660,0.010097,0.153500
31,22,00185,overcast,765,1,0.027100,0.969180,0.003719,L,0.969180,0.942080,0.135563,0.034539,0.124230
31,22,00185,overcast,947,1,0.000000,1.000000,0.000000,L,1.000000,1.000000,0.000002,0.000000,0.734356
31,22,00185,overcast,855,1,0.017896,0.979101,0.003003,L,0.979101,0.961205,0.100234,0.023901,0.223520
31,22,00185,overcast,856,1,0.014700,0.982742,0.002558,L,0.982742,0.968041,0.085935,0.019816,0.264509
31,22,00185,overcast,1130,1,0.004068,0.995394,0.000538,L,0.995394,0.991326,0.028251,0.005144,0.098436
31,22,00185,overcast,1217,1,0.003374,0.996145,0.000482,L,0.996145,0.992771,0.024329,0.004337,0.142206
31,22,00185,overcast,1036,1,0.000003,0.999997,0.000000,L,0.999997,0.999994,0.000041,0.000004,0.641915
31,22,00185,overcast,950,1,0.005866,0.993250,0.000884,L,0.993250,0.987385,0.039217,0.007634,0.144360
31,22,00185,overcast,943,1,0.000491,0.999434,0.000075,L,0.999434,0.998942,0.004570,0.000641,0.252242
31,22,00185,overcast,1125,1,0.010209,0.988123,0.001668,L,0.988123,0.977914,0.063060,0.013545,0.267123
31,22,00185,overcast,1127,1,0.002971,0.996498,0.000531,L,0.996498,0.993528,0.022561,0.004033,0.297218
31,22,00185,overcast,1220,1,0.006399,0.992835,0.000766,L,0.992835,0.986436,0.040924,0.007931,0.080923
31,22,00185,overcast,1033,1,0.003360,0.996140,0.000501,L,0.996140,0.992780,0.024390,0.004361,0.211119
31,22,00185,overcast,1037,1,0.000002,0.999998,0.000000,L,0.999998,0.999997,0.000024,0.000002,0.642499
31,22,00185,overcast,1040,1,0.004228,0.995207,0.000565,L,0.995207,0.990979,0.029235,0.005358,0.114419
31,22,00185,overcast,1038,1,0.000351,0.999583,0.000066,L,0.999583,0.999232,0.003501,0.000484,0.409770
31,22,00185,overcast,1219,1,0.010840,0.987842,0.001319,L,0.987842,0.977002,0.063602,0.013477,0.095414
31,22,00185,overcast,764,1,0.023892,0.972720,0.003389,L,0.972720,0.948828,0.123241,0.030669,0.123307
31,22,00185,overcast,944,1,0.002194,0.997418,0.000387,L,0.997418,0.995224,0.017344,0.002969,0.270921
31,22,00185,overcast,853,1,0.006358,0.992645,0.000997,L,0.992645,0.986287,0.042213,0.008352,0.152055
31,22,00185,overcast,1039,1,0.004177,0.995066,0.000757,L,0.995066,0.990888,0.030261,0.005691,0.239670
31,22,00185,overcast,859,1,0.006227,0.992927,0.000846,L,0.992927,0.986700,0.040651,0.007919,0.110620
31,22,00185,overcast,860,1,0.003822,0.995708,0.000470,L,0.995708,0.991886,0.026544,0.004762,0.089362
31,22,00185,overcast,1124,1,0.011737,0.986284,0.001979,L,0.986284,0.974547,0.071101,0.015695,0.253458
31,22,00185,overcast,766,1,0.018833,0.978519,0.002648,L,0.978519,0.959685,0.101739,0.024130,0.125231
31,22,00185,overcast,948,1,0.000017,0.999980,0.000003,L,0.999980,0.999963,0.000221,0.000023,0.521148
31,22,00185,overcast,1034,1,0.006464,0.992439,0.001097,L,0.992439,0.985975,0.043324,0.008658,0.294984
31,22,00185,overcast,854,1,0.009141,0.989367,0.001492,L,0.989367,0.980226,0.057529,0.012125,0.190690
31,22,00185,overcast,1126,1,0.001847,0.997835,0.000318,L,0.997835,0.995989,0.014879,0.002482,0.317013
31,22,00185,overcast,1218,1,0.003882,0.995586,0.000532,L,0.995586,0.991704,0.027279,0.004947,0.118064
31,22,00185,overcast,1035,1,0.000752,0.999132,0.000117,L,0.999132,0.998380,0.006672,0.000985,0.378532
31,22,00185,overcast,857,1,0.011540,0.986459,0.002002,L,0.986459,0.974919,0.070432,0.015543,0.244357
31,22,00185,overcast,945,1,0.000035,0.999960,0.000006,L,0.999960,0.999925,0.000425,0.000046,0.500654
31,22,00185,overcast,98,0,0.008341,0.990345,0.001314,L,0.990345,0.982005,0.053020,0.010968,0.167071
31,22,00185,overcast,451,0,0.004089,0.995300,0.000611,L,0.995300,0.991211,0.028851,0.005311,0.107196
31,22,00185,overcast,530,0,0.006355,0.992887,0.000759,L,0.992887,0.986532,0.040673,0.007872,0.111257
31,22,00185,overcast,993,0,0.009747,0.988914,0.001338,L,0.988914,0.979167,0.059181,0.012424,0.069653
31,22,00185,overcast,816,0,0.018491,0.978739,0.002770,L,0.978739,0.960249,0.101157,0.024031,0.087713
31,22,00185,overcast,12,0,0.015201,0.982562,0.002238,L,0.982562,0.967361,0.086088,0.019676,0.142900
31,22,00185,overcast,493,0,0.006610,0.992545,0.000845,L,0.992545,0.985935,0.042401,0.008300,0.084638
31,22,00185,overcast,571,0,0.021905,0.975415,0.002680,L,0.975415,0.953510,0.112735,0.027265,0.088167
31,22,00185,overcast,38,0,0.005173,0.994179,0.000648,L,0.994179,0.989005,0.034404,0.006470,0.114990
31,22,00185,overcast,757,0,0.006421,0.992781,0.000798,L,0.992781,0.986360,0.041235,0.008017,0.080906
31,22,00185,overcast,17,0,0.023501,0.973696,0.002804,L,0.973696,0.950195,0.118856,0.029108,0.115360
31,22,00185,overcast,230,0,0.018585,0.979055,0.002359,L,0.979055,0.960470,0.099277,0.023304,0.110223
31,22,00185,overcast,51,0,0.010843,0.987934,0.001224,L,0.987934,0.977091,0.063037,0.013290,0.107030
31,22,00185,overcast,1152,0,0.004015,0.995518,0.000467,L,0.995518,0.991503,0.027498,0.004950,0.082419
31,22,00185,overcast,1190,0,0.013406,0.984792,0.001803,L,0.984792,0.971386,0.076723,0.017011,0.107315
31,22,00185,overcast,1209,0,0.019748,0.977605,0.002647,L,0.977605,0.957857,0.105000,0.025042,0.112362
31,22,00185,overcast,388,0,0.010505,0.988247,0.001248,L,0.988247,0.977743,0.061793,0.013001,0.087743
31,22,00185,overcast,54,0,0.003796,0.995773,0.000431,L,0.995773,0.991977,0.026139,0.004658,0.112360
32,22,00202,overcast,1163,1,0.002284,0.997434,0.000281,L,0.997434,0.995150,0.017073,0.002847,0.100824
32,22,00202,overcast,1040,1,0.015205,0.982144,0.002651,L,0.982144,0.966939,0.088360,0.020507,0.281794
32,22,00202,overcast,1129,1,0.008486,0.990138,0.001376,L,0.990138,0.981653,0.054023,0.011238,0.208347
32,22,00202,overcast,945,1,0.000516,0.999419,0.000066,L,0.999419,0.998903,0.004658,0.000647,0.212210
32,22,00202,overcast,768,1,0.012594,0.985536,0.001870,L,0.985536,0.972943,0.073909,0.016334,0.179751
32,22,00202,overcast,1431,1,0.009824,0.988737,0.001439,L,0.988737,0.978913,0.060103,0.012702,0.149206
32,22,00202,overcast,767,1,0.009505,0.989106,0.001388,L,0.989106,0.979601,0.058460,0.012282,0.162432
32,22,00202,overcast,1433,1,0.006295,0.992837,0.000868,L,0.992837,0.986542,0.041104,0.008030,0.127323
32,22,00202,overcast,1158,1,0.000053,0.999939,0.000008,L,0.999939,0.999886,0.000615,0.000069,0.449821
32,22,00202,overcast,1160,1,0.000621,0.999281,0.000098,L,0.999281,0.998660,0.005650,0.000817,0.332469
32,22,00202,overcast,946,1,0.003266,0.996191,0.000543,L,0.996191,0.992925,0.024195,0.004352,0.287834
32,22,00202,overcast,1427,1,0.006467,0.992630,0.000904,L,0.992630,0.986163,0.042121,0.008274,0.198261
32,22,00202,overcast,1156,1,0.000778,0.999115,0.000107,L,0.999115,0.998337,0.006765,0.000992,0.187968
32,22,00202,overcast,1341,1,0.002034,0.997627,0.000339,L,0.997627,0.995593,0.016100,0.002713,0.244540
32,22,00202,overcast,863,1,0.003683,0.995883,0.000434,L,0.995883,0.992201,0.025583,0.004550,0.077980
32,22,00202,overcast,1252,1,0.001571,0.998216,0.000214,L,0.998216,0.996645,0.012497,0.001998,0.149756
32,22,00202,overcast,1429,1,0.002042,0.997653,0.000305,L,0.997653,0.995610,0.015894,0.002652,0.219789
32,22,00202,overcast,1251,1,0.000214,0.999753,0.000034,L,0.999753,0.999539,0.002184,0.000281,0.331764
32,22,00202,overcast,1125,1,0.014952,0.983005,0.002043,L,0.983005,0.968053,0.084054,0.019038,0.111198
32,22,00202,overcast,1036,1,0.014247,0.983463,0.002290,L,0.983463,0.969216,0.082730,0.018827,0.224522
32,22,00202,overcast,1132,1,0.005045,0.994260,0.000695,L,0.994260,0.989215,0.034100,0.006435,0.122318
32,22,00202,overcast,1343,1,0.004105,0.995356,0.000539,L,0.995356,0.991251,0.028444,0.005183,0.116748
32,22,00202,overcast,1157,1,0.000297,0.999659,0.000043,L,0.999659,0.999362,0.002904,0.000384,0.304059
32,22,00202,overcast,1338,1,0.000027,0.999969,0.000004,L,0.999969,0.999941,0.000335,0.000035,0.472871
32,22,00202,overcast,770,1,0.015770,0.982127,0.002103,L,0.982127,0.966358,0.087489,0.019976,0.128912
32,22,00202,overcast,1067,1,0.000486,0.999445,0.000069,L,0.999445,0.998960,0.004479,0.000624,0.189212
32,22,00202,overcast,1430,1,0.008705,0.989873,0.001423,L,0.989873,0.981168,0.055248,0.011550,0.211037
32,22,00202,overcast,1126,1,0.021432,0.975371,0.003197,L,0.975371,0.953939,0.113827,0.027826,0.148830
32,22,00202,overcast,1127,1,0.012333,0.985734,0.001933,L,0.985734,0.973401,0.073228,0.016198,0.193407
32,22,00202,overcast,1250,1,0.000000,1.000000,0.000000,L,1.000000,0.999999,0.000005,0.000000,0.595885
32,22,00202,overcast,1038,1,0.003211,0.996288,0.000500,L,0.996288,0.993077,0.023615,0.004212,0.325193
32,22,00202,overcast,1159,1,0.000048,0.999944,0.000007,L,0.999944,0.999896,0.000569,0.000063,0.442540
32,22,00202,overcast,1037,1,0.007613,0.991181,0.001206,L,0.991181,0.983567,0.049173,0.010025,0.291966
32,22,00202,overcast,950,1,0.000022,0.999974,0.000004,L,0.999974,0.999952,0.000280,0.000029,0.525280
32,22,00202,overcast,1426,1,0.007998,0.990922,0.001080,L,0.990922,0.982923,0.050095,0.010159,0.174115
32,22,00202,overcast,952,1,0.007019,0.991922,0.001059,L,0.991922,0.984903,0.045609,0.009136,0.154037
32,22,00202,overcast,1210,0,0.020959,0.976179,0.002862,L,0.976179,0.955220,0.110416,0.026683,0.123403
32,22,00202,overcast,614,0,0.018808,0.978869,0.002323,L,0.978869,0.960061,0.099878,0.023454,0.123905
32,22,00202,overcast,121,0,0.004467,0.995056,0.000477,L,0.995056,0.990589,0.029811,0.005421,0.094066
32,22,00202,overcast,394,0,0.008693,0.990281,0.001026,L,0.990281,0.981588,0.052778,0.010745,0.083712
32,22,00202,overcast,547,0,0.015216,0.982878,0.001906,L,0.982878,0.967662,0.084283,0.019027,0.082699
32,22,00202,overcast,825,0,0.012008,0.986317,0.001675,L,0.986317,0.974308,0.070450,0.015358,0.094374
32,22,00202,overcast,99,0,0.010147,0.988596,0.001257,L,0.988596,0.978449,0.060360,0.012660,0.104635
32,22,00202,overcast,816,0,0.008314,0.990465,0.001221,L,0.990465,0.982151,0.052342,0.010756,0.112399
32,22,00202,overcast,357,0,0.002120,0.997644,0.000235,L,0.997644,0.995524,0.015814,0.002591,0.098594
32,22,00202,overcast,954,0,0.004151,0.995284,0.000566,L,0.995284,0.991133,0.028854,0.005282,0.117481
32,22,00202,overcast,1070,0,0.001541,0.998249,0.000210,L,0.998249,0.996709,0.012290,0.001960,0.114435
32,22,00202,overcast,101,0,0.010379,0.988355,0.001265,L,0.988355,0.977976,0.061379,0.012910,0.098585
32,22,00202,overcast,1438,0,0.004458,0.994968,0.000575,L,0.994968,0.990510,0.030435,0.005607,0.109662
32,22,00202,overcast,1031,0,0.029822,0.966101,0.004078,L,0.966101,0.936279,0.146097,0.037977,0.132751
32,22,00202,overcast,533,0,0.003710,0.995867,0.000423,L,0.995867,0.992158,0.025644,0.004556,0.114928
32,22,00202,overcast,474,0,0.010530,0.987937,0.001533,L,0.987937,0.977407,0.063602,0.013596,0.090189
32,22,00202,overcast,677,0,0.012163,0.986164,0.001673,L,0.986164,0.974001,0.071058,0.015509,0.115439
32,22,00202,overcast,512,0,0.009405,0.989442,0.001154,L,0.989442,0.980037,0.056612,0.011712,0.119636
33,22,00218,overcast,948,1,0.002987,0.996531,0.000482,L,0.996531,0.993543,0.022311,0.003951,0.249212
33,22,00218,overcast,861,1,0.000001,0.999999,0.000000,L,0.999999,0.999998,0.000011,0.000001,0.499275
33,22,00218,overcast,863,1,0.002165,0.997552,0.000282,L,0.997552,0.995387,0.016417,0.002730,0.108939
33,22,00218,overcast,953,1,0.001391,0.998370,0.000239,L,0.998370,0.996979,0.011625,0.001869,0.249602
33,22,00218,overcast,1040,1,0.003727,0.995736,0.000537,L,0.995736,0.992009,0.026524,0.004801,0.336515
33,22,00218,overcast,769,1,0.013632,0.984605,0.001763,L,0.984605,0.970973,0.077378,0.017158,0.120851
33,22,00218,overcast,1342,1,0.000003,0.999996,0.000001,L,0.999996,0.999993,0.000047,0.000004,0.503664
33,22,00218,overcast,1255,1,0.001956,0.997774,0.000270,L,0.997774,0.995818,0.015147,0.002496,0.133278
33,22,00218,overcast,1248,1,0.000343,0.999615,0.000043,L,0.999615,0.999272,0.003230,0.000428,0.216815
33,22,00218,overcast,1253,1,0.000243,0.999714,0.000043,L,0.999714,0.999471,0.002494,0.000329,0.309119
33,22,00218,overcast,1044,1,0.005479,0.993712,0.000808,L,0.993712,0.988233,0.036914,0.007096,0.140514
33,22,00218,overcast,771,1,0.009821,0.988873,0.001306,L,0.988873,0.979053,0.059294,0.012433,0.117164
33,22,00218,overcast,1132,1,0.011922,0.986148,0.001930,L,0.986148,0.974226,0.071568,0.015782,0.214577
33,22,00218,overcast,1432,1,0.002195,0.997456,0.000349,L,0.997456,0.995261,0.017075,0.002894,0.201953
33,22,00218,overcast,858,1,0.001996,0.997745,0.000258,L,0.997745,0.995749,0.015289,0.002513,0.139271
33,22,00218,overcast,1043,1,0.004983,0.994138,0.000879,L,0.994138,0.989156,0.034995,0.006740,0.235294
33,22,00218,overcast,768,1,0.010036,0.988680,0.001284,L,0.988680,0.978644,0.060061,0.012603,0.111604
33,22,00218,overcast,1254,1,0.001045,0.998804,0.000151,L,0.998804,0.997760,0.008822,0.001346,0.148172
33,22,00218,overcast,1159,1,0.001645,0.998151,0.000204,L,0.998151,0.996506,0.012860,0.002054,0.172052
33,22,00218,overcast,955,1,0.003623,0.995864,0.000513,L,0.995864,0.992241,0.025830,0.004649,0.121507
33,22,00218,overcast,773,1,0.003507,0.996036,0.000456,L,0.996036,0.992529,0.024844,0.004420,0.095266
33,22,00218,overcast,1130,1,0.008940,0.989604,0.001456,L,0.989604,0.980663,0.056460,0.011853,0.259157
33,22,00218,overcast,1129,1,0.009916,0.988472,0.001612,L,0.988472,0.978556,0.061512,0.013141,0.241818
33,22,00218,overcast,1435,1,0.000874,0.999003,0.000123,L,0.999003,0.998129,0.007519,0.001120,0.147876
33,22,00218,overcast,862,1,0.000010,0.999988,0.000001,L,0.999988,0.999978,0.000136,0.000013,0.307634
33,22,00218,overcast,1434,1,0.000348,0.999599,0.000053,L,0.999599,0.999250,0.003364,0.000454,0.198982
33,22,00218,overcast,1158,1,0.001900,0.997854,0.000246,L,0.997854,0.995955,0.014647,0.002392,0.150023
33,22,00218,overcast,1162,1,0.001470,0.998284,0.000246,L,0.998284,0.996814,0.012148,0.001962,0.246601
33,22,00218,overcast,775,1,0.002020,0.997712,0.000268,L,0.997712,0.995693,0.015492,0.002555,0.100135
33,22,00218,overcast,1429,1,0.013029,0.985006,0.001964,L,0.985006,0.971977,0.076168,0.016958,0.208759
33,22,00218,overcast,1433,1,0.001529,0.998240,0.000230,L,0.998240,0.996711,0.012380,0.001990,0.163895
33,22,00218,overcast,1164,1,0.003652,0.995862,0.000485,L,0.995862,0.992210,0.025787,0.004623,0.116490
33,22,00218,overcast,774,1,0.001897,0.997854,0.000250,L,0.997854,0.995957,0.014658,0.002396,0.098515
33,22,00218,overcast,772,1,0.006605,0.992545,0.000851,L,0.992545,0.985940,0.042413,0.008306,0.100217
33,22,00218,overcast,1340,1,0.000427,0.999500,0.000073,L,0.999500,0.999073,0.004103,0.000573,0.317344
33,22,00218,overcast,951,1,0.000000,1.000000,0.000000,L,1.000000,1.000000,0.000001,0.000000,0.730577
33,22,00218,overcast,556,0,0.006825,0.992366,0.000809,L,0.992366,0.985542,0.043145,0.008442,0.086908
33,22,00218,overcast,421,0,0.004959,0.994343,0.000698,L,0.994343,0.989385,0.033703,0.006355,0.209821
33,22,00218,overcast,826,0,0.016166,0.981466,0.002368,L,0.981466,0.965300,0.090441,0.020902,0.107757
33,22,00218,overcast,1197,0,0.010593,0.988086,0.001322,L,0.988086,0.977493,0.062603,0.013236,0.103113
33,22,00218,overcast,978,0,0.001804,0.997974,0.000222,L,0.997974,0.996169,0.013919,0.002248,0.111389
33,22,00218,overcast,412,0,0.020858,0.976573,0.002569,L,0.976573,0.955715,0.108493,0.025995,0.108637
33,22,00218,overcast,193,0,0.013710,0.984447,0.001843,L,0.984447,0.970738,0.078138,0.017395,0.126816
33,22,00218,overcast,1422,0,0.013819,0.984308,0.001873,L,0.984308,0.970489,0.078735,0.017565,0.105488
33,22,00218,overcast,365,0,0.019552,0.977864,0.002585,L,0.977864,0.958312,0.103967,0.024721,0.102046
33,22,00218,overcast,1199,0,0.011779,0.986750,0.001472,L,0.986750,0.974971,0.068335,0.014722,0.103927
33,22,00218,overcast,1282,0,0.011353,0.987140,0.001507,L,0.987140,0.975787,0.066821,0.014367,0.125937
33,22,00218,overcast,566,0,0.007508,0.991557,0.000935,L,0.991557,0.984049,0.047018,0.009377,0.078740
33,22,00218,overcast,1312,0,0.009544,0.989326,0.001130,L,0.989326,0.979782,0.057058,0.011805,0.115601
33,22,00218,overcast,956,0,0.003653,0.995895,0.000452,L,0.995895,0.992242,0.025560,0.004557,0.099607
33,22,00218,overcast,302,0,0.018882,0.978441,0.002676,L,0.978441,0.959559,0.102066,0.024235,0.128060
33,22,00218,overcast,434,0,0.005433,0.993919,0.000648,L,0.993919,0.988486,0.035640,0.006729,0.090556
33,22,00218,overcast,1150,0,0.003655,0.995735,0.000610,L,0.995735,0.992080,0.026653,0.004875,0.198043
33,22,00218,overcast,550,0,0.005632,0.993683,0.000685,L,0.993683,0.988051,0.036827,0.007002,0.084303
34,22,00235,overcast,952,1,0.000004,0.999995,0.000001,L,0.999995,0.999991,0.000059,0.000005,0.632527
34,22,00235,overcast,954,1,0.000003,0.999996,0.000001,L,0.999996,0.999992,0.000051,0.000005,0.613057
34,22,00235,overcast,863,1,0.001823,0.997912,0.000265,L,0.997912,0.996089,0.014350,0.002353,0.153672
34,22,00235,overcast,1224,1,0.017851,0.979708,0.002441,L,0.979708,0.961858,0.097058,0.022733,0.141060
34,22,00235,overcast,1225,1,0.011736,0.986784,0.001479,L,0.986784,0.975048,0.068210,0.014695,0.112166
34,22,00235,overcast,860,1,0.002790,0.996825,0.000385,L,0.996825,0.994035,0.020578,0.003560,0.146818
34,22,00235,overcast,1165,1,0.002830,0.996741,0.000429,L,0.996741,0.993912,0.021102,0.003687,0.226124
34,22,00235,overcast,1071,1,0.009483,0.989310,0.001206,L,0.989310,0.979827,0.057267,0.011896,0.132160
34,22,00235,overcast,1435,1,0.010286,0.988142,0.001572,L,0.988142,0.977856,0.062818,0.013430,0.172362
34,22,00235,overcast,864,1,0.003027,0.996543,0.000430,L,0.996543,0.993517,0.022157,0.003887,0.123532
34,22,00235,overcast,953,1,0.000001,0.999999,0.000000,L,0.999999,0.999999,0.000010,0.000001,0.718326
34,22,00235,overcast,1133,1,0.004251,0.995015,0.000735,L,0.995015,0.990764,0.030480,0.005720,0.310790
34,22,00235,overcast,1047,1,0.005309,0.993990,0.000701,L,0.993990,0.988681,0.035403,0.006711,0.097035
34,22,00235,overcast,950,1,0.001386,0.998385,0.000229,L,0.998385,0.996999,0.011517,0.001844,0.274491
34,22,00235,overcast,1253,1,0.000001,0.999999,0.000000,L,0.999999,0.999999,0.000010,0.000001,0.579984
34,22,00235,overcast,1226,1,0.006476,0.992726,0.000798,L,0.992726,0.986250,0.041488,0.008073,0.098980
34,22,00235,overcast,1343,1,0.000002,0.999997,0.000000,L,0.999997,0.999995,0.000037,0.000003,0.568910
34,22,00235,overcast,1342,1,0.001810,0.997894,0.000296,L,0.997894,0.996085,0.014506,0.002402,0.286327
34,22,00235,overcast,1256,1,0.002052,0.997634,0.000314,L,0.997634,0.995583,0.016013,0.002679,0.152460
34,22,00235,overcast,1168,1,0.007437,0.991619,0.000944,L,0.991619,0.984182,0.046762,0.009325,0.101174
34,22,00235,overcast,1131,1,0.016716,0.980593,0.002691,L,0.980593,0.963877,0.094239,0.022097,0.288180
34,22,00235,overcast,1166,1,0.002216,0.997449,0.000334,L,0.997449,0.995233,0.017084,0.002885,0.154088
34,22,00235,overcast,1167,1,0.004299,0.995105,0.000596,L,0.995105,0.990806,0.029797,0.005491,0.114370
34,22,00235,overcast,1046,1,0.005243,0.993950,0.000807,L,0.993950,0.988707,0.035781,0.006857,0.144433
34,22,00235,overcast,1134,1,0.012022,0.985845,0.002133,L,0.985845,0.973823,0.073110,0.016287,0.243603
34,22,00235,overcast,1135,1,0.012227,0.985903,0.001870,L,0.985903,0.973676,0.072450,0.015967,0.153187
34,22,00235,overcast,1347,1,0.004605,0.994816,0.000578,L,0.994816,0.990211,0.031186,0.005762,0.096787
34,22,00235,overcast,1344,1,0.000001,0.999999,0.000000,L,0.999999,0.999998,0.000015,0.000001,0.562311
34,22,00235,overcast,1043,1,0.000002,0.999998,0.000000,L,0.999998,0.999996,0.000028,0.000002,0.647253
34,22,00235,overcast,956,1,0.006332,0.992743,0.000925,L,0.992743,0.986411,0.041640,0.008182,0.126700
34,22,00235,overcast,1042,1,0.000035,0.999960,0.000005,L,0.999960,0.999926,0.000414,0.000044,0.551668
34,22,00235,overcast,1345,1,0.000034,0.999960,0.000006,L,0.999960,0.999926,0.000417,0.000045,0.454793
34,22,00235,overcast,770,1,0.025292,0.971510,0.003197,L,0.971510,0.946218,0.126939,0.031687,0.121508
34,22,00235,overcast,951,1,0.001625,0.998120,0.000255,L,0.998120,0.996494,0.013132,0.002136,0.348864
34,22,00235,overcast,1045,1,0.002633,0.996847,0.000520,L,0.996847,0.994213,0.020681,0.003673,0.304343
34,22,00235,overcast,1431,1,0.017737,0.979691,0.002572,L,0.979691,0.961954,0.097357,0.022882,0.215385
34,22,00235,overcast,244,0,0.005703,0.993621,0.000676,L,0.993621,0.987918,0.037100,0.007055,0.127001
34,22,00235,overcast,489,0,0.010266,0.988575,0.001159,L,0.988575,0.978308,0.060260,0.012584,0.097002
34,22,00235,overcast,854,0,0.029912,0.966384,0.003704,L,0.966384,0.936473,0.144505,0.037319,0.103140
34,22,00235,overcast,281,0,0.010187,0.988386,0.001426,L,0.988386,0.978199,0.061548,0.013040,0.118197
34,22,00235,overcast,153,0,0.002099,0.997670,0.000231,L,0.997670,0.995571,0.015658,0.002561,0.102035
34,22,00235,overcast,375,0,0.015173,0.982688,0.002139,L,0.982688,0.967515,0.085434,0.019451,0.109322
34,22,00235,overcast,23,0,0.016681,0.981175,0.002144,L,0.981175,0.964494,0.091118,0.020969,0.118849
34,22,00235,overcast,1144,0,0.008646,0.990232,0.001122,L,0.990232,0.981586,0.053175,0.010891,0.112608
34,22,00235,overcast,1067,0,0.001195,0.998679,0.000126,L,0.998679,0.997483,0.009553,0.001447,0.080545
34,22,00235,overcast,1288,0,0.007171,0.991884,0.000945,L,0.991884,0.984714,0.045575,0.009060,0.118422
34,22,00235,overcast,48,0,0.002123,0.997651,0.000226,L,0.997651,0.995529,0.015755,0.002575,0.093719
34,22,00235,overcast,110,0,0.017120,0.980504,0.002376,L,0.980504,0.963384,0.094023,0.021871,0.133816
34,22,00235,overcast,1059,0,0.004671,0.994808,0.000522,L,0.994808,0.990137,0.031120,0.005714,0.075429
34,22,00235,overcast,581,0,0.013295,0.985073,0.001632,L,0.985073,0.971778,0.075302,0.016559,0.106736
34,22,00235,overcast,986,0,0.021508,0.975781,0.002711,L,0.975781,0.954273,0.111524,0.026929,0.163508
34,22,00235,overcast,1408,0,0.007653,0.991447,0.000901,L,0.991447,0.983794,0.047443,0.009454,0.097028
34,22,00235,overcast,414,0,0.018324,0.979551,0.002126,L,0.979551,0.961227,0.097037,0.022575,0.102761
34,22,00235,overcast,784,0,0.007885,0.991158,0.000957,L,0.991158,0.983273,0.048828,0.009800,0.106560
35,22,00252,overcast,983,1,0.003437,0.996135,0.000427,L,0.996135,0.992698,0.024277,0.004292,0.162291
35,22,00252,overcast,1168,1,0.002432,0.997208,0.000360,L,0.997208,0.994776,0.018462,0.003152,0.126493
35,22,00252,overcast,958,1,0.006936,0.992207,0.000857,L,0.992207,0.985272,0.043958,0.008650,0.091811
35,22,00252,overcast,1048,1,0.005904,0.993370,0.000726,L,0.993370,0.987465,0.038374,0.007356,0.081053
35,22,00252,overcast,897,1,0.000003,0.999997,0.000000,L,0.999997,0.999994,0.000042,0.000004,0.375743
35,22,00252,overcast,986,1,0.000006,0.999994,0.000001,L,0.999994,0.999988,0.000078,0.000007,0.427269
35,22,00252,overcast,686,1,0.002373,0.997199,0.000427,L,0.997199,0.994826,0.018619,0.003228,0.241618
35,22,00252,overcast,713,1,0.007812,0.991091,0.001096,L,0.991091,0.983279,0.049377,0.010005,0.122585
35,22,00252,overcast,867,1,0.005010,0.994069,0.000922,L,0.994069,0.989059,0.035398,0.006853,0.216261
35,22,00252,overcast,959,1,0.012396,0.986150,0.001454,L,0.986150,0.973754,0.070706,0.015305,0.087035
35,22,00252,overcast,804,1,0.001093,0.998771,0.000136,L,0.998771,0.997679,0.009002,0.001365,0.130643
35,22,00252,overcast,1164,1,0.003523,0.996005,0.000472,L,0.996005,0.992483,0.025033,0.004467,0.144594
35,22,00252,overcast,683,1,0.004689,0.994644,0.000667,L,0.994644,0.989955,0.032192,0.006024,0.162144
35,22,00252,overcast,1165,1,0.003340,0.996247,0.000413,L,0.996247,0.992907,0.023673,0.004166,0.117420
35,22,00252,overcast,716,1,0.004563,0.994713,0.000724,L,0.994713,0.990150,0.031952,0.006011,0.144428
35,22,00252,overcast,778,1,0.006659,0.992411,0.000931,L,0.992411,0.985752,0.043171,0.008520,0.099943
35,22,00252,overcast,714,1,0.008635,0.990203,0.001162,L,0.990203,0.981568,0.053369,0.010958,0.117891
35,22,00252,overcast,868,1,0.007469,0.991542,0.000988,L,0.991542,0.984073,0.047184,0.009446,0.093938
35,22,00252,overcast,1166,1,0.004465,0.994944,0.000590,L,0.994944,0.990479,0.030581,0.005646,0.115370
35,22,00252,overcast,1074,1,0.013328,0.985186,0.001486,L,0.985186,0.971858,0.074573,0.016299,0.118725
35,22,00252,overcast,982,1,0.001195,0.998652,0.000153,L,0.998652,0.997456,0.009772,0.001501,0.162106
35,22,00252,overcast,1163,1,0.003628,0.995908,0.000464,L,0.995908,0.992281,0.025513,0.004555,0.148600
35,22,00252,overcast,1075,1,0.004507,0.994928,0.000565,L,0.994928,0.990421,0.030616,0.005638,0.111373
35,22,00252,overcast,715,1,0.005598,0.993522,0.000880,L,0.993522,0.987924,0.037937,0.007358,0.157854
35,22,00252,overcast,592,1,0.012635,0.985801,0.001564,L,0.985801,0.973166,0.072304,0.015763,0.102091
35,22,00252,overcast,776,1,0.000000,1.000000,0.000000,L,1.000000,1.000000,0.000004,0.000000,0.720053
35,22,00252,overcast,989,1,0.004586,0.994784,0.000630,L,0.994784,0.990197,0.031442,0.005847,0.104414
35,22,00252,overcast,809,1,0.004158,0.995321,0.000521,L,0.995321,0.991163,0.028585,0.005200,0.081462
35,22,00252,overcast,952,1,0.010264,0.988380,0.001356,L,0.988380,0.978117,0.061446,0.012976,0.131434
35,22,00252,overcast,1047,1,0.005613,0.993693,0.000694,L,0.993693,0.988079,0.036798,0.007001,0.097456
35,22,00252,overcast,865,1,0.000001,0.999999,0.000000,L,0.999999,0.999998,0.000015,0.000001,0.642599
35,22,00252,overcast,779,1,0.006673,0.992536,0.000790,L,0.992536,0.985863,0.042336,0.008254,0.077778
35,22,00252,overcast,773,1,0.000666,0.999261,0.000073,L,0.999261,0.998594,0.005741,0.000812,0.422828
35,22,00252,overcast,988,1,0.003141,0.996380,0.000479,L,0.996380,0.993240,0.023098,0.004099,0.125925
35,22,00252,overcast,1072,1,0.008690,0.990281,0.001028,L,0.990281,0.981591,0.052781,0.010747,0.126720
35,22,00252,overcast,1049,1,0.011196,0.987412,0.001391,L,0.987412,0.976216,0.065497,0.013979,0.088760
35,22,00252,overcast,875,0,0.004873,0.994531,0.000597,L,0.994531,0.989658,0.032611,0.006066,0.125304
35,22,00252,overcast,407,0,0.002133,0.997631,0.000236,L,0.997631,0.995497,0.015889,0.002605,0.097862
35,22,00252,overcast,1404,0,0.005957,0.993172,0.000871,L,0.993172,0.987215,0.039560,0.007699,0.169612
35,22,00252,overcast,1252,0,0.002309,0.997402,0.000289,L,0.997402,0.995093,0.017264,0.002887,0.143067
35,22,00252,overcast,629,0,0.002956,0.996637,0.000407,L,0.996637,0.993682,0.021616,0.003770,0.110221
35,22,00252,overcast,1191,0,0.015653,0.982321,0.002027,L,0.982321,0.966668,0.086619,0.019706,0.107112
35,22,00252,overcast,656,0,0.010773,0.987682,0.001545,L,0.987682,0.976910,0.064673,0.013863,0.096546
35,22,00252,overcast,702,0,0.005385,0.993930,0.000685,L,0.993930,0.988545,0.035657,0.006755,0.113613
35,22,00252,overcast,520,0,0.003281,0.996309,0.000410,L,0.996309,0.993028,0.023346,0.004101,0.110581
35,22,00252,overcast,1432,0,0.005332,0.993893,0.000775,L,0.993893,0.988561,0.035996,0.006882,0.144768
35,22,00252,overcast,1399,0,0.007095,0.991973,0.000932,L,0.991973,0.984877,0.045156,0.008959,0.098820
35,22,00252,overcast,1402,0,0.004740,0.994513,0.000747,L,0.994513,0.989773,0.032966,0.006234,0.159108
35,22,00252,overcast,1358,0,0.007181,0.991664,0.001155,L,0.991664,0.984483,0.046931,0.009490,0.180039
35,22,00252,overcast,784,0,0.004788,0.994550,0.000662,L,0.994550,0.989762,0.032641,0.006113,0.161628
35,22,00252,overcast,681,0,0.003004,0.996636,0.000360,L,0.996636,0.993631,0.021538,0.003724,0.110753
35,22,00252,overcast,1391,0,0.000592,0.999329,0.000078,L,0.999329,0.998737,0.005291,0.000749,0.151101
35,22,00252,overcast,849,0,0.027780,0.968469,0.003751,L,0.968469,0.940689,0.137927,0.035282,0.118417
35,22,00252,overcast,709,0,0.002938,0.996693,0.000369,L,0.996693,0.993756,0.021250,0.003676,0.122887
36,22,00268,overcast,506,1,0.003979,0.995542,0.000479,L,0.995542,0.991562,0.027400,0.004937,0.090737
36,22,00268,overcast,594,1,0.008730,0.989918,0.001352,L,0.989918,0.981189,0.054933,0.011434,0.210456
36,22,00268,overcast,867,1,0.007200,0.991785,0.001015,L,0.991785,0.984585,0.046150,0.009230,0.126981
36,22,00268,overcast,593,1,0.006645,0.992436,0.000918,L,0.992436,0.985791,0.043032,0.008482,0.162734
36,22,00268,overcast,866,1,0.009687,0.988773,0.001540,L,0.988773,0.979086,0.060125,0.012767,0.199101
36,22,00268,overcast,864,1,0.016066,0.981606,0.002327,L,0.981606,0.965540,0.089844,0.020721,0.187257
36,22,00268,overcast,599,1,0.003008,0.996653,0.000339,L,0.996653,0.993645,0.021406,0.003686,0.075850
36,22,00268,overcast,773,1,0.013406,0.984582,0.002011,L,0.984582,0.971176,0.077911,0.017429,0.220099
36,22,00268,overcast,507,1,0.010030,0.988694,0.001276,L,0.988694,0.978664,0.059989,0.012582,0.102836
36,22,00268,overcast,863,1,0.024080,0.972697,0.003224,L,0.972697,0.948617,0.123022,0.030527,0.146166
36,22,00268,overcast,688,1,0.000723,0.999172,0.000105,L,0.999172,0.998448,0.006389,0.000933,0.212853
36,22,00268,overcast,689,1,0.003146,0.996484,0.000370,L,0.996484,0.993338,0.022356,0.003886,0.093864
36,22,00268,overcast,868,1,0.003011,0.996612,0.000378,L,0.996612,0.993601,0.021698,0.003766,0.092976
36,22,00268,overcast,502,1,0.004815,0.994570,0.000615,L,0.994570,0.989755,0.032456,0.006046,0.105935
36,22,00268,overcast,686,1,0.000000,1.000000,0.000000,L,1.000000,1.000000,0.000000,0.000000,0.725421
36,22,00268,overcast,774,1,0.006922,0.991984,0.001095,L,0.991984,0.985062,0.045393,0.009111,0.281875
36,22,00268,overcast,596,1,0.000027,0.999969,0.000004,L,0.999969,0.999941,0.000337,0.000036,0.414715
36,22,00268,overcast,598,1,0.005905,0.993347,0.000749,L,0.993347,0.987442,0.038523,0.007402,0.115261
36,22,00268,overcast,505,1,0.003319,0.996224,0.000457,L,0.996224,0.992905,0.023877,0.004234,0.120739
36,22,00268,overcast,869,1,0.002610,0.997093,0.000298,L,0.997093,0.994483,0.018972,0.003205,0.073570
36,22,00268,overcast,687,1,0.000000,1.000000,0.000000,L,1.000000,1.000000,0.000002,0.000000,0.638152
36,22,00268,overcast,779,1,0.003809,0.995735,0.000456,L,0.995735,0.991926,0.026378,0.004721,0.089955
36,22,00268,overcast,682,1,0.000082,0.999908,0.000010,L,0.999908,0.999826,0.000887,0.000101,0.203583
36,22,00268,overcast,508,1,0.008331,0.990634,0.001036,L,0.990634,0.982303,0.051270,0.010402,0.079690
36,22,00268,overcast,684,1,0.000279,0.999675,0.000045,L,0.999675,0.999396,0.002788,0.000370,0.375412
36,22,00268,overcast,595,1,0.000467,0.999456,0.000077,L,0.999456,0.998989,0.004421,0.000621,0.321488
36,22,00268,overcast,503,1,0.004538,0.994829,0.000633,L,0.994829,0.990292,0.031222,0.005804,0.129613
36,22,00268,overcast,592,1,0.000967,0.998910,0.000123,L,0.998910,0.997943,0.008108,0.001212,0.140542
36,22,00268,overcast,509,1,0.002894,0.996756,0.000350,L,0.996756,0.993862,0.020880,0.003594,0.073406
36,22,00268,overcast,777,1,0.000582,0.999310,0.000107,L,0.999310,0.998728,0.005469,0.000797,0.342331
36,22,00268,overcast,683,1,0.003263,0.996252,0.000484,L,0.996252,0.992989,0.023776,0.004232,0.211654
36,22,00268,overcast,597,1,0.001503,0.998287,0.000210,L,0.998287,0.996784,0.012069,0.001923,0.186517
36,22,00268,overcast,775,1,0.000261,0.999697,0.000042,L,0.999697,0.999436,0.002621,0.000345,0.401723
36,22,00268,overcast,862,1,0.007764,0.991322,0.000914,L,0.991322,0.983558,0.048020,0.009592,0.116230
36,22,00268,overcast,778,1,0.002133,0.997551,0.000316,L,0.997551,0.995419,0.016484,0.002765,0.162360
36,22,00268,overcast,685,1,0.000000,1.000000,0.000000,L,1.000000,1.000000,0.000001,0.000000,0.724189
36,22,00268,overcast,720,0,0.030703,0.964377,0.004920,L,0.964377,0.933673,0.152993,0.040543,0.143445
36,22,00268,overcast,381,0,0.009326,0.989569,0.001105,L,0.989569,0.980244,0.055975,0.011535,0.079765
36,22,00268,overcast,408,0,0.007697,0.991326,0.000977,L,0.991326,0.983629,0.048121,0.009650,0.086345
36,22,00268,overcast,380,0,0.012219,0.986255,0.001526,L,0.986255,0.974036,0.070424,0.015271,0.085609
36,22,00268,overcast,993,0,0.009706,0.988956,0.001339,L,0.988956,0.979250,0.059007,0.012383,0.083946
36,22,00268,overcast,1043,0,0.018451,0.979248,0.002301,L,0.979248,0.960797,0.098472,0.023054,0.108686
36,22,00268,overcast,1034,0,0.011690,0.986734,0.001575,L,0.986734,0.975044,0.068589,0.014841,0.104558
36,22,00268,overcast,382,0,0.008079,0.990954,0.000967,L,0.990954,0.982874,0.049742,0.010013,0.083998
36,22,00268,overcast,1275,0,0.013236,0.984811,0.001953,L,0.984811,0.971575,0.076916,0.017142,0.147756
36,22,00268,overcast,1085,0,0.007329,0.991719,0.000951,L,0.991719,0.984390,0.046326,0.009232,0.080172
36,22,00268,overcast,637,0,0.026700,0.970011,0.003289,L,0.970011,0.943310,0.132054,0.033278,0.095736
36,22,00268,overcast,227,0,0.008439,0.990591,0.000970,L,0.990591,0.982152,0.051328,0.010379,0.109373
36,22,00268,overcast,860,0,0.013125,0.985327,0.001548,L,0.985327,0.972203,0.074141,0.016220,0.087258
36,22,00268,overcast,512,0,0.004247,0.995256,0.000497,L,0.995256,0.991009,0.028864,0.005241,0.089352
36,22,00268,overcast,911,0,0.014725,0.983114,0.002161,L,0.983114,0.968388,0.083849,0.019047,0.084216
36,22,00268,overcast,1420,0,0.000484,0.999455,0.000061,L,0.999455,0.998971,0.004397,0.000606,0.180086
36,22,00268,overcast,1290,0,0.005177,0.994110,0.000713,L,0.994110,0.988933,0.034852,0.006603,0.139226
36,22,00268,overcast,1254,0,0.007976,0.990986,0.001038,L,0.990986,0.983009,0.049738,0.010053,0.112824
37,22,00285,overcast,779,1,0.000159,0.999814,0.000027,L,0.999814,0.999655,0.001697,0.000213,0.364735
37,22,00285,overcast,511,1,0.003755,0.995599,0.000647,L,0.995599,0.991844,0.027408,0.005048,0.162349
37,22,00285,overcast,596,1,0.004447,0.994868,0.000686,L,0.994868,0.990421,0.031127,0.005818,0.324376
37,22,00285,overcast,600,1,0.002088,0.997629,0.000283,L,0.997629,0.995540,0.015990,0.002654,0.106646
37,22,00285,overcast,775,1,0.002316,0.997311,0.000373,L,0.997311,0.994994,0.017919,0.003063,0.304213
37,22,00285,overcast,507,1,0.001644,0.998104,0.000252,L,0.998104,0.996460,0.013217,0.002147,0.185267
37,22,00285,overcast,871,1,0.005548,0.993802,0.000650,L,0.993802,0.988253,0.036199,0.006848,0.091694
37,22,00285,overcast,780,1,0.003466,0.996048,0.000486,L,0.996048,0.992582,0.024836,0.004438,0.139869
37,22,00285,overcast,689,1,0.000282,0.999668,0.000051,L,0.999668,0.999386,0.002855,0.000383,0.430464
37,22,00285,overcast,504,1,0.011054,0.987467,0.001479,L,0.987467,0.976414,0.065437,0.014012,0.122045
37,22,00285,overcast,506,1,0.005077,0.994204,0.000719,L,0.994204,0.989127,0.034411,0.006515,0.131930
37,22,00285,overcast,599,1,0.005198,0.993925,0.000877,L,0.993925,0.988728,0.036015,0.006951,0.188684
37,22,00285,overcast,684,1,0.000739,0.999140,0.000120,L,0.999140,0.998401,0.006622,0.000980,0.322281
37,22,00285,overcast,870,1,0.004082,0.995446,0.000472,L,0.995446,0.991364,0.027869,0.005027,0.093654
37,22,00285,overcast,687,1,0.000000,1.000000,0.000000,L,1.000000,1.000000,0.000003,0.000000,0.712142
37,22,00285,overcast,864,1,0.014747,0.983325,0.001928,L,0.983325,0.968579,0.082622,0.018602,0.157595
37,22,00285,overcast,777,1,0.000000,1.000000,0.000000,L,1.000000,1.000000,0.000001,0.000000,0.709665
37,22,00285,overcast,598,1,0.003239,0.996246,0.000515,L,0.996246,0.993008,0.023860,0.004269,0.332656
37,22,00285,overcast,508,1,0.005990,0.993203,0.000807,L,0.993203,0.987213,0.039302,0.007604,0.118726
37,22,00285,overcast,776,1,0.000002,0.999998,0.000000,L,0.999998,0.999996,0.000030,0.000003,0.603293
37,22,00285,overcast,778,1,0.000000,1.000000,0.000000,L,1.000000,1.000000,0.000004,0.000000,0.634419
37,22,00285,overcast,867,1,0.003498,0.995960,0.000542,L,0.995960,0.992462,0.025388,0.004582,0.223747
37,22,00285,overcast,865,1,0.016007,0.981574,0.002419,L,0.981574,0.965567,0.090127,0.020846,0.211470
37,22,00285,overcast,774,1,0.001786,0.997942,0.000272,L,0.997942,0.996156,0.014189,0.002330,0.247890
37,22,00285,overcast,868,1,0.002070,0.997634,0.000296,L,0.997634,0.995564,0.015987,0.002663,0.176756
37,22,00285,overcast,866,1,0.010202,0.988223,0.001575,L,0.988223,0.978021,0.062488,0.013352,0.222253
37,22,00285,overcast,594,1,0.005490,0.993587,0.000923,L,0.993587,0.988097,0.037702,0.007337,0.228655
37,22,00285,overcast,781,1,0.004151,0.995359,0.000490,L,0.995359,0.991208,0.028338,0.005132,0.096155
37,22,00285,overcast,597,1,0.002276,0.997385,0.000339,L,0.997385,0.995109,0.017448,0.002954,0.357895
37,22,00285,overcast,691,1,0.001854,0.997908,0.000238,L,0.997908,0.996055,0.014325,0.002330,0.115318
37,22,00285,overcast,505,1,0.012965,0.985079,0.001955,L,0.985079,0.972114,0.075865,0.016876,0.160115
37,22,00285,overcast,686,1,0.000004,0.999995,0.000001,L,0.999995,0.999991,0.000057,0.000005,0.574737
37,22,00285,overcast,509,1,0.003806,0.995603,0.000592,L,0.995603,0.991797,0.027296,0.004989,0.158067
37,22,00285,overcast,595,1,0.006883,0.991991,0.001126,L,0.991991,0.985108,0.045412,0.009135,0.291655
37,22,00285,overcast,601,1,0.001855,0.997907,0.000238,L,0.997907,0.996052,0.014334,0.002332,0.090616
37,22,00285,overcast,869,1,0.004079,0.995408,0.000513,L,0.995408,0.991329,0.028137,0.005105,0.103451
37,22,00285,overcast,1205,0,0.022109,0.975041,0.002850,L,0.975041,0.952932,0.114346,0.027809,0.113399
37,22,00285,overcast,486,0,0.009948,0.988698,0.001354,L,0.988698,0.978749,0.060116,0.012656,0.112930
37,22,00285,overcast,1156,0,0.009954,0.988724,0.001322,L,0.988724,0.978769,0.059949,0.012598,0.136114
37,22,00285,overcast,944,0,0.026827,0.969925,0.003249,L,0.969925,0.943098,0.132258,0.033324,0.095317
37,22,00285,overcast,55,0,0.003919,0.995664,0.000418,L,0.995664,0.991745,0.026664,0.004754,0.093097
37,22,00285,overcast,306,0,0.000302,0.999664,0.000034,L,0.999664,0.999361,0.002856,0.000371,0.111548
37,22,00285,overcast,529,0,0.006776,0.992469,0.000755,L,0.992469,0.985693,0.042572,0.008286,0.073888
37,22,00285,overcast,783,0,0.003680,0.995896,0.000424,L,0.995896,0.992217,0.025499,0.004528,0.092815
37,22,00285,overcast,1217,0,0.021701,0.975552,0.002748,L,0.975552,0.953851,0.112390,0.027196,0.110065
37,22,00285,overcast,852,0,0.012495,0.986165,0.001340,L,0.986165,0.973670,0.070418,0.015175,0.087274
37,22,00285,overcast,854,0,0.024026,0.973090,0.002883,L,0.973090,0.949064,0.121056,0.029793,0.099568
37,22,00285,overcast,519,0,0.003452,0.996093,0.000455,L,0.996093,0.992641,0.024549,0.004362,0.125124
37,22,00285,overcast,287,0,0.005076,0.994248,0.000676,L,0.994248,0.989172,0.034123,0.006428,0.081058
37,22,00285,overcast,964,0,0.009648,0.989070,0.001282,L,0.989070,0.979421,0.058425,0.012213,0.085851
37,22,00285,overcast,27,0,0.017375,0.980728,0.001897,L,0.980728,0.963354,0.092288,0.021168,0.100082
37,22,00285,overcast,733,0,0.003590,0.995937,0.000473,L,0.995937,0.992347,0.025382,0.004536,0.066557
37,22,00285,overcast,1346,0,0.004612,0.994841,0.000547,L,0.994841,0.990229,0.031004,0.005706,0.083807
37,22,00285,overcast,566,0,0.012964,0.985480,0.001555,L,0.985480,0.972516,0.073554,0.016075,0.087846
38,22,00451,overcast,509,1,0.012693,0.985802,0.001505,L,0.985802,0.973108,0.072187,0.015703,0.097727
38,22,00451,overcast,1330,1,0.008130,0.990930,0.000940,L,0.990930,0.982801,0.049792,0.010010,0.112035
38,22,00451,overcast,774,1,0.018963,0.978520,0.002517,L,0.978520,0.959557,0.101495,0.023997,0.170616
38,22,00451,overcast,1149,1,0.012357,0.986029,0.001614,L,0.986029,0.973672,0.071490,0.015585,0.107004
38,22,00451,overcast,968,1,0.004380,0.995087,0.000532,L,0.995087,0.990707,0.029767,0.005445,0.091317
38,22,00451,overcast,1325,1,0.009040,0.989810,0.001150,L,0.989810,0.980770,0.055039,0.011341,0.127147
38,22,00451,overcast,1236,1,0.013748,0.984462,0.001791,L,0.984462,0.970714,0.077988,0.017329,0.140482
38,22,00451,overcast,1233,1,0.021822,0.975336,0.002842,L,0.975336,0.953514,0.113311,0.027506,0.133588
38,22,00451,overcast,970,1,0.002328,0.997409,0.000263,L,0.997409,0.995082,0.017176,0.002854,0.074948
38,22,00451,overcast,1144,1,0.000174,0.999795,0.000031,L,0.999795,0.999621,0.001854,0.000237,0.424526
38,22,00451,overcast,510,1,0.014203,0.984138,0.001659,L,0.984138,0.969936,0.078988,0.017520,0.095878
38,22,00451,overcast,1055,1,0.000000,1.000000,0.000000,L,1.000000,0.999999,0.000005,0.000000,0.624089
38,22,00451,overcast,1267,1,0.010108,0.987915,0.001977,L,0.987915,0.977806,0.064411,0.014062,0.276928
38,22,00451,overcast,996,1,0.001764,0.997908,0.000328,L,0.997908,0.996144,0.014478,0.002420,0.319217
38,22,00451,overcast,911,1,0.016680,0.980848,0.002472,L,0.980848,0.964169,0.092922,0.021624,0.137273
38,22,00451,overcast,864,1,0.026160,0.970476,0.003363,L,0.970476,0.944316,0.130667,0.032887,0.133945
38,22,00451,overcast,1270,1,0.009814,0.988328,0.001857,L,0.988328,0.978514,0.062501,0.013529,0.246225
38,22,00451,overcast,964,1,0.010184,0.988513,0.001303,L,0.988513,0.978329,0.060796,0.012790,0.169387
38,22,00451,overcast,1239,1,0.010579,0.988188,0.001233,L,0.988188,0.977610,0.062009,0.013045,0.101657
38,22,00451,overcast,998,1,0.005459,0.993659,0.000883,L,0.993659,0.988200,0.037294,0.007224,0.358648
38,22,00451,overcast,1238,1,0.011773,0.986667,0.001560,L,0.986667,0.974893,0.068836,0.014894,0.127632
38,22,00451,overcast,1148,1,0.013571,0.984353,0.002076,L,0.984353,0.970783,0.078919,0.017723,0.137976
38,22,00451,overcast,1053,1,0.003155,0.996356,0.000489,L,0.996356,0.993200,0.023244,0.004133,0.232880
38,22,00451,overcast,1237,1,0.015104,0.983146,0.001750,L,0.983146,0.968043,0.082966,0.018604,0.110332
38,22,00451,overcast,1001,1,0.007869,0.990802,0.001329,L,0.990802,0.982933,0.051049,0.010527,0.185149
38,22,00451,overcast,1085,1,0.000748,0.999112,0.000140,L,0.999112,0.998364,0.006840,0.001028,0.354340
38,22,00451,overcast,1329,1,0.004982,0.994460,0.000558,L,0.994460,0.989479,0.032874,0.006097,0.106010
38,22,00451,overcast,780,1,0.003248,0.996311,0.000441,L,0.996311,0.993063,0.023392,0.004130,0.108713
38,22,00451,overcast,969,1,0.002203,0.997550,0.000247,L,0.997550,0.995347,0.016362,0.002697,0.076448
38,22,00451,overcast,906,1,0.016840,0.980143,0.003016,L,0.980143,0.963303,0.096431,0.022873,0.201180
38,22,00451,overcast,691,1,0.002838,0.996845,0.000318,L,0.996845,0.994007,0.020346,0.003473,0.081115
38,22,00451,overcast,777,1,0.000245,0.999717,0.000038,L,0.999717,0.999472,0.002466,0.000322,0.433513
38,22,00451,overcast,1056,1,0.000000,1.000000,0.000000,L,1.000000,1.000000,0.000004,0.000000,0.625338
38,22,00451,overcast,963,1,0.005000,0.994378,0.000622,L,0.994378,0.989378,0.033397,0.006244,0.147600
38,22,00451,overcast,594,1,0.008273,0.990626,0.001101,L,0.990626,0.982353,0.051426,0.010475,0.140425
38,22,00451,overcast,1146,1,0.000001,0.999999,0.000000,L,0.999999,0.999999,0.000009,0.000001,0.621402
38,22,00451,overcast,1098,0,0.004866,0.994433,0.000701,L,0.994433,0.989567,0.033274,0.006268,0.144237
38,22,00451,overcast,1337,0,0.000994,0.998884,0.000122,L,0.998884,0.997890,0.008269,0.001237,0.137453
38,22,00451,overcast,525,0,0.003290,0.996297,0.000413,L,0.996297,0.993008,0.023414,0.004116,0.111306
38,22,00451,overcast,160,0,0.002598,0.997097,0.000306,L,0.997097,0.994499,0.018966,0.003209,0.116723
38,22,00451,overcast,98,0,0.013831,0.984082,0.002087,L,0.984082,0.970252,0.079990,0.018004,0.135401
38,22,00451,overcast,1021,0,0.015852,0.981393,0.002755,L,0.981393,0.965542,0.091359,0.021362,0.153188
38,22,00451,overcast,396,0,0.007991,0.991117,0.000893,L,0.991117,0.983126,0.048882,0.009776,0.094422
38,22,00451,overcast,727,0,0.031661,0.963656,0.004683,L,0.963656,0.931994,0.154842,0.041027,0.127900
38,22,00451,overcast,817,0,0.006658,0.992352,0.000990,L,0.992352,0.985693,0.043543,0.008638,0.121777
38,22,00451,overcast,1333,0,0.008849,0.990131,0.001020,L,0.990131,0.981282,0.053411,0.010889,0.105891
38,22,00451,overcast,1287,0,0.005754,0.993279,0.000967,L,0.993279,0.987525,0.039221,0.007688,0.189422
38,22,00451,overcast,1010,0,0.008311,0.990570,0.001119,L,0.990570,0.982259,0.051702,0.010549,0.122517
38,22,00451,overcast,706,0,0.002844,0.996799,0.000358,L,0.996799,0.993955,0.020668,0.003559,0.120790
38,22,00451,overcast,1094,0,0.011443,0.986550,0.002006,L,0.986550,0.975107,0.070068,0.015456,0.198597
38,22,00451,overcast,1255,0,0.002540,0.997112,0.000348,L,0.997112,0.994571,0.018965,0.003236,0.116959
38,22,00451,overcast,419,0,0.011263,0.987467,0.001270,L,0.987467,0.976204,0.065040,0.013803,0.105072
38,22,00451,overcast,913,0,0.014869,0.983075,0.002055,L,0.983075,0.968206,0.083810,0.018980,0.119614
38,22,00451,overcast,1207,0,0.020274,0.977286,0.002440,L,0.977286,0.957012,0.105743,0.025155,0.108532
39,22,00467,overcast,1062,1,0.005544,0.993591,0.000866,L,0.993591,0.988047,0.037588,0.007275,0.263943
39,22,00467,overcast,1006,1,0.010733,0.987446,0.001822,L,0.987446,0.976713,0.066114,0.014376,0.199313
39,22,00467,overcast,1276,1,0.010794,0.987599,0.001607,L,0.987599,0.976805,0.065122,0.014007,0.171778
39,22,00467,overcast,861,1,0.007977,0.990906,0.001117,L,0.990906,0.982928,0.050230,0.010211,0.122172
39,22,00467,overcast,1281,1,0.006025,0.993211,0.000763,L,0.993211,0.987186,0.039181,0.007552,0.124520
39,22,00467,overcast,887,1,0.003969,0.995538,0.000493,L,0.995538,0.991569,0.027445,0.004955,0.095602
39,22,00467,overcast,772,1,0.005110,0.994092,0.000798,L,0.994092,0.988983,0.035086,0.006706,0.141526
39,22,00467,overcast,501,1,0.019464,0.977668,0.002868,L,0.977668,0.958204,0.105173,0.025201,0.132136
39,22,00467,overcast,882,1,0.015120,0.983120,0.001760,L,0.983120,0.967999,0.083086,0.018640,0.094536
39,22,00467,overcast,502,1,0.016547,0.981169,0.002284,L,0.981169,0.964622,0.091399,0.021115,0.124560
39,22,00467,overcast,1011,1,0.003405,0.996148,0.000447,L,0.996148,0.992743,0.024251,0.004300,0.101568
39,22,00467,overcast,1009,1,0.006076,0.992953,0.000971,L,0.992953,0.986877,0.040749,0.008018,0.153747
39,22,00467,overcast,1097,1,0.000000,1.000000,0.000000,L,1.000000,1.000000,0.000003,0.000000,0.853725
39,22,00467,overcast,1189,1,0.012115,0.986192,0.001692,L,0.986192,0.974077,0.070981,0.015500,0.138386
39,22,00467,overcast,1332,1,0.002774,0.996885,0.000341,L,0.996885,0.994111,0.020172,0.003455,0.135668
39,22,00467,overcast,1274,1,0.013347,0.984661,0.001992,L,0.984661,0.971315,0.077570,0.017331,0.149143
39,22,00467,overcast,1249,1,0.007778,0.990993,0.001229,L,0.990993,0.983214,0.050044,0.010237,0.177294
39,22,00467,overcast,972,1,0.010811,0.987839,0.001350,L,0.987839,0.977028,0.063671,0.013511,0.145181
39,22,00467,overcast,767,1,0.017673,0.979414,0.002913,L,0.979414,0.961742,0.098946,0.023499,0.272582
39,22,00467,overcast,586,1,0.000516,0.999412,0.000072,L,0.999412,0.998896,0.004719,0.000661,0.217036
39,22,00467,overcast,1008,1,0.003781,0.995544,0.000675,L,0.995544,0.991762,0.027732,0.005132,0.211728
39,22,00467,overcast,977,1,0.002204,0.997543,0.000253,L,0.997543,0.995339,0.016415,0.002710,0.101949
39,22,00467,overcast,1244,1,0.005863,0.993113,0.001024,L,0.993113,0.987250,0.040091,0.007911,0.287981
39,22,00467,overcast,1338,1,0.002546,0.997142,0.000313,L,0.997142,0.994596,0.018736,0.003171,0.152399
39,22,00467,overcast,863,1,0.012007,0.986485,0.001509,L,0.986485,0.974478,0.069471,0.015024,0.090414
39,22,00467,overcast,500,1,0.020778,0.976041,0.003181,L,0.976041,0.955262,0.111463,0.027140,0.144663
39,22,00467,overcast,1066,1,0.000215,0.999745,0.000041,L,0.999745,0.999530,0.002255,0.000296,0.397236
39,22,00467,overcast,1331,1,0.003191,0.996423,0.000385,L,0.996423,0.993232,0.022702,0.003962,0.126800
39,22,00467,overcast,1154,1,0.000001,0.999999,0.000000,L,0.999999,0.999998,0.000015,0.000001,0.596645
39,22,00467,overcast,498,1,0.011635,0.986411,0.001954,L,0.986411,0.974776,0.070548,0.015543,0.174601
39,22,00467,overcast,1191,1,0.023885,0.973114,0.003002,L,0.973114,0.949229,0.121203,0.029888,0.117248
39,22,00467,overcast,771,1,0.001328,0.998416,0.000256,L,0.998416,0.997088,0.011376,0.001841,0.332280
39,22,00467,overcast,588,1,0.006172,0.992800,0.001028,L,0.992800,0.986628,0.041548,0.008227,0.289685
39,22,00467,overcast,1275,1,0.011778,0.986460,0.001762,L,0.986460,0.974683,0.070027,0.015302,0.164798
39,22,00467,overcast,1190,1,0.021330,0.975866,0.002805,L,0.975866,0.954536,0.111405,0.026939,0.121412
39,22,00467,overcast,1065,1,0.000001,0.999999,0.000000,L,0.999999,0.999998,0.000013,0.000001,0.594968
39,22,00467,overcast,280,0,0.003631,0.995780,0.000588,L,0.995780,0.992149,0.026387,0.004808,0.183141
39,22,00467,overcast,1140,0,0.011024,0.987635,0.001341,L,0.987635,0.976611,0.064491,0.013706,0.091152
39,22,00467,overcast,482,0,0.018473,0.979106,0.002421,L,0.979106,0.960633,0.099209,0.023315,0.135267
39,22,00467,overcast,1435,0,0.003518,0.995998,0.000483,L,0.995998,0.992480,0.025089,0.004485,0.125484
39,22,00467,overcast,967,0,0.009285,0.989224,0.001491,L,0.989224,0.979939,0.058138,0.012267,0.147471
39,22,00467,overcast,196,0,0.007702,0.991286,0.001012,L,0.991286,0.983583,0.048365,0.009726,0.120001
39,22,00467,overcast,1125,0,0.008816,0.989983,0.001201,L,0.989983,0.981168,0.054387,0.011217,0.105322
39,22,00467,overcast,1426,0,0.020308,0.977098,0.002594,L,0.977098,0.956790,0.106696,0.025495,0.147822
39,22,00467,overcast,1378,0,0.006874,0.992243,0.000882,L,0.992243,0.985369,0.043842,0.008639,0.139214
39,22,00467,overcast,1439,0,0.006486,0.992745,0.000769,L,0.992745,0.986258,0.041344,0.008024,0.083225
39,22,00467,overcast,434,0,0.003252,0.996430,0.000318,L,0.996430,0.993177,0.022534,0.003889,0.074871
39,22,00467,overcast,511,0,0.001966,0.997809,0.000225,L,0.997809,0.995844,0.014862,0.002415,0.094029
39,22,00467,overcast,742,0,0.009002,0.989941,0.001057,L,0.989941,0.980940,0.054296,0.011115,0.091269
39,22,00467,overcast,33,0,0.004091,0.995376,0.000533,L,0.995376,0.991286,0.028330,0.005156,0.132827
39,22,00467,overcast,1075,0,0.005132,0.994258,0.000609,L,0.994258,0.989126,0.033948,0.006351,0.098788
39,22,00467,overcast,5,0,0.011517,0.986829,0.001654,L,0.986829,0.975311,0.068350,0.014825,0.129251
39,22,00467,overcast,32,0,0.003617,0.995915,0.000467,L,0.995915,0.992298,0.025484,0.004552,0.129762
39,22,00467,overcast,67,0,0.001782,0.997989,0.000229,L,0.997989,0.996206,0.013845,0.002240,0.124890
40,22,00484,overcast,1070,1,0.003018,0.996595,0.000387,L,0.996595,0.993578,0.021802,0.003792,0.165653
40,22,00484,overcast,716,1,0.000001,0.999999,0.000000,L,0.999999,0.999997,0.000020,0.000002,0.300606
40,22,00484,overcast,980,1,0.016559,0.981271,0.002170,L,0.981271,0.964712,0.090812,0.020899,0.115379
40,22,00484,overcast,494,1,0.007773,0.991113,0.001114,L,0.991113,0.983340,0.049314,0.010001,0.131479
40,22,00484,overcast,809,1,0.003434,0.996143,0.000423,L,0.996143,0.992709,0.024230,0.004280,0.098568
40,22,00484,overcast,1430,1,0.002893,0.996761,0.000346,L,0.996761,0.993868,0.020845,0.003585,0.145289
40,22,00484,overcast,1257,1,0.006557,0.992667,0.000776,L,0.992667,0.986110,0.041712,0.008109,0.104271
40,22,00484,overcast,1196,1,0.000010,0.999989,0.000002,L,0.999989,0.999979,0.000131,0.000013,0.575143
40,22,00484,overcast,768,1,0.009156,0.989444,0.001400,L,0.989444,0.980288,0.057048,0.011957,0.140667
40,22,00484,overcast,1343,1,0.004378,0.995007,0.000615,L,0.995007,0.990629,0.030315,0.005608,0.188130
40,22,00484,overcast,1435,1,0.002454,0.997257,0.000289,L,0.997257,0.994803,0.018064,0.003033,0.123689
40,22,00484,overcast,1016,1,0.008306,0.990212,0.001482,L,0.990212,0.981906,0.053876,0.011271,0.254744
40,22,00484,overcast,588,1,0.004524,0.994767,0.000709,L,0.994767,0.990242,0.031661,0.005942,0.137495
40,22,00484,overcast,1433,1,0.005629,0.993638,0.000733,L,0.993638,0.988008,0.037129,0.007095,0.149200
40,22,00484,overcast,495,1,0.007942,0.990817,0.001241,L,0.990817,0.982875,0.050836,0.010424,0.150260
40,22,00484,overcast,1252,1,0.002060,0.997621,0.000319,L,0.997621,0.995561,0.016101,0.002699,0.272500
40,22,00484,overcast,1344,1,0.004758,0.994660,0.000582,L,0.994660,0.989902,0.031956,0.005922,0.140536
40,22,00484,overcast,982,1,0.003444,0.996178,0.000378,L,0.996178,0.992734,0.023960,0.004199,0.109120
40,22,00484,overcast,1195,1,0.003503,0.995923,0.000574,L,0.995923,0.992419,0.025631,0.004651,0.304252
40,22,00484,overcast,625,1,0.001046,0.998840,0.000114,L,0.998840,0.997795,0.008530,0.001274,0.095348
40,22,00484,overcast,673,1,0.000000,1.000000,0.000000,L,1.000000,0.999999,0.000006,0.000001,0.687999
40,22,00484,overcast,807,1,0.000000,1.000000,0.000000,L,1.000000,1.000000,0.000004,0.000000,0.564821
40,22,00484,overcast,808,1,0.000345,0.999607,0.000048,L,0.999607,0.999261,0.003300,0.000442,0.187103
40,22,00484,overcast,1103,1,0.001774,0.997923,0.000303,L,0.997923,0.996149,0.014355,0.002381,0.240614
40,22,00484,overcast,496,1,0.012575,0.985665,0.001760,L,0.985665,0.973090,0.073206,0.016095,0.103082
40,22,00484,overcast,1106,1,0.000000,1.000000,0.000000,L,1.000000,1.000000,0.000004,0.000000,0.741546
40,22,00484,overcast,899,1,0.004215,0.995244,0.000542,L,0.995244,0.991029,0.029009,0.005298,0.100582
40,22,00484,overcast,1161,1,0.001286,0.998518,0.000196,L,0.998518,0.997232,0.010663,0.001678,0.314431
40,22,00484,overcast,498,1,0.010492,0.988126,0.001382,L,0.988126,0.977635,0.062547,0.013256,0.120734
40,22,00484,overcast,767,1,0.010708,0.987749,0.001543,L,0.987749,0.977041,0.064395,0.013794,0.126281
40,22,00484,overcast,1073,1,0.000067,0.999923,0.000010,L,0.999923,0.999856,0.000763,0.000087,0.406904
40,22,00484,overcast,988,1,0.003963,0.995438,0.000599,L,0.995438,0.991474,0.028140,0.005161,0.108648
40,22,00484,overcast,897,1,0.001187,0.998651,0.000162,L,0.998651,0.997465,0.009790,0.001510,0.141617
40,22,00484,overcast,1108,1,0.000001,0.999999,0.000000,L,0.999999,0.999999,0.000010,0.000001,0.667736
40,22,00484,overcast,1340,1,0.006261,0.992857,0.000882,L,0.992857,0.986597,0.041036,0.008024,0.184330
40,22,00484,overcast,1286,1,0.008803,0.989705,0.001492,L,0.989705,0.980903,0.056080,0.011786,0.269609
40,22,00484,overcast,1088,0,0.009184,0.989585,0.001230,L,0.989585,0.980401,0.056146,0.011645,0.080743
40,22,00484,overcast,255,0,0.001323,0.998526,0.000152,L,0.998526,0.997203,0.010534,0.001626,0.103584
40,22,00484,overcast,438,0,0.002099,0.997655,0.000246,L,0.997655,0.995555,0.015776,0.002591,0.110964
40,22,00484,overcast,78,0,0.001545,0.998278,0.000177,L,0.998278,0.996733,0.012059,0.001899,0.114746
40,22,00484,overcast,192,0,0.012839,0.985572,0.001589,L,0.985572,0.972733,0.073256,0.016017,0.093939
40,22,00484,overcast,476,0,0.002780,0.996821,0.000399,L,0.996821,0.994041,0.020624,0.003578,0.111585
40,22,00484,overcast,837,0,0.000750,0.999155,0.000095,L,0.999155,0.998405,0.006482,0.000940,0.101908
40,22,00484,overcast,1067,0,0.009842,0.988993,0.001165,L,0.988993,0.979151,0.058528,0.012173,0.099833
40,22,00484,overcast,787,0,0.003999,0.995385,0.000617,L,0.995385,0.991386,0.028437,0.005232,0.210140
40,22,00484,overcast,1333,0,0.002761,0.996893,0.000346,L,0.996893,0.994131,0.020144,0.003454,0.112740
40,22,00484,overcast,1184,0,0.023459,0.973503,0.003038,L,0.973503,0.950044,0.119952,0.029534,0.108794
40,22,00484,overcast,136,0,0.008929,0.990091,0.000979,L,0.990091,0.981162,0.053501,0.010888,0.102261
40,22,00484,overcast,1123,0,0.007383,0.991658,0.000960,L,0.991658,0.984275,0.046617,0.009302,0.124855
40,22,00484,overcast,1375,0,0.007654,0.991141,0.001204,L,0.991141,0.983487,0.049343,0.010063,0.216608
40,22,00484,overcast,125,0,0.011007,0.987655,0.001338,L,0.987655,0.976648,0.064403,0.013683,0.114804
40,22,00484,overcast,571,0,0.020128,0.977363,0.002508,L,0.977363,0.957235,0.105600,0.025145,0.101570
40,22,00484,overcast,488,0,0.010143,0.988506,0.001351,L,0.988506,0.978363,0.060912,0.012845,0.108370
40,22,00484,overcast,433,0,0.001846,0.997946,0.000208,L,0.997946,0.996100,0.014049,0.002262,0.089653
41,22,00500,overcast,853,1,0.017498,0.979825,0.002677,L,0.979825,0.962327,0.097049,0.022853,0.165424
41,22,00500,overcast,762,1,0.003389,0.996064,0.000547,L,0.996064,0.992675,0.024861,0.004483,0.343103
41,22,00500,overcast,1203,1,0.007592,0.991197,0.001211,L,0.991197,0.983606,0.049107,0.010013,0.215119
41,22,00500,overcast,1296,1,0.006147,0.992834,0.001019,L,0.992834,0.986688,0.041377,0.008185,0.304099
41,22,00500,overcast,1386,1,0.007779,0.990959,0.001262,L,0.990959,0.983180,0.050248,0.010303,0.210697
41,22,00500,overcast,622,1,0.002722,0.996930,0.000348,L,0.996930,0.994209,0.019945,0.003418,0.367227
41,22,00500,overcast,492,1,0.004063,0.995378,0.000559,L,0.995378,0.991315,0.028368,0.005180,0.114929
41,22,00500,overcast,1116,1,0.000000,1.000000,0.000000,L,1.000000,1.000000,0.000004,0.000000,0.707700
41,22,00500,overcast,803,1,0.000002,0.999998,0.000000,L,0.999998,0.999996,0.000027,0.000002,0.452528
41,22,00500,overcast,626,1,0.002536,0.997118,0.000346,L,0.997118,0.994582,0.018927,0.003228,0.113166
41,22,00500,overcast,673,1,0.000001,0.999999,0.000000,L,0.999999,0.999999,0.000009,0.000001,0.703708
41,22,00500,overcast,1387,1,0.005538,0.993668,0.000794,L,0.993668,0.988130,0.037097,0.007126,0.155951
41,22,00500,overcast,1026,1,0.011038,0.987094,0.001868,L,0.987094,0.976056,0.067633,0.014775,0.238346
41,22,00500,overcast,715,1,0.002785,0.996755,0.000460,L,0.996755,0.993970,0.021081,0.003705,0.242846
41,22,00500,overcast,493,1,0.006674,0.992444,0.000882,L,0.992444,0.985770,0.042930,0.008438,0.119041
41,22,00500,overcast,852,1,0.011944,0.986024,0.002031,L,0.986024,0.974080,0.072230,0.016007,0.221070
41,22,00500,overcast,621,1,0.006655,0.992369,0.000976,L,0.992369,0.985714,0.043442,0.008608,0.184362
41,22,00500,overcast,986,1,0.004694,0.994717,0.000589,L,0.994717,0.990022,0.031693,0.005872,0.087773
41,22,00500,overcast,712,1,0.000379,0.999568,0.000053,L,0.999568,0.999188,0.003590,0.000486,0.381514
41,22,00500,overcast,895,1,0.005139,0.994225,0.000636,L,0.994225,0.989086,0.034161,0.006412,0.117679
41,22,00500,overcast,806,1,0.002364,0.997371,0.000265,L,0.997371,0.995006,0.017389,0.002894,0.084328
41,22,00500,overcast,579,1,0.005301,0.993924,0.000775,L,0.993924,0.988623,0.035849,0.006851,0.161153
41,22,00500,overcast,580,1,0.007522,0.991201,0.001277,L,0.991201,0.983678,0.049202,0.010077,0.249551
41,22,00500,overcast,1294,1,0.010679,0.987587,0.001734,L,0.987587,0.976908,0.065390,0.014147,0.268622
41,22,00500,overcast,764,1,0.014631,0.982677,0.002692,L,0.982677,0.968047,0.086391,0.020015,0.290213
41,22,00500,overcast,981,1,0.023140,0.974235,0.002625,L,0.974235,0.951096,0.116673,0.028390,0.129535
41,22,00500,overcast,800,1,0.000039,0.999957,0.000004,L,0.999957,0.999918,0.000447,0.000048,0.235426
41,22,00500,overcast,624,1,0.003884,0.995514,0.000603,L,0.995514,0.991630,0.027765,0.005089,0.310989
41,22,00500,overcast,856,1,0.023947,0.972857,0.003197,L,0.972857,0.948910,0.122433,0.030340,0.112140
41,22,00500,overcast,627,1,0.003656,0.995896,0.000448,L,0.995896,0.992240,0.025548,0.004553,0.085055
41,22,00500,overcast,1027,1,0.009038,0.989408,0.001554,L,0.989408,0.980371,0.057454,0.012146,0.248825
41,22,00500,overcast,582,1,0.000001,0.999999,0.000000,L,0.999999,0.999998,0.000013,0.000001,0.601742
41,22,00500,overcast,760,1,0.018650,0.978280,0.003070,L,0.978280,0.959630,0.103320,0.024790,0.274338
41,22,00500,overcast,804,1,0.000002,0.999997,0.000000,L,0.999997,0.999995,0.000035,0.000003,0.418801
41,22,00500,overcast,714,1,0.000132,0.999846,0.000022,L,0.999846,0.999715,0.001425,0.000176,0.435225
41,22,00500,overcast,894,1,0.000426,0.999530,0.000044,L,0.999530,0.999104,0.003838,0.000514,0.113381
41,22,00500,overcast,51,0,0.002250,0.997493,0.000257,L,0.997493,0.995242,0.016702,0.002765,0.093260
41,22,00500,overcast,963,0,0.007420,0.991719,0.000861,L,0.991719,0.984299,0.046157,0.009142,0.083053
41,22,00500,overcast,781,0,0.003987,0.995487,0.000526,L,0.995487,0.991500,0.027762,0.005039,0.080779
41,22,00500,overcast,302,0,0.014997,0.983167,0.001836,L,0.983167,0.968170,0.083054,0.018669,0.090321
41,22,00500,overcast,45,0,0.010287,0.988526,0.001187,L,0.988526,0.978240,0.060516,0.012660,0.116173
41,22,00500,overcast,297,0,0.008728,0.990230,0.001042,L,0.990230,0.981502,0.053028,0.010812,0.087497
41,22,00500,overcast,13,0,0.013529,0.984707,0.001764,L,0.984707,0.971179,0.076980,0.017056,0.113277
41,22,00500,overcast,1099,0,0.007172,0.991903,0.000925,L,0.991903,0.984730,0.045457,0.009022,0.087723
41,22,00500,overcast,707,0,0.004604,0.994842,0.000554,L,0.994842,0.990239,0.031012,0.005712,0.076143
41,22,00500,overcast,303,0,0.006819,0.992336,0.000845,L,0.992336,0.985516,0.043354,0.008509,0.077845
41,22,00500,overcast,1007,0,0.011785,0.986452,0.001763,L,0.986452,0.974667,0.070062,0.015311,0.093807
41,22,00500,overcast,97,0,0.013854,0.984467,0.001679,L,0.984467,0.970612,0.077756,0.017212,0.096237
41,22,00500,overcast,1054,0,0.008976,0.989743,0.001281,L,0.989743,0.980768,0.055562,0.011538,0.110979
41,22,00500,overcast,677,0,0.003612,0.995951,0.000437,L,0.995951,0.992339,0.025245,0.004486,0.089163
41,22,00500,overcast,487,0,0.009166,0.989662,0.001171,L,0.989662,0.980496,0.055708,0.011509,0.101290
41,22,00500,overcast,794,0,0.004399,0.995080,0.000521,L,0.995080,0.990681,0.029781,0.005441,0.076956
41,22,00500,overcast,441,0,0.002128,0.997646,0.000227,L,0.997646,0.995518,0.015787,0.002581,0.096184
41,22,00500,overcast,1042,0,0.037704,0.957255,0.005041,L,0.957255,0.919550,0.174839,0.047787,0.148371
42,22,00517,overcast,674,1,0.011197,0.987409,0.001394,L,0.987409,0.976212,0.065514,0.013984,0.101317
42,22,00517,overcast,1123,1,0.001151,0.998681,0.000168,L,0.998681,0.997529,0.009620,0.001487,0.174868
42,22,00517,overcast,535,1,0.002278,0.997448,0.000274,L,0.997448,0.995171,0.016981,0.002826,0.080822
42,22,00517,overcast,893,1,0.002614,0.997009,0.000377,L,0.997009,0.994394,0.019574,0.003368,0.142567
42,22,00517,overcast,585,1,0.016894,0.981015,0.002091,L,0.981015,0.964121,0.091612,0.021076,0.098849
42,22,00517,overcast,580,1,0.000001,0.999999,0.000000,L,0.999999,0.999999,0.000010,0.000001,0.621747
42,22,00517,overcast,848,1,0.006686,0.992459,0.000854,L,0.992459,0.985773,0.042810,0.008395,0.138470
42,22,00517,overcast,889,1,0.011032,0.987434,0.001534,L,0.987434,0.976401,0.065673,0.014100,0.152035
42,22,00517,overcast,1213,1,0.006371,0.992802,0.000827,L,0.992802,0.986431,0.041190,0.008024,0.138701
42,22,00517,overcast,1220,1,0.016857,0.980640,0.002504,L,0.980640,0.963783,0.093751,0.021864,0.148937
42,22,00517,overcast,851,1,0.018255,0.978986,0.002758,L,0.978986,0.960731,0.100242,0.023772,0.193452
42,22,00517,overcast,894,1,0.003339,0.996141,0.000520,L,0.996141,0.992802,0.024413,0.004378,0.162976
42,22,00517,overcast,1040,1,0.007359,0.991713,0.000928,L,0.991713,0.984354,0.046310,0.009214,0.094098
42,22,00517,overcast,578,1,0.001415,0.998384,0.000201,L,0.998384,0.996969,0.011478,0.001817,0.169170
42,22,00517,overcast,490,1,0.010252,0.988228,0.001520,L,0.988228,0.977976,0.062369,0.013291,0.149641
42,22,00517,overcast,1308,1,0.002666,0.996886,0.000448,L,0.996886,0.994220,0.020359,0.003562,0.256505
42,22,00517,overcast,583,1,0.010344,0.987772,0.001884,L,0.987772,0.977428,0.064864,0.014112,0.245348
42,22,00517,overcast,495,1,0.006860,0.992356,0.000784,L,0.992356,0.985497,0.043141,0.008427,0.082373
42,22,00517,overcast,1033,1,0.005858,0.993349,0.000793,L,0.993349,0.987491,0.038596,0.007444,0.137318
42,22,00517,overcast,800,1,0.000005,0.999994,0.000001,L,0.999994,0.999989,0.000070,0.000006,0.433246
42,22,00517,overcast,533,1,0.005649,0.993627,0.000724,L,0.993627,0.987977,0.037165,0.007097,0.088987
42,22,00517,overcast,713,1,0.000159,0.999821,0.000020,L,0.999821,0.999662,0.001627,0.000199,0.179706
42,22,00517,overcast,1128,1,0.000025,0.999970,0.000005,L,0.999970,0.999945,0.000321,0.000034,0.522654
42,22,00517,overcast,710,1,0.000000,1.000000,0.000000,L,1.000000,1.000000,0.000004,0.000000,0.452546
42,22,00517,overcast,672,1,0.000000,1.000000,0.000000,L,1.000000,0.999999,0.000008,0.000001,0.671417
42,22,00517,overcast,624,1,0.003234,0.996315,0.000451,L,0.996315,0.993081,0.023390,0.004136,0.101701
42,22,00517,overcast,850,1,0.024506,0.971961,0.003533,L,0.971961,0.947455,0.126047,0.031572,0.186286
42,22,00517,overcast,760,1,0.007438,0.991327,0.001235,L,0.991327,0.983890,0.048570,0.009908,0.275534
42,22,00517,overcast,849,1,0.024139,0.972222,0.003639,L,0.972222,0.948083,0.125356,0.031417,0.208346
42,22,00517,overcast,1038,1,0.018550,0.978312,0.003138,L,0.978312,0.959762,0.103315,0.024826,0.214812
42,22,00517,overcast,531,1,0.000680,0.999232,0.000089,L,0.999232,0.998552,0.005964,0.000857,0.104063
42,22,00517,overcast,709,1,0.000575,0.999347,0.000077,L,0.999347,0.998772,0.005168,0.000730,0.155585
42,22,00517,overcast,488,1,0.006032,0.993182,0.000786,L,0.993182,0.987151,0.039357,0.007603,0.116795
42,22,00517,overcast,584,1,0.017790,0.979760,0.002450,L,0.979760,0.961970,0.096885,0.022689,0.117171
42,22,00517,overcast,1310,1,0.003207,0.996284,0.000509,L,0.996284,0.993077,0.023653,0.004225,0.203562
42,22,00517,overcast,619,1,0.000716,0.999187,0.000097,L,0.999187,0.998471,0.006274,0.000910,0.147868
42,22,00517,overcast,1015,0,0.010809,0.987742,0.001449,L,0.987742,0.976932,0.064256,0.013707,0.093879
42,22,00517,overcast,615,0,0.002598,0.997047,0.000355,L,0.997047,0.994449,0.019330,0.003309,0.130333
42,22,00517,overcast,1174,0,0.018864,0.977880,0.003256,L,0.977880,0.959016,0.105062,0.025376,0.139905
42,22,00517,overcast,559,0,0.002131,0.997598,0.000271,L,0.997598,0.995468,0.016139,0.002673,0.068133
42,22,00517,overcast,200,0,0.012155,0.986389,0.001456,L,0.986389,0.974235,0.069753,0.015067,0.091488
42,22,00517,overcast,344,0,0.001793,0.998028,0.000179,L,0.998028,0.996235,0.013523,0.002152,0.073412
42,22,00517,overcast,1407,0,0.000350,0.999604,0.000046,L,0.999604,0.999255,0.003313,0.000442,0.161682
42,22,00517,overcast,1110,0,0.006415,0.992762,0.000824,L,0.992762,0.986347,0.041370,0.008062,0.088294
42,22,00517,overcast,196,0,0.019262,0.978400,0.002338,L,0.978400,0.959138,0.101588,0.023937,0.092429
42,22,00517,overcast,1375,0,0.001215,0.998626,0.000160,L,0.998626,0.997411,0.009944,0.001534,0.149002
42,22,00517,overcast,464,0,0.005511,0.993678,0.000810,L,0.993678,0.988167,0.037079,0.007132,0.076746
42,22,00517,overcast,267,0,0.002490,0.997241,0.000270,L,0.997241,0.994751,0.018113,0.003029,0.084835
42,22,00517,overcast,1258,0,0.004834,0.994550,0.000615,L,0.994550,0.989716,0.032552,0.006065,0.109656
42,22,00517,overcast,125,0,0.002528,0.997203,0.000269,L,0.997203,0.994675,0.018319,0.003067,0.095626
42,22,00517,overcast,1031,0,0.019959,0.977241,0.002800,L,0.977241,0.957282,0.106569,0.025559,0.145817
42,22,00517,overcast,796,0,0.000216,0.999753,0.000031,L,0.999753,0.999538,0.002175,0.000278,0.254375
42,22,00517,overcast,1137,0,0.003991,0.995453,0.000556,L,0.995453,0.991463,0.027985,0.005102,0.112758
42,22,00517,overcast,235,0,0.005681,0.993708,0.000611,L,0.993708,0.988027,0.036564,0.006904,0.089038
43,22,00534,overcast,1315,1,0.006152,0.992894,0.000955,L,0.992894,0.986742,0.040996,0.008061,0.234523
43,22,00534,overcast,584,1,0.010001,0.988696,0.001303,L,0.988696,0.978695,0.060033,0.012608,0.097635
43,22,00534,overcast,854,1,0.018121,0.979405,0.002475,L,0.979405,0.961284,0.098224,0.023070,0.121846
43,22,00534,overcast,799,1,0.000002,0.999997,0.000000,L,0.999997,0.999995,0.000035,0.000003,0.573546
43,22,00534,overcast,712,1,0.002729,0.996965,0.000306,L,0.996965,0.994235,0.019678,0.003341,0.099374
43,22,00534,overcast,890,1,0.002252,0.997347,0.000402,L,0.997347,0.995095,0.017767,0.003055,0.324913
43,22,00534,overcast,1050,1,0.001111,0.998755,0.000134,L,0.998755,0.997644,0.009100,0.001379,0.096584
43,22,00534,overcast,889,1,0.001548,0.998207,0.000245,L,0.998207,0.996660,0.012602,0.002038,0.366041
43,22,00534,overcast,1230,1,0.016369,0.981373,0.002258,L,0.981373,0.965005,0.090591,0.020885,0.121917
43,22,00534,overcast,581,1,0.000000,1.000000,0.000000,L,1.000000,1.000000,0.000004,0.000000,0.678443
43,22,00534,overcast,529,1,0.002177,0.997544,0.000279,L,0.997544,0.995366,0.016461,0.002736,0.101533
43,22,00534,overcast,1043,1,0.003836,0.995527,0.000637,L,0.995527,0.991691,0.027755,0.005110,0.242739
43,22,00534,overcast,707,1,0.000029,0.999967,0.000004,L,0.999967,0.999938,0.000351,0.000037,0.430330
43,22,00534,overcast,1313,1,0.008368,0.990292,0.001340,L,0.990292,0.981924,0.053296,0.011048,0.213633
43,22,00534,overcast,760,1,0.004934,0.994300,0.000766,L,0.994300,0.989366,0.034031,0.006466,0.323748
43,22,00534,overcast,959,1,0.003446,0.996146,0.000408,L,0.996146,0.992699,0.024189,0.004262,0.084896
43,22,00534,overcast,765,1,0.005778,0.993371,0.000850,L,0.993371,0.987593,0.038593,0.007479,0.127631
43,22,00534,overcast,671,1,0.000000,1.000000,0.000000,L,1.000000,1.000000,0.000000,0.000000,0.906030
43,22,00534,overcast,583,1,0.009263,0.989182,0.001556,L,0.989182,0.979919,0.058423,0.012374,0.168840
43,22,00534,overcast,709,1,0.000000,1.000000,0.000000,L,1.000000,1.000000,0.000002,0.000000,0.595295
43,22,00534,overcast,619,1,0.000060,0.999933,0.000007,L,0.999933,0.999873,0.000664,0.000073,0.172984
43,22,00534,overcast,488,1,0.007600,0.991333,0.001067,L,0.991333,0.983733,0.048258,0.009734,0.141981
43,22,00534,overcast,887,1,0.007142,0.991715,0.001143,L,0.991715,0.984574,0.046683,0.009428,0.271703
43,22,00534,overcast,759,1,0.009183,0.989352,0.001465,L,0.989352,0.980169,0.057546,0.012112,0.288685
43,22,00534,overcast,670,1,0.000000,1.000000,0.000000,L,1.000000,1.000000,0.000000,0.000000,0.926168
43,22,00534,overcast,532,1,0.003046,0.996602,0.000352,L,0.996602,0.993556,0.021701,0.003750,0.081224
43,22,00534,overcast,960,1,0.003411,0.996200,0.000390,L,0.996200,0.992789,0.023874,0.004190,0.083624
43,22,00534,overcast,1140,1,0.002453,0.997215,0.000331,L,0.997215,0.994762,0.018369,0.003116,0.095970
43,22,00534,overcast,710,1,0.000009,0.999990,0.000001,L,0.999990,0.999982,0.000115,0.000011,0.459953
43,22,00534,overcast,851,1,0.022504,0.974112,0.003385,L,0.974112,0.951608,0.118498,0.029273,0.188425
43,22,00534,overcast,579,1,0.006099,0.992921,0.000980,L,0.992921,0.986822,0.040912,0.008059,0.311889
43,22,00534,overcast,886,1,0.018837,0.978504,0.002659,L,0.978504,0.959668,0.101810,0.024155,0.202036
43,22,00534,overcast,491,1,0.008153,0.990512,0.001335,L,0.990512,0.982359,0.052330,0.010823,0.190293
43,22,00534,overcast,795,1,0.000033,0.999963,0.000004,L,0.999963,0.999929,0.000392,0.000041,0.321683
43,22,00534,overcast,1139,1,0.002445,0.997189,0.000366,L,0.997189,0.994744,0.018572,0.003176,0.130239
43,22,00534,overcast,618,1,0.000095,0.999894,0.000011,L,0.999894,0.999799,0.001008,0.000116,0.161840
43,22,00534,overcast,315,0,0.008461,0.990453,0.001086,L,0.990453,0.981991,0.052149,0.010633,0.093559
43,22,00534,overcast,573,0,0.025467,0.971615,0.002918,L,0.971615,0.946148,0.126051,0.031302,0.089156
43,22,00534,overcast,895,0,0.004505,0.994841,0.000653,L,0.994841,0.990336,0.031199,0.005812,0.158390
43,22,00534,overcast,971,0,0.007554,0.991618,0.000829,L,0.991618,0.984064,0.046543,0.009211,0.082035
43,22,00534,overcast,1368,0,0.007456,0.991481,0.001063,L,0.991481,0.984025,0.047592,0.009582,0.145061
43,22,00534,overcast,186,0,0.026157,0.970498,0.003344,L,0.970498,0.944341,0.130560,0.032846,0.101999
43,22,00534,overcast,1110,0,0.003321,0.996186,0.000493,L,0.996186,0.992865,0.024135,0.004307,0.103861
43,22,00534,overcast,1364,0,0.006667,0.992364,0.000969,L,0.992364,0.985697,0.043450,0.008605,0.144857
43,22,00534,overcast,183,0,0.031353,0.964015,0.004632,L,0.964015,0.932662,0.153635,0.040618,0.118663
43,22,00534,overcast,1220,0,0.024287,0.972564,0.003150,L,0.972564,0.948277,0.123332,0.030586,0.121456
43,22,00534,overcast,263,0,0.001917,0.997878,0.000204,L,0.997878,0.995961,0.014430,0.002326,0.090863
43,22,00534,overcast,306,0,0.002690,0.996992,0.000318,L,0.996992,0.994302,0.019555,0.003326,0.079321
43,22,00534,overcast,1141,0,0.006057,0.993149,0.000794,L,0.993149,0.987092,0.039530,0.007646,0.094701
43,22,00534,overcast,1174,0,0.018164,0.978940,0.002897,L,0.978940,0.960776,0.100647,0.023957,0.122860
43,22,00534,overcast,1365,0,0.006307,0.992730,0.000963,L,0.992730,0.986423,0.041764,0.008233,0.152961
43,22,00534,overcast,287,0,0.001134,0.998725,0.000141,L,0.998725,0.997591,0.009299,0.001416,0.082080
43,22,00534,overcast,1331,0,0.004415,0.995060,0.000525,L,0.995060,0.990646,0.029885,0.005465,0.087566
43,22,00534,overcast,401,0,0.004280,0.995096,0.000624,L,0.995096,0.990816,0.029892,0.005528,0.114746
44,22,00550,overcast,890,1,0.003427,0.996167,0.000405,L,0.996167,0.992740,0.024070,0.004238,0.085531
44,22,00550,overcast,1322,1,0.005559,0.993704,0.000737,L,0.993704,0.988146,0.036823,0.007033,0.131295
44,22,00550,overcast,577,1,0.001641,0.998085,0.000273,L,0.998085,0.996444,0.013363,0.002188,0.316720
44,22,00550,overcast,759,1,0.008664,0.989897,0.001440,L,0.989897,0.981233,0.055172,0.011543,0.326744
44,22,00550,overcast,708,1,0.001542,0.998200,0.000258,L,0.998200,0.996658,0.012666,0.002058,0.230757
44,22,00550,overcast,963,1,0.002231,0.997497,0.000272,L,0.997497,0.995266,0.016706,0.002775,0.132912
44,22,00550,overcast,1326,1,0.007948,0.990987,0.001065,L,0.990987,0.983040,0.049778,0.010078,0.136091
44,22,00550,overcast,889,1,0.003242,0.996344,0.000414,L,0.996344,0.993102,0.023170,0.004070,0.093656
44,22,00550,overcast,1053,1,0.002141,0.997519,0.000340,L,0.997519,0.995379,0.016704,0.002821,0.259670
44,22,00550,overcast,756,1,0.006725,0.992199,0.001076,L,0.992199,0.985474,0.044386,0.008877,0.262945
44,22,00550,overcast,965,1,0.003701,0.995860,0.000439,L,0.995860,0.992160,0.025711,0.004579,0.129535
44,22,00550,overcast,848,1,0.035522,0.959062,0.005416,L,0.959062,0.923540,0.170132,0.046354,0.218012
44,22,00550,overcast,523,1,0.001263,0.998575,0.000162,L,0.998575,0.997312,0.010256,0.001587,0.104194
44,22,00550,overcast,885,1,0.000850,0.999055,0.000095,L,0.999055,0.998204,0.007133,0.001040,0.114876
44,22,00550,overcast,762,1,0.010181,0.988359,0.001460,L,0.988359,0.978178,0.061721,0.013101,0.128763
44,22,00550,overcast,884,1,0.002091,0.997682,0.000226,L,0.997682,0.995591,0.015580,0.002544,0.107944
44,22,00550,overcast,615,1,0.000202,0.999768,0.000030,L,0.999768,0.999565,0.002061,0.000262,0.420291
44,22,00550,overcast,526,1,0.001514,0.998295,0.000190,L,0.998295,0.996781,0.011985,0.001895,0.101865
44,22,00550,overcast,1143,1,0.000472,0.999458,0.000070,L,0.999458,0.998987,0.004393,0.000612,0.244406
44,22,00550,overcast,1147,1,0.004858,0.994239,0.000903,L,0.994239,0.989381,0.034544,0.006663,0.296565
44,22,00550,overcast,529,1,0.003311,0.996306,0.000382,L,0.996306,0.992995,0.023306,0.004076,0.077458
44,22,00550,overcast,706,1,0.000002,0.999998,0.000000,L,0.999998,0.999996,0.000028,0.000002,0.614358
44,22,00550,overcast,530,1,0.003025,0.996637,0.000338,L,0.996637,0.993612,0.021489,0.003701,0.068289
44,22,00550,overcast,704,1,0.000522,0.999398,0.000081,L,0.999398,0.998876,0.004830,0.000683,0.349889
44,22,00550,overcast,579,1,0.000000,1.000000,0.000000,L,1.000000,1.000000,0.000002,0.000000,0.684335
44,22,00550,overcast,1144,1,0.000000,1.000000,0.000000,L,1.000000,1.000000,0.000001,0.000000,0.649583
44,22,00550,overcast,964,1,0.003401,0.996173,0.000426,L,0.996173,0.992772,0.024082,0.004254,0.142252
44,22,00550,overcast,847,1,0.032392,0.962619,0.004989,L,0.962619,0.930227,0.158580,0.042370,0.228170
44,22,00550,overcast,798,1,0.002062,0.997606,0.000333,L,0.997606,0.995544,0.016208,0.002727,0.158345
44,22,00550,overcast,707,1,0.000002,0.999997,0.000000,L,0.999997,0.999995,0.000037,0.000003,0.584544
44,22,00550,overcast,887,1,0.001795,0.997954,0.000251,L,0.997954,0.996159,0.014084,0.002297,0.139860
44,22,00550,overcast,883,1,0.001209,0.998656,0.000135,L,0.998656,0.997447,0.009713,0.001480,0.101132
44,22,00550,overcast,969,1,0.006929,0.992217,0.000854,L,0.992217,0.985287,0.043910,0.008638,0.095305
44,22,00550,overcast,492,1,0.006555,0.992671,0.000774,L,0.992671,0.986116,0.041692,0.008103,0.081938
44,22,00550,overcast,487,1,0.010159,0.988396,0.001445,L,0.988396,0.978238,0.061542,0.013049,0.136594
44,22,00550,overcast,761,1,0.011439,0.986495,0.002066,L,0.986495,0.975055,0.070387,0.015572,0.239068
44,22,00550,overcast,541,0,0.004047,0.995303,0.000650,L,0.995303,0.991255,0.028906,0.005348,0.107727
44,22,00550,overcast,36,0,0.005408,0.993996,0.000596,L,0.993996,0.988589,0.035170,0.006600,0.095877
44,22,00550,overcast,1386,0,0.004474,0.994937,0.000589,L,0.994937,0.990463,0.030616,0.005653,0.130382
44,22,00550,overcast,1128,0,0.016140,0.981807,0.002053,L,0.981807,0.965667,0.088597,0.020246,0.109602
44,22,00550,overcast,1038,0,0.011615,0.986866,0.001520,L,0.986866,0.975251,0.067956,0.014654,0.092624
44,22,00550,overcast,1150,0,0.012623,0.985787,0.001590,L,0.985787,0.973164,0.072406,0.015802,0.106704
44,22,00550,overcast,721,0,0.004218,0.995212,0.000570,L,0.995212,0.990995,0.029218,0.005358,0.061000
44,22,00550,overcast,104,0,0.010182,0.988626,0.001192,L,0.988626,0.978444,0.060111,0.012565,0.095580
44,22,00550,overcast,1313,0,0.004648,0.994763,0.000589,L,0.994763,0.990114,0.031469,0.005827,0.118856
44,22,00550,overcast,1244,0,0.010387,0.988321,0.001293,L,0.988321,0.977934,0.061575,0.012972,0.112130
44,22,00550,overcast,451,0,0.003639,0.995789,0.000572,L,0.995789,0.992150,0.026317,0.004784,0.104636
44,22,00550,overcast,505,0,0.015915,0.982197,0.001888,L,0.982197,0.966282,0.086818,0.019690,0.104248
44,22,00550,overcast,353,0,0.001507,0.998339,0.000154,L,0.998339,0.996833,0.011652,0.001814,0.085495
44,22,00550,overcast,598,0,0.006212,0.993056,0.000732,L,0.993056,0.986844,0.039843,0.007676,0.071219
44,22,00550,overcast,517,0,0.004077,0.995459,0.000464,L,0.995459,0.991382,0.027785,0.005005,0.074944
44,22,00550,overcast,1173,0,0.018684,0.978052,0.003265,L,0.978052,0.959368,0.104456,0.025213,0.138458
44,22,00550,overcast,751,0,0.010246,0.988618,0.001136,L,0.988618,0.978372,0.060033,0.012517,0.091125
44,22,00550,overcast,993,0,0.015461,0.982186,0.002353,L,0.982186,0.966725,0.087711,0.020168,0.094857
45,22,00567,overcast,1067,1,0.000103,0.999885,0.000011,L,0.999885,0.999782,0.001087,0.000126,0.155382
45,22,00567,overcast,578,1,0.000501,0.999416,0.000082,L,0.999416,0.998915,0.004702,0.000666,0.396971
45,22,00567,overcast,792,1,0.000234,0.999737,0.000029,L,0.999737,0.999502,0.002298,0.000292,0.169149
45,22,00567,overcast,706,1,0.003415,0.996192,0.000393,L,0.996192,0.992777,0.023919,0.004201,0.086374
45,22,00567,overcast,614,1,0.000190,0.999788,0.000021,L,0.999788,0.999598,0.001885,0.000233,0.154803
45,22,00567,overcast,795,1,0.001243,0.998603,0.000154,L,0.998603,0.997360,0.010072,0.001551,0.113432
45,22,00567,overcast,611,1,0.000679,0.999246,0.000075,L,0.999246,0.998567,0.005844,0.000829,0.112495
45,22,00567,overcast,666,1,0.000000,1.000000,0.000000,L,1.000000,1.000000,0.000001,0.000000,0.920671
45,22,00567,overcast,579,1,0.000292,0.999658,0.000049,L,0.999658,0.999366,0.002921,0.000391,0.309378
45,22,00567,overcast,1153,1,0.000001,0.999999,0.000000,L,0.999999,0.999999,0.000009,0.000001,0.545249
45,22,00567,overcast,577,1,0.000001,0.999998,0.000000,L,0.999998,0.999997,0.000021,0.000002,0.596773
45,22,00567,overcast,973,1,0.002401,0.997277,0.000322,L,0.997277,0.994876,0.018015,0.003045,0.180701
45,22,00567,overcast,976,1,0.002614,0.997112,0.000274,L,0.997112,0.994498,0.018822,0.003163,0.097193
45,22,00567,overcast,700,1,0.002302,0.997437,0.000261,L,0.997437,0.995135,0.017017,0.002824,0.110570
45,22,00567,overcast,1335,1,0.000512,0.999426,0.000062,L,0.999426,0.998914,0.004598,0.000635,0.120029
45,22,00567,overcast,755,1,0.006526,0.992424,0.001050,L,0.992424,0.985898,0.043314,0.008625,0.291976
45,22,00567,overcast,575,1,0.005737,0.993320,0.000943,L,0.993320,0.987584,0.038987,0.007623,0.292062
45,22,00567,overcast,1246,1,0.003706,0.995774,0.000520,L,0.995774,0.992068,0.026303,0.004746,0.138787
45,22,00567,overcast,1331,1,0.007934,0.991057,0.001010,L,0.991057,0.983123,0.049372,0.009953,0.120261
45,22,00567,overcast,488,1,0.007930,0.990963,0.001107,L,0.990963,0.983034,0.049960,0.010144,0.125726
45,22,00567,overcast,703,1,0.000000,1.000000,0.000000,L,1.000000,1.000000,0.000003,0.000000,0.477359
45,22,00567,overcast,1244,1,0.001028,0.998833,0.000139,L,0.998833,0.997805,0.008625,0.001306,0.164808
45,22,00567,overcast,487,1,0.003125,0.996390,0.000485,L,0.996390,0.993265,0.023057,0.004095,0.172268
45,22,00567,overcast,977,1,0.002001,0.997798,0.000200,L,0.997798,0.995797,0.014875,0.002402,0.081500
45,22,00567,overcast,794,1,0.000271,0.999696,0.000033,L,0.999696,0.999425,0.002611,0.000337,0.149879
45,22,00567,overcast,1063,1,0.000010,0.999989,0.000002,L,0.999989,0.999979,0.000131,0.000013,0.473286
45,22,00567,overcast,483,1,0.008790,0.989971,0.001239,L,0.989971,0.981181,0.054509,0.011268,0.127608
45,22,00567,overcast,701,1,0.000362,0.999592,0.000045,L,0.999592,0.999230,0.003395,0.000453,0.169215
45,22,00567,overcast,664,1,0.000650,0.999242,0.000108,L,0.999242,0.998592,0.005931,0.000866,0.352110
45,22,00567,overcast,486,1,0.002018,0.997681,0.000301,L,0.997681,0.995663,0.015730,0.002621,0.166232
45,22,00567,overcast,971,1,0.001651,0.998147,0.000202,L,0.998147,0.996496,0.012875,0.002054,0.143994
45,22,00567,overcast,1152,1,0.000108,0.999873,0.000019,L,0.999873,0.999765,0.001203,0.000146,0.389312
45,22,00567,overcast,522,1,0.000153,0.999832,0.000015,L,0.999832,0.999679,0.001529,0.000184,0.091241
45,22,00567,overcast,1065,1,0.000331,0.999614,0.000056,L,0.999614,0.999283,0.003261,0.000442,0.333468
45,22,00567,overcast,845,1,0.014095,0.983659,0.002246,L,0.983659,0.969564,0.081901,0.018588,0.233972
45,22,00567,overcast,1242,1,0.013775,0.984523,0.001702,L,0.984523,0.970748,0.077582,0.017179,0.124790
45,22,00567,overcast,154,0,0.001825,0.998000,0.000175,L,0.998000,0.996175,0.013671,0.002175,0.085855
45,22,00567,overcast,193,0,0.011287,0.987365,0.001348,L,0.987365,0.976077,0.065608,0.013983,0.083391
45,22,00567,overcast,812,0,0.008001,0.990810,0.001190,L,0.990810,0.982809,0.050781,0.010380,0.090399
45,22,00567,overcast,0,0,0.019015,0.978417,0.002568,L,0.978417,0.959403,0.101956,0.024150,0.143736
45,22,00567,overcast,1092,0,0.002159,0.997588,0.000252,L,0.997588,0.995429,0.016160,0.002664,0.067076
45,22,00567,overcast,1205,0,0.021745,0.975687,0.002568,L,0.975687,0.953942,0.111577,0.026881,0.103677
45,22,00567,overcast,982,0,0.006534,0.992695,0.000772,L,0.992695,0.986161,0.041578,0.008077,0.080630
45,22,00567,overcast,369,0,0.024674,0.972184,0.003142,L,0.972184,0.947510,0.124588,0.030957,0.086279
45,22,00567,overcast,1116,0,0.007814,0.991091,0.001095,L,0.991091,0.983277,0.049376,0.010004,0.119740
45,22,00567,overcast,1291,0,0.011604,0.986865,0.001531,L,0.986865,0.975261,0.067981,0.014666,0.136424
45,22,00567,overcast,399,0,0.004463,0.994943,0.000594,L,0.994943,0.990480,0.030592,0.005651,0.095080
45,22,00567,overcast,1424,0,0.000571,0.999356,0.000072,L,0.999356,0.998785,0.005097,0.000716,0.129114
45,22,00567,overcast,648,0,0.005715,0.993409,0.000876,L,0.993409,0.987694,0.038462,0.007468,0.085730
45,22,00567,overcast,1073,0,0.004950,0.994458,0.000592,L,0.994458,0.989508,0.032954,0.006134,0.079585
45,22,00567,overcast,17,0,0.011565,0.987095,0.001340,L,0.987095,0.975530,0.066686,0.014245,0.097834
45,22,00567,overcast,291,0,0.003052,0.996569,0.000379,L,0.996569,0.993517,0.021923,0.003809,0.081595
45,22,00567,overcast,1094,0,0.008252,0.990803,0.000945,L,0.990803,0.982552,0.050356,0.010142,0.078584
45,22,00567,overcast,418,0,0.001590,0.998208,0.000202,L,0.998208,0.996618,0.012522,0.001995,0.108724
46,22,00583,overcast,524,1,0.006937,0.992242,0.000821,L,0.992242,0.985304,0.043735,0.008580,0.080497
46,22,00583,overcast,485,1,0.011588,0.986766,0.001646,L,0.986766,0.975179,0.068587,0.014879,0.129380
46,22,00583,overcast,574,1,0.003771,0.995592,0.000637,L,0.995592,0.991821,0.027423,0.005044,0.254438
46,22,00583,overcast,1166,1,0.004811,0.994561,0.000628,L,0.994561,0.989750,0.032524,0.006067,0.121876
46,22,00583,overcast,664,1,0.000004,0.999995,0.000001,L,0.999995,0.999991,0.000060,0.000005,0.562217
46,22,00583,overcast,1074,1,0.000724,0.999180,0.000095,L,0.999180,0.998456,0.006316,0.000915,0.163515
46,22,00583,overcast,518,1,0.000500,0.999439,0.000061,L,0.999439,0.998939,0.004505,0.000621,0.106791
46,22,00583,overcast,1341,1,0.007481,0.991363,0.001156,L,0.991363,0.983882,0.048279,0.009793,0.244635
46,22,00583,overcast,704,1,0.002285,0.997428,0.000286,L,0.997428,0.995143,0.017114,0.002858,0.092957
46,22,00583,overcast,881,1,0.005594,0.993440,0.000965,L,0.993440,0.987846,0.038459,0.007525,0.184294
46,22,00583,overcast,577,1,0.000050,0.999941,0.000009,L,0.999941,0.999890,0.000602,0.000068,0.469583
46,22,00583,overcast,790,1,0.002844,0.996692,0.000464,L,0.996692,0.993849,0.021424,0.003772,0.328601
46,22,00583,overcast,982,1,0.000643,0.999262,0.000095,L,0.999262,0.998619,0.005773,0.000833,0.212595
46,22,00583,overcast,793,1,0.000716,0.999194,0.000089,L,0.999194,0.998478,0.006212,0.000895,0.115347
46,22,00583,overcast,1255,1,0.001962,0.997716,0.000323,L,0.997716,0.995754,0.015569,0.002607,0.222044
46,22,00583,overcast,843,1,0.022372,0.973849,0.003780,L,0.973849,0.951477,0.120061,0.029931,0.244651
46,22,00583,overcast,579,1,0.008169,0.990590,0.001241,L,0.990590,0.982421,0.051831,0.010651,0.138096
46,22,00583,overcast,489,1,0.008331,0.990673,0.000996,L,0.990673,0.982342,0.051022,0.010323,0.084294
46,22,00583,overcast,1076,1,0.003868,0.995637,0.000494,L,0.995637,0.991769,0.026948,0.004857,0.120968
46,22,00583,overcast,752,1,0.005336,0.993849,0.000814,L,0.993849,0.988513,0.036274,0.006965,0.185745
46,22,00583,overcast,519,1,0.000163,0.999817,0.000020,L,0.999817,0.999654,0.001658,0.000203,0.126374
46,22,00583,overcast,611,1,0.000092,0.999892,0.000016,L,0.999892,0.999799,0.001041,0.000124,0.330946
46,22,00583,overcast,1163,1,0.000000,1.000000,0.000000,L,1.000000,0.999999,0.000006,0.000001,0.538457
46,22,00583,overcast,753,1,0.011745,0.986310,0.001946,L,0.986310,0.974565,0.070944,0.015636,0.274322
46,22,00583,overcast,575,1,0.000001,0.999998,0.000000,L,0.999998,0.999997,0.000023,0.000002,0.553682
46,22,00583,overcast,755,1,0.003222,0.996280,0.000498,L,0.996280,0.993059,0.023653,0.004218,0.332626
46,22,00583,overcast,879,1,0.015278,0.982156,0.002566,L,0.982156,0.966878,0.088176,0.020409,0.249733
46,22,00583,overcast,849,1,0.019923,0.977492,0.002585,L,0.977492,0.957569,0.105288,0.025093,0.122989
46,22,00583,overcast,572,1,0.001623,0.998147,0.000231,L,0.998147,0.996524,0.012932,0.002084,0.167346
46,22,00583,overcast,523,1,0.006636,0.992549,0.000815,L,0.992549,0.985913,0.042328,0.008266,0.088873
46,22,00583,overcast,700,1,0.000007,0.999993,0.000001,L,0.999993,0.999986,0.000089,0.000008,0.620235
46,22,00583,overcast,1164,1,0.000010,0.999989,0.000001,L,0.999989,0.999979,0.000130,0.000013,0.443180
46,22,00583,overcast,663,1,0.000948,0.998894,0.000158,L,0.998894,0.997945,0.008274,0.001264,0.300624
46,22,00583,overcast,520,1,0.000212,0.999762,0.000026,L,0.999762,0.999550,0.002100,0.000264,0.118589
46,22,00583,overcast,791,1,0.002138,0.997449,0.000413,L,0.997449,0.995311,0.017212,0.002964,0.280838
46,22,00583,overcast,484,1,0.013703,0.984311,0.001986,L,0.984311,0.970607,0.078928,0.017675,0.137441
46,22,00583,overcast,1113,0,0.005405,0.993829,0.000766,L,0.993829,0.988423,0.036287,0.006937,0.100894
46,22,00583,overcast,1396,0,0.001249,0.998578,0.000173,L,0.998578,0.997330,0.010255,0.001595,0.156671
46,22,00583,overcast,839,0,0.015922,0.981970,0.002108,L,0.981970,0.966048,0.088090,0.020139,0.112430
46,22,00583,overcast,514,0,0.003903,0.995628,0.000469,L,0.995628,0.991725,0.026945,0.004841,0.077754
46,22,00583,overcast,557,0,0.012074,0.986385,0.001541,L,0.986385,0.974311,0.069930,0.015155,0.087646
46,22,00583,overcast,751,0,0.010194,0.988488,0.001318,L,0.988488,0.978294,0.060926,0.012830,0.120960
46,22,00583,overcast,232,0,0.003726,0.995885,0.000389,L,0.995885,0.992159,0.025487,0.004504,0.083166
46,22,00583,overcast,946,0,0.025468,0.971207,0.003325,L,0.971207,0.945738,0.128183,0.032118,0.100917
46,22,00583,overcast,1257,0,0.004292,0.995141,0.000567,L,0.995141,0.990848,0.029566,0.005426,0.124138
46,22,00583,overcast,568,0,0.014010,0.984295,0.001696,L,0.984295,0.970285,0.078456,0.017401,0.095739
46,22,00583,overcast,1045,0,0.002101,0.997648,0.000251,L,0.997648,0.995547,0.015824,0.002603,0.078214
46,22,00583,overcast,70,0,0.003121,0.996555,0.000324,L,0.996555,0.993433,0.021892,0.003769,0.097077
46,22,00583,overcast,271,0,0.020813,0.975774,0.003414,L,0.975774,0.954961,0.112789,0.027640,0.154385
46,22,00583,overcast,534,0,0.002449,0.997243,0.000309,L,0.997243,0.994794,0.018178,0.003066,0.145395
46,22,00583,overcast,1409,0,0.000593,0.999315,0.000092,L,0.999315,0.998722,0.005412,0.000777,0.176444
46,22,00583,overcast,1132,0,0.007153,0.991991,0.000857,L,0.991991,0.984838,0.044933,0.008866,0.090618
46,22,00583,overcast,1369,0,0.001837,0.997918,0.000245,L,0.997918,0.996081,0.014280,0.002327,0.144991
46,22,00583,overcast,474,0,0.011483,0.986964,0.001553,L,0.986964,0.975481,0.067620,0.014589,0.101071
47,22,00600,overcast,485,1,0.009615,0.989033,0.001352,L,0.989033,0.979418,0.058706,0.012319,0.134786
47,22,00600,overcast,881,1,0.002803,0.996880,0.000317,L,0.996880,0.994078,0.020154,0.003437,0.074176
47,22,00600,overcast,758,1,0.012998,0.984634,0.002368,L,0.984634,0.971636,0.078291,0.017733,0.270459
47,22,00600,overcast,517,1,0.000110,0.999872,0.000018,L,0.999872,0.999763,0.001204,0.000145,0.321007
47,22,00600,overcast,785,1,0.009316,0.989421,0.001263,L,0.989421,0.980105,0.056902,0.011842,0.161261
47,22,00600,overcast,486,1,0.009190,0.989475,0.001334,L,0.989475,0.980285,0.056800,0.011859,0.143581
47,22,00600,overcast,698,1,0.000001,0.999999,0.000000,L,0.999999,0.999998,0.000016,0.000001,0.651342
47,22,00600,overcast,699,1,0.000003,0.999997,0.000000,L,0.999997,0.999994,0.000039,0.000003,0.595001
47,22,00600,overcast,702,1,0.003283,0.996334,0.000383,L,0.996334,0.993051,0.023163,0.004049,0.078979
47,22,00600,overcast,756,1,0.004006,0.995360,0.000634,L,0.995360,0.991354,0.028589,0.005273,0.340864
47,22,00600,overcast,516,1,0.000938,0.998920,0.000142,L,0.998920,0.997982,0.008083,0.001223,0.203108
47,22,00600,overcast,844,1,0.024745,0.971652,0.003603,L,0.971652,0.946906,0.127206,0.031952,0.179752
47,22,00600,overcast,483,1,0.011127,0.987270,0.001602,L,0.987270,0.976143,0.066462,0.014332,0.135447
47,22,00600,overcast,670,1,0.010251,0.988394,0.001355,L,0.988394,0.978143,0.061385,0.012960,0.107876
47,22,00600,overcast,849,1,0.027096,0.969572,0.003332,L,0.969572,0.942476,0.133568,0.033760,0.116330
47,22,00600,overcast,666,1,0.000000,1.000000,0.000000,L,1.000000,1.000000,0.000000,0.000000,0.992713
47,22,00600,overcast,875,1,0.010008,0.988854,0.001137,L,0.988854,0.978846,0.059052,0.012283,0.115946
47,22,00600,overcast,606,1,0.000965,0.998887,0.000148,L,0.998887,0.997921,0.008302,0.001261,0.343447
47,22,00600,overcast,611,1,0.002475,0.997174,0.000351,L,0.997174,0.994699,0.018632,0.003177,0.133003
47,22,00600,overcast,667,1,0.000000,1.000000,0.000000,L,1.000000,0.999999,0.000006,0.000001,0.795276
47,22,00600,overcast,696,1,0.001766,0.997979,0.000255,L,0.997979,0.996213,0.013946,0.002275,0.340836
47,22,00600,overcast,579,1,0.002865,0.996718,0.000417,L,0.996718,0.993853,0.021204,0.003699,0.126197
47,22,00600,overcast,878,1,0.001178,0.998681,0.000141,L,0.998681,0.997502,0.009571,0.001460,0.118820
47,22,00600,overcast,607,1,0.000011,0.999987,0.000001,L,0.999987,0.999976,0.000146,0.000014,0.555385
47,22,00600,overcast,695,1,0.003527,0.995915,0.000558,L,0.995915,0.992388,0.025644,0.004643,0.291559
47,22,00600,overcast,609,1,0.000017,0.999981,0.000003,L,0.999981,0.999964,0.000213,0.000022,0.534856
47,22,00600,overcast,663,1,0.002835,0.996692,0.000472,L,0.996692,0.993857,0.021437,0.003780,0.282643
47,22,00600,overcast,759,1,0.015475,0.982137,0.002388,L,0.982137,0.966662,0.087955,0.020251,0.154564
47,22,00600,overcast,608,1,0.000002,0.999998,0.000000,L,0.999998,0.999996,0.000025,0.000002,0.651385
47,22,00600,overcast,488,1,0.013117,0.985137,0.001745,L,0.985137,0.972020,0.075262,0.016608,0.119095
47,22,00600,overcast,573,1,0.002146,0.997515,0.000339,L,0.997515,0.995369,0.016727,0.002824,0.207463
47,22,00600,overcast,880,1,0.001718,0.998082,0.000200,L,0.998082,0.996365,0.013248,0.002117,0.084292
47,22,00600,overcast,605,1,0.003350,0.996124,0.000526,L,0.996124,0.992774,0.024513,0.004402,0.289184
47,22,00600,overcast,760,1,0.005608,0.993642,0.000750,L,0.993642,0.988033,0.037144,0.007109,0.100308
47,22,00600,overcast,575,1,0.000001,0.999999,0.000000,L,0.999999,0.999998,0.000015,0.000001,0.579488
47,22,00600,overcast,790,1,0.002704,0.996923,0.000372,L,0.996923,0.994219,0.020028,0.003449,0.117751
47,22,00600,overcast,779,0,0.008779,0.990096,0.001124,L,0.990096,0.981317,0.053760,0.011028,0.114484
47,22,00600,overcast,114,0,0.014990,0.983374,0.001636,L,0.983374,0.968384,0.081872,0.018262,0.091645
47,22,00600,overcast,1042,0,0.016805,0.981096,0.002099,L,0.981096,0.964291,0.091328,0.021003,0.102187
47,22,00600,overcast,977,0,0.009176,0.989813,0.001011,L,0.989813,0.980636,0.054756,0.011198,0.088959
47,22,00600,overcast,863,0,0.019064,0.978733,0.002203,L,0.978733,0.959669,0.100137,0.023471,0.106309
47,22,00600,overcast,509,0,0.023597,0.973378,0.003025,L,0.973378,0.949781,0.120355,0.029648,0.129322
47,22,00600,overcast,1053,0,0.007379,0.991685,0.000936,L,0.991685,0.984306,0.046451,0.009251,0.103899
47,22,00600,overcast,1379,0,0.002328,0.997366,0.000306,L,0.997366,0.995038,0.017496,0.002940,0.135354
47,22,00600,overcast,44,0,0.019155,0.978518,0.002327,L,0.978518,0.959362,0.101145,0.023809,0.107913
47,22,00600,overcast,1323,0,0.006316,0.992925,0.000759,L,0.992925,0.986609,0.040498,0.007834,0.119318
47,22,00600,overcast,193,0,0.016968,0.980882,0.002151,L,0.980882,0.963914,0.092218,0.021269,0.094899
47,22,00600,overcast,421,0,0.019478,0.978046,0.002476,L,0.978046,0.958567,0.103116,0.024430,0.132901
47,22,00600,overcast,308,0,0.003895,0.995622,0.000483,L,0.995622,0.991726,0.027006,0.004862,0.097770
47,22,00600,overcast,1311,0,0.004487,0.994912,0.000601,L,0.994912,0.990426,0.030756,0.005688,0.123055
47,22,00600,overcast,1218,0,0.007780,0.991178,0.001042,L,0.991178,0.983399,0.048896,0.009864,0.096593
47,22,00600,overcast,873,0,0.021416,0.976059,0.002525,L,0.976059,0.954644,0.110202,0.026466,0.129148
47,22,00600,overcast,904,0,0.029827,0.966289,0.003884,L,0.966289,0.936463,0.145145,0.037595,0.091453
47,22,00600,overcast,37,0,0.001450,0.998387,0.000163,L,0.998387,0.996937,0.011389,0.001776,0.099060
48,38,00158,fog,404,1,0.009801,0.988915,0.001284,L,0.988915,0.979114,0.059078,0.012369,0.119091
48,38,00158,fog,405,1,0.004058,0.995380,0.000562,L,0.995380,0.991322,0.028364,0.005182,0.130959
48,38,00158,fog,406,1,0.002737,0.996890,0.000374,L,0.996890,0.994153,0.020209,0.003484,0.120578
48,38,00158,fog,407,1,0.002262,0.997457,0.000281,L,0.997457,0.995195,0.016945,0.002824,0.106057
48,38,00158,fog,491,1,0.005367,0.993846,0.000786,L,0.993846,0.988479,0.036239,0.006940,0.159566
48,38,00158,fog,492,1,0.011578,0.986663,0.001759,L,0.986663,0.975085,0.069204,0.015097,0.185932
48,38,00158,fog,493,1,0.003639,0.995761,0.000601,L,0.995761,0.992122,0.026507,0.004840,0.234808
48,38,00158,fog,494,1,0.002901,0.996621,0.000477,L,0.996621,0.993721,0.021822,0.003856,0.215234
48,38,00158,fog,495,1,0.009585,0.988813,0.001602,L,0.988813,0.979228,0.060059,0.012789,0.193380
48,38,00158,fog,496,1,0.002656,0.996960,0.000384,L,0.996960,0.994304,0.019851,0.003424,0.129220
48,38,00158,fog,497,1,0.002455,0.997222,0.000323,L,0.997222,0.994767,0.018318,0.003101,0.104855
48,38,00158,fog,581,1,0.002401,0.997200,0.000400,L,0.997200,0.994799,0.018574,0.003200,0.246050
48,38,00158,fog,582,1,0.000030,0.999965,0.000005,L,0.999965,0.999935,0.000374,0.000040,0.471422
48,38,00158,fog,583,1,0.000000,1.000000,0.000000,L,1.000000,1.000000,0.000001,0.000000,0.769174
48,38,00158,fog,584,1,0.000000,1.000000,0.000000,L,1.000000,1.000000,0.000001,0.000000,0.804243
48,38,00158,fog,585,1,0.000008,0.999991,0.000001,L,0.999991,0.999983,0.000108,0.000010,0.550624
48,38,00158,fog,586,1,0.002361,0.997208,0.000431,L,0.997208,0.994847,0.018577,0.003223,0.333452
48,38,00158,fog,587,1,0.002913,0.996598,0.000489,L,0.996598,0.993685,0.021967,0.003891,0.181697
48,38,00158,fog,671,1,0.003265,0.996183,0.000552,L,0.996183,0.992918,0.024249,0.004369,0.299212
48,38,00158,fog,672,1,0.000145,0.999832,0.000023,L,0.999832,0.999687,0.001541,0.000191,0.460189
48,38,00158,fog,673,1,0.000001,0.999999,0.000000,L,0.999999,0.999999,0.000008,0.000001,0.747646
48,38,00158,fog,674,1,0.000000,1.000000,0.000000,L,1.000000,0.999999,0.000005,0.000000,0.781221
48,38,00158,fog,675,1,0.000050,0.999941,0.000009,L,0.999941,0.999891,0.000598,0.000068,0.525400
48,38,00158,fog,676,1,0.002555,0.996964,0.000480,L,0.996964,0.994409,0.019984,0.003516,0.304090
48,38,00158,fog,677,1,0.003126,0.996360,0.000514,L,0.996360,0.993233,0.023264,0.004154,0.188153
48,38,00158,fog,761,1,0.011913,0.986131,0.001956,L,0.986131,0.974218,0.071679,0.015825,0.289152
48,38,00158,fog,762,1,0.012393,0.985535,0.002072,L,0.985535,0.973142,0.074253,0.016536,0.282915
48,38,00158,fog,763,1,0.005897,0.993116,0.000986,L,0.993116,0.987219,0.040013,0.007870,0.313613
48,38,00158,fog,764,1,0.005538,0.993509,0.000953,L,0.993509,0.987971,0.038114,0.007443,0.329158
48,38,00158,fog,765,1,0.003251,0.996122,0.000628,L,0.996122,0.992871,0.024687,0.004506,0.269333
48,38,00158,fog,766,1,0.002659,0.996874,0.000467,L,0.996874,0.994215,0.020453,0.003593,0.215763
48,38,00158,fog,767,1,0.003094,0.996463,0.000443,L,0.996463,0.993369,0.022601,0.003980,0.122234
48,38,00158,fog,768,1,0.003024,0.996555,0.000420,L,0.996555,0.993531,0.022073,0.003865,0.121160
48,38,00158,fog,998,0,0.005824,0.993353,0.000822,L,0.993353,0.987529,0.038627,0.007469,0.071865
48,38,00158,fog,613,0,0.005101,0.994311,0.000588,L,0.994311,0.989210,0.033655,0.006277,0.151117
48,38,00158,fog,90,0,0.015113,0.983041,0.001846,L,0.983041,0.967928,0.083551,0.018805,0.122237
48,38,00158,fog,388,0,0.021973,0.975291,0.002736,L,0.975291,0.953318,0.113269,0.027445,0.109611
48,38,00158,fog,813,0,0.006117,0.993086,0.000797,L,0.993086,0.986970,0.039825,0.007711,0.072631
48,38,00158,fog,276,0,0.008890,0.989830,0.001279,L,0.989830,0.980940,0.055186,0.011449,0.127988
48,38,00158,fog,927,0,0.009335,0.989610,0.001055,L,0.989610,0.980276,0.055703,0.011444,0.060638
48,38,00158,fog,781,0,0.002877,0.996786,0.000337,L,0.996786,0.993908,0.020699,0.003552,0.090107
48,38,00158,fog,637,0,0.024028,0.973002,0.002970,L,0.973002,0.948973,0.121519,0.029968,0.080734
48,38,00158,fog,4,0,0.008269,0.990636,0.001095,L,0.990636,0.982367,0.051369,0.010458,0.131648
48,38,00158,fog,1125,0,0.004368,0.995080,0.000552,L,0.995080,0.990712,0.029840,0.005472,0.092369
48,38,00158,fog,1420,0,0.006672,0.992318,0.001010,L,0.992318,0.985646,0.043733,0.008692,0.145276
48,38,00158,fog,667,0,0.011603,0.986664,0.001733,L,0.986664,0.975061,0.069153,0.015068,0.126780
48,38,00158,fog,1320,0,0.004343,0.995024,0.000633,L,0.995024,0.990681,0.030264,0.005609,0.132539
48,38,00158,fog,395,0,0.002706,0.996969,0.000325,L,0.996969,0.994263,0.019692,0.003356,0.075702
48,38,00158,fog,714,0,0.004904,0.994481,0.000616,L,0.994481,0.989577,0.032889,0.006135,0.129864
48,38,00158,fog,242,0,0.001104,0.998747,0.000149,L,0.998747,0.997643,0.009176,0.001402,0.174937
48,38,00158,fog,278,0,0.009106,0.989637,0.001257,L,0.989637,0.980531,0.055971,0.011620,0.118471
49,38,00204,fog,680,1,0.008051,0.990653,0.001295,L,0.990653,0.982602,0.051645,0.010642,0.142446
49,38,00204,fog,681,1,0.012684,0.985400,0.001916,L,0.985400,0.972716,0.074528,0.016516,0.135651
49,38,00204,fog,682,1,0.006522,0.992465,0.001013,L,0.992465,0.985942,0.043068,0.008548,0.132037
49,38,00204,fog,683,1,0.008736,0.989920,0.001344,L,0.989920,0.981184,0.054913,0.011424,0.136251
49,38,00204,fog,684,1,0.014822,0.983050,0.002128,L,0.983050,0.968227,0.084037,0.019078,0.110720
49,38,00204,fog,685,1,0.003958,0.995525,0.000517,L,0.995525,0.991568,0.027554,0.004992,0.088254
49,38,00204,fog,686,1,0.003915,0.995586,0.000499,L,0.995586,0.991671,0.027216,0.004913,0.087065
49,38,00204,fog,770,1,0.000933,0.998916,0.000151,L,0.998916,0.997983,0.008120,0.001235,0.256539
49,38,00204,fog,771,1,0.002969,0.996529,0.000502,L,0.996529,0.993559,0.022354,0.003973,0.274979
49,38,00204,fog,772,1,0.000005,0.999994,0.000001,L,0.999994,0.999989,0.000071,0.000007,0.562117
49,38,00204,fog,773,1,0.000001,0.999999,0.000000,L,0.999999,0.999999,0.000010,0.000001,0.636651
49,38,00204,fog,774,1,0.000022,0.999974,0.000004,L,0.999974,0.999952,0.000283,0.000030,0.493533
49,38,00204,fog,775,1,0.003368,0.996145,0.000487,L,0.996145,0.992776,0.024339,0.004342,0.149316
49,38,00204,fog,776,1,0.003582,0.995974,0.000444,L,0.995974,0.992392,0.025142,0.004471,0.101212
49,38,00204,fog,860,1,0.001831,0.997863,0.000306,L,0.997863,0.996033,0.014698,0.002442,0.313998
49,38,00204,fog,861,1,0.000066,0.999923,0.000011,L,0.999923,0.999857,0.000761,0.000088,0.505500
49,38,00204,fog,862,1,0.000000,1.000000,0.000000,L,1.000000,0.999999,0.000005,0.000000,0.776276
49,38,00204,fog,863,1,0.000000,1.000000,0.000000,L,1.000000,1.000000,0.000001,0.000000,0.850102
49,38,00204,fog,864,1,0.000000,1.000000,0.000000,L,1.000000,1.000000,0.000004,0.000000,0.716902
49,38,00204,fog,865,1,0.002480,0.997067,0.000453,L,0.997067,0.994587,0.019383,0.003386,0.357971
49,38,00204,fog,866,1,0.003464,0.996053,0.000484,L,0.996053,0.992589,0.024808,0.004431,0.134088
49,38,00204,fog,950,1,0.022218,0.974440,0.003342,L,0.974440,0.952222,0.117296,0.028901,0.192249
49,38,00204,fog,951,1,0.021935,0.974247,0.003818,L,0.974247,0.952312,0.118752,0.029571,0.278401
49,38,00204,fog,952,1,0.004442,0.994925,0.000632,L,0.994925,0.990483,0.030751,0.005707,0.359697
49,38,00204,fog,953,1,0.000490,0.999435,0.000074,L,0.999435,0.998945,0.004560,0.000639,0.448614
49,38,00204,fog,954,1,0.003652,0.995754,0.000593,L,0.995754,0.992102,0.026528,0.004839,0.346001
49,38,00204,fog,955,1,0.004674,0.994454,0.000872,L,0.994454,0.989780,0.033453,0.006417,0.245640
49,38,00204,fog,956,1,0.005831,0.993283,0.000886,L,0.993283,0.987453,0.039065,0.007602,0.136832
49,38,00204,fog,1040,1,0.035489,0.960068,0.004443,L,0.960068,0.924579,0.165364,0.044375,0.133291
49,38,00204,fog,1041,1,0.049793,0.942661,0.007546,L,0.942661,0.892869,0.220197,0.064885,0.196628
49,38,00204,fog,1042,1,0.020182,0.976501,0.003316,L,0.976501,0.956319,0.110070,0.026815,0.236706
49,38,00204,fog,1043,1,0.009299,0.989117,0.001584,L,0.989117,0.979818,0.058745,0.012468,0.215262
49,38,00204,fog,1044,1,0.006580,0.992402,0.001018,L,0.992402,0.985822,0.043363,0.008616,0.156072
49,38,00204,fog,1045,1,0.005675,0.993604,0.000721,L,0.993604,0.987929,0.037265,0.007117,0.092758
49,38,00204,fog,1046,1,0.006188,0.993005,0.000807,L,0.993005,0.986818,0.040217,0.007802,0.085690
49,38,00204,fog,458,0,0.010262,0.988040,0.001698,L,0.988040,0.977778,0.063454,0.013658,0.151357
49,38,00204,fog,187,0,0.009150,0.989321,0.001529,L,0.989321,0.980172,0.057784,0.012207,0.180994
49,38,00204,fog,626,0,0.010826,0.987845,0.001330,L,0.987845,0.977019,0.063610,0.013485,0.132896
49,38,00204,fog,1292,0,0.004948,0.994404,0.000648,L,0.994404,0.989456,0.033320,0.006244,0.099072
49,38,00204,fog,636,0,0.053333,0.939301,0.007366,L,0.939301,0.885967,0.228762,0.068065,0.111497
49,38,00204,fog,609,0,0.001924,0.997842,0.000234,L,0.997842,0.995918,0.014694,0.002392,0.104460
49,38,00204,fog,915,0,0.007518,0.991552,0.000930,L,0.991552,0.984034,0.047034,0.009379,0.063383
49,38,00204,fog,1217,0,0.003596,0.995930,0.000474,L,0.995930,0.992334,0.025422,0.004544,0.115670
49,38,00204,fog,1112,0,0.007643,0.991385,0.000972,L,0.991385,0.983742,0.047852,0.009587,0.090817
49,38,00204,fog,594,0,0.004665,0.994750,0.000585,L,0.994750,0.990084,0.031523,0.005835,0.079175
49,38,00204,fog,704,0,0.002142,0.997591,0.000267,L,0.997591,0.995449,0.016173,0.002676,0.130017
49,38,00204,fog,608,0,0.001919,0.997839,0.000241,L,0.997839,0.995920,0.014725,0.002402,0.102338
49,38,00204,fog,819,0,0.002386,0.997298,0.000316,L,0.997298,0.994912,0.017888,0.003018,0.063210
49,38,00204,fog,728,0,0.006331,0.992922,0.000747,L,0.992922,0.986591,0.040485,0.007824,0.061887
49,38,00204,fog,986,0,0.011181,0.987494,0.001325,L,0.987494,0.976313,0.065035,0.013831,0.090259
49,38,00204,fog,342,0,0.002074,0.997641,0.000284,L,0.997641,0.995567,0.015922,0.002643,0.151479
49,38,00204,fog,1015,0,0.007880,0.990942,0.001178,L,0.990942,0.983063,0.050177,0.010235,0.089050
49,38,00204,fog,385,0,0.004561,0.994925,0.000514,L,0.994925,0.990365,0.030526,0.005588,0.091704
50,38,00249,fog,596,1,0.011135,0.987247,0.001618,L,0.987247,0.976113,0.066584,0.014371,0.145490
50,38,00249,fog,597,1,0.008457,0.990234,0.001309,L,0.990234,0.981776,0.053498,0.011076,0.181824
50,38,00249,fog,598,1,0.006886,0.992023,0.001090,L,0.992023,0.985137,0.045207,0.009067,0.197939
50,38,00249,fog,599,1,0.014520,0.983417,0.002062,L,0.983417,0.968897,0.082514,0.018645,0.141342
50,38,00249,fog,600,1,0.010940,0.987624,0.001435,L,0.987624,0.976684,0.064713,0.013811,0.105809
50,38,00249,fog,601,1,0.014676,0.983469,0.001856,L,0.983469,0.968793,0.081940,0.018387,0.100389
50,38,00249,fog,602,1,0.028832,0.967428,0.003741,L,0.967428,0.938596,0.141256,0.036313,0.110142
50,38,00249,fog,686,1,0.004398,0.994895,0.000707,L,0.994895,0.990498,0.031026,0.005812,0.269088
50,38,00249,fog,687,1,0.000311,0.999640,0.000050,L,0.999640,0.999329,0.003058,0.000410,0.387652
50,38,00249,fog,688,1,0.000002,0.999998,0.000000,L,0.999998,0.999997,0.000024,0.000002,0.629526
50,38,00249,fog,689,1,0.000003,0.999997,0.000000,L,0.999997,0.999994,0.000042,0.000004,0.606879
50,38,00249,fog,690,1,0.003519,0.995891,0.000590,L,0.995891,0.992372,0.025822,0.004699,0.206375
50,38,00249,fog,691,1,0.003334,0.996218,0.000449,L,0.996218,0.992884,0.023893,0.004231,0.121453
50,38,00249,fog,692,1,0.004725,0.994716,0.000559,L,0.994716,0.989991,0.031637,0.005842,0.079789
50,38,00249,fog,776,1,0.002026,0.997638,0.000336,L,0.997638,0.995612,0.016030,0.002698,0.308508
50,38,00249,fog,777,1,0.000007,0.999992,0.000001,L,0.999992,0.999984,0.000100,0.000009,0.600385
50,38,00249,fog,778,1,0.000000,1.000000,0.000000,L,1.000000,0.999999,0.000005,0.000000,0.849638
50,38,00249,fog,779,1,0.000000,1.000000,0.000000,L,1.000000,1.000000,0.000002,0.000000,0.795562
50,38,00249,fog,780,1,0.000028,0.999967,0.000005,L,0.999967,0.999939,0.000352,0.000038,0.517706
50,38,00249,fog,781,1,0.002935,0.996598,0.000467,L,0.996598,0.993663,0.021932,0.003870,0.185764
50,38,00249,fog,782,1,0.002936,0.996664,0.000401,L,0.996664,0.993728,0.021465,0.003737,0.122021
50,38,00249,fog,866,1,0.010711,0.987482,0.001807,L,0.987482,0.976772,0.065938,0.014324,0.278924
50,38,00249,fog,867,1,0.005238,0.993901,0.000861,L,0.993901,0.988663,0.036105,0.006960,0.302101
50,38,00249,fog,868,1,0.000326,0.999617,0.000057,L,0.999617,0.999291,0.003239,0.000440,0.453369
50,38,00249,fog,869,1,0.000335,0.999602,0.000063,L,0.999602,0.999267,0.003356,0.000461,0.439692
50,38,00249,fog,870,1,0.003692,0.995695,0.000613,L,0.995695,0.992004,0.026860,0.004917,0.193623
50,38,00249,fog,871,1,0.004324,0.995086,0.000590,L,0.995086,0.990762,0.029880,0.005504,0.116206
50,38,00249,fog,872,1,0.004109,0.995407,0.000484,L,0.995407,0.991297,0.028087,0.005078,0.078999
50,38,00249,fog,956,1,0.035807,0.958979,0.005214,L,0.958979,0.923172,0.170031,0.046235,0.154025
50,38,00249,fog,957,1,0.045503,0.947672,0.006825,L,0.947672,0.902170,0.205326,0.059152,0.191137
50,38,00249,fog,748,0,0.003797,0.995734,0.000470,L,0.995734,0.991937,0.026414,0.004736,0.084362
50,38,00249,fog,819,0,0.005723,0.993536,0.000742,L,0.993536,0.987813,0.037626,0.007206,0.060291
50,38,00249,fog,791,0,0.001942,0.997831,0.000227,L,0.997831,0.995888,0.014743,0.002396,0.137097
50,38,00249,fog,1134,0,0.003900,0.995609,0.000491,L,0.995609,0.991709,0.027085,0.004882,0.113350
50,38,00249,fog,519,0,0.002793,0.996908,0.000298,L,0.996908,0.994115,0.019965,0.003390,0.074716
50,38,00249,fog,1225,0,0.003418,0.996176,0.000406,L,0.996176,0.992758,0.024029,0.004230,0.100714
50,38,00249,fog,210,0,0.003842,0.995726,0.000433,L,0.995726,0.991884,0.026382,0.004707,0.085002
50,38,00249,fog,704,0,0.002326,0.997235,0.000439,L,0.997235,0.994909,0.018440,0.003204,0.288216
50,38,00249,fog,393,0,0.008359,0.990657,0.000984,L,0.990657,0.982298,0.051070,0.010327,0.085405
50,38,00249,fog,541,0,0.019773,0.976643,0.003584,L,0.976643,0.956870,0.109997,0.026942,0.215867
50,38,00249,fog,964,0,0.006831,0.992385,0.000784,L,0.992385,0.985553,0.043014,0.008399,0.062683
50,38,00249,fog,760,0,0.004396,0.995036,0.000568,L,0.995036,0.990640,0.030086,0.005532,0.108583
50,38,00249,fog,414,0,0.002099,0.997640,0.000261,L,0.997640,0.995541,0.015888,0.002621,0.105005
50,38,00249,fog,380,0,0.001171,0.998670,0.000159,L,0.998670,0.997499,0.009669,0.001489,0.161470
50,38,00249,fog,124,0,0.005911,0.993450,0.000639,L,0.993450,0.987539,0.037830,0.007190,0.087779
50,38,00249,fog,793,0,0.002518,0.997143,0.000338,L,0.997143,0.994625,0.018775,0.003195,0.153848
50,38,00249,fog,481,0,0.006898,0.992258,0.000844,L,0.992258,0.985359,0.043705,0.008586,0.078677
50,38,00249,fog,743,0,0.004315,0.995184,0.000501,L,0.995184,0.990870,0.029226,0.005317,0.057356
51,38,00295,fog,50,1,0.000271,0.999690,0.000039,L,0.999690,0.999419,0.002666,0.000348,0.301116
51,38,00295,fog,51,1,0.001075,0.998767,0.000158,L,0.998767,0.997692,0.009069,0.001391,0.331964
51,38,00295,fog,52,1,0.000000,1.000000,0.000000,L,1.000000,1.000000,0.000003,0.000000,0.662747
51,38,00295,fog,53,1,0.000000,1.000000,0.000000,L,1.000000,1.000000,0.000000,0.000000,0.758858
51,38,00295,fog,54,1,0.000000,1.000000,0.000000,L,1.000000,0.999999,0.000005,0.000000,0.612690
51,38,00295,fog,55,1,0.002727,0.996832,0.000441,L,0.996832,0.994106,0.020636,0.003609,0.175910
51,38,00295,fog,56,1,0.001803,0.997975,0.000221,L,0.997975,0.996172,0.013909,0.002246,0.107847
51,38,00295,fog,57,1,0.001556,0.998266,0.000178,L,0.998266,0.996711,0.012132,0.001912,0.101040
51,38,00295,fog,140,1,0.002573,0.997070,0.000357,L,0.997070,0.994497,0.019209,0.003288,0.232308
51,38,00295,fog,141,1,0.003069,0.996473,0.000457,L,0.996473,0.993404,0.022570,0.003983,0.302523
51,38,00295,fog,142,1,0.000005,0.999994,0.000001,L,0.999994,0.999990,0.000069,0.000006,0.561843
51,38,00295,fog,143,1,0.000001,0.999999,0.000000,L,0.999999,0.999998,0.000012,0.000001,0.654770
51,38,00295,fog,144,1,0.000011,0.999987,0.000002,L,0.999987,0.999976,0.000148,0.000015,0.498229
51,38,00295,fog,145,1,0.004243,0.995005,0.000752,L,0.995005,0.990762,0.030554,0.005746,0.202925
51,38,00295,fog,146,1,0.002692,0.996955,0.000353,L,0.996955,0.994263,0.019822,0.003398,0.109492
51,38,00295,fog,230,1,0.014951,0.982926,0.002123,L,0.982926,0.967975,0.084499,0.019196,0.202138
51,38,00295,fog,231,1,0.017965,0.979270,0.002765,L,0.979270,0.961305,0.099222,0.023494,0.222948
51,38,00295,fog,232,1,0.004518,0.994733,0.000748,L,0.994733,0.990215,0.031892,0.006015,0.226539
51,38,00295,fog,233,1,0.003419,0.996010,0.000571,L,0.996010,0.992591,0.025180,0.004562,0.237472
51,38,00295,fog,321,1,0.036204,0.959077,0.004720,L,0.959077,0.922873,0.168848,0.045643,0.157512
51,38,00295,fog,305,0,0.001426,0.998394,0.000180,L,0.998394,0.996969,0.011376,0.001785,0.087810
51,38,00295,fog,9,0,0.007900,0.991017,0.001083,L,0.991017,0.983117,0.049683,0.010067,0.119130
51,38,00295,fog,711,0,0.001813,0.997954,0.000232,L,0.997954,0.996141,0.014051,0.002278,0.087094
51,38,00295,fog,845,0,0.006177,0.992971,0.000852,L,0.992971,0.986793,0.040460,0.007881,0.101376
51,38,00295,fog,611,0,0.005454,0.993939,0.000607,L,0.993939,0.988485,0.035462,0.006667,0.094915
51,38,00295,fog,1072,0,0.007242,0.991746,0.001013,L,0.991746,0.984504,0.046320,0.009267,0.112581
51,38,00295,fog,1165,0,0.006434,0.992757,0.000808,L,0.992757,0.986323,0.041362,0.008051,0.111595
51,38,00295,fog,2,0,0.021653,0.975395,0.002952,L,0.975395,0.953741,0.113312,0.027558,0.139769
51,38,00295,fog,683,0,0.014209,0.984057,0.001734,L,0.984057,0.969848,0.079445,0.017676,0.097702
51,38,00295,fog,1289,0,0.005813,0.993335,0.000853,L,0.993335,0.987522,0.038767,0.007518,0.159175
51,38,00295,fog,560,0,0.002326,0.997362,0.000312,L,0.997362,0.995036,0.017528,0.002950,0.086932
51,38,00295,fog,862,0,0.000276,0.999691,0.000033,L,0.999691,0.999415,0.002651,0.000342,0.151972
51,38,00295,fog,613,0,0.002538,0.997180,0.000282,L,0.997180,0.994642,0.018465,0.003101,0.080998
51,38,00295,fog,1153,0,0.004736,0.994661,0.000603,L,0.994661,0.989925,0.031988,0.005942,0.093865
51,38,00295,fog,895,0,0.003741,0.995795,0.000464,L,0.995795,0.992054,0.026090,0.004669,0.138493
51,38,00295,fog,446,0,0.002136,0.997552,0.000312,L,0.997552,0.995416,0.016474,0.002760,0.123763
51,38,00295,fog,786,0,0.006960,0.992217,0.000823,L,0.992217,0.985257,0.043849,0.008606,0.110055
51,38,00295,fog,501,0,0.002590,0.997110,0.000299,L,0.997110,0.994520,0.018881,0.003189,0.104902
52,39,00174,fog,964,1,0.015261,0.982509,0.002230,L,0.982509,0.967248,0.086272,0.019720,0.156362
52,39,00174,fog,782,1,0.003142,0.996366,0.000491,L,0.996366,0.993224,0.023192,0.004125,0.298083
52,39,00174,fog,787,1,0.002515,0.997112,0.000373,L,0.997112,0.994598,0.019005,0.003260,0.131648
52,39,00174,fog,698,1,0.003294,0.996281,0.000425,L,0.996281,0.992987,0.023519,0.004144,0.101531
52,39,00174,fog,878,1,0.003416,0.996107,0.000477,L,0.996107,0.992691,0.024517,0.004370,0.111239
52,39,00174,fog,876,1,0.002762,0.996775,0.000463,L,0.996775,0.994013,0.020980,0.003688,0.183669
52,39,00174,fog,968,1,0.005849,0.993415,0.000736,L,0.993415,0.987567,0.038179,0.007321,0.089370
52,39,00174,fog,607,1,0.003411,0.996143,0.000446,L,0.996143,0.992732,0.024277,0.004304,0.085463
52,39,00174,fog,694,1,0.000001,0.999999,0.000000,L,0.999999,0.999998,0.000018,0.000001,0.567966
52,39,00174,fog,604,1,0.002818,0.996765,0.000417,L,0.996765,0.993947,0.020954,0.003652,0.145997
52,39,00174,fog,785,1,0.000000,1.000000,0.000000,L,1.000000,1.000000,0.000001,0.000000,0.738618
52,39,00174,fog,788,1,0.002892,0.996616,0.000492,L,0.996616,0.993724,0.021876,0.003877,0.153896
52,39,00174,fog,967,1,0.004855,0.994535,0.000610,L,0.994535,0.989680,0.032616,0.006076,0.085059
52,39,00174,fog,696,1,0.001946,0.997787,0.000267,L,0.997787,0.995842,0.015066,0.002480,0.132696
52,39,00174,fog,606,1,0.008186,0.990746,0.001069,L,0.990746,0.982560,0.050845,0.010323,0.096907
52,39,00174,fog,961,1,0.023459,0.973563,0.002978,L,0.973563,0.950103,0.119637,0.029415,0.118113
52,39,00174,fog,877,1,0.002851,0.996763,0.000386,L,0.996763,0.993912,0.020913,0.003623,0.109790
52,39,00174,fog,781,1,0.000187,0.999787,0.000026,L,0.999787,0.999600,0.001904,0.000239,0.315921
52,39,00174,fog,691,1,0.000219,0.999752,0.000029,L,0.999752,0.999533,0.002182,0.000277,0.234169
52,39,00174,fog,692,1,0.004476,0.994829,0.000695,L,0.994829,0.990353,0.031333,0.005866,0.246052
52,39,00174,fog,786,1,0.000011,0.999987,0.000002,L,0.999987,0.999976,0.000151,0.000015,0.480705
52,39,00174,fog,605,1,0.006577,0.992538,0.000886,L,0.992538,0.985961,0.042511,0.008348,0.114991
52,39,00174,fog,872,1,0.016642,0.980639,0.002719,L,0.980639,0.963997,0.094115,0.022079,0.263595
52,39,00174,fog,966,1,0.004562,0.994810,0.000628,L,0.994810,0.990248,0.031308,0.005818,0.115067
52,39,00174,fog,601,1,0.005854,0.993327,0.000818,L,0.993327,0.987473,0.038742,0.007491,0.135815
52,39,00174,fog,783,1,0.000005,0.999994,0.000001,L,0.999994,0.999988,0.000075,0.000007,0.543858
52,39,00174,fog,603,1,0.002779,0.996810,0.000412,L,0.996810,0.994031,0.020707,0.003602,0.151106
52,39,00174,fog,963,1,0.036059,0.958925,0.005016,L,0.958925,0.922866,0.169841,0.046091,0.161400
52,39,00174,fog,608,1,0.003232,0.996341,0.000427,L,0.996341,0.993109,0.023214,0.004087,0.094506
52,39,00174,fog,784,1,0.000000,1.000000,0.000000,L,1.000000,1.000000,0.000001,0.000000,0.747348
52,39,00174,fog,871,1,0.009799,0.988713,0.001487,L,0.988713,0.978914,0.060288,0.012774,0.197255
52,39,00174,fog,873,1,0.003046,0.996459,0.000495,L,0.996459,0.993412,0.022712,0.004036,0.291644
52,39,00174,fog,965,1,0.008587,0.990185,0.001228,L,0.990185,0.981598,0.053566,0.011043,0.126869
52,39,00174,fog,602,1,0.005692,0.993442,0.000867,L,0.993442,0.987750,0.038291,0.007425,0.161728
52,39,00174,fog,693,1,0.000859,0.999004,0.000137,L,0.999004,0.998145,0.007536,0.001133,0.310441
52,39,00174,fog,962,1,0.047947,0.945417,0.006635,L,0.945417,0.897470,0.211167,0.061218,0.150378
52,39,00174,fog,1366,0,0.008880,0.989746,0.001374,L,0.989746,0.980867,0.055710,0.011628,0.127345
52,39,00174,fog,1099,0,0.004338,0.995090,0.000571,L,0.995090,0.990752,0.029823,0.005481,0.068065
52,39,00174,fog,174,0,0.001869,0.997935,0.000196,L,0.997935,0.996066,0.014090,0.002261,0.095176
52,39,00174,fog,571,0,0.016620,0.981270,0.002110,L,0.981270,0.964650,0.090704,0.020840,0.095353
52,39,00174,fog,402,0,0.001816,0.997952,0.000231,L,0.997952,0.996136,0.014058,0.002279,0.109819
52,39,00174,fog,219,0,0.001785,0.997984,0.000231,L,0.997984,0.996199,0.013879,0.002248,0.122206
52,39,00174,fog,1019,0,0.008070,0.990663,0.001267,L,0.990663,0.982593,0.051557,0.010604,0.107396
52,39,00174,fog,144,0,0.001767,0.998028,0.000206,L,0.998028,0.996261,0.013574,0.002178,0.112971
52,39,00174,fog,983,0,0.007222,0.991952,0.000826,L,0.991952,0.984730,0.045046,0.008874,0.082512
52,39,00174,fog,385,0,0.011672,0.986940,0.001388,L,0.986940,0.975268,0.067409,0.014449,0.086666
52,39,00174,fog,19,0,0.005126,0.994075,0.000800,L,0.994075,0.988949,0.035173,0.006725,0.214037
52,39,00174,fog,1307,0,0.004396,0.994993,0.000611,L,0.994993,0.990597,0.030379,0.005618,0.123500
52,39,00174,fog,49,0,0.001488,0.998346,0.000166,L,0.998346,0.996858,0.011636,0.001820,0.098417
52,39,00174,fog,312,0,0.001523,0.998291,0.000186,L,0.998291,0.996768,0.012002,0.001895,0.114294
52,39,00174,fog,1313,0,0.004451,0.994982,0.000567,L,0.994982,0.990531,0.030351,0.005585,0.110875
52,39,00174,fog,239,0,0.002340,0.997386,0.000275,L,0.997386,0.995046,0.017328,0.002889,0.111666
52,39,00174,fog,460,0,0.023172,0.973538,0.003290,L,0.973538,0.950366,0.120294,0.029752,0.114092
52,39,00174,fog,329,0,0.002331,0.997394,0.000275,L,0.997394,0.995063,0.017285,0.002882,0.115015
53,39,00220,fog,416,1,0.005229,0.994075,0.000696,L,0.994075,0.988846,0.034988,0.006621,0.116832
53,39,00220,fog,417,1,0.005083,0.994250,0.000667,L,0.994250,0.989167,0.034097,0.006417,0.101669
53,39,00220,fog,418,1,0.002919,0.996679,0.000402,L,0.996679,0.993760,0.021386,0.003723,0.104743
53,39,00220,fog,419,1,0.002887,0.996707,0.000405,L,0.996707,0.993820,0.021241,0.003698,0.102408
53,39,00220,fog,502,1,0.002330,0.997327,0.000343,L,0.997327,0.994997,0.017775,0.003016,0.156440
53,39,00220,fog,503,1,0.001554,0.998207,0.000239,L,0.998207,0.996653,0.012592,0.002032,0.213222
53,39,00220,fog,504,1,0.000361,0.999580,0.000059,L,0.999580,0.999220,0.003506,0.000478,0.317003
53,39,00220,fog,505,1,0.000288,0.999664,0.000048,L,0.999664,0.999377,0.002877,0.000384,0.391181
53,39,00220,fog,506,1,0.000445,0.999481,0.000074,L,0.999481,0.999036,0.004239,0.000593,0.302227
53,39,00220,fog,507,1,0.006317,0.992752,0.000931,L,0.992752,0.986435,0.041607,0.008178,0.154382
53,39,00220,fog,508,1,0.002534,0.997157,0.000309,L,0.997157,0.994622,0.018648,0.003153,0.096052
53,39,00220,fog,509,1,0.002777,0.996889,0.000333,L,0.996889,0.994112,0.020137,0.003444,0.087258
53,39,00220,fog,592,1,0.000308,0.999652,0.000040,L,0.999652,0.999344,0.002953,0.000388,0.198762
53,39,00220,fog,593,1,0.003567,0.995873,0.000560,L,0.995873,0.992306,0.025864,0.004687,0.234174
53,39,00220,fog,594,1,0.000280,0.999675,0.000045,L,0.999675,0.999395,0.002789,0.000370,0.360777
53,39,00220,fog,595,1,0.000006,0.999993,0.000001,L,0.999993,0.999986,0.000089,0.000008,0.518843
53,39,00220,fog,596,1,0.000004,0.999996,0.000001,L,0.999996,0.999992,0.000055,0.000005,0.541568
53,39,00220,fog,597,1,0.000126,0.999851,0.000023,L,0.999851,0.999724,0.001392,0.000173,0.394748
53,39,00220,fog,598,1,0.001942,0.997764,0.000295,L,0.997764,0.995822,0.015249,0.002531,0.164344
53,39,00220,fog,599,1,0.002598,0.997077,0.000325,L,0.997077,0.994479,0.019108,0.003247,0.088763
53,39,00220,fog,683,1,0.001329,0.998476,0.000195,L,0.998476,0.997148,0.010914,0.001719,0.220836
53,39,00220,fog,684,1,0.000192,0.999777,0.000031,L,0.999777,0.999586,0.001987,0.000253,0.391967
53,39,00220,fog,685,1,0.000009,0.999989,0.000001,L,0.999989,0.999980,0.000127,0.000012,0.524425
53,39,00220,fog,686,1,0.000010,0.999988,0.000002,L,0.999988,0.999978,0.000139,0.000014,0.516237
53,39,00220,fog,687,1,0.000586,0.999314,0.000100,L,0.999314,0.998727,0.005435,0.000786,0.293916
53,39,00220,fog,688,1,0.001692,0.998058,0.000250,L,0.998058,0.996366,0.013482,0.002192,0.173965
53,39,00220,fog,689,1,0.002202,0.997507,0.000291,L,0.997507,0.995305,0.016685,0.002784,0.113070
53,39,00220,fog,773,1,0.009825,0.988871,0.001304,L,0.988871,0.979046,0.059300,0.012433,0.147452
53,39,00220,fog,774,1,0.006148,0.992891,0.000962,L,0.992891,0.986743,0.041022,0.008071,0.195695
53,39,00220,fog,775,1,0.001298,0.998499,0.000204,L,0.998499,0.997201,0.010793,0.001705,0.223193
53,39,00220,fog,776,1,0.001061,0.998778,0.000161,L,0.998778,0.997717,0.009008,0.001384,0.199695
53,39,00220,fog,777,1,0.002253,0.997425,0.000322,L,0.997425,0.995173,0.017196,0.002897,0.139023
53,39,00220,fog,778,1,0.001751,0.998018,0.000232,L,0.998018,0.996267,0.013683,0.002214,0.128805
53,39,00220,fog,779,1,0.002050,0.997708,0.000242,L,0.997708,0.995658,0.015468,0.002534,0.085139
53,39,00220,fog,1205,0,0.005352,0.993912,0.000736,L,0.993912,0.988560,0.035838,0.006824,0.091156
53,39,00220,fog,242,0,0.001534,0.998276,0.000190,L,0.998276,0.996742,0.012100,0.001915,0.121945
53,39,00220,fog,292,0,0.015273,0.982533,0.002194,L,0.982533,0.967260,0.086118,0.019661,0.127504
53,39,00220,fog,185,0,0.027867,0.967567,0.004567,L,0.967567,0.939700,0.142254,0.037000,0.155966
53,39,00220,fog,331,0,0.002224,0.997465,0.000311,L,0.997465,0.995242,0.016956,0.002846,0.131441
53,39,00220,fog,348,0,0.001499,0.998334,0.000167,L,0.998334,0.996835,0.011707,0.001832,0.098297
53,39,00220,fog,844,0,0.007210,0.991783,0.001006,L,0.991783,0.984573,0.046141,0.009223,0.119076
53,39,00220,fog,403,0,0.001659,0.998100,0.000241,L,0.998100,0.996441,0.013223,0.002141,0.117268
53,39,00220,fog,182,0,0.012326,0.985706,0.001968,L,0.985706,0.973380,0.073402,0.016262,0.164254
53,39,00220,fog,22,0,0.003799,0.995755,0.000446,L,0.995755,0.991956,0.026261,0.004692,0.097711
53,39,00220,fog,246,0,0.002333,0.997394,0.000273,L,0.997394,0.995062,0.017276,0.002878,0.112497
53,39,00220,fog,77,0,0.001587,0.998234,0.000179,L,0.998234,0.996647,0.012322,0.001945,0.111205
53,39,00220,fog,920,0,0.007983,0.990937,0.001080,L,0.990937,0.982953,0.050028,0.010143,0.144292
53,39,00220,fog,1097,0,0.007311,0.991765,0.000924,L,0.991765,0.984454,0.046074,0.009160,0.107733
53,39,00220,fog,1227,0,0.002494,0.997190,0.000316,L,0.997190,0.994696,0.018481,0.003127,0.087117
53,39,00220,fog,1376,0,0.004479,0.994909,0.000611,L,0.994909,0.990430,0.030791,0.005702,0.144658
53,39,00220,fog,42,0,0.001527,0.998271,0.000202,L,0.998271,0.996744,0.012149,0.001931,0.116294
53,39,00220,fog,970,0,0.009058,0.989785,0.001157,L,0.989785,0.980727,0.055158,0.011372,0.128954
54,39,00265,fog,44,1,0.003846,0.995608,0.000546,L,0.995608,0.991762,0.027190,0.004938,0.132150
54,39,00265,fog,45,1,0.004105,0.995216,0.000679,L,0.995216,0.991111,0.029389,0.005464,0.187475
54,39,00265,fog,46,1,0.005145,0.993937,0.000918,L,0.993937,0.988792,0.036022,0.006980,0.236179
54,39,00265,fog,47,1,0.008809,0.989642,0.001549,L,0.989642,0.980833,0.056444,0.011907,0.256489
54,39,00265,fog,48,1,0.005761,0.993299,0.000940,L,0.993299,0.987538,0.039081,0.007640,0.189630
54,39,00265,fog,49,1,0.001633,0.998151,0.000215,L,0.998151,0.996518,0.012878,0.002064,0.142072
54,39,00265,fog,50,1,0.001429,0.998412,0.000160,L,0.998412,0.996983,0.011236,0.001748,0.103494
54,39,00265,fog,134,1,0.002013,0.997687,0.000300,L,0.997687,0.995674,0.015696,0.002614,0.199547
54,39,00265,fog,135,1,0.003368,0.996068,0.000564,L,0.996068,0.992700,0.024867,0.004496,0.262039
54,39,00265,fog,136,1,0.000015,0.999982,0.000002,L,0.999982,0.999967,0.000197,0.000020,0.510095
54,39,00265,fog,137,1,0.000000,0.999999,0.000000,L,0.999999,0.999999,0.000008,0.000001,0.636347
54,39,00265,fog,138,1,0.000024,0.999972,0.000004,L,0.999972,0.999949,0.000301,0.000032,0.478500
54,39,00265,fog,139,1,0.003035,0.996414,0.000551,L,0.996414,0.993378,0.023041,0.004138,0.270028
54,39,00265,fog,140,1,0.002008,0.997757,0.000236,L,0.997757,0.995749,0.015182,0.002479,0.105267
54,39,00265,fog,224,1,0.001382,0.998420,0.000198,L,0.998420,0.997037,0.011259,0.001779,0.191912
54,39,00265,fog,225,1,0.001355,0.998413,0.000232,L,0.998413,0.997057,0.011356,0.001819,0.293706
54,39,00265,fog,226,1,0.000000,1.000000,0.000000,L,1.000000,1.000000,0.000002,0.000000,0.700655
54,39,00265,fog,227,1,0.000000,1.000000,0.000000,L,1.000000,1.000000,0.000000,0.000000,0.825060
54,39,00265,fog,228,1,0.000000,1.000000,0.000000,L,1.000000,1.000000,0.000002,0.000000,0.728722
54,39,00265,fog,229,1,0.001693,0.997973,0.000334,L,0.997973,0.996281,0.014108,0.002361,0.341628
54,39,00265,fog,230,1,0.001651,0.998075,0.000275,L,0.998075,0.996424,0.013427,0.002200,0.178011
54,39,00265,fog,314,1,0.005664,0.993571,0.000765,L,0.993571,0.987908,0.037501,0.007194,0.149801
54,39,00265,fog,315,1,0.005239,0.993906,0.000855,L,0.993906,0.988668,0.036069,0.006949,0.214046
54,39,00265,fog,316,1,0.000369,0.999569,0.000061,L,0.999569,0.999200,0.003589,0.000492,0.271066
54,39,00265,fog,317,1,0.000022,0.999974,0.000004,L,0.999974,0.999952,0.000283,0.000030,0.478735
54,39,00265,fog,318,1,0.000223,0.999734,0.000043,L,0.999734,0.999511,0.002345,0.000309,0.356946
54,39,00265,fog,319,1,0.001239,0.998558,0.000203,L,0.998558,0.997319,0.010430,0.001644,0.162364
54,39,00265,fog,320,1,0.001814,0.997937,0.000249,L,0.997937,0.996122,0.014181,0.002312,0.100598
54,39,00265,fog,404,1,0.008557,0.990297,0.001145,L,0.990297,0.981740,0.052933,0.010848,0.129914
54,39,00265,fog,405,1,0.010763,0.987570,0.001667,L,0.987570,0.976807,0.065345,0.014097,0.166635
54,39,00265,fog,406,1,0.008616,0.990046,0.001338,L,0.990046,0.981431,0.054358,0.011292,0.154515
54,39,00265,fog,407,1,0.004063,0.995288,0.000649,L,0.995288,0.991225,0.028980,0.005362,0.143872
54,39,00265,fog,408,1,0.001790,0.997949,0.000261,L,0.997949,0.996158,0.014133,0.002312,0.123357
54,39,00265,fog,1053,0,0.001140,0.998715,0.000145,L,0.998715,0.997575,0.009370,0.001431,0.111991
54,39,00265,fog,483,0,0.002991,0.996637,0.000372,L,0.996637,0.993646,0.021554,0.003735,0.083360
54,39,00265,fog,764,0,0.002458,0.997255,0.000287,L,0.997255,0.994797,0.018069,0.003032,0.087922
54,39,00265,fog,72,0,0.001490,0.998348,0.000162,L,0.998348,0.996858,0.011617,0.001814,0.096868
54,39,00265,fog,494,0,0.002739,0.996902,0.000359,L,0.996902,0.994162,0.020118,0.003457,0.105855
54,39,00265,fog,1122,0,0.006863,0.992303,0.000834,L,0.992303,0.985440,0.043480,0.008531,0.077201
54,39,00265,fog,188,0,0.004380,0.994946,0.000675,L,0.994946,0.990566,0.030723,0.005729,0.163687
54,39,00265,fog,868,0,0.007532,0.991531,0.000937,L,0.991531,0.983999,0.047139,0.009406,0.071046
54,39,00265,fog,298,0,0.005144,0.994207,0.000649,L,0.994207,0.989063,0.034267,0.006441,0.064627
54,39,00265,fog,615,0,0.004033,0.995494,0.000474,L,0.995494,0.991461,0.027630,0.004980,0.122194
54,39,00265,fog,1394,0,0.005584,0.993739,0.000677,L,0.993739,0.988155,0.036548,0.006939,0.085838
54,39,00265,fog,563,0,0.001359,0.998475,0.000166,L,0.998475,0.997116,0.010868,0.001691,0.058412
54,39,00265,fog,1088,0,0.007336,0.991464,0.001199,L,0.991464,0.984128,0.047899,0.009735,0.070067
54,39,00265,fog,286,0,0.008306,0.990574,0.001120,L,0.990574,0.982268,0.051685,0.010546,0.097612
54,39,00265,fog,282,0,0.008957,0.989789,0.001254,L,0.989789,0.980832,0.055316,0.011464,0.114433
54,39,00265,fog,1043,0,0.008756,0.990060,0.001184,L,0.990060,0.981303,0.054029,0.011124,0.089363
54,39,00265,fog,1413,0,0.006141,0.993111,0.000748,L,0.993111,0.986970,0.039618,0.007637,0.090072
54,39,00265,fog,878,0,0.004366,0.995161,0.000473,L,0.995161,0.990795,0.029288,0.005313,0.077666
55,39,00491,fog,1135,1,0.001048,0.998823,0.000128,L,0.998823,0.997775,0.008663,0.001305,0.114628
55,39,00491,fog,1136,1,0.000770,0.999135,0.000095,L,0.999135,0.998365,0.006613,0.000960,0.117514
55,39,00491,fog,1137,1,0.000099,0.999889,0.000012,L,0.999889,0.999790,0.001053,0.000122,0.180323
55,39,00491,fog,1138,1,0.000050,0.999943,0.000006,L,0.999943,0.999893,0.000573,0.000063,0.229340
55,39,00491,fog,1139,1,0.000267,0.999698,0.000035,L,0.999698,0.999431,0.002601,0.000337,0.174437
55,39,00491,fog,1140,1,0.006728,0.992316,0.000957,L,0.992316,0.985588,0.043649,0.008641,0.136388
55,39,00491,fog,1225,1,0.000449,0.999489,0.000062,L,0.999489,0.999040,0.004162,0.000573,0.187807
55,39,00491,fog,1226,1,0.002712,0.996861,0.000426,L,0.996861,0.994149,0.020455,0.003565,0.209865
55,39,00491,fog,1227,1,0.000021,0.999976,0.000003,L,0.999976,0.999955,0.000265,0.000028,0.451258
55,39,00491,fog,1228,1,0.000000,0.999999,0.000000,L,0.999999,0.999999,0.000008,0.000001,0.576775
55,39,00491,fog,1229,1,0.000000,1.000000,0.000000,L,1.000000,0.999999,0.000007,0.000001,0.594353
55,39,00491,fog,1230,1,0.000116,0.999863,0.000021,L,0.999863,0.999747,0.001286,0.000158,0.399413
55,39,00491,fog,1231,1,0.003315,0.996210,0.000474,L,0.996210,0.992895,0.023975,0.004264,0.129648
55,39,00491,fog,1232,1,0.006069,0.993199,0.000732,L,0.993199,0.987131,0.039177,0.007533,0.098045
55,39,00491,fog,1315,1,0.001051,0.998777,0.000172,L,0.998777,0.997726,0.009032,0.001396,0.253488
55,39,00491,fog,1316,1,0.004945,0.994258,0.000798,L,0.994258,0.989313,0.034288,0.006540,0.283942
55,39,00491,fog,1317,1,0.000098,0.999886,0.000016,L,0.999886,0.999789,0.001085,0.000130,0.424807
55,39,00491,fog,1318,1,0.000002,0.999998,0.000000,L,0.999998,0.999996,0.000027,0.000002,0.569487
55,39,00491,fog,1319,1,0.000002,0.999997,0.000000,L,0.999997,0.999995,0.000033,0.000003,0.564751
55,39,00491,fog,1320,1,0.000509,0.999393,0.000098,L,0.999393,0.998884,0.004892,0.000706,0.370515
55,39,00491,fog,1321,1,0.004848,0.994414,0.000738,L,0.994414,0.989566,0.033432,0.006324,0.126398
55,39,00491,fog,1405,1,0.007185,0.991718,0.001097,L,0.991718,0.984534,0.046591,0.009379,0.162190
55,39,00491,fog,1406,1,0.007866,0.990824,0.001309,L,0.990824,0.982958,0.050917,0.010485,0.215527
55,39,00491,fog,1407,1,0.002338,0.997251,0.000411,L,0.997251,0.994913,0.018310,0.003160,0.280775
55,39,00491,fog,1408,1,0.000903,0.998931,0.000166,L,0.998931,0.998028,0.008049,0.001235,0.311932
55,39,00491,fog,1409,1,0.004603,0.994526,0.000872,L,0.994526,0.989923,0.033103,0.006346,0.252229
55,39,00491,fog,1410,1,0.011667,0.986381,0.001952,L,0.986381,0.974715,0.070663,0.015570,0.182968
55,39,00491,fog,1411,1,0.008215,0.990710,0.001075,L,0.990710,0.982495,0.051013,0.010366,0.107111
55,39,00491,fog,500,0,0.008300,0.990722,0.000978,L,0.990722,0.982421,0.050776,0.010256,0.097779
55,39,00491,fog,288,0,0.001272,0.998574,0.000154,L,0.998574,0.997301,0.010249,0.001580,0.067185
55,39,00491,fog,72,0,0.001514,0.998321,0.000164,L,0.998321,0.996807,0.011780,0.001843,0.111813
55,39,00491,fog,532,0,0.001612,0.998212,0.000175,L,0.998212,0.996600,0.012443,0.001963,0.080279
55,39,00491,fog,298,0,0.001210,0.998635,0.000155,L,0.998635,0.997426,0.009875,0.001519,0.066900
55,39,00491,fog,1343,0,0.004130,0.995266,0.000604,L,0.995266,0.991136,0.029012,0.005339,0.201356
55,39,00491,fog,528,0,0.001693,0.998146,0.000162,L,0.998146,0.996453,0.012802,0.002016,0.074916
55,39,00491,fog,1278,0,0.005957,0.993137,0.000905,L,0.993137,0.987180,0.039782,0.007768,0.134020
55,39,00491,fog,1221,0,0.007248,0.991829,0.000922,L,0.991829,0.984581,0.045781,0.009093,0.080411
55,39,00491,fog,57,0,0.001884,0.997912,0.000204,L,0.997912,0.996028,0.014235,0.002292,0.094025
55,39,00491,fog,1036,0,0.008194,0.990781,0.001025,L,0.990781,0.982586,0.050608,0.010244,0.075349
55,39,00491,fog,136,0,0.010229,0.988648,0.001123,L,0.988648,0.978420,0.059883,0.012475,0.114733
55,39,00491,fog,672,0,0.001567,0.998248,0.000185,L,0.998248,0.996681,0.012255,0.001937,0.078451
55,39,00491,fog,438,0,0.001833,0.997979,0.000188,L,0.997979,0.996146,0.013822,0.002210,0.082320
55,39,00491,fog,923,0,0.007914,0.991136,0.000950,L,0.991136,0.983222,0.048911,0.009815,0.061971
55,39,00491,fog,943,0,0.007262,0.991785,0.000953,L,0.991785,0.984523,0.046036,0.009168,0.085793
55,39,00491,fog,453,0,0.001809,0.997867,0.000324,L,0.997867,0.996057,0.014708,0.002457,0.165844
55,39,00491,fog,405,0,0.006211,0.993032,0.000757,L,0.993032,0.986821,0.039998,0.007724,0.122058
56,39,00537,fog,595,1,0.012220,0.985985,0.001795,L,0.985985,0.973765,0.071991,0.015810,0.112475
56,39,00537,fog,596,1,0.012411,0.985721,0.001868,L,0.985721,0.973310,0.073172,0.016147,0.123952
56,39,00537,fog,685,1,0.005039,0.994232,0.000728,L,0.994232,0.989193,0.034291,0.006496,0.144424
56,39,00537,fog,686,1,0.010184,0.988016,0.001800,L,0.988016,0.977832,0.063716,0.013783,0.263191
56,39,00537,fog,687,1,0.004720,0.994494,0.000786,L,0.994494,0.989775,0.033121,0.006291,0.324193
56,39,00537,fog,688,1,0.002586,0.997030,0.000384,L,0.997030,0.994444,0.019473,0.003354,0.380032
56,39,00537,fog,689,1,0.009751,0.988521,0.001728,L,0.988521,0.978770,0.061491,0.013207,0.320158
56,39,00537,fog,690,1,0.002888,0.996559,0.000554,L,0.996559,0.993671,0.022275,0.003995,0.247446
56,39,00537,fog,691,1,0.003769,0.995632,0.000599,L,0.995632,0.991863,0.027160,0.004967,0.140818
56,39,00537,fog,775,1,0.000337,0.999606,0.000057,L,0.999606,0.999269,0.003320,0.000452,0.320677
56,39,00537,fog,776,1,0.000042,0.999952,0.000007,L,0.999952,0.999910,0.000499,0.000055,0.477338
56,39,00537,fog,777,1,0.000000,1.000000,0.000000,L,1.000000,1.000000,0.000001,0.000000,0.873941
56,39,00537,fog,778,1,0.000000,1.000000,0.000000,L,1.000000,1.000000,0.000000,0.000000,0.952622
56,39,00537,fog,779,1,0.000000,1.000000,0.000000,L,1.000000,0.999999,0.000005,0.000000,0.724288
56,39,00537,fog,780,1,0.001940,0.997721,0.000339,L,0.997721,0.995781,0.015564,0.002618,0.384692
56,39,00537,fog,781,1,0.003237,0.996210,0.000553,L,0.996210,0.992973,0.024109,0.004342,0.183715
56,39,00537,fog,864,1,0.000096,0.999892,0.000012,L,0.999892,0.999795,0.001035,0.000121,0.238739
56,39,00537,fog,865,1,0.002667,0.996872,0.000462,L,0.996872,0.994205,0.020457,0.003590,0.251668
56,39,00537,fog,866,1,0.000636,0.999252,0.000112,L,0.999252,0.998615,0.005872,0.000861,0.369278
56,39,00537,fog,867,1,0.000004,0.999996,0.000000,L,0.999996,0.999992,0.000052,0.000005,0.716951
56,39,00537,fog,868,1,0.000001,0.999999,0.000000,L,0.999999,0.999999,0.000009,0.000001,0.760353
56,39,00537,fog,869,1,0.000008,0.999991,0.000001,L,0.999991,0.999984,0.000104,0.000010,0.621293
56,39,00537,fog,870,1,0.002144,0.997451,0.000405,L,0.997451,0.995307,0.017190,0.002954,0.337626
56,39,00537,fog,871,1,0.003507,0.995922,0.000570,L,0.995922,0.992415,0.025628,0.004648,0.151288
56,39,00537,fog,954,1,0.026930,0.969754,0.003315,L,0.969754,0.942824,0.132941,0.033561,0.112681
56,39,00537,fog,955,1,0.030003,0.966022,0.003975,L,0.966022,0.936019,0.146156,0.037952,0.117317
56,39,00537,fog,956,1,0.027769,0.967759,0.004472,L,0.967759,0.939989,0.141479,0.036714,0.176655
56,39,00537,fog,957,1,0.007688,0.990860,0.001452,L,0.990860,0.983172,0.050983,0.010591,0.304176
56,39,00537,fog,958,1,0.004210,0.994947,0.000842,L,0.994947,0.990737,0.030980,0.005895,0.284600
56,39,00537,fog,959,1,0.006168,0.992615,0.001217,L,0.992615,0.986447,0.042702,0.008603,0.285420
56,39,00537,fog,960,1,0.003879,0.995417,0.000704,L,0.995417,0.991539,0.028415,0.005286,0.208006
56,39,00537,fog,961,1,0.005697,0.993496,0.000808,L,0.993496,0.987799,0.037933,0.007312,0.113763
56,39,00537,fog,180,0,0.104227,0.880237,0.015537,L,0.880237,0.776010,0.375625,0.135300,0.122794
56,39,00537,fog,68,0,0.002143,0.997618,0.000239,L,0.997618,0.995475,0.015969,0.002621,0.098396
56,39,00537,fog,1332,0,0.004332,0.995052,0.000616,L,0.995052,0.990720,0.030094,0.005564,0.136079
56,39,00537,fog,1010,0,0.003299,0.996230,0.000470,L,0.996230,0.992931,0.023865,0.004240,0.105520
56,39,00537,fog,747,0,0.004784,0.994640,0.000576,L,0.994640,0.989856,0.032038,0.005935,0.077105
56,39,00537,fog,789,0,0.003139,0.996472,0.000389,L,0.996472,0.993332,0.022458,0.003918,0.104780
56,39,00537,fog,251,0,0.001245,0.998589,0.000166,L,0.998589,0.997343,0.010181,0.001577,0.141887
56,39,00537,fog,422,0,0.002903,0.996727,0.000370,L,0.996727,0.993823,0.021074,0.003643,0.114185
56,39,00537,fog,1092,0,0.017338,0.980180,0.002482,L,0.980180,0.962842,0.095406,0.022302,0.138765
56,39,00537,fog,293,0,0.009504,0.989319,0.001178,L,0.989319,0.979815,0.057177,0.011859,0.093586
56,39,00537,fog,633,0,0.003850,0.995537,0.000613,L,0.995537,0.991687,0.027664,0.005076,0.097162
56,39,00537,fog,1252,0,0.005349,0.993958,0.000692,L,0.993958,0.988609,0.035537,0.006734,0.083266
56,39,00537,fog,1157,0,0.006886,0.992235,0.000878,L,0.992235,0.985349,0.043871,0.008643,0.087540
56,39,00537,fog,590,0,0.002396,0.997284,0.000321,L,0.997284,0.994888,0.017975,0.003037,0.104826
56,39,00537,fog,1346,0,0.004484,0.994963,0.000553,L,0.994963,0.990478,0.030418,0.005590,0.093388
56,39,00537,fog,1372,0,0.005121,0.994162,0.000717,L,0.994162,0.989041,0.034611,0.006556,0.134002
56,39,00537,fog,1076,0,0.007595,0.991464,0.000941,L,0.991464,0.983870,0.047442,0.009477,0.088772
56,39,00537,fog,147,0,0.003173,0.996506,0.000320,L,0.996506,0.993333,0.022138,0.003814,0.088330
57,39,00582,fog,855,1,0.037650,0.956198,0.006152,L,0.956198,0.918548,0.179879,0.049953,0.221617
57,39,00582,fog,768,1,0.005874,0.992966,0.001160,L,0.992966,0.987093,0.040982,0.008193,0.295886
57,39,00582,fog,674,1,0.002408,0.997172,0.000420,L,0.997172,0.994763,0.018761,0.003249,0.317010
57,39,00582,fog,493,1,0.003072,0.996508,0.000420,L,0.996508,0.993436,0.022323,0.003912,0.156697
57,39,00582,fog,590,1,0.002361,0.997295,0.000344,L,0.997295,0.994934,0.017955,0.003049,0.121563
57,39,00582,fog,498,1,0.006474,0.992468,0.001058,L,0.992468,0.985993,0.043129,0.008590,0.133438
57,39,00582,fog,765,1,0.006145,0.992793,0.001062,L,0.992793,0.986648,0.041639,0.008269,0.314906
57,39,00582,fog,673,1,0.000096,0.999889,0.000015,L,0.999889,0.999793,0.001065,0.000127,0.350959
57,39,00582,fog,857,1,0.007496,0.991302,0.001202,L,0.991302,0.983806,0.048626,0.009900,0.164504
57,39,00582,fog,680,1,0.002966,0.996619,0.000414,L,0.996619,0.993653,0.021725,0.003795,0.108806
57,39,00582,fog,767,1,0.002949,0.996581,0.000469,L,0.996581,0.993632,0.022023,0.003888,0.398552
57,39,00582,fog,856,1,0.017905,0.979121,0.002973,L,0.979121,0.961216,0.100113,0.023852,0.213551
57,39,00582,fog,678,1,0.000021,0.999975,0.000003,L,0.999975,0.999954,0.000271,0.000028,0.614602
57,39,00582,fog,853,1,0.038013,0.956424,0.005563,L,0.956424,0.918412,0.178214,0.049139,0.144493
57,39,00582,fog,499,1,0.002223,0.997479,0.000298,L,0.997479,0.995256,0.016856,0.002819,0.095989
57,39,00582,fog,588,1,0.000822,0.999034,0.000144,L,0.999034,0.998211,0.007354,0.001110,0.420986
57,39,00582,fog,584,1,0.004593,0.994605,0.000802,L,0.994605,0.990012,0.032608,0.006197,0.247059
57,39,00582,fog,860,1,0.004802,0.994651,0.000548,L,0.994651,0.989849,0.031935,0.005897,0.078332
57,39,00582,fog,769,1,0.004032,0.995375,0.000593,L,0.995375,0.991343,0.028444,0.005218,0.108960
57,39,00582,fog,677,1,0.000000,1.000000,0.000000,L,1.000000,1.000000,0.000001,0.000000,0.989480
57,39,00582,fog,858,1,0.004157,0.995260,0.000583,L,0.995260,0.991103,0.029001,0.005322,0.123454
57,39,00582,fog,770,1,0.003951,0.995535,0.000513,L,0.995535,0.991584,0.027496,0.004978,0.099587
57,39,00582,fog,679,1,0.002866,0.996527,0.000607,L,0.996527,0.993661,0.022522,0.004080,0.239878
57,39,00582,fog,589,1,0.002753,0.996751,0.000496,L,0.996751,0.993998,0.021160,0.003745,0.169418
57,39,00582,fog,494,1,0.007194,0.991870,0.000936,L,0.991870,0.984675,0.045627,0.009067,0.139670
57,39,00582,fog,500,1,0.001926,0.997838,0.000236,L,0.997838,0.995912,0.014719,0.002397,0.085685
57,39,00582,fog,764,1,0.013226,0.984379,0.002395,L,0.984379,0.971152,0.079339,0.018017,0.286616
57,39,00582,fog,583,1,0.000262,0.999698,0.000040,L,0.999698,0.999436,0.002612,0.000343,0.276473
57,39,00582,fog,586,1,0.000001,0.999999,0.000000,L,0.999999,0.999999,0.000008,0.000001,0.706678
57,39,00582,fog,676,1,0.000000,1.000000,0.000000,L,1.000000,1.000000,0.000001,0.000000,0.992433
57,39,00582,fog,587,1,0.000001,0.999999,0.000000,L,0.999999,0.999999,0.000008,0.000001,0.778921
57,39,00582,fog,495,1,0.009725,0.988860,0.001415,L,0.988860,0.979134,0.059547,0.012555,0.148534
57,39,00582,fog,763,1,0.003546,0.995903,0.000552,L,0.995903,0.992357,0.025699,0.004649,0.217151
57,39,00582,fog,497,1,0.011185,0.986839,0.001977,L,0.986839,0.975654,0.068848,0.015138,0.206573
57,39,00582,fog,854,1,0.045436,0.948047,0.006517,L,0.948047,0.902612,0.203751,0.058470,0.172745
57,39,00582,fog,766,1,0.001988,0.997712,0.000300,L,0.997712,0.995725,0.015549,0.002587,0.398282
57,39,00582,fog,1300,0,0.011479,0.986949,0.001571,L,0.986949,0.975470,0.067712,0.014622,0.120495
57,39,00582,fog,1221,0,0.005163,0.994220,0.000617,L,0.994220,0.989057,0.034144,0.006396,0.089105
57,39,00582,fog,1149,0,0.007001,0.992237,0.000763,L,0.992237,0.985236,0.043641,0.008526,0.067113
57,39,00582,fog,273,0,0.047124,0.946085,0.006791,L,0.946085,0.898962,0.209627,0.060706,0.128583
57,39,00582,fog,653,0,0.002511,0.997170,0.000318,L,0.997170,0.994659,0.018591,0.003148,0.062938
57,39,00582,fog,264,0,0.013540,0.984860,0.001599,L,0.984860,0.971320,0.076071,0.016739,0.108830
57,39,00582,fog,828,0,0.008397,0.990248,0.001354,L,0.990248,0.981851,0.053510,0.011106,0.079087
57,39,00582,fog,1001,0,0.008392,0.990044,0.001564,L,0.990044,0.981652,0.054729,0.011519,0.096780
57,39,00582,fog,513,0,0.002190,0.997544,0.000266,L,0.997544,0.995354,0.016431,0.002722,0.073958
57,39,00582,fog,682,0,0.002779,0.996885,0.000337,L,0.996885,0.994106,0.020168,0.003452,0.085943
57,39,00582,fog,835,0,0.009401,0.989296,0.001303,L,0.989296,0.979896,0.057504,0.012007,0.073102
57,39,00582,fog,176,0,0.004600,0.994784,0.000616,L,0.994784,0.990184,0.031414,0.005832,0.115393
57,39,00582,fog,350,0,0.000957,0.998914,0.000129,L,0.998914,0.997956,0.008099,0.001216,0.229566
57,39,00582,fog,103,0,0.013237,0.984906,0.001857,L,0.984906,0.971668,0.076372,0.016951,0.125551
57,39,00582,fog,1316,0,0.004533,0.994861,0.000606,L,0.994861,0.990329,0.031016,0.005744,0.087967
57,39,00582,fog,699,0,0.002618,0.997092,0.000289,L,0.997092,0.994474,0.018959,0.003197,0.076884
57,39,00582,fog,894,0,0.006105,0.993246,0.000649,L,0.993246,0.987140,0.038799,0.007404,0.067800
57,39,00582,fog,740,0,0.005488,0.993830,0.000682,L,0.993830,0.988342,0.036125,0.006851,0.063203
58,40,00476,fog,54,1,0.012704,0.985292,0.002004,L,0.985292,0.972588,0.075107,0.016712,0.173119
58,40,00476,fog,613,1,0.000118,0.999863,0.000019,L,0.999863,0.999745,0.001282,0.000156,0.369194
58,40,00476,fog,238,1,0.002123,0.997457,0.000420,L,0.997457,0.995335,0.017178,0.002963,0.283531
58,40,00476,fog,412,1,0.010515,0.988000,0.001485,L,0.988000,0.977485,0.063257,0.013485,0.220559
58,40,00476,fog,324,1,0.001304,0.998492,0.000204,L,0.998492,0.997188,0.010833,0.001712,0.349536
58,40,00476,fog,101,1,0.004144,0.995120,0.000736,L,0.995120,0.990976,0.029958,0.005616,0.168461
58,40,00476,fog,55,1,0.008627,0.989806,0.001568,L,0.989806,0.981179,0.055769,0.011762,0.287520
58,40,00476,fog,147,1,0.005749,0.993245,0.001006,L,0.993245,0.987497,0.039441,0.007761,0.314176
58,40,00476,fog,232,1,0.000949,0.998913,0.000138,L,0.998913,0.997964,0.008118,0.001225,0.291620
58,40,00476,fog,367,1,0.006676,0.992072,0.001252,L,0.992072,0.985397,0.045244,0.009180,0.311604
58,40,00476,fog,881,1,0.003070,0.996607,0.000322,L,0.996607,0.993537,0.021612,0.003715,0.730575
58,40,00476,fog,519,1,0.004460,0.994978,0.000562,L,0.994978,0.990518,0.030363,0.005585,0.084221
58,40,00476,fog,705,1,0.003851,0.995680,0.000469,L,0.995680,0.991829,0.026685,0.004789,0.131830
58,40,00476,fog,145,1,0.000004,0.999995,0.000001,L,0.999995,0.999992,0.000056,0.000005,0.569739
58,40,00476,fog,276,1,0.003732,0.995617,0.000651,L,0.995617,0.991885,0.027322,0.005034,0.316642
58,40,00476,fog,883,1,0.003654,0.995637,0.000710,L,0.995637,0.991983,0.027310,0.005073,0.427770
58,40,00476,fog,103,1,0.004766,0.994606,0.000628,L,0.994606,0.989840,0.032304,0.006022,0.094663
58,40,00476,fog,880,1,0.026648,0.969638,0.003715,L,0.969638,0.942990,0.134060,0.034077,0.420099
58,40,00476,fog,53,1,0.012347,0.986034,0.001620,L,0.986034,0.973687,0.071482,0.015586,0.138713
58,40,00476,fog,193,1,0.004247,0.995150,0.000603,L,0.995150,0.990903,0.029586,0.005453,0.109030
58,40,00476,fog,280,1,0.000000,1.000000,0.000000,L,1.000000,1.000000,0.000003,0.000000,0.998523
58,40,00476,fog,414,1,0.006372,0.992610,0.001018,L,0.992610,0.986238,0.042411,0.008409,0.237070
58,40,00476,fog,418,1,0.002495,0.997104,0.000402,L,0.997104,0.994609,0.019102,0.003298,0.148214
58,40,00476,fog,520,1,0.004421,0.995004,0.000574,L,0.995004,0.990583,0.030256,0.005570,0.089418
58,40,00476,fog,283,1,0.004360,0.995004,0.000636,L,0.995004,0.990645,0.030365,0.005631,0.112373
58,40,00476,fog,281,1,0.000002,0.999997,0.000000,L,0.999997,0.999995,0.000036,0.000003,0.704401
58,40,00476,fog,608,1,0.000026,0.999971,0.000003,L,0.999971,0.999945,0.000308,0.000032,0.222953
58,40,00476,fog,148,1,0.003289,0.996206,0.000506,L,0.996206,0.992917,0.024055,0.004300,0.166107
58,40,00476,fog,282,1,0.009207,0.988972,0.001821,L,0.988972,0.979764,0.059725,0.012849,0.297274
58,40,00476,fog,144,1,0.002252,0.997340,0.000407,L,0.997340,0.995088,0.017810,0.003067,0.268295
58,40,00476,fog,884,1,0.004605,0.994791,0.000604,L,0.994791,0.990186,0.031359,0.005813,0.101408
58,40,00476,fog,56,1,0.009863,0.988362,0.001775,L,0.988362,0.978498,0.062234,0.013413,0.276473
58,40,00476,fog,186,1,0.001725,0.997940,0.000335,L,0.997940,0.996216,0.014301,0.002395,0.268560
58,40,00476,fog,326,1,0.000051,0.999944,0.000005,L,0.999944,0.999893,0.000565,0.000061,0.676076
58,40,00476,fog,233,1,0.002090,0.997598,0.000311,L,0.997598,0.995508,0.016212,0.002713,0.320469
58,40,00476,fog,189,1,0.000000,1.000000,0.000000,L,1.000000,0.999999,0.000006,0.000000,0.713126
58,40,00476,fog,1043,0,0.006596,0.992584,0.000820,L,0.992584,0.985988,0.042175,0.008235,0.089483
58,40,00476,fog,257,0,0.001651,0.998156,0.000193,L,0.998156,0.996505,0.012806,0.002037,0.090992
58,40,00476,fog,784,0,0.002200,0.997512,0.000287,L,0.997512,0.995312,0.016650,0.002775,0.101569
58,40,00476,fog,428,0,0.001935,0.997825,0.000240,L,0.997825,0.995890,0.014803,0.002415,0.104427
58,40,00476,fog,1007,0,0.006646,0.992476,0.000878,L,0.992476,0.985829,0.042780,0.008403,0.123923
58,40,00476,fog,876,0,0.005763,0.993565,0.000672,L,0.993565,0.987802,0.037353,0.007106,0.079211
58,40,00476,fog,933,0,0.001641,0.998141,0.000218,L,0.998141,0.996500,0.012940,0.002076,0.152530
58,40,00476,fog,75,0,0.001548,0.998264,0.000188,L,0.998264,0.996716,0.012164,0.001924,0.115217
58,40,00476,fog,420,0,0.001519,0.998303,0.000177,L,0.998303,0.996784,0.011913,0.001874,0.089556
58,40,00476,fog,780,0,0.002941,0.996718,0.000340,L,0.996718,0.993777,0.021061,0.003622,0.093337
58,40,00476,fog,1055,0,0.006563,0.992636,0.000801,L,0.992636,0.986073,0.041903,0.008165,0.083436
58,40,00476,fog,1245,0,0.004216,0.995268,0.000516,L,0.995268,0.991051,0.028840,0.005248,0.078786
58,40,00476,fog,29,0,0.001475,0.998338,0.000188,L,0.998338,0.996863,0.011729,0.001850,0.125993
58,40,00476,fog,293,0,0.004305,0.995144,0.000551,L,0.995144,0.990839,0.029523,0.005407,0.110459
58,40,00476,fog,1115,0,0.007528,0.991512,0.000960,L,0.991512,0.983984,0.047266,0.009448,0.120776
58,40,00476,fog,1004,0,0.009302,0.989448,0.001250,L,0.989448,0.980146,0.056764,0.011802,0.119804
58,40,00476,fog,513,0,0.001298,0.998526,0.000176,L,0.998526,0.997228,0.010578,0.001650,0.126281
58,40,00476,fog,663,0,0.005796,0.993414,0.000790,L,0.993414,0.987618,0.038283,0.007375,0.104751
59,40,00521,fog,125,1,0.005966,0.993243,0.000791,L,0.993243,0.987277,0.039087,0.007548,0.143997
59,40,00521,fog,90,1,0.005809,0.993469,0.000722,L,0.993469,0.987661,0.037900,0.007253,0.115511
59,40,00521,fog,218,1,0.000000,1.000000,0.000000,L,1.000000,1.000000,0.000001,0.000000,0.913951
59,40,00521,fog,220,1,0.002726,0.996692,0.000582,L,0.996692,0.993965,0.021606,0.003890,0.307486
59,40,00521,fog,395,1,0.008524,0.990234,0.001242,L,0.990234,0.981710,0.053382,0.011009,0.194947
59,40,00521,fog,398,1,0.010219,0.988171,0.001610,L,0.988171,0.977952,0.062765,0.013440,0.368109
59,40,00521,fog,703,1,0.009912,0.988845,0.001244,L,0.988845,0.978933,0.059297,0.012399,0.149223
59,40,00521,fog,93,1,0.004967,0.994216,0.000817,L,0.994216,0.989248,0.034524,0.006601,0.164187
59,40,00521,fog,306,1,0.001806,0.997879,0.000315,L,0.997879,0.996073,0.014624,0.002436,0.329601
59,40,00521,fog,216,1,0.001930,0.997727,0.000343,L,0.997727,0.995797,0.015540,0.002617,0.274366
59,40,00521,fog,185,1,0.000219,0.999747,0.000034,L,0.999747,0.999527,0.002233,0.000288,0.229461
59,40,00521,fog,131,1,0.003901,0.995529,0.000569,L,0.995529,0.991628,0.027628,0.005040,0.116447
59,40,00521,fog,797,1,0.004522,0.994722,0.000756,L,0.994722,0.990200,0.031961,0.006034,0.285991
59,40,00521,fog,128,1,0.002266,0.997325,0.000409,L,0.997325,0.995060,0.017894,0.003083,0.233320
59,40,00521,fog,709,1,0.003982,0.995488,0.000530,L,0.995488,0.991506,0.027764,0.005042,0.153196
59,40,00521,fog,615,1,0.000171,0.999803,0.000027,L,0.999803,0.999632,0.001784,0.000224,0.463108
59,40,00521,fog,883,1,0.036560,0.959002,0.004438,L,0.959002,0.922442,0.168539,0.045436,0.122506
59,40,00521,fog,450,1,0.046649,0.945915,0.007436,L,0.945915,0.899266,0.211200,0.061521,0.153103
59,40,00521,fog,529,1,0.002734,0.996916,0.000349,L,0.996916,0.994182,0.020023,0.003433,0.105579
59,40,00521,fog,799,1,0.003920,0.995610,0.000470,L,0.995610,0.991690,0.027038,0.004860,0.097342
59,40,00521,fog,795,1,0.026078,0.970001,0.003920,L,0.970001,0.943923,0.133230,0.033919,0.241403
59,40,00521,fog,884,1,0.033510,0.962370,0.004120,L,0.962370,0.928861,0.157779,0.041750,0.132226
59,40,00521,fog,620,1,0.002605,0.996805,0.000590,L,0.996805,0.994200,0.021006,0.003785,0.266292
59,40,00521,fog,311,1,0.003411,0.995854,0.000735,L,0.995854,0.992443,0.026231,0.004881,0.204262
59,40,00521,fog,613,1,0.002742,0.996911,0.000347,L,0.996911,0.994169,0.020047,0.003436,0.153225
59,40,00521,fog,530,1,0.002699,0.996841,0.000460,L,0.996841,0.994142,0.020620,0.003619,0.178112
59,40,00521,fog,707,1,0.000004,0.999996,0.000001,L,0.999996,0.999992,0.000052,0.000005,0.705657
59,40,00521,fog,365,1,0.003449,0.995918,0.000632,L,0.995918,0.992469,0.025750,0.004714,0.228618
59,40,00521,fog,451,1,0.027080,0.968073,0.004848,L,0.968073,0.940993,0.141066,0.036775,0.194333
59,40,00521,fog,217,1,0.000000,1.000000,0.000000,L,1.000000,1.000000,0.000001,0.000000,0.734617
59,40,00521,fog,274,1,0.000346,0.999590,0.000064,L,0.999590,0.999244,0.003444,0.000474,0.328898
59,40,00521,fog,182,1,0.000008,0.999990,0.000001,L,0.999990,0.999982,0.000114,0.000011,0.485554
59,40,00521,fog,92,1,0.016210,0.981406,0.002384,L,0.981406,0.965196,0.090695,0.020979,0.151098
59,40,00521,fog,614,1,0.005822,0.993268,0.000910,L,0.993268,0.987446,0.039180,0.007642,0.265850
59,40,00521,fog,275,1,0.000228,0.999736,0.000037,L,0.999736,0.999508,0.002321,0.000301,0.261231
59,40,00521,fog,360,1,0.005790,0.993219,0.000991,L,0.993219,0.987429,0.039539,0.007771,0.230287
59,40,00521,fog,1313,0,0.004693,0.994706,0.000601,L,0.994706,0.990014,0.031765,0.005894,0.108339
59,40,00521,fog,550,0,0.004003,0.995451,0.000547,L,0.995451,0.991448,0.027984,0.005096,0.138556
59,40,00521,fog,336,0,0.001327,0.998508,0.000165,L,0.998508,0.997181,0.010668,0.001657,0.131421
59,40,00521,fog,965,0,0.007927,0.991080,0.000992,L,0.991080,0.983153,0.049235,0.009912,0.130808
59,40,00521,fog,1100,0,0.011002,0.987360,0.001638,L,0.987360,0.976357,0.066160,0.014279,0.150455
59,40,00521,fog,770,0,0.004852,0.994530,0.000618,L,0.994530,0.989677,0.032657,0.006089,0.113707
59,40,00521,fog,406,0,0.002876,0.996756,0.000368,L,0.996756,0.993880,0.020916,0.003612,0.110773
59,40,00521,fog,575,0,0.026682,0.969656,0.003663,L,0.969656,0.942974,0.133909,0.034007,0.125413
59,40,00521,fog,549,0,0.003386,0.996128,0.000486,L,0.996128,0.992742,0.024423,0.004358,0.153321
59,40,00521,fog,842,0,0.006738,0.992391,0.000871,L,0.992391,0.985653,0.043152,0.008480,0.099572
59,40,00521,fog,520,0,0.001494,0.998299,0.000207,L,0.998299,0.996805,0.011996,0.001909,0.144604
59,40,00521,fog,1340,0,0.004411,0.995004,0.000584,L,0.995004,0.990593,0.030274,0.005580,0.081340
59,40,00521,fog,685,0,0.004942,0.994430,0.000628,L,0.994430,0.989489,0.033155,0.006197,0.115983
59,40,00521,fog,36,0,0.011107,0.987426,0.001467,L,0.987426,0.976319,0.065581,0.014041,0.122981
59,40,00521,fog,564,0,0.005719,0.993605,0.000676,L,0.993605,0.987886,0.037175,0.007071,0.063490
59,40,00521,fog,267,0,0.001927,0.997829,0.000244,L,0.997829,0.995901,0.014789,0.002415,0.114673
59,40,00521,fog,15,0,0.006060,0.993221,0.000720,L,0.993221,0.987161,0.039055,0.007499,0.103534
59,40,00521,fog,74,0,0.002243,0.997519,0.000238,L,0.997519,0.995275,0.016519,0.002719,0.094255
60,40,00567,fog,111,1,0.008833,0.989957,0.001211,L,0.989957,0.981124,0.054521,0.011254,0.128050
60,40,00567,fog,112,1,0.011001,0.987538,0.001460,L,0.987538,0.976537,0.065110,0.013922,0.124002
60,40,00567,fog,113,1,0.010904,0.987657,0.001439,L,0.987657,0.976753,0.064587,0.013782,0.119992
60,40,00567,fog,114,1,0.005692,0.993468,0.000840,L,0.993468,0.987776,0.038120,0.007372,0.147895
60,40,00567,fog,115,1,0.009023,0.989661,0.001316,L,0.989661,0.980638,0.055975,0.011655,0.146064
60,40,00567,fog,116,1,0.012126,0.986207,0.001666,L,0.986207,0.974081,0.070873,0.015459,0.126299
60,40,00567,fog,117,1,0.012697,0.985664,0.001638,L,0.985664,0.972967,0.072985,0.015974,0.122654
60,40,00567,fog,201,1,0.007439,0.991345,0.001216,L,0.991345,0.983905,0.048462,0.009872,0.176132
60,40,00567,fog,202,1,0.015913,0.981601,0.002486,L,0.981601,0.965687,0.090139,0.020885,0.167971
60,40,00567,fog,203,1,0.009689,0.988574,0.001736,L,0.988574,0.978885,0.061280,0.013162,0.234506
60,40,00567,fog,204,1,0.003759,0.995540,0.000701,L,0.995540,0.991781,0.027791,0.005161,0.281582
60,40,00567,fog,205,1,0.015197,0.981952,0.002851,L,0.981952,0.966755,0.089398,0.020898,0.274553
60,40,00567,fog,206,1,0.026135,0.969751,0.004114,L,0.969751,0.943617,0.134382,0.034362,0.163100
60,40,00567,fog,207,1,0.028667,0.967443,0.003890,L,0.967443,0.938776,0.141481,0.036447,0.132090
60,40,00567,fog,291,1,0.003628,0.995810,0.000562,L,0.995810,0.992182,0.026189,0.004751,0.195019
60,40,00567,fog,292,1,0.000077,0.999909,0.000014,L,0.999909,0.999832,0.000886,0.000104,0.444010
60,40,00567,fog,293,1,0.000000,1.000000,0.000000,L,1.000000,1.000000,0.000003,0.000000,0.868691
60,40,00567,fog,294,1,0.000000,1.000000,0.000000,L,1.000000,1.000000,0.000001,0.000000,0.987544
60,40,00567,fog,295,1,0.000000,1.000000,0.000000,L,1.000000,1.000000,0.000004,0.000000,0.756220
60,40,00567,fog,296,1,0.006993,0.991610,0.001397,L,0.991610,0.984618,0.047553,0.009787,0.309446
60,40,00567,fog,297,1,0.004092,0.995310,0.000599,L,0.995310,0.991218,0.028783,0.005289,0.121006
60,40,00567,fog,381,1,0.004299,0.995032,0.000669,L,0.995032,0.990732,0.030288,0.005637,0.198889
60,40,00567,fog,382,1,0.002039,0.997603,0.000358,L,0.997603,0.995563,0.016265,0.002755,0.276056
60,40,00567,fog,383,1,0.000004,0.999995,0.000001,L,0.999995,0.999991,0.000058,0.000005,0.638020
60,40,00567,fog,384,1,0.000000,0.999999,0.000000,L,0.999999,0.999999,0.000008,0.000001,0.799219
60,40,00567,fog,385,1,0.000009,0.999989,0.000001,L,0.999989,0.999980,0.000128,0.000012,0.632700
60,40,00567,fog,386,1,0.001325,0.998405,0.000270,L,0.998405,0.997080,0.011459,0.001864,0.355164
60,40,00567,fog,387,1,0.001060,0.998787,0.000153,L,0.998787,0.997727,0.008934,0.001366,0.161526
60,40,00567,fog,471,1,0.028002,0.967603,0.004395,L,0.967603,0.939601,0.141852,0.036792,0.161785
60,40,00567,fog,472,1,0.010128,0.988259,0.001613,L,0.988259,0.978132,0.062401,0.013354,0.204709
60,40,00567,fog,473,1,0.022219,0.973841,0.003940,L,0.973841,0.951621,0.120345,0.030099,0.289279
60,40,00567,fog,474,1,0.024000,0.971661,0.004339,L,0.971661,0.947661,0.128391,0.032678,0.297611
60,40,00567,fog,475,1,0.031114,0.963333,0.005552,L,0.963333,0.932219,0.157281,0.042219,0.253511
60,40,00567,fog,476,1,0.004335,0.995003,0.000662,L,0.995003,0.990668,0.030421,0.005660,0.137459
60,40,00567,fog,477,1,0.002356,0.997344,0.000300,L,0.997344,0.994988,0.017604,0.002955,0.090703
60,40,00567,fog,1373,0,0.015308,0.982902,0.001790,L,0.982902,0.967594,0.083972,0.018889,0.101064
60,40,00567,fog,638,0,0.013852,0.983919,0.002229,L,0.983919,0.970067,0.080863,0.018310,0.120559
60,40,00567,fog,620,0,0.001795,0.997975,0.000231,L,0.997975,0.996180,0.013930,0.002256,0.148751
60,40,00567,fog,1227,0,0.006705,0.992404,0.000892,L,0.992404,0.985699,0.043133,0.008488,0.112629
60,40,00567,fog,490,0,0.003596,0.995990,0.000414,L,0.995990,0.992394,0.024998,0.004423,0.072129
60,40,00567,fog,1242,0,0.004928,0.994411,0.000661,L,0.994411,0.989483,0.033310,0.006250,0.162919
60,40,00567,fog,684,0,0.007184,0.991897,0.000919,L,0.991897,0.984713,0.045472,0.009022,0.108269
60,40,00567,fog,727,0,0.017191,0.980289,0.002519,L,0.980289,0.963098,0.095069,0.022230,0.095227
60,40,00567,fog,522,0,0.001618,0.998222,0.000160,L,0.998222,0.996605,0.012352,0.001937,0.082317
60,40,00567,fog,548,0,0.001300,0.998533,0.000167,L,0.998533,0.997234,0.010517,0.001634,0.112718
60,40,00567,fog,1095,0,0.017696,0.979577,0.002727,L,0.979577,0.961881,0.098040,0.023150,0.121675
60,40,00567,fog,1258,0,0.004322,0.995198,0.000480,L,0.995198,0.990875,0.029117,0.005282,0.090409
60,40,00567,fog,1411,0,0.006943,0.992158,0.000899,L,0.992158,0.985215,0.044259,0.008741,0.112868
60,40,00567,fog,887,0,0.003577,0.995981,0.000442,L,0.995981,0.992403,0.025103,0.004462,0.141013
60,40,00567,fog,1267,0,0.015046,0.982363,0.002591,L,0.982363,0.967317,0.087435,0.020229,0.192075
60,40,00567,fog,1219,0,0.009601,0.989124,0.001276,L,0.989124,0.979523,0.058185,0.012152,0.109870
60,40,00567,fog,391,0,0.003978,0.995505,0.000517,L,0.995505,0.991527,0.027656,0.005012,0.100654
60,40,00567,fog,852,0,0.014571,0.983415,0.002013,L,0.983415,0.968844,0.082433,0.018598,0.116755
61,41,00192,fog,960,1,0.009324,0.989518,0.001158,L,0.989518,0.980194,0.056294,0.011639,0.128639
61,41,00192,fog,961,1,0.012668,0.985615,0.001718,L,0.985615,0.972947,0.073327,0.016103,0.159705
61,41,00192,fog,962,1,0.004911,0.994384,0.000705,L,0.994384,0.989473,0.033522,0.006322,0.168967
61,41,00192,fog,963,1,0.004909,0.994402,0.000689,L,0.994402,0.989494,0.033403,0.006287,0.153105
61,41,00192,fog,964,1,0.011180,0.987384,0.001436,L,0.987384,0.976205,0.065695,0.014052,0.117169
61,41,00192,fog,965,1,0.005189,0.994194,0.000617,L,0.994194,0.989005,0.034270,0.006423,0.083191
61,41,00192,fog,966,1,0.006360,0.992911,0.000728,L,0.992911,0.986551,0.040500,0.007817,0.072965
61,41,00192,fog,1049,1,0.000595,0.999336,0.000070,L,0.999336,0.998741,0.005233,0.000734,0.153205
61,41,00192,fog,1050,1,0.005386,0.993826,0.000789,L,0.993826,0.988440,0.036342,0.006963,0.206085
61,41,00192,fog,1051,1,0.000036,0.999959,0.000006,L,0.999959,0.999923,0.000433,0.000047,0.443506
61,41,00192,fog,1052,1,0.000000,1.000000,0.000000,L,1.000000,1.000000,0.000002,0.000000,0.663119
61,41,00192,fog,1053,1,0.000000,1.000000,0.000000,L,1.000000,1.000000,0.000001,0.000000,0.656954
61,41,00192,fog,1054,1,0.000071,0.999919,0.000010,L,0.999919,0.999848,0.000797,0.000091,0.336366
61,41,00192,fog,1055,1,0.004274,0.995179,0.000547,L,0.995179,0.990905,0.029340,0.005368,0.108096
61,41,00192,fog,1056,1,0.005482,0.993894,0.000624,L,0.993894,0.988411,0.035714,0.006731,0.078413
61,41,00192,fog,1139,1,0.000684,0.999238,0.000078,L,0.999238,0.998554,0.005902,0.000840,0.144900
61,41,00192,fog,1140,1,0.008086,0.990791,0.001124,L,0.990791,0.982705,0.050748,0.010333,0.187266
61,41,00192,fog,1141,1,0.000234,0.999729,0.000036,L,0.999729,0.999495,0.002369,0.000307,0.357996
61,41,00192,fog,1142,1,0.000000,1.000000,0.000000,L,1.000000,0.999999,0.000008,0.000001,0.632701
61,41,00192,fog,1143,1,0.000000,1.000000,0.000000,L,1.000000,1.000000,0.000004,0.000000,0.638382
61,41,00192,fog,1144,1,0.000139,0.999835,0.000026,L,0.999835,0.999695,0.001524,0.000191,0.414656
61,41,00192,fog,1145,1,0.003341,0.996183,0.000476,L,0.996183,0.992842,0.024121,0.004293,0.138099
61,41,00192,fog,1146,1,0.004472,0.994981,0.000547,L,0.994981,0.990509,0.030321,0.005567,0.095121
61,41,00192,fog,1229,1,0.004079,0.995449,0.000472,L,0.995449,0.991369,0.027853,0.005024,0.125385
61,41,00192,fog,1230,1,0.009672,0.989180,0.001149,L,0.989180,0.979508,0.057709,0.011969,0.126400
61,41,00192,fog,1231,1,0.005076,0.994245,0.000679,L,0.994245,0.989170,0.034140,0.006433,0.162521
61,41,00192,fog,1232,1,0.003809,0.995588,0.000603,L,0.995588,0.991779,0.027392,0.005016,0.232318
61,41,00192,fog,1233,1,0.004934,0.994296,0.000770,L,0.994296,0.989363,0.034054,0.006473,0.200900
61,41,00192,fog,1234,1,0.005030,0.994209,0.000761,L,0.994209,0.989179,0.034460,0.006552,0.162339
61,41,00192,fog,1235,1,0.002458,0.997228,0.000314,L,0.997228,0.994770,0.018269,0.003087,0.121372
61,41,00192,fog,1236,1,0.002849,0.996799,0.000352,L,0.996799,0.993950,0.020654,0.003553,0.103866
61,41,00192,fog,1322,1,0.001539,0.998249,0.000212,L,0.998249,0.996711,0.012294,0.001962,0.173822
61,41,00192,fog,1323,1,0.006344,0.992775,0.000881,L,0.992775,0.986431,0.041414,0.008106,0.145685
61,41,00192,fog,1324,1,0.005465,0.993751,0.000784,L,0.993751,0.988286,0.036686,0.007033,0.150215
61,41,00192,fog,1325,1,0.003996,0.995421,0.000583,L,0.995421,0.991426,0.028195,0.005162,0.163436
61,41,00192,fog,1326,1,0.004074,0.995350,0.000576,L,0.995350,0.991276,0.028539,0.005225,0.151832
61,41,00192,fog,82,0,0.001478,0.998325,0.000197,L,0.998325,0.996847,0.011820,0.001872,0.131964
61,41,00192,fog,623,0,0.001951,0.997819,0.000230,L,0.997819,0.995868,0.014818,0.002411,0.116874
61,41,00192,fog,667,0,0.003338,0.996247,0.000415,L,0.996247,0.992910,0.023677,0.004168,0.079575
61,41,00192,fog,170,0,0.001760,0.998018,0.000222,L,0.998018,0.996258,0.013664,0.002204,0.121569
61,41,00192,fog,1241,0,0.005263,0.994099,0.000638,L,0.994099,0.988837,0.034762,0.006538,0.097694
61,41,00192,fog,1317,0,0.005507,0.993815,0.000678,L,0.993815,0.988308,0.036188,0.006862,0.106992
61,41,00192,fog,657,0,0.005729,0.993510,0.000760,L,0.993510,0.987781,0.037779,0.007250,0.082240
61,41,00192,fog,895,0,0.003347,0.996289,0.000364,L,0.996289,0.992942,0.023360,0.004075,0.104992
61,41,00192,fog,405,0,0.004443,0.995030,0.000527,L,0.995030,0.990587,0.030041,0.005498,0.125007
61,41,00192,fog,358,0,0.001808,0.997958,0.000233,L,0.997958,0.996150,0.014027,0.002275,0.123184
61,41,00192,fog,470,0,0.002918,0.996685,0.000398,L,0.996685,0.993767,0.021348,0.003713,0.061741
61,41,00192,fog,502,0,0.002374,0.997340,0.000286,L,0.997340,0.994966,0.017602,0.002947,0.078550
61,41,00192,fog,1249,0,0.005179,0.994160,0.000661,L,0.994160,0.988980,0.034518,0.006501,0.108720
61,41,00192,fog,830,0,0.005251,0.993999,0.000751,L,0.993999,0.988748,0.035451,0.006752,0.106325
61,41,00192,fog,637,0,0.007194,0.991687,0.001118,L,0.991687,0.984493,0.046766,0.009431,0.099020
61,41,00192,fog,1379,0,0.008997,0.989967,0.001036,L,0.989967,0.980969,0.054149,0.011070,0.109783
61,41,00192,fog,1109,0,0.000474,0.999469,0.000057,L,0.999469,0.998995,0.004290,0.000587,0.120668
61,41,00192,fog,988,0,0.006919,0.992201,0.000880,L,0.992201,0.985282,0.044029,0.008679,0.173287
62,41,00238,fog,615,1,0.005021,0.994408,0.000571,L,0.994408,0.989387,0.033153,0.006163,0.073986
62,41,00238,fog,610,1,0.002149,0.997515,0.000336,L,0.997515,0.995365,0.016724,0.002822,0.196613
62,41,00238,fog,611,1,0.003808,0.995602,0.000590,L,0.995602,0.991794,0.027297,0.004988,0.146514
62,41,00238,fog,884,1,0.002827,0.996832,0.000341,L,0.996832,0.994006,0.020459,0.003509,0.095111
62,41,00238,fog,701,1,0.000005,0.999994,0.000001,L,0.999994,0.999989,0.000071,0.000007,0.579788
62,41,00238,fog,614,1,0.003954,0.995593,0.000453,L,0.995593,0.991639,0.027092,0.004860,0.076896
62,41,00238,fog,971,1,0.009716,0.988756,0.001529,L,0.988756,0.979040,0.060179,0.012773,0.152210
62,41,00238,fog,703,1,0.003019,0.996548,0.000433,L,0.996548,0.993530,0.022135,0.003885,0.130902
62,41,00238,fog,699,1,0.002919,0.996604,0.000476,L,0.996604,0.993685,0.021911,0.003872,0.298568
62,41,00238,fog,791,1,0.000000,1.000000,0.000000,L,1.000000,1.000000,0.000001,0.000000,0.818725
62,41,00238,fog,704,1,0.003475,0.996122,0.000403,L,0.996122,0.992648,0.024298,0.004281,0.086385
62,41,00238,fog,792,1,0.000000,1.000000,0.000000,L,1.000000,1.000000,0.000004,0.000000,0.665981
62,41,00238,fog,973,1,0.004454,0.994936,0.000610,L,0.994936,0.990482,0.030658,0.005674,0.111587
62,41,00238,fog,793,1,0.002401,0.997251,0.000349,L,0.997251,0.994850,0.018206,0.003098,0.158575
62,41,00238,fog,968,1,0.036227,0.958683,0.005090,L,0.958683,0.922456,0.170694,0.046406,0.148280
62,41,00238,fog,882,1,0.000044,0.999951,0.000006,L,0.999951,0.999907,0.000507,0.000055,0.276247
62,41,00238,fog,970,1,0.013237,0.984674,0.002089,L,0.984674,0.971436,0.077687,0.017416,0.164303
62,41,00238,fog,609,1,0.005404,0.993878,0.000718,L,0.993878,0.988473,0.035969,0.006841,0.117047
62,41,00238,fog,878,1,0.007930,0.990927,0.001143,L,0.990927,0.982997,0.050185,0.010216,0.186081
62,41,00238,fog,705,1,0.003746,0.995829,0.000425,L,0.995829,0.992083,0.025843,0.004596,0.078959
62,41,00238,fog,975,1,0.006424,0.992736,0.000840,L,0.992736,0.986312,0.041521,0.008105,0.094638
62,41,00238,fog,608,1,0.011396,0.987250,0.001354,L,0.987250,0.975854,0.066087,0.014104,0.106837
62,41,00238,fog,879,1,0.006241,0.992737,0.001022,L,0.992737,0.986496,0.041831,0.008285,0.294205
62,41,00238,fog,702,1,0.001356,0.998403,0.000241,L,0.998403,0.997048,0.011427,0.001837,0.304423
62,41,00238,fog,789,1,0.000201,0.999768,0.000031,L,0.999768,0.999567,0.002064,0.000264,0.432737
62,41,00238,fog,790,1,0.000000,1.000000,0.000000,L,1.000000,1.000000,0.000003,0.000000,0.826827
62,41,00238,fog,795,1,0.002905,0.996735,0.000360,L,0.996735,0.993831,0.021010,0.003625,0.105275
62,41,00238,fog,881,1,0.000005,0.999994,0.000001,L,0.999994,0.999989,0.000072,0.000007,0.510175
62,41,00238,fog,788,1,0.003115,0.996393,0.000492,L,0.996393,0.993279,0.023052,0.004099,0.250416
62,41,00238,fog,883,1,0.002073,0.997682,0.000245,L,0.997682,0.995608,0.015622,0.002563,0.087069
62,41,00238,fog,613,1,0.003739,0.995824,0.000437,L,0.995824,0.992086,0.025890,0.004613,0.078768
62,41,00238,fog,700,1,0.000032,0.999963,0.000005,L,0.999963,0.999930,0.000392,0.000042,0.522359
62,41,00238,fog,698,1,0.001607,0.998175,0.000218,L,0.998175,0.996568,0.012745,0.002043,0.197971
62,41,00238,fog,612,1,0.009267,0.989496,0.001237,L,0.989496,0.980230,0.056535,0.011740,0.108646
62,41,00238,fog,880,1,0.000048,0.999943,0.000008,L,0.999943,0.999895,0.000578,0.000065,0.499799
62,41,00238,fog,885,1,0.003809,0.995733,0.000457,L,0.995733,0.991924,0.026391,0.004724,0.084754
62,41,00238,fog,826,0,0.006748,0.992319,0.000933,L,0.992319,0.985571,0.043594,0.008614,0.077606
62,41,00238,fog,1075,0,0.007528,0.991647,0.000825,L,0.991647,0.984119,0.046404,0.009178,0.096017
62,41,00238,fog,684,0,0.006159,0.993163,0.000678,L,0.993163,0.987003,0.039242,0.007516,0.072492
62,41,00238,fog,1048,0,0.009184,0.989668,0.001148,L,0.989668,0.980485,0.055637,0.011479,0.116371
62,41,00238,fog,1005,0,0.018950,0.978770,0.002281,L,0.978770,0.959820,0.100155,0.023511,0.106830
62,41,00238,fog,1067,0,0.006934,0.992181,0.000885,L,0.992181,0.985248,0.044128,0.008704,0.109534
62,41,00238,fog,1214,0,0.013762,0.984561,0.001677,L,0.984561,0.970799,0.077389,0.017117,0.094261
62,41,00238,fog,11,0,0.009245,0.989290,0.001466,L,0.989290,0.980045,0.057815,0.012176,0.164291
62,41,00238,fog,217,0,0.001293,0.998567,0.000139,L,0.998567,0.997274,0.010257,0.001572,0.081662
62,41,00238,fog,857,0,0.004662,0.994842,0.000496,L,0.994842,0.990180,0.030898,0.005654,0.070724
62,41,00238,fog,847,0,0.007539,0.991520,0.000941,L,0.991520,0.983981,0.047195,0.009421,0.109408
62,41,00238,fog,714,0,0.004289,0.995230,0.000481,L,0.995230,0.990941,0.028959,0.005251,0.100676
62,41,00238,fog,481,0,0.002141,0.997605,0.000254,L,0.997605,0.995464,0.016070,0.002649,0.061911
62,41,00238,fog,260,0,0.009144,0.989669,0.001187,L,0.989669,0.980525,0.055708,0.011518,0.186709
62,41,00238,fog,740,0,0.007927,0.991114,0.000959,L,0.991114,0.983187,0.049024,0.009845,0.067309
62,41,00238,fog,716,0,0.001684,0.998109,0.000207,L,0.998109,0.996425,0.013109,0.002098,0.140971
62,41,00238,fog,1175,0,0.015515,0.982069,0.002416,L,0.982069,0.966554,0.088261,0.020348,0.147332
62,41,00238,fog,1431,0,0.006139,0.993181,0.000680,L,0.993181,0.987042,0.039163,0.007500,0.087369
63,44,00250,fog,1062,1,0.021830,0.975307,0.002863,L,0.975307,0.953477,0.113451,0.027556,0.155424
63,44,00250,fog,1063,1,0.005711,0.993467,0.000821,L,0.993467,0.987756,0.038090,0.007354,0.174927
63,44,00250,fog,1064,1,0.001355,0.998450,0.000195,L,0.998450,0.997095,0.011071,0.001745,0.227748
63,44,00250,fog,1065,1,0.001895,0.997815,0.000291,L,0.997815,0.995920,0.014952,0.002476,0.255048
63,44,00250,fog,1066,1,0.003780,0.995643,0.000577,L,0.995643,0.991863,0.027069,0.004935,0.224734
63,44,00250,fog,1151,1,0.001050,0.998803,0.000147,L,0.998803,0.997753,0.008822,0.001343,0.225384
63,44,00250,fog,1152,1,0.006399,0.992643,0.000958,L,0.992643,0.986243,0.042157,0.008315,0.185872
63,44,00250,fog,1153,1,0.000150,0.999828,0.000022,L,0.999828,0.999678,0.001574,0.000194,0.342336
63,44,00250,fog,1154,1,0.000009,0.999990,0.000001,L,0.999990,0.999980,0.000122,0.000012,0.501661
63,44,00250,fog,1155,1,0.000031,0.999964,0.000005,L,0.999964,0.999933,0.000381,0.000041,0.492957
63,44,00250,fog,1156,1,0.000647,0.999241,0.000112,L,0.999241,0.998593,0.005944,0.000871,0.391069
63,44,00250,fog,1157,1,0.003394,0.995999,0.000608,L,0.995999,0.992605,0.025296,0.004609,0.289869
63,44,00250,fog,1158,1,0.003884,0.995441,0.000676,L,0.995441,0.991557,0.028252,0.005235,0.227607
63,44,00250,fog,1241,1,0.003803,0.995679,0.000518,L,0.995679,0.991876,0.026779,0.004838,0.198105
63,44,00250,fog,1242,1,0.003284,0.996216,0.000499,L,0.996216,0.992932,0.023988,0.004283,0.220360
63,44,00250,fog,1243,1,0.000068,0.999921,0.000011,L,0.999921,0.999853,0.000779,0.000089,0.436766
63,44,00250,fog,1244,1,0.000018,0.999979,0.000003,L,0.999979,0.999960,0.000235,0.000024,0.498693
63,44,00250,fog,1245,1,0.000084,0.999902,0.000014,L,0.999902,0.999818,0.000947,0.000112,0.471859
63,44,00250,fog,1246,1,0.001850,0.997827,0.000323,L,0.997827,0.995976,0.014938,0.002497,0.271229
63,44,00250,fog,1247,1,0.002398,0.997191,0.000412,L,0.997191,0.994793,0.018643,0.003221,0.264590
63,44,00250,fog,1248,1,0.002322,0.997331,0.000347,L,0.997331,0.995008,0.017764,0.003017,0.166772
63,44,00250,fog,1331,1,0.007920,0.991035,0.001045,L,0.991035,0.983115,0.049531,0.010010,0.153266
63,44,00250,fog,1332,1,0.005182,0.994043,0.000776,L,0.994043,0.988861,0.035284,0.006733,0.186711
63,44,00250,fog,1333,1,0.000609,0.999303,0.000088,L,0.999303,0.998693,0.005488,0.000785,0.259375
63,44,00250,fog,1334,1,0.000260,0.999701,0.000039,L,0.999701,0.999441,0.002584,0.000338,0.367928
63,44,00250,fog,1335,1,0.002518,0.997090,0.000392,L,0.997090,0.994572,0.019157,0.003301,0.279387
63,44,00250,fog,1336,1,0.006259,0.992911,0.000830,L,0.992911,0.986652,0.040694,0.007919,0.156685
63,44,00250,fog,1337,1,0.004349,0.995044,0.000607,L,0.995044,0.990695,0.030119,0.005563,0.139747
63,44,00250,fog,1338,1,0.004292,0.995162,0.000546,L,0.995162,0.990870,0.029421,0.005383,0.102868
63,44,00250,fog,1423,1,0.005625,0.993595,0.000780,L,0.993595,0.987970,0.037420,0.007186,0.183922
63,44,00250,fog,1424,1,0.005745,0.993407,0.000848,L,0.993407,0.987662,0.038422,0.007441,0.206550
63,44,00250,fog,1425,1,0.008515,0.990342,0.001143,L,0.990342,0.981827,0.052736,0.010801,0.170634
63,44,00250,fog,1426,1,0.006598,0.992493,0.000909,L,0.992493,0.985894,0.042759,0.008417,0.130348
63,44,00250,fog,1427,1,0.006464,0.992654,0.000882,L,0.992654,0.986190,0.041969,0.008227,0.113608
63,44,00250,fog,1428,1,0.006247,0.992890,0.000862,L,0.992890,0.986643,0.040849,0.007972,0.112205
63,44,00250,fog,276,0,0.003059,0.996516,0.000425,L,0.996516,0.993457,0.022290,0.003909,0.115763
63,44,00250,fog,300,0,0.021452,0.976125,0.002423,L,0.976125,0.954673,0.109771,0.026297,0.094120
63,44,00250,fog,1258,0,0.004252,0.995207,0.000541,L,0.995207,0.990954,0.029190,0.005334,0.110262
63,44,00250,fog,524,0,0.009053,0.989962,0.000985,L,0.989962,0.980909,0.054066,0.011023,0.094794
63,44,00250,fog,642,0,0.007370,0.991570,0.001060,L,0.991570,0.984199,0.047193,0.009491,0.073383
63,44,00250,fog,102,0,0.003085,0.996544,0.000371,L,0.996544,0.993459,0.022043,0.003827,0.085761
63,44,00250,fog,660,0,0.007995,0.991002,0.001003,L,0.991002,0.983007,0.049599,0.010001,0.077811
63,44,00250,fog,266,0,0.006416,0.992771,0.000814,L,0.992771,0.986355,0.041311,0.008043,0.116033
63,44,00250,fog,1284,0,0.004704,0.994625,0.000671,L,0.994625,0.989921,0.032290,0.006046,0.088693
63,44,00250,fog,59,0,0.009181,0.989855,0.000964,L,0.989855,0.980674,0.054479,0.011109,0.107353
63,44,00250,fog,264,0,0.003713,0.995822,0.000465,L,0.995822,0.992109,0.025957,0.004644,0.108554
63,44,00250,fog,4,0,0.001888,0.997862,0.000250,L,0.997862,0.995974,0.014610,0.002388,0.124447
63,44,00250,fog,230,0,0.001117,0.998763,0.000120,L,0.998763,0.997646,0.009021,0.001357,0.076147
63,44,00250,fog,827,0,0.039463,0.955130,0.005406,L,0.955130,0.915667,0.181711,0.050276,0.097290
63,44,00250,fog,171,0,0.005257,0.994081,0.000662,L,0.994081,0.988824,0.034896,0.006581,0.117748
63,44,00250,fog,631,0,0.004073,0.995196,0.000730,L,0.995196,0.991123,0.029569,0.005534,0.173316
63,44,00250,fog,886,0,0.005568,0.993621,0.000811,L,0.993621,0.988052,0.037351,0.007190,0.140326
63,44,00250,fog,792,0,0.002230,0.997511,0.000259,L,0.997511,0.995281,0.016602,0.002748,0.105776
64,44,00583,fog,757,1,0.000010,0.999988,0.000002,L,0.999988,0.999978,0.000139,0.000014,0.548199
64,44,00583,fog,758,1,0.000001,0.999999,0.000000,L,0.999999,0.999999,0.000010,0.000001,0.770555
64,44,00583,fog,759,1,0.000001,0.999999,0.000000,L,0.999999,0.999998,0.000012,0.000001,0.738524
64,44,00583,fog,847,1,0.000055,0.999936,0.000010,L,0.999936,0.999881,0.000648,0.000074,0.576303
64,44,00583,fog,848,1,0.000002,0.999997,0.000000,L,0.999997,0.999995,0.000035,0.000003,0.811901
64,44,00583,fog,849,1,0.000003,0.999997,0.000000,L,0.999997,0.999994,0.000039,0.000003,0.917067
64,44,00583,fog,850,1,0.000506,0.999412,0.000083,L,0.999412,0.998906,0.004737,0.000671,0.565654
64,44,00583,fog,851,1,0.003937,0.995284,0.000779,L,0.995284,0.991347,0.029202,0.005495,0.400212
64,44,00583,fog,852,1,0.004426,0.994959,0.000615,L,0.994959,0.990533,0.030550,0.005655,0.143666
64,44,00583,fog,937,1,0.022750,0.973002,0.004249,L,0.973002,0.950252,0.123702,0.031247,0.325662
64,44,00583,fog,938,1,0.003898,0.995373,0.000730,L,0.995373,0.991475,0.028680,0.005357,0.350134
64,44,00583,fog,939,1,0.004438,0.994731,0.000831,L,0.994731,0.990293,0.032032,0.006099,0.388162
64,44,00583,fog,940,1,0.007090,0.991586,0.001324,L,0.991586,0.984496,0.047550,0.009737,0.385468
64,44,00583,fog,941,1,0.006286,0.992483,0.001231,L,0.992483,0.986197,0.043330,0.008748,0.338734
64,44,00583,fog,942,1,0.006142,0.992779,0.001078,L,0.992779,0.986637,0.041728,0.008299,0.224034
64,44,00583,fog,943,1,0.006284,0.992736,0.000980,L,0.992736,0.986453,0.041767,0.008244,0.150933
64,44,00583,fog,1026,1,0.036466,0.957796,0.005738,L,0.957796,0.921330,0.174462,0.047943,0.167008
64,44,00583,fog,1027,1,0.040819,0.951917,0.007264,L,0.951917,0.911098,0.194105,0.055347,0.259643
64,44,00583,fog,1028,1,0.008206,0.990249,0.001546,L,0.990249,0.982043,0.053813,0.011297,0.293799
64,44,00583,fog,1029,1,0.009739,0.988374,0.001888,L,0.988374,0.978635,0.062355,0.013514,0.300429
64,44,00583,fog,1030,1,0.006878,0.991786,0.001336,L,0.991786,0.984908,0.046669,0.009551,0.296297
64,44,00583,fog,1031,1,0.006566,0.992275,0.001160,L,0.992275,0.985709,0.044177,0.008885,0.194834
64,44,00583,fog,1032,1,0.006536,0.992485,0.000979,L,0.992485,0.985949,0.042918,0.008494,0.129314
64,44,00583,fog,1033,1,0.006818,0.992235,0.000948,L,0.992235,0.985417,0.044001,0.008713,0.102668
64,44,00583,fog,1118,1,0.004285,0.994982,0.000733,L,0.994982,0.990697,0.030640,0.005751,0.192508
64,44,00583,fog,1119,1,0.004337,0.994918,0.000745,L,0.994918,0.990581,0.030975,0.005826,0.201125
64,44,00583,fog,1120,1,0.004061,0.995240,0.000699,L,0.995240,0.991180,0.029298,0.005459,0.201757
64,44,00583,fog,1121,1,0.004546,0.994757,0.000697,L,0.994757,0.990211,0.031692,0.005941,0.145273
64,44,00583,fog,1122,1,0.005023,0.994170,0.000806,L,0.994170,0.989147,0.034724,0.006636,0.170862
64,44,00583,fog,1123,1,0.006120,0.993031,0.000848,L,0.993031,0.986911,0.040173,0.007817,0.111947
64,44,00583,fog,1211,1,0.002316,0.997290,0.000394,L,0.997290,0.994973,0.018069,0.003104,0.204714
64,44,00583,fog,1212,1,0.003252,0.996210,0.000539,L,0.996210,0.992958,0.024088,0.004329,0.158248
64,44,00583,fog,171,0,0.003573,0.995980,0.000447,L,0.995980,0.992407,0.025113,0.004467,0.117920
64,44,00583,fog,1256,0,0.005459,0.993858,0.000683,L,0.993858,0.988398,0.035997,0.006825,0.109343
64,44,00583,fog,1397,0,0.005431,0.993807,0.000763,L,0.993807,0.988376,0.036386,0.006956,0.110839
64,44,00583,fog,1427,0,0.005521,0.993779,0.000700,L,0.993779,0.988258,0.036399,0.006920,0.111259
64,44,00583,fog,591,0,0.001875,0.997904,0.000221,L,0.997904,0.996029,0.014317,0.002318,0.072079
64,44,00583,fog,730,0,0.020541,0.976934,0.002524,L,0.976934,0.956393,0.107141,0.025590,0.079478
64,44,00583,fog,310,0,0.003117,0.996539,0.000345,L,0.996539,0.993422,0.022018,0.003806,0.070812
64,44,00583,fog,116,0,0.002382,0.997349,0.000269,L,0.997349,0.994966,0.017519,0.002920,0.110128
64,44,00583,fog,931,0,0.009455,0.989397,0.001148,L,0.989397,0.979941,0.056792,0.011752,0.070424
64,44,00583,fog,749,0,0.005092,0.994341,0.000567,L,0.994341,0.989249,0.033469,0.006226,0.064622
64,44,00583,fog,169,0,0.001180,0.998675,0.000145,L,0.998675,0.997495,0.009613,0.001470,0.126163
64,44,00583,fog,647,0,0.011088,0.987228,0.001684,L,0.987228,0.976140,0.066778,0.014456,0.102686
64,44,00583,fog,1402,0,0.005432,0.993853,0.000714,L,0.993853,0.988421,0.036076,0.006861,0.115402
64,44,00583,fog,1373,0,0.005909,0.993227,0.000864,L,0.993227,0.987319,0.039289,0.007637,0.105795
64,44,00583,fog,1168,0,0.005037,0.994323,0.000639,L,0.994323,0.989286,0.033694,0.006316,0.113617
64,44,00583,fog,1157,0,0.006556,0.992610,0.000834,L,0.992610,0.986053,0.042087,0.008224,0.125361
64,44,00583,fog,429,0,0.003311,0.996276,0.000414,L,0.996276,0.992965,0.023527,0.004138,0.115151
64,44,00583,fog,572,0,0.002475,0.997236,0.000289,L,0.997236,0.994761,0.018176,0.003052,0.061809
65,45,00192,fog,1289,1,0.001608,0.998120,0.000271,L,0.998120,0.996512,0.013155,0.002151,0.326400
65,45,00192,fog,1382,1,0.000482,0.999419,0.000099,L,0.999419,0.998938,0.004708,0.000680,0.360454
65,45,00192,fog,1272,1,0.014602,0.982623,0.002775,L,0.982623,0.968021,0.086726,0.020152,0.285945
65,45,00192,fog,1273,1,0.005326,0.993586,0.001089,L,0.993586,0.988260,0.037959,0.007503,0.320325
65,45,00192,fog,1203,1,0.000004,0.999996,0.000001,L,0.999996,0.999992,0.000053,0.000005,0.593308
65,45,00192,fog,1293,1,0.000043,0.999948,0.000009,L,0.999948,0.999904,0.000539,0.000061,0.495219
65,45,00192,fog,1022,1,0.009170,0.989299,0.001531,L,0.989299,0.980130,0.057882,0.012232,0.154006
65,45,00192,fog,1368,1,0.005194,0.993930,0.000876,L,0.993930,0.988735,0.035994,0.006947,0.109572
65,45,00192,fog,1383,1,0.001637,0.998058,0.000305,L,0.998058,0.996421,0.013571,0.002247,0.231617
65,45,00192,fog,1205,1,0.000783,0.999126,0.000092,L,0.999126,0.998343,0.006666,0.000966,0.103708
65,45,00192,fog,1291,1,0.000001,0.999999,0.000000,L,0.999999,0.999998,0.000017,0.000001,0.657570
65,45,00192,fog,1198,1,0.000915,0.998927,0.000158,L,0.998927,0.998012,0.008060,0.001231,0.305332
65,45,00192,fog,1364,1,0.000019,0.999977,0.000004,L,0.999977,0.999958,0.000256,0.000027,0.998521
65,45,00192,fog,1295,1,0.000325,0.999635,0.000040,L,0.999635,0.999310,0.003077,0.000405,0.144219
65,45,00192,fog,1182,1,0.011045,0.987200,0.001755,L,0.987200,0.976156,0.067010,0.014554,0.139739
65,45,00192,fog,1113,1,0.007807,0.991020,0.001173,L,0.991020,0.983212,0.049829,0.010154,0.162564
65,45,00192,fog,1277,1,0.001115,0.998668,0.000217,L,0.998668,0.997553,0.009780,0.001549,0.217179
65,45,00192,fog,1112,1,0.009835,0.988393,0.001772,L,0.988393,0.978558,0.062097,0.013378,0.265937
65,45,00192,fog,1367,1,0.004604,0.994212,0.001184,L,0.994212,0.989607,0.035067,0.006972,0.232184
65,45,00192,fog,1366,1,0.000007,0.999991,0.000001,L,0.999991,0.999984,0.000102,0.000010,0.858155
65,45,00192,fog,1384,1,0.000381,0.999563,0.000056,L,0.999563,0.999181,0.003630,0.000493,0.175501
65,45,00192,fog,1181,1,0.013827,0.984260,0.001914,L,0.984260,0.970433,0.078997,0.017654,0.109214
65,45,00192,fog,1274,1,0.000071,0.999915,0.000015,L,0.999915,0.999844,0.000843,0.000100,0.505059
65,45,00192,fog,1108,1,0.002978,0.996508,0.000514,L,0.996508,0.993530,0.022480,0.004005,0.222508
65,45,00192,fog,1114,1,0.004061,0.995394,0.000545,L,0.995394,0.991333,0.028262,0.005150,0.102070
65,45,00192,fog,1361,1,0.000792,0.999059,0.000148,L,0.999059,0.998267,0.007196,0.001089,0.330051
65,45,00192,fog,1271,1,0.009762,0.988474,0.001765,L,0.988474,0.978712,0.061748,0.013291,0.227568
65,45,00192,fog,1199,1,0.002147,0.997489,0.000364,L,0.997489,0.995342,0.016911,0.002874,0.320725
65,45,00192,fog,1204,1,0.000293,0.999669,0.000037,L,0.999669,0.999376,0.002818,0.000368,0.185556
65,45,00192,fog,1185,1,0.002082,0.997561,0.000357,L,0.997561,0.995479,0.016496,0.002796,0.218119
65,45,00192,fog,1275,1,0.000016,0.999981,0.000003,L,0.999981,0.999965,0.000217,0.000023,0.594530
65,45,00192,fog,1115,1,0.004119,0.995397,0.000484,L,0.995397,0.991278,0.028136,0.005087,0.076688
65,45,00192,fog,1110,1,0.007769,0.990906,0.001325,L,0.990906,0.983137,0.050583,0.010419,0.245535
65,45,00192,fog,1363,1,0.000195,0.999763,0.000043,L,0.999763,0.999568,0.002121,0.000280,0.489827
65,45,00192,fog,1109,1,0.007467,0.991284,0.001249,L,0.991284,0.983817,0.048784,0.009964,0.234261
65,45,00192,fog,1385,1,0.000603,0.999319,0.000078,L,0.999319,0.998716,0.005358,0.000758,0.113756
65,45,00192,fog,1391,0,0.005926,0.993256,0.000817,L,0.993256,0.987330,0.039071,0.007561,0.104061
65,45,00192,fog,709,0,0.003011,0.996621,0.000368,L,0.996621,0.993609,0.021633,0.003748,0.141838
65,45,00192,fog,212,0,0.002295,0.997461,0.000244,L,0.997461,0.995165,0.016853,0.002783,0.066391
65,45,00192,fog,249,0,0.001257,0.998588,0.000155,L,0.998588,0.997331,0.010165,0.001567,0.125011
65,45,00192,fog,674,0,0.003194,0.996407,0.000399,L,0.996407,0.993213,0.022811,0.003991,0.079109
65,45,00192,fog,346,0,0.001372,0.998459,0.000170,L,0.998459,0.997087,0.010973,0.001711,0.131248
65,45,00192,fog,819,0,0.008177,0.990341,0.001482,L,0.990341,0.982164,0.053309,0.011140,0.179473
65,45,00192,fog,1347,0,0.003384,0.996194,0.000422,L,0.996194,0.992810,0.023967,0.004229,0.112634
65,45,00192,fog,682,0,0.005451,0.993877,0.000673,L,0.993877,0.988426,0.035889,0.006796,0.083912
65,45,00192,fog,763,0,0.004119,0.995421,0.000460,L,0.995421,0.991302,0.027968,0.005039,0.065539
65,45,00192,fog,866,0,0.008376,0.990665,0.000960,L,0.990665,0.982289,0.050987,0.010295,0.091097
65,45,00192,fog,82,0,0.001492,0.998320,0.000188,L,0.998320,0.996829,0.011832,0.001868,0.125848
65,45,00192,fog,934,0,0.005343,0.993862,0.000796,L,0.993862,0.988519,0.036182,0.006934,0.104501
65,45,00192,fog,809,0,0.002262,0.997459,0.000279,L,0.997459,0.995197,0.016930,0.002820,0.141768
65,45,00192,fog,752,0,0.020915,0.976331,0.002754,L,0.976331,0.955416,0.109690,0.026424,0.090743
65,45,00192,fog,143,0,0.001867,0.997926,0.000206,L,0.997926,0.996059,0.014159,0.002280,0.104616
65,45,00192,fog,561,0,0.015284,0.982845,0.001871,L,0.982845,0.967561,0.084343,0.019026,0.077391
65,45,00192,fog,197,0,0.002025,0.997742,0.000233,L,0.997742,0.995717,0.015262,0.002492,0.061921
66,45,00237,fog,1290,1,0.000672,0.999204,0.000124,L,0.999204,0.998532,0.006207,0.000920,0.374593
66,45,00237,fog,1204,1,0.002405,0.997156,0.000439,L,0.997156,0.994752,0.018873,0.003283,0.278462
66,45,00237,fog,1184,1,0.001059,0.998765,0.000176,L,0.998765,0.997706,0.009114,0.001411,0.263554
66,45,00237,fog,1185,1,0.003764,0.995576,0.000660,L,0.995576,0.991812,0.027541,0.005083,0.239432
66,45,00237,fog,1378,1,0.000314,0.999633,0.000054,L,0.999633,0.999319,0.003118,0.000421,0.317414
66,45,00237,fog,1379,1,0.000923,0.998914,0.000162,L,0.998914,0.997991,0.008150,0.001248,0.343481
66,45,00237,fog,1361,1,0.000297,0.999654,0.000049,L,0.999654,0.999357,0.002954,0.000395,0.325441
66,45,00237,fog,1198,1,0.000143,0.999832,0.000024,L,0.999832,0.999689,0.001543,0.000192,0.392098
66,45,00237,fog,1023,1,0.007277,0.991682,0.001041,L,0.991682,0.984405,0.046656,0.009359,0.111324
66,45,00237,fog,1364,1,0.000013,0.999985,0.000003,L,0.999985,0.999972,0.000177,0.000018,0.998271
66,45,00237,fog,1288,1,0.000222,0.999741,0.000037,L,0.999741,0.999520,0.002277,0.000296,0.365221
66,45,00237,fog,1293,1,0.003478,0.995846,0.000676,L,0.995846,0.992367,0.026190,0.004831,0.382166
66,45,00237,fog,1278,1,0.001342,0.998466,0.000192,L,0.998466,0.997123,0.010972,0.001726,0.142415
66,45,00237,fog,1112,1,0.001016,0.998799,0.000184,L,0.998799,0.997783,0.008910,0.001385,0.381598
66,45,00237,fog,1200,1,0.000648,0.999243,0.000109,L,0.999243,0.998595,0.005925,0.000866,0.389113
66,45,00237,fog,1380,1,0.002182,0.997404,0.000413,L,0.997404,0.995222,0.017463,0.003009,0.298484
66,45,00237,fog,1384,1,0.006490,0.992427,0.001083,L,0.992427,0.985937,0.043357,0.008656,0.158270
66,45,00237,fog,1289,1,0.000774,0.999095,0.000131,L,0.999095,0.998321,0.006939,0.001037,0.333579
66,45,00237,fog,1382,1,0.007799,0.990631,0.001570,L,0.990631,0.982832,0.052171,0.010939,0.263583
66,45,00237,fog,1181,1,0.015898,0.981981,0.002121,L,0.981981,0.966083,0.088070,0.020140,0.111046
66,45,00237,fog,1273,1,0.004462,0.994614,0.000923,L,0.994614,0.990152,0.032744,0.006309,0.308741
66,45,00237,fog,1202,1,0.000279,0.999678,0.000042,L,0.999678,0.999399,0.002764,0.000364,0.541511
66,45,00237,fog,1365,1,0.000013,0.999984,0.000003,L,0.999984,0.999971,0.000185,0.000019,0.999538
66,45,00237,fog,1110,1,0.001730,0.997967,0.000304,L,0.997967,0.996237,0.014101,0.002337,0.265490
66,45,00237,fog,1383,1,0.007860,0.990602,0.001538,L,0.990602,0.982742,0.052252,0.010936,0.196924
66,45,00237,fog,1108,1,0.003760,0.995612,0.000628,L,0.995612,0.991853,0.027307,0.005016,0.171424
66,45,00237,fog,1362,1,0.002304,0.997172,0.000524,L,0.997172,0.994868,0.018910,0.003352,0.299529
66,45,00237,fog,1205,1,0.002494,0.997138,0.000368,L,0.997138,0.994644,0.018858,0.003230,0.150034
66,45,00237,fog,1368,1,0.012711,0.985176,0.002113,L,0.985176,0.972465,0.075745,0.016936,0.111050
66,45,00237,fog,1292,1,0.001773,0.997895,0.000332,L,0.997895,0.996122,0.014559,0.002437,0.413934
66,45,00237,fog,1272,1,0.012029,0.985703,0.002267,L,0.985703,0.973674,0.073888,0.016564,0.262445
66,45,00237,fog,1199,1,0.001656,0.998066,0.000278,L,0.998066,0.996410,0.013483,0.002212,0.317310
66,45,00237,fog,1381,1,0.002180,0.997378,0.000442,L,0.997378,0.995198,0.017649,0.003063,0.316773
66,45,00237,fog,1022,1,0.009753,0.988777,0.001469,L,0.988777,0.979024,0.059987,0.012692,0.136121
66,45,00237,fog,1111,1,0.000759,0.999108,0.000133,L,0.999108,0.998349,0.006851,0.001024,0.370052
66,45,00237,fog,1183,1,0.003508,0.995937,0.000555,L,0.995937,0.992429,0.025529,0.004618,0.190807
66,45,00237,fog,761,0,0.003398,0.996215,0.000388,L,0.996215,0.992817,0.023792,0.004173,0.077855
66,45,00237,fog,1153,0,0.007847,0.991167,0.000986,L,0.991167,0.983321,0.048840,0.009818,0.110216
66,45,00237,fog,1051,0,0.005305,0.994069,0.000626,L,0.994069,0.988764,0.034885,0.006557,0.095167
66,45,00237,fog,892,0,0.006155,0.992994,0.000851,L,0.992994,0.986840,0.040347,0.007856,0.147821
66,45,00237,fog,676,0,0.003982,0.995516,0.000502,L,0.995516,0.991535,0.027573,0.004986,0.075262
66,45,00237,fog,408,0,0.001648,0.998169,0.000183,L,0.998169,0.996521,0.012713,0.002014,0.069204
66,45,00237,fog,202,0,0.002426,0.997287,0.000287,L,0.997287,0.994861,0.017893,0.003000,0.063276
66,45,00237,fog,219,0,0.001574,0.998262,0.000163,L,0.998262,0.996688,0.012125,0.001901,0.070584
66,45,00237,fog,457,0,0.014409,0.983038,0.002554,L,0.983038,0.968629,0.084794,0.019516,0.129365
66,45,00237,fog,642,0,0.029201,0.966566,0.004233,L,0.966566,0.937365,0.144896,0.037667,0.106934
66,45,00237,fog,417,0,0.001625,0.998168,0.000206,L,0.998168,0.996543,0.012760,0.002038,0.103166
66,45,00237,fog,1057,0,0.013888,0.984348,0.001764,L,0.984348,0.970461,0.078378,0.017416,0.113410
66,45,00237,fog,834,0,0.004056,0.995384,0.000560,L,0.995384,0.991327,0.028345,0.005177,0.082355
66,45,00237,fog,865,0,0.007344,0.991665,0.000992,L,0.991665,0.984321,0.046646,0.009327,0.131345
66,45,00237,fog,671,0,0.003243,0.996363,0.000394,L,0.996363,0.993119,0.023034,0.004031,0.075936
66,45,00237,fog,541,0,0.003181,0.996171,0.000648,L,0.996171,0.992991,0.024459,0.004477,0.255147
66,45,00237,fog,1043,0,0.006632,0.992524,0.000845,L,0.992524,0.985892,0.042498,0.008321,0.093361
66,45,00237,fog,740,0,0.003825,0.995698,0.000477,L,0.995698,0.991872,0.026608,0.004779,0.063526
67,45,00283,fog,1288,1,0.007900,0.990845,0.001254,L,0.990845,0.982945,0.050735,0.010409,0.283705
67,45,00283,fog,1018,1,0.018557,0.978927,0.002515,L,0.978927,0.960370,0.100026,0.023588,0.135764
67,45,00283,fog,1274,1,0.000008,0.999991,0.000002,L,0.999991,0.999983,0.000111,0.000011,0.624716
67,45,00283,fog,1184,1,0.000276,0.999671,0.000053,L,0.999671,0.999396,0.002829,0.000381,0.352711
67,45,00283,fog,1277,1,0.002966,0.996423,0.000610,L,0.996423,0.993457,0.023078,0.004187,0.215185
67,45,00283,fog,1364,1,0.000010,0.999987,0.000002,L,0.999987,0.999977,0.000147,0.000015,0.998315
67,45,00283,fog,1021,1,0.014570,0.983465,0.001965,L,0.983465,0.968895,0.082158,0.018501,0.116901
67,45,00283,fog,1278,1,0.003758,0.995634,0.000608,L,0.995634,0.991877,0.027163,0.004974,0.112863
67,45,00283,fog,1109,1,0.008244,0.990264,0.001492,L,0.990264,0.982020,0.053665,0.011229,0.269811
67,45,00283,fog,1276,1,0.000948,0.998839,0.000213,L,0.998839,0.997891,0.008702,0.001374,0.393509
67,45,00283,fog,1111,1,0.000052,0.999938,0.000010,L,0.999938,0.999886,0.000628,0.000072,0.468093
67,45,00283,fog,1293,1,0.000451,0.999473,0.000076,L,0.999473,0.999022,0.004297,0.000603,0.269573
67,45,00283,fog,1204,1,0.000851,0.999040,0.000109,L,0.999040,0.998189,0.007253,0.001069,0.123040
67,45,00283,fog,1275,1,0.000003,0.999997,0.000001,L,0.999997,0.999994,0.000040,0.000004,0.667635
67,45,00283,fog,1366,1,0.000005,0.999994,0.000001,L,0.999994,0.999989,0.000076,0.000007,0.887971
67,45,00283,fog,1110,1,0.000520,0.999385,0.000095,L,0.999385,0.998865,0.004940,0.000710,0.360784
67,45,00283,fog,1203,1,0.000576,0.999313,0.000111,L,0.999313,0.998737,0.005454,0.000798,0.364372
67,45,00283,fog,1363,1,0.000061,0.999926,0.000013,L,0.999926,0.999865,0.000739,0.000087,0.568431
67,45,00283,fog,1378,1,0.006734,0.992199,0.001066,L,0.992199,0.985465,0.044369,0.008867,0.233441
67,45,00283,fog,1108,1,0.003358,0.996062,0.000580,L,0.996062,0.992705,0.024922,0.004518,0.266065
67,45,00283,fog,1114,1,0.005911,0.993280,0.000810,L,0.993280,0.987369,0.038948,0.007530,0.097525
67,45,00283,fog,1181,1,0.015577,0.982012,0.002410,L,0.982012,0.966435,0.088464,0.020398,0.104712
67,45,00283,fog,1365,1,0.000012,0.999985,0.000003,L,0.999985,0.999974,0.000167,0.000017,0.999499
67,45,00283,fog,1273,1,0.004078,0.995090,0.000833,L,0.995090,0.991012,0.030256,0.005743,0.329192
67,45,00283,fog,1201,1,0.000000,1.000000,0.000000,L,1.000000,1.000000,0.000002,0.000000,0.833525
67,45,00283,fog,1367,1,0.004554,0.994224,0.001222,L,0.994224,0.989670,0.035052,0.006997,0.274771
67,45,00283,fog,1294,1,0.000346,0.999608,0.000046,L,0.999608,0.999261,0.003287,0.000438,0.160281
67,45,00283,fog,1368,1,0.015598,0.981670,0.002732,L,0.981670,0.966072,0.090282,0.021062,0.127307
67,45,00283,fog,1292,1,0.000069,0.999919,0.000012,L,0.999919,0.999850,0.000801,0.000093,0.471641
67,45,00283,fog,1384,1,0.000293,0.999670,0.000037,L,0.999670,0.999377,0.002815,0.000367,0.136033
67,45,00283,fog,1020,1,0.016219,0.981548,0.002233,L,0.981548,0.965329,0.089896,0.020685,0.125158
67,45,00283,fog,1112,1,0.006661,0.992178,0.001161,L,0.992178,0.985518,0.044617,0.008982,0.211361
67,45,00283,fog,1023,1,0.005076,0.994238,0.000686,L,0.994238,0.989162,0.034190,0.006449,0.100357
67,45,00283,fog,1271,1,0.008716,0.989668,0.001616,L,0.989668,0.980952,0.056435,0.011947,0.247488
67,45,00283,fog,1362,1,0.003511,0.995734,0.000755,L,0.995734,0.992223,0.026880,0.005022,0.299319
67,45,00283,fog,1381,1,0.000153,0.999823,0.000024,L,0.999823,0.999670,0.001617,0.000201,0.359973
67,45,00283,fog,386,0,0.001692,0.998114,0.000195,L,0.998114,0.996422,0.013056,0.002081,0.062118
67,45,00283,fog,133,0,0.001773,0.998050,0.000177,L,0.998050,0.996277,0.013389,0.002127,0.089107
67,45,00283,fog,1248,0,0.005815,0.993448,0.000737,L,0.993448,0.987633,0.038026,0.007288,0.108040
67,45,00283,fog,24,0,0.001464,0.998367,0.000169,L,0.998367,0.996903,0.011520,0.001803,0.099431
67,45,00283,fog,126,0,0.001773,0.998043,0.000184,L,0.998043,0.996270,0.013442,0.002140,0.093871
67,45,00283,fog,105,0,0.006514,0.992755,0.000731,L,0.992755,0.986242,0.041220,0.007975,0.081524
67,45,00283,fog,673,0,0.003266,0.996304,0.000430,L,0.996304,0.993039,0.023410,0.004126,0.099700
67,45,00283,fog,672,0,0.003042,0.996599,0.000359,L,0.996599,0.993557,0.021732,0.003761,0.074320
67,45,00283,fog,747,0,0.006332,0.992902,0.000767,L,0.992902,0.986570,0.040620,0.007865,0.065175
67,45,00283,fog,137,0,0.001780,0.998044,0.000176,L,0.998044,0.996263,0.013424,0.002132,0.092512
67,45,00283,fog,690,0,0.004391,0.995112,0.000497,L,0.995112,0.990721,0.029578,0.005386,0.113787
67,45,00283,fog,226,0,0.001227,0.998645,0.000127,L,0.998645,0.997418,0.009759,0.001482,0.105788
67,45,00283,fog,875,0,0.008369,0.990589,0.001042,L,0.990589,0.982220,0.051475,0.010453,0.107990
67,45,00283,fog,928,0,0.004671,0.994698,0.000631,L,0.994698,0.990027,0.031861,0.005933,0.107043
67,45,00283,fog,1371,0,0.019683,0.977406,0.002911,L,0.977406,0.957723,0.106178,0.025505,0.113146
67,45,00283,fog,134,0,0.001781,0.998049,0.000170,L,0.998049,0.996268,0.013384,0.002122,0.087810
67,45,00283,fog,708,0,0.003025,0.996605,0.000369,L,0.996605,0.993580,0.021715,0.003764,0.141159
67,45,00283,fog,223,0,0.001226,0.998644,0.000130,L,0.998644,0.997418,0.009773,0.001486,0.089182
68,45,00476,fog,1181,1,0.017051,0.980330,0.002619,L,0.980330,0.963278,0.095094,0.022290,0.110394
68,45,00476,fog,1182,1,0.009957,0.988365,0.001678,L,0.988365,0.978408,0.062066,0.013313,0.153929
68,45,00476,fog,1183,1,0.004574,0.994699,0.000727,L,0.994699,0.990125,0.032026,0.006028,0.179719
68,45,00476,fog,1184,1,0.001194,0.998599,0.000207,L,0.998599,0.997405,0.010189,0.001609,0.275894
68,45,00476,fog,1185,1,0.001973,0.997681,0.000346,L,0.997681,0.995708,0.015803,0.002665,0.252780
68,45,00476,fog,1271,1,0.008873,0.989562,0.001565,L,0.989562,0.980689,0.056813,0.012003,0.220433
68,45,00476,fog,1272,1,0.010546,0.987439,0.002015,L,0.987439,0.976893,0.066441,0.014575,0.280840
68,45,00476,fog,1273,1,0.006120,0.992613,0.001266,L,0.992613,0.986493,0.042780,0.008653,0.309373
68,45,00476,fog,1274,1,0.000043,0.999948,0.000009,L,0.999948,0.999904,0.000539,0.000061,0.541832
68,45,00476,fog,1275,1,0.000010,0.999988,0.000002,L,0.999988,0.999978,0.000138,0.000014,0.617973
68,45,00476,fog,1276,1,0.002000,0.997580,0.000420,L,0.997580,0.995580,0.016485,0.002840,0.373955
68,45,00476,fog,1277,1,0.002862,0.996588,0.000550,L,0.996588,0.993726,0.022117,0.003963,0.205881
68,45,00476,fog,1278,1,0.002775,0.996824,0.000401,L,0.996824,0.994048,0.020614,0.003577,0.104670
68,45,00476,fog,1361,1,0.005838,0.993094,0.001068,L,0.993094,0.987256,0.040249,0.007975,0.276414
68,45,00476,fog,1362,1,0.003476,0.995724,0.000801,L,0.995724,0.992248,0.026994,0.005077,0.308798
68,45,00476,fog,1363,1,0.000121,0.999853,0.000026,L,0.999853,0.999732,0.001379,0.000174,0.549049
68,45,00476,fog,1364,1,0.000023,0.999972,0.000005,L,0.999972,0.999949,0.000309,0.000034,0.999202
68,45,00476,fog,1365,1,0.000021,0.999973,0.000006,L,0.999973,0.999952,0.000293,0.000032,0.999784
68,45,00476,fog,1366,1,0.000007,0.999991,0.000002,L,0.999991,0.999984,0.000105,0.000010,0.903961
68,45,00476,fog,1367,1,0.007963,0.989948,0.002089,L,0.989948,0.981984,0.055868,0.012141,0.241354
68,45,00476,fog,1368,1,0.015079,0.982458,0.002463,L,0.982458,0.967380,0.086864,0.020005,0.107962
68,45,00476,fog,751,0,0.028984,0.967678,0.003338,L,0.967678,0.938694,0.139685,0.035659,0.084046
68,45,00476,fog,924,0,0.004717,0.994688,0.000595,L,0.994688,0.989971,0.031845,0.005907,0.074147
68,45,00476,fog,495,0,0.001511,0.998302,0.000187,L,0.998302,0.996791,0.011936,0.001884,0.083954
68,45,00476,fog,5,0,0.007191,0.991807,0.001002,L,0.991807,0.984616,0.046026,0.009194,0.112858
68,45,00476,fog,1221,0,0.005279,0.993919,0.000802,L,0.993919,0.988639,0.035920,0.006883,0.105144
68,45,00476,fog,866,0,0.003589,0.995968,0.000442,L,0.995968,0.992379,0.025166,0.004474,0.143250
68,45,00476,fog,588,0,0.001997,0.997719,0.000284,L,0.997719,0.995723,0.015483,0.002565,0.101352
68,45,00476,fog,1021,0,0.004104,0.995303,0.000593,L,0.995303,0.991199,0.028808,0.005291,0.102458
68,45,00476,fog,746,0,0.027941,0.968663,0.003395,L,0.968663,0.940722,0.136634,0.034732,0.080127
68,45,00476,fog,559,0,0.006014,0.993235,0.000751,L,0.993235,0.987221,0.039050,0.007517,0.063518
68,45,00476,fog,312,0,0.001321,0.998541,0.000138,L,0.998541,0.997219,0.010416,0.001597,0.074559
68,45,00476,fog,304,0,0.002969,0.996687,0.000344,L,0.996687,0.993717,0.021238,0.003658,0.076031
68,45,00476,fog,1108,0,0.007157,0.991826,0.001017,L,0.991826,0.984669,0.045969,0.009191,0.075232
68,45,00476,fog,1422,0,0.005477,0.993818,0.000705,L,0.993818,0.988341,0.036227,0.006887,0.109803
68,45,00476,fog,639,0,0.029735,0.965651,0.004614,L,0.965651,0.935916,0.148460,0.038963,0.109189
68,45,00476,fog,65,0,0.001459,0.998335,0.000206,L,0.998335,0.996876,0.011777,0.001871,0.139476
68,45,00476,fog,585,0,0.001920,0.997821,0.000258,L,0.997821,0.995901,0.014857,0.002437,0.098963
68,45,00476,fog,179,0,0.002470,0.997218,0.000313,L,0.997218,0.994748,0.018322,0.003095,0.117654
69,45,00522,fog,1181,1,0.013072,0.985078,0.001850,L,0.985078,0.972005,0.075687,0.016773,0.113834
69,45,00522,fog,1182,1,0.009667,0.988834,0.001498,L,0.988834,0.979167,0.059797,0.012664,0.144289
69,45,00522,fog,1183,1,0.005255,0.993936,0.000808,L,0.993936,0.988681,0.035847,0.006872,0.172337
69,45,00522,fog,1184,1,0.001586,0.998153,0.000260,L,0.998153,0.996567,0.012944,0.002107,0.249737
69,45,00522,fog,1185,1,0.003072,0.996409,0.000519,L,0.996409,0.993337,0.023011,0.004109,0.236393
69,45,00522,fog,1271,1,0.006195,0.992703,0.001102,L,0.992703,0.986508,0.042118,0.008399,0.229547
69,45,00522,fog,1272,1,0.010041,0.988008,0.001951,L,0.988008,0.977967,0.063983,0.013943,0.282577
69,45,00522,fog,1273,1,0.004619,0.994425,0.000956,L,0.994425,0.989806,0.033720,0.006531,0.312655
69,45,00522,fog,1274,1,0.000013,0.999985,0.000003,L,0.999985,0.999972,0.000175,0.000018,0.598313
69,45,00522,fog,1275,1,0.000003,0.999996,0.000001,L,0.999996,0.999993,0.000047,0.000004,0.659573
69,45,00522,fog,1276,1,0.001949,0.997640,0.000411,L,0.997640,0.995691,0.016132,0.002771,0.368926
69,45,00522,fog,1277,1,0.007496,0.991078,0.001426,L,0.991078,0.983582,0.049977,0.010347,0.202015
69,45,00522,fog,1278,1,0.004022,0.995383,0.000595,L,0.995383,0.991362,0.028406,0.005211,0.104612
69,45,00522,fog,1361,1,0.000776,0.999086,0.000138,L,0.999086,0.998310,0.007006,0.001052,0.330559
69,45,00522,fog,1362,1,0.001881,0.997687,0.000432,L,0.997687,0.995806,0.015893,0.002744,0.333393
69,45,00522,fog,1363,1,0.000072,0.999912,0.000016,L,0.999912,0.999840,0.000869,0.000104,0.579711
69,45,00522,fog,1364,1,0.000017,0.999979,0.000004,L,0.999979,0.999962,0.000233,0.000025,0.999144
69,45,00522,fog,1365,1,0.000018,0.999978,0.000005,L,0.999978,0.999960,0.000247,0.000027,0.999760
69,45,00522,fog,1366,1,0.000005,0.999994,0.000001,L,0.999994,0.999989,0.000077,0.000007,0.928310
69,45,00522,fog,1367,1,0.023392,0.970547,0.006061,L,0.970547,0.947155,0.134542,0.035515,0.258272
69,45,00522,fog,1368,1,0.018419,0.978533,0.003048,L,0.978533,0.960114,0.102371,0.024515,0.122243
69,45,00522,fog,1372,0,0.003749,0.995754,0.000498,L,0.995754,0.992005,0.026364,0.004744,0.133738
69,45,00522,fog,1358,0,0.017076,0.979890,0.003034,L,0.979890,0.962814,0.097393,0.023144,0.221401
69,45,00522,fog,20,0,0.001812,0.997993,0.000195,L,0.997993,0.996182,0.013752,0.002202,0.086532
69,45,00522,fog,1051,0,0.006992,0.992117,0.000890,L,0.992117,0.985125,0.044427,0.008773,0.104087
69,45,00522,fog,152,0,0.001230,0.998629,0.000141,L,0.998629,0.997399,0.009886,0.001512,0.094119
69,45,00522,fog,15,0,0.002261,0.997481,0.000258,L,0.997481,0.995220,0.016769,0.002777,0.088437
69,45,00522,fog,285,0,0.003567,0.995992,0.000441,L,0.995992,0.992425,0.025039,0.004448,0.070210
69,45,00522,fog,250,0,0.001247,0.998598,0.000155,L,0.998598,0.997352,0.010103,0.001557,0.125125
69,45,00522,fog,426,0,0.001610,0.998168,0.000222,L,0.998168,0.996558,0.012788,0.002053,0.152813
69,45,00522,fog,31,0,0.001932,0.997869,0.000199,L,0.997869,0.995938,0.014468,0.002329,0.098390
69,45,00522,fog,1294,0,0.007348,0.991627,0.001025,L,0.991627,0.984280,0.046873,0.009398,0.142059
69,45,00522,fog,517,0,0.001685,0.998092,0.000223,L,0.998092,0.996407,0.013234,0.002130,0.137329
69,45,00522,fog,1357,0,0.014554,0.983030,0.002416,L,0.983030,0.968476,0.084601,0.019386,0.172773
69,45,00522,fog,536,0,0.001041,0.998832,0.000127,L,0.998832,0.997790,0.008608,0.001295,0.138908
69,45,00522,fog,929,0,0.005247,0.994012,0.000741,L,0.994012,0.988765,0.035370,0.006729,0.085861
69,45,00522,fog,2,0,0.005538,0.993699,0.000763,L,0.993699,0.988161,0.036897,0.007064,0.125594
69,45,00522,fog,531,0,0.001620,0.998178,0.000202,L,0.998178,0.996558,0.012695,0.002024,0.123265
69,45,00522,fog,203,0,0.002992,0.996670,0.000338,L,0.996670,0.993679,0.021312,0.003668,0.061520
70,45,00567,fog,1181,1,0.014255,0.983676,0.002069,L,0.983676,0.969422,0.081528,0.018392,0.112458
70,45,00567,fog,1182,1,0.010281,0.988059,0.001660,L,0.988059,0.977777,0.063314,0.013601,0.147381
70,45,00567,fog,1183,1,0.004562,0.994706,0.000732,L,0.994706,0.990143,0.032001,0.006026,0.183110
70,45,00567,fog,1184,1,0.000934,0.998907,0.000158,L,0.998907,0.997973,0.008187,0.001251,0.270129
70,45,00567,fog,1185,1,0.002917,0.996582,0.000501,L,0.996582,0.993666,0.022068,0.003919,0.234122
70,45,00567,fog,1271,1,0.006982,0.991825,0.001193,L,0.991825,0.984843,0.046271,0.009368,0.220334
70,45,00567,fog,1272,1,0.009127,0.989140,0.001732,L,0.989140,0.980013,0.058876,0.012592,0.274130
70,45,00567,fog,1273,1,0.004684,0.994345,0.000972,L,0.994345,0.989661,0.034133,0.006627,0.309509
70,45,00567,fog,1274,1,0.000015,0.999981,0.000003,L,0.999981,0.999966,0.000209,0.000022,0.592128
70,45,00567,fog,1275,1,0.000005,0.999994,0.000001,L,0.999994,0.999990,0.000070,0.000007,0.639297
70,45,00567,fog,1276,1,0.002287,0.997206,0.000507,L,0.997206,0.994919,0.018700,0.003302,0.345093
70,45,00567,fog,1277,1,0.003209,0.996194,0.000597,L,0.996194,0.992985,0.024263,0.004403,0.186683
70,45,00567,fog,1278,1,0.001754,0.997995,0.000251,L,0.997995,0.996241,0.013847,0.002256,0.113538
70,45,00567,fog,1361,1,0.001130,0.998669,0.000202,L,0.998669,0.997539,0.009751,0.001533,0.319239
70,45,00567,fog,1362,1,0.001913,0.997661,0.000426,L,0.997661,0.995747,0.016036,0.002765,0.334906
70,45,00567,fog,1363,1,0.000090,0.999890,0.000019,L,0.999890,0.999800,0.001056,0.000129,0.572746
70,45,00567,fog,1364,1,0.000022,0.999973,0.000005,L,0.999973,0.999951,0.000297,0.000032,0.999275
70,45,00567,fog,1365,1,0.000020,0.999975,0.000005,L,0.999975,0.999955,0.000275,0.000030,0.999757
70,45,00567,fog,1366,1,0.000007,0.999992,0.000001,L,0.999992,0.999985,0.000098,0.000010,0.895632
70,45,00567,fog,1367,1,0.016246,0.979654,0.004101,L,0.979654,0.963408,0.099769,0.024447,0.218511
70,45,00567,fog,1368,1,0.005625,0.993488,0.000887,L,0.993488,0.987863,0.038106,0.007399,0.099025
70,45,00567,fog,105,0,0.006631,0.992589,0.000780,L,0.992589,0.985958,0.042075,0.008190,0.081339
70,45,00567,fog,746,0,0.034983,0.960771,0.004246,L,0.960771,0.925788,0.162871,0.043474,0.082019
70,45,00567,fog,1109,0,0.005722,0.993547,0.000731,L,0.993547,0.987826,0.037550,0.007183,0.078676
70,45,00567,fog,1376,0,0.004086,0.995301,0.000613,L,0.995301,0.991214,0.028852,0.005312,0.172280
70,45,00567,fog,823,0,0.021549,0.975101,0.003351,L,0.975101,0.953552,0.115030,0.028250,0.116606
70,45,00567,fog,498,0,0.001641,0.998177,0.000182,L,0.998177,0.996536,0.012663,0.002005,0.070571
70,45,00567,fog,549,0,0.019181,0.978328,0.002491,L,0.978328,0.959147,0.102134,0.024162,0.080767
70,45,00567,fog,1016,0,0.004864,0.994512,0.000624,L,0.994512,0.989648,0.032755,0.006113,0.062787
70,45,00567,fog,92,0,0.006082,0.993082,0.000836,L,0.993082,0.986999,0.039918,0.007755,0.145508
70,45,00567,fog,478,0,0.000780,0.999119,0.000101,L,0.999119,0.998338,0.006732,0.000983,0.086575
70,45,00567,fog,18,0,0.001652,0.998162,0.000186,L,0.998162,0.996509,0.012761,0.002025,0.086567
70,45,00567,fog,956,0,0.003622,0.995936,0.000442,L,0.995936,0.992314,0.025332,0.004507,0.108823
70,45,00567,fog,985,0,0.007617,0.991442,0.000942,L,0.991442,0.983825,0.047544,0.009500,0.131592
70,45,00567,fog,702,0,0.002981,0.996653,0.000366,L,0.996653,0.993673,0.021456,0.003713,0.142225
70,45,00567,fog,1039,0,0.009565,0.989081,0.001354,L,0.989081,0.979516,0.058508,0.012274,0.115308
70,45,00567,fog,912,0,0.017456,0.979124,0.003420,L,0.979124,0.961669,0.100797,0.024295,0.155332
70,45,00567,fog,1137,0,0.003627,0.995944,0.000429,L,0.995944,0.992317,0.025266,0.004486,0.115877
70,45,00567,fog,519,0,0.001604,0.998184,0.000213,L,0.998184,0.996580,0.012682,0.002029,0.143254
71,45,00613,fog,1181,1,0.010735,0.987648,0.001617,L,0.987648,0.976912,0.064942,0.013970,0.099669
71,45,00613,fog,1182,1,0.008048,0.990599,0.001353,L,0.990599,0.982551,0.051979,0.010754,0.139809
71,45,00613,fog,1183,1,0.003405,0.996028,0.000567,L,0.996028,0.992623,0.025077,0.004538,0.184108
71,45,00613,fog,1184,1,0.000458,0.999458,0.000083,L,0.999458,0.999000,0.004412,0.000625,0.328573
71,45,00613,fog,1185,1,0.001345,0.998426,0.000229,L,0.998426,0.997080,0.011275,0.001803,0.247077
71,45,00613,fog,1271,1,0.007598,0.991022,0.001380,L,0.991022,0.983425,0.050157,0.010358,0.221316
71,45,00613,fog,1272,1,0.010608,0.987354,0.002038,L,0.987354,0.976746,0.066829,0.014684,0.274811
71,45,00613,fog,1273,1,0.003482,0.995794,0.000724,L,0.995794,0.992312,0.026525,0.004930,0.324409
71,45,00613,fog,1274,1,0.000011,0.999987,0.000002,L,0.999987,0.999976,0.000152,0.000016,0.607095
71,45,00613,fog,1275,1,0.000003,0.999996,0.000001,L,0.999996,0.999993,0.000048,0.000005,0.664259
71,45,00613,fog,1276,1,0.001092,0.998672,0.000236,L,0.998672,0.997580,0.009783,0.001565,0.385491
71,45,00613,fog,1277,1,0.002252,0.997327,0.000421,L,0.997327,0.995076,0.017904,0.003094,0.194200
71,45,00613,fog,1278,1,0.002789,0.996808,0.000404,L,0.996808,0.994019,0.020705,0.003596,0.103845
71,45,00613,fog,1361,1,0.002277,0.997304,0.000419,L,0.997304,0.995028,0.018026,0.003114,0.305299
71,45,00613,fog,1362,1,0.003633,0.995571,0.000796,L,0.995571,0.991937,0.027772,0.005225,0.292515
71,45,00613,fog,1363,1,0.000074,0.999909,0.000017,L,0.999909,0.999835,0.000894,0.000108,0.549111
71,45,00613,fog,1364,1,0.000013,0.999984,0.000003,L,0.999984,0.999971,0.000183,0.000019,0.998754
71,45,00613,fog,1365,1,0.000013,0.999984,0.000003,L,0.999984,0.999972,0.000180,0.000019,0.999627
71,45,00613,fog,1366,1,0.000005,0.999994,0.000001,L,0.999994,0.999988,0.000079,0.000008,0.900877
71,45,00613,fog,1367,1,0.008851,0.988944,0.002205,L,0.988944,0.980093,0.060370,0.013261,0.216489
71,45,00613,fog,1368,1,0.012996,0.984901,0.002104,L,0.984901,0.971905,0.076818,0.017203,0.105530
71,45,00613,fog,935,0,0.003507,0.996040,0.000453,L,0.996040,0.992533,0.024819,0.004414,0.073453
71,45,00613,fog,995,0,0.035928,0.958326,0.005746,L,0.958326,0.922398,0.172893,0.047420,0.119215
71,45,00613,fog,389,0,0.003644,0.995945,0.000412,L,0.995945,0.992301,0.025228,0.004467,0.062183
71,45,00613,fog,858,0,0.009766,0.988924,0.001310,L,0.988924,0.979158,0.059089,0.012386,0.091039
71,45,00613,fog,1192,0,0.007037,0.992075,0.000888,L,0.992075,0.985038,0.044614,0.008813,0.079831
71,45,00613,fog,1102,0,0.005646,0.993690,0.000665,L,0.993690,0.988044,0.036755,0.006975,0.063168
71,45,00613,fog,756,0,0.007374,0.991725,0.000901,L,0.991725,0.984350,0.046209,0.009176,0.065420
71,45,00613,fog,939,0,0.006665,0.992541,0.000794,L,0.992541,0.985876,0.042324,0.008253,0.071650
71,45,00613,fog,1386,0,0.006114,0.993068,0.000818,L,0.993068,0.986954,0.039946,0.007749,0.130082
71,45,00613,fog,819,0,0.017175,0.980022,0.002803,L,0.980022,0.962847,0.096537,0.022782,0.140598
71,45,00613,fog,1212,0,0.014651,0.983225,0.002125,L,0.983225,0.968574,0.083363,0.018900,0.128740
71,45,00613,fog,1382,0,0.005807,0.993238,0.000955,L,0.993238,0.987431,0.039394,0.007717,0.164834
71,45,00613,fog,190,0,0.007138,0.991898,0.000964,L,0.991898,0.984760,0.045550,0.009066,0.109154
71,45,00613,fog,454,0,0.013159,0.984241,0.002599,L,0.984241,0.971082,0.080187,0.018358,0.242067
71,45,00613,fog,484,0,0.003306,0.996289,0.000405,L,0.996289,0.992984,0.023437,0.004115,0.067008
71,45,00613,fog,388,0,0.002312,0.997421,0.000267,L,0.997421,0.995109,0.017117,0.002846,0.060807
71,45,00613,fog,129,0,0.001909,0.997899,0.000193,L,0.997899,0.995990,0.014289,0.002294,0.088614
71,45,00613,fog,828,0,0.005609,0.993578,0.000814,L,0.993578,0.987969,0.037559,0.007236,0.075475
72,21,00197,rain,29,1,0.006810,0.992318,0.000871,L,0.992318,0.985508,0.043482,0.008553,0.126521
72,21,00197,rain,30,1,0.005569,0.993702,0.000729,L,0.993702,0.988133,0.036821,0.007028,0.149916
72,21,00197,rain,31,1,0.000365,0.999592,0.000043,L,0.999592,0.999227,0.003396,0.000451,0.211176
72,21,00197,rain,32,1,0.000001,0.999999,0.000000,L,0.999999,0.999998,0.000012,0.000001,0.539226
72,21,00197,rain,33,1,0.000000,1.000000,0.000000,L,1.000000,0.999999,0.000005,0.000000,0.565229
72,21,00197,rain,34,1,0.000015,0.999983,0.000002,L,0.999983,0.999968,0.000190,0.000019,0.354762
72,21,00197,rain,35,1,0.017545,0.980330,0.002125,L,0.980330,0.962785,0.094196,0.021795,0.112352
72,21,00197,rain,36,1,0.021378,0.975930,0.002692,L,0.975930,0.954552,0.110972,0.026762,0.125820
72,21,00197,rain,119,1,0.009973,0.988753,0.001275,L,0.988753,0.978780,0.059742,0.012522,0.119868
72,21,00197,rain,120,1,0.009389,0.989465,0.001146,L,0.989465,0.980076,0.056498,0.011681,0.121538
72,21,00197,rain,121,1,0.008896,0.990073,0.001031,L,0.990073,0.981177,0.053680,0.010957,0.126519
72,21,00197,rain,122,1,0.000015,0.999983,0.000002,L,0.999983,0.999968,0.000188,0.000018,0.312735
72,21,00197,rain,123,1,0.000003,0.999996,0.000000,L,0.999996,0.999993,0.000045,0.000004,0.373878
72,21,00197,rain,124,1,0.000812,0.999094,0.000094,L,0.999094,0.998282,0.006878,0.001000,0.136964
72,21,00197,rain,210,1,0.005076,0.994280,0.000645,L,0.994280,0.989204,0.033913,0.006365,0.135827
72,21,00197,rain,211,1,0.039556,0.955414,0.005030,L,0.955414,0.915858,0.180196,0.049616,0.123287
72,21,00197,rain,212,1,0.026141,0.970480,0.003379,L,0.970480,0.944339,0.130684,0.032899,0.128328
72,21,00197,rain,213,1,0.016331,0.981714,0.001954,L,0.981714,0.965383,0.088754,0.020240,0.115374
72,21,00197,rain,301,1,0.019223,0.978194,0.002582,L,0.978194,0.958971,0.102782,0.024388,0.123922
72,21,00197,rain,302,1,0.040506,0.954160,0.005334,L,0.954160,0.913653,0.184383,0.051175,0.120399
72,21,00197,rain,391,1,0.014113,0.983954,0.001933,L,0.983954,0.969841,0.080213,0.017978,0.127984
72,21,00197,rain,1036,0,0.004650,0.994732,0.000618,L,0.994732,0.990083,0.031670,0.005886,0.106254
72,21,00197,rain,1353,0,0.024388,0.972343,0.003269,L,0.972343,0.947955,0.124293,0.030926,0.136086
72,21,00197,rain,1333,0,0.004472,0.994961,0.000567,L,0.994961,0.990490,0.030453,0.005606,0.110754
72,21,00197,rain,157,0,0.001776,0.998007,0.000217,L,0.998007,0.996231,0.013716,0.002210,0.104595
72,21,00197,rain,220,0,0.008523,0.990378,0.001099,L,0.990378,0.981855,0.052499,0.010721,0.135420
72,21,00197,rain,310,0,0.005088,0.994282,0.000631,L,0.994282,0.989194,0.033876,0.006349,0.127492
72,21,00197,rain,1201,0,0.016831,0.981123,0.002046,L,0.981123,0.964292,0.091129,0.020924,0.120416
72,21,00197,rain,663,0,0.006886,0.992191,0.000923,L,0.992191,0.985305,0.044156,0.008733,0.121021
72,21,00197,rain,873,0,0.008355,0.990602,0.001043,L,0.990602,0.982247,0.051424,0.010442,0.130051
72,21,00197,rain,754,0,0.002739,0.996935,0.000327,L,0.996935,0.994196,0.019881,0.003392,0.116518
72,21,00197,rain,1136,0,0.006305,0.992863,0.000832,L,0.992863,0.986558,0.040919,0.007969,0.133705
72,21,00197,rain,6,0,0.008916,0.989881,0.001202,L,0.989881,0.980965,0.054828,0.011321,0.146215
72,21,00197,rain,1019,0,0.003023,0.996567,0.000411,L,0.996567,0.993544,0.021997,0.003844,0.157665
72,21,00197,rain,1222,0,0.005023,0.994224,0.000754,L,0.994224,0.989201,0.034378,0.006530,0.143972
72,21,00197,rain,785,0,0.005326,0.994011,0.000662,L,0.994011,0.988685,0.035229,0.006651,0.134173
72,21,00197,rain,593,0,0.002169,0.997577,0.000254,L,0.997577,0.995408,0.016226,0.002677,0.076532
72,21,00197,rain,406,0,0.030307,0.965787,0.003905,L,0.965787,0.935480,0.146769,0.038118,0.119493
72,21,00197,rain,372,0,0.001341,0.998493,0.000166,L,0.998493,0.997152,0.010761,0.001673,0.122198
73,21,00256,rain,209,1,0.011084,0.987352,0.001564,L,0.987352,0.976268,0.066063,0.014213,0.134260
73,21,00256,rain,536,1,0.009239,0.989579,0.001182,L,0.989579,0.980340,0.056084,0.011604,0.126112
73,21,00256,rain,119,1,0.016781,0.980956,0.002264,L,0.980956,0.964175,0.092154,0.021308,0.123018
73,21,00256,rain,446,1,0.005252,0.994079,0.000669,L,0.994079,0.988826,0.034920,0.006590,0.134031
73,21,00256,rain,478,1,0.022096,0.975420,0.002484,L,0.975420,0.953323,0.112336,0.027064,0.098817
73,21,00256,rain,358,1,0.000000,1.000000,0.000000,L,1.000000,1.000000,0.000003,0.000000,0.484102
73,21,00256,rain,386,1,0.004139,0.995247,0.000615,L,0.995247,0.991108,0.029124,0.005368,0.154618
73,21,00256,rain,268,1,0.000378,0.999576,0.000046,L,0.999576,0.999197,0.003519,0.000471,0.144906
73,21,00256,rain,357,1,0.000036,0.999959,0.000004,L,0.999959,0.999923,0.000422,0.000045,0.214901
73,21,00256,rain,204,1,0.003985,0.995344,0.000671,L,0.995344,0.991358,0.028733,0.005327,0.280970
73,21,00256,rain,356,1,0.001716,0.998072,0.000212,L,0.998072,0.996356,0.013332,0.002140,0.140231
73,21,00256,rain,266,1,0.004677,0.994735,0.000588,L,0.994735,0.990058,0.031600,0.005853,0.133173
73,21,00256,rain,479,1,0.022914,0.974572,0.002514,L,0.974572,0.951659,0.115302,0.027941,0.088558
73,21,00256,rain,24,1,0.004327,0.995094,0.000579,L,0.995094,0.990767,0.029819,0.005484,0.145565
73,21,00256,rain,296,1,0.000001,0.999999,0.000000,L,0.999999,0.999998,0.000012,0.000001,0.540354
73,21,00256,rain,206,1,0.000003,0.999997,0.000000,L,0.999997,0.999994,0.000043,0.000004,0.457132
73,21,00256,rain,115,1,0.007397,0.991597,0.001006,L,0.991597,0.984200,0.046973,0.009409,0.135455
73,21,00256,rain,294,1,0.000159,0.999815,0.000026,L,0.999815,0.999656,0.001685,0.000211,0.420277
73,21,00256,rain,389,1,0.008530,0.990430,0.001040,L,0.990430,0.981900,0.052161,0.010610,0.115707
73,21,00256,rain,178,1,0.007738,0.991264,0.000997,L,0.991264,0.983526,0.048433,0.009733,0.135612
73,21,00256,rain,537,1,0.008288,0.990660,0.001052,L,0.990660,0.982372,0.051187,0.010392,0.123163
73,21,00256,rain,207,1,0.000067,0.999925,0.000009,L,0.999925,0.999858,0.000745,0.000084,0.233516
73,21,00256,rain,118,1,0.016675,0.981185,0.002139,L,0.981185,0.964510,0.091073,0.020954,0.116540
73,21,00256,rain,293,1,0.000672,0.999219,0.000109,L,0.999219,0.998546,0.006086,0.000890,0.321797
73,21,00256,rain,295,1,0.000012,0.999986,0.000002,L,0.999986,0.999975,0.000157,0.000016,0.489824
73,21,00256,rain,359,1,0.000000,1.000000,0.000000,L,1.000000,1.000000,0.000002,0.000000,0.485620
73,21,00256,rain,269,1,0.000059,0.999934,0.000007,L,0.999934,0.999875,0.000659,0.000073,0.196903
73,21,00256,rain,208,1,0.009101,0.989591,0.001309,L,0.989591,0.980490,0.056262,0.011718,0.150834
73,21,00256,rain,205,1,0.000033,0.999962,0.000005,L,0.999962,0.999929,0.000401,0.000043,0.388245
73,21,00256,rain,385,1,0.006538,0.992525,0.000936,L,0.992525,0.985987,0.042658,0.008411,0.167500
73,21,00256,rain,477,1,0.022365,0.974825,0.002809,L,0.974825,0.952460,0.115012,0.027984,0.120512
73,21,00256,rain,116,1,0.012203,0.986097,0.001700,L,0.986097,0.973894,0.071375,0.015603,0.136352
73,21,00256,rain,383,1,0.008043,0.990832,0.001125,L,0.990832,0.982789,0.050569,0.010293,0.177894
73,21,00256,rain,299,1,0.000278,0.999686,0.000037,L,0.999686,0.999408,0.002697,0.000351,0.164900
73,21,00256,rain,539,1,0.001930,0.997827,0.000242,L,0.997827,0.995897,0.014793,0.002415,0.115209
73,21,00256,rain,114,1,0.006001,0.993158,0.000840,L,0.993158,0.987157,0.039568,0.007682,0.162388
73,21,00256,rain,1333,0,0.004493,0.994940,0.000567,L,0.994940,0.990447,0.030555,0.005626,0.110748
73,21,00256,rain,546,0,0.006828,0.992350,0.000822,L,0.992350,0.985522,0.043242,0.008471,0.089904
73,21,00256,rain,173,0,0.002802,0.996843,0.000356,L,0.996843,0.994041,0.020429,0.003513,0.121730
73,21,00256,rain,1317,0,0.003480,0.996011,0.000509,L,0.996011,0.992531,0.025069,0.004498,0.170702
73,21,00256,rain,1363,0,0.006298,0.992759,0.000943,L,0.992759,0.986462,0.041596,0.008184,0.111486
73,21,00256,rain,1082,0,0.011532,0.986782,0.001686,L,0.986782,0.975251,0.068593,0.014904,0.104695
73,21,00256,rain,109,0,0.002958,0.996663,0.000379,L,0.996663,0.993705,0.021430,0.003716,0.113384
73,21,00256,rain,1052,0,0.008235,0.990822,0.000943,L,0.990822,0.982587,0.050272,0.010122,0.081722
73,21,00256,rain,624,0,0.001268,0.998576,0.000156,L,0.998576,0.997308,0.010239,0.001580,0.135205
73,21,00256,rain,419,0,0.002409,0.997295,0.000296,L,0.997295,0.994885,0.017868,0.003001,0.106195
73,21,00256,rain,1282,0,0.006533,0.992547,0.000920,L,0.992547,0.986014,0.042531,0.008373,0.123227
73,21,00256,rain,1308,0,0.004229,0.995125,0.000646,L,0.995125,0.990896,0.029786,0.005521,0.169251
73,21,00256,rain,1338,0,0.004528,0.994905,0.000567,L,0.994905,0.990377,0.030728,0.005661,0.110574
73,21,00256,rain,1087,0,0.021987,0.975047,0.002966,L,0.975047,0.953061,0.114538,0.027919,0.126333
73,21,00256,rain,1264,0,0.004350,0.995062,0.000588,L,0.995062,0.990713,0.029993,0.005525,0.155114
73,21,00256,rain,914,0,0.014185,0.983886,0.001929,L,0.983886,0.969701,0.080471,0.018043,0.076437
73,21,00256,rain,134,0,0.005033,0.994336,0.000631,L,0.994336,0.989303,0.033616,0.006295,0.147465
73,21,00256,rain,692,0,0.014912,0.983253,0.001836,L,0.983253,0.968341,0.082727,0.018583,0.111904
74,21,00462,rain,494,1,0.003174,0.996495,0.000331,L,0.996495,0.993321,0.022222,0.003837,0.073462
74,21,00462,rain,184,1,0.005601,0.993434,0.000965,L,0.993434,0.987833,0.038490,0.007532,0.347685
74,21,00462,rain,611,1,0.002193,0.997535,0.000272,L,0.997535,0.995343,0.016492,0.002736,0.107083
74,21,00462,rain,296,1,0.000001,0.999999,0.000000,L,0.999999,0.999999,0.000009,0.000001,0.550078
74,21,00462,rain,210,1,0.000471,0.999455,0.000074,L,0.999455,0.998984,0.004422,0.000619,0.325683
74,21,00462,rain,519,1,0.004838,0.994610,0.000552,L,0.994610,0.989772,0.032142,0.005943,0.101282
74,21,00462,rain,390,1,0.006903,0.991959,0.001137,L,0.991959,0.985056,0.045573,0.009178,0.278637
74,21,00462,rain,1325,1,0.003589,0.995748,0.000663,L,0.995748,0.992160,0.026670,0.004915,0.301500
74,21,00462,rain,382,1,0.008194,0.990755,0.001051,L,0.990755,0.982561,0.050769,0.010296,0.136504
74,21,00462,rain,523,1,0.001196,0.998656,0.000148,L,0.998656,0.997461,0.009733,0.001491,0.123376
74,21,00462,rain,307,1,0.000329,0.999632,0.000040,L,0.999632,0.999303,0.003102,0.000408,0.170364
74,21,00462,rain,217,1,0.002488,0.997228,0.000284,L,0.997228,0.994740,0.018209,0.003056,0.119670
74,21,00462,rain,134,1,0.005340,0.994023,0.000637,L,0.994023,0.988683,0.035126,0.006614,0.119707
74,21,00462,rain,116,1,0.023573,0.973528,0.002899,L,0.973528,0.949955,0.119608,0.029371,0.107323
74,21,00462,rain,292,1,0.008094,0.990656,0.001250,L,0.990656,0.982562,0.051557,0.010594,0.217994
74,21,00462,rain,431,1,0.000000,1.000000,0.000000,L,1.000000,0.999999,0.000005,0.000000,0.350962
74,21,00462,rain,387,1,0.001802,0.997955,0.000243,L,0.997955,0.996153,0.014067,0.002289,0.187446
74,21,00462,rain,224,1,0.008851,0.990024,0.001125,L,0.990024,0.981173,0.054074,0.011101,0.127452
74,21,00462,rain,452,1,0.038924,0.954670,0.006406,L,0.954670,0.915745,0.184774,0.051737,0.144147
74,21,00462,rain,364,1,0.000001,0.999998,0.000000,L,0.999998,0.999997,0.000023,0.000002,0.666171
74,21,00462,rain,95,1,0.023808,0.972916,0.003276,L,0.972916,0.949109,0.122376,0.030360,0.115814
74,21,00462,rain,1323,1,0.000371,0.999566,0.000063,L,0.999566,0.999194,0.003619,0.000497,0.326452
74,21,00462,rain,271,1,0.006667,0.992127,0.001206,L,0.992127,0.985459,0.044923,0.009079,0.258635
74,21,00462,rain,609,1,0.004018,0.995511,0.000471,L,0.995511,0.991493,0.027540,0.004960,0.101811
74,21,00462,rain,340,1,0.000016,0.999982,0.000002,L,0.999982,0.999966,0.000199,0.000019,0.161237
74,21,00462,rain,272,1,0.000705,0.999177,0.000117,L,0.999177,0.998472,0.006375,0.000940,0.425679
74,21,00462,rain,133,1,0.003599,0.995969,0.000432,L,0.995969,0.992369,0.025144,0.004463,0.127550
74,21,00462,rain,456,1,0.015008,0.982711,0.002281,L,0.982711,0.967703,0.085594,0.019570,0.118454
74,21,00462,rain,186,1,0.015389,0.981757,0.002854,L,0.981757,0.966367,0.090144,0.021097,0.246313
74,21,00462,rain,384,1,0.009360,0.989186,0.001454,L,0.989186,0.979827,0.058235,0.012268,0.189425
74,21,00462,rain,252,1,0.003207,0.996386,0.000407,L,0.996386,0.993179,0.022940,0.004022,0.123257
74,21,00462,rain,398,1,0.011004,0.987493,0.001503,L,0.987493,0.976490,0.065372,0.014009,0.150788
74,21,00462,rain,131,1,0.016213,0.981947,0.001839,L,0.981947,0.965734,0.087658,0.019892,0.123265
74,21,00462,rain,613,1,0.002208,0.997517,0.000275,L,0.997517,0.995309,0.016603,0.002759,0.112054
74,21,00462,rain,402,1,0.007884,0.991161,0.000955,L,0.991161,0.983277,0.048807,0.009793,0.114684
74,21,00462,rain,1415,1,0.000006,0.999993,0.000001,L,0.999993,0.999986,0.000088,0.000008,0.535420
74,21,00462,rain,981,0,0.007480,0.991428,0.001092,L,0.991428,0.983947,0.047880,0.009664,0.152695
74,21,00462,rain,60,0,0.011561,0.986441,0.001998,L,0.986441,0.974881,0.070497,0.015557,0.271630
74,21,00462,rain,1269,0,0.001478,0.998329,0.000193,L,0.998329,0.996851,0.011788,0.001864,0.125153
74,21,00462,rain,1276,0,0.006278,0.992914,0.000808,L,0.992914,0.986635,0.040642,0.007894,0.074781
74,21,00462,rain,1000,0,0.018746,0.978408,0.002846,L,0.978408,0.959663,0.102481,0.024437,0.128029
74,21,00462,rain,375,0,0.016993,0.980957,0.002050,L,0.980957,0.963965,0.091748,0.021093,0.089444
74,21,00462,rain,422,0,0.004673,0.994683,0.000643,L,0.994683,0.990010,0.031956,0.005960,0.118834
74,21,00462,rain,841,0,0.005577,0.993766,0.000657,L,0.993766,0.988189,0.036382,0.006891,0.075269
74,21,00462,rain,1018,0,0.008749,0.989994,0.001257,L,0.989994,0.981245,0.054444,0.011264,0.075501
74,21,00462,rain,282,0,0.024733,0.971388,0.003879,L,0.971388,0.946654,0.128561,0.032491,0.122900
74,21,00462,rain,734,0,0.017323,0.980638,0.002039,L,0.980638,0.963315,0.092899,0.021400,0.087100
74,21,00462,rain,1140,0,0.005915,0.993340,0.000745,L,0.993340,0.987425,0.038546,0.007405,0.108362
74,21,00462,rain,1275,0,0.012361,0.986075,0.001564,L,0.986075,0.973713,0.071216,0.015490,0.089352
74,21,00462,rain,872,0,0.007041,0.992137,0.000822,L,0.992137,0.985096,0.044207,0.008685,0.095343
74,21,00462,rain,1029,0,0.007761,0.991295,0.000944,L,0.991295,0.983534,0.048195,0.009648,0.155153
74,21,00462,rain,102,0,0.012708,0.985325,0.001967,L,0.985325,0.972618,0.074913,0.016642,0.155093
74,21,00462,rain,68,0,0.005205,0.994198,0.000596,L,0.994198,0.988993,0.034209,0.006398,0.114057
74,21,00462,rain,317,0,0.002928,0.996747,0.000324,L,0.996747,0.993819,0.020876,0.003577,0.080302
75,21,00520,rain,116,1,0.021726,0.975543,0.002730,L,0.975543,0.953817,0.112386,0.027187,0.115146
75,21,00520,rain,392,1,0.000015,0.999983,0.000002,L,0.999983,0.999969,0.000187,0.000018,0.313147
75,21,00520,rain,360,1,0.001482,0.998304,0.000214,L,0.998304,0.996821,0.011977,0.001910,0.193040
75,21,00520,rain,569,1,0.030392,0.965847,0.003761,L,0.965847,0.935454,0.146312,0.037915,0.087127
75,21,00520,rain,248,1,0.000726,0.999186,0.000088,L,0.999186,0.998461,0.006265,0.000902,0.137222
75,21,00520,rain,383,1,0.005944,0.993125,0.000931,L,0.993125,0.987182,0.039880,0.007806,0.348038
75,21,00520,rain,115,1,0.029026,0.966843,0.004131,L,0.966843,0.937817,0.143833,0.037288,0.152319
75,21,00520,rain,180,1,0.000959,0.998920,0.000121,L,0.998920,0.997961,0.008044,0.001202,0.160384
75,21,00520,rain,574,1,0.006315,0.992902,0.000783,L,0.992902,0.986586,0.040651,0.007881,0.076026
75,21,00520,rain,215,1,0.012223,0.986342,0.001435,L,0.986342,0.974119,0.069901,0.015093,0.108413
75,21,00520,rain,431,1,0.003543,0.996009,0.000448,L,0.996009,0.992465,0.024971,0.004440,0.109547
75,21,00520,rain,304,1,0.006353,0.992842,0.000805,L,0.992842,0.986489,0.040967,0.007963,0.098312
75,21,00520,rain,362,1,0.000029,0.999966,0.000005,L,0.999966,0.999938,0.000359,0.000038,0.481234
75,21,00520,rain,516,1,0.007980,0.990992,0.001028,L,0.990992,0.983011,0.049692,0.010037,0.130378
75,21,00520,rain,390,1,0.001751,0.997995,0.000253,L,0.997995,0.996244,0.013852,0.002258,0.180672
75,21,00520,rain,298,1,0.000186,0.999782,0.000032,L,0.999782,0.999596,0.001954,0.000250,0.368739
75,21,00520,rain,297,1,0.000231,0.999727,0.000042,L,0.999727,0.999495,0.002396,0.000315,0.387832
75,21,00520,rain,366,1,0.005894,0.993070,0.001036,L,0.993070,0.987177,0.040307,0.007966,0.185300
75,21,00520,rain,250,1,0.008834,0.990046,0.001121,L,0.990046,0.981212,0.053972,0.011075,0.124425
75,21,00520,rain,518,1,0.002107,0.997629,0.000264,L,0.997629,0.995522,0.015951,0.002634,0.122189
75,21,00520,rain,456,1,0.004348,0.994990,0.000662,L,0.994990,0.990641,0.030484,0.005672,0.134235
75,21,00520,rain,382,1,0.010968,0.987226,0.001806,L,0.987226,0.976258,0.066988,0.014579,0.302130
75,21,00520,rain,427,1,0.000002,0.999998,0.000000,L,0.999998,0.999996,0.000027,0.000002,0.364003
75,21,00520,rain,181,1,0.008932,0.989883,0.001184,L,0.989883,0.980951,0.054786,0.011301,0.150071
75,21,00520,rain,455,1,0.001795,0.997928,0.000276,L,0.997928,0.996133,0.014278,0.002348,0.167704
75,21,00520,rain,475,1,0.022381,0.974662,0.002957,L,0.974662,0.952281,0.115847,0.028295,0.126547
75,21,00520,rain,519,1,0.005578,0.993714,0.000708,L,0.993714,0.988136,0.036722,0.006993,0.120831
75,21,00520,rain,520,1,0.001769,0.998010,0.000221,L,0.998010,0.996242,0.013704,0.002210,0.117019
75,21,00520,rain,386,1,0.002708,0.996820,0.000472,L,0.996820,0.994112,0.020750,0.003652,0.355961
75,21,00520,rain,210,1,0.010911,0.987347,0.001742,L,0.987347,0.976436,0.066388,0.014395,0.195715
75,21,00520,rain,183,1,0.017853,0.978913,0.003235,L,0.978913,0.961060,0.101290,0.024322,0.256294
75,21,00520,rain,118,1,0.009448,0.989404,0.001148,L,0.989404,0.979956,0.056761,0.011744,0.119016
75,21,00520,rain,295,1,0.000000,1.000000,0.000000,L,1.000000,1.000000,0.000002,0.000000,0.886761
75,21,00520,rain,521,1,0.002252,0.997465,0.000283,L,0.997465,0.995213,0.016905,0.002818,0.111867
75,21,00520,rain,203,1,0.025622,0.970161,0.004218,L,0.970161,0.944539,0.133204,0.034057,0.302230
75,21,00520,rain,246,1,0.003414,0.996156,0.000430,L,0.996156,0.992743,0.024175,0.004274,0.129982
75,21,00520,rain,781,0,0.003207,0.996365,0.000428,L,0.996365,0.993158,0.023085,0.004062,0.106926
75,21,00520,rain,772,0,0.003664,0.995834,0.000502,L,0.995834,0.992171,0.025960,0.004668,0.115748
75,21,00520,rain,1205,0,0.003545,0.995977,0.000477,L,0.995977,0.992432,0.025186,0.004500,0.098296
75,21,00520,rain,146,0,0.007441,0.991755,0.000805,L,0.991755,0.984314,0.045885,0.009050,0.096824
75,21,00520,rain,1079,0,0.004252,0.995159,0.000589,L,0.995159,0.990907,0.029517,0.005430,0.144561
75,21,00520,rain,287,0,0.012430,0.985788,0.001782,L,0.985788,0.973358,0.072756,0.015994,0.150883
75,21,00520,rain,722,0,0.046685,0.947317,0.005998,L,0.947317,0.900632,0.204820,0.058682,0.097088
75,21,00520,rain,108,0,0.010622,0.988055,0.001323,L,0.988055,0.977433,0.062733,0.013269,0.125230
75,21,00520,rain,850,0,0.003754,0.995824,0.000422,L,0.995824,0.992071,0.025862,0.004598,0.082714
75,21,00520,rain,1032,0,0.006401,0.992849,0.000750,L,0.992849,0.986447,0.040831,0.007901,0.084620
75,21,00520,rain,870,0,0.003873,0.995618,0.000509,L,0.995618,0.991745,0.027071,0.004890,0.093640
75,21,00520,rain,36,0,0.005586,0.993773,0.000642,L,0.993773,0.988187,0.036319,0.006869,0.101373
75,21,00520,rain,156,0,0.002814,0.996832,0.000353,L,0.996832,0.994018,0.020479,0.003521,0.125986
75,21,00520,rain,763,0,0.001887,0.997903,0.000210,L,0.997903,0.996017,0.014296,0.002306,0.081994
75,21,00520,rain,1036,0,0.006102,0.993027,0.000871,L,0.993027,0.986925,0.040233,0.007844,0.143880
75,21,00520,rain,254,0,0.001943,0.997816,0.000241,L,0.997816,0.995874,0.014854,0.002425,0.128808
75,21,00520,rain,577,0,0.039996,0.954879,0.005125,L,0.954879,0.914883,0.181922,0.050246,0.120040
75,21,00520,rain,1171,0,0.003212,0.996303,0.000485,L,0.996303,0.993090,0.023514,0.004182,0.124990
76,21,00577,rain,299,1,0.000001,0.999999,0.000000,L,0.999999,0.999998,0.000012,0.000001,0.652707
76,21,00577,rain,466,1,0.017066,0.980527,0.002407,L,0.980527,0.963461,0.093997,0.021880,0.117494
76,21,00577,rain,1224,1,0.025520,0.971297,0.003183,L,0.971297,0.945777,0.127618,0.031886,0.105379
76,21,00577,rain,291,1,0.000009,0.999989,0.000001,L,0.999989,0.999980,0.000124,0.000012,0.411824
76,21,00577,rain,112,1,0.013527,0.984693,0.001780,L,0.984693,0.971166,0.077067,0.017087,0.123337
76,21,00577,rain,493,1,0.007616,0.991418,0.000966,L,0.991418,0.983803,0.047694,0.009548,0.091088
76,21,00577,rain,461,1,0.023390,0.973373,0.003237,L,0.973373,0.949983,0.120760,0.029865,0.119253
76,21,00577,rain,286,1,0.005284,0.993980,0.000736,L,0.993980,0.988696,0.035512,0.006755,0.150171
76,21,00577,rain,274,1,0.000000,1.000000,0.000000,L,1.000000,1.000000,0.000004,0.000000,0.860903
76,21,00577,rain,1402,1,0.001994,0.997750,0.000256,L,0.997750,0.995756,0.015260,0.002507,0.126020
76,21,00577,rain,290,1,0.000020,0.999977,0.000003,L,0.999977,0.999957,0.000253,0.000026,0.438950
76,21,00577,rain,375,1,0.008239,0.990603,0.001158,L,0.990603,0.982364,0.051630,0.010556,0.127867
76,21,00577,rain,225,1,0.015596,0.982565,0.001839,L,0.982565,0.966969,0.085341,0.019274,0.117520
76,21,00577,rain,213,1,0.006064,0.993071,0.000865,L,0.993071,0.987007,0.040019,0.007794,0.150798
76,21,00577,rain,224,1,0.013520,0.984780,0.001700,L,0.984780,0.971260,0.076577,0.016920,0.142100
76,21,00577,rain,92,1,0.013503,0.984775,0.001722,L,0.984775,0.971271,0.076641,0.016948,0.124689
76,21,00577,rain,312,1,0.000033,0.999963,0.000004,L,0.999963,0.999930,0.000393,0.000042,0.408669
76,21,00577,rain,294,1,0.000483,0.999443,0.000074,L,0.999443,0.998961,0.004504,0.000631,0.345285
76,21,00577,rain,573,1,0.003900,0.995637,0.000463,L,0.995637,0.991737,0.026888,0.004826,0.064708
76,21,00577,rain,490,1,0.012196,0.986356,0.001449,L,0.986356,0.974160,0.069873,0.015093,0.106623
76,21,00577,rain,1325,1,0.000703,0.999189,0.000108,L,0.999189,0.998486,0.006283,0.000919,0.218361
76,21,00577,rain,1395,1,0.000057,0.999935,0.000008,L,0.999935,0.999877,0.000651,0.000073,0.241519
76,21,00577,rain,379,1,0.008202,0.990538,0.001260,L,0.990538,0.982337,0.052088,0.010721,0.158652
76,21,00577,rain,1313,1,0.009122,0.989772,0.001106,L,0.989772,0.980650,0.055116,0.011334,0.106391
76,21,00577,rain,285,1,0.001946,0.997805,0.000248,L,0.997805,0.995859,0.014931,0.002443,0.126151
76,21,00577,rain,1413,1,0.000000,1.000000,0.000000,L,1.000000,1.000000,0.000002,0.000000,0.539877
76,21,00577,rain,314,1,0.009485,0.989500,0.001015,L,0.989500,0.980015,0.056091,0.011515,0.104170
76,21,00577,rain,567,1,0.034563,0.959302,0.006135,L,0.959302,0.924740,0.170589,0.046833,0.160114
76,21,00577,rain,221,1,0.000242,0.999732,0.000027,L,0.999732,0.999490,0.002330,0.000295,0.132745
76,21,00577,rain,368,1,0.005902,0.993167,0.000931,L,0.993167,0.987265,0.039684,0.007764,0.169820
76,21,00577,rain,275,1,0.000013,0.999985,0.000002,L,0.999985,0.999972,0.000170,0.000017,0.370533
76,21,00577,rain,460,1,0.020824,0.976229,0.002947,L,0.976229,0.955405,0.110395,0.026718,0.119974
76,21,00577,rain,1406,1,0.000801,0.999045,0.000154,L,0.999045,0.998244,0.007296,0.001109,0.311130
76,21,00577,rain,470,1,0.016971,0.980696,0.002333,L,0.980696,0.963725,0.093238,0.021636,0.123563
76,21,00577,rain,129,1,0.009998,0.988828,0.001173,L,0.988828,0.978830,0.059230,0.012345,0.101667
76,21,00577,rain,1403,1,0.001017,0.998856,0.000126,L,0.998856,0.997839,0.008453,0.001270,0.118509
76,21,00577,rain,707,0,0.001801,0.997985,0.000214,L,0.997985,0.996183,0.013841,0.002230,0.086573
76,21,00577,rain,970,0,0.007344,0.991613,0.001042,L,0.991613,0.984269,0.046967,0.009429,0.126056
76,21,00577,rain,812,0,0.009553,0.989048,0.001399,L,0.989048,0.979496,0.058725,0.012351,0.085745
76,21,00577,rain,546,0,0.040301,0.954182,0.005517,L,0.954182,0.913881,0.184651,0.051334,0.101409
76,21,00577,rain,816,0,0.002453,0.997237,0.000310,L,0.997237,0.994785,0.018211,0.003073,0.103879
76,21,00577,rain,238,0,0.005369,0.994051,0.000580,L,0.994051,0.988682,0.034878,0.006529,0.115625
76,21,00577,rain,899,0,0.004822,0.994580,0.000598,L,0.994580,0.989758,0.032374,0.006018,0.133206
76,21,00577,rain,724,0,0.018992,0.978658,0.002350,L,0.978658,0.959665,0.100689,0.023692,0.081218
76,21,00577,rain,545,0,0.029317,0.966680,0.004003,L,0.966680,0.937363,0.144122,0.037323,0.111383
76,21,00577,rain,1371,0,0.005992,0.993227,0.000781,L,0.993227,0.987235,0.039143,0.007555,0.132413
76,21,00577,rain,1168,0,0.006734,0.992271,0.000995,L,0.992271,0.985537,0.043919,0.008724,0.133353
76,21,00577,rain,914,0,0.002324,0.997389,0.000287,L,0.997389,0.995065,0.017332,0.002898,0.112857
76,21,00577,rain,742,0,0.001987,0.997782,0.000231,L,0.997782,0.995795,0.015030,0.002449,0.061533
76,21,00577,rain,618,0,0.001794,0.997965,0.000240,L,0.997965,0.996171,0.014000,0.002275,0.149572
76,21,00577,rain,134,0,0.006131,0.993190,0.000679,L,0.993190,0.987058,0.039118,0.007489,0.107579
76,21,00577,rain,590,0,0.003873,0.995662,0.000465,L,0.995662,0.991788,0.026768,0.004803,0.100440
76,21,00577,rain,1196,0,0.019178,0.978506,0.002317,L,0.978506,0.959328,0.101170,0.023811,0.093163
76,21,00577,rain,1153,0,0.006863,0.992314,0.000823,L,0.992314,0.985451,0.043409,0.008509,0.103671
77,23,00184,rain,932,1,0.010999,0.987436,0.001564,L,0.987436,0.976437,0.065716,0.014128,0.136315
77,23,00184,rain,1135,1,0.002294,0.997400,0.000306,L,0.997400,0.995105,0.017310,0.002906,0.183614
77,23,00184,rain,1286,1,0.015703,0.982186,0.002111,L,0.982186,0.966484,0.087280,0.019925,0.132126
77,23,00184,rain,789,1,0.000407,0.999528,0.000065,L,0.999528,0.999120,0.003895,0.000537,0.359055
77,23,00184,rain,790,1,0.000003,0.999997,0.000000,L,0.999997,0.999994,0.000039,0.000004,0.570027
77,23,00184,rain,1141,1,0.000020,0.999977,0.000003,L,0.999977,0.999957,0.000252,0.000026,0.457609
77,23,00184,rain,882,1,0.011991,0.986453,0.001556,L,0.986453,0.974463,0.069685,0.015102,0.120695
77,23,00184,rain,1046,1,0.004742,0.994521,0.000736,L,0.994521,0.989779,0.032906,0.006215,0.233708
77,23,00184,rain,517,1,0.012672,0.985584,0.001745,L,0.985584,0.972912,0.073498,0.016161,0.130633
77,23,00184,rain,787,1,0.000821,0.999077,0.000102,L,0.999077,0.998256,0.007006,0.001026,0.217476
77,23,00184,rain,702,1,0.000960,0.998909,0.000131,L,0.998909,0.997949,0.008131,0.001222,0.173383
77,23,00184,rain,1016,1,0.004833,0.994421,0.000746,L,0.994421,0.989588,0.033413,0.006325,0.173834
77,23,00184,rain,1110,1,0.000000,1.000000,0.000000,L,1.000000,1.000000,0.000001,0.000000,0.937535
77,23,00184,rain,699,1,0.000007,0.999992,0.000001,L,0.999992,0.999984,0.000100,0.000009,0.525731
77,23,00184,rain,613,1,0.005388,0.994003,0.000609,L,0.994003,0.988614,0.035165,0.006606,0.076532
77,23,00184,rain,1018,1,0.011073,0.987113,0.001814,L,0.987113,0.976041,0.067464,0.014701,0.304601
77,23,00184,rain,610,1,0.004610,0.994524,0.000866,L,0.994524,0.989913,0.033105,0.006342,0.249817
77,23,00184,rain,956,1,0.007458,0.991386,0.001156,L,0.991386,0.983928,0.048178,0.009770,0.242753
77,23,00184,rain,794,1,0.004942,0.994436,0.000621,L,0.994436,0.989494,0.033114,0.006185,0.092784
77,23,00184,rain,792,1,0.004571,0.994749,0.000680,L,0.994749,0.990178,0.031702,0.005932,0.168730
77,23,00184,rain,1232,1,0.013455,0.984804,0.001740,L,0.984804,0.971349,0.076558,0.016936,0.146234
77,23,00184,rain,1292,1,0.005658,0.993534,0.000808,L,0.993534,0.987876,0.037753,0.007274,0.188194
77,23,00184,rain,614,1,0.004316,0.995076,0.000608,L,0.995076,0.990760,0.029962,0.005532,0.112068
77,23,00184,rain,931,1,0.011327,0.987044,0.001630,L,0.987044,0.975717,0.067434,0.014586,0.164570
77,23,00184,rain,1137,1,0.001850,0.997870,0.000280,L,0.997870,0.996021,0.014616,0.002410,0.240777
77,23,00184,rain,1048,1,0.000000,1.000000,0.000000,L,1.000000,1.000000,0.000004,0.000000,0.608452
77,23,00184,rain,1291,1,0.008137,0.990704,0.001160,L,0.990704,0.982567,0.051192,0.010456,0.174053
77,23,00184,rain,607,1,0.003235,0.996342,0.000424,L,0.996342,0.993107,0.023200,0.004082,0.168586
77,23,00184,rain,1201,1,0.014285,0.983255,0.002461,L,0.983255,0.968970,0.083811,0.019206,0.265293
77,23,00184,rain,958,1,0.012056,0.986064,0.001880,L,0.986064,0.974008,0.071823,0.015817,0.276446
77,23,00184,rain,1047,1,0.000804,0.999068,0.000128,L,0.999068,0.998264,0.007109,0.001060,0.312105
77,23,00184,rain,612,1,0.017313,0.980564,0.002123,L,0.980564,0.963250,0.093338,0.021560,0.119092
77,23,00184,rain,1045,1,0.000867,0.999029,0.000104,L,0.999029,0.998162,0.007317,0.001075,0.164179
77,23,00184,rain,793,1,0.006549,0.992671,0.000780,L,0.992671,0.986121,0.041705,0.008110,0.089280
77,23,00184,rain,1138,1,0.000002,0.999998,0.000000,L,0.999998,0.999996,0.000027,0.000002,0.536448
77,23,00184,rain,1287,1,0.007074,0.991914,0.001012,L,0.991914,0.984840,0.045564,0.009098,0.169378
77,23,00184,rain,1118,0,0.007267,0.991838,0.000895,L,0.991838,0.984571,0.045690,0.009057,0.104258
77,23,00184,rain,842,0,0.009122,0.989703,0.001174,L,0.989703,0.980581,0.055538,0.011471,0.094604
77,23,00184,rain,690,0,0.004083,0.995431,0.000485,L,0.995431,0.991348,0.027965,0.005054,0.089600
77,23,00184,rain,354,0,0.001437,0.998393,0.000170,L,0.998393,0.996956,0.011367,0.001777,0.148938
77,23,00184,rain,639,0,0.021685,0.975380,0.002936,L,0.975380,0.953695,0.113333,0.027556,0.099662
77,23,00184,rain,231,0,0.013292,0.985237,0.001471,L,0.985237,0.971945,0.074343,0.016233,0.115332
77,23,00184,rain,1341,0,0.004540,0.994894,0.000567,L,0.994894,0.990354,0.030785,0.005673,0.110544
77,23,00184,rain,495,0,0.022948,0.974063,0.002988,L,0.974063,0.951115,0.117956,0.028925,0.123597
77,23,00184,rain,458,0,0.014264,0.983739,0.001997,L,0.983739,0.969475,0.081161,0.018258,0.099119
77,23,00184,rain,281,0,0.004922,0.994465,0.000613,L,0.994465,0.989543,0.032959,0.006148,0.086702
77,23,00184,rain,390,0,0.006037,0.993241,0.000722,L,0.993241,0.987204,0.038964,0.007481,0.074632
77,23,00184,rain,585,0,0.020178,0.977238,0.002584,L,0.977238,0.957060,0.106186,0.025347,0.128548
77,23,00184,rain,473,0,0.002681,0.996969,0.000350,L,0.996969,0.994289,0.019739,0.003381,0.076799
77,23,00184,rain,1096,0,0.006902,0.992253,0.000844,L,0.992253,0.985351,0.043725,0.008591,0.077811
77,23,00184,rain,66,0,0.006396,0.992839,0.000764,L,0.992839,0.986443,0.040902,0.007925,0.103941
77,23,00184,rain,340,0,0.004106,0.995397,0.000497,L,0.995397,0.991291,0.028161,0.005101,0.086036
77,23,00184,rain,296,0,0.006634,0.992500,0.000866,L,0.992500,0.985866,0.042645,0.008366,0.079695
77,23,00184,rain,968,0,0.028287,0.968119,0.003594,L,0.968119,0.939832,0.138766,0.035475,0.136416
78,23,00241,rain,1011,1,0.000000,1.000000,0.000000,L,1.000000,1.000000,0.000001,0.000000,0.750932
78,23,00241,rain,1193,1,0.010108,0.988596,0.001296,L,0.988596,0.978489,0.060434,0.012700,0.126209
78,23,00241,rain,937,1,0.013965,0.984347,0.001688,L,0.984347,0.970382,0.078237,0.017341,0.116487
78,23,00241,rain,1102,1,0.017309,0.979308,0.003382,L,0.979308,0.961999,0.100067,0.024074,0.267139
78,23,00241,rain,828,1,0.008800,0.989993,0.001207,L,0.989993,0.981193,0.054357,0.011214,0.126498
78,23,00241,rain,876,1,0.007362,0.991756,0.000882,L,0.991756,0.984394,0.046034,0.009127,0.094961
78,23,00241,rain,608,1,0.004171,0.995279,0.000550,L,0.995279,0.991107,0.028851,0.005272,0.109323
78,23,00241,rain,853,1,0.002675,0.996946,0.000379,L,0.996946,0.994271,0.019919,0.003433,0.157652
78,23,00241,rain,758,1,0.002790,0.996762,0.000448,L,0.996762,0.993972,0.021027,0.003687,0.286723
78,23,00241,rain,942,1,0.013592,0.984336,0.002072,L,0.984336,0.970743,0.078978,0.017736,0.184600
78,23,00241,rain,609,1,0.002777,0.996885,0.000338,L,0.996885,0.994108,0.020167,0.003452,0.082153
78,23,00241,rain,877,1,0.013395,0.985064,0.001541,L,0.985064,0.971669,0.075161,0.016477,0.086624
78,23,00241,rain,1189,1,0.005396,0.993845,0.000759,L,0.993845,0.988449,0.036199,0.006914,0.147888
78,23,00241,rain,698,1,0.004168,0.995291,0.000541,L,0.995291,0.991122,0.028775,0.005251,0.102079
78,23,00241,rain,667,1,0.005568,0.993565,0.000867,L,0.993565,0.987996,0.037713,0.007303,0.188174
78,23,00241,rain,1012,1,0.000000,1.000000,0.000000,L,1.000000,0.999999,0.000007,0.000001,0.672938
78,23,00241,rain,852,1,0.001349,0.998410,0.000241,L,0.998410,0.997061,0.011388,0.001831,0.302338
78,23,00241,rain,784,1,0.006249,0.992877,0.000875,L,0.992877,0.986628,0.040935,0.007998,0.151223
78,23,00241,rain,761,1,0.000000,1.000000,0.000000,L,1.000000,1.000000,0.000001,0.000000,0.820708
78,23,00241,rain,940,1,0.014289,0.983617,0.002094,L,0.983617,0.969329,0.081801,0.018477,0.176483
78,23,00241,rain,939,1,0.015330,0.982593,0.002078,L,0.982593,0.967263,0.085685,0.019485,0.150686
78,23,00241,rain,607,1,0.000330,0.999629,0.000041,L,0.999629,0.999299,0.003123,0.000412,0.172657
78,23,00241,rain,518,1,0.007577,0.991557,0.000866,L,0.991557,0.983980,0.046885,0.009309,0.089817
78,23,00241,rain,699,1,0.003795,0.995724,0.000481,L,0.995724,0.991929,0.026485,0.004757,0.086997
78,23,00241,rain,849,1,0.001022,0.998813,0.000165,L,0.998813,0.997791,0.008792,0.001351,0.310055
78,23,00241,rain,673,1,0.003262,0.996102,0.000636,L,0.996102,0.992840,0.024803,0.004534,0.266401
78,23,00241,rain,1014,1,0.005940,0.992879,0.001181,L,0.992879,0.986939,0.041421,0.008302,0.199989
78,23,00241,rain,517,1,0.004431,0.995065,0.000504,L,0.995065,0.990635,0.029820,0.005439,0.110141
78,23,00241,rain,762,1,0.000001,0.999999,0.000000,L,0.999999,0.999998,0.000013,0.000001,0.677959
78,23,00241,rain,606,1,0.000045,0.999949,0.000006,L,0.999949,0.999904,0.000519,0.000056,0.321428
78,23,00241,rain,1013,1,0.001110,0.998659,0.000231,L,0.998659,0.997549,0.009851,0.001571,0.352596
78,23,00241,rain,1190,1,0.013343,0.984811,0.001846,L,0.984811,0.971467,0.076726,0.017035,0.130568
78,23,00241,rain,514,1,0.004110,0.995346,0.000544,L,0.995346,0.991237,0.028502,0.005198,0.157071
78,23,00241,rain,873,1,0.015211,0.982623,0.002166,L,0.982623,0.967412,0.085730,0.019544,0.130599
78,23,00241,rain,1008,1,0.003824,0.995598,0.000578,L,0.995598,0.991774,0.027297,0.004980,0.163592
78,23,00241,rain,919,1,0.008872,0.989628,0.001501,L,0.989628,0.980756,0.056429,0.011873,0.222392
78,23,00241,rain,479,0,0.008942,0.989960,0.001097,L,0.989960,0.981018,0.054293,0.011137,0.104817
78,23,00241,rain,373,0,0.011104,0.986915,0.001981,L,0.986915,0.975810,0.068545,0.015066,0.194965
78,23,00241,rain,1401,0,0.005869,0.993351,0.000780,L,0.993351,0.987482,0.038560,0.007429,0.104240
78,23,00241,rain,799,0,0.001693,0.998096,0.000211,L,0.998096,0.996403,0.013190,0.002115,0.122662
78,23,00241,rain,455,0,0.011902,0.986614,0.001484,L,0.986614,0.974712,0.068906,0.014870,0.098377
78,23,00241,rain,1177,0,0.014372,0.983294,0.002334,L,0.983294,0.968922,0.083455,0.019041,0.148071
78,23,00241,rain,808,0,0.002062,0.997670,0.000268,L,0.997670,0.995607,0.015734,0.002598,0.150546
78,23,00241,rain,47,0,0.010428,0.988331,0.001241,L,0.988331,0.977902,0.061435,0.012910,0.096851
78,23,00241,rain,444,0,0.001775,0.998003,0.000222,L,0.998003,0.996228,0.013751,0.002219,0.114761
78,23,00241,rain,449,0,0.001259,0.998585,0.000156,L,0.998585,0.997326,0.010185,0.001571,0.121796
78,23,00241,rain,307,0,0.008187,0.990835,0.000978,L,0.990835,0.982648,0.050280,0.010142,0.110211
78,23,00241,rain,635,0,0.033013,0.962586,0.004401,L,0.962586,0.929573,0.157640,0.041814,0.087683
78,23,00241,rain,367,0,0.026073,0.970456,0.003471,L,0.970456,0.944383,0.130933,0.033015,0.117506
78,23,00241,rain,316,0,0.009163,0.989671,0.001166,L,0.989671,0.980509,0.055659,0.011495,0.118939
78,23,00241,rain,92,0,0.014113,0.983980,0.001907,L,0.983980,0.969867,0.080069,0.017928,0.138177
78,23,00241,rain,62,0,0.013208,0.985154,0.001638,L,0.985154,0.971947,0.074994,0.016483,0.119269
78,23,00241,rain,164,0,0.002312,0.997416,0.000272,L,0.997416,0.995104,0.017156,0.002856,0.122121
78,23,00241,rain,993,0,0.005855,0.993313,0.000832,L,0.993313,0.987458,0.038834,0.007519,0.073692
79,23,00299,rain,513,1,0.001616,0.998190,0.000194,L,0.998190,0.996573,0.012613,0.002005,0.134773
79,23,00299,rain,396,1,0.007152,0.991700,0.001148,L,0.991700,0.984548,0.046759,0.009448,0.215830
79,23,00299,rain,662,1,0.004734,0.994661,0.000605,L,0.994661,0.989928,0.031995,0.005944,0.142010
79,23,00299,rain,511,1,0.011355,0.987442,0.001202,L,0.987442,0.976087,0.065002,0.013760,0.107509
79,23,00299,rain,760,1,0.002772,0.996875,0.000353,L,0.996875,0.994103,0.020252,0.003478,0.340091
79,23,00299,rain,1028,1,0.004286,0.995204,0.000510,L,0.995204,0.990918,0.029143,0.005305,0.126195
79,23,00299,rain,247,1,0.002270,0.997454,0.000275,L,0.997454,0.995184,0.016950,0.002821,0.096258
79,23,00299,rain,337,1,0.003074,0.996485,0.000441,L,0.996485,0.993411,0.022482,0.003956,0.130216
79,23,00299,rain,1032,1,0.010466,0.988239,0.001295,L,0.988239,0.977774,0.061916,0.013056,0.126931
79,23,00299,rain,245,1,0.001461,0.998321,0.000217,L,0.998321,0.996860,0.011878,0.001896,0.172799
79,23,00299,rain,332,1,0.000440,0.999498,0.000062,L,0.999498,0.999058,0.004098,0.000564,0.226752
79,23,00299,rain,398,1,0.003296,0.996260,0.000444,L,0.996260,0.992964,0.023663,0.004184,0.139777
79,23,00299,rain,765,1,0.005755,0.993425,0.000820,L,0.993425,0.987669,0.038289,0.007395,0.135986
79,23,00299,rain,606,1,0.001996,0.997779,0.000225,L,0.997779,0.995783,0.015036,0.002446,0.091358
79,23,00299,rain,307,1,0.007523,0.991367,0.001110,L,0.991367,0.983844,0.048183,0.009743,0.149116
79,23,00299,rain,759,1,0.006644,0.992375,0.000981,L,0.992375,0.985731,0.043422,0.008606,0.218969
79,23,00299,rain,944,1,0.013766,0.984179,0.002055,L,0.984179,0.970413,0.079558,0.017876,0.152321
79,23,00299,rain,855,1,0.016706,0.980987,0.002307,L,0.980987,0.964280,0.092116,0.021320,0.128828
79,23,00299,rain,604,1,0.007631,0.991429,0.000940,L,0.991429,0.983798,0.047597,0.009511,0.113302
79,23,00299,rain,939,1,0.025480,0.971165,0.003355,L,0.971165,0.945684,0.128379,0.032190,0.143130
79,23,00299,rain,854,1,0.011824,0.986326,0.001851,L,0.986326,0.974502,0.070720,0.015525,0.187484
79,23,00299,rain,602,1,0.021645,0.975858,0.002497,L,0.975858,0.954213,0.110844,0.026638,0.107984
79,23,00299,rain,761,1,0.000000,1.000000,0.000000,L,1.000000,1.000000,0.000002,0.000000,0.682431
79,23,00299,rain,425,1,0.000077,0.999911,0.000012,L,0.999911,0.999834,0.000873,0.000102,0.393069
79,23,00299,rain,304,1,0.014034,0.983956,0.002010,L,0.983956,0.969922,0.080345,0.018054,0.150436
79,23,00299,rain,335,1,0.000035,0.999959,0.000006,L,0.999959,0.999923,0.000435,0.000048,0.455894
79,23,00299,rain,243,1,0.000142,0.999841,0.000017,L,0.999841,0.999699,0.001462,0.000176,0.182987
79,23,00299,rain,945,1,0.015505,0.982064,0.002431,L,0.982064,0.966558,0.088303,0.020367,0.175863
79,23,00299,rain,605,1,0.003137,0.996476,0.000387,L,0.996476,0.993339,0.022430,0.003911,0.120360
79,23,00299,rain,305,1,0.011058,0.987412,0.001530,L,0.987412,0.976354,0.065755,0.014118,0.141686
79,23,00299,rain,485,1,0.000000,1.000000,0.000000,L,1.000000,1.000000,0.000000,0.000000,0.751277
79,23,00299,rain,850,1,0.000233,0.999733,0.000034,L,0.999733,0.999501,0.002332,0.000301,0.393785
79,23,00299,rain,484,1,0.000000,1.000000,0.000000,L,1.000000,1.000000,0.000003,0.000000,0.643750
79,23,00299,rain,246,1,0.001813,0.997928,0.000259,L,0.997928,0.996114,0.014250,0.002331,0.156461
79,23,00299,rain,515,1,0.002790,0.996858,0.000352,L,0.996858,0.994068,0.020339,0.003494,0.137867
79,23,00299,rain,1035,1,0.002851,0.996749,0.000400,L,0.996749,0.993897,0.021013,0.003651,0.138903
79,23,00299,rain,703,0,0.002042,0.997706,0.000251,L,0.997706,0.995664,0.015496,0.002545,0.144415
79,23,00299,rain,1239,0,0.005009,0.994256,0.000734,L,0.994256,0.989247,0.034188,0.006478,0.132722
79,23,00299,rain,218,0,0.005270,0.994021,0.000710,L,0.994021,0.988751,0.035273,0.006689,0.130256
79,23,00299,rain,901,0,0.003654,0.995867,0.000479,L,0.995867,0.992213,0.025752,0.004612,0.065518
79,23,00299,rain,749,0,0.017776,0.980006,0.002219,L,0.980006,0.962230,0.095563,0.022213,0.095229
79,23,00299,rain,1376,0,0.009137,0.989676,0.001187,L,0.989676,0.980539,0.055678,0.011511,0.121490
79,23,00299,rain,1234,0,0.002958,0.996572,0.000470,L,0.996572,0.993614,0.022073,0.003898,0.127748
79,23,00299,rain,74,0,0.001632,0.998161,0.000207,L,0.998161,0.996529,0.012805,0.002046,0.126205
79,23,00299,rain,358,0,0.001819,0.997952,0.000229,L,0.997952,0.996133,0.014057,0.002277,0.115997
79,23,00299,rain,158,0,0.001981,0.997794,0.000225,L,0.997794,0.995813,0.014951,0.002431,0.098905
79,23,00299,rain,1335,0,0.004492,0.994941,0.000567,L,0.994941,0.990449,0.030554,0.005626,0.110739
79,23,00299,rain,1130,0,0.002537,0.997133,0.000330,L,0.997133,0.994596,0.018818,0.003198,0.131899
79,23,00299,rain,370,0,0.013388,0.984847,0.001765,L,0.984847,0.971459,0.076439,0.016919,0.106219
79,23,00299,rain,58,0,0.002111,0.997653,0.000236,L,0.997653,0.995542,0.015768,0.002583,0.097119
79,23,00299,rain,458,0,0.011894,0.986539,0.001567,L,0.986539,0.974646,0.069361,0.015028,0.106838
79,23,00299,rain,1202,0,0.005818,0.993492,0.000690,L,0.993492,0.987674,0.037732,0.007198,0.109310
79,23,00299,rain,1155,0,0.007222,0.991871,0.000907,L,0.991871,0.984650,0.045563,0.009035,0.112416
79,23,00299,rain,181,0,0.010974,0.987339,0.001687,L,0.987339,0.976366,0.066325,0.014347,0.183291
80,23,00505,rain,609,1,0.001838,0.997947,0.000216,L,0.997947,0.996109,0.014062,0.002269,0.108810
80,23,00505,rain,873,1,0.007572,0.991548,0.000880,L,0.991548,0.983976,0.046954,0.009332,0.102401
80,23,00505,rain,745,1,0.001937,0.997724,0.000339,L,0.997724,0.995787,0.015549,0.002615,0.320051
80,23,00505,rain,568,1,0.010525,0.987606,0.001869,L,0.987606,0.977081,0.065528,0.014263,0.255877
80,23,00505,rain,698,1,0.001816,0.997965,0.000219,L,0.997965,0.996149,0.013961,0.002254,0.128539
80,23,00505,rain,569,1,0.011192,0.986903,0.001905,L,0.986903,0.975711,0.068470,0.015002,0.214102
80,23,00505,rain,840,1,0.013473,0.984338,0.002189,L,0.984338,0.970865,0.079165,0.017850,0.184793
80,23,00505,rain,876,1,0.000449,0.999504,0.000047,L,0.999504,0.999055,0.004029,0.000543,0.094718
80,23,00505,rain,786,1,0.000004,0.999995,0.000001,L,0.999995,0.999991,0.000061,0.000005,0.474506
80,23,00505,rain,566,1,0.011760,0.986353,0.001887,L,0.986353,0.974593,0.070672,0.015534,0.176063
80,23,00505,rain,696,1,0.000001,0.999999,0.000000,L,0.999999,0.999997,0.000018,0.000001,0.540497
80,23,00505,rain,784,1,0.000105,0.999882,0.000013,L,0.999882,0.999777,0.001117,0.000131,0.241011
80,23,00505,rain,605,1,0.000062,0.999930,0.000009,L,0.999930,0.999868,0.000702,0.000079,0.386093
80,23,00505,rain,606,1,0.000221,0.999746,0.000033,L,0.999746,0.999525,0.002238,0.000288,0.329041
80,23,00505,rain,875,1,0.000227,0.999750,0.000023,L,0.999750,0.999523,0.002184,0.000273,0.092276
80,23,00505,rain,659,1,0.000007,0.999992,0.000001,L,0.999992,0.999984,0.000100,0.000010,0.553389
80,23,00505,rain,930,1,0.016675,0.980991,0.002333,L,0.980991,0.964316,0.092147,0.021342,0.126936
80,23,00505,rain,699,1,0.002393,0.997305,0.000302,L,0.997305,0.994913,0.017823,0.002997,0.127050
80,23,00505,rain,565,1,0.006041,0.993035,0.000925,L,0.993035,0.986994,0.040292,0.007890,0.155863
80,23,00505,rain,785,1,0.000006,0.999993,0.000001,L,0.999993,0.999986,0.000087,0.000008,0.433678
80,23,00505,rain,693,1,0.001565,0.998220,0.000214,L,0.998220,0.996655,0.012470,0.001994,0.183818
80,23,00505,rain,656,1,0.007171,0.991599,0.001230,L,0.991599,0.984427,0.047347,0.009631,0.304970
80,23,00505,rain,839,1,0.012024,0.985669,0.002307,L,0.985669,0.973645,0.074086,0.016638,0.291513
80,23,00505,rain,694,1,0.000049,0.999944,0.000007,L,0.999944,0.999895,0.000571,0.000063,0.426926
80,23,00505,rain,787,1,0.000150,0.999831,0.000019,L,0.999831,0.999681,0.001541,0.000187,0.223420
80,23,00505,rain,697,1,0.000084,0.999904,0.000012,L,0.999904,0.999820,0.000930,0.000108,0.329280
80,23,00505,rain,874,1,0.001150,0.998724,0.000127,L,0.998724,0.997574,0.009279,0.001403,0.095716
80,23,00505,rain,655,1,0.003609,0.995773,0.000618,L,0.995773,0.992164,0.026471,0.004845,0.295567
80,23,00505,rain,658,1,0.000000,1.000000,0.000000,L,1.000000,0.999999,0.000006,0.000001,0.661284
80,23,00505,rain,751,1,0.007638,0.991271,0.001091,L,0.991271,0.983633,0.048576,0.009820,0.139073
80,23,00505,rain,570,1,0.006610,0.992396,0.000995,L,0.992396,0.985786,0.043353,0.008599,0.158640
80,23,00505,rain,747,1,0.000000,0.999999,0.000000,L,0.999999,0.999999,0.000008,0.000001,0.695460
80,23,00505,rain,746,1,0.000319,0.999623,0.000058,L,0.999623,0.999304,0.003195,0.000435,0.387324
80,23,00505,rain,567,1,0.010062,0.988242,0.001695,L,0.988242,0.978180,0.062606,0.013453,0.209630
80,23,00505,rain,608,1,0.001654,0.998139,0.000208,L,0.998139,0.996485,0.012935,0.002069,0.140361
80,23,00505,rain,657,1,0.000006,0.999993,0.000001,L,0.999993,0.999987,0.000086,0.000008,0.544206
80,23,00505,rain,949,0,0.018974,0.978875,0.002151,L,0.978875,0.959901,0.099523,0.023276,0.088108
80,23,00505,rain,326,0,0.002436,0.997277,0.000287,L,0.997277,0.994842,0.017946,0.003009,0.119956
80,23,00505,rain,107,0,0.016113,0.981518,0.002369,L,0.981518,0.965406,0.090248,0.020851,0.126475
80,23,00505,rain,1273,0,0.012177,0.986139,0.001684,L,0.986139,0.973962,0.071180,0.015545,0.126446
80,23,00505,rain,517,0,0.003502,0.996020,0.000478,L,0.996020,0.992519,0.024964,0.004457,0.161323
80,23,00505,rain,830,0,0.013598,0.984774,0.001627,L,0.984774,0.971176,0.076460,0.016853,0.094683
80,23,00505,rain,1319,0,0.003522,0.996044,0.000434,L,0.996044,0.992522,0.024760,0.004390,0.109639
80,23,00505,rain,1242,0,0.005637,0.993466,0.000897,L,0.993466,0.987829,0.038227,0.007431,0.170791
80,23,00505,rain,1134,0,0.017636,0.980210,0.002154,L,0.980210,0.962573,0.094692,0.021944,0.104165
80,23,00505,rain,1365,0,0.007837,0.991040,0.001123,L,0.991040,0.983202,0.049653,0.010083,0.130427
80,23,00505,rain,640,0,0.015138,0.982765,0.002097,L,0.982765,0.967628,0.085065,0.019332,0.112351
80,23,00505,rain,816,0,0.013970,0.984094,0.001935,L,0.984094,0.970124,0.079676,0.017841,0.093921
80,23,00505,rain,557,0,0.008264,0.990525,0.001211,L,0.990525,0.982261,0.052064,0.010687,0.132723
80,23,00505,rain,1260,0,0.009491,0.989098,0.001411,L,0.989098,0.979606,0.058536,0.012313,0.159826
80,23,00505,rain,627,0,0.001405,0.998423,0.000172,L,0.998423,0.997018,0.011191,0.001749,0.124555
80,23,00505,rain,437,0,0.002243,0.997478,0.000279,L,0.997478,0.995235,0.016828,0.002802,0.121660
80,23,00505,rain,887,0,0.005319,0.994012,0.000669,L,0.994012,0.988692,0.035239,0.006657,0.108213
80,23,00505,rain,617,0,0.001828,0.997944,0.000228,L,0.997944,0.996116,0.014100,0.002284,0.116087
81,23,00562,rain,742,1,0.001634,0.998059,0.000307,L,0.998059,0.996424,0.013571,0.002248,0.322957
81,23,00562,rain,566,1,0.008179,0.990523,0.001298,L,0.990523,0.982345,0.052218,0.010774,0.177284
81,23,00562,rain,565,1,0.009865,0.988384,0.001751,L,0.988384,0.978520,0.062101,0.013367,0.231300
81,23,00562,rain,501,1,0.002217,0.997418,0.000364,L,0.997418,0.995201,0.017308,0.002946,0.167145
81,23,00562,rain,499,1,0.001493,0.998263,0.000244,L,0.998263,0.996770,0.012268,0.001981,0.235495
81,23,00562,rain,564,1,0.012933,0.984815,0.002252,L,0.984815,0.971882,0.077398,0.017437,0.282582
81,23,00562,rain,857,1,0.011813,0.986811,0.001375,L,0.986811,0.974998,0.067902,0.014564,0.111747
81,23,00562,rain,834,1,0.011362,0.986555,0.002083,L,0.986555,0.975194,0.070166,0.015527,0.260446
81,23,00562,rain,471,1,0.008775,0.989919,0.001306,L,0.989919,0.981144,0.054851,0.011387,0.139599
81,23,00562,rain,774,1,0.009139,0.989698,0.001163,L,0.989698,0.980559,0.055539,0.011465,0.122283
81,23,00562,rain,470,1,0.010167,0.988273,0.001560,L,0.988273,0.978106,0.062253,0.013287,0.142589
81,23,00562,rain,498,1,0.001783,0.997937,0.000279,L,0.997937,0.996154,0.014231,0.002342,0.184254
81,23,00562,rain,682,1,0.001357,0.998396,0.000247,L,0.998396,0.997039,0.011479,0.001850,0.342074
81,23,00562,rain,745,1,0.000129,0.999843,0.000028,L,0.999843,0.999713,0.001465,0.000186,0.452386
81,23,00562,rain,590,1,0.000007,0.999992,0.000001,L,0.999992,0.999985,0.000098,0.000009,0.547161
81,23,00562,rain,743,1,0.000001,0.999999,0.000000,L,0.999999,0.999998,0.000018,0.000002,0.624758
81,23,00562,rain,744,1,0.000000,0.999999,0.000000,L,0.999999,0.999999,0.000008,0.000001,0.661269
81,23,00562,rain,859,1,0.003710,0.995859,0.000431,L,0.995859,0.992149,0.025703,0.004572,0.109610
81,23,00562,rain,654,1,0.000000,1.000000,0.000000,L,1.000000,1.000000,0.000001,0.000000,0.745660
81,23,00562,rain,497,1,0.001230,0.998614,0.000156,L,0.998614,0.997384,0.010008,0.001542,0.104247
81,23,00562,rain,588,1,0.001501,0.998252,0.000248,L,0.998252,0.996751,0.012342,0.001996,0.304955
81,23,00562,rain,864,1,0.012203,0.986359,0.001438,L,0.986359,0.974156,0.069839,0.015079,0.106753
81,23,00562,rain,684,1,0.003895,0.995606,0.000499,L,0.995606,0.991711,0.027115,0.004893,0.097350
81,23,00562,rain,592,1,0.001137,0.998647,0.000215,L,0.998647,0.997510,0.009903,0.001568,0.285760
81,23,00562,rain,740,1,0.003027,0.996480,0.000493,L,0.996480,0.993452,0.022599,0.004013,0.232809
81,23,00562,rain,767,1,0.008728,0.990131,0.001141,L,0.990131,0.981403,0.053642,0.011010,0.137655
81,23,00562,rain,747,1,0.005053,0.994245,0.000702,L,0.994245,0.989192,0.034181,0.006456,0.136649
81,23,00562,rain,651,1,0.005046,0.994073,0.000881,L,0.994073,0.989027,0.035313,0.006808,0.292416
81,23,00562,rain,683,1,0.003598,0.995761,0.000642,L,0.995761,0.992163,0.026573,0.004881,0.230320
81,23,00562,rain,835,1,0.012551,0.985239,0.002210,L,0.985239,0.972688,0.075653,0.016971,0.223501
81,23,00562,rain,830,1,0.004752,0.994646,0.000602,L,0.994646,0.989894,0.032061,0.005956,0.136877
81,23,00562,rain,562,1,0.011282,0.986874,0.001844,L,0.986874,0.975592,0.068488,0.014969,0.219107
81,23,00562,rain,771,1,0.000271,0.999684,0.000044,L,0.999684,0.999413,0.002719,0.000360,0.331190
81,23,00562,rain,587,1,0.001634,0.998102,0.000264,L,0.998102,0.996468,0.013249,0.002162,0.204216
81,23,00562,rain,502,1,0.003340,0.996176,0.000484,L,0.996176,0.992837,0.024169,0.004307,0.117028
81,23,00562,rain,589,1,0.000129,0.999852,0.000020,L,0.999852,0.999723,0.001379,0.000168,0.428643
81,23,00562,rain,1404,0,0.016857,0.980938,0.002205,L,0.980938,0.964082,0.092109,0.021267,0.128062
81,23,00562,rain,1126,0,0.014257,0.983917,0.001826,L,0.983917,0.969661,0.080162,0.017909,0.100316
81,23,00562,rain,1253,0,0.003041,0.996596,0.000363,L,0.996596,0.993556,0.021751,0.003767,0.106317
81,23,00562,rain,1335,0,0.012761,0.985763,0.001476,L,0.985763,0.973002,0.072285,0.015714,0.116118
81,23,00562,rain,1279,0,0.003851,0.995647,0.000502,L,0.995647,0.991796,0.026912,0.004855,0.113853
81,23,00562,rain,1058,0,0.009341,0.989512,0.001147,L,0.989512,0.980171,0.056300,0.011635,0.078849
81,23,00562,rain,1027,0,0.010061,0.988696,0.001243,L,0.988696,0.978635,0.059916,0.012546,0.093184
81,23,00562,rain,1311,0,0.004705,0.994686,0.000609,L,0.994686,0.989981,0.031880,0.005923,0.118374
81,23,00562,rain,1377,0,0.012378,0.986096,0.001526,L,0.986096,0.973718,0.071059,0.015431,0.112344
81,23,00562,rain,1059,0,0.008137,0.990876,0.000987,L,0.990876,0.982739,0.050122,0.010112,0.084293
81,23,00562,rain,273,0,0.012285,0.985496,0.002219,L,0.985496,0.973211,0.074643,0.016723,0.221225
81,23,00562,rain,1097,0,0.016581,0.981211,0.002209,L,0.981211,0.964630,0.091107,0.020998,0.110595
81,23,00562,rain,792,0,0.007517,0.991559,0.000923,L,0.991559,0.984042,0.046986,0.009364,0.120752
81,23,00562,rain,479,0,0.006676,0.992473,0.000852,L,0.992473,0.985797,0.042744,0.008379,0.122240
81,23,00562,rain,720,0,0.024815,0.971859,0.003326,L,0.971859,0.947044,0.126017,0.031467,0.102797
81,23,00562,rain,847,0,0.007135,0.992017,0.000848,L,0.992017,0.984882,0.044797,0.008831,0.095224
81,23,00562,rain,1287,0,0.003649,0.995901,0.000450,L,0.995901,0.992253,0.025524,0.004549,0.112603
81,23,00562,rain,301,0,0.008959,0.989964,0.001077,L,0.989964,0.981006,0.054237,0.011113,0.110440
82,24,00171,rain,338,1,0.003480,0.995990,0.000530,L,0.995990,0.992510,0.025212,0.004540,0.301592
82,24,00171,rain,241,1,0.011983,0.986470,0.001547,L,0.986470,0.974486,0.069604,0.015078,0.177996
82,24,00171,rain,66,1,0.001403,0.998366,0.000231,L,0.998366,0.996963,0.011637,0.001865,0.230846
82,24,00171,rain,253,1,0.001440,0.998392,0.000168,L,0.998392,0.996952,0.011372,0.001777,0.136331
82,24,00171,rain,518,1,0.015094,0.982968,0.001938,L,0.982968,0.967873,0.084003,0.018970,0.140955
82,24,00171,rain,428,1,0.003010,0.996525,0.000465,L,0.996525,0.993515,0.022311,0.003940,0.261615
82,24,00171,rain,152,1,0.003658,0.995828,0.000514,L,0.995828,0.992170,0.026015,0.004686,0.231250
82,24,00171,rain,65,1,0.000000,1.000000,0.000000,L,1.000000,1.000000,0.000002,0.000000,0.592559
82,24,00171,rain,340,1,0.000000,1.000000,0.000000,L,1.000000,0.999999,0.000006,0.000000,0.638400
82,24,00171,rain,244,1,0.003119,0.996503,0.000379,L,0.996503,0.993384,0.022275,0.003876,0.141150
82,24,00171,rain,342,1,0.001877,0.997840,0.000283,L,0.997840,0.995963,0.014797,0.002444,0.355002
82,24,00171,rain,343,1,0.002094,0.997616,0.000290,L,0.997616,0.995523,0.016074,0.002674,0.176130
82,24,00171,rain,62,1,0.000815,0.999074,0.000111,L,0.999074,0.998258,0.007041,0.001037,0.232660
82,24,00171,rain,433,1,0.002041,0.997649,0.000310,L,0.997649,0.995608,0.015927,0.002662,0.207488
82,24,00171,rain,151,1,0.005090,0.994260,0.000650,L,0.994260,0.989170,0.034017,0.006390,0.182657
82,24,00171,rain,155,1,0.000010,0.999989,0.000002,L,0.999989,0.999979,0.000130,0.000013,0.465028
82,24,00171,rain,341,1,0.000005,0.999994,0.000001,L,0.999994,0.999989,0.000070,0.000006,0.570778
82,24,00171,rain,519,1,0.003863,0.995551,0.000587,L,0.995551,0.991688,0.027550,0.005036,0.225479
82,24,00171,rain,339,1,0.000008,0.999991,0.000001,L,0.999991,0.999983,0.000109,0.000010,0.521138
82,24,00171,rain,67,1,0.001634,0.998165,0.000201,L,0.998165,0.996530,0.012773,0.002037,0.129176
82,24,00171,rain,427,1,0.003073,0.996567,0.000360,L,0.996567,0.993494,0.021899,0.003793,0.140959
82,24,00171,rain,429,1,0.000003,0.999996,0.000000,L,0.999996,0.999993,0.000045,0.000004,0.592812
82,24,00171,rain,434,1,0.001852,0.997935,0.000213,L,0.997935,0.996083,0.014121,0.002278,0.107772
82,24,00171,rain,248,1,0.005731,0.993524,0.000745,L,0.993524,0.987792,0.037689,0.007221,0.153515
82,24,00171,rain,250,1,0.001648,0.998095,0.000257,L,0.998095,0.996447,0.013279,0.002162,0.266311
82,24,00171,rain,337,1,0.001057,0.998796,0.000147,L,0.998796,0.997740,0.008865,0.001350,0.243767
82,24,00171,rain,517,1,0.015736,0.982531,0.001733,L,0.982531,0.966795,0.085258,0.019202,0.110808
82,24,00171,rain,157,1,0.001446,0.998361,0.000192,L,0.998361,0.996915,0.011596,0.001831,0.154231
82,24,00171,rain,246,1,0.003155,0.996420,0.000425,L,0.996420,0.993265,0.022792,0.004004,0.152964
82,24,00171,rain,156,1,0.001980,0.997698,0.000322,L,0.997698,0.995719,0.015666,0.002624,0.224168
82,24,00171,rain,430,1,0.000000,1.000000,0.000000,L,1.000000,1.000000,0.000003,0.000000,0.705900
82,24,00171,rain,520,1,0.001110,0.998721,0.000169,L,0.998721,0.997612,0.009370,0.001447,0.282708
82,24,00171,rain,251,1,0.003720,0.995702,0.000577,L,0.995702,0.991982,0.026766,0.004875,0.249644
82,24,00171,rain,242,1,0.009703,0.989099,0.001198,L,0.989099,0.979396,0.058144,0.012099,0.154000
82,24,00171,rain,344,1,0.001950,0.997849,0.000200,L,0.997849,0.995899,0.014586,0.002351,0.091776
82,24,00171,rain,153,1,0.000029,0.999967,0.000004,L,0.999967,0.999938,0.000352,0.000037,0.429513
82,24,00171,rain,992,0,0.007043,0.991889,0.001068,L,0.991889,0.984846,0.045775,0.009179,0.084233
82,24,00171,rain,1129,0,0.001721,0.998050,0.000229,L,0.998050,0.996330,0.013490,0.002179,0.122380
82,24,00171,rain,861,0,0.003163,0.996471,0.000366,L,0.996471,0.993307,0.022418,0.003896,0.102151
82,24,00171,rain,1363,0,0.021051,0.975763,0.003186,L,0.975763,0.954711,0.112444,0.027423,0.130718
82,24,00171,rain,591,0,0.004760,0.994636,0.000604,L,0.994636,0.989876,0.032113,0.005967,0.084630
82,24,00171,rain,781,0,0.002032,0.997696,0.000273,L,0.997696,0.995664,0.015594,0.002577,0.144068
82,24,00171,rain,725,0,0.001731,0.998058,0.000211,L,0.998058,0.996328,0.013409,0.002153,0.080538
82,24,00171,rain,856,0,0.011736,0.986771,0.001493,L,0.986771,0.975035,0.068290,0.014722,0.105811
82,24,00171,rain,936,0,0.004277,0.995122,0.000601,L,0.995122,0.990845,0.029720,0.005479,0.158731
82,24,00171,rain,1143,0,0.003485,0.996107,0.000408,L,0.996107,0.992622,0.024386,0.004301,0.129000
82,24,00171,rain,535,0,0.002679,0.997039,0.000282,L,0.997039,0.994360,0.019232,0.003243,0.083025
82,24,00171,rain,721,0,0.004535,0.994843,0.000622,L,0.994843,0.990309,0.031136,0.005779,0.064276
82,24,00171,rain,149,0,0.003136,0.996490,0.000374,L,0.996490,0.993354,0.022333,0.003885,0.130668
82,24,00171,rain,1195,0,0.010990,0.987356,0.001653,L,0.987356,0.976366,0.066200,0.014297,0.138560
82,24,00171,rain,1401,0,0.006479,0.992646,0.000875,L,0.992646,0.986167,0.041996,0.008229,0.116149
82,24,00171,rain,374,0,0.005545,0.993787,0.000668,L,0.993787,0.988242,0.036304,0.006881,0.071544
82,24,00171,rain,678,0,0.006007,0.993248,0.000745,L,0.993248,0.987241,0.038974,0.007496,0.077189
82,24,00171,rain,987,0,0.006840,0.992304,0.000856,L,0.992304,0.985464,0.043519,0.008553,0.104404
83,24,00228,rain,234,1,0.002400,0.997192,0.000408,L,0.997192,0.994791,0.018631,0.003216,0.209246
83,24,00228,rain,437,1,0.004383,0.995015,0.000602,L,0.995015,0.990632,0.030253,0.005587,0.200350
83,24,00228,rain,411,1,0.003557,0.995907,0.000536,L,0.995907,0.992350,0.025651,0.004629,0.338033
83,24,00228,rain,508,1,0.011908,0.986608,0.001484,L,0.986608,0.974700,0.068928,0.014875,0.123793
83,24,00228,rain,1260,1,0.000060,0.999932,0.000008,L,0.999932,0.999872,0.000679,0.000076,0.314799
83,24,00228,rain,167,1,0.001628,0.998171,0.000201,L,0.998171,0.996543,0.012731,0.002029,0.154838
83,24,00228,rain,228,1,0.002035,0.997696,0.000269,L,0.997696,0.995661,0.015588,0.002573,0.146057
83,24,00228,rain,321,1,0.000000,1.000000,0.000000,L,1.000000,1.000000,0.000001,0.000000,0.825659
83,24,00228,rain,782,1,0.005275,0.993978,0.000747,L,0.993978,0.988703,0.035545,0.006770,0.147059
83,24,00228,rain,1261,1,0.000006,0.999993,0.000001,L,0.999993,0.999987,0.000085,0.000008,0.455158
83,24,00228,rain,259,1,0.001100,0.998740,0.000160,L,0.998740,0.997639,0.009244,0.001421,0.241666
83,24,00228,rain,257,1,0.003546,0.995963,0.000491,L,0.995963,0.992418,0.025280,0.004527,0.201722
83,24,00228,rain,530,1,0.005958,0.993215,0.000827,L,0.993215,0.987257,0.039281,0.007612,0.170547
83,24,00228,rain,688,1,0.000025,0.999971,0.000004,L,0.999971,0.999946,0.000310,0.000033,0.504815
83,24,00228,rain,409,1,0.007625,0.991159,0.001217,L,0.991159,0.983534,0.049289,0.010058,0.272722
83,24,00228,rain,533,1,0.002799,0.996716,0.000485,L,0.996716,0.993916,0.021332,0.003769,0.158685
83,24,00228,rain,350,1,0.000001,0.999999,0.000000,L,0.999999,0.999999,0.000009,0.000001,0.599830
83,24,00228,rain,781,1,0.003389,0.996039,0.000572,L,0.996039,0.992650,0.025032,0.004534,0.307341
83,24,00228,rain,260,1,0.000361,0.999582,0.000057,L,0.999582,0.999221,0.003490,0.000475,0.309390
83,24,00228,rain,528,1,0.017709,0.980223,0.002068,L,0.980223,0.962514,0.094478,0.021845,0.137591
83,24,00228,rain,599,1,0.000034,0.999961,0.000005,L,0.999961,0.999927,0.000410,0.000044,0.491117
83,24,00228,rain,867,1,0.022835,0.974520,0.002644,L,0.974520,0.951685,0.115739,0.028124,0.121937
83,24,00228,rain,783,1,0.006229,0.992991,0.000780,L,0.992991,0.986762,0.040232,0.007789,0.096699
83,24,00228,rain,413,1,0.004446,0.994736,0.000818,L,0.994736,0.990290,0.031991,0.006083,0.264264
83,24,00228,rain,509,1,0.010699,0.987879,0.001422,L,0.987879,0.977179,0.063643,0.013544,0.144294
83,24,00228,rain,602,1,0.004318,0.994988,0.000694,L,0.994988,0.990670,0.030544,0.005705,0.322501
83,24,00228,rain,868,1,0.035572,0.960142,0.004286,L,0.960142,0.924570,0.164843,0.044144,0.139507
83,24,00228,rain,231,1,0.000001,0.999999,0.000000,L,0.999999,0.999998,0.000018,0.000001,0.612115
83,24,00228,rain,1172,1,0.017737,0.979363,0.002900,L,0.979363,0.961626,0.099112,0.023537,0.178769
83,24,00228,rain,1263,1,0.000621,0.999279,0.000100,L,0.999279,0.998658,0.005670,0.000821,0.270536
83,24,00228,rain,778,1,0.005699,0.993429,0.000873,L,0.993429,0.987730,0.038361,0.007444,0.262836
83,24,00228,rain,502,1,0.018640,0.978499,0.002860,L,0.978499,0.959859,0.102178,0.024361,0.208905
83,24,00228,rain,348,1,0.001051,0.998783,0.000165,L,0.998783,0.997732,0.008979,0.001382,0.298404
83,24,00228,rain,410,1,0.007238,0.991610,0.001152,L,0.991610,0.984372,0.047168,0.009541,0.296736
83,24,00228,rain,872,1,0.004773,0.994653,0.000573,L,0.994653,0.989880,0.031971,0.005920,0.084949
83,24,00228,rain,499,1,0.012030,0.986468,0.001502,L,0.986468,0.974438,0.069526,0.015034,0.159405
83,24,00228,rain,647,0,0.014926,0.982828,0.002246,L,0.982828,0.967902,0.085091,0.019419,0.086093
83,24,00228,rain,360,0,0.010959,0.987355,0.001686,L,0.987355,0.976397,0.066261,0.014331,0.137116
83,24,00228,rain,1413,0,0.006677,0.992446,0.000877,L,0.992446,0.985769,0.042910,0.008430,0.140195
83,24,00228,rain,1203,0,0.007036,0.991861,0.001103,L,0.991861,0.984825,0.045962,0.009243,0.112626
83,24,00228,rain,700,0,0.004075,0.995480,0.000445,L,0.995480,0.991405,0.027642,0.004965,0.085034
83,24,00228,rain,0,0,0.031929,0.963608,0.004463,L,0.963608,0.931678,0.154601,0.040855,0.149246
83,24,00228,rain,1437,0,0.004272,0.995166,0.000562,L,0.995166,0.990895,0.029430,0.005395,0.112068
83,24,00228,rain,1410,0,0.006076,0.993073,0.000851,L,0.993073,0.986997,0.039983,0.007778,0.143782
83,24,00228,rain,594,0,0.003635,0.995883,0.000481,L,0.995883,0.992248,0.025674,0.004598,0.100880
83,24,00228,rain,1155,0,0.002733,0.996933,0.000335,L,0.996933,0.994200,0.019906,0.003402,0.099066
83,24,00228,rain,251,0,0.002900,0.996732,0.000368,L,0.996732,0.993832,0.021040,0.003635,0.110360
83,24,00228,rain,986,0,0.007567,0.991413,0.001020,L,0.991413,0.983846,0.047818,0.009607,0.124198
83,24,00228,rain,1392,0,0.006304,0.992893,0.000803,L,0.992893,0.986589,0.040728,0.007910,0.117208
83,24,00228,rain,797,0,0.002548,0.997182,0.000270,L,0.997182,0.994634,0.018433,0.003088,0.081695
83,24,00228,rain,1238,0,0.003748,0.995787,0.000465,L,0.995787,0.992039,0.026132,0.004677,0.080105
83,24,00228,rain,13,0,0.012046,0.986210,0.001744,L,0.986210,0.974165,0.071002,0.015534,0.143389
83,24,00228,rain,1284,0,0.007186,0.991633,0.001181,L,0.991633,0.984447,0.047113,0.009548,0.170439
83,24,00228,rain,29,0,0.017313,0.980507,0.002179,L,0.980507,0.963194,0.093651,0.021672,0.119660
84,24,00286,rain,426,1,0.000206,0.999758,0.000036,L,0.999758,0.999551,0.002151,0.000279,0.384698
84,24,00286,rain,577,1,0.006630,0.992305,0.001066,L,0.992305,0.985675,0.043887,0.008761,0.169480
84,24,00286,rain,338,1,0.002512,0.997165,0.000323,L,0.997165,0.994653,0.018627,0.003157,0.122500
84,24,00286,rain,512,1,0.001437,0.998385,0.000178,L,0.998385,0.996948,0.011431,0.001793,0.156021
84,24,00286,rain,681,1,0.003582,0.995828,0.000590,L,0.995828,0.992246,0.026146,0.004762,0.168005
84,24,00286,rain,393,1,0.005919,0.993084,0.000997,L,0.993084,0.987165,0.040182,0.007913,0.254351
84,24,00286,rain,248,1,0.002005,0.997742,0.000253,L,0.997742,0.995737,0.015297,0.002511,0.116846
84,24,00286,rain,247,1,0.002445,0.997156,0.000399,L,0.997156,0.994710,0.018813,0.003243,0.179651
84,24,00286,rain,856,1,0.014472,0.983349,0.002179,L,0.983349,0.968877,0.082981,0.018830,0.202845
84,24,00286,rain,770,1,0.000646,0.999231,0.000123,L,0.999231,0.998584,0.006028,0.000892,0.360560
84,24,00286,rain,576,1,0.011967,0.985907,0.002126,L,0.985907,0.973940,0.072854,0.016220,0.257233
84,24,00286,rain,516,1,0.003675,0.995679,0.000646,L,0.995679,0.992004,0.026997,0.004967,0.270740
84,24,00286,rain,398,1,0.004917,0.994218,0.000866,L,0.994218,0.989301,0.034592,0.006648,0.176641
84,24,00286,rain,585,1,0.005171,0.994134,0.000695,L,0.994134,0.988963,0.034706,0.006562,0.162165
84,24,00286,rain,855,1,0.015990,0.981779,0.002231,L,0.981779,0.965789,0.089027,0.020452,0.166691
84,24,00286,rain,395,1,0.000000,1.000000,0.000000,L,1.000000,1.000000,0.000001,0.000000,0.798392
84,24,00286,rain,682,1,0.004634,0.994728,0.000638,L,0.994728,0.990093,0.031730,0.005910,0.095667
84,24,00286,rain,588,1,0.012045,0.986125,0.001830,L,0.986125,0.974080,0.071492,0.015705,0.285590
84,24,00286,rain,333,1,0.000723,0.999171,0.000106,L,0.999171,0.998447,0.006401,0.000936,0.273196
84,24,00286,rain,676,1,0.005623,0.993521,0.000856,L,0.993521,0.987898,0.037897,0.007334,0.292302
84,24,00286,rain,336,1,0.006431,0.992409,0.001160,L,0.992409,0.985978,0.043563,0.008751,0.252622
84,24,00286,rain,607,1,0.003126,0.996486,0.000388,L,0.996486,0.993360,0.022378,0.003901,0.127184
84,24,00286,rain,422,1,0.002447,0.997248,0.000305,L,0.997248,0.994800,0.018144,0.003058,0.147913
84,24,00286,rain,589,1,0.015377,0.982173,0.002451,L,0.982173,0.966796,0.087925,0.020278,0.248350
84,24,00286,rain,602,1,0.005025,0.994410,0.000565,L,0.994410,0.989385,0.033131,0.006155,0.122652
84,24,00286,rain,334,1,0.000037,0.999958,0.000006,L,0.999958,0.999921,0.000440,0.000048,0.424422
84,24,00286,rain,572,1,0.004861,0.994438,0.000701,L,0.994438,0.989577,0.033253,0.006264,0.158813
84,24,00286,rain,592,1,0.005302,0.993972,0.000727,L,0.993972,0.988670,0.035538,0.006755,0.102882
84,24,00286,rain,488,1,0.006491,0.992441,0.001068,L,0.992441,0.985951,0.043266,0.008626,0.143414
84,24,00286,rain,483,1,0.003053,0.996445,0.000501,L,0.996445,0.993392,0.022792,0.004056,0.273522
84,24,00286,rain,574,1,0.009669,0.988738,0.001593,L,0.988738,0.979069,0.060363,0.012856,0.247080
84,24,00286,rain,307,1,0.006905,0.991887,0.001208,L,0.991887,0.984983,0.046012,0.009320,0.209287
84,24,00286,rain,304,1,0.010580,0.987644,0.001776,L,0.987644,0.977064,0.065221,0.014132,0.264561
84,24,00286,rain,421,1,0.001231,0.998622,0.000147,L,0.998622,0.997391,0.009942,0.001525,0.146567
84,24,00286,rain,306,1,0.009328,0.989134,0.001538,L,0.989134,0.979806,0.058596,0.012404,0.313206
84,24,00286,rain,515,1,0.000055,0.999935,0.000009,L,0.999935,0.999880,0.000650,0.000074,0.429369
84,24,00286,rain,955,0,0.007547,0.991566,0.000887,L,0.991566,0.984018,0.046889,0.009321,0.083060
84,24,00286,rain,1380,0,0.003663,0.995774,0.000563,L,0.995774,0.992110,0.026378,0.004789,0.155369
84,24,00286,rain,987,0,0.000091,0.999899,0.000010,L,0.999899,0.999808,0.000965,0.000110,0.120269
84,24,00286,rain,619,0,0.002735,0.996924,0.000341,L,0.996924,0.994188,0.019968,0.003418,0.116122
84,24,00286,rain,505,0,0.004443,0.994986,0.000571,L,0.994986,0.990542,0.030340,0.005585,0.119495
84,24,00286,rain,1143,0,0.003727,0.995846,0.000427,L,0.995846,0.992120,0.025761,0.004581,0.080537
84,24,00286,rain,949,0,0.009397,0.989503,0.001100,L,0.989503,0.980105,0.056249,0.011597,0.104149
84,24,00286,rain,105,0,0.014727,0.983587,0.001686,L,0.983587,0.968860,0.081158,0.018098,0.096292
84,24,00286,rain,401,0,0.002361,0.997325,0.000314,L,0.997325,0.994964,0.017737,0.002989,0.092914
84,24,00286,rain,864,0,0.006985,0.992184,0.000831,L,0.992184,0.985198,0.044015,0.008647,0.072698
84,24,00286,rain,777,0,0.005141,0.994274,0.000585,L,0.994274,0.989133,0.033824,0.006311,0.071383
84,24,00286,rain,458,0,0.004617,0.994666,0.000717,L,0.994666,0.990049,0.032168,0.006051,0.088587
84,24,00286,rain,899,0,0.000380,0.999577,0.000043,L,0.999577,0.999197,0.003501,0.000466,0.111801
84,24,00286,rain,635,0,0.020799,0.975777,0.003424,L,0.975777,0.954978,0.112795,0.027648,0.122974
84,24,00286,rain,1430,0,0.006131,0.993053,0.000816,L,0.993053,0.986922,0.040011,0.007762,0.119071
84,24,00286,rain,733,0,0.002650,0.997008,0.000342,L,0.997008,0.994358,0.019514,0.003333,0.079468
84,24,00286,rain,17,0,0.011474,0.987161,0.001366,L,0.987161,0.975687,0.066471,0.014205,0.107357
84,24,00286,rain,377,0,0.008437,0.990427,0.001136,L,0.990427,0.981991,0.052353,0.010709,0.072382
85,24,00492,rain,601,1,0.000014,0.999983,0.000002,L,0.999983,0.999969,0.000189,0.000019,0.523331
85,24,00492,rain,515,1,0.003426,0.996116,0.000458,L,0.996116,0.992689,0.024438,0.004343,0.098285
85,24,00492,rain,252,1,0.001268,0.998546,0.000187,L,0.998546,0.997278,0.010477,0.001641,0.250698
85,24,00492,rain,873,1,0.006233,0.992859,0.000908,L,0.992859,0.986626,0.041074,0.008049,0.114125
85,24,00492,rain,391,1,0.000000,1.000000,0.000000,L,1.000000,0.999999,0.000007,0.000001,0.776024
85,24,00492,rain,210,1,0.009314,0.989368,0.001318,L,0.989368,0.980055,0.057224,0.011949,0.152051
85,24,00492,rain,513,1,0.008986,0.989578,0.001437,L,0.989578,0.980592,0.056539,0.011859,0.151609
85,24,00492,rain,254,1,0.002519,0.997082,0.000399,L,0.997082,0.994564,0.019213,0.003316,0.270120
85,24,00492,rain,299,1,0.001934,0.997819,0.000248,L,0.997819,0.995885,0.014853,0.002429,0.130168
85,24,00492,rain,433,1,0.000001,0.999999,0.000000,L,0.999999,0.999998,0.000017,0.000001,0.598717
85,24,00492,rain,215,1,0.005611,0.993572,0.000817,L,0.993572,0.987961,0.037592,0.007245,0.132205
85,24,00492,rain,574,1,0.005691,0.993438,0.000871,L,0.993438,0.987748,0.038314,0.007433,0.125621
85,24,00492,rain,870,1,0.032404,0.962787,0.004808,L,0.962787,0.930383,0.157749,0.042021,0.175098
85,24,00492,rain,604,1,0.003192,0.996174,0.000634,L,0.996174,0.992982,0.024426,0.004461,0.262973
85,24,00492,rain,345,1,0.000449,0.999473,0.000078,L,0.999473,0.999025,0.004299,0.000605,0.373466
85,24,00492,rain,605,1,0.003667,0.995748,0.000584,L,0.995748,0.992081,0.026543,0.004836,0.140803
85,24,00492,rain,691,1,0.000000,1.000000,0.000000,L,1.000000,1.000000,0.000001,0.000000,0.852636
85,24,00492,rain,256,1,0.005045,0.994286,0.000669,L,0.994286,0.989241,0.033929,0.006384,0.141317
85,24,00492,rain,785,1,0.003638,0.995857,0.000505,L,0.995857,0.992220,0.025848,0.004647,0.101640
85,24,00492,rain,395,1,0.002232,0.997400,0.000369,L,0.997400,0.995168,0.017419,0.002969,0.180311
85,24,00492,rain,209,1,0.004208,0.995249,0.000543,L,0.995249,0.991041,0.028988,0.005295,0.125729
85,24,00492,rain,300,1,0.012397,0.985462,0.002141,L,0.985462,0.973065,0.074657,0.016679,0.238573
85,24,00492,rain,875,1,0.003721,0.995785,0.000494,L,0.995785,0.992064,0.026199,0.004710,0.087121
85,24,00492,rain,434,1,0.000002,0.999998,0.000000,L,0.999998,0.999996,0.000025,0.000002,0.581399
85,24,00492,rain,390,1,0.002451,0.997130,0.000419,L,0.997130,0.994678,0.018988,0.003289,0.310534
85,24,00492,rain,694,1,0.002425,0.997117,0.000458,L,0.997117,0.994692,0.019116,0.003340,0.356520
85,24,00492,rain,211,1,0.019075,0.977925,0.003000,L,0.977925,0.958850,0.104480,0.025075,0.185394
85,24,00492,rain,526,1,0.003189,0.996407,0.000403,L,0.996407,0.993218,0.022822,0.003996,0.110741
85,24,00492,rain,213,1,0.020389,0.976023,0.003589,L,0.976023,0.955634,0.112196,0.027566,0.222749
85,24,00492,rain,874,1,0.004552,0.994771,0.000677,L,0.994771,0.990220,0.031585,0.005906,0.116984
85,24,00492,rain,389,1,0.003424,0.996077,0.000500,L,0.996077,0.992653,0.024713,0.004423,0.184291
85,24,00492,rain,780,1,0.002700,0.996838,0.000462,L,0.996838,0.994137,0.020641,0.003624,0.249265
85,24,00492,rain,251,1,0.002402,0.997282,0.000316,L,0.997282,0.994879,0.017979,0.003035,0.184582
85,24,00492,rain,392,1,0.000000,1.000000,0.000000,L,1.000000,1.000000,0.000001,0.000000,0.998954
85,24,00492,rain,781,1,0.000053,0.999938,0.000009,L,0.999938,0.999885,0.000627,0.000071,0.486848
85,24,00492,rain,569,1,0.024952,0.971644,0.003404,L,0.971644,0.946692,0.126877,0.031761,0.120132
85,24,00492,rain,596,0,0.002929,0.996730,0.000341,L,0.996730,0.993801,0.021002,0.003611,0.072477
85,24,00492,rain,1407,0,0.005678,0.993681,0.000640,L,0.993681,0.988003,0.036748,0.006959,0.085500
85,24,00492,rain,554,0,0.003988,0.995484,0.000528,L,0.995484,0.991497,0.027781,0.005044,0.064553
85,24,00492,rain,1106,0,0.013484,0.984264,0.002252,L,0.984264,0.970781,0.079558,0.017987,0.165887
85,24,00492,rain,956,0,0.010762,0.987944,0.001294,L,0.987944,0.977182,0.063130,0.013349,0.089580
85,24,00492,rain,16,0,0.005339,0.993913,0.000748,L,0.993913,0.988574,0.035856,0.006835,0.114825
85,24,00492,rain,835,0,0.020606,0.976835,0.002559,L,0.976835,0.956229,0.107559,0.025725,0.097044
85,24,00492,rain,503,0,0.004021,0.995522,0.000457,L,0.995522,0.991501,0.027456,0.004935,0.065367
85,24,00492,rain,358,0,0.001852,0.997917,0.000231,L,0.997917,0.996065,0.014262,0.002314,0.115525
85,24,00492,rain,716,0,0.003785,0.995748,0.000467,L,0.995748,0.991963,0.026333,0.004718,0.124083
85,24,00492,rain,199,0,0.010937,0.987251,0.001812,L,0.987251,0.976314,0.066897,0.014561,0.119926
85,24,00492,rain,771,0,0.007022,0.992117,0.000862,L,0.992117,0.985095,0.044374,0.008745,0.097878
85,24,00492,rain,818,0,0.009121,0.989598,0.001281,L,0.989598,0.980477,0.056183,0.011683,0.121886
85,24,00492,rain,652,0,0.005113,0.994187,0.000700,L,0.994187,0.989074,0.034461,0.006514,0.089059
85,24,00492,rain,856,0,0.009562,0.989307,0.001131,L,0.989307,0.979745,0.057139,0.011825,0.085938
85,24,00492,rain,1267,0,0.009938,0.988020,0.002043,L,0.988020,0.978082,0.064069,0.014023,0.262032
85,24,00492,rain,637,0,0.001725,0.998043,0.000232,L,0.998043,0.996318,0.013536,0.002189,0.116932
85,24,00492,rain,104,0,0.012172,0.985952,0.001876,L,0.985952,0.973780,0.072262,0.015924,0.138438
86,24,00549,rain,745,1,0.004527,0.994781,0.000692,L,0.994781,0.990254,0.031564,0.005911,0.182254
86,24,00549,rain,839,1,0.009460,0.988856,0.001684,L,0.988856,0.979397,0.060009,0.012828,0.314891
86,24,00549,rain,567,1,0.012094,0.985826,0.002080,L,0.985826,0.973731,0.073106,0.016254,0.236210
86,24,00549,rain,655,1,0.001956,0.997735,0.000309,L,0.997735,0.995779,0.015437,0.002574,0.213659
86,24,00549,rain,782,1,0.004551,0.994769,0.000681,L,0.994769,0.990218,0.031603,0.005912,0.194272
86,24,00549,rain,957,1,0.002807,0.996750,0.000443,L,0.996750,0.993944,0.021078,0.003693,0.228194
86,24,00549,rain,660,1,0.000444,0.999468,0.000087,L,0.999468,0.999024,0.004349,0.000619,0.426085
86,24,00549,rain,686,1,0.000942,0.998939,0.000120,L,0.998939,0.997997,0.007922,0.001181,0.173561
86,24,00549,rain,869,1,0.000126,0.999861,0.000013,L,0.999861,0.999735,0.001287,0.000152,0.158858
86,24,00549,rain,751,1,0.001280,0.998521,0.000199,L,0.998521,0.997240,0.010651,0.001678,0.152957
86,24,00549,rain,863,1,0.015643,0.982447,0.001911,L,0.982447,0.966804,0.085925,0.019464,0.105504
86,24,00549,rain,954,1,0.010778,0.987726,0.001497,L,0.987726,0.976948,0.064409,0.013771,0.181594
86,24,00549,rain,750,1,0.000660,0.999209,0.000131,L,0.999209,0.998549,0.006185,0.000922,0.427044
86,24,00549,rain,1225,1,0.004478,0.994964,0.000559,L,0.994964,0.990487,0.030424,0.005595,0.131877
86,24,00549,rain,1139,1,0.002463,0.997211,0.000326,L,0.997211,0.994748,0.018382,0.003114,0.113410
86,24,00549,rain,1043,1,0.003145,0.996426,0.000429,L,0.996426,0.993282,0.022768,0.004003,0.174044
86,24,00549,rain,1227,1,0.008387,0.990562,0.001051,L,0.990562,0.982175,0.051608,0.010488,0.103630
86,24,00549,rain,955,1,0.002345,0.997312,0.000343,L,0.997312,0.994967,0.017858,0.003030,0.235253
86,24,00549,rain,779,1,0.000001,0.999999,0.000000,L,0.999999,0.999998,0.000016,0.000001,0.608531
86,24,00549,rain,597,1,0.012925,0.985379,0.001696,L,0.985379,0.972454,0.074220,0.016317,0.152733
86,24,00549,rain,866,1,0.003239,0.996340,0.000421,L,0.996340,0.993101,0.023205,0.004081,0.165592
86,24,00549,rain,748,1,0.000000,1.000000,0.000000,L,1.000000,1.000000,0.000001,0.000000,0.992264
86,24,00549,rain,690,1,0.000014,0.999984,0.000002,L,0.999984,0.999970,0.000183,0.000018,0.465359
86,24,00549,rain,840,1,0.011175,0.986877,0.001948,L,0.986877,0.975702,0.068648,0.015072,0.201864
86,24,00549,rain,1044,1,0.005389,0.993789,0.000822,L,0.993789,0.988400,0.036573,0.007033,0.245873
86,24,00549,rain,596,1,0.007772,0.991234,0.000994,L,0.991234,0.983462,0.048561,0.009760,0.116927
86,24,00549,rain,570,1,0.001714,0.998023,0.000262,L,0.998023,0.996309,0.013706,0.002239,0.149483
86,24,00549,rain,568,1,0.010380,0.987839,0.001780,L,0.987839,0.977459,0.064421,0.013941,0.283450
86,24,00549,rain,960,1,0.003609,0.995972,0.000419,L,0.995972,0.992364,0.025101,0.004447,0.094993
86,24,00549,rain,1049,1,0.003402,0.996097,0.000501,L,0.996097,0.992694,0.024613,0.004405,0.147096
86,24,00549,rain,598,1,0.006373,0.992679,0.000948,L,0.992679,0.986306,0.041972,0.008268,0.231305
86,24,00549,rain,659,1,0.000008,0.999991,0.000001,L,0.999991,0.999982,0.000110,0.000010,0.615254
86,24,00549,rain,661,1,0.001678,0.998080,0.000242,L,0.998080,0.996403,0.013337,0.002161,0.129605
86,24,00549,rain,1045,1,0.000000,1.000000,0.000000,L,1.000000,1.000000,0.000002,0.000000,0.672469
86,24,00549,rain,1136,1,0.000001,0.999999,0.000000,L,0.999999,0.999998,0.000016,0.000001,0.605718
86,24,00549,rain,835,1,0.008370,0.990303,0.001326,L,0.990303,0.981933,0.053224,0.011023,0.185493
86,24,00549,rain,480,0,0.008654,0.990059,0.001287,L,0.990059,0.981405,0.054214,0.011228,0.115336
86,24,00549,rain,252,0,0.001260,0.998585,0.000155,L,0.998585,0.997325,0.010185,0.001571,0.124886
86,24,00549,rain,383,0,0.007684,0.991211,0.001105,L,0.991211,0.983527,0.048864,0.009894,0.127829
86,24,00549,rain,198,0,0.004212,0.995208,0.000581,L,0.995208,0.990996,0.029259,0.005373,0.136313
86,24,00549,rain,581,0,0.001779,0.998004,0.000217,L,0.998004,0.996225,0.013735,0.002213,0.091609
86,24,00549,rain,1090,0,0.004356,0.995053,0.000590,L,0.995053,0.990697,0.030041,0.005537,0.078689
86,24,00549,rain,288,0,0.010443,0.988226,0.001331,L,0.988226,0.977783,0.062037,0.013104,0.118547
86,24,00549,rain,967,0,0.007385,0.991585,0.001030,L,0.991585,0.984201,0.047069,0.009445,0.136362
86,24,00549,rain,914,0,0.007648,0.991353,0.000999,L,0.991353,0.983705,0.048045,0.009646,0.065026
86,24,00549,rain,121,0,0.010309,0.988476,0.001215,L,0.988476,0.978167,0.060780,0.012739,0.097668
86,24,00549,rain,1194,0,0.024113,0.973002,0.002885,L,0.973002,0.948889,0.121358,0.029884,0.088278
86,24,00549,rain,417,0,0.004243,0.995299,0.000458,L,0.995299,0.991057,0.028568,0.005158,0.076834
86,24,00549,rain,207,0,0.002877,0.996752,0.000372,L,0.996752,0.993875,0.020946,0.003620,0.120003
86,24,00549,rain,603,0,0.003240,0.996370,0.000390,L,0.996370,0.993130,0.022991,0.004020,0.104153
86,24,00549,rain,31,0,0.007922,0.991119,0.000959,L,0.991119,0.983198,0.048999,0.009839,0.102188
86,24,00549,rain,625,0,0.001136,0.998727,0.000138,L,0.998727,0.997591,0.009282,0.001411,0.148061
86,24,00549,rain,13,0,0.011050,0.987313,0.001637,L,0.987313,0.976262,0.066349,0.014324,0.137230
86,24,00549,rain,889,0,0.003638,0.995920,0.000442,L,0.995920,0.992283,0.025411,0.004522,0.143058
87,25,00154,rain,194,1,0.022115,0.974011,0.003874,L,0.974011,0.951895,0.119654,0.029863,0.190487
87,25,00154,rain,212,1,0.007339,0.991471,0.001191,L,0.991471,0.984132,0.047857,0.009720,0.176948
87,25,00154,rain,641,1,0.032493,0.960738,0.006769,L,0.960738,0.928245,0.167156,0.046031,0.236137
87,25,00154,rain,126,1,0.001914,0.997843,0.000242,L,0.997843,0.995929,0.014703,0.002399,0.122236
87,25,00154,rain,727,1,0.000010,0.999988,0.000002,L,0.999988,0.999977,0.000141,0.000014,0.647189
87,25,00154,rain,908,1,0.024275,0.971321,0.004404,L,0.971321,0.947047,0.129634,0.033083,0.259158
87,25,00154,rain,273,1,0.005719,0.993101,0.001180,L,0.993101,0.987382,0.040379,0.008078,0.311026
87,25,00154,rain,822,1,0.000550,0.999378,0.000072,L,0.999378,0.998829,0.004945,0.000693,0.116254
87,25,00154,rain,287,1,0.004337,0.994796,0.000867,L,0.994796,0.990459,0.031764,0.006070,0.243016
87,25,00154,rain,361,1,0.000002,0.999998,0.000000,L,0.999998,0.999997,0.000023,0.000002,0.943168
87,25,00154,rain,283,1,0.002560,0.996930,0.000510,L,0.996930,0.994371,0.020214,0.003580,0.375986
87,25,00154,rain,732,1,0.003142,0.996365,0.000494,L,0.996365,0.993223,0.023205,0.004129,0.133169
87,25,00154,rain,555,1,0.015177,0.982197,0.002626,L,0.982197,0.967020,0.088120,0.020429,0.206327
87,25,00154,rain,303,1,0.000001,0.999999,0.000000,L,0.999999,0.999999,0.000010,0.000001,0.528479
87,25,00154,rain,451,1,0.002744,0.996831,0.000425,L,0.996831,0.994086,0.020618,0.003595,0.209492
87,25,00154,rain,465,1,0.000047,0.999943,0.000010,L,0.999943,0.999896,0.000582,0.000067,0.594982
87,25,00154,rain,210,1,0.000670,0.999246,0.000084,L,0.999246,0.998575,0.005865,0.000839,0.147339
87,25,00154,rain,377,1,0.000697,0.999145,0.000158,L,0.999145,0.998447,0.006652,0.001014,0.493746
87,25,00154,rain,551,1,0.034060,0.959692,0.006248,L,0.959692,0.925631,0.169585,0.046557,0.194424
87,25,00154,rain,554,1,0.004449,0.994754,0.000797,L,0.994754,0.990305,0.031868,0.006043,0.248051
87,25,00154,rain,820,1,0.007337,0.991244,0.001419,L,0.991244,0.983907,0.049228,0.010175,0.226512
87,25,00154,rain,394,1,0.000007,0.999992,0.000001,L,0.999992,0.999986,0.000090,0.000008,0.303534
87,25,00154,rain,453,1,0.004371,0.994775,0.000854,L,0.994775,0.990404,0.031850,0.006078,0.272766
87,25,00154,rain,636,1,0.014174,0.983226,0.002600,L,0.983226,0.969052,0.084142,0.019374,0.274400
87,25,00154,rain,274,1,0.004911,0.994119,0.000970,L,0.994119,0.989208,0.035228,0.006851,0.359071
87,25,00154,rain,364,1,0.000801,0.999019,0.000180,L,0.999019,0.998218,0.007503,0.001161,0.377457
87,25,00154,rain,454,1,0.007701,0.990949,0.001350,L,0.990949,0.983249,0.050431,0.010400,0.187831
87,25,00154,rain,729,1,0.000002,0.999998,0.000000,L,0.999998,0.999997,0.000023,0.000002,0.999338
87,25,00154,rain,638,1,0.000002,0.999998,0.000000,L,0.999998,0.999996,0.000026,0.000002,0.667183
87,25,00154,rain,553,1,0.008173,0.990379,0.001448,L,0.990379,0.982206,0.053093,0.011069,0.235971
87,25,00154,rain,549,1,0.037039,0.956115,0.006846,L,0.956115,0.919075,0.181231,0.050732,0.196206
87,25,00154,rain,450,1,0.003925,0.995533,0.000541,L,0.995533,0.991608,0.027559,0.005008,0.175258
87,25,00154,rain,557,1,0.005613,0.993576,0.000812,L,0.993576,0.987963,0.037566,0.007236,0.102047
87,25,00154,rain,547,1,0.024385,0.971104,0.004511,L,0.971104,0.946719,0.130528,0.033407,0.230766
87,25,00154,rain,546,1,0.007410,0.991222,0.001368,L,0.991222,0.983812,0.049250,0.010146,0.220681
87,25,00154,rain,639,1,0.000008,0.999990,0.000002,L,0.999990,0.999982,0.000115,0.000011,0.627202
87,25,00154,rain,1172,0,0.017447,0.980124,0.002429,L,0.980124,0.962676,0.095518,0.022305,0.118152
87,25,00154,rain,745,0,0.003181,0.996423,0.000395,L,0.996423,0.993242,0.022721,0.003972,0.120644
87,25,00154,rain,96,0,0.003230,0.996372,0.000399,L,0.996372,0.993142,0.022997,0.004027,0.095358
87,25,00154,rain,795,0,0.004070,0.995484,0.000446,L,0.995484,0.991414,0.027627,0.004963,0.084052
87,25,00154,rain,505,0,0.001616,0.998195,0.000189,L,0.998195,0.996579,0.012572,0.001994,0.092561
87,25,00154,rain,1025,0,0.007912,0.991040,0.001048,L,0.991040,0.983128,0.049514,0.010007,0.099237
87,25,00154,rain,400,0,0.002170,0.997559,0.000271,L,0.997559,0.995388,0.016362,0.002713,0.112746
87,25,00154,rain,627,0,0.001259,0.998588,0.000153,L,0.998588,0.997329,0.010159,0.001565,0.146828
87,25,00154,rain,209,0,0.000830,0.999073,0.000097,L,0.999073,0.998244,0.007017,0.001024,0.118601
87,25,00154,rain,784,0,0.003056,0.996565,0.000379,L,0.996565,0.993509,0.021950,0.003815,0.138589
87,25,00154,rain,1412,0,0.005492,0.993803,0.000705,L,0.993803,0.988311,0.036300,0.006903,0.109858
87,25,00154,rain,949,0,0.007095,0.991729,0.001176,L,0.991729,0.984634,0.046675,0.009447,0.177865
87,25,00154,rain,1134,0,0.006991,0.992121,0.000888,L,0.992121,0.985130,0.044404,0.008766,0.081394
87,25,00154,rain,1392,0,0.005067,0.994283,0.000650,L,0.994283,0.989216,0.033905,0.006367,0.111932
87,25,00154,rain,1260,0,0.005136,0.994115,0.000749,L,0.994115,0.988979,0.034892,0.006634,0.125261
87,25,00154,rain,1250,0,0.001122,0.998739,0.000139,L,0.998739,0.997617,0.009209,0.001400,0.129413
87,25,00154,rain,499,0,0.001622,0.998155,0.000223,L,0.998155,0.996534,0.012867,0.002068,0.112375
87,25,00154,rain,511,0,0.001615,0.998183,0.000202,L,0.998183,0.996568,0.012665,0.002019,0.123381
88,25,00211,rain,1285,1,0.001419,0.998401,0.000181,L,0.998401,0.996982,0.011341,0.001780,0.103672
88,25,00211,rain,470,1,0.030649,0.964571,0.004780,L,0.964571,0.933922,0.152146,0.040208,0.139345
88,25,00211,rain,553,1,0.011029,0.987334,0.001638,L,0.987334,0.976305,0.066265,0.014304,0.143640
88,25,00211,rain,206,1,0.000247,0.999709,0.000044,L,0.999709,0.999461,0.002536,0.000335,0.498259
88,25,00211,rain,830,1,0.000917,0.998968,0.000115,L,0.998968,0.998050,0.007729,0.001147,0.095400
88,25,00211,rain,1368,1,0.007058,0.991627,0.001316,L,0.991627,0.984569,0.047358,0.009689,0.324604
88,25,00211,rain,559,1,0.017295,0.979791,0.002914,L,0.979791,0.962496,0.097566,0.023123,0.144897
88,25,00211,rain,828,1,0.041173,0.952419,0.006408,L,0.952419,0.911246,0.191270,0.053988,0.150642
88,25,00211,rain,560,1,0.020013,0.976750,0.003236,L,0.976750,0.956737,0.109057,0.026486,0.141362
88,25,00211,rain,278,1,0.008663,0.989820,0.001516,L,0.989820,0.981157,0.055624,0.011696,0.359874
88,25,00211,rain,646,1,0.000004,0.999995,0.000001,L,0.999995,0.999991,0.000061,0.000006,0.665572
88,25,00211,rain,113,1,0.017214,0.980316,0.002469,L,0.980316,0.963102,0.094882,0.022153,0.141867
88,25,00211,rain,827,1,0.024786,0.971152,0.004062,L,0.971152,0.946365,0.129656,0.032911,0.175270
88,25,00211,rain,292,1,0.017324,0.979926,0.002751,L,0.979926,0.962602,0.096803,0.022825,0.166082
88,25,00211,rain,556,1,0.018562,0.978011,0.003427,L,0.978011,0.959449,0.104858,0.025417,0.312109
88,25,00211,rain,298,1,0.000227,0.999738,0.000034,L,0.999738,0.999511,0.002297,0.000296,0.584720
88,25,00211,rain,202,1,0.006859,0.992048,0.001093,L,0.992048,0.985189,0.045098,0.009045,0.177536
88,25,00211,rain,388,1,0.000945,0.998866,0.000189,L,0.998866,0.997921,0.008495,0.001322,0.428636
88,25,00211,rain,548,1,0.004925,0.994132,0.000943,L,0.994132,0.989207,0.035125,0.006811,0.288494
88,25,00211,rain,647,1,0.000001,0.999999,0.000000,L,0.999999,0.999998,0.000013,0.000001,0.945202
88,25,00211,rain,547,1,0.028093,0.966423,0.005484,L,0.966423,0.938330,0.147378,0.039061,0.274309
88,25,00211,rain,293,1,0.007891,0.990839,0.001270,L,0.990839,0.982949,0.050787,0.010431,0.195172
88,25,00211,rain,733,1,0.045722,0.948063,0.006215,L,0.948063,0.902341,0.203167,0.058152,0.089108
88,25,00211,rain,459,1,0.000013,0.999985,0.000002,L,0.999985,0.999972,0.000171,0.000017,0.628706
88,25,00211,rain,383,1,0.034588,0.959545,0.005868,L,0.959545,0.924957,0.169429,0.046323,0.216421
88,25,00211,rain,373,1,0.003337,0.996118,0.000545,L,0.996118,0.992781,0.024578,0.004428,0.140263
88,25,00211,rain,1278,1,0.004463,0.994753,0.000784,L,0.994753,0.990291,0.031851,0.006031,0.281597
88,25,00211,rain,118,1,0.011919,0.986246,0.001835,L,0.986246,0.974328,0.071014,0.015589,0.121824
88,25,00211,rain,464,1,0.032783,0.961092,0.006125,L,0.961092,0.928309,0.165114,0.045033,0.235705
88,25,00211,rain,648,1,0.000000,1.000000,0.000000,L,1.000000,0.999999,0.000005,0.000000,0.763704
88,25,00211,rain,643,1,0.019224,0.977909,0.002867,L,0.977909,0.958685,0.104308,0.024958,0.122087
88,25,00211,rain,1284,1,0.000591,0.999325,0.000084,L,0.999325,0.998733,0.005334,0.000759,0.173766
88,25,00211,rain,386,1,0.000004,0.999996,0.000001,L,0.999996,0.999992,0.000054,0.000005,0.798406
88,25,00211,rain,557,1,0.012163,0.985547,0.002290,L,0.985547,0.973384,0.074549,0.016743,0.313899
88,25,00211,rain,467,1,0.019428,0.976823,0.003749,L,0.976823,0.957396,0.109606,0.026926,0.256955
88,25,00211,rain,295,1,0.000007,0.999992,0.000001,L,0.999992,0.999984,0.000101,0.000010,0.904440
88,25,00211,rain,344,0,0.001181,0.998686,0.000132,L,0.998686,0.997505,0.009518,0.001446,0.108562
88,25,00211,rain,90,0,0.003859,0.995670,0.000471,L,0.995670,0.991811,0.026735,0.004800,0.093314
88,25,00211,rain,1344,0,0.004870,0.994518,0.000612,L,0.994518,0.989648,0.032702,0.006094,0.109867
88,25,00211,rain,12,0,0.002975,0.996654,0.000371,L,0.996654,0.993680,0.021460,0.003717,0.096601
88,25,00211,rain,1337,0,0.004555,0.994953,0.000491,L,0.994953,0.990398,0.030344,0.005538,0.101284
88,25,00211,rain,536,0,0.001043,0.998831,0.000127,L,0.998831,0.997788,0.008614,0.001296,0.138686
88,25,00211,rain,1405,0,0.005479,0.993772,0.000748,L,0.993772,0.988293,0.036523,0.006976,0.108987
88,25,00211,rain,1178,0,0.004680,0.994595,0.000725,L,0.994595,0.989915,0.032530,0.006130,0.093139
88,25,00211,rain,589,0,0.001999,0.997775,0.000226,L,0.997775,0.995776,0.015058,0.002451,0.111405
88,25,00211,rain,182,0,0.004276,0.994976,0.000749,L,0.994976,0.990700,0.030697,0.005773,0.182840
88,25,00211,rain,992,0,0.006348,0.992694,0.000958,L,0.992694,0.986345,0.041924,0.008264,0.117898
88,25,00211,rain,744,0,0.004431,0.994978,0.000591,L,0.994978,0.990546,0.030418,0.005614,0.088721
88,25,00211,rain,587,0,0.001996,0.997779,0.000225,L,0.997779,0.995784,0.015031,0.002445,0.093488
88,25,00211,rain,447,0,0.001806,0.997972,0.000223,L,0.997972,0.996166,0.013931,0.002251,0.114263
88,25,00211,rain,351,0,0.001226,0.998647,0.000127,L,0.998647,0.997422,0.009747,0.001479,0.097163
88,25,00211,rain,194,0,0.003739,0.995681,0.000581,L,0.995681,0.991942,0.026882,0.004900,0.133858
88,25,00211,rain,425,0,0.001836,0.997964,0.000200,L,0.997964,0.996128,0.013930,0.002236,0.074192
88,25,00211,rain,193,0,0.005262,0.993997,0.000741,L,0.993997,0.988734,0.035443,0.006744,0.095388
89,25,00269,rain,181,1,0.013646,0.984308,0.002045,L,0.984308,0.970662,0.079040,0.017737,0.162306
89,25,00269,rain,1122,1,0.009009,0.989758,0.001233,L,0.989758,0.980749,0.055412,0.011475,0.150416
89,25,00269,rain,182,1,0.020753,0.975970,0.003277,L,0.975970,0.955216,0.111874,0.027307,0.188875
89,25,00269,rain,364,1,0.003930,0.995344,0.000725,L,0.995344,0.991414,0.028816,0.005381,0.200220
89,25,00269,rain,490,1,0.000177,0.999795,0.000027,L,0.999795,0.999618,0.001843,0.000232,0.396597
89,25,00269,rain,118,1,0.000155,0.999819,0.000026,L,0.999819,0.999664,0.001652,0.000207,0.508388
89,25,00269,rain,274,1,0.004606,0.994657,0.000737,L,0.994657,0.990051,0.032249,0.006081,0.130790
89,25,00269,rain,390,1,0.018200,0.979166,0.002634,L,0.979166,0.960966,0.099375,0.023468,0.133820
89,25,00269,rain,1393,1,0.000149,0.999830,0.000021,L,0.999830,0.999682,0.001554,0.000191,0.218323
89,25,00269,rain,1304,1,0.000000,1.000000,0.000000,L,1.000000,0.999999,0.000007,0.000001,0.523146
89,25,00269,rain,402,1,0.016598,0.981097,0.002305,L,0.981097,0.964499,0.091704,0.021208,0.134881
89,25,00269,rain,491,1,0.000000,1.000000,0.000000,L,1.000000,0.999999,0.000006,0.000000,0.699971
89,25,00269,rain,119,1,0.000004,0.999995,0.000001,L,0.999995,0.999991,0.000058,0.000005,0.671254
89,25,00269,rain,1212,1,0.000000,1.000000,0.000000,L,1.000000,1.000000,0.000004,0.000000,0.536572
89,25,00269,rain,1302,1,0.000001,0.999999,0.000000,L,0.999999,0.999998,0.000011,0.000001,0.525454
89,25,00269,rain,180,1,0.003091,0.996489,0.000420,L,0.996489,0.993398,0.022424,0.003931,0.120432
89,25,00269,rain,764,1,0.003780,0.995782,0.000438,L,0.995782,0.992002,0.026107,0.004656,0.082860
89,25,00269,rain,398,1,0.014563,0.983491,0.001946,L,0.983491,0.968928,0.082020,0.018455,0.121078
89,25,00269,rain,211,1,0.000489,0.999409,0.000102,L,0.999409,0.998920,0.004788,0.000694,0.391736
89,25,00269,rain,116,1,0.005746,0.993365,0.000889,L,0.993365,0.987619,0.038691,0.007525,0.201884
89,25,00269,rain,207,1,0.014406,0.982972,0.002622,L,0.982972,0.968566,0.085152,0.019650,0.290416
89,25,00269,rain,273,1,0.004799,0.994346,0.000855,L,0.994346,0.989547,0.033953,0.006509,0.225690
89,25,00269,rain,212,1,0.000988,0.998852,0.000161,L,0.998852,0.997864,0.008542,0.001309,0.174718
89,25,00269,rain,494,1,0.003654,0.995884,0.000461,L,0.995884,0.992230,0.025630,0.004577,0.088972
89,25,00269,rain,31,1,0.012302,0.985722,0.001976,L,0.985722,0.973421,0.073349,0.016254,0.143860
89,25,00269,rain,389,1,0.014096,0.983966,0.001938,L,0.983966,0.969870,0.080178,0.017972,0.137465
89,25,00269,rain,1394,1,0.006997,0.991908,0.001096,L,0.991908,0.984911,0.045738,0.009188,0.145246
89,25,00269,rain,760,1,0.032447,0.963577,0.003976,L,0.963577,0.931130,0.153796,0.040399,0.133426
89,25,00269,rain,1215,1,0.000002,0.999998,0.000000,L,0.999998,0.999996,0.000025,0.000002,0.431805
89,25,00269,rain,1121,1,0.003424,0.996117,0.000459,L,0.996117,0.992693,0.024432,0.004342,0.189482
89,25,00269,rain,1126,1,0.001164,0.998665,0.000172,L,0.998665,0.997501,0.009725,0.001507,0.154240
89,25,00269,rain,120,1,0.000091,0.999892,0.000018,L,0.999892,0.999801,0.001044,0.000126,0.488432
89,25,00269,rain,763,1,0.005366,0.994000,0.000634,L,0.994000,0.988633,0.035229,0.006634,0.086405
89,25,00269,rain,29,1,0.008062,0.990597,0.001341,L,0.990597,0.982535,0.051967,0.010744,0.213859
89,25,00269,rain,1213,1,0.000000,1.000000,0.000000,L,1.000000,1.000000,0.000001,0.000000,0.644386
89,25,00269,rain,453,1,0.005541,0.993535,0.000924,L,0.993535,0.987994,0.037946,0.007389,0.175787
89,25,00269,rain,753,0,0.001929,0.997846,0.000225,L,0.997846,0.995916,0.014657,0.002379,0.076006
89,25,00269,rain,641,0,0.002054,0.997678,0.000267,L,0.997678,0.995623,0.015686,0.002590,0.115259
89,25,00269,rain,113,0,0.011381,0.987177,0.001442,L,0.987177,0.975796,0.066550,0.014265,0.095707
89,25,00269,rain,694,0,0.002695,0.996985,0.000320,L,0.996985,0.994290,0.019600,0.003336,0.098033
89,25,00269,rain,335,0,0.001460,0.998392,0.000148,L,0.998392,0.996931,0.011327,0.001756,0.107630
89,25,00269,rain,1402,0,0.005960,0.993258,0.000782,L,0.993258,0.987299,0.038997,0.007524,0.112067
89,25,00269,rain,1385,0,0.014887,0.983043,0.002070,L,0.983043,0.968155,0.083961,0.019027,0.121272
89,25,00269,rain,263,0,0.000654,0.999248,0.000098,L,0.999248,0.998594,0.005873,0.000850,0.317748
89,25,00269,rain,860,0,0.005766,0.993507,0.000727,L,0.993507,0.987741,0.037734,0.007220,0.119255
89,25,00269,rain,1381,0,0.005410,0.993795,0.000795,L,0.993795,0.988385,0.036499,0.007000,0.111320
89,25,00269,rain,771,0,0.004195,0.995278,0.000527,L,0.995278,0.991082,0.028814,0.005250,0.120085
89,25,00269,rain,1174,0,0.025416,0.971007,0.003576,L,0.971007,0.945591,0.129302,0.032569,0.106418
89,25,00269,rain,155,0,0.002545,0.997198,0.000257,L,0.997198,0.994654,0.018317,0.003058,0.102462
89,25,00269,rain,382,0,0.008058,0.990966,0.000976,L,0.990966,0.982907,0.049706,0.010010,0.071757
89,25,00269,rain,57,0,0.001555,0.998269,0.000176,L,0.998269,0.996714,0.012110,0.001906,0.108343
89,25,00269,rain,1290,0,0.004556,0.994833,0.000611,L,0.994833,0.990276,0.031166,0.005778,0.084560
89,25,00269,rain,1271,0,0.004824,0.994447,0.000729,L,0.994447,0.989623,0.033256,0.006282,0.110740
89,25,00269,rain,1263,0,0.004494,0.994946,0.000560,L,0.994946,0.990452,0.030513,0.005613,0.068834
90,25,00475,rain,673,1,0.007995,0.990641,0.001364,L,0.990641,0.982647,0.051811,0.010723,0.262455
90,25,00475,rain,590,1,0.003614,0.995962,0.000424,L,0.995962,0.992348,0.025163,0.004462,0.080196
90,25,00475,rain,955,1,0.006563,0.992506,0.000931,L,0.992506,0.985943,0.042735,0.008424,0.141840
90,25,00475,rain,1133,1,0.000658,0.999225,0.000117,L,0.999225,0.998567,0.006055,0.000891,0.355757
90,25,00475,rain,796,1,0.003152,0.996489,0.000359,L,0.996489,0.993337,0.022307,0.003870,0.085972
90,25,00475,rain,1045,1,0.000000,1.000000,0.000000,L,1.000000,0.999999,0.000005,0.000000,0.597479
90,25,00475,rain,880,1,0.006124,0.993048,0.000828,L,0.993048,0.986924,0.040058,0.007780,0.169051
90,25,00475,rain,971,1,0.037725,0.957420,0.004856,L,0.957420,0.919695,0.174011,0.047436,0.113655
90,25,00475,rain,585,1,0.000000,1.000000,0.000000,L,1.000000,0.999999,0.000007,0.000001,0.713653
90,25,00475,rain,887,1,0.003499,0.996116,0.000385,L,0.996116,0.992617,0.024298,0.004270,0.069864
90,25,00475,rain,1046,1,0.000009,0.999989,0.000001,L,0.999989,0.999980,0.000128,0.000012,0.419547
90,25,00475,rain,881,1,0.000362,0.999587,0.000051,L,0.999587,0.999226,0.003442,0.000463,0.233155
90,25,00475,rain,885,1,0.004324,0.995181,0.000495,L,0.995181,0.990857,0.029231,0.005314,0.093432
90,25,00475,rain,952,1,0.003878,0.995568,0.000554,L,0.995568,0.991691,0.027403,0.004985,0.139984
90,25,00475,rain,677,1,0.005938,0.992936,0.001126,L,0.992936,0.986999,0.041072,0.008190,0.300064
90,25,00475,rain,493,1,0.001600,0.998184,0.000216,L,0.998184,0.996583,0.012688,0.002032,0.153906
90,25,00475,rain,404,1,0.006886,0.992081,0.001033,L,0.992081,0.985195,0.044847,0.008952,0.206596
90,25,00475,rain,1316,1,0.008971,0.989873,0.001156,L,0.989873,0.980901,0.054781,0.011284,0.111849
90,25,00475,rain,1313,1,0.000211,0.999757,0.000032,L,0.999757,0.999546,0.002148,0.000275,0.289913
90,25,00475,rain,975,1,0.006313,0.992933,0.000754,L,0.992933,0.986619,0.040453,0.007821,0.079604
90,25,00475,rain,498,1,0.001609,0.998105,0.000286,L,0.998105,0.996496,0.013265,0.002180,0.393546
90,25,00475,rain,1043,1,0.002793,0.996729,0.000477,L,0.996729,0.993936,0.021246,0.003748,0.313345
90,25,00475,rain,702,1,0.000597,0.999316,0.000087,L,0.999316,0.998719,0.005399,0.000772,0.249397
90,25,00475,rain,976,1,0.006571,0.992667,0.000763,L,0.992667,0.986096,0.041688,0.008096,0.074436
90,25,00475,rain,680,1,0.002974,0.996682,0.000344,L,0.996682,0.993707,0.021264,0.003663,0.082398
90,25,00475,rain,676,1,0.003854,0.995462,0.000684,L,0.995462,0.991607,0.028161,0.005222,0.325460
90,25,00475,rain,797,1,0.002590,0.997121,0.000289,L,0.997121,0.994530,0.018804,0.003168,0.078211
90,25,00475,rain,765,1,0.047547,0.945469,0.006985,L,0.945469,0.897922,0.211647,0.061516,0.185776
90,25,00475,rain,705,1,0.002532,0.997138,0.000330,L,0.997138,0.994606,0.018791,0.003193,0.129857
90,25,00475,rain,1136,1,0.000000,1.000000,0.000000,L,1.000000,0.999999,0.000006,0.000000,0.585978
90,25,00475,rain,1318,1,0.004371,0.995140,0.000489,L,0.995140,0.990768,0.029423,0.005350,0.085070
90,25,00475,rain,1138,1,0.003826,0.995513,0.000660,L,0.995513,0.991687,0.027861,0.005147,0.159954
90,25,00475,rain,499,1,0.002324,0.997226,0.000450,L,0.997226,0.994902,0.018507,0.003224,0.254910
90,25,00475,rain,956,1,0.014009,0.984110,0.001882,L,0.984110,0.970101,0.079519,0.017772,0.134498
90,25,00475,rain,1228,1,0.002880,0.996750,0.000370,L,0.996750,0.993870,0.020949,0.003619,0.098534
90,25,00475,rain,500,1,0.003143,0.996442,0.000415,L,0.996442,0.993299,0.022663,0.003974,0.110658
90,25,00475,rain,126,0,0.005983,0.993310,0.000708,L,0.993310,0.987327,0.038617,0.007398,0.130286
90,25,00475,rain,512,0,0.001900,0.997869,0.000231,L,0.997869,0.995970,0.014531,0.002361,0.113519
90,25,00475,rain,302,0,0.003732,0.995787,0.000480,L,0.995787,0.992055,0.026162,0.004693,0.074080
90,25,00475,rain,221,0,0.014383,0.983941,0.001676,L,0.983941,0.969559,0.079780,0.017734,0.097921
90,25,00475,rain,377,0,0.001892,0.997870,0.000238,L,0.997870,0.995978,0.014539,0.002367,0.055465
90,25,00475,rain,1347,0,0.003933,0.995570,0.000497,L,0.995570,0.991637,0.027292,0.004927,0.113515
90,25,00475,rain,145,0,0.004347,0.995149,0.000504,L,0.995149,0.990801,0.029408,0.005355,0.105483
90,25,00475,rain,37,0,0.001510,0.998303,0.000187,L,0.998303,0.996792,0.011935,0.001884,0.128004
90,25,00475,rain,149,0,0.000271,0.999697,0.000032,L,0.999697,0.999426,0.002603,0.000335,0.157943
90,25,00475,rain,8,0,0.001560,0.998250,0.000190,L,0.998250,0.996689,0.012253,0.001940,0.099780
90,25,00475,rain,1186,0,0.028915,0.966481,0.004604,L,0.966481,0.937566,0.145803,0.038123,0.153731
90,25,00475,rain,646,0,0.006398,0.992616,0.000987,L,0.992616,0.986218,0.042331,0.008371,0.069761
90,25,00475,rain,828,0,0.004257,0.995094,0.000649,L,0.995094,0.990838,0.029942,0.005555,0.073421
90,25,00475,rain,399,0,0.003829,0.995737,0.000434,L,0.995737,0.991908,0.026328,0.004697,0.073256
90,25,00475,rain,1268,0,0.019506,0.976598,0.003896,L,0.976598,0.957092,0.110627,0.027298,0.253873
90,25,00475,rain,1331,0,0.005084,0.994199,0.000717,L,0.994199,0.989115,0.034434,0.006519,0.115666
90,25,00475,rain,961,0,0.008014,0.990950,0.001036,L,0.990950,0.982936,0.049890,0.010086,0.122226
90,25,00475,rain,443,0,0.001880,0.997908,0.000212,L,0.997908,0.996029,0.014274,0.002304,0.083176
91,25,00532,rain,615,1,0.011764,0.986921,0.001315,L,0.986921,0.975157,0.067339,0.014394,0.089340
91,25,00532,rain,483,1,0.002274,0.997376,0.000349,L,0.997376,0.995102,0.017516,0.002973,0.181797
91,25,00532,rain,665,1,0.007846,0.990852,0.001303,L,0.990852,0.983006,0.050786,0.010451,0.302348
91,25,00532,rain,664,1,0.009220,0.989211,0.001568,L,0.989211,0.979991,0.058317,0.012357,0.267549
91,25,00532,rain,57,1,0.010722,0.987973,0.001306,L,0.987973,0.977251,0.063038,0.013333,0.108115
91,25,00532,rain,325,1,0.000417,0.999533,0.000050,L,0.999533,0.999116,0.003829,0.000517,0.179117
91,25,00532,rain,701,1,0.004702,0.994803,0.000495,L,0.994803,0.990101,0.031089,0.005693,0.106243
91,25,00532,rain,329,1,0.002330,0.997411,0.000259,L,0.997411,0.995081,0.017154,0.002847,0.080902
91,25,00532,rain,797,1,0.003825,0.995753,0.000422,L,0.995753,0.991928,0.026222,0.004669,0.092908
91,25,00532,rain,578,1,0.002189,0.997375,0.000436,L,0.997375,0.995186,0.017660,0.003061,0.375605
91,25,00532,rain,398,1,0.002850,0.996773,0.000377,L,0.996773,0.993923,0.020841,0.003604,0.095902
91,25,00532,rain,795,1,0.003654,0.995957,0.000389,L,0.995957,0.992303,0.025118,0.004432,0.106336
91,25,00532,rain,703,1,0.000098,0.999894,0.000009,L,0.999894,0.999796,0.001011,0.000115,0.131091
91,25,00532,rain,882,1,0.000420,0.999535,0.000045,L,0.999535,0.999115,0.003805,0.000510,0.127686
91,25,00532,rain,880,1,0.001055,0.998819,0.000125,L,0.998819,0.997764,0.008682,0.001306,0.160012
91,25,00532,rain,616,1,0.005168,0.994234,0.000598,L,0.994234,0.989067,0.034040,0.006364,0.077456
91,25,00532,rain,418,1,0.002488,0.997175,0.000336,L,0.997175,0.994687,0.018598,0.003161,0.116083
91,25,00532,rain,330,1,0.002110,0.997629,0.000260,L,0.997629,0.995519,0.015945,0.002631,0.090188
91,25,00532,rain,611,1,0.002949,0.996720,0.000332,L,0.996720,0.993771,0.021039,0.003612,0.083275
91,25,00532,rain,488,1,0.002582,0.997013,0.000404,L,0.997013,0.994431,0.019597,0.003391,0.158706
91,25,00532,rain,239,1,0.002149,0.997594,0.000257,L,0.997594,0.995444,0.016139,0.002664,0.086050
91,25,00532,rain,234,1,0.003412,0.996152,0.000436,L,0.996152,0.992740,0.024208,0.004284,0.147126
91,25,00532,rain,326,1,0.000027,0.999970,0.000003,L,0.999970,0.999942,0.000324,0.000033,0.341287
91,25,00532,rain,487,1,0.000001,0.999999,0.000000,L,0.999999,0.999999,0.000008,0.000001,0.613764
91,25,00532,rain,235,1,0.000007,0.999992,0.000001,L,0.999992,0.999986,0.000091,0.000008,0.417001
91,25,00532,rain,148,1,0.001916,0.997867,0.000217,L,0.997867,0.995951,0.014516,0.002349,0.104602
91,25,00532,rain,666,1,0.007473,0.991325,0.001202,L,0.991325,0.983852,0.048524,0.009876,0.336291
91,25,00532,rain,700,1,0.001163,0.998716,0.000121,L,0.998716,0.997553,0.009313,0.001405,0.109393
91,25,00532,rain,485,1,0.000000,1.000000,0.000000,L,1.000000,0.999999,0.000005,0.000000,0.682968
91,25,00532,rain,415,1,0.011626,0.986855,0.001519,L,0.986855,0.975228,0.068001,0.014665,0.128407
91,25,00532,rain,579,1,0.003627,0.995804,0.000569,L,0.995804,0.992177,0.026231,0.004764,0.129172
91,25,00532,rain,791,1,0.003008,0.996672,0.000320,L,0.996672,0.993664,0.021265,0.003648,0.115181
91,25,00532,rain,575,1,0.000001,0.999999,0.000000,L,0.999999,0.999998,0.000018,0.000001,0.701666
91,25,00532,rain,793,1,0.000002,0.999998,0.000000,L,0.999998,0.999996,0.000028,0.000002,0.249807
91,25,00532,rain,705,1,0.006997,0.992270,0.000733,L,0.992270,0.985274,0.043427,0.008462,0.091702
91,25,00532,rain,327,1,0.000085,0.999906,0.000009,L,0.999906,0.999820,0.000910,0.000104,0.218440
91,25,00532,rain,421,0,0.001598,0.998210,0.000192,L,0.998210,0.996611,0.012493,0.001983,0.091293
91,25,00532,rain,1178,0,0.003101,0.996353,0.000546,L,0.996353,0.993252,0.023353,0.004194,0.190863
91,25,00532,rain,1400,0,0.005499,0.993821,0.000680,L,0.993821,0.988323,0.036163,0.006858,0.104735
91,25,00532,rain,45,0,0.001493,0.998342,0.000166,L,0.998342,0.996849,0.011662,0.001824,0.101376
91,25,00532,rain,565,0,0.001712,0.998089,0.000199,L,0.998089,0.996376,0.013209,0.002110,0.061514
91,25,00532,rain,834,0,0.003478,0.996093,0.000429,L,0.996093,0.992614,0.024502,0.004337,0.083702
91,25,00532,rain,609,0,0.003233,0.996401,0.000366,L,0.996401,0.993168,0.022783,0.003966,0.078759
91,25,00532,rain,785,0,0.002863,0.996813,0.000324,L,0.996813,0.993951,0.020524,0.003510,0.111171
91,25,00532,rain,92,0,0.007355,0.991618,0.001027,L,0.991618,0.984263,0.046915,0.009408,0.115818
91,25,00532,rain,268,0,0.002117,0.997641,0.000241,L,0.997641,0.995524,0.015842,0.002600,0.093699
91,25,00532,rain,1153,0,0.007882,0.991155,0.000964,L,0.991155,0.983273,0.048853,0.009809,0.102411
91,25,00532,rain,992,0,0.006236,0.992855,0.000909,L,0.992855,0.986620,0.041096,0.008054,0.084170
91,25,00532,rain,383,0,0.001679,0.998130,0.000191,L,0.998130,0.996451,0.012958,0.002062,0.060892
91,25,00532,rain,1256,0,0.004014,0.995520,0.000465,L,0.995520,0.991506,0.027481,0.004945,0.105278
91,25,00532,rain,465,0,0.004747,0.994638,0.000615,L,0.994638,0.989890,0.032126,0.005977,0.068895
91,25,00532,rain,1008,0,0.004918,0.994336,0.000745,L,0.994336,0.989418,0.033819,0.006409,0.107136
91,25,00532,rain,680,0,0.002285,0.997445,0.000270,L,0.997445,0.995160,0.016990,0.002825,0.111404
91,25,00532,rain,27,0,0.001371,0.998463,0.000166,L,0.998463,0.997092,0.010937,0.001702,0.098352
92,25,00589,rain,311,1,0.004236,0.995226,0.000539,L,0.995226,0.990990,0.029092,0.005313,0.092700
92,25,00589,rain,220,1,0.005057,0.994248,0.000695,L,0.994248,0.989191,0.034158,0.006448,0.111975
92,25,00589,rain,759,1,0.004746,0.994533,0.000721,L,0.994533,0.989788,0.032823,0.006188,0.230258
92,25,00589,rain,490,1,0.007498,0.991277,0.001224,L,0.991277,0.983779,0.048774,0.009947,0.156040
92,25,00589,rain,673,1,0.003270,0.996289,0.000441,L,0.996289,0.993019,0.023509,0.004152,0.103417
92,25,00589,rain,672,1,0.014010,0.983796,0.002194,L,0.983796,0.969786,0.081281,0.018397,0.176113
92,25,00589,rain,401,1,0.002374,0.997299,0.000328,L,0.997299,0.994925,0.017907,0.003029,0.122965
92,25,00589,rain,398,1,0.000000,1.000000,0.000000,L,1.000000,1.000000,0.000003,0.000000,0.891241
92,25,00589,rain,485,1,0.001794,0.997940,0.000266,L,0.997940,0.996146,0.014190,0.002325,0.189972
92,25,00589,rain,396,1,0.001511,0.998233,0.000256,L,0.998233,0.996722,0.012465,0.002022,0.287636
92,25,00589,rain,492,1,0.004028,0.995496,0.000476,L,0.995496,0.991468,0.027623,0.004980,0.077575
92,25,00589,rain,222,1,0.002079,0.997665,0.000257,L,0.997665,0.995586,0.015740,0.002592,0.089678
92,25,00589,rain,761,1,0.000000,1.000000,0.000000,L,1.000000,1.000000,0.000000,0.000000,0.763135
92,25,00589,rain,402,1,0.002725,0.996924,0.000350,L,0.996924,0.994199,0.019981,0.003426,0.099408
92,25,00589,rain,491,1,0.005057,0.994265,0.000678,L,0.994265,0.989208,0.034045,0.006413,0.095757
92,25,00589,rain,306,1,0.007955,0.990716,0.001329,L,0.990716,0.982762,0.051426,0.010613,0.244377
92,25,00589,rain,397,1,0.000006,0.999994,0.000001,L,0.999994,0.999988,0.000078,0.000007,0.592723
92,25,00589,rain,765,1,0.003991,0.995558,0.000451,L,0.995558,0.991567,0.027260,0.004892,0.075149
92,25,00589,rain,758,1,0.001168,0.998666,0.000167,L,0.998666,0.997498,0.009711,0.001501,0.200249
92,25,00589,rain,668,1,0.005827,0.993233,0.000940,L,0.993233,0.987406,0.039393,0.007707,0.189168
92,25,00589,rain,939,1,0.020411,0.976611,0.002978,L,0.976611,0.956201,0.109108,0.026367,0.168342
92,25,00589,rain,852,1,0.000001,0.999999,0.000000,L,0.999999,0.999999,0.000008,0.000001,0.586605
92,25,00589,rain,943,1,0.005474,0.993702,0.000824,L,0.993702,0.988229,0.036988,0.007122,0.137800
92,25,00589,rain,312,1,0.003219,0.996391,0.000390,L,0.996391,0.993173,0.022878,0.003998,0.082912
92,25,00589,rain,762,1,0.000000,1.000000,0.000000,L,1.000000,0.999999,0.000005,0.000000,0.670262
92,25,00589,rain,487,1,0.005187,0.993936,0.000877,L,0.993936,0.988749,0.035965,0.006941,0.295702
92,25,00589,rain,849,1,0.003390,0.996092,0.000518,L,0.996092,0.992703,0.024662,0.004425,0.222280
92,25,00589,rain,217,1,0.016104,0.981472,0.002424,L,0.981472,0.965369,0.090514,0.020951,0.174607
92,25,00589,rain,940,1,0.019849,0.977351,0.002800,L,0.977351,0.957501,0.106180,0.025449,0.162498
92,25,00589,rain,851,1,0.000000,1.000000,0.000000,L,1.000000,1.000000,0.000001,0.000000,0.726975
92,25,00589,rain,219,1,0.011982,0.986212,0.001806,L,0.986212,0.974230,0.071101,0.015594,0.153050
92,25,00589,rain,763,1,0.001963,0.997700,0.000337,L,0.997700,0.995737,0.015682,0.002637,0.276146
92,25,00589,rain,489,1,0.000711,0.999160,0.000129,L,0.999160,0.998449,0.006507,0.000969,0.383184
92,25,00589,rain,395,1,0.000383,0.999563,0.000054,L,0.999563,0.999179,0.003626,0.000491,0.214799
92,25,00589,rain,221,1,0.003207,0.996387,0.000406,L,0.996387,0.993180,0.022932,0.004019,0.097000
92,25,00589,rain,854,1,0.003508,0.996064,0.000428,L,0.996064,0.992557,0.024648,0.004364,0.095492
92,25,00589,rain,209,0,0.002123,0.997618,0.000259,L,0.997618,0.995495,0.016010,0.002642,0.080206
92,25,00589,rain,292,0,0.001323,0.998497,0.000180,L,0.998497,0.997174,0.010761,0.001683,0.102033
92,25,00589,rain,1123,0,0.019530,0.977507,0.002963,L,0.977507,0.957977,0.105911,0.025457,0.149481
92,25,00589,rain,373,0,0.002771,0.996873,0.000356,L,0.996873,0.994103,0.020265,0.003482,0.055513
92,25,00589,rain,1304,0,0.010930,0.987372,0.001698,L,0.987372,0.976442,0.066212,0.014326,0.135958
92,25,00589,rain,1183,0,0.005518,0.993636,0.000846,L,0.993636,0.988119,0.037337,0.007209,0.150031
92,25,00589,rain,1055,0,0.011026,0.987316,0.001658,L,0.987316,0.976289,0.066375,0.014343,0.137224
92,25,00589,rain,224,0,0.001705,0.998092,0.000203,L,0.998092,0.996387,0.013197,0.002111,0.082331
92,25,00589,rain,1098,0,0.013371,0.984713,0.001916,L,0.984713,0.971342,0.077236,0.017203,0.125365
92,25,00589,rain,996,0,0.005427,0.993857,0.000716,L,0.993857,0.988430,0.036065,0.006860,0.120637
92,25,00589,rain,275,0,0.015921,0.982016,0.002062,L,0.982016,0.966095,0.087829,0.020046,0.075339
92,25,00589,rain,1372,0,0.008702,0.989537,0.001760,L,0.989537,0.980835,0.057216,0.012223,0.245465
92,25,00589,rain,680,0,0.007608,0.991490,0.000902,L,0.991490,0.983881,0.047254,0.009412,0.073831
92,25,00589,rain,1330,0,0.004740,0.994653,0.000607,L,0.994653,0.989913,0.032034,0.005953,0.102307
92,25,00589,rain,47,0,0.001476,0.998335,0.000189,L,0.998335,0.996859,0.011749,0.001855,0.124778
92,25,00589,rain,936,0,0.017781,0.980013,0.002206,L,0.980013,0.962232,0.095513,0.022194,0.115674
92,25,00589,rain,906,0,0.004179,0.995282,0.000539,L,0.995282,0.991103,0.028813,0.005257,0.102842
92,25,00589,rain,121,0,0.002470,0.997235,0.000295,L,0.997235,0.994765,0.018195,0.003060,0.091787
93,26,00284,rain,832,1,0.000034,0.999959,0.000007,L,0.999959,0.999926,0.000427,0.000047,0.537727
93,26,00284,rain,921,1,0.016277,0.980438,0.003285,L,0.980438,0.964161,0.095743,0.022848,0.265749
93,26,00284,rain,654,1,0.007057,0.991765,0.001178,L,0.991765,0.984708,0.046518,0.009414,0.164105
93,26,00284,rain,741,1,0.005069,0.993967,0.000965,L,0.993967,0.988898,0.035953,0.006998,0.320970
93,26,00284,rain,746,1,0.008688,0.989927,0.001385,L,0.989927,0.981240,0.054951,0.011458,0.157962
93,26,00284,rain,743,1,0.000001,0.999998,0.000000,L,0.999998,0.999997,0.000022,0.000002,0.693007
93,26,00284,rain,1017,1,0.002101,0.997585,0.000314,L,0.997585,0.995484,0.016292,0.002729,0.122674
93,26,00284,rain,836,1,0.004508,0.994840,0.000652,L,0.994840,0.990331,0.031205,0.005812,0.130715
93,26,00284,rain,835,1,0.003024,0.996543,0.000433,L,0.996543,0.993519,0.022161,0.003890,0.129566
93,26,00284,rain,1016,1,0.001529,0.998264,0.000206,L,0.998264,0.996735,0.012197,0.001942,0.109259
93,26,00284,rain,1014,1,0.003210,0.996288,0.000502,L,0.996288,0.993077,0.023622,0.004215,0.114076
93,26,00284,rain,744,1,0.000002,0.999997,0.000000,L,0.999997,0.999995,0.000035,0.000003,0.564971
93,26,00284,rain,831,1,0.002254,0.997302,0.000444,L,0.997302,0.995048,0.018078,0.003142,0.325691
93,26,00284,rain,922,1,0.010920,0.986969,0.002111,L,0.986969,0.976049,0.068520,0.015141,0.210224
93,26,00284,rain,920,1,0.001656,0.998029,0.000315,L,0.998029,0.996373,0.013759,0.002287,0.297833
93,26,00284,rain,1012,1,0.019236,0.976537,0.004227,L,0.976537,0.957301,0.111316,0.027690,0.225196
93,26,00284,rain,652,1,0.010480,0.987416,0.002104,L,0.987416,0.976936,0.066670,0.014688,0.260242
93,26,00284,rain,927,1,0.003576,0.995871,0.000553,L,0.995871,0.992295,0.025864,0.004682,0.121407
93,26,00284,rain,745,1,0.004695,0.994576,0.000728,L,0.994576,0.989881,0.032627,0.006152,0.151110
93,26,00284,rain,561,1,0.004321,0.995141,0.000538,L,0.995141,0.990820,0.029509,0.005396,0.083999
93,26,00284,rain,742,1,0.000048,0.999945,0.000007,L,0.999945,0.999898,0.000557,0.000062,0.563267
93,26,00284,rain,924,1,0.002556,0.997042,0.000402,L,0.997042,0.994486,0.019436,0.003360,0.139161
93,26,00284,rain,925,1,0.001595,0.998160,0.000245,L,0.998160,0.996565,0.012879,0.002085,0.135469
93,26,00284,rain,923,1,0.002393,0.997158,0.000449,L,0.997158,0.994765,0.018880,0.003291,0.196461
93,26,00284,rain,1015,1,0.002034,0.997675,0.000292,L,0.997675,0.995641,0.015748,0.002617,0.110512
93,26,00284,rain,919,1,0.004056,0.995227,0.000717,L,0.995227,0.991171,0.029396,0.005491,0.210077
93,26,00284,rain,1105,1,0.004599,0.994859,0.000543,L,0.994859,0.990260,0.030911,0.005684,0.076934
93,26,00284,rain,1013,1,0.012672,0.984819,0.002508,L,0.984819,0.972147,0.077774,0.017689,0.162512
93,26,00284,rain,1104,1,0.010059,0.988683,0.001259,L,0.988683,0.978624,0.060004,0.012576,0.103610
93,26,00284,rain,651,1,0.006557,0.992348,0.001094,L,0.992348,0.985791,0.043735,0.008746,0.174425
93,26,00284,rain,747,1,0.004923,0.994314,0.000762,L,0.994314,0.989392,0.033955,0.006448,0.133309
93,26,00284,rain,926,1,0.000920,0.998945,0.000135,L,0.998945,0.998025,0.007910,0.001190,0.137546
93,26,00284,rain,830,1,0.002349,0.997203,0.000449,L,0.997203,0.994854,0.018634,0.003246,0.270946
93,26,00284,rain,1106,1,0.003830,0.995654,0.000516,L,0.995654,0.991824,0.026901,0.004861,0.099792
93,26,00284,rain,653,1,0.008334,0.990207,0.001458,L,0.990207,0.981873,0.053857,0.011251,0.186271
93,26,00284,rain,833,1,0.000001,0.999999,0.000000,L,0.999999,0.999998,0.000017,0.000001,0.660641
93,26,00284,rain,367,0,0.005046,0.994154,0.000800,L,0.994154,0.989109,0.034789,0.006645,0.106897
93,26,00284,rain,699,0,0.003872,0.995673,0.000455,L,0.995673,0.991801,0.026693,0.004783,0.103021
93,26,00284,rain,216,0,0.007679,0.991368,0.000953,L,0.991368,0.983689,0.047894,0.009586,0.089213
93,26,00284,rain,105,0,0.009612,0.988886,0.001502,L,0.988886,0.979275,0.059586,0.012616,0.174917
93,26,00284,rain,1321,0,0.003959,0.995538,0.000503,L,0.995538,0.991579,0.027463,0.004965,0.109787
93,26,00284,rain,88,0,0.012352,0.986107,0.001541,L,0.986107,0.973756,0.071041,0.015434,0.145962
93,26,00284,rain,604,0,0.007777,0.991321,0.000902,L,0.991321,0.983544,0.048000,0.009581,0.108709
93,26,00284,rain,1051,0,0.007095,0.992004,0.000900,L,0.992004,0.984909,0.044953,0.008896,0.114177
93,26,00284,rain,352,0,0.001509,0.998302,0.000189,L,0.998302,0.996793,0.011943,0.001887,0.140366
93,26,00284,rain,1399,0,0.012988,0.985530,0.001482,L,0.985530,0.972542,0.073214,0.015951,0.101374
93,26,00284,rain,489,0,0.003395,0.996177,0.000427,L,0.996177,0.992782,0.024061,0.004250,0.086848
93,26,00284,rain,589,0,0.007838,0.991202,0.000960,L,0.991202,0.983364,0.048636,0.009757,0.103582
93,26,00284,rain,594,0,0.009133,0.989651,0.001216,L,0.989651,0.980518,0.055840,0.011565,0.122074
93,26,00284,rain,1372,0,0.010923,0.987519,0.001558,L,0.987519,0.976596,0.065368,0.014040,0.122856
93,26,00284,rain,157,0,0.002058,0.997682,0.000260,L,0.997682,0.995624,0.015649,0.002578,0.118454
93,26,00284,rain,273,0,0.015881,0.981520,0.002600,L,0.981520,0.965639,0.090634,0.021080,0.137065
93,26,00284,rain,1416,0,0.006836,0.992282,0.000882,L,0.992282,0.985446,0.043667,0.008600,0.113359
93,26,00284,rain,239,0,0.007774,0.991324,0.000902,L,0.991324,0.983550,0.047988,0.009578,0.095903
94,33,00214,rain,1243,1,0.000562,0.999370,0.000068,L,0.999370,0.998807,0.004996,0.000698,0.149290
94,33,00214,rain,1157,1,0.000230,0.999740,0.000030,L,0.999740,0.999510,0.002274,0.000290,0.233187
94,33,00214,rain,1425,1,0.002612,0.997060,0.000329,L,0.997060,0.994448,0.019211,0.003269,0.137955
94,33,00214,rain,1250,1,0.002928,0.996678,0.000394,L,0.996678,0.993749,0.021380,0.003716,0.123801
94,33,00214,rain,1339,1,0.003865,0.995637,0.000498,L,0.995637,0.991772,0.026956,0.004861,0.108142
94,33,00214,rain,1065,1,0.001662,0.998112,0.000226,L,0.998112,0.996449,0.013126,0.002114,0.185624
94,33,00214,rain,1158,1,0.004540,0.994689,0.000771,L,0.994689,0.990150,0.032144,0.006081,0.274768
94,33,00214,rain,1335,1,0.000110,0.999879,0.000012,L,0.999879,0.999769,0.001143,0.000133,0.187335
94,33,00214,rain,1153,1,0.001325,0.998500,0.000174,L,0.998500,0.997175,0.010731,0.001674,0.154036
94,33,00214,rain,1160,1,0.004923,0.994386,0.000691,L,0.994386,0.989462,0.033486,0.006305,0.128542
94,33,00214,rain,1156,1,0.000035,0.999961,0.000004,L,0.999961,0.999926,0.000408,0.000043,0.340035
94,33,00214,rain,1337,1,0.000008,0.999991,0.000001,L,0.999991,0.999984,0.000102,0.000009,0.363075
94,33,00214,rain,1069,1,0.006563,0.992449,0.000988,L,0.992449,0.985887,0.043096,0.008539,0.156162
94,33,00214,rain,1063,1,0.018078,0.979250,0.002672,L,0.979250,0.961172,0.099138,0.023423,0.148412
94,33,00214,rain,1245,1,0.000001,0.999999,0.000000,L,0.999999,0.999998,0.000012,0.000001,0.436836
94,33,00214,rain,1340,1,0.004023,0.995408,0.000569,L,0.995408,0.991384,0.028240,0.005161,0.130900
94,33,00214,rain,1247,1,0.000000,1.000000,0.000000,L,1.000000,1.000000,0.000001,0.000000,0.562351
94,33,00214,rain,1336,1,0.000004,0.999996,0.000000,L,0.999996,0.999992,0.000050,0.000004,0.384444
94,33,00214,rain,1423,1,0.013473,0.984971,0.001556,L,0.984971,0.971498,0.075555,0.016585,0.118186
94,33,00214,rain,1426,1,0.000948,0.998930,0.000122,L,0.998930,0.997982,0.007980,0.001191,0.151367
94,33,00214,rain,1068,1,0.006263,0.992765,0.000972,L,0.992765,0.986503,0.041617,0.008207,0.179314
94,33,00214,rain,1334,1,0.011111,0.987604,0.001284,L,0.987604,0.976493,0.064507,0.013680,0.128134
94,33,00214,rain,1333,1,0.002866,0.996808,0.000326,L,0.996808,0.993943,0.020557,0.003518,0.121599
94,33,00214,rain,1427,1,0.008308,0.990586,0.001106,L,0.990586,0.982278,0.051608,0.010520,0.127943
94,33,00214,rain,1249,1,0.002264,0.997427,0.000309,L,0.997427,0.995163,0.017163,0.002881,0.138472
94,33,00214,rain,1429,1,0.006141,0.992985,0.000874,L,0.992985,0.986844,0.040432,0.007889,0.123457
94,33,00214,rain,1246,1,0.000000,1.000000,0.000000,L,1.000000,1.000000,0.000001,0.000000,0.567019
94,33,00214,rain,1338,1,0.002475,0.997199,0.000326,L,0.997199,0.994725,0.018447,0.003127,0.138114
94,33,00214,rain,1428,1,0.008675,0.990001,0.001323,L,0.990001,0.981326,0.054527,0.011322,0.149275
94,33,00214,rain,1066,1,0.003917,0.995548,0.000535,L,0.995548,0.991630,0.027475,0.004987,0.163545
94,33,00214,rain,1155,1,0.000178,0.999802,0.000020,L,0.999802,0.999624,0.001779,0.000219,0.203982
94,33,00214,rain,1248,1,0.000094,0.999894,0.000013,L,0.999894,0.999800,0.001018,0.000119,0.283870
94,33,00214,rain,1064,1,0.007279,0.991686,0.001036,L,0.991686,0.984407,0.046631,0.009350,0.164948
94,33,00214,rain,1424,1,0.013406,0.984980,0.001614,L,0.984980,0.971574,0.075634,0.016635,0.123578
94,33,00214,rain,1244,1,0.002357,0.997356,0.000287,L,0.997356,0.995000,0.017513,0.002931,0.137975
94,33,00214,rain,1154,1,0.001422,0.998392,0.000186,L,0.998392,0.996970,0.011401,0.001793,0.189189
94,33,00214,rain,1187,0,0.005466,0.993683,0.000852,L,0.993683,0.988217,0.037127,0.007169,0.083795
94,33,00214,rain,211,0,0.004222,0.995237,0.000540,L,0.995237,0.991015,0.029037,0.005303,0.120045
94,33,00214,rain,115,0,0.005509,0.993437,0.001054,L,0.993437,0.987928,0.038613,0.007617,0.343278
94,33,00214,rain,137,0,0.001603,0.998137,0.000260,L,0.998137,0.996534,0.013039,0.002123,0.269778
94,33,00214,rain,1413,0,0.005407,0.993933,0.000660,L,0.993933,0.988526,0.035598,0.006728,0.118616
94,33,00214,rain,178,0,0.002727,0.996931,0.000342,L,0.996931,0.994204,0.019933,0.003412,0.117656
94,33,00214,rain,845,0,0.003009,0.996635,0.000355,L,0.996635,0.993626,0.021529,0.003720,0.065827
94,33,00214,rain,113,0,0.011368,0.986678,0.001954,L,0.986678,0.975310,0.069465,0.015276,0.180177
94,33,00214,rain,501,0,0.001616,0.998210,0.000174,L,0.998210,0.996594,0.012456,0.001965,0.072969
94,33,00214,rain,739,0,0.001845,0.997933,0.000222,L,0.997933,0.996088,0.014150,0.002288,0.057272
94,33,00214,rain,647,0,0.001938,0.997811,0.000251,L,0.997811,0.995872,0.014904,0.002440,0.062562
94,33,00214,rain,1393,0,0.005583,0.993715,0.000702,L,0.993715,0.988131,0.036709,0.006987,0.091639
94,33,00214,rain,517,0,0.001602,0.998214,0.000184,L,0.998214,0.996612,0.012451,0.001970,0.070587
94,33,00214,rain,1028,0,0.006921,0.992193,0.000886,L,0.992193,0.985272,0.044076,0.008693,0.089220
94,33,00214,rain,1105,0,0.006978,0.992210,0.000813,L,0.992210,0.985232,0.043860,0.008603,0.064776
94,33,00214,rain,1176,0,0.006513,0.992426,0.001062,L,0.992426,0.985913,0.043328,0.008636,0.116454
94,33,00214,rain,787,0,0.002936,0.996747,0.000317,L,0.996747,0.993812,0.020862,0.003570,0.082305
94,33,00214,rain,233,0,0.001243,0.998619,0.000138,L,0.998619,0.997377,0.009940,0.001519,0.084354
95,34,00175,rain,900,1,0.008030,0.990681,0.001290,L,0.990681,0.982651,0.051516,0.010609,0.169705
95,34,00175,rain,901,1,0.005068,0.994057,0.000875,L,0.994057,0.988990,0.035378,0.006817,0.220029
95,34,00175,rain,902,1,0.008021,0.990569,0.001410,L,0.990569,0.982548,0.052200,0.010841,0.209652
95,34,00175,rain,903,1,0.012870,0.984779,0.002351,L,0.984779,0.971909,0.077694,0.017572,0.203827
95,34,00175,rain,904,1,0.014577,0.982643,0.002781,L,0.982643,0.968066,0.086659,0.020138,0.220363
95,34,00175,rain,905,1,0.007413,0.991375,0.001212,L,0.991375,0.983962,0.048321,0.009837,0.184749
95,34,00175,rain,990,1,0.000505,0.999421,0.000074,L,0.999421,0.998915,0.004660,0.000653,0.212949
95,34,00175,rain,991,1,0.000276,0.999678,0.000047,L,0.999678,0.999402,0.002774,0.000369,0.324158
95,34,00175,rain,992,1,0.000073,0.999916,0.000012,L,0.999916,0.999843,0.000827,0.000096,0.353005
95,34,00175,rain,993,1,0.002112,0.997480,0.000409,L,0.997480,0.995368,0.017033,0.002929,0.283232
95,34,00175,rain,994,1,0.007288,0.991237,0.001475,L,0.991237,0.983949,0.049342,0.010238,0.242677
95,34,00175,rain,995,1,0.010356,0.987780,0.001865,L,0.987780,0.977424,0.064801,0.014085,0.196526
95,34,00175,rain,1080,1,0.000006,0.999993,0.000001,L,0.999993,0.999986,0.000088,0.000008,0.513025
95,34,00175,rain,1081,1,0.000002,0.999998,0.000000,L,0.999998,0.999996,0.000030,0.000003,0.613865
95,34,00175,rain,1082,1,0.000000,0.999999,0.000000,L,0.999999,0.999999,0.000008,0.000001,0.665605
95,34,00175,rain,1083,1,0.000002,0.999998,0.000000,L,0.999998,0.999997,0.000024,0.000002,0.583148
95,34,00175,rain,1084,1,0.000008,0.999990,0.000001,L,0.999990,0.999982,0.000115,0.000011,0.462644
95,34,00175,rain,1085,1,0.000357,0.999580,0.000063,L,0.999580,0.999223,0.003515,0.000483,0.259137
95,34,00175,rain,1170,1,0.000376,0.999572,0.000053,L,0.999572,0.999196,0.003560,0.000481,0.226763
95,34,00175,rain,1171,1,0.001567,0.998197,0.000236,L,0.998197,0.996630,0.012645,0.002039,0.203945
95,34,00175,rain,1172,1,0.000064,0.999927,0.000009,L,0.999927,0.999864,0.000722,0.000082,0.304467
95,34,00175,rain,1173,1,0.001683,0.998035,0.000282,L,0.998035,0.996352,0.013671,0.002247,0.202421
95,34,00175,rain,1174,1,0.002732,0.996820,0.000447,L,0.996820,0.994088,0.020710,0.003627,0.147096
95,34,00175,rain,1175,1,0.003459,0.995995,0.000546,L,0.995995,0.992537,0.025213,0.004551,0.120546
95,34,00175,rain,1260,1,0.023719,0.972575,0.003706,L,0.972575,0.948855,0.124279,0.031131,0.175024
95,34,00175,rain,1261,1,0.017903,0.979448,0.002649,L,0.979448,0.961545,0.098375,0.023200,0.164883
95,34,00175,rain,1262,1,0.009922,0.988469,0.001609,L,0.988469,0.978548,0.061516,0.013140,0.185067
95,34,00175,rain,1263,1,0.008497,0.990151,0.001352,L,0.990151,0.981654,0.053929,0.011201,0.173991
95,34,00175,rain,1264,1,0.004319,0.994953,0.000729,L,0.994953,0.990634,0.030779,0.005776,0.182151
95,34,00175,rain,1265,1,0.004107,0.995277,0.000616,L,0.995277,0.991171,0.028974,0.005339,0.132242
95,34,00175,rain,565,0,0.004188,0.995221,0.000590,L,0.995221,0.991033,0.029209,0.005369,0.147082
95,34,00175,rain,985,0,0.008513,0.990425,0.001062,L,0.990425,0.981912,0.052228,0.010638,0.128743
95,34,00175,rain,1052,0,0.007168,0.991970,0.000862,L,0.991970,0.984803,0.045035,0.008892,0.086165
95,34,00175,rain,696,0,0.001861,0.997919,0.000220,L,0.997919,0.996058,0.014226,0.002301,0.089733
95,34,00175,rain,1074,0,0.007586,0.991458,0.000956,L,0.991458,0.983872,0.047501,0.009499,0.116886
95,34,00175,rain,181,0,0.180190,0.795185,0.024625,L,0.795185,0.614995,0.529989,0.229441,0.139818
95,34,00175,rain,1054,0,0.006113,0.993158,0.000729,L,0.993158,0.987045,0.039364,0.007572,0.082365
95,34,00175,rain,916,0,0.003101,0.996506,0.000393,L,0.996506,0.993406,0.022282,0.003887,0.072944
95,34,00175,rain,844,0,0.005365,0.993900,0.000735,L,0.993900,0.988534,0.035893,0.006835,0.065794
95,34,00175,rain,863,0,0.004433,0.995058,0.000508,L,0.995058,0.990625,0.029863,0.005450,0.073105
95,34,00175,rain,746,0,0.004220,0.995196,0.000585,L,0.995196,0.990976,0.029327,0.005389,0.091591
95,34,00175,rain,1036,0,0.009088,0.989549,0.001363,L,0.989549,0.980462,0.056533,0.011814,0.110343
95,34,00175,rain,1313,0,0.008958,0.989992,0.001049,L,0.989992,0.981034,0.054064,0.011057,0.087921
95,34,00175,rain,671,0,0.001846,0.997909,0.000245,L,0.997909,0.996063,0.014334,0.002336,0.119299
95,34,00175,rain,1422,0,0.000268,0.999699,0.000033,L,0.999699,0.999431,0.002586,0.000333,0.192953
95,34,00175,rain,825,0,0.006763,0.992355,0.000882,L,0.992355,0.985591,0.043338,0.008528,0.086193
95,34,00175,rain,631,0,0.004253,0.995046,0.000701,L,0.995046,0.990793,0.030270,0.005655,0.138484
95,34,00175,rain,928,0,0.005738,0.993493,0.000769,L,0.993493,0.987755,0.037876,0.007276,0.091323
96,30,00123,sleet,283,1,0.008819,0.989645,0.001535,L,0.989645,0.980826,0.056408,0.011890,0.213405
96,30,00123,sleet,284,1,0.016889,0.980109,0.003001,L,0.980109,0.963220,0.096532,0.022892,0.206296
96,30,00123,sleet,285,1,0.012799,0.985372,0.001829,L,0.985372,0.972573,0.074489,0.016457,0.137231
96,30,00123,sleet,286,1,0.010771,0.987637,0.001591,L,0.987637,0.976866,0.064939,0.013954,0.144690
96,30,00123,sleet,373,1,0.005790,0.993242,0.000968,L,0.993242,0.987452,0.039397,0.007726,0.203283
96,30,00123,sleet,374,1,0.013214,0.984617,0.002170,L,0.984617,0.971403,0.078044,0.017553,0.203616
96,30,00123,sleet,375,1,0.004992,0.994314,0.000694,L,0.994314,0.989323,0.033835,0.006379,0.136112
96,30,00123,sleet,376,1,0.002432,0.997212,0.000356,L,0.997212,0.994781,0.018431,0.003144,0.155118
96,30,00123,sleet,463,1,0.007215,0.991507,0.001277,L,0.991507,0.984292,0.047834,0.009770,0.296099
96,30,00123,sleet,464,1,0.001580,0.998179,0.000242,L,0.998179,0.996599,0.012764,0.002063,0.355875
96,30,00123,sleet,465,1,0.005376,0.993776,0.000848,L,0.993776,0.988401,0.036677,0.007072,0.224415
96,30,00123,sleet,466,1,0.005277,0.993985,0.000739,L,0.993985,0.988708,0.035497,0.006754,0.142910
96,30,00123,sleet,553,1,0.002853,0.996659,0.000488,L,0.996659,0.993806,0.021640,0.003829,0.356051
96,30,00123,sleet,554,1,0.000001,0.999999,0.000000,L,0.999999,0.999998,0.000011,0.000001,0.740039
96,30,00123,sleet,555,1,0.014349,0.983572,0.002079,L,0.983572,0.969223,0.081949,0.018507,0.342510
96,30,00123,sleet,642,1,0.002334,0.997214,0.000453,L,0.997214,0.994880,0.018579,0.003239,0.243468
96,30,00123,sleet,643,1,0.003363,0.996083,0.000554,L,0.996083,0.992720,0.024775,0.004472,0.355831
96,30,00123,sleet,644,1,0.000001,0.999999,0.000000,L,0.999999,0.999998,0.000015,0.000001,0.731572
96,30,00123,sleet,645,1,0.000103,0.999883,0.000014,L,0.999883,0.999780,0.001110,0.000131,0.475218
96,30,00123,sleet,732,1,0.002809,0.996642,0.000549,L,0.996642,0.993833,0.021826,0.003907,0.316892
96,30,00123,sleet,733,1,0.005550,0.993576,0.000875,L,0.993576,0.988026,0.037673,0.007299,0.354403
96,30,00123,sleet,734,1,0.000216,0.999750,0.000035,L,0.999750,0.999534,0.002209,0.000285,0.453924
96,30,00123,sleet,735,1,0.000258,0.999702,0.000040,L,0.999702,0.999443,0.002583,0.000339,0.425327
96,30,00123,sleet,822,1,0.008353,0.990227,0.001419,L,0.990227,0.981874,0.053708,0.011192,0.202782
96,30,00123,sleet,823,1,0.005895,0.993063,0.001042,L,0.993063,0.987167,0.040352,0.007979,0.245458
96,30,00123,sleet,824,1,0.013538,0.984331,0.002131,L,0.984331,0.970794,0.079097,0.017800,0.189902
96,30,00123,sleet,825,1,0.014831,0.982927,0.002242,L,0.982927,0.968097,0.084703,0.019315,0.155371
96,30,00123,sleet,913,1,0.012744,0.985170,0.002086,L,0.985170,0.972425,0.075727,0.016916,0.150632
96,30,00123,sleet,914,1,0.013934,0.983881,0.002185,L,0.983881,0.969947,0.080939,0.018304,0.154075
96,30,00123,sleet,915,1,0.016143,0.981339,0.002519,L,0.981339,0.965196,0.091177,0.021180,0.144459
96,30,00123,sleet,1199,0,0.009466,0.989366,0.001168,L,0.989366,0.979900,0.056959,0.011802,0.108324
96,30,00123,sleet,1399,0,0.006041,0.993244,0.000715,L,0.993244,0.987202,0.038939,0.007471,0.082089
96,30,00123,sleet,398,0,0.005582,0.993698,0.000720,L,0.993698,0.988117,0.036822,0.007022,0.108557
96,30,00123,sleet,891,0,0.003579,0.995979,0.000442,L,0.995979,0.992400,0.025109,0.004463,0.143449
96,30,00123,sleet,787,0,0.003044,0.996591,0.000365,L,0.996591,0.993547,0.021784,0.003774,0.114011
96,30,00123,sleet,753,0,0.019129,0.978452,0.002419,L,0.978452,0.959323,0.101556,0.023967,0.107484
96,30,00123,sleet,506,0,0.001607,0.998182,0.000211,L,0.998182,0.996575,0.012689,0.002029,0.125510
96,30,00123,sleet,728,0,0.013226,0.984657,0.002117,L,0.984657,0.971431,0.077798,0.017460,0.151165
96,30,00123,sleet,530,0,0.001608,0.998190,0.000202,L,0.998190,0.996582,0.012624,0.002011,0.123433
96,30,00123,sleet,729,0,0.016796,0.980332,0.002872,L,0.980332,0.963536,0.095504,0.022540,0.163446
96,30,00123,sleet,1412,0,0.005388,0.993825,0.000786,L,0.993825,0.988437,0.036338,0.006961,0.122302
96,30,00123,sleet,259,0,0.001241,0.998604,0.000155,L,0.998604,0.997362,0.010070,0.001552,0.125195
96,30,00123,sleet,501,0,0.001604,0.998194,0.000202,L,0.998194,0.996590,0.012602,0.002008,0.123488
96,30,00123,sleet,659,0,0.018921,0.978740,0.002339,L,0.978740,0.959819,0.100372,0.023599,0.104662
96,30,00123,sleet,187,0,0.025405,0.970894,0.003701,L,0.970894,0.945488,0.129901,0.032808,0.131274
96,30,00123,sleet,1339,0,0.004448,0.994986,0.000567,L,0.994986,0.990538,0.030333,0.005581,0.110882
96,30,00123,sleet,424,0,0.001829,0.997971,0.000200,L,0.997971,0.996142,0.013891,0.002229,0.093516
96,30,00123,sleet,1203,0,0.008382,0.990535,0.001083,L,0.990535,0.982153,0.051788,0.010548,0.114032
97,30,00171,sleet,462,1,0.010774,0.987165,0.002062,L,0.987165,0.976391,0.067643,0.014897,0.271634
97,30,00171,sleet,552,1,0.007185,0.991530,0.001285,L,0.991530,0.984345,0.047745,0.009755,0.298842
97,30,00171,sleet,553,1,0.012452,0.985380,0.002168,L,0.985380,0.972928,0.075025,0.016788,0.277729
97,30,00171,sleet,554,1,0.009676,0.988611,0.001713,L,0.988611,0.978935,0.061090,0.013102,0.256784
97,30,00171,sleet,555,1,0.008315,0.990293,0.001391,L,0.990293,0.981978,0.053375,0.011098,0.207231
97,30,00171,sleet,642,1,0.005459,0.993628,0.000913,L,0.993628,0.988169,0.037487,0.007284,0.312817
97,30,00171,sleet,643,1,0.000792,0.999071,0.000138,L,0.999071,0.998279,0.007104,0.001067,0.351691
97,30,00171,sleet,644,1,0.003603,0.995724,0.000673,L,0.995724,0.992120,0.026810,0.004949,0.270463
97,30,00171,sleet,645,1,0.001557,0.998174,0.000269,L,0.998174,0.996617,0.012837,0.002095,0.208417
97,30,00171,sleet,732,1,0.002238,0.997357,0.000405,L,0.997357,0.995119,0.017713,0.003048,0.329782
97,30,00171,sleet,733,1,0.000002,0.999998,0.000000,L,0.999998,0.999997,0.000023,0.000002,0.557486
97,30,00171,sleet,734,1,0.008201,0.990474,0.001325,L,0.990474,0.982272,0.052481,0.010852,0.180308
97,30,00171,sleet,821,1,0.009178,0.989105,0.001717,L,0.989105,0.979927,0.059005,0.012613,0.216996
97,30,00171,sleet,822,1,0.000004,0.999995,0.000001,L,0.999995,0.999991,0.000058,0.000005,0.610635
97,30,00171,sleet,823,1,0.000001,0.999999,0.000000,L,0.999999,0.999999,0.000010,0.000001,0.732248
97,30,00171,sleet,824,1,0.010463,0.987525,0.002012,L,0.987525,0.977061,0.066084,0.014488,0.224910
97,30,00171,sleet,911,1,0.006551,0.992255,0.001193,L,0.992255,0.985704,0.044317,0.008938,0.262503
97,30,00171,sleet,912,1,0.000100,0.999884,0.000017,L,0.999884,0.999784,0.001110,0.000133,0.484817
97,30,00171,sleet,913,1,0.000001,0.999998,0.000000,L,0.999998,0.999997,0.000022,0.000002,0.648812
97,30,00171,sleet,914,1,0.002823,0.996704,0.000473,L,0.996704,0.993882,0.021373,0.003769,0.321217
97,30,00171,sleet,1001,1,0.007915,0.990707,0.001378,L,0.990707,0.982791,0.051547,0.010672,0.300848
97,30,00171,sleet,1002,1,0.004639,0.994664,0.000697,L,0.994664,0.990025,0.032144,0.006033,0.354889
97,30,00171,sleet,1003,1,0.000182,0.999789,0.000029,L,0.999789,0.999608,0.001891,0.000239,0.453666
97,30,00171,sleet,1004,1,0.001437,0.998302,0.000261,L,0.998302,0.996865,0.012068,0.001960,0.372055
97,30,00171,sleet,1090,1,0.013916,0.983630,0.002454,L,0.983630,0.969714,0.082352,0.018825,0.186875
97,30,00171,sleet,1091,1,0.006404,0.992466,0.001131,L,0.992466,0.986062,0.043256,0.008665,0.313787
97,30,00171,sleet,1092,1,0.011457,0.986412,0.002130,L,0.986412,0.974955,0.070820,0.015718,0.261482
97,30,00171,sleet,1093,1,0.015877,0.981178,0.002945,L,0.981178,0.965301,0.092463,0.021766,0.246977
97,30,00171,sleet,1183,1,0.016254,0.981108,0.002638,L,0.981108,0.964854,0.092238,0.021530,0.164247
97,30,00171,sleet,723,0,0.005328,0.993677,0.000995,L,0.993677,0.988348,0.037387,0.007318,0.178023
97,30,00171,sleet,559,0,0.002890,0.996517,0.000593,L,0.996517,0.993627,0.022556,0.004076,0.275774
97,30,00171,sleet,1025,0,0.008887,0.989932,0.001181,L,0.989932,0.981045,0.054570,0.011248,0.108190
97,30,00171,sleet,8,0,0.007165,0.991783,0.001052,L,0.991783,0.984619,0.046222,0.009269,0.145942
97,30,00171,sleet,1047,0,0.008789,0.990210,0.001001,L,0.990210,0.981420,0.053037,0.010791,0.096438
97,30,00171,sleet,1072,0,0.008621,0.990291,0.001088,L,0.990291,0.981670,0.052855,0.010797,0.125723
97,30,00171,sleet,1199,0,0.023258,0.973488,0.003254,L,0.973488,0.950231,0.120398,0.029766,0.125202
97,30,00171,sleet,219,0,0.002099,0.997675,0.000226,L,0.997675,0.995576,0.015620,0.002550,0.081556
97,30,00171,sleet,832,0,0.010905,0.987762,0.001333,L,0.987762,0.976857,0.063954,0.013571,0.102296
97,30,00171,sleet,1303,0,0.003979,0.995389,0.000632,L,0.995389,0.991411,0.028439,0.005243,0.135023
97,30,00171,sleet,88,0,0.002118,0.997611,0.000271,L,0.997611,0.995492,0.016068,0.002660,0.124769
97,30,00171,sleet,154,0,0.001735,0.998044,0.000221,L,0.998044,0.996309,0.013512,0.002178,0.140818
97,30,00171,sleet,944,0,0.007555,0.991466,0.000978,L,0.991466,0.983911,0.047505,0.009512,0.094385
97,30,00171,sleet,272,0,0.024106,0.971780,0.004115,L,0.971780,0.947674,0.127636,0.032335,0.157505
97,30,00171,sleet,511,0,0.001581,0.998223,0.000195,L,0.998223,0.996642,0.012419,0.001972,0.162884
97,30,00171,sleet,316,0,0.001345,0.998485,0.000170,L,0.998485,0.997140,0.010814,0.001685,0.131629
97,30,00171,sleet,1340,0,0.004452,0.994981,0.000567,L,0.994981,0.990529,0.030354,0.005585,0.110886
97,30,00171,sleet,1005,0,0.006199,0.992564,0.001236,L,0.992564,0.986365,0.042962,0.008672,0.307950
98,30,00219,sleet,1182,1,0.000163,0.999805,0.000032,L,0.999805,0.999643,0.001769,0.000226,0.394630
98,30,00219,sleet,1089,1,0.003386,0.996012,0.000603,L,0.996012,0.992626,0.025220,0.004591,0.315641
98,30,00219,sleet,1179,1,0.007314,0.991291,0.001395,L,0.991291,0.983977,0.048984,0.010104,0.273843
98,30,00219,sleet,1360,1,0.014719,0.982788,0.002493,L,0.982788,0.968069,0.085655,0.019705,0.192429
98,30,00219,sleet,910,1,0.005984,0.992887,0.001129,L,0.992887,0.986903,0.041305,0.008242,0.289027
98,30,00219,sleet,731,1,0.007101,0.991665,0.001234,L,0.991665,0.984564,0.047058,0.009569,0.207023
98,30,00219,sleet,1180,1,0.003350,0.996011,0.000639,L,0.996011,0.992660,0.025280,0.004628,0.308534
98,30,00219,sleet,914,1,0.004883,0.994398,0.000719,L,0.994398,0.989515,0.033476,0.006321,0.148834
98,30,00219,sleet,1181,1,0.000367,0.999564,0.000069,L,0.999564,0.999196,0.003644,0.000506,0.381821
98,30,00219,sleet,1187,1,0.007026,0.992009,0.000965,L,0.992009,0.984983,0.045055,0.008957,0.130977
98,30,00219,sleet,822,1,0.002167,0.997473,0.000360,L,0.997473,0.995306,0.016998,0.002888,0.230810
98,30,00219,sleet,1275,1,0.012012,0.986309,0.001680,L,0.986309,0.974297,0.070492,0.015371,0.127195
98,30,00219,sleet,823,1,0.006340,0.992745,0.000916,L,0.992745,0.986405,0.041615,0.008171,0.142430
98,30,00219,sleet,732,1,0.011025,0.987283,0.001692,L,0.987283,0.976258,0.066563,0.014408,0.153095
98,30,00219,sleet,1005,1,0.014637,0.983184,0.002180,L,0.983184,0.968547,0.083615,0.018996,0.142462
98,30,00219,sleet,1003,1,0.016493,0.980998,0.002509,L,0.980998,0.964506,0.092429,0.021511,0.167725
98,30,00219,sleet,1361,1,0.012724,0.985166,0.002110,L,0.985166,0.972443,0.075779,0.016943,0.191977
98,30,00219,sleet,1364,1,0.012346,0.985772,0.001882,L,0.985772,0.973426,0.072994,0.016110,0.141027
98,30,00219,sleet,1007,1,0.006972,0.992077,0.000952,L,0.992077,0.985105,0.044724,0.008875,0.118827
98,30,00219,sleet,1185,1,0.009960,0.988579,0.001461,L,0.988579,0.978619,0.060806,0.012882,0.137336
98,30,00219,sleet,1006,1,0.014127,0.983784,0.002088,L,0.983784,0.969657,0.081147,0.018304,0.137454
98,30,00219,sleet,1097,1,0.005832,0.993344,0.000824,L,0.993344,0.987512,0.038675,0.007481,0.132248
98,30,00219,sleet,1186,1,0.006778,0.992271,0.000951,L,0.992271,0.985492,0.043842,0.008680,0.136890
98,30,00219,sleet,821,1,0.005872,0.993072,0.001056,L,0.993072,0.987200,0.040329,0.007983,0.289202
98,30,00219,sleet,1095,1,0.004914,0.994400,0.000686,L,0.994400,0.989487,0.033406,0.006286,0.137437
98,30,00219,sleet,1000,1,0.006360,0.992653,0.000986,L,0.992653,0.986293,0.042158,0.008333,0.334385
98,30,00219,sleet,1270,1,0.010267,0.987877,0.001855,L,0.987877,0.977610,0.064382,0.013978,0.251515
98,30,00219,sleet,912,1,0.003712,0.995670,0.000618,L,0.995670,0.991959,0.026996,0.004948,0.220221
98,30,00219,sleet,1091,1,0.000000,1.000000,0.000000,L,1.000000,0.999999,0.000006,0.000001,0.761692
98,30,00219,sleet,1090,1,0.002108,0.997547,0.000345,L,0.997547,0.995439,0.016557,0.002798,0.353152
98,30,00219,sleet,1096,1,0.007206,0.991770,0.001024,L,0.991770,0.984565,0.046230,0.009253,0.142447
98,30,00219,sleet,1276,1,0.005904,0.993233,0.000863,L,0.993233,0.987329,0.039260,0.007630,0.146500
98,30,00219,sleet,1273,1,0.014080,0.983698,0.002222,L,0.983698,0.969618,0.081710,0.018525,0.168086
98,30,00219,sleet,1002,1,0.000001,0.999999,0.000000,L,0.999999,0.999998,0.000013,0.000001,0.669455
98,30,00219,sleet,1094,1,0.019413,0.977636,0.002951,L,0.977636,0.958223,0.105428,0.025315,0.147617
98,30,00219,sleet,1004,1,0.012585,0.985498,0.001917,L,0.985498,0.972913,0.074142,0.016419,0.156827
98,30,00219,sleet,308,0,0.002719,0.996933,0.000348,L,0.996933,0.994214,0.019929,0.003415,0.090637
98,30,00219,sleet,894,0,0.003637,0.995912,0.000450,L,0.995912,0.992275,0.025466,0.004538,0.142404
98,30,00219,sleet,935,0,0.027433,0.968967,0.003600,L,0.968967,0.941535,0.136036,0.034633,0.112758
98,30,00219,sleet,1224,0,0.005174,0.994165,0.000661,L,0.994165,0.988991,0.034494,0.006496,0.108710
98,30,00219,sleet,108,0,0.023292,0.973302,0.003406,L,0.973302,0.950010,0.121299,0.030104,0.139709
98,30,00219,sleet,1314,0,0.004449,0.994985,0.000567,L,0.994985,0.990536,0.030338,0.005582,0.110877
98,30,00219,sleet,817,0,0.016699,0.980432,0.002869,L,0.980432,0.963732,0.095127,0.022437,0.133313
98,30,00219,sleet,1313,0,0.004447,0.994986,0.000567,L,0.994986,0.990539,0.030332,0.005581,0.110868
98,30,00219,sleet,516,0,0.001608,0.998190,0.000202,L,0.998190,0.996582,0.012624,0.002011,0.123433
98,30,00219,sleet,566,0,0.015083,0.982485,0.002432,L,0.982485,0.967401,0.086711,0.019947,0.161180
98,30,00219,sleet,625,0,0.001122,0.998741,0.000137,L,0.998741,0.997619,0.009194,0.001397,0.153973
98,30,00219,sleet,19,0,0.026423,0.970096,0.003481,L,0.970096,0.943674,0.132134,0.033385,0.123230
98,30,00219,sleet,1040,0,0.008589,0.990323,0.001088,L,0.990323,0.981734,0.052714,0.010765,0.125816
98,30,00219,sleet,313,0,0.001354,0.998494,0.000152,L,0.998494,0.997140,0.010726,0.001658,0.132646
98,30,00219,sleet,396,0,0.003097,0.996506,0.000397,L,0.996506,0.993409,0.022292,0.003891,0.088978
98,30,00219,sleet,902,0,0.007384,0.991547,0.001069,L,0.991547,0.984163,0.047307,0.009522,0.104341
98,30,00219,sleet,347,0,0.001360,0.998470,0.000170,L,0.998470,0.997110,0.010904,0.001699,0.131542
98,30,00219,sleet,514,0,0.001608,0.998190,0.000202,L,0.998190,0.996582,0.012623,0.002011,0.123428
99,30,00384,sleet,1183,1,0.013932,0.983384,0.002683,L,0.983384,0.969452,0.083656,0.019299,0.255267
99,30,00384,sleet,277,1,0.000000,1.000000,0.000000,L,1.000000,0.999999,0.000007,0.000001,0.720852
99,30,00384,sleet,825,1,0.001267,0.998545,0.000187,L,0.998545,0.997278,0.010482,0.001642,0.154359
99,30,00384,sleet,1004,1,0.005570,0.993611,0.000819,L,0.993611,0.988041,0.037408,0.007207,0.362157
99,30,00384,sleet,1002,1,0.000012,0.999986,0.000002,L,0.999986,0.999973,0.000165,0.000016,0.578797
99,30,00384,sleet,913,1,0.000000,1.000000,0.000000,L,1.000000,0.999999,0.000007,0.000001,0.696145
99,30,00384,sleet,1093,1,0.000013,0.999985,0.000002,L,0.999985,0.999972,0.000171,0.000017,0.540793
99,30,00384,sleet,732,1,0.003846,0.995431,0.000723,L,0.995431,0.991585,0.028377,0.005292,0.250913
99,30,00384,sleet,9,1,0.000417,0.999514,0.000069,L,0.999514,0.999096,0.004002,0.000556,0.253922
99,30,00384,sleet,912,1,0.000012,0.999986,0.000002,L,0.999986,0.999974,0.000157,0.000016,0.440919
99,30,00384,sleet,367,1,0.000000,1.000000,0.000000,L,1.000000,0.999999,0.000007,0.000001,0.690360
99,30,00384,sleet,728,1,0.022976,0.973603,0.003421,L,0.973603,0.950627,0.120301,0.029818,0.130487
99,30,00384,sleet,275,1,0.004173,0.995028,0.000800,L,0.995028,0.990855,0.030517,0.005772,0.294887
99,30,00384,sleet,544,1,0.008178,0.990411,0.001411,L,0.990411,0.982233,0.052893,0.011000,0.187931
99,30,00384,sleet,1181,1,0.005245,0.993738,0.001017,L,0.993738,0.988493,0.037126,0.007278,0.248927
99,30,00384,sleet,824,1,0.001743,0.997970,0.000287,L,0.997970,0.996227,0.014056,0.002317,0.208615
99,30,00384,sleet,279,1,0.001967,0.997640,0.000393,L,0.997640,0.995672,0.016108,0.002753,0.293669
99,30,00384,sleet,10,1,0.002598,0.997010,0.000391,L,0.997010,0.994412,0.019591,0.003381,0.169936
99,30,00384,sleet,7,1,0.000913,0.998929,0.000157,L,0.998929,0.998016,0.008046,0.001228,0.240675
99,30,00384,sleet,915,1,0.021478,0.974872,0.003650,L,0.974872,0.953394,0.116319,0.028778,0.192577
99,30,00384,sleet,366,1,0.000190,0.999776,0.000034,L,0.999776,0.999586,0.002006,0.000259,0.424161
99,30,00384,sleet,635,1,0.005797,0.993286,0.000916,L,0.993286,0.987489,0.039103,0.007630,0.151345
99,30,00384,sleet,458,1,0.009888,0.988199,0.001914,L,0.988199,0.978311,0.063130,0.013715,0.278442
99,30,00384,sleet,643,1,0.005807,0.993212,0.000981,L,0.993212,0.987405,0.039559,0.007769,0.160920
99,30,00384,sleet,100,1,0.000065,0.999926,0.000009,L,0.999926,0.999860,0.000735,0.000083,0.226143
99,30,00384,sleet,547,1,0.021135,0.974806,0.004059,L,0.974806,0.953671,0.117183,0.029252,0.268717
99,30,00384,sleet,365,1,0.005829,0.993080,0.001091,L,0.993080,0.987251,0.040347,0.008011,0.271985
99,30,00384,sleet,98,1,0.000003,0.999997,0.000000,L,0.999997,0.999994,0.000043,0.000004,0.442572
99,30,00384,sleet,276,1,0.001127,0.998672,0.000202,L,0.998672,0.997545,0.009730,0.001530,0.369212
99,30,00384,sleet,733,1,0.003758,0.995581,0.000661,L,0.995581,0.991824,0.027518,0.005080,0.216449
99,30,00384,sleet,457,1,0.000598,0.999289,0.000113,L,0.999289,0.998691,0.005622,0.000824,0.369613
99,30,00384,sleet,187,1,0.000001,0.999999,0.000000,L,0.999999,0.999998,0.000015,0.000001,0.618107
99,30,00384,sleet,186,1,0.005201,0.993869,0.000931,L,0.993869,0.988668,0.036371,0.007062,0.308809
99,30,00384,sleet,1003,1,0.000001,0.999999,0.000000,L,0.999999,0.999998,0.000016,0.000001,0.732758
99,30,00384,sleet,1001,1,0.002211,0.997369,0.000420,L,0.997369,0.995158,0.017671,0.003051,0.303046
99,30,00384,sleet,6,1,0.004727,0.994492,0.000781,L,0.994492,0.989765,0.033125,0.006289,0.187240
99,30,00384,sleet,928,0,0.008177,0.990681,0.001143,L,0.990681,0.982504,0.051262,0.010462,0.131435
99,30,00384,sleet,767,0,0.002994,0.996608,0.000398,L,0.996608,0.993614,0.021757,0.003790,0.171367
99,30,00384,sleet,905,0,0.022093,0.974687,0.003220,L,0.974687,0.952593,0.116237,0.028534,0.122696
99,30,00384,sleet,1054,0,0.008835,0.990169,0.000996,L,0.990169,0.981334,0.053204,0.010828,0.093801
99,30,00384,sleet,870,0,0.003560,0.996089,0.000352,L,0.996089,0.992528,0.024368,0.004263,0.098258
99,30,00384,sleet,1072,0,0.008624,0.990288,0.001088,L,0.990288,0.981664,0.052868,0.010800,0.125721
99,30,00384,sleet,831,0,0.011648,0.986695,0.001657,L,0.986695,0.975047,0.068894,0.014961,0.138424
99,30,00384,sleet,288,0,0.011436,0.986622,0.001943,L,0.986622,0.975186,0.069676,0.015321,0.132730
99,30,00384,sleet,586,0,0.001962,0.997804,0.000234,L,0.997804,0.995843,0.014909,0.002430,0.131425
99,30,00384,sleet,3,0,0.008317,0.990525,0.001158,L,0.990525,0.982208,0.051968,0.010633,0.135493
99,30,00384,sleet,262,0,0.001243,0.998601,0.000155,L,0.998601,0.997358,0.010083,0.001554,0.125159
99,30,00384,sleet,350,0,0.001360,0.998470,0.000170,L,0.998470,0.997110,0.010902,0.001699,0.131542
99,30,00384,sleet,521,0,0.001607,0.998191,0.000202,L,0.998191,0.996584,0.012620,0.002011,0.123428
99,30,00384,sleet,77,0,0.001480,0.998332,0.000188,L,0.998332,0.996852,0.011761,0.001856,0.125948
99,30,00384,sleet,603,0,0.001952,0.997802,0.000246,L,0.997802,0.995850,0.014945,0.002444,0.167165
99,30,00384,sleet,1132,0,0.006665,0.992498,0.000836,L,0.992498,0.985833,0.042598,0.008338,0.116875
99,30,00384,sleet,872,0,0.003570,0.996050,0.000380,L,0.996050,0.992480,0.024624,0.004330,0.143591
99,30,00384,sleet,641,0,0.004515,0.994758,0.000727,L,0.994758,0.990243,0.031735,0.005969,0.152810
100,30,00432,sleet,1185,1,0.003529,0.995867,0.000604,L,0.995867,0.992338,0.025968,0.004737,0.246656
100,30,00432,sleet,1365,1,0.002061,0.997648,0.000291,L,0.997648,0.995587,0.015897,0.002643,0.214632
100,30,00432,sleet,1367,1,0.000152,0.999826,0.000022,L,0.999826,0.999673,0.001589,0.000196,0.304315
100,30,00432,sleet,97,1,0.007715,0.991043,0.001242,L,0.991043,0.983327,0.049843,0.010199,0.171464
100,30,00432,sleet,1277,1,0.000237,0.999725,0.000038,L,0.999725,0.999488,0.002403,0.000313,0.357331
100,30,00432,sleet,917,1,0.007369,0.991342,0.001290,L,0.991342,0.983973,0.048593,0.009948,0.232476
100,30,00432,sleet,100,1,0.000006,0.999993,0.000001,L,0.999993,0.999987,0.000082,0.000008,0.423567
100,30,00432,sleet,368,1,0.006430,0.992341,0.001229,L,0.992341,0.985912,0.043978,0.008888,0.287219
100,30,00432,sleet,10,1,0.000005,0.999995,0.000001,L,0.999995,0.999990,0.000066,0.000006,0.387601
100,30,00432,sleet,367,1,0.015315,0.981913,0.002773,L,0.981913,0.966598,0.089429,0.020860,0.212827
100,30,00432,sleet,1006,1,0.009675,0.988858,0.001466,L,0.988858,0.979183,0.059643,0.012608,0.332474
100,30,00432,sleet,1184,1,0.004346,0.994943,0.000711,L,0.994943,0.990597,0.030794,0.005767,0.189444
100,30,00432,sleet,1275,1,0.004064,0.995279,0.000657,L,0.995279,0.991215,0.029037,0.005378,0.221917
100,30,00432,sleet,914,1,0.006298,0.992620,0.001082,L,0.992620,0.986322,0.042469,0.008462,0.192010
100,30,00432,sleet,825,1,0.014079,0.983572,0.002349,L,0.983572,0.969493,0.082407,0.018777,0.148040
100,30,00432,sleet,916,1,0.010111,0.988132,0.001757,L,0.988132,0.978021,0.063167,0.013625,0.242289
100,30,00432,sleet,1096,1,0.000340,0.999598,0.000061,L,0.999598,0.999258,0.003381,0.000463,0.386328
100,30,00432,sleet,8,1,0.012294,0.985585,0.002120,L,0.985585,0.973291,0.074132,0.016535,0.207068
100,30,00432,sleet,1007,1,0.005470,0.993735,0.000795,L,0.993735,0.988266,0.036781,0.007060,0.354698
100,30,00432,sleet,1368,1,0.000595,0.999321,0.000085,L,0.999321,0.998726,0.005361,0.000764,0.177284
100,30,00432,sleet,370,1,0.012585,0.985072,0.002344,L,0.985072,0.972487,0.076525,0.017272,0.302572
100,30,00432,sleet,1278,1,0.002321,0.997322,0.000358,L,0.997322,0.995001,0.017832,0.003036,0.180429
100,30,00432,sleet,281,1,0.000148,0.999830,0.000021,L,0.999830,0.999682,0.001552,0.000191,0.496518
100,30,00432,sleet,457,1,0.032472,0.962045,0.005483,L,0.962045,0.929573,0.161170,0.043438,0.167228
100,30,00432,sleet,190,1,0.000027,0.999969,0.000004,L,0.999969,0.999943,0.000331,0.000035,0.513926
100,30,00432,sleet,824,1,0.012397,0.985386,0.002217,L,0.985386,0.972990,0.075077,0.016830,0.147715
100,30,00432,sleet,189,1,0.000019,0.999977,0.000004,L,0.999977,0.999958,0.000249,0.000026,0.483449
100,30,00432,sleet,369,1,0.011638,0.986265,0.002097,L,0.986265,0.974627,0.071363,0.015831,0.299066
100,30,00432,sleet,1366,1,0.001409,0.998376,0.000214,L,0.998376,0.996967,0.011546,0.001838,0.237154
100,30,00432,sleet,1097,1,0.000143,0.999831,0.000026,L,0.999831,0.999687,0.001558,0.000195,0.420729
100,30,00432,sleet,1187,1,0.000088,0.999897,0.000015,L,0.999897,0.999809,0.000991,0.000118,0.414875
100,30,00432,sleet,1274,1,0.009677,0.988791,0.001532,L,0.988791,0.979114,0.060037,0.012741,0.171557
100,30,00432,sleet,1095,1,0.002166,0.997452,0.000381,L,0.997452,0.995286,0.017145,0.002929,0.300426
100,30,00432,sleet,98,1,0.004030,0.995332,0.000638,L,0.995332,0.991302,0.028737,0.005306,0.182218
100,30,00432,sleet,277,1,0.004750,0.994402,0.000848,L,0.994402,0.989651,0.033674,0.006447,0.246285
100,30,00432,sleet,1188,1,0.000528,0.999390,0.000082,L,0.999390,0.998863,0.004882,0.000692,0.205418
100,30,00432,sleet,1024,0,0.006122,0.993132,0.000746,L,0.993132,0.987010,0.039515,0.007614,0.106398
100,30,00432,sleet,325,0,0.001354,0.998495,0.000151,L,0.998495,0.997141,0.010719,0.001656,0.102181
100,30,00432,sleet,423,0,0.001797,0.997976,0.000227,L,0.997976,0.996179,0.013914,0.002251,0.117834
100,30,00432,sleet,1288,0,0.014852,0.982902,0.002245,L,0.982902,0.968050,0.084804,0.019343,0.151260
100,30,00432,sleet,1018,0,0.006141,0.993040,0.000819,L,0.993040,0.986898,0.040081,0.007779,0.104867
100,30,00432,sleet,1385,0,0.014970,0.982933,0.002097,L,0.982933,0.967964,0.084424,0.019163,0.128475
100,30,00432,sleet,155,0,0.001749,0.998028,0.000223,L,0.998028,0.996280,0.013604,0.002194,0.121654
100,30,00432,sleet,752,0,0.013292,0.985033,0.001675,L,0.985033,0.971742,0.075542,0.016642,0.108936
100,30,00432,sleet,109,0,0.015831,0.981400,0.002770,L,0.981400,0.965569,0.091359,0.021370,0.241378
100,30,00432,sleet,196,0,0.012574,0.985190,0.002236,L,0.985190,0.972616,0.075890,0.017047,0.229988
100,30,00432,sleet,997,0,0.006378,0.992784,0.000839,L,0.992784,0.986406,0.041298,0.008055,0.097891
100,30,00432,sleet,784,0,0.003036,0.996584,0.000379,L,0.996584,0.993548,0.021844,0.003795,0.138667
100,30,00432,sleet,1119,0,0.003379,0.996160,0.000461,L,0.996160,0.992780,0.024213,0.004301,0.092669
100,30,00432,sleet,484,0,0.016950,0.980904,0.002147,L,0.980904,0.963954,0.092128,0.021243,0.108082
100,30,00432,sleet,691,0,0.002943,0.996690,0.000366,L,0.996690,0.993747,0.021260,0.003676,0.142570
100,30,00432,sleet,344,0,0.001359,0.998471,0.000170,L,0.998471,0.997112,0.010898,0.001698,0.131527
100,30,00432,sleet,1057,0,0.008613,0.990300,0.001088,L,0.990300,0.981687,0.052816,0.010788,0.125754
100,30,00432,sleet,63,0,0.001480,0.998332,0.000188,L,0.998332,0.996853,0.011759,0.001855,0.125946
101,31,00163,sleet,814,1,0.003855,0.995531,0.000614,L,0.995531,0.991676,0.027696,0.005083,0.144924
101,31,00163,sleet,815,1,0.007686,0.991120,0.001194,L,0.991120,0.983434,0.049422,0.010074,0.143637
101,31,00163,sleet,902,1,0.000477,0.999446,0.000077,L,0.999446,0.998968,0.004490,0.000631,0.246311
101,31,00163,sleet,903,1,0.000059,0.999932,0.000009,L,0.999932,0.999873,0.000681,0.000077,0.335974
101,31,00163,sleet,904,1,0.000027,0.999969,0.000004,L,0.999969,0.999942,0.000336,0.000036,0.347191
101,31,00163,sleet,905,1,0.002181,0.997444,0.000375,L,0.997444,0.995263,0.017183,0.002931,0.211629
101,31,00163,sleet,990,1,0.000513,0.999413,0.000074,L,0.999413,0.998900,0.004713,0.000661,0.210655
101,31,00163,sleet,991,1,0.000171,0.999800,0.000028,L,0.999800,0.999629,0.001806,0.000228,0.320699
101,31,00163,sleet,992,1,0.000011,0.999988,0.000002,L,0.999988,0.999977,0.000141,0.000014,0.409622
101,31,00163,sleet,993,1,0.000001,0.999999,0.000000,L,0.999999,0.999998,0.000015,0.000001,0.518208
101,31,00163,sleet,994,1,0.000001,0.999999,0.000000,L,0.999999,0.999998,0.000012,0.000001,0.494302
101,31,00163,sleet,995,1,0.000209,0.999758,0.000033,L,0.999758,0.999549,0.002144,0.000276,0.281074
101,31,00163,sleet,996,1,0.007610,0.991141,0.001249,L,0.991141,0.983532,0.049419,0.010108,0.166341
101,31,00163,sleet,1080,1,0.000037,0.999958,0.000005,L,0.999958,0.999921,0.000439,0.000047,0.345991
101,31,00163,sleet,1081,1,0.000028,0.999968,0.000005,L,0.999968,0.999940,0.000345,0.000037,0.442010
101,31,00163,sleet,1082,1,0.000000,0.999999,0.000000,L,0.999999,0.999999,0.000008,0.000001,0.631655
101,31,00163,sleet,1083,1,0.000000,1.000000,0.000000,L,1.000000,1.000000,0.000003,0.000000,0.685155
101,31,00163,sleet,1084,1,0.000000,1.000000,0.000000,L,1.000000,0.999999,0.000005,0.000000,0.603238
101,31,00163,sleet,1085,1,0.000030,0.999966,0.000005,L,0.999966,0.999936,0.000366,0.000039,0.387027
101,31,00163,sleet,1086,1,0.009110,0.989306,0.001584,L,0.989306,0.980196,0.057938,0.012278,0.183379
101,31,00163,sleet,1170,1,0.000012,0.999986,0.000002,L,0.999986,0.999974,0.000158,0.000015,0.454781
101,31,00163,sleet,1171,1,0.000016,0.999982,0.000002,L,0.999982,0.999966,0.000202,0.000020,0.505877
101,31,00163,sleet,1172,1,0.000002,0.999998,0.000000,L,0.999998,0.999996,0.000026,0.000002,0.570490
101,31,00163,sleet,1173,1,0.000001,0.999999,0.000000,L,0.999999,0.999999,0.000010,0.000001,0.573159
101,31,00163,sleet,1174,1,0.000010,0.999989,0.000001,L,0.999989,0.999979,0.000129,0.000013,0.392734
101,31,00163,sleet,1175,1,0.013476,0.984278,0.002247,L,0.984278,0.970802,0.079498,0.017969,0.164673
101,31,00163,sleet,1176,1,0.020938,0.975415,0.003647,L,0.975415,0.954477,0.114420,0.028232,0.173535
101,31,00163,sleet,1260,1,0.000027,0.999969,0.000004,L,0.999969,0.999942,0.000332,0.000035,0.405519
101,31,00163,sleet,1261,1,0.000108,0.999879,0.000013,L,0.999879,0.999771,0.001142,0.000134,0.322971
101,31,00163,sleet,1262,1,0.000054,0.999938,0.000008,L,0.999938,0.999884,0.000624,0.000070,0.377924
101,31,00163,sleet,1263,1,0.000183,0.999791,0.000026,L,0.999791,0.999608,0.001873,0.000235,0.316184
101,31,00163,sleet,1264,1,0.012173,0.985762,0.002065,L,0.985762,0.973589,0.073337,0.016303,0.187200
101,31,00163,sleet,1350,1,0.003613,0.995893,0.000493,L,0.995893,0.992280,0.025644,0.004600,0.172578
101,31,00163,sleet,1351,1,0.003225,0.996330,0.000445,L,0.996330,0.993105,0.023301,0.004115,0.182673
101,31,00163,sleet,1352,1,0.011630,0.986760,0.001610,L,0.986760,0.975131,0.068547,0.014850,0.151523
101,31,00163,sleet,517,0,0.001610,0.998188,0.000202,L,0.998188,0.996578,0.012636,0.002014,0.123415
101,31,00163,sleet,580,0,0.011751,0.986815,0.001434,L,0.986815,0.975065,0.067998,0.014618,0.088669
101,31,00163,sleet,1146,0,0.006754,0.992392,0.000854,L,0.992392,0.985639,0.043114,0.008462,0.111744
101,31,00163,sleet,525,0,0.001614,0.998184,0.000202,L,0.998184,0.996570,0.012658,0.002017,0.123389
101,31,00163,sleet,13,0,0.002150,0.997594,0.000257,L,0.997594,0.995444,0.016139,0.002663,0.084869
101,31,00163,sleet,1005,0,0.008518,0.989930,0.001552,L,0.989930,0.981412,0.055206,0.011621,0.284583
101,31,00163,sleet,726,0,0.016071,0.981468,0.002461,L,0.981468,0.965397,0.090595,0.020993,0.127197
101,31,00163,sleet,1266,0,0.012394,0.985576,0.002030,L,0.985576,0.973183,0.074020,0.016453,0.169102
101,31,00163,sleet,1004,0,0.011515,0.986371,0.002115,L,0.986371,0.974856,0.070965,0.015744,0.271401
101,31,00163,sleet,952,0,0.007067,0.992086,0.000846,L,0.992086,0.985019,0.044483,0.008760,0.084387
101,31,00163,sleet,1398,0,0.005578,0.993748,0.000674,L,0.993748,0.988170,0.036500,0.006926,0.091961
101,31,00163,sleet,1396,0,0.005555,0.993753,0.000692,L,0.993753,0.988198,0.036507,0.006938,0.093658
101,31,00163,sleet,955,0,0.007046,0.992077,0.000877,L,0.992077,0.985031,0.044584,0.008800,0.133449
101,31,00163,sleet,967,0,0.007053,0.992070,0.000877,L,0.992070,0.985018,0.044613,0.008807,0.133401
101,31,00163,sleet,888,0,0.003580,0.995978,0.000442,L,0.995978,0.992397,0.025117,0.004464,0.143378
101,31,00163,sleet,931,0,0.018250,0.979479,0.002271,L,0.979479,0.961229,0.097578,0.022793,0.101315
101,31,00163,sleet,810,0,0.013794,0.983898,0.002307,L,0.983898,0.970104,0.081074,0.018409,0.150809
101,31,00163,sleet,465,0,0.000281,0.999678,0.000041,L,0.999678,0.999397,0.002762,0.000363,0.104521
102,50,00211,sleet,260,1,0.001250,0.998607,0.000144,L,0.998607,0.997357,0.010028,0.001537,0.118416
102,50,00211,sleet,350,1,0.001367,0.998472,0.000161,L,0.998472,0.997105,0.010876,0.001689,0.145119
102,50,00211,sleet,351,1,0.001369,0.998476,0.000155,L,0.998476,0.997108,0.010839,0.001679,0.140689
102,50,00211,sleet,352,1,0.001360,0.998475,0.000165,L,0.998475,0.997115,0.010862,0.001689,0.160557
102,50,00211,sleet,353,1,0.001341,0.998483,0.000175,L,0.998483,0.997142,0.010835,0.001692,0.196589
102,50,00211,sleet,354,1,0.001410,0.998410,0.000180,L,0.998410,0.997000,0.011285,0.001770,0.170141
102,50,00211,sleet,355,1,0.001430,0.998400,0.000170,L,0.998400,0.996970,0.011326,0.001770,0.132634
102,50,00211,sleet,356,1,0.001572,0.998253,0.000176,L,0.998253,0.996681,0.012207,0.001923,0.097812
102,50,00211,sleet,440,1,0.001804,0.997971,0.000226,L,0.997971,0.996167,0.013942,0.002255,0.129650
102,50,00211,sleet,441,1,0.001761,0.998004,0.000235,L,0.998004,0.996244,0.013765,0.002230,0.176503
102,50,00211,sleet,442,1,0.001722,0.998036,0.000241,L,0.998036,0.996314,0.013593,0.002205,0.202163
102,50,00211,sleet,443,1,0.001680,0.998069,0.000251,L,0.998069,0.996389,0.013421,0.002182,0.238537
102,50,00211,sleet,444,1,0.001779,0.997948,0.000274,L,0.997948,0.996169,0.014162,0.002326,0.206812
102,50,00211,sleet,445,1,0.001815,0.997939,0.000246,L,0.997939,0.996124,0.014163,0.002307,0.138908
102,50,00211,sleet,446,1,0.001869,0.997886,0.000245,L,0.997886,0.996016,0.014466,0.002359,0.114726
102,50,00211,sleet,530,1,0.001624,0.998191,0.000185,L,0.998191,0.996567,0.012590,0.001995,0.120522
102,50,00211,sleet,531,1,0.001622,0.998190,0.000188,L,0.998190,0.996568,0.012599,0.001998,0.132375
102,50,00211,sleet,532,1,0.001592,0.998211,0.000196,L,0.998211,0.996619,0.012491,0.001985,0.159891
102,50,00211,sleet,533,1,0.001572,0.998233,0.000195,L,0.998233,0.996660,0.012364,0.001963,0.160999
102,50,00211,sleet,534,1,0.001351,0.998460,0.000189,L,0.998460,0.997110,0.011000,0.001729,0.173370
102,50,00211,sleet,535,1,0.001105,0.998764,0.000131,L,0.998764,0.997660,0.009036,0.001367,0.109024
102,50,00211,sleet,536,1,0.001013,0.998873,0.000114,L,0.998873,0.997860,0.008328,0.001242,0.094485
102,50,00211,sleet,620,1,0.001979,0.997781,0.000240,L,0.997781,0.995801,0.015054,0.002459,0.137648
102,50,00211,sleet,621,1,0.001966,0.997788,0.000245,L,0.997788,0.995822,0.015020,0.002457,0.155444
102,50,00211,sleet,622,1,0.001925,0.997811,0.000264,L,0.997811,0.995887,0.014924,0.002452,0.196110
102,50,00211,sleet,623,1,0.001869,0.997862,0.000270,L,0.997862,0.995993,0.014648,0.002408,0.220256
102,50,00211,sleet,624,1,0.001567,0.998187,0.000247,L,0.998187,0.996620,0.012723,0.002060,0.239867
102,50,00211,sleet,625,1,0.001120,0.998729,0.000151,L,0.998729,0.997608,0.009296,0.001423,0.162979
102,50,00211,sleet,626,1,0.000887,0.999006,0.000107,L,0.999006,0.998119,0.007469,0.001101,0.132884
102,50,00211,sleet,876,0,0.003545,0.996061,0.000394,L,0.996061,0.992516,0.024597,0.004333,0.096255
102,50,00211,sleet,479,0,0.001374,0.998469,0.000157,L,0.998469,0.997096,0.010885,0.001688,0.065666
102,50,00211,sleet,238,0,0.001201,0.998657,0.000142,L,0.998657,0.997455,0.009720,0.001485,0.100829
102,50,00211,sleet,498,0,0.001618,0.998191,0.000191,L,0.998191,0.996573,0.012598,0.002000,0.102314
102,50,00211,sleet,1198,0,0.005313,0.994007,0.000680,L,0.994007,0.988694,0.035281,0.006673,0.081262
102,50,00211,sleet,63,0,0.000718,0.999207,0.000075,L,0.999207,0.998489,0.006103,0.000868,0.090605
102,50,00211,sleet,1225,0,0.005497,0.993730,0.000773,L,0.993730,0.988233,0.036765,0.007043,0.119313
102,50,00211,sleet,682,0,0.003091,0.996479,0.000430,L,0.996479,0.993388,0.022494,0.003951,0.158166
102,50,00211,sleet,939,0,0.008500,0.990426,0.001074,L,0.990426,0.981926,0.052246,0.010649,0.122018
102,50,00211,sleet,466,0,0.006528,0.992587,0.000885,L,0.992587,0.986060,0.042282,0.008297,0.093140
102,50,00211,sleet,23,0,0.001445,0.998371,0.000184,L,0.998371,0.996926,0.011527,0.001814,0.123153
102,50,00211,sleet,1335,0,0.004397,0.995048,0.000554,L,0.995048,0.990651,0.030000,0.005506,0.132213
102,50,00211,sleet,119,0,0.019642,0.977627,0.002731,L,0.977627,0.957985,0.105075,0.025104,0.134631
102,50,00211,sleet,29,0,0.011948,0.986393,0.001659,L,0.986393,0.974445,0.070116,0.015266,0.130536
102,50,00211,sleet,875,0,0.003521,0.996097,0.000382,L,0.996097,0.992576,0.024387,0.004285,0.088978
102,50,00211,sleet,454,0,0.012514,0.985668,0.001818,L,0.985668,0.973154,0.073294,0.016150,0.125586
102,50,00211,sleet,739,0,0.003314,0.996305,0.000382,L,0.996305,0.992991,0.023314,0.004077,0.059023
102,50,00211,sleet,169,0,0.001789,0.998026,0.000184,L,0.998026,0.996237,0.013540,0.002158,0.099500
103,50,00259,sleet,65,1,0.004155,0.995389,0.000457,L,0.995389,0.991234,0.028123,0.005068,0.105604
103,50,00259,sleet,66,1,0.004716,0.994765,0.000519,L,0.994765,0.990049,0.031321,0.005754,0.104273
103,50,00259,sleet,67,1,0.005439,0.993918,0.000643,L,0.993918,0.988479,0.035636,0.006726,0.101423
103,50,00259,sleet,68,1,0.004091,0.995454,0.000455,L,0.995454,0.991363,0.027791,0.005000,0.090034
103,50,00259,sleet,69,1,0.005297,0.994073,0.000630,L,0.994073,0.988776,0.034875,0.006558,0.113377
103,50,00259,sleet,70,1,0.001981,0.997776,0.000243,L,0.997776,0.995795,0.015089,0.002468,0.124901
103,50,00259,sleet,71,1,0.001488,0.998343,0.000168,L,0.998343,0.996855,0.011657,0.001825,0.116228
103,50,00259,sleet,155,1,0.005553,0.993857,0.000590,L,0.993857,0.988304,0.035819,0.006733,0.106339
103,50,00259,sleet,156,1,0.001341,0.998504,0.000154,L,0.998504,0.997163,0.010669,0.001650,0.113811
103,50,00259,sleet,157,1,0.000040,0.999955,0.000004,L,0.999955,0.999915,0.000460,0.000049,0.202957
103,50,00259,sleet,158,1,0.000012,0.999987,0.000001,L,0.999987,0.999975,0.000152,0.000014,0.253218
103,50,00259,sleet,159,1,0.000142,0.999841,0.000018,L,0.999841,0.999699,0.001464,0.000177,0.217900
103,50,00259,sleet,160,1,0.003050,0.996575,0.000375,L,0.996575,0.993525,0.021884,0.003799,0.121943
103,50,00259,sleet,161,1,0.002088,0.997687,0.000225,L,0.997687,0.995599,0.015553,0.002538,0.101635
103,50,00259,sleet,245,1,0.005945,0.993380,0.000675,L,0.993380,0.987435,0.038224,0.007295,0.127005
103,50,00259,sleet,246,1,0.000498,0.999438,0.000064,L,0.999438,0.998939,0.004522,0.000626,0.190793
103,50,00259,sleet,247,1,0.000011,0.999987,0.000002,L,0.999987,0.999976,0.000147,0.000014,0.512532
103,50,00259,sleet,248,1,0.000006,0.999994,0.000001,L,0.999994,0.999988,0.000078,0.000007,0.524031
103,50,00259,sleet,249,1,0.000032,0.999963,0.000005,L,0.999963,0.999930,0.000392,0.000042,0.421015
103,50,00259,sleet,250,1,0.001920,0.997813,0.000267,L,0.997813,0.995892,0.014923,0.002455,0.146531
103,50,00259,sleet,251,1,0.001739,0.998063,0.000197,L,0.998063,0.996324,0.013353,0.002134,0.087982
103,50,00259,sleet,335,1,0.021362,0.976272,0.002366,L,0.976272,0.954910,0.109149,0.026095,0.113365
103,50,00259,sleet,336,1,0.010764,0.987671,0.001565,L,0.987671,0.976907,0.064755,0.013894,0.158904
103,50,00259,sleet,337,1,0.001066,0.998767,0.000167,L,0.998767,0.997702,0.009083,0.001400,0.254007
103,50,00259,sleet,338,1,0.000996,0.998850,0.000154,L,0.998850,0.997854,0.008542,0.001304,0.239995
103,50,00259,sleet,339,1,0.001120,0.998705,0.000175,L,0.998705,0.997586,0.009481,0.001470,0.192927
103,50,00259,sleet,340,1,0.002211,0.997489,0.000300,L,0.997489,0.995279,0.016803,0.002811,0.115008
103,50,00259,sleet,341,1,0.001962,0.997811,0.000227,L,0.997811,0.995850,0.014855,0.002416,0.074966
103,50,00259,sleet,1116,0,0.003821,0.995686,0.000494,L,0.995686,0.991865,0.026701,0.004808,0.111514
103,50,00259,sleet,774,0,0.003044,0.996560,0.000396,L,0.996560,0.993516,0.022006,0.003836,0.118169
103,50,00259,sleet,1233,0,0.007045,0.992046,0.000908,L,0.992046,0.985001,0.044782,0.008862,0.109050
103,50,00259,sleet,807,0,0.002177,0.997570,0.000253,L,0.997570,0.995393,0.016263,0.002683,0.109479
103,50,00259,sleet,361,0,0.006244,0.992650,0.001106,L,0.992650,0.986406,0.042370,0.008456,0.197235
103,50,00259,sleet,600,0,0.004788,0.994659,0.000553,L,0.994659,0.989871,0.031902,0.005893,0.062801
103,50,00259,sleet,365,0,0.005187,0.994006,0.000807,L,0.994006,0.988820,0.035512,0.006801,0.142665
103,50,00259,sleet,962,0,0.000500,0.999445,0.000055,L,0.999445,0.998945,0.004453,0.000609,0.098905
103,50,00259,sleet,0,0,0.013028,0.985272,0.001699,L,0.985272,0.972244,0.074647,0.016427,0.142751
103,50,00259,sleet,1423,0,0.005606,0.993703,0.000691,L,0.993703,0.988096,0.036745,0.006988,0.088414
103,50,00259,sleet,1360,0,0.005753,0.993094,0.001153,L,0.993094,0.987342,0.040373,0.008059,0.195092
103,50,00259,sleet,939,0,0.013309,0.984978,0.001713,L,0.984978,0.971669,0.075827,0.016735,0.081438
103,50,00259,sleet,87,0,0.001633,0.998186,0.000182,L,0.998186,0.996553,0.012610,0.001996,0.100058
103,50,00259,sleet,293,0,0.001266,0.998594,0.000140,L,0.998594,0.997328,0.010097,0.001546,0.065351
103,50,00259,sleet,1136,0,0.007099,0.991965,0.000935,L,0.991965,0.984866,0.045196,0.008970,0.109296
103,50,00259,sleet,769,0,0.002988,0.996543,0.000470,L,0.996543,0.993555,0.022227,0.003927,0.172410
103,50,00259,sleet,195,0,0.001400,0.998433,0.000167,L,0.998433,0.997032,0.011124,0.001735,0.060827
103,50,00259,sleet,660,0,0.009140,0.989643,0.001217,L,0.989643,0.980503,0.055875,0.011574,0.068949
104,50,00456,sleet,181,1,0.019503,0.977547,0.002950,L,0.977547,0.958044,0.105746,0.025403,0.180089
104,50,00456,sleet,234,1,0.001479,0.998269,0.000252,L,0.998269,0.996790,0.012249,0.001983,0.271644
104,50,00456,sleet,322,1,0.000046,0.999946,0.000008,L,0.999946,0.999900,0.000552,0.000062,0.530515
104,50,00456,sleet,454,1,0.004075,0.995210,0.000715,L,0.995210,0.991135,0.029474,0.005504,0.213633
104,50,00456,sleet,451,1,0.017313,0.979676,0.003010,L,0.979676,0.962363,0.098143,0.023334,0.203570
104,50,00456,sleet,507,1,0.002240,0.997480,0.000280,L,0.997480,0.995239,0.016818,0.002800,0.085532
104,50,00456,sleet,415,1,0.000313,0.999627,0.000059,L,0.999627,0.999314,0.003165,0.000432,0.455837
104,50,00456,sleet,92,1,0.028190,0.967749,0.004061,L,0.967749,0.939559,0.140804,0.036311,0.143642
104,50,00456,sleet,233,1,0.000940,0.998901,0.000159,L,0.998901,0.997961,0.008232,0.001259,0.305337
104,50,00456,sleet,147,1,0.001662,0.998104,0.000233,L,0.998104,0.996442,0.013182,0.002129,0.147620
104,50,00456,sleet,506,1,0.002619,0.997013,0.000368,L,0.997013,0.994394,0.019536,0.003355,0.127976
104,50,00456,sleet,141,1,0.009074,0.989809,0.001116,L,0.989809,0.980735,0.054976,0.011307,0.110000
104,50,00456,sleet,232,1,0.006159,0.992838,0.001003,L,0.992838,0.986680,0.041331,0.008164,0.214899
104,50,00456,sleet,144,1,0.005148,0.994134,0.000718,L,0.994134,0.988986,0.034746,0.006584,0.111067
104,50,00456,sleet,326,1,0.002678,0.996858,0.000464,L,0.996858,0.994180,0.020533,0.003605,0.234459
104,50,00456,sleet,275,1,0.000831,0.999024,0.000145,L,0.999024,0.998194,0.007417,0.001120,0.189234
104,50,00456,sleet,417,1,0.002605,0.997070,0.000325,L,0.997070,0.994465,0.019145,0.003254,0.092593
104,50,00456,sleet,365,1,0.003059,0.996292,0.000649,L,0.996292,0.993233,0.023826,0.004357,0.260352
104,50,00456,sleet,501,1,0.024643,0.972152,0.003205,L,0.972152,0.947509,0.124814,0.031053,0.151300
104,50,00456,sleet,274,1,0.000668,0.999204,0.000128,L,0.999204,0.998535,0.006218,0.000925,0.350784
104,50,00456,sleet,236,1,0.002013,0.997679,0.000308,L,0.997679,0.995666,0.015753,0.002629,0.167207
104,50,00456,sleet,91,1,0.018379,0.979186,0.002435,L,0.979186,0.960807,0.098944,0.023249,0.122882
104,50,00456,sleet,414,1,0.000001,0.999998,0.000000,L,0.999998,0.999997,0.000022,0.000002,0.671551
104,50,00456,sleet,503,1,0.001454,0.998333,0.000214,L,0.998333,0.996879,0.011806,0.001881,0.217930
104,50,00456,sleet,93,1,0.012088,0.986049,0.001864,L,0.986049,0.973961,0.071855,0.015815,0.151190
104,50,00456,sleet,142,1,0.010823,0.987864,0.001313,L,0.987864,0.977041,0.063497,0.013449,0.103064
104,50,00456,sleet,237,1,0.001685,0.998099,0.000216,L,0.998099,0.996414,0.013180,0.002117,0.120020
104,50,00456,sleet,143,1,0.004834,0.994520,0.000646,L,0.994520,0.989686,0.032755,0.006126,0.103230
104,50,00456,sleet,273,1,0.000000,1.000000,0.000000,L,1.000000,0.999999,0.000005,0.000000,0.709683
104,50,00456,sleet,452,1,0.004296,0.994900,0.000804,L,0.994900,0.990604,0.031155,0.005903,0.239427
104,50,00456,sleet,180,1,0.006316,0.992813,0.000871,L,0.992813,0.986497,0.041220,0.008057,0.129792
104,50,00456,sleet,325,1,0.000095,0.999887,0.000018,L,0.999887,0.999791,0.001085,0.000131,0.510517
104,50,00456,sleet,413,1,0.000004,0.999996,0.000001,L,0.999996,0.999992,0.000053,0.000005,0.654703
104,50,00456,sleet,364,1,0.002775,0.996664,0.000560,L,0.996664,0.993889,0.021722,0.003896,0.318277
104,50,00456,sleet,361,1,0.000002,0.999998,0.000000,L,0.999998,0.999996,0.000026,0.000002,0.673741
104,50,00456,sleet,183,1,0.019548,0.977030,0.003422,L,0.977030,0.957482,0.108366,0.026392,0.246516
104,50,00456,sleet,150,0,0.001752,0.998039,0.000209,L,0.998039,0.996286,0.013519,0.002170,0.103013
104,50,00456,sleet,1307,0,0.004563,0.994922,0.000516,L,0.994922,0.990359,0.030550,0.005594,0.089253
104,50,00456,sleet,1061,0,0.008401,0.990354,0.001245,L,0.990354,0.981953,0.052867,0.010891,0.157073
104,50,00456,sleet,929,0,0.015196,0.982937,0.001867,L,0.982937,0.967742,0.083985,0.018929,0.117487
104,50,00456,sleet,1196,0,0.005333,0.993886,0.000781,L,0.993886,0.988552,0.036044,0.006896,0.150428
104,50,00456,sleet,934,0,0.007433,0.991609,0.000958,L,0.991609,0.984176,0.046831,0.009349,0.153149
104,50,00456,sleet,317,0,0.004892,0.994250,0.000858,L,0.994250,0.989359,0.034422,0.006608,0.185766
104,50,00456,sleet,334,0,0.001354,0.998505,0.000140,L,0.998505,0.997151,0.010634,0.001635,0.088517
104,50,00456,sleet,810,0,0.017821,0.979380,0.002799,L,0.979380,0.961558,0.098883,0.023420,0.143464
104,50,00456,sleet,715,0,0.004177,0.995345,0.000477,L,0.995345,0.991168,0.028380,0.005132,0.072942
104,50,00456,sleet,971,0,0.007073,0.992011,0.000916,L,0.992011,0.984938,0.044952,0.008905,0.122300
104,50,00456,sleet,535,0,0.031375,0.965256,0.003369,L,0.965256,0.933882,0.147389,0.038112,0.103164
104,50,00456,sleet,884,0,0.003527,0.996046,0.000427,L,0.996046,0.992518,0.024741,0.004382,0.094290
104,50,00456,sleet,213,0,0.001226,0.998619,0.000155,L,0.998619,0.997394,0.009974,0.001536,0.124917
104,50,00456,sleet,604,0,0.001984,0.997764,0.000251,L,0.997764,0.995780,0.015169,0.002487,0.126273
104,50,00456,sleet,652,0,0.007260,0.991780,0.000960,L,0.991780,0.984519,0.046074,0.009180,0.109894
104,50,00456,sleet,1378,0,0.008770,0.990009,0.001221,L,0.990009,0.981239,0.054314,0.011212,0.133059
104,50,00456,sleet,173,0,0.003355,0.996205,0.000439,L,0.996205,0.992850,0.023940,0.004234,0.182454
105,50,00504,sleet,212,1,0.002981,0.996643,0.000376,L,0.996643,0.993661,0.021532,0.003734,0.148724
105,50,00504,sleet,213,1,0.005393,0.993865,0.000742,L,0.993865,0.988472,0.036071,0.006877,0.152752
105,50,00504,sleet,214,1,0.011824,0.986181,0.001996,L,0.986181,0.974357,0.071545,0.015815,0.209825
105,50,00504,sleet,215,1,0.011084,0.986835,0.002081,L,0.986835,0.975751,0.069024,0.015246,0.262650
105,50,00504,sleet,216,1,0.009190,0.989232,0.001578,L,0.989232,0.980042,0.058242,0.012345,0.184057
105,50,00504,sleet,217,1,0.004683,0.994594,0.000723,L,0.994594,0.989910,0.032532,0.006129,0.131728
105,50,00504,sleet,218,1,0.003590,0.995941,0.000470,L,0.995941,0.992351,0.025359,0.004529,0.096617
105,50,00504,sleet,219,1,0.002473,0.997232,0.000295,L,0.997232,0.994759,0.018209,0.003062,0.084358
105,50,00504,sleet,302,1,0.000480,0.999443,0.000077,L,0.999443,0.998963,0.004507,0.000633,0.299271
105,50,00504,sleet,303,1,0.001917,0.997751,0.000332,L,0.997751,0.995834,0.015384,0.002581,0.312039
105,50,00504,sleet,304,1,0.000007,0.999992,0.000001,L,0.999992,0.999984,0.000101,0.000010,0.561456
105,50,00504,sleet,305,1,0.000000,1.000000,0.000000,L,1.000000,1.000000,0.000002,0.000000,0.836770
105,50,00504,sleet,306,1,0.000000,1.000000,0.000000,L,1.000000,1.000000,0.000004,0.000000,0.720684
105,50,00504,sleet,307,1,0.000041,0.999950,0.000008,L,0.999950,0.999909,0.000513,0.000058,0.459192
105,50,00504,sleet,308,1,0.003481,0.995969,0.000551,L,0.995969,0.992488,0.025358,0.004582,0.151961
105,50,00504,sleet,309,1,0.002916,0.996721,0.000363,L,0.996721,0.993804,0.021092,0.003642,0.088859
105,50,00504,sleet,392,1,0.000439,0.999496,0.000065,L,0.999496,0.999057,0.004117,0.000569,0.279124
105,50,00504,sleet,393,1,0.000765,0.999109,0.000126,L,0.999109,0.998343,0.006840,0.001018,0.338089
105,50,00504,sleet,394,1,0.000003,0.999996,0.000001,L,0.999996,0.999993,0.000048,0.000004,0.638681
105,50,00504,sleet,395,1,0.000000,1.000000,0.000000,L,1.000000,1.000000,0.000003,0.000000,0.975811
105,50,00504,sleet,396,1,0.000000,1.000000,0.000000,L,1.000000,1.000000,0.000002,0.000000,0.874399
105,50,00504,sleet,397,1,0.000018,0.999978,0.000004,L,0.999978,0.999960,0.000243,0.000026,0.513409
105,50,00504,sleet,398,1,0.004691,0.994542,0.000767,L,0.994542,0.989850,0.032860,0.006225,0.139926
105,50,00504,sleet,399,1,0.003045,0.996551,0.000404,L,0.996551,0.993506,0.022068,0.003853,0.097336
105,50,00504,sleet,482,1,0.006435,0.992753,0.000812,L,0.992753,0.986318,0.041387,0.008059,0.140755
105,50,00504,sleet,483,1,0.007424,0.991459,0.001117,L,0.991459,0.984035,0.047782,0.009657,0.182377
105,50,00504,sleet,484,1,0.006456,0.992415,0.001129,L,0.992415,0.985960,0.043483,0.008713,0.232476
105,50,00504,sleet,485,1,0.001724,0.997960,0.000316,L,0.997960,0.996236,0.014159,0.002356,0.293626
105,50,00504,sleet,486,1,0.001242,0.998515,0.000242,L,0.998515,0.997273,0.010754,0.001727,0.310706
105,50,00504,sleet,487,1,0.002471,0.997120,0.000409,L,0.997120,0.994649,0.019026,0.003289,0.156620
105,50,00504,sleet,488,1,0.003425,0.996069,0.000506,L,0.996069,0.992644,0.024763,0.004437,0.107861
105,50,00504,sleet,489,1,0.002684,0.996977,0.000340,L,0.996977,0.994293,0.019679,0.003363,0.082396
105,50,00504,sleet,574,0,0.023103,0.972810,0.004087,L,0.972810,0.949706,0.124106,0.031278,0.217125
105,50,00504,sleet,568,0,0.007175,0.991843,0.000982,L,0.991843,0.984668,0.045829,0.009139,0.094913
105,50,00504,sleet,181,0,0.009559,0.988977,0.001463,L,0.988977,0.979418,0.059133,0.012486,0.178446
105,50,00504,sleet,386,0,0.013089,0.985366,0.001546,L,0.985366,0.972277,0.073988,0.016180,0.106294
105,50,00504,sleet,479,0,0.011048,0.987640,0.001311,L,0.987640,0.976592,0.064412,0.013671,0.088174
105,50,00504,sleet,583,0,0.006384,0.992859,0.000757,L,0.992859,0.986476,0.040795,0.007897,0.068823
105,50,00504,sleet,1111,0,0.002550,0.997095,0.000355,L,0.997095,0.994545,0.019067,0.003260,0.125341
105,50,00504,sleet,1240,0,0.005232,0.994107,0.000661,L,0.994107,0.988874,0.034772,0.006555,0.108559
105,50,00504,sleet,1148,0,0.007015,0.992100,0.000885,L,0.992100,0.985084,0.044496,0.008785,0.084964
105,50,00504,sleet,522,0,0.001622,0.998195,0.000183,L,0.998195,0.996573,0.012559,0.001988,0.076312
105,50,00504,sleet,405,0,0.001889,0.997891,0.000220,L,0.997891,0.996001,0.014391,0.002330,0.078369
105,50,00504,sleet,1102,0,0.016356,0.981283,0.002361,L,0.981283,0.964927,0.091113,0.021079,0.153006
105,50,00504,sleet,1172,0,0.005279,0.993949,0.000772,L,0.993949,0.988670,0.035724,0.006822,0.123867
105,50,00504,sleet,863,0,0.004652,0.994767,0.000580,L,0.994767,0.990115,0.031430,0.005813,0.119892
105,50,00504,sleet,84,0,0.001502,0.998327,0.000171,L,0.998327,0.996825,0.011760,0.001844,0.103819
105,50,00504,sleet,613,0,0.001996,0.997775,0.000230,L,0.997775,0.995779,0.015068,0.002455,0.100910
105,50,00504,sleet,1215,0,0.000347,0.999615,0.000039,L,0.999615,0.999268,0.003223,0.000424,0.101435
105,50,00504,sleet,1015,0,0.007718,0.991148,0.001134,L,0.991148,0.983431,0.049192,0.009985,0.111707
106,50,00552,sleet,462,1,0.037395,0.957115,0.005491,L,0.957115,0.919720,0.176056,0.048376,0.124103
106,50,00552,sleet,286,1,0.000000,1.000000,0.000000,L,1.000000,0.999999,0.000005,0.000000,0.999918
106,50,00552,sleet,377,1,0.000044,0.999948,0.000008,L,0.999948,0.999904,0.000538,0.000061,0.618069
106,50,00552,sleet,104,1,0.013675,0.983860,0.002464,L,0.983860,0.970185,0.081471,0.018604,0.174937
106,50,00552,sleet,372,1,0.004259,0.994943,0.000798,L,0.994943,0.990684,0.030933,0.005854,0.278076
106,50,00552,sleet,376,1,0.000004,0.999996,0.000000,L,0.999996,0.999992,0.000054,0.000005,0.828119
106,50,00552,sleet,198,1,0.002796,0.996657,0.000546,L,0.996657,0.993861,0.021739,0.003889,0.219830
106,50,00552,sleet,465,1,0.009320,0.988745,0.001935,L,0.988745,0.979425,0.060854,0.013189,0.308952
106,50,00552,sleet,378,1,0.001876,0.997698,0.000425,L,0.997698,0.995822,0.015822,0.002727,0.377157
106,50,00552,sleet,468,1,0.004357,0.994948,0.000695,L,0.994948,0.990591,0.030744,0.005747,0.116945
106,50,00552,sleet,289,1,0.002432,0.997141,0.000427,L,0.997141,0.994710,0.018937,0.003286,0.170307
106,50,00552,sleet,103,1,0.005872,0.993211,0.000917,L,0.993211,0.987339,0.039457,0.007706,0.146282
106,50,00552,sleet,199,1,0.001915,0.997794,0.000292,L,0.997794,0.995880,0.015072,0.002497,0.125876
106,50,00552,sleet,287,1,0.000001,0.999998,0.000000,L,0.999998,0.999997,0.000022,0.000002,0.774545
106,50,00552,sleet,464,1,0.006723,0.991978,0.001300,L,0.991978,0.985255,0.045745,0.009322,0.250613
106,50,00552,sleet,195,1,0.004592,0.994518,0.000890,L,0.994518,0.989925,0.033170,0.006372,0.343367
106,50,00552,sleet,196,1,0.001616,0.998088,0.000296,L,0.998088,0.996473,0.013380,0.002207,0.394595
106,50,00552,sleet,285,1,0.000001,0.999999,0.000000,L,0.999999,0.999998,0.000011,0.000001,0.998792
106,50,00552,sleet,109,1,0.002429,0.997227,0.000345,L,0.997227,0.994798,0.018330,0.003118,0.101731
106,50,00552,sleet,373,1,0.003343,0.996045,0.000611,L,0.996045,0.992702,0.025060,0.004566,0.342451
106,50,00552,sleet,194,1,0.014372,0.982707,0.002921,L,0.982707,0.968335,0.086621,0.020214,0.288482
106,50,00552,sleet,288,1,0.000920,0.998891,0.000189,L,0.998891,0.997971,0.008336,0.001297,0.456622
106,50,00552,sleet,106,1,0.014008,0.983190,0.002801,L,0.983190,0.969182,0.084581,0.019611,0.196895
106,50,00552,sleet,467,1,0.005014,0.994049,0.000937,L,0.994049,0.989035,0.035516,0.006888,0.182413
106,50,00552,sleet,102,1,0.006090,0.993050,0.000859,L,0.993050,0.986960,0.040105,0.007809,0.123198
106,50,00552,sleet,469,1,0.003558,0.995961,0.000481,L,0.995961,0.992404,0.025272,0.004519,0.073639
106,50,00552,sleet,105,1,0.016919,0.979791,0.003290,L,0.979791,0.962872,0.098153,0.023500,0.194192
106,50,00552,sleet,284,1,0.000013,0.999984,0.000002,L,0.999984,0.999971,0.000178,0.000018,0.654004
106,50,00552,sleet,463,1,0.018754,0.978043,0.003203,L,0.978043,0.959289,0.104389,0.025160,0.174301
106,50,00552,sleet,379,1,0.002998,0.996559,0.000443,L,0.996559,0.993560,0.022096,0.003884,0.112889
106,50,00552,sleet,282,1,0.001160,0.998623,0.000217,L,0.998623,0.997463,0.010057,0.001594,0.355913
106,50,00552,sleet,108,1,0.004793,0.994422,0.000785,L,0.994422,0.989628,0.033474,0.006364,0.123404
106,50,00552,sleet,192,1,0.002937,0.996502,0.000560,L,0.996502,0.993565,0.022585,0.004058,0.228421
106,50,00552,sleet,197,1,0.004206,0.994907,0.000888,L,0.994907,0.990701,0.031248,0.005981,0.287430
106,50,00552,sleet,107,1,0.007632,0.990999,0.001369,L,0.990999,0.983367,0.050240,0.010369,0.149529
106,50,00552,sleet,466,1,0.004358,0.994732,0.000910,L,0.994732,0.990374,0.032146,0.006178,0.241171
106,50,00552,sleet,527,0,0.001601,0.998233,0.000166,L,0.998233,0.996631,0.012305,0.001934,0.071401
106,50,00552,sleet,331,0,0.001358,0.998485,0.000156,L,0.998485,0.997127,0.010788,0.001671,0.113353
106,50,00552,sleet,570,0,0.003282,0.996289,0.000429,L,0.996289,0.993007,0.023486,0.004140,0.114655
106,50,00552,sleet,953,0,0.007090,0.992134,0.000776,L,0.992134,0.985045,0.044126,0.008641,0.091846
106,50,00552,sleet,215,0,0.001244,0.998601,0.000155,L,0.998601,0.997357,0.010085,0.001554,0.125068
106,50,00552,sleet,958,0,0.007083,0.992021,0.000896,L,0.992021,0.984938,0.044874,0.008876,0.111156
106,50,00552,sleet,1120,0,0.006640,0.992493,0.000868,L,0.992493,0.985853,0.042682,0.008375,0.120649
106,50,00552,sleet,225,0,0.001242,0.998609,0.000149,L,0.998609,0.997367,0.010025,0.001540,0.115149
106,50,00552,sleet,34,0,0.001477,0.998335,0.000188,L,0.998335,0.996859,0.011742,0.001852,0.125948
106,50,00552,sleet,517,0,0.001602,0.998216,0.000182,L,0.998216,0.996613,0.012438,0.001967,0.076207
106,50,00552,sleet,340,0,0.001356,0.998514,0.000131,L,0.998514,0.997158,0.010565,0.001617,0.085465
106,50,00552,sleet,203,0,0.001360,0.998449,0.000190,L,0.998449,0.997089,0.011066,0.001741,0.109193
106,50,00552,sleet,354,0,0.001422,0.998418,0.000160,L,0.998418,0.996995,0.011199,0.001742,0.135425
106,50,00552,sleet,4,0,0.009280,0.989292,0.001428,L,0.989292,0.980012,0.057742,0.012136,0.176291
106,50,00552,sleet,668,0,0.002954,0.996680,0.000366,L,0.996680,0.993726,0.021315,0.003686,0.142443
106,50,00552,sleet,460,0,0.039241,0.955155,0.005604,L,0.955155,0.915913,0.181993,0.050449,0.121683
106,50,00552,sleet,1437,0,0.004238,0.995195,0.000567,L,0.995195,0.990957,0.029297,0.005372,0.116997
106,50,00552,sleet,862,0,0.003562,0.996093,0.000344,L,0.996093,0.992531,0.024327,0.004251,0.097369
107,51,00237,sleet,424,1,0.002063,0.997640,0.000297,L,0.997640,0.995577,0.015955,0.002658,0.229657
107,51,00237,sleet,425,1,0.001999,0.997711,0.000291,L,0.997711,0.995712,0.015543,0.002580,0.229948
107,51,00237,sleet,426,1,0.001559,0.998201,0.000240,L,0.998201,0.996642,0.012629,0.002039,0.300043
107,51,00237,sleet,427,1,0.002214,0.997467,0.000319,L,0.997467,0.995253,0.016958,0.002851,0.385524
107,51,00237,sleet,428,1,0.002281,0.997360,0.000358,L,0.997360,0.995079,0.017619,0.002998,0.370376
107,51,00237,sleet,429,1,0.003916,0.995410,0.000674,L,0.995410,0.991494,0.028405,0.005264,0.319054
107,51,00237,sleet,430,1,0.002507,0.997084,0.000410,L,0.997084,0.994577,0.019224,0.003326,0.213903
107,51,00237,sleet,431,1,0.002591,0.997095,0.000314,L,0.997095,0.994505,0.018989,0.003218,0.098874
107,51,00237,sleet,514,1,0.000048,0.999945,0.000006,L,0.999945,0.999897,0.000556,0.000061,0.376476
107,51,00237,sleet,515,1,0.000260,0.999700,0.000041,L,0.999700,0.999440,0.002599,0.000341,0.373195
107,51,00237,sleet,516,1,0.000517,0.999412,0.000071,L,0.999412,0.998894,0.004717,0.000660,0.456288
107,51,00237,sleet,517,1,0.000263,0.999717,0.000020,L,0.999717,0.999454,0.002431,0.000304,0.672868
107,51,00237,sleet,518,1,0.000254,0.999724,0.000022,L,0.999724,0.999470,0.002377,0.000297,0.695164
107,51,00237,sleet,519,1,0.000485,0.999444,0.000071,L,0.999444,0.998960,0.004489,0.000626,0.551682
107,51,00237,sleet,520,1,0.002222,0.997344,0.000434,L,0.997344,0.995121,0.017832,0.003091,0.334308
107,51,00237,sleet,521,1,0.002601,0.997004,0.000396,L,0.997004,0.994403,0.019635,0.003392,0.153575
107,51,00237,sleet,604,1,0.000052,0.999939,0.000008,L,0.999939,0.999887,0.000613,0.000069,0.454942
107,51,00237,sleet,605,1,0.000164,0.999812,0.000025,L,0.999812,0.999648,0.001709,0.000213,0.498365
107,51,00237,sleet,606,1,0.000441,0.999512,0.000047,L,0.999512,0.999071,0.003974,0.000535,0.588357
107,51,00237,sleet,607,1,0.000035,0.999962,0.000003,L,0.999962,0.999927,0.000398,0.000041,0.946107
107,51,00237,sleet,608,1,0.000016,0.999983,0.000002,L,0.999983,0.999967,0.000195,0.000019,0.780728
107,51,00237,sleet,609,1,0.000046,0.999946,0.000008,L,0.999946,0.999900,0.000554,0.000062,0.610827
107,51,00237,sleet,610,1,0.002163,0.997391,0.000446,L,0.997391,0.995228,0.017587,0.003056,0.319116
107,51,00237,sleet,611,1,0.002474,0.997189,0.000337,L,0.997189,0.994715,0.018522,0.003147,0.106490
107,51,00237,sleet,694,1,0.002671,0.996988,0.000341,L,0.996988,0.994318,0.019620,0.003353,0.135367
107,51,00237,sleet,695,1,0.002684,0.996819,0.000497,L,0.996819,0.994135,0.020794,0.003677,0.251304
107,51,00237,sleet,696,1,0.002227,0.997430,0.000343,L,0.997430,0.995203,0.017208,0.002913,0.483675
107,51,00237,sleet,697,1,0.000431,0.999529,0.000040,L,0.999529,0.999097,0.003841,0.000512,0.717662
107,51,00237,sleet,698,1,0.000191,0.999785,0.000024,L,0.999785,0.999595,0.001915,0.000239,0.643405
107,51,00237,sleet,699,1,0.000286,0.999655,0.000060,L,0.999655,0.999369,0.002965,0.000405,0.508034
107,51,00237,sleet,700,1,0.003421,0.995974,0.000604,L,0.995974,0.992553,0.025414,0.004630,0.178105
107,51,00237,sleet,701,1,0.002802,0.996826,0.000373,L,0.996826,0.994024,0.020553,0.003547,0.083434
107,51,00237,sleet,482,0,0.001608,0.998190,0.000202,L,0.998190,0.996582,0.012625,0.002012,0.123433
107,51,00237,sleet,176,0,0.002135,0.997632,0.000233,L,0.997632,0.995498,0.015878,0.002601,0.105692
107,51,00237,sleet,811,0,0.001842,0.997883,0.000274,L,0.997883,0.996041,0.014532,0.002391,0.146147
107,51,00237,sleet,843,0,0.003581,0.995977,0.000442,L,0.995977,0.992396,0.025120,0.004465,0.143416
107,51,00237,sleet,107,0,0.001656,0.998163,0.000181,L,0.998163,0.996507,0.012743,0.002018,0.089433
107,51,00237,sleet,743,0,0.002985,0.996672,0.000343,L,0.996672,0.993687,0.021314,0.003671,0.073672
107,51,00237,sleet,1271,0,0.004702,0.994694,0.000604,L,0.994694,0.989991,0.031834,0.005911,0.075542
107,51,00237,sleet,312,0,0.001361,0.998470,0.000170,L,0.998470,0.997109,0.010906,0.001700,0.131543
107,51,00237,sleet,1113,0,0.006759,0.992405,0.000836,L,0.992405,0.985645,0.043023,0.008431,0.103697
107,51,00237,sleet,99,0,0.001656,0.998137,0.000206,L,0.998137,0.996481,0.012941,0.002069,0.098406
107,51,00237,sleet,996,0,0.002118,0.997592,0.000290,L,0.997592,0.995474,0.016212,0.002699,0.098339
107,51,00237,sleet,243,0,0.001407,0.998445,0.000148,L,0.998445,0.997039,0.011009,0.001702,0.099197
107,51,00237,sleet,660,0,0.002950,0.996684,0.000366,L,0.996684,0.993733,0.021295,0.003682,0.142556
107,51,00237,sleet,1094,0,0.006716,0.992442,0.000843,L,0.992442,0.985726,0.042867,0.008401,0.063604
107,51,00237,sleet,1439,0,0.006073,0.993116,0.000811,L,0.993116,0.987043,0.039714,0.007695,0.103503
107,51,00237,sleet,1083,0,0.006482,0.992572,0.000946,L,0.992572,0.986090,0.042460,0.008374,0.141849
107,51,00237,sleet,868,0,0.003596,0.995896,0.000508,L,0.995896,0.992300,0.025658,0.004612,0.177468
107,51,00237,sleet,1136,0,0.006896,0.992242,0.000862,L,0.992242,0.985347,0.043809,0.008620,0.084633
108,51,00286,sleet,360,1,0.000181,0.999790,0.000029,L,0.999790,0.999609,0.001886,0.000239,0.338527
108,51,00286,sleet,388,1,0.000720,0.999209,0.000071,L,0.999209,0.998490,0.006077,0.000862,0.786389
108,51,00286,sleet,297,1,0.001041,0.998790,0.000169,L,0.998790,0.997749,0.008945,0.001379,0.451164
108,51,00286,sleet,186,1,0.002085,0.997560,0.000355,L,0.997560,0.995474,0.016503,0.002796,0.163820
108,51,00286,sleet,275,1,0.000299,0.999652,0.000049,L,0.999652,0.999353,0.002966,0.000396,0.540123
108,51,00286,sleet,389,1,0.000843,0.999067,0.000090,L,0.999067,0.998224,0.007047,0.001024,0.636303
108,51,00286,sleet,476,1,0.001471,0.998285,0.000243,L,0.998285,0.996814,0.012137,0.001958,0.243930
108,51,00286,sleet,387,1,0.001260,0.998559,0.000182,L,0.998559,0.997299,0.010390,0.001623,0.448803
108,51,00286,sleet,655,1,0.002941,0.996617,0.000443,L,0.996617,0.993676,0.021790,0.003826,0.116786
108,51,00286,sleet,569,1,0.001970,0.997736,0.000294,L,0.997736,0.995766,0.015407,0.002558,0.140466
108,51,00286,sleet,391,1,0.001618,0.998069,0.000313,L,0.998069,0.996450,0.013523,0.002245,0.274641
108,51,00286,sleet,386,1,0.001503,0.998234,0.000263,L,0.998234,0.996731,0.012474,0.002030,0.315742
108,51,00286,sleet,362,1,0.000047,0.999945,0.000008,L,0.999945,0.999898,0.000560,0.000063,0.664041
108,51,00286,sleet,540,1,0.040528,0.952379,0.007093,L,0.952379,0.911851,0.192507,0.054713,0.189012
108,51,00286,sleet,544,1,0.009207,0.989114,0.001679,L,0.989114,0.979907,0.058904,0.012564,0.202587
108,51,00286,sleet,567,1,0.001855,0.997832,0.000313,L,0.997832,0.995977,0.014888,0.002480,0.235727
108,51,00286,sleet,301,1,0.001283,0.998465,0.000251,L,0.998465,0.997182,0.011071,0.001786,0.264754
108,51,00286,sleet,181,1,0.005340,0.993786,0.000874,L,0.993786,0.988446,0.036675,0.007088,0.198581
108,51,00286,sleet,363,1,0.000001,0.999998,0.000000,L,0.999998,0.999997,0.000020,0.000002,0.994170
108,51,00286,sleet,545,1,0.006614,0.992197,0.001190,L,0.992197,0.985583,0.044578,0.008993,0.190734
108,51,00286,sleet,661,1,0.002949,0.996706,0.000345,L,0.996706,0.993757,0.021136,0.003639,0.114841
108,51,00286,sleet,564,1,0.001974,0.997764,0.000262,L,0.997764,0.995790,0.015189,0.002498,0.109725
108,51,00286,sleet,658,1,0.002922,0.996619,0.000459,L,0.996619,0.993697,0.021804,0.003840,0.163810
108,51,00286,sleet,475,1,0.001564,0.998207,0.000229,L,0.998207,0.996643,0.012578,0.002023,0.168111
108,51,00286,sleet,365,1,0.000026,0.999971,0.000003,L,0.999971,0.999945,0.000312,0.000033,0.755136
108,51,00286,sleet,384,1,0.001574,0.998167,0.000259,L,0.998167,0.996593,0.012859,0.002091,0.295408
108,51,00286,sleet,385,1,0.001597,0.998135,0.000268,L,0.998135,0.996539,0.013063,0.002133,0.276019
108,51,00286,sleet,364,1,0.000000,1.000000,0.000000,L,1.000000,0.999999,0.000007,0.000001,0.999606
108,51,00286,sleet,547,1,0.005074,0.994089,0.000837,L,0.994089,0.989015,0.035166,0.006748,0.118301
108,51,00286,sleet,546,1,0.006039,0.992954,0.001006,L,0.992954,0.986915,0.040801,0.008052,0.145730
108,51,00286,sleet,273,1,0.000009,0.999990,0.000001,L,0.999990,0.999981,0.000120,0.000012,0.706546
108,51,00286,sleet,271,1,0.003082,0.996378,0.000539,L,0.996378,0.993296,0.023206,0.004161,0.243949
108,51,00286,sleet,656,1,0.002905,0.996652,0.000444,L,0.996652,0.993747,0.021603,0.003792,0.186069
108,51,00286,sleet,277,1,0.002251,0.997256,0.000492,L,0.997256,0.995004,0.018402,0.003237,0.236109
108,51,00286,sleet,660,1,0.002936,0.996714,0.000349,L,0.996714,0.993778,0.021100,0.003635,0.103505
108,51,00286,sleet,361,1,0.002807,0.996660,0.000533,L,0.996660,0.993853,0.021704,0.003873,0.305001
108,51,00286,sleet,489,0,0.001617,0.998198,0.000185,L,0.998198,0.996580,0.012548,0.001987,0.110445
108,51,00286,sleet,685,0,0.002945,0.996679,0.000376,L,0.996679,0.993735,0.021338,0.003697,0.142014
108,51,00286,sleet,669,0,0.002946,0.996720,0.000334,L,0.996720,0.993774,0.021041,0.003614,0.115413
108,51,00286,sleet,586,0,0.001914,0.997789,0.000297,L,0.997789,0.995875,0.015111,0.002509,0.188591
108,51,00286,sleet,946,0,0.007094,0.992025,0.000881,L,0.992025,0.984932,0.044822,0.008855,0.103133
108,51,00286,sleet,1317,0,0.004563,0.994904,0.000532,L,0.994904,0.990341,0.030667,0.005628,0.088480
108,51,00286,sleet,1148,0,0.006892,0.992247,0.000861,L,0.992247,0.985355,0.043784,0.008613,0.085253
108,51,00286,sleet,1058,0,0.008827,0.990061,0.001112,L,0.990061,0.981233,0.053890,0.011051,0.091290
108,51,00286,sleet,429,0,0.001817,0.997950,0.000233,L,0.997950,0.996133,0.014077,0.002284,0.104546
108,51,00286,sleet,1132,0,0.006624,0.992404,0.000973,L,0.992404,0.985780,0.043277,0.008569,0.125054
108,51,00286,sleet,923,0,0.007082,0.992008,0.000909,L,0.992008,0.984926,0.044953,0.008901,0.113778
108,51,00286,sleet,1335,0,0.004438,0.994997,0.000564,L,0.994997,0.990559,0.030271,0.005567,0.118917
108,51,00286,sleet,1,0,0.006990,0.992159,0.000852,L,0.992159,0.985169,0.044167,0.008693,0.110671
108,51,00286,sleet,1224,0,0.005289,0.994044,0.000667,L,0.994044,0.988756,0.035080,0.006623,0.090352
108,51,00286,sleet,90,0,0.009509,0.989244,0.001248,L,0.989244,0.979735,0.057626,0.012004,0.112932
108,51,00286,sleet,30,0,0.001485,0.998339,0.000176,L,0.998339,0.996855,0.011699,0.001837,0.099320
108,51,00286,sleet,931,0,0.007057,0.992140,0.000803,L,0.992140,0.985084,0.044154,0.008662,0.080375
108,51,00286,sleet,239,0,0.001232,0.998620,0.000148,L,0.998620,0.997388,0.009958,0.001529,0.089314
109,52,00181,sleet,592,1,0.001969,0.997737,0.000294,L,0.997737,0.995768,0.015399,0.002557,0.131235
109,52,00181,sleet,866,1,0.003451,0.995886,0.000663,L,0.995886,0.992435,0.025960,0.004777,0.253399
109,52,00181,sleet,956,1,0.006966,0.991857,0.001178,L,0.991857,0.984891,0.046102,0.009321,0.147832
109,52,00181,sleet,955,1,0.006889,0.991944,0.001167,L,0.991944,0.985056,0.045689,0.009223,0.160321
109,52,00181,sleet,860,1,0.003484,0.995940,0.000575,L,0.995940,0.992456,0.025545,0.004635,0.210993
109,52,00181,sleet,772,1,0.002098,0.997625,0.000276,L,0.997625,0.995527,0.015998,0.002651,0.528474
109,52,00181,sleet,951,1,0.007089,0.991976,0.000935,L,0.991976,0.984887,0.045149,0.008960,0.109368
109,52,00181,sleet,864,1,0.002278,0.997437,0.000285,L,0.997437,0.995159,0.017063,0.002848,0.591504
109,52,00181,sleet,685,1,0.002835,0.996675,0.000490,L,0.996675,0.993840,0.021556,0.003815,0.254496
109,52,00181,sleet,771,1,0.002501,0.997048,0.000451,L,0.997048,0.994547,0.019485,0.003403,0.396743
109,52,00181,sleet,953,1,0.006762,0.992107,0.001131,L,0.992107,0.985345,0.044893,0.009024,0.184965
109,52,00181,sleet,596,1,0.001972,0.997747,0.000280,L,0.997747,0.995775,0.015316,0.002533,0.125240
109,52,00181,sleet,681,1,0.002905,0.996640,0.000455,L,0.996640,0.993735,0.021685,0.003815,0.184619
109,52,00181,sleet,954,1,0.006703,0.992092,0.001205,L,0.992092,0.985389,0.045079,0.009113,0.198792
109,52,00181,sleet,950,1,0.007072,0.991970,0.000958,L,0.991970,0.984897,0.045216,0.008988,0.119004
109,52,00181,sleet,775,1,0.002221,0.997431,0.000349,L,0.997431,0.995210,0.017214,0.002918,0.502763
109,52,00181,sleet,863,1,0.002468,0.997200,0.000333,L,0.997200,0.994732,0.018458,0.003133,0.556859
109,52,00181,sleet,595,1,0.001973,0.997754,0.000273,L,0.997754,0.995781,0.015266,0.002519,0.128797
109,52,00181,sleet,770,1,0.002916,0.996610,0.000474,L,0.996610,0.993694,0.021876,0.003864,0.210982
109,52,00181,sleet,777,1,0.003039,0.996538,0.000423,L,0.996538,0.993499,0.022171,0.003886,0.141960
109,52,00181,sleet,591,1,0.001971,0.997752,0.000276,L,0.997752,0.995781,0.015282,0.002524,0.118591
109,52,00181,sleet,684,1,0.002687,0.996820,0.000493,L,0.996820,0.994133,0.020783,0.003672,0.334936
109,52,00181,sleet,597,1,0.001963,0.997796,0.000241,L,0.997796,0.995833,0.014967,0.002444,0.088482
109,52,00181,sleet,774,1,0.001521,0.998342,0.000137,L,0.998342,0.996821,0.011602,0.001795,0.666442
109,52,00181,sleet,594,1,0.001945,0.997756,0.000298,L,0.997756,0.995811,0.015298,0.002542,0.161265
109,52,00181,sleet,773,1,0.001578,0.998285,0.000137,L,0.998285,0.996706,0.011936,0.001852,0.651731
109,52,00181,sleet,862,1,0.002940,0.996562,0.000498,L,0.996562,0.993622,0.022170,0.003936,0.443973
109,52,00181,sleet,682,1,0.002704,0.996789,0.000507,L,0.996789,0.994085,0.020972,0.003717,0.316575
109,52,00181,sleet,590,1,0.001967,0.997735,0.000298,L,0.997735,0.995768,0.015418,0.002563,0.134456
109,52,00181,sleet,861,1,0.002952,0.996513,0.000535,L,0.996513,0.993561,0.022489,0.004022,0.438399
109,52,00181,sleet,952,1,0.007005,0.992008,0.000987,L,0.992008,0.985002,0.045097,0.008979,0.134835
109,52,00181,sleet,867,1,0.003570,0.995893,0.000537,L,0.995893,0.992323,0.025721,0.004643,0.147000
109,52,00181,sleet,683,1,0.002531,0.997007,0.000462,L,0.997007,0.994476,0.019725,0.003455,0.391753
109,52,00181,sleet,593,1,0.001966,0.997735,0.000299,L,0.997735,0.995768,0.015421,0.002564,0.135107
109,52,00181,sleet,865,1,0.002921,0.996519,0.000560,L,0.996519,0.993598,0.022495,0.004041,0.467440
109,52,00181,sleet,680,1,0.002939,0.996642,0.000419,L,0.996642,0.993703,0.021614,0.003777,0.150689
109,52,00181,sleet,1010,0,0.006639,0.992407,0.000953,L,0.992407,0.985768,0.043228,0.008546,0.140384
109,52,00181,sleet,1278,0,0.004117,0.995328,0.000555,L,0.995328,0.991210,0.028613,0.005227,0.110447
109,52,00181,sleet,1291,0,0.004402,0.995037,0.000560,L,0.995037,0.990635,0.030066,0.005523,0.110548
109,52,00181,sleet,9,0,0.007694,0.991200,0.001106,L,0.991200,0.983505,0.048916,0.009906,0.128171
109,52,00181,sleet,1282,0,0.004340,0.995050,0.000610,L,0.995050,0.990709,0.030096,0.005561,0.133902
109,52,00181,sleet,931,0,0.005528,0.993771,0.000702,L,0.993771,0.988243,0.036444,0.006931,0.116565
109,52,00181,sleet,1017,0,0.005457,0.993838,0.000705,L,0.993838,0.988381,0.036130,0.006866,0.135117
109,52,00181,sleet,126,0,0.002112,0.997618,0.000270,L,0.997618,0.995506,0.016027,0.002652,0.121187
109,52,00181,sleet,1279,0,0.004088,0.995356,0.000556,L,0.995356,0.991268,0.028477,0.005200,0.110740
109,52,00181,sleet,1072,0,0.008863,0.990158,0.000979,L,0.990158,0.981295,0.053217,0.010822,0.077199
109,52,00181,sleet,254,0,0.001247,0.998623,0.000130,L,0.998623,0.997376,0.009901,0.001507,0.108436
109,52,00181,sleet,846,0,0.004311,0.995148,0.000541,L,0.995148,0.990837,0.029481,0.005392,0.132839
109,52,00181,sleet,317,0,0.001350,0.998512,0.000138,L,0.998512,0.997162,0.010591,0.001626,0.086591
109,52,00181,sleet,571,0,0.002116,0.997618,0.000265,L,0.997618,0.995502,0.016016,0.002647,0.129806
109,52,00181,sleet,758,0,0.002808,0.996810,0.000382,L,0.996810,0.994003,0.020649,0.003571,0.141498
109,52,00181,sleet,206,0,0.001346,0.998485,0.000169,L,0.998485,0.997139,0.010810,0.001683,0.125014
109,52,00181,sleet,167,0,0.001778,0.998025,0.000197,L,0.998025,0.996248,0.013571,0.002171,0.105347
109,52,00181,sleet,709,0,0.002850,0.996827,0.000323,L,0.996827,0.993977,0.020451,0.003496,0.073200
110,52,00229,sleet,675,1,0.005219,0.993812,0.000969,L,0.993812,0.988593,0.036702,0.007157,0.214285
110,52,00229,sleet,676,1,0.002556,0.996952,0.000492,L,0.996952,0.994396,0.020067,0.003540,0.221494
110,52,00229,sleet,677,1,0.001412,0.998322,0.000266,L,0.998322,0.996910,0.011956,0.001944,0.319293
110,52,00229,sleet,678,1,0.002460,0.997081,0.000459,L,0.997081,0.994621,0.019315,0.003378,0.275283
110,52,00229,sleet,679,1,0.003303,0.996143,0.000554,L,0.996143,0.992839,0.024462,0.004411,0.187745
110,52,00229,sleet,680,1,0.003981,0.995453,0.000566,L,0.995453,0.991473,0.028004,0.005112,0.129574
110,52,00229,sleet,681,1,0.003756,0.995741,0.000503,L,0.995741,0.991986,0.026435,0.004761,0.108208
110,52,00229,sleet,765,1,0.008440,0.990113,0.001447,L,0.990113,0.981673,0.054248,0.011334,0.310566
110,52,00229,sleet,766,1,0.000813,0.999066,0.000120,L,0.999066,0.998253,0.007106,0.001054,0.472077
110,52,00229,sleet,767,1,0.000009,0.999990,0.000001,L,0.999990,0.999982,0.000116,0.000011,0.695585
110,52,00229,sleet,768,1,0.000003,0.999997,0.000000,L,0.999997,0.999994,0.000042,0.000004,0.843945
110,52,00229,sleet,769,1,0.000003,0.999996,0.000001,L,0.999996,0.999993,0.000047,0.000004,0.685111
110,52,00229,sleet,770,1,0.003517,0.995927,0.000555,L,0.995927,0.992410,0.025579,0.004628,0.226435
110,52,00229,sleet,771,1,0.003980,0.995547,0.000473,L,0.995547,0.991567,0.027361,0.004926,0.097555
110,52,00229,sleet,855,1,0.018462,0.978415,0.003123,L,0.978415,0.959953,0.102918,0.024707,0.308548
110,52,00229,sleet,856,1,0.010373,0.988082,0.001545,L,0.988082,0.977709,0.063022,0.013463,0.365592
110,52,00229,sleet,857,1,0.000240,0.999729,0.000031,L,0.999729,0.999489,0.002361,0.000302,0.585033
110,52,00229,sleet,858,1,0.000017,0.999980,0.000003,L,0.999980,0.999963,0.000224,0.000023,0.647916
110,52,00229,sleet,859,1,0.000106,0.999875,0.000019,L,0.999875,0.999770,0.001181,0.000143,0.563272
110,52,00229,sleet,860,1,0.005087,0.994054,0.000859,L,0.994054,0.988967,0.035372,0.006806,0.229890
110,52,00229,sleet,861,1,0.005100,0.994219,0.000681,L,0.994219,0.989120,0.034271,0.006462,0.118028
110,52,00229,sleet,945,1,0.040408,0.952888,0.006705,L,0.952888,0.912480,0.190420,0.053817,0.225291
110,52,00229,sleet,946,1,0.047942,0.943725,0.008333,L,0.943725,0.895783,0.218633,0.064609,0.263130
110,52,00229,sleet,947,1,0.009840,0.988402,0.001758,L,0.988402,0.978562,0.062036,0.013355,0.285646
110,52,00229,sleet,948,1,0.010032,0.988192,0.001776,L,0.988192,0.978160,0.062944,0.013583,0.265895
110,52,00229,sleet,949,1,0.007591,0.991055,0.001353,L,0.991055,0.983464,0.049967,0.010298,0.219009
110,52,00229,sleet,950,1,0.007873,0.990907,0.001219,L,0.990907,0.983034,0.050403,0.010312,0.127434
110,52,00229,sleet,951,1,0.007340,0.991632,0.001028,L,0.991632,0.984292,0.046859,0.009397,0.089218
110,52,00229,sleet,1081,0,0.007141,0.991836,0.001024,L,0.991836,0.984695,0.045937,0.009188,0.170751
110,52,00229,sleet,796,0,0.003040,0.996580,0.000379,L,0.996580,0.993540,0.021866,0.003799,0.138672
110,52,00229,sleet,324,0,0.001548,0.998257,0.000194,L,0.998257,0.996709,0.012215,0.001937,0.123053
110,52,00229,sleet,1432,0,0.005468,0.993826,0.000706,L,0.993826,0.988357,0.036191,0.006880,0.109895
110,52,00229,sleet,298,0,0.001360,0.998470,0.000170,L,0.998470,0.997110,0.010904,0.001699,0.131543
110,52,00229,sleet,843,0,0.003576,0.995982,0.000442,L,0.995982,0.992406,0.025095,0.004460,0.143449
110,52,00229,sleet,777,0,0.003040,0.996581,0.000379,L,0.996581,0.993540,0.021866,0.003799,0.138674
110,52,00229,sleet,608,0,0.001969,0.997764,0.000267,L,0.997764,0.995795,0.015197,0.002502,0.109792
110,52,00229,sleet,538,0,0.001127,0.998733,0.000140,L,0.998733,0.997606,0.009244,0.001406,0.136644
110,52,00229,sleet,1087,0,0.000396,0.999559,0.000046,L,0.999559,0.999163,0.003640,0.000487,0.084140
110,52,00229,sleet,194,0,0.001687,0.998098,0.000216,L,0.998098,0.996411,0.013190,0.002118,0.115166
110,52,00229,sleet,398,0,0.001789,0.997985,0.000225,L,0.997985,0.996196,0.013857,0.002240,0.118231
110,52,00229,sleet,495,0,0.001802,0.997983,0.000215,L,0.997983,0.996182,0.013851,0.002232,0.106851
110,52,00229,sleet,1215,0,0.003246,0.996353,0.000401,L,0.996353,0.993107,0.023099,0.004048,0.118361
110,52,00229,sleet,651,0,0.002941,0.996693,0.000366,L,0.996693,0.993752,0.021247,0.003673,0.142569
110,52,00229,sleet,1394,0,0.007141,0.992014,0.000845,L,0.992014,0.984874,0.044803,0.008831,0.095610
110,52,00229,sleet,239,0,0.001241,0.998603,0.000155,L,0.998603,0.997362,0.010071,0.001552,0.125195
110,52,00229,sleet,137,0,0.001858,0.997931,0.000211,L,0.997931,0.996074,0.014138,0.002279,0.100817
111,52,00277,sleet,678,1,0.000068,0.999923,0.000008,L,0.999923,0.999855,0.000754,0.000085,0.173095
111,52,00277,sleet,679,1,0.000721,0.999182,0.000097,L,0.999182,0.998461,0.006308,0.000915,0.127152
111,52,00277,sleet,680,1,0.000580,0.999313,0.000107,L,0.999313,0.998733,0.005446,0.000793,0.257229
111,52,00277,sleet,681,1,0.000117,0.999861,0.000022,L,0.999861,0.999744,0.001304,0.000161,0.376661
111,52,00277,sleet,682,1,0.000208,0.999751,0.000041,L,0.999751,0.999542,0.002212,0.000291,0.456240
111,52,00277,sleet,683,1,0.000573,0.999330,0.000097,L,0.999330,0.998756,0.005323,0.000768,0.261643
111,52,00277,sleet,684,1,0.003540,0.995858,0.000602,L,0.995858,0.992318,0.026013,0.004745,0.147243
111,52,00277,sleet,685,1,0.003534,0.995938,0.000528,L,0.995938,0.992405,0.025476,0.004590,0.107465
111,52,00277,sleet,768,1,0.000998,0.998857,0.000146,L,0.998857,0.997859,0.008487,0.001289,0.223461
111,52,00277,sleet,769,1,0.003426,0.995985,0.000589,L,0.995985,0.992560,0.025334,0.004604,0.300869
111,52,00277,sleet,770,1,0.000929,0.998921,0.000150,L,0.998921,0.997993,0.008085,0.001229,0.497939
111,52,00277,sleet,771,1,0.000094,0.999895,0.000012,L,0.999895,0.999801,0.001008,0.000117,0.652830
111,52,00277,sleet,772,1,0.000088,0.999901,0.000011,L,0.999901,0.999813,0.000955,0.000110,0.657372
111,52,00277,sleet,773,1,0.000579,0.999319,0.000102,L,0.999319,0.998740,0.005401,0.000783,0.537097
111,52,00277,sleet,774,1,0.003468,0.995862,0.000671,L,0.995862,0.992394,0.026099,0.004809,0.239657
111,52,00277,sleet,775,1,0.003418,0.996107,0.000475,L,0.996107,0.992689,0.024516,0.004369,0.105357
111,52,00277,sleet,858,1,0.026494,0.969391,0.004115,L,0.969391,0.942896,0.135568,0.034725,0.186015
111,52,00277,sleet,859,1,0.024908,0.970725,0.004366,L,0.970725,0.945817,0.131569,0.033641,0.329452
111,52,00277,sleet,860,1,0.004705,0.994846,0.000448,L,0.994846,0.990141,0.030778,0.005602,0.622606
111,52,00277,sleet,861,1,0.001427,0.998410,0.000163,L,0.998410,0.996982,0.011253,0.001753,0.968054
111,52,00277,sleet,862,1,0.000983,0.998908,0.000109,L,0.998908,0.997926,0.008093,0.001201,0.935836
111,52,00277,sleet,863,1,0.001557,0.998275,0.000168,L,0.998275,0.996719,0.012059,0.001893,0.712458
111,52,00277,sleet,864,1,0.003432,0.995929,0.000639,L,0.995929,0.992497,0.025702,0.004709,0.473917
111,52,00277,sleet,865,1,0.003664,0.995639,0.000697,L,0.995639,0.991975,0.027282,0.005059,0.187434
111,52,00277,sleet,948,1,0.017932,0.979544,0.002524,L,0.979544,0.961613,0.097806,0.022980,0.127563
111,52,00277,sleet,949,1,0.045307,0.947558,0.007136,L,0.947558,0.902251,0.206173,0.059578,0.185242
111,52,00277,sleet,950,1,0.029707,0.965089,0.005204,L,0.965089,0.935383,0.151207,0.040114,0.299795
111,52,00277,sleet,951,1,0.004913,0.994344,0.000744,L,0.994344,0.989431,0.033783,0.006400,0.438602
111,52,00277,sleet,952,1,0.004030,0.995367,0.000603,L,0.995367,0.991337,0.028504,0.005236,0.465134
111,52,00277,sleet,953,1,0.004136,0.995276,0.000588,L,0.995276,0.991140,0.028931,0.005312,0.513098
111,52,00277,sleet,954,1,0.005096,0.993796,0.001108,L,0.993796,0.988700,0.036983,0.007313,0.310419
111,52,00277,sleet,955,1,0.005650,0.993335,0.001015,L,0.993335,0.987684,0.039036,0.007680,0.163201
111,52,00277,sleet,615,0,0.001964,0.997808,0.000228,L,0.997808,0.995845,0.014874,0.002420,0.085635
111,52,00277,sleet,1146,0,0.006838,0.992342,0.000820,L,0.992342,0.985504,0.043278,0.008478,0.093476
111,52,00277,sleet,296,0,0.001361,0.998478,0.000161,L,0.998478,0.997117,0.010838,0.001682,0.136334
111,52,00277,sleet,445,0,0.001828,0.997950,0.000222,L,0.997950,0.996122,0.014054,0.002272,0.105059
111,52,00277,sleet,1045,0,0.005946,0.993213,0.000841,L,0.993213,0.987267,0.039315,0.007628,0.105843
111,52,00277,sleet,11,0,0.006128,0.993024,0.000848,L,0.993024,0.986896,0.040204,0.007823,0.131131
111,52,00277,sleet,84,0,0.001485,0.998327,0.000188,L,0.998327,0.996843,0.011792,0.001861,0.125973
111,52,00277,sleet,1143,0,0.006951,0.992204,0.000845,L,0.992204,0.985253,0.043950,0.008641,0.075809
111,52,00277,sleet,730,0,0.043403,0.948221,0.008376,L,0.948221,0.904817,0.206294,0.060155,0.213263
111,52,00277,sleet,646,0,0.003376,0.996177,0.000447,L,0.996177,0.992801,0.024102,0.004271,0.120458
111,52,00277,sleet,400,0,0.001820,0.997963,0.000218,L,0.997963,0.996143,0.013972,0.002255,0.096486
111,52,00277,sleet,351,0,0.001347,0.998501,0.000152,L,0.998501,0.997154,0.010686,0.001651,0.088453
111,52,00277,sleet,1124,0,0.006069,0.993115,0.000816,L,0.993115,0.987046,0.039728,0.007702,0.093245
111,52,00277,sleet,829,0,0.003547,0.995979,0.000474,L,0.995979,0.992432,0.025169,0.004495,0.127486
111,52,00277,sleet,1129,0,0.004359,0.995088,0.000553,L,0.995088,0.990730,0.029800,0.005464,0.116644
111,52,00277,sleet,1076,0,0.007539,0.991530,0.000930,L,0.991530,0.983991,0.047130,0.009400,0.099117
111,52,00277,sleet,391,0,0.001814,0.997958,0.000228,L,0.997958,0.996144,0.014019,0.002270,0.102417
111,52,00277,sleet,66,0,0.001505,0.998331,0.000164,L,0.998331,0.996827,0.011719,0.001832,0.114300
112,52,00502,sleet,233,1,0.001232,0.998634,0.000134,L,0.998634,0.997402,0.009844,0.001500,0.084698
112,52,00502,sleet,234,1,0.001228,0.998649,0.000123,L,0.998649,0.997421,0.009728,0.001474,0.076204
112,52,00502,sleet,235,1,0.001238,0.998637,0.000125,L,0.998637,0.997399,0.009805,0.001488,0.084393
112,52,00502,sleet,236,1,0.001244,0.998633,0.000122,L,0.998633,0.997389,0.009822,0.001489,0.092826
112,52,00502,sleet,237,1,0.001246,0.998628,0.000126,L,0.998628,0.997382,0.009863,0.001498,0.098806
112,52,00502,sleet,238,1,0.001246,0.998631,0.000123,L,0.998631,0.997386,0.009836,0.001492,0.098019
112,52,00502,sleet,239,1,0.001245,0.998634,0.000121,L,0.998634,0.997388,0.009818,0.001487,0.092175
112,52,00502,sleet,323,1,0.001336,0.998528,0.000136,L,0.998528,0.997192,0.010488,0.001608,0.076848
112,52,00502,sleet,324,1,0.001348,0.998524,0.000127,L,0.998524,0.997176,0.010493,0.001603,0.078480
112,52,00502,sleet,325,1,0.001359,0.998513,0.000129,L,0.998513,0.997154,0.010566,0.001616,0.085525
112,52,00502,sleet,326,1,0.001356,0.998489,0.000155,L,0.998489,0.997132,0.010764,0.001666,0.143563
112,52,00502,sleet,327,1,0.001354,0.998487,0.000160,L,0.998487,0.997133,0.010783,0.001673,0.147242
112,52,00502,sleet,328,1,0.001351,0.998485,0.000164,L,0.998485,0.997134,0.010805,0.001679,0.159538
112,52,00502,sleet,329,1,0.001360,0.998500,0.000140,L,0.998500,0.997140,0.010666,0.001640,0.111913
112,52,00502,sleet,413,1,0.001821,0.997985,0.000194,L,0.997985,0.996165,0.013795,0.002208,0.075829
112,52,00502,sleet,414,1,0.001818,0.998001,0.000181,L,0.998001,0.996183,0.013680,0.002180,0.069910
112,52,00502,sleet,415,1,0.001834,0.997991,0.000176,L,0.997991,0.996157,0.013728,0.002185,0.081279
112,52,00502,sleet,416,1,0.001832,0.997985,0.000184,L,0.997985,0.996153,0.013779,0.002199,0.093524
112,52,00502,sleet,417,1,0.001774,0.998015,0.000211,L,0.998015,0.996241,0.013659,0.002196,0.148576
112,52,00502,sleet,418,1,0.001799,0.997994,0.000207,L,0.997994,0.996195,0.013771,0.002213,0.131587
112,52,00502,sleet,419,1,0.001829,0.997983,0.000188,L,0.997983,0.996154,0.013798,0.002205,0.099297
112,52,00502,sleet,503,1,0.001589,0.998247,0.000164,L,0.998247,0.996657,0.012219,0.001917,0.067686
112,52,00502,sleet,504,1,0.001589,0.998249,0.000161,L,0.998249,0.996660,0.012199,0.001912,0.067480
112,52,00502,sleet,505,1,0.001595,0.998253,0.000152,L,0.998253,0.996658,0.012157,0.001899,0.068142
112,52,00502,sleet,506,1,0.001612,0.998235,0.000153,L,0.998235,0.996624,0.012260,0.001917,0.073518
112,52,00502,sleet,507,1,0.001617,0.998225,0.000158,L,0.998225,0.996608,0.012333,0.001933,0.080222
112,52,00502,sleet,508,1,0.001613,0.998223,0.000165,L,0.998223,0.996610,0.012361,0.001942,0.079756
112,52,00502,sleet,509,1,0.001611,0.998216,0.000173,L,0.998216,0.996605,0.012415,0.001957,0.082644
112,52,00502,sleet,593,1,0.001947,0.997841,0.000212,L,0.997841,0.995894,0.014654,0.002370,0.073996
112,52,00502,sleet,594,1,0.001933,0.997849,0.000218,L,0.997849,0.995917,0.014622,0.002369,0.070479
112,52,00502,sleet,595,1,0.001944,0.997846,0.000210,L,0.997846,0.995902,0.014624,0.002364,0.072470
112,52,00502,sleet,596,1,0.001947,0.997837,0.000216,L,0.997837,0.995890,0.014688,0.002379,0.074449
112,52,00502,sleet,597,1,0.001976,0.997784,0.000240,L,0.997784,0.995808,0.015033,0.002456,0.118228
112,52,00502,sleet,598,1,0.001973,0.997775,0.000252,L,0.997775,0.995802,0.015112,0.002478,0.116842
112,52,00502,sleet,599,1,0.001965,0.997770,0.000265,L,0.997770,0.995806,0.015159,0.002495,0.139028
112,52,00502,sleet,1083,0,0.003989,0.995362,0.000649,L,0.995362,0.991372,0.028607,0.005287,0.208685
112,52,00502,sleet,1255,0,0.005636,0.993650,0.000713,L,0.993650,0.988014,0.037034,0.007063,0.102428
112,52,00502,sleet,373,0,0.001649,0.998141,0.000210,L,0.998141,0.996492,0.012924,0.002068,0.061226
112,52,00502,sleet,138,0,0.001771,0.998035,0.000194,L,0.998035,0.996264,0.013511,0.002159,0.092976
112,52,00502,sleet,691,0,0.002926,0.996664,0.000409,L,0.996664,0.993738,0.021477,0.003745,0.105564
112,52,00502,sleet,134,0,0.001775,0.998029,0.000196,L,0.998029,0.996255,0.013547,0.002167,0.099450
112,52,00502,sleet,162,0,0.001772,0.998025,0.000203,L,0.998025,0.996253,0.013587,0.002178,0.109781
112,52,00502,sleet,1364,0,0.005570,0.993652,0.000778,L,0.993652,0.988081,0.037146,0.007126,0.096663
112,52,00502,sleet,984,0,0.007393,0.991655,0.000952,L,0.991655,0.984261,0.046617,0.009298,0.139978
112,52,00502,sleet,131,0,0.001755,0.998029,0.000215,L,0.998029,0.996274,0.013585,0.002186,0.121696
112,52,00502,sleet,125,0,0.001748,0.998029,0.000223,L,0.998029,0.996280,0.013603,0.002194,0.121656
112,52,00502,sleet,332,0,0.001361,0.998499,0.000141,L,0.998499,0.997138,0.010676,0.001642,0.099692
112,52,00502,sleet,813,0,0.002962,0.996551,0.000487,L,0.996551,0.993589,0.022211,0.003936,0.138729
112,52,00502,sleet,311,0,0.001356,0.998475,0.000169,L,0.998475,0.997119,0.010873,0.001694,0.157895
112,52,00502,sleet,274,0,0.018212,0.978118,0.003671,L,0.978118,0.959906,0.104835,0.025553,0.226035
112,52,00502,sleet,721,0,0.002762,0.996771,0.000467,L,0.996771,0.994008,0.021007,0.003696,0.175690
112,52,00502,sleet,175,0,0.001838,0.997978,0.000184,L,0.997978,0.996140,0.013817,0.002206,0.088955
112,52,00502,sleet,1182,0,0.004131,0.995179,0.000690,L,0.995179,0.991048,0.029591,0.005511,0.100142
113,52,00550,sleet,224,1,0.004579,0.994781,0.000639,L,0.994781,0.990202,0.031469,0.005858,0.189077
113,52,00550,sleet,225,1,0.002758,0.996850,0.000392,L,0.996850,0.994092,0.020456,0.003542,0.167368
113,52,00550,sleet,226,1,0.001320,0.998507,0.000173,L,0.998507,0.997187,0.010686,0.001665,0.126922
113,52,00550,sleet,227,1,0.002812,0.996767,0.000420,L,0.996767,0.993955,0.020948,0.003653,0.142521
113,52,00550,sleet,228,1,0.004541,0.994824,0.000635,L,0.994824,0.990283,0.031252,0.005811,0.129145
113,52,00550,sleet,229,1,0.002098,0.997631,0.000271,L,0.997631,0.995534,0.015953,0.002639,0.107069
113,52,00550,sleet,230,1,0.001889,0.997901,0.000210,L,0.997901,0.996013,0.014309,0.002309,0.082193
113,52,00550,sleet,314,1,0.008671,0.990005,0.001324,L,0.990005,0.981334,0.054510,0.011318,0.284275
113,52,00550,sleet,315,1,0.004736,0.994553,0.000711,L,0.994553,0.989817,0.032713,0.006159,0.171728
113,52,00550,sleet,316,1,0.000091,0.999896,0.000014,L,0.999896,0.999805,0.001002,0.000118,0.398127
113,52,00550,sleet,317,1,0.000004,0.999995,0.000001,L,0.999995,0.999991,0.000057,0.000005,0.511258
113,52,00550,sleet,318,1,0.000070,0.999919,0.000011,L,0.999919,0.999850,0.000794,0.000091,0.404769
113,52,00550,sleet,319,1,0.003150,0.996374,0.000476,L,0.996374,0.993224,0.023124,0.004102,0.149623
113,52,00550,sleet,320,1,0.002828,0.996854,0.000318,L,0.996854,0.994027,0.020293,0.003463,0.081103
113,52,00550,sleet,404,1,0.007325,0.991548,0.001127,L,0.991548,0.984223,0.047404,0.009578,0.288701
113,52,00550,sleet,405,1,0.001402,0.998378,0.000220,L,0.998378,0.996976,0.011544,0.001841,0.290457
113,52,00550,sleet,406,1,0.000002,0.999998,0.000000,L,0.999998,0.999996,0.000025,0.000002,0.612436
113,52,00550,sleet,407,1,0.000000,1.000000,0.000000,L,1.000000,0.999999,0.000007,0.000001,0.786870
113,52,00550,sleet,408,1,0.000001,0.999999,0.000000,L,0.999999,0.999998,0.000015,0.000001,0.615248
113,52,00550,sleet,409,1,0.003941,0.995486,0.000573,L,0.995486,0.991545,0.027854,0.005087,0.164607
113,52,00550,sleet,410,1,0.003610,0.995951,0.000439,L,0.995951,0.992341,0.025250,0.004489,0.098557
113,52,00550,sleet,494,1,0.012559,0.985578,0.001863,L,0.985578,0.973019,0.073730,0.016284,0.196033
113,52,00550,sleet,495,1,0.013494,0.984547,0.001960,L,0.984547,0.971053,0.077961,0.017413,0.158280
113,52,00550,sleet,496,1,0.002234,0.997409,0.000357,L,0.997409,0.995175,0.017348,0.002948,0.209522
113,52,00550,sleet,497,1,0.002488,0.997091,0.000422,L,0.997091,0.994603,0.019204,0.003331,0.305412
113,52,00550,sleet,498,1,0.002892,0.996560,0.000548,L,0.996560,0.993668,0.022262,0.003989,0.348649
113,52,00550,sleet,499,1,0.004862,0.994248,0.000890,L,0.994248,0.989386,0.034484,0.006642,0.231248
113,52,00550,sleet,500,1,0.004905,0.994456,0.000639,L,0.994456,0.989552,0.033052,0.006183,0.095149
113,52,00550,sleet,586,1,0.010229,0.987838,0.001934,L,0.987838,0.977609,0.064667,0.014096,0.231195
113,52,00550,sleet,587,1,0.004284,0.995010,0.000706,L,0.995010,0.990725,0.030459,0.005696,0.413787
113,52,00550,sleet,588,1,0.004452,0.994725,0.000823,L,0.994725,0.990274,0.032049,0.006098,0.406238
113,52,00550,sleet,589,1,0.006165,0.992607,0.001227,L,0.992607,0.986442,0.042750,0.008620,0.227653
113,52,00550,sleet,590,1,0.006704,0.992369,0.000927,L,0.992369,0.985666,0.043352,0.008557,0.086453
113,52,00550,sleet,1102,0,0.000440,0.999510,0.000050,L,0.999510,0.999070,0.003990,0.000539,0.092344
113,52,00550,sleet,71,0,0.001498,0.998348,0.000154,L,0.998348,0.996851,0.011600,0.001806,0.093655
113,52,00550,sleet,522,0,0.001608,0.998190,0.000202,L,0.998190,0.996581,0.012628,0.002012,0.096829
113,52,00550,sleet,457,0,0.002992,0.996559,0.000450,L,0.996559,0.993567,0.022108,0.003891,0.098213
113,52,00550,sleet,1378,0,0.005971,0.993157,0.000871,L,0.993157,0.987186,0.039628,0.007714,0.105004
113,52,00550,sleet,1392,0,0.005937,0.993298,0.000765,L,0.993298,0.987360,0.038784,0.007468,0.102143
113,52,00550,sleet,818,0,0.005593,0.993400,0.001007,L,0.993400,0.987808,0.038715,0.007607,0.173543
113,52,00550,sleet,22,0,0.001479,0.998332,0.000189,L,0.998332,0.996853,0.011764,0.001857,0.119669
113,52,00550,sleet,1361,0,0.006498,0.992628,0.000874,L,0.992628,0.986130,0.042077,0.008246,0.091164
113,52,00550,sleet,518,0,0.001598,0.998225,0.000177,L,0.998225,0.996627,0.012370,0.001952,0.071869
113,52,00550,sleet,9,0,0.001668,0.998128,0.000204,L,0.998128,0.996460,0.012994,0.002077,0.107847
113,52,00550,sleet,1094,0,0.008854,0.990043,0.001103,L,0.990043,0.981189,0.053949,0.011060,0.068057
113,52,00550,sleet,963,0,0.007054,0.992064,0.000882,L,0.992064,0.985010,0.044650,0.008817,0.084320
113,52,00550,sleet,1200,0,0.005300,0.994023,0.000677,L,0.994023,0.988724,0.035199,0.006654,0.108422
113,52,00550,sleet,338,0,0.001338,0.998534,0.000128,L,0.998534,0.997196,0.010437,0.001594,0.074585
113,52,00550,sleet,349,0,0.001358,0.998487,0.000154,L,0.998487,0.997129,0.010770,0.001667,0.105469
113,52,00550,sleet,1223,0,0.000769,0.999120,0.000112,L,0.999120,0.998351,0.006743,0.000992,0.124794
113,52,00550,sleet,154,0,0.001805,0.998024,0.000171,L,0.998024,0.996218,0.013528,0.002147,0.089075
114,52,00598,sleet,222,1,0.001245,0.998620,0.000135,L,0.998620,0.997376,0.009930,0.001515,0.112218
114,52,00598,sleet,223,1,0.001247,0.998625,0.000128,L,0.998625,0.997379,0.009884,0.001503,0.105909
114,52,00598,sleet,224,1,0.001242,0.998622,0.000137,L,0.998622,0.997380,0.009923,0.001515,0.132263
114,52,00598,sleet,225,1,0.001246,0.998622,0.000132,L,0.998622,0.997376,0.009912,0.001510,0.119490
114,52,00598,sleet,226,1,0.001245,0.998610,0.000146,L,0.998610,0.997365,0.010015,0.001536,0.125943
114,52,00598,sleet,227,1,0.001243,0.998616,0.000141,L,0.998616,0.997373,0.009967,0.001525,0.109739
114,52,00598,sleet,228,1,0.001236,0.998609,0.000154,L,0.998609,0.997373,0.010033,0.001545,0.104534
114,52,00598,sleet,229,1,0.001236,0.998607,0.000157,L,0.998607,0.997371,0.010051,0.001550,0.106249
114,52,00598,sleet,312,1,0.001362,0.998492,0.000146,L,0.998492,0.997131,0.010724,0.001654,0.112027
114,52,00598,sleet,313,1,0.001362,0.998499,0.000139,L,0.998499,0.997138,0.010667,0.001640,0.102780
114,52,00598,sleet,314,1,0.001356,0.998484,0.000160,L,0.998484,0.997127,0.010804,0.001676,0.157426
114,52,00598,sleet,315,1,0.001363,0.998502,0.000135,L,0.998502,0.997140,0.010640,0.001632,0.104859
114,52,00598,sleet,316,1,0.001357,0.998484,0.000159,L,0.998484,0.997127,0.010799,0.001675,0.109239
114,52,00598,sleet,317,1,0.001354,0.998473,0.000172,L,0.998473,0.997119,0.010891,0.001699,0.113472
114,52,00598,sleet,318,1,0.001346,0.998491,0.000163,L,0.998491,0.997146,0.010763,0.001671,0.090814
114,52,00598,sleet,319,1,0.001352,0.998473,0.000175,L,0.998473,0.997121,0.010898,0.001702,0.105780
114,52,00598,sleet,402,1,0.001814,0.997968,0.000218,L,0.997968,0.996155,0.013940,0.002249,0.109826
114,52,00598,sleet,403,1,0.001810,0.997977,0.000214,L,0.997977,0.996167,0.013884,0.002237,0.113339
114,52,00598,sleet,404,1,0.001769,0.998016,0.000215,L,0.998016,0.996247,0.013661,0.002199,0.158476
114,52,00598,sleet,405,1,0.001774,0.998005,0.000221,L,0.998005,0.996231,0.013739,0.002217,0.158534
114,52,00598,sleet,406,1,0.001783,0.997972,0.000245,L,0.997972,0.996189,0.013971,0.002273,0.151961
114,52,00598,sleet,407,1,0.001819,0.997952,0.000229,L,0.997952,0.996134,0.014052,0.002276,0.105803
114,52,00598,sleet,408,1,0.001817,0.997953,0.000230,L,0.997953,0.996136,0.014053,0.002277,0.090310
114,52,00598,sleet,409,1,0.001818,0.997962,0.000220,L,0.997962,0.996145,0.013982,0.002258,0.083627
114,52,00598,sleet,492,1,0.001611,0.998199,0.000190,L,0.998199,0.996588,0.012548,0.001991,0.094633
114,52,00598,sleet,493,1,0.001614,0.998196,0.000190,L,0.998196,0.996582,0.012567,0.001994,0.100361
114,52,00598,sleet,494,1,0.001616,0.998201,0.000184,L,0.998201,0.996585,0.012529,0.001983,0.104584
114,52,00598,sleet,495,1,0.001614,0.998209,0.000177,L,0.998209,0.996594,0.012470,0.001969,0.092307
114,52,00598,sleet,496,1,0.001612,0.998185,0.000204,L,0.998185,0.996573,0.012661,0.002019,0.106094
114,52,00598,sleet,497,1,0.001610,0.998177,0.000213,L,0.998177,0.996567,0.012724,0.002037,0.106894
114,52,00598,sleet,498,1,0.001610,0.998194,0.000196,L,0.998194,0.996584,0.012591,0.002002,0.088865
114,52,00598,sleet,499,1,0.001604,0.998206,0.000190,L,0.998206,0.996602,0.012511,0.001984,0.078480
114,52,00598,sleet,950,0,0.007233,0.991762,0.001005,L,0.991762,0.984529,0.046234,0.009243,0.081355
114,52,00598,sleet,1413,0,0.005739,0.993451,0.000810,L,0.993451,0.987712,0.038149,0.007359,0.096986
114,52,00598,sleet,529,0,0.002897,0.996709,0.000394,L,0.996709,0.993811,0.021214,0.003685,0.146208
114,52,00598,sleet,759,0,0.003615,0.995963,0.000422,L,0.995963,0.992348,0.025151,0.004458,0.076541
114,52,00598,sleet,1102,0,0.006670,0.992416,0.000914,L,0.992416,0.985746,0.043119,0.008499,0.114383
114,52,00598,sleet,806,0,0.001771,0.998025,0.000204,L,0.998025,0.996253,0.013588,0.002179,0.092438
114,52,00598,sleet,578,0,0.001963,0.997799,0.000237,L,0.997799,0.995836,0.014943,0.002438,0.085348
114,52,00598,sleet,1110,0,0.004331,0.995153,0.000516,L,0.995153,0.990821,0.029410,0.005363,0.063032
114,52,00598,sleet,10,0,0.003552,0.995958,0.000490,L,0.995958,0.992405,0.025308,0.004532,0.122418
114,52,00598,sleet,1278,0,0.004253,0.995181,0.000566,L,0.995181,0.990929,0.029365,0.005385,0.111245
114,52,00598,sleet,484,0,0.001606,0.998178,0.000216,L,0.998178,0.996572,0.012721,0.002038,0.098750
114,52,00598,sleet,216,0,0.001231,0.998636,0.000133,L,0.998636,0.997405,0.009825,0.001496,0.081467
114,52,00598,sleet,1227,0,0.005536,0.993711,0.000754,L,0.993711,0.988175,0.036823,0.007043,0.106610
114,52,00598,sleet,1017,0,0.005468,0.993783,0.000749,L,0.993783,0.988314,0.036475,0.006966,0.114201
114,52,00598,sleet,874,0,0.003849,0.995625,0.000527,L,0.995625,0.991776,0.027071,0.004902,0.101796
114,52,00598,sleet,456,0,0.002580,0.996988,0.000431,L,0.996988,0.994408,0.019778,0.003443,0.128403
114,52,00598,sleet,1223,0,0.009399,0.989165,0.001436,L,0.989165,0.979765,0.058296,0.012272,0.110338
114,52,00598,sleet,677,0,0.002936,0.996617,0.000447,L,0.996617,0.993680,0.021797,0.003831,0.125129
115,53,00199,sleet,830,1,0.003400,0.996016,0.000584,L,0.996016,0.992616,0.025167,0.004568,0.186803
115,53,00199,sleet,828,1,0.000003,0.999996,0.000001,L,0.999996,0.999993,0.000045,0.000004,0.615511
115,53,00199,sleet,915,1,0.010816,0.986901,0.002283,L,0.986901,0.976086,0.069050,0.015382,0.209609
115,53,00199,sleet,829,1,0.000050,0.999940,0.000010,L,0.999940,0.999890,0.000610,0.000070,0.479918
115,53,00199,sleet,644,1,0.000589,0.999329,0.000081,L,0.999329,0.998740,0.005298,0.000752,0.141932
115,53,00199,sleet,917,1,0.031939,0.961618,0.006442,L,0.961618,0.929679,0.163964,0.044824,0.302903
115,53,00199,sleet,646,1,0.012049,0.985845,0.002106,L,0.985845,0.973796,0.073070,0.016261,0.226392
115,53,00199,sleet,918,1,0.025758,0.969127,0.005115,L,0.969127,0.943369,0.138016,0.035989,0.236877
115,53,00199,sleet,741,1,0.003244,0.996289,0.000466,L,0.996289,0.993045,0.023550,0.004177,0.100488
115,53,00199,sleet,826,1,0.006030,0.992908,0.001062,L,0.992908,0.986879,0.041103,0.008153,0.286497
115,53,00199,sleet,738,1,0.000000,1.000000,0.000000,L,1.000000,1.000000,0.000001,0.000000,0.945737
115,53,00199,sleet,558,1,0.016872,0.980505,0.002624,L,0.980505,0.963633,0.094454,0.022119,0.146517
115,53,00199,sleet,827,1,0.000048,0.999944,0.000008,L,0.999944,0.999896,0.000571,0.000064,0.499359
115,53,00199,sleet,740,1,0.002592,0.996902,0.000506,L,0.996902,0.994310,0.020360,0.003604,0.234210
115,53,00199,sleet,561,1,0.003116,0.996472,0.000411,L,0.996472,0.993356,0.022494,0.003939,0.088680
115,53,00199,sleet,647,1,0.001953,0.997702,0.000345,L,0.997702,0.995749,0.015681,0.002642,0.248011
115,53,00199,sleet,825,1,0.004386,0.994836,0.000778,L,0.994836,0.990451,0.031431,0.005941,0.243696
115,53,00199,sleet,736,1,0.000047,0.999945,0.000008,L,0.999945,0.999898,0.000562,0.000063,0.477644
115,53,00199,sleet,916,1,0.014082,0.983195,0.002723,L,0.983195,0.969114,0.084445,0.019527,0.234437
115,53,00199,sleet,557,1,0.017163,0.980277,0.002560,L,0.980277,0.963114,0.095185,0.022283,0.134070
115,53,00199,sleet,734,1,0.000223,0.999741,0.000036,L,0.999741,0.999519,0.002274,0.000294,0.241244
115,53,00199,sleet,920,1,0.007129,0.991631,0.001240,L,0.991631,0.984502,0.047220,0.009609,0.174020
115,53,00199,sleet,554,1,0.005079,0.994250,0.000671,L,0.994250,0.989171,0.034103,0.006421,0.101069
115,53,00199,sleet,559,1,0.009836,0.988780,0.001384,L,0.988780,0.978944,0.059827,0.012604,0.107870
115,53,00199,sleet,556,1,0.021882,0.974843,0.003274,L,0.974843,0.952961,0.115790,0.028431,0.149176
115,53,00199,sleet,737,1,0.000000,1.000000,0.000000,L,1.000000,1.000000,0.000002,0.000000,0.827463
115,53,00199,sleet,650,1,0.003077,0.996455,0.000468,L,0.996455,0.993378,0.022687,0.004013,0.129185
115,53,00199,sleet,921,1,0.006888,0.992058,0.001053,L,0.992058,0.985170,0.044985,0.008995,0.118780
115,53,00199,sleet,648,1,0.000237,0.999718,0.000045,L,0.999718,0.999481,0.002468,0.000327,0.396686
115,53,00199,sleet,555,1,0.009660,0.988946,0.001394,L,0.988946,0.979286,0.059147,0.012448,0.131177
115,53,00199,sleet,651,1,0.003532,0.995987,0.000482,L,0.995987,0.992455,0.025144,0.004495,0.095226
115,53,00199,sleet,824,1,0.000729,0.999163,0.000108,L,0.999163,0.998434,0.006453,0.000945,0.188949
115,53,00199,sleet,919,1,0.015020,0.982257,0.002723,L,0.982257,0.967237,0.088044,0.020466,0.191445
115,53,00199,sleet,739,1,0.000000,1.000000,0.000000,L,1.000000,1.000000,0.000003,0.000000,0.714792
115,53,00199,sleet,645,1,0.005681,0.993470,0.000848,L,0.993470,0.987789,0.038124,0.007378,0.144998
115,53,00199,sleet,735,1,0.003993,0.995276,0.000731,L,0.995276,0.991283,0.029170,0.005456,0.271499
115,53,00199,sleet,526,0,0.001612,0.998202,0.000186,L,0.998202,0.996590,0.012522,0.001983,0.090430
115,53,00199,sleet,1212,0,0.005160,0.994259,0.000581,L,0.994259,0.989100,0.033888,0.006322,0.091507
115,53,00199,sleet,312,0,0.001358,0.998482,0.000160,L,0.998482,0.997124,0.010815,0.001678,0.146690
115,53,00199,sleet,11,0,0.002539,0.997116,0.000345,L,0.997116,0.994577,0.018937,0.003229,0.121007
115,53,00199,sleet,74,0,0.001472,0.998334,0.000194,L,0.998334,0.996862,0.011762,0.001860,0.121375
115,53,00199,sleet,850,0,0.003505,0.995990,0.000504,L,0.995990,0.992485,0.025165,0.004514,0.163014
115,53,00199,sleet,1394,0,0.005461,0.993846,0.000693,L,0.993846,0.988385,0.036072,0.006847,0.104158
115,53,00199,sleet,1246,0,0.005204,0.994161,0.000635,L,0.994161,0.988958,0.034461,0.006474,0.108147
115,53,00199,sleet,898,0,0.004013,0.995490,0.000497,L,0.995490,0.991477,0.027695,0.005007,0.140287
115,53,00199,sleet,437,0,0.001821,0.997955,0.000224,L,0.997955,0.996134,0.014032,0.002270,0.098215
115,53,00199,sleet,547,0,0.002791,0.996814,0.000395,L,0.996814,0.994023,0.020654,0.003581,0.102664
115,53,00199,sleet,683,0,0.002927,0.996635,0.000438,L,0.996635,0.993708,0.021685,0.003803,0.158858
115,53,00199,sleet,609,0,0.001976,0.997778,0.000246,L,0.997778,0.995802,0.015083,0.002468,0.111284
115,53,00199,sleet,788,0,0.003036,0.996583,0.000381,L,0.996583,0.993546,0.021858,0.003798,0.144059
115,53,00199,sleet,586,0,0.001954,0.997772,0.000274,L,0.997772,0.995817,0.015169,0.002503,0.141828
115,53,00199,sleet,153,0,0.001769,0.998032,0.000199,L,0.998032,0.996262,0.013541,0.002168,0.116021
115,53,00199,sleet,627,0,0.001239,0.998608,0.000153,L,0.998608,0.997369,0.010038,0.001545,0.147122
115,53,00199,sleet,348,0,0.001362,0.998492,0.000146,L,0.998492,0.997130,0.010726,0.001654,0.109767
116,53,00247,sleet,551,1,0.009759,0.988604,0.001637,L,0.988604,0.978845,0.060999,0.013034,0.170456
116,53,00247,sleet,552,1,0.017935,0.979090,0.002975,L,0.979090,0.961156,0.100228,0.023884,0.184555
116,53,00247,sleet,553,1,0.024977,0.971174,0.003849,L,0.971174,0.946197,0.129223,0.032675,0.164150
116,53,00247,sleet,554,1,0.023308,0.973190,0.003502,L,0.973190,0.949882,0.121848,0.030312,0.146510
116,53,00247,sleet,555,1,0.015403,0.982400,0.002197,L,0.982400,0.966997,0.086629,0.019797,0.116903
116,53,00247,sleet,556,1,0.002760,0.996857,0.000383,L,0.996857,0.994097,0.020404,0.003527,0.109181
116,53,00247,sleet,557,1,0.002772,0.996863,0.000365,L,0.996863,0.994091,0.020340,0.003503,0.088130
116,53,00247,sleet,641,1,0.005293,0.993769,0.000937,L,0.993769,0.988476,0.036855,0.007168,0.200099
116,53,00247,sleet,642,1,0.009855,0.988344,0.001801,L,0.988344,0.978488,0.062348,0.013457,0.240385
116,53,00247,sleet,643,1,0.004505,0.994677,0.000818,L,0.994677,0.990172,0.032278,0.006140,0.288414
116,53,00247,sleet,644,1,0.000346,0.999589,0.000065,L,0.999589,0.999243,0.003458,0.000477,0.379848
116,53,00247,sleet,645,1,0.008915,0.989430,0.001654,L,0.989430,0.980515,0.057518,0.012224,0.230873
116,53,00247,sleet,646,1,0.003075,0.996430,0.000495,L,0.996430,0.993354,0.022865,0.004065,0.136779
116,53,00247,sleet,647,1,0.003513,0.995986,0.000501,L,0.995986,0.992473,0.025181,0.004515,0.096329
116,53,00247,sleet,731,1,0.003912,0.995294,0.000794,L,0.995294,0.991381,0.029175,0.005500,0.309937
116,53,00247,sleet,732,1,0.000590,0.999299,0.000111,L,0.999299,0.998708,0.005554,0.000812,0.386211
116,53,00247,sleet,733,1,0.000000,1.000000,0.000000,L,1.000000,1.000000,0.000002,0.000000,0.807189
116,53,00247,sleet,734,1,0.000000,1.000000,0.000000,L,1.000000,1.000000,0.000001,0.000000,0.992771
116,53,00247,sleet,735,1,0.000000,1.000000,0.000000,L,1.000000,1.000000,0.000001,0.000000,0.826502
116,53,00247,sleet,736,1,0.002451,0.997008,0.000541,L,0.997008,0.994557,0.019838,0.003534,0.306497
116,53,00247,sleet,737,1,0.003356,0.996080,0.000563,L,0.996080,0.992724,0.024801,0.004483,0.133778
116,53,00247,sleet,821,1,0.010499,0.987538,0.001963,L,0.987538,0.977039,0.065955,0.014425,0.196693
116,53,00247,sleet,822,1,0.004756,0.994306,0.000938,L,0.994306,0.989550,0.034274,0.006632,0.278551
116,53,00247,sleet,823,1,0.000237,0.999717,0.000047,L,0.999717,0.999480,0.002481,0.000330,0.418410
116,53,00247,sleet,824,1,0.000003,0.999997,0.000001,L,0.999997,0.999994,0.000041,0.000004,0.600638
116,53,00247,sleet,825,1,0.000073,0.999911,0.000015,L,0.999911,0.999838,0.000870,0.000104,0.456523
116,53,00247,sleet,826,1,0.003501,0.995780,0.000719,L,0.995780,0.992279,0.026591,0.004939,0.250366
116,53,00247,sleet,827,1,0.004386,0.994852,0.000762,L,0.994852,0.990465,0.031330,0.005910,0.142245
116,53,00247,sleet,911,1,0.033543,0.960089,0.006368,L,0.960089,0.926546,0.168557,0.046279,0.138902
116,53,00247,sleet,912,1,0.006320,0.992494,0.001186,L,0.992494,0.986173,0.043214,0.008693,0.209994
116,53,00247,sleet,913,1,0.023158,0.972286,0.004556,L,0.972286,0.949128,0.126605,0.032270,0.237946
116,53,00247,sleet,914,1,0.039142,0.953039,0.007820,L,0.953039,0.913897,0.191711,0.054781,0.236610
116,53,00247,sleet,915,1,0.034995,0.958440,0.006565,L,0.958440,0.923445,0.173858,0.048125,0.219105
116,53,00247,sleet,916,1,0.007578,0.990917,0.001505,L,0.990917,0.983339,0.050812,0.010588,0.240800
116,53,00247,sleet,917,1,0.006645,0.992048,0.001307,L,0.992048,0.985403,0.045437,0.009259,0.214391
116,53,00247,sleet,869,0,0.003565,0.995984,0.000451,L,0.995984,0.992418,0.025102,0.004467,0.155383
116,53,00247,sleet,760,0,0.003081,0.996538,0.000381,L,0.996538,0.993457,0.022093,0.003843,0.123630
116,53,00247,sleet,666,0,0.002920,0.996714,0.000366,L,0.996714,0.993793,0.021137,0.003653,0.142624
116,53,00247,sleet,1173,0,0.010146,0.988573,0.001281,L,0.988573,0.978426,0.060504,0.012708,0.087310
116,53,00247,sleet,1201,0,0.005182,0.994124,0.000694,L,0.994124,0.988942,0.034749,0.006570,0.097865
116,53,00247,sleet,1197,0,0.005205,0.994095,0.000700,L,0.994095,0.988889,0.034902,0.006606,0.095662
116,53,00247,sleet,988,0,0.007137,0.991996,0.000867,L,0.991996,0.984860,0.044926,0.008870,0.116808
116,53,00247,sleet,51,0,0.009828,0.989096,0.001076,L,0.989096,0.979268,0.057916,0.011980,0.108226
116,53,00247,sleet,1393,0,0.005447,0.993896,0.000657,L,0.993896,0.988449,0.035768,0.006762,0.107250
116,53,00247,sleet,1118,0,0.006591,0.992525,0.000883,L,0.992525,0.985934,0.042564,0.008358,0.119102
116,53,00247,sleet,1291,0,0.004393,0.995068,0.000539,L,0.995068,0.990675,0.029872,0.005470,0.119720
116,53,00247,sleet,1235,0,0.005017,0.994301,0.000682,L,0.994301,0.989284,0.033880,0.006381,0.141166
116,53,00247,sleet,956,0,0.007062,0.992030,0.000908,L,0.992030,0.984968,0.044850,0.008877,0.120440
116,53,00247,sleet,85,0,0.001430,0.998402,0.000168,L,0.998402,0.996972,0.011309,0.001766,0.114968
116,53,00247,sleet,467,0,0.002593,0.997070,0.000337,L,0.997070,0.994477,0.019171,0.003267,0.087982
116,53,00247,sleet,247,0,0.001243,0.998621,0.000136,L,0.998621,0.997377,0.009929,0.001516,0.129494
116,53,00247,sleet,295,0,0.001351,0.998479,0.000170,L,0.998479,0.997128,0.010850,0.001691,0.131629
116,53,00247,sleet,439,0,0.001786,0.997982,0.000232,L,0.997982,0.996196,0.013890,0.002250,0.136382
117,53,00295,sleet,558,1,0.002494,0.997139,0.000367,L,0.997139,0.994645,0.018851,0.003229,0.138172
117,53,00295,sleet,559,1,0.005038,0.994178,0.000784,L,0.994178,0.989140,0.034648,0.006605,0.151665
117,53,00295,sleet,560,1,0.002268,0.997352,0.000381,L,0.997352,0.995084,0.017704,0.003029,0.182710
117,53,00295,sleet,561,1,0.004448,0.994805,0.000748,L,0.994805,0.990357,0.031540,0.005943,0.167517
117,53,00295,sleet,562,1,0.011118,0.987086,0.001796,L,0.987086,0.975968,0.067546,0.014710,0.153620
117,53,00295,sleet,563,1,0.002656,0.996969,0.000374,L,0.996969,0.994313,0.019783,0.003405,0.123234
117,53,00295,sleet,564,1,0.002502,0.997170,0.000328,L,0.997170,0.994668,0.018610,0.003158,0.102132
117,53,00295,sleet,648,1,0.001779,0.997912,0.000309,L,0.997912,0.996132,0.014427,0.002397,0.231164
117,53,00295,sleet,649,1,0.001460,0.998269,0.000271,L,0.998269,0.996809,0.012277,0.002002,0.330187
117,53,00295,sleet,650,1,0.000005,0.999995,0.000001,L,0.999995,0.999990,0.000067,0.000006,0.635792
117,53,00295,sleet,651,1,0.000001,0.999999,0.000000,L,0.999999,0.999998,0.000014,0.000001,0.771874
117,53,00295,sleet,652,1,0.000012,0.999986,0.000002,L,0.999986,0.999974,0.000162,0.000016,0.643986
117,53,00295,sleet,653,1,0.003285,0.996056,0.000658,L,0.996056,0.992771,0.025074,0.004602,0.351472
117,53,00295,sleet,654,1,0.003176,0.996363,0.000462,L,0.996363,0.993186,0.023161,0.004099,0.147999
117,53,00295,sleet,738,1,0.003928,0.995335,0.000737,L,0.995335,0.991407,0.028882,0.005402,0.253689
117,53,00295,sleet,739,1,0.000139,0.999836,0.000026,L,0.999836,0.999697,0.001517,0.000190,0.512888
117,53,00295,sleet,740,1,0.000001,0.999999,0.000000,L,0.999999,0.999998,0.000016,0.000001,0.900607
117,53,00295,sleet,741,1,0.000001,0.999999,0.000000,L,0.999999,0.999998,0.000011,0.000001,0.997822
117,53,00295,sleet,742,1,0.000001,0.999999,0.000000,L,0.999999,0.999998,0.000017,0.000001,0.918192
117,53,00295,sleet,743,1,0.003588,0.995656,0.000756,L,0.995656,0.992067,0.027281,0.005101,0.348995
117,53,00295,sleet,744,1,0.003464,0.996000,0.000537,L,0.996000,0.992536,0.025174,0.004537,0.140712
117,53,00295,sleet,828,1,0.014037,0.983926,0.002038,L,0.983926,0.969889,0.080512,0.018112,0.147072
117,53,00295,sleet,829,1,0.024637,0.971065,0.004298,L,0.971065,0.946428,0.130327,0.033233,0.226598
117,53,00295,sleet,830,1,0.004548,0.994674,0.000778,L,0.994674,0.990127,0.032228,0.006103,0.213362
117,53,00295,sleet,831,1,0.003083,0.996357,0.000560,L,0.996357,0.993275,0.023350,0.004202,0.303328
117,53,00295,sleet,832,1,0.004389,0.994807,0.000803,L,0.994807,0.990418,0.031615,0.005996,0.261756
117,53,00295,sleet,833,1,0.005307,0.993849,0.000844,L,0.993849,0.988541,0.036328,0.006996,0.174804
117,53,00295,sleet,834,1,0.004579,0.994779,0.000642,L,0.994779,0.990200,0.031486,0.005863,0.105084
117,53,00295,sleet,918,1,0.031952,0.962998,0.005050,L,0.962998,0.931046,0.157509,0.042052,0.117453
117,53,00295,sleet,919,1,0.064601,0.924678,0.010721,L,0.924678,0.860076,0.271264,0.086044,0.166880
117,53,00295,sleet,920,1,0.027248,0.968373,0.004378,L,0.968373,0.941125,0.139330,0.036005,0.150151
117,53,00295,sleet,921,1,0.010205,0.988077,0.001718,L,0.988077,0.977872,0.063333,0.013641,0.158592
117,53,00295,sleet,922,1,0.008377,0.990156,0.001467,L,0.990156,0.981779,0.054092,0.011310,0.168438
117,53,00295,sleet,923,1,0.006742,0.992097,0.001161,L,0.992097,0.985355,0.044988,0.009064,0.158389
117,53,00295,sleet,924,1,0.006332,0.992541,0.001127,L,0.992541,0.986208,0.042907,0.008587,0.122025
117,53,00295,sleet,1402,0,0.005549,0.993763,0.000687,L,0.993763,0.988214,0.036451,0.006924,0.092088
117,53,00295,sleet,942,0,0.006794,0.992355,0.000852,L,0.992355,0.985561,0.043280,0.008497,0.079698
117,53,00295,sleet,987,0,0.007403,0.991604,0.000993,L,0.991604,0.984201,0.046921,0.009390,0.124297
117,53,00295,sleet,70,0,0.001551,0.998265,0.000184,L,0.998265,0.996715,0.012148,0.001918,0.109502
117,53,00295,sleet,1318,0,0.004473,0.994907,0.000620,L,0.994907,0.990433,0.030819,0.005713,0.098363
117,53,00295,sleet,895,0,0.003365,0.996180,0.000455,L,0.996180,0.992814,0.024101,0.004275,0.148348
117,53,00295,sleet,1116,0,0.006549,0.992585,0.000865,L,0.992585,0.986036,0.042255,0.008280,0.133490
117,53,00295,sleet,766,0,0.002474,0.997224,0.000302,L,0.997224,0.994751,0.018264,0.003077,0.063206
117,53,00295,sleet,1121,0,0.006470,0.992535,0.000995,L,0.992535,0.986065,0.042716,0.008460,0.129164
117,53,00295,sleet,145,0,0.001877,0.997925,0.000199,L,0.997925,0.996048,0.014153,0.002274,0.093209
117,53,00295,sleet,999,0,0.006231,0.992947,0.000821,L,0.992947,0.986716,0.040512,0.007874,0.072482
117,53,00295,sleet,927,0,0.007254,0.991792,0.000954,L,0.991792,0.984538,0.046006,0.009161,0.091614
117,53,00295,sleet,807,0,0.002181,0.997542,0.000277,L,0.997542,0.995361,0.016466,0.002735,0.127605
117,53,00295,sleet,1291,0,0.004384,0.995077,0.000539,L,0.995077,0.990693,0.029829,0.005462,0.113795
117,53,00295,sleet,899,0,0.003261,0.996382,0.000358,L,0.996382,0.993121,0.022867,0.003976,0.106937
117,53,00295,sleet,1202,0,0.005048,0.994311,0.000641,L,0.994311,0.989264,0.033754,0.006330,0.129386
117,53,00295,sleet,71,0,0.001562,0.998264,0.000175,L,0.998264,0.996702,0.012140,0.001911,0.099058
117,53,00295,sleet,172,0,0.001770,0.998028,0.000201,L,0.998028,0.996258,0.013565,0.002173,0.116394
118,53,00492,sleet,498,1,0.002604,0.997031,0.000365,L,0.997031,0.994428,0.019431,0.003334,0.102997
118,53,00492,sleet,764,1,0.001114,0.998745,0.000141,L,0.998745,0.997631,0.009176,0.001396,0.585639
118,53,00492,sleet,762,1,0.016065,0.980964,0.002971,L,0.980964,0.964900,0.093305,0.022007,0.289414
118,53,00492,sleet,852,1,0.011979,0.986098,0.001923,L,0.986098,0.974118,0.071759,0.015825,0.167606
118,53,00492,sleet,763,1,0.002562,0.997019,0.000418,L,0.997019,0.994457,0.019587,0.003399,0.444795
118,53,00492,sleet,587,1,0.002729,0.996876,0.000395,L,0.996876,0.994147,0.020320,0.003518,0.127609
118,53,00492,sleet,672,1,0.001518,0.998210,0.000272,L,0.998210,0.996692,0.012628,0.002062,0.349066
118,53,00492,sleet,857,1,0.003405,0.996130,0.000465,L,0.996130,0.992725,0.024379,0.004336,0.089258
118,53,00492,sleet,583,1,0.000020,0.999977,0.000004,L,0.999977,0.999957,0.000259,0.000027,0.507425
118,53,00492,sleet,493,1,0.000677,0.999212,0.000111,L,0.999212,0.998535,0.006136,0.000899,0.164072
118,53,00492,sleet,586,1,0.001342,0.998405,0.000252,L,0.998405,0.997063,0.011433,0.001847,0.286878
118,53,00492,sleet,677,1,0.002942,0.996428,0.000630,L,0.996428,0.993487,0.023078,0.004201,0.340429
118,53,00492,sleet,585,1,0.000016,0.999981,0.000003,L,0.999981,0.999965,0.000212,0.000022,0.564212
118,53,00492,sleet,766,1,0.003020,0.996399,0.000581,L,0.996399,0.993379,0.023163,0.004182,0.423448
118,53,00492,sleet,855,1,0.003407,0.995969,0.000624,L,0.995969,0.992562,0.025474,0.004655,0.213380
118,53,00492,sleet,673,1,0.000152,0.999827,0.000021,L,0.999827,0.999675,0.001579,0.000193,0.596436
118,53,00492,sleet,671,1,0.001743,0.997950,0.000307,L,0.997950,0.996207,0.014201,0.002357,0.282336
118,53,00492,sleet,584,1,0.000004,0.999995,0.000001,L,0.999995,0.999991,0.000061,0.000006,0.593940
118,53,00492,sleet,768,1,0.002497,0.997124,0.000379,L,0.997124,0.994627,0.018953,0.003255,0.115942
118,53,00492,sleet,674,1,0.000014,0.999984,0.000001,L,0.999984,0.999970,0.000176,0.000017,0.942531
118,53,00492,sleet,676,1,0.001208,0.998612,0.000181,L,0.998612,0.997404,0.010066,0.001569,0.580384
118,53,00492,sleet,765,1,0.001420,0.998363,0.000216,L,0.998363,0.996943,0.011628,0.001853,0.555477
118,53,00492,sleet,853,1,0.005632,0.993341,0.001027,L,0.993341,0.987709,0.039028,0.007687,0.235577
118,53,00492,sleet,495,1,0.000941,0.998894,0.000164,L,0.998894,0.997953,0.008281,0.001270,0.213966
118,53,00492,sleet,675,1,0.000040,0.999955,0.000004,L,0.999955,0.999915,0.000462,0.000049,0.828706
118,53,00492,sleet,494,1,0.000586,0.999311,0.000103,L,0.999311,0.998726,0.005455,0.000792,0.214456
118,53,00492,sleet,678,1,0.002602,0.997023,0.000376,L,0.997023,0.994421,0.019497,0.003353,0.116469
118,53,00492,sleet,582,1,0.000351,0.999593,0.000056,L,0.999593,0.999241,0.003414,0.000463,0.240495
118,53,00492,sleet,854,1,0.003432,0.995950,0.000618,L,0.995950,0.992519,0.025562,0.004668,0.228329
118,53,00492,sleet,497,1,0.002673,0.996920,0.000406,L,0.996920,0.994247,0.020103,0.003486,0.121498
118,53,00492,sleet,492,1,0.001182,0.998634,0.000183,L,0.998634,0.997452,0.009932,0.001549,0.110528
118,53,00492,sleet,856,1,0.003184,0.996308,0.000508,L,0.996308,0.993125,0.023525,0.004200,0.145697
118,53,00492,sleet,858,1,0.003380,0.996114,0.000507,L,0.996114,0.992734,0.024533,0.004393,0.106599
118,53,00492,sleet,851,1,0.005102,0.994017,0.000881,L,0.994017,0.988914,0.035584,0.006864,0.204507
118,53,00492,sleet,761,1,0.018458,0.978338,0.003204,L,0.978338,0.959879,0.103329,0.024866,0.264034
118,53,00492,sleet,767,1,0.003242,0.996190,0.000568,L,0.996190,0.992949,0.024237,0.004377,0.176723
118,53,00492,sleet,149,0,0.002172,0.997549,0.000278,L,0.997549,0.995377,0.016428,0.002729,0.121964
118,53,00492,sleet,239,0,0.001418,0.998403,0.000179,L,0.998403,0.996985,0.011324,0.001776,0.119724
118,53,00492,sleet,630,0,0.002350,0.997273,0.000377,L,0.997273,0.994923,0.018132,0.003104,0.164495
118,53,00492,sleet,1425,0,0.005461,0.993834,0.000705,L,0.993834,0.988373,0.036152,0.006871,0.109902
118,53,00492,sleet,324,0,0.001357,0.998473,0.000170,L,0.998473,0.997115,0.010887,0.001697,0.131537
118,53,00492,sleet,506,0,0.001602,0.998196,0.000202,L,0.998196,0.996594,0.012589,0.002006,0.123489
118,53,00492,sleet,89,0,0.002971,0.996631,0.000398,L,0.996631,0.993660,0.021634,0.003767,0.132244
118,53,00492,sleet,551,0,0.001864,0.997879,0.000257,L,0.997879,0.996015,0.014525,0.002378,0.095314
118,53,00492,sleet,619,0,0.001943,0.997798,0.000259,L,0.997798,0.995855,0.014992,0.002461,0.166221
118,53,00492,sleet,642,0,0.002936,0.996684,0.000380,L,0.996684,0.993748,0.021320,0.003696,0.107529
118,53,00492,sleet,802,0,0.003040,0.996638,0.000322,L,0.996638,0.993598,0.021450,0.003684,0.091438
118,53,00492,sleet,869,0,0.003565,0.995993,0.000442,L,0.995993,0.992427,0.025040,0.004449,0.143417
118,53,00492,sleet,473,0,0.001585,0.998189,0.000225,L,0.998189,0.996604,0.012672,0.002036,0.131308
118,53,00492,sleet,860,0,0.004608,0.994786,0.000606,L,0.994786,0.990178,0.031384,0.005819,0.107439
118,53,00492,sleet,1287,0,0.004155,0.995167,0.000677,L,0.995167,0.991012,0.029629,0.005510,0.174174
118,53,00492,sleet,1426,0,0.005461,0.993833,0.000705,L,0.993833,0.988372,0.036156,0.006872,0.109886
118,53,00492,sleet,1399,0,0.005435,0.993708,0.000857,L,0.993708,0.988273,0.037018,0.007150,0.106717
118,53,00492,sleet,1122,0,0.005232,0.994123,0.000645,L,0.994123,0.988891,0.034663,0.006522,0.116517
119,53,00541,sleet,46,1,0.001495,0.998332,0.000173,L,0.998332,0.996837,0.011735,0.001841,0.108371
119,53,00541,sleet,47,1,0.001486,0.998332,0.000182,L,0.998332,0.996846,0.011751,0.001850,0.123494
119,53,00541,sleet,48,1,0.001488,0.998331,0.000182,L,0.998331,0.996843,0.011759,0.001851,0.120909
119,53,00541,sleet,49,1,0.001489,0.998329,0.000182,L,0.998329,0.996841,0.011766,0.001852,0.114727
119,53,00541,sleet,50,1,0.001483,0.998329,0.000188,L,0.998329,0.996847,0.011780,0.001859,0.117873
119,53,00541,sleet,51,1,0.001485,0.998329,0.000186,L,0.998329,0.996844,0.011777,0.001857,0.106966
119,53,00541,sleet,52,1,0.001485,0.998329,0.000187,L,0.998329,0.996844,0.011780,0.001858,0.108354
119,53,00541,sleet,53,1,0.001482,0.998344,0.000175,L,0.998344,0.996862,0.011669,0.001831,0.094835
119,53,00541,sleet,136,1,0.001753,0.998031,0.000216,L,0.998031,0.996278,0.013577,0.002185,0.124652
119,53,00541,sleet,137,1,0.001730,0.998043,0.000227,L,0.998043,0.996313,0.013527,0.002184,0.140723
119,53,00541,sleet,138,1,0.001734,0.998039,0.000227,L,0.998039,0.996305,0.013550,0.002188,0.135126
119,53,00541,sleet,139,1,0.001757,0.998024,0.000219,L,0.998024,0.996267,0.013621,0.002194,0.113656
119,53,00541,sleet,140,1,0.001747,0.998025,0.000228,L,0.998025,0.996278,0.013633,0.002203,0.114884
119,53,00541,sleet,141,1,0.001769,0.998014,0.000216,L,0.998014,0.996245,0.013672,0.002202,0.096258
119,53,00541,sleet,142,1,0.001757,0.998014,0.000229,L,0.998014,0.996257,0.013699,0.002215,0.099827
119,53,00541,sleet,143,1,0.001763,0.998019,0.000218,L,0.998019,0.996256,0.013652,0.002200,0.090652
119,53,00541,sleet,1261,0,0.014430,0.983658,0.001912,L,0.983658,0.969227,0.081320,0.018255,0.143464
119,53,00541,sleet,222,0,0.001221,0.998638,0.000141,L,0.998638,0.997417,0.009832,0.001503,0.078140
119,53,00541,sleet,971,0,0.006822,0.992344,0.000833,L,0.992344,0.985522,0.043293,0.008489,0.180799
119,53,00541,sleet,186,0,0.001527,0.998253,0.000219,L,0.998253,0.996726,0.012286,0.001966,0.101474
119,53,00541,sleet,442,0,0.001819,0.997952,0.000229,L,0.997952,0.996134,0.014054,0.002277,0.097763
119,53,00541,sleet,975,0,0.007033,0.992185,0.000782,L,0.992185,0.985152,0.043911,0.008597,0.129023
119,53,00541,sleet,259,0,0.001245,0.998613,0.000143,L,0.998613,0.997368,0.009989,0.001530,0.109366
119,53,00541,sleet,1434,0,0.005755,0.993434,0.000812,L,0.993434,0.987679,0.038233,0.007378,0.117283
119,53,00541,sleet,353,0,0.001367,0.998494,0.000139,L,0.998494,0.997128,0.010697,0.001645,0.106334
119,53,00541,sleet,156,0,0.001780,0.998028,0.000192,L,0.998028,0.996248,0.013547,0.002164,0.092724
119,53,00541,sleet,864,0,0.003567,0.995991,0.000442,L,0.995991,0.992424,0.025048,0.004451,0.143404
119,53,00541,sleet,1427,0,0.005511,0.993777,0.000712,L,0.993777,0.988266,0.036434,0.006935,0.100230
119,53,00541,sleet,1037,0,0.008726,0.990152,0.001122,L,0.990152,0.981427,0.053515,0.010969,0.103720
119,53,00541,sleet,595,0,0.001967,0.997759,0.000275,L,0.997759,0.995792,0.015243,0.002516,0.138249
119,53,00541,sleet,836,0,0.003518,0.996031,0.000451,L,0.996031,0.992514,0.024859,0.004420,0.107913
119,53,00541,sleet,599,0,0.001965,0.997795,0.000240,L,0.997795,0.995829,0.014975,0.002445,0.143431
119,53,00541,sleet,740,0,0.002975,0.996643,0.000382,L,0.996643,0.993668,0.021543,0.003740,0.096397
119,53,00541,sleet,754,0,0.003025,0.996609,0.000366,L,0.996609,0.993584,0.021690,0.003757,0.129817
120,42,00159,lightsnow,235,1,0.002502,0.997173,0.000325,L,0.997173,0.994670,0.018591,0.003152,0.120521
120,42,00159,lightsnow,236,1,0.003884,0.995635,0.000481,L,0.995635,0.991751,0.026932,0.004845,0.131436
120,42,00159,lightsnow,237,1,0.005367,0.993914,0.000719,L,0.993914,0.988548,0.035796,0.006805,0.158007
120,42,00159,lightsnow,238,1,0.003516,0.995968,0.000516,L,0.995968,0.992453,0.025300,0.004548,0.209246
120,42,00159,lightsnow,239,1,0.006352,0.992724,0.000924,L,0.992724,0.986371,0.041726,0.008200,0.190948
120,42,00159,lightsnow,240,1,0.009921,0.988645,0.001434,L,0.988645,0.978724,0.060481,0.012789,0.184729
120,42,00159,lightsnow,241,1,0.001377,0.998455,0.000168,L,0.998455,0.997078,0.010989,0.001712,0.126304
120,42,00159,lightsnow,242,1,0.001543,0.998276,0.000181,L,0.998276,0.996734,0.012080,0.001905,0.113677
120,42,00159,lightsnow,326,1,0.002110,0.997558,0.000332,L,0.997558,0.995448,0.016472,0.002774,0.261999
120,42,00159,lightsnow,327,1,0.005801,0.993267,0.000932,L,0.993267,0.987466,0.039218,0.007664,0.284772
120,42,00159,lightsnow,328,1,0.000010,0.999989,0.000002,L,0.999989,0.999979,0.000133,0.000013,0.499833
120,42,00159,lightsnow,329,1,0.000000,1.000000,0.000000,L,1.000000,0.999999,0.000006,0.000000,0.620998
120,42,00159,lightsnow,330,1,0.000022,0.999974,0.000004,L,0.999974,0.999951,0.000287,0.000030,0.479146
120,42,00159,lightsnow,331,1,0.001969,0.997658,0.000373,L,0.997658,0.995689,0.015976,0.002715,0.256373
120,42,00159,lightsnow,332,1,0.002394,0.997279,0.000328,L,0.997279,0.994885,0.018017,0.003049,0.144310
120,42,00159,lightsnow,416,1,0.002469,0.997143,0.000388,L,0.997143,0.994675,0.018862,0.003245,0.297657
120,42,00159,lightsnow,417,1,0.002793,0.996806,0.000401,L,0.996806,0.994013,0.020707,0.003595,0.326948
120,42,00159,lightsnow,418,1,0.000000,1.000000,0.000000,L,1.000000,1.000000,0.000004,0.000000,0.702846
120,42,00159,lightsnow,419,1,0.000000,1.000000,0.000000,L,1.000000,1.000000,0.000001,0.000000,0.798988
120,42,00159,lightsnow,420,1,0.000000,1.000000,0.000000,L,1.000000,1.000000,0.000003,0.000000,0.673888
120,42,00159,lightsnow,421,1,0.002323,0.997232,0.000445,L,0.997232,0.994909,0.018466,0.003213,0.255490
120,42,00159,lightsnow,422,1,0.003190,0.996360,0.000450,L,0.996360,0.993169,0.023153,0.004090,0.129064
120,42,00159,lightsnow,506,1,0.015035,0.982994,0.001971,L,0.982994,0.967959,0.083965,0.018977,0.155993
120,42,00159,lightsnow,507,1,0.017799,0.979592,0.002609,L,0.979592,0.961792,0.097783,0.023017,0.212839
120,42,00159,lightsnow,508,1,0.004706,0.994605,0.000689,L,0.994605,0.989900,0.032417,0.006084,0.204503
120,42,00159,lightsnow,509,1,0.001156,0.998670,0.000174,L,0.998670,0.997514,0.009695,0.001504,0.223926
120,42,00159,lightsnow,510,1,0.003749,0.995786,0.000464,L,0.995786,0.992037,0.026136,0.004678,0.119142
120,42,00159,lightsnow,511,1,0.003204,0.996391,0.000405,L,0.996391,0.993187,0.022910,0.004014,0.100932
120,42,00159,lightsnow,512,1,0.004127,0.995414,0.000460,L,0.995414,0.991287,0.028004,0.005046,0.079100
120,42,00159,lightsnow,596,1,0.031463,0.964476,0.004061,L,0.964476,0.933013,0.151168,0.039585,0.124609
120,42,00159,lightsnow,597,1,0.032061,0.963595,0.004344,L,0.963595,0.931534,0.154425,0.040749,0.141446
120,42,00159,lightsnow,598,1,0.016006,0.981732,0.002263,L,0.981732,0.965726,0.089261,0.020531,0.147712
120,42,00159,lightsnow,599,1,0.008051,0.990803,0.001146,L,0.990803,0.982752,0.050736,0.010344,0.134086
120,42,00159,lightsnow,715,0,0.005164,0.994240,0.000596,L,0.994240,0.989076,0.034011,0.006357,0.087404
120,42,00159,lightsnow,257,0,0.001256,0.998589,0.000156,L,0.998589,0.997333,0.010160,0.001567,0.159552
120,42,00159,lightsnow,80,0,0.001482,0.998330,0.000188,L,0.998330,0.996848,0.011772,0.001857,0.125912
120,42,00159,lightsnow,8,0,0.018014,0.979346,0.002640,L,0.979346,0.961332,0.098730,0.023293,0.129978
120,42,00159,lightsnow,729,0,0.003257,0.996344,0.000399,L,0.996344,0.993086,0.023145,0.004056,0.057505
120,42,00159,lightsnow,1378,0,0.014962,0.982696,0.002343,L,0.982696,0.967734,0.085757,0.019647,0.146108
120,42,00159,lightsnow,838,0,0.004640,0.994734,0.000626,L,0.994734,0.990094,0.031677,0.005892,0.078294
120,42,00159,lightsnow,1149,0,0.003106,0.996534,0.000359,L,0.996534,0.993428,0.022070,0.003825,0.081598
120,42,00159,lightsnow,725,0,0.023538,0.973170,0.003293,L,0.973170,0.949632,0.121549,0.030123,0.098224
120,42,00159,lightsnow,898,0,0.000148,0.999834,0.000018,L,0.999834,0.999686,0.001517,0.000184,0.195835
120,42,00159,lightsnow,934,0,0.003770,0.995767,0.000463,L,0.995767,0.991996,0.026234,0.004697,0.083212
120,42,00159,lightsnow,1255,0,0.003537,0.996038,0.000425,L,0.996038,0.992501,0.024775,0.004387,0.080687
120,42,00159,lightsnow,757,0,0.005320,0.994045,0.000636,L,0.994045,0.988725,0.035018,0.006591,0.070932
120,42,00159,lightsnow,954,0,0.016411,0.981676,0.001913,L,0.981676,0.965265,0.088819,0.020238,0.100608
120,42,00159,lightsnow,1263,0,0.014296,0.983419,0.002284,L,0.983419,0.969123,0.082888,0.018865,0.172439
120,42,00159,lightsnow,1129,0,0.001397,0.998434,0.000169,L,0.998434,0.997036,0.011122,0.001735,0.107503
120,42,00159,lightsnow,341,0,0.001472,0.998344,0.000183,L,0.998344,0.996872,0.011682,0.001839,0.127797
120,42,00159,lightsnow,551,0,0.002347,0.997358,0.000295,L,0.997358,0.995011,0.017517,0.002936,0.054873
121,42,00194,lightsnow,692,1,0.012964,0.985299,0.001737,L,0.985299,0.972334,0.074613,0.016439,0.141941
121,42,00194,lightsnow,786,1,0.005564,0.993654,0.000783,L,0.993654,0.988090,0.037145,0.007129,0.130913
121,42,00194,lightsnow,694,1,0.005421,0.993879,0.000700,L,0.993879,0.988458,0.035931,0.006822,0.094739
121,42,00194,lightsnow,1053,1,0.019144,0.978428,0.002427,L,0.978428,0.959284,0.101657,0.023999,0.144424
121,42,00194,lightsnow,874,1,0.000000,1.000000,0.000000,L,1.000000,1.000000,0.000000,0.000000,0.759826
121,42,00194,lightsnow,873,1,0.000001,0.999999,0.000000,L,0.999999,0.999999,0.000008,0.000001,0.645494
121,42,00194,lightsnow,787,1,0.003324,0.996296,0.000379,L,0.996296,0.992972,0.023351,0.004083,0.080749
121,42,00194,lightsnow,1055,1,0.005265,0.994093,0.000641,L,0.994093,0.988828,0.034798,0.006548,0.101860
121,42,00194,lightsnow,784,1,0.000007,0.999992,0.000001,L,0.999992,0.999985,0.000095,0.000009,0.532777
121,42,00194,lightsnow,877,1,0.002713,0.996952,0.000335,L,0.996952,0.994239,0.019801,0.003382,0.103047
121,42,00194,lightsnow,1058,1,0.003525,0.996060,0.000415,L,0.996060,0.992535,0.024641,0.004355,0.071690
121,42,00194,lightsnow,691,1,0.018438,0.979096,0.002466,L,0.979096,0.960659,0.099326,0.023370,0.161703
121,42,00194,lightsnow,964,1,0.000013,0.999985,0.000002,L,0.999985,0.999972,0.000172,0.000017,0.461219
121,42,00194,lightsnow,788,1,0.003715,0.995858,0.000427,L,0.995858,0.992143,0.025699,0.004569,0.076908
121,42,00194,lightsnow,697,1,0.004544,0.994917,0.000539,L,0.994917,0.990374,0.030616,0.005622,0.074990
121,42,00194,lightsnow,963,1,0.003904,0.995509,0.000586,L,0.995509,0.991605,0.027760,0.005077,0.223483
121,42,00194,lightsnow,1052,1,0.037587,0.957827,0.004586,L,0.957827,0.920240,0.172301,0.046759,0.143912
121,42,00194,lightsnow,698,1,0.004108,0.995417,0.000475,L,0.995417,0.991309,0.028017,0.005058,0.069551
121,42,00194,lightsnow,782,1,0.005515,0.993600,0.000885,L,0.993600,0.988085,0.037575,0.007285,0.280523
121,42,00194,lightsnow,872,1,0.003225,0.996257,0.000517,L,0.996257,0.993032,0.023806,0.004260,0.280851
121,42,00194,lightsnow,1056,1,0.002831,0.996816,0.000353,L,0.996816,0.993984,0.020568,0.003537,0.093706
121,42,00194,lightsnow,1057,1,0.003037,0.996604,0.000359,L,0.996604,0.993568,0.021702,0.003755,0.078883
121,42,00194,lightsnow,966,1,0.001861,0.997874,0.000265,L,0.997874,0.996014,0.014567,0.002391,0.161127
121,42,00194,lightsnow,1054,1,0.008764,0.990136,0.001099,L,0.990136,0.981372,0.053541,0.010963,0.123394
121,42,00194,lightsnow,1051,1,0.032185,0.964245,0.003570,L,0.964245,0.932061,0.150935,0.039324,0.127222
121,42,00194,lightsnow,968,1,0.004270,0.995205,0.000525,L,0.995205,0.990935,0.029169,0.005320,0.087397
121,42,00194,lightsnow,871,1,0.000229,0.999741,0.000030,L,0.999741,0.999512,0.002265,0.000289,0.261002
121,42,00194,lightsnow,961,1,0.005898,0.993408,0.000693,L,0.993408,0.987510,0.038130,0.007285,0.145244
121,42,00194,lightsnow,783,1,0.000894,0.998961,0.000146,L,0.998961,0.998067,0.007827,0.001185,0.353170
121,42,00194,lightsnow,696,1,0.008366,0.990584,0.001050,L,0.990584,0.982218,0.051514,0.010466,0.089531
121,42,00194,lightsnow,695,1,0.010102,0.988621,0.001277,L,0.988621,0.978520,0.060294,0.012655,0.100526
121,42,00194,lightsnow,785,1,0.000051,0.999941,0.000008,L,0.999941,0.999890,0.000598,0.000067,0.392778
121,42,00194,lightsnow,781,1,0.000755,0.999132,0.000113,L,0.999132,0.998377,0.006666,0.000981,0.311081
121,42,00194,lightsnow,876,1,0.000006,0.999993,0.000001,L,0.999993,0.999986,0.000087,0.000008,0.426019
121,42,00194,lightsnow,878,1,0.003815,0.995736,0.000450,L,0.995736,0.991921,0.026365,0.004714,0.083438
121,42,00194,lightsnow,875,1,0.000000,1.000000,0.000000,L,1.000000,1.000000,0.000000,0.000000,0.683733
121,42,00194,lightsnow,1168,0,0.004540,0.994881,0.000578,L,0.994881,0.990341,0.030869,0.005697,0.108860
121,42,00194,lightsnow,334,0,0.004415,0.995033,0.000551,L,0.995033,0.990618,0.030070,0.005518,0.084224
121,42,00194,lightsnow,9,0,0.006849,0.992235,0.000916,L,0.992235,0.985387,0.043940,0.008680,0.116913
121,42,00194,lightsnow,145,0,0.001778,0.998022,0.000200,L,0.998022,0.996243,0.013600,0.002178,0.101955
121,42,00194,lightsnow,1241,0,0.001804,0.997979,0.000216,L,0.997979,0.996175,0.013875,0.002237,0.095839
121,42,00194,lightsnow,21,0,0.004942,0.994457,0.000601,L,0.994457,0.989515,0.032976,0.006144,0.091954
121,42,00194,lightsnow,1131,0,0.011663,0.986948,0.001389,L,0.986948,0.975285,0.067379,0.014442,0.084521
121,42,00194,lightsnow,534,0,0.001441,0.998379,0.000181,L,0.998379,0.996938,0.011472,0.001802,0.125084
121,42,00194,lightsnow,1110,0,0.012097,0.986298,0.001605,L,0.986298,0.974201,0.070401,0.015308,0.102947
121,42,00194,lightsnow,28,0,0.006614,0.992632,0.000753,L,0.992632,0.986018,0.041826,0.008121,0.107180
121,42,00194,lightsnow,1323,0,0.013047,0.985320,0.001633,L,0.985320,0.972273,0.074337,0.016314,0.101419
121,42,00194,lightsnow,591,0,0.001677,0.998128,0.000195,L,0.998128,0.996451,0.012973,0.002067,0.065516
121,42,00194,lightsnow,742,0,0.001938,0.997832,0.000230,L,0.997832,0.995894,0.014745,0.002399,0.060875
121,42,00194,lightsnow,1297,0,0.005492,0.993803,0.000705,L,0.993803,0.988311,0.036298,0.006902,0.123736
121,42,00194,lightsnow,449,0,0.000958,0.998924,0.000118,L,0.998924,0.997966,0.008011,0.001194,0.131037
121,42,00194,lightsnow,1368,0,0.007480,0.991518,0.001001,L,0.991518,0.984038,0.047316,0.009483,0.130912
121,42,00194,lightsnow,807,0,0.004189,0.995295,0.000516,L,0.995295,0.991106,0.028705,0.005221,0.135324
121,42,00194,lightsnow,948,0,0.005548,0.993685,0.000767,L,0.993685,0.988137,0.036970,0.007082,0.115153
122,42,00229,lightsnow,970,1,0.004796,0.994621,0.000583,L,0.994621,0.989824,0.032149,0.005963,0.109345
122,42,00229,lightsnow,969,1,0.003182,0.996447,0.000371,L,0.996447,0.993264,0.022553,0.003924,0.094725
122,42,00229,lightsnow,967,1,0.000144,0.999837,0.000018,L,0.999837,0.999693,0.001492,0.000181,0.243304
122,42,00229,lightsnow,879,1,0.004834,0.994589,0.000578,L,0.994589,0.989755,0.032294,0.005989,0.080325
122,42,00229,lightsnow,1236,1,0.004752,0.994519,0.000729,L,0.994519,0.989768,0.032906,0.006210,0.188480
122,42,00229,lightsnow,1060,1,0.003437,0.996046,0.000517,L,0.996046,0.992610,0.024900,0.004471,0.170664
122,42,00229,lightsnow,1149,1,0.002930,0.996608,0.000461,L,0.996608,0.993678,0.021866,0.003853,0.172363
122,42,00229,lightsnow,965,1,0.000513,0.999417,0.000071,L,0.999417,0.998904,0.004681,0.000654,0.215306
122,42,00229,lightsnow,1146,1,0.000010,0.999988,0.000002,L,0.999988,0.999979,0.000135,0.000013,0.510960
122,42,00229,lightsnow,1143,1,0.002672,0.996900,0.000427,L,0.996900,0.994228,0.020246,0.003527,0.231274
122,42,00229,lightsnow,1235,1,0.007557,0.991391,0.001052,L,0.991391,0.983833,0.047975,0.009661,0.163967
122,42,00229,lightsnow,1053,1,0.003560,0.995951,0.000490,L,0.995951,0.992391,0.025345,0.004539,0.159121
122,42,00229,lightsnow,968,1,0.004019,0.995460,0.000521,L,0.995460,0.991441,0.027891,0.005062,0.124197
122,42,00229,lightsnow,1148,1,0.001693,0.997975,0.000332,L,0.997975,0.996282,0.014095,0.002356,0.299575
122,42,00229,lightsnow,1150,1,0.004416,0.994840,0.000743,L,0.994840,0.990424,0.031356,0.005903,0.201711
122,42,00229,lightsnow,1145,1,0.000165,0.999808,0.000028,L,0.999808,0.999643,0.001744,0.000220,0.400745
122,42,00229,lightsnow,875,1,0.002610,0.997054,0.000336,L,0.997054,0.994444,0.019257,0.003282,0.093464
122,42,00229,lightsnow,1147,1,0.000018,0.999978,0.000003,L,0.999978,0.999960,0.000242,0.000025,0.479288
122,42,00229,lightsnow,966,1,0.000021,0.999976,0.000003,L,0.999976,0.999955,0.000262,0.000027,0.393568
122,42,00229,lightsnow,1233,1,0.007356,0.991723,0.000921,L,0.991723,0.984367,0.046254,0.009198,0.127486
122,42,00229,lightsnow,874,1,0.006361,0.992825,0.000815,L,0.992825,0.986464,0.041064,0.007990,0.087616
122,42,00229,lightsnow,873,1,0.011232,0.987326,0.001442,L,0.987326,0.976095,0.065942,0.014116,0.087153
122,42,00229,lightsnow,1059,1,0.002567,0.997013,0.000420,L,0.997013,0.994446,0.019624,0.003407,0.201184
122,42,00229,lightsnow,1234,1,0.018985,0.978559,0.002455,L,0.978559,0.959574,0.101240,0.023896,0.138271
122,42,00229,lightsnow,1054,1,0.005304,0.993867,0.000828,L,0.993867,0.988563,0.036213,0.006961,0.248028
122,42,00229,lightsnow,1055,1,0.000001,0.999998,0.000000,L,0.999998,0.999997,0.000022,0.000002,0.542208
122,42,00229,lightsnow,1237,1,0.005722,0.993519,0.000760,L,0.993519,0.987797,0.037738,0.007241,0.138930
122,42,00229,lightsnow,1057,1,0.000000,1.000000,0.000000,L,1.000000,1.000000,0.000004,0.000000,0.610437
122,42,00229,lightsnow,1144,1,0.010153,0.988186,0.001661,L,0.988186,0.978033,0.062785,0.013475,0.263114
122,42,00229,lightsnow,1058,1,0.001666,0.998017,0.000317,L,0.998017,0.996352,0.013827,0.002300,0.269351
122,42,00229,lightsnow,877,1,0.007169,0.991915,0.000917,L,0.991915,0.984746,0.045389,0.009002,0.103842
122,42,00229,lightsnow,963,1,0.009946,0.988786,0.001268,L,0.988786,0.978840,0.059588,0.012482,0.123698
122,42,00229,lightsnow,1238,1,0.004940,0.994400,0.000660,L,0.994400,0.989461,0.033360,0.006260,0.134658
122,42,00229,lightsnow,880,1,0.005379,0.993994,0.000627,L,0.993994,0.988615,0.035242,0.006633,0.088757
122,42,00229,lightsnow,1056,1,0.000000,1.000000,0.000000,L,1.000000,1.000000,0.000002,0.000000,0.629128
122,42,00229,lightsnow,964,1,0.010858,0.987717,0.001425,L,0.987717,0.976859,0.064313,0.013708,0.148619
122,42,00229,lightsnow,1365,0,0.009053,0.989596,0.001351,L,0.989596,0.980543,0.056314,0.011755,0.148454
122,42,00229,lightsnow,600,0,0.003544,0.995990,0.000466,L,0.995990,0.992446,0.025097,0.004476,0.086001
122,42,00229,lightsnow,1430,0,0.005424,0.993867,0.000709,L,0.993867,0.988442,0.036005,0.006843,0.119420
122,42,00229,lightsnow,1151,0,0.005024,0.994183,0.000793,L,0.994183,0.989158,0.034642,0.006610,0.165563
122,42,00229,lightsnow,1387,0,0.000402,0.999547,0.000051,L,0.999547,0.999145,0.003733,0.000504,0.148318
122,42,00229,lightsnow,305,0,0.009111,0.989698,0.001190,L,0.989698,0.980587,0.055589,0.011492,0.113189
122,42,00229,lightsnow,137,0,0.001787,0.998020,0.000193,L,0.998020,0.996233,0.013593,0.002172,0.085659
122,42,00229,lightsnow,215,0,0.005664,0.993571,0.000765,L,0.993571,0.987907,0.037504,0.007194,0.126223
122,42,00229,lightsnow,1384,0,0.001074,0.998790,0.000135,L,0.998790,0.997716,0.008883,0.001345,0.139943
122,42,00229,lightsnow,111,0,0.006382,0.992835,0.000783,L,0.992835,0.986453,0.040956,0.007947,0.121630
122,42,00229,lightsnow,4,0,0.000926,0.998952,0.000122,L,0.998952,0.998025,0.007842,0.001170,0.135165
122,42,00229,lightsnow,1335,0,0.004810,0.994577,0.000612,L,0.994577,0.989767,0.032414,0.006035,0.108582
122,42,00229,lightsnow,800,0,0.003099,0.996514,0.000387,L,0.996514,0.993415,0.022229,0.003872,0.138490
122,42,00229,lightsnow,1315,0,0.002431,0.997253,0.000316,L,0.997253,0.994822,0.018137,0.003064,0.119125
122,42,00229,lightsnow,1042,0,0.005123,0.994138,0.000740,L,0.994138,0.989015,0.034767,0.006602,0.108471
122,42,00229,lightsnow,16,0,0.012574,0.985528,0.001897,L,0.985528,0.972954,0.073987,0.016369,0.157785
122,42,00229,lightsnow,1246,0,0.005539,0.993755,0.000706,L,0.993755,0.988216,0.036527,0.006951,0.108266
122,42,00229,lightsnow,204,0,0.015016,0.983166,0.001818,L,0.983166,0.968150,0.083024,0.018653,0.101338
123,42,00264,lightsnow,960,1,0.009001,0.989926,0.001073,L,0.989926,0.980925,0.054395,0.011148,0.120441
123,42,00264,lightsnow,961,1,0.003175,0.996435,0.000389,L,0.996435,0.993260,0.022648,0.003954,0.130355
123,42,00264,lightsnow,962,1,0.001548,0.998269,0.000183,L,0.998269,0.996721,0.012126,0.001914,0.116307
123,42,00264,lightsnow,963,1,0.001332,0.998505,0.000163,L,0.998505,0.997174,0.010678,0.001657,0.125225
123,42,00264,lightsnow,964,1,0.005465,0.993861,0.000674,L,0.993861,0.988396,0.035963,0.006812,0.104541
123,42,00264,lightsnow,965,1,0.001558,0.998257,0.000185,L,0.998257,0.996698,0.012202,0.001928,0.085366
123,42,00264,lightsnow,966,1,0.002662,0.997009,0.000328,L,0.997009,0.994347,0.019482,0.003319,0.078411
123,42,00264,lightsnow,1050,1,0.004131,0.995239,0.000630,L,0.995239,0.991108,0.029190,0.005391,0.210796
123,42,00264,lightsnow,1051,1,0.001237,0.998568,0.000195,L,0.998568,0.997331,0.010355,0.001626,0.280567
123,42,00264,lightsnow,1052,1,0.000000,1.000000,0.000000,L,1.000000,0.999999,0.000006,0.000000,0.566975
123,42,00264,lightsnow,1053,1,0.000000,1.000000,0.000000,L,1.000000,1.000000,0.000001,0.000000,0.638525
123,42,00264,lightsnow,1054,1,0.000001,0.999999,0.000000,L,0.999999,0.999998,0.000015,0.000001,0.479135
123,42,00264,lightsnow,1055,1,0.001990,0.997707,0.000303,L,0.997707,0.995716,0.015587,0.002596,0.152909
123,42,00264,lightsnow,1056,1,0.002909,0.996720,0.000371,L,0.996720,0.993811,0.021112,0.003651,0.081045
123,42,00264,lightsnow,1140,1,0.003534,0.995880,0.000585,L,0.995880,0.992346,0.025868,0.004705,0.261633
123,42,00264,lightsnow,1141,1,0.002563,0.997025,0.000412,L,0.997025,0.994463,0.019547,0.003387,0.294573
123,42,00264,lightsnow,1142,1,0.000002,0.999998,0.000000,L,0.999998,0.999996,0.000027,0.000002,0.556773
123,42,00264,lightsnow,1143,1,0.000000,1.000000,0.000000,L,1.000000,1.000000,0.000003,0.000000,0.620773
123,42,00264,lightsnow,1144,1,0.000002,0.999998,0.000000,L,0.999998,0.999996,0.000029,0.000002,0.521082
123,42,00264,lightsnow,1145,1,0.002573,0.997009,0.000418,L,0.997009,0.994436,0.019645,0.003410,0.183206
123,42,00264,lightsnow,1146,1,0.003633,0.995925,0.000443,L,0.995925,0.992292,0.025390,0.004518,0.089059
123,42,00264,lightsnow,1230,1,0.009317,0.989374,0.001310,L,0.989374,0.980057,0.057188,0.011936,0.143095
123,42,00264,lightsnow,1231,1,0.013742,0.984131,0.002128,L,0.984131,0.970389,0.079873,0.017997,0.199111
123,42,00264,lightsnow,1232,1,0.005852,0.993197,0.000951,L,0.993197,0.987345,0.039581,0.007755,0.238918
123,42,00264,lightsnow,1233,1,0.007004,0.991945,0.001051,L,0.991945,0.984941,0.045493,0.009106,0.183280
123,42,00264,lightsnow,1234,1,0.016236,0.981505,0.002259,L,0.981505,0.965269,0.090102,0.020754,0.158431
123,42,00264,lightsnow,1235,1,0.016439,0.981617,0.001943,L,0.981617,0.965178,0.089094,0.020326,0.108165
123,42,00264,lightsnow,1236,1,0.012170,0.986407,0.001423,L,0.986407,0.974237,0.069617,0.015016,0.098365
123,42,00264,lightsnow,1018,0,0.005540,0.993749,0.000712,L,0.993749,0.988209,0.036568,0.006963,0.091901
123,42,00264,lightsnow,199,0,0.006669,0.992460,0.000870,L,0.992460,0.985791,0.042835,0.008410,0.115176
123,42,00264,lightsnow,495,0,0.001861,0.997918,0.000221,L,0.997918,0.996057,0.014236,0.002303,0.078063
123,42,00264,lightsnow,205,0,0.019719,0.978007,0.002274,L,0.978007,0.958288,0.102868,0.024268,0.098996
123,42,00264,lightsnow,89,0,0.002973,0.996647,0.000380,L,0.996647,0.993674,0.021518,0.003734,0.123850
123,42,00264,lightsnow,538,0,0.001126,0.998736,0.000137,L,0.998736,0.997610,0.009221,0.001401,0.134381
123,42,00264,lightsnow,1033,0,0.004620,0.994820,0.000559,L,0.994820,0.990200,0.031131,0.005739,0.079164
123,42,00264,lightsnow,1340,0,0.002743,0.996915,0.000342,L,0.996915,0.994172,0.020018,0.003428,0.124032
123,42,00264,lightsnow,685,0,0.002888,0.996782,0.000330,L,0.996782,0.993894,0.020703,0.003548,0.105499
123,42,00264,lightsnow,493,0,0.001828,0.997935,0.000237,L,0.997935,0.996107,0.014168,0.002302,0.091740
123,42,00264,lightsnow,742,0,0.001806,0.997974,0.000220,L,0.997974,0.996167,0.013915,0.002246,0.061732
123,42,00264,lightsnow,16,0,0.001712,0.998069,0.000219,L,0.998069,0.996357,0.013361,0.002149,0.114155
123,42,00264,lightsnow,170,0,0.001750,0.998027,0.000223,L,0.998027,0.996276,0.013614,0.002196,0.121641
123,42,00264,lightsnow,1048,0,0.000715,0.999173,0.000112,L,0.999173,0.998458,0.006394,0.000939,0.204766
123,42,00264,lightsnow,844,0,0.005887,0.993400,0.000713,L,0.993400,0.987513,0.038206,0.007313,0.075767
123,42,00264,lightsnow,417,0,0.002197,0.997528,0.000275,L,0.997528,0.995332,0.016537,0.002746,0.110061
123,42,00264,lightsnow,356,0,0.001550,0.998259,0.000191,L,0.998259,0.996709,0.012199,0.001932,0.110897
123,42,00264,lightsnow,1381,0,0.004454,0.994927,0.000620,L,0.994927,0.990473,0.030721,0.005693,0.145986
124,42,00298,lightsnow,867,1,0.002240,0.997509,0.000250,L,0.997509,0.995269,0.016597,0.002741,0.121297
124,42,00298,lightsnow,265,1,0.008604,0.990446,0.000950,L,0.990446,0.981843,0.051914,0.010504,0.095789
124,42,00298,lightsnow,1051,1,0.006294,0.992785,0.000921,L,0.992785,0.986491,0.041440,0.008136,0.200217
124,42,00298,lightsnow,873,1,0.002143,0.997520,0.000336,L,0.997520,0.995377,0.016692,0.002816,0.189999
124,42,00298,lightsnow,872,1,0.001236,0.998542,0.000222,L,0.998542,0.997307,0.010556,0.001679,0.323460
124,42,00298,lightsnow,624,1,0.010356,0.988442,0.001202,L,0.988442,0.978085,0.060898,0.012760,0.090389
124,42,00298,lightsnow,532,1,0.000740,0.999178,0.000081,L,0.999178,0.998438,0.006301,0.000903,0.083185
124,42,00298,lightsnow,1050,1,0.001974,0.997717,0.000309,L,0.997717,0.995743,0.015541,0.002593,0.303430
124,42,00298,lightsnow,780,1,0.002984,0.996538,0.000479,L,0.996538,0.993554,0.022269,0.003941,0.287572
124,42,00298,lightsnow,963,1,0.002284,0.997399,0.000317,L,0.997399,0.995115,0.017335,0.002919,0.153185
124,42,00298,lightsnow,262,1,0.001247,0.998601,0.000153,L,0.998601,0.997354,0.010083,0.001552,0.119268
124,42,00298,lightsnow,441,1,0.000002,0.999997,0.000000,L,0.999997,0.999995,0.000034,0.000003,0.234381
124,42,00298,lightsnow,964,1,0.002899,0.996776,0.000325,L,0.996776,0.993878,0.020724,0.003549,0.082816
124,42,00298,lightsnow,349,1,0.001271,0.998594,0.000135,L,0.998594,0.997322,0.010092,0.001542,0.102366
124,42,00298,lightsnow,531,1,0.000478,0.999472,0.000051,L,0.999472,0.998994,0.004260,0.000579,0.079723
124,42,00298,lightsnow,962,1,0.000027,0.999968,0.000005,L,0.999968,0.999941,0.000339,0.000036,0.474290
124,42,00298,lightsnow,621,1,0.004050,0.995507,0.000443,L,0.995507,0.991457,0.027501,0.004935,0.076090
124,42,00298,lightsnow,443,1,0.002123,0.997629,0.000248,L,0.997629,0.995507,0.015923,0.002619,0.081167
124,42,00298,lightsnow,530,1,0.000902,0.999000,0.000097,L,0.999000,0.998098,0.007487,0.001097,0.080137
124,42,00298,lightsnow,535,1,0.008913,0.990088,0.000999,L,0.990088,0.981175,0.053554,0.010911,0.083440
124,42,00298,lightsnow,258,1,0.004779,0.994628,0.000593,L,0.994628,0.989849,0.032132,0.005965,0.116555
124,42,00298,lightsnow,958,1,0.005297,0.993962,0.000742,L,0.993962,0.988665,0.035610,0.006780,0.186511
124,42,00298,lightsnow,622,1,0.004803,0.994667,0.000531,L,0.994667,0.989864,0.031823,0.005864,0.075583
124,42,00298,lightsnow,444,1,0.005924,0.993371,0.000704,L,0.993371,0.987447,0.038323,0.007333,0.080754
124,42,00298,lightsnow,1142,1,0.012152,0.986425,0.001423,L,0.986425,0.974273,0.069546,0.014998,0.104397
124,42,00298,lightsnow,355,1,0.011220,0.987554,0.001226,L,0.987554,0.976334,0.064596,0.013672,0.085270
124,42,00298,lightsnow,350,1,0.000021,0.999977,0.000002,L,0.999977,0.999956,0.000249,0.000025,0.172568
124,42,00298,lightsnow,259,1,0.003837,0.995680,0.000482,L,0.995680,0.991843,0.026707,0.004802,0.130844
124,42,00298,lightsnow,1052,1,0.013079,0.985060,0.001861,L,0.985060,0.971981,0.075776,0.016801,0.140198
124,42,00298,lightsnow,874,1,0.002804,0.996887,0.000309,L,0.996887,0.994084,0.020100,0.003422,0.078682
124,42,00298,lightsnow,442,1,0.000010,0.999989,0.000001,L,0.999989,0.999978,0.000131,0.000012,0.201107
124,42,00298,lightsnow,263,1,0.003613,0.995937,0.000450,L,0.995937,0.992325,0.025338,0.004512,0.104936
124,42,00298,lightsnow,1054,1,0.014040,0.984427,0.001533,L,0.984427,0.970387,0.077622,0.017106,0.089368
124,42,00298,lightsnow,445,1,0.011379,0.987294,0.001327,L,0.987294,0.975915,0.065852,0.014032,0.090884
124,42,00298,lightsnow,1047,1,0.015581,0.982566,0.001852,L,0.982566,0.966985,0.085361,0.019286,0.120867
124,42,00298,lightsnow,533,1,0.001250,0.998613,0.000137,L,0.998613,0.997363,0.009978,0.001524,0.077453
124,42,00298,lightsnow,1234,0,0.009447,0.989475,0.001078,L,0.989475,0.980027,0.056324,0.011603,0.098699
124,42,00298,lightsnow,1086,0,0.012421,0.985921,0.001659,L,0.985921,0.973500,0.072004,0.015738,0.071483
124,42,00298,lightsnow,860,0,0.009221,0.989728,0.001051,L,0.989728,0.980507,0.055196,0.011323,0.075747
124,42,00298,lightsnow,922,0,0.006570,0.992647,0.000783,L,0.992647,0.986077,0.041816,0.008135,0.062641
124,42,00298,lightsnow,941,0,0.004080,0.995457,0.000463,L,0.995457,0.991377,0.027793,0.005006,0.067427
124,42,00298,lightsnow,931,0,0.006467,0.992719,0.000814,L,0.992719,0.986252,0.041548,0.008095,0.080349
124,42,00298,lightsnow,1404,0,0.014851,0.983205,0.001944,L,0.983205,0.968354,0.083112,0.018739,0.133541
124,42,00298,lightsnow,1227,0,0.007319,0.991863,0.000818,L,0.991863,0.984544,0.045428,0.008955,0.107922
124,42,00298,lightsnow,161,0,0.001845,0.997920,0.000235,L,0.997920,0.996075,0.014252,0.002315,0.121226
124,42,00298,lightsnow,75,0,0.001968,0.997780,0.000251,L,0.997780,0.995812,0.015077,0.002471,0.125071
124,42,00298,lightsnow,1033,0,0.003899,0.995565,0.000536,L,0.995565,0.991665,0.027392,0.004972,0.123664
124,42,00298,lightsnow,601,0,0.004025,0.995417,0.000558,L,0.995417,0.991392,0.028171,0.005140,0.092123
124,42,00298,lightsnow,928,0,0.006840,0.992321,0.000839,L,0.992321,0.985480,0.043410,0.008518,0.070551
124,42,00298,lightsnow,35,0,0.003503,0.996115,0.000381,L,0.996115,0.992612,0.024291,0.004266,0.095437
124,42,00298,lightsnow,658,0,0.001883,0.997835,0.000281,L,0.997835,0.995952,0.014817,0.002446,0.092107
124,42,00298,lightsnow,74,0,0.001451,0.998365,0.000184,L,0.998365,0.996914,0.011559,0.001819,0.126701
124,42,00298,lightsnow,232,0,0.001210,0.998661,0.000129,L,0.998661,0.997451,0.009670,0.001469,0.084570
124,42,00298,lightsnow,316,0,0.001339,0.998480,0.000181,L,0.998480,0.997140,0.010868,0.001701,0.111962
125,42,00482,lightsnow,1334,1,0.005654,0.993577,0.000769,L,0.993577,0.987923,0.037483,0.007192,0.123311
125,42,00482,lightsnow,1240,1,0.000189,0.999786,0.000024,L,0.999786,0.999597,0.001908,0.000238,0.252732
125,42,00482,lightsnow,1151,1,0.000000,1.000000,0.000000,L,1.000000,1.000000,0.000001,0.000000,0.649284
125,42,00482,lightsnow,1152,1,0.000000,1.000000,0.000000,L,1.000000,1.000000,0.000003,0.000000,0.582764
125,42,00482,lightsnow,1333,1,0.004611,0.994751,0.000638,L,0.994751,0.990140,0.031613,0.005886,0.143268
125,42,00482,lightsnow,1148,1,0.000566,0.999354,0.000081,L,0.999354,0.998788,0.005130,0.000727,0.218627
125,42,00482,lightsnow,1058,1,0.001390,0.998431,0.000179,L,0.998431,0.997041,0.011154,0.001747,0.140800
125,42,00482,lightsnow,1063,1,0.004247,0.995147,0.000606,L,0.995147,0.990900,0.029608,0.005460,0.123330
125,42,00482,lightsnow,970,1,0.005679,0.993572,0.000748,L,0.993572,0.987893,0.037465,0.007176,0.096559
125,42,00482,lightsnow,1243,1,0.002005,0.997672,0.000323,L,0.997672,0.995667,0.015816,0.002651,0.206618
125,42,00482,lightsnow,1059,1,0.005973,0.993200,0.000827,L,0.993200,0.987227,0.039353,0.007628,0.154843
125,42,00482,lightsnow,968,1,0.017462,0.980331,0.002208,L,0.980331,0.962869,0.094352,0.021877,0.100911
125,42,00482,lightsnow,1155,1,0.007099,0.991933,0.000967,L,0.991933,0.984834,0.045397,0.009034,0.125925
125,42,00482,lightsnow,1328,1,0.009579,0.989278,0.001143,L,0.989278,0.979698,0.057284,0.011865,0.120052
125,42,00482,lightsnow,1330,1,0.001543,0.998260,0.000198,L,0.998260,0.996717,0.012210,0.001938,0.181669
125,42,00482,lightsnow,973,1,0.008896,0.989862,0.001241,L,0.989862,0.980966,0.054981,0.011379,0.101936
125,42,00482,lightsnow,971,1,0.007970,0.990939,0.001092,L,0.990939,0.982969,0.050041,0.010153,0.102039
125,42,00482,lightsnow,1153,1,0.000757,0.999132,0.000112,L,0.999132,0.998375,0.006667,0.000980,0.216252
125,42,00482,lightsnow,1064,1,0.006616,0.992532,0.000852,L,0.992532,0.985917,0.042472,0.008319,0.102291
125,42,00482,lightsnow,1150,1,0.000000,0.999999,0.000000,L,0.999999,0.999999,0.000008,0.000001,0.570401
125,42,00482,lightsnow,974,1,0.006513,0.992685,0.000802,L,0.992685,0.986171,0.041683,0.008118,0.088649
125,42,00482,lightsnow,1242,1,0.000050,0.999943,0.000007,L,0.999943,0.999894,0.000575,0.000064,0.369765
125,42,00482,lightsnow,975,1,0.006977,0.992135,0.000888,L,0.992135,0.985158,0.044343,0.008753,0.102770
125,42,00482,lightsnow,1244,1,0.003102,0.996466,0.000432,L,0.996466,0.993364,0.022567,0.003967,0.137777
125,42,00482,lightsnow,1060,1,0.000088,0.999900,0.000012,L,0.999900,0.999811,0.000965,0.000112,0.260087
125,42,00482,lightsnow,1329,1,0.006639,0.992531,0.000830,L,0.992531,0.985891,0.042440,0.008300,0.139371
125,42,00482,lightsnow,1065,1,0.009890,0.988825,0.001286,L,0.988825,0.978935,0.059459,0.012461,0.110542
125,42,00482,lightsnow,1241,1,0.000008,0.999990,0.000001,L,0.999990,0.999982,0.000114,0.000011,0.485783
125,42,00482,lightsnow,969,1,0.010176,0.988530,0.001294,L,0.988530,0.978355,0.060706,0.012764,0.100936
125,42,00482,lightsnow,1332,1,0.004660,0.994730,0.000610,L,0.994730,0.990070,0.031666,0.005880,0.143542
125,42,00482,lightsnow,1331,1,0.000826,0.999065,0.000109,L,0.999065,0.998239,0.007094,0.001044,0.220904
125,42,00482,lightsnow,1154,1,0.004081,0.995354,0.000565,L,0.995354,0.991273,0.028502,0.005211,0.132326
125,42,00482,lightsnow,1149,1,0.001375,0.998423,0.000202,L,0.998423,0.997047,0.011248,0.001780,0.220369
125,42,00482,lightsnow,1238,1,0.005930,0.993340,0.000730,L,0.993340,0.987410,0.038519,0.007390,0.137937
125,42,00482,lightsnow,972,1,0.010459,0.988010,0.001530,L,0.988010,0.977551,0.063293,0.013520,0.110180
125,42,00482,lightsnow,1239,1,0.008204,0.990653,0.001143,L,0.990653,0.982448,0.051386,0.010491,0.169965
125,42,00482,lightsnow,1308,0,0.004551,0.994870,0.000579,L,0.994870,0.990318,0.030927,0.005710,0.081203
125,42,00482,lightsnow,213,0,0.001241,0.998606,0.000153,L,0.998606,0.997365,0.010049,0.001547,0.112560
125,42,00482,lightsnow,1385,0,0.006036,0.993045,0.000919,L,0.993045,0.987008,0.040235,0.007874,0.111877
125,42,00482,lightsnow,205,0,0.001202,0.998663,0.000135,L,0.998663,0.997462,0.009668,0.001472,0.071588
125,42,00482,lightsnow,484,0,0.001665,0.998117,0.000219,L,0.998117,0.996452,0.013084,0.002102,0.095413
125,42,00482,lightsnow,1044,0,0.008588,0.990324,0.001087,L,0.990324,0.981736,0.052708,0.010763,0.125612
125,42,00482,lightsnow,527,0,0.001685,0.998103,0.000212,L,0.998103,0.996419,0.013149,0.002108,0.121626
125,42,00482,lightsnow,449,0,0.000099,0.999889,0.000012,L,0.999889,0.999791,0.001052,0.000123,0.144175
125,42,00482,lightsnow,540,0,0.002624,0.996930,0.000446,L,0.996930,0.994305,0.020120,0.003517,0.169983
125,42,00482,lightsnow,840,0,0.005570,0.993735,0.000695,L,0.993735,0.988166,0.036598,0.006959,0.087427
125,42,00482,lightsnow,422,0,0.005105,0.994237,0.000658,L,0.994237,0.989131,0.034143,0.006421,0.126891
125,42,00482,lightsnow,7,0,0.007779,0.991156,0.001065,L,0.991156,0.983377,0.049036,0.009909,0.121186
125,42,00482,lightsnow,846,0,0.005478,0.993838,0.000684,L,0.993838,0.988359,0.036092,0.006846,0.120231
125,42,00482,lightsnow,628,0,0.001236,0.998618,0.000146,L,0.998618,0.997381,0.009965,0.001528,0.092273
125,42,00482,lightsnow,1050,0,0.005408,0.993906,0.000686,L,0.993906,0.988498,0.035772,0.006779,0.118307
125,42,00482,lightsnow,684,0,0.002374,0.997334,0.000292,L,0.997334,0.994960,0.017647,0.002958,0.146310
125,42,00482,lightsnow,1272,0,0.024597,0.970689,0.004714,L,0.970689,0.946092,0.132225,0.034024,0.203434
125,42,00482,lightsnow,145,0,0.004902,0.994466,0.000633,L,0.994466,0.989564,0.032994,0.006167,0.124065
126,42,00517,lightsnow,691,1,0.008361,0.990225,0.001414,L,0.990225,0.981865,0.053706,0.011188,0.270884
126,42,00517,lightsnow,692,1,0.004157,0.995068,0.000775,L,0.995068,0.990910,0.030280,0.005707,0.259106
126,42,00517,lightsnow,693,1,0.001508,0.998216,0.000276,L,0.998216,0.996709,0.012598,0.002060,0.266313
126,42,00517,lightsnow,694,1,0.002630,0.996888,0.000481,L,0.996888,0.994258,0.020397,0.003593,0.205901
126,42,00517,lightsnow,695,1,0.009226,0.989181,0.001593,L,0.989181,0.979955,0.058488,0.012413,0.182723
126,42,00517,lightsnow,696,1,0.004161,0.995204,0.000635,L,0.995204,0.991043,0.029373,0.005431,0.121570
126,42,00517,lightsnow,697,1,0.004344,0.995068,0.000588,L,0.995068,0.990724,0.029967,0.005521,0.098103
126,42,00517,lightsnow,781,1,0.000909,0.998954,0.000138,L,0.998954,0.998045,0.007859,0.001184,0.308206
126,42,00517,lightsnow,782,1,0.001927,0.997768,0.000304,L,0.997768,0.995841,0.015240,0.002536,0.291108
126,42,00517,lightsnow,783,1,0.000005,0.999995,0.000001,L,0.999995,0.999990,0.000066,0.000006,0.551133
126,42,00517,lightsnow,784,1,0.000000,1.000000,0.000000,L,1.000000,0.999999,0.000005,0.000000,0.637723
126,42,00517,lightsnow,785,1,0.000011,0.999987,0.000002,L,0.999987,0.999975,0.000150,0.000015,0.482436
126,42,00517,lightsnow,786,1,0.002913,0.996624,0.000463,L,0.996624,0.993712,0.021784,0.003839,0.240018
126,42,00517,lightsnow,787,1,0.003650,0.995861,0.000489,L,0.995861,0.992211,0.025798,0.004627,0.133179
126,42,00517,lightsnow,871,1,0.000652,0.999263,0.000085,L,0.999263,0.998611,0.005747,0.000821,0.233642
126,42,00517,lightsnow,872,1,0.000369,0.999575,0.000055,L,0.999575,0.999206,0.003536,0.000480,0.339699
126,42,00517,lightsnow,873,1,0.000000,1.000000,0.000000,L,1.000000,0.999999,0.000005,0.000000,0.697477
126,42,00517,lightsnow,874,1,0.000000,1.000000,0.000000,L,1.000000,1.000000,0.000001,0.000000,0.752503
126,42,00517,lightsnow,875,1,0.000000,1.000000,0.000000,L,1.000000,1.000000,0.000004,0.000000,0.659818
126,42,00517,lightsnow,876,1,0.002126,0.997508,0.000366,L,0.997508,0.995381,0.016812,0.002859,0.323432
126,42,00517,lightsnow,877,1,0.002990,0.996587,0.000423,L,0.996587,0.993597,0.021910,0.003835,0.166708
126,42,00517,lightsnow,961,1,0.025701,0.970968,0.003331,L,0.970968,0.945266,0.128987,0.032363,0.141355
126,42,00517,lightsnow,962,1,0.020017,0.977336,0.002648,L,0.977336,0.957319,0.105957,0.025312,0.157176
126,42,00517,lightsnow,963,1,0.002193,0.997453,0.000354,L,0.997453,0.995260,0.017096,0.002901,0.275681
126,42,00517,lightsnow,964,1,0.000435,0.999492,0.000072,L,0.999492,0.999057,0.004155,0.000580,0.435334
126,42,00517,lightsnow,965,1,0.001276,0.998510,0.000214,L,0.998510,0.997235,0.010738,0.001704,0.364361
126,42,00517,lightsnow,966,1,0.002942,0.996514,0.000544,L,0.996514,0.993572,0.022496,0.004029,0.296795
126,42,00517,lightsnow,967,1,0.004501,0.994880,0.000619,L,0.994880,0.990379,0.030950,0.005739,0.125470
126,42,00517,lightsnow,1051,1,0.014296,0.983804,0.001900,L,0.983804,0.969508,0.080735,0.018096,0.130539
126,42,00517,lightsnow,1052,1,0.030006,0.966158,0.003836,L,0.966158,0.936152,0.145469,0.037678,0.130465
126,42,00517,lightsnow,1053,1,0.014367,0.983607,0.002026,L,0.983607,0.969239,0.081722,0.018420,0.140903
126,42,00517,lightsnow,1054,1,0.008065,0.990825,0.001110,L,0.990825,0.982760,0.050570,0.010284,0.124015
126,42,00517,lightsnow,1055,1,0.004781,0.994595,0.000624,L,0.994595,0.989815,0.032348,0.006028,0.101431
126,42,00517,lightsnow,1056,1,0.004103,0.995359,0.000538,L,0.995359,0.991257,0.028425,0.005178,0.101450
126,42,00517,lightsnow,1057,1,0.004928,0.994511,0.000560,L,0.994511,0.989583,0.032633,0.006049,0.072022
126,42,00517,lightsnow,657,0,0.007048,0.991987,0.000964,L,0.991987,0.984939,0.045149,0.008977,0.072375
126,42,00517,lightsnow,860,0,0.003601,0.995958,0.000442,L,0.995958,0.992357,0.025220,0.004484,0.143182
126,42,00517,lightsnow,1131,0,0.006673,0.992428,0.000899,L,0.992428,0.985755,0.043036,0.008471,0.115630
126,42,00517,lightsnow,795,0,0.001914,0.997808,0.000278,L,0.997808,0.995894,0.014966,0.002469,0.131904
126,42,00517,lightsnow,956,0,0.008970,0.989932,0.001098,L,0.989932,0.980962,0.054415,0.011166,0.092600
126,42,00517,lightsnow,1,0,0.012025,0.986479,0.001496,L,0.986479,0.974454,0.069470,0.015017,0.128617
126,42,00517,lightsnow,968,0,0.006006,0.993286,0.000708,L,0.993286,0.987280,0.038730,0.007423,0.076426
126,42,00517,lightsnow,283,0,0.003047,0.996579,0.000373,L,0.996579,0.993532,0.021861,0.003794,0.065860
126,42,00517,lightsnow,441,0,0.002135,0.997597,0.000267,L,0.997597,0.995462,0.016138,0.002670,0.084607
126,42,00517,lightsnow,604,0,0.004168,0.995164,0.000669,L,0.995164,0.990996,0.029630,0.005505,0.138776
126,42,00517,lightsnow,346,0,0.000627,0.999309,0.000064,L,0.999309,0.998682,0.005401,0.000755,0.095073
126,42,00517,lightsnow,733,0,0.005091,0.994248,0.000661,L,0.994248,0.989157,0.034094,0.006412,0.058498
126,42,00517,lightsnow,658,0,0.006713,0.992354,0.000933,L,0.992354,0.985641,0.043434,0.008579,0.078001
126,42,00517,lightsnow,632,0,0.002542,0.996999,0.000459,L,0.996999,0.994456,0.019766,0.003461,0.169959
126,42,00517,lightsnow,777,0,0.005023,0.994339,0.000638,L,0.994339,0.989316,0.033612,0.006298,0.108679
126,42,00517,lightsnow,1316,0,0.004855,0.994538,0.000607,L,0.994538,0.989683,0.032596,0.006069,0.084832
126,42,00517,lightsnow,271,0,0.006912,0.992008,0.001079,L,0.992008,0.985096,0.045255,0.009071,0.139827
126,42,00517,lightsnow,1072,0,0.008697,0.990315,0.000988,L,0.990315,0.981618,0.052557,0.010673,0.091809
127,42,00552,lightsnow,593,1,0.002394,0.997298,0.000308,L,0.997298,0.994904,0.017875,0.003010,0.120059
127,42,00552,lightsnow,594,1,0.004277,0.995130,0.000593,L,0.995130,0.990853,0.029667,0.005463,0.132045
127,42,00552,lightsnow,595,1,0.002200,0.997468,0.000331,L,0.997468,0.995268,0.016974,0.002863,0.218425
127,42,00552,lightsnow,596,1,0.002612,0.996984,0.000404,L,0.996984,0.994372,0.019754,0.003420,0.309568
127,42,00552,lightsnow,597,1,0.005545,0.993542,0.000912,L,0.993542,0.987997,0.037892,0.007370,0.271487
127,42,00552,lightsnow,598,1,0.005391,0.993710,0.000900,L,0.993710,0.988319,0.037080,0.007190,0.208491
127,42,00552,lightsnow,599,1,0.003052,0.996541,0.000406,L,0.996541,0.993489,0.022122,0.003865,0.117488
127,42,00552,lightsnow,600,1,0.002926,0.996715,0.000359,L,0.996715,0.993789,0.021116,0.003644,0.094067
127,42,00552,lightsnow,683,1,0.000126,0.999859,0.000015,L,0.999859,0.999733,0.001310,0.000156,0.208334
127,42,00552,lightsnow,684,1,0.002400,0.997259,0.000340,L,0.997259,0.994859,0.018145,0.003081,0.224608
127,42,00552,lightsnow,685,1,0.000031,0.999964,0.000005,L,0.999964,0.999933,0.000377,0.000040,0.504909
127,42,00552,lightsnow,686,1,0.000001,0.999999,0.000000,L,0.999999,0.999999,0.000010,0.000001,0.667454
127,42,00552,lightsnow,687,1,0.000001,0.999999,0.000000,L,0.999999,0.999999,0.000010,0.000001,0.673160
127,42,00552,lightsnow,688,1,0.000694,0.999183,0.000123,L,0.999183,0.998490,0.006343,0.000940,0.449609
127,42,00552,lightsnow,689,1,0.003524,0.995862,0.000615,L,0.995862,0.992338,0.026011,0.004753,0.302009
127,42,00552,lightsnow,690,1,0.003477,0.996079,0.000445,L,0.996079,0.992602,0.024603,0.004366,0.124626
127,42,00552,lightsnow,773,1,0.000588,0.999345,0.000068,L,0.999345,0.998757,0.005166,0.000723,0.161264
127,42,00552,lightsnow,774,1,0.002835,0.996759,0.000407,L,0.996759,0.993924,0.020972,0.003648,0.200661
127,42,00552,lightsnow,775,1,0.000009,0.999989,0.000001,L,0.999989,0.999980,0.000127,0.000012,0.585501
127,42,00552,lightsnow,776,1,0.000000,1.000000,0.000000,L,1.000000,0.999999,0.000007,0.000001,0.819452
127,42,00552,lightsnow,777,1,0.000000,1.000000,0.000000,L,1.000000,0.999999,0.000005,0.000000,0.826748
127,42,00552,lightsnow,778,1,0.000047,0.999945,0.000008,L,0.999945,0.999898,0.000563,0.000064,0.532671
127,42,00552,lightsnow,779,1,0.003291,0.996134,0.000575,L,0.996134,0.992843,0.024544,0.004442,0.289936
127,42,00552,lightsnow,780,1,0.003190,0.996379,0.000431,L,0.996379,0.993189,0.023022,0.004053,0.154800
127,42,00552,lightsnow,863,1,0.025704,0.971025,0.003271,L,0.971025,0.945321,0.128684,0.032245,0.126074
127,42,00552,lightsnow,864,1,0.035377,0.960179,0.004444,L,0.960179,0.924802,0.165034,0.044266,0.135621
127,42,00552,lightsnow,865,1,0.003419,0.996103,0.000478,L,0.996103,0.992684,0.024540,0.004375,0.150499
127,42,00552,lightsnow,866,1,0.000903,0.998969,0.000127,L,0.998969,0.998066,0.007741,0.001158,0.223711
127,42,00552,lightsnow,867,1,0.001598,0.998161,0.000240,L,0.998161,0.996563,0.012864,0.002079,0.208157
127,42,00552,lightsnow,868,1,0.004320,0.995032,0.000648,L,0.995032,0.990712,0.030251,0.005616,0.145874
127,42,00552,lightsnow,869,1,0.004109,0.995284,0.000607,L,0.995284,0.991176,0.028923,0.005322,0.140137
127,42,00552,lightsnow,870,1,0.003926,0.995581,0.000494,L,0.995581,0.991655,0.027232,0.004913,0.104028
127,42,00552,lightsnow,725,0,0.002924,0.996586,0.000489,L,0.996586,0.993662,0.022027,0.003903,0.119306
127,42,00552,lightsnow,498,0,0.001674,0.998103,0.000223,L,0.998103,0.996429,0.013169,0.002119,0.114862
127,42,00552,lightsnow,955,0,0.040630,0.954387,0.004982,L,0.954387,0.913757,0.183068,0.050595,0.107731
127,42,00552,lightsnow,1437,0,0.004381,0.995068,0.000552,L,0.995068,0.990687,0.029900,0.005484,0.082907
127,42,00552,lightsnow,1349,0,0.004202,0.994991,0.000807,L,0.994991,0.990789,0.030708,0.005815,0.161095
127,42,00552,lightsnow,151,0,0.003355,0.996262,0.000383,L,0.996262,0.992907,0.023535,0.004120,0.102655
127,42,00552,lightsnow,46,0,0.001497,0.998327,0.000176,L,0.998327,0.996830,0.011767,0.001848,0.109894
127,42,00552,lightsnow,840,0,0.004194,0.995199,0.000607,L,0.995199,0.991006,0.029348,0.005408,0.093019
127,42,00552,lightsnow,631,0,0.002429,0.997100,0.000471,L,0.997100,0.994670,0.019232,0.003371,0.223752
127,42,00552,lightsnow,1052,0,0.008217,0.990714,0.001069,L,0.990714,0.982497,0.050981,0.010354,0.104522
127,42,00552,lightsnow,1040,0,0.004668,0.994752,0.000580,L,0.994752,0.990083,0.031506,0.005829,0.105347
127,42,00552,lightsnow,1385,0,0.004313,0.994905,0.000782,L,0.994905,0.990593,0.031097,0.005877,0.177853
127,42,00552,lightsnow,938,0,0.008423,0.990586,0.000991,L,0.990586,0.982163,0.051389,0.010404,0.073099
127,42,00552,lightsnow,386,0,0.002857,0.996808,0.000334,L,0.996808,0.993951,0.020572,0.003526,0.064860
127,42,00552,lightsnow,217,0,0.003853,0.995703,0.000444,L,0.995703,0.991850,0.026520,0.004741,0.097462
127,42,00552,lightsnow,1228,0,0.002055,0.997703,0.000241,L,0.997703,0.995648,0.015495,0.002538,0.083070
127,42,00552,lightsnow,1232,0,0.005569,0.993740,0.000691,L,0.993740,0.988171,0.036568,0.006951,0.081724
127,42,00552,lightsnow,342,0,0.007391,0.991810,0.000800,L,0.991810,0.984419,0.045629,0.008990,0.080471
128,42,00587,lightsnow,317,1,0.002622,0.996987,0.000391,L,0.996987,0.994365,0.019717,0.003404,0.181288
128,42,00587,lightsnow,318,1,0.004944,0.994204,0.000852,L,0.994204,0.989261,0.034635,0.006648,0.233054
128,42,00587,lightsnow,319,1,0.002441,0.997150,0.000409,L,0.997150,0.994710,0.018858,0.003258,0.290983
128,42,00587,lightsnow,320,1,0.003904,0.995449,0.000647,L,0.995449,0.991545,0.028164,0.005198,0.309294
128,42,00587,lightsnow,321,1,0.006067,0.992961,0.000972,L,0.992961,0.986894,0.040713,0.008011,0.317189
128,42,00587,lightsnow,322,1,0.003391,0.996003,0.000606,L,0.996003,0.992612,0.025271,0.004603,0.275961
128,42,00587,lightsnow,323,1,0.002062,0.997576,0.000361,L,0.997576,0.995514,0.016419,0.002785,0.231693
128,42,00587,lightsnow,407,1,0.000357,0.999590,0.000053,L,0.999590,0.999233,0.003424,0.000462,0.289715
128,42,00587,lightsnow,408,1,0.003724,0.995700,0.000576,L,0.995700,0.991977,0.026773,0.004876,0.289288
128,42,00587,lightsnow,409,1,0.000062,0.999929,0.000009,L,0.999929,0.999867,0.000708,0.000080,0.475656
128,42,00587,lightsnow,410,1,0.000001,0.999998,0.000000,L,0.999998,0.999997,0.000022,0.000002,0.627707
128,42,00587,lightsnow,411,1,0.000004,0.999995,0.000001,L,0.999995,0.999991,0.000061,0.000006,0.599645
128,42,00587,lightsnow,412,1,0.002839,0.996722,0.000439,L,0.996722,0.993883,0.021223,0.003717,0.345861
128,42,00587,lightsnow,413,1,0.002611,0.996939,0.000450,L,0.996939,0.994327,0.020076,0.003511,0.236106
128,42,00587,lightsnow,497,1,0.000477,0.999461,0.000062,L,0.999461,0.998984,0.004358,0.000601,0.201391
128,42,00587,lightsnow,498,1,0.000751,0.999142,0.000107,L,0.999142,0.998391,0.006590,0.000965,0.258308
128,42,00587,lightsnow,499,1,0.000001,0.999998,0.000000,L,0.999998,0.999997,0.000020,0.000002,0.657091
128,42,00587,lightsnow,500,1,0.000000,1.000000,0.000000,L,1.000000,1.000000,0.000004,0.000000,0.826135
128,42,00587,lightsnow,501,1,0.000000,1.000000,0.000000,L,1.000000,1.000000,0.000003,0.000000,0.769801
128,42,00587,lightsnow,502,1,0.000068,0.999921,0.000011,L,0.999921,0.999853,0.000780,0.000090,0.479916
128,42,00587,lightsnow,503,1,0.002416,0.997226,0.000358,L,0.997226,0.994810,0.018358,0.003132,0.168028
128,42,00587,lightsnow,587,1,0.011280,0.987246,0.001474,L,0.987246,0.975966,0.066327,0.014227,0.129439
128,42,00587,lightsnow,588,1,0.016739,0.981024,0.002238,L,0.981024,0.964285,0.091854,0.021214,0.134475
128,42,00587,lightsnow,589,1,0.000123,0.999859,0.000018,L,0.999859,0.999736,0.001313,0.000159,0.329358
128,42,00587,lightsnow,590,1,0.000023,0.999973,0.000003,L,0.999973,0.999950,0.000288,0.000030,0.464490
128,42,00587,lightsnow,591,1,0.000153,0.999822,0.000024,L,0.999822,0.999669,0.001622,0.000202,0.402379
128,42,00587,lightsnow,592,1,0.002173,0.997491,0.000337,L,0.997491,0.995318,0.016857,0.002846,0.184213
128,42,00587,lightsnow,593,1,0.002047,0.997663,0.000290,L,0.997663,0.995616,0.015810,0.002627,0.128650
128,42,00587,lightsnow,677,1,0.011733,0.986743,0.001524,L,0.986743,0.975010,0.068460,0.014781,0.115462
128,42,00587,lightsnow,678,1,0.027039,0.969517,0.003444,L,0.969517,0.942479,0.133957,0.033926,0.120340
128,42,00587,lightsnow,679,1,0.011727,0.986716,0.001557,L,0.986716,0.974989,0.068630,0.014841,0.113198
128,42,00587,lightsnow,680,1,0.003089,0.996499,0.000413,L,0.996499,0.993410,0.022359,0.003914,0.112277
128,42,00587,lightsnow,681,1,0.002897,0.996725,0.000378,L,0.996725,0.993829,0.021095,0.003652,0.102346
128,42,00587,lightsnow,682,1,0.002120,0.997594,0.000286,L,0.997594,0.995474,0.016191,0.002692,0.114070
128,42,00587,lightsnow,683,1,0.001895,0.997870,0.000235,L,0.997870,0.995975,0.014537,0.002365,0.090476
128,42,00587,lightsnow,363,0,0.017633,0.979880,0.002487,L,0.979880,0.962247,0.096516,0.022608,0.104067
128,42,00587,lightsnow,1065,0,0.006215,0.993000,0.000786,L,0.993000,0.986785,0.040203,0.007786,0.118347
128,42,00587,lightsnow,1432,0,0.005473,0.993817,0.000711,L,0.993817,0.988344,0.036243,0.006894,0.112137
128,42,00587,lightsnow,806,0,0.001835,0.997940,0.000225,L,0.997940,0.996106,0.014115,0.002284,0.149080
128,42,00587,lightsnow,1348,0,0.003499,0.996057,0.000443,L,0.996057,0.992558,0.024711,0.004386,0.115036
128,42,00587,lightsnow,822,0,0.022324,0.974433,0.003244,L,0.974433,0.952109,0.117152,0.028811,0.087635
128,42,00587,lightsnow,648,0,0.004648,0.994663,0.000690,L,0.994663,0.990015,0.032139,0.006027,0.064902
128,42,00587,lightsnow,985,0,0.007541,0.991518,0.000941,L,0.991518,0.983976,0.047205,0.009423,0.131993
128,42,00587,lightsnow,1100,0,0.006715,0.992146,0.001140,L,0.992146,0.985431,0.044733,0.008994,0.147758
128,42,00587,lightsnow,915,0,0.011213,0.987405,0.001383,L,0.987405,0.976192,0.065511,0.013978,0.097705
128,42,00587,lightsnow,773,0,0.001793,0.997963,0.000243,L,0.997963,0.996170,0.014017,0.002280,0.121446
128,42,00587,lightsnow,958,0,0.007073,0.991964,0.000962,L,0.991964,0.984891,0.045248,0.008998,0.106359
128,42,00587,lightsnow,538,0,0.001129,0.998735,0.000136,L,0.998735,0.997606,0.009224,0.001400,0.141347
128,42,00587,lightsnow,187,0,0.005109,0.994182,0.000710,L,0.994182,0.989073,0.034502,0.006528,0.127881
128,42,00587,lightsnow,1052,0,0.008334,0.990475,0.001191,L,0.990475,0.982141,0.052243,0.010715,0.154619
128,42,00587,lightsnow,1134,0,0.006019,0.992982,0.000999,L,0.992982,0.986963,0.040662,0.008018,0.154576
128,42,00587,lightsnow,1276,0,0.005120,0.993962,0.000918,L,0.993962,0.988841,0.035907,0.006957,0.138704
128,42,00587,lightsnow,1250,0,0.005222,0.994163,0.000614,L,0.994163,0.988941,0.034411,0.006451,0.087036
129,43,00169,lightsnow,757,1,0.002582,0.997024,0.000395,L,0.997024,0.994442,0.019524,0.003371,0.149836
129,43,00169,lightsnow,758,1,0.002712,0.996786,0.000502,L,0.996786,0.994074,0.020982,0.003716,0.208347
129,43,00169,lightsnow,846,1,0.001333,0.998467,0.000200,L,0.998467,0.997135,0.010976,0.001733,0.168175
129,43,00169,lightsnow,847,1,0.000694,0.999186,0.000120,L,0.999186,0.998491,0.006322,0.000934,0.381572
129,43,00169,lightsnow,848,1,0.000639,0.999246,0.000114,L,0.999246,0.998607,0.005910,0.000868,0.402467
129,43,00169,lightsnow,849,1,0.000614,0.999317,0.000069,L,0.999317,0.998703,0.005359,0.000752,0.569435
129,43,00169,lightsnow,850,1,0.000907,0.998993,0.000100,L,0.998993,0.998086,0.007537,0.001106,0.576645
129,43,00169,lightsnow,936,1,0.001614,0.998142,0.000244,L,0.998142,0.996528,0.012981,0.002101,0.178044
129,43,00169,lightsnow,937,1,0.000522,0.999384,0.000094,L,0.999384,0.998862,0.004944,0.000710,0.382679
129,43,00169,lightsnow,938,1,0.000017,0.999981,0.000003,L,0.999981,0.999964,0.000217,0.000022,0.568637
129,43,00169,lightsnow,939,1,0.000034,0.999960,0.000005,L,0.999960,0.999926,0.000417,0.000045,0.594175
129,43,00169,lightsnow,940,1,0.000373,0.999564,0.000063,L,0.999564,0.999191,0.003629,0.000498,0.484774
129,43,00169,lightsnow,1026,1,0.001968,0.997735,0.000298,L,0.997735,0.995767,0.015419,0.002563,0.184548
129,43,00169,lightsnow,1027,1,0.000014,0.999984,0.000002,L,0.999984,0.999970,0.000182,0.000018,0.472619
129,43,00169,lightsnow,1028,1,0.000001,0.999999,0.000000,L,0.999999,0.999998,0.000014,0.000001,0.602135
129,43,00169,lightsnow,1029,1,0.000002,0.999998,0.000000,L,0.999998,0.999996,0.000027,0.000002,0.572854
129,43,00169,lightsnow,1030,1,0.000031,0.999962,0.000007,L,0.999962,0.999931,0.000399,0.000044,0.499916
129,43,00169,lightsnow,1116,1,0.001883,0.997862,0.000255,L,0.997862,0.995980,0.014619,0.002393,0.176247
129,43,00169,lightsnow,1117,1,0.000000,0.999999,0.000000,L,0.999999,0.999999,0.000008,0.000001,0.491288
129,43,00169,lightsnow,1118,1,0.000058,0.999933,0.000009,L,0.999933,0.999875,0.000669,0.000075,0.361517
129,43,00169,lightsnow,1119,1,0.000131,0.999848,0.000021,L,0.999848,0.999717,0.001409,0.000173,0.280132
129,43,00169,lightsnow,1205,1,0.000164,0.999813,0.000023,L,0.999813,0.999649,0.001696,0.000210,0.257028
129,43,00169,lightsnow,1206,1,0.000498,0.999426,0.000076,L,0.999426,0.998928,0.004625,0.000650,0.261081
129,43,00169,lightsnow,1207,1,0.000000,1.000000,0.000000,L,1.000000,1.000000,0.000004,0.000000,0.564535
129,43,00169,lightsnow,1208,1,0.000001,0.999999,0.000000,L,0.999999,0.999998,0.000015,0.000001,0.470163
129,43,00169,lightsnow,1209,1,0.000045,0.999948,0.000008,L,0.999948,0.999903,0.000535,0.000060,0.375166
129,43,00169,lightsnow,1295,1,0.003257,0.996248,0.000495,L,0.996248,0.992990,0.023817,0.004247,0.212626
129,43,00169,lightsnow,1296,1,0.001501,0.998260,0.000240,L,0.998260,0.996759,0.012283,0.001980,0.257829
129,43,00169,lightsnow,1297,1,0.000011,0.999987,0.000002,L,0.999987,0.999977,0.000145,0.000014,0.453071
129,43,00169,lightsnow,1298,1,0.000006,0.999993,0.000001,L,0.999993,0.999987,0.000086,0.000008,0.477484
129,43,00169,lightsnow,1299,1,0.000086,0.999900,0.000014,L,0.999900,0.999814,0.000968,0.000115,0.351569
129,43,00169,lightsnow,1386,1,0.005054,0.994129,0.000817,L,0.994129,0.989074,0.034942,0.006688,0.230592
129,43,00169,lightsnow,1387,1,0.001571,0.998164,0.000266,L,0.998164,0.996593,0.012891,0.002102,0.263046
129,43,00169,lightsnow,1388,1,0.000435,0.999483,0.000083,L,0.999483,0.999048,0.004240,0.000600,0.311331
129,43,00169,lightsnow,1389,1,0.007516,0.991102,0.001382,L,0.991102,0.983586,0.049805,0.010280,0.197030
129,43,00169,lightsnow,12,0,0.004699,0.994661,0.000641,L,0.994661,0.989962,0.032061,0.005980,0.132703
129,43,00169,lightsnow,630,0,0.041805,0.950737,0.007459,L,0.950737,0.908932,0.197781,0.056722,0.162764
129,43,00169,lightsnow,1121,0,0.003021,0.996489,0.000490,L,0.996489,0.993468,0.022547,0.004002,0.128081
129,43,00169,lightsnow,399,0,0.004575,0.994865,0.000560,L,0.994865,0.990289,0.030915,0.005695,0.122948
129,43,00169,lightsnow,62,0,0.001478,0.998334,0.000188,L,0.998334,0.996856,0.011750,0.001854,0.125955
129,43,00169,lightsnow,532,0,0.001605,0.998232,0.000163,L,0.998232,0.996627,0.012302,0.001931,0.076082
129,43,00169,lightsnow,64,0,0.001478,0.998335,0.000188,L,0.998335,0.996857,0.011746,0.001853,0.125972
129,43,00169,lightsnow,1112,0,0.004846,0.994472,0.000682,L,0.994472,0.989625,0.033056,0.006211,0.111842
129,43,00169,lightsnow,966,0,0.007926,0.991076,0.000999,L,0.991076,0.983150,0.049269,0.009923,0.129052
129,43,00169,lightsnow,297,0,0.001329,0.998516,0.000155,L,0.998516,0.997187,0.010599,0.001639,0.084222
129,43,00169,lightsnow,1343,0,0.004605,0.994858,0.000537,L,0.994858,0.990252,0.030904,0.005679,0.080840
129,43,00169,lightsnow,1084,0,0.004858,0.994520,0.000621,L,0.994520,0.989662,0.032706,0.006101,0.061618
129,43,00169,lightsnow,859,0,0.006013,0.993328,0.000659,L,0.993328,0.987315,0.038434,0.007330,0.088099
129,43,00169,lightsnow,1210,0,0.002916,0.996520,0.000564,L,0.996520,0.993604,0.022497,0.004044,0.180727
129,43,00169,lightsnow,1354,0,0.005423,0.993590,0.000987,L,0.993590,0.988167,0.037789,0.007398,0.138910
129,43,00169,lightsnow,36,0,0.001475,0.998337,0.000188,L,0.998337,0.996863,0.011731,0.001851,0.124522
129,43,00169,lightsnow,1143,0,0.006694,0.992500,0.000806,L,0.992500,0.985806,0.042534,0.008306,0.114129
129,43,00169,lightsnow,1019,0,0.011158,0.987382,0.001460,L,0.987382,0.976224,0.065750,0.014078,0.080296
130,43,00204,lightsnow,697,1,0.002709,0.996817,0.000474,L,0.996817,0.994108,0.020772,0.003658,0.177213
130,43,00204,lightsnow,318,1,0.000022,0.999975,0.000003,L,0.999975,0.999953,0.000276,0.000029,0.454589
130,43,00204,lightsnow,231,1,0.004825,0.994486,0.000689,L,0.994486,0.989661,0.032998,0.006203,0.161918
130,43,00204,lightsnow,499,1,0.000233,0.999725,0.000042,L,0.999725,0.999493,0.002407,0.000317,0.469249
130,43,00204,lightsnow,140,1,0.004877,0.994522,0.000601,L,0.994522,0.989645,0.032659,0.006078,0.103994
130,43,00204,lightsnow,320,1,0.000002,0.999998,0.000000,L,0.999998,0.999996,0.000031,0.000003,0.589432
130,43,00204,lightsnow,412,1,0.002288,0.997289,0.000423,L,0.997289,0.995001,0.018119,0.003134,0.258084
130,43,00204,lightsnow,608,1,0.002927,0.996613,0.000461,L,0.996613,0.993686,0.021841,0.003848,0.130634
130,43,00204,lightsnow,604,1,0.000046,0.999948,0.000006,L,0.999948,0.999902,0.000528,0.000057,0.234142
130,43,00204,lightsnow,606,1,0.006961,0.991583,0.001456,L,0.991583,0.984622,0.047760,0.009873,0.273933
130,43,00204,lightsnow,406,1,0.000905,0.998958,0.000137,L,0.998958,0.998053,0.007832,0.001180,0.251176
130,43,00204,lightsnow,877,1,0.002263,0.997454,0.000283,L,0.997454,0.995191,0.016967,0.002830,0.083830
130,43,00204,lightsnow,497,1,0.009656,0.988750,0.001593,L,0.988750,0.979094,0.060310,0.012843,0.227779
130,43,00204,lightsnow,694,1,0.000000,1.000000,0.000000,L,1.000000,1.000000,0.000002,0.000000,0.596182
130,43,00204,lightsnow,782,1,0.009800,0.989011,0.001188,L,0.989011,0.979211,0.058494,0.012177,0.125977
130,43,00204,lightsnow,781,1,0.001565,0.998235,0.000200,L,0.998235,0.996670,0.012361,0.001966,0.142155
130,43,00204,lightsnow,602,1,0.003322,0.996260,0.000418,L,0.996260,0.992938,0.023614,0.004157,0.125783
130,43,00204,lightsnow,410,1,0.000002,0.999997,0.000000,L,0.999997,0.999995,0.000033,0.000003,0.617260
130,43,00204,lightsnow,587,1,0.019861,0.977114,0.003025,L,0.977114,0.957253,0.107413,0.025911,0.169739
130,43,00204,lightsnow,141,1,0.002324,0.997399,0.000277,L,0.997399,0.995075,0.017260,0.002878,0.105963
130,43,00204,lightsnow,227,1,0.005771,0.993459,0.000770,L,0.993459,0.987688,0.038039,0.007311,0.136747
130,43,00204,lightsnow,228,1,0.000888,0.998991,0.000120,L,0.998991,0.998103,0.007588,0.001129,0.138283
130,43,00204,lightsnow,230,1,0.001206,0.998613,0.000181,L,0.998613,0.997408,0.010055,0.001567,0.182998
130,43,00204,lightsnow,605,1,0.000121,0.999861,0.000018,L,0.999861,0.999739,0.001299,0.000157,0.233038
130,43,00204,lightsnow,232,1,0.001359,0.998475,0.000166,L,0.998475,0.997116,0.010867,0.001691,0.148608
130,43,00204,lightsnow,407,1,0.003490,0.995947,0.000563,L,0.995947,0.992457,0.025489,0.004616,0.274668
130,43,00204,lightsnow,783,1,0.000142,0.999842,0.000016,L,0.999842,0.999699,0.001450,0.000174,0.173007
130,43,00204,lightsnow,322,1,0.002129,0.997575,0.000297,L,0.997575,0.995446,0.016320,0.002722,0.186146
130,43,00204,lightsnow,319,1,0.000001,0.999999,0.000000,L,0.999999,0.999998,0.000014,0.000001,0.577159
130,43,00204,lightsnow,692,1,0.002283,0.997471,0.000246,L,0.997471,0.995189,0.016798,0.002775,0.121513
130,43,00204,lightsnow,514,1,0.003602,0.995890,0.000509,L,0.995890,0.992288,0.025690,0.004619,0.121629
130,43,00204,lightsnow,321,1,0.000985,0.998849,0.000167,L,0.998849,0.997864,0.008571,0.001318,0.365206
130,43,00204,lightsnow,229,1,0.000464,0.999471,0.000065,L,0.999471,0.999007,0.004294,0.000594,0.169080
130,43,00204,lightsnow,876,1,0.000881,0.999009,0.000110,L,0.999009,0.998129,0.007454,0.001101,0.097561
130,43,00204,lightsnow,878,1,0.002144,0.997592,0.000264,L,0.997592,0.995448,0.016163,0.002672,0.080070
130,43,00204,lightsnow,871,1,0.011341,0.987133,0.001526,L,0.987133,0.975791,0.066887,0.014394,0.123551
130,43,00204,lightsnow,6,0,0.012770,0.985444,0.001786,L,0.985444,0.972673,0.074129,0.016343,0.146701
130,43,00204,lightsnow,131,0,0.002581,0.997088,0.000331,L,0.997088,0.994507,0.019059,0.003242,0.118485
130,43,00204,lightsnow,567,0,0.001965,0.997796,0.000239,L,0.997796,0.995831,0.014968,0.002444,0.108810
130,43,00204,lightsnow,829,0,0.003965,0.995542,0.000493,L,0.995542,0.991577,0.027425,0.004951,0.093572
130,43,00204,lightsnow,308,0,0.001359,0.998482,0.000159,L,0.998482,0.997122,0.010814,0.001677,0.115091
130,43,00204,lightsnow,476,0,0.001609,0.998211,0.000181,L,0.998211,0.996602,0.012463,0.001970,0.091757
130,43,00204,lightsnow,285,0,0.002687,0.996952,0.000361,L,0.996952,0.994264,0.019855,0.003409,0.091412
130,43,00204,lightsnow,479,0,0.001603,0.998195,0.000202,L,0.998195,0.996591,0.012597,0.002007,0.123439
130,43,00204,lightsnow,1171,0,0.004151,0.995274,0.000575,L,0.995274,0.991123,0.028919,0.005301,0.097793
130,43,00204,lightsnow,1367,0,0.005551,0.993709,0.000740,L,0.993709,0.988158,0.036806,0.007031,0.096837
130,43,00204,lightsnow,3,0,0.012163,0.986038,0.001799,L,0.986038,0.973875,0.071787,0.015761,0.152171
130,43,00204,lightsnow,86,0,0.001498,0.998312,0.000190,L,0.998312,0.996813,0.011888,0.001879,0.126223
130,43,00204,lightsnow,109,0,0.001663,0.998138,0.000199,L,0.998138,0.996475,0.012924,0.002061,0.082629
130,43,00204,lightsnow,1158,0,0.006600,0.992576,0.000825,L,0.992576,0.985976,0.042223,0.008249,0.084429
130,43,00204,lightsnow,1414,0,0.006745,0.991952,0.001303,L,0.991952,0.985207,0.045866,0.009351,0.260894
130,43,00204,lightsnow,300,0,0.001359,0.998472,0.000170,L,0.998472,0.997113,0.010895,0.001698,0.131558
130,43,00204,lightsnow,1428,0,0.002002,0.997767,0.000231,L,0.997767,0.995765,0.015115,0.002464,0.100714
130,43,00204,lightsnow,199,0,0.001180,0.998678,0.000142,L,0.998678,0.997498,0.009591,0.001464,0.067801
131,43,00239,lightsnow,513,1,0.004626,0.994808,0.000566,L,0.994808,0.990182,0.031205,0.005758,0.084563
131,43,00239,lightsnow,514,1,0.004688,0.994744,0.000568,L,0.994744,0.990056,0.031522,0.005825,0.073719
131,43,00239,lightsnow,515,1,0.003329,0.996269,0.000403,L,0.996269,0.992940,0.023542,0.004134,0.076484
131,43,00239,lightsnow,601,1,0.001682,0.998111,0.000206,L,0.998111,0.996429,0.013092,0.002095,0.093491
131,43,00239,lightsnow,602,1,0.001746,0.997999,0.000256,L,0.997999,0.996253,0.013837,0.002257,0.145331
131,43,00239,lightsnow,603,1,0.002228,0.997450,0.000322,L,0.997450,0.995222,0.017059,0.002872,0.120451
131,43,00239,lightsnow,604,1,0.005331,0.993778,0.000891,L,0.993778,0.988447,0.036740,0.007113,0.158770
131,43,00239,lightsnow,605,1,0.003300,0.996176,0.000523,L,0.996176,0.992876,0.024237,0.004347,0.139310
131,43,00239,lightsnow,606,1,0.003286,0.996221,0.000492,L,0.996221,0.992935,0.023951,0.004271,0.122658
131,43,00239,lightsnow,689,1,0.000436,0.999506,0.000058,L,0.999506,0.999070,0.004033,0.000551,0.165218
131,43,00239,lightsnow,690,1,0.003032,0.996601,0.000367,L,0.996601,0.993569,0.021735,0.003766,0.124764
131,43,00239,lightsnow,691,1,0.002708,0.996924,0.000367,L,0.996924,0.994215,0.020015,0.003443,0.145930
131,43,00239,lightsnow,692,1,0.000038,0.999954,0.000008,L,0.999954,0.999916,0.000475,0.000053,0.514364
131,43,00239,lightsnow,693,1,0.000007,0.999992,0.000001,L,0.999992,0.999986,0.000095,0.000009,0.600505
131,43,00239,lightsnow,694,1,0.001747,0.997938,0.000316,L,0.997938,0.996191,0.014287,0.002378,0.395893
131,43,00239,lightsnow,695,1,0.002386,0.997127,0.000487,L,0.997127,0.994741,0.019107,0.003360,0.354939
131,43,00239,lightsnow,696,1,0.002879,0.996592,0.000529,L,0.996592,0.993713,0.022061,0.003937,0.217155
131,43,00239,lightsnow,779,1,0.000045,0.999950,0.000005,L,0.999950,0.999905,0.000515,0.000056,0.328588
131,43,00239,lightsnow,780,1,0.000665,0.999239,0.000097,L,0.999239,0.998574,0.005931,0.000858,0.272693
131,43,00239,lightsnow,781,1,0.000055,0.999936,0.000009,L,0.999936,0.999881,0.000646,0.000073,0.448833
131,43,00239,lightsnow,782,1,0.000000,1.000000,0.000000,L,1.000000,1.000000,0.000003,0.000000,0.807161
131,43,00239,lightsnow,783,1,0.000000,1.000000,0.000000,L,1.000000,1.000000,0.000002,0.000000,0.910341
131,43,00239,lightsnow,784,1,0.000002,0.999997,0.000000,L,0.999997,0.999995,0.000033,0.000003,0.681118
131,43,00239,lightsnow,785,1,0.002113,0.997496,0.000391,L,0.997496,0.995383,0.016916,0.002895,0.447668
131,43,00239,lightsnow,786,1,0.002418,0.997105,0.000476,L,0.997105,0.994687,0.019209,0.003371,0.250133
131,43,00239,lightsnow,870,1,0.007463,0.991413,0.001124,L,0.991413,0.983949,0.048004,0.009712,0.238653
131,43,00239,lightsnow,871,1,0.001135,0.998679,0.000186,L,0.998679,0.997544,0.009664,0.001508,0.345721
131,43,00239,lightsnow,872,1,0.000062,0.999925,0.000012,L,0.999925,0.999863,0.000746,0.000087,0.525679
131,43,00239,lightsnow,873,1,0.000011,0.999987,0.000002,L,0.999987,0.999975,0.000156,0.000016,0.599266
131,43,00239,lightsnow,874,1,0.000134,0.999841,0.000026,L,0.999841,0.999707,0.001477,0.000185,0.527735
131,43,00239,lightsnow,875,1,0.001968,0.997602,0.000430,L,0.997602,0.995633,0.016379,0.002829,0.306468
131,43,00239,lightsnow,960,1,0.033307,0.962395,0.004298,L,0.962395,0.929088,0.158038,0.041904,0.162447
131,43,00239,lightsnow,961,1,0.021975,0.974548,0.003477,L,0.974548,0.952573,0.117157,0.028930,0.214263
131,43,00239,lightsnow,962,1,0.004609,0.994697,0.000693,L,0.994697,0.990088,0.031975,0.005996,0.170082
131,43,00239,lightsnow,963,1,0.003818,0.995539,0.000643,L,0.995539,0.991721,0.027704,0.005104,0.197279
131,43,00239,lightsnow,1050,1,0.007522,0.991604,0.000874,L,0.991604,0.984082,0.046693,0.009270,0.107632
131,43,00239,lightsnow,1427,0,0.010153,0.988547,0.001300,L,0.988547,0.978394,0.060646,0.012752,0.115060
131,43,00239,lightsnow,1047,0,0.004761,0.994694,0.000545,L,0.994694,0.989934,0.031718,0.005851,0.104628
131,43,00239,lightsnow,858,0,0.003491,0.996069,0.000440,L,0.996069,0.992578,0.024645,0.004371,0.092502
131,43,00239,lightsnow,1098,0,0.006754,0.992370,0.000876,L,0.992370,0.985616,0.043256,0.008506,0.097256
131,43,00239,lightsnow,1100,0,0.006610,0.992609,0.000780,L,0.992609,0.985999,0.041985,0.008171,0.088069
131,43,00239,lightsnow,1288,0,0.004438,0.994995,0.000567,L,0.994995,0.990557,0.030286,0.005572,0.110847
131,43,00239,lightsnow,456,0,0.010707,0.987654,0.001639,L,0.987654,0.976948,0.064952,0.013985,0.125149
131,43,00239,lightsnow,369,0,0.005794,0.993450,0.000756,L,0.993450,0.987656,0.038054,0.007306,0.094900
131,43,00239,lightsnow,879,0,0.005095,0.994208,0.000697,L,0.994208,0.989113,0.034352,0.006489,0.098569
131,43,00239,lightsnow,1206,0,0.005161,0.994152,0.000687,L,0.994152,0.988991,0.034602,0.006535,0.106213
131,43,00239,lightsnow,238,0,0.001994,0.997785,0.000221,L,0.997785,0.995792,0.014989,0.002435,0.091293
131,43,00239,lightsnow,1308,0,0.004551,0.994952,0.000497,L,0.994952,0.990401,0.030363,0.005545,0.075718
131,43,00239,lightsnow,263,0,0.001331,0.998507,0.000163,L,0.998507,0.997176,0.010669,0.001656,0.104788
131,43,00239,lightsnow,350,0,0.001354,0.998426,0.000220,L,0.998426,0.997072,0.011258,0.001794,0.181363
131,43,00239,lightsnow,1017,0,0.008540,0.990372,0.001088,L,0.990372,0.981831,0.052505,0.010716,0.125803
131,43,00239,lightsnow,609,0,0.003513,0.996030,0.000458,L,0.996030,0.992517,0.024880,0.004428,0.088836
131,43,00239,lightsnow,1143,0,0.004809,0.994611,0.000580,L,0.994611,0.989802,0.032191,0.005969,0.074931
131,43,00239,lightsnow,1251,0,0.007666,0.991353,0.000981,L,0.991353,0.983688,0.048010,0.009628,0.110304
132,43,00273,lightsnow,514,1,0.005010,0.994367,0.000623,L,0.994367,0.989357,0.033452,0.006256,0.077612
132,43,00273,lightsnow,515,1,0.003584,0.995968,0.000449,L,0.995968,0.992384,0.025182,0.004481,0.080015
132,43,00273,lightsnow,601,1,0.001545,0.998259,0.000196,L,0.998259,0.996714,0.012208,0.001937,0.100409
132,43,00273,lightsnow,602,1,0.001230,0.998584,0.000186,L,0.998584,0.997354,0.010244,0.001602,0.167360
132,43,00273,lightsnow,603,1,0.002684,0.996909,0.000407,L,0.996909,0.994225,0.020163,0.003497,0.125981
132,43,00273,lightsnow,604,1,0.008891,0.989561,0.001548,L,0.989561,0.980670,0.056792,0.011987,0.177749
132,43,00273,lightsnow,605,1,0.003306,0.996154,0.000539,L,0.996154,0.992848,0.024378,0.004385,0.139544
132,43,00273,lightsnow,606,1,0.003367,0.996105,0.000528,L,0.996105,0.992738,0.024615,0.004423,0.129820
132,43,00273,lightsnow,689,1,0.000059,0.999933,0.000008,L,0.999933,0.999874,0.000671,0.000075,0.288079
132,43,00273,lightsnow,690,1,0.001166,0.998676,0.000158,L,0.998676,0.997510,0.009634,0.001483,0.163089
132,43,00273,lightsnow,691,1,0.001742,0.998003,0.000255,L,0.998003,0.996260,0.013811,0.002252,0.164352
132,43,00273,lightsnow,692,1,0.000002,0.999997,0.000000,L,0.999997,0.999995,0.000032,0.000003,0.583499
132,43,00273,lightsnow,693,1,0.000000,1.000000,0.000000,L,1.000000,0.999999,0.000006,0.000000,0.716682
132,43,00273,lightsnow,694,1,0.000030,0.999964,0.000006,L,0.999964,0.999934,0.000384,0.000042,0.536800
132,43,00273,lightsnow,695,1,0.002273,0.997267,0.000460,L,0.997267,0.994994,0.018295,0.003193,0.369116
132,43,00273,lightsnow,696,1,0.002652,0.996835,0.000514,L,0.996835,0.994183,0.020736,0.003679,0.242461
132,43,00273,lightsnow,779,1,0.000045,0.999949,0.000006,L,0.999949,0.999904,0.000521,0.000057,0.279032
132,43,00273,lightsnow,780,1,0.001625,0.998119,0.000255,L,0.998119,0.996494,0.013135,0.002136,0.232765
132,43,00273,lightsnow,781,1,0.000076,0.999910,0.000014,L,0.999910,0.999834,0.000876,0.000103,0.440270
132,43,00273,lightsnow,782,1,0.000000,1.000000,0.000000,L,1.000000,1.000000,0.000004,0.000000,0.852287
132,43,00273,lightsnow,783,1,0.000000,1.000000,0.000000,L,1.000000,1.000000,0.000002,0.000000,0.950846
132,43,00273,lightsnow,784,1,0.000001,0.999999,0.000000,L,0.999999,0.999999,0.000010,0.000001,0.719013
132,43,00273,lightsnow,785,1,0.001957,0.997682,0.000361,L,0.997682,0.995725,0.015821,0.002679,0.426733
132,43,00273,lightsnow,786,1,0.002123,0.997462,0.000415,L,0.997462,0.995339,0.017144,0.002953,0.242863
132,43,00273,lightsnow,870,1,0.011819,0.986210,0.001971,L,0.986210,0.974392,0.071386,0.015761,0.274442
132,43,00273,lightsnow,871,1,0.008394,0.990231,0.001374,L,0.990231,0.981837,0.053616,0.011143,0.324185
132,43,00273,lightsnow,872,1,0.000482,0.999427,0.000091,L,0.999427,0.998945,0.004644,0.000664,0.429401
132,43,00273,lightsnow,873,1,0.000083,0.999902,0.000015,L,0.999902,0.999819,0.000949,0.000113,0.550672
132,43,00273,lightsnow,874,1,0.000270,0.999676,0.000054,L,0.999676,0.999406,0.002796,0.000378,0.473927
132,43,00273,lightsnow,875,1,0.001690,0.997950,0.000361,L,0.997950,0.996260,0.014283,0.002411,0.287369
132,43,00273,lightsnow,876,1,0.001893,0.997799,0.000308,L,0.997799,0.995906,0.015072,0.002509,0.142606
132,43,00273,lightsnow,960,1,0.033726,0.962100,0.004174,L,0.962100,0.928374,0.158706,0.042075,0.136700
132,43,00273,lightsnow,961,1,0.034916,0.959804,0.005280,L,0.959804,0.924888,0.167667,0.045476,0.174256
132,43,00273,lightsnow,962,1,0.012283,0.985962,0.001755,L,0.985962,0.973679,0.072013,0.015793,0.126808
132,43,00273,lightsnow,963,1,0.004600,0.994667,0.000733,L,0.994667,0.990067,0.032191,0.006066,0.154978
132,43,00273,lightsnow,1050,1,0.007343,0.991863,0.000793,L,0.991863,0.984520,0.045377,0.008930,0.094126
132,43,00273,lightsnow,1243,0,0.005848,0.993287,0.000865,L,0.993287,0.987439,0.039012,0.007578,0.116628
132,43,00273,lightsnow,513,0,0.004035,0.995460,0.000505,L,0.995460,0.991425,0.027861,0.005045,0.090453
132,43,00273,lightsnow,68,0,0.001494,0.998326,0.000180,L,0.998326,0.996831,0.011786,0.001855,0.114459
132,43,00273,lightsnow,738,0,0.003204,0.996365,0.000431,L,0.996365,0.993161,0.023091,0.004066,0.099965
132,43,00273,lightsnow,319,0,0.001354,0.998482,0.000165,L,0.998482,0.997128,0.010825,0.001683,0.114954
132,43,00273,lightsnow,577,0,0.001971,0.997789,0.000241,L,0.997789,0.995818,0.015010,0.002452,0.098284
132,43,00273,lightsnow,1,0,0.010578,0.988034,0.001388,L,0.988034,0.977455,0.062940,0.013354,0.123673
132,43,00273,lightsnow,21,0,0.001437,0.998402,0.000162,L,0.998402,0.996965,0.011298,0.001760,0.100564
132,43,00273,lightsnow,1395,0,0.005401,0.993854,0.000745,L,0.993854,0.988454,0.036129,0.006891,0.114039
132,43,00273,lightsnow,760,0,0.003039,0.996637,0.000324,L,0.996637,0.993598,0.021462,0.003688,0.107247
132,43,00273,lightsnow,947,0,0.007056,0.991995,0.000949,L,0.991995,0.984938,0.045089,0.008955,0.102261
132,43,00273,lightsnow,1170,0,0.003970,0.995452,0.000578,L,0.995452,0.991482,0.028034,0.005126,0.108874
132,43,00273,lightsnow,581,0,0.001974,0.997815,0.000211,L,0.997815,0.995841,0.014800,0.002395,0.092195
132,43,00273,lightsnow,729,0,0.021517,0.975661,0.002822,L,0.975661,0.954143,0.112151,0.027162,0.093703
132,43,00273,lightsnow,1348,0,0.003496,0.996040,0.000463,L,0.996040,0.992544,0.024835,0.004423,0.143588
132,43,00273,lightsnow,747,0,0.003031,0.996590,0.000379,L,0.996590,0.993559,0.021814,0.003789,0.138728
132,43,00273,lightsnow,382,0,0.001711,0.998078,0.000212,L,0.998078,0.996367,0.013300,0.002134,0.087626
132,43,00273,lightsnow,565,0,0.001949,0.997813,0.000238,L,0.997813,0.995865,0.014865,0.002425,0.103724
133,43,00457,lightsnow,260,1,0.003262,0.996355,0.000383,L,0.996355,0.993092,0.023056,0.004028,0.107111
133,43,00457,lightsnow,526,1,0.001653,0.998021,0.000327,L,0.998021,0.996368,0.013821,0.002306,0.298492
133,43,00457,lightsnow,616,1,0.001771,0.997933,0.000296,L,0.997933,0.996162,0.014285,0.002364,0.206537
133,43,00457,lightsnow,784,1,0.002664,0.996888,0.000448,L,0.996888,0.994224,0.020348,0.003560,0.151680
133,43,00457,lightsnow,621,1,0.001662,0.998098,0.000240,L,0.998098,0.996436,0.013234,0.002142,0.133983
133,43,00457,lightsnow,778,1,0.001043,0.998821,0.000136,L,0.998821,0.997777,0.008695,0.001315,0.140064
133,43,00457,lightsnow,873,1,0.001824,0.997844,0.000332,L,0.997844,0.996020,0.014851,0.002488,0.162615
133,43,00457,lightsnow,869,1,0.001204,0.998646,0.000150,L,0.998646,0.997442,0.009801,0.001504,0.113521
133,43,00457,lightsnow,620,1,0.001606,0.998131,0.000263,L,0.998131,0.996525,0.013077,0.002132,0.171818
133,43,00457,lightsnow,690,1,0.000246,0.999721,0.000033,L,0.999721,0.999474,0.002429,0.000313,0.169457
133,43,00457,lightsnow,963,1,0.003489,0.995990,0.000521,L,0.995990,0.992501,0.025196,0.004531,0.101562
133,43,00457,lightsnow,615,1,0.001844,0.997879,0.000277,L,0.997879,0.996036,0.014560,0.002398,0.161127
133,43,00457,lightsnow,351,1,0.001215,0.998635,0.000150,L,0.998635,0.997420,0.009865,0.001514,0.141138
133,43,00457,lightsnow,689,1,0.005042,0.994215,0.000743,L,0.994215,0.989173,0.034400,0.006528,0.149523
133,43,00457,lightsnow,529,1,0.000323,0.999612,0.000065,L,0.999612,0.999289,0.003288,0.000453,0.577484
133,43,00457,lightsnow,958,1,0.035883,0.959596,0.004522,L,0.959596,0.923713,0.166928,0.044926,0.114773
133,43,00457,lightsnow,962,1,0.004364,0.995017,0.000619,L,0.995017,0.990653,0.030276,0.005603,0.096773
133,43,00457,lightsnow,528,1,0.000334,0.999608,0.000057,L,0.999608,0.999274,0.003301,0.000449,0.637502
133,43,00457,lightsnow,779,1,0.000050,0.999944,0.000006,L,0.999944,0.999895,0.000565,0.000062,0.231319
133,43,00457,lightsnow,619,1,0.001542,0.998149,0.000308,L,0.998149,0.996607,0.013042,0.002159,0.271049
133,43,00457,lightsnow,870,1,0.000001,0.999999,0.000000,L,0.999999,0.999997,0.000019,0.000002,0.424772
133,43,00457,lightsnow,259,1,0.005481,0.993779,0.000741,L,0.993779,0.988298,0.036480,0.006962,0.129095
133,43,00457,lightsnow,1049,1,0.037620,0.957588,0.004791,L,0.957588,0.919968,0.173392,0.047203,0.110402
133,43,00457,lightsnow,782,1,0.000001,0.999999,0.000000,L,0.999999,0.999999,0.000009,0.000001,0.549721
133,43,00457,lightsnow,350,1,0.001427,0.998369,0.000205,L,0.998369,0.996942,0.011574,0.001836,0.167191
133,43,00457,lightsnow,438,1,0.000522,0.999381,0.000096,L,0.999381,0.998859,0.004965,0.000715,0.579399
133,43,00457,lightsnow,868,1,0.005626,0.993657,0.000717,L,0.993657,0.988031,0.037010,0.007060,0.123163
133,43,00457,lightsnow,530,1,0.000703,0.999145,0.000152,L,0.999145,0.998443,0.006638,0.001007,0.393752
133,43,00457,lightsnow,434,1,0.001564,0.998240,0.000197,L,0.998240,0.996676,0.012325,0.001957,0.160044
133,43,00457,lightsnow,617,1,0.001562,0.998146,0.000292,L,0.998146,0.996584,0.013038,0.002146,0.376628
133,43,00457,lightsnow,708,1,0.002229,0.997432,0.000339,L,0.997432,0.995203,0.017190,0.002907,0.136476
133,43,00457,lightsnow,874,1,0.002220,0.997408,0.000372,L,0.997408,0.995188,0.017378,0.002964,0.142504
133,43,00457,lightsnow,693,1,0.003215,0.996305,0.000480,L,0.996305,0.993090,0.023491,0.004174,0.095982
133,43,00457,lightsnow,781,1,0.000000,1.000000,0.000000,L,1.000000,1.000000,0.000001,0.000000,0.709759
133,43,00457,lightsnow,441,1,0.000275,0.999684,0.000041,L,0.999684,0.999409,0.002716,0.000357,0.219345
133,43,00457,lightsnow,618,1,0.001621,0.998051,0.000328,L,0.998051,0.996430,0.013647,0.002277,0.310366
133,43,00457,lightsnow,473,0,0.001542,0.998262,0.000196,L,0.998262,0.996719,0.012195,0.001935,0.094742
133,43,00457,lightsnow,758,0,0.003019,0.996637,0.000344,L,0.996637,0.993618,0.021499,0.003707,0.098414
133,43,00457,lightsnow,1195,0,0.005164,0.994169,0.000668,L,0.994169,0.989005,0.034489,0.006499,0.095551
133,43,00457,lightsnow,474,0,0.001564,0.998234,0.000202,L,0.998234,0.996670,0.012365,0.001967,0.123611
133,43,00457,lightsnow,883,0,0.003524,0.996105,0.000371,L,0.996105,0.992581,0.024323,0.004266,0.089636
133,43,00457,lightsnow,497,0,0.001598,0.998199,0.000204,L,0.998199,0.996601,0.012578,0.002005,0.109404
133,43,00457,lightsnow,391,0,0.001815,0.997961,0.000223,L,0.997961,0.996146,0.013991,0.002262,0.099464
133,43,00457,lightsnow,1434,0,0.000097,0.999891,0.000011,L,0.999891,0.999794,0.001035,0.000120,0.198889
133,43,00457,lightsnow,917,0,0.007694,0.991300,0.001006,L,0.991300,0.983606,0.048292,0.009706,0.081057
133,43,00457,lightsnow,1019,0,0.008548,0.990364,0.001088,L,0.990364,0.981816,0.052539,0.010724,0.125787
133,43,00457,lightsnow,303,0,0.001354,0.998500,0.000146,L,0.998500,0.997145,0.010679,0.001646,0.095768
133,43,00457,lightsnow,1071,0,0.004850,0.994540,0.000610,L,0.994540,0.989690,0.032592,0.006070,0.102270
133,43,00457,lightsnow,632,0,0.006871,0.992037,0.001092,L,0.992037,0.985166,0.045149,0.009056,0.091503
133,43,00457,lightsnow,1201,0,0.005180,0.994162,0.000659,L,0.994162,0.988982,0.034505,0.006497,0.101534
133,43,00457,lightsnow,732,0,0.006137,0.993032,0.000831,L,0.993032,0.986895,0.040137,0.007799,0.111560
133,43,00457,lightsnow,714,0,0.004004,0.995496,0.000500,L,0.995496,0.991492,0.027671,0.005005,0.135883
133,43,00457,lightsnow,163,0,0.001771,0.997999,0.000229,L,0.997999,0.996228,0.013784,0.002230,0.127665
133,43,00457,lightsnow,131,0,0.001777,0.998034,0.000190,L,0.998034,0.996257,0.013510,0.002156,0.096057
134,43,00492,lightsnow,787,1,0.001102,0.998725,0.000173,L,0.998725,0.997623,0.009356,0.001448,0.315111
134,43,00492,lightsnow,609,1,0.000045,0.999948,0.000007,L,0.999948,0.999903,0.000531,0.000059,0.557184
134,43,00492,lightsnow,289,1,0.000041,0.999953,0.000007,L,0.999953,0.999912,0.000489,0.000054,0.533456
134,43,00492,lightsnow,7,1,0.000015,0.999982,0.000003,L,0.999982,0.999968,0.000197,0.000020,0.566263
134,43,00492,lightsnow,474,1,0.002570,0.997089,0.000341,L,0.997089,0.994519,0.019075,0.003252,0.087061
134,43,00492,lightsnow,294,1,0.002443,0.997214,0.000343,L,0.997214,0.994771,0.018397,0.003129,0.110016
134,43,00492,lightsnow,96,1,0.002268,0.997355,0.000377,L,0.997355,0.995087,0.017679,0.003022,0.346041
134,43,00492,lightsnow,938,1,0.005172,0.994093,0.000734,L,0.994093,0.988921,0.034969,0.006641,0.097964
134,43,00492,lightsnow,183,1,0.047685,0.943617,0.008698,L,0.943617,0.895932,0.219498,0.065081,0.212575
134,43,00492,lightsnow,607,1,0.000156,0.999819,0.000025,L,0.999819,0.999663,0.001652,0.000206,0.469415
134,43,00492,lightsnow,1118,1,0.000057,0.999933,0.000010,L,0.999933,0.999877,0.000670,0.000077,0.353781
134,43,00492,lightsnow,384,1,0.002832,0.996745,0.000424,L,0.996745,0.993913,0.021076,0.003679,0.111140
134,43,00492,lightsnow,184,1,0.019994,0.976375,0.003632,L,0.976375,0.956381,0.111021,0.027257,0.207020
134,43,00492,lightsnow,98,1,0.012075,0.985737,0.002189,L,0.985737,0.973662,0.073633,0.016452,0.273452
134,43,00492,lightsnow,293,1,0.002728,0.996744,0.000528,L,0.996744,0.994015,0.021248,0.003784,0.284707
134,43,00492,lightsnow,95,1,0.003529,0.995882,0.000589,L,0.995882,0.992353,0.025866,0.004707,0.334920
134,43,00492,lightsnow,381,1,0.000002,0.999998,0.000000,L,0.999998,0.999996,0.000028,0.000002,0.832582
134,43,00492,lightsnow,287,1,0.008625,0.989983,0.001392,L,0.989983,0.981359,0.054720,0.011409,0.219569
134,43,00492,lightsnow,1205,1,0.002557,0.996965,0.000478,L,0.996965,0.994409,0.019975,0.003513,0.293962
134,43,00492,lightsnow,934,1,0.014255,0.983489,0.002256,L,0.983489,0.969235,0.082572,0.018767,0.192256
134,43,00492,lightsnow,1025,1,0.000002,0.999998,0.000000,L,0.999998,0.999996,0.000026,0.000002,0.615850
134,43,00492,lightsnow,1204,1,0.010329,0.987775,0.001897,L,0.987775,0.977446,0.064873,0.014122,0.254799
134,43,00492,lightsnow,1116,1,0.000000,1.000000,0.000000,L,1.000000,1.000000,0.000002,0.000000,0.795381
134,43,00492,lightsnow,520,1,0.003662,0.995816,0.000522,L,0.995816,0.992155,0.026089,0.004706,0.148096
134,43,00492,lightsnow,290,1,0.000001,0.999999,0.000000,L,0.999999,0.999998,0.000012,0.000001,0.967043
134,43,00492,lightsnow,340,1,0.002754,0.996887,0.000360,L,0.996887,0.994133,0.020201,0.003473,0.109323
134,43,00492,lightsnow,516,1,0.001847,0.997896,0.000257,L,0.997896,0.996049,0.014431,0.002362,0.172357
134,43,00492,lightsnow,9,1,0.000036,0.999957,0.000007,L,0.999957,0.999922,0.000447,0.000050,0.480862
134,43,00492,lightsnow,522,1,0.002583,0.997086,0.000331,L,0.997086,0.994504,0.019070,0.003244,0.134577
134,43,00492,lightsnow,1294,1,0.024628,0.971553,0.003820,L,0.971553,0.946925,0.127910,0.032267,0.194738
134,43,00492,lightsnow,3,1,0.005869,0.993214,0.000916,L,0.993214,0.987345,0.039440,0.007702,0.217280
134,43,00492,lightsnow,99,1,0.008798,0.989616,0.001586,L,0.989616,0.980818,0.056614,0.011970,0.225116
134,43,00492,lightsnow,111,1,0.025348,0.970517,0.004135,L,0.970517,0.945169,0.131887,0.033618,0.176464
134,43,00492,lightsnow,933,1,0.006058,0.993001,0.000941,L,0.993001,0.986943,0.040475,0.007940,0.192094
134,43,00492,lightsnow,339,1,0.002611,0.997064,0.000325,L,0.997064,0.994453,0.019179,0.003260,0.114682
134,43,00492,lightsnow,698,1,0.000003,0.999996,0.000000,L,0.999996,0.999993,0.000049,0.000004,0.632049
134,43,00492,lightsnow,501,0,0.001612,0.998209,0.000179,L,0.998209,0.996598,0.012467,0.001969,0.089612
134,43,00492,lightsnow,131,0,0.001767,0.998040,0.000193,L,0.998040,0.996274,0.013476,0.002152,0.090452
134,43,00492,lightsnow,1127,0,0.006931,0.992267,0.000802,L,0.992267,0.985335,0.043584,0.008536,0.070066
134,43,00492,lightsnow,1095,0,0.005179,0.994213,0.000608,L,0.994213,0.989034,0.034163,0.006396,0.061575
134,43,00492,lightsnow,73,0,0.001815,0.997954,0.000231,L,0.997954,0.996140,0.014048,0.002277,0.124798
134,43,00492,lightsnow,338,0,0.002396,0.997316,0.000288,L,0.997316,0.994920,0.017736,0.002972,0.103557
134,43,00492,lightsnow,1172,0,0.014688,0.983064,0.002249,L,0.983064,0.968376,0.084193,0.019185,0.116646
134,43,00492,lightsnow,1253,0,0.005234,0.994098,0.000667,L,0.994098,0.988864,0.034824,0.006569,0.108683
134,43,00492,lightsnow,812,0,0.008278,0.990560,0.001162,L,0.990560,0.982283,0.051822,0.010602,0.080601
134,43,00492,lightsnow,102,0,0.007176,0.991823,0.001001,L,0.991823,0.984647,0.045953,0.009178,0.099189
134,43,00492,lightsnow,311,0,0.001349,0.998494,0.000157,L,0.998494,0.997145,0.010734,0.001662,0.101578
134,43,00492,lightsnow,671,0,0.005707,0.993610,0.000683,L,0.993610,0.987903,0.037167,0.007074,0.077309
134,43,00492,lightsnow,129,0,0.001761,0.998038,0.000202,L,0.998038,0.996277,0.013511,0.002164,0.106699
134,43,00492,lightsnow,1424,0,0.005478,0.993816,0.000706,L,0.993816,0.988338,0.036240,0.006891,0.109899
134,43,00492,lightsnow,573,0,0.006534,0.992672,0.000794,L,0.992672,0.986138,0.041727,0.008123,0.100033
134,43,00492,lightsnow,1341,0,0.004454,0.994979,0.000567,L,0.994979,0.990525,0.030365,0.005587,0.110853
134,43,00492,lightsnow,1231,0,0.005056,0.994195,0.000750,L,0.994195,0.989139,0.034511,0.006555,0.141591
134,43,00492,lightsnow,835,0,0.003595,0.995861,0.000544,L,0.995861,0.992266,0.025896,0.004682,0.164362
135,43,00527,lightsnow,942,1,0.003581,0.995782,0.000637,L,0.995782,0.992200,0.026458,0.004855,0.346536
135,43,00527,lightsnow,1212,1,0.002430,0.997140,0.000429,L,0.997140,0.994710,0.018947,0.003289,0.257086
135,43,00527,lightsnow,96,1,0.000637,0.999257,0.000106,L,0.999257,0.998620,0.005825,0.000849,0.364778
135,43,00527,lightsnow,945,1,0.007208,0.991865,0.000928,L,0.991865,0.984657,0.045632,0.009063,0.097299
135,43,00527,lightsnow,854,1,0.005169,0.994136,0.000695,L,0.994136,0.988966,0.034695,0.006559,0.109228
135,43,00527,lightsnow,91,1,0.029098,0.967156,0.003746,L,0.967156,0.938058,0.142135,0.036591,0.121723
135,43,00527,lightsnow,941,1,0.004067,0.995199,0.000734,L,0.995199,0.991132,0.029561,0.005536,0.271949
135,43,00527,lightsnow,938,1,0.004673,0.994693,0.000634,L,0.994693,0.990020,0.031894,0.005942,0.132938
135,43,00527,lightsnow,1035,1,0.007297,0.991568,0.001135,L,0.991568,0.984271,0.047331,0.009568,0.181020
135,43,00527,lightsnow,1121,1,0.000530,0.999389,0.000080,L,0.999389,0.998859,0.004886,0.000691,0.478491
135,43,00527,lightsnow,3,1,0.008281,0.990491,0.001229,L,0.990491,0.982210,0.052244,0.010738,0.187267
135,43,00527,lightsnow,94,1,0.010054,0.988402,0.001544,L,0.988402,0.978349,0.061687,0.013142,0.198232
135,43,00527,lightsnow,940,1,0.008677,0.989891,0.001432,L,0.989891,0.981215,0.055182,0.011540,0.169235
135,43,00527,lightsnow,1030,1,0.002259,0.997374,0.000367,L,0.997374,0.995115,0.017556,0.002993,0.329241
135,43,00527,lightsnow,1031,1,0.000342,0.999611,0.000047,L,0.999611,0.999270,0.003263,0.000436,0.518946
135,43,00527,lightsnow,1120,1,0.003289,0.996188,0.000523,L,0.996188,0.992899,0.024174,0.004334,0.304358
135,43,00527,lightsnow,765,1,0.004628,0.994801,0.000571,L,0.994801,0.990173,0.031246,0.005770,0.083159
135,43,00527,lightsnow,95,1,0.002966,0.996528,0.000506,L,0.996528,0.993563,0.022362,0.003977,0.282379
135,43,00527,lightsnow,188,1,0.022818,0.974064,0.003117,L,0.974064,0.951246,0.118189,0.029053,0.107785
135,43,00527,lightsnow,944,1,0.006681,0.992299,0.001020,L,0.992299,0.985617,0.043838,0.008721,0.148911
135,43,00527,lightsnow,1125,1,0.004834,0.994515,0.000652,L,0.994515,0.989681,0.032792,0.006137,0.124801
135,43,00527,lightsnow,850,1,0.004761,0.994601,0.000637,L,0.994601,0.989840,0.032346,0.006036,0.110532
135,43,00527,lightsnow,7,1,0.000672,0.999206,0.000122,L,0.999206,0.998534,0.006189,0.000915,0.383295
135,43,00527,lightsnow,1124,1,0.003958,0.995308,0.000734,L,0.995308,0.991350,0.029011,0.005425,0.271268
135,43,00527,lightsnow,1029,1,0.013165,0.984675,0.002160,L,0.984675,0.971510,0.077801,0.017486,0.210553
135,43,00527,lightsnow,852,1,0.008303,0.990474,0.001223,L,0.990474,0.982171,0.052307,0.010750,0.123403
135,43,00527,lightsnow,97,1,0.005215,0.993851,0.000934,L,0.993851,0.988635,0.036461,0.007083,0.283543
135,43,00527,lightsnow,943,1,0.006111,0.992751,0.001139,L,0.992751,0.986640,0.041954,0.008388,0.288433
135,43,00527,lightsnow,98,1,0.015579,0.981909,0.002512,L,0.981909,0.966331,0.089022,0.020603,0.190294
135,43,00527,lightsnow,92,1,0.008692,0.990164,0.001143,L,0.990164,0.981472,0.053502,0.010979,0.135343
135,43,00527,lightsnow,1,1,0.005521,0.993779,0.000700,L,0.993779,0.988257,0.036404,0.006922,0.149240
135,43,00527,lightsnow,764,1,0.004814,0.994553,0.000633,L,0.994553,0.989739,0.032570,0.006080,0.085286
135,43,00527,lightsnow,1210,1,0.007845,0.990855,0.001300,L,0.990855,0.983010,0.050764,0.010444,0.219720
135,43,00527,lightsnow,8,1,0.011626,0.986226,0.002148,L,0.986226,0.974600,0.071600,0.015921,0.228989
135,43,00527,lightsnow,851,1,0.006645,0.992441,0.000914,L,0.992441,0.985796,0.043005,0.008474,0.103133
135,43,00527,lightsnow,1034,1,0.006764,0.992052,0.001184,L,0.992052,0.985288,0.045230,0.009132,0.261024
135,43,00527,lightsnow,954,0,0.007002,0.992074,0.000924,L,0.992074,0.985072,0.044686,0.008850,0.132799
135,43,00527,lightsnow,182,0,0.039912,0.953718,0.006370,L,0.953718,0.913807,0.187474,0.052652,0.138510
135,43,00527,lightsnow,597,0,0.001955,0.997781,0.000264,L,0.997781,0.995826,0.015098,0.002483,0.150063
135,43,00527,lightsnow,1369,0,0.005390,0.993915,0.000695,L,0.993915,0.988524,0.035751,0.006781,0.089110
135,43,00527,lightsnow,157,0,0.001755,0.998037,0.000209,L,0.998037,0.996283,0.013528,0.002171,0.133296
135,43,00527,lightsnow,1301,0,0.003326,0.996213,0.000461,L,0.996213,0.992888,0.023937,0.004248,0.127570
135,43,00527,lightsnow,1295,0,0.003834,0.995674,0.000492,L,0.995674,0.991840,0.026759,0.004819,0.112436
135,43,00527,lightsnow,224,0,0.002244,0.997519,0.000237,L,0.997519,0.995275,0.016514,0.002718,0.070497
135,43,00527,lightsnow,1117,0,0.005405,0.993825,0.000770,L,0.993825,0.988420,0.036314,0.006946,0.142837
135,43,00527,lightsnow,1066,0,0.008724,0.990251,0.001026,L,0.990251,0.981527,0.052909,0.010775,0.110630
135,43,00527,lightsnow,976,0,0.007090,0.992069,0.000842,L,0.992069,0.984979,0.044553,0.008773,0.101401
135,43,00527,lightsnow,582,0,0.003950,0.995578,0.000472,L,0.995578,0.991628,0.027206,0.004895,0.062432
135,43,00527,lightsnow,1073,0,0.008442,0.990369,0.001188,L,0.990369,0.981927,0.052698,0.010819,0.151455
135,43,00527,lightsnow,102,0,0.007061,0.992061,0.000878,L,0.992061,0.985000,0.044658,0.008817,0.098862
135,43,00527,lightsnow,105,0,0.005553,0.993771,0.000676,L,0.993771,0.988218,0.036395,0.006905,0.099899
135,43,00527,lightsnow,351,0,0.001160,0.998709,0.000131,L,0.998709,0.997549,0.009376,0.001422,0.131483
135,43,00527,lightsnow,1249,0,0.005090,0.994220,0.000691,L,0.994220,0.989130,0.034286,0.006471,0.128444
135,43,00527,lightsnow,1049,0,0.008708,0.990268,0.001024,L,0.990268,0.981561,0.052830,0.010756,0.109448
136,48,00117,lightsnow,1088,1,0.000026,0.999970,0.000004,L,0.999970,0.999944,0.000325,0.000035,0.609549
136,48,00117,lightsnow,1001,1,0.000419,0.999510,0.000071,L,0.999510,0.999090,0.004031,0.000561,0.456634
136,48,00117,lightsnow,1272,1,0.007203,0.991736,0.001062,L,0.991736,0.984533,0.046452,0.009326,0.118224
136,48,00117,lightsnow,1269,1,0.024320,0.971229,0.004451,L,0.971229,0.946909,0.130016,0.033222,0.225252
136,48,00117,lightsnow,1268,1,0.008549,0.989801,0.001650,L,0.989801,0.981252,0.055914,0.011849,0.267399
136,48,00117,lightsnow,1093,1,0.025953,0.968777,0.005270,L,0.968777,0.942823,0.139397,0.036493,0.253168
136,48,00117,lightsnow,1178,1,0.012940,0.984589,0.002472,L,0.984589,0.971649,0.078629,0.017883,0.285973
136,48,00117,lightsnow,1089,1,0.000001,0.999999,0.000000,L,0.999999,0.999998,0.000015,0.000001,0.994565
136,48,00117,lightsnow,1003,1,0.018220,0.978317,0.003463,L,0.978317,0.960097,0.103804,0.025146,0.234860
136,48,00117,lightsnow,1000,1,0.000001,0.999999,0.000000,L,0.999999,0.999999,0.000009,0.000001,0.761074
136,48,00117,lightsnow,1271,1,0.013629,0.984429,0.001942,L,0.984429,0.970801,0.078387,0.017512,0.122203
136,48,00117,lightsnow,907,1,0.005671,0.993357,0.000971,L,0.993357,0.987686,0.038861,0.007614,0.210969
136,48,00117,lightsnow,1181,1,0.019891,0.976408,0.003701,L,0.976408,0.956517,0.111010,0.027293,0.203583
136,48,00117,lightsnow,1176,1,0.003156,0.996187,0.000657,L,0.996187,0.993031,0.024387,0.004469,0.290357
136,48,00117,lightsnow,996,1,0.003881,0.995400,0.000719,L,0.995400,0.991518,0.028529,0.005320,0.244788
136,48,00117,lightsnow,908,1,0.006922,0.991834,0.001244,L,0.991834,0.984912,0.046309,0.009410,0.251691
136,48,00117,lightsnow,998,1,0.000916,0.998926,0.000158,L,0.998926,0.998009,0.008072,0.001233,0.395093
136,48,00117,lightsnow,1270,1,0.023282,0.973029,0.003690,L,0.973029,0.949747,0.122714,0.030661,0.169105
136,48,00117,lightsnow,1179,1,0.019240,0.976907,0.003852,L,0.976907,0.957667,0.109459,0.026945,0.278873
136,48,00117,lightsnow,911,1,0.012257,0.985365,0.002378,L,0.985365,0.973108,0.075410,0.017013,0.241463
136,48,00117,lightsnow,1086,1,0.001779,0.997870,0.000351,L,0.997870,0.996091,0.014731,0.002481,0.329114
136,48,00117,lightsnow,1183,1,0.004614,0.994690,0.000696,L,0.994690,0.990076,0.032019,0.006007,0.109254
136,48,00117,lightsnow,910,1,0.012472,0.985147,0.002381,L,0.985147,0.972675,0.076281,0.017234,0.270166
136,48,00117,lightsnow,1266,1,0.048706,0.941676,0.009618,L,0.941676,0.892970,0.226142,0.067941,0.236130
136,48,00117,lightsnow,1090,1,0.000000,0.999999,0.000000,L,0.999999,0.999999,0.000008,0.000001,0.983529
136,48,00117,lightsnow,1087,1,0.003309,0.996109,0.000582,L,0.996109,0.992801,0.024680,0.004472,0.359102
136,48,00117,lightsnow,1273,1,0.006585,0.992490,0.000924,L,0.992490,0.985905,0.042797,0.008434,0.099067
136,48,00117,lightsnow,1267,1,0.011333,0.986367,0.002300,L,0.986367,0.975035,0.071258,0.015933,0.270601
136,48,00117,lightsnow,999,1,0.000001,0.999999,0.000000,L,0.999999,0.999999,0.000010,0.000001,0.757137
136,48,00117,lightsnow,1002,1,0.015686,0.981499,0.002814,L,0.981499,0.965813,0.091055,0.021315,0.328357
136,48,00117,lightsnow,913,1,0.010216,0.988176,0.001608,L,0.988176,0.977960,0.062740,0.013432,0.158972
136,48,00117,lightsnow,1091,1,0.000046,0.999947,0.000008,L,0.999947,0.999901,0.000547,0.000061,0.618016
136,48,00117,lightsnow,997,1,0.007723,0.990820,0.001457,L,0.990820,0.983098,0.051169,0.010637,0.295408
136,48,00117,lightsnow,1177,1,0.003900,0.995307,0.000793,L,0.995307,0.991407,0.029105,0.005486,0.293699
136,48,00117,lightsnow,912,1,0.008713,0.989710,0.001576,L,0.989710,0.980997,0.056194,0.011866,0.216303
136,48,00117,lightsnow,1182,1,0.004586,0.994604,0.000810,L,0.994604,0.990018,0.032622,0.006205,0.170770
136,48,00117,lightsnow,626,0,0.002278,0.997436,0.000286,L,0.997436,0.995158,0.017072,0.002850,0.129391
136,48,00117,lightsnow,958,0,0.004655,0.994764,0.000581,L,0.994764,0.990110,0.031444,0.005816,0.142776
136,48,00117,lightsnow,540,0,0.065297,0.923826,0.010876,L,0.923826,0.858529,0.273575,0.087050,0.162188
136,48,00117,lightsnow,412,0,0.004328,0.995071,0.000601,L,0.995071,0.990743,0.029976,0.005530,0.167321
136,48,00117,lightsnow,1350,0,0.009717,0.988860,0.001424,L,0.988860,0.979143,0.059561,0.012564,0.132082
136,48,00117,lightsnow,550,0,0.011409,0.986796,0.001795,L,0.986796,0.975387,0.068726,0.014999,0.140747
136,48,00117,lightsnow,1189,0,0.003013,0.996614,0.000372,L,0.996614,0.993601,0.021675,0.003758,0.119702
136,48,00117,lightsnow,191,0,0.025522,0.970638,0.003840,L,0.970638,0.945115,0.130989,0.033202,0.144081
136,48,00117,lightsnow,247,0,0.001661,0.998131,0.000208,L,0.998131,0.996469,0.012983,0.002077,0.117124
136,48,00117,lightsnow,205,0,0.018645,0.978806,0.002549,L,0.978806,0.960161,0.100526,0.023744,0.115435
136,48,00117,lightsnow,1227,0,0.005100,0.994255,0.000645,L,0.994255,0.989156,0.034029,0.006390,0.098396
136,48,00117,lightsnow,975,0,0.006112,0.993120,0.000768,L,0.993120,0.987009,0.039613,0.007648,0.121525
136,48,00117,lightsnow,680,0,0.012030,0.986396,0.001573,L,0.986396,0.974366,0.069947,0.015177,0.100712
136,48,00117,lightsnow,704,0,0.031427,0.964514,0.004059,L,0.964514,0.933088,0.151045,0.039545,0.129887
136,48,00117,lightsnow,484,0,0.009780,0.988718,0.001502,L,0.988718,0.978937,0.060293,0.012784,0.158226
136,48,00117,lightsnow,1054,0,0.007583,0.991471,0.000947,L,0.991471,0.983888,0.047425,0.009476,0.123349
136,48,00117,lightsnow,1399,0,0.005917,0.993335,0.000748,L,0.993335,0.987418,0.038575,0.007413,0.093664
136,48,00117,lightsnow,668,0,0.006807,0.992253,0.000941,L,0.992253,0.985446,0.043907,0.008688,0.109868
137,48,00152,lightsnow,816,1,0.006208,0.992773,0.001019,L,0.992773,0.986565,0.041663,0.008247,0.175597
137,48,00152,lightsnow,817,1,0.005764,0.993275,0.000961,L,0.993275,0.987510,0.039232,0.007686,0.181115
137,48,00152,lightsnow,818,1,0.010941,0.987256,0.001803,L,0.987256,0.976315,0.066861,0.014546,0.185715
137,48,00152,lightsnow,819,1,0.011405,0.986744,0.001851,L,0.986744,0.975339,0.069031,0.015107,0.191804
137,48,00152,lightsnow,820,1,0.007051,0.991770,0.001179,L,0.991770,0.984719,0.046497,0.009410,0.192602
137,48,00152,lightsnow,821,1,0.010108,0.988291,0.001601,L,0.988291,0.978183,0.062247,0.013309,0.167878
137,48,00152,lightsnow,822,1,0.010599,0.987849,0.001552,L,0.987849,0.977249,0.064001,0.013704,0.140190
137,48,00152,lightsnow,823,1,0.000862,0.999026,0.000112,L,0.999026,0.998164,0.007349,0.001086,0.119489
137,48,00152,lightsnow,907,1,0.003104,0.996367,0.000529,L,0.996367,0.993262,0.023251,0.004162,0.197840
137,48,00152,lightsnow,908,1,0.010873,0.987184,0.001943,L,0.987184,0.976310,0.067383,0.014759,0.209759
137,48,00152,lightsnow,909,1,0.005062,0.993990,0.000947,L,0.993990,0.988928,0.035814,0.006957,0.274763
137,48,00152,lightsnow,910,1,0.000002,0.999998,0.000000,L,0.999998,0.999996,0.000029,0.000003,0.600569
137,48,00152,lightsnow,911,1,0.000009,0.999989,0.000002,L,0.999989,0.999980,0.000125,0.000012,0.534930
137,48,00152,lightsnow,912,1,0.008132,0.990387,0.001481,L,0.990387,0.982255,0.053107,0.011093,0.326719
137,48,00152,lightsnow,913,1,0.000915,0.998920,0.000165,L,0.998920,0.998005,0.008117,0.001245,0.384225
137,48,00152,lightsnow,997,1,0.004595,0.994620,0.000786,L,0.994620,0.990025,0.032509,0.006166,0.197797
137,48,00152,lightsnow,998,1,0.002254,0.997354,0.000392,L,0.997354,0.995099,0.017711,0.003038,0.244452
137,48,00152,lightsnow,999,1,0.000001,0.999999,0.000000,L,0.999999,0.999997,0.000020,0.000002,0.686406
137,48,00152,lightsnow,1000,1,0.000001,0.999999,0.000000,L,0.999999,0.999999,0.000009,0.000001,0.946784
137,48,00152,lightsnow,1001,1,0.000001,0.999999,0.000000,L,0.999999,0.999999,0.000009,0.000001,0.883839
137,48,00152,lightsnow,1002,1,0.001290,0.998487,0.000223,L,0.998487,0.997197,0.010895,0.001736,0.417031
137,48,00152,lightsnow,1003,1,0.008591,0.989980,0.001429,L,0.989980,0.981389,0.054798,0.011450,0.340191
137,48,00152,lightsnow,1087,1,0.003119,0.996287,0.000594,L,0.996287,0.993169,0.023772,0.004307,0.268628
137,48,00152,lightsnow,1088,1,0.004166,0.995073,0.000761,L,0.995073,0.990908,0.030229,0.005688,0.266512
137,48,00152,lightsnow,1089,1,0.008287,0.990341,0.001372,L,0.990341,0.982054,0.053133,0.011030,0.326918
137,48,00152,lightsnow,1090,1,0.004167,0.995001,0.000832,L,0.995001,0.990834,0.030697,0.005831,0.321509
137,48,00152,lightsnow,1091,1,0.006307,0.992463,0.001230,L,0.992463,0.986157,0.043420,0.008767,0.323049
137,48,00152,lightsnow,1092,1,0.018368,0.977936,0.003696,L,0.977936,0.959568,0.105530,0.025760,0.296779
137,48,00152,lightsnow,1093,1,0.003349,0.995985,0.000666,L,0.995985,0.992636,0.025454,0.004681,0.283952
137,48,00152,lightsnow,1177,1,0.004941,0.994118,0.000941,L,0.994118,0.989177,0.035187,0.006822,0.234760
137,48,00152,lightsnow,1178,1,0.001608,0.998121,0.000271,L,0.998121,0.996513,0.013151,0.002150,0.236422
137,48,00152,lightsnow,1179,1,0.018037,0.978606,0.003357,L,0.978606,0.960569,0.102595,0.024751,0.223884
137,48,00152,lightsnow,1180,1,0.031663,0.962642,0.005695,L,0.962642,0.930978,0.159660,0.043053,0.207060
137,48,00152,lightsnow,1181,1,0.023650,0.972044,0.004307,L,0.972044,0.948394,0.127049,0.032263,0.202019
137,48,00152,lightsnow,1182,1,0.006138,0.992802,0.001060,L,0.992802,0.986665,0.041591,0.008257,0.170534
137,48,00152,lightsnow,1183,1,0.003541,0.995916,0.000542,L,0.995916,0.992375,0.025612,0.004626,0.139306
137,48,00152,lightsnow,959,0,0.003940,0.995596,0.000464,L,0.995596,0.991656,0.027099,0.004868,0.116750
137,48,00152,lightsnow,100,0,0.012619,0.985671,0.001710,L,0.985671,0.973052,0.073090,0.016039,0.112268
137,48,00152,lightsnow,429,0,0.002207,0.997518,0.000275,L,0.997518,0.995310,0.016599,0.002758,0.123214
137,48,00152,lightsnow,219,0,0.008430,0.990531,0.001039,L,0.990531,0.982100,0.051723,0.010508,0.104726
137,48,00152,lightsnow,83,0,0.006306,0.992879,0.000814,L,0.992879,0.986573,0.040811,0.007935,0.121255
137,48,00152,lightsnow,50,0,0.009517,0.989380,0.001103,L,0.989380,0.979863,0.056773,0.011723,0.112081
137,48,00152,lightsnow,803,0,0.002092,0.997646,0.000261,L,0.997646,0.995554,0.015852,0.002615,0.133388
137,48,00152,lightsnow,1168,0,0.004444,0.994992,0.000564,L,0.994992,0.990548,0.030295,0.005571,0.115106
137,48,00152,lightsnow,964,0,0.005088,0.994272,0.000641,L,0.994272,0.989184,0.033943,0.006369,0.113201
137,48,00152,lightsnow,193,0,0.009469,0.989233,0.001298,L,0.989233,0.979764,0.057762,0.012065,0.121946
137,48,00152,lightsnow,1102,0,0.003543,0.996004,0.000453,L,0.996004,0.992461,0.025003,0.004449,0.120662
137,48,00152,lightsnow,494,0,0.014996,0.982910,0.002094,L,0.982910,0.967914,0.084511,0.019185,0.133175
137,48,00152,lightsnow,1074,0,0.008475,0.990456,0.001069,L,0.990456,0.981981,0.052103,0.010613,0.122833
137,48,00152,lightsnow,1333,0,0.004544,0.994885,0.000571,L,0.994885,0.990340,0.030838,0.005687,0.110631
137,48,00152,lightsnow,826,0,0.011773,0.986777,0.001451,L,0.986777,0.975004,0.068186,0.014674,0.098490
137,48,00152,lightsnow,1348,0,0.003499,0.996057,0.000443,L,0.996057,0.992558,0.024711,0.004386,0.115036
137,48,00152,lightsnow,1154,0,0.005779,0.993493,0.000729,L,0.993493,0.987714,0.037804,0.007236,0.112741
137,48,00152,lightsnow,230,0,0.009692,0.989113,0.001195,L,0.989113,0.979422,0.058076,0.012081,0.128735
138,48,00187,lightsnow,903,1,0.005456,0.993586,0.000959,L,0.993586,0.988130,0.037763,0.007373,0.289514
138,48,00187,lightsnow,904,1,0.014814,0.982780,0.002405,L,0.982780,0.967966,0.085539,0.019625,0.306145
138,48,00187,lightsnow,905,1,0.011728,0.986506,0.001766,L,0.986506,0.974778,0.069851,0.015261,0.335807
138,48,00187,lightsnow,906,1,0.000030,0.999965,0.000005,L,0.999965,0.999935,0.000372,0.000040,0.504003
138,48,00187,lightsnow,907,1,0.006344,0.992595,0.001061,L,0.992595,0.986251,0.042552,0.008467,0.352264
138,48,00187,lightsnow,908,1,0.009806,0.988606,0.001588,L,0.988606,0.978800,0.060907,0.012982,0.349366
138,48,00187,lightsnow,909,1,0.025318,0.970914,0.003768,L,0.970914,0.945597,0.129948,0.032854,0.376221
138,48,00187,lightsnow,992,1,0.003323,0.996097,0.000580,L,0.996097,0.992774,0.024744,0.004483,0.253335
138,48,00187,lightsnow,993,1,0.004800,0.994348,0.000853,L,0.994348,0.989548,0.033941,0.006505,0.296866
138,48,00187,lightsnow,994,1,0.000311,0.999637,0.000052,L,0.999637,0.999327,0.003080,0.000414,0.397531
138,48,00187,lightsnow,995,1,0.000000,1.000000,0.000000,L,1.000000,1.000000,0.000004,0.000000,0.846438
138,48,00187,lightsnow,996,1,0.000000,1.000000,0.000000,L,1.000000,0.999999,0.000005,0.000000,0.947266
138,48,00187,lightsnow,997,1,0.000000,1.000000,0.000000,L,1.000000,0.999999,0.000008,0.000001,0.816171
138,48,00187,lightsnow,998,1,0.010184,0.988182,0.001634,L,0.988182,0.977998,0.062759,0.013453,0.337861
138,48,00187,lightsnow,999,1,0.034042,0.960823,0.005135,L,0.960823,0.926781,0.164330,0.044311,0.342783
138,48,00187,lightsnow,1082,1,0.005448,0.993558,0.000994,L,0.993558,0.988110,0.037948,0.007436,0.243649
138,48,00187,lightsnow,1083,1,0.005393,0.993578,0.001030,L,0.993578,0.988185,0.037910,0.007452,0.307652
138,48,00187,lightsnow,1084,1,0.006122,0.992873,0.001005,L,0.992873,0.986751,0.041175,0.008132,0.343100
138,48,00187,lightsnow,1085,1,0.005184,0.993988,0.000828,L,0.993988,0.988804,0.035636,0.006840,0.354480
138,48,00187,lightsnow,1086,1,0.000239,0.999718,0.000043,L,0.999718,0.999479,0.002466,0.000325,0.454331
138,48,00187,lightsnow,1087,1,0.004928,0.994236,0.000837,L,0.994236,0.989308,0.034458,0.006601,0.355027
138,48,00187,lightsnow,1088,1,0.011397,0.986736,0.001866,L,0.986736,0.975339,0.069086,0.015130,0.356282
138,48,00187,lightsnow,1089,1,0.005609,0.993534,0.000857,L,0.993534,0.987926,0.037837,0.007322,0.391400
138,48,00187,lightsnow,1172,1,0.024425,0.971589,0.003987,L,0.971589,0.947164,0.128069,0.032398,0.171797
138,48,00187,lightsnow,1173,1,0.005513,0.993444,0.001044,L,0.993444,0.987931,0.038566,0.007600,0.256491
138,48,00187,lightsnow,1174,1,0.005954,0.992938,0.001108,L,0.992938,0.986983,0.041040,0.008171,0.318457
138,48,00187,lightsnow,1175,1,0.020008,0.976178,0.003813,L,0.976178,0.956170,0.111993,0.027635,0.293079
138,48,00187,lightsnow,1176,1,0.022080,0.973745,0.004174,L,0.973745,0.951665,0.121036,0.030429,0.296232
138,48,00187,lightsnow,1177,1,0.015553,0.981479,0.002968,L,0.981479,0.965927,0.091365,0.021488,0.251980
138,48,00187,lightsnow,1178,1,0.003638,0.995684,0.000678,L,0.995684,0.992046,0.027023,0.004994,0.330936
138,48,00187,lightsnow,1179,1,0.003561,0.995760,0.000679,L,0.995760,0.992199,0.026635,0.004920,0.277414
138,48,00187,lightsnow,504,0,0.010780,0.987935,0.001284,L,0.987935,0.977155,0.063150,0.013349,0.119230
138,48,00187,lightsnow,1247,0,0.004912,0.994465,0.000623,L,0.994465,0.989554,0.032976,0.006157,0.108381
138,48,00187,lightsnow,364,0,0.007889,0.990458,0.001653,L,0.990458,0.982569,0.053051,0.011194,0.284942
138,48,00187,lightsnow,797,0,0.002520,0.997160,0.000319,L,0.997160,0.994640,0.018648,0.003159,0.112697
138,48,00187,lightsnow,1408,0,0.005446,0.993754,0.000800,L,0.993754,0.988308,0.036703,0.007047,0.116050
138,48,00187,lightsnow,1001,0,0.018854,0.977489,0.003657,L,0.977489,0.958634,0.107087,0.026169,0.265320
138,48,00187,lightsnow,542,0,0.071868,0.915094,0.013038,L,0.915094,0.843226,0.297649,0.097944,0.171335
138,48,00187,lightsnow,974,0,0.004484,0.994949,0.000566,L,0.994949,0.990465,0.030511,0.005617,0.116375
138,48,00187,lightsnow,952,0,0.005276,0.994028,0.000696,L,0.994028,0.988753,0.035210,0.006667,0.084750
138,48,00187,lightsnow,795,0,0.002420,0.997273,0.000307,L,0.997273,0.994852,0.018009,0.003034,0.112347
138,48,00187,lightsnow,220,0,0.013906,0.983977,0.002117,L,0.983977,0.970072,0.080450,0.018140,0.137363
138,48,00187,lightsnow,914,0,0.004159,0.995332,0.000509,L,0.995332,0.991173,0.028509,0.005178,0.091597
138,48,00187,lightsnow,569,0,0.017757,0.979985,0.002258,L,0.979985,0.962228,0.095710,0.022272,0.093236
138,48,00187,lightsnow,605,0,0.010166,0.988518,0.001316,L,0.988518,0.978353,0.060796,0.012797,0.130625
138,48,00187,lightsnow,1229,0,0.003803,0.995639,0.000558,L,0.995639,0.991836,0.027052,0.004918,0.112880
138,48,00187,lightsnow,623,0,0.002230,0.997490,0.000280,L,0.997490,0.995259,0.016763,0.002791,0.120370
138,48,00187,lightsnow,223,0,0.003673,0.995837,0.000491,L,0.995837,0.992164,0.025929,0.004654,0.119972
138,48,00187,lightsnow,1307,0,0.000310,0.999650,0.000040,L,0.999650,0.999340,0.002963,0.000389,0.172550
139,48,00222,lightsnow,557,1,0.013120,0.985161,0.001719,L,0.985161,0.972041,0.075118,0.016557,0.094035
139,48,00222,lightsnow,558,1,0.011936,0.986575,0.001489,L,0.986575,0.974638,0.069072,0.014914,0.085312
139,48,00222,lightsnow,642,1,0.004556,0.994698,0.000746,L,0.994698,0.990142,0.032061,0.006048,0.183541
139,48,00222,lightsnow,643,1,0.014609,0.982810,0.002582,L,0.982810,0.968201,0.085713,0.019772,0.213646
139,48,00222,lightsnow,644,1,0.007668,0.990981,0.001351,L,0.990981,0.983313,0.050296,0.010371,0.309998
139,48,00222,lightsnow,645,1,0.004574,0.994585,0.000842,L,0.994585,0.990011,0.032769,0.006257,0.315756
139,48,00222,lightsnow,646,1,0.009776,0.988347,0.001876,L,0.988347,0.978571,0.062449,0.013529,0.261783
139,48,00222,lightsnow,647,1,0.004968,0.994259,0.000773,L,0.994259,0.989291,0.034242,0.006515,0.121099
139,48,00222,lightsnow,648,1,0.004895,0.994451,0.000653,L,0.994451,0.989556,0.033100,0.006202,0.088414
139,48,00222,lightsnow,732,1,0.003269,0.996149,0.000583,L,0.996149,0.992880,0.024476,0.004434,0.304630
139,48,00222,lightsnow,733,1,0.001627,0.998112,0.000261,L,0.998112,0.996486,0.013183,0.002148,0.360469
139,48,00222,lightsnow,734,1,0.000000,1.000000,0.000000,L,1.000000,1.000000,0.000004,0.000000,0.805237
139,48,00222,lightsnow,735,1,0.000000,1.000000,0.000000,L,1.000000,1.000000,0.000001,0.000000,0.993695
139,48,00222,lightsnow,736,1,0.000000,1.000000,0.000000,L,1.000000,1.000000,0.000003,0.000000,0.767385
139,48,00222,lightsnow,737,1,0.002338,0.997182,0.000480,L,0.997182,0.994845,0.018792,0.003298,0.261996
139,48,00222,lightsnow,738,1,0.002825,0.996811,0.000364,L,0.996811,0.993986,0.020613,0.003553,0.075987
139,48,00222,lightsnow,822,1,0.003427,0.995942,0.000631,L,0.995942,0.992515,0.025622,0.004688,0.275936
139,48,00222,lightsnow,823,1,0.001674,0.998020,0.000306,L,0.998020,0.996346,0.013796,0.002287,0.335779
139,48,00222,lightsnow,824,1,0.000016,0.999981,0.000003,L,0.999981,0.999964,0.000215,0.000022,0.555728
139,48,00222,lightsnow,825,1,0.000001,0.999999,0.000000,L,0.999999,0.999999,0.000009,0.000001,0.730763
139,48,00222,lightsnow,826,1,0.000012,0.999985,0.000002,L,0.999985,0.999973,0.000166,0.000017,0.546284
139,48,00222,lightsnow,827,1,0.004715,0.994436,0.000850,L,0.994436,0.989721,0.033509,0.006414,0.137983
139,48,00222,lightsnow,828,1,0.005646,0.993444,0.000910,L,0.993444,0.987799,0.038352,0.007466,0.094900
139,48,00222,lightsnow,912,1,0.007004,0.991587,0.001409,L,0.991587,0.984583,0.047673,0.009821,0.256705
139,48,00222,lightsnow,913,1,0.010228,0.987637,0.002135,L,0.987637,0.977409,0.065799,0.014499,0.281220
139,48,00222,lightsnow,914,1,0.022714,0.972738,0.004549,L,0.972738,0.950024,0.125053,0.031811,0.290530
139,48,00222,lightsnow,915,1,0.028448,0.965675,0.005877,L,0.965675,0.937226,0.150357,0.040202,0.274147
139,48,00222,lightsnow,916,1,0.018278,0.978281,0.003441,L,0.978281,0.960003,0.103903,0.025160,0.167440
139,48,00222,lightsnow,917,1,0.007861,0.990969,0.001170,L,0.990969,0.983108,0.050045,0.010200,0.077810
139,48,00222,lightsnow,918,1,0.007281,0.991764,0.000956,L,0.991764,0.984483,0.046136,0.009192,0.064599
139,48,00222,lightsnow,1186,0,0.004928,0.994458,0.000614,L,0.994458,0.989529,0.032996,0.006156,0.067340
139,48,00222,lightsnow,466,0,0.019302,0.978127,0.002571,L,0.978127,0.958826,0.103000,0.024443,0.114270
139,48,00222,lightsnow,28,0,0.003148,0.996400,0.000451,L,0.996400,0.993252,0.022943,0.004051,0.142322
139,48,00222,lightsnow,465,0,0.019819,0.977511,0.002670,L,0.977511,0.957692,0.105375,0.025158,0.115027
139,48,00222,lightsnow,1180,0,0.033680,0.960756,0.005564,L,0.960756,0.927075,0.165257,0.044808,0.106015
139,48,00222,lightsnow,767,0,0.001130,0.998737,0.000133,L,0.998737,0.997608,0.009207,0.001396,0.095526
139,48,00222,lightsnow,1215,0,0.017707,0.980174,0.002118,L,0.980174,0.962467,0.094754,0.021944,0.126585
139,48,00222,lightsnow,300,0,0.004548,0.994873,0.000578,L,0.994873,0.990325,0.030906,0.005705,0.091489
139,48,00222,lightsnow,1391,0,0.006438,0.992684,0.000878,L,0.992684,0.986246,0.041829,0.008195,0.145491
139,48,00222,lightsnow,314,0,0.004239,0.995250,0.000511,L,0.995250,0.991011,0.028918,0.005261,0.078757
139,48,00222,lightsnow,14,0,0.012861,0.985314,0.001824,L,0.985314,0.972453,0.074707,0.016510,0.128826
139,48,00222,lightsnow,888,0,0.003596,0.995989,0.000415,L,0.995989,0.992392,0.025009,0.004427,0.139122
139,48,00222,lightsnow,371,0,0.010671,0.987261,0.002068,L,0.987261,0.976590,0.067256,0.014807,0.209249
139,48,00222,lightsnow,345,0,0.001356,0.998496,0.000147,L,0.998496,0.997140,0.010704,0.001651,0.092479
139,48,00222,lightsnow,536,0,0.001018,0.998879,0.000104,L,0.998879,0.997861,0.008270,0.001225,0.089922
139,48,00222,lightsnow,625,0,0.001094,0.998788,0.000118,L,0.998788,0.997694,0.008862,0.001330,0.102014
139,48,00222,lightsnow,275,0,0.004975,0.994148,0.000877,L,0.994148,0.989173,0.034947,0.006729,0.219310
139,48,00222,lightsnow,842,0,0.007067,0.992031,0.000902,L,0.992031,0.984964,0.044837,0.008871,0.074131
140,48,00367,lightsnow,464,1,0.007970,0.990849,0.001181,L,0.990849,0.982879,0.050593,0.010332,0.115172
140,48,00367,lightsnow,465,1,0.012543,0.985428,0.002029,L,0.985428,0.972885,0.074608,0.016601,0.149150
140,48,00367,lightsnow,466,1,0.019394,0.977086,0.003520,L,0.977086,0.957693,0.108319,0.026434,0.212392
140,48,00367,lightsnow,467,1,0.020804,0.975557,0.003639,L,0.975557,0.954753,0.113911,0.028082,0.202317
140,48,00367,lightsnow,468,1,0.019502,0.976941,0.003557,L,0.976941,0.957439,0.108893,0.026616,0.220961
140,48,00367,lightsnow,469,1,0.004839,0.994356,0.000805,L,0.994356,0.989517,0.033824,0.006449,0.148798
140,48,00367,lightsnow,470,1,0.002402,0.997246,0.000352,L,0.997246,0.994844,0.018238,0.003106,0.121491
140,48,00367,lightsnow,554,1,0.004569,0.994597,0.000834,L,0.994597,0.990027,0.032699,0.006238,0.201270
140,48,00367,lightsnow,555,1,0.012225,0.985418,0.002357,L,0.985418,0.973193,0.075168,0.016940,0.249685
140,48,00367,lightsnow,556,1,0.011811,0.986042,0.002147,L,0.986042,0.974231,0.072342,0.016105,0.291396
140,48,00367,lightsnow,557,1,0.000764,0.999099,0.000136,L,0.999099,0.998335,0.006917,0.001037,0.381868
140,48,00367,lightsnow,558,1,0.000792,0.999067,0.000142,L,0.999067,0.998275,0.007139,0.001075,0.390380
140,48,00367,lightsnow,559,1,0.009598,0.988490,0.001912,L,0.988490,0.978892,0.061901,0.013422,0.257861
140,48,00367,lightsnow,560,1,0.003236,0.996190,0.000574,L,0.996190,0.992954,0.024250,0.004384,0.183198
140,48,00367,lightsnow,644,1,0.008359,0.989974,0.001667,L,0.989974,0.981615,0.055189,0.011693,0.242587
140,48,00367,lightsnow,645,1,0.006240,0.992501,0.001259,L,0.992501,0.986261,0.043287,0.008758,0.321757
140,48,00367,lightsnow,646,1,0.000009,0.999990,0.000001,L,0.999990,0.999980,0.000123,0.000012,0.656408
140,48,00367,lightsnow,647,1,0.000000,1.000000,0.000000,L,1.000000,1.000000,0.000002,0.000000,0.999942
140,48,00367,lightsnow,648,1,0.000000,1.000000,0.000000,L,1.000000,1.000000,0.000001,0.000000,0.988821
140,48,00367,lightsnow,649,1,0.000007,0.999992,0.000002,L,0.999992,0.999985,0.000097,0.000010,0.574501
140,48,00367,lightsnow,650,1,0.003481,0.995844,0.000675,L,0.995844,0.992362,0.026199,0.004832,0.186007
140,48,00367,lightsnow,734,1,0.009042,0.989256,0.001702,L,0.989256,0.980213,0.058337,0.012446,0.218825
140,48,00367,lightsnow,735,1,0.003670,0.995599,0.000731,L,0.995599,0.991929,0.027533,0.005132,0.338579
140,48,00367,lightsnow,736,1,0.001301,0.998475,0.000225,L,0.998475,0.997174,0.010972,0.001750,0.412585
140,48,00367,lightsnow,737,1,0.000030,0.999964,0.000005,L,0.999964,0.999934,0.000377,0.000041,0.610754
140,48,00367,lightsnow,738,1,0.000022,0.999973,0.000005,L,0.999973,0.999950,0.000299,0.000032,0.550543
140,48,00367,lightsnow,739,1,0.003362,0.995921,0.000718,L,0.995921,0.992559,0.025863,0.004797,0.250725
140,48,00367,lightsnow,740,1,0.005243,0.993904,0.000852,L,0.993904,0.988661,0.036075,0.006948,0.131506
140,48,00367,lightsnow,824,1,0.041024,0.952896,0.006080,L,0.952896,0.911872,0.189346,0.053185,0.099895
140,48,00367,lightsnow,825,1,0.021696,0.974283,0.004021,L,0.974283,0.952587,0.118945,0.029739,0.177177
140,48,00367,lightsnow,826,1,0.017383,0.979396,0.003221,L,0.979396,0.962013,0.099500,0.023825,0.229577
140,48,00367,lightsnow,827,1,0.031531,0.962332,0.006137,L,0.962332,0.930801,0.161298,0.043805,0.226545
140,48,00367,lightsnow,828,1,0.035334,0.958565,0.006101,L,0.958565,0.923231,0.172759,0.047537,0.163202
140,48,00367,lightsnow,829,1,0.016375,0.981134,0.002490,L,0.981134,0.964759,0.091890,0.021356,0.110839
140,48,00367,lightsnow,830,1,0.008795,0.989941,0.001263,L,0.989941,0.981146,0.054680,0.011322,0.101861
140,48,00367,lightsnow,683,0,0.010905,0.987738,0.001357,L,0.987738,0.976833,0.064102,0.013620,0.093613
140,48,00367,lightsnow,298,0,0.000637,0.999283,0.000080,L,0.999283,0.998645,0.005606,0.000797,0.113534
140,48,00367,lightsnow,1096,0,0.006590,0.992652,0.000758,L,0.992652,0.986061,0.041747,0.008106,0.063427
140,48,00367,lightsnow,1107,0,0.007713,0.991248,0.001039,L,0.991248,0.983535,0.048583,0.009791,0.096702
140,48,00367,lightsnow,295,0,0.016045,0.981872,0.002082,L,0.981872,0.965827,0.088406,0.020210,0.109222
140,48,00367,lightsnow,385,0,0.002875,0.996716,0.000409,L,0.996716,0.993841,0.021202,0.003693,0.105911
140,48,00367,lightsnow,845,0,0.007700,0.991402,0.000899,L,0.991402,0.983702,0.047638,0.009497,0.097143
140,48,00367,lightsnow,891,0,0.003585,0.995973,0.000442,L,0.995973,0.992388,0.025142,0.004470,0.143363
140,48,00367,lightsnow,996,0,0.007790,0.991166,0.001044,L,0.991166,0.983376,0.048956,0.009879,0.109654
140,48,00367,lightsnow,881,0,0.003588,0.995947,0.000465,L,0.995947,0.992359,0.025316,0.004517,0.135682
140,48,00367,lightsnow,1195,0,0.003344,0.996220,0.000437,L,0.996220,0.992876,0.023859,0.004217,0.115933
140,48,00367,lightsnow,693,0,0.003732,0.995778,0.000490,L,0.995778,0.992046,0.026225,0.004712,0.131980
140,48,00367,lightsnow,244,0,0.001441,0.998395,0.000164,L,0.998395,0.996953,0.011344,0.001769,0.091307
140,48,00367,lightsnow,1178,0,0.029429,0.965772,0.004799,L,0.965772,0.936343,0.148385,0.039026,0.113298
140,48,00367,lightsnow,1306,0,0.017529,0.980309,0.002162,L,0.980309,0.962780,0.094346,0.021853,0.109336
140,48,00367,lightsnow,581,0,0.001263,0.998587,0.000150,L,0.998587,0.997325,0.010157,0.001562,0.111797
140,48,00367,lightsnow,92,0,0.011174,0.987354,0.001472,L,0.987354,0.976180,0.065888,0.014119,0.141569
140,48,00367,lightsnow,625,0,0.001127,0.998738,0.000135,L,0.998738,0.997611,0.009208,0.001397,0.202315
141,48,00402,lightsnow,468,1,0.006919,0.992080,0.001001,L,0.992080,0.985161,0.044795,0.008920,0.112179
141,48,00402,lightsnow,469,1,0.011860,0.986378,0.001762,L,0.986378,0.974518,0.070359,0.015384,0.132123
141,48,00402,lightsnow,470,1,0.024324,0.971783,0.003893,L,0.971783,0.947458,0.127263,0.032110,0.152015
141,48,00402,lightsnow,471,1,0.014486,0.983165,0.002349,L,0.983165,0.968679,0.083973,0.019184,0.144498
141,48,00402,lightsnow,472,1,0.008772,0.989677,0.001551,L,0.989677,0.980906,0.056296,0.011874,0.172541
141,48,00402,lightsnow,473,1,0.002166,0.997476,0.000358,L,0.997476,0.995310,0.016976,0.002882,0.171197
141,48,00402,lightsnow,474,1,0.001791,0.997919,0.000290,L,0.997919,0.996128,0.014352,0.002370,0.165417
141,48,00402,lightsnow,558,1,0.002394,0.997200,0.000406,L,0.997200,0.994806,0.018584,0.003207,0.186035
141,48,00402,lightsnow,559,1,0.008286,0.990315,0.001400,L,0.990315,0.982029,0.053296,0.011085,0.182221
141,48,00402,lightsnow,560,1,0.011075,0.986968,0.001957,L,0.986968,0.975893,0.068289,0.014989,0.230381
141,48,00402,lightsnow,561,1,0.003848,0.995444,0.000707,L,0.995444,0.991596,0.028284,0.005263,0.262847
141,48,00402,lightsnow,562,1,0.006754,0.991986,0.001260,L,0.991986,0.985232,0.045649,0.009275,0.287595
141,48,00402,lightsnow,563,1,0.005431,0.993589,0.000980,L,0.993589,0.988157,0.037783,0.007392,0.186497
141,48,00402,lightsnow,564,1,0.002268,0.997356,0.000376,L,0.997356,0.995088,0.017672,0.003019,0.153573
141,48,00402,lightsnow,648,1,0.001144,0.998644,0.000212,L,0.998644,0.997500,0.009919,0.001568,0.286281
141,48,00402,lightsnow,649,1,0.003726,0.995614,0.000660,L,0.995614,0.991888,0.027351,0.005047,0.310239
141,48,00402,lightsnow,650,1,0.000001,0.999999,0.000000,L,0.999999,0.999998,0.000011,0.000001,0.706461
141,48,00402,lightsnow,651,1,0.000000,1.000000,0.000000,L,1.000000,1.000000,0.000001,0.000000,0.994006
141,48,00402,lightsnow,652,1,0.000000,1.000000,0.000000,L,1.000000,1.000000,0.000001,0.000000,0.920878
141,48,00402,lightsnow,653,1,0.000056,0.999934,0.000011,L,0.999934,0.999878,0.000669,0.000077,0.542842
141,48,00402,lightsnow,654,1,0.002680,0.996770,0.000549,L,0.996770,0.994090,0.021136,0.003779,0.231372
141,48,00402,lightsnow,738,1,0.002685,0.996801,0.000514,L,0.996801,0.994117,0.020918,0.003713,0.292769
141,48,00402,lightsnow,739,1,0.003572,0.995785,0.000643,L,0.995785,0.992213,0.026451,0.004858,0.344105
141,48,00402,lightsnow,740,1,0.000502,0.999435,0.000063,L,0.999435,0.998933,0.004541,0.000628,0.489275
141,48,00402,lightsnow,741,1,0.000003,0.999997,0.000000,L,0.999997,0.999994,0.000040,0.000003,0.809144
141,48,00402,lightsnow,742,1,0.000010,0.999988,0.000002,L,0.999988,0.999978,0.000135,0.000013,0.668643
141,48,00402,lightsnow,743,1,0.001813,0.997815,0.000372,L,0.997815,0.996003,0.015076,0.002556,0.370489
141,48,00402,lightsnow,744,1,0.004613,0.994509,0.000878,L,0.994509,0.989897,0.033193,0.006369,0.207477
141,48,00402,lightsnow,828,1,0.009655,0.988801,0.001544,L,0.988801,0.979147,0.060013,0.012743,0.136475
141,48,00402,lightsnow,829,1,0.003017,0.996446,0.000537,L,0.996446,0.993429,0.022846,0.004091,0.262327
141,48,00402,lightsnow,830,1,0.022627,0.973525,0.003848,L,0.973525,0.950898,0.121281,0.030323,0.240930
141,48,00402,lightsnow,831,1,0.023957,0.971616,0.004427,L,0.971616,0.947659,0.128679,0.032811,0.254625
141,48,00402,lightsnow,832,1,0.029890,0.965328,0.004783,L,0.965328,0.935438,0.149769,0.039455,0.173965
141,48,00402,lightsnow,833,1,0.011923,0.986290,0.001787,L,0.986290,0.974366,0.070757,0.015497,0.120714
141,48,00402,lightsnow,834,1,0.008658,0.990112,0.001230,L,0.990112,0.981454,0.053885,0.011118,0.108130
141,48,00402,lightsnow,1198,0,0.000176,0.999805,0.000019,L,0.999805,0.999630,0.001749,0.000214,0.182382
141,48,00402,lightsnow,457,0,0.003672,0.995859,0.000469,L,0.995859,0.992187,0.025773,0.004609,0.070323
141,48,00402,lightsnow,1000,0,0.005842,0.993321,0.000837,L,0.993321,0.987478,0.038806,0.007516,0.076070
141,48,00402,lightsnow,555,0,0.007477,0.991423,0.001099,L,0.991423,0.983946,0.047915,0.009676,0.090346
141,48,00402,lightsnow,620,0,0.001843,0.997916,0.000241,L,0.997916,0.996072,0.014286,0.002325,0.159238
141,48,00402,lightsnow,142,0,0.001724,0.998085,0.000191,L,0.998085,0.996361,0.013218,0.002107,0.099088
141,48,00402,lightsnow,884,0,0.005383,0.993946,0.000671,L,0.993946,0.988563,0.035558,0.006726,0.124511
141,48,00402,lightsnow,144,0,0.002536,0.997149,0.000315,L,0.997149,0.994613,0.018700,0.003166,0.116776
141,48,00402,lightsnow,1433,0,0.005428,0.993863,0.000709,L,0.993863,0.988435,0.036019,0.006845,0.118186
141,48,00402,lightsnow,924,0,0.007126,0.991899,0.000975,L,0.991899,0.984774,0.045565,0.009076,0.092654
141,48,00402,lightsnow,462,0,0.005315,0.993975,0.000711,L,0.993975,0.988660,0.035494,0.006736,0.077125
141,48,00402,lightsnow,487,0,0.001508,0.998304,0.000188,L,0.998304,0.996797,0.011928,0.001884,0.120866
141,48,00402,lightsnow,584,0,0.001702,0.998074,0.000224,L,0.998074,0.996372,0.013340,0.002149,0.089855
141,48,00402,lightsnow,316,0,0.001304,0.998540,0.000157,L,0.998540,0.997236,0.010460,0.001617,0.093069
141,48,00402,lightsnow,791,0,0.003472,0.996088,0.000441,L,0.996088,0.992616,0.024549,0.004353,0.103634
141,48,00402,lightsnow,1063,0,0.007071,0.992038,0.000891,L,0.992038,0.984967,0.044785,0.008853,0.096449
141,48,00402,lightsnow,65,0,0.001486,0.998338,0.000176,L,0.998338,0.996852,0.011705,0.001838,0.101447
141,48,00402,lightsnow,135,0,0.002541,0.997184,0.000275,L,0.997184,0.994644,0.018432,0.003091,0.101409
142,48,00437,lightsnow,739,1,0.007010,0.991746,0.001244,L,0.991746,0.984735,0.046710,0.009498,0.343964
142,48,00437,lightsnow,648,1,0.000000,1.000000,0.000000,L,1.000000,1.000000,0.000003,0.000000,0.751595
142,48,00437,lightsnow,471,1,0.002108,0.997510,0.000382,L,0.997510,0.995403,0.016821,0.002871,0.163967
142,48,00437,lightsnow,467,1,0.012793,0.985290,0.001917,L,0.985290,0.972496,0.074967,0.016627,0.138334
142,48,00437,lightsnow,831,1,0.006494,0.992611,0.000895,L,0.992611,0.986118,0.042191,0.008284,0.089410
142,48,00437,lightsnow,829,1,0.041875,0.951083,0.007042,L,0.951083,0.909208,0.196132,0.055959,0.181858
142,48,00437,lightsnow,556,1,0.006637,0.992247,0.001115,L,0.992247,0.985610,0.044231,0.008868,0.195998
142,48,00437,lightsnow,651,1,0.003371,0.995885,0.000744,L,0.995885,0.992515,0.026081,0.004859,0.260069
142,48,00437,lightsnow,557,1,0.003965,0.995345,0.000690,L,0.995345,0.991380,0.028757,0.005345,0.227134
142,48,00437,lightsnow,736,1,0.006351,0.992635,0.001014,L,0.992635,0.986283,0.042289,0.008379,0.174373
142,48,00437,lightsnow,826,1,0.038400,0.956240,0.005360,L,0.956240,0.917840,0.178395,0.049120,0.087607
142,48,00437,lightsnow,832,1,0.004899,0.994360,0.000741,L,0.994360,0.989461,0.033699,0.006381,0.118640
142,48,00437,lightsnow,465,1,0.003851,0.995583,0.000566,L,0.995583,0.991732,0.027352,0.004983,0.122524
142,48,00437,lightsnow,647,1,0.000038,0.999955,0.000007,L,0.999955,0.999918,0.000466,0.000052,0.471932
142,48,00437,lightsnow,742,1,0.005723,0.993414,0.000864,L,0.993414,0.987691,0.038415,0.007450,0.110780
142,48,00437,lightsnow,650,1,0.000021,0.999975,0.000004,L,0.999975,0.999954,0.000270,0.000028,0.608291
142,48,00437,lightsnow,470,1,0.009876,0.988137,0.001987,L,0.988137,0.978261,0.063498,0.013850,0.253224
142,48,00437,lightsnow,738,1,0.007167,0.991594,0.001239,L,0.991594,0.984426,0.047384,0.009645,0.325849
142,48,00437,lightsnow,741,1,0.005888,0.993187,0.000925,L,0.993187,0.987299,0.039580,0.007738,0.132829
142,48,00437,lightsnow,560,1,0.000413,0.999532,0.000055,L,0.999532,0.999119,0.003845,0.000522,0.502124
142,48,00437,lightsnow,652,1,0.004056,0.995307,0.000636,L,0.995307,0.991251,0.028861,0.005329,0.115590
142,48,00437,lightsnow,559,1,0.000000,1.000000,0.000000,L,1.000000,1.000000,0.000004,0.000000,0.679649
142,48,00437,lightsnow,472,1,0.001742,0.997911,0.000347,L,0.997911,0.996169,0.014489,0.002436,0.216585
142,48,00437,lightsnow,830,1,0.015602,0.982078,0.002321,L,0.982078,0.966476,0.088063,0.020243,0.122513
142,48,00437,lightsnow,561,1,0.003058,0.996301,0.000640,L,0.996301,0.993243,0.023764,0.004339,0.236596
142,48,00437,lightsnow,649,1,0.000000,1.000000,0.000000,L,1.000000,1.000000,0.000001,0.000000,0.894912
142,48,00437,lightsnow,466,1,0.007536,0.991398,0.001066,L,0.991398,0.983861,0.047970,0.009669,0.115342
142,48,00437,lightsnow,735,1,0.018069,0.979597,0.002334,L,0.979597,0.961528,0.097269,0.022738,0.101629
142,48,00437,lightsnow,562,1,0.002725,0.996769,0.000507,L,0.996769,0.994044,0.021082,0.003738,0.176126
142,48,00437,lightsnow,737,1,0.004762,0.994337,0.000901,L,0.994337,0.989574,0.034070,0.006564,0.272641
142,48,00437,lightsnow,740,1,0.011953,0.985664,0.002383,L,0.985664,0.973711,0.074218,0.016718,0.246214
142,48,00437,lightsnow,468,1,0.014444,0.982919,0.002637,L,0.982919,0.968474,0.085381,0.019719,0.215404
142,48,00437,lightsnow,558,1,0.000000,1.000000,0.000000,L,1.000000,0.999999,0.000008,0.000001,0.633394
142,48,00437,lightsnow,825,1,0.046058,0.947786,0.006156,L,0.947786,0.901728,0.203823,0.058370,0.089230
142,48,00437,lightsnow,555,1,0.002592,0.997022,0.000387,L,0.997022,0.994430,0.019521,0.003365,0.142730
142,48,00437,lightsnow,827,1,0.023378,0.972559,0.004063,L,0.972559,0.949181,0.124921,0.031505,0.153890
142,48,00437,lightsnow,912,0,0.006054,0.993198,0.000749,L,0.993198,0.987144,0.039217,0.007551,0.068885
142,48,00437,lightsnow,575,0,0.001889,0.997861,0.000250,L,0.997861,0.995972,0.014616,0.002389,0.136076
142,48,00437,lightsnow,1416,0,0.005909,0.993325,0.000765,L,0.993325,0.987416,0.038654,0.007440,0.097122
142,48,00437,lightsnow,162,0,0.001877,0.997910,0.000213,L,0.997910,0.996032,0.014268,0.002304,0.113852
142,48,00437,lightsnow,622,0,0.001984,0.997769,0.000247,L,0.997769,0.995786,0.015130,0.002477,0.132861
142,48,00437,lightsnow,930,0,0.007168,0.991923,0.000909,L,0.991923,0.984755,0.045338,0.008986,0.109739
142,48,00437,lightsnow,77,0,0.001488,0.998324,0.000188,L,0.998324,0.996836,0.011809,0.001864,0.125897
142,48,00437,lightsnow,586,0,0.001536,0.998275,0.000189,L,0.998275,0.996740,0.012100,0.001914,0.133934
142,48,00437,lightsnow,836,0,0.007629,0.991405,0.000967,L,0.991405,0.983776,0.047756,0.009562,0.116531
142,48,00437,lightsnow,684,0,0.010731,0.987916,0.001353,L,0.987916,0.977186,0.063359,0.013437,0.148606
142,48,00437,lightsnow,658,0,0.002176,0.997550,0.000274,L,0.997550,0.995373,0.016416,0.002724,0.121830
142,48,00437,lightsnow,298,0,0.003805,0.995689,0.000506,L,0.995689,0.991884,0.026708,0.004817,0.118479
142,48,00437,lightsnow,1023,0,0.005820,0.993441,0.000739,L,0.993441,0.987621,0.038064,0.007298,0.113672
142,48,00437,lightsnow,704,0,0.003398,0.996179,0.000423,L,0.996179,0.992781,0.024043,0.004244,0.136058
142,48,00437,lightsnow,628,0,0.001476,0.998343,0.000181,L,0.998343,0.996867,0.011685,0.001838,0.138306
142,48,00437,lightsnow,513,0,0.004624,0.994862,0.000514,L,0.994862,0.990239,0.030836,0.005652,0.067257
142,48,00437,lightsnow,348,0,0.001376,0.998455,0.000170,L,0.998455,0.997079,0.010997,0.001715,0.131299
142,48,00437,lightsnow,929,0,0.006962,0.992156,0.000882,L,0.992156,0.985194,0.044238,0.008727,0.109032
143,49,00593,lightsnow,1173,1,0.005336,0.993855,0.000809,L,0.993855,0.988518,0.036240,0.006955,0.149566
143,49,00593,lightsnow,1174,1,0.004228,0.995108,0.000664,L,0.995108,0.990880,0.029902,0.005556,0.161880
143,49,00593,lightsnow,1175,1,0.002885,0.996588,0.000527,L,0.996588,0.993704,0.022079,0.003939,0.221489
143,49,00593,lightsnow,1263,1,0.000827,0.999048,0.000125,L,0.999048,0.998221,0.007234,0.001077,0.224179
143,49,00593,lightsnow,1264,1,0.000491,0.999416,0.000092,L,0.999416,0.998925,0.004721,0.000676,0.313150
143,49,00593,lightsnow,1265,1,0.000191,0.999770,0.000039,L,0.999770,0.999578,0.002062,0.000270,0.379427
143,49,00593,lightsnow,1266,1,0.001098,0.998666,0.000236,L,0.998666,0.997568,0.009818,0.001570,0.354861
143,49,00593,lightsnow,1267,1,0.002621,0.996839,0.000540,L,0.996839,0.994218,0.020755,0.003702,0.353012
143,49,00593,lightsnow,1268,1,0.004607,0.994412,0.000982,L,0.994412,0.989805,0.033822,0.006570,0.325817
143,49,00593,lightsnow,1269,1,0.002301,0.997212,0.000487,L,0.997212,0.994912,0.018636,0.003275,0.313305
143,49,00593,lightsnow,1353,1,0.000356,0.999592,0.000052,L,0.999592,0.999236,0.003415,0.000461,0.281736
143,49,00593,lightsnow,1354,1,0.000051,0.999941,0.000009,L,0.999941,0.999890,0.000601,0.000068,0.467387
143,49,00593,lightsnow,1355,1,0.000055,0.999935,0.000010,L,0.999935,0.999880,0.000657,0.000075,0.469484
143,49,00593,lightsnow,1356,1,0.000341,0.999588,0.000071,L,0.999588,0.999247,0.003469,0.000483,0.396748
143,49,00593,lightsnow,1357,1,0.003655,0.995585,0.000759,L,0.995585,0.991930,0.027645,0.005174,0.317947
143,49,00593,lightsnow,1358,1,0.025237,0.969517,0.005246,L,0.969517,0.944280,0.136914,0.035729,0.297237
143,49,00593,lightsnow,1359,1,0.008040,0.990305,0.001655,L,0.990305,0.982265,0.053729,0.011351,0.264388
143,49,00593,lightsnow,901,0,0.002551,0.997012,0.000436,L,0.997012,0.994461,0.019656,0.003424,0.174781
143,49,00593,lightsnow,542,0,0.008061,0.990496,0.001443,L,0.990496,0.982435,0.052574,0.010947,0.173991
143,49,00593,lightsnow,1220,0,0.005349,0.993992,0.000659,L,0.993992,0.988642,0.035316,0.006667,0.080094
143,49,00593,lightsnow,1326,0,0.004455,0.994978,0.000567,L,0.994978,0.990523,0.030368,0.005588,0.110863
143,49,00593,lightsnow,225,0,0.000261,0.999708,0.000031,L,0.999708,0.999447,0.002517,0.000322,0.131425
143,49,00593,lightsnow,1332,0,0.004455,0.994979,0.000567,L,0.994979,0.990524,0.030366,0.005588,0.110863
143,49,00593,lightsnow,1250,0,0.005183,0.994156,0.000661,L,0.994156,0.988973,0.034536,0.006505,0.108665
143,49,00593,lightsnow,399,0,0.002585,0.997063,0.000352,L,0.997063,0.994478,0.019236,0.003289,0.098253
143,49,00593,lightsnow,378,0,0.007150,0.991773,0.001076,L,0.991773,0.984623,0.046310,0.009303,0.160583
143,49,00593,lightsnow,788,0,0.003041,0.996580,0.000379,L,0.996580,0.993540,0.021867,0.003799,0.138673
143,49,00593,lightsnow,1398,0,0.005563,0.993723,0.000715,L,0.993723,0.988160,0.036696,0.006992,0.093229
143,49,00593,lightsnow,375,0,0.007608,0.991190,0.001201,L,0.991190,0.983582,0.049122,0.010011,0.145711
143,49,00593,lightsnow,246,0,0.001241,0.998603,0.000155,L,0.998603,0.997362,0.010071,0.001552,0.125195
143,49,00593,lightsnow,253,0,0.001241,0.998604,0.000155,L,0.998604,0.997363,0.010069,0.001552,0.125224
143,49,00593,lightsnow,42,0,0.004180,0.995309,0.000511,L,0.995309,0.991128,0.028628,0.005203,0.105198
143,49,00593,lightsnow,4,0,0.018713,0.978490,0.002797,L,0.978490,0.959777,0.102103,0.024307,0.150620
143,49,00593,lightsnow,1270,0,0.002800,0.996717,0.000483,L,0.996717,0.993916,0.021324,0.003767,0.184068
143,49,00593,lightsnow,758,0,0.002306,0.997398,0.000296,L,0.997398,0.995093,0.017298,0.002898,0.107228
144,46,00155,heavysnow,548,1,0.017334,0.979596,0.003069,L,0.979596,0.962262,0.098530,0.023473,0.203771
144,46,00155,heavysnow,549,1,0.016725,0.980315,0.002960,L,0.980315,0.963590,0.095706,0.022645,0.221185
144,46,00155,heavysnow,550,1,0.031537,0.962475,0.005988,L,0.962475,0.930938,0.160629,0.043513,0.289687
144,46,00155,heavysnow,551,1,0.028810,0.965694,0.005496,L,0.965694,0.936884,0.149737,0.039803,0.244369
144,46,00155,heavysnow,552,1,0.011713,0.986150,0.002137,L,0.986150,0.974437,0.071889,0.015986,0.184405
144,46,00155,heavysnow,553,1,0.003199,0.996241,0.000561,L,0.996241,0.993042,0.023962,0.004320,0.179519
144,46,00155,heavysnow,554,1,0.002358,0.997221,0.000421,L,0.997221,0.994864,0.018490,0.003200,0.217491
144,46,00155,heavysnow,638,1,0.012314,0.985525,0.002161,L,0.985525,0.973211,0.074438,0.016637,0.217164
144,46,00155,heavysnow,639,1,0.011165,0.986739,0.002096,L,0.986739,0.975574,0.069441,0.015358,0.283331
144,46,00155,heavysnow,640,1,0.009355,0.988925,0.001720,L,0.988925,0.979570,0.059772,0.012795,0.325895
144,46,00155,heavysnow,641,1,0.007816,0.990829,0.001355,L,0.990829,0.983013,0.050969,0.010525,0.359754
144,46,00155,heavysnow,642,1,0.018006,0.978361,0.003633,L,0.978361,0.960355,0.103897,0.025272,0.321718
144,46,00155,heavysnow,643,1,0.005258,0.993672,0.001070,L,0.993672,0.988414,0.037524,0.007399,0.266812
144,46,00155,heavysnow,644,1,0.004122,0.995165,0.000714,L,0.995165,0.991043,0.029700,0.005549,0.200074
144,46,00155,heavysnow,728,1,0.005978,0.992888,0.001134,L,0.992888,0.986910,0.041311,0.008247,0.331198
144,46,00155,heavysnow,729,1,0.000217,0.999746,0.000037,L,0.999746,0.999529,0.002239,0.000290,0.531842
144,46,00155,heavysnow,730,1,0.000005,0.999995,0.000001,L,0.999995,0.999990,0.000063,0.000006,0.985537
144,46,00155,heavysnow,731,1,0.000002,0.999998,0.000000,L,0.999998,0.999996,0.000031,0.000003,0.999984
144,46,00155,heavysnow,732,1,0.000002,0.999997,0.000000,L,0.999997,0.999995,0.000035,0.000003,0.998825
144,46,00155,heavysnow,733,1,0.002640,0.996979,0.000381,L,0.996979,0.994339,0.019744,0.003402,0.568057
144,46,00155,heavysnow,734,1,0.003895,0.995504,0.000601,L,0.995504,0.991609,0.027811,0.005097,0.491016
144,46,00155,heavysnow,818,1,0.009804,0.988324,0.001872,L,0.988324,0.978521,0.062541,0.013548,0.316743
144,46,00155,heavysnow,819,1,0.004712,0.994516,0.000773,L,0.994516,0.989804,0.032997,0.006257,0.383977
144,46,00155,heavysnow,820,1,0.003298,0.996255,0.000447,L,0.996255,0.992958,0.023694,0.004192,0.432747
144,46,00155,heavysnow,821,1,0.000006,0.999993,0.000001,L,0.999993,0.999987,0.000081,0.000008,0.813192
144,46,00155,heavysnow,822,1,0.000035,0.999959,0.000006,L,0.999959,0.999924,0.000425,0.000046,0.658912
144,46,00155,heavysnow,823,1,0.005124,0.993888,0.000989,L,0.993888,0.988764,0.036370,0.007101,0.455936
144,46,00155,heavysnow,824,1,0.005149,0.993845,0.001006,L,0.993845,0.988696,0.036601,0.007161,0.363517
144,46,00155,heavysnow,908,1,0.035837,0.958177,0.005986,L,0.958177,0.922340,0.173736,0.047809,0.142485
144,46,00155,heavysnow,909,1,0.014999,0.982226,0.002775,L,0.982226,0.967227,0.088242,0.020549,0.235910
144,46,00155,heavysnow,910,1,0.029130,0.965352,0.005518,L,0.965352,0.936222,0.150860,0.040166,0.266289
144,46,00155,heavysnow,911,1,0.036604,0.956563,0.006833,L,0.956563,0.919959,0.179883,0.050270,0.273611
144,46,00155,heavysnow,912,1,0.013260,0.984390,0.002350,L,0.984390,0.971130,0.079226,0.017961,0.203769
144,46,00155,heavysnow,913,1,0.007790,0.990940,0.001270,L,0.990940,0.983149,0.050345,0.010330,0.179288
144,46,00155,heavysnow,914,1,0.008125,0.990735,0.001139,L,0.990735,0.982610,0.051017,0.010404,0.095259
144,46,00155,heavysnow,314,0,0.001348,0.998504,0.000148,L,0.998504,0.997156,0.010660,0.001645,0.080830
144,46,00155,heavysnow,626,0,0.000883,0.999005,0.000112,L,0.999005,0.998122,0.007484,0.001107,0.139424
144,46,00155,heavysnow,747,0,0.006074,0.993110,0.000816,L,0.993110,0.987035,0.039749,0.007706,0.096414
144,46,00155,heavysnow,1108,0,0.017476,0.979706,0.002818,L,0.979706,0.962229,0.097722,0.023112,0.238800
144,46,00155,heavysnow,869,0,0.003497,0.996059,0.000444,L,0.996059,0.992562,0.024704,0.004385,0.087845
144,46,00155,heavysnow,610,0,0.002573,0.997040,0.000388,L,0.997040,0.994467,0.019425,0.003348,0.127487
144,46,00155,heavysnow,445,0,0.001835,0.997944,0.000220,L,0.997944,0.996109,0.014083,0.002276,0.086090
144,46,00155,heavysnow,717,0,0.001510,0.998315,0.000175,L,0.998315,0.996806,0.011835,0.001859,0.112569
144,46,00155,heavysnow,902,0,0.008345,0.990364,0.001291,L,0.990364,0.982019,0.052902,0.010927,0.122677
144,46,00155,heavysnow,309,0,0.001428,0.998421,0.000152,L,0.998421,0.996993,0.011166,0.001731,0.073826
144,46,00155,heavysnow,1437,0,0.004351,0.995099,0.000550,L,0.995099,0.990748,0.029741,0.005451,0.087976
144,46,00155,heavysnow,363,0,0.008447,0.989871,0.001682,L,0.989871,0.981424,0.055659,0.011811,0.177174
144,46,00155,heavysnow,147,0,0.001784,0.998030,0.000185,L,0.998030,0.996246,0.013519,0.002155,0.108594
144,46,00155,heavysnow,1116,0,0.002891,0.996756,0.000353,L,0.996756,0.993866,0.020886,0.003597,0.094517
144,46,00155,heavysnow,794,0,0.003085,0.996570,0.000345,L,0.996570,0.993485,0.021852,0.003774,0.078638
144,46,00155,heavysnow,871,0,0.003519,0.996018,0.000462,L,0.996018,0.992499,0.024947,0.004444,0.095832
144,46,00155,heavysnow,831,0,0.005315,0.993901,0.000785,L,0.993901,0.988586,0.035979,0.006884,0.137726
144,46,00155,heavysnow,138,0,0.001788,0.998028,0.000184,L,0.998028,0.996239,0.013533,0.002156,0.102963
145,46,00203,heavysnow,554,1,0.002086,0.997595,0.000319,L,0.997595,0.995509,0.016243,0.002724,0.160496
145,46,00203,heavysnow,555,1,0.006455,0.992463,0.001082,L,0.992463,0.986008,0.043191,0.008619,0.187129
145,46,00203,heavysnow,556,1,0.010881,0.987066,0.002053,L,0.987066,0.976186,0.068034,0.014986,0.258108
145,46,00203,heavysnow,557,1,0.010593,0.987377,0.002031,L,0.987377,0.976784,0.066724,0.014654,0.296930
145,46,00203,heavysnow,558,1,0.005607,0.993330,0.001063,L,0.993330,0.987723,0.039133,0.007733,0.326980
145,46,00203,heavysnow,559,1,0.011827,0.985838,0.002335,L,0.985838,0.974011,0.073449,0.016497,0.245433
145,46,00203,heavysnow,560,1,0.002457,0.997109,0.000434,L,0.997109,0.994652,0.019125,0.003325,0.190537
145,46,00203,heavysnow,561,1,0.002945,0.996620,0.000435,L,0.996620,0.993676,0.021757,0.003815,0.122037
145,46,00203,heavysnow,644,1,0.001029,0.998785,0.000186,L,0.998785,0.997756,0.009003,0.001401,0.272790
145,46,00203,heavysnow,645,1,0.004514,0.994637,0.000849,L,0.994637,0.990123,0.032524,0.006212,0.303635
145,46,00203,heavysnow,646,1,0.000193,0.999771,0.000036,L,0.999771,0.999578,0.002042,0.000264,0.438233
145,46,00203,heavysnow,647,1,0.000000,1.000000,0.000000,L,1.000000,1.000000,0.000002,0.000000,0.985910
145,46,00203,heavysnow,648,1,0.000000,1.000000,0.000000,L,1.000000,1.000000,0.000001,0.000000,0.999838
145,46,00203,heavysnow,649,1,0.000000,1.000000,0.000000,L,1.000000,1.000000,0.000004,0.000000,0.788710
145,46,00203,heavysnow,650,1,0.002362,0.997124,0.000514,L,0.997124,0.994762,0.019160,0.003390,0.346198
145,46,00203,heavysnow,651,1,0.003243,0.996212,0.000545,L,0.996212,0.992969,0.024087,0.004333,0.146285
145,46,00203,heavysnow,734,1,0.002663,0.996865,0.000472,L,0.996865,0.994202,0.020508,0.003607,0.228587
145,46,00203,heavysnow,735,1,0.005328,0.993606,0.001066,L,0.993606,0.988278,0.037830,0.007461,0.309272
145,46,00203,heavysnow,736,1,0.003220,0.996197,0.000582,L,0.996197,0.992977,0.024223,0.004385,0.363073
145,46,00203,heavysnow,737,1,0.000010,0.999988,0.000002,L,0.999988,0.999978,0.000137,0.000014,0.652839
145,46,00203,heavysnow,738,1,0.000001,0.999999,0.000000,L,0.999999,0.999998,0.000014,0.000001,0.754536
145,46,00203,heavysnow,739,1,0.000008,0.999990,0.000002,L,0.999990,0.999982,0.000115,0.000012,0.584883
145,46,00203,heavysnow,740,1,0.002643,0.996734,0.000623,L,0.996734,0.994091,0.021431,0.003888,0.333879
145,46,00203,heavysnow,741,1,0.003231,0.996231,0.000539,L,0.996231,0.993000,0.023980,0.004308,0.133372
145,46,00203,heavysnow,824,1,0.039311,0.954789,0.005900,L,0.954789,0.915478,0.183573,0.051110,0.106081
145,46,00203,heavysnow,825,1,0.017550,0.979410,0.003040,L,0.979410,0.961860,0.099168,0.023631,0.165016
145,46,00203,heavysnow,826,1,0.005012,0.994111,0.000877,L,0.994111,0.989099,0.035123,0.006766,0.217308
145,46,00203,heavysnow,827,1,0.016718,0.980083,0.003198,L,0.980083,0.963365,0.096931,0.023115,0.238635
145,46,00203,heavysnow,828,1,0.013331,0.984143,0.002525,L,0.984143,0.970812,0.080461,0.018382,0.208531
145,46,00203,heavysnow,829,1,0.007627,0.991090,0.001282,L,0.991090,0.983463,0.049698,0.010192,0.154516
145,46,00203,heavysnow,830,1,0.005513,0.993618,0.000869,L,0.993618,0.988106,0.037462,0.007251,0.137852
145,46,00203,heavysnow,831,1,0.005163,0.994118,0.000719,L,0.994118,0.988955,0.034826,0.006602,0.098040
145,46,00203,heavysnow,529,0,0.005233,0.994113,0.000654,L,0.994113,0.988880,0.034731,0.006542,0.119466
145,46,00203,heavysnow,257,0,0.001240,0.998605,0.000155,L,0.998605,0.997365,0.010061,0.001550,0.125205
145,46,00203,heavysnow,346,0,0.001355,0.998476,0.000169,L,0.998476,0.997121,0.010867,0.001693,0.131348
145,46,00203,heavysnow,160,0,0.001750,0.998035,0.000215,L,0.998035,0.996284,0.013555,0.002181,0.125821
145,46,00203,heavysnow,811,0,0.003602,0.995804,0.000594,L,0.995804,0.992202,0.026274,0.004790,0.149172
145,46,00203,heavysnow,1202,0,0.009656,0.988823,0.001522,L,0.988823,0.979167,0.059886,0.012699,0.171471
145,46,00203,heavysnow,590,0,0.003281,0.996283,0.000436,L,0.996283,0.993001,0.023533,0.004154,0.091316
145,46,00203,heavysnow,1342,0,0.006538,0.992790,0.000672,L,0.992790,0.986251,0.040945,0.007883,0.085628
145,46,00203,heavysnow,483,0,0.005214,0.994000,0.000787,L,0.994000,0.988786,0.035510,0.006787,0.116986
145,46,00203,heavysnow,126,0,0.001904,0.997872,0.000224,L,0.997872,0.995968,0.014506,0.002353,0.098316
145,46,00203,heavysnow,522,0,0.001608,0.998191,0.000202,L,0.998191,0.996583,0.012622,0.002011,0.123424
145,46,00203,heavysnow,197,0,0.001927,0.997846,0.000228,L,0.997846,0.995919,0.014660,0.002382,0.084803
145,46,00203,heavysnow,128,0,0.001807,0.997991,0.000201,L,0.997991,0.996184,0.013775,0.002210,0.104599
145,46,00203,heavysnow,821,0,0.050445,0.941838,0.007717,L,0.941838,0.891393,0.222689,0.065880,0.110094
145,46,00203,heavysnow,845,0,0.010712,0.987775,0.001512,L,0.987775,0.977063,0.064231,0.013737,0.118340
145,46,00203,heavysnow,1014,0,0.013373,0.984758,0.001869,L,0.984758,0.971385,0.076973,0.017111,0.083581
145,46,00203,heavysnow,397,0,0.004285,0.995162,0.000553,L,0.995162,0.990877,0.029436,0.005391,0.084734
145,46,00203,heavysnow,325,0,0.001360,0.998505,0.000136,L,0.998505,0.997145,0.010630,0.001631,0.093380
146,46,00250,heavysnow,564,1,0.003295,0.996264,0.000442,L,0.996264,0.992969,0.023641,0.004178,0.106862
146,46,00250,heavysnow,657,1,0.000000,1.000000,0.000000,L,1.000000,0.999999,0.000005,0.000000,0.591382
146,46,00250,heavysnow,927,1,0.004992,0.993930,0.001078,L,0.993930,0.988938,0.036295,0.007148,0.214673
146,46,00250,heavysnow,563,1,0.000765,0.999143,0.000092,L,0.999143,0.998378,0.006553,0.000948,0.092633
146,46,00250,heavysnow,569,1,0.006001,0.993198,0.000801,L,0.993198,0.987196,0.039314,0.007603,0.092704
146,46,00250,heavysnow,655,1,0.002835,0.996711,0.000454,L,0.996711,0.993875,0.021306,0.003743,0.184558
146,46,00250,heavysnow,656,1,0.000003,0.999996,0.000001,L,0.999996,0.999993,0.000052,0.000005,0.563412
146,46,00250,heavysnow,750,1,0.005833,0.992865,0.001302,L,0.992865,0.987032,0.041656,0.008436,0.227570
146,46,00250,heavysnow,566,1,0.007673,0.991184,0.001143,L,0.991184,0.983511,0.049050,0.009959,0.122289
146,46,00250,heavysnow,929,1,0.008953,0.989501,0.001546,L,0.989501,0.980548,0.057045,0.012045,0.126897
146,46,00250,heavysnow,567,1,0.014842,0.983155,0.002003,L,0.983155,0.968313,0.083411,0.018848,0.105757
146,46,00250,heavysnow,660,1,0.004154,0.995179,0.000667,L,0.995179,0.991025,0.029551,0.005488,0.114295
146,46,00250,heavysnow,928,1,0.008404,0.990138,0.001459,L,0.990138,0.981734,0.054160,0.011321,0.103489
146,46,00250,heavysnow,745,1,0.001341,0.998390,0.000269,L,0.998390,0.997049,0.011550,0.001879,0.330870
146,46,00250,heavysnow,744,1,0.002153,0.997437,0.000409,L,0.997437,0.995284,0.017271,0.002972,0.281867
146,46,00250,heavysnow,834,1,0.005249,0.993620,0.001131,L,0.993620,0.988371,0.037855,0.007511,0.323139
146,46,00250,heavysnow,747,1,0.000000,1.000000,0.000000,L,1.000000,1.000000,0.000003,0.000000,0.961006
146,46,00250,heavysnow,748,1,0.000001,0.999999,0.000000,L,0.999999,0.999998,0.000019,0.000002,0.696978
146,46,00250,heavysnow,743,1,0.000044,0.999950,0.000006,L,0.999950,0.999906,0.000509,0.000055,0.168705
146,46,00250,heavysnow,565,1,0.008002,0.990870,0.001128,L,0.990870,0.982867,0.050409,0.010258,0.114496
146,46,00250,heavysnow,833,1,0.000977,0.998802,0.000222,L,0.998802,0.997825,0.008950,0.001420,0.291024
146,46,00250,heavysnow,654,1,0.002286,0.997356,0.000358,L,0.997356,0.995070,0.017644,0.003002,0.180049
146,46,00250,heavysnow,746,1,0.000002,0.999997,0.000000,L,0.999997,0.999995,0.000036,0.000003,0.713518
146,46,00250,heavysnow,570,1,0.005942,0.993205,0.000853,L,0.993205,0.987262,0.039374,0.007648,0.115166
146,46,00250,heavysnow,653,1,0.000146,0.999833,0.000021,L,0.999833,0.999687,0.001534,0.000188,0.198654
146,46,00250,heavysnow,838,1,0.004805,0.994128,0.001068,L,0.994128,0.989323,0.035325,0.006940,0.365495
146,46,00250,heavysnow,839,1,0.010557,0.987028,0.002415,L,0.987028,0.976471,0.068710,0.015387,0.237480
146,46,00250,heavysnow,835,1,0.015744,0.981242,0.003013,L,0.981242,0.965498,0.092326,0.021771,0.333057
146,46,00250,heavysnow,840,1,0.018055,0.978603,0.003342,L,0.978603,0.960548,0.102582,0.024738,0.152842
146,46,00250,heavysnow,926,1,0.006705,0.992096,0.001199,L,0.992096,0.985391,0.045051,0.009103,0.161140
146,46,00250,heavysnow,836,1,0.008116,0.990341,0.001543,L,0.990341,0.982226,0.053405,0.011202,0.360895
146,46,00250,heavysnow,930,1,0.008927,0.989909,0.001164,L,0.989909,0.980982,0.054640,0.011255,0.127514
146,46,00250,heavysnow,837,1,0.010871,0.986958,0.002171,L,0.986958,0.976087,0.068654,0.015213,0.361810
146,46,00250,heavysnow,658,1,0.000003,0.999997,0.000000,L,0.999997,0.999994,0.000041,0.000004,0.489631
146,46,00250,heavysnow,659,1,0.003671,0.995737,0.000593,L,0.995737,0.992066,0.026616,0.004856,0.120991
146,46,00250,heavysnow,749,1,0.004731,0.994165,0.001105,L,0.994165,0.989434,0.035194,0.006940,0.287566
146,46,00250,heavysnow,1375,0,0.015771,0.982178,0.002051,L,0.982178,0.966407,0.087200,0.019873,0.114196
146,46,00250,heavysnow,351,0,0.001362,0.998477,0.000161,L,0.998477,0.997115,0.010845,0.001684,0.124696
146,46,00250,heavysnow,585,0,0.004296,0.995176,0.000528,L,0.995176,0.990880,0.029318,0.005352,0.077119
146,46,00250,heavysnow,1176,0,0.005107,0.994095,0.000798,L,0.994095,0.988989,0.035071,0.006703,0.077483
146,46,00250,heavysnow,146,0,0.001811,0.997983,0.000206,L,0.997983,0.996171,0.013834,0.002223,0.107177
146,46,00250,heavysnow,1277,0,0.004662,0.994772,0.000566,L,0.994772,0.990110,0.031381,0.005795,0.061488
146,46,00250,heavysnow,350,0,0.001360,0.998489,0.000151,L,0.998489,0.997129,0.010755,0.001662,0.107518
146,46,00250,heavysnow,63,0,0.002759,0.996932,0.000309,L,0.996932,0.994173,0.019859,0.003377,0.100579
146,46,00250,heavysnow,736,0,0.002699,0.996974,0.000327,L,0.996974,0.994275,0.019670,0.003353,0.064964
146,46,00250,heavysnow,615,0,0.001979,0.997783,0.000238,L,0.997783,0.995805,0.015035,0.002455,0.112892
146,46,00250,heavysnow,432,0,0.001806,0.997961,0.000233,L,0.997961,0.996155,0.014014,0.002272,0.107999
146,46,00250,heavysnow,1190,0,0.004527,0.994819,0.000654,L,0.994819,0.990293,0.031310,0.005835,0.063965
146,46,00250,heavysnow,1265,0,0.004450,0.994991,0.000559,L,0.994991,0.990541,0.030290,0.005568,0.067039
146,46,00250,heavysnow,1268,0,0.004294,0.995072,0.000634,L,0.995072,0.990778,0.030027,0.005562,0.081268
146,46,00250,heavysnow,1018,0,0.010558,0.987057,0.002385,L,0.987057,0.976499,0.068550,0.015328,0.123880
146,46,00250,heavysnow,373,0,0.001039,0.998837,0.000125,L,0.998837,0.997798,0.008574,0.001288,0.058472
146,46,00250,heavysnow,635,0,0.003005,0.996493,0.000502,L,0.996493,0.993488,0.022542,0.004009,0.126549
146,46,00250,heavysnow,1415,0,0.005465,0.993830,0.000705,L,0.993830,0.988365,0.036172,0.006876,0.109900
147,46,00298,heavysnow,562,1,0.000561,0.999361,0.000078,L,0.999361,0.998800,0.005074,0.000716,0.138937
147,46,00298,heavysnow,563,1,0.008856,0.989914,0.001230,L,0.989914,0.981058,0.054737,0.011316,0.109554
147,46,00298,heavysnow,564,1,0.004216,0.995177,0.000607,L,0.995177,0.990960,0.029461,0.005430,0.102704
147,46,00298,heavysnow,565,1,0.002654,0.996995,0.000351,L,0.996995,0.994341,0.019600,0.003355,0.093982
147,46,00298,heavysnow,566,1,0.005478,0.993691,0.000831,L,0.993691,0.988214,0.037054,0.007140,0.126475
147,46,00298,heavysnow,567,1,0.006610,0.992471,0.000919,L,0.992471,0.985861,0.042875,0.008448,0.098347
147,46,00298,heavysnow,568,1,0.004731,0.994445,0.000824,L,0.994445,0.989714,0.033421,0.006378,0.171005
147,46,00298,heavysnow,569,1,0.004334,0.994970,0.000697,L,0.994970,0.990636,0.030641,0.005727,0.130095
147,46,00298,heavysnow,652,1,0.000443,0.999498,0.000059,L,0.999498,0.999056,0.004090,0.000560,0.172621
147,46,00298,heavysnow,653,1,0.010557,0.987971,0.001472,L,0.987971,0.977414,0.063353,0.013501,0.119887
147,46,00298,heavysnow,654,1,0.000241,0.999727,0.000032,L,0.999727,0.999487,0.002375,0.000305,0.194282
147,46,00298,heavysnow,655,1,0.000002,0.999998,0.000000,L,0.999998,0.999997,0.000023,0.000002,0.524245
147,46,00298,heavysnow,656,1,0.000001,0.999999,0.000000,L,0.999999,0.999998,0.000018,0.000001,0.545519
147,46,00298,heavysnow,657,1,0.000789,0.999099,0.000112,L,0.999099,0.998311,0.006875,0.001012,0.164193
147,46,00298,heavysnow,658,1,0.005690,0.993436,0.000874,L,0.993436,0.987747,0.038327,0.007437,0.140948
147,46,00298,heavysnow,659,1,0.004997,0.994278,0.000725,L,0.994278,0.989281,0.034066,0.006447,0.109975
147,46,00298,heavysnow,742,1,0.011282,0.987071,0.001647,L,0.987071,0.975789,0.067354,0.014576,0.140626
147,46,00298,heavysnow,743,1,0.007751,0.991146,0.001103,L,0.991146,0.983394,0.049151,0.009958,0.142292
147,46,00298,heavysnow,744,1,0.000547,0.999374,0.000080,L,0.999374,0.998827,0.004993,0.000706,0.198419
147,46,00298,heavysnow,745,1,0.000002,0.999997,0.000000,L,0.999997,0.999995,0.000034,0.000003,0.600403
147,46,00298,heavysnow,746,1,0.000002,0.999998,0.000000,L,0.999998,0.999997,0.000024,0.000002,0.698969
147,46,00298,heavysnow,747,1,0.001128,0.998656,0.000216,L,0.998656,0.997528,0.009853,0.001561,0.329145
147,46,00298,heavysnow,748,1,0.005474,0.993467,0.001059,L,0.993467,0.987993,0.038479,0.007592,0.347190
147,46,00298,heavysnow,749,1,0.004034,0.995203,0.000763,L,0.995203,0.991169,0.029587,0.005561,0.203530
147,46,00298,heavysnow,832,1,0.033317,0.962040,0.004642,L,0.962040,0.928723,0.159752,0.042602,0.118767
147,46,00298,heavysnow,833,1,0.030023,0.965836,0.004141,L,0.965836,0.935813,0.147049,0.038305,0.123646
147,46,00298,heavysnow,834,1,0.033298,0.961891,0.004810,L,0.961891,0.928593,0.160508,0.042919,0.130198
147,46,00298,heavysnow,835,1,0.008452,0.990246,0.001302,L,0.990246,0.981794,0.053433,0.011056,0.129658
147,46,00298,heavysnow,836,1,0.010528,0.987802,0.001670,L,0.987802,0.977274,0.064394,0.013868,0.138522
147,46,00298,heavysnow,837,1,0.006443,0.992571,0.000986,L,0.992571,0.986129,0.042534,0.008415,0.124344
147,46,00298,heavysnow,838,1,0.006855,0.992035,0.001109,L,0.992035,0.985180,0.045184,0.009074,0.143979
147,46,00298,heavysnow,839,1,0.004355,0.994960,0.000685,L,0.994960,0.990605,0.030668,0.005724,0.137630
147,46,00298,heavysnow,1426,0,0.007446,0.991688,0.000866,L,0.991688,0.984243,0.046304,0.009178,0.089583
147,46,00298,heavysnow,982,0,0.007021,0.992229,0.000750,L,0.992229,0.985209,0.043648,0.008521,0.073346
147,46,00298,heavysnow,68,0,0.001493,0.998333,0.000174,L,0.998333,0.996840,0.011728,0.001841,0.109562
147,46,00298,heavysnow,1007,0,0.007335,0.991479,0.001187,L,0.991479,0.984144,0.047816,0.009708,0.161132
147,46,00298,heavysnow,340,0,0.001355,0.998480,0.000165,L,0.998480,0.997124,0.010839,0.001686,0.166551
147,46,00298,heavysnow,92,0,0.012112,0.986284,0.001604,L,0.986284,0.974172,0.070455,0.015321,0.127388
147,46,00298,heavysnow,367,0,0.011436,0.987109,0.001455,L,0.987109,0.975673,0.066849,0.014345,0.072341
147,46,00298,heavysnow,255,0,0.001230,0.998599,0.000170,L,0.998599,0.997369,0.010124,0.001571,0.160424
147,46,00298,heavysnow,579,0,0.001975,0.997777,0.000248,L,0.997777,0.995803,0.015087,0.002470,0.107706
147,46,00298,heavysnow,959,0,0.006933,0.992089,0.000979,L,0.992089,0.985156,0.044717,0.008890,0.163647
147,46,00298,heavysnow,587,0,0.001960,0.997799,0.000241,L,0.997799,0.995840,0.014951,0.002442,0.083868
147,46,00298,heavysnow,844,0,0.004262,0.995251,0.000487,L,0.995251,0.990990,0.028865,0.005235,0.122661
147,46,00298,heavysnow,286,0,0.020123,0.975553,0.004323,L,0.975553,0.955430,0.114945,0.028770,0.304629
147,46,00298,heavysnow,419,0,0.001764,0.998017,0.000219,L,0.998017,0.996253,0.013663,0.002202,0.155542
147,46,00298,heavysnow,517,0,0.001740,0.998071,0.000190,L,0.998071,0.996331,0.013297,0.002119,0.099165
147,46,00298,heavysnow,1195,0,0.014166,0.983702,0.002132,L,0.983702,0.969536,0.081542,0.018431,0.131300
147,46,00298,heavysnow,660,0,0.004746,0.994587,0.000667,L,0.994587,0.989841,0.032469,0.006081,0.107412
147,46,00298,heavysnow,1295,0,0.004402,0.994991,0.000608,L,0.994991,0.990589,0.030382,0.005617,0.121509
148,54,00162,heavysnow,439,1,0.004601,0.994864,0.000535,L,0.994864,0.990263,0.030872,0.005672,0.117353
148,54,00162,heavysnow,1196,1,0.000000,1.000000,0.000000,L,1.000000,0.999999,0.000007,0.000001,0.706216
148,54,00162,heavysnow,705,1,0.006014,0.993290,0.000696,L,0.993290,0.987277,0.038684,0.007405,0.133231
148,54,00162,heavysnow,525,1,0.003719,0.995791,0.000489,L,0.995791,0.992072,0.026156,0.004698,0.182430
148,54,00162,heavysnow,708,1,0.000472,0.999449,0.000078,L,0.999449,0.998977,0.004468,0.000629,0.422042
148,54,00162,heavysnow,797,1,0.004903,0.994346,0.000751,L,0.994346,0.989443,0.033782,0.006405,0.258039
148,54,00162,heavysnow,524,1,0.000151,0.999832,0.000017,L,0.999832,0.999681,0.001535,0.000186,0.218165
148,54,00162,heavysnow,1103,1,0.005691,0.993269,0.001040,L,0.993269,0.987578,0.039383,0.007771,0.288955
148,54,00162,heavysnow,1281,1,0.000726,0.999166,0.000108,L,0.999166,0.998440,0.006433,0.000942,0.251261
148,54,00162,heavysnow,437,1,0.000665,0.999251,0.000085,L,0.999251,0.998586,0.005831,0.000834,0.218524
148,54,00162,heavysnow,1197,1,0.003489,0.995735,0.000776,L,0.995735,0.992247,0.026901,0.005041,0.295646
148,54,00162,heavysnow,1195,1,0.000000,1.000000,0.000000,L,1.000000,1.000000,0.000002,0.000000,0.880481
148,54,00162,heavysnow,1288,1,0.004120,0.995302,0.000578,L,0.995302,0.991183,0.028783,0.005276,0.105612
148,54,00162,heavysnow,1287,1,0.008228,0.990336,0.001435,L,0.990336,0.982108,0.053258,0.011099,0.171941
148,54,00162,heavysnow,796,1,0.009715,0.989079,0.001206,L,0.989079,0.979364,0.058242,0.012127,0.129436
148,54,00162,heavysnow,1105,1,0.005453,0.993629,0.000918,L,0.993629,0.988176,0.037490,0.007288,0.347624
148,54,00162,heavysnow,1377,1,0.025752,0.970769,0.003479,L,0.970769,0.945016,0.129918,0.032711,0.125669
148,54,00162,heavysnow,619,1,0.000005,0.999994,0.000001,L,0.999994,0.999988,0.000075,0.000007,0.506684
148,54,00162,heavysnow,1108,1,0.003452,0.996063,0.000485,L,0.996063,0.992610,0.024758,0.004422,0.102172
148,54,00162,heavysnow,1376,1,0.019153,0.977644,0.003203,L,0.977644,0.958491,0.105823,0.025559,0.212449
148,54,00162,heavysnow,620,1,0.001885,0.997868,0.000247,L,0.997868,0.995983,0.014569,0.002378,0.116001
148,54,00162,heavysnow,704,1,0.002134,0.997648,0.000218,L,0.997648,0.995514,0.015756,0.002570,0.094247
148,54,00162,heavysnow,1375,1,0.009144,0.989244,0.001612,L,0.989244,0.980099,0.058250,0.012369,0.280495
148,54,00162,heavysnow,1198,1,0.001764,0.997992,0.000244,L,0.997992,0.996227,0.013857,0.002253,0.106029
148,54,00162,heavysnow,530,1,0.002292,0.997443,0.000265,L,0.997443,0.995150,0.016994,0.002822,0.117277
148,54,00162,heavysnow,615,1,0.002478,0.997215,0.000307,L,0.997215,0.994738,0.018323,0.003091,0.156056
148,54,00162,heavysnow,527,1,0.000001,0.999999,0.000000,L,0.999999,0.999999,0.000010,0.000001,0.572257
148,54,00162,heavysnow,1106,1,0.004902,0.994179,0.000918,L,0.994179,0.989277,0.034859,0.006739,0.325836
148,54,00162,heavysnow,801,1,0.002792,0.996870,0.000338,L,0.996870,0.994078,0.020250,0.003468,0.084202
148,54,00162,heavysnow,1193,1,0.003199,0.996262,0.000538,L,0.996262,0.993063,0.023813,0.004276,0.332466
148,54,00162,heavysnow,1371,1,0.001756,0.997997,0.000247,L,0.997997,0.996241,0.013829,0.002250,0.177175
148,54,00162,heavysnow,711,1,0.002328,0.997412,0.000260,L,0.997412,0.995084,0.017155,0.002849,0.072468
148,54,00162,heavysnow,528,1,0.000000,1.000000,0.000000,L,1.000000,0.999999,0.000005,0.000000,0.565789
148,54,00162,heavysnow,436,1,0.001986,0.997777,0.000237,L,0.997777,0.995791,0.015071,0.002461,0.152696
148,54,00162,heavysnow,800,1,0.002426,0.997270,0.000303,L,0.997270,0.994844,0.018018,0.003033,0.081920
148,54,00162,heavysnow,1282,1,0.001594,0.998126,0.000280,L,0.998126,0.996532,0.013138,0.002155,0.302639
148,54,00162,heavysnow,908,0,0.017314,0.980349,0.002337,L,0.980349,0.963035,0.094527,0.021989,0.098551
148,54,00162,heavysnow,769,0,0.002623,0.997073,0.000304,L,0.997073,0.994450,0.019090,0.003230,0.067028
148,54,00162,heavysnow,176,0,0.002149,0.997616,0.000235,L,0.997616,0.995466,0.015973,0.002619,0.095494
148,54,00162,heavysnow,1151,0,0.006433,0.992806,0.000762,L,0.992806,0.986373,0.041050,0.007956,0.073015
148,54,00162,heavysnow,1113,0,0.019369,0.978064,0.002568,L,0.978064,0.958695,0.103222,0.024504,0.107307
148,54,00162,heavysnow,1433,0,0.001188,0.998671,0.000141,L,0.998671,0.997483,0.009631,0.001470,0.150163
148,54,00162,heavysnow,1342,0,0.003137,0.996469,0.000393,L,0.996469,0.993332,0.022477,0.003924,0.124547
148,54,00162,heavysnow,1253,0,0.002024,0.997709,0.000267,L,0.997709,0.995685,0.015509,0.002558,0.109339
148,54,00162,heavysnow,860,0,0.004689,0.994729,0.000582,L,0.994729,0.990040,0.031617,0.005852,0.084571
148,54,00162,heavysnow,717,0,0.001978,0.997803,0.000219,L,0.997803,0.995825,0.014889,0.002417,0.115569
148,54,00162,heavysnow,410,0,0.001820,0.997986,0.000195,L,0.997986,0.996166,0.013795,0.002209,0.076300
148,54,00162,heavysnow,1250,0,0.003178,0.996393,0.000429,L,0.996393,0.993215,0.022944,0.004036,0.103749
148,54,00162,heavysnow,578,0,0.003956,0.995497,0.000548,L,0.995497,0.991541,0.027754,0.005051,0.100007
148,54,00162,heavysnow,686,0,0.002936,0.996739,0.000325,L,0.996739,0.993803,0.020920,0.003585,0.080907
148,54,00162,heavysnow,119,0,0.005505,0.993803,0.000693,L,0.993803,0.988298,0.036277,0.006890,0.099947
148,54,00162,heavysnow,899,0,0.004299,0.995207,0.000494,L,0.995207,0.990908,0.029100,0.005287,0.117835
148,54,00162,heavysnow,1382,0,0.005070,0.994278,0.000652,L,0.994278,0.989208,0.033936,0.006375,0.110986
148,54,00162,heavysnow,739,0,0.011274,0.987178,0.001548,L,0.987178,0.975905,0.066741,0.014370,0.077560
149,54,00209,heavysnow,1018,1,0.004404,0.994848,0.000748,L,0.994848,0.990444,0.031324,0.005899,0.353305
149,54,00209,heavysnow,1198,1,0.000035,0.999959,0.000007,L,0.999959,0.999924,0.000436,0.000048,0.496733
149,54,00209,heavysnow,1199,1,0.004569,0.994556,0.000875,L,0.994556,0.989987,0.032960,0.006319,0.303247
149,54,00209,heavysnow,538,1,0.001359,0.998489,0.000152,L,0.998489,0.997130,0.010758,0.001663,0.144361
149,54,00209,heavysnow,929,1,0.021991,0.974798,0.003211,L,0.974798,0.952807,0.115837,0.028413,0.145174
149,54,00209,heavysnow,359,1,0.000942,0.998934,0.000124,L,0.998934,0.997992,0.007961,0.001190,0.199397
149,54,00209,heavysnow,1196,1,0.003351,0.996082,0.000566,L,0.996082,0.992731,0.024797,0.004484,0.281641
149,54,00209,heavysnow,447,1,0.001738,0.998043,0.000219,L,0.998043,0.996305,0.013513,0.002176,0.153376
149,54,00209,heavysnow,357,1,0.001719,0.998052,0.000228,L,0.998052,0.996333,0.013475,0.002176,0.178625
149,54,00209,heavysnow,1109,1,0.000018,0.999978,0.000004,L,0.999978,0.999959,0.000246,0.000026,0.569791
149,54,00209,heavysnow,1200,1,0.002412,0.997158,0.000430,L,0.997158,0.994746,0.018850,0.003272,0.211805
149,54,00209,heavysnow,1019,1,0.009043,0.989229,0.001727,L,0.989229,0.980186,0.058489,0.012498,0.320835
149,54,00209,heavysnow,1110,1,0.005273,0.993646,0.001081,L,0.993646,0.988374,0.037660,0.007435,0.332604
149,54,00209,heavysnow,1020,1,0.004933,0.994100,0.000968,L,0.994100,0.989167,0.035319,0.006868,0.263107
149,54,00209,heavysnow,629,1,0.001513,0.998303,0.000184,L,0.998303,0.996790,0.011929,0.001881,0.181348
149,54,00209,heavysnow,930,1,0.006726,0.992338,0.000936,L,0.992338,0.985611,0.043514,0.008599,0.115818
149,54,00209,heavysnow,1197,1,0.000007,0.999992,0.000001,L,0.999992,0.999985,0.000099,0.000010,0.556004
149,54,00209,heavysnow,536,1,0.001191,0.998685,0.000125,L,0.998685,0.997494,0.009515,0.001440,0.111292
149,54,00209,heavysnow,628,1,0.002569,0.997132,0.000299,L,0.997132,0.994563,0.018762,0.003167,0.136690
149,54,00209,heavysnow,1106,1,0.000001,0.999999,0.000000,L,0.999999,0.999999,0.000011,0.000001,0.647237
149,54,00209,heavysnow,627,1,0.002602,0.997135,0.000263,L,0.997135,0.994533,0.018670,0.003127,0.088487
149,54,00209,heavysnow,356,1,0.001508,0.998302,0.000189,L,0.998302,0.996794,0.011941,0.001887,0.169455
149,54,00209,heavysnow,1285,1,0.004443,0.994911,0.000646,L,0.994911,0.990468,0.030845,0.005735,0.211067
149,54,00209,heavysnow,926,1,0.018041,0.979388,0.002570,L,0.979388,0.961347,0.098456,0.023182,0.133702
149,54,00209,heavysnow,539,1,0.000963,0.998915,0.000122,L,0.998915,0.997953,0.008074,0.001207,0.192442
149,54,00209,heavysnow,1104,1,0.000327,0.999613,0.000060,L,0.999613,0.999286,0.003270,0.000447,0.361059
149,54,00209,heavysnow,1014,1,0.003361,0.996078,0.000562,L,0.996078,0.992717,0.024812,0.004484,0.178403
149,54,00209,heavysnow,1107,1,0.000000,1.000000,0.000000,L,1.000000,1.000000,0.000001,0.000000,0.831827
149,54,00209,heavysnow,925,1,0.015697,0.982103,0.002200,L,0.982103,0.966405,0.087756,0.020097,0.116963
149,54,00209,heavysnow,1194,1,0.001140,0.998689,0.000170,L,0.998689,0.997549,0.009573,0.001481,0.241629
149,54,00209,heavysnow,1290,1,0.000652,0.999262,0.000086,L,0.999262,0.998610,0.005757,0.000824,0.163912
149,54,00209,heavysnow,358,1,0.001745,0.998021,0.000234,L,0.998021,0.996277,0.013667,0.002213,0.185252
149,54,00209,heavysnow,446,1,0.001823,0.997944,0.000233,L,0.997944,0.996121,0.014108,0.002289,0.140963
149,54,00209,heavysnow,626,1,0.002233,0.997526,0.000240,L,0.997526,0.995293,0.016481,0.002714,0.091436
149,54,00209,heavysnow,1289,1,0.006578,0.992512,0.000910,L,0.992512,0.985934,0.042674,0.008399,0.153171
149,54,00209,heavysnow,1108,1,0.000000,1.000000,0.000000,L,1.000000,1.000000,0.000002,0.000000,0.873247
149,54,00209,heavysnow,630,0,0.029596,0.965611,0.004793,L,0.965611,0.936016,0.148887,0.039182,0.152807
149,54,00209,heavysnow,535,0,0.001214,0.998660,0.000125,L,0.998660,0.997446,0.009664,0.001465,0.103165
149,54,00209,heavysnow,0,0,0.008342,0.990577,0.001081,L,0.990577,0.982234,0.051604,0.010504,0.129761
149,54,00209,heavysnow,1241,0,0.001484,0.998369,0.000147,L,0.998369,0.996886,0.011460,0.001778,0.091218
149,54,00209,heavysnow,912,0,0.011323,0.987165,0.001513,L,0.987165,0.975842,0.066731,0.014348,0.091869
149,54,00209,heavysnow,1428,0,0.005018,0.994377,0.000605,L,0.994377,0.989359,0.033369,0.006228,0.083043
149,54,00209,heavysnow,784,0,0.006983,0.992153,0.000864,L,0.992153,0.985170,0.044218,0.008712,0.081853
149,54,00209,heavysnow,1026,0,0.020046,0.977297,0.002657,L,0.977297,0.957251,0.106111,0.025360,0.099181
149,54,00209,heavysnow,802,0,0.006045,0.993277,0.000678,L,0.993277,0.987232,0.038712,0.007401,0.073157
149,54,00209,heavysnow,63,0,0.001484,0.998358,0.000158,L,0.998358,0.996873,0.011551,0.001800,0.091532
149,54,00209,heavysnow,842,0,0.021354,0.976081,0.002565,L,0.976081,0.954727,0.110204,0.026484,0.105819
149,54,00209,heavysnow,894,0,0.004747,0.994694,0.000558,L,0.994694,0.989947,0.031743,0.005864,0.082015
149,54,00209,heavysnow,406,0,0.013778,0.984511,0.001710,L,0.984511,0.970733,0.077644,0.017199,0.098752
149,54,00209,heavysnow,563,0,0.014476,0.983653,0.001871,L,0.983653,0.969176,0.081263,0.018218,0.080405
149,54,00209,heavysnow,867,0,0.004761,0.994671,0.000568,L,0.994671,0.989910,0.031877,0.005898,0.074969
149,54,00209,heavysnow,1325,0,0.001129,0.998730,0.000141,L,0.998730,0.997602,0.009265,0.001410,0.124059
149,54,00209,heavysnow,677,0,0.001833,0.997946,0.000221,L,0.997946,0.996112,0.014076,0.002275,0.067912
149,54,00209,heavysnow,658,0,0.014008,0.984130,0.001862,L,0.984130,0.970122,0.079407,0.017732,0.104753
150,54,00257,heavysnow,922,1,0.012528,0.985922,0.001550,L,0.985922,0.973394,0.071795,0.015628,0.095660
150,54,00257,heavysnow,923,1,0.013854,0.984363,0.001783,L,0.984363,0.970509,0.078357,0.017420,0.108802
150,54,00257,heavysnow,924,1,0.012317,0.985879,0.001804,L,0.985879,0.973562,0.072432,0.015925,0.150340
150,54,00257,heavysnow,925,1,0.011381,0.986712,0.001908,L,0.986712,0.975331,0.069254,0.015196,0.193737
150,54,00257,heavysnow,926,1,0.013072,0.984687,0.002242,L,0.984687,0.971615,0.077885,0.017555,0.209883
150,54,00257,heavysnow,927,1,0.015316,0.982235,0.002449,L,0.982235,0.966919,0.087687,0.020214,0.173579
150,54,00257,heavysnow,928,1,0.022099,0.974615,0.003285,L,0.974615,0.952516,0.116596,0.028670,0.152849
150,54,00257,heavysnow,1012,1,0.004185,0.995176,0.000638,L,0.995176,0.990991,0.029517,0.005462,0.151840
150,54,00257,heavysnow,1013,1,0.008662,0.989801,0.001537,L,0.989801,0.981138,0.055743,0.011737,0.215454
150,54,00257,heavysnow,1014,1,0.005817,0.993199,0.000984,L,0.993199,0.987382,0.039623,0.007785,0.321970
150,54,00257,heavysnow,1015,1,0.000299,0.999653,0.000048,L,0.999653,0.999355,0.002955,0.000394,0.457006
150,54,00257,heavysnow,1016,1,0.002664,0.996921,0.000414,L,0.996921,0.994257,0.020112,0.003493,0.382319
150,54,00257,heavysnow,1017,1,0.005399,0.993688,0.000913,L,0.993688,0.988289,0.037205,0.007225,0.354994
150,54,00257,heavysnow,1018,1,0.003397,0.995948,0.000655,L,0.995948,0.992551,0.025632,0.004708,0.305814
150,54,00257,heavysnow,1102,1,0.000797,0.999063,0.000139,L,0.999063,0.998266,0.007155,0.001076,0.321792
150,54,00257,heavysnow,1103,1,0.001376,0.998390,0.000234,L,0.998390,0.997015,0.011495,0.001844,0.340369
150,54,00257,heavysnow,1104,1,0.000000,1.000000,0.000000,L,1.000000,1.000000,0.000004,0.000000,0.735859
150,54,00257,heavysnow,1105,1,0.000000,1.000000,0.000000,L,1.000000,1.000000,0.000001,0.000000,0.966303
150,54,00257,heavysnow,1106,1,0.000000,1.000000,0.000000,L,1.000000,1.000000,0.000004,0.000000,0.839126
150,54,00257,heavysnow,1107,1,0.000578,0.999324,0.000098,L,0.999324,0.998746,0.005363,0.000774,0.446705
150,54,00257,heavysnow,1108,1,0.004671,0.994448,0.000881,L,0.994448,0.989776,0.033499,0.006434,0.350168
150,54,00257,heavysnow,1192,1,0.002130,0.997562,0.000308,L,0.997562,0.995432,0.016410,0.002746,0.219555
150,54,00257,heavysnow,1193,1,0.007135,0.991704,0.001161,L,0.991704,0.984569,0.046762,0.009457,0.296955
150,54,00257,heavysnow,1194,1,0.002365,0.997228,0.000406,L,0.997228,0.994863,0.018426,0.003178,0.321941
150,54,00257,heavysnow,1195,1,0.000019,0.999978,0.000003,L,0.999978,0.999959,0.000246,0.000026,0.557063
150,54,00257,heavysnow,1196,1,0.002281,0.997339,0.000380,L,0.997339,0.995058,0.017771,0.003041,0.366840
150,54,00257,heavysnow,1197,1,0.014246,0.983203,0.002551,L,0.983203,0.968956,0.084154,0.019348,0.316996
150,54,00257,heavysnow,1198,1,0.014870,0.982457,0.002673,L,0.982457,0.967586,0.087206,0.020216,0.238701
150,54,00257,heavysnow,1282,1,0.011556,0.986931,0.001513,L,0.986931,0.975375,0.067681,0.014582,0.142111
150,54,00257,heavysnow,1283,1,0.002882,0.996703,0.000415,L,0.996703,0.993821,0.021284,0.003713,0.223554
150,54,00257,heavysnow,1284,1,0.010133,0.988223,0.001645,L,0.988223,0.978090,0.062606,0.013422,0.245078
150,54,00257,heavysnow,1285,1,0.012431,0.985562,0.002006,L,0.985562,0.973131,0.074037,0.016444,0.287873
150,54,00257,heavysnow,1286,1,0.013476,0.984255,0.002269,L,0.984255,0.970779,0.079622,0.018014,0.277859
150,54,00257,heavysnow,1287,1,0.006887,0.992097,0.001016,L,0.992097,0.985210,0.044746,0.008919,0.172267
150,54,00257,heavysnow,1288,1,0.002132,0.997527,0.000340,L,0.997527,0.995395,0.016659,0.002813,0.221064
150,54,00257,heavysnow,377,0,0.011206,0.987394,0.001399,L,0.987394,0.976188,0.065585,0.014005,0.084862
150,54,00257,heavysnow,1438,0,0.004026,0.995456,0.000518,L,0.995456,0.991430,0.027904,0.005062,0.109648
150,54,00257,heavysnow,687,0,0.002837,0.996842,0.000322,L,0.996842,0.994005,0.020368,0.003480,0.070316
150,54,00257,heavysnow,782,0,0.003002,0.996675,0.000323,L,0.996675,0.993673,0.021259,0.003649,0.074666
150,54,00257,heavysnow,564,0,0.013414,0.985004,0.001582,L,0.985004,0.971589,0.075479,0.016579,0.084854
150,54,00257,heavysnow,1089,0,0.027737,0.968674,0.003590,L,0.968674,0.940937,0.136968,0.034916,0.089879
150,54,00257,heavysnow,1093,0,0.026629,0.970088,0.003283,L,0.970088,0.943460,0.131789,0.033195,0.102844
150,54,00257,heavysnow,268,0,0.002109,0.997638,0.000253,L,0.997638,0.995529,0.015882,0.002615,0.103541
150,54,00257,heavysnow,145,0,0.001772,0.998028,0.000201,L,0.998028,0.996256,0.013567,0.002173,0.086958
150,54,00257,heavysnow,1028,0,0.012900,0.985386,0.001714,L,0.985386,0.972487,0.074223,0.016327,0.085606
150,54,00257,heavysnow,1190,0,0.028227,0.967828,0.003945,L,0.967828,0.939602,0.140344,0.036117,0.135718
150,54,00257,heavysnow,1162,0,0.007891,0.991144,0.000965,L,0.991144,0.983253,0.048904,0.009821,0.082216
150,54,00257,heavysnow,960,0,0.007090,0.991944,0.000966,L,0.991944,0.984854,0.045347,0.009022,0.085447
150,54,00257,heavysnow,1027,0,0.019679,0.977650,0.002672,L,0.977650,0.957971,0.104887,0.025022,0.090928
150,54,00257,heavysnow,468,0,0.025749,0.970524,0.003727,L,0.970524,0.944775,0.131170,0.033204,0.091939
150,54,00257,heavysnow,56,0,0.001484,0.998352,0.000164,L,0.998352,0.996868,0.011599,0.001812,0.093671
150,54,00257,heavysnow,1365,0,0.007947,0.990819,0.001234,L,0.990819,0.982872,0.050815,0.010415,0.156238
150,54,00257,heavysnow,1265,0,0.013228,0.984846,0.001926,L,0.984846,0.971618,0.076731,0.017080,0.133183
151,54,00305,heavysnow,920,1,0.014667,0.983530,0.001803,L,0.983530,0.968863,0.081604,0.018273,0.098327
151,54,00305,heavysnow,921,1,0.014102,0.984121,0.001777,L,0.984121,0.970019,0.079282,0.017656,0.103112
151,54,00305,heavysnow,922,1,0.013172,0.985000,0.001827,L,0.985000,0.971828,0.075949,0.016827,0.130228
151,54,00305,heavysnow,923,1,0.012815,0.985328,0.001857,L,0.985328,0.972514,0.074710,0.016529,0.139904
151,54,00305,heavysnow,924,1,0.015727,0.981936,0.002337,L,0.981936,0.966209,0.088624,0.020401,0.149866
151,54,00305,heavysnow,925,1,0.016077,0.981701,0.002223,L,0.981701,0.965624,0.089305,0.020522,0.134026
151,54,00305,heavysnow,926,1,0.013648,0.984560,0.001791,L,0.984560,0.970912,0.077605,0.017231,0.122008
151,54,00305,heavysnow,1010,1,0.003675,0.995783,0.000541,L,0.995783,0.992108,0.026291,0.004758,0.149426
151,54,00305,heavysnow,1011,1,0.009897,0.988494,0.001609,L,0.988494,0.978597,0.061413,0.013115,0.174416
151,54,00305,heavysnow,1012,1,0.010171,0.987982,0.001846,L,0.987982,0.977811,0.063931,0.013864,0.275613
151,54,00305,heavysnow,1013,1,0.002310,0.997259,0.000431,L,0.997259,0.994949,0.018295,0.003172,0.338410
151,54,00305,heavysnow,1014,1,0.003242,0.996159,0.000599,L,0.996159,0.992917,0.024448,0.004440,0.337571
151,54,00305,heavysnow,1015,1,0.012967,0.984555,0.002478,L,0.984555,0.971588,0.078771,0.017922,0.236498
151,54,00305,heavysnow,1016,1,0.022024,0.974482,0.003493,L,0.974482,0.952458,0.117409,0.029011,0.160143
151,54,00305,heavysnow,1100,1,0.000366,0.999573,0.000061,L,0.999573,0.999208,0.003562,0.000488,0.320228
151,54,00305,heavysnow,1101,1,0.001873,0.997799,0.000328,L,0.997799,0.995926,0.015104,0.002529,0.317918
151,54,00305,heavysnow,1102,1,0.000001,0.999999,0.000000,L,0.999999,0.999998,0.000013,0.000001,0.665365
151,54,00305,heavysnow,1103,1,0.000000,1.000000,0.000000,L,1.000000,1.000000,0.000001,0.000000,0.972299
151,54,00305,heavysnow,1104,1,0.000000,1.000000,0.000000,L,1.000000,1.000000,0.000001,0.000000,0.953152
151,54,00305,heavysnow,1105,1,0.000015,0.999982,0.000003,L,0.999982,0.999968,0.000201,0.000021,0.565483
151,54,00305,heavysnow,1106,1,0.015760,0.980879,0.003361,L,0.980879,0.965119,0.094199,0.022482,0.273587
151,54,00305,heavysnow,1190,1,0.002206,0.997491,0.000303,L,0.997491,0.995285,0.016797,0.002812,0.180028
151,54,00305,heavysnow,1191,1,0.004446,0.994806,0.000747,L,0.994806,0.990360,0.031530,0.005941,0.277413
151,54,00305,heavysnow,1192,1,0.003700,0.995682,0.000618,L,0.995682,0.991982,0.026935,0.004936,0.318013
151,54,00305,heavysnow,1193,1,0.000035,0.999959,0.000006,L,0.999959,0.999925,0.000425,0.000046,0.538676
151,54,00305,heavysnow,1194,1,0.000210,0.999754,0.000036,L,0.999754,0.999543,0.002182,0.000283,0.471520
151,54,00305,heavysnow,1195,1,0.007848,0.990568,0.001584,L,0.990568,0.982720,0.052469,0.011015,0.287703
151,54,00305,heavysnow,1196,1,0.010236,0.988015,0.001749,L,0.988015,0.977779,0.063639,0.013733,0.169286
151,54,00305,heavysnow,1280,1,0.011614,0.986775,0.001611,L,0.986775,0.975161,0.068489,0.014836,0.145680
151,54,00305,heavysnow,1281,1,0.004030,0.995403,0.000567,L,0.995403,0.991373,0.028261,0.005165,0.183386
151,54,00305,heavysnow,1282,1,0.010234,0.988148,0.001618,L,0.988148,0.977913,0.062872,0.013470,0.211936
151,54,00305,heavysnow,1283,1,0.010204,0.988111,0.001685,L,0.988111,0.977906,0.063139,0.013575,0.265817
151,54,00305,heavysnow,1284,1,0.013158,0.984583,0.002258,L,0.984583,0.971425,0.078319,0.017675,0.241511
151,54,00305,heavysnow,1285,1,0.009124,0.989572,0.001305,L,0.989572,0.980448,0.056337,0.011733,0.140694
151,54,00305,heavysnow,1286,1,0.000987,0.998880,0.000134,L,0.998880,0.997893,0.008319,0.001254,0.142368
151,54,00305,heavysnow,911,0,0.016624,0.981024,0.002352,L,0.981024,0.964399,0.092062,0.021329,0.088339
151,54,00305,heavysnow,1118,0,0.007653,0.991404,0.000943,L,0.991404,0.983751,0.047715,0.009540,0.078843
151,54,00305,heavysnow,115,0,0.013516,0.984636,0.001848,L,0.984636,0.971120,0.077414,0.017213,0.123298
151,54,00305,heavysnow,1173,0,0.017439,0.980127,0.002435,L,0.980127,0.962688,0.095517,0.022308,0.120757
151,54,00305,heavysnow,168,0,0.001803,0.998018,0.000179,L,0.998018,0.996214,0.013580,0.002162,0.087447
151,54,00305,heavysnow,304,0,0.014316,0.983748,0.001937,L,0.983748,0.969432,0.081019,0.018189,0.113760
151,54,00305,heavysnow,15,0,0.009016,0.989689,0.001295,L,0.989689,0.980673,0.055819,0.011606,0.136073
151,54,00305,heavysnow,685,0,0.002059,0.997703,0.000238,L,0.997703,0.995644,0.015488,0.002535,0.092702
151,54,00305,heavysnow,652,0,0.014624,0.983172,0.002204,L,0.983172,0.968548,0.083701,0.019032,0.086202
151,54,00305,heavysnow,1278,0,0.011713,0.986634,0.001653,L,0.986634,0.974921,0.069134,0.015019,0.136165
151,54,00305,heavysnow,305,0,0.005406,0.993888,0.000706,L,0.993888,0.988482,0.035897,0.006818,0.101879
151,54,00305,heavysnow,1244,0,0.005274,0.993971,0.000755,L,0.993971,0.988697,0.035590,0.006784,0.085451
151,54,00305,heavysnow,1254,0,0.005834,0.993442,0.000724,L,0.993442,0.987607,0.038033,0.007282,0.097155
151,54,00305,heavysnow,849,0,0.003620,0.995924,0.000456,L,0.995924,0.992304,0.025418,0.004532,0.077565
151,54,00305,heavysnow,1400,0,0.005507,0.993744,0.000749,L,0.993744,0.988238,0.036655,0.007004,0.094483
151,54,00305,heavysnow,1420,0,0.005522,0.993758,0.000720,L,0.993758,0.988236,0.036539,0.006962,0.098531
151,54,00305,heavysnow,896,0,0.003005,0.996642,0.000353,L,0.996642,0.993638,0.021491,0.003711,0.136523
151,54,00305,heavysnow,939,0,0.006782,0.992399,0.000819,L,0.992399,0.985617,0.043015,0.008419,0.068351
152,54,00503,heavysnow,583,1,0.005532,0.993746,0.000722,L,0.993746,0.988213,0.036600,0.006976,0.113019
152,54,00503,heavysnow,584,1,0.008171,0.990695,0.001134,L,0.990695,0.982524,0.051187,0.010440,0.126876
152,54,00503,heavysnow,585,1,0.003355,0.996150,0.000495,L,0.996150,0.992795,0.024326,0.004345,0.140646
152,54,00503,heavysnow,586,1,0.003667,0.995750,0.000583,L,0.995750,0.992083,0.026534,0.004833,0.171364
152,54,00503,heavysnow,587,1,0.006790,0.992169,0.001042,L,0.992169,0.985379,0.044465,0.008873,0.151148
152,54,00503,heavysnow,588,1,0.003095,0.996442,0.000463,L,0.996442,0.993347,0.022748,0.004021,0.136130
152,54,00503,heavysnow,589,1,0.002861,0.996770,0.000369,L,0.996770,0.993909,0.020841,0.003599,0.098901
152,54,00503,heavysnow,673,1,0.006856,0.992159,0.000984,L,0.992159,0.985303,0.044408,0.008825,0.149442
152,54,00503,heavysnow,674,1,0.006971,0.991846,0.001183,L,0.991846,0.984875,0.046162,0.009338,0.252722
152,54,00503,heavysnow,675,1,0.000024,0.999972,0.000004,L,0.999972,0.999949,0.000299,0.000031,0.524915
152,54,00503,heavysnow,676,1,0.000002,0.999998,0.000000,L,0.999998,0.999996,0.000027,0.000002,0.656041
152,54,00503,heavysnow,677,1,0.000020,0.999976,0.000003,L,0.999976,0.999956,0.000259,0.000027,0.578042
152,54,00503,heavysnow,678,1,0.002540,0.997045,0.000415,L,0.997045,0.994504,0.019444,0.003370,0.391360
152,54,00503,heavysnow,679,1,0.002646,0.996923,0.000432,L,0.996923,0.994277,0.020132,0.003509,0.256085
152,54,00503,heavysnow,763,1,0.006082,0.992946,0.000972,L,0.992946,0.986865,0.040780,0.008025,0.212599
152,54,00503,heavysnow,764,1,0.001746,0.997943,0.000311,L,0.997943,0.996197,0.014249,0.002368,0.313051
152,54,00503,heavysnow,765,1,0.000004,0.999995,0.000001,L,0.999995,0.999991,0.000061,0.000006,0.665326
152,54,00503,heavysnow,766,1,0.000001,0.999999,0.000000,L,0.999999,0.999998,0.000012,0.000001,0.986451
152,54,00503,heavysnow,767,1,0.000001,0.999999,0.000000,L,0.999999,0.999997,0.000020,0.000002,0.814585
152,54,00503,heavysnow,768,1,0.002969,0.996523,0.000508,L,0.996523,0.993553,0.022397,0.003986,0.465835
152,54,00503,heavysnow,769,1,0.003450,0.995947,0.000603,L,0.995947,0.992496,0.025557,0.004657,0.282698
152,54,00503,heavysnow,853,1,0.017323,0.980205,0.002472,L,0.980205,0.962882,0.095296,0.022267,0.151252
152,54,00503,heavysnow,854,1,0.024278,0.971943,0.003778,L,0.971943,0.947665,0.126529,0.031835,0.202152
152,54,00503,heavysnow,855,1,0.009100,0.989327,0.001573,L,0.989327,0.980227,0.057831,0.012246,0.265383
152,54,00503,heavysnow,856,1,0.007800,0.990776,0.001424,L,0.990776,0.982976,0.051312,0.010647,0.294480
152,54,00503,heavysnow,857,1,0.005372,0.993586,0.001042,L,0.993586,0.988213,0.037889,0.007456,0.299296
152,54,00503,heavysnow,858,1,0.005221,0.993905,0.000875,L,0.993905,0.988684,0.036111,0.006970,0.198852
152,54,00503,heavysnow,859,1,0.004925,0.994363,0.000711,L,0.994363,0.989438,0.033632,0.006348,0.127173
152,54,00503,heavysnow,943,1,0.028286,0.967926,0.003787,L,0.967926,0.939640,0.139743,0.035861,0.121801
152,54,00503,heavysnow,944,1,0.044882,0.948964,0.006155,L,0.948964,0.904082,0.200565,0.057191,0.135900
152,54,00503,heavysnow,945,1,0.020650,0.976197,0.003154,L,0.976197,0.955547,0.110870,0.026957,0.146413
152,54,00503,heavysnow,946,1,0.010129,0.988294,0.001577,L,0.988294,0.978165,0.062195,0.013283,0.136313
152,54,00503,heavysnow,947,1,0.009107,0.989508,0.001384,L,0.989508,0.980401,0.056745,0.011876,0.119987
152,54,00503,heavysnow,948,1,0.007874,0.991011,0.001115,L,0.991011,0.983136,0.049766,0.010104,0.106025
152,54,00503,heavysnow,949,1,0.007201,0.991798,0.001001,L,0.991798,0.984597,0.046068,0.009204,0.097834
152,54,00503,heavysnow,1353,0,0.006978,0.992038,0.000985,L,0.992038,0.985060,0.044958,0.008947,0.134097
152,54,00503,heavysnow,473,0,0.022546,0.974442,0.003012,L,0.974442,0.951896,0.116705,0.028570,0.115205
152,54,00503,heavysnow,1109,0,0.029229,0.967246,0.003525,L,0.967246,0.938017,0.141429,0.036280,0.104843
152,54,00503,heavysnow,238,0,0.001287,0.998583,0.000131,L,0.998583,0.997296,0.010149,0.001548,0.093450
152,54,00503,heavysnow,733,0,0.007709,0.991343,0.000948,L,0.991343,0.983634,0.047994,0.009605,0.088208
152,54,00503,heavysnow,809,0,0.002007,0.997773,0.000220,L,0.997773,0.995766,0.015059,0.002447,0.086542
152,54,00503,heavysnow,170,0,0.001777,0.998045,0.000178,L,0.998045,0.996269,0.013417,0.002133,0.084881
152,54,00503,heavysnow,75,0,0.001506,0.998337,0.000157,L,0.998337,0.996831,0.011671,0.001820,0.101327
152,54,00503,heavysnow,214,0,0.010583,0.988129,0.001288,L,0.988129,0.977545,0.062359,0.013159,0.092378
152,54,00503,heavysnow,122,0,0.001116,0.998749,0.000136,L,0.998749,0.997633,0.009142,0.001387,0.124826
152,54,00503,heavysnow,67,0,0.001483,0.998329,0.000188,L,0.998329,0.996846,0.011781,0.001859,0.125933
152,54,00503,heavysnow,1155,0,0.006936,0.992272,0.000792,L,0.992272,0.985335,0.043541,0.008520,0.090416
152,54,00503,heavysnow,609,0,0.001971,0.997801,0.000229,L,0.997801,0.995830,0.014918,0.002428,0.160447
152,54,00503,heavysnow,512,0,0.001617,0.998201,0.000181,L,0.998201,0.996584,0.012519,0.001980,0.079881
152,54,00503,heavysnow,176,0,0.002135,0.997638,0.000228,L,0.997638,0.995503,0.015835,0.002590,0.102598
152,54,00503,heavysnow,1144,0,0.006974,0.992193,0.000834,L,0.992193,0.985219,0.043980,0.008641,0.084586
152,54,00503,heavysnow,1180,0,0.012554,0.985489,0.001957,L,0.985489,0.972935,0.074246,0.016468,0.115328
152,54,00503,heavysnow,314,0,0.002311,0.997410,0.000279,L,0.997410,0.995099,0.017202,0.002869,0.074100
153,54,00550,heavysnow,562,1,0.008512,0.990248,0.001240,L,0.990248,0.981736,0.053317,0.010992,0.126794
153,54,00550,heavysnow,563,1,0.011019,0.987276,0.001705,L,0.987276,0.976257,0.066617,0.014429,0.145217
153,54,00550,heavysnow,564,1,0.010742,0.987547,0.001711,L,0.987547,0.976805,0.065514,0.014163,0.144569
153,54,00550,heavysnow,565,1,0.009995,0.988459,0.001546,L,0.988459,0.978464,0.061454,0.013087,0.136370
153,54,00550,heavysnow,566,1,0.026065,0.970048,0.003887,L,0.970048,0.943983,0.133017,0.033839,0.138903
153,54,00550,heavysnow,567,1,0.006555,0.992584,0.000861,L,0.992584,0.986029,0.042256,0.008278,0.093478
153,54,00550,heavysnow,568,1,0.005052,0.994286,0.000663,L,0.994286,0.989234,0.033917,0.006377,0.091700
153,54,00550,heavysnow,652,1,0.003984,0.995252,0.000764,L,0.995252,0.991267,0.029343,0.005513,0.258637
153,54,00550,heavysnow,653,1,0.008592,0.989801,0.001607,L,0.989801,0.981208,0.055850,0.011806,0.256051
153,54,00550,heavysnow,654,1,0.000004,0.999996,0.000001,L,0.999996,0.999992,0.000053,0.000005,0.540430
153,54,00550,heavysnow,655,1,0.000000,1.000000,0.000000,L,1.000000,0.999999,0.000006,0.000000,0.608287
153,54,00550,heavysnow,656,1,0.000011,0.999987,0.000002,L,0.999987,0.999977,0.000146,0.000015,0.448876
153,54,00550,heavysnow,657,1,0.002281,0.997368,0.000351,L,0.997368,0.995088,0.017562,0.002983,0.139283
153,54,00550,heavysnow,658,1,0.002923,0.996717,0.000360,L,0.996717,0.993795,0.021106,0.003643,0.084142
153,54,00550,heavysnow,742,1,0.003092,0.996329,0.000579,L,0.996329,0.993237,0.023528,0.004250,0.297634
153,54,00550,heavysnow,743,1,0.000378,0.999555,0.000067,L,0.999555,0.999176,0.003703,0.000512,0.395683
153,54,00550,heavysnow,744,1,0.000000,1.000000,0.000000,L,1.000000,1.000000,0.000002,0.000000,0.779081
153,54,00550,heavysnow,745,1,0.000000,1.000000,0.000000,L,1.000000,1.000000,0.000001,0.000000,0.900069
153,54,00550,heavysnow,746,1,0.000000,1.000000,0.000000,L,1.000000,1.000000,0.000004,0.000000,0.747420
153,54,00550,heavysnow,747,1,0.002579,0.996833,0.000588,L,0.996833,0.994254,0.020852,0.003755,0.322401
153,54,00550,heavysnow,748,1,0.003867,0.995461,0.000672,L,0.995461,0.991595,0.028142,0.005210,0.153853
153,54,00550,heavysnow,832,1,0.006671,0.992245,0.001084,L,0.992245,0.985575,0.044189,0.008839,0.170252
153,54,00550,heavysnow,833,1,0.013363,0.984213,0.002424,L,0.984213,0.970850,0.080033,0.018211,0.241623
153,54,00550,heavysnow,834,1,0.006423,0.992406,0.001171,L,0.992406,0.985983,0.043593,0.008765,0.282946
153,54,00550,heavysnow,835,1,0.002074,0.997532,0.000395,L,0.997532,0.995458,0.016722,0.002863,0.318466
153,54,00550,heavysnow,836,1,0.004378,0.994760,0.000862,L,0.994760,0.990383,0.031935,0.006102,0.271412
153,54,00550,heavysnow,837,1,0.002035,0.997596,0.000369,L,0.997596,0.995561,0.016322,0.002773,0.198411
153,54,00550,heavysnow,838,1,0.001386,0.998423,0.000191,L,0.998423,0.997038,0.011223,0.001767,0.122525
153,54,00550,heavysnow,922,1,0.006757,0.991822,0.001421,L,0.991822,0.985066,0.046627,0.009599,0.121823
153,54,00550,heavysnow,923,1,0.022231,0.973346,0.004423,L,0.973346,0.951115,0.122783,0.031078,0.191192
153,54,00550,heavysnow,924,1,0.020232,0.976044,0.003723,L,0.976044,0.955812,0.112329,0.027679,0.213831
153,54,00550,heavysnow,925,1,0.006669,0.992118,0.001214,L,0.992118,0.985449,0.044977,0.009096,0.219260
153,54,00550,heavysnow,926,1,0.009636,0.988871,0.001493,L,0.988871,0.979235,0.059634,0.012622,0.158372
153,54,00550,heavysnow,927,1,0.005052,0.994223,0.000726,L,0.994223,0.989171,0.034332,0.006503,0.143197
153,54,00550,heavysnow,928,1,0.003358,0.996185,0.000457,L,0.996185,0.992827,0.024075,0.004272,0.132655
153,54,00550,heavysnow,848,0,0.003277,0.996289,0.000434,L,0.996289,0.993012,0.023495,0.004145,0.086247
153,54,00550,heavysnow,126,0,0.007943,0.991151,0.000906,L,0.991151,0.983208,0.048755,0.009754,0.139243
153,54,00550,heavysnow,1279,0,0.004055,0.995389,0.000556,L,0.995389,0.991333,0.028313,0.005168,0.108941
153,54,00550,heavysnow,366,0,0.018999,0.977893,0.003108,L,0.977893,0.958894,0.104773,0.025215,0.139817
153,54,00550,heavysnow,100,0,0.007160,0.991648,0.001192,L,0.991648,0.984488,0.047064,0.009544,0.154454
153,54,00550,heavysnow,1071,0,0.008612,0.990300,0.001088,L,0.990300,0.981688,0.052814,0.010787,0.125753
153,54,00550,heavysnow,194,0,0.015023,0.983133,0.001844,L,0.983133,0.968110,0.083197,0.018711,0.095333
153,54,00550,heavysnow,635,0,0.024463,0.971654,0.003883,L,0.971654,0.947191,0.127679,0.032230,0.148259
153,54,00550,heavysnow,188,0,0.022240,0.973877,0.003883,L,0.973877,0.951637,0.120129,0.030006,0.148615
153,54,00550,heavysnow,588,0,0.001973,0.997782,0.000244,L,0.997782,0.995809,0.015052,0.002462,0.065123
153,54,00550,heavysnow,333,0,0.001363,0.998467,0.000170,L,0.998467,0.997104,0.010920,0.001702,0.131508
153,54,00550,heavysnow,364,0,0.015456,0.981829,0.002715,L,0.981829,0.966373,0.089654,0.020886,0.157298
153,54,00550,heavysnow,498,0,0.001815,0.997974,0.000211,L,0.997974,0.996159,0.013895,0.002237,0.066797
153,54,00550,heavysnow,440,0,0.001800,0.997973,0.000227,L,0.997973,0.996173,0.013930,0.002254,0.117816
153,54,00550,heavysnow,949,0,0.007192,0.991823,0.000985,L,0.991823,0.984631,0.045923,0.009161,0.101656
153,54,00550,heavysnow,596,0,0.001923,0.997807,0.000270,L,0.997807,0.995884,0.014960,0.002463,0.134665
153,54,00550,heavysnow,239,0,0.001247,0.998591,0.000162,L,0.998591,0.997343,0.010159,0.001571,0.114028
153,54,00550,heavysnow,176,0,0.002118,0.997617,0.000265,L,0.997617,0.995499,0.016023,0.002648,0.119448
154,54,00598,heavysnow,558,1,0.003663,0.995871,0.000466,L,0.995871,0.992208,0.025710,0.004596,0.101773
154,54,00598,heavysnow,559,1,0.005592,0.993640,0.000768,L,0.993640,0.988047,0.037186,0.007129,0.120186
154,54,00598,heavysnow,560,1,0.012142,0.985800,0.002058,L,0.985800,0.973657,0.073174,0.016258,0.185453
154,54,00598,heavysnow,561,1,0.006621,0.992323,0.001057,L,0.992323,0.985702,0.043790,0.008734,0.147563
154,54,00598,heavysnow,562,1,0.008159,0.990415,0.001426,L,0.990415,0.982257,0.052900,0.011011,0.186234
154,54,00598,heavysnow,563,1,0.009275,0.989355,0.001370,L,0.989355,0.980080,0.057372,0.012015,0.130966
154,54,00598,heavysnow,564,1,0.010574,0.987861,0.001565,L,0.987861,0.977287,0.063974,0.013705,0.137496
154,54,00598,heavysnow,648,1,0.002137,0.997509,0.000354,L,0.997509,0.995372,0.016785,0.002845,0.199659
154,54,00598,heavysnow,649,1,0.003920,0.995376,0.000704,L,0.995376,0.991456,0.028625,0.005328,0.238925
154,54,00598,heavysnow,650,1,0.000029,0.999965,0.000005,L,0.999965,0.999936,0.000370,0.000040,0.520924
154,54,00598,heavysnow,651,1,0.000000,1.000000,0.000000,L,1.000000,1.000000,0.000004,0.000000,0.721201
154,54,00598,heavysnow,652,1,0.000001,0.999999,0.000000,L,0.999999,0.999998,0.000018,0.000001,0.725900
154,54,00598,heavysnow,653,1,0.000711,0.999127,0.000162,L,0.999127,0.998415,0.006776,0.001036,0.380897
154,54,00598,heavysnow,654,1,0.007547,0.991029,0.001424,L,0.991029,0.983483,0.050193,0.010395,0.186072
154,54,00598,heavysnow,738,1,0.005006,0.994270,0.000724,L,0.994270,0.989263,0.034104,0.006454,0.155704
154,54,00598,heavysnow,739,1,0.003026,0.996421,0.000554,L,0.996421,0.993395,0.023006,0.004133,0.291531
154,54,00598,heavysnow,740,1,0.000018,0.999979,0.000003,L,0.999979,0.999960,0.000236,0.000024,0.580849
154,54,00598,heavysnow,741,1,0.000000,1.000000,0.000000,L,1.000000,0.999999,0.000005,0.000000,0.948006
154,54,00598,heavysnow,742,1,0.000001,0.999999,0.000000,L,0.999999,0.999998,0.000014,0.000001,0.806741
154,54,00598,heavysnow,743,1,0.001261,0.998485,0.000254,L,0.998485,0.997224,0.010953,0.001768,0.395255
154,54,00598,heavysnow,744,1,0.009258,0.988955,0.001787,L,0.988955,0.979698,0.059745,0.012832,0.202081
154,54,00598,heavysnow,828,1,0.007181,0.991750,0.001069,L,0.991750,0.984570,0.046399,0.009319,0.141839
154,54,00598,heavysnow,829,1,0.009784,0.988393,0.001823,L,0.988393,0.978608,0.062178,0.013430,0.242628
154,54,00598,heavysnow,830,1,0.026902,0.968232,0.004865,L,0.968232,0.941330,0.140574,0.036634,0.277895
154,54,00598,heavysnow,831,1,0.010264,0.987855,0.001881,L,0.987855,0.977591,0.064515,0.014026,0.298012
154,54,00598,heavysnow,832,1,0.005241,0.993757,0.001001,L,0.993757,0.988516,0.037013,0.007244,0.277755
154,54,00598,heavysnow,833,1,0.003424,0.995995,0.000581,L,0.995995,0.992571,0.025269,0.004585,0.211909
154,54,00598,heavysnow,834,1,0.001578,0.998197,0.000225,L,0.998197,0.996620,0.012624,0.002027,0.172373
154,54,00598,heavysnow,918,1,0.012404,0.985752,0.001843,L,0.985752,0.973348,0.073004,0.016091,0.091888
154,54,00598,heavysnow,919,1,0.008540,0.990093,0.001367,L,0.990093,0.981553,0.054204,0.011274,0.114667
154,54,00598,heavysnow,920,1,0.022540,0.973421,0.004039,L,0.973421,0.950881,0.121941,0.030618,0.169062
154,54,00598,heavysnow,921,1,0.018854,0.977813,0.003333,L,0.977813,0.958959,0.105423,0.025520,0.171672
154,54,00598,heavysnow,922,1,0.015823,0.981390,0.002787,L,0.981390,0.965568,0.091420,0.021396,0.164958
154,54,00598,heavysnow,923,1,0.013807,0.984016,0.002177,L,0.984016,0.970210,0.080399,0.018160,0.140890
154,54,00598,heavysnow,924,1,0.006812,0.992105,0.001082,L,0.992105,0.985293,0.044821,0.008977,0.149409
154,54,00598,heavysnow,1119,0,0.007816,0.991160,0.001025,L,0.991160,0.983344,0.048946,0.009865,0.094109
154,54,00598,heavysnow,685,0,0.002193,0.997532,0.000275,L,0.997532,0.995339,0.016517,0.002743,0.116254
154,54,00598,heavysnow,307,0,0.002550,0.997146,0.000304,L,0.997146,0.994596,0.018695,0.003157,0.094340
154,54,00598,heavysnow,429,0,0.001815,0.997957,0.000228,L,0.997957,0.996142,0.014023,0.002270,0.117413
154,54,00598,heavysnow,1138,0,0.007809,0.991205,0.000986,L,0.991205,0.983396,0.048673,0.009781,0.109460
154,54,00598,heavysnow,130,0,0.002247,0.997483,0.000270,L,0.997483,0.995236,0.016779,0.002787,0.123389
154,54,00598,heavysnow,642,0,0.025330,0.971168,0.003502,L,0.971168,0.945837,0.128637,0.032334,0.099127
154,54,00598,heavysnow,291,0,0.011415,0.986931,0.001654,L,0.986931,0.975517,0.067933,0.014723,0.106426
154,54,00598,heavysnow,320,0,0.001678,0.998119,0.000203,L,0.998119,0.996441,0.013040,0.002084,0.091006
154,54,00598,heavysnow,853,0,0.005783,0.993289,0.000928,L,0.993289,0.987505,0.039112,0.007639,0.249669
154,54,00598,heavysnow,993,0,0.019724,0.977540,0.002737,L,0.977540,0.957816,0.105395,0.025197,0.132353
154,54,00598,heavysnow,301,0,0.004645,0.994765,0.000589,L,0.994765,0.990120,0.031455,0.005824,0.136012
154,54,00598,heavysnow,135,0,0.003626,0.995849,0.000525,L,0.995849,0.992222,0.025929,0.004676,0.143474
154,54,00598,heavysnow,1199,0,0.016187,0.981770,0.002044,L,0.981770,0.965583,0.088718,0.020274,0.131821
154,54,00598,heavysnow,994,0,0.009292,0.989269,0.001439,L,0.989269,0.979976,0.057858,0.012170,0.150403
154,54,00598,heavysnow,985,0,0.007713,0.991345,0.000942,L,0.991345,0.983632,0.047971,0.009596,0.131436
154,54,00598,heavysnow,260,0,0.001418,0.998408,0.000174,L,0.998408,0.996990,0.011283,0.001765,0.130640
154,54,00598,heavysnow,884,0,0.004276,0.995196,0.000528,L,0.995196,0.990921,0.029218,0.005332,0.138764
155,55,00167,heavysnow,1095,1,0.006044,0.992847,0.001109,L,0.992847,0.986803,0.041459,0.008261,0.292249
155,55,00167,heavysnow,1189,1,0.031117,0.964658,0.004224,L,0.964658,0.933541,0.150900,0.039566,0.130401
155,55,00167,heavysnow,1093,1,0.002355,0.997273,0.000372,L,0.997273,0.994919,0.018122,0.003098,0.193793
155,55,00167,heavysnow,1185,1,0.011115,0.987135,0.001750,L,0.987135,0.976019,0.067272,0.014616,0.170216
155,55,00167,heavysnow,918,1,0.011488,0.986540,0.001973,L,0.986540,0.975052,0.070056,0.015433,0.191701
155,55,00167,heavysnow,1100,1,0.005387,0.993691,0.000923,L,0.993691,0.988304,0.037206,0.007232,0.164116
155,55,00167,heavysnow,1003,1,0.001469,0.998277,0.000254,L,0.998277,0.996808,0.012206,0.001978,0.225419
155,55,00167,heavysnow,1010,1,0.000359,0.999587,0.000054,L,0.999587,0.999228,0.003454,0.000468,0.184502
155,55,00167,heavysnow,824,1,0.015347,0.982379,0.002274,L,0.982379,0.967031,0.086845,0.019896,0.105080
155,55,00167,heavysnow,919,1,0.020285,0.976678,0.003037,L,0.976678,0.956393,0.108975,0.026359,0.135512
155,55,00167,heavysnow,1096,1,0.000124,0.999855,0.000022,L,0.999855,0.999731,0.001357,0.000167,0.452391
155,55,00167,heavysnow,1190,1,0.014332,0.983695,0.001973,L,0.983695,0.969363,0.081289,0.018279,0.122497
155,55,00167,heavysnow,829,1,0.013922,0.984286,0.001792,L,0.984286,0.970365,0.078669,0.017505,0.101466
155,55,00167,heavysnow,828,1,0.009338,0.989359,0.001303,L,0.989359,0.980021,0.057239,0.011944,0.121680
155,55,00167,heavysnow,1098,1,0.000006,0.999992,0.000001,L,0.999992,0.999986,0.000092,0.000009,0.581098
155,55,00167,heavysnow,1006,1,0.000000,1.000000,0.000000,L,1.000000,1.000000,0.000003,0.000000,0.711022
155,55,00167,heavysnow,830,1,0.011891,0.986478,0.001630,L,0.986478,0.974587,0.069720,0.015152,0.103387
155,55,00167,heavysnow,1008,1,0.000000,1.000000,0.000000,L,1.000000,1.000000,0.000001,0.000000,0.790188
155,55,00167,heavysnow,1005,1,0.004379,0.994792,0.000829,L,0.994792,0.990413,0.031732,0.006038,0.288895
155,55,00167,heavysnow,1009,1,0.000035,0.999959,0.000007,L,0.999959,0.999924,0.000434,0.000048,0.429133
155,55,00167,heavysnow,1188,1,0.025534,0.970387,0.004079,L,0.970387,0.944852,0.132228,0.033693,0.187776
155,55,00167,heavysnow,1004,1,0.002749,0.996717,0.000534,L,0.996717,0.993968,0.021399,0.003817,0.263395
155,55,00167,heavysnow,1097,1,0.000001,0.999999,0.000000,L,0.999999,0.999999,0.000011,0.000001,0.711179
155,55,00167,heavysnow,1094,1,0.003727,0.995596,0.000677,L,0.995596,0.991870,0.027466,0.005081,0.251765
155,55,00167,heavysnow,825,1,0.017280,0.980287,0.002433,L,0.980287,0.963007,0.094926,0.022146,0.112306
155,55,00167,heavysnow,1183,1,0.024061,0.972521,0.003418,L,0.972521,0.948461,0.123961,0.030897,0.123548
155,55,00167,heavysnow,1186,1,0.022636,0.973783,0.003581,L,0.973783,0.951148,0.119957,0.029797,0.182774
155,55,00167,heavysnow,826,1,0.020229,0.976837,0.002935,L,0.976837,0.956608,0.108237,0.026098,0.135886
155,55,00167,heavysnow,1184,1,0.011683,0.986732,0.001585,L,0.986732,0.975049,0.068619,0.014854,0.120733
155,55,00167,heavysnow,915,1,0.009485,0.988905,0.001610,L,0.988905,0.979420,0.059686,0.012706,0.198187
155,55,00167,heavysnow,916,1,0.012926,0.984835,0.002239,L,0.984835,0.971909,0.077298,0.017404,0.219172
155,55,00167,heavysnow,827,1,0.009809,0.988846,0.001345,L,0.988846,0.979037,0.059479,0.012498,0.119822
155,55,00167,heavysnow,917,1,0.009771,0.988478,0.001751,L,0.988478,0.978707,0.061710,0.013274,0.219121
155,55,00167,heavysnow,1007,1,0.000000,1.000000,0.000000,L,1.000000,1.000000,0.000001,0.000000,0.890045
155,55,00167,heavysnow,920,1,0.003903,0.995576,0.000521,L,0.995576,0.991674,0.027306,0.004945,0.098717
155,55,00167,heavysnow,1187,1,0.023187,0.972769,0.004045,L,0.972769,0.949582,0.124178,0.031276,0.236335
155,55,00167,heavysnow,366,0,0.005921,0.993014,0.001065,L,0.993014,0.987093,0.040616,0.008051,0.218497
155,55,00167,heavysnow,269,0,0.002496,0.997223,0.000280,L,0.997223,0.994727,0.018227,0.003057,0.109590
155,55,00167,heavysnow,536,0,0.003739,0.995880,0.000381,L,0.995880,0.992141,0.025494,0.004501,0.068923
155,55,00167,heavysnow,1251,0,0.000316,0.999651,0.000033,L,0.999651,0.999335,0.002941,0.000381,0.094010
155,55,00167,heavysnow,971,0,0.007479,0.991657,0.000864,L,0.991657,0.984178,0.046440,0.009208,0.092372
155,55,00167,heavysnow,941,0,0.007198,0.991902,0.000900,L,0.991902,0.984705,0.045412,0.008998,0.119390
155,55,00167,heavysnow,522,0,0.001616,0.998203,0.000181,L,0.998203,0.996587,0.012506,0.001977,0.092434
155,55,00167,heavysnow,958,0,0.007093,0.992089,0.000819,L,0.992089,0.984996,0.044417,0.008730,0.100057
155,55,00167,heavysnow,410,0,0.001807,0.997978,0.000215,L,0.997978,0.996171,0.013878,0.002236,0.125148
155,55,00167,heavysnow,1064,0,0.005188,0.994192,0.000620,L,0.994192,0.989005,0.034286,0.006428,0.080336
155,55,00167,heavysnow,1289,0,0.003679,0.995815,0.000506,L,0.995815,0.992135,0.026067,0.004691,0.105341
155,55,00167,heavysnow,321,0,0.001371,0.998481,0.000148,L,0.998481,0.997111,0.010797,0.001667,0.101727
155,55,00167,heavysnow,856,0,0.003593,0.995965,0.000442,L,0.995965,0.992372,0.025182,0.004477,0.143255
155,55,00167,heavysnow,33,0,0.005719,0.993545,0.000736,L,0.993545,0.987825,0.037574,0.007192,0.113919
155,55,00167,heavysnow,738,0,0.003542,0.996022,0.000436,L,0.996022,0.992480,0.024878,0.004414,0.106502
155,55,00167,heavysnow,926,0,0.024184,0.972675,0.003141,L,0.972675,0.948491,0.122942,0.030466,0.107635
155,55,00167,heavysnow,864,0,0.003592,0.996049,0.000359,L,0.996049,0.992457,0.024585,0.004310,0.101554
155,55,00167,heavysnow,549,0,0.016601,0.981134,0.002265,L,0.981134,0.964532,0.091497,0.021132,0.109772
156,55,00214,heavysnow,556,1,0.010879,0.987372,0.001749,L,0.987372,0.976494,0.066295,0.014376,0.177724
156,55,00214,heavysnow,557,1,0.010842,0.987469,0.001689,L,0.987469,0.976627,0.065796,0.014219,0.155566
156,55,00214,heavysnow,558,1,0.010832,0.987490,0.001678,L,0.987490,0.976658,0.065694,0.014188,0.147636
156,55,00214,heavysnow,559,1,0.005575,0.993666,0.000760,L,0.993666,0.988091,0.037048,0.007094,0.113430
156,55,00214,heavysnow,560,1,0.002122,0.997594,0.000284,L,0.997594,0.995472,0.016189,0.002690,0.102853
156,55,00214,heavysnow,644,1,0.003909,0.995455,0.000637,L,0.995455,0.991546,0.028119,0.005182,0.180405
156,55,00214,heavysnow,645,1,0.007317,0.991374,0.001308,L,0.991374,0.984057,0.048477,0.009934,0.235441
156,55,00214,heavysnow,646,1,0.008958,0.989547,0.001494,L,0.989547,0.980589,0.056762,0.011947,0.314820
156,55,00214,heavysnow,647,1,0.005828,0.993228,0.000944,L,0.993228,0.987400,0.039423,0.007716,0.344715
156,55,00214,heavysnow,648,1,0.007246,0.991508,0.001246,L,0.991508,0.984262,0.047780,0.009738,0.346267
156,55,00214,heavysnow,649,1,0.005405,0.993668,0.000927,L,0.993668,0.988263,0.037320,0.007259,0.160981
156,55,00214,heavysnow,650,1,0.000174,0.999801,0.000025,L,0.999801,0.999627,0.001796,0.000224,0.203425
156,55,00214,heavysnow,734,1,0.001262,0.998509,0.000229,L,0.998509,0.997248,0.010768,0.001719,0.278118
156,55,00214,heavysnow,735,1,0.003329,0.996087,0.000583,L,0.996087,0.992758,0.024798,0.004496,0.306207
156,55,00214,heavysnow,736,1,0.000000,0.999999,0.000000,L,0.999999,0.999999,0.000008,0.000001,0.709199
156,55,00214,heavysnow,737,1,0.000000,1.000000,0.000000,L,1.000000,1.000000,0.000001,0.000000,0.975875
156,55,00214,heavysnow,738,1,0.000000,1.000000,0.000000,L,1.000000,1.000000,0.000001,0.000000,0.983389
156,55,00214,heavysnow,739,1,0.000010,0.999988,0.000002,L,0.999988,0.999978,0.000137,0.000014,0.585488
156,55,00214,heavysnow,740,1,0.001629,0.998019,0.000352,L,0.998019,0.996391,0.013867,0.002333,0.317738
156,55,00214,heavysnow,824,1,0.003664,0.995775,0.000561,L,0.995775,0.992111,0.026365,0.004785,0.174377
156,55,00214,heavysnow,825,1,0.005277,0.993773,0.000950,L,0.993773,0.988496,0.036861,0.007178,0.255814
156,55,00214,heavysnow,826,1,0.000356,0.999580,0.000064,L,0.999580,0.999224,0.003517,0.000484,0.375962
156,55,00214,heavysnow,827,1,0.000001,0.999999,0.000000,L,0.999999,0.999998,0.000015,0.000001,0.659160
156,55,00214,heavysnow,828,1,0.000007,0.999992,0.000001,L,0.999992,0.999986,0.000094,0.000009,0.588781
156,55,00214,heavysnow,829,1,0.002006,0.997599,0.000395,L,0.997599,0.995593,0.016345,0.002797,0.335391
156,55,00214,heavysnow,830,1,0.005427,0.993538,0.001036,L,0.993538,0.988111,0.038110,0.007498,0.226432
156,55,00214,heavysnow,914,1,0.013518,0.984453,0.002029,L,0.984453,0.970936,0.078446,0.017575,0.136533
156,55,00214,heavysnow,915,1,0.004558,0.994681,0.000761,L,0.994681,0.990123,0.032169,0.006080,0.217857
156,55,00214,heavysnow,916,1,0.013416,0.984212,0.002372,L,0.984212,0.970797,0.079954,0.018160,0.264498
156,55,00214,heavysnow,917,1,0.008849,0.989636,0.001515,L,0.989636,0.980787,0.056415,0.011879,0.300664
156,55,00214,heavysnow,918,1,0.006263,0.992584,0.001153,L,0.992584,0.986320,0.042749,0.008570,0.308245
156,55,00214,heavysnow,919,1,0.003245,0.996216,0.000539,L,0.996216,0.992970,0.024060,0.004324,0.250142
156,55,00214,heavysnow,920,1,0.006007,0.993087,0.000905,L,0.993087,0.987080,0.040012,0.007818,0.168188
156,55,00214,heavysnow,1085,0,0.014641,0.983126,0.002234,L,0.983126,0.968485,0.083930,0.019108,0.136643
156,55,00214,heavysnow,1419,0,0.005549,0.993712,0.000739,L,0.993712,0.988163,0.036794,0.007028,0.096813
156,55,00214,heavysnow,144,0,0.001790,0.998026,0.000184,L,0.998026,0.996237,0.013539,0.002157,0.094024
156,55,00214,heavysnow,419,0,0.001841,0.997970,0.000189,L,0.997970,0.996129,0.013875,0.002220,0.093410
156,55,00214,heavysnow,366,0,0.016529,0.980974,0.002497,L,0.980974,0.964444,0.092501,0.021524,0.127424
156,55,00214,heavysnow,760,0,0.002734,0.996920,0.000346,L,0.996920,0.994186,0.019998,0.003426,0.140754
156,55,00214,heavysnow,186,0,0.021982,0.974617,0.003401,L,0.974617,0.952636,0.116787,0.028783,0.140231
156,55,00214,heavysnow,1372,0,0.006756,0.992462,0.000782,L,0.992462,0.985706,0.042656,0.008319,0.087338
156,55,00214,heavysnow,70,0,0.001486,0.998336,0.000178,L,0.998336,0.996850,0.011721,0.001842,0.104071
156,55,00214,heavysnow,335,0,0.001341,0.998522,0.000137,L,0.998522,0.997181,0.010523,0.001614,0.075282
156,55,00214,heavysnow,235,0,0.001247,0.998609,0.000144,L,0.998609,0.997362,0.010014,0.001535,0.105550
156,55,00214,heavysnow,210,0,0.009688,0.988997,0.001316,L,0.988997,0.979309,0.058794,0.012319,0.114415
156,55,00214,heavysnow,1042,0,0.008748,0.990146,0.001106,L,0.990146,0.981397,0.053512,0.010960,0.085193
156,55,00214,heavysnow,192,0,0.020269,0.976538,0.003193,L,0.976538,0.956268,0.109737,0.026656,0.117679
156,55,00214,heavysnow,1160,0,0.006750,0.992261,0.000990,L,0.992261,0.985511,0.043957,0.008729,0.105739
156,55,00214,heavysnow,610,0,0.001981,0.997761,0.000259,L,0.997761,0.995780,0.015203,0.002498,0.110480
156,55,00214,heavysnow,974,0,0.007103,0.991884,0.001013,L,0.991884,0.984781,0.045699,0.009128,0.114212
156,55,00214,heavysnow,980,0,0.007092,0.992046,0.000861,L,0.992046,0.984954,0.044693,0.008815,0.085919
157,55,00385,heavysnow,678,1,0.017511,0.979946,0.002543,L,0.979946,0.962436,0.096371,0.022597,0.129070
157,55,00385,heavysnow,679,1,0.011929,0.986307,0.001764,L,0.986307,0.974377,0.070649,0.015457,0.134968
157,55,00385,heavysnow,680,1,0.005412,0.993720,0.000868,L,0.993720,0.988308,0.036978,0.007148,0.185595
157,55,00385,heavysnow,681,1,0.007233,0.991599,0.001168,L,0.991599,0.984366,0.047245,0.009569,0.183290
157,55,00385,heavysnow,682,1,0.010107,0.988365,0.001529,L,0.988365,0.978258,0.061818,0.013164,0.159973
157,55,00385,heavysnow,683,1,0.006425,0.992670,0.000905,L,0.992670,0.986244,0.041942,0.008236,0.122883
157,55,00385,heavysnow,684,1,0.004278,0.995172,0.000550,L,0.995172,0.990893,0.029383,0.005379,0.106874
157,55,00385,heavysnow,768,1,0.000767,0.999112,0.000121,L,0.999112,0.998345,0.006810,0.001009,0.256996
157,55,00385,heavysnow,769,1,0.003317,0.996122,0.000561,L,0.996122,0.992805,0.024583,0.004440,0.272973
157,55,00385,heavysnow,770,1,0.000301,0.999647,0.000052,L,0.999647,0.999346,0.003010,0.000405,0.392981
157,55,00385,heavysnow,771,1,0.000008,0.999991,0.000001,L,0.999991,0.999983,0.000109,0.000011,0.546279
157,55,00385,heavysnow,772,1,0.000415,0.999514,0.000071,L,0.999514,0.999099,0.004000,0.000557,0.405442
157,55,00385,heavysnow,773,1,0.004437,0.994733,0.000830,L,0.994733,0.990296,0.032023,0.006097,0.254388
157,55,00385,heavysnow,774,1,0.003177,0.996337,0.000486,L,0.996337,0.993161,0.023335,0.004149,0.181857
157,55,00385,heavysnow,858,1,0.000136,0.999843,0.000021,L,0.999843,0.999707,0.001453,0.000179,0.350472
157,55,00385,heavysnow,859,1,0.000322,0.999622,0.000057,L,0.999622,0.999300,0.003204,0.000435,0.363988
157,55,00385,heavysnow,860,1,0.000000,1.000000,0.000000,L,1.000000,1.000000,0.000002,0.000000,0.705235
157,55,00385,heavysnow,861,1,0.000000,1.000000,0.000000,L,1.000000,1.000000,0.000000,0.000000,0.761004
157,55,00385,heavysnow,862,1,0.000000,1.000000,0.000000,L,1.000000,1.000000,0.000001,0.000000,0.715060
157,55,00385,heavysnow,863,1,0.000418,0.999502,0.000080,L,0.999502,0.999084,0.004100,0.000578,0.419036
157,55,00385,heavysnow,864,1,0.002677,0.996858,0.000465,L,0.996858,0.994182,0.020534,0.003607,0.214963
157,55,00385,heavysnow,948,1,0.006727,0.992324,0.000949,L,0.992324,0.985597,0.043597,0.008625,0.162460
157,55,00385,heavysnow,949,1,0.009679,0.988664,0.001657,L,0.988664,0.978985,0.060777,0.012993,0.247899
157,55,00385,heavysnow,950,1,0.000261,0.999693,0.000046,L,0.999693,0.999433,0.002655,0.000353,0.381778
157,55,00385,heavysnow,951,1,0.000008,0.999991,0.000001,L,0.999991,0.999983,0.000107,0.000010,0.529481
157,55,00385,heavysnow,952,1,0.000055,0.999935,0.000010,L,0.999935,0.999879,0.000658,0.000075,0.428904
157,55,00385,heavysnow,953,1,0.004506,0.994722,0.000771,L,0.994722,0.990216,0.031982,0.006049,0.161778
157,55,00385,heavysnow,954,1,0.004879,0.994425,0.000697,L,0.994425,0.989546,0.033308,0.006272,0.106447
157,55,00385,heavysnow,1038,1,0.037733,0.957593,0.004674,L,0.957593,0.919860,0.173159,0.047081,0.138369
157,55,00385,heavysnow,1039,1,0.034316,0.960763,0.004922,L,0.960763,0.926447,0.164142,0.044159,0.185315
157,55,00385,heavysnow,1040,1,0.015175,0.982569,0.002256,L,0.982569,0.967394,0.086092,0.019687,0.189532
157,55,00385,heavysnow,1041,1,0.006557,0.992456,0.000987,L,0.992456,0.985899,0.043063,0.008531,0.170843
157,55,00385,heavysnow,1042,1,0.007714,0.991181,0.001105,L,0.991181,0.983467,0.048999,0.009925,0.118483
157,55,00385,heavysnow,1043,1,0.003988,0.995480,0.000532,L,0.995480,0.991492,0.027809,0.005052,0.096939
157,55,00385,heavysnow,1044,1,0.004828,0.994586,0.000586,L,0.994586,0.989758,0.032321,0.006000,0.078417
157,55,00385,heavysnow,531,0,0.001613,0.998185,0.000202,L,0.998185,0.996572,0.012654,0.002017,0.123387
157,55,00385,heavysnow,1055,0,0.008700,0.990212,0.001088,L,0.990212,0.981512,0.053196,0.010876,0.125590
157,55,00385,heavysnow,693,0,0.002951,0.996672,0.000377,L,0.996672,0.993721,0.021380,0.003706,0.154878
157,55,00385,heavysnow,561,0,0.004284,0.995204,0.000512,L,0.995204,0.990920,0.029149,0.005307,0.081091
157,55,00385,heavysnow,731,0,0.008818,0.989727,0.001455,L,0.989727,0.980909,0.055927,0.011728,0.130084
157,55,00385,heavysnow,74,0,0.001482,0.998331,0.000188,L,0.998331,0.996849,0.011770,0.001857,0.125933
157,55,00385,heavysnow,410,0,0.004229,0.995283,0.000489,L,0.995283,0.991054,0.028713,0.005206,0.078720
157,55,00385,heavysnow,934,0,0.004596,0.994753,0.000652,L,0.994753,0.990157,0.031631,0.005899,0.103437
157,55,00385,heavysnow,1284,0,0.004293,0.994912,0.000795,L,0.994912,0.990620,0.031084,0.005883,0.202383
157,55,00385,heavysnow,943,0,0.014816,0.983300,0.001884,L,0.983300,0.968484,0.082636,0.018584,0.094290
157,55,00385,heavysnow,422,0,0.001820,0.997958,0.000222,L,0.997958,0.996137,0.014010,0.002264,0.099513
157,55,00385,heavysnow,1318,0,0.004503,0.994925,0.000572,L,0.994925,0.990421,0.030642,0.005647,0.110195
157,55,00385,heavysnow,641,0,0.003554,0.995889,0.000557,L,0.995889,0.992336,0.025775,0.004667,0.117794
157,55,00385,heavysnow,1349,0,0.004528,0.994900,0.000572,L,0.994900,0.990372,0.030763,0.005672,0.110242
157,55,00385,heavysnow,632,0,0.004317,0.994932,0.000751,L,0.994932,0.990615,0.030916,0.005819,0.145457
157,55,00385,heavysnow,1113,0,0.003142,0.996308,0.000550,L,0.996308,0.993166,0.023593,0.004242,0.163144
157,55,00385,heavysnow,1280,0,0.010001,0.988469,0.001530,L,0.988469,0.978468,0.061384,0.013061,0.123360
157,55,00385,heavysnow,711,0,0.002955,0.996679,0.000366,L,0.996679,0.993724,0.021320,0.003687,0.142529
158,55,00447,heavysnow,306,1,0.002530,0.997167,0.000304,L,0.997167,0.994637,0.018584,0.003137,0.129173
158,55,00447,heavysnow,126,1,0.004786,0.994600,0.000615,L,0.994600,0.989814,0.032311,0.006015,0.134740
158,55,00447,heavysnow,399,1,0.000077,0.999912,0.000010,L,0.999912,0.999835,0.000855,0.000098,0.258786
158,55,00447,heavysnow,313,1,0.000000,1.000000,0.000000,L,1.000000,1.000000,0.000001,0.000000,0.619907
158,55,00447,heavysnow,222,1,0.008768,0.989959,0.001273,L,0.989959,0.981191,0.054623,0.011315,0.175904
158,55,00447,heavysnow,223,1,0.001099,0.998756,0.000145,L,0.998756,0.997658,0.009112,0.001389,0.178828
158,55,00447,heavysnow,37,1,0.007129,0.991939,0.000932,L,0.991939,0.984810,0.045307,0.008993,0.130337
158,55,00447,heavysnow,133,1,0.008808,0.990141,0.001051,L,0.990141,0.981332,0.053431,0.010910,0.126131
158,55,00447,heavysnow,39,1,0.011262,0.987347,0.001391,L,0.987347,0.976085,0.065764,0.014045,0.143191
158,55,00447,heavysnow,43,1,0.001828,0.997975,0.000197,L,0.997975,0.996147,0.013864,0.002223,0.109652
158,55,00447,heavysnow,311,1,0.002783,0.996846,0.000371,L,0.996846,0.994064,0.020440,0.003525,0.143608
158,55,00447,heavysnow,400,1,0.000469,0.999469,0.000062,L,0.999469,0.998999,0.004305,0.000593,0.170382
158,55,00447,heavysnow,583,1,0.004899,0.994476,0.000625,L,0.994476,0.989577,0.032927,0.006148,0.094792
158,55,00447,heavysnow,491,1,0.010391,0.988251,0.001357,L,0.988251,0.977860,0.061983,0.013106,0.118396
158,55,00447,heavysnow,130,1,0.001930,0.997845,0.000225,L,0.997845,0.995916,0.014657,0.002379,0.138464
158,55,00447,heavysnow,489,1,0.005975,0.993184,0.000841,L,0.993184,0.987209,0.039450,0.007657,0.128133
158,55,00447,heavysnow,312,1,0.000002,0.999997,0.000000,L,0.999997,0.999995,0.000035,0.000003,0.422325
158,55,00447,heavysnow,314,1,0.000000,1.000000,0.000000,L,1.000000,1.000000,0.000001,0.000000,0.568747
158,55,00447,heavysnow,132,1,0.004901,0.994473,0.000626,L,0.994473,0.989572,0.032946,0.006153,0.129357
158,55,00447,heavysnow,40,1,0.006262,0.993024,0.000714,L,0.993024,0.986762,0.039951,0.007689,0.112073
158,55,00447,heavysnow,397,1,0.007964,0.990966,0.001069,L,0.990966,0.983002,0.049880,0.010103,0.135902
158,55,00447,heavysnow,128,1,0.003374,0.996151,0.000475,L,0.996151,0.992777,0.024285,0.004324,0.169649
158,55,00447,heavysnow,218,1,0.000159,0.999820,0.000021,L,0.999820,0.999661,0.001632,0.000200,0.232984
158,55,00447,heavysnow,42,1,0.002244,0.997497,0.000259,L,0.997497,0.995253,0.016681,0.002762,0.109727
158,55,00447,heavysnow,309,1,0.000006,0.999993,0.000001,L,0.999993,0.999987,0.000081,0.000007,0.342772
158,55,00447,heavysnow,127,1,0.007634,0.991331,0.001035,L,0.991331,0.983697,0.048206,0.009703,0.152854
158,55,00447,heavysnow,41,1,0.002651,0.997039,0.000310,L,0.997039,0.994388,0.019285,0.003270,0.117339
158,55,00447,heavysnow,45,1,0.001390,0.998444,0.000166,L,0.998444,0.997055,0.011051,0.001722,0.120578
158,55,00447,heavysnow,220,1,0.001135,0.998715,0.000151,L,0.998715,0.997580,0.009380,0.001436,0.170725
158,55,00447,heavysnow,216,1,0.000578,0.999352,0.000070,L,0.999352,0.998774,0.005122,0.000718,0.158675
158,55,00447,heavysnow,310,1,0.000033,0.999962,0.000004,L,0.999962,0.999929,0.000394,0.000042,0.260787
158,55,00447,heavysnow,308,1,0.000314,0.999643,0.000043,L,0.999643,0.999329,0.003021,0.000399,0.210017
158,55,00447,heavysnow,224,1,0.002271,0.997447,0.000282,L,0.997447,0.995176,0.017004,0.002835,0.142395
158,55,00447,heavysnow,490,1,0.011730,0.986707,0.001563,L,0.986707,0.974977,0.068676,0.014856,0.129789
158,55,00447,heavysnow,38,1,0.011373,0.987171,0.001457,L,0.987171,0.975798,0.066604,0.014286,0.142304
158,55,00447,heavysnow,582,1,0.010078,0.988547,0.001375,L,0.988547,0.978469,0.060787,0.012828,0.114423
158,55,00447,heavysnow,290,0,0.008485,0.990442,0.001072,L,0.990442,0.981957,0.052169,0.010630,0.137864
158,55,00447,heavysnow,763,0,0.002029,0.997715,0.000255,L,0.997715,0.995686,0.015451,0.002540,0.112895
158,55,00447,heavysnow,377,0,0.020742,0.976603,0.002655,L,0.976603,0.955860,0.108553,0.026052,0.140472
158,55,00447,heavysnow,1123,0,0.006672,0.992462,0.000866,L,0.992462,0.985790,0.042818,0.008404,0.112874
158,55,00447,heavysnow,159,0,0.002896,0.996813,0.000291,L,0.996813,0.993917,0.020460,0.003478,0.086826
158,55,00447,heavysnow,863,0,0.004083,0.995410,0.000507,L,0.995410,0.991327,0.028112,0.005096,0.097184
158,55,00447,heavysnow,1302,0,0.004534,0.994921,0.000544,L,0.994921,0.990387,0.030608,0.005623,0.088560
158,55,00447,heavysnow,752,0,0.002374,0.997226,0.000401,L,0.997226,0.994852,0.018431,0.003175,0.168164
158,55,00447,heavysnow,375,0,0.024212,0.972380,0.003408,L,0.972380,0.948168,0.124417,0.031027,0.190287
158,55,00447,heavysnow,1147,0,0.004652,0.994825,0.000522,L,0.994825,0.990173,0.031033,0.005697,0.073576
158,55,00447,heavysnow,989,0,0.005388,0.993944,0.000668,L,0.993944,0.988556,0.035559,0.006724,0.132655
158,55,00447,heavysnow,1012,0,0.009001,0.989842,0.001157,L,0.989842,0.980840,0.054914,0.011315,0.112684
158,55,00447,heavysnow,355,0,0.001429,0.998394,0.000177,L,0.998394,0.996966,0.011370,0.001782,0.126200
158,55,00447,heavysnow,1048,0,0.008698,0.990260,0.001042,L,0.990260,0.981563,0.052898,0.010782,0.090274
158,55,00447,heavysnow,430,0,0.002114,0.997630,0.000256,L,0.997630,0.995517,0.015933,0.002626,0.142056
158,55,00447,heavysnow,510,0,0.001699,0.998115,0.000186,L,0.998115,0.996417,0.013030,0.002071,0.102188
158,55,00447,heavysnow,904,0,0.016959,0.980414,0.002627,L,0.980414,0.963455,0.094795,0.022213,0.133722
158,55,00447,heavysnow,1419,0,0.004251,0.995243,0.000506,L,0.995243,0.990992,0.028946,0.005264,0.084872
159,55,00494,heavysnow,457,1,0.014818,0.982771,0.002411,L,0.982771,0.967952,0.085585,0.019640,0.176780
159,55,00494,heavysnow,15,1,0.002199,0.997499,0.000302,L,0.997499,0.995300,0.016749,0.002803,0.123757
159,55,00494,heavysnow,14,1,0.002074,0.997648,0.000278,L,0.997648,0.995573,0.015876,0.002630,0.113673
159,55,00494,heavysnow,394,1,0.000654,0.999250,0.000096,L,0.999250,0.998596,0.005856,0.000846,0.148977
159,55,00494,heavysnow,572,1,0.000364,0.999584,0.000053,L,0.999584,0.999220,0.003474,0.000469,0.228107
159,55,00494,heavysnow,476,1,0.006608,0.992069,0.001324,L,0.992069,0.985461,0.045366,0.009255,0.310846
159,55,00494,heavysnow,215,1,0.002704,0.996950,0.000347,L,0.996950,0.994246,0.019839,0.003397,0.089963
159,55,00494,heavysnow,116,1,0.000239,0.999736,0.000026,L,0.999736,0.999497,0.002299,0.000290,0.118221
159,55,00494,heavysnow,191,1,0.009211,0.989037,0.001753,L,0.989037,0.979826,0.059349,0.012716,0.243999
159,55,00494,heavysnow,369,1,0.001748,0.997944,0.000308,L,0.997944,0.996196,0.014237,0.002364,0.347142
159,55,00494,heavysnow,213,1,0.002633,0.997016,0.000351,L,0.997016,0.994383,0.019489,0.003335,0.092069
159,55,00494,heavysnow,203,1,0.002891,0.996703,0.000406,L,0.996703,0.993813,0.021264,0.003702,0.121897
159,55,00494,heavysnow,105,1,0.004299,0.995137,0.000564,L,0.995137,0.990838,0.029579,0.005427,0.107476
159,55,00494,heavysnow,97,1,0.014043,0.983813,0.002144,L,0.983813,0.969770,0.081132,0.018331,0.136768
159,55,00494,heavysnow,571,1,0.007498,0.991480,0.001022,L,0.991480,0.983983,0.047522,0.009542,0.141529
159,55,00494,heavysnow,664,1,0.000751,0.999130,0.000119,L,0.999130,0.998379,0.006688,0.000989,0.373847
159,55,00494,heavysnow,459,1,0.011310,0.986611,0.002079,L,0.986611,0.975300,0.069935,0.015468,0.276271
159,55,00494,heavysnow,385,1,0.000112,0.999866,0.000022,L,0.999866,0.999753,0.001268,0.000157,0.408781
159,55,00494,heavysnow,306,1,0.003897,0.995538,0.000565,L,0.995538,0.991641,0.027575,0.005026,0.106637
159,55,00494,heavysnow,483,1,0.000003,0.999997,0.000000,L,0.999997,0.999994,0.000043,0.000004,0.360078
159,55,00494,heavysnow,102,1,0.003361,0.996133,0.000505,L,0.996133,0.992772,0.024429,0.004372,0.120253
159,55,00494,heavysnow,573,1,0.000008,0.999990,0.000001,L,0.999990,0.999982,0.000114,0.000011,0.413304
159,55,00494,heavysnow,26,1,0.001961,0.997820,0.000219,L,0.997820,0.995859,0.014789,0.002399,0.104743
159,55,00494,heavysnow,294,1,0.000012,0.999986,0.000002,L,0.999986,0.999973,0.000165,0.000016,0.392986
159,55,00494,heavysnow,283,1,0.008679,0.989531,0.001790,L,0.989531,0.980852,0.057285,0.012259,0.281943
159,55,00494,heavysnow,11,1,0.000551,0.999369,0.000080,L,0.999369,0.998819,0.005021,0.000710,0.157443
159,55,00494,heavysnow,23,1,0.000761,0.999154,0.000085,L,0.999154,0.998393,0.006472,0.000932,0.095468
159,55,00494,heavysnow,553,1,0.011865,0.986295,0.001840,L,0.986295,0.974430,0.070824,0.015544,0.143957
159,55,00494,heavysnow,465,1,0.000001,0.999999,0.000000,L,0.999999,0.999999,0.000009,0.000001,0.433914
159,55,00494,heavysnow,460,1,0.002269,0.997304,0.000427,L,0.997304,0.995035,0.018040,0.003123,0.315260
159,55,00494,heavysnow,104,1,0.004345,0.995086,0.000568,L,0.995086,0.990741,0.029839,0.005482,0.100788
159,55,00494,heavysnow,277,1,0.003555,0.995807,0.000638,L,0.995807,0.992252,0.026329,0.004831,0.223055
159,55,00494,heavysnow,395,1,0.001375,0.998432,0.000192,L,0.998432,0.997057,0.011172,0.001760,0.122390
159,55,00494,heavysnow,115,1,0.000062,0.999932,0.000007,L,0.999932,0.999870,0.000680,0.000075,0.126513
159,55,00494,heavysnow,393,1,0.000134,0.999847,0.000019,L,0.999847,0.999713,0.001413,0.000171,0.175595
159,55,00494,heavysnow,296,1,0.000475,0.999444,0.000081,L,0.999444,0.998969,0.004513,0.000638,0.262843
159,55,00494,heavysnow,226,0,0.005293,0.994070,0.000637,L,0.994070,0.988777,0.034900,0.006567,0.105843
159,55,00494,heavysnow,840,0,0.016059,0.981690,0.002251,L,0.981690,0.965632,0.089394,0.020560,0.133898
159,55,00494,heavysnow,1194,0,0.015838,0.982105,0.002057,L,0.982105,0.966266,0.087487,0.019952,0.101484
159,55,00494,heavysnow,388,0,0.002169,0.997372,0.000460,L,0.997372,0.995203,0.017713,0.003088,0.291558
159,55,00494,heavysnow,1276,0,0.020306,0.977250,0.002444,L,0.977250,0.956945,0.105875,0.025194,0.102770
159,55,00494,heavysnow,502,0,0.004427,0.995056,0.000517,L,0.995056,0.990629,0.029890,0.005461,0.085317
159,55,00494,heavysnow,514,0,0.001733,0.998068,0.000199,L,0.998068,0.996336,0.013327,0.002130,0.087566
159,55,00494,heavysnow,1308,0,0.012045,0.986567,0.001388,L,0.986567,0.974522,0.068908,0.014821,0.098311
159,55,00494,heavysnow,335,0,0.001370,0.998460,0.000170,L,0.998460,0.997090,0.010963,0.001709,0.131397
159,55,00494,heavysnow,581,0,0.000889,0.998995,0.000116,L,0.998995,0.998107,0.007553,0.001120,0.123655
159,55,00494,heavysnow,288,0,0.003234,0.996262,0.000504,L,0.996262,0.993028,0.023759,0.004242,0.133614
159,55,00494,heavysnow,782,0,0.007100,0.992070,0.000830,L,0.992070,0.984970,0.044526,0.008761,0.115012
159,55,00494,heavysnow,83,0,0.001478,0.998335,0.000187,L,0.998335,0.996856,0.011746,0.001853,0.125943
159,55,00494,heavysnow,1108,0,0.016579,0.981540,0.001882,L,0.981540,0.964961,0.089261,0.020342,0.090916
159,55,00494,heavysnow,886,0,0.003574,0.996039,0.000386,L,0.996039,0.992465,0.024691,0.004347,0.114907
159,55,00494,heavysnow,888,0,0.003583,0.996038,0.000379,L,0.996038,0.992455,0.024684,0.004341,0.130400
159,55,00494,heavysnow,1275,0,0.006502,0.992761,0.000737,L,0.992761,0.986259,0.041204,0.007975,0.104526
159,55,00494,heavysnow,1143,0,0.002390,0.997319,0.000291,L,0.997319,0.994929,0.017723,0.002971,0.100962
160,56,00222,heavysnow,1316,1,0.002622,0.996922,0.000456,L,0.996922,0.994300,0.020177,0.003534,0.228277
160,56,00222,heavysnow,1135,1,0.012296,0.985608,0.002096,L,0.985608,0.973312,0.074003,0.016488,0.277981
160,56,00222,heavysnow,1401,1,0.019307,0.977835,0.002857,L,0.977835,0.958528,0.104556,0.025022,0.192949
160,56,00222,heavysnow,1418,1,0.010203,0.988420,0.001377,L,0.988420,0.978216,0.061320,0.012957,0.158002
160,56,00222,heavysnow,1311,1,0.002604,0.996971,0.000425,L,0.996971,0.994367,0.019861,0.003454,0.262506
160,56,00222,heavysnow,1403,1,0.000350,0.999590,0.000059,L,0.999590,0.999240,0.003435,0.000469,0.365008
160,56,00222,heavysnow,1332,1,0.000007,0.999992,0.000001,L,0.999992,0.999985,0.000096,0.000009,0.475283
160,56,00222,heavysnow,1137,1,0.003167,0.996368,0.000466,L,0.996368,0.993201,0.023141,0.004098,0.145373
160,56,00222,heavysnow,1335,1,0.000462,0.999484,0.000054,L,0.999484,0.999022,0.004181,0.000570,0.127391
160,56,00222,heavysnow,1136,1,0.002377,0.997219,0.000404,L,0.997219,0.994842,0.018474,0.003185,0.229905
160,56,00222,heavysnow,1238,1,0.000435,0.999490,0.000075,L,0.999490,0.999055,0.004176,0.000585,0.331830
160,56,00222,heavysnow,1312,1,0.000092,0.999893,0.000015,L,0.999893,0.999800,0.001031,0.000122,0.418351
160,56,00222,heavysnow,1064,1,0.007798,0.991170,0.001032,L,0.991170,0.983373,0.048912,0.009861,0.096410
160,56,00222,heavysnow,1314,1,0.000000,1.000000,0.000000,L,1.000000,1.000000,0.000002,0.000000,0.656018
160,56,00222,heavysnow,1152,1,0.000678,0.999192,0.000129,L,0.999192,0.998514,0.006294,0.000937,0.387007
160,56,00222,heavysnow,1058,1,0.007651,0.991278,0.001071,L,0.991278,0.983627,0.048510,0.009794,0.128109
160,56,00222,heavysnow,1059,1,0.005625,0.993522,0.000854,L,0.993522,0.987897,0.037892,0.007332,0.168710
160,56,00222,heavysnow,1317,1,0.003819,0.995598,0.000583,L,0.995598,0.991779,0.027303,0.004984,0.152980
160,56,00222,heavysnow,1244,1,0.000039,0.999955,0.000006,L,0.999955,0.999916,0.000465,0.000051,0.295061
160,56,00222,heavysnow,1151,1,0.000356,0.999593,0.000051,L,0.999593,0.999237,0.003401,0.000458,0.454565
160,56,00222,heavysnow,1227,1,0.001764,0.997951,0.000285,L,0.997951,0.996187,0.014160,0.002334,0.226067
160,56,00222,heavysnow,1242,1,0.000001,0.999999,0.000000,L,0.999999,0.999998,0.000016,0.000001,0.616205
160,56,00222,heavysnow,1132,1,0.005678,0.993466,0.000855,L,0.993466,0.987788,0.038155,0.007389,0.212336
160,56,00222,heavysnow,1330,1,0.000398,0.999533,0.000068,L,0.999533,0.999135,0.003861,0.000535,0.360705
160,56,00222,heavysnow,1331,1,0.000014,0.999984,0.000002,L,0.999984,0.999970,0.000186,0.000019,0.497998
160,56,00222,heavysnow,1224,1,0.000000,1.000000,0.000000,L,1.000000,1.000000,0.000004,0.000000,0.617947
160,56,00222,heavysnow,1315,1,0.000004,0.999995,0.000001,L,0.999995,0.999991,0.000061,0.000006,0.542492
160,56,00222,heavysnow,1402,1,0.006321,0.992617,0.001062,L,0.992617,0.986296,0.042452,0.008446,0.261222
160,56,00222,heavysnow,1424,1,0.000707,0.999200,0.000094,L,0.999200,0.998493,0.006185,0.000894,0.133712
160,56,00222,heavysnow,1240,1,0.000008,0.999990,0.000001,L,0.999990,0.999982,0.000114,0.000011,0.532342
160,56,00222,heavysnow,1223,1,0.000001,0.999999,0.000000,L,0.999999,0.999999,0.000011,0.000001,0.578530
160,56,00222,heavysnow,1063,1,0.007723,0.991209,0.001068,L,0.991209,0.983485,0.048808,0.009859,0.107407
160,56,00222,heavysnow,1154,1,0.001815,0.997898,0.000287,L,0.997898,0.996083,0.014467,0.002388,0.152382
160,56,00222,heavysnow,1150,1,0.001215,0.998589,0.000196,L,0.998589,0.997374,0.010230,0.001607,0.366947
160,56,00222,heavysnow,1062,1,0.009984,0.988586,0.001430,L,0.988586,0.978602,0.060722,0.012844,0.118888
160,56,00222,heavysnow,1149,1,0.004377,0.994913,0.000710,L,0.994913,0.990535,0.030946,0.005798,0.309991
160,56,00222,heavysnow,468,0,0.009139,0.989741,0.001120,L,0.989741,0.980602,0.055276,0.011379,0.085993
160,56,00222,heavysnow,692,0,0.002114,0.997622,0.000264,L,0.997622,0.995508,0.015995,0.002643,0.128798
160,56,00222,heavysnow,72,0,0.001504,0.998340,0.000156,L,0.998340,0.996836,0.011652,0.001816,0.097876
160,56,00222,heavysnow,820,0,0.008322,0.990190,0.001488,L,0.990190,0.981868,0.053978,0.011297,0.182304
160,56,00222,heavysnow,95,0,0.009307,0.989473,0.001220,L,0.989473,0.980166,0.056604,0.011747,0.115954
160,56,00222,heavysnow,1266,0,0.016921,0.980932,0.002148,L,0.980932,0.964011,0.092028,0.021216,0.104898
160,56,00222,heavysnow,878,0,0.006830,0.992225,0.000944,L,0.992225,0.985395,0.044038,0.008719,0.089076
160,56,00222,heavysnow,1173,0,0.008705,0.990229,0.001067,L,0.990229,0.981524,0.053083,0.010838,0.126082
160,56,00222,heavysnow,503,0,0.004793,0.994726,0.000481,L,0.994726,0.989934,0.031433,0.005755,0.076083
160,56,00222,heavysnow,795,0,0.006704,0.992559,0.000737,L,0.992559,0.985856,0.042127,0.008177,0.085956
160,56,00222,heavysnow,543,0,0.008158,0.990178,0.001664,L,0.990178,0.982020,0.054295,0.011486,0.197044
160,56,00222,heavysnow,1005,0,0.011635,0.986856,0.001509,L,0.986856,0.975221,0.067975,0.014652,0.088923
160,56,00222,heavysnow,1114,0,0.009091,0.989726,0.001183,L,0.989726,0.980635,0.055458,0.011458,0.102106
160,56,00222,heavysnow,407,0,0.005727,0.993476,0.000797,L,0.993476,0.987749,0.038006,0.007321,0.128987
160,56,00222,heavysnow,319,0,0.010056,0.988724,0.001220,L,0.988724,0.978667,0.059760,0.012497,0.106729
160,56,00222,heavysnow,373,0,0.017584,0.980322,0.002094,L,0.980322,0.962738,0.094165,0.021771,0.091461
160,56,00222,heavysnow,272,0,0.030800,0.963945,0.005255,L,0.963945,0.933146,0.154894,0.041309,0.140405
160,56,00222,heavysnow,1263,0,0.017124,0.980566,0.002310,L,0.980566,0.963442,0.093676,0.021744,0.130257
161,56,00462,heavysnow,935,1,0.007131,0.991891,0.000979,L,0.991891,0.984760,0.045609,0.009088,0.136454
161,56,00462,heavysnow,936,1,0.005301,0.993975,0.000724,L,0.993975,0.988675,0.035514,0.006749,0.145039
161,56,00462,heavysnow,937,1,0.004619,0.994674,0.000708,L,0.994674,0.990055,0.032116,0.006034,0.196539
161,56,00462,heavysnow,938,1,0.005828,0.993188,0.000985,L,0.993188,0.987360,0.039678,0.007797,0.255090
161,56,00462,heavysnow,939,1,0.008198,0.990420,0.001382,L,0.990420,0.982221,0.052809,0.010962,0.226283
161,56,00462,heavysnow,940,1,0.006145,0.992932,0.000923,L,0.992932,0.986787,0.040762,0.007990,0.139878
161,56,00462,heavysnow,941,1,0.003232,0.996360,0.000408,L,0.996360,0.993129,0.023073,0.004047,0.094538
161,56,00462,heavysnow,942,1,0.005356,0.993956,0.000688,L,0.993956,0.988601,0.035538,0.006732,0.087891
161,56,00462,heavysnow,1025,1,0.000855,0.999016,0.000128,L,0.999016,0.998161,0.007443,0.001112,0.210515
161,56,00462,heavysnow,1026,1,0.004532,0.994712,0.000756,L,0.994712,0.990180,0.032007,0.006043,0.246815
161,56,00462,heavysnow,1027,1,0.000023,0.999973,0.000004,L,0.999973,0.999949,0.000296,0.000031,0.474151
161,56,00462,heavysnow,1028,1,0.000000,1.000000,0.000000,L,1.000000,1.000000,0.000003,0.000000,0.670809
161,56,00462,heavysnow,1029,1,0.000000,1.000000,0.000000,L,1.000000,0.999999,0.000007,0.000001,0.656102
161,56,00462,heavysnow,1030,1,0.000526,0.999380,0.000094,L,0.999380,0.998854,0.004972,0.000714,0.407845
161,56,00462,heavysnow,1031,1,0.002494,0.997047,0.000459,L,0.997047,0.994553,0.019504,0.003413,0.247192
161,56,00462,heavysnow,1032,1,0.003690,0.995850,0.000460,L,0.995850,0.992161,0.025801,0.004610,0.091322
161,56,00462,heavysnow,1115,1,0.002971,0.996600,0.000429,L,0.996600,0.993629,0.021854,0.003829,0.166011
161,56,00462,heavysnow,1116,1,0.006513,0.992398,0.001089,L,0.992398,0.985886,0.043498,0.008691,0.217953
161,56,00462,heavysnow,1117,1,0.000013,0.999985,0.000002,L,0.999985,0.999972,0.000170,0.000017,0.496773
161,56,00462,heavysnow,1118,1,0.000000,1.000000,0.000000,L,1.000000,1.000000,0.000001,0.000000,0.686172
161,56,00462,heavysnow,1119,1,0.000000,1.000000,0.000000,L,1.000000,1.000000,0.000002,0.000000,0.679326
161,56,00462,heavysnow,1120,1,0.000122,0.999853,0.000025,L,0.999853,0.999731,0.001373,0.000171,0.461940
161,56,00462,heavysnow,1121,1,0.002710,0.996806,0.000484,L,0.996806,0.994096,0.020847,0.003678,0.206798
161,56,00462,heavysnow,1122,1,0.004634,0.994717,0.000649,L,0.994717,0.990082,0.031804,0.005932,0.109374
161,56,00462,heavysnow,1205,1,0.013314,0.984925,0.001761,L,0.984925,0.971611,0.076124,0.016836,0.132760
161,56,00462,heavysnow,1206,1,0.015750,0.982092,0.002158,L,0.982092,0.966343,0.087720,0.020066,0.140170
161,56,00462,heavysnow,1207,1,0.007573,0.991307,0.001119,L,0.991307,0.983734,0.048463,0.009812,0.175702
161,56,00462,heavysnow,1208,1,0.002296,0.997361,0.000343,L,0.997361,0.995066,0.017587,0.002981,0.190854
161,56,00462,heavysnow,1209,1,0.006136,0.992881,0.000983,L,0.992881,0.986745,0.041100,0.008102,0.204571
161,56,00462,heavysnow,1210,1,0.010376,0.988035,0.001590,L,0.988035,0.977659,0.063295,0.013555,0.168746
161,56,00462,heavysnow,1211,1,0.011341,0.987225,0.001434,L,0.987225,0.975884,0.066343,0.014210,0.106144
161,56,00462,heavysnow,1212,1,0.010935,0.987643,0.001422,L,0.987643,0.976708,0.064613,0.013779,0.106905
161,56,00462,heavysnow,1142,0,0.006944,0.992108,0.000948,L,0.992108,0.985164,0.044575,0.008840,0.100051
161,56,00462,heavysnow,970,0,0.006475,0.992682,0.000843,L,0.992682,0.986207,0.041772,0.008161,0.078268
161,56,00462,heavysnow,1037,0,0.009204,0.989606,0.001190,L,0.989606,0.980402,0.055984,0.011585,0.096196
161,56,00462,heavysnow,1051,0,0.008128,0.990779,0.001093,L,0.990779,0.982651,0.050744,0.010314,0.100016
161,56,00462,heavysnow,563,0,0.004788,0.994676,0.000536,L,0.994676,0.989888,0.031786,0.005859,0.056931
161,56,00462,heavysnow,773,0,0.003128,0.996529,0.000343,L,0.996529,0.993400,0.022068,0.003814,0.087211
161,56,00462,heavysnow,325,0,0.001343,0.998512,0.000144,L,0.998512,0.997169,0.010600,0.001632,0.082622
161,56,00462,heavysnow,438,0,0.002882,0.996752,0.000366,L,0.996752,0.993870,0.020934,0.003614,0.124798
161,56,00462,heavysnow,293,0,0.011551,0.987118,0.001331,L,0.987118,0.975567,0.066576,0.014213,0.091617
161,56,00462,heavysnow,1221,0,0.005316,0.994025,0.000659,L,0.994025,0.988709,0.035156,0.006633,0.092956
161,56,00462,heavysnow,1113,0,0.017710,0.979722,0.002568,L,0.979722,0.962012,0.097234,0.022845,0.130201
161,56,00462,heavysnow,344,0,0.003155,0.996537,0.000308,L,0.996537,0.993382,0.021952,0.003771,0.077167
161,56,00462,heavysnow,804,0,0.002194,0.997566,0.000240,L,0.997566,0.995372,0.016262,0.002675,0.102050
161,56,00462,heavysnow,472,0,0.006255,0.992961,0.000785,L,0.992961,0.986706,0.040382,0.007824,0.073631
161,56,00462,heavysnow,1420,0,0.005988,0.993231,0.000780,L,0.993231,0.987243,0.039119,0.007549,0.103290
161,56,00462,heavysnow,1361,0,0.019721,0.977122,0.003157,L,0.977122,0.957401,0.107606,0.026035,0.134161
161,56,00462,heavysnow,1396,0,0.000186,0.999790,0.000024,L,0.999790,0.999604,0.001877,0.000234,0.198928
161,56,00462,heavysnow,562,0,0.018335,0.979518,0.002146,L,0.979518,0.961183,0.097194,0.022628,0.071638
162,56,00510,heavysnow,1001,1,0.006371,0.992802,0.000826,L,0.992802,0.986431,0.041189,0.008024,0.101847
162,56,00510,heavysnow,1002,1,0.016806,0.980848,0.002346,L,0.980848,0.964042,0.092702,0.021498,0.134070
162,56,00510,heavysnow,1003,1,0.005258,0.993811,0.000931,L,0.993811,0.988552,0.036649,0.007120,0.200484
162,56,00510,heavysnow,1004,1,0.007306,0.991386,0.001307,L,0.991386,0.984080,0.048423,0.009921,0.314921
162,56,00510,heavysnow,1005,1,0.011469,0.986551,0.001980,L,0.986551,0.975082,0.070022,0.015429,0.359230
162,56,00510,heavysnow,1006,1,0.003896,0.995325,0.000779,L,0.995325,0.991429,0.028995,0.005454,0.369011
162,56,00510,heavysnow,1007,1,0.004691,0.994467,0.000843,L,0.994467,0.989776,0.033345,0.006376,0.184553
162,56,00510,heavysnow,1091,1,0.002869,0.996689,0.000443,L,0.996689,0.993820,0.021408,0.003754,0.135556
162,56,00510,heavysnow,1092,1,0.000153,0.999820,0.000027,L,0.999820,0.999666,0.001648,0.000207,0.320968
162,56,00510,heavysnow,1093,1,0.000000,1.000000,0.000000,L,1.000000,0.999999,0.000007,0.000001,0.625064
162,56,00510,heavysnow,1094,1,0.000001,0.999999,0.000000,L,0.999999,0.999999,0.000010,0.000001,0.657867
162,56,00510,heavysnow,1095,1,0.000142,0.999832,0.000026,L,0.999832,0.999690,0.001549,0.000194,0.503529
162,56,00510,heavysnow,1096,1,0.004819,0.994134,0.001047,L,0.994134,0.989315,0.035264,0.006912,0.310958
162,56,00510,heavysnow,1097,1,0.005210,0.993902,0.000887,L,0.993902,0.988692,0.036142,0.006985,0.158051
162,56,00510,heavysnow,1181,1,0.008176,0.990576,0.001248,L,0.990576,0.982399,0.051906,0.010673,0.142952
162,56,00510,heavysnow,1182,1,0.000969,0.998892,0.000139,L,0.998892,0.997922,0.008256,0.001248,0.123431
162,56,00510,heavysnow,1183,1,0.000011,0.999987,0.000002,L,0.999987,0.999975,0.000151,0.000015,0.421413
162,56,00510,heavysnow,1184,1,0.000002,0.999998,0.000000,L,0.999998,0.999997,0.000023,0.000002,0.479967
162,56,00510,heavysnow,1185,1,0.000040,0.999954,0.000006,L,0.999954,0.999913,0.000480,0.000052,0.314447
162,56,00510,heavysnow,1186,1,0.000537,0.999380,0.000083,L,0.999380,0.998843,0.004956,0.000703,0.195807
162,56,00510,heavysnow,1187,1,0.002069,0.997641,0.000290,L,0.997641,0.995572,0.015936,0.002649,0.113360
162,56,00510,heavysnow,1271,1,0.005609,0.993584,0.000807,L,0.993584,0.987975,0.037518,0.007223,0.144033
162,56,00510,heavysnow,1272,1,0.004745,0.994566,0.000689,L,0.994566,0.989822,0.032608,0.006123,0.148947
162,56,00510,heavysnow,1273,1,0.001746,0.998008,0.000246,L,0.998008,0.996262,0.013766,0.002238,0.139407
162,56,00510,heavysnow,1274,1,0.000302,0.999656,0.000041,L,0.999656,0.999354,0.002924,0.000385,0.160450
162,56,00510,heavysnow,1275,1,0.000378,0.999570,0.000052,L,0.999570,0.999192,0.003571,0.000482,0.153997
162,56,00510,heavysnow,1276,1,0.000242,0.999725,0.000033,L,0.999725,0.999484,0.002391,0.000307,0.198337
162,56,00510,heavysnow,1277,1,0.000407,0.999538,0.000056,L,0.999538,0.999131,0.003806,0.000518,0.173865
162,56,00510,heavysnow,851,0,0.002569,0.997090,0.000341,L,0.997090,0.994522,0.019067,0.003250,0.135446
162,56,00510,heavysnow,706,0,0.003875,0.995632,0.000493,L,0.995632,0.991758,0.026970,0.004861,0.108550
162,56,00510,heavysnow,1300,0,0.004679,0.994743,0.000578,L,0.994743,0.990063,0.031543,0.005835,0.089672
162,56,00510,heavysnow,1267,0,0.007845,0.990626,0.001528,L,0.990626,0.982781,0.052131,0.010902,0.216430
162,56,00510,heavysnow,932,0,0.007089,0.991927,0.000984,L,0.991927,0.984837,0.045458,0.009058,0.152106
162,56,00510,heavysnow,1065,0,0.007631,0.991452,0.000917,L,0.991452,0.983822,0.047449,0.009465,0.078326
162,56,00510,heavysnow,768,0,0.013172,0.985209,0.001619,L,0.985209,0.972037,0.074742,0.016409,0.106301
162,56,00510,heavysnow,331,0,0.003115,0.996546,0.000339,L,0.996546,0.993432,0.021966,0.003792,0.068588
162,56,00510,heavysnow,1130,0,0.005168,0.994189,0.000643,L,0.994189,0.989022,0.034344,0.006454,0.079176
162,56,00510,heavysnow,195,0,0.003474,0.996110,0.000416,L,0.996110,0.992635,0.024389,0.004306,0.066933
162,56,00510,heavysnow,1000,0,0.002467,0.997227,0.000307,L,0.997227,0.994760,0.018260,0.003080,0.094663
162,56,00510,heavysnow,482,0,0.001930,0.997825,0.000245,L,0.997825,0.995895,0.014812,0.002420,0.102522
162,56,00510,heavysnow,570,0,0.001879,0.997884,0.000237,L,0.997884,0.996006,0.014459,0.002353,0.117649
162,56,00510,heavysnow,1119,0,0.007024,0.992107,0.000868,L,0.992107,0.985083,0.044430,0.008761,0.091336
162,56,00510,heavysnow,1235,0,0.003449,0.996063,0.000488,L,0.996063,0.992614,0.024762,0.004424,0.139718
162,56,00510,heavysnow,866,0,0.005345,0.994050,0.000604,L,0.994050,0.988705,0.034931,0.006554,0.070811
162,56,00510,heavysnow,1253,0,0.010213,0.988361,0.001426,L,0.988361,0.978148,0.061654,0.013065,0.186895
162,56,00510,heavysnow,353,0,0.001376,0.998452,0.000172,L,0.998452,0.997076,0.011017,0.001720,0.130738
163,57,00279,heavysnow,605,1,0.001809,0.997848,0.000343,L,0.997848,0.996039,0.014848,0.002496,0.265261
163,57,00279,heavysnow,788,1,0.003043,0.996583,0.000374,L,0.996583,0.993540,0.021839,0.003790,0.108302
163,57,00279,heavysnow,519,1,0.001614,0.998223,0.000163,L,0.998223,0.996608,0.012356,0.001940,0.081691
163,57,00279,heavysnow,602,1,0.001974,0.997785,0.000242,L,0.997785,0.995811,0.015034,0.002457,0.103347
163,57,00279,heavysnow,516,1,0.001607,0.998190,0.000202,L,0.998190,0.996583,0.012623,0.002012,0.091065
163,57,00279,heavysnow,787,1,0.002985,0.996555,0.000460,L,0.996555,0.993570,0.022143,0.003904,0.180929
163,57,00279,heavysnow,607,1,0.001976,0.997772,0.000252,L,0.997772,0.995796,0.015128,0.002481,0.114712
163,57,00279,heavysnow,692,1,0.002934,0.996723,0.000343,L,0.996723,0.993788,0.021045,0.003621,0.100212
163,57,00279,heavysnow,876,1,0.002221,0.997480,0.000299,L,0.997480,0.995260,0.016849,0.002819,0.602021
163,57,00279,heavysnow,873,1,0.002626,0.996939,0.000435,L,0.996939,0.994314,0.020048,0.003495,0.513542
163,57,00279,heavysnow,696,1,0.001944,0.997754,0.000302,L,0.997754,0.995810,0.015315,0.002548,0.562900
163,57,00279,heavysnow,786,1,0.002528,0.996986,0.000486,L,0.996986,0.994458,0.019873,0.003499,0.403527
163,57,00279,heavysnow,608,1,0.001967,0.997808,0.000225,L,0.997808,0.995840,0.014870,0.002417,0.089109
163,57,00279,heavysnow,875,1,0.001624,0.998191,0.000185,L,0.998191,0.996567,0.012587,0.001994,0.738801
163,57,00279,heavysnow,782,1,0.003020,0.996555,0.000425,L,0.996555,0.993534,0.022086,0.003870,0.142908
163,57,00279,heavysnow,606,1,0.001842,0.997822,0.000336,L,0.997822,0.995980,0.014982,0.002513,0.246137
163,57,00279,heavysnow,789,1,0.003024,0.996629,0.000346,L,0.996629,0.993605,0.021544,0.003717,0.087281
163,57,00279,heavysnow,877,1,0.003434,0.995884,0.000682,L,0.995884,0.992450,0.025999,0.004798,0.248329
163,57,00279,heavysnow,518,1,0.001609,0.998234,0.000158,L,0.998234,0.996625,0.012281,0.001924,0.072770
163,57,00279,heavysnow,694,1,0.002063,0.997621,0.000316,L,0.997621,0.995559,0.016092,0.002695,0.525957
163,57,00279,heavysnow,878,1,0.003528,0.996067,0.000405,L,0.996067,0.992540,0.024588,0.004338,0.092806
163,57,00279,heavysnow,784,1,0.002523,0.997031,0.000446,L,0.997031,0.994508,0.019570,0.003415,0.383785
163,57,00279,heavysnow,693,1,0.002915,0.996637,0.000447,L,0.996637,0.993722,0.021688,0.003810,0.164424
163,57,00279,heavysnow,603,1,0.001972,0.997776,0.000252,L,0.997776,0.995804,0.015103,0.002476,0.104157
163,57,00279,heavysnow,697,1,0.002799,0.996618,0.000583,L,0.996618,0.993819,0.022002,0.003965,0.263800
163,57,00279,heavysnow,874,1,0.001922,0.997872,0.000206,L,0.997872,0.995951,0.014465,0.002333,0.662474
163,57,00279,heavysnow,698,1,0.002905,0.996764,0.000331,L,0.996764,0.993859,0.020802,0.003567,0.084884
163,57,00279,heavysnow,695,1,0.001300,0.998545,0.000154,L,0.998545,0.997245,0.010421,0.001609,0.736749
163,57,00279,heavysnow,513,1,0.001608,0.998187,0.000204,L,0.998187,0.996579,0.012644,0.002017,0.096850
163,57,00279,heavysnow,879,1,0.003520,0.996064,0.000416,L,0.996064,0.992544,0.024622,0.004351,0.092160
163,57,00279,heavysnow,609,1,0.001961,0.997820,0.000219,L,0.997820,0.995859,0.014788,0.002398,0.081823
163,57,00279,heavysnow,872,1,0.003468,0.995902,0.000630,L,0.995902,0.992433,0.025830,0.004728,0.211315
163,57,00279,heavysnow,785,1,0.002084,0.997645,0.000271,L,0.997645,0.995562,0.015878,0.002626,0.529508
163,57,00279,heavysnow,699,1,0.002917,0.996741,0.000343,L,0.996741,0.993824,0.020947,0.003602,0.090711
163,57,00279,heavysnow,517,1,0.001603,0.998219,0.000178,L,0.998219,0.996617,0.012408,0.001959,0.074600
163,57,00279,heavysnow,514,1,0.001609,0.998182,0.000209,L,0.998182,0.996573,0.012685,0.002027,0.102995
163,57,00279,heavysnow,942,0,0.007076,0.991955,0.000969,L,0.991955,0.984879,0.045301,0.009013,0.099380
163,57,00279,heavysnow,325,0,0.001296,0.998572,0.000131,L,0.998572,0.997276,0.010212,0.001559,0.066986
163,57,00279,heavysnow,764,0,0.003015,0.996634,0.000351,L,0.996634,0.993619,0.021529,0.003717,0.083323
163,57,00279,heavysnow,1161,0,0.006890,0.992258,0.000851,L,0.992258,0.985368,0.043716,0.008593,0.084129
163,57,00279,heavysnow,170,0,0.001772,0.998024,0.000204,L,0.998024,0.996252,0.013594,0.002180,0.113680
163,57,00279,heavysnow,1358,0,0.004730,0.994456,0.000815,L,0.994456,0.989726,0.033358,0.006359,0.196858
163,57,00279,heavysnow,1017,0,0.008520,0.990392,0.001088,L,0.990392,0.981872,0.052415,0.010695,0.125926
163,57,00279,heavysnow,201,0,0.001237,0.998608,0.000155,L,0.998608,0.997371,0.010044,0.001548,0.125262
163,57,00279,heavysnow,1430,0,0.005573,0.993744,0.000684,L,0.993744,0.988171,0.036537,0.006940,0.090360
163,57,00279,heavysnow,611,0,0.001966,0.997795,0.000239,L,0.997795,0.995829,0.014972,0.002444,0.090648
163,57,00279,heavysnow,656,0,0.002946,0.996688,0.000366,L,0.996688,0.993742,0.021274,0.003678,0.142554
163,57,00279,heavysnow,214,0,0.001217,0.998622,0.000161,L,0.998622,0.997405,0.009967,0.001539,0.178145
163,57,00279,heavysnow,313,0,0.001355,0.998468,0.000177,L,0.998468,0.997114,0.010927,0.001708,0.119122
163,57,00279,heavysnow,805,0,0.002186,0.997517,0.000297,L,0.997517,0.995331,0.016640,0.002779,0.132931
163,57,00279,heavysnow,998,0,0.000428,0.999520,0.000053,L,0.999520,0.999092,0.003928,0.000533,0.109241
163,57,00279,heavysnow,1065,0,0.008822,0.990085,0.001092,L,0.990085,0.981263,0.053748,0.011007,0.073606
163,57,00279,heavysnow,575,0,0.001977,0.997778,0.000245,L,0.997778,0.995801,0.015079,0.002467,0.122870
163,57,00279,heavysnow,1079,0,0.004214,0.995190,0.000596,L,0.995190,0.990976,0.029376,0.005406,0.160026
164,58,00258,heavysnow,709,1,0.002650,0.996838,0.000512,L,0.996838,0.994189,0.020715,0.003674,0.319566
164,58,00258,heavysnow,710,1,0.001661,0.998155,0.000183,L,0.998155,0.996494,0.012792,0.002028,0.629510
164,58,00258,heavysnow,711,1,0.001356,0.998489,0.000155,L,0.998489,0.997133,0.010762,0.001666,0.714496
164,58,00258,heavysnow,712,1,0.001957,0.997728,0.000315,L,0.997728,0.995770,0.015489,0.002588,0.559777
164,58,00258,heavysnow,713,1,0.002819,0.996605,0.000576,L,0.996605,0.993786,0.022062,0.003971,0.232259
164,58,00258,heavysnow,714,1,0.002397,0.997300,0.000303,L,0.997300,0.994904,0.017850,0.003002,0.100013
164,58,00258,heavysnow,715,1,0.001730,0.998068,0.000202,L,0.998068,0.996339,0.013336,0.002134,0.089203
164,58,00258,heavysnow,799,1,0.002246,0.997418,0.000336,L,0.997418,0.995172,0.017262,0.002918,0.482872
164,58,00258,heavysnow,800,1,0.001586,0.998269,0.000145,L,0.998269,0.996683,0.012046,0.001876,0.650886
164,58,00258,heavysnow,801,1,0.001332,0.998544,0.000125,L,0.998544,0.997212,0.010369,0.001581,0.718248
164,58,00258,heavysnow,802,1,0.001818,0.997952,0.000230,L,0.997952,0.996134,0.014059,0.002279,0.586523
164,58,00258,heavysnow,803,1,0.002738,0.996677,0.000586,L,0.996677,0.993939,0.021690,0.003909,0.316861
164,58,00258,heavysnow,804,1,0.002633,0.996968,0.000399,L,0.996968,0.994335,0.019834,0.003431,0.144733
164,58,00258,heavysnow,805,1,0.002153,0.997588,0.000259,L,0.997588,0.995435,0.016176,0.002671,0.085621
164,58,00258,heavysnow,889,1,0.002133,0.997629,0.000238,L,0.997629,0.995497,0.015902,0.002609,0.619670
164,58,00258,heavysnow,890,1,0.001600,0.998248,0.000152,L,0.998248,0.996648,0.012185,0.001904,0.766222
164,58,00258,heavysnow,891,1,0.001530,0.998277,0.000192,L,0.998277,0.996747,0.012094,0.001915,0.981125
164,58,00258,heavysnow,892,1,0.001589,0.998211,0.000200,L,0.998211,0.996621,0.012501,0.001989,0.785357
164,58,00258,heavysnow,893,1,0.002617,0.996910,0.000473,L,0.996910,0.994293,0.020269,0.003563,0.531007
164,58,00258,heavysnow,894,1,0.003373,0.995905,0.000722,L,0.995905,0.992532,0.025951,0.004818,0.302667
164,58,00258,heavysnow,895,1,0.003339,0.996145,0.000516,L,0.996145,0.992807,0.024384,0.004370,0.121559
164,58,00258,heavysnow,979,1,0.006198,0.992549,0.001253,L,0.992549,0.986351,0.043058,0.008704,0.296400
164,58,00258,heavysnow,980,1,0.003953,0.995587,0.000460,L,0.995587,0.991635,0.027133,0.004872,0.607677
164,58,00258,heavysnow,981,1,0.002990,0.996679,0.000332,L,0.996679,0.993689,0.021254,0.003653,0.729836
164,58,00258,heavysnow,982,1,0.003225,0.996394,0.000382,L,0.996394,0.993169,0.022850,0.003988,0.695443
164,58,00258,heavysnow,983,1,0.005230,0.993762,0.001008,L,0.993762,0.988533,0.036998,0.007245,0.474833
164,58,00258,heavysnow,984,1,0.006943,0.991757,0.001299,L,0.991757,0.984814,0.046743,0.009542,0.229232
164,58,00258,heavysnow,985,1,0.007534,0.991337,0.001128,L,0.991337,0.983803,0.048347,0.009791,0.131845
164,58,00258,heavysnow,1069,1,0.008358,0.990416,0.001226,L,0.990416,0.982058,0.052563,0.010810,0.156909
164,58,00258,heavysnow,1070,1,0.007420,0.991312,0.001267,L,0.991312,0.983892,0.048689,0.009955,0.295119
164,58,00258,heavysnow,1071,1,0.006890,0.991989,0.001120,L,0.991989,0.985099,0.045411,0.009131,0.374159
164,58,00258,heavysnow,1072,1,0.007085,0.991642,0.001273,L,0.991642,0.984557,0.047219,0.009630,0.357140
164,58,00258,heavysnow,1073,1,0.008135,0.990511,0.001353,L,0.990511,0.982376,0.052363,0.010842,0.207184
164,58,00258,heavysnow,1074,1,0.008407,0.990516,0.001077,L,0.990516,0.982110,0.051856,0.010560,0.140867
164,58,00258,heavysnow,1075,1,0.007980,0.990924,0.001096,L,0.990924,0.982943,0.050115,0.010172,0.147331
164,58,00258,heavysnow,1417,0,0.005506,0.993778,0.000716,L,0.993778,0.988272,0.036438,0.006939,0.099582
164,58,00258,heavysnow,118,0,0.001766,0.998023,0.000211,L,0.998023,0.996257,0.013615,0.002188,0.093009
164,58,00258,heavysnow,309,0,0.001340,0.998524,0.000136,L,0.998524,0.997184,0.010514,0.001612,0.078691
164,58,00258,heavysnow,605,0,0.001954,0.997824,0.000222,L,0.997824,0.995870,0.014772,0.002398,0.078174
164,58,00258,heavysnow,164,0,0.001793,0.998027,0.000180,L,0.998027,0.996234,0.013530,0.002154,0.101719
164,58,00258,heavysnow,1208,0,0.004984,0.994234,0.000782,L,0.994234,0.989250,0.034377,0.006548,0.143274
164,58,00258,heavysnow,723,0,0.004789,0.994398,0.000813,L,0.994398,0.989608,0.033636,0.006416,0.143456
164,58,00258,heavysnow,433,0,0.001816,0.997986,0.000198,L,0.997986,0.996170,0.013803,0.002213,0.072715
164,58,00258,heavysnow,467,0,0.001588,0.998188,0.000224,L,0.998188,0.996601,0.012675,0.002035,0.144473
164,58,00258,heavysnow,1362,0,0.004765,0.994447,0.000788,L,0.994447,0.989682,0.033355,0.006341,0.177425
164,58,00258,heavysnow,535,0,0.001079,0.998807,0.000114,L,0.998807,0.997728,0.008737,0.001307,0.082470
164,58,00258,heavysnow,1190,0,0.005116,0.994092,0.000793,L,0.994092,0.988976,0.035078,0.006701,0.118960
164,58,00258,heavysnow,994,0,0.006131,0.992837,0.001032,L,0.992837,0.986706,0.041386,0.008195,0.127826
164,58,00258,heavysnow,40,0,0.001493,0.998331,0.000175,L,0.998331,0.996838,0.011743,0.001844,0.124943
164,58,00258,heavysnow,1255,0,0.005501,0.993716,0.000783,L,0.993716,0.988215,0.036850,0.007067,0.131065
164,58,00258,heavysnow,1248,0,0.005384,0.993991,0.000624,L,0.993991,0.988607,0.035252,0.006633,0.074649
164,58,00258,heavysnow,524,0,0.001594,0.998227,0.000179,L,0.998227,0.996633,0.012365,0.001952,0.071559
164,58,00258,heavysnow,785,0,0.003034,0.996606,0.000360,L,0.996606,0.993572,0.021695,0.003754,0.094735
165,58,00467,heavysnow,1109,1,0.006960,0.992176,0.000864,L,0.992176,0.985216,0.044112,0.008688,0.073712
165,58,00467,heavysnow,1113,1,0.006650,0.992428,0.000921,L,0.992428,0.985778,0.043074,0.008493,0.120563
165,58,00467,heavysnow,935,1,0.006461,0.992181,0.001359,L,0.992181,0.985720,0.044905,0.009178,0.271591
165,58,00467,heavysnow,1021,1,0.007813,0.990814,0.001373,L,0.990814,0.983000,0.051065,0.010559,0.227706
165,58,00467,heavysnow,751,1,0.003034,0.996571,0.000395,L,0.996571,0.993536,0.021947,0.003824,0.108413
165,58,00467,heavysnow,936,1,0.006926,0.992001,0.001073,L,0.992001,0.985075,0.045277,0.009072,0.159537
165,58,00467,heavysnow,929,1,0.007064,0.991944,0.000992,L,0.991944,0.984880,0.045394,0.009048,0.118453
165,58,00467,heavysnow,1115,1,0.006914,0.992195,0.000891,L,0.992195,0.985281,0.044076,0.008696,0.080435
165,58,00467,heavysnow,1024,1,0.007646,0.990763,0.001591,L,0.990763,0.983117,0.051617,0.010827,0.278912
165,58,00467,heavysnow,1116,1,0.006900,0.992155,0.000945,L,0.992155,0.985255,0.044358,0.008790,0.082326
165,58,00467,heavysnow,844,1,0.003226,0.996065,0.000708,L,0.996065,0.992839,0.025098,0.004643,0.354418
165,58,00467,heavysnow,754,1,0.002995,0.996524,0.000481,L,0.996524,0.993529,0.022346,0.003958,0.161058
165,58,00467,heavysnow,842,1,0.003022,0.996365,0.000614,L,0.996365,0.993343,0.023393,0.004249,0.404095
165,58,00467,heavysnow,1111,1,0.006700,0.992392,0.000909,L,0.992392,0.985692,0.043217,0.008517,0.107639
165,58,00467,heavysnow,930,1,0.006912,0.992037,0.001051,L,0.992037,0.985124,0.045078,0.009014,0.149255
165,58,00467,heavysnow,1019,1,0.008584,0.990141,0.001275,L,0.990141,0.981557,0.053841,0.011134,0.125570
165,58,00467,heavysnow,931,1,0.006562,0.992208,0.001230,L,0.992208,0.985647,0.044588,0.009021,0.219489
165,58,00467,heavysnow,839,1,0.003559,0.995915,0.000526,L,0.995915,0.992355,0.025594,0.004612,0.116535
165,58,00467,heavysnow,846,1,0.003485,0.995918,0.000597,L,0.995918,0.992432,0.025695,0.004679,0.215493
165,58,00467,heavysnow,1022,1,0.007566,0.991030,0.001405,L,0.991030,0.983464,0.050160,0.010375,0.273060
165,58,00467,heavysnow,843,1,0.002696,0.996820,0.000483,L,0.996820,0.994124,0.020768,0.003663,0.508179
165,58,00467,heavysnow,756,1,0.002954,0.996548,0.000498,L,0.996548,0.993593,0.022249,0.003951,0.186719
165,58,00467,heavysnow,1020,1,0.008379,0.990367,0.001254,L,0.990367,0.981987,0.052826,0.010887,0.148699
165,58,00467,heavysnow,1112,1,0.006581,0.992470,0.000949,L,0.992470,0.985889,0.042931,0.008478,0.128731
165,58,00467,heavysnow,932,1,0.004408,0.994975,0.000617,L,0.994975,0.990567,0.030480,0.005643,0.553699
165,58,00467,heavysnow,1026,1,0.008775,0.990037,0.001188,L,0.990037,0.981262,0.054136,0.011152,0.100026
165,58,00467,heavysnow,934,1,0.004009,0.995422,0.000569,L,0.995422,0.991414,0.028167,0.005147,0.602903
165,58,00467,heavysnow,1114,1,0.006510,0.992410,0.001080,L,0.992410,0.985900,0.043429,0.008670,0.141950
165,58,00467,heavysnow,750,1,0.003035,0.996572,0.000393,L,0.996572,0.993537,0.021936,0.003821,0.110227
165,58,00467,heavysnow,753,1,0.003028,0.996544,0.000428,L,0.996544,0.993516,0.022147,0.003884,0.128272
165,58,00467,heavysnow,1023,1,0.006826,0.991868,0.001307,L,0.991868,0.985042,0.046255,0.009439,0.377542
165,58,00467,heavysnow,752,1,0.003016,0.996552,0.000432,L,0.996552,0.993535,0.022115,0.003881,0.140571
165,58,00467,heavysnow,755,1,0.003034,0.996555,0.000411,L,0.996555,0.993521,0.022057,0.003855,0.115779
165,58,00467,heavysnow,1110,1,0.006700,0.992367,0.000933,L,0.992367,0.985666,0.043375,0.008566,0.107688
165,58,00467,heavysnow,840,1,0.003552,0.995905,0.000544,L,0.995905,0.992353,0.025674,0.004639,0.159520
165,58,00467,heavysnow,933,1,0.003239,0.996384,0.000377,L,0.996384,0.993145,0.022893,0.003993,0.692161
165,58,00467,heavysnow,1156,0,0.006984,0.992208,0.000808,L,0.992208,0.985224,0.043859,0.008600,0.066902
165,58,00467,heavysnow,54,0,0.001494,0.998336,0.000169,L,0.998336,0.996842,0.011701,0.001833,0.103576
165,58,00467,heavysnow,1431,0,0.005560,0.993745,0.000695,L,0.993745,0.988184,0.036556,0.006951,0.092832
165,58,00467,heavysnow,326,0,0.001325,0.998545,0.000130,L,0.998545,0.997220,0.010373,0.001585,0.071463
165,58,00467,heavysnow,120,0,0.001780,0.998036,0.000184,L,0.998036,0.996257,0.013485,0.002148,0.089686
165,58,00467,heavysnow,1153,0,0.006968,0.992235,0.000797,L,0.992235,0.985268,0.043716,0.008562,0.074146
165,58,00467,heavysnow,459,0,0.003440,0.996077,0.000483,L,0.996077,0.992638,0.024681,0.004406,0.089170
165,58,00467,heavysnow,494,0,0.001615,0.998194,0.000191,L,0.998194,0.996579,0.012582,0.001997,0.120525
165,58,00467,heavysnow,131,0,0.001750,0.998027,0.000223,L,0.998027,0.996276,0.013615,0.002196,0.121600
165,58,00467,heavysnow,1344,0,0.004772,0.994567,0.000661,L,0.994567,0.989794,0.032557,0.006095,0.113236
165,58,00467,heavysnow,234,0,0.001231,0.998639,0.000130,L,0.998639,0.997408,0.009807,0.001492,0.080733
165,58,00467,heavysnow,464,0,0.022004,0.974627,0.003369,L,0.974627,0.952623,0.116698,0.028742,0.131873
165,58,00467,heavysnow,1330,0,0.004472,0.994928,0.000600,L,0.994928,0.990456,0.030679,0.005672,0.102568
165,58,00467,heavysnow,733,0,0.001662,0.998146,0.000192,L,0.998146,0.996483,0.012863,0.002046,0.058800
165,58,00467,heavysnow,255,0,0.001238,0.998646,0.000116,L,0.998646,0.997408,0.009735,0.001471,0.079738
165,58,00467,heavysnow,489,0,0.001616,0.998196,0.000188,L,0.998196,0.996580,0.012563,0.001992,0.108575
165,58,00467,heavysnow,1313,0,0.004270,0.995064,0.000666,L,0.995064,0.990794,0.030120,0.005601,0.149207
165,58,00467,heavysnow,146,0,0.001788,0.998034,0.000178,L,0.998034,0.996246,0.013481,0.002143,0.090727
166,58,00514,heavysnow,922,1,0.006823,0.992222,0.000954,L,0.992222,0.985399,0.044070,0.008732,0.069573
166,58,00514,heavysnow,923,1,0.007030,0.991932,0.001038,L,0.991932,0.984903,0.045528,0.009106,0.100764
166,58,00514,heavysnow,924,1,0.006657,0.992110,0.001234,L,0.992110,0.985453,0.045045,0.009124,0.197861
166,58,00514,heavysnow,925,1,0.006901,0.991965,0.001134,L,0.991965,0.985065,0.045541,0.009169,0.147823
166,58,00514,heavysnow,926,1,0.006938,0.991949,0.001113,L,0.991949,0.985011,0.045581,0.009165,0.142885
166,58,00514,heavysnow,927,1,0.006985,0.991940,0.001075,L,0.991940,0.984955,0.045559,0.009136,0.133381
166,58,00514,heavysnow,928,1,0.006812,0.991963,0.001225,L,0.991963,0.985150,0.045698,0.009262,0.174427
166,58,00514,heavysnow,1012,1,0.008656,0.990352,0.000993,L,0.990352,0.981696,0.052409,0.010641,0.063525
166,58,00514,heavysnow,1013,1,0.008788,0.990073,0.001139,L,0.990073,0.981284,0.053889,0.011066,0.085412
166,58,00514,heavysnow,1014,1,0.008576,0.990157,0.001267,L,0.990157,0.981581,0.053756,0.011110,0.118857
166,58,00514,heavysnow,1015,1,0.008641,0.990100,0.001259,L,0.990100,0.981460,0.053988,0.011159,0.112508
166,58,00514,heavysnow,1016,1,0.008621,0.990110,0.001269,L,0.990110,0.981488,0.053965,0.011159,0.116055
166,58,00514,heavysnow,1017,1,0.008674,0.990049,0.001277,L,0.990049,0.981374,0.054241,0.011228,0.110662
166,58,00514,heavysnow,1018,1,0.008512,0.990165,0.001323,L,0.990165,0.981653,0.053820,0.011158,0.136313
166,58,00514,heavysnow,1102,1,0.006956,0.992276,0.000769,L,0.992276,0.985320,0.043476,0.008493,0.069607
166,58,00514,heavysnow,1103,1,0.006956,0.992263,0.000782,L,0.992263,0.985307,0.043560,0.008519,0.069943
166,58,00514,heavysnow,1104,1,0.006908,0.992279,0.000813,L,0.992279,0.985370,0.043549,0.008534,0.078231
166,58,00514,heavysnow,1105,1,0.006947,0.992249,0.000804,L,0.992249,0.985302,0.043667,0.008555,0.073372
166,58,00514,heavysnow,1106,1,0.006910,0.992223,0.000867,L,0.992223,0.985313,0.043908,0.008645,0.080155
166,58,00514,heavysnow,1107,1,0.006929,0.992244,0.000827,L,0.992244,0.985315,0.043735,0.008583,0.078449
166,58,00514,heavysnow,1108,1,0.006811,0.992301,0.000888,L,0.992301,0.985490,0.043594,0.008588,0.095828
166,58,00514,heavysnow,1192,1,0.005388,0.993984,0.000628,L,0.993984,0.988596,0.035294,0.006645,0.071193
166,58,00514,heavysnow,1193,1,0.005344,0.993996,0.000660,L,0.993996,0.988651,0.035298,0.006664,0.077740
166,58,00514,heavysnow,1194,1,0.005323,0.994017,0.000660,L,0.994017,0.988694,0.035198,0.006643,0.080843
166,58,00514,heavysnow,1195,1,0.005332,0.993992,0.000676,L,0.993992,0.988659,0.035346,0.006684,0.079948
166,58,00514,heavysnow,1196,1,0.005358,0.993990,0.000652,L,0.993990,0.988632,0.035312,0.006663,0.076728
166,58,00514,heavysnow,1197,1,0.005349,0.993993,0.000658,L,0.993993,0.988645,0.035308,0.006665,0.078381
166,58,00514,heavysnow,1198,1,0.005247,0.994058,0.000696,L,0.994058,0.988811,0.035070,0.006638,0.096017
166,58,00514,heavysnow,1282,1,0.004611,0.994906,0.000483,L,0.994906,0.990295,0.030561,0.005578,0.069758
166,58,00514,heavysnow,1283,1,0.004586,0.994896,0.000518,L,0.994896,0.990310,0.030681,0.005623,0.080026
166,58,00514,heavysnow,1284,1,0.004575,0.994882,0.000543,L,0.994882,0.990307,0.030797,0.005661,0.081514
166,58,00514,heavysnow,1285,1,0.004558,0.994907,0.000535,L,0.994907,0.990348,0.030659,0.005628,0.084668
166,58,00514,heavysnow,1286,1,0.004576,0.994853,0.000571,L,0.994853,0.990277,0.030994,0.005718,0.079945
166,58,00514,heavysnow,1287,1,0.004571,0.994890,0.000539,L,0.994890,0.990320,0.030748,0.005649,0.081985
166,58,00514,heavysnow,1288,1,0.004464,0.994924,0.000613,L,0.994924,0.990460,0.030724,0.005689,0.106689
166,58,00514,heavysnow,598,0,0.001964,0.997804,0.000231,L,0.997804,0.995840,0.014904,0.002427,0.086732
166,58,00514,heavysnow,589,0,0.001926,0.997858,0.000216,L,0.997858,0.995932,0.014570,0.002359,0.068765
166,58,00514,heavysnow,762,0,0.003045,0.996592,0.000363,L,0.996592,0.993548,0.021774,0.003771,0.110087
166,58,00514,heavysnow,701,0,0.002924,0.996765,0.000311,L,0.996765,0.993840,0.020759,0.003547,0.089220
166,58,00514,heavysnow,441,0,0.001830,0.997985,0.000185,L,0.997985,0.996155,0.013777,0.002200,0.080281
166,58,00514,heavysnow,731,0,0.004101,0.995276,0.000623,L,0.995276,0.991175,0.028994,0.005347,0.115279
166,58,00514,heavysnow,986,0,0.007485,0.991603,0.000912,L,0.991603,0.984118,0.046770,0.009309,0.114019
166,58,00514,heavysnow,133,0,0.001778,0.998039,0.000183,L,0.998039,0.996261,0.013464,0.002144,0.088229
166,58,00514,heavysnow,74,0,0.001514,0.998327,0.000159,L,0.998327,0.996814,0.011734,0.001832,0.107593
166,58,00514,heavysnow,921,0,0.006811,0.992274,0.000915,L,0.992274,0.985463,0.043762,0.008640,0.084384
166,58,00514,heavysnow,1203,0,0.005171,0.994168,0.000661,L,0.994168,0.988997,0.034478,0.006493,0.108718
166,58,00514,heavysnow,500,0,0.001576,0.998251,0.000173,L,0.998251,0.996674,0.012215,0.001923,0.066139
166,58,00514,heavysnow,469,0,0.001592,0.998176,0.000232,L,0.998176,0.996584,0.012763,0.002056,0.129961
166,58,00514,heavysnow,491,0,0.001600,0.998180,0.000220,L,0.998180,0.996580,0.012718,0.002040,0.129600
166,58,00514,heavysnow,63,0,0.001487,0.998348,0.000165,L,0.998348,0.996860,0.011625,0.001817,0.095348
166,58,00514,heavysnow,72,0,0.001498,0.998325,0.000177,L,0.998325,0.996827,0.011782,0.001852,0.131909
166,58,00514,heavysnow,1109,0,0.006941,0.992255,0.000804,L,0.992255,0.985315,0.043638,0.008548,0.078566
166,58,00514,heavysnow,479,0,0.001587,0.998170,0.000243,L,0.998170,0.996582,0.012816,0.002073,0.137151
167,58,00562,heavysnow,990,1,0.001242,0.998592,0.000166,L,0.998592,0.997351,0.010157,0.001573,0.118213
167,58,00562,heavysnow,991,1,0.001362,0.998459,0.000179,L,0.998459,0.997096,0.010992,0.001721,0.122907
167,58,00562,heavysnow,992,1,0.001094,0.998758,0.000148,L,0.998758,0.997664,0.009110,0.001391,0.112391
167,58,00562,heavysnow,993,1,0.001192,0.998659,0.000149,L,0.998659,0.997468,0.009718,0.001490,0.097833
167,58,00562,heavysnow,1080,1,0.000048,0.999946,0.000007,L,0.999946,0.999898,0.000551,0.000061,0.247391
167,58,00562,heavysnow,1081,1,0.000269,0.999693,0.000038,L,0.999693,0.999424,0.002645,0.000345,0.183893
167,58,00562,heavysnow,1082,1,0.001104,0.998747,0.000148,L,0.998747,0.997643,0.009173,0.001401,0.108355
167,58,00562,heavysnow,1083,1,0.005875,0.993385,0.000740,L,0.993385,0.987510,0.038328,0.007355,0.098241
167,58,00562,heavysnow,1170,1,0.000053,0.999940,0.000007,L,0.999940,0.999887,0.000606,0.000067,0.241001
167,58,00562,heavysnow,1171,1,0.001486,0.998314,0.000199,L,0.998314,0.996828,0.011889,0.001885,0.128878
167,58,00562,heavysnow,1172,1,0.009278,0.989353,0.001368,L,0.989353,0.980075,0.057378,0.012015,0.109741
167,58,00562,heavysnow,1173,1,0.023654,0.973314,0.003032,L,0.973314,0.949661,0.120581,0.029718,0.103962
167,58,00562,heavysnow,1260,1,0.011436,0.986975,0.001589,L,0.986975,0.975540,0.067638,0.014613,0.127812
167,58,00562,heavysnow,1261,1,0.005479,0.993828,0.000693,L,0.993828,0.988348,0.036158,0.006865,0.113476
167,58,00562,heavysnow,1262,1,0.013767,0.984568,0.001665,L,0.984568,0.970801,0.077335,0.017096,0.098410
167,58,00562,heavysnow,1263,1,0.009662,0.989146,0.001192,L,0.989146,0.979484,0.057935,0.012046,0.106040
167,58,00562,heavysnow,1247,0,0.005043,0.994166,0.000791,L,0.994166,0.989124,0.034716,0.006624,0.125790
167,58,00562,heavysnow,350,0,0.001346,0.998527,0.000127,L,0.998527,0.997181,0.010475,0.001600,0.076922
167,58,00562,heavysnow,480,0,0.001548,0.998193,0.000259,L,0.998193,0.996645,0.012709,0.002066,0.168836
167,58,00562,heavysnow,486,0,0.001606,0.998193,0.000202,L,0.998193,0.996587,0.012609,0.002009,0.123458
167,58,00562,heavysnow,1296,0,0.004339,0.995038,0.000622,L,0.995038,0.990699,0.030174,0.005584,0.134558
167,58,00562,heavysnow,119,0,0.001770,0.998055,0.000174,L,0.998055,0.996285,0.013352,0.002119,0.084316
167,58,00562,heavysnow,887,0,0.003563,0.995927,0.000511,L,0.995927,0.992364,0.025504,0.004584,0.123027
167,58,00562,heavysnow,150,0,0.001772,0.998052,0.000175,L,0.998052,0.996280,0.013374,0.002123,0.084402
167,58,00562,heavysnow,1391,0,0.005455,0.993770,0.000775,L,0.993770,0.988315,0.036582,0.007005,0.107253
167,58,00562,heavysnow,1393,0,0.005375,0.993800,0.000825,L,0.993800,0.988425,0.036525,0.007025,0.119114
167,58,00562,heavysnow,628,0,0.001453,0.998367,0.000181,L,0.998367,0.996914,0.011543,0.001814,0.190666
167,58,00562,heavysnow,599,0,0.001963,0.997806,0.000231,L,0.997806,0.995844,0.014890,0.002424,0.085610
167,58,00562,heavysnow,650,0,0.002935,0.996699,0.000366,L,0.996699,0.993764,0.021213,0.003667,0.142627
167,58,00562,heavysnow,566,0,0.001877,0.997817,0.000306,L,0.997817,0.995940,0.014965,0.002489,0.200799
167,58,00562,heavysnow,265,0,0.001348,0.998510,0.000142,L,0.998510,0.997162,0.010610,0.001632,0.098304
167,58,00562,heavysnow,319,0,0.001350,0.998502,0.000148,L,0.998502,0.997152,0.010673,0.001647,0.091969
167,58,00562,heavysnow,300,0,0.001353,0.998487,0.000159,L,0.998487,0.997134,0.010780,0.001672,0.104762
167,58,00562,heavysnow,53,0,0.001511,0.998336,0.000153,L,0.998336,0.996825,0.011673,0.001818,0.102036
