gt_key,moderate,lidar_points,distance_m,truncation,occlusion,nearest_pedestrian_m,crowded,taskdec_xy_m,taskdec_radial_abs_m,taskdec_tangential_abs_m,taskdec_z_abs_m,taskdec_length_abs_m,taskdec_width_abs_m,taskdec_height_abs_m,taskdec_yaw_deg,taskdec_length_bias_m,taskdec_width_bias_m,taskdec_height_bias_m,taskdec_iou3d,taskdec_iou_bev,taskdec_score,concat_xy_m,concat_radial_abs_m,concat_tangential_abs_m,concat_z_abs_m,concat_length_abs_m,concat_width_abs_m,concat_height_abs_m,concat_yaw_deg,concat_length_bias_m,concat_width_bias_m,concat_height_bias_m,concat_iou3d,concat_iou_bev,concat_score,xy_error_taskdec_minus_concat
000009:0,True,227,7.998482704162598,0.0,1,0.7683285830722593,True,0.17435108125209808,0.17406263947486877,0.010024860501289368,0.02484261989593506,0.12522393465042114,0.014635622501373291,0.052491068840026855,0.8907673172870465,-0.12522393465042114,-0.014635622501373291,-0.052491068840026855,0.49327704310417175,0.5054823160171509,0.36111924052238464,0.14068566262722015,0.13772845268249512,0.02869371324777603,0.035785555839538574,0.09325391054153442,0.03243070840835571,0.0343402624130249,11.729357275792166,-0.09325391054153442,0.03243070840835571,-0.0343402624130249,0.5918036103248596,0.6116158962249756,0.5902186632156372,0.03366541862487793
000009:1,True,216,8.712349891662598,0.0,1,0.7683285830722593,True,0.19742520153522491,0.18406647443771362,0.07138795405626297,0.05113577842712402,0.03142005205154419,0.01860833168029785,0.0996633768081665,11.693246520392481,0.03142005205154419,0.01860833168029785,0.0996633768081665,0.4422532021999359,0.4629846513271332,0.3783985376358032,0.1325937956571579,0.13167443871498108,0.015587078407406807,0.07215702533721924,0.03978121280670166,0.04281651973724365,0.0996856689453125,1.4846272208379825,0.03978121280670166,0.04281651973724365,0.0996856689453125,0.5422683358192444,0.5817664861679077,0.48285409808158875,0.06483140587806702
000009:2,True,232,13.043279647827148,0.0,1,1.3337304832307255,True,0.10908789187669754,0.10661148279905319,0.023111913353204727,0.04792451858520508,0.015852510929107666,0.006213068962097168,0.017958998680114746,2.60079078073545,0.015852510929107666,0.006213068962097168,0.017958998680114746,0.6460866332054138,0.6774469614028931,0.2811671495437622,0.048716962337493896,0.04761512205004692,0.01030254177749157,0.024219751358032227,0.00039452314376831055,0.02729511260986328,0.023592829704284668,2.697712986290766,-0.00039452314376831055,0.02729511260986328,0.023592829704284668,0.8129610419273376,0.8345621228218079,0.27339261770248413,0.060370929539203644
000009:3,True,178,14.051054954528809,0.0,1,1.3337304832307255,True,0.03407297283411026,0.01937791332602501,0.028026128187775612,0.09189176559448242,0.08539164066314697,0.016468524932861328,0.03610515594482422,0.10117877989889792,0.08539164066314697,0.016468524932861328,-0.03610515594482422,0.7262387275695801,0.7984750270843506,0.37746497988700867,0.06681427359580994,0.02999298833310604,0.0597040019929409,0.0258256196975708,0.059383392333984375,0.002199113368988037,0.028907179832458496,2.0225729198681868,0.059383392333984375,0.002199113368988037,-0.028907179832458496,0.7469038367271423,0.7663323879241943,0.5328489542007446,-0.032741300761699677
000009:4,True,211,13.436497688293457,0.0,0,0.615714732523583,True,0.0917845368385315,0.0235728956758976,0.08870580792427063,0.10086846351623535,0.010429620742797852,0.015705645084381104,0.04558205604553223,5.855148702771079,0.010429620742797852,-0.015705645084381104,-0.04558205604553223,0.6141795516014099,0.675760805606842,0.42023882269859314,0.036115165799856186,0.017762351781129837,0.03144525736570358,0.0439457893371582,0.023279786109924316,0.013041913509368896,0.028227925300598145,2.209084440791553,0.023279786109924316,-0.013041913509368896,-0.028227925300598145,0.8171461820602417,0.8550320267677307,0.5319521427154541,0.05566937103867531
000009:5,True,185,13.915969848632812,0.0,1,0.615714732523583,True,0.21124282479286194,0.1845199316740036,0.10283930599689484,0.09500110149383545,0.039147377014160156,0.05923336744308472,0.03694868087768555,15.950089976245556,0.039147377014160156,0.05923336744308472,0.03694868087768555,0.4173033833503723,0.453178733587265,0.6560980677604675,0.15330052375793457,0.13031993806362152,0.08073265850543976,0.06937992572784424,0.009693682193756104,0.02657473087310791,0.047919273376464844,4.970069111829819,0.009693682193756104,0.02657473087310791,0.047919273376464844,0.5244680643081665,0.5589551329612732,0.7056189179420471,0.05794230103492737
000009:6,True,145,14.141715049743652,0.0,1,0.7171173107937125,True,0.1897163689136505,0.05017125606536865,0.18296213448047638,0.011774778366088867,0.023464202880859375,0.043187737464904785,0.13167166709899902,1.6786792706050429,0.023464202880859375,-0.043187737464904785,0.13167166709899902,0.4308387041091919,0.4565424621105194,0.4119456708431244,0.12021812796592712,0.05039706826210022,0.10914454609155655,0.0020265579223632812,0.013612151145935059,0.01412743330001831,0.1268467903137207,1.6317221748033772,-0.013612151145935059,-0.01412743330001831,0.1268467903137207,0.5731377005577087,0.6093551516532898,0.6276201009750366,0.06949824094772339
000011:0,True,372,7.64157247543335,0.0,1,8.397949631371718,False,0.07509700208902359,0.06785711646080017,0.03217095881700516,0.006293296813964844,0.08097290992736816,0.026924490928649902,0.07549393177032471,6.958923208998487,-0.08097290992736816,0.026924490928649902,-0.07549393177032471,0.7386628985404968,0.7681138515472412,0.19229482114315033,0.025539251044392586,0.005007581785321236,0.025043509900569916,0.015177488327026367,0.06978648900985718,0.025627493858337402,0.03715646266937256,11.095288503339537,-0.06978648900985718,0.025627493858337402,-0.03715646266937256,0.801859438419342,0.8175755143165588,0.587035059928894,0.049557751044631004
000011:1,True,230,12.933955192565918,0.0,1,1.2429333203955568,True,0.05318855494260788,0.05315230414271355,0.001963464543223381,0.03622734546661377,0.0019186735153198242,0.000693976879119873,0.022512316703796387,5.358713705792714,-0.0019186735153198242,0.000693976879119873,-0.022512316703796387,0.7856899499893188,0.8169951438903809,0.3036738634109497,0.05710349231958389,0.05699898302555084,0.0034532472491264343,0.0023534297943115234,0.01943296194076538,0.011195242404937744,0.0021446943283081055,0.8762399596646013,-0.01943296194076538,-0.011195242404937744,0.0021446943283081055,0.7966667413711548,0.7986320853233337,0.25692564249038696,-0.003914937376976013
000011:2,True,176,13.85554313659668,0.0,1,1.2429333203955568,True,0.12874741852283478,0.10261285305023193,0.07775925099849701,0.12170195579528809,0.07620102167129517,0.04411083459854126,0.026437044143676758,0.7575126025551051,0.07620102167129517,0.04411083459854126,0.026437044143676758,0.5584572553634644,0.6266498565673828,0.5697711706161499,0.1397770345211029,0.09014531970024109,0.10682433843612671,0.025401830673217773,0.06955701112747192,0.02464085817337036,0.012671232223510742,2.9008459999304446,0.06955701112747192,0.02464085817337036,0.012671232223510742,0.5984274744987488,0.6128847002983093,0.6642103791236877,-0.011029615998268127
000011:3,True,213,13.252396583557129,0.0,0,0.7114600511809205,True,0.16532349586486816,0.1458284854888916,0.07788395881652832,0.07774293422698975,0.017792940139770508,0.0003413558006286621,0.014196634292602539,9.94777073268604,0.017792940139770508,-0.0003413558006286621,-0.014196634292602539,0.4552263021469116,0.48615550994873047,0.415812611579895,0.10241413861513138,0.08942843973636627,0.04991200566291809,0.008391499519348145,0.02045261859893799,0.0033504366874694824,0.03077995777130127,1.3165426408109668,0.02045261859893799,-0.0033504366874694824,0.03077995777130127,0.633089005947113,0.6421989798545837,0.5105066299438477,0.06290935724973679
000011:4,True,173,13.808588027954102,0.0,1,0.7114600511809205,True,0.09869905561208725,0.0970577821135521,0.017924562096595764,0.022612571716308594,0.037700533866882324,0.057286083698272705,0.051819801330566406,13.592103769082055,0.037700533866882324,0.057286083698272705,0.051819801330566406,0.630692720413208,0.6477412581443787,0.6561070084571838,0.042653582990169525,0.035572852939367294,0.02353508397936821,0.018425703048706055,0.016232848167419434,0.03951144218444824,0.07379698753356934,3.950868283880516,0.016232848167419434,0.03951144218444824,0.07379698753356934,0.7928909659385681,0.8256964683532715,0.609031617641449,0.056045472621917725
000011:5,True,143,13.96023941040039,0.0,1,0.755087703504455,True,0.18653489649295807,0.008238784968852997,0.18635287880897522,0.0035636425018310547,0.032369792461395264,0.020105719566345215,0.12209653854370117,0.4869328373522145,0.032369792461395264,-0.020105719566345215,0.12209653854370117,0.4387913644313812,0.46382567286491394,0.3731066584587097,0.17534808814525604,0.1250922977924347,0.12287744879722595,0.02038705348968506,0.006814181804656982,0.020354270935058594,0.1571211814880371,5.133059737226668,0.006814181804656982,0.020354270935058594,0.1571211814880371,0.4985125958919525,0.5374257564544678,0.48648637533187866,0.011186808347702026
000041:1,True,364,9.916576385498047,0.0,0,0.7749530826395629,True,0.1370190531015396,0.12866710126399994,0.0471062958240509,0.010685324668884277,0.013012409210205078,0.04144054651260376,0.029774785041809082,2.957407251189492,0.013012409210205078,0.04144054651260376,0.029774785041809082,0.569355845451355,0.5773619413375854,0.16835147142410278,0.1923542469739914,0.1702060103416443,0.08961065858602524,0.015005350112915039,0.0439113974571228,0.005292236804962158,0.031487226486206055,6.606531437917185,0.0439113974571228,0.005292236804962158,0.031487226486206055,0.4517129063606262,0.45790359377861023,0.19213972985744476,-0.05533519387245178
000041:2,True,313,10.532824516296387,0.0,1,0.7749530826395629,True,0.05284454673528671,0.04876594990491867,0.020357510074973106,0.017271041870117188,0.0014365911483764648,0.05540156364440918,0.03440284729003906,0.6145531007610673,0.0014365911483764648,0.05540156364440918,-0.03440284729003906,0.7547428011894226,0.7672406435012817,0.5571447610855103,0.051266781985759735,0.013332679867744446,0.04950274899601936,0.00021564960479736328,0.01057898998260498,0.027910709381103516,0.02659153938293457,3.745511816294912,-0.01057898998260498,0.027910709381103516,-0.02659153938293457,0.7950550317764282,0.805732250213623,0.5744370818138123,0.0015777647495269775
000041:3,True,260,10.64516544342041,0.0,1,0.8025599074691693,True,0.05768444016575813,0.05767017602920532,0.001282690092921257,0.05456066131591797,0.0354914665222168,0.02783787250518799,0.05664873123168945,10.34167275107701,-0.0354914665222168,-0.02783787250518799,0.05664873123168945,0.7305371761322021,0.7727435231208801,0.4241541922092438,0.03750438988208771,0.01170550100505352,0.03563089296221733,0.029195189476013184,0.006600081920623779,0.01984584331512451,0.06966400146484375,2.063253526564783,-0.006600081920623779,-0.01984584331512451,0.06966400146484375,0.8273571133613586,0.8590231537818909,0.5082318782806396,0.020180050283670425
000041:4,True,90,28.332693099975586,0.0,0,0.6303861091523006,True,0.12766192853450775,0.10422182083129883,0.07372503727674484,0.021558284759521484,0.037220001220703125,0.06402993202209473,0.152396559715271,2.7605165757090333,-0.037220001220703125,0.06402993202209473,0.152396559715271,0.5422635078430176,0.5833678841590881,0.4970245361328125,0.03293309733271599,0.03195805102586746,0.007954353466629982,0.0609515905380249,0.0074675679206848145,0.06324952840805054,0.1008598804473877,3.5394176882789474,-0.0074675679206848145,0.06324952840805054,0.1008598804473877,0.7667552828788757,0.8214174509048462,0.69671231508255,0.09472883120179176
000041:5,True,110,28.266931533813477,0.0,0,0.6303861091523006,True,0.10670911520719528,0.010917462408542633,0.10614916682243347,0.04588770866394043,0.02331465482711792,0.016468405723571777,0.019481420516967773,1.9618215749244223,0.02331465482711792,0.016468405723571777,-0.019481420516967773,0.6495532393455505,0.6784731149673462,0.2543218731880188,0.12260372191667557,0.08036157488822937,0.0925942212343216,0.010944247245788574,0.040941059589385986,0.0055925846099853516,0.06808149814605713,2.117795774810834,0.040941059589385986,0.0055925846099853516,-0.06808149814605713,0.579574704170227,0.5973602533340454,0.5732775330543518,-0.015894606709480286
000041:6,True,37,32.926700592041016,0.0,1,17.710129237565972,False,0.18623758852481842,0.14320158958435059,0.11907036602497101,0.07702183723449707,0.009410977363586426,0.12823128700256348,0.03534209728240967,3.038741143826004,-0.009410977363586426,-0.12823128700256348,-0.03534209728240967,0.4598914384841919,0.4928377866744995,0.28532081842422485,0.09315316379070282,0.08408361673355103,0.04009313881397247,0.030688762664794922,0.026780545711517334,0.05106055736541748,0.07390379905700684,3.3416664089630674,-0.026780545711517334,-0.05106055736541748,-0.07390379905700684,0.6744278073310852,0.7013243436813354,0.3836480677127838,0.0930844247341156
000098:1,True,1069,7.095042705535889,0.0,1,0.7526871494223721,True,0.13940833508968353,0.02939649298787117,0.13627374172210693,0.01826786994934082,0.02061837911605835,0.0194016695022583,0.04421412944793701,13.005349538242939,-0.02061837911605835,-0.0194016695022583,-0.04421412944793701,0.546662449836731,0.557919442653656,0.41407516598701477,0.0317750982940197,0.002443441189825535,0.03168100863695145,0.0053678154945373535,0.027615129947662354,0.017808914184570312,0.00967705249786377,2.688007287480178,-0.027615129947662354,-0.017808914184570312,-0.00967705249786377,0.854886531829834,0.8598936796188354,0.46058374643325806,0.10763323679566383
000098:2,True,173,20.074329376220703,0.0,1,0.6017742994847562,True,0.21844585239887238,0.18104180693626404,0.12223935127258301,0.0024622082710266113,0.055447399616241455,0.010155439376831055,0.04208266735076904,7.603776395408395,-0.055447399616241455,-0.010155439376831055,0.04208266735076904,0.4134584963321686,0.4206770658493042,0.3863849937915802,0.09096328169107437,0.05178849771618843,0.07478148490190506,0.10144799947738647,0.03243112564086914,0.037982821464538574,0.08568096160888672,3.719693701232264,-0.03243112564086914,0.037982821464538574,0.08568096160888672,0.6178848147392273,0.6854376196861267,0.5850234627723694,0.127482570707798
000098:3,True,265,19.727313995361328,0.0,0,0.6017742994847562,True,0.18080000579357147,0.143846333026886,0.1095302626490593,0.09491139650344849,0.027274489402770996,0.0784040093421936,0.035573482513427734,11.070766757728528,0.027274489402770996,-0.0784040093421936,-0.035573482513427734,0.4548858404159546,0.49399781227111816,0.2216978520154953,0.1333893984556198,0.0986824780702591,0.08974689245223999,0.003869295120239258,0.04905521869659424,0.004193544387817383,0.07703256607055664,12.89336175661141,0.04905521869659424,-0.004193544387817383,-0.07703256607055664,0.5901684165000916,0.6109987497329712,0.29045411944389343,0.04741060733795166
000098:4,True,147,23.14383316040039,0.0,1,15.108993514826595,False,0.04550579562783241,0.04049991816282272,0.020749321207404137,0.03376281261444092,0.03447765111923218,0.09778118133544922,0.07455003261566162,2.3717249053078966,-0.03447765111923218,0.09778118133544922,0.07455003261566162,0.7510374188423157,0.7835692763328552,0.5981758236885071,0.050853341817855835,0.026476509869098663,0.04341723769903183,0.0482829213142395,0.06455481052398682,0.02241748571395874,0.029957056045532227,1.9817283886315105,0.06455481052398682,0.02241748571395874,0.029957056045532227,0.7597368955612183,0.8028258681297302,0.32238003611564636,-0.005347546190023422
000149:1,True,924,6.923704147338867,0.0,1,0.732968469858558,True,0.21611055731773376,0.05479835718870163,0.2090476155281067,0.0044748783111572266,0.0021238327026367188,0.021067023277282715,0.03793823719024658,4.673133467852684,-0.0021238327026367188,0.021067023277282715,0.03793823719024658,0.390307754278183,0.39627107977867126,0.3016306459903717,0.17423991858959198,0.11152386665344238,0.13387298583984375,0.05472666025161743,0.018417656421661377,0.011416375637054443,0.001953721046447754,1.5490049414888518,-0.018417656421661377,0.011416375637054443,0.001953721046447754,0.4920720160007477,0.5159736275672913,0.4189493954181671,0.041870638728141785
000149:2,True,218,16.889026641845703,0.0,0,6.828088748172349,False,0.19086043536663055,0.0781068354845047,0.17414656281471252,0.03849351406097412,0.0677991509437561,0.026235342025756836,0.07736897468566895,4.262273910985408,0.0677991509437561,0.026235342025756836,0.07736897468566895,0.4162388741970062,0.43187373876571655,0.33312302827835083,0.01680232211947441,0.0028612185269594193,0.016556914895772934,0.015744566917419434,0.08477741479873657,0.010558664798736572,0.07953047752380371,0.22978486652323993,0.08477741479873657,0.010558664798736572,0.07953047752380371,0.79217529296875,0.83135586977005,0.5782173275947571,0.17405811324715614
000149:3,True,286,10.190171241760254,0.0,1,3.286344667150157,False,0.08043936640024185,0.07920998334884644,0.014009624719619751,0.015217185020446777,0.062863290309906,0.03722041845321655,0.026998162269592285,1.7712419942370556,-0.062863290309906,-0.03722041845321655,0.026998162269592285,0.735611081123352,0.7463638782501221,0.4498910903930664,0.12603692710399628,0.11411282420158386,0.05351234972476959,0.022523999214172363,0.0260770320892334,0.007330656051635742,0.009262442588806152,2.977234835607867,-0.0260770320892334,0.007330656051635742,0.009262442588806152,0.6278690695762634,0.6416317820549011,0.546205997467041,-0.045597560703754425
000149:4,True,30,64.33406066894531,0.0,0,47.98305122355796,False,0.18519386649131775,0.1834077388048172,0.02565857395529747,0.08126401901245117,0.046585679054260254,0.006494283676147461,0.026919841766357422,5.230521527726416,-0.046585679054260254,0.006494283676147461,0.026919841766357422,0.5481147766113281,0.5913563370704651,0.5308619141578674,0.09725730121135712,0.09699723869562149,0.007107753772288561,0.08652853965759277,0.008798778057098389,0.029890358448028564,0.017305850982666016,2.8355293556397845,0.008798778057098389,0.029890358448028564,0.017305850982666016,0.6976122856140137,0.763386607170105,0.5072880387306213,0.08793656527996063
000203:0,True,18,50.1119499206543,0.0,1,,False,0.033975403755903244,0.009726861491799355,0.032553285360336304,0.012572526931762695,0.03630721569061279,0.02546536922454834,0.03420138359069824,1.0609296413124096,-0.03630721569061279,-0.02546536922454834,0.03420138359069824,0.8297748565673828,0.8443668484687805,0.6388594508171082,0.08191122114658356,0.0633704662322998,0.05190020799636841,0.01570296287536621,0.00872582197189331,0.0222623348236084,0.04761815071105957,4.951904451103255,-0.00872582197189331,-0.0222623348236084,-0.04761815071105957,0.6752920746803284,0.6921766996383667,0.7356526851654053,-0.04793581739068031
000206:0,True,23,49.311038970947266,0.0,1,,False,0.06556563824415207,0.03369581326842308,0.056244514882564545,0.0369877815246582,0.02684086561203003,0.04231739044189453,0.02021193504333496,0.8443379672843072,-0.02684086561203003,-0.04231739044189453,0.02021193504333496,0.7234684228897095,0.751030683517456,0.471409410238266,0.023485926911234856,0.008363059721887112,0.021946480497717857,0.09068107604980469,0.02568751573562622,0.011435091495513916,0.02450382709503174,5.267841681351365,0.02568751573562622,-0.011435091495513916,-0.02450382709503174,0.7962692379951477,0.8811846375465393,0.38324809074401855,0.04207971133291721
000233:0,True,63,40.318790435791016,0.0,0,,False,0.0863080695271492,0.07876183837652206,0.03529384732246399,0.01978433132171631,0.18040382862091064,0.04565912485122681,0.0068007707595825195,9.305029895962502,-0.18040382862091064,-0.04565912485122681,-0.0068007707595825195,0.6781217455863953,0.6920280456542969,0.3693423271179199,0.043322499841451645,0.02847101166844368,0.032653339207172394,0.029808759689331055,0.16025054454803467,0.029241085052490234,0.012322783470153809,3.8772151663367693,-0.16025054454803467,-0.029241085052490234,-0.012322783470153809,0.7212185859680176,0.7443656325340271,0.3745346963405609,0.042985569685697556
000248:0,True,79,35.216793060302734,0.0,0,,False,0.008279395289719105,0.00824763998389244,0.0007244544103741646,0.05602157115936279,0.050173401832580566,0.007477879524230957,0.0516963005065918,7.168242552793362,0.050173401832580566,0.007477879524230957,0.0516963005065918,0.819114089012146,0.8716043829917908,0.6334978342056274,0.007384657859802246,0.0051238154992461205,0.00531786447390914,0.002797722816467285,0.0020945072174072266,0.04996347427368164,0.010746240615844727,1.8054512240661504,-0.0020945072174072266,-0.04996347427368164,-0.010746240615844727,0.9079307317733765,0.9136549830436707,0.7616823315620422,0.0008947374299168587
000260:0,True,22,62.3676872253418,0.0,1,17.45546223402983,False,0.08129849284887314,0.07528278231620789,0.030691182240843773,0.07233905792236328,0.07372051477432251,0.0596352219581604,0.06917428970336914,14.585913596162921,0.07372051477432251,0.0596352219581604,0.06917428970336914,0.6468044519424438,0.6979777216911316,0.5381680727005005,0.032303586602211,0.006163956597447395,0.031710051000118256,0.042235612869262695,0.028632402420043945,0.034947752952575684,0.01595449447631836,1.0715027741475893,0.028632402420043945,-0.034947752952575684,0.01595449447631836,0.8331318497657776,0.8735038042068481,0.49048420786857605,0.04899490624666214
000260:1,True,42,43.294376373291016,0.0,1,2.533474080521323,False,0.10149697214365005,0.004706297069787979,0.10138780623674393,0.0181196928024292,0.03578704595565796,0.03170287609100342,0.058338165283203125,2.512153594643359,-0.03578704595565796,-0.03170287609100342,0.058338165283203125,0.7023285627365112,0.723484456539154,0.435989648103714,0.08685644716024399,0.06461118906736374,0.0580468587577343,0.016327261924743652,0.03088432550430298,0.006064236164093018,0.022178292274475098,15.90956965162337,-0.03088432550430298,0.006064236164093018,-0.022178292274475098,0.6973111033439636,0.7099438905715942,0.49178922176361084,0.014640524983406067
000260:2,True,51,45.794532775878906,0.0,1,2.533474080521323,False,0.1974523365497589,0.03356048837304115,0.1945793628692627,0.06481719017028809,0.013570547103881836,0.0719868540763855,0.027399659156799316,3.4047126974679562,-0.013570547103881836,0.0719868540763855,-0.027399659156799316,0.4244125783443451,0.44877541065216064,0.31139710545539856,0.06265511363744736,0.04201560840010643,0.046479593962430954,0.09988820552825928,0.02637350559234619,0.012227058410644531,0.037691354751586914,11.921193611286816,-0.02637350559234619,0.012227058410644531,-0.037691354751586914,0.6872673034667969,0.7640214562416077,0.528378427028656,0.13479722291231155
000272:0,True,36,54.792728424072266,0.0,0,11.23994821995801,False,0.04451069235801697,0.04021676257252693,0.019073903560638428,0.12777495384216309,0.07036936283111572,0.12373912334442139,0.04465627670288086,14.019608951698823,-0.07036936283111572,-0.12373912334442139,0.04465627670288086,0.6181161403656006,0.7052108645439148,0.39594095945358276,0.05943382531404495,0.004209555685520172,0.05928456038236618,0.0014853477478027344,0.037993013858795166,0.1487167477607727,0.03537869453430176,8.084312533231806,-0.037993013858795166,-0.1487167477607727,0.03537869453430176,0.6954948902130127,0.7066569924354553,0.25168856978416443,-0.014923132956027985
000272:2,True,56,36.50613021850586,0.0,0,1.825991168330291,True,0.07549982517957687,0.062873974442482,0.041798185557127,0.024331092834472656,0.08335328102111816,0.06692123413085938,0.08039367198944092,33.7048165628132,0.08335328102111816,0.06692123413085938,0.08039367198944092,0.6262099146842957,0.6542543172836304,0.3217266798019409,0.017094405367970467,0.0006908851210027933,0.017080437391996384,0.06463086605072021,0.06601673364639282,0.003886103630065918,0.025664687156677246,35.66941620349698,0.06601673364639282,0.003886103630065918,0.025664687156677246,0.660442590713501,0.7064412236213684,0.28790292143821716,0.05840541981160641
000272:3,True,68,38.11159133911133,0.0,0,1.825991168330291,True,0.06472253054380417,0.05600496008992195,0.03244149684906006,0.010285258293151855,0.10007405281066895,0.022996187210083008,0.014399528503417969,19.523931817941367,-0.10007405281066895,0.022996187210083008,0.014399528503417969,0.7052411437034607,0.7122681736946106,0.46433112025260925,0.062655009329319,0.0535605289041996,0.03251030668616295,0.05170857906341553,0.15308409929275513,0.0014113187789916992,0.026005864143371582,11.995478748699874,-0.15308409929275513,0.0014113187789916992,0.026005864143371582,0.6828766465187073,0.718317449092865,0.6409839391708374,0.0020675212144851685
000274:0,True,25,51.8901252746582,0.0,0,10.734058249666614,False,0.0302137341350317,0.0033015196677297354,0.03003280982375145,0.09000611305236816,0.17040538787841797,0.05489009618759155,0.07573306560516357,6.353404627276512,-0.17040538787841797,0.05489009618759155,0.07573306560516357,0.642630398273468,0.7038039565086365,0.4679574966430664,0.040025271475315094,0.03908345475792885,0.008631696924567223,0.14000701904296875,0.13044166564941406,0.016113340854644775,0.03128552436828613,5.761056016764984,-0.13044166564941406,0.016113340854644775,0.03128552436828613,0.6433790326118469,0.7483078837394714,0.540765643119812,-0.009811537340283394
000274:1,True,25,44.365047454833984,0.0,1,10.734058249666614,False,0.14683900773525238,0.015062243677675724,0.14606446027755737,0.08471202850341797,0.012837320566177368,0.03278517723083496,0.031643033027648926,4.89616282254461,0.012837320566177368,0.03278517723083496,-0.031643033027648926,0.4658364951610565,0.5009573101997375,0.14083942770957947,0.11072574555873871,0.08322986215353012,0.07302727550268173,0.051302433013916016,0.030696630477905273,0.019871652126312256,0.042321085929870605,1.5900033793529393,0.030696630477905273,0.019871652126312256,0.042321085929870605,0.5198349952697754,0.5439782738685608,0.3409293591976166,0.03611326217651367
000274:2,True,52,33.83782958984375,0.0,0,2.015782799585657,False,0.07319898903369904,0.04371137544512749,0.05871462821960449,0.09681892395019531,0.022627592086791992,0.04070800542831421,0.04021477699279785,5.890091950564865,0.022627592086791992,0.04070800542831421,0.04021477699279785,0.6743937730789185,0.7475472092628479,0.5290778279304504,0.13523747026920319,0.04504106193780899,0.12751656770706177,0.09937548637390137,0.0045670270919799805,0.017348825931549072,0.003608226776123047,12.077314432869295,0.0045670270919799805,0.017348825931549072,-0.003608226776123047,0.5547142028808594,0.6119884848594666,0.5934983491897583,-0.06203848123550415
000274:3,True,53,35.373878479003906,0.0,0,2.015782799585657,False,0.19897378981113434,0.139055535197258,0.142316997051239,0.026185274124145508,0.28958576917648315,0.08544647693634033,0.03301262855529785,4.17297237531099,-0.28958576917648315,0.08544647693634033,0.03301262855529785,0.5310210585594177,0.5428081154823303,0.3644542992115021,0.11290574073791504,0.10634966194629669,0.03791379556059837,0.08639836311340332,0.2561808228492737,0.09272074699401855,0.03280675411224365,12.146316646330435,-0.2561808228492737,0.09272074699401855,-0.03280675411224365,0.5893958210945129,0.6425904631614685,0.2957521378993988,0.0860680490732193
000319:0,True,101,26.55687713623047,0.0,0,7.13695845579397,False,0.10987517982721329,0.09404484927654266,0.05681657791137695,0.020930051803588867,0.01999366283416748,0.013678908348083496,0.04307436943054199,0.5211880572726639,-0.01999366283416748,-0.013678908348083496,-0.04307436943054199,0.6161841750144958,0.629966139793396,0.4640786647796631,0.061221394687891006,0.0012150265974923968,0.061209339648485184,0.018386125564575195,0.010500609874725342,0.03532862663269043,0.03973567485809326,3.430266256385809,0.010500609874725342,-0.03532862663269043,-0.03973567485809326,0.7643675208091736,0.7814845442771912,0.5945248007774353,0.04865378513932228
000319:1,True,188,20.730466842651367,0.0,0,0.6902410131726563,True,0.022883215919137,0.01450163684785366,0.01770152896642685,0.04124855995178223,0.0016922354698181152,0.05084258317947388,0.011813759803771973,10.232507658805531,0.0016922354698181152,-0.05084258317947388,-0.011813759803771973,0.7858773469924927,0.8202652931213379,0.5080311894416809,0.03211326152086258,0.02590482495725155,0.01897898130118847,0.011762261390686035,0.02058747410774231,0.045174241065979004,0.010443925857543945,15.082140499742687,-0.02058747410774231,-0.045174241065979004,0.010443925857543945,0.7624329328536987,0.7711898684501648,0.5377587676048279,-0.009230045601725578
000319:2,True,75,20.84958839416504,0.0,0,0.6902410131726563,True,0.0771389752626419,0.013674572110176086,0.07591724395751953,0.0009552240371704102,0.007532298564910889,0.02545994520187378,0.04008162021636963,21.205203372707516,-0.007532298564910889,-0.02545994520187378,0.04008162021636963,0.6733835935592651,0.6867772936820984,0.26623860001564026,0.09033171087503433,0.06439623236656189,0.06334780156612396,0.0006159543991088867,0.05097171664237976,0.029794812202453613,0.0025787353515625,86.04795259787124,-0.05097171664237976,-0.029794812202453613,-0.0025787353515625,0.6387116312980652,0.6395912766456604,0.29504498839378357,-0.013192735612392426
000319:3,True,218,11.911909103393555,0.0,1,14.519914934586868,False,0.18189676105976105,0.18189677596092224,1.4685094356536865e-05,0.07347512245178223,0.06252491474151611,0.021009445190429688,0.04399728775024414,14.33377033276273,0.06252491474151611,-0.021009445190429688,0.04399728775024414,0.472639262676239,0.5056093335151672,0.2983591556549072,0.046074144542217255,0.029712630435824394,0.035213444381952286,0.07904577255249023,0.06079596281051636,0.011975467205047607,0.030431151390075684,8.534413348113642,0.06079596281051636,0.011975467205047607,-0.030431151390075684,0.7325276732444763,0.7986554503440857,0.24316813051700592,0.1358226165175438
000328:0,True,142,21.475399017333984,0.0,0,6.450443374234056,False,0.07259079068899155,0.04408584535121918,0.05767027661204338,0.03571748733520508,0.00511014461517334,0.04430884122848511,0.001224517822265625,9.504006966863313,-0.00511014461517334,0.04430884122848511,-0.001224517822265625,0.6928055286407471,0.7192603349685669,0.2871831953525543,0.0451323576271534,0.036247264593839645,0.026889877393841743,0.03654909133911133,0.006693005561828613,0.06888508796691895,0.011755585670471191,4.158037939319671,0.006693005561828613,0.06888508796691895,0.011755585670471191,0.7571084499359131,0.7881199717521667,0.3682716190814972,0.02745843306183815
000328:1,True,324,16.0229434967041,0.0,0,0.7283118004293853,True,0.23140889406204224,0.22529642283916473,0.052835699170827866,0.020077884197235107,0.029571980237960815,0.011405766010284424,0.011882662773132324,1.000113636942616,0.029571980237960815,-0.011405766010284424,-0.011882662773132324,0.33442115783691406,0.3396284878253937,0.4294552505016327,0.0704180896282196,0.06285339593887329,0.031751491129398346,0.043568193912506104,0.012592196464538574,0.03736221790313721,0.0007970333099365234,2.73241353499793,-0.012592196464538574,-0.03736221790313721,-0.0007970333099365234,0.6639674305915833,0.6928096413612366,0.45274344086647034,0.16099080443382263
000328:2,True,78,15.29047679901123,0.0,0,1.1272630786002524,True,0.17968381941318512,0.08702997118234634,0.15720069408416748,0.012380361557006836,0.011802732944488525,0.05557656288146973,0.1347280740737915,15.802643267537906,0.011802732944488525,0.05557656288146973,-0.1347280740737915,0.4048911929130554,0.42675188183784485,0.25082671642303467,0.07646867632865906,0.06569129973649979,0.039142198860645294,0.07935976982116699,0.0610540509223938,0.02578139305114746,0.1387312412261963,12.459986253774101,0.0610540509223938,0.02578139305114746,-0.1387312412261963,0.6339035630226135,0.6813021302223206,0.1279733031988144,0.10321514308452606
000328:3,True,212,16.183242797851562,0.0,0,0.7283118004293853,True,0.29461905360221863,0.09296829998493195,0.27956622838974,0.07072412967681885,0.02896904945373535,0.05285203456878662,0.01598215103149414,0.08783623272636398,-0.02896904945373535,-0.05285203456878662,-0.01598215103149414,0.22729530930519104,0.24007220566272736,0.3394063711166382,0.1329813152551651,0.0348234549164772,0.12834078073501587,0.07853865623474121,0.007138371467590332,0.04731869697570801,0.017295002937316895,2.8744236404973362,-0.007138371467590332,-0.04731869697570801,0.017295002937316895,0.5003331899642944,0.538358747959137,0.44390180706977844,0.16163773834705353
000454:0,True,95,31.55294418334961,0.0,0,23.83922529863691,False,0.09346549212932587,0.04075953736901283,0.08410979807376862,0.15113985538482666,0.0558774471282959,0.0028743743896484375,0.17458832263946533,10.839537533566915,-0.0558774471282959,0.0028743743896484375,-0.17458832263946533,0.607763409614563,0.7040255069732666,0.344292551279068,0.09957488626241684,0.008277878165245056,0.09923021495342255,0.09191250801086426,0.014531910419464111,0.028180062770843506,0.07206475734710693,3.421849642095518,0.014531910419464111,0.028180062770843506,-0.07206475734710693,0.6428614854812622,0.6988284587860107,0.43979594111442566,-0.006109394133090973
000454:1,True,14,46.98414611816406,0.0,0,0.8980516020431409,True,0.09403739869594574,0.09076991677284241,0.024573441594839096,0.025828242301940918,0.006860971450805664,0.029505372047424316,0.06930077075958252,1.0831687372499712,-0.006860971450805664,0.029505372047424316,0.06930077075958252,0.6442655324935913,0.6655133366584778,0.6821072101593018,0.03294133022427559,0.003783426247537136,0.03272333741188049,0.03707730770111084,0.008643388748168945,0.016824185848236084,0.06641149520874023,10.462828922549704,0.008643388748168945,0.016824185848236084,0.06641149520874023,0.7986747622489929,0.8297179937362671,0.6689935326576233,0.06109606847167015
000454:2,True,52,47.408843994140625,0.0,0,0.8980516020431409,True,0.15220889449119568,0.05425891652703285,0.14220941066741943,0.11423945426940918,0.055947959423065186,0.06148618459701538,0.012721896171569824,18.35331935647122,-0.055947959423065186,-0.06148618459701538,-0.012721896171569824,0.5222650766372681,0.5794679522514343,0.6522966623306274,0.13095444440841675,0.07653568685054779,0.10626078397035599,0.0579603910446167,0.010785400867462158,0.0813831090927124,0.012543201446533203,1.2289832581170743,-0.010785400867462158,-0.0813831090927124,-0.012543201446533203,0.5817300081253052,0.6137489080429077,0.6151569485664368,0.02125445008277893
000463:0,True,84,30.124269485473633,0.0,0,24.542355365882468,False,0.1628769189119339,0.11271757632493973,0.11757397651672363,0.1140434741973877,0.05569791793823242,0.03586500883102417,0.08126485347747803,6.430691405458705,-0.05569791793823242,-0.03586500883102417,-0.08126485347747803,0.5250150561332703,0.5851714015007019,0.520425021648407,0.18771347403526306,0.0793028324842453,0.1701393872499466,0.02667999267578125,0.021202385425567627,0.065116286277771,0.03505218029022217,0.9857670519620902,0.021202385425567627,-0.065116286277771,0.03505218029022217,0.5430405735969543,0.5555759072303772,0.5884515047073364,-0.024836555123329163
000463:1,True,54,43.76966094970703,0.0,0,0.7870948103373365,True,0.12901172041893005,0.006681202910840511,0.12883861362934113,0.04061412811279297,0.026342391967773438,0.03997761011123657,0.0001627206802368164,2.807388976259332,-0.026342391967773438,-0.03997761011123657,-0.0001627206802368164,0.5691157579421997,0.5896843075752258,0.6317455768585205,0.10033030807971954,0.07477133721113205,0.06689856946468353,0.01511240005493164,0.04861336946487427,0.03651481866836548,0.013897061347961426,6.908835610581948,-0.04861336946487427,-0.03651481866836548,0.013897061347961426,0.6632975339889526,0.6722299456596375,0.6790979504585266,0.02868141233921051
000463:2,True,61,44.08810043334961,0.0,0,0.7870948103373365,True,0.11167902499437332,0.11014559864997864,0.018443170934915543,0.03825688362121582,0.03521972894668579,0.013907253742218018,0.04109203815460205,13.104107243452153,-0.03521972894668579,-0.013907253742218018,-0.04109203815460205,0.6368946433067322,0.6609223484992981,0.4419787526130676,0.10406086593866348,0.10356684774160385,0.010127749294042587,0.01608097553253174,0.03724527359008789,0.0035198330879211426,0.031183838844299316,2.751521216572127,-0.03724527359008789,-0.0035198330879211426,-0.031183838844299316,0.682264506816864,0.693221926689148,0.44500699639320374,0.007618159055709839
000484:0,True,67,35.98043441772461,0.0,0,0.9051100901951193,True,0.06345884501934052,0.0408761240541935,0.04854036867618561,0.05927383899688721,0.030517756938934326,0.06150585412979126,0.09632563591003418,20.6827517304384,-0.030517756938934326,-0.06150585412979126,-0.09632563591003418,0.6612577438354492,0.7027286887168884,0.3995119333267212,0.048082541674375534,0.03827982395887375,0.029096150770783424,0.06686723232269287,0.019636690616607666,0.02641880512237549,0.06772315502166748,6.673350723825247,-0.019636690616607666,-0.02641880512237549,-0.06772315502166748,0.746306836605072,0.7995920181274414,0.5359724164009094,0.015376303344964981
000484:1,True,14,36.437477111816406,0.0,0,0.9051100901951193,True,0.10475357621908188,0.09852284938097,0.03558875620365143,0.06225240230560303,0.022479712963104248,0.020812511444091797,0.0075255632400512695,5.876845026040711,-0.022479712963104248,-0.020812511444091797,0.0075255632400512695,0.6218724250793457,0.6603729128837585,0.4063248932361603,0.09264861792325974,0.03369933366775513,0.0863024964928627,0.02918839454650879,0.0548175573348999,0.015023112297058105,0.001268625259399414,10.206365337128394,-0.0548175573348999,-0.015023112297058105,0.001268625259399414,0.6661056280136108,0.6854039430618286,0.44006749987602234,0.012104958295822144
000538:0,True,140,19.169160842895508,0.0,0,0.8941722440450381,True,0.07703492790460587,0.04379376024007797,0.06337574869394302,0.057479262351989746,0.009667277336120605,0.014090478420257568,0.027567625045776367,9.173671697844817,0.009667277336120605,0.014090478420257568,-0.027567625045776367,0.6772117614746094,0.7132130265235901,0.5229170322418213,0.09786945581436157,0.07116720825433731,0.06718377023935318,0.02002251148223877,0.00992041826248169,0.003784000873565674,0.0072286128997802734,14.934280564590251,-0.00992041826248169,-0.003784000873565674,-0.0072286128997802734,0.6312864422798157,0.6422888040542603,0.5547478795051575,-0.020834527909755707
000538:1,True,163,19.595069885253906,0.0,0,0.8941722440450381,True,0.08465097099542618,0.08093244582414627,0.024813823401927948,0.06862115859985352,0.02380925416946411,0.00892704725265503,0.029734253883361816,25.069881499451643,0.02380925416946411,0.00892704725265503,-0.029734253883361816,0.6315068602561951,0.6735517382621765,0.6649351716041565,0.060552746057510376,0.052524738013744354,0.030129505321383476,0.042154788970947266,0.00962209701538086,0.00997018814086914,0.01870286464691162,25.494514360151335,0.00962209701538086,0.00997018814086914,-0.01870286464691162,0.6815176606178284,0.7095316648483276,0.6944678425788879,0.024098224937915802
000556:0,True,174,13.860112190246582,0.0,0,1.0645491604929471,True,0.024447033181786537,0.001320687122642994,0.024411333724856377,0.11399972438812256,0.043755412101745605,0.011553764343261719,0.0027151107788085938,5.7499091480395235,0.043755412101745605,-0.011553764343261719,0.0027151107788085938,0.7701094150543213,0.8636757731437683,0.6692813038825989,0.11046281456947327,0.07114213705062866,0.08450343459844589,0.09367239475250244,0.0455898642539978,0.026341557502746582,0.023511648178100586,2.5267701994671863,0.0455898642539978,0.026341557502746582,0.023511648178100586,0.594980001449585,0.6469434499740601,0.687637448310852,-0.08601578138768673
000556:1,True,197,14.445870399475098,0.0,0,1.0645491604929471,True,0.14409564435482025,0.06058971583843231,0.1307380497455597,0.05969715118408203,0.0042961835861206055,0.029613971710205078,0.07553493976593018,3.8876753736795577,-0.0042961835861206055,-0.029613971710205078,0.07553493976593018,0.5103888511657715,0.5376081466674805,0.5139262676239014,0.12221425771713257,0.06550641357898712,0.10317575931549072,0.025547146797180176,0.006274580955505371,0.015695929527282715,0.03176450729370117,7.68683149571575,0.006274580955505371,-0.015695929527282715,0.03176450729370117,0.5845649838447571,0.5985130667686462,0.5155776739120483,0.021881386637687683
000675:0,True,87,34.766136169433594,0.0,1,1.067066075893362,True,0.15124961733818054,0.0824887603521347,0.1267756074666977,0.013972997665405273,0.012738227844238281,0.01618105173110962,0.03811001777648926,3.585849314256694,0.012738227844238281,0.01618105173110962,0.03811001777648926,0.5420117974281311,0.5513719916343689,0.43752968311309814,0.12741926312446594,0.04948915168642998,0.1174159049987793,0.0052187442779541016,0.00959545373916626,0.06381672620773315,0.03775441646575928,2.8841703204429443,0.00959545373916626,-0.06381672620773315,-0.03775441646575928,0.6510393619537354,0.6634236574172974,0.407083660364151,0.0238303542137146
000675:1,True,76,33.58613204956055,0.0,0,0.9069994723333324,True,0.1370447427034378,0.12086565047502518,0.06459686160087585,0.010416507720947266,0.019627034664154053,0.025363445281982422,0.026633024215698242,3.232827799281086,0.019627034664154053,0.025363445281982422,0.026633024215698242,0.5691576600074768,0.5764346122741699,0.5052503943443298,0.15426841378211975,0.14694610238075256,0.04696367308497429,0.05954301357269287,0.004853010177612305,0.01005488634109497,0.028885960578918457,1.2837103762128874,-0.004853010177612305,0.01005488634109497,-0.028885960578918457,0.522581160068512,0.5522591471672058,0.47945237159729004,-0.017223671078681946
000675:2,True,33,34.442893981933594,0.0,1,0.9069994723333324,True,0.05028541386127472,0.025817954912781715,0.04315154626965523,0.023162126541137695,0.020185351371765137,0.036460280418395996,0.04873001575469971,13.81991425619299,-0.020185351371765137,-0.036460280418395996,-0.04873001575469971,0.7479472160339355,0.7683746814727783,0.5330113768577576,0.058029040694236755,0.01594799943268299,0.05579454451799393,0.03660845756530762,0.004615604877471924,0.0067386627197265625,0.021602869033813477,2.9923504989832774,-0.004615604877471924,0.0067386627197265625,-0.021602869033813477,0.7751755118370056,0.8061773777008057,0.23689009249210358,-0.007743626832962036
000675:3,True,39,34.50196838378906,0.0,0,11.725863626473725,False,0.17935103178024292,0.061649616807699203,0.16842244565486908,0.2570475935935974,0.05375391244888306,0.04770427942276001,0.019510269165039062,14.41294725211218,0.05375391244888306,0.04770427942276001,0.019510269165039062,0.38092097640037537,0.48104798793792725,0.21780957281589508,0.08887417614459991,0.009821307845413685,0.08832985162734985,0.18307000398635864,0.10668700933456421,0.01886880397796631,0.09024405479431152,7.319849074076636,0.10668700933456421,0.01886880397796631,-0.09024405479431152,0.581790566444397,0.7020676136016846,0.3247153162956238,0.090476855635643
000711:0,True,136,23.38974952697754,0.0,1,1.383813009295597,True,0.11378959566354752,0.03270876035094261,0.10898719727993011,0.01730799674987793,0.0003808140754699707,0.09232860803604126,0.022207140922546387,9.781841759455421,-0.0003808140754699707,-0.09232860803604126,-0.022207140922546387,0.6803686618804932,0.6921087503433228,0.3954602777957916,0.13989318907260895,0.1277814507484436,0.05693862587213516,0.008332252502441406,0.01131296157836914,0.029564201831817627,0.04183077812194824,3.158170189187176,0.01131296157836914,-0.029564201831817627,-0.04183077812194824,0.5673729777336121,0.5781764388084412,0.2892302870750427,-0.026103593409061432
000711:1,True,141,22.22997283935547,0.0,0,1.383813009295597,True,0.020459871739149094,0.017403751611709595,0.010757125914096832,0.006647348403930664,0.019324123859405518,0.011006295680999756,0.07588732242584229,4.87998893459002,-0.019324123859405518,0.011006295680999756,0.07588732242584229,0.8587367534637451,0.8947698473930359,0.46309804916381836,0.08890383690595627,0.0885922908782959,0.007436208426952362,0.03147172927856445,0.02062159776687622,0.025923550128936768,0.0003974437713623047,1.5647243944925502,0.02062159776687622,0.025923550128936768,0.0003974437713623047,0.6883692741394043,0.7105820178985596,0.39082738757133484,-0.06844396516680717
000711:2,True,90,23.71421241760254,0.0,1,17.089187067349084,False,0.13849522173404694,0.05322960391640663,0.12785747647285461,0.11033371090888977,0.0007390975952148438,0.04306507110595703,0.027751922607421875,8.116822867190404,0.0007390975952148438,-0.04306507110595703,0.027751922607421875,0.5314224362373352,0.5893076062202454,0.44933056831359863,0.17143011093139648,0.12181693315505981,0.12061889469623566,0.08114948868751526,0.0018371939659118652,0.005384087562561035,0.02488386631011963,5.4710188638495625,-0.0018371939659118652,0.005384087562561035,0.02488386631011963,0.5112227201461792,0.5506731867790222,0.5212845206260681,-0.03293488919734955
000735:0,True,236,15.576025009155273,0.0,1,1.4395008048317526,True,0.19650065898895264,0.1938738077878952,0.03202275186777115,0.048311471939086914,0.054033100605010986,0.009784519672393799,0.062131524085998535,8.552803859824987,-0.054033100605010986,-0.009784519672393799,0.062131524085998535,0.4541882872581482,0.47238683700561523,0.43967461585998535,0.14586865901947021,0.13928452134132385,0.043330006301403046,0.03520309925079346,0.09213483333587646,0.031390607357025146,0.015196561813354492,6.895089627506212,-0.09213483333587646,0.031390607357025146,0.015196561813354492,0.5665725469589233,0.5848681926727295,0.5619620680809021,0.05063199996948242
000735:1,True,174,14.615865707397461,0.0,0,1.4395008048317526,True,0.020440949127078056,0.002024791669100523,0.020340418443083763,0.01559746265411377,0.03658968210220337,0.057621538639068604,0.07968723773956299,6.389542703432878,-0.03658968210220337,-0.057621538639068604,0.07968723773956299,0.8015269637107849,0.8340453505516052,0.31393709778785706,0.07093344628810883,0.026472730562090874,0.06580842286348343,0.004911661148071289,0.005970120429992676,0.013884663581848145,0.0683755874633789,38.99883289555471,-0.005970120429992676,-0.013884663581848145,0.0683755874633789,0.6487827897071838,0.6707456707954407,0.3003915548324585,-0.05049249716103077
000866:0,True,55,39.9121208190918,0.0,0,,False,0.07547125220298767,0.07378499209880829,0.015864573419094086,0.1099628210067749,0.03052675724029541,0.03905200958251953,0.013567805290222168,14.963978227101466,-0.03052675724029541,0.03905200958251953,0.013567805290222168,0.6451630592346191,0.7173366546630859,0.4142957031726837,0.10844356566667557,0.06332515180110931,0.08803369104862213,0.05100142955780029,0.03779196739196777,0.01273500919342041,0.008679747581481934,3.793579045207791,0.03779196739196777,0.01273500919342041,-0.008679747581481934,0.6227847933769226,0.6529181003570557,0.3540796637535095,-0.0329723134636879
000881:0,True,82,34.0982780456543,0.0,0,1.1045216862010316,True,0.09399636834859848,0.08112485706806183,0.04747708886861801,0.03244805335998535,0.0349084734916687,0.008723437786102295,0.047118306159973145,7.163729618984819,-0.0349084734916687,-0.008723437786102295,0.047118306159973145,0.6629613041877747,0.6832795739173889,0.4732784032821655,0.12998616695404053,0.06713053584098816,0.11130990087985992,0.07652366161346436,0.017675280570983887,0.0017162561416625977,0.022976160049438477,2.610074829050333,-0.017675280570983887,-0.0017162561416625977,0.022976160049438477,0.5322473645210266,0.5703073740005493,0.35298147797584534,-0.03598979860544205
000881:1,True,59,34.63477325439453,0.0,0,1.1045216862010316,True,0.1822907030582428,0.0607733428478241,0.17186185717582703,0.09916841983795166,0.06223928928375244,0.023439764976501465,0.035573482513427734,4.486105585533724,-0.06223928928375244,-0.023439764976501465,0.035573482513427734,0.47444912791252136,0.5199038982391357,0.4152633249759674,0.19193607568740845,0.08770841360092163,0.170724019408226,0.055968523025512695,0.07500278949737549,0.02956146001815796,0.023228883743286133,8.026910256956356,-0.07500278949737549,-0.02956146001815796,0.023228883743286133,0.4751158058643341,0.49974191188812256,0.37541258335113525,-0.00964537262916565
000905:0,True,15,24.074668884277344,0.0,0,1.0288134207841328,True,0.124308280646801,0.12029831111431122,0.0313187837600708,0.059858083724975586,0.01973515748977661,0.013566792011260986,0.022596240043640137,8.22218172286135,-0.01973515748977661,-0.013566792011260986,-0.022596240043640137,0.519123375415802,0.548072338104248,0.36834195256233215,0.08729054033756256,0.014852388761937618,0.08601769804954529,0.026989758014678955,0.07096332311630249,0.02979069948196411,0.01191556453704834,15.54236001250881,0.07096332311630249,0.02979069948196411,0.01191556453704834,0.6456218957901001,0.662778913974762,0.38975629210472107,0.037017740309238434
000905:1,True,136,24.60572624206543,0.0,0,1.0288134207841328,True,0.06827881187200546,0.06824822723865509,0.0020434781908988953,0.07478475570678711,0.03752166032791138,0.0825432538986206,0.022420048713684082,8.140475357543986,-0.03752166032791138,-0.0825432538986206,-0.022420048713684082,0.6701309084892273,0.7244962453842163,0.5485495924949646,0.10805129259824753,0.08997531235218048,0.059829145669937134,0.043628692626953125,0.03327280282974243,0.03935396671295166,0.006281733512878418,0.14554768874730076,0.03327280282974243,-0.03935396671295166,-0.006281733512878418,0.6230180263519287,0.6501678228378296,0.3822442293167114,-0.039772480726242065
000917:0,True,190,19.962743759155273,0.0,0,1.049750922380602,True,0.21129420399665833,0.017220865935087204,0.21059127151966095,0.06996679306030273,0.02267932891845703,0.0008739233016967773,0.08818328380584717,22.157632271330776,0.02267932891845703,0.0008739233016967773,0.08818328380584717,0.3641910254955292,0.38531816005706787,0.2867603898048401,0.11782290041446686,0.019124137237668037,0.11626050621271133,0.07061606645584106,0.030418574810028076,0.030810534954071045,0.07859361171722412,1.257806656414528,0.030418574810028076,0.030810534954071045,0.07859361171722412,0.570614218711853,0.6101884245872498,0.3815799653530121,0.09347130358219147
000917:1,True,130,20.618005752563477,0.0,0,1.049750922380602,True,0.009341595694422722,0.0029363015200942755,0.00886811874806881,0.09951400756835938,0.0021508336067199707,0.011527001857757568,0.004630327224731445,10.75072777151274,-0.0021508336067199707,0.011527001857757568,-0.004630327224731445,0.7637172937393188,0.8520798087120056,0.5833641290664673,0.09166865795850754,0.023046091198921204,0.08872440457344055,0.11766886711120605,0.003458678722381592,0.034780263900756836,0.02520918846130371,12.029311863382446,0.003458678722381592,0.034780263900756836,0.02520918846130371,0.5951612591743469,0.6689532399177551,0.399493932723999,-0.08232706226408482
000935:0,True,376,14.61634349822998,0.0,0,1.0531985883006207,True,0.07281523942947388,0.0547812283039093,0.04796954244375229,0.08899801969528198,0.0006840825080871582,0.05607771873474121,0.05242609977722168,23.644629567810753,0.0006840825080871582,-0.05607771873474121,-0.05242609977722168,0.6250039935112,0.680522084236145,0.6021448969841003,0.08311371505260468,0.05513256788253784,0.06219557300209999,0.09870344400405884,0.023674488067626953,0.0434994101524353,0.01052391529083252,11.96090797358694,0.023674488067626953,-0.0434994101524353,0.01052391529083252,0.6277540326118469,0.6882944107055664,0.6033278107643127,-0.010298475623130798
000935:1,True,276,15.350627899169922,0.0,0,1.0531985883006207,True,0.01799359917640686,0.006553443148732185,0.016757743433117867,0.09159290790557861,0.002009868621826172,0.030382096767425537,0.009161829948425293,4.045183178405723,0.002009868621826172,-0.030382096767425537,-0.009161829948425293,0.8136303424835205,0.9004213809967041,0.607966959476471,0.06577100604772568,0.02866172417998314,0.05919739231467247,0.06267547607421875,1.3172626495361328e-05,0.01678478717803955,0.022589683532714844,4.663287977535196,-1.3172626495361328e-05,0.01678478717803955,0.022589683532714844,0.7328372597694397,0.7817078232765198,0.5719971656799316,-0.04777740687131882
000938:0,True,408,13.662172317504883,0.0,0,1.0569509385057985,True,0.03825410455465317,0.03515302762389183,0.01508778240531683,0.008464574813842773,0.018396496772766113,0.054092586040496826,0.009700298309326172,8.614852940711053,-0.018396496772766113,-0.054092586040496826,-0.009700298309326172,0.7902282476425171,0.7971090078353882,0.3982572555541992,0.042197927832603455,0.030294563621282578,0.029375236481428146,0.024581730365753174,0.018777310848236084,0.03124821186065674,0.003376007080078125,1.4000967996699047,0.018777310848236084,-0.03124821186065674,-0.003376007080078125,0.8095790147781372,0.8298863172531128,0.5809292197227478,-0.003943823277950287
000938:1,True,287,14.373952865600586,0.0,0,1.0569509385057985,True,0.09780649840831757,0.017213480547070503,0.09627983719110489,0.031919896602630615,0.032158851623535156,0.0322110652923584,0.019330620765686035,12.848114941083574,-0.032158851623535156,-0.0322110652923584,-0.019330620765686035,0.6390933394432068,0.6599330902099609,0.578109085559845,0.060402072966098785,0.01713142730295658,0.05792171135544777,0.038410186767578125,0.011724233627319336,0.007180988788604736,0.053511857986450195,2.132968812680931,-0.011724233627319336,-0.007180988788604736,0.053511857986450195,0.7471403479576111,0.7771573662757874,0.7071401476860046,0.03740442544221878
000947:0,True,543,10.379556655883789,0.0,0,1.09756046395234,True,0.0158701129257679,0.001319083501584828,0.01581519842147827,0.05261260271072388,0.040626704692840576,0.030215740203857422,0.04080915451049805,16.81487024497354,0.040626704692840576,-0.030215740203857422,0.04080915451049805,0.7470616102218628,0.7865474224090576,0.4422212541103363,0.01973496377468109,0.003118076827377081,0.019487082958221436,0.016353249549865723,0.02357172966003418,0.005212903022766113,0.05586206912994385,0.6153353847921197,0.02357172966003418,-0.005212903022766113,0.05586206912994385,0.8781174421310425,0.9042371511459351,0.5349395871162415,-0.0038648508489131927
000947:1,True,355,11.16696548461914,0.0,0,1.09756046395234,True,0.14566747844219208,0.14019332826137543,0.03955809026956558,0.08138501644134521,0.0337371826171875,0.026129186153411865,0.01669025421142578,13.701014323121408,0.0337371826171875,-0.026129186153411865,0.01669025421142578,0.50550776720047,0.5447768568992615,0.40238165855407715,0.1336943805217743,0.12754268944263458,0.04008801281452179,0.04720884561538696,0.019103527069091797,0.017500698566436768,0.06652796268463135,8.291067368364427,0.019103527069091797,0.017500698566436768,0.06652796268463135,0.5517606735229492,0.5767273306846619,0.45910748839378357,0.011973097920417786
000959:0,True,841,6.497507095336914,0.0,0,0.9814314478338574,True,0.18981468677520752,0.17930135130882263,0.06229478120803833,0.010592222213745117,0.0240480899810791,0.022006988525390625,0.024310588836669922,1.5370557529070004,-0.0240480899810791,-0.022006988525390625,-0.024310588836669922,0.45935049653053284,0.4640297591686249,0.46153584122657776,0.040030546486377716,0.03995637968182564,0.00243564136326313,0.02803504467010498,0.0186803936958313,0.005557358264923096,0.03420531749725342,3.084250239523627,0.0186803936958313,0.005557358264923096,-0.03420531749725342,0.8142515420913696,0.8373139500617981,0.5931679010391235,0.1497841402888298
000959:1,True,570,7.1843180656433105,0.0,0,0.9814314478338574,True,0.09573031216859818,0.06814165413379669,0.06723843514919281,0.03272467851638794,0.0222703218460083,0.043052494525909424,0.006518840789794922,12.900734718449353,0.0222703218460083,-0.043052494525909424,-0.006518840789794922,0.6629318594932556,0.6842746734619141,0.4045065641403198,0.11262649297714233,0.03005056083202362,0.10854349285364151,0.002519369125366211,0.0234832763671875,0.025863945484161377,0.034088730812072754,1.967768848458668,0.0234832763671875,-0.025863945484161377,-0.034088730812072754,0.6083398461341858,0.6181273460388184,0.6529351472854614,-0.01689618080854416
000959:2,True,223,18.815065383911133,0.0,0,12.372771180857658,False,0.06029467657208443,0.056694395840168,0.020523007959127426,0.0862610936164856,0.057891666889190674,0.015697956085205078,0.11732172966003418,6.386090270178522,0.057891666889190674,0.015697956085205078,-0.11732172966003418,0.7242777943611145,0.7888830304145813,0.40339288115501404,0.10442742705345154,0.016295261681079865,0.1031482070684433,0.05303680896759033,0.04942268133163452,0.002994537353515625,0.09589385986328125,0.13220514157476682,0.04942268133163452,0.002994537353515625,-0.09589385986328125,0.6484741568565369,0.6810969114303589,0.6646040081977844,-0.04413275048136711
001018:0,True,18,64.86417388916016,0.0,0,,False,0.2906006872653961,0.24808479845523834,0.15133631229400635,0.20209860801696777,0.8604689836502075,0.03783696889877319,0.06978023052215576,8.81195489731361,-0.8604689836502075,-0.03783696889877319,0.06978023052215576,0.25902459025382996,0.30308952927589417,0.5335811376571655,0.27001696825027466,0.2627117335796356,0.062383588403463364,0.22084355354309082,0.008280158042907715,0.04791969060897827,0.012671232223510742,3.0288610478204943,0.008280158042907715,0.04791969060897827,0.012671232223510742,0.4657739996910095,0.5825685858726501,0.30999159812927246,0.02058371901512146
001030:0,True,32,55.729923248291016,0.0,0,,False,0.042556192725896835,0.008074049837887287,0.04178324341773987,0.01612114906311035,0.7644492387771606,0.012895643711090088,0.06685245037078857,4.188094414133398,-0.7644492387771606,0.012895643711090088,0.06685245037078857,0.46812325716018677,0.47801199555397034,0.3595738410949707,0.040990643203258514,0.02110324427485466,0.03514094278216362,0.048561692237854004,0.018021345138549805,0.018784165382385254,0.02090907096862793,8.473901514532999,0.018021345138549805,-0.018784165382385254,0.02090907096862793,0.7832944393157959,0.8274665474891663,0.3834144175052643,0.001565549522638321
001102:0,True,98,29.20022964477539,0.0,1,11.997216312956404,False,0.0528104268014431,0.02836788445711136,0.04454440623521805,0.0005432367324829102,0.16032183170318604,0.023608863353729248,0.012008905410766602,72.21102251922291,-0.16032183170318604,0.023608863353729248,0.012008905410766602,0.7132547497749329,0.717136025428772,0.48274967074394226,0.1736261546611786,0.02002102881669998,0.17246796190738678,0.03363239765167236,0.08664214611053467,0.007885575294494629,0.047568440437316895,14.632758221214367,-0.08664214611053467,0.007885575294494629,-0.047568440437316895,0.5336867570877075,0.5511123538017273,0.5556467771530151,-0.12081572785973549
001102:1,True,80,40.759952545166016,0.0,1,11.997216312956404,False,0.056051068007946014,0.021468084305524826,0.051776859909296036,0.0719376802444458,0.0044152140617370605,0.06840455532073975,0.07943189144134521,2.7252627816790986,-0.0044152140617370605,-0.06840455532073975,0.07943189144134521,0.7464008927345276,0.8055142164230347,0.4722275733947754,0.09369413554668427,0.08428329974412918,0.04092574119567871,0.1351640224456787,0.07970207929611206,0.041699230670928955,0.06981146335601807,6.985224446259371,0.07970207929611206,-0.041699230670928955,0.06981146335601807,0.622846782207489,0.718296468257904,0.6517189741134644,-0.03764306753873825
001132:0,True,31,42.83342361450195,0.0,1,,False,0.07618590444326401,0.05219269543886185,0.05549968406558037,0.0652303695678711,0.07435500621795654,0.1373225450515747,0.0026491880416870117,8.653074679306444,0.07435500621795654,0.1373225450515747,-0.0026491880416870117,0.6473188996315002,0.6908906698226929,0.2571045756340027,0.07589899003505707,0.033862728625535965,0.06792622804641724,0.003977060317993164,0.05392944812774658,0.04894310235977173,0.09226250648498535,8.73044706222435,0.05392944812774658,0.04894310235977173,-0.09226250648498535,0.6985029578208923,0.7304145097732544,0.17141564190387726,0.0002869144082069397
001171:0,True,83,31.389835357666016,0.0,0,,False,0.0561927855014801,0.01973441243171692,0.052613515406847,0.03845512866973877,0.010445058345794678,0.060368478298187256,0.04108071327209473,1.9504388373015102,-0.010445058345794678,0.060368478298187256,-0.04108071327209473,0.7626972198486328,0.7940998077392578,0.5354942679405212,0.0217904020100832,0.020414378494024277,0.0076206764206290245,0.06194031238555908,0.07697141170501709,0.0410270094871521,0.0204848051071167,2.2472315020482463,0.07697141170501709,0.0410270094871521,-0.0204848051071167,0.7812390923500061,0.834976315498352,0.6435178518295288,0.034402383491396904
001222:0,True,321,13.709189414978027,0.0,0,29.267584132715356,False,0.12467047572135925,0.10637640953063965,0.06501375883817673,0.11842632293701172,0.10887002944946289,0.02864903211593628,0.041936278343200684,5.640770010034061,-0.10887002944946289,0.02864903211593628,-0.041936278343200684,0.5999636650085449,0.6750980019569397,0.5288295149803162,0.0706598162651062,0.05134602636098862,0.048542726784944534,0.0014567375183105469,0.025941848754882812,0.0016259551048278809,0.07753264904022217,9.670089846721343,-0.025941848754882812,-0.0016259551048278809,-0.07753264904022217,0.7400639653205872,0.7712140679359436,0.5191754698753357,0.05401065945625305
001222:1,True,42,42.808372497558594,0.0,1,29.267584132715356,False,0.14533266425132751,0.14109274744987488,0.034848593175411224,0.020328521728515625,0.003512263298034668,0.07212620973587036,0.018264293670654297,4.741773226545641,-0.003512263298034668,-0.07212620973587036,-0.018264293670654297,0.5473874807357788,0.5580801367759705,0.3646780848503113,0.10458417981863022,0.049917541444301605,0.09190260618925095,0.045226216316223145,0.043752431869506836,0.042679667472839355,0.015777587890625,0.8456493636049497,0.043752431869506836,-0.042679667472839355,-0.015777587890625,0.6065698266029358,0.6337908506393433,0.4047708213329315,0.040748484432697296
001237:0,True,568,8.678929328918457,0.0,0,31.295386502909626,False,0.06888683140277863,0.04820282757282257,0.049212630838155746,0.029452383518218994,0.07389992475509644,0.05633115768432617,0.033724308013916016,8.566203324485889,-0.07389992475509644,-0.05633115768432617,-0.033724308013916016,0.7173311114311218,0.7403562664985657,0.26327356696128845,0.08677539974451065,0.08676063269376755,0.001600712537765503,0.010845422744750977,0.05750560760498047,0.0030570626258850098,0.009572148323059082,0.008588735510205076,-0.05750560760498047,-0.0030570626258850098,-0.009572148323059082,0.7243358492851257,0.7324280738830566,0.3412300944328308,-0.017888568341732025
001237:1,True,33,39.67989730834961,0.0,1,31.295386502909626,False,0.06467671692371368,0.03907294571399689,0.05154009908437729,0.18905305862426758,0.028010249137878418,0.05137297511100769,0.05268561840057373,8.641975167163002,-0.028010249137878418,0.05137297511100769,-0.05268561840057373,0.5944744944572449,0.724557101726532,0.2286895513534546,0.037215620279312134,0.0065846992656588554,0.03662845864892006,0.08094143867492676,0.03756636381149292,0.04469618201255798,0.007777094841003418,5.172621559390046,0.03756636381149292,0.04469618201255798,-0.007777094841003418,0.7508633136749268,0.8190715312957764,0.35845229029655457,0.02746109664440155
001264:0,True,58,34.252689361572266,0.0,1,11.188099467037803,False,0.057408470660448074,0.03011607564985752,0.04887489229440689,0.012400627136230469,0.049459218978881836,0.0828792154788971,0.06850647926330566,12.139578437343133,-0.049459218978881836,-0.0828792154788971,-0.06850647926330566,0.6790434718132019,0.7062926292419434,0.36969321966171265,0.07753073424100876,0.005783349275588989,0.07731473445892334,0.07549858093261719,0.015108585357666016,0.023846983909606934,0.004888176918029785,0.30485502094867817,0.015108585357666016,-0.023846983909606934,-0.004888176918029785,0.6981692314147949,0.7552230358123779,0.27795323729515076,-0.020122263580560684
001264:1,True,76,33.79350662231445,0.0,0,11.188099467037803,False,0.026103869080543518,0.0034447740763425827,0.025875575840473175,0.0680532455444336,0.005870342254638672,0.0029295682907104492,0.014561891555786133,11.780536337985243,0.005870342254638672,-0.0029295682907104492,0.014561891555786133,0.7729818820953369,0.8317798972129822,0.382066011428833,0.010061599314212799,0.009876769967377186,0.0019196874927729368,0.04709208011627197,0.0300559401512146,0.03688633441925049,0.03423464298248291,5.504486790782625,0.0300559401512146,0.03688633441925049,0.03423464298248291,0.8420681357383728,0.8876888751983643,0.44747138023376465,0.01604226976633072
001264:2,True,17,80.51634216308594,0.0,1,23.55957201897368,False,0.04284309595823288,0.020537978038191795,0.03759950026869774,0.27386045455932617,0.15896952152252197,0.012531399726867676,0.03797805309295654,4.362400841752124,0.15896952152252197,-0.012531399726867676,0.03797805309295654,0.5231323838233948,0.692470133304596,0.5314320921897888,0.10340502113103867,0.08920197188854218,0.052303023636341095,0.17454099655151367,0.12718605995178223,0.05643671751022339,0.012762308120727539,1.709227519039011,0.12718605995178223,0.05643671751022339,0.012762308120727539,0.5384700894355774,0.6396225094795227,0.5581302642822266,-0.060561925172805786
001264:3,True,9,65.58733367919922,0.0,1,23.55957201897368,False,0.22970923781394958,0.03678186982870102,0.22674530744552612,0.02329111099243164,0.006309628486633301,0.012256085872650146,0.018278956413269043,2.765615539295534,-0.006309628486633301,-0.012256085872650146,0.018278956413269043,0.413167804479599,0.4212379455566406,0.5828402638435364,0.18028104305267334,0.0021035894751548767,0.1802687644958496,0.03854405879974365,0.041198909282684326,0.007264375686645508,0.1383291482925415,0.2249490925908709,0.041198909282684326,-0.007264375686645508,0.1383291482925415,0.4882781505584717,0.519162654876709,0.6066228747367859,0.049428194761276245
001276:0,True,62,32.33224868774414,0.0,1,11.09016577934883,False,0.04933328554034233,0.015444636344909668,0.04685334861278534,0.07584238052368164,0.008458971977233887,0.040802717208862305,0.05857837200164795,12.356915056732937,-0.008458971977233887,-0.040802717208862305,-0.05857837200164795,0.7053959369659424,0.7656634449958801,0.3301570415496826,0.08184041827917099,0.013528878800570965,0.08071445673704147,0.003990054130554199,0.02375417947769165,0.024440884590148926,0.004227995872497559,1.3032173964824438,0.02375417947769165,-0.024440884590148926,-0.004227995872497559,0.7126795649528503,0.7155619859695435,0.5562059283256531,-0.03250713273882866
001276:1,True,80,32.6899299621582,0.0,1,11.09016577934883,False,0.06865140050649643,0.06203975901007652,0.02939528040587902,0.014204740524291992,0.1606120467185974,0.023731768131256104,0.025965094566345215,1.3474223807907664,0.1606120467185974,0.023731768131256104,0.025965094566345215,0.6888028383255005,0.6999843120574951,0.4989708364009857,0.04795663431286812,0.03306194022297859,0.03473825752735138,0.026054739952087402,0.19704055786132812,0.00294417142868042,0.03612828254699707,2.8113504859779392,0.19704055786132812,0.00294417142868042,0.03612828254699707,0.637215793132782,0.655339777469635,0.40834251046180725,0.02069476619362831
001276:2,True,14,76.76039123535156,0.0,1,21.4551966334633,False,0.09155818819999695,0.08161909878253937,0.04148765280842781,0.014355182647705078,0.07932537794113159,0.028633952140808105,0.03780162334442139,1.3132677924750318,0.07932537794113159,0.028633952140808105,0.03780162334442139,0.6537858843803406,0.6670047640800476,0.42133432626724243,0.048632919788360596,0.045003172010183334,0.018435707315802574,0.03279232978820801,0.01796436309814453,0.04184645414352417,0.05655980110168457,3.6449304505773044,-0.01796436309814453,0.04184645414352417,0.05655980110168457,0.7640713453292847,0.7908148169517517,0.528050422668457,0.04292526841163635
001276:3,True,14,64.71360778808594,0.0,1,21.4551966334633,False,0.3007497489452362,0.023311659693717957,0.2998449206352234,0.08985161781311035,0.007739901542663574,0.011401772499084473,0.01968991756439209,5.539874455614633,-0.007739901542663574,0.011401772499084473,-0.01968991756439209,0.3231021761894226,0.3475412428379059,0.6632930636405945,0.22986558079719543,0.01858282834291458,0.22911322116851807,0.06440174579620361,0.029860198497772217,0.01908344030380249,0.05146908760070801,1.8826833607349838,0.029860198497772217,-0.01908344030380249,0.05146908760070801,0.4147554039955139,0.43793997168540955,0.5366992950439453,0.07088416814804077
001306:0,True,88,27.980327606201172,0.0,1,1.0630726987553059,True,0.09853073954582214,0.09586060047149658,0.022782690823078156,0.022937655448913574,0.032379865646362305,0.01736590266227722,0.08675825595855713,6.666254612019776,0.032379865646362305,0.01736590266227722,-0.08675825595855713,0.606766402721405,0.63216632604599,0.2924584448337555,0.05399812385439873,0.018271837383508682,0.05081276595592499,0.06751400232315063,0.05162757635116577,0.045981913805007935,0.0413665771484375,4.638753938036511,0.05162757635116577,0.045981913805007935,-0.0413665771484375,0.7151110768318176,0.7665740847587585,0.6104987263679504,0.044532615691423416
001306:1,True,42,27.021940231323242,0.0,1,1.0630726987553059,True,0.1245652288198471,0.07171891629695892,0.10184739530086517,0.020084917545318604,0.036086857318878174,0.0076479315757751465,0.017950057983398438,19.247353780156544,-0.036086857318878174,0.0076479315757751465,0.017950057983398438,0.5561045408248901,0.5663396716117859,0.2948157489299774,0.13433842360973358,0.13193871080875397,0.025278283283114433,0.04257798194885254,0.014215469360351562,0.018233895301818848,0.07832419872283936,17.04575795967665,-0.014215469360351562,-0.018233895301818848,0.07832419872283936,0.5460224151611328,0.566925585269928,0.3940339684486389,-0.009773194789886475
001306:2,True,86,30.997669219970703,0.0,1,10.926542977600908,False,0.11222034692764282,0.0337897464632988,0.10701242089271545,0.10121852159500122,0.016418635845184326,0.0005987286567687988,0.004147529602050781,9.236228945710792,0.016418635845184326,0.0005987286567687988,0.004147529602050781,0.5998768210411072,0.662968099117279,0.41307100653648376,0.1125488132238388,0.08113369345664978,0.07800358533859253,0.0014022588729858398,0.0370669960975647,0.009037196636199951,0.006417751312255859,4.225001113942477,0.0370669960975647,0.009037196636199951,-0.006417751312255859,0.6446022987365723,0.6465444564819336,0.6476949453353882,-0.0003284662961959839
001306:4,True,23,68.69066619873047,0.0,0,10.202106955101538,False,0.07578533887863159,0.002138761803507805,0.07575515657663345,0.16881608963012695,0.19486474990844727,0.029696762561798096,0.058973073959350586,5.284394417433806,0.19486474990844727,0.029696762561798096,0.058973073959350586,0.5302871465682983,0.6262897253036499,0.520112931728363,0.050789784640073776,0.05027838051319122,0.007189339492470026,0.0020294189453125,0.21846061944961548,0.04223388433456421,0.024538755416870117,5.65699489703634,0.21846061944961548,0.04223388433456421,0.024538755416870117,0.6699844598770142,0.6796422600746155,0.5983563661575317,0.024995554238557816
001323:0,True,117,25.745176315307617,0.0,1,1.1049685196167494,True,0.09297926723957062,0.09167839586734772,0.015498881228268147,0.10354173183441162,0.03767448663711548,0.0010255873203277588,0.07051193714141846,8.349397183876336,-0.03767448663711548,-0.0010255873203277588,-0.07051193714141846,0.5827411413192749,0.6471167802810669,0.4408566355705261,0.08932272344827652,0.08878735452890396,0.00976500753313303,0.03413134813308716,0.024810314178466797,0.04191914200782776,0.061466336250305176,5.545003472939141,-0.024810314178466797,0.04191914200782776,-0.061466336250305176,0.6507487297058105,0.673069953918457,0.5358113646507263,0.003656543791294098
001323:1,True,45,24.75632667541504,0.0,1,1.1049685196167494,True,0.23673942685127258,0.15477009117603302,0.17914177477359772,0.01819998025894165,0.02823585271835327,0.03968769311904907,0.04613697528839111,38.44490455386668,0.02823585271835327,-0.03968769311904907,0.04613697528839111,0.33047088980674744,0.3364122211933136,0.33865052461624146,0.11358647793531418,0.10998603701591492,0.02837180532515049,0.04445594549179077,0.028643012046813965,0.03125607967376709,0.012411236763000488,23.682516172394642,0.028643012046813965,-0.03125607967376709,0.012411236763000488,0.5625771284103394,0.5864524841308594,0.2801581621170044,0.1231529489159584
001323:2,True,39,54.10784149169922,0.0,0,10.188653612977966,False,0.11129598319530487,0.04954157769680023,0.09966156631708145,0.027049660682678223,0.04422259330749512,0.009584963321685791,0.005218386650085449,5.06159364670799,-0.04422259330749512,-0.009584963321685791,-0.005218386650085449,0.6822290420532227,0.7010838389396667,0.35079920291900635,0.14709323644638062,0.03892895579338074,0.1418483555316925,0.025545716285705566,0.016715288162231445,0.012365579605102539,0.005664348602294922,2.9146466245195413,0.016715288162231445,-0.012365579605102539,-0.005664348602294922,0.6426418423652649,0.658930242061615,0.5227781534194946,-0.035797253251075745
001323:3,True,31,64.19364166259766,0.0,0,10.188653612977966,False,0.10589548200368881,0.09566327929496765,0.0454135537147522,0.09708213806152344,0.062199175357818604,0.14850389957427979,0.02644658088684082,2.8239143915850917,-0.062199175357818604,-0.14850389957427979,0.02644658088684082,0.6111571192741394,0.6714668869972229,0.35638150572776794,0.10603503882884979,0.10078680515289307,0.03294617310166359,0.1260380744934082,0.05703699588775635,0.08442246913909912,0.005032777786254883,5.943671596880116,-0.05703699588775635,-0.08442246913909912,0.005032777786254883,0.6139902472496033,0.6971595287322998,0.42099684476852417,-0.00013955682516098022
001323:5,True,13,62.9495964050293,0.0,1,0.7397297645330863,True,0.3719303607940674,0.06457657366991043,0.3662814497947693,0.307739794254303,0.004692733287811279,0.026580393314361572,0.029797911643981934,4.437638563183313,0.004692733287811279,0.026580393314361572,0.029797911643981934,0.2168923318386078,0.27755558490753174,0.3503253757953644,0.3262224793434143,0.06701387465000153,0.3192651569843292,0.29752159118652344,4.5180320739746094e-05,0.022960901260375977,0.029797077178955078,7.666788078225262,-4.5180320739746094e-05,0.022960901260375977,0.029797077178955078,0.25892817974090576,0.33134743571281433,0.43613138794898987,0.045707881450653076
001356:0,True,98,20.440650939941406,0.0,1,1.0823210608810452,True,0.28042659163475037,0.2037629783153534,0.19266477227210999,0.06881016492843628,0.008669734001159668,0.003721773624420166,0.06742799282073975,28.376366058742146,-0.008669734001159668,-0.003721773624420166,-0.06742799282073975,0.24409916996955872,0.25739648938179016,0.28311482071876526,0.14526566863059998,0.08413688093423843,0.11841916292905807,0.00557321310043335,0.06261157989501953,0.04771259427070618,0.06120944023132324,3.151275340591134,0.06261157989501953,0.04771259427070618,-0.06120944023132324,0.5393118858337402,0.553388237953186,0.335239976644516,0.1351609230041504
001356:1,True,80,19.53108787536621,0.0,1,1.0823210608810452,True,0.055990733206272125,0.03333020210266113,0.04498955234885216,0.08141684532165527,0.004952132701873779,0.010218620300292969,0.0012176036834716797,5.823511266535581,0.004952132701873779,-0.010218620300292969,0.0012176036834716797,0.685874879360199,0.7460909485816956,0.2869676351547241,0.05761890858411789,0.035392988473176956,0.04546729475259781,0.011163949966430664,0.02871483564376831,0.008693158626556396,0.020848393440246582,1.8690302673263002,0.02871483564376831,0.008693158626556396,0.020848393440246582,0.7341886162757874,0.7428769469261169,0.2986100912094116,-0.0016281753778457642
001356:3,True,117,28.181697845458984,0.0,0,1.501030920580001,True,0.01877967268228531,0.012349932454526424,0.014147624373435974,0.07690560817718506,0.04588806629180908,0.032021403312683105,0.0474240779876709,3.0885195624970567,0.04588806629180908,-0.032021403312683105,0.0474240779876709,0.8089988231658936,0.8803301453590393,0.6781951785087585,0.05599997937679291,0.04803843796253204,0.028780311346054077,0.016779303550720215,0.08544909954071045,0.013994395732879639,0.012544989585876465,3.890950222015493,0.08544909954071045,0.013994395732879639,0.012544989585876465,0.7753552198410034,0.7895331978797913,0.721778929233551,-0.0372203066945076
001356:6,True,45,54.317317962646484,0.0,0,10.2334527366836,False,0.03979639336466789,0.03513157740235329,0.018695587292313576,0.09984421730041504,0.04014754295349121,0.011529088020324707,0.0016494989395141602,10.84198274128978,-0.04014754295349121,-0.011529088020324707,-0.0016494989395141602,0.7387442588806152,0.8228347301483154,0.49639981985092163,0.027972348034381866,0.02682754583656788,0.007920540869235992,0.02695322036743164,0.035501837730407715,0.016768991947174072,0.009662389755249023,18.7800285946786,-0.035501837730407715,-0.016768991947174072,0.009662389755249023,0.7552971839904785,0.7767221927642822,0.7229182720184326,0.011824045330286026
001389:0,True,35,32.33446502685547,0.0,1,5.96108048772178,False,0.05592993274331093,0.05544644966721535,0.007338178344070911,0.029933452606201172,0.02040863037109375,0.015855073928833008,0.04323220252990723,6.839090727734113,-0.02040863037109375,0.015855073928833008,-0.04323220252990723,0.7803618311882019,0.8050887584686279,0.30120012164115906,0.05691919103264809,0.05277625098824501,0.021318111568689346,0.07849287986755371,0.042334556579589844,0.022591769695281982,0.005414724349975586,22.222747879783093,0.042334556579589844,-0.022591769695281982,-0.005414724349975586,0.6795144081115723,0.7345589399337769,0.13037283718585968,-0.0009892582893371582
001389:1,True,117,26.502626419067383,0.0,0,1.5059778828343413,True,0.07364263385534286,0.06843503564596176,0.02720080316066742,0.07515501976013184,0.04052448272705078,0.09762758016586304,0.05295062065124512,2.875582951423403,-0.04052448272705078,-0.09762758016586304,-0.05295062065124512,0.6690294146537781,0.725180983543396,0.33338940143585205,0.0865570530295372,0.08241761475801468,0.02644730731844902,0.012215256690979004,0.032071053981781006,0.07334214448928833,0.03103184700012207,0.04848432519442147,-0.032071053981781006,-0.07334214448928833,0.03103184700012207,0.712573230266571,0.7229475378990173,0.38566023111343384,-0.012914419174194336
001389:2,True,79,27.648462295532227,0.0,0,1.5059778828343413,True,0.06080145761370659,0.05976126715540886,0.011198590509593487,0.05618619918823242,0.2063732147216797,0.00022464990615844727,0.056406497955322266,1.7847657687936809,-0.2063732147216797,0.00022464990615844727,0.056406497955322266,0.7031893730163574,0.744232714176178,0.31370195746421814,0.0841452032327652,0.08247309178113937,0.01669144257903099,0.009357690811157227,0.15306103229522705,0.020330071449279785,0.07782316207885742,10.703189654889451,-0.15306103229522705,0.020330071449279785,0.07782316207885742,0.7024675607681274,0.7297751903533936,0.10767001658678055,-0.02334374561905861
001395:0,True,133,26.334867477416992,0.0,0,1.2894484999837197,True,0.055754877626895905,0.03531637042760849,0.043143488466739655,0.011134982109069824,0.001838386058807373,0.07945472002029419,0.0590289831161499,2.2163044054864285,-0.001838386058807373,-0.07945472002029419,0.0590289831161499,0.7811583280563354,0.8043453097343445,0.6229036450386047,0.015718523412942886,0.0038453727029263973,0.015240902081131935,0.017802834510803223,0.04474407434463501,0.09332448244094849,0.055031418800354004,2.1178950399248846,0.04474407434463501,-0.09332448244094849,0.055031418800354004,0.8193208575248718,0.8430356383323669,0.6092419028282166,0.04003635421395302
001476:0,True,77,27.463274002075195,0.0,0,0.5066016386028714,True,0.19680672883987427,0.13056036829948425,0.14726462960243225,0.29308515787124634,0.10603725910186768,0.002089560031890869,0.7190808653831482,1.1530793658707226,-0.10603725910186768,-0.002089560031890869,0.7190808653831482,0.27300480008125305,0.4049106538295746,0.4871637523174286,0.1001572236418724,0.07589813321828842,0.06535244733095169,0.14566242694854736,0.11481589078903198,0.012094378471374512,0.6802963614463806,6.949464763488684,-0.11481589078903198,0.012094378471374512,0.6802963614463806,0.403612345457077,0.6174019575119019,0.5944423079490662,0.09664950519800186
001476:1,True,45,52.8348388671875,0.0,0,29.40084323566211,False,0.1658880114555359,0.03000722825527191,0.16315144300460815,0.29622045159339905,0.039677321910858154,0.11248105764389038,0.004064083099365234,1.2141244089487975,-0.039677321910858154,-0.11248105764389038,0.004064083099365234,0.4023071527481079,0.5320883989334106,0.5346145033836365,0.18203584849834442,0.03922739624977112,0.17775899171829224,0.05499139428138733,0.01822793483734131,0.12338876724243164,0.032361745834350586,6.336055946784679,-0.01822793483734131,-0.12338876724243164,-0.032361745834350586,0.5208829641342163,0.5489145517349243,0.20426906645298004,-0.016147837042808533
001476:2,True,67,27.786800384521484,0.0,1,0.5066016386028714,True,0.8985267877578735,0.5674512982368469,0.6966702342033386,0.07613778114318848,0.17339515686035156,0.021215081214904785,0.2763094902038574,80.84066099825421,-0.17339515686035156,-0.021215081214904785,0.2763094902038574,0.0,0.0,0.11631373316049576,0.3893832862377167,0.34640026092529297,0.17783759534358978,0.09485238790512085,0.10576081275939941,0.01208484172821045,0.28153467178344727,3.276491377412142,-0.10576081275939941,-0.01208484172821045,0.28153467178344727,0.1260819137096405,0.13939346373081207,0.27662044763565063,0.5091435015201569
001521:1,True,115,18.51294708251953,0.0,1,0.5778954447970631,True,0.3138977289199829,0.3132554888725281,0.020069733262062073,0.030899643898010254,0.11036527156829834,0.01275181770324707,0.08172059059143066,3.8317497847554933,-0.11036527156829834,0.01275181770324707,0.08172059059143066,0.22476254403591156,0.23157773911952972,0.4144545793533325,0.3067597448825836,0.29069215059280396,0.09797772020101547,0.04601931571960449,0.1028132438659668,0.05871158838272095,0.06213271617889404,1.0089896951401336,-0.1028132438659668,0.05871158838272095,0.06213271617889404,0.2451293021440506,0.25423651933670044,0.3101056218147278,0.007137984037399292
001521:2,True,224,17.954858779907227,0.0,1,0.8387727787798656,True,0.1282971352338791,0.11255959421396255,0.06156698986887932,0.07069629430770874,0.10119199752807617,0.12835073471069336,0.12307488918304443,3.255633346177587,-0.10119199752807617,-0.12835073471069336,0.12307488918304443,0.5433384776115417,0.5762121677398682,0.28182685375213623,0.09246489405632019,0.07915224134922028,0.04779830947518349,0.077883780002594,0.015460073947906494,0.09520614147186279,0.14800584316253662,23.007646125815363,-0.015460073947906494,-0.09520614147186279,0.14800584316253662,0.6123622059822083,0.6589990854263306,0.32799699902534485,0.0358322411775589
001521:3,True,44,50.42866897583008,0.0,0,34.838994971048216,False,0.07971005141735077,0.07780362665653229,0.017328819260001183,0.15283316373825073,0.020326972007751465,0.008460283279418945,0.02206408977508545,2.2945710884434325,0.020326972007751465,-0.008460283279418945,-0.02206408977508545,0.6177834272384644,0.7218236327171326,0.3614383935928345,0.12788596749305725,0.12009061872959137,0.0439666286110878,0.10738497972488403,0.0052030086517333984,0.0143318772315979,0.004634857177734375,1.4436934423999241,0.0052030086517333984,-0.0143318772315979,-0.004634857177734375,0.5361430644989014,0.59291011095047,0.41736844182014465,-0.04817591607570648
001578:0,True,131,24.60141944885254,0.0,0,17.350195568267257,False,0.08664014935493469,0.04932282865047455,0.07123042643070221,0.006593227386474609,0.09392440319061279,0.023689687252044678,0.039235830307006836,11.218913560826104,0.09392440319061279,-0.023689687252044678,0.039235830307006836,0.6506359577178955,0.6645767688751221,0.4436975419521332,0.08781137317419052,0.029180482029914856,0.08282110840082169,0.030715584754943848,0.010247528553009033,0.04509001970291138,0.0159456729888916,6.427399254278759,0.010247528553009033,-0.04509001970291138,-0.0159456729888916,0.6948035955429077,0.7181426286697388,0.7071763873100281,-0.0011712238192558289
001578:1,True,203,17.451406478881836,0.0,0,17.350195568267257,False,0.04715404659509659,0.046959612518548965,0.004277709871530533,0.02663743495941162,0.06413763761520386,0.021898984909057617,0.034883975982666016,4.64388659782669,0.06413763761520386,0.021898984909057617,-0.034883975982666016,0.7724446058273315,0.7929570078849792,0.4264008700847626,0.05061740800738335,0.04326585307717323,0.026271427050232887,0.0425565242767334,0.03892385959625244,0.011336088180541992,0.06769907474517822,2.95150232528093,0.03892385959625244,0.011336088180541992,-0.06769907474517822,0.7780936360359192,0.8125888109207153,0.7330996990203857,-0.0034633614122867584
001581:0,True,138,23.037546157836914,0.0,0,17.423648115077064,False,0.14328667521476746,0.11087645590305328,0.09076059609651566,0.045844078063964844,0.022414088249206543,0.0015229582786560059,0.0013074874877929688,6.533157903387236,0.022414088249206543,0.0015229582786560059,-0.0013074874877929688,0.5405839085578918,0.5650020241737366,0.6157857179641724,0.11499971151351929,0.09337344765663147,0.0671292319893837,0.003535628318786621,0.008638918399810791,0.01713615655899048,0.005921483039855957,9.452708603730846,-0.008638918399810791,0.01713615655899048,0.005921483039855957,0.6195724606513977,0.6217592358589172,0.671784520149231,0.02828696370124817
001581:1,True,237,15.968772888183594,0.0,0,17.423648115077064,False,0.1657743901014328,0.1524447351694107,0.06512870639562607,0.05185544490814209,0.2346150279045105,0.006836891174316406,0.01477968692779541,0.0700640805059908,-0.2346150279045105,-0.006836891174316406,-0.01477968692779541,0.47353968024253845,0.49577951431274414,0.27677810192108154,0.129404217004776,0.10561369359493256,0.07477432489395142,0.024523437023162842,0.14293968677520752,0.015164673328399658,0.08867645263671875,6.1131968920798325,-0.14293968677520752,-0.015164673328399658,-0.08867645263671875,0.6294006705284119,0.6603519916534424,0.23905746638774872,0.0363701730966568
001754:0,True,53,38.94244384765625,0.0,0,22.09957412615467,False,0.17576350271701813,0.12618696689605713,0.1223505511879921,0.06812238693237305,0.0018343329429626465,0.013961613178253174,0.029079914093017578,4.9578703939721755,-0.0018343329429626465,-0.013961613178253174,0.029079914093017578,0.4310944378376007,0.4578526020050049,0.5279462933540344,0.1865108609199524,0.10400931537151337,0.15481716394424438,0.09506046772003174,0.009722292423248291,0.021124064922332764,0.0014487504959106445,3.2961126896647532,-0.009722292423248291,0.021124064922332764,-0.0014487504959106445,0.407947838306427,0.44399598240852356,0.5134865045547485,-0.010747358202934265
001754:1,True,29,60.77803039550781,0.0,0,22.09957412615467,False,0.13280896842479706,0.052058637142181396,0.12218068540096283,0.14865553379058838,0.024354994297027588,0.03545093536376953,0.015377521514892578,1.9209397050183972,-0.024354994297027588,0.03545093536376953,-0.015377521514892578,0.5485459566116333,0.6280895471572876,0.6010309457778931,0.13303957879543304,0.019848087802529335,0.13155068457126617,0.05667304992675781,0.08495926856994629,0.006274998188018799,0.0012301206588745117,2.461562838203246,0.08495926856994629,-0.006274998188018799,0.0012301206588745117,0.5913196206092834,0.6220712661743164,0.487892210483551,-0.00023061037063598633
001763:1,True,37,56.51168441772461,0.0,0,22.670650097696367,False,0.07476580888032913,0.07184863835573196,0.020680880174040794,0.053586721420288086,0.027159452438354492,0.08270847797393799,0.025839924812316895,11.691661916505037,0.027159452438354492,0.08270847797393799,-0.025839924812316895,0.695090651512146,0.7311041951179504,0.5467630624771118,0.04912742227315903,0.04684524983167648,0.014799527823925018,0.04899275302886963,0.050766587257385254,0.004576623439788818,0.08044004440307617,2.828917732523212,0.050766587257385254,-0.004576623439788818,-0.08044004440307617,0.8110342621803284,0.8523123860359192,0.6210107803344727,0.025638386607170105
001769:0,True,58,31.665376663208008,0.0,0,23.21851087890765,False,0.04407549649477005,0.02556050941348076,0.03590696305036545,0.04608428478240967,0.008342564105987549,0.017668426036834717,0.03396451473236084,13.034896936592414,0.008342564105987549,0.017668426036834717,0.03396451473236084,0.7531577944755554,0.7918493151664734,0.46972236037254333,0.0303264819085598,0.02966124750673771,0.006317103281617165,0.00380098819732666,0.036356985569000244,0.08300721645355225,0.03770589828491211,0.7240273727780316,0.036356985569000244,0.08300721645355225,0.03770589828491211,0.7912557125091553,0.809148371219635,0.5076680779457092,0.01374901458621025
001769:1,True,34,53.88829040527344,0.0,0,23.21851087890765,False,0.07127225399017334,0.07125832140445709,0.001409375574439764,0.06368148326873779,0.0029996633529663086,0.014557123184204102,0.007480502128601074,4.764019607414545,0.0029996633529663086,0.014557123184204102,0.007480502128601074,0.7190402746200562,0.7663806080818176,0.2775903642177582,0.06469438970088959,0.04350097477436066,0.04788558557629585,0.09451901912689209,0.0019284486770629883,0.028752028942108154,0.05203545093536377,1.7287381817742382,-0.0019284486770629883,-0.028752028942108154,-0.05203545093536377,0.7154176235198975,0.7892308235168457,0.46604040265083313,0.0065778642892837524
001805:0,True,131,23.252147674560547,0.0,0,1.8799767018617122,True,0.1577121913433075,0.11979296058416367,0.10258061438798904,0.02176058292388916,0.038443148136138916,0.035157084465026855,0.03150582313537598,18.17922147699327,-0.038443148136138916,0.035157084465026855,-0.03150582313537598,0.5402374863624573,0.5511147975921631,0.5279357433319092,0.10106920450925827,0.09132968634366989,0.04328824579715729,0.10018658638000488,0.08657556772232056,0.01718240976333618,0.05171167850494385,0.08951281679651615,-0.08657556772232056,-0.01718240976333618,-0.05171167850494385,0.5992168188095093,0.663306474685669,0.47165030241012573,0.056642986834049225
001805:1,True,85,23.45611572265625,0.0,0,0.7708424836764413,True,0.21783895790576935,0.17346012592315674,0.131777822971344,0.013641834259033203,0.06205946207046509,0.04108715057373047,0.1667419672012329,38.521333004188456,-0.06205946207046509,0.04108715057373047,0.1667419672012329,0.41308271884918213,0.4474712312221527,0.35484978556632996,0.2012457698583603,0.12231315672397614,0.15981033444404602,0.05098581314086914,0.06204962730407715,0.01871734857559204,0.26183176040649414,49.92203887996362,-0.06204962730407715,0.01871734857559204,0.26183176040649414,0.4177848696708679,0.47231435775756836,0.35649025440216064,0.016593188047409058
001805:2,True,117,23.42240333557129,0.0,0,0.7708424836764413,True,0.10413426905870438,0.0333392359316349,0.09865313768386841,0.1407395601272583,0.05456340312957764,0.03533041477203369,0.1556798219680786,28.360840584016536,-0.05456340312957764,-0.03533041477203369,-0.1556798219680786,0.5452284216880798,0.6267740726470947,0.33823251724243164,0.16058890521526337,0.15948398411273956,0.018805716186761856,0.10904252529144287,0.009604454040527344,0.02979046106338501,0.14045238494873047,11.4478715197176,-0.009604454040527344,-0.02979046106338501,-0.14045238494873047,0.4618609547615051,0.5093387365341187,0.3376578390598297,-0.05645463615655899
001811:0,True,175,21.909090042114258,0.0,0,1.956063212643673,True,0.027468105778098106,0.0022916290909051895,0.027372345328330994,0.04539954662322998,0.07929903268814087,0.0401608943939209,0.040442466735839844,16.924761613272047,0.07929903268814087,0.0401608943939209,0.040442466735839844,0.7201347351074219,0.7570787668228149,0.5029434561729431,0.030271563678979874,0.030271558091044426,1.6065314412117004e-05,0.04134106636047363,0.1062057614326477,0.058889687061309814,0.06693065166473389,9.825845480554314,0.1062057614326477,0.058889687061309814,0.06693065166473389,0.7241945266723633,0.7596920728683472,0.4835348427295685,-0.0028034579008817673
001811:1,True,113,21.428190231323242,0.0,0,0.7826991259097543,True,0.18088765442371368,0.15836545825004578,0.08741125464439392,0.11272835731506348,0.008891940116882324,0.06491672992706299,0.10340678691864014,49.89716333100644,-0.008891940116882324,0.06491672992706299,0.10340678691864014,0.43916064500808716,0.4895744323730469,0.30828768014907837,0.1581403613090515,0.12551358342170715,0.09620144218206406,0.030649125576019287,0.022948384284973145,0.07437562942504883,0.16814172267913818,45.9248892342671,0.022948384284973145,0.07437562942504883,0.16814172267913818,0.484776109457016,0.5279946327209473,0.30102264881134033,0.02274729311466217
001811:2,True,179,21.481088638305664,0.0,0,0.7826991259097543,True,0.19719846546649933,0.06413571536540985,0.18647748231887817,0.07475143671035767,0.038311004638671875,0.0200045108795166,0.11750555038452148,6.220317936556642,0.038311004638671875,0.0200045108795166,-0.11750555038452148,0.4178644120693207,0.44519537687301636,0.2648061513900757,0.04560425132513046,0.028822103515267372,0.03534167632460594,0.0027273893356323242,0.022193312644958496,0.006872236728668213,0.03338301181793213,17.747431944534068,0.022193312644958496,-0.006872236728668213,-0.03338301181793213,0.7524600625038147,0.7653946280479431,0.360892117023468,0.15159421414136887
001811:3,True,74,37.742454528808594,0.0,0,0.7517662503199536,True,0.126970112323761,0.12676717340946198,0.007175574079155922,0.12312191724777222,0.043290913105010986,0.052367985248565674,0.09382152557373047,6.1956049456488715,0.043290913105010986,0.052367985248565674,-0.09382152557373047,0.5434677004814148,0.6073157787322998,0.5122044086456299,0.16174715757369995,0.15734529495239258,0.03747794032096863,0.0210760235786438,0.060625672340393066,0.030999958515167236,0.07612419128417969,15.754203793315261,0.060625672340393066,0.030999958515167236,-0.07612419128417969,0.5281534790992737,0.5448862910270691,0.37682071328163147,-0.034777045249938965
001811:4,True,71,38.321075439453125,0.0,0,0.7517662503199536,True,0.13501957058906555,0.1337439864873886,0.01851571723818779,0.13871490955352783,0.02004706859588623,0.029014289379119873,0.052109599113464355,3.018323887164,0.02004706859588623,-0.029014289379119873,0.052109599113464355,0.5205796957015991,0.5918862223625183,0.340224951505661,0.14882206916809082,0.14394550025463104,0.03778492659330368,0.06158900260925293,0.059771180152893066,0.00261080265045166,0.016319751739501953,18.33215442146619,0.059771180152893066,0.00261080265045166,-0.016319751739501953,0.563545286655426,0.5968749523162842,0.18709653615951538,-0.013802498579025269
001820:0,True,181,19.892410278320312,0.0,0,2.4348446996424244,False,0.11129501461982727,0.003217879682779312,0.11124848574399948,0.02062290906906128,0.029231369495391846,0.002061605453491211,0.01691460609436035,3.381179508053763,0.029231369495391846,0.002061605453491211,0.01691460609436035,0.6637644171714783,0.6779759526252747,0.6211062073707581,0.13236099481582642,0.046392686665058136,0.123964324593544,0.003330707550048828,0.060341477394104004,0.003920257091522217,0.01692187786102295,6.164071783483759,0.060341477394104004,0.003920257091522217,0.01692187786102295,0.5890579223632812,0.5941383242607117,0.6218327283859253,-0.021065980195999146
001820:1,True,144,18.1413631439209,0.0,0,2.4348446996424244,False,0.15040433406829834,0.14944638311862946,0.016948305070400238,0.04079329967498779,0.006700634956359863,0.055989205837249756,0.1673184633255005,29.002084697563348,-0.006700634956359863,0.055989205837249756,0.1673184633255005,0.5020785927772522,0.549099326133728,0.17051978409290314,0.17354868352413177,0.07587626576423645,0.1560831069946289,0.12240660190582275,0.005127668380737305,0.05199950933456421,0.2149103879928589,31.111957452936966,0.005127668380737305,0.05199950933456421,0.2149103879928589,0.4478970468044281,0.5083024501800537,0.35645878314971924,-0.023144349455833435
001820:2,True,81,34.786346435546875,0.0,0,0.8011635651366713,True,0.0949513167142868,0.05598534643650055,0.07669024169445038,0.07067322731018066,0.01756221055984497,0.08011221885681152,0.03538930416107178,19.92214914939712,-0.01756221055984497,0.08011221885681152,-0.03538930416107178,0.6341210007667542,0.6774187684059143,0.6390582919120789,0.016560325399041176,0.016543779522180557,0.0007400903268717229,0.05424821376800537,0.0453605055809021,0.01869213581085205,0.038474082946777344,6.838569812124357,0.0453605055809021,0.01869213581085205,-0.038474082946777344,0.8198208808898926,0.8670225739479065,0.6017938852310181,0.07839099131524563
001820:3,True,52,35.525245666503906,0.0,0,0.8011635651366713,True,0.21872036159038544,0.17664244771003723,0.12898078560829163,0.024564146995544434,0.06041234731674194,0.02653449773788452,0.042858123779296875,9.47871295513392,-0.06041234731674194,-0.02653449773788452,0.042858123779296875,0.48955708742141724,0.4993419647216797,0.5652037858963013,0.3181711733341217,0.25484499335289,0.19049127399921417,0.008946418762207031,0.05106896162033081,0.019955575466156006,0.017284750938415527,0.462830693632989,-0.05106896162033081,-0.019955575466156006,-0.017284750938415527,0.3460429906845093,0.3485736548900604,0.46250832080841064,-0.09945081174373627
001999:0,True,35,47.1423454284668,0.0,1,15.916642910598851,False,0.03391648828983307,0.03351385146379471,0.00521055655553937,0.04384416341781616,0.1187557578086853,0.13409900665283203,0.1045994758605957,3.637776054792802,0.1187557578086853,-0.13409900665283203,0.1045994758605957,0.6806979179382324,0.7193677425384521,0.5464859008789062,0.014921430498361588,0.014279856346547604,0.0043283686973154545,0.11269336938858032,0.024920403957366943,0.12732988595962524,0.061608195304870605,0.9821985054918446,0.024920403957366943,-0.12732988595962524,0.061608195304870605,0.7232478260993958,0.8188058137893677,0.6011700630187988,0.01899505779147148
002002:0,True,57,45.184242248535156,0.0,1,,False,0.015850337222218513,0.01576071046292782,0.0016832101391628385,0.14798331260681152,0.05938148498535156,0.019873857498168945,0.15296518802642822,4.123395219849367,0.05938148498535156,0.019873857498168945,0.15296518802642822,0.7397406101226807,0.8774545192718506,0.45059382915496826,0.07786960899829865,0.05452646687626839,0.055592626333236694,0.0952293872833252,0.025930285453796387,0.019767045974731445,0.08349215984344482,4.849908781485283,0.025930285453796387,-0.019767045974731445,0.08349215984344482,0.6643778085708618,0.7351670861244202,0.3074578046798706,-0.06201927177608013
002005:0,True,58,44.22998046875,0.0,1,,False,0.05142227187752724,0.0249033160507679,0.04498972371220589,0.033126235008239746,0.13274389505386353,0.03405946493148804,0.1032494306564331,4.879415198699738,0.13274389505386353,-0.03405946493148804,0.1032494306564331,0.6811655163764954,0.7221522927284241,0.28987637162208557,0.12869656085968018,0.08020723611116409,0.10064594447612762,0.025083541870117188,0.08558046817779541,0.051780879497528076,0.08757364749908447,3.8269650098708135,0.08558046817779541,-0.051780879497528076,0.08757364749908447,0.5753172636032104,0.6014080047607422,0.14027629792690277,-0.07727428898215294
002008:0,True,71,43.41276550292969,0.0,1,,False,0.12744343280792236,0.09673815965652466,0.08296719938516617,0.057994842529296875,0.143146812915802,0.10291796922683716,0.11980581283569336,4.212133037546172,0.143146812915802,-0.10291796922683716,0.11980581283569336,0.567773163318634,0.6040449142456055,0.46613600850105286,0.11370592564344406,0.07178795337677002,0.08817893266677856,0.009451746940612793,0.10980826616287231,0.11691462993621826,0.08645844459533691,2.092131566375597,0.10980826616287231,-0.11691462993621826,0.08645844459533691,0.6033615469932556,0.6306607723236084,0.4592300355434418,0.013737507164478302
002014:0,True,75,40.485286712646484,0.0,1,12.262576792641081,False,0.094549760222435,0.05323584005236626,0.07813835889101028,0.07538390159606934,0.08065932989120483,0.024651646614074707,0.13234996795654297,0.16434436934317584,0.08065932989120483,0.024651646614074707,0.13234996795654297,0.6436363458633423,0.6989470720291138,0.5892853736877441,0.07353266328573227,0.04395906627178192,0.058946192264556885,0.0010077953338623047,0.003586292266845703,0.043335676193237305,0.08302736282348633,2.6570902088310295,-0.003586292266845703,-0.043335676193237305,0.08302736282348633,0.7108758687973022,0.7418208122253418,0.6880528926849365,0.02101709693670273
002014:1,True,48,48.81039047241211,0.0,0,12.262576792641081,False,0.07519669830799103,0.05577506124973297,0.05043498054146767,0.09699678421020508,0.08782494068145752,0.09179764986038208,0.06677854061126709,0.39802608615899404,-0.08782494068145752,0.09179764986038208,0.06677854061126709,0.6820303201675415,0.7568522691726685,0.5324057340621948,0.04216337949037552,0.0006729546003043652,0.042158011347055435,0.080474853515625,0.07611292600631714,0.10874909162521362,0.03637123107910156,5.391659350625356,-0.07611292600631714,0.10874909162521362,0.03637123107910156,0.7052882313728333,0.7701621651649475,0.4656830132007599,0.03303331881761551
002026:0,True,92,36.02398681640625,0.0,1,9.789815128733782,False,0.02612723968923092,0.02518504299223423,0.006953148171305656,0.028516769409179688,0.014488279819488525,0.02015078067779541,0.08819246292114258,2.1991742910480365,0.014488279819488525,0.02015078067779541,0.08819246292114258,0.8604741096496582,0.9065744280815125,0.4868879020214081,0.05735701322555542,0.051859814673662186,0.024502795189619064,0.005351126194000244,0.0028502345085144043,0.006022393703460693,0.02901303768157959,1.5757146236092725,-0.0028502345085144043,0.006022393703460693,0.02901303768157959,0.7714706659317017,0.7838907837867737,0.4777660071849823,-0.0312297735363245
002026:1,True,66,42.57430648803711,0.0,0,9.789815128733782,False,0.07943958044052124,0.058606285601854324,0.05362787842750549,0.02783989906311035,0.08381062746047974,0.013888955116271973,0.06806528568267822,3.422891018572859,-0.08381062746047974,0.013888955116271973,0.06806528568267822,0.7069399356842041,0.7314821481704712,0.5820278525352478,0.04968911409378052,0.0389590859413147,0.030841492116451263,0.042597174644470215,0.07260608673095703,0.042240679264068604,0.018568038940429688,4.698005374344199,-0.07260608673095703,0.042240679264068604,0.018568038940429688,0.7761638760566711,0.8138028979301453,0.6761457920074463,0.029750466346740723
002050:1,True,64,47.33877182006836,0.0,0,21.861008015360817,False,0.16502708196640015,0.10776019841432571,0.1249866932630539,0.04473531246185303,0.04251056909561157,0.1117713451385498,0.016911745071411133,24.5454582084874,0.04251056909561157,-0.1117713451385498,-0.016911745071411133,0.5320243835449219,0.5546813607215881,0.1730760633945465,0.08744484931230545,0.013317085802555084,0.08642485737800598,0.09603166580200195,0.06229734420776367,0.07499313354492188,0.02613365650177002,67.25266399409617,0.06229734420776367,-0.07499313354492188,-0.02613365650177002,0.5922514796257019,0.6512890458106995,0.14208881556987762,0.0775822326540947
002050:2,True,116,24.63958740234375,0.0,1,3.0583785851863854,False,0.09266842901706696,0.07905197143554688,0.048355188220739365,0.10698986053466797,0.03772765398025513,0.04355967044830322,0.059256911277770996,2.536387105818564,-0.03772765398025513,0.04355967044830322,0.059256911277770996,0.6153258085250854,0.6863172650337219,0.667048990726471,0.061958298087120056,0.04983901232481003,0.03680901974439621,0.06549584865570068,0.05230051279067993,0.01757490634918213,0.06904470920562744,12.536057258284032,-0.05230051279067993,-0.01757490634918213,0.06904470920562744,0.7038545608520508,0.7525524497032166,0.7640056610107422,0.0307101309299469
002050:3,True,101,25.716026306152344,0.0,0,3.0583785851863854,False,0.04906638339161873,0.03835467994213104,0.03060111589729786,0.03615105152130127,0.08555978536605835,0.10600888729095459,0.05528974533081055,6.584811436356544,-0.08555978536605835,-0.10600888729095459,0.05528974533081055,0.7218514084815979,0.7476091980934143,0.4775673449039459,0.11480553448200226,0.11189653724431992,0.025680210441350937,0.04472208023071289,0.04809379577636719,0.09915375709533691,0.11648261547088623,7.911363492025078,-0.04809379577636719,-0.09915375709533691,0.11648261547088623,0.6393579244613647,0.6744412779808044,0.5586373805999756,-0.06573915109038353
002056:0,True,20,76.1313705444336,0.0,0,34.15692175623697,False,0.04493473842740059,0.026612045243382454,0.03620676323771477,0.09370076656341553,0.03437691926956177,0.09203296899795532,0.07048416137695312,16.7825297539957,0.03437691926956177,0.09203296899795532,0.07048416137695312,0.6766204833984375,0.7479028701782227,0.2008776217699051,0.057614825665950775,0.020811643451452255,0.05372470244765282,0.11833703517913818,0.019923806190490723,0.054641783237457275,0.04955446720123291,18.741755857035518,0.019923806190490723,0.054641783237457275,0.04955446720123291,0.6544598340988159,0.7412109971046448,0.2362687885761261,-0.012680087238550186
002056:3,True,88,22.8258113861084,0.0,1,2.1306515805861532,False,0.09856798499822617,0.09617286175489426,0.021596990525722504,0.14126598834991455,0.07160395383834839,0.06586700677871704,0.06224560737609863,2.6196607721793597,-0.07160395383834839,0.06586700677871704,0.06224560737609863,0.5910937786102295,0.6825260519981384,0.418711394071579,0.04746576026082039,0.04516245797276497,0.014606538228690624,0.02247929573059082,0.05437213182449341,0.08925515413284302,0.04511761665344238,4.648063031133066,-0.05437213182449341,-0.08925515413284302,0.04511761665344238,0.7476521134376526,0.7638306617736816,0.4591388404369354,0.05110222473740578
002056:4,True,115,23.03011131286621,0.0,1,2.1306515805861532,False,0.05962202325463295,0.05377157777547836,0.025756625458598137,0.06193530559539795,0.027451395988464355,0.010785281658172607,0.07411670684814453,5.680549031760216,-0.027451395988464355,-0.010785281658172607,0.07411670684814453,0.7363331913948059,0.7877190113067627,0.4250732362270355,0.07945055514574051,0.051072023808956146,0.060860827565193176,0.012523293495178223,0.029151856899261475,0.07762199640274048,0.049025893211364746,28.20910110141553,0.029151856899261475,-0.07762199640274048,0.049025893211364746,0.6549010872840881,0.6712837815284729,0.47065290808677673,-0.01982853189110756
002058:0,True,23,75.11042022705078,0.0,0,34.38613652064545,False,0.09438404440879822,0.022566350176930428,0.09164665639400482,0.10199999809265137,0.0984421968460083,0.11767369508743286,0.03914749622344971,25.171477375632083,-0.0984421968460083,0.11767369508743286,0.03914749622344971,0.6000292897224426,0.6647302508354187,0.1209959015250206,0.054701067507267,0.04523806646466255,0.0307526346296072,0.027748823165893555,0.14075857400894165,0.07135075330734253,0.015623331069946289,28.728038838727763,-0.14075857400894165,0.07135075330734253,0.015623331069946289,0.6640772223472595,0.6827563643455505,0.38928771018981934,0.03968297690153122
002058:2,True,89,22.324661254882812,0.0,1,1.8977528873221625,True,0.037714987993240356,0.01343375351279974,0.03524138033390045,0.05612504482269287,0.06487476825714111,0.0006557106971740723,0.017632246017456055,18.398053453069135,-0.06487476825714111,0.0006557106971740723,0.017632246017456055,0.7137554287910461,0.7575650811195374,0.3887724280357361,0.14508064091205597,0.14473474025726318,0.010012499988079071,0.0841132402420044,0.10795271396636963,0.07041376829147339,0.10150802135467529,14.680080959507714,-0.10795271396636963,-0.07041376829147339,0.10150802135467529,0.5208977460861206,0.5598046779632568,0.49049487709999084,-0.10736565291881561
002058:3,True,122,22.172391891479492,0.0,1,1.8977528873221625,True,0.031053680926561356,0.016925852745771408,0.026035485789179802,0.06226646900177002,0.08330050110816956,0.03483879566192627,0.05992734432220459,15.265728699701288,0.08330050110816956,-0.03483879566192627,0.05992734432220459,0.7098568081855774,0.7614091634750366,0.6728313565254211,0.08931881189346313,0.07800877094268799,0.04350263625383377,0.0369417667388916,0.06259968876838684,0.040122270584106445,0.06338679790496826,10.209257694870809,0.06259968876838684,-0.040122270584106445,0.06338679790496826,0.6459929347038269,0.6719817519187927,0.6310083866119385,-0.05826513096690178
002082:0,True,48,56.45075225830078,0.0,0,30.466217695671485,False,0.1366911083459854,0.11733028292655945,0.0701289176940918,0.16213619709014893,0.0904921293258667,0.019031047821044922,0.036846160888671875,9.053780932601411,-0.0904921293258667,0.019031047821044922,0.036846160888671875,0.5564926266670227,0.6518955826759338,0.3780219554901123,0.061941955238580704,0.05023634433746338,0.03623693808913231,0.046545982360839844,0.10919350385665894,0.008241355419158936,0.011656999588012695,5.299253266602082,-0.10919350385665894,0.008241355419158936,0.011656999588012695,0.7327799797058105,0.7689050436019897,0.5813851356506348,0.07474915310740471
002082:1,True,115,28.371728897094727,0.0,0,1.0653057425324348,True,0.08636918663978577,0.05040520802140236,0.07013523578643799,0.002182602882385254,2.0503997802734375e-05,0.03719109296798706,0.016471505165100098,37.851962171639535,-2.0503997802734375e-05,-0.03719109296798706,-0.016471505165100098,0.6428752541542053,0.648213803768158,0.6540393829345703,0.043428000062704086,0.025551484897732735,0.03511570394039154,0.0846632719039917,0.024030447006225586,0.03544384241104126,0.03089594841003418,24.032057933359212,0.024030447006225586,-0.03544384241104126,-0.03089594841003418,0.6710100173950195,0.7326245307922363,0.6550548076629639,0.04294118657708168
002082:2,True,102,28.732440948486328,0.0,1,1.0653057425324348,True,0.174603670835495,0.174603670835495,4.1179358959198e-05,0.012337744235992432,0.0978325605392456,0.04066747426986694,0.07391858100891113,8.01361506636584,-0.0978325605392456,-0.04066747426986694,0.07391858100891113,0.4909761846065521,0.5057287812232971,0.5483211874961853,0.15691129863262177,0.15365582704544067,0.03179694712162018,0.09177142381668091,0.0542750358581543,0.013622939586639404,0.04484844207763672,8.446491965393738,-0.0542750358581543,-0.013622939586639404,0.04484844207763672,0.49975281953811646,0.5439043045043945,0.48907023668289185,0.01769237220287323
002091:0,True,47,50.000911712646484,0.0,0,28.975382150129303,False,0.03109700419008732,0.02992881089448929,0.008443336002528667,0.07529723644256592,0.145175039768219,0.14332908391952515,0.05898642539978027,13.450872759890201,0.145175039768219,0.14332908391952515,0.05898642539978027,0.6277708411216736,0.677970290184021,0.5216110348701477,0.06646654009819031,0.05216113105416298,0.04119487106800079,0.0382232666015625,0.18413114547729492,0.16693353652954102,0.002190113067626953,4.684844054555757,0.18413114547729492,0.16693353652954102,-0.002190113067626953,0.6129926443099976,0.6353552937507629,0.5382658839225769,-0.03536953590810299
002091:1,True,149,23.36771583557129,0.0,0,1.029780845972355,True,0.06814759224653244,0.06401091068983078,0.023381570354104042,0.017838358879089355,0.03846263885498047,0.028701722621917725,0.02869570255279541,41.96838058062282,0.03846263885498047,-0.028701722621917725,-0.02869570255279541,0.6567833423614502,0.6684094667434692,0.5386420488357544,0.10224776715040207,0.07902533560991287,0.06488144397735596,0.05026733875274658,0.008290469646453857,0.0516703724861145,0.035927772521972656,10.388026057250388,0.008290469646453857,-0.0516703724861145,-0.035927772521972656,0.6364647150039673,0.6696068048477173,0.561204195022583,-0.03410017490386963
002091:2,True,122,23.887157440185547,0.0,1,1.029780845972355,True,0.12442952394485474,0.09173165261745453,0.08407145738601685,0.016092360019683838,0.05951744318008423,0.01281052827835083,0.04783511161804199,2.7877895210648944,-0.05951744318008423,-0.01281052827835083,0.04783511161804199,0.5868225693702698,0.5996650457382202,0.3245812654495239,0.09922444075345993,0.09243328869342804,0.036077361553907394,0.04127317667007446,0.039237797260284424,0.01093202829360962,0.021213531494140625,5.725255807601449,-0.039237797260284424,-0.01093202829360962,-0.021213531494140625,0.6541402339935303,0.6827861070632935,0.40666651725769043,0.025205083191394806
002115:0,True,68,34.285926818847656,0.0,1,12.291379386527678,False,0.06742386519908905,0.01937386393547058,0.06458041816949844,0.19252240657806396,0.0521426796913147,0.09402871131896973,0.030077576637268066,15.790263549667259,0.0521426796913147,0.09402871131896973,0.030077576637268066,0.6019464731216431,0.7349579334259033,0.2444913238286972,0.07284713536500931,0.0728396326303482,0.0010450454428792,0.1975812315940857,0.022427737712860107,0.03849118947982788,0.07929348945617676,7.725312781499602,0.022427737712860107,0.03849118947982788,0.07929348945617676,0.6304911375045776,0.7750272750854492,0.4128507077693939,-0.005423270165920258
002115:1,True,174,22.45829963684082,0.0,1,12.291379386527678,False,0.26054468750953674,0.10416862368583679,0.23881463706493378,0.13921403884887695,0.023875117301940918,0.032558321952819824,0.06980741024017334,1.1721014427092082,0.023875117301940918,0.032558321952819824,-0.06980741024017334,0.3724891245365143,0.41643625497817993,0.22834639251232147,0.13799026608467102,0.027764122933149338,0.13516828417778015,0.037665486335754395,7.355213165283203e-05,0.00586545467376709,0.07655048370361328,0.949737804090273,-7.355213165283203e-05,0.00586545467376709,-0.07655048370361328,0.589823842048645,0.6104863882064819,0.48954179883003235,0.12255442142486572
002127:0,True,133,28.05446434020996,0.0,0,,False,0.03161494433879852,0.03012256883084774,0.009598730131983757,0.054381608963012695,0.0675460696220398,0.00039446353912353516,0.06723511219024658,4.8583272170084095,0.0675460696220398,0.00039446353912353516,0.06723511219024658,0.8033097386360168,0.8531160354614258,0.5974313020706177,0.084028460085392,0.0770547091960907,0.03351645916700363,0.0374065637588501,0.229464590549469,0.003779470920562744,0.03975725173950195,3.9218809610429815,0.229464590549469,-0.003779470920562744,0.03975725173950195,0.6722903847694397,0.699834406375885,0.6032276749610901,-0.052413515746593475
002205:0,True,33,57.49654006958008,0.0,0,36.83479498457954,False,0.12648215889930725,0.12373188138008118,0.02623283490538597,0.07165324687957764,0.0006743669509887695,0.008279681205749512,0.004228472709655762,6.964306764555121,-0.0006743669509887695,0.008279681205749512,0.004228472709655762,0.5534875392913818,0.5922229290008545,0.5064789652824402,0.0789361447095871,0.06828312575817108,0.0396021343767643,0.07563817501068115,0.06214737892150879,0.02411055564880371,0.006688117980957031,2.4332958729520624,0.06214737892150879,0.02411055564880371,-0.006688117980957031,0.6647661328315735,0.7178937792778015,0.44866639375686646,0.047546014189720154
002205:1,True,162,23.005956649780273,0.0,0,36.83479498457954,False,0.09144185483455658,0.04284217208623886,0.08078465610742569,0.12936270236968994,0.2061024308204651,0.12078297138214111,0.07297921180725098,6.419111047092034,0.2061024308204651,0.12078297138214111,0.07297921180725098,0.49851754307746887,0.570537805557251,0.46678707003593445,0.07526231557130814,0.014442022889852524,0.073863685131073,0.07077902555465698,0.08957010507583618,0.06688708066940308,0.06487166881561279,16.056090869698483,0.08957010507583618,0.06688708066940308,0.06487166881561279,0.6218560338020325,0.6718261241912842,0.5809327363967896,0.016179539263248444
002229:0,True,67,41.187625885009766,0.0,0,,False,0.12018477916717529,0.030650530010461807,0.1162107065320015,0.11827224493026733,0.06557327508926392,0.07047605514526367,0.05725085735321045,10.904137462736896,0.06557327508926392,-0.07047605514526367,-0.05725085735321045,0.5184646844863892,0.5793665647506714,0.3156128525733948,0.09514491260051727,0.06361984461545944,0.0707465186715126,0.027566492557525635,0.031838953495025635,0.05761617422103882,0.004981040954589844,6.433915254746951,0.031838953495025635,-0.05761617422103882,0.004981040954589844,0.6288300156593323,0.6455241441726685,0.5449730753898621,0.02503986656665802
002274:0,True,46,38.38583755493164,0.0,1,,False,0.07023224979639053,0.03927108272910118,0.058226704597473145,0.19381868839263916,0.042585670948028564,0.007034599781036377,0.07887017726898193,18.558662163678488,0.042585670948028564,0.007034599781036377,0.07887017726898193,0.5808551907539368,0.7062649130821228,0.17490781843662262,0.06806360185146332,0.013058505952358246,0.06679916381835938,0.27790307998657227,0.015133798122406006,0.0010392069816589355,0.05922996997833252,2.275054050261207,-0.015133798122406006,-0.0010392069816589355,0.05922996997833252,0.5511606335639954,0.7337916493415833,0.3381667733192444,0.0021686479449272156
002367:0,True,29,35.919029235839844,0.0,0,2.409304975486482,False,0.09338141232728958,0.028730368241667747,0.08885186165571213,0.20093286037445068,0.052756428718566895,0.01161956787109375,0.001457810401916504,0.6882713324730149,-0.052756428718566895,-0.01161956787109375,0.001457810401916504,0.5561236143112183,0.68033367395401,0.38035693764686584,0.047111961990594864,0.00487935496494174,0.04685860499739647,0.03378427028656006,0.017574548721313477,0.01958101987838745,0.0586400032043457,10.729988129469081,-0.017574548721313477,-0.01958101987838745,0.0586400032043457,0.7712003588676453,0.7979223728179932,0.3451400399208069,0.04626945033669472
002367:1,True,36,38.16892623901367,0.0,0,2.409304975486482,False,0.0692276582121849,0.05877774953842163,0.03657384589314461,0.0324174165725708,0.052886009216308594,0.022607862949371338,0.10148417949676514,9.068623388410021,0.052886009216308594,0.022607862949371338,-0.10148417949676514,0.7339671850204468,0.7735707759857178,0.3118229806423187,0.10260283201932907,0.07826833426952362,0.06634312868118286,0.16548776626586914,0.023079335689544678,0.04076218605041504,0.056517958641052246,2.21165987685082,0.023079335689544678,0.04076218605041504,0.056517958641052246,0.5777568817138672,0.6827297806739807,0.41036614775657654,-0.033375173807144165
002370:0,True,28,34.728111267089844,0.0,0,2.365151375597486,False,0.22565004229545593,0.19201281666755676,0.11852854490280151,0.15042269229888916,0.0367431640625,0.015500962734222412,0.015744686126708984,10.892416858121155,-0.0367431640625,0.015500962734222412,-0.015744686126708984,0.3387035131454468,0.38414397835731506,0.1082361713051796,0.8042364716529846,0.06324310600757599,0.8017459511756897,0.019423604011535645,0.013621330261230469,0.020370185375213623,0.004433393478393555,27.758508512913455,0.013621330261230469,0.020370185375213623,0.004433393478393555,0.0,0.0,0.17337733507156372,-0.5785864293575287
002370:1,True,35,36.928977966308594,0.0,0,2.365151375597486,False,0.055229317396879196,0.04412689432501793,0.033212874084711075,0.06186473369598389,0.020723998546600342,0.052358150482177734,0.1414412260055542,14.7782244024338,0.020723998546600342,0.052358150482177734,-0.1414412260055542,0.712803840637207,0.7677197456359863,0.1380605250597,0.13837453722953796,0.008204171434044838,0.13813112676143646,0.20151269435882568,0.01116490364074707,0.0007154345512390137,0.27192652225494385,13.41776000279398,0.01116490364074707,0.0007154345512390137,-0.27192652225494385,0.49757295846939087,0.6175454258918762,0.11302585154771805,-0.08314521983265877
002372:1,True,51,36.20782470703125,0.0,0,2.5215368179112523,False,0.11866729706525803,0.011800875887274742,0.11807907372713089,0.09702861309051514,0.05084872245788574,0.04400432109832764,0.10185897350311279,9.094106369461166,0.05084872245788574,0.04400432109832764,0.10185897350311279,0.605333685874939,0.6672785878181458,0.31340739130973816,0.2318391352891922,0.052633922547101974,0.22578541934490204,0.013192415237426758,0.007956743240356445,0.016447484493255615,0.26018667221069336,23.776042407441796,0.007956743240356445,-0.016447484493255615,-0.26018667221069336,0.3859817087650299,0.437064528465271,0.20909056067466736,-0.11317183822393417
002384:0,True,98,27.101900100708008,0.0,0,0.8499317364778624,True,0.19868570566177368,0.17724084854125977,0.08978687226772308,0.06753218173980713,0.005494654178619385,0.02256244421005249,0.05824100971221924,2.455060498113394,0.005494654178619385,-0.02256244421005249,-0.05824100971221924,0.39997291564941406,0.4216385781764984,0.6470152139663696,0.19549761712551117,0.11221346259117126,0.1600857824087143,0.005678832530975342,0.006919920444488525,0.008090674877166748,0.01063847541809082,7.218563744132345,0.006919920444488525,-0.008090674877166748,0.01063847541809082,0.4051379859447479,0.40685737133026123,0.6151017546653748,0.003188088536262512
002384:1,True,116,27.038427352905273,0.0,0,0.8499317364778624,True,0.21138101816177368,0.007362864911556244,0.21125276386737823,0.0024187564849853516,0.010565578937530518,0.00022733211517333984,0.009162664413452148,4.184679319548392,-0.010565578937530518,-0.00022733211517333984,0.009162664413452148,0.46905821561813354,0.47083044052124023,0.4929114878177643,0.19734156131744385,0.02730594202876091,0.1954432874917984,0.04070329666137695,0.02128225564956665,0.009706079959869385,0.0493849515914917,2.60323097950198,-0.02128225564956665,0.009706079959869385,0.0493849515914917,0.4445573687553406,0.45955416560173035,0.523269772529602,0.014039456844329834
002384:2,True,85,29.429302215576172,0.0,0,2.622200282679544,False,0.16006766259670258,0.05952463671565056,0.14858826994895935,0.01047980785369873,0.0021498799324035645,0.016534507274627686,0.05180013179779053,4.0535906865318365,0.0021498799324035645,0.016534507274627686,0.05180013179779053,0.5603852868080139,0.5734525918960571,0.5585456490516663,0.07198889553546906,0.0030037628021091223,0.07192620635032654,0.03800785541534424,0.013881146907806396,0.039259493350982666,0.012916803359985352,3.0320675942647295,0.013881146907806396,0.039259493350982666,0.012916803359985352,0.7668399810791016,0.7971467971801758,0.6434617638587952,0.08807876706123352
002393:0,True,155,22.58674430847168,0.0,0,0.8443176969587175,True,0.13415692746639252,0.03088194876909256,0.13055415451526642,0.03680044412612915,0.0402560830116272,0.02157270908355713,0.09335494041442871,2.5764192992861807,0.0402560830116272,-0.02157270908355713,-0.09335494041442871,0.5249189734458923,0.545764684677124,0.6089149713516235,0.13801294565200806,0.05240468308329582,0.12767663598060608,0.03358489274978638,0.002992987632751465,0.000952601432800293,0.011527419090270996,2.4374859666367796,0.002992987632751465,0.000952601432800293,-0.011527419090270996,0.5077822804450989,0.5218673348426819,0.7771365642547607,-0.0038560181856155396
002393:1,True,163,22.503442764282227,0.0,0,0.8443176969587175,True,0.06800662726163864,0.0046037849970161915,0.06785061955451965,0.028922736644744873,0.0018470287322998047,0.020663142204284668,0.16236162185668945,15.456424393604545,-0.0018470287322998047,-0.020663142204284668,-0.16236162185668945,0.6701805591583252,0.7247527837753296,0.5326217412948608,0.0377933643758297,0.01833939179778099,0.03304549679160118,0.04988795518875122,0.051758527755737305,0.021380305290222168,0.08314180374145508,9.377173541699676,-0.051758527755737305,-0.021380305290222168,-0.08314180374145508,0.7595474123954773,0.7988684177398682,0.6276012063026428,0.030213262885808945
002393:2,True,118,24.93223762512207,0.0,0,2.5901017429137645,False,0.15637512505054474,0.12577737867832184,0.09291520714759827,0.25006401538848877,0.030443787574768066,0.050876736640930176,0.23322725296020508,34.94558736094705,-0.030443787574768066,-0.050876736640930176,-0.23322725296020508,0.43564510345458984,0.5600833296775818,0.2747562825679779,0.14357341825962067,0.007753497920930386,0.14336390793323517,0.0072724223136901855,0.02253544330596924,0.000545203685760498,0.027487754821777344,0.5903915339432332,-0.02253544330596924,-0.000545203685760498,-0.027487754821777344,0.6329560279846191,0.6412845849990845,0.4065852463245392,0.012801706790924072
002402:0,True,183,18.627220153808594,0.0,0,0.9495384866673985,True,0.05486559495329857,0.05071303993463516,0.020938489586114883,0.047192931175231934,0.04186612367630005,0.0362628698348999,0.11383938789367676,11.043196471772685,-0.04186612367630005,-0.0362628698348999,-0.11383938789367676,0.711571991443634,0.7545496821403503,0.44574466347694397,0.07954645156860352,0.04664969816803932,0.06443169713020325,0.001998305320739746,0.05087292194366455,0.0134848952293396,0.06373405456542969,28.002228331834186,-0.05087292194366455,-0.0134848952293396,-0.06373405456542969,0.6430595517158508,0.6628544926643372,0.4923993647098541,-0.024680856615304947
002402:1,True,153,20.985326766967773,0.0,0,2.507220265710986,False,0.0554385781288147,0.05163371190428734,0.020184053108096123,0.04773378372192383,0.002713322639465332,0.016422033309936523,0.032782912254333496,1.5426291872697309,0.002713322639465332,0.016422033309936523,-0.032782912254333496,0.7935007810592651,0.8340137600898743,0.32794490456581116,0.01714378409087658,0.017142238095402718,0.00023026997223496437,0.0822451114654541,0.019306540489196777,0.01954960823059082,0.0016570091247558594,0.07115326830752187,-0.019306540489196777,0.01954960823059082,-0.0016570091247558594,0.8579201698303223,0.938984215259552,0.4387573003768921,0.03829479403793812
002402:2,True,213,18.573129653930664,0.0,0,0.9495384866673985,True,0.026558972895145416,0.024869486689567566,0.009321353398263454,0.06672894954681396,0.05034494400024414,0.01648777723312378,0.1673375368118286,20.919366786131654,-0.05034494400024414,0.01648777723312378,-0.1673375368118286,0.6927722096443176,0.7533319592475891,0.574753999710083,0.02636236511170864,0.013432870618999004,0.02268330380320549,0.03341829776763916,0.09063154458999634,0.035156309604644775,0.11983907222747803,17.294913242686047,-0.09063154458999634,0.035156309604644775,-0.11983907222747803,0.7093119621276855,0.7532927393913269,0.5371699929237366,0.0001966077834367752
002429:0,True,34,56.796600341796875,0.0,0,,False,0.0872570276260376,0.08444930613040924,0.021956857293844223,0.03167223930358887,0.032044410705566406,0.022986173629760742,0.03626072406768799,1.1528913082974612,0.032044410705566406,0.022986173629760742,0.03626072406768799,0.6921837329864502,0.7145259380340576,0.38590314984321594,0.07475476711988449,0.06594052910804749,0.035215385258197784,0.001249551773071289,0.06051558256149292,0.02396637201309204,0.01641845703125,7.797060731007087,-0.06051558256149292,-0.02396637201309204,0.01641845703125,0.72750324010849,0.7330926656723022,0.5353323221206665,0.012502260506153107
002447:0,True,29,45.596160888671875,0.0,0,,False,0.08916006237268448,0.004404166713356972,0.08905120939016342,0.04608654975891113,0.011871397495269775,0.015560925006866455,0.06790280342102051,2.617236509766177,0.011871397495269775,0.015560925006866455,-0.06790280342102051,0.675366997718811,0.706026554107666,0.3277052044868469,0.03242379054427147,0.01979287900030613,0.025681588798761368,0.023917675018310547,0.04463648796081543,0.03727012872695923,0.03470814228057861,0.6289411216187851,0.04463648796081543,0.03727012872695923,-0.03470814228057861,0.8543294072151184,0.875323474407196,0.3929007947444916,0.05673627182841301
002456:0,True,16,41.721492767333984,0.0,0,,False,0.14357495307922363,0.14259347319602966,0.016759194433689117,0.02704143524169922,0.03222233057022095,0.015085101127624512,0.059477806091308594,15.932581013679314,0.03222233057022095,0.015085101127624512,-0.059477806091308594,0.55660080909729,0.5719072222709656,0.445271372795105,0.10950987786054611,0.10830755531787872,0.01618298888206482,0.08006000518798828,0.06668710708618164,0.021816790103912354,0.056911349296569824,17.974589009459688,0.06668710708618164,-0.021816790103912354,-0.056911349296569824,0.606787919998169,0.656845211982727,0.22210337221622467,0.03406507521867752
002465:0,True,81,36.42998504638672,0.0,0,,False,0.0316559337079525,0.030312472954392433,0.009124263189733028,0.033884406089782715,0.05788081884384155,0.0030823349952697754,0.02196323871612549,8.969714964296895,-0.05788081884384155,0.0030823349952697754,0.02196323871612549,0.8011595606803894,0.8304376602172852,0.42141011357307434,0.10535392165184021,0.031482819467782974,0.10053994506597519,0.009770870208740234,0.04581493139266968,0.0324782133102417,0.04852879047393799,5.54975728460147,-0.04581493139266968,0.0324782133102417,0.04852879047393799,0.668073832988739,0.6840028762817383,0.5001150369644165,-0.07369798794388771
002477:0,True,90,30.933439254760742,0.0,0,,False,0.020593421533703804,0.0071963174268603325,0.01929512992501259,0.03556835651397705,0.09283167123794556,0.0004494190216064453,0.08183777332305908,7.924723342041624,-0.09283167123794556,0.0004494190216064453,-0.08183777332305908,0.7813996076583862,0.8182799816131592,0.5429311990737915,0.04402245953679085,0.04289504140615463,0.009899121709167957,0.0023621320724487305,0.020864486694335938,0.010119140148162842,0.025711655616760254,3.4702925314127477,0.020864486694335938,0.010119140148162842,-0.025711655616760254,0.835178554058075,0.8463546633720398,0.39382392168045044,-0.023429038003087044
002491:0,True,51,22.499080657958984,0.0,0,,False,0.2784282863140106,0.03313356637954712,0.2764497697353363,0.04692298173904419,0.019700348377227783,0.015586256980895996,0.02893221378326416,2.8660739616080817,-0.019700348377227783,0.015586256980895996,0.02893221378326416,0.3181522786617279,0.3300608694553375,0.6056042909622192,0.20859146118164062,0.13563427329063416,0.1584731638431549,0.09231436252593994,0.05008155107498169,0.02241414785385132,0.07192337512969971,0.7964173600674977,0.05008155107498169,0.02241414785385132,0.07192337512969971,0.43670275807380676,0.4736321270465851,0.5663740038871765,0.06983682513237
002752:1,True,51,47.335601806640625,0.0,0,0.898199908448436,True,0.153231680393219,0.05669070780277252,0.14235907793045044,0.08038032054901123,0.04826772212982178,0.0045778751373291016,0.08064138889312744,16.8950056667818,0.04826772212982178,-0.0045778751373291016,0.08064138889312744,0.5315423607826233,0.5741416811943054,0.3227386772632599,0.10589497536420822,0.08219551295042038,0.06676559150218964,0.023328065872192383,0.023248136043548584,0.003502190113067627,0.07559382915496826,3.55684833104082,0.023248136043548584,-0.003502190113067627,0.07559382915496826,0.6947824358940125,0.7227075099945068,0.442898154258728,0.04733670502901077
002752:2,True,52,47.5151252746582,0.0,0,0.898199908448436,True,0.1013389602303505,0.09887459874153137,0.022212527692317963,0.023090004920959473,0.020321130752563477,0.04296398162841797,0.0526885986328125,10.989573111341087,0.020321130752563477,0.04296398162841797,0.0526885986328125,0.6658194065093994,0.6835349798202515,0.44568097591400146,0.13386210799217224,0.13368892669677734,0.006807013880461454,0.008253216743469238,0.03155440092086792,0.07952499389648438,0.001722574234008789,1.4842647660697998,0.03155440092086792,0.07952499389648438,-0.001722574234008789,0.6030840277671814,0.6076529026031494,0.4362540543079376,-0.03252314776182175
002752:3,True,46,46.117088317871094,0.0,0,2.6604335413534255,False,0.05735427513718605,0.048282869160175323,0.030956052243709564,0.03821229934692383,0.05022692680358887,0.029130637645721436,0.022124886512756348,6.887572776953527,-0.05022692680358887,-0.029130637645721436,0.022124886512756348,0.7557048201560974,0.784607470035553,0.5632008910179138,0.0547887459397316,0.052947018295526505,0.014086161740124226,0.03690648078918457,0.0033909082412719727,0.03502094745635986,0.0035973787307739258,1.0783402482489441,-0.0033909082412719727,0.03502094745635986,-0.0035973787307739258,0.7852479815483093,0.8154475092887878,0.633969783782959,0.0025655291974544525
002788:0,True,39,47.08942413330078,0.0,0,3.583240568113267,False,0.024096714332699776,0.014029402285814285,0.01959151402115822,0.11877954006195068,0.03279244899749756,0.015750586986541748,0.005961298942565918,62.19543620475848,0.03279244899749756,0.015750586986541748,0.005961298942565918,0.6484137177467346,0.7323487997055054,0.6590673327445984,0.02376415580511093,0.02292034588754177,0.006276365835219622,0.006893277168273926,0.09467184543609619,0.010172009468078613,0.007905364036560059,18.990767251330173,0.09467184543609619,-0.010172009468078613,-0.007905364036560059,0.7537491917610168,0.7589560747146606,0.6233909726142883,0.0003325585275888443
002788:1,True,64,47.513221740722656,0.0,0,0.7860238368213969,True,0.14880871772766113,0.07724764198064804,0.12718820571899414,0.08257853984832764,0.033243775367736816,0.023746252059936523,0.062444090843200684,20.99897947109732,0.033243775367736816,-0.023746252059936523,0.062444090843200684,0.5265192985534668,0.5694485902786255,0.3758890628814697,0.027578283101320267,0.02627510204911232,0.00837739184498787,0.06857109069824219,0.03451281785964966,0.026312947273254395,0.06546080112457275,16.676781122799895,0.03451281785964966,-0.026312947273254395,0.06546080112457275,0.7276816368103027,0.7831636667251587,0.5640818476676941,0.12123043462634087
002788:2,True,56,47.400325775146484,0.0,0,0.7860238368213969,True,0.08332569152116776,0.07104934006929398,0.04353346675634384,0.0019497871398925781,0.006797492504119873,0.018534839153289795,0.05399370193481445,6.428837236470133,0.006797492504119873,0.018534839153289795,0.05399370193481445,0.6928173899650574,0.7115072011947632,0.42071232199668884,0.051118336617946625,0.05106527358293533,0.0023285304196178913,0.07034659385681152,0.01788806915283203,0.05719316005706787,0.0031108856201171875,1.5022964654786337,0.01788806915283203,0.05719316005706787,0.0031108856201171875,0.7662050724029541,0.8249351978302002,0.46054136753082275,0.03220735490322113
002788:3,True,43,46.117088317871094,0.0,0,3.583240568113267,False,0.07572197914123535,0.04713008925318718,0.059266962110996246,0.09610676765441895,0.0394902229309082,0.020411431789398193,0.020316720008850098,9.71232045161736,-0.0394902229309082,-0.020411431789398193,0.020316720008850098,0.6738805174827576,0.7401233315467834,0.5726777911186218,0.039289411157369614,0.026754211634397507,0.02877272665500641,0.005837202072143555,0.004389405250549316,0.04012727737426758,0.021085619926452637,4.223307227028314,0.004389405250549316,0.04012727737426758,-0.021085619926452637,0.850809633731842,0.860012948513031,0.6666999459266663,0.03643256798386574
002791:0,True,38,46.963321685791016,0.0,0,4.189534096881278,False,0.08859364688396454,0.052721478044986725,0.07119887322187424,0.1006927490234375,0.022133350372314453,0.015316486358642578,0.025342106819152832,46.622727840534466,0.022133350372314453,-0.015316486358642578,-0.025342106819152832,0.5962364077568054,0.6586918830871582,0.5597787499427795,0.07007201015949249,0.026556847617030144,0.06484458595514297,0.11535632610321045,0.10777318477630615,0.03568929433822632,0.0879814624786377,39.75029395050519,0.10777318477630615,-0.03568929433822632,-0.0879814624786377,0.5949632525444031,0.6675635576248169,0.5147413015365601,0.018521636724472046
002791:1,True,62,47.513221740722656,0.0,0,0.7860238368213969,True,0.12274029105901718,0.06525995582342148,0.10395343601703644,0.11691713333129883,0.035271406173706055,0.014352262020111084,0.022304534912109375,16.26253014963862,0.035271406173706055,-0.014352262020111084,0.022304534912109375,0.5579476952552795,0.6268923878669739,0.3115001916885376,0.04401304945349693,0.04396233335137367,0.002112339250743389,0.001332402229309082,0.01809215545654297,0.017315983772277832,0.050925612449645996,11.546830942878417,0.01809215545654297,-0.017315983772277832,0.050925612449645996,0.7812283635139465,0.8030730485916138,0.5387812256813049,0.07872724160552025
002791:2,True,57,47.400325775146484,0.0,0,0.7860238368213969,True,0.06444216519594193,0.023618599399924278,0.05995794013142586,0.025812149047851562,0.0048975348472595215,0.0324130654335022,0.028656482696533203,8.601274524641068,0.0048975348472595215,0.0324130654335022,0.028656482696533203,0.752978503704071,0.7731595635414124,0.416349321603775,0.03641148656606674,0.036366697400808334,0.0018055131658911705,0.008835077285766602,0.010761797428131104,0.05976682901382446,0.01005852222442627,2.364375621760963,0.010761797428131104,0.05976682901382446,-0.01005852222442627,0.8592179417610168,0.867160439491272,0.4255496859550476,0.028030678629875183
002791:3,True,42,46.117088317871094,0.0,0,4.189534096881278,False,0.08848953247070312,0.05970240384340286,0.06531477719545364,0.1134328842163086,0.040820181369781494,0.013110518455505371,0.0024524927139282227,10.618495309181291,-0.040820181369781494,-0.013110518455505371,0.0024524927139282227,0.6348126530647278,0.7085898518562317,0.6061722636222839,0.044486891478300095,0.03392584249377251,0.02877708524465561,0.032665252685546875,0.005941212177276611,0.030504822731018066,0.01394498348236084,4.525966569529919,0.005941212177276611,0.030504822731018066,-0.01394498348236084,0.8145840764045715,0.8426196575164795,0.6717002391815186,0.04400264099240303
002839:0,True,79,37.995723724365234,0.0,0,1.4655528511490927,True,0.040347032248973846,0.015554727986454964,0.03722812607884407,0.024688124656677246,0.013900697231292725,0.006987631320953369,0.07891666889190674,12.691311100584093,-0.013900697231292725,-0.006987631320953369,0.07891666889190674,0.772769570350647,0.8043885827064514,0.4802625775337219,0.08525139838457108,0.0831756591796875,0.01869789883494377,0.005064725875854492,0.005238354206085205,0.04871183633804321,0.020604968070983887,0.5339158874198967,-0.005238354206085205,0.04871183633804321,0.020604968070983887,0.6989309787750244,0.7063398957252502,0.6000097393989563,-0.04490436613559723
002839:3,True,62,35.17972946166992,0.0,0,1.1069837414384551,True,0.1256949007511139,0.05624176561832428,0.1124102845788002,0.04404497146606445,0.14401602745056152,0.020107388496398926,0.07526493072509766,22.49346220016546,-0.14401602745056152,0.020107388496398926,-0.07526493072509766,0.568688154220581,0.594997763633728,0.14152458310127258,0.1274486631155014,0.06105610728263855,0.1118718609213829,0.015396595001220703,0.1016191840171814,0.04233098030090332,0.04150378704071045,32.40226351591308,-0.1016191840171814,0.04233098030090332,-0.04150378704071045,0.5842317938804626,0.596231997013092,0.3168068528175354,-0.0017537623643875122
002839:4,True,53,37.1707878112793,0.0,0,2.3842205128271914,False,0.20664405822753906,0.16679272055625916,0.12199163436889648,0.03980445861816406,0.015607774257659912,0.006973445415496826,0.001175999641418457,6.121632175704798,-0.015607774257659912,-0.006973445415496826,-0.001175999641418457,0.4238375723361969,0.4385870099067688,0.5543186068534851,0.18101640045642853,0.1519457995891571,0.09838401526212692,0.11166739463806152,0.01923549175262451,0.012521505355834961,0.07159137725830078,0.8395463622104573,0.01923549175262451,-0.012521505355834961,-0.07159137725830078,0.43906551599502563,0.48635250329971313,0.49949613213539124,0.025627657771110535
002845:0,True,58,35.30310821533203,0.0,0,1.474161624160483,True,0.27022701501846313,0.08022187650203705,0.2580447494983673,0.0319749116897583,0.010134994983673096,0.04285073280334473,0.08776521682739258,27.323113095314657,0.010134994983673096,0.04285073280334473,0.08776521682739258,0.3385393023490906,0.3507305383682251,0.2522258460521698,0.13776393234729767,0.04430345445871353,0.13044580817222595,0.02067875862121582,0.011646032333374023,0.012417435646057129,0.01938939094543457,12.015245316157891,-0.011646032333374023,0.012417435646057129,0.01938939094543457,0.5682209730148315,0.5791335701942444,0.4320216774940491,0.13246308267116547
002845:1,True,27,36.11069107055664,0.0,0,1.474161624160483,True,0.6782667636871338,0.648566484451294,0.1985127329826355,0.03320276737213135,0.0342252254486084,0.028555870056152344,0.04764962196350098,2.9607677042611384,-0.0342252254486084,0.028555870056152344,0.04764962196350098,0.0,0.0,0.4158898890018463,0.1263493299484253,0.12617409229278564,0.006652431562542915,0.1320725679397583,0.03973066806793213,0.012595832347869873,0.2480165958404541,1.584368018545507,-0.03973066806793213,0.012595832347869873,-0.2480165958404541,0.5364430546760559,0.6146529912948608,0.17742912471294403,0.5519174337387085
002845:2,True,72,32.674259185791016,0.0,0,1.932453729189358,True,0.15089328587055206,0.1453661173582077,0.04046567901968956,0.05024540424346924,0.07379764318466187,0.06594592332839966,0.05568253993988037,16.156966388292574,0.07379764318466187,0.06594592332839966,-0.05568253993988037,0.4940657913684845,0.51495361328125,0.43725505471229553,0.0569021962583065,0.04402526468038559,0.0360504612326622,0.0004012584686279297,0.10315936803817749,0.09191900491714478,0.12449157238006592,28.328609376065415,0.10315936803817749,0.09191900491714478,-0.12449157238006592,0.6153790950775146,0.6477605700492859,0.36137133836746216,0.09399108961224556
002845:3,True,68,34.957366943359375,0.0,0,2.5707012186109655,False,0.17274262011051178,0.15151217579841614,0.08297032862901688,0.048853278160095215,0.03998255729675293,0.062491655349731445,0.0025292634963989258,59.05325047946197,-0.03998255729675293,-0.062491655349731445,0.0025292634963989258,0.49125972390174866,0.5133769512176514,0.6022330522537231,0.1482250988483429,0.12500743567943573,0.07964813709259033,0.009619474411010742,0.022716104984283447,0.07242393493652344,0.03424990177154541,46.77184270926135,0.022716104984283447,-0.07242393493652344,-0.03424990177154541,0.5492534041404724,0.5585010051727295,0.5603774785995483,0.024517521262168884
002845:4,True,65,33.921268463134766,0.0,0,1.932453729189358,True,0.20556959509849548,0.07928125560283661,0.18966639041900635,0.11400425434112549,0.7620387077331543,0.15394657850265503,0.07597827911376953,0.911439112181176,-0.7620387077331543,-0.15394657850265503,0.07597827911376953,0.3364620506763458,0.3646245002746582,0.49342048168182373,0.1985522359609604,0.04906943440437317,0.19239331781864166,0.07285666465759277,0.6975527405738831,0.07923007011413574,0.03060734272003174,21.07666968518272,-0.6975527405738831,-0.07923007011413574,0.03060734272003174,0.36742496490478516,0.3889642059803009,0.36473986506462097,0.007017359137535095
002865:0,True,100,30.01719093322754,0.0,0,,False,0.11891604959964752,0.1185595914721489,0.009200467728078365,0.15754610300064087,0.005000293254852295,0.05018669366836548,0.025896072387695312,4.123839636887589,0.005000293254852295,-0.05018669366836548,-0.025896072387695312,0.5536389350891113,0.6429334282875061,0.4332071542739868,0.08110804110765457,0.07326360791921616,0.03479882702231407,0.09736877679824829,0.04265528917312622,0.033381521701812744,0.03657662868499756,7.313100847176663,0.04265528917312622,-0.033381521701812744,-0.03657662868499756,0.6749131083488464,0.7436967492103577,0.20605982840061188,0.03780800849199295
002931:0,True,44,38.639007568359375,0.0,0,,False,0.0994420126080513,0.07370425015687943,0.06675626337528229,0.057976365089416504,0.027177751064300537,0.01580911874771118,0.025555133819580078,4.117657860946556,0.027177751064300537,0.01580911874771118,0.025555133819580078,0.6951627135276794,0.7377423048019409,0.4071400761604309,0.09779132157564163,0.07976451516151428,0.056575316935777664,0.06409275531768799,0.025681257247924805,0.031110703945159912,0.03306770324707031,2.8879506027774604,-0.025681257247924805,-0.031110703945159912,-0.03306770324707031,0.6752327084541321,0.7216679453849792,0.5339069366455078,0.001650691032409668
002937:0,True,65,38.639007568359375,0.0,0,,False,0.07202935963869095,0.06295619159936905,0.0349963940680027,0.014036297798156738,0.01778411865234375,0.04392683506011963,0.024445533752441406,0.9876280511398328,0.01778411865234375,0.04392683506011963,0.024445533752441406,0.7738769054412842,0.785653293132782,0.478493332862854,0.06587298959493637,0.06534260511398315,0.008342336863279343,0.015171647071838379,0.010763704776763916,0.024048209190368652,0.008277535438537598,1.5695601684249192,-0.010763704776763916,0.024048209190368652,-0.008277535438537598,0.7828050851821899,0.7954750657081604,0.5719643235206604,0.006156370043754578
002952:0,True,26,38.625736236572266,0.0,1,,False,0.10980581492185593,0.02414857968688011,0.10711752623319626,0.029750466346740723,0.01983886957168579,0.015828728675842285,0.010129332542419434,5.313904477113931,0.01983886957168579,0.015828728675842285,0.010129332542419434,0.7217649221420288,0.7442060112953186,0.2886805534362793,0.06347037851810455,0.032266922295093536,0.05465652048587799,0.036058783531188965,0.00978153944015503,0.05053365230560303,0.02617478370666504,0.40463770927556636,-0.00978153944015503,-0.05053365230560303,-0.02617478370666504,0.8157282471656799,0.8490932583808899,0.45505490899086,0.04633543640375137
002973:0,True,62,38.625736236572266,0.0,0,,False,0.04991396889090538,0.03977400064468384,0.030156821012496948,0.03289985656738281,0.012998878955841064,0.040144920349121094,0.017586112022399902,0.47599952572385956,0.012998878955841064,0.040144920349121094,0.017586112022399902,0.8215386271476746,0.8516440987586975,0.5185993313789368,0.05447811260819435,0.046006616204977036,0.029176298528909683,0.007565498352050781,0.016452789306640625,0.01637929677963257,0.018428564071655273,1.3962372880466756,-0.016452789306640625,0.01637929677963257,-0.018428564071655273,0.829175591468811,0.8375508189201355,0.6309049129486084,-0.004564143717288971
003018:0,True,61,38.625736236572266,0.0,0,,False,0.0916069895029068,0.03960631787776947,0.08260254561901093,0.015584945678710938,0.01174861192703247,0.04877340793609619,0.018522977828979492,0.27710441709308825,0.01174861192703247,0.04877340793609619,0.018522977828979492,0.7989543676376343,0.8125486969947815,0.4476049840450287,0.0552862174808979,0.03106214478611946,0.04573521390557289,0.00725710391998291,0.015280663967132568,0.030497491359710693,0.029843926429748535,0.6922360299151213,-0.015280663967132568,0.030497491359710693,-0.029843926429748535,0.8108720183372498,0.8240184187889099,0.6226353645324707,0.036320772022008896
003048:0,True,66,38.625736236572266,0.0,0,,False,0.06162824481725693,0.047618865966796875,0.03912140801548958,0.01049947738647461,0.0189705491065979,0.04427623748779297,0.007135152816772461,2.4063403040215214,0.0189705491065979,0.04427623748779297,0.007135152816772461,0.8158748745918274,0.8252249360084534,0.4815327227115631,0.04859907925128937,0.04687630012631416,0.012825092300772667,0.004648804664611816,0.019137859344482422,0.03816920518875122,0.018793821334838867,1.6651828168050977,-0.019137859344482422,0.03816920518875122,-0.018793821334838867,0.83393794298172,0.8424718976020813,0.621583104133606,0.01302916556596756
003066:0,True,116,38.625736236572266,0.0,0,,False,0.06309346854686737,0.00465079490095377,0.06292182952165604,0.015914440155029297,0.007397353649139404,0.008913576602935791,0.012773633003234863,5.708798694167388,0.007397353649139404,0.008913576602935791,0.012773633003234863,0.8076508641242981,0.8215564489364624,0.46975675225257874,0.06829079240560532,0.05238958075642586,0.04380599036812782,0.010276198387145996,0.006285727024078369,0.02342665195465088,0.008297085762023926,3.7274628140420676,-0.006285727024078369,0.02342665195465088,0.008297085762023926,0.786112368106842,0.7946988940238953,0.6714214086532593,-0.0051973238587379456
003075:0,True,51,38.64937210083008,0.0,1,1.0989588385389433,True,0.11231620609760284,0.04597553238272667,0.10247527807950974,0.09496212005615234,0.009968042373657227,0.01200634241104126,0.015366792678833008,19.265795290915577,0.009968042373657227,-0.01200634241104126,0.015366792678833008,0.6210811734199524,0.6826176643371582,0.412997305393219,0.055914100259542465,0.012866992503404617,0.054413486272096634,0.05753803253173828,0.020712554454803467,0.08997416496276855,0.018407821655273438,0.07290908166638707,-0.020712554454803467,-0.08997416496276855,0.018407821655273438,0.811343789100647,0.8634321689605713,0.7209958434104919,0.05640210583806038
003075:1,True,48,38.975341796875,0.0,1,1.0989588385389433,True,0.12939514219760895,0.050069864839315414,0.11931516975164413,0.1847696304321289,0.061341047286987305,0.08890122175216675,0.03453326225280762,8.769635045216212,-0.061341047286987305,0.08890122175216675,-0.03453326225280762,0.5231523513793945,0.6280742287635803,0.3723200857639313,0.0877615287899971,0.052932415157556534,0.0700017511844635,0.09914290904998779,0.008637189865112305,0.03434336185455322,0.03346669673919678,24.557234821107166,-0.008637189865112305,0.03434336185455322,-0.03346669673919678,0.626166582107544,0.6922866702079773,0.5815767645835876,0.04163361340761185
003077:0,True,76,38.56270980834961,0.0,0,1.0827910468536834,True,0.12748853862285614,0.028983622789382935,0.12415020912885666,0.00900411605834961,0.0016364455223083496,0.06395173072814941,0.03810012340545654,30.173880602992742,-0.0016364455223083496,-0.06395173072814941,0.03810012340545654,0.6217073202133179,0.6326392292976379,0.3161070942878723,0.018106160685420036,0.017392616719007492,0.005032883491367102,0.0776907205581665,0.02854698896408081,0.08064907789230347,0.08197486400604248,5.399329198321109,-0.02854698896408081,-0.08064907789230347,0.08197486400604248,0.7849005460739136,0.8502731323242188,0.6349278092384338,0.1093823779374361
003077:1,True,42,38.9368896484375,0.0,1,1.0827910468536834,True,0.07329957187175751,0.014436730183660984,0.0718638226389885,0.07238495349884033,0.06447452306747437,0.03925049304962158,0.036635637283325195,8.574933672735828,-0.06447452306747437,0.03925049304962158,-0.036635637283325195,0.7020684480667114,0.7578749060630798,0.39300674200057983,0.1516827791929245,0.0799272358417511,0.12891587615013123,0.05630481243133545,0.009213149547576904,0.06588089466094971,0.012270927429199219,17.364007436329896,0.009213149547576904,0.06588089466094971,-0.012270927429199219,0.5673395991325378,0.5983437895774841,0.6241406202316284,-0.07838320732116699
003394:0,True,21,69.65715789794922,0.0,0,,False,0.05104265734553337,0.029939787462353706,0.04133959114551544,0.11494755744934082,0.05794966220855713,0.029282093048095703,0.01287376880645752,18.049744768620837,0.05794966220855713,0.029282093048095703,0.01287376880645752,0.6662899255752563,0.751517117023468,0.3245970606803894,0.040177326649427414,0.03367084637284279,0.021920116618275642,0.008646965026855469,0.04841679334640503,0.05637282133102417,0.024838566780090332,21.77001220574338,0.04841679334640503,-0.05637282133102417,0.024838566780090332,0.7362812161445618,0.7457094788551331,0.6132484078407288,0.010865330696105957
003412:0,True,40,53.739837646484375,0.0,0,,False,0.1502198427915573,0.11454794555902481,0.0971842035651207,0.04940342903137207,0.016835570335388184,0.009662866592407227,0.06377530097961426,4.956186524970682,0.016835570335388184,-0.009662866592407227,0.06377530097961426,0.5496286153793335,0.5758159160614014,0.13557273149490356,0.11818037182092667,0.09185510873794556,0.07435884326696396,0.0009477138519287109,0.04681307077407837,0.0006882548332214355,0.060424089431762695,10.464378920749125,0.04681307077407837,-0.0006882548332214355,0.060424089431762695,0.6333716511726379,0.6530846357345581,0.11254969984292984,0.032039470970630646
003433:0,True,32,54.524192810058594,0.0,0,0.9582721635333353,True,0.31014159321784973,0.18876010179519653,0.24608419835567474,0.06115841865539551,0.09573149681091309,0.08513838052749634,0.08598482608795166,10.436402465908753,-0.09573149681091309,-0.08513838052749634,0.08598482608795166,0.2696480453014374,0.2811140716075897,0.294861763715744,0.30757826566696167,0.00751413032412529,0.30748647451400757,0.017079591751098633,0.06317907571792603,0.05144083499908447,0.08159089088439941,5.79640907590897,-0.06317907571792603,-0.05144083499908447,0.08159089088439941,0.33155709505081177,0.3414217233657837,0.3343164026737213,0.0025633275508880615
003433:1,True,15,54.29697036743164,0.0,0,0.9582721635333353,True,0.1495288461446762,0.12653039395809174,0.07968021184206009,0.1479175090789795,0.0017820000648498535,0.044868648052215576,0.04109323024749756,1.1342280437614873,-0.0017820000648498535,0.044868648052215576,0.04109323024749756,0.447151243686676,0.5110936164855957,0.21444876492023468,0.14523974061012268,0.07404348999261856,0.12494857609272003,0.027627944946289062,0.012460708618164062,0.09061026573181152,0.02786386013031006,14.324607406620071,0.012460708618164062,0.09061026573181152,0.02786386013031006,0.5233163237571716,0.5370765924453735,0.18316753208637238,0.004289105534553528
003448:0,True,45,42.2153205871582,0.0,0,2.4972394992088986,False,0.08006120473146439,0.06725700944662094,0.04343146085739136,0.015327215194702148,0.0005320310592651367,0.02395850419998169,0.03992915153503418,9.2140617941306,0.0005320310592651367,0.02395850419998169,0.03992915153503418,0.6815797686576843,0.6953378319740295,0.4194697141647339,0.022634759545326233,0.016818374395370483,0.015148421749472618,0.01324462890625,0.0056632161140441895,0.020301520824432373,0.01331186294555664,6.757420334595435,0.0056632161140441895,0.020301520824432373,0.01331186294555664,0.8590548038482666,0.8716745972633362,0.30278947949409485,0.05742644518613815
003448:1,True,28,44.6693115234375,0.0,0,2.4972394992088986,False,0.11830416321754456,0.06924249231815338,0.09592368453741074,0.12961149215698242,0.0013692975044250488,0.05252808332443237,0.12356656789779663,6.535927317724591,0.0013692975044250488,0.05252808332443237,0.12356656789779663,0.5093035697937012,0.6332378387451172,0.45978599786758423,0.034468282014131546,0.02936127781867981,0.018054857850074768,0.007835149765014648,0.015170276165008545,0.00431513786315918,0.10481131076812744,4.956459732537482,0.015170276165008545,-0.00431513786315918,-0.10481131076812744,0.7787564992904663,0.8678264617919922,0.14910179376602173,0.08383588120341301
003487:0,True,19,27.91278076171875,0.0,0,0.8110765965518693,True,0.25737062096595764,0.17214322090148926,0.19132786989212036,0.15303003787994385,0.009855270385742188,0.048197388648986816,0.21942102909088135,4.257001004946158,-0.009855270385742188,-0.048197388648986816,0.21942102909088135,0.35988160967826843,0.41178175806999207,0.4095543324947357,0.07987802475690842,0.015976574271917343,0.07826396822929382,0.23895025253295898,0.05844026803970337,0.03630012273788452,0.20977210998535156,4.108022285260503,-0.05844026803970337,-0.03630012273788452,0.20977210998535156,0.5661307573318481,0.7330349683761597,0.47086209058761597,0.17749259620904922
003487:2,True,70,29.985424041748047,0.0,0,1.4041217071063845,True,0.6192388534545898,0.5014520883560181,0.36332160234451294,0.04611849784851074,0.2634492814540863,0.001944124698638916,0.052625417709350586,16.566782747449672,0.2634492814540863,-0.001944124698638916,0.052625417709350586,0.007075721397995949,0.007305447943508625,0.27638939023017883,0.13877223432064056,0.12833088636398315,0.05281022563576698,0.15315449237823486,0.20961102843284607,0.011885762214660645,0.2482830286026001,13.815363983715097,0.20961102843284607,0.011885762214660645,-0.2482830286026001,0.4397154450416565,0.4992784261703491,0.19526873528957367,0.4804666191339493
003498:0,True,94,24.87386703491211,0.0,0,,False,0.10884427279233932,0.02274918369948864,0.10644035786390305,0.15307176113128662,0.12403902411460876,0.03049558401107788,0.01249992847442627,5.687512182247958,0.12403902411460876,0.03049558401107788,-0.01249992847442627,0.4891107678413391,0.5666961669921875,0.4521501660346985,0.03943982720375061,0.036746151745319366,0.014325505122542381,0.12884163856506348,0.08670192956924438,0.02717137336730957,0.012789011001586914,5.361452611649889,0.08670192956924438,-0.02717137336730957,-0.012789011001586914,0.6685664057731628,0.767978310585022,0.4111224114894867,0.06940444558858871
003666:0,True,104,26.903087615966797,0.0,1,,False,0.06837444007396698,0.06305087357759476,0.026450922712683678,0.11626201868057251,0.029186010360717773,0.014904379844665527,0.022665858268737793,3.7054222483326082,0.029186010360717773,-0.014904379844665527,0.022665858268737793,0.6913116574287415,0.7811453938484192,0.31722044944763184,0.05563651770353317,0.027244869619607925,0.04850916564464569,0.05054861307144165,0.022092103958129883,0.009020209312438965,0.02948153018951416,2.104227376653517,-0.022092103958129883,-0.009020209312438965,0.02948153018951416,0.7637013792991638,0.8053038120269775,0.6051054000854492,0.012737922370433807
003711:0,True,45,42.84834671020508,0.0,0,,False,0.05104432255029678,0.04409729316830635,0.025708971545100212,0.0898277759552002,0.061076581478118896,0.03594708442687988,0.03987312316894531,8.366512271445725,-0.061076581478118896,0.03594708442687988,0.03987312316894531,0.7296538949012756,0.8017677664756775,0.5922064185142517,0.05939411371946335,0.03883625194430351,0.04493780434131622,0.02225804328918457,0.08669209480285645,0.0022829771041870117,0.007275700569152832,1.7404824646809893,-0.08669209480285645,0.0022829771041870117,0.007275700569152832,0.7369503974914551,0.7538806200027466,0.7257446050643921,-0.008349791169166565
003713:0,True,50,41.884639739990234,0.0,1,,False,0.09869863092899323,0.09264223277568817,0.03404168412089348,0.20497453212738037,0.05187326669692993,0.011978447437286377,0.04160153865814209,10.197941892648933,-0.05187326669692993,0.011978447437286377,0.04160153865814209,0.5745207667350769,0.7067083120346069,0.6098435521125793,0.054185185581445694,0.02403608337044716,0.048562340438365936,0.17018723487854004,0.017722785472869873,0.004793763160705566,0.01161181926727295,3.2179070236681073,-0.017722785472869873,0.004793763160705566,-0.01161181926727295,0.6899340152740479,0.8310537338256836,0.5431641936302185,0.04451344534754753
003767:0,True,62,41.09456253051758,0.0,1,,False,0.13546697795391083,0.08355353027582169,0.10663070529699326,0.05183851718902588,0.0014278292655944824,0.03825664520263672,0.020748138427734375,23.38658502096767,-0.0014278292655944824,-0.03825664520263672,0.020748138427734375,0.5960046648979187,0.6261389851570129,0.510612964630127,0.15359042584896088,0.03169713169336319,0.15028409659862518,0.05220186710357666,0.054026007652282715,0.00857686996459961,0.004170060157775879,2.348564188574555,0.054026007652282715,-0.00857686996459961,0.004170060157775879,0.5777021050453186,0.6071145534515381,0.6641330122947693,-0.01812344789505005
003797:0,True,45,47.53603744506836,0.0,1,,False,0.12927374243736267,0.052789993584156036,0.11800388991832733,0.042902231216430664,0.045230090618133545,0.012906491756439209,0.12882590293884277,12.691027875104623,0.045230090618133545,0.012906491756439209,0.12882590293884277,0.6083584427833557,0.6504923701286316,0.4944441020488739,0.18691325187683105,0.07295515388250351,0.17208752036094666,0.060729265213012695,0.017679810523986816,0.07980269193649292,0.04458332061767578,1.2995491301559752,-0.017679810523986816,-0.07980269193649292,0.04458332061767578,0.4976535439491272,0.5264705419540405,0.540910542011261,-0.057639509439468384
003848:0,True,66,27.033601760864258,0.0,1,2.600315521108918,False,0.11710657924413681,0.10421614348888397,0.053412966430187225,0.08475887775421143,0.00666576623916626,0.08476144075393677,0.08433711528778076,9.563320329615705,0.00666576623916626,-0.08476144075393677,0.08433711528778076,0.5794326663017273,0.6286812424659729,0.22183005511760712,0.14564122259616852,0.11421399563550949,0.0903688371181488,0.0445559024810791,0.028347313404083252,0.0021105408668518066,0.06983828544616699,4.268031305713557,0.028347313404083252,-0.0021105408668518066,0.06983828544616699,0.5784702897071838,0.6045448780059814,0.27864810824394226,-0.028534643352031708
003848:1,True,38,33.562644958496094,0.0,1,4.390787833109666,False,0.04658275097608566,0.020218566060066223,0.04196620360016823,0.11674654483795166,0.05884605646133423,0.030733823776245117,0.037627458572387695,22.718647161653784,0.05884605646133423,0.030733823776245117,0.037627458572387695,0.6497389674186707,0.7326297760009766,0.38576647639274597,0.07691735029220581,0.06508051604032516,0.040997616946697235,0.1288982629776001,0.057415127754211426,0.07445615530014038,0.016530275344848633,2.9256878526839527,0.057415127754211426,0.07445615530014038,0.016530275344848633,0.6431350708007812,0.7347325682640076,0.33852246403694153,-0.030334599316120148
003848:2,True,42,29.456130981445312,0.0,1,2.600315521108918,False,0.06058798357844353,0.06058797985315323,1.708976924419403e-05,0.09948897361755371,0.09501415491104126,0.008583545684814453,0.1092003583908081,0.7946446986067934,0.09501415491104126,-0.008583545684814453,0.1092003583908081,0.6437610983848572,0.7197200655937195,0.33138519525527954,0.061464130878448486,0.013254047371447086,0.06001807376742363,0.08196139335632324,0.06827503442764282,0.00025141239166259766,0.1364816427230835,6.686803008766673,0.06827503442764282,0.00025141239166259766,0.1364816427230835,0.694227397441864,0.7625571489334106,0.3955194354057312,-0.0008761473000049591
003854:0,True,126,23.500825881958008,0.0,1,2.677501830812749,False,0.3080127239227295,0.23143832385540009,0.20324400067329407,0.05848097801208496,0.13589125871658325,0.03873723745346069,0.08193302154541016,37.401970639784416,-0.13589125871658325,-0.03873723745346069,0.08193302154541016,0.34612831473350525,0.36216744780540466,0.1802658587694168,0.07875360548496246,0.041503988206386566,0.06692943722009659,0.026125788688659668,0.05720788240432739,0.024429917335510254,0.07927250862121582,50.981744096181764,-0.05720788240432739,-0.024429917335510254,0.07927250862121582,0.6401013731956482,0.6652274131774902,0.14234954118728638,0.22925911843776703
003854:1,True,39,45.19559860229492,0.0,0,28.128655479675476,False,0.08688024431467056,0.062061287462711334,0.06079946458339691,0.0409245491027832,0.013278543949127197,0.014514386653900146,0.020590543746948242,8.136280254902935,-0.013278543949127197,-0.014514386653900146,-0.020590543746948242,0.6971197128295898,0.7271575927734375,0.46244826912879944,0.053758405148983,0.0015142085030674934,0.05373707786202431,0.037265896797180176,0.0020700693130493164,0.017101407051086426,0.03341364860534668,8.360856874812955,-0.0020700693130493164,-0.017101407051086426,-0.03341364860534668,0.7764215469360352,0.8084079623222351,0.4080445170402527,0.03312183916568756
003854:2,True,87,23.305580139160156,0.0,1,3.447597673754964,False,0.14236661791801453,0.1146080493927002,0.08445856720209122,0.07998001575469971,0.0915907621383667,0.03522247076034546,0.0020208358764648438,0.19358486392217236,0.0915907621383667,-0.03522247076034546,0.0020208358764648438,0.5559987425804138,0.5986326336860657,0.2160893678665161,0.04544873163104057,0.03992205113172531,0.021721359342336655,0.02588033676147461,0.011095881462097168,0.0038373470306396484,0.032196640968322754,5.915773461844113,0.011095881462097168,-0.0038373470306396484,0.032196640968322754,0.7995937466621399,0.8213772177696228,0.14097462594509125,0.09691788628697395
003854:3,True,53,25.455867767333984,0.0,1,2.677501830812749,False,0.01384375337511301,0.013149977661669254,0.0043275365605950356,0.13717615604400635,0.10024559497833252,0.027173876762390137,0.1058509349822998,16.902238837112844,0.10024559497833252,0.027173876762390137,0.1058509349822998,0.6448792815208435,0.754949152469635,0.2361135184764862,0.09946498274803162,0.09946488589048386,0.00014058127999305725,0.08340418338775635,0.060508787631988525,0.005980312824249268,0.06488573551177979,3.8598150320550757,0.060508787631988525,-0.005980312824249268,0.06488573551177979,0.6084977388381958,0.6658892631530762,0.20145130157470703,-0.0856212293729186
003893:0,True,100,26.977691650390625,0.0,0,9.24125483774848,False,0.10082989931106567,0.10019025951623917,0.011339307762682438,0.04190254211425781,0.00813436508178711,0.020270049571990967,0.0010410547256469727,5.691859825025757,-0.00813436508178711,0.020270049571990967,0.0010410547256469727,0.6802360415458679,0.709619402885437,0.4099107086658478,0.11945972591638565,0.1177137941122055,0.020349131897091866,0.01962745189666748,0.035616934299468994,0.030084848403930664,0.0029622316360473633,0.9654832113599879,0.035616934299468994,0.030084848403930664,0.0029622316360473633,0.6624521613121033,0.675450325012207,0.46440568566322327,-0.018629826605319977
003893:1,True,127,20.635095596313477,0.0,1,9.24125483774848,False,0.11557284742593765,0.030214957892894745,0.11155330389738083,0.06971341371536255,0.04212456941604614,0.009037971496582031,0.031080126762390137,0.5017356785164676,-0.04212456941604614,0.009037971496582031,0.031080126762390137,0.613484799861908,0.6562886834144592,0.2757794260978699,0.10039103031158447,0.02801729366183281,0.09640223532915115,0.014024555683135986,0.05661386251449585,0.028860926628112793,0.09787523746490479,2.1247999064335956,-0.05661386251449585,-0.028860926628112793,-0.09787523746490479,0.6496694684028625,0.6852233409881592,0.44874539971351624,0.01518181711435318
003905:0,True,146,20.828445434570312,0.0,0,36.64475673757622,False,0.05429176241159439,0.029242947697639465,0.04574325308203697,0.009460687637329102,0.07730656862258911,0.02143561840057373,0.017012715339660645,5.367862971557032,-0.07730656862258911,0.02143561840057373,0.017012715339660645,0.7754776477813721,0.7828804850578308,0.6003710031509399,0.07069393992424011,0.03052544966340065,0.06376385688781738,0.07930076122283936,0.06870639324188232,0.01629728078842163,0.045638322830200195,2.7651438015006313,-0.06870639324188232,-0.01629728078842163,0.045638322830200195,0.6906098127365112,0.7474911212921143,0.6993805170059204,-0.01640217751264572
003919:0,True,131,52.495506286621094,0.0,0,,False,0.16673818230628967,0.0511445589363575,0.15870054066181183,0.1917649507522583,0.13373231887817383,0.06636345386505127,0.11585891246795654,2.1339596448527547,0.13373231887817383,0.06636345386505127,0.11585891246795654,0.6716518998146057,0.8261786699295044,0.4726238250732422,0.23605385422706604,0.21888014674186707,0.08839063346385956,0.0964287519454956,0.06467866897583008,0.11904871463775635,0.026235580444335938,3.065508200441112,-0.06467866897583008,0.11904871463775635,0.026235580444335938,0.7406607270240784,0.822920560836792,0.38926202058792114,-0.06931567192077637
003949:0,True,261,29.69087028503418,0.0,0,,False,0.1384408324956894,0.0344984233379364,0.13407355546951294,0.026057124137878418,0.07886886596679688,0.11072993278503418,0.00013744831085205078,1.444738916085108,-0.07886886596679688,0.11072993278503418,-0.00013744831085205078,0.825243353843689,0.8489341735839844,0.46511152386665344,0.30338403582572937,0.21361702680587769,0.21542897820472717,0.07512211799621582,0.39052891731262207,0.06642019748687744,0.07446646690368652,1.4802558997691744,-0.39052891731262207,0.06642019748687744,-0.07446646690368652,0.658354640007019,0.7123816609382629,0.29454848170280457,-0.16494320333003998
003961:0,True,832,20.970149993896484,0.0,0,,False,0.08161108195781708,0.0803525522351265,0.01427706889808178,0.004000663757324219,0.2685108184814453,0.012491703033447266,0.010202646255493164,4.358333691472468,-0.2685108184814453,-0.012491703033447266,-0.010202646255493164,0.8610948324203491,0.8660450577735901,0.5243093371391296,0.21450680494308472,0.1778145432472229,0.11997981369495392,0.02069079875946045,0.5109739303588867,0.03335440158843994,0.0458446741104126,4.839253686380063,-0.5109739303588867,-0.03335440158843994,-0.0458446741104126,0.767709493637085,0.7878124117851257,0.4615491032600403,-0.13289572298526764
004122:1,True,23,53.802242279052734,0.0,0,8.026281391391507,False,0.07271432131528854,0.07100044190883636,0.01569429226219654,0.0689551830291748,0.09105700254440308,0.0219954252243042,0.0385512113571167,8.125011809263077,0.09105700254440308,0.0219954252243042,-0.0385512113571167,0.7078235149383545,0.7603939771652222,0.1672617644071579,0.026163775473833084,0.004403028637170792,0.025790629908442497,0.005759119987487793,0.06707918643951416,0.014523684978485107,0.07349884510040283,9.810299970003365,0.06707918643951416,0.014523684978485107,-0.07349884510040283,0.7930618524551392,0.8240822553634644,0.24186068773269653,0.04655054584145546
004122:2,True,24,48.01327896118164,0.0,0,8.35521105336582,False,0.2434263527393341,0.0928710550069809,0.2250141203403473,0.04893898963928223,0.03460174798965454,0.029970884323120117,0.008440375328063965,6.412381489526736,0.03460174798965454,-0.029970884323120117,-0.008440375328063965,0.39032214879989624,0.4063093662261963,0.3743382692337036,0.35430580377578735,0.15225377678871155,0.3199240565299988,0.06400656700134277,0.020957231521606445,0.0655943751335144,0.03161787986755371,22.48030088037702,-0.020957231521606445,-0.0655943751335144,-0.03161787986755371,0.23045466840267181,0.24171610176563263,0.47036099433898926,-0.11087945103645325
004122:3,True,10,55.168819427490234,0.0,0,8.35521105336582,False,0.058326877653598785,0.03890019282698631,0.04346032440662384,0.1782170534133911,0.06146407127380371,0.06883984804153442,0.05588412284851074,4.837695036758637,0.06146407127380371,0.06883984804153442,0.05588412284851074,0.638910174369812,0.7727726697921753,0.13852010667324066,0.04242958500981331,9.349547326564789e-05,0.04242948070168495,0.15963959693908691,0.0033878684043884277,0.0311582088470459,0.022296786308288574,8.976215937896082,-0.0033878684043884277,0.0311582088470459,0.022296786308288574,0.6911823153495789,0.822615921497345,0.3540511727333069,0.015897292643785477
004122:4,True,99,29.328407287597656,0.0,0,2.3935845643752245,False,0.11108709126710892,0.04615803435444832,0.10104344040155411,0.006654858589172363,0.008122503757476807,0.016481459140777588,0.01945948600769043,1.3608295873893295,-0.008122503757476807,-0.016481459140777588,0.01945948600769043,0.6783998012542725,0.6849158406257629,0.598395824432373,0.0875389501452446,0.03651310130953789,0.07956042885780334,0.01331031322479248,0.005571246147155762,0.013196825981140137,0.042647361755371094,1.9165137424362289,-0.005571246147155762,0.013196825981140137,0.042647361755371094,0.7348649501800537,0.7513288855552673,0.6487576961517334,0.02354814112186432
004161:0,True,105,27.954389572143555,0.0,0,,False,0.08233179897069931,0.07845710217952728,0.024960143491625786,0.020343542098999023,0.038103699684143066,0.05885660648345947,0.015295863151550293,6.7612488829963135,-0.038103699684143066,-0.05885660648345947,-0.015295863151550293,0.6975409388542175,0.7131282091140747,0.379470556974411,0.1021546870470047,0.09288239479064941,0.042525775730609894,0.0006077289581298828,0.029390275478363037,0.019060730934143066,0.004387021064758301,4.303801461139085,0.029390275478363037,-0.019060730934143066,0.004387021064758301,0.6740013957023621,0.6755314469337463,0.38361164927482605,-0.01982288807630539
004173:0,True,125,24.84892463684082,0.0,0,26.2410697041533,False,0.0543324314057827,0.05332010239362717,0.010439340025186539,0.000985264778137207,0.02864253520965576,0.020609736442565918,0.02709805965423584,0.9199977939533739,-0.02864253520965576,0.020609736442565918,0.02709805965423584,0.8164834380149841,0.8287175893783569,0.6593846082687378,0.05854756385087967,0.05806111544370651,0.007531549781560898,0.1043744683265686,0.0062754154205322266,0.028409719467163086,0.0299990177154541,2.758676067098801,0.0062754154205322266,0.028409719467163086,0.0299990177154541,0.7126693725585938,0.7991898655891418,0.5170318484306335,-0.00421513244509697
004239:0,True,19,61.572635650634766,0.0,0,,False,0.06938143074512482,0.05172397196292877,0.04624297842383385,0.07060956954956055,0.04639697074890137,0.04120016098022461,0.016754984855651855,0.5525349830973515,0.04639697074890137,0.04120016098022461,0.016754984855651855,0.7016136050224304,0.754978358745575,0.30786532163619995,0.09059440344572067,0.040579430758953094,0.08099787682294846,0.008169174194335938,0.027418136596679688,0.037861645221710205,0.0101853609085083,4.251191701685976,0.027418136596679688,-0.037861645221710205,-0.0101853609085083,0.7029992341995239,0.7088308334350586,0.3745867609977722,-0.021212972700595856
004320:1,True,29,33.564674377441406,0.0,0,7.423125395771366,False,0.1165732815861702,0.11566906422376633,0.014491289854049683,0.07184028625488281,0.04692301154136658,0.010428279638290405,0.0039517879486083984,3.5613016143796683,-0.04692301154136658,-0.010428279638290405,0.0039517879486083984,0.4833233654499054,0.5203529000282288,0.3817217946052551,0.05292102321982384,0.03608217462897301,0.03871319442987442,0.062275052070617676,0.026959538459777832,0.009029775857925415,0.08681714534759521,2.860005111159439,-0.026959538459777832,0.009029775857925415,0.08681714534759521,0.710267961025238,0.7623115181922913,0.32998499274253845,0.06365225836634636
004320:2,True,38,31.4172306060791,0.0,0,7.423125395771366,False,0.04436204209923744,0.012448620982468128,0.04257960617542267,0.09111475944519043,0.03255772590637207,0.02178281545639038,0.013828277587890625,3.517236876320417,0.03255772590637207,-0.02178281545639038,-0.013828277587890625,0.7378287315368652,0.8130657076835632,0.4884287714958191,0.09563737362623215,0.039509207010269165,0.08709494769573212,0.037586212158203125,0.019752204418182373,0.020673632621765137,0.01843428611755371,3.8927606768877183,0.019752204418182373,0.020673632621765137,-0.01843428611755371,0.6557670831680298,0.680352509021759,0.4719129800796509,-0.051275331526994705
004392:2,True,20,50.55278015136719,0.0,1,0.8727131934065773,True,0.3111535608768463,0.2869575619697571,0.12029929459095001,0.3705974817276001,0.033920466899871826,0.005582630634307861,0.06099390983581543,5.202818280452844,-0.033920466899871826,0.005582630634307861,0.06099390983581543,0.23595039546489716,0.32072746753692627,0.35169997811317444,0.20584644377231598,0.1634281873703003,0.12515585124492645,0.20983338356018066,0.02571558952331543,0.010967254638671875,0.001677393913269043,6.715076804207027,0.02571558952331543,-0.010967254638671875,0.001677393913269043,0.3944751024246216,0.47644415497779846,0.18559597432613373,0.10530711710453033
004392:5,True,18,64.7207260131836,0.0,1,16.552807566436023,False,0.08665765821933746,0.08314470946788788,0.02442348375916481,0.07541310787200928,4.875659942626953e-05,0.04610413312911987,0.024080395698547363,1.1682014046931308,4.875659942626953e-05,-0.04610413312911987,0.024080395698547363,0.6586881875991821,0.7103167176246643,0.3176136016845703,0.017326893284916878,0.0038299672305583954,0.016898300498723984,0.039163947105407715,0.024966299533843994,0.011450588703155518,0.07828104496002197,1.899407306288846,0.024966299533843994,0.011450588703155518,0.07828104496002197,0.8857095837593079,0.9260164499282837,0.1945420503616333,0.06933076493442059
004403:0,True,22,63.091827392578125,0.0,1,,False,0.07951468974351883,0.028706150129437447,0.0741521567106247,0.05452156066894531,0.022675633430480957,0.06573766469955444,0.02650737762451172,3.222039288115965,-0.022675633430480957,-0.06573766469955444,0.02650737762451172,0.6919704079627991,0.7307062745094299,0.48278969526290894,0.09939896315336227,0.0955791100859642,0.027290794998407364,0.046816110610961914,0.06813347339630127,0.031934916973114014,0.01661813259124756,3.8504030313787982,-0.06813347339630127,-0.031934916973114014,0.01661813259124756,0.6414917707443237,0.6713022589683533,0.19600416719913483,-0.019884273409843445
004415:2,True,22,46.29493713378906,0.0,1,15.955878906490877,False,0.037646081298589706,0.03451109305024147,0.015040338039398193,0.192484050989151,0.1598568558692932,0.009139597415924072,0.12003827095031738,22.84603656512152,-0.1598568558692932,-0.009139597415924072,0.12003827095031738,0.5771695971488953,0.6927108764648438,0.19279249012470245,0.09406774491071701,0.002433720976114273,0.09403625130653381,0.19984474778175354,0.08807617425918579,0.04340332746505737,0.06416773796081543,27.904884475783163,-0.08807617425918579,0.04340332746505737,0.06416773796081543,0.5487131476402283,0.6675423383712769,0.1339292824268341,-0.056421663612127304
004427:0,True,49,43.778907775878906,0.0,1,6.490039836469987,False,0.5053160190582275,0.3905636668205261,0.32063114643096924,0.03368055820465088,0.023354768753051758,0.08113139867782593,0.07821011543273926,4.405591315597614,0.023354768753051758,0.08113139867782593,0.07821011543273926,0.1073930561542511,0.11035304516553879,0.3717491924762726,0.03726762905716896,0.0011659711599349976,0.037249382585287094,0.05374443531036377,0.0507885217666626,0.02848994731903076,0.010275483131408691,10.942710728703457,-0.0507885217666626,0.02848994731903076,0.010275483131408691,0.7632062435150146,0.808053195476532,0.2866493761539459,0.4680483900010586
004427:1,True,24,46.29261779785156,0.0,1,6.490039836469987,False,0.06256093829870224,0.051113393157720566,0.03607342019677162,0.0864187479019165,0.035540759563446045,0.01342540979385376,0.009941816329956055,7.278331541835628,-0.035540759563446045,-0.01342540979385376,-0.009941816329956055,0.7134044170379639,0.7818351984024048,0.33059728145599365,0.054457321763038635,0.02509838528931141,0.04832877963781357,0.03220343589782715,0.014023244380950928,0.02733379602432251,0.0015691518783569336,13.014816180432577,0.014023244380950928,0.02733379602432251,0.0015691518783569336,0.7595570683479309,0.7857536673545837,0.5803678631782532,0.008103616535663605
004427:2,True,31,43.296085357666016,0.0,1,1.064375031922682,True,0.17820942401885986,0.14668650925159454,0.1012011468410492,0.008649826049804688,0.013122618198394775,0.013012707233428955,0.024475812911987305,14.957304677540192,0.013122618198394775,-0.013012707233428955,0.024475812911987305,0.5210517048835754,0.5267797112464905,0.40237632393836975,0.0886661559343338,0.08038275688886642,0.037420593202114105,0.009329676628112793,0.04013091325759888,0.01807701587677002,0.043527841567993164,6.143546610285698,0.04013091325759888,0.01807701587677002,0.043527841567993164,0.7126750946044922,0.7290853261947632,0.2637624442577362,0.08954326808452606
004427:3,True,24,42.26570510864258,0.0,1,1.064375031922682,True,0.037800706923007965,0.02850218676030636,0.024829797446727753,0.14891278743743896,0.015479207038879395,0.06724202632904053,0.05769360065460205,1.5368845434355782,-0.015479207038879395,-0.06724202632904053,-0.05769360065460205,0.728939414024353,0.8631976246833801,0.3114883005619049,0.030695907771587372,0.010834292508661747,0.028720321133732796,0.049880266189575195,0.004162490367889404,0.07742303609848022,0.0028134584426879883,1.2144176523409362,-0.004162490367889404,-0.07742303609848022,0.0028134584426879883,0.7924684286117554,0.8363549709320068,0.47158166766166687,0.007104799151420593
004469:0,True,72,35.2589225769043,0.0,1,,False,0.08961872011423111,0.0754944384098053,0.048291854560375214,0.03331482410430908,0.03504645824432373,0.045537352561950684,0.011920332908630371,10.323622382333502,0.03504645824432373,0.045537352561950684,-0.011920332908630371,0.6926810145378113,0.7147526144981384,0.35249537229537964,0.054707396775484085,0.006249122321605682,0.05434931069612503,0.025800108909606934,0.0728190541267395,0.053676724433898926,0.08521342277526855,11.162697461491229,0.0728190541267395,0.053676724433898926,-0.08521342277526855,0.7355186343193054,0.7646209001541138,0.34202840924263,0.034911323338747025
004520:0,True,67,27.81566619873047,0.0,0,31.795446300149955,False,0.1349322348833084,0.04284278303384781,0.1279500126838684,0.07135307788848877,0.07445001602172852,0.03756183385848999,0.09074914455413818,21.87126657246532,0.07445001602172852,0.03756183385848999,0.09074914455413818,0.5256310105323792,0.5656952857971191,0.22857317328453064,0.17056240141391754,0.15816418826580048,0.0638406053185463,0.08262944221496582,0.0264168381690979,0.020291805267333984,0.04787862300872803,17.21025623564724,0.0264168381690979,-0.020291805267333984,0.04787862300872803,0.44826948642730713,0.48447147011756897,0.27457016706466675,-0.03563016653060913
004520:1,True,20,62.99347686767578,0.0,1,3.521692540084284,False,0.08804064989089966,0.0768696740269661,0.04292098432779312,0.016529083251953125,0.0006221532821655273,0.023639023303985596,0.0006843805313110352,18.29258531437147,0.0006221532821655273,0.023639023303985596,0.0006843805313110352,0.6813746094703674,0.6927008032798767,0.28534746170043945,0.14179697632789612,0.12406416982412338,0.06866197288036346,0.01270604133605957,0.03878772258758545,0.04546535015106201,0.05145609378814697,18.305508032281132,-0.03878772258758545,-0.04546535015106201,-0.05145609378814697,0.5601667165756226,0.5748813152313232,0.24207596480846405,-0.05375632643699646
004520:2,True,16,58.21220397949219,0.0,1,1.653304262481932,True,0.0923297330737114,0.048180241137742996,0.07876195013523102,0.00890803337097168,0.031307756900787354,0.024320602416992188,0.0206986665725708,13.327273656669652,0.031307756900787354,-0.024320602416992188,-0.0206986665725708,0.6694337129592896,0.6760849952697754,0.4848913550376892,0.06882229447364807,0.06204722449183464,0.0297766774892807,0.10304474830627441,0.006973862648010254,0.041978538036346436,0.0022569894790649414,16.424955690567195,0.006973862648010254,-0.041978538036346436,0.0022569894790649414,0.6518352627754211,0.7217984795570374,0.6619151830673218,0.023507438600063324
004520:3,True,24,59.635929107666016,0.0,1,1.653304262481932,True,0.04245881736278534,0.04223720729351044,0.004332413896918297,0.04306340217590332,0.0020505785942077637,0.043441176414489746,0.015504956245422363,0.45506818364126955,-0.0020505785942077637,-0.043441176414489746,0.015504956245422363,0.7917771339416504,0.8289887309074402,0.2006043940782547,0.058618489652872086,0.045451581478118896,0.037017304450273514,0.0015952587127685547,0.030725717544555664,0.0316203236579895,0.018608450889587402,3.6069545987920337,-0.030725717544555664,-0.0316203236579895,-0.018608450889587402,0.7670403718948364,0.7749659419059753,0.28440985083580017,-0.016159672290086746
004520:4,True,15,80.26814270019531,0.0,1,18.494970481361054,False,0.2658027410507202,0.23336941003799438,0.1272391676902771,0.18868494033813477,0.04633951187133789,0.042098820209503174,0.09409773349761963,8.376745261313067,0.04633951187133789,0.042098820209503174,0.09409773349761963,0.3151673376560211,0.36819663643836975,0.4609132409095764,0.17880383133888245,0.11686275899410248,0.13532887399196625,0.03229379653930664,0.06641674041748047,0.06639009714126587,0.009099841117858887,1.2214937283210694,-0.06641674041748047,0.06639009714126587,0.009099841117858887,0.4800369143486023,0.49387112259864807,0.27591243386268616,0.08699890971183777
004541:0,True,22,64.91107177734375,0.0,0,20.500844630848494,False,0.1191154420375824,0.09235133230686188,0.07523110508918762,0.2029571533203125,0.0356864333152771,0.057859182357788086,0.023699283599853516,4.246619117407739,0.0356864333152771,0.057859182357788086,-0.023699283599853516,0.5060534477233887,0.6139364838600159,0.3607075810432434,0.08126966655254364,0.06194460019469261,0.052608225494623184,0.04493594169616699,0.014132976531982422,0.06378698348999023,0.03439342975616455,0.13449006722322204,-0.014132976531982422,0.06378698348999023,-0.03439342975616455,0.6790805459022522,0.7096594572067261,0.4249214828014374,0.03784577548503876
004541:1,True,32,46.24717330932617,0.0,1,0.6523324788946238,True,0.047083497047424316,0.04510573297739029,0.013502910733222961,0.056847214698791504,0.07788479328155518,0.003306150436401367,0.07497310638427734,18.235768158389632,-0.07788479328155518,-0.003306150436401367,0.07497310638427734,0.6985597610473633,0.7382215261459351,0.4451577663421631,0.05926072224974632,0.025967653840780258,0.053268320858478546,0.005189061164855957,0.01135784387588501,0.004559576511383057,0.11098957061767578,3.228073987618757,-0.01135784387588501,-0.004559576511383057,0.11098957061767578,0.7296614050865173,0.7717892527580261,0.5768015384674072,-0.012177225202322006
004541:2,True,33,47.24399948120117,0.0,1,1.2133228667331741,True,0.13879504799842834,0.10547232627868652,0.09022003412246704,0.0710221529006958,0.059202998876571655,0.007646322250366211,0.03014087677001953,16.120380252632316,0.059202998876571655,-0.007646322250366211,0.03014087677001953,0.49581828713417053,0.5292826890945435,0.38724398612976074,0.041174206882715225,0.0331752672791481,0.024386823177337646,0.04805552959442139,0.061915427446365356,0.003275275230407715,0.0717003345489502,5.71567988238509,0.061915427446365356,0.003275275230407715,0.0717003345489502,0.7742996215820312,0.8166350722312927,0.4604731500148773,0.09762084111571312
004541:3,True,31,46.807369232177734,0.0,1,0.6523324788946238,True,0.1572849154472351,0.06356711685657501,0.14386717975139618,0.028715133666992188,0.05595475435256958,0.031678080558776855,0.03960096836090088,20.524107381328687,-0.05595475435256958,0.031678080558776855,-0.03960096836090088,0.5360151529312134,0.5502377152442932,0.45279309153556824,0.12969888746738434,0.08561712503433228,0.09742438048124313,0.08502364158630371,0.013770580291748047,0.03511422872543335,0.022519350051879883,6.646419742670059,-0.013770580291748047,0.03511422872543335,-0.022519350051879883,0.5429373383522034,0.5873041749000549,0.4973408877849579,0.02758602797985077
004559:0,True,20,72.5499038696289,0.0,0,28.168077936358113,False,0.09465961903333664,0.09424526989459991,0.008847133256494999,0.10779094696044922,0.03843647241592407,0.07377642393112183,0.006705880165100098,1.908590722999014,0.03843647241592407,0.07377642393112183,0.006705880165100098,0.610905647277832,0.6804356575012207,0.30803245306015015,0.18289855122566223,0.1759365200996399,0.04998214170336723,0.03999483585357666,0.03991764783859253,0.07699835300445557,0.018512845039367676,0.6064488539397612,0.03991764783859253,0.07699835300445557,-0.018512845039367676,0.48299381136894226,0.5002022981643677,0.23271462321281433,-0.08823893219232559
004559:1,True,41,53.965492248535156,0.0,0,18.9837803948312,False,0.03540646657347679,0.016760144382715225,0.03118838369846344,0.02319502830505371,0.007629096508026123,0.03964734077453613,0.007707715034484863,11.521235036334879,-0.007629096508026123,-0.03964734077453613,0.007707715034484863,0.7930459380149841,0.8127861022949219,0.30962109565734863,0.17653469741344452,0.04640926793217659,0.17032521963119507,0.008978128433227539,0.031110405921936035,0.059237122535705566,0.021744966506958008,0.5546286634490464,0.031110405921936035,-0.059237122535705566,-0.021744966506958008,0.5613138675689697,0.5671225190162659,0.28237518668174744,-0.14112823083996773
004559:2,True,52,38.46602249145508,0.0,0,0.7028476342925324,True,0.0192823838442564,0.005535435862839222,0.01847076788544655,0.04691481590270996,0.05613952875137329,0.038787662982940674,0.024470210075378418,6.471184409324212,-0.05613952875137329,-0.038787662982940674,-0.024470210075378418,0.7918097376823425,0.8321937322616577,0.5780871510505676,0.030131720006465912,0.029286744073033333,0.007085705641657114,0.013419866561889648,0.03525710105895996,0.06705188751220703,0.021332502365112305,3.391206225755342,-0.03525710105895996,-0.06705188751220703,-0.021332502365112305,0.7951885461807251,0.8069272637367249,0.6245698928833008,-0.01084933616220951
004559:3,True,45,39.370513916015625,0.0,1,1.2048798122722788,True,0.16230159997940063,0.0759134590625763,0.1434536576271057,0.02598750591278076,0.04778176546096802,0.02305060625076294,0.012075066566467285,2.6066870552220065,0.04778176546096802,0.02305060625076294,0.012075066566467285,0.5035686492919922,0.5153481364250183,0.5824140310287476,0.12090107053518295,0.01520228385925293,0.11994148790836334,0.057335615158081055,0.04135572910308838,0.02834928035736084,0.02095651626586914,8.893083884275022,0.04135572910308838,-0.02834928035736084,0.02095651626586914,0.5424902439117432,0.5716206431388855,0.49845027923583984,0.04140052944421768
004559:4,True,51,39.031105041503906,0.0,1,0.7028476342925324,True,0.04193229228258133,0.037368014454841614,0.01902494952082634,0.06812942028045654,0.052175164222717285,0.026599764823913574,0.08436357975006104,36.37525523725744,-0.052175164222717285,-0.026599764823913574,-0.08436357975006104,0.6375434994697571,0.6840797066688538,0.4447520077228546,0.13021455705165863,0.08593836426734924,0.09782856702804565,0.004121661186218262,0.047771453857421875,0.021825730800628662,0.03169524669647217,5.377909725083949,-0.047771453857421875,-0.021825730800628662,-0.03169524669647217,0.5576444864273071,0.5661769509315491,0.5108630061149597,-0.0882822647690773
004559:5,True,49,40.91630172729492,0.0,1,2.181430559551438,False,0.05687357112765312,0.05413685739040375,0.017429960891604424,0.09323275089263916,0.011577785015106201,0.019125938415527344,0.03354334831237793,8.311862106663616,-0.011577785015106201,0.019125938415527344,0.03354334831237793,0.7140322923660278,0.7874010801315308,0.3365003168582916,0.06742814183235168,0.04604044929146767,0.0492628812789917,0.02002084255218506,0.006283760070800781,0.031692445278167725,0.05732274055480957,16.196427578851235,-0.006283760070800781,-0.031692445278167725,-0.05732274055480957,0.7071528434753418,0.7291682958602905,0.3746737241744995,-0.010554570704698563
004592:0,True,42,51.12506103515625,0.0,0,26.36440093118777,False,0.031175950542092323,0.016508696600794792,0.026446225121617317,0.12031996250152588,0.013929307460784912,0.11613839864730835,0.17141592502593994,9.522403854021658,0.013929307460784912,0.11613839864730835,0.17141592502593994,0.6538210511207581,0.7525905966758728,0.4191151559352875,0.06851628422737122,0.06428355723619461,0.0237087644636631,0.08641588687896729,0.020024001598358154,0.08035498857498169,0.07421338558197021,3.678384717132027,0.020024001598358154,0.08035498857498169,0.07421338558197021,0.6184321045875549,0.6811428666114807,0.5660667419433594,-0.03734033368527889
004592:1,True,78,31.66596031188965,0.0,0,26.36440093118777,False,0.04579802602529526,0.045610684901475906,0.00413817074149847,0.016808152198791504,0.00022900104522705078,0.01914811134338379,0.009781837463378906,13.761427801072342,0.00022900104522705078,0.01914811134338379,0.009781837463378906,0.7658581733703613,0.7794998288154602,0.4051480293273926,0.05490487441420555,0.03703753650188446,0.04053105413913727,0.0177534818649292,0.0355604887008667,0.016682028770446777,0.01778244972229004,16.249419828897867,0.0355604887008667,-0.016682028770446777,-0.01778244972229004,0.7345028519630432,0.7480133771896362,0.41579321026802063,-0.009106848388910294
004637:0,True,422,12.416385650634766,0.0,0,40.84219104513216,False,0.012308089062571526,0.011155604384839535,0.005200148560106754,0.08360821008682251,0.13280123472213745,0.030695617198944092,0.13686418533325195,3.1252040537870234,-0.13280123472213745,-0.030695617198944092,-0.13686418533325195,0.7219839096069336,0.7931311130523682,0.3896559476852417,0.10819277167320251,0.0856223925948143,0.06613985449075699,0.02882230281829834,0.1005982756614685,0.01609361171722412,0.05757749080657959,1.9444815458545956,0.1005982756614685,0.01609361171722412,-0.05757749080657959,0.7106945514678955,0.7293830513954163,0.3097771406173706,-0.09588468261063099
004637:1,True,41,52.757232666015625,0.0,1,13.674435862038306,False,0.10350107401609421,0.10231117159128189,0.015649104490876198,0.09261298179626465,0.015190422534942627,0.074526846408844,0.047520995140075684,29.02254931080737,0.015190422534942627,-0.074526846408844,0.047520995140075684,0.592312753200531,0.6470891833305359,0.16442900896072388,0.08616908639669418,0.08537989854812622,0.011635465547442436,0.07034152746200562,0.0972754955291748,0.029682695865631104,0.033202171325683594,25.33319030091197,-0.0972754955291748,-0.029682695865631104,0.033202171325683594,0.6140345931053162,0.6564580202102661,0.3922498822212219,0.017331987619400024
004637:2,True,25,68.3152847290039,0.0,1,1.1630229824982432,True,0.026137281209230423,0.0009403601288795471,0.02612036094069481,0.04725909233093262,0.087302565574646,0.06766486167907715,0.004623770713806152,43.3205394702319,-0.087302565574646,0.06766486167907715,0.004623770713806152,0.6641765236854553,0.6963272094726562,0.3289221227169037,0.055827539414167404,0.0389101505279541,0.040033914148807526,0.15891814231872559,0.03563356399536133,0.030009746551513672,0.006058216094970703,45.58201009546679,-0.03563356399536133,0.030009746551513672,0.006058216094970703,0.582118570804596,0.6829416751861572,0.3157675862312317,-0.02969025820493698
004637:3,True,19,68.97207641601562,0.0,1,1.1630229824982432,True,0.16611550748348236,0.1485942006111145,0.07425716519355774,0.08895552158355713,0.10851675271987915,0.11415743827819824,0.0055963993072509766,7.524705116619993,0.10851675271987915,-0.11415743827819824,-0.0055963993072509766,0.48880016803741455,0.5301545858383179,0.10516595840454102,0.08809147030115128,0.0764172226190567,0.043823689222335815,0.10687190294265747,0.11379367113113403,0.1815902590751648,0.0012142658233642578,4.273034646651677,0.11379367113113403,-0.1815902590751648,0.0012142658233642578,0.5825241208076477,0.646842360496521,0.20921316742897034,0.07802403718233109
004637:4,True,27,59.18832778930664,0.0,0,9.318758732382458,False,0.13914430141448975,0.13888894021511078,0.008425967767834663,0.05029594898223877,0.08152061700820923,0.06650882959365845,0.029836177825927734,5.654918519528657,0.08152061700820923,0.06650882959365845,-0.029836177825927734,0.5490516424179077,0.5747236609458923,0.2805315852165222,0.09950248152017593,0.09892529994249344,0.010701888240873814,0.09967195987701416,0.09579646587371826,0.04273486137390137,0.07055628299713135,2.015165352342222,0.09579646587371826,0.04273486137390137,-0.07055628299713135,0.6143960952758789,0.6774432063102722,0.28443002700805664,0.03964181989431381
004640:0,True,525,11.506031036376953,0.0,0,40.563803625778945,False,0.03422320634126663,0.02813301980495453,0.019487455487251282,0.025064706802368164,0.1082620620727539,0.018862128257751465,0.1036841869354248,13.186435155983988,-0.1082620620727539,0.018862128257751465,-0.1036841869354248,0.7283239364624023,0.7696489691734314,0.4161982834339142,0.06576985865831375,0.044639699161052704,0.048300839960575104,0.024392127990722656,0.05107361078262329,0.03475230932235718,0.005411744117736816,10.874626036566108,-0.05107361078262329,0.03475230932235718,0.005411744117736816,0.7505757212638855,0.7685967087745667,0.623302698135376,-0.03154665231704712
004640:1,True,37,51.52095413208008,0.0,1,13.407285662644368,False,0.10346897691488266,0.07573772221803665,0.07049557566642761,0.09728401899337769,0.01248997449874878,0.03718829154968262,0.03877270221710205,30.89867432344848,-0.01248997449874878,-0.03718829154968262,0.03877270221710205,0.5978856682777405,0.6568800210952759,0.19511651992797852,0.1337382197380066,0.1337369829416275,0.0005745217204093933,0.02107846736907959,0.11885714530944824,0.06592738628387451,0.031115174293518066,34.97525041777024,-0.11885714530944824,-0.06592738628387451,-0.031115174293518066,0.5658749938011169,0.5783336758613586,0.4298878610134125,-0.030269242823123932
004640:2,True,25,66.63123321533203,0.0,1,1.248373092165356,True,0.06764862686395645,0.0020803387742489576,0.06761663407087326,0.009896993637084961,0.05478388071060181,0.035177409648895264,0.0014289617538452148,45.62012755999179,0.05478388071060181,0.035177409648895264,0.0014289617538452148,0.6561073660850525,0.6625248193740845,0.3856408894062042,0.031477175652980804,0.025357170030474663,0.01865011639893055,0.03503793478012085,0.06820380687713623,0.035417020320892334,0.0638425350189209,60.77383979081421,0.06820380687713623,-0.035417020320892334,-0.0638425350189209,0.6972771883010864,0.7224114537239075,0.3948472738265991,0.03617145121097565
004640:4,True,31,57.75442886352539,0.0,0,9.096757979519857,False,0.0068671624176204205,0.0025801213923841715,0.006364031229168177,0.10338294506072998,0.05682849884033203,0.0016726255416870117,0.01292562484741211,2.576270401615104,0.05682849884033203,0.0016726255416870117,0.01292562484741211,0.7930793762207031,0.8900468945503235,0.33313047885894775,0.27596965432167053,0.15455539524555206,0.2286304384469986,0.04191088676452637,0.06780153512954712,0.008203387260437012,0.11028993129730225,14.685548753309396,0.06780153512954712,-0.008203387260437012,-0.11028993129730225,0.3185410499572754,0.33251020312309265,0.18842925131320953,-0.2691024919040501
004642:0,True,34,50.84583282470703,0.0,1,38.19779506868838,False,0.10811392217874527,0.08594405651092529,0.06559143960475922,0.0162733793258667,0.12720263004302979,0.07981681823730469,0.03234267234802246,3.9786398330457877,0.12720263004302979,0.07981681823730469,0.03234267234802246,0.6188552975654602,0.6300849914550781,0.6914708614349365,0.0794355571269989,0.07857415825128555,0.011666577309370041,0.02454352378845215,0.07899218797683716,0.005785942077636719,0.05271351337432861,3.3537868070163412,0.07899218797683716,-0.005785942077636719,-0.05271351337432861,0.7231745719909668,0.7420118451118469,0.7691584825515747,0.02867836505174637
004642:1,True,55,38.7086181640625,0.0,0,6.357148343304847,False,0.08319281786680222,0.08101094514131546,0.0189280416816473,0.11446559429168701,0.007813990116119385,0.04549223184585571,0.04265117645263672,1.6546916462399581,-0.007813990116119385,-0.04549223184585571,-0.04265117645263672,0.6218281388282776,0.6997635364532471,0.5557178258895874,0.04575593024492264,0.045678962022066116,0.0026528742164373398,0.02035510540008545,0.015246570110321045,0.024174630641937256,0.06048989295959473,13.08586016571338,-0.015246570110321045,-0.024174630641937256,-0.06048989295959473,0.7536987066268921,0.7792269587516785,0.6001977324485779,0.03743688762187958
004642:4,True,38,44.339874267578125,0.0,1,6.357148343304847,False,0.26070496439933777,0.26049530506134033,0.010452844202518463,0.007948160171508789,0.03606998920440674,0.08398020267486572,0.0034219026565551758,21.24764298048648,-0.03606998920440674,0.08398020267486572,0.0034219026565551758,0.3136651813983917,0.31561365723609924,0.17252466082572937,0.2604677379131317,0.1028856411576271,0.2392864227294922,0.17319679260253906,0.04809480905532837,0.031350672245025635,0.0327911376953125,31.51713292592413,-0.04809480905532837,0.031350672245025635,0.0327911376953125,0.3106132447719574,0.3578532040119171,0.27046939730644226,0.0002372264862060547
004645:0,True,36,49.6677360534668,0.0,1,39.65250134212978,False,0.058008186519145966,0.04879719018936157,0.031365327537059784,0.10378110408782959,0.05748480558395386,0.026890814304351807,0.0057795047760009766,40.16039216865109,0.05748480558395386,0.026890814304351807,0.0057795047760009766,0.6067278385162354,0.6727126240730286,0.516395092010498,0.05173089727759361,0.034281518310308456,0.03874097019433975,0.08589410781860352,0.07027864456176758,0.044614434242248535,0.05756819248199463,35.478024285040554,0.07027864456176758,-0.044614434242248535,-0.05756819248199463,0.632607638835907,0.6900888085365295,0.5705517530441284,0.006277289241552353
004645:1,True,45,38.031654357910156,0.0,1,28.91830523274767,False,0.11589318513870239,0.10728469491004944,0.04383176937699318,0.07317006587982178,0.015836000442504883,0.08891016244888306,0.023455262184143066,13.462566043749264,-0.015836000442504883,0.08891016244888306,-0.023455262184143066,0.5506194233894348,0.5899296402931213,0.502101719379425,0.09020303934812546,0.08907539397478104,0.01421835832297802,0.10542643070220947,0.02781766653060913,0.09813046455383301,0.10142064094543457,3.9926180425533047,-0.02781766653060913,0.09813046455383301,-0.10142064094543457,0.561763346195221,0.6224980354309082,0.4620547592639923,0.025690145790576935
004648:0,True,57,48.328155517578125,0.0,1,15.301204139473034,False,0.05076209083199501,0.04982247203588486,0.009721694514155388,0.03290915489196777,0.0963202714920044,0.028363466262817383,0.014574646949768066,1.0804949455609971,0.0963202714920044,0.028363466262817383,0.014574646949768066,0.7906478643417358,0.8195444345474243,0.4625316858291626,0.07479939609766006,0.06794065237045288,0.03128926828503609,0.012800455093383789,0.07674401998519897,0.022942841053009033,0.04897415637969971,3.5604273501659067,0.07674401998519897,0.022942841053009033,-0.04897415637969971,0.7259438633918762,0.7432034015655518,0.5186299681663513,-0.024037305265665054
004654:0,True,49,45.83126449584961,0.0,1,15.158222129422503,False,0.03063318319618702,0.027071567252278328,0.014336046762764454,0.0014552474021911621,0.18298828601837158,0.03981083631515503,0.0019477605819702148,6.4633397096913665,0.18298828601837158,0.03981083631515503,-0.0019477605819702148,0.6819532513618469,0.6828163266181946,0.35451436042785645,0.023495398461818695,0.023477008566260338,0.0009294413030147552,0.040702998638153076,0.14818096160888672,0.011142730712890625,0.030695199966430664,1.680267516958157,0.14818096160888672,0.011142730712890625,-0.030695199966430664,0.7269666194915771,0.7569405436515808,0.46024006605148315,0.007137784734368324
004654:1,True,45,48.756690979003906,0.0,1,15.19050391183235,False,0.06390893459320068,0.06045181676745415,0.0207347571849823,0.04474914073944092,0.17065733671188354,0.33180469274520874,0.04363393783569336,2.839738118659176,0.17065733671188354,-0.33180469274520874,-0.04363393783569336,0.5623525977134705,0.5877429246902466,0.11343339085578918,0.11712868511676788,0.025426579639315605,0.1143355518579483,0.04272878170013428,0.12938904762268066,0.43524932861328125,0.07460010051727295,1.1860040653936832,0.12938904762268066,-0.43524932861328125,-0.07460010051727295,0.5234543085098267,0.5477116703987122,0.13857416808605194,-0.0532197505235672
004654:2,True,19,61.29043960571289,0.0,1,0.7841277627612595,True,0.18076945841312408,0.03019648604094982,0.17822954058647156,0.16237664222717285,0.1330663561820984,0.03121548891067505,0.005715489387512207,3.9399946227218554,0.1330663561820984,0.03121548891067505,-0.005715489387512207,0.421135812997818,0.48723697662353516,0.5559072494506836,0.13840918242931366,0.018481308594346046,0.137169748544693,0.00392460823059082,0.12880563735961914,0.013733923435211182,0.0029605627059936523,5.483535412874697,0.12880563735961914,-0.013733923435211182,-0.0029605627059936523,0.5464547872543335,0.5483364462852478,0.42113640904426575,0.042360275983810425
004654:4,True,58,41.33833312988281,0.0,1,16.393697717624736,False,0.1733246147632599,0.0018991678953170776,0.17331421375274658,0.20468497276306152,0.019096076488494873,0.04173225164413452,0.04285097122192383,9.68997935758442,-0.019096076488494873,0.04173225164413452,-0.04285097122192383,0.44140419363975525,0.5353789329528809,0.33756396174430847,0.11491890251636505,0.07063648104667664,0.09064679592847824,0.01563704013824463,0.027577459812164307,0.028596103191375732,0.05632138252258301,14.068950238262996,-0.027577459812164307,0.028596103191375732,-0.05632138252258301,0.5905755758285522,0.6068902015686035,0.578818142414093,0.058405712246894836
004669:0,True,61,39.89678192138672,0.0,1,25.779041576465964,False,0.021814722567796707,0.005671675316989422,0.021064523607492447,0.004379153251647949,0.11122786998748779,0.055020153522491455,0.022996902465820312,0.4584149763345758,0.11122786998748779,0.055020153522491455,-0.022996902465820312,0.7609924674034119,0.7690175771713257,0.4505835771560669,0.020585710182785988,0.020319735631346703,0.0032984535209834576,0.05165010690689087,0.1009824275970459,0.029839694499969482,0.06739151477813721,0.4230892379472698,0.1009824275970459,0.029839694499969482,-0.06739151477813721,0.767061710357666,0.8083661794662476,0.4176430404186249,0.0012290123850107193
004669:1,True,17,64.67420959472656,0.0,0,25.779041576465964,False,0.041456565260887146,0.03905932605266571,0.013893015682697296,0.11028861999511719,0.13765525817871094,0.08566123247146606,0.1305549144744873,4.374176087881226,0.13765525817871094,0.08566123247146606,0.1305549144744873,0.6157588362693787,0.6984720230102539,0.4771285653114319,0.019103744998574257,0.0034734432119876146,0.018785322085022926,0.06109058856964111,0.07586121559143066,0.06541728973388672,0.11196386814117432,6.0504957554991154,0.07586121559143066,0.06541728973388672,0.11196386814117432,0.7328246235847473,0.7888669967651367,0.5202376246452332,0.02235282026231289
004669:2,True,23,55.92867660522461,0.0,1,0.675691854045257,True,0.0369487963616848,0.012151510454714298,0.034893475472927094,0.07561910152435303,0.11281484365463257,0.008725762367248535,0.07303750514984131,3.386913224490903,0.11281484365463257,-0.008725762367248535,-0.07303750514984131,0.6854475736618042,0.7395981550216675,0.4903629720211029,0.07564334571361542,0.04545454680919647,0.06046321243047714,0.029945015907287598,0.14660143852233887,0.004858434200286865,0.04225611686706543,1.750645786165968,0.14660143852233887,-0.004858434200286865,0.04225611686706543,0.6167968511581421,0.6362511515617371,0.5362924933433533,-0.03869454935193062
004675:0,True,17,73.90130615234375,0.0,1,4.2830738963976005,False,0.1384671926498413,0.13817475736141205,0.00899435207247734,0.17433947324752808,0.07341665029525757,0.11135977506637573,0.02207493782043457,43.46400804849019,0.07341665029525757,0.11135977506637573,-0.02207493782043457,0.47340747714042664,0.5575267672538757,0.20038047432899475,0.042565178126096725,0.00913698785007,0.041572943329811096,0.025849342346191406,0.035257160663604736,0.006291747093200684,0.016544342041015625,53.94394978263428,0.035257160663604736,0.006291747093200684,-0.016544342041015625,0.6808717846870422,0.6986259818077087,0.2335718870162964,0.09590201452374458
004675:1,True,16,76.2933349609375,0.0,0,4.263445673401761,False,0.14450809359550476,0.1319405436515808,0.05894303321838379,0.01480865478515625,0.15144819021224976,0.06036776304244995,0.014983177185058594,4.4622991885527306,0.15144819021224976,0.06036776304244995,0.014983177185058594,0.5310799479484558,0.5388776063919067,0.4566327631473541,0.06713774055242538,0.041929490864276886,0.05243466794490814,0.1263018250465393,0.15800994634628296,0.04280376434326172,0.06734216213226318,10.251103076191978,0.15800994634628296,0.04280376434326172,-0.06734216213226318,0.5871483683586121,0.6636016964912415,0.5843157768249512,0.07737035304307938
004675:2,True,17,64.61943054199219,0.0,0,9.854711155310584,False,0.12453310936689377,0.04992854967713356,0.1140860766172409,0.3118826150894165,0.08516514301300049,0.033486783504486084,0.08338487148284912,1.7152194161739476,0.08516514301300049,0.033486783504486084,0.08338487148284912,0.45828112959861755,0.6365036368370056,0.41079941391944885,0.13143770396709442,0.08180851489305496,0.10287486016750336,0.18422234058380127,0.014193892478942871,0.025270819664001465,0.10610687732696533,2.658459889130703,0.014193892478942871,-0.025270819664001465,0.10610687732696533,0.4777098298072815,0.5717974305152893,0.35201454162597656,-0.006904594600200653
004675:3,True,22,55.07301330566406,0.0,1,25.427631870485747,False,0.16788670420646667,0.1625957489013672,0.041815850883722305,0.0456387996673584,0.0020154714584350586,0.010271191596984863,0.024962186813354492,7.540921579571353,-0.0020154714584350586,0.010271191596984863,0.024962186813354492,0.471304327249527,0.49057435989379883,0.30321580171585083,0.14481821656227112,0.11882338672876358,0.0827847421169281,0.004651308059692383,0.033043622970581055,0.01541280746459961,0.002369403839111328,40.27481491272173,-0.033043622970581055,-0.01541280746459961,-0.002369403839111328,0.5533454418182373,0.5557331442832947,0.23018419742584229,0.023068487644195557
004675:4,True,17,80.27627563476562,0.0,0,4.263445673401761,False,0.03933084383606911,0.03889990225434303,0.0058062877506017685,0.38928037881851196,0.09717774391174316,0.022101759910583496,0.030461907386779785,27.28006241297607,0.09717774391174316,0.022101759910583496,-0.030461907386779785,0.46536824107170105,0.7025682330131531,0.14178720116615295,0.1331644058227539,0.09039412438869476,0.09778374433517456,0.20679426193237305,0.04361909627914429,0.008351504802703857,0.03576099872589111,4.496108624944293,0.04361909627914429,0.008351504802703857,-0.03576099872589111,0.47158339619636536,0.5753254890441895,0.15281490981578827,-0.0938335619866848
004711:0,True,85,33.155967712402344,0.0,0,11.79103481064365,False,0.07846914976835251,0.06925883144140244,0.03688659891486168,0.1159965991973877,0.08864039182662964,0.04350656270980835,0.01068568229675293,3.355545353356533,0.08864039182662964,0.04350656270980835,0.01068568229675293,0.6299134492874146,0.71073979139328,0.41546016931533813,0.06609314680099487,0.0417700931429863,0.051220737397670746,0.025003910064697266,0.061076819896698,0.07039564847946167,0.04687964916229248,1.5725727365910667,0.061076819896698,0.07039564847946167,0.04687964916229248,0.7352732419967651,0.7565736770629883,0.42968565225601196,0.012376002967357635
004711:1,True,63,40.593894958496094,0.0,0,0.6825939645834037,True,0.0035573458299040794,0.0002446989237796515,0.0035489199217408895,0.10057520866394043,0.06938421726226807,0.0586695671081543,0.01710200309753418,2.1873817420749235,0.06938421726226807,-0.0586695671081543,-0.01710200309753418,0.7284191250801086,0.8116997480392456,0.6655246615409851,0.04503696411848068,0.029101716354489326,0.03437177091836929,0.06984889507293701,0.03949350118637085,0.10299283266067505,0.05686521530151367,2.2623498984049837,0.03949350118637085,-0.10299283266067505,-0.05686521530151367,0.7379840016365051,0.7968138456344604,0.625280499458313,-0.0414796182885766
004711:2,True,39,41.166160583496094,0.0,1,0.6825939645834037,True,0.3818110525608063,0.34482327103614807,0.1639406979084015,0.17242026329040527,0.03637510538101196,0.0032462477684020996,0.006578922271728516,3.4187828871581822,0.03637510538101196,-0.0032462477684020996,-0.006578922271728516,0.14208433032035828,0.1617134064435959,0.13302862644195557,0.05992833897471428,0.05288928747177124,0.028180290013551712,0.0541306734085083,0.04678088426589966,0.0014389753341674805,0.038535475730895996,8.630668016363133,0.04678088426589966,0.0014389753341674805,0.038535475730895996,0.7194444537162781,0.763322651386261,0.1571493297815323,0.321882713586092
004711:3,True,117,27.692638397216797,0.0,1,6.739047644353115,False,0.2669762969017029,0.150249645113945,0.22068393230438232,0.03494298458099365,0.007174193859100342,0.031065404415130615,0.027493953704833984,17.93890810123554,-0.007174193859100342,-0.031065404415130615,0.027493953704833984,0.31508538126945496,0.32366836071014404,0.20793208479881287,0.08348558098077774,0.03915753215551376,0.07373283803462982,0.022286534309387207,0.008362174034118652,0.0010808706283569336,0.02342069149017334,17.932788251739208,0.008362174034118652,0.0010808706283569336,-0.02342069149017334,0.6826276779174805,0.698067843914032,0.3003269135951996,0.18349071592092514
004711:4,True,121,23.17862892150879,0.0,0,6.739047644353115,False,0.0629955604672432,0.007271451875567436,0.06257449090480804,0.08563387393951416,0.16840046644210815,0.09498792886734009,0.058991193771362305,77.45444445305864,-0.16840046644210815,0.09498792886734009,-0.058991193771362305,0.659660279750824,0.7240740656852722,0.25809547305107117,0.0744134858250618,0.013387346640229225,0.07319936156272888,0.049216270446777344,0.11940598487854004,0.11912238597869873,0.042212605476379395,89.84696528593486,-0.11940598487854004,0.11912238597869873,0.042212605476379395,0.678090512752533,0.7134227156639099,0.32505571842193604,-0.011417925357818604
004711:5,True,15,63.21894073486328,0.0,1,24.37289141115079,False,0.11743760108947754,0.07414102554321289,0.09107524901628494,0.21557366847991943,0.07764071226119995,0.15177702903747559,0.008078217506408691,0.39515376424191767,0.07764071226119995,0.15177702903747559,0.008078217506408691,0.4900912642478943,0.6043601632118225,0.46010708808898926,0.06660681962966919,0.0372089259326458,0.05524458363652229,0.0664525032043457,0.07773375511169434,0.07828378677368164,0.10291862487792969,5.819252870959164,0.07773375511169434,0.07828378677368164,-0.10291862487792969,0.6713929772377014,0.7148196697235107,0.10696418583393097,0.05083078145980835
004780:0,True,121,23.56856346130371,0.0,0,22.772533356733426,False,0.10424106568098068,0.09941636025905609,0.031346242874860764,0.056017279624938965,0.0478455126285553,0.0018262267112731934,0.003921627998352051,14.081100690054276,-0.0478455126285553,-0.0018262267112731934,0.003921627998352051,0.5804826021194458,0.6122766137123108,0.661338210105896,0.08597833663225174,0.07984767109155655,0.03188452497124672,0.026204705238342285,0.029098480939865112,0.002020120620727539,0.04048597812652588,14.855152368313481,-0.029098480939865112,0.002020120620727539,-0.04048597812652588,0.6426788568496704,0.6599568128585815,0.6744310855865479,0.018262729048728943
004816:0,True,182,22.54964828491211,0.0,0,0.4600375046111719,True,0.12523409724235535,0.03932461515069008,0.11889976263046265,0.06218087673187256,0.21392491459846497,0.044230759143829346,0.08665657043457031,81.40570888791102,-0.21392491459846497,0.044230759143829346,-0.08665657043457031,0.5625200271606445,0.599137544631958,0.45831698179244995,0.08638305962085724,0.015990247949957848,0.0848902016878128,0.08690094947814941,0.2173525094985962,0.0416637659072876,0.11948955059051514,72.78868758950958,-0.2173525094985962,0.0416637659072876,-0.11948955059051514,0.5943141579627991,0.6516899466514587,0.43495818972587585,0.03885103762149811
004816:2,True,69,37.622135162353516,0.0,0,15.120552534686741,False,0.0870882049202919,0.05984942987561226,0.06326454877853394,0.03750753402709961,0.001498878002166748,0.012035012245178223,0.021005988121032715,8.82797487864079,0.001498878002166748,-0.012035012245178223,-0.021005988121032715,0.6662552952766418,0.6919081211090088,0.4733905792236328,0.13420836627483368,0.10696694999933243,0.08105529099702835,0.029778599739074707,0.04420065879821777,0.014171898365020752,0.008785843849182129,1.3806917774957266,-0.04420065879821777,-0.014171898365020752,-0.008785843849182129,0.5454070568084717,0.5607378482818604,0.5307380557060242,-0.04712016135454178
004819:0,True,171,20.542753219604492,0.0,0,0.5500317367376732,True,0.13140422105789185,0.08424925059080124,0.10084211826324463,0.10100364685058594,0.26436319947242737,0.05494832992553711,0.08492183685302734,74.83676079327292,-0.26436319947242737,0.05494832992553711,-0.08492183685302734,0.48801445960998535,0.5378323197364807,0.7275251746177673,0.09769201278686523,0.032779186964035034,0.09202855080366135,0.05263042449951172,0.1977747082710266,0.07757461071014404,0.06298768520355225,74.28165765904764,-0.1977747082710266,0.07757461071014404,-0.06298768520355225,0.6243954300880432,0.6583627462387085,0.727968692779541,0.03371220827102661
004819:2,True,50,35.459293365478516,0.0,0,14.934936891225837,False,0.23413169384002686,0.04386412724852562,0.2299860715866089,0.08604264259338379,0.0022922158241271973,0.050530195236206055,0.015268802642822266,9.472096323061013,-0.0022922158241271973,0.050530195236206055,0.015268802642822266,0.36947551369667053,0.3976590931415558,0.2889171242713928,0.0594652034342289,0.05723295733332634,0.016139991581439972,0.15514016151428223,0.007535696029663086,0.01488560438156128,0.04713892936706543,7.535464485795599,0.007535696029663086,-0.01488560438156128,0.04713892936706543,0.6539582014083862,0.7714460492134094,0.4329302906990051,0.17466649040579796
004867:0,True,73,44.713409423828125,0.0,0,,False,0.24419638514518738,0.14737629890441895,0.19471031427383423,0.05834066867828369,0.049051642417907715,0.08493268489837646,0.02891707420349121,6.128909969636533,-0.049051642417907715,0.08493268489837646,0.02891707420349121,0.376382976770401,0.3949776589870453,0.4797731935977936,0.26154544949531555,0.06196574121713638,0.25409892201423645,0.1156778335571289,0.030460596084594727,0.06630241870880127,0.012485146522521973,2.520329785822036,-0.030460596084594727,0.06630241870880127,-0.012485146522521973,0.36638832092285156,0.4040673077106476,0.488063782453537,-0.017349064350128174
004869:0,True,78,44.438453674316406,0.0,0,,False,0.036189742386341095,0.03182286024093628,0.017233774065971375,0.007107734680175781,0.0371396541595459,0.05196487903594971,0.013111591339111328,3.4044021512318063,-0.0371396541595459,0.05196487903594971,0.013111591339111328,0.8433158993721008,0.8498276472091675,0.5327619910240173,0.07653540372848511,0.07329181581735611,0.02204490453004837,0.08544373512268066,0.02931588888168335,0.059949636459350586,0.08281087875366211,1.6046199841767665,-0.02931588888168335,0.059949636459350586,-0.08281087875366211,0.6823863983154297,0.7459146976470947,0.5146806240081787,-0.04034566134214401
004881:0,True,72,42.4279670715332,0.0,0,,False,0.12836182117462158,0.12400776892900467,0.0331486240029335,0.01621830463409424,0.08136153221130371,0.011830031871795654,0.033630967140197754,1.3104847177593375,-0.08136153221130371,-0.011830031871795654,0.033630967140197754,0.6413014531135559,0.6511363983154297,0.4873357117176056,0.46380358934402466,0.04682638496160507,0.4614337384700775,0.004853606224060059,0.0012208819389343262,0.020685553550720215,0.024949193000793457,0.014005530264197104,-0.0012208819389343262,-0.020685553550720215,-0.024949193000793457,0.20622818171977997,0.20812128484249115,0.36503803730010986,-0.3354417681694031
004896:0,True,76,40.05812072753906,0.0,0,,False,0.04636082053184509,0.03549700602889061,0.029820945113897324,0.08408409357070923,0.033349812030792236,0.021027088165283203,0.010453343391418457,5.1765357125266345,-0.033349812030792236,-0.021027088165283203,0.010453343391418457,0.7539492845535278,0.8259798884391785,0.36293134093284607,0.3062548339366913,0.1101381853222847,0.2857649624347687,0.011849939823150635,0.028746485710144043,0.03613489866256714,0.0708538293838501,10.836686156959521,-0.028746485710144043,0.03613489866256714,0.0708538293838501,0.32011350989341736,0.3290959596633911,0.370967835187912,-0.2598940134048462
005037:0,True,45,37.95671463012695,0.0,0,35.218407326941644,False,0.06917831301689148,0.03241141885519028,0.06111578270792961,0.1227942705154419,0.02193629741668701,0.04772680997848511,0.03536808490753174,26.790150246655063,-0.02193629741668701,-0.04772680997848511,0.03536808490753174,0.5957770943641663,0.6748936772346497,0.5020886063575745,0.014473507180809975,0.014016935601830482,0.0036066509783267975,0.1552107334136963,0.03357750177383423,0.03835076093673706,0.04292428493499756,17.613272002366013,-0.03357750177383423,-0.03835076093673706,-0.04292428493499756,0.6475622653961182,0.7699798941612244,0.46397557854652405,0.054704805836081505
005037:1,True,35,49.6796875,0.0,0,3.520362257866726,False,0.05117563158273697,0.03828110173344612,0.03396325185894966,0.12090122699737549,0.0023610591888427734,0.020337164402008057,0.013289570808410645,6.177865123141514,0.0023610591888427734,-0.020337164402008057,0.013289570808410645,0.7165420055389404,0.8163224458694458,0.5145778656005859,0.04540340229868889,0.019659031182527542,0.04092666134238243,0.09364306926727295,0.007469058036804199,0.10032707452774048,0.05195736885070801,0.9636987107537791,0.007469058036804199,-0.10032707452774048,-0.05195736885070801,0.7352496981620789,0.8163474798202515,0.5613371133804321,0.0057722292840480804
005037:2,True,14,67.80978393554688,0.0,0,15.37445826218824,False,0.06355537474155426,0.05529554933309555,0.03133189305663109,0.07205569744110107,0.04006856679916382,0.01041942834854126,0.032408833503723145,10.725582657454423,0.04006856679916382,0.01041942834854126,0.032408833503723145,0.7150173783302307,0.7718067765235901,0.5787584185600281,0.041604023426771164,0.015496151521801949,0.038610413670539856,2.288818359375e-05,0.05480152368545532,0.0013689398765563965,0.060562968254089355,9.788999797705594,0.05480152368545532,-0.0013689398765563965,0.060562968254089355,0.7857984304428101,0.812542736530304,0.30883854627609253,0.021951351314783096
005037:3,True,11,53.13029098510742,0.0,0,3.520362257866726,False,0.13361409306526184,0.12185803055763245,0.0548027940094471,0.0538555383682251,0.04532569646835327,0.022122561931610107,0.011962413787841797,10.159322636591018,-0.04532569646835327,0.022122561931610107,0.011962413787841797,0.6035687923431396,0.6357812881469727,0.47383734583854675,0.06580141931772232,0.027187172323465347,0.05992232263088226,0.0164029598236084,0.013509213924407959,0.022493481636047363,0.06417107582092285,7.972760517216495,0.013509213924407959,-0.022493481636047363,-0.06417107582092285,0.764979362487793,0.7921261787414551,0.32340091466903687,0.06781267374753952
005037:4,True,32,34.74591064453125,0.0,0,15.554850497533879,False,0.05243540555238724,0.026253752410411835,0.045389559119939804,0.08561080694198608,0.18150988221168518,0.10081261396408081,0.06313633918762207,3.129947847536683,0.18150988221168518,0.10081261396408081,0.06313633918762207,0.565173864364624,0.6176141500473022,0.29939961433410645,0.06315381079912186,0.053972288966178894,0.03279322013258934,0.032682061195373535,0.09944775700569153,0.005799233913421631,0.06843507289886475,6.057448888074188,0.09944775700569153,0.005799233913421631,-0.06843507289886475,0.6896185874938965,0.7123101949691772,0.41869616508483887,-0.01071840524673462
005043:0,True,39,47.088661193847656,0.0,0,3.6585709876053807,False,0.020647836849093437,0.0009692045859992504,0.020625077188014984,0.01770782470703125,0.005930781364440918,0.040874361991882324,0.010694026947021484,7.413282419456739,0.005930781364440918,-0.040874361991882324,0.010694026947021484,0.8497059941291809,0.8663846850395203,0.35423150658607483,0.08909575641155243,0.038971565663814545,0.08012034744024277,0.044176459312438965,0.00475233793258667,0.008197188377380371,0.010280966758728027,8.786560253979504,0.00475233793258667,0.008197188377380371,-0.010280966758728027,0.6979697942733765,0.730579674243927,0.37579697370529175,-0.06844791956245899
005043:1,True,11,50.70071792602539,0.0,0,3.6585709876053807,False,0.0665929988026619,0.002891888841986656,0.06653018295764923,0.04159700870513916,0.09261244535446167,0.16978031396865845,0.022117972373962402,7.061404733796023,0.09261244535446167,0.16978031396865845,-0.022117972373962402,0.6260640025138855,0.6509000658988953,0.3364425301551819,0.08259998261928558,0.022934816777706146,0.07935207337141037,0.043750762939453125,0.14475202560424805,0.16381901502609253,0.042998671531677246,7.358436000421537,0.14475202560424805,0.16381901502609253,-0.042998671531677246,0.5755031108856201,0.5973418951034546,0.32754790782928467,-0.016006983816623688
005043:3,True,25,42.113834381103516,0.0,0,36.35361888458108,False,0.18019388616085052,0.06743843853473663,0.16709844768047333,0.26355016231536865,0.0358351469039917,0.02475517988204956,0.005639553070068359,3.855132710007946,0.0358351469039917,0.02475517988204956,0.005639553070068359,0.3987596035003662,0.5135954022407532,0.28277072310447693,0.13718350231647491,0.09713231027126312,0.09687428176403046,0.15411293506622314,0.05858743190765381,0.031843364238739014,0.03107142448425293,0.7536057343498578,0.05858743190765381,0.031843364238739014,0.03107142448425293,0.4671695828437805,0.54134202003479,0.36803939938545227,0.04301038384437561
005064:0,True,38,38.969329833984375,0.0,0,3.6883993558070234,False,0.07395165413618088,0.021188225597143173,0.07085128873586655,0.0690000057220459,0.003551304340362549,0.00521087646484375,0.0018162727355957031,4.738020264967806,-0.003551304340362549,0.00521087646484375,-0.0018162727355957031,0.7324475049972534,0.7875248193740845,0.456571489572525,0.0462656132876873,0.01704374887049198,0.043011825531721115,0.054888367652893066,0.032241225242614746,0.05784332752227783,0.0525968074798584,6.6634779127510795,-0.032241225242614746,-0.05784332752227783,-0.0525968074798584,0.7665731310844421,0.8149591684341431,0.49679145216941833,0.027686040848493576
005064:1,True,23,64.55379486083984,0.0,0,10.795710425266304,False,0.12622205913066864,0.08346980810165405,0.09468261897563934,0.1557067632675171,0.05459100008010864,0.041188061237335205,0.0092085599899292,58.59287706006844,0.05459100008010864,0.041188061237335205,-0.0092085599899292,0.5134028792381287,0.5978438258171082,0.3113609552383423,0.0418662466108799,0.04164210334420204,0.004326431080698967,0.04898381233215332,0.013285994529724121,0.02364426851272583,0.02466559410095215,58.350268740749584,-0.013285994529724121,-0.02364426851272583,0.02466559410095215,0.6690549254417419,0.7029781341552734,0.30709847807884216,0.08435581251978874
005064:2,True,21,42.61442565917969,0.0,0,3.6883993558070234,False,0.11888103187084198,0.10712820291519165,0.05153880640864372,0.05315208435058594,0.0042999982833862305,0.010446012020111084,0.054460883140563965,12.385600484756328,-0.0042999982833862305,0.010446012020111084,-0.054460883140563965,0.578482985496521,0.6091015934944153,0.18101324141025543,0.04840661212801933,0.030150404199957848,0.037870217114686966,0.08908569812774658,0.0009790658950805664,0.0071332454681396484,0.0797572135925293,8.443780380293243,0.0009790658950805664,0.0071332454681396484,-0.0797572135925293,0.7349247336387634,0.8105230331420898,0.41488370299339294,0.07047441974282265
005064:4,True,14,78.42008209228516,0.0,0,5.5728853216619045,False,0.15395383536815643,0.11527153849601746,0.10205026715993881,0.21190279722213745,0.08484643697738647,0.12557005882263184,0.03330051898956299,22.165234271877,0.08484643697738647,0.12557005882263184,0.03330051898956299,0.41933655738830566,0.512245774269104,0.17645111680030823,0.07953382283449173,0.06337150186300278,0.0480591356754303,0.09700852632522583,0.10382771492004395,0.08604609966278076,0.001967787742614746,11.682942952658431,0.10382771492004395,0.08604609966278076,-0.001967787742614746,0.6012099981307983,0.6631852984428406,0.26079100370407104,0.0744200125336647
005091:0,True,16,63.02492141723633,0.0,0,4.412953938260704,False,0.05926959961652756,0.059266239404678345,0.0006311628967523575,0.05118918418884277,0.05714613199234009,0.054870665073394775,0.028815031051635742,73.95859836272804,-0.05714613199234009,-0.054870665073394775,0.028815031051635742,0.6839175820350647,0.7199545502662659,0.658312201499939,0.05521998181939125,0.046327926218509674,0.03004945069551468,0.11616635322570801,0.0495871901512146,0.01748788356781006,0.05133044719696045,72.85779043457543,-0.0495871901512146,-0.01748788356781006,0.05133044719696045,0.6415203809738159,0.7219793796539307,0.6518750786781311,0.004049617797136307
005091:1,True,73,36.36507034301758,0.0,0,12.65062411541355,False,0.038651518523693085,0.03212035819888115,0.021499358117580414,0.014026403427124023,0.02566605806350708,0.027902424335479736,0.02577066421508789,5.51708894454347,0.02566605806350708,0.027902424335479736,0.02577066421508789,0.8327422142028809,0.8459798097610474,0.5382347702980042,0.04911014810204506,0.018546057865023613,0.045473627746105194,0.04948079586029053,0.013870596885681152,0.025410771369934082,0.04010474681854248,12.297445054371808,-0.013870596885681152,0.025410771369934082,0.04010474681854248,0.7517207264900208,0.7919842004776001,0.6086724400520325,-0.010458629578351974
005091:2,True,62,30.61766815185547,0.0,0,15.568896933696248,False,0.6132928729057312,0.37607479095458984,0.48445427417755127,0.07866668701171875,0.008624434471130371,0.035463809967041016,0.12205851078033447,7.759514726397355,-0.008624434471130371,-0.035463809967041016,0.12205851078033447,0.05422697216272354,0.05711211636662483,0.2870427966117859,0.4271683394908905,0.34912973642349243,0.24613258242607117,0.09147012233734131,0.05392348766326904,0.028093934059143066,0.11945188045501709,13.608342316462673,0.05392348766326904,-0.028093934059143066,0.11945188045501709,0.13943041861057281,0.14932508766651154,0.1875196397304535,0.1861245334148407
005091:3,True,21,67.41958618164062,0.0,0,4.412953938260704,False,0.059897590428590775,0.028845831751823425,0.05249418318271637,0.11375081539154053,0.0436326265335083,0.02719968557357788,0.031883955001831055,69.39192523223552,-0.0436326265335083,-0.02719968557357788,0.031883955001831055,0.6335242390632629,0.710567057132721,0.35186508297920227,0.04706297069787979,0.03417060524225235,0.03236190229654312,0.20630395412445068,0.09824621677398682,0.019517183303833008,0.046732544898986816,64.77329667395954,-0.09824621677398682,-0.019517183303833008,0.046732544898986816,0.5537676811218262,0.6800983548164368,0.48577794432640076,0.012834619730710983
005091:4,True,31,48.02629089355469,0.0,0,1.0866772028322587,True,0.19359201192855835,0.16876772046089172,0.09484366327524185,0.018854618072509766,0.003018975257873535,0.005736112594604492,0.08336019515991211,1.731261709301472,0.003018975257873535,-0.005736112594604492,0.08336019515991211,0.4289250671863556,0.44453001022338867,0.40779098868370056,0.014462619088590145,0.01443992555141449,0.0008098655380308628,0.06304824352264404,0.022868037223815918,0.02621603012084961,0.03847324848175049,18.884912979573315,0.022868037223815918,0.02621603012084961,0.03847324848175049,0.7280454039573669,0.7794792652130127,0.5109720826148987,0.1791293928399682
005091:5,True,43,48.273658752441406,0.0,0,1.0866772028322587,True,0.14824901521205902,0.017084315419197083,0.14726130664348602,0.14266371726989746,0.0023770928382873535,0.022356271743774414,0.047409892082214355,6.3018157537332335,-0.0023770928382873535,0.022356271743774414,-0.047409892082214355,0.49855101108551025,0.5701530575752258,0.3749644160270691,0.11930572241544724,0.09822089970111847,0.06772375851869583,0.043198347091674805,0.02619391679763794,0.033554673194885254,0.023116111755371094,2.002355559924949,0.02619391679763794,0.033554673194885254,-0.023116111755371094,0.5571885704994202,0.5796850919723511,0.5295197367668152,0.028943292796611786
005130:0,True,33,16.915592193603516,0.0,0,5.736919280599147,False,0.08892892301082611,0.06770345568656921,0.05765930935740471,0.08264768123626709,0.047147780656814575,0.07771754264831543,0.04032421112060547,79.77877786343933,0.047147780656814575,-0.07771754264831543,0.04032421112060547,0.5779175162315369,0.629406750202179,0.257277250289917,0.11231917887926102,0.02185952663421631,0.11017149686813354,0.00012576580047607422,0.037281960248947144,0.09174895286560059,0.09975874423980713,88.0734488387042,0.037281960248947144,-0.09174895286560059,0.09975874423980713,0.562076985836029,0.5892053246498108,0.15809543430805206,-0.023390255868434906
005130:1,True,137,21.42485809326172,0.0,0,5.736919280599147,False,0.1969420611858368,0.10712259262800217,0.16526015102863312,0.05186569690704346,0.01432657241821289,0.07700008153915405,0.0122452974319458,5.2397286227275925,-0.01432657241821289,-0.07700008153915405,-0.0122452974319458,0.4362119436264038,0.45687031745910645,0.4165247976779938,0.11771686375141144,0.046811968088150024,0.10800878703594208,0.019307613372802734,0.016014695167541504,0.020382583141326904,0.09452307224273682,4.404771692897212,-0.016014695167541504,-0.020382583141326904,0.09452307224273682,0.5920864343643188,0.6184563040733337,0.4569494128227234,0.07922519743442535
005130:2,True,55,32.69654083251953,0.0,0,1.7439985704473229,True,0.14770029485225677,0.1074036955833435,0.10138946771621704,0.017867565155029297,0.0007297694683074951,0.07905220985412598,0.026362299919128418,0.8635408167647121,0.0007297694683074951,0.07905220985412598,-0.026362299919128418,0.49735429883003235,0.5051314830780029,0.5679924488067627,0.059570442885160446,0.04810202866792679,0.03514018654823303,0.07265150547027588,0.017444998025894165,0.052293598651885986,0.029137849807739258,2.5769620719541106,-0.017444998025894165,0.052293598651885986,0.029137849807739258,0.6847031116485596,0.7387997508049011,0.5811858773231506,0.08812985196709633
005130:3,True,77,31.000581741333008,0.0,0,1.7439985704473229,True,0.08101646602153778,0.04442465305328369,0.06775040924549103,0.07407915592193604,0.006627023220062256,0.09063827991485596,0.07915973663330078,3.566028105285317,0.006627023220062256,0.09063827991485596,0.07915973663330078,0.6870306134223938,0.7438595294952393,0.6672921180725098,0.04781835153698921,0.007259082980453968,0.04726415500044823,0.05421710014343262,0.00430828332901001,0.08701574802398682,0.003184676170349121,17.268617014381498,-0.00430828332901001,0.08701574802398682,0.003184676170349121,0.6922008991241455,0.7326583862304688,0.7685460448265076,0.03319811448454857
005133:0,True,163,16.815155029296875,0.0,0,5.732131103914706,False,0.049712054431438446,0.03482339531183243,0.03547702357172966,0.020313143730163574,0.08165794610977173,0.021808743476867676,0.012793540954589844,78.84175787158361,0.08165794610977173,-0.021808743476867676,-0.012793540954589844,0.7295494675636292,0.7450211644172668,0.4801855981349945,0.04991951212286949,0.019813816994428635,0.045818883925676346,0.0277785062789917,0.06224173307418823,0.04305851459503174,0.0015993118286132812,84.36484007975268,0.06224173307418823,-0.04305851459503174,-0.0015993118286132812,0.7360861897468567,0.7580288648605347,0.6463029980659485,-0.00020745769143104553
005133:1,True,122,21.23445701599121,0.0,0,5.732131103914706,False,0.09554176032543182,0.09465943276882172,0.01295458897948265,0.0270998477935791,0.0113600492477417,0.06180316209793091,0.015191912651062012,2.286702710519578,-0.0113600492477417,-0.06180316209793091,0.015191912651062012,0.6304252743721008,0.6472498774528503,0.30636265873908997,0.06082121282815933,0.06054048240184784,0.005836973898112774,0.0249483585357666,0.02814704179763794,0.05270475149154663,0.06138157844543457,9.950393525327325,-0.02814704179763794,-0.05270475149154663,0.06138157844543457,0.7144442796707153,0.7358021140098572,0.35265254974365234,0.03472054749727249
005133:2,True,72,32.464691162109375,0.0,0,1.9410299820076793,True,0.11279413104057312,0.10644248127937317,0.03731641545891762,0.03288304805755615,0.0021026432514190674,0.047291100025177,0.07051777839660645,8.39842792420436,-0.0021026432514190674,0.047291100025177,0.07051777839660645,0.5549517869949341,0.5748509168624878,0.358720988035202,0.07358887046575546,0.060785356909036636,0.04147844761610031,0.04664313793182373,0.016206473112106323,0.0033116936683654785,0.023386359214782715,8.997408193657797,-0.016206473112106323,0.0033116936683654785,0.023386359214782715,0.6631715893745422,0.6964884996414185,0.3058770000934601,0.03920526057481766
005133:3,True,82,30.57782554626465,0.0,0,1.9410299820076793,True,0.07246368378400803,0.05548178032040596,0.04661284014582634,0.07646846771240234,0.0025849342346191406,0.10704696178436279,0.05059611797332764,9.300914479616484,-0.0025849342346191406,0.10704696178436279,0.05059611797332764,0.6595836877822876,0.7147260904312134,0.4807395935058594,0.04362304136157036,0.042686671018600464,0.008989876136183739,0.06098020076751709,0.012570858001708984,0.08540922403335571,0.009320497512817383,16.941409972002866,-0.012570858001708984,0.08540922403335571,-0.009320497512817383,0.6911030411720276,0.7367186546325684,0.6233188509941101,0.028840642422437668
005169:0,True,253,13.526937484741211,0.0,0,18.556231422595324,False,0.08910509943962097,0.08910426497459412,0.00038384273648262024,0.03209555149078369,0.0347212553024292,0.01135551929473877,0.173447847366333,2.905425869140024,0.0347212553024292,-0.01135551929473877,0.173447847366333,0.6136777400970459,0.6721941828727722,0.5836366415023804,0.06256148964166641,0.06255806982517242,0.0006536375731229782,0.008513927459716797,0.06076079607009888,0.03287392854690552,0.142769455909729,30.612170199566787,0.06076079607009888,-0.03287392854690552,0.142769455909729,0.6244612336158752,0.6738117337226868,0.6631933450698853,0.02654360979795456
005169:1,True,109,24.208452224731445,0.0,0,18.556231422595324,False,0.10625319927930832,0.10102274268865585,0.03292638435959816,0.07227551937103271,0.0833507776260376,0.0035024285316467285,0.036336421966552734,4.898867577455935,0.0833507776260376,-0.0035024285316467285,-0.036336421966552734,0.5714113712310791,0.6110420823097229,0.2858845293521881,0.02975715696811676,0.018918106332421303,0.022969406098127365,0.06681060791015625,0.05025777220726013,0.01430588960647583,0.03312826156616211,5.439545352154144,0.05025777220726013,0.01430588960647583,-0.03312826156616211,0.7689714431762695,0.8248500823974609,0.33970877528190613,0.07649604231119156
005171:0,True,265,13.135273933410645,0.0,0,18.520375661360216,False,0.09326758980751038,0.09144211560487747,0.01836257427930832,0.08823931217193604,0.07483446598052979,0.03509420156478882,0.0044487714767456055,1.9575731972606745,0.07483446598052979,-0.03509420156478882,-0.0044487714767456055,0.5892481803894043,0.644360363483429,0.609902024269104,0.10781222581863403,0.1015331968665123,0.036255840212106705,0.0033289194107055664,0.16206073760986328,0.01225435733795166,0.06905937194824219,62.79524292710149,0.16206073760986328,-0.01225435733795166,0.06905937194824219,0.5596461892127991,0.5808145999908447,0.6918637156486511,-0.014544636011123657
005171:1,True,119,23.72897720336914,0.0,0,18.520375661360216,False,0.0787234753370285,0.07227115333080292,0.03121325373649597,0.014235854148864746,0.03092816472053528,0.01369011402130127,0.08515560626983643,3.614682730466817,0.03092816472053528,-0.01369011402130127,-0.08515560626983643,0.6324086785316467,0.6588835716247559,0.5153011679649353,0.027705784887075424,0.024928253144025803,0.012091014534235,0.061086177825927734,0.068942129611969,0.01794224977493286,0.05611467361450195,0.7753457717358365,0.068942129611969,0.01794224977493286,-0.05611467361450195,0.7872918248176575,0.8389036655426025,0.655791163444519,0.05101769044995308
005225:0,True,49,47.96928405761719,0.0,0,6.984619725536058,False,0.13197927176952362,0.0992659330368042,0.08697587251663208,0.0007836818695068359,0.023652195930480957,0.04874587059020996,0.013742327690124512,5.9407245976243415,-0.023652195930480957,0.04874587059020996,-0.013742327690124512,0.6217384338378906,0.6257809996604919,0.38043850660324097,0.14564040303230286,0.11083943396806717,0.09447615593671799,0.05601942539215088,0.0171697735786438,0.07147479057312012,0.019256114959716797,12.975129138889132,-0.0171697735786438,0.07147479057312012,-0.019256114959716797,0.5479794144630432,0.5774082541465759,0.36879104375839233,-0.013661131262779236
005225:1,True,30,54.92808151245117,0.0,1,6.984619725536058,False,0.04937738925218582,0.028783177956938744,0.04012051224708557,0.15478980541229248,0.009467780590057373,0.025004565715789795,0.05220651626586914,0.9782060325508861,0.009467780590057373,0.025004565715789795,-0.05220651626586914,0.6946001052856445,0.8230674266815186,0.22466686367988586,0.05577724799513817,0.008617812767624855,0.0551074855029583,0.14199376106262207,0.02786630392074585,0.006897270679473877,0.07230186462402344,15.338132347369093,0.02786630392074585,0.006897270679473877,-0.07230186462402344,0.6582670211791992,0.7660083770751953,0.34445858001708984,-0.006399858742952347
005228:0,True,52,47.67870330810547,0.0,0,6.543110618794577,False,0.1310703605413437,0.07861356437206268,0.10487775504589081,0.05879557132720947,0.02781546115875244,0.013644397258758545,0.02024209499359131,21.566640135482753,-0.02781546115875244,-0.013644397258758545,-0.02024209499359131,0.5859612226486206,0.6203640699386597,0.6684494018554688,0.035739898681640625,0.00021227810066193342,0.035739269107580185,0.029596924781799316,0.020442843437194824,0.0005040764808654785,0.006494402885437012,17.65365208073913,-0.020442843437194824,0.0005040764808654785,-0.006494402885437012,0.756316602230072,0.7802578806877136,0.5892068147659302,0.09533046185970306
005228:1,True,27,54.19676208496094,0.0,1,6.543110618794577,False,0.14340418577194214,0.07613318413496017,0.12152569741010666,0.059758543968200684,0.015658199787139893,0.05381256341934204,0.04200434684753418,7.576773469895835,-0.015658199787139893,0.05381256341934204,-0.04200434684753418,0.5239670872688293,0.5537006258964539,0.24351973831653595,0.1558132916688919,0.010858343914151192,0.1554344743490219,0.08740091323852539,0.009232044219970703,0.006945967674255371,0.07663333415985107,3.1424161304954557,0.009232044219970703,-0.006945967674255371,-0.07663333415985107,0.5304999947547913,0.5769147872924805,0.23388642072677612,-0.012409105896949768
005255:0,True,40,43.69127655029297,0.0,0,24.573298766229733,False,0.17474326491355896,0.1674250215291977,0.050040654838085175,0.017947673797607422,0.007482171058654785,0.006309807300567627,0.032791972160339355,1.8071760742026648,0.007482171058654785,-0.006309807300567627,-0.032791972160339355,0.5179621577262878,0.5264736413955688,0.6810128092765808,0.11508669704198837,0.08496393263339996,0.07762780785560608,0.0025751590728759766,0.011873722076416016,0.029216110706329346,0.0467681884765625,2.2148564053823856,0.011873722076416016,-0.029216110706329346,-0.0467681884765625,0.6788464188575745,0.695317804813385,0.6293339133262634,0.05965656787157059
005255:1,True,140,22.003543853759766,0.0,1,0.36363973865385196,True,0.07721696048974991,0.0763271152973175,0.011688917875289917,0.10677063465118408,0.010136008262634277,0.09301292896270752,0.017511487007141113,8.675778228107568,0.010136008262634277,0.09301292896270752,-0.017511487007141113,0.6237316131591797,0.6944482922554016,0.4232315123081207,0.08147687464952469,0.07767429202795029,0.02460050769150257,0.06534135341644287,0.0031618475914001465,0.04354649782180786,0.02841651439666748,10.79215332357104,-0.0031618475914001465,0.04354649782180786,-0.02841651439666748,0.6573989391326904,0.7021793723106384,0.37043020129203796,-0.00425991415977478
005273:0,True,70,41.02210998535156,0.0,0,1.9071116277370266,True,0.07308539748191833,0.0030030282214283943,0.07302366942167282,0.021419644355773926,0.05357259511947632,0.031768620014190674,0.021727681159973145,13.570810881715627,0.05357259511947632,0.031768620014190674,-0.021727681159973145,0.7263952493667603,0.742152750492096,0.6342542171478271,0.04203937202692032,0.01923612877726555,0.03738020732998848,0.02805495262145996,0.09952086210250854,0.04032856225967407,0.05882084369659424,13.69569406050014,0.09952086210250854,0.04032856225967407,-0.05882084369659424,0.7402026057243347,0.7613310813903809,0.5142087936401367,0.031046025454998016
005273:1,True,16,63.96992492675781,0.0,1,22.02732734119841,False,0.09486283361911774,0.03437049686908722,0.08841733634471893,0.1354532241821289,0.053744733333587646,0.0025655627250671387,0.014693617820739746,4.505698210538991,-0.053744733333587646,-0.0025655627250671387,0.014693617820739746,0.6147975325584412,0.7078263163566589,0.3374023139476776,0.04688270390033722,0.011702282354235649,0.04539872705936432,0.12530267238616943,0.03192305564880371,0.05225241184234619,0.02044665813446045,10.053742938891624,-0.03192305564880371,-0.05225241184234619,-0.02044665813446045,0.6957638263702393,0.799619734287262,0.13752523064613342,0.04798012971878052
005273:2,True,41,42.884132385253906,0.0,1,1.9071116277370266,True,0.08083047717809677,0.004396437201648951,0.08071082830429077,0.07349622249603271,0.04347109794616699,0.05560976266860962,0.008099794387817383,14.382530598505278,0.04347109794616699,0.05560976266860962,0.008099794387817383,0.6558105945587158,0.7064646482467651,0.4571371376514435,0.04255911707878113,0.012345714494585991,0.040729131549596786,0.027483701705932617,0.02444279193878174,0.049722373485565186,0.0018693208694458008,6.675672988143051,0.02444279193878174,0.049722373485565186,0.0018693208694458008,0.7927736043930054,0.8164700865745544,0.5248379707336426,0.03827136009931564
005276:0,True,68,40.62270736694336,0.0,0,1.7088482742791755,True,0.20098793506622314,0.08873195201158524,0.18034076690673828,0.07101750373840332,0.028299927711486816,0.03912460803985596,0.009145498275756836,9.941931375687851,0.028299927711486816,0.03912460803985596,0.009145498275756836,0.44003817439079285,0.46821311116218567,0.3879881203174591,0.10870567709207535,0.035893578082323074,0.10260885208845139,0.050142645835876465,0.05450814962387085,0.0001277923583984375,0.05141270160675049,14.470592682216425,0.05450814962387085,0.0001277923583984375,-0.05141270160675049,0.6375279426574707,0.66975998878479,0.48350486159324646,0.0922822579741478
005276:1,True,16,62.947757720947266,0.0,1,21.72082252532774,False,0.08836698532104492,0.058283619582653046,0.06642096489667892,0.17241764068603516,0.04893416166305542,0.006815731525421143,0.008832097053527832,1.1597797814465052,-0.04893416166305542,-0.006815731525421143,0.008832097053527832,0.5949406027793884,0.713107705116272,0.31374648213386536,0.09547952562570572,0.09545194357633591,0.0022948342375457287,0.21058201789855957,0.04074662923812866,0.012460768222808838,0.003504157066345215,1.1400541951235084,-0.04074662923812866,0.012460768222808838,-0.003504157066345215,0.5949888825416565,0.7468715310096741,0.24904456734657288,-0.007112540304660797
005276:2,True,49,42.27268600463867,0.0,1,1.7088482742791755,True,0.0390838086605072,0.01923426240682602,0.034023333340883255,0.10514259338378906,0.037564754486083984,0.0508347749710083,0.003079652786254883,18.088099468533958,-0.037564754486083984,0.0508347749710083,-0.003079652786254883,0.6855428814888,0.7653929591178894,0.4890492558479309,0.05426622927188873,0.017966732382774353,0.05120566487312317,0.019156575202941895,0.013795018196105957,0.045785605907440186,0.010508179664611816,8.23402162841648,-0.013795018196105957,0.045785605907440186,-0.010508179664611816,0.7781928777694702,0.7940415740013123,0.5391628742218018,-0.01518242061138153
005297:0,True,228,15.767584800720215,0.0,1,0.5714315516877617,True,0.13511034846305847,0.12310813367366791,0.05567041411995888,0.051793038845062256,0.034928321838378906,0.004114329814910889,0.07070314884185791,3.223111627815657,-0.034928321838378906,-0.004114329814910889,-0.07070314884185791,0.5460488796234131,0.5725846886634827,0.5216856002807617,0.04542684182524681,0.013323510996997356,0.043429046869277954,0.008093774318695068,0.009626388549804688,0.012691080570220947,0.02368748188018799,10.719681374011532,-0.009626388549804688,0.012691080570220947,-0.02368748188018799,0.8008409142494202,0.8104963302612305,0.646785318851471,0.08968350663781166
005297:2,True,184,15.322622299194336,0.0,1,0.5714315516877617,True,0.6483274698257446,0.6156467199325562,0.20324274897575378,0.0421406626701355,0.10990512371063232,0.028114795684814453,0.024120211601257324,53.42561173547834,-0.10990512371063232,-0.028114795684814453,0.024120211601257324,0.03682435303926468,0.03774130716919899,0.16133983433246613,0.06804203242063522,0.022614285349845886,0.06417407095432281,0.04583519697189331,0.04971718788146973,0.03474849462509155,0.08294880390167236,4.670483354454719,-0.04971718788146973,-0.03474849462509155,0.08294880390167236,0.731038510799408,0.7632880210876465,0.3785344362258911,0.5802854374051094
005297:3,True,73,38.42185974121094,0.0,0,1.2323166446315021,True,0.12422852218151093,0.11462215334177017,0.047900814563035965,0.011117815971374512,0.057061612606048584,0.031127214431762695,0.06481361389160156,25.053888838881143,0.057061612606048584,-0.031127214431762695,0.06481361389160156,0.6119344234466553,0.6313390135765076,0.40827077627182007,0.18067532777786255,0.1699182391166687,0.06141146272420883,0.0008993148803710938,0.1002761721611023,0.00720667839050293,0.05019521713256836,2.0173000138289368,0.1002761721611023,-0.00720667839050293,0.05019521713256836,0.5282360315322876,0.541043221950531,0.3435426652431488,-0.056446805596351624
005297:4,True,30,57.60106658935547,0.0,1,19.529664571063527,False,0.015658028423786163,0.014229031279683113,0.006535176187753677,0.014120221138000488,0.0076255202293396,0.06037724018096924,0.03731942176818848,0.4106992747928667,0.0076255202293396,0.06037724018096924,0.03731942176818848,0.8717190623283386,0.8912138342857361,0.5543423891067505,0.09852287173271179,0.09277186542749405,0.033168334513902664,0.06562209129333496,0.020463764667510986,0.011425971984863281,0.034796953201293945,1.2035203128912668,0.020463764667510986,0.011425971984863281,-0.034796953201293945,0.672825813293457,0.7209067940711975,0.7402054667472839,-0.08286484330892563
005297:5,True,61,39.5135383605957,0.0,1,1.2323166446315021,True,0.11278752982616425,0.09741197526454926,0.05685008317232132,0.051854848861694336,0.004602491855621338,0.01811462640762329,0.03726661205291748,12.162562478642396,-0.004602491855621338,0.01811462640762329,0.03726661205291748,0.6301230788230896,0.6628342270851135,0.5517331957817078,0.0841740146279335,0.06550010293722153,0.05286776274442673,0.03197026252746582,0.021570444107055664,0.01652240753173828,0.046746015548706055,2.25022950035171,0.021570444107055664,0.01652240753173828,0.046746015548706055,0.7078746557235718,0.7315008640289307,0.639569878578186,0.028613515198230743
005339:1,True,119,36.36605453491211,0.0,0,4.640130414426666,False,0.12229960411787033,0.0967206209897995,0.07484861463308334,0.004550457000732422,0.08665531873703003,0.021502017974853516,0.11600804328918457,2.8683689051692056,0.08665531873703003,-0.021502017974853516,0.11600804328918457,0.6294224858283997,0.6677778959274292,0.5275777578353882,0.08620481938123703,0.08206532895565033,0.026392268016934395,0.026504993438720703,0.025170564651489258,0.006007194519042969,0.07896113395690918,2.8625222632396747,0.025170564651489258,0.006007194519042969,0.07896113395690918,0.7162014842033386,0.7464545965194702,0.6206509470939636,0.0360947847366333
005339:2,True,65,34.31285095214844,0.0,1,6.022626979810708,False,0.01384772453457117,0.0038948284927755594,0.01328870840370655,0.03020632266998291,0.11736708879470825,0.009331583976745605,0.03339338302612305,10.607410366900533,-0.11736708879470825,0.009331583976745605,0.03339338302612305,0.7691835761070251,0.7928863763809204,0.5477138161659241,0.03551306203007698,0.01498014759272337,0.0321989543735981,0.014889836311340332,0.018265604972839355,0.02062457799911499,0.02770209312438965,3.345225392262816,-0.018265604972839355,0.02062457799911499,0.02770209312438965,0.8652752637863159,0.8795769214630127,0.6768330335617065,-0.02166533749550581
005339:3,True,51,47.970802307128906,0.0,0,13.024142712386423,False,0.0696435272693634,0.053136393427848816,0.04501938819885254,0.031905412673950195,0.035737574100494385,0.009601116180419922,0.0257490873336792,3.4112833394495086,0.035737574100494385,0.009601116180419922,0.0257490873336792,0.7452560067176819,0.7714768648147583,0.6041929721832275,0.08334052562713623,0.05603962764143944,0.06168634071946144,0.09570813179016113,0.0044231414794921875,0.023363471031188965,0.04501700401306152,3.542395650757073,-0.0044231414794921875,-0.023363471031188965,0.04501700401306152,0.6552301645278931,0.7236219048500061,0.6785700917243958,-0.013696998357772827
005339:4,True,64,37.173526763916016,0.0,1,4.640130414426666,False,0.018560349941253662,0.015691624954342842,0.009912588633596897,0.03541982173919678,0.017397582530975342,0.029355883598327637,0.015834808349609375,2.90290234161279,-0.017397582530975342,0.029355883598327637,-0.015834808349609375,0.8717700839042664,0.90724116563797,0.4730302095413208,0.12502562999725342,0.02160143479704857,0.12314538657665253,0.013396143913269043,0.009042501449584961,0.01998746395111084,0.0069113969802856445,5.766445490762296,0.009042501449584961,0.01998746395111084,-0.0069113969802856445,0.6240234375,0.6320830583572388,0.38992029428482056,-0.10646528005599976
005363:0,True,72,35.810707092285156,0.0,0,5.156513503062194,False,0.1498265415430069,0.006052744574844837,0.1497042328119278,0.023122668266296387,0.0031962990760803223,0.007885277271270752,0.033454060554504395,22.962293669726478,-0.0031962990760803223,-0.007885277271270752,0.033454060554504395,0.572956383228302,0.5855123996734619,0.18504387140274048,0.079923115670681,0.03644366189837456,0.07113061845302582,0.04914510250091553,0.044703125953674316,0.026484191417694092,0.027487993240356445,0.7824049996141307,0.044703125953674316,-0.026484191417694092,0.027487993240356445,0.7039614915847778,0.7409567832946777,0.40633031725883484,0.0699034258723259
005363:1,True,84,30.94854736328125,0.0,0,5.156513503062194,False,0.09488274902105331,0.09459230303764343,0.00741829676553607,0.020043134689331055,0.08015215396881104,0.08198446035385132,0.053612709045410156,5.405674898802222,-0.08015215396881104,-0.08198446035385132,-0.053612709045410156,0.657099723815918,0.6771996021270752,0.4199655055999756,0.1125972792506218,0.10148677974939346,0.04877069592475891,0.053462982177734375,0.023220181465148926,0.02815389633178711,0.04764258861541748,1.3988673656193025,-0.023220181465148926,-0.02815389633178711,0.04764258861541748,0.6549952030181885,0.6898415684700012,0.42003297805786133,-0.01771453022956848
005363:2,True,61,43.90850067138672,0.0,1,9.44209229895467,False,0.0652744397521019,0.06345491111278534,0.015304500237107277,0.03594315052032471,0.02516275644302368,0.03296935558319092,0.026706576347351074,1.8330451883130021,0.02516275644302368,-0.03296935558319092,-0.026706576347351074,0.7515543103218079,0.7807368040084839,0.3337717652320862,0.059217341244220734,0.034116558730602264,0.048402003943920135,0.042945146560668945,0.06009286642074585,0.03819608688354492,0.005903005599975586,7.91743234247372,0.06009286642074585,0.03819608688354492,-0.005903005599975586,0.7467269897460938,0.7810941338539124,0.5393133759498596,0.0060570985078811646
005363:3,True,70,36.646461486816406,0.0,1,6.905942055032251,False,0.09528331458568573,0.022500401362776756,0.09258856624364853,0.033597469329833984,0.0024730563163757324,0.031518518924713135,0.023819327354431152,11.22810335298327,0.0024730563163757324,-0.031518518924713135,0.023819327354431152,0.6866780519485474,0.7100071907043457,0.5311655402183533,0.05635340139269829,0.004628349095582962,0.05616301670670509,0.025708556175231934,0.03378790616989136,0.005803167819976807,0.014575600624084473,4.078725782677483,0.03378790616989136,-0.005803167819976807,0.014575600624084473,0.8025633692741394,0.8250800967216492,0.6454009413719177,0.03892991319298744
005429:0,True,63,35.55438995361328,0.0,0,7.042432017156806,False,0.1781238615512848,0.013163028284907341,0.17763681709766388,0.046396613121032715,0.033513426780700684,0.007333874702453613,0.0171051025390625,13.104418244430475,-0.033513426780700684,-0.007333874702453613,-0.0171051025390625,0.48631709814071655,0.5066765546798706,0.5800854563713074,0.0258079394698143,0.02455306611955166,0.007949639111757278,0.020720601081848145,0.031147360801696777,0.011664867401123047,0.03466606140136719,7.974399762617298,-0.031147360801696777,-0.011664867401123047,-0.03466606140136719,0.838995635509491,0.8585630655288696,0.5437635779380798,0.1523159220814705
005429:1,True,363,14.274137496948242,0.0,0,0.6023753752233145,True,0.07016775012016296,0.06489656120538712,0.026682384312152863,0.004793524742126465,0.029628276824951172,0.10264045000076294,0.019829869270324707,6.121642648359639,-0.029628276824951172,-0.10264045000076294,-0.019829869270324707,0.69595867395401,0.7031976580619812,0.6519865989685059,0.06094503030180931,0.032474495470523834,0.05157231539487839,0.09640371799468994,0.0030603408813476562,0.04696851968765259,0.006442904472351074,5.991923695642757,-0.0030603408813476562,-0.04696851968765259,-0.006442904472351074,0.7103955745697021,0.7825543880462646,0.777121365070343,0.009222719818353653
005429:2,True,196,13.742451667785645,0.0,0,0.6023753752233145,True,0.20024466514587402,0.1925140619277954,0.05510225147008896,0.004899203777313232,0.04378432035446167,0.0038672685623168945,0.027692675590515137,15.248620897063242,-0.04378432035446167,0.0038672685623168945,-0.027692675590515137,0.4974899888038635,0.5035951137542725,0.3101409375667572,0.1657019853591919,0.15806272625923157,0.049732502549886703,0.08980017900466919,0.01890164613723755,0.02897322177886963,0.014543771743774414,12.019703608453074,0.01890164613723755,0.02897322177886963,-0.014543771743774414,0.5316107869148254,0.5762887001037598,0.3225817084312439,0.03454267978668213
005429:3,True,53,28.516695022583008,0.0,0,7.042432017156806,False,0.028797892853617668,0.018656261265277863,0.021937696263194084,0.02834010124206543,0.0014396309852600098,0.007951974868774414,0.02595341205596924,0.4304831450948946,0.0014396309852600098,0.007951974868774414,-0.02595341205596924,0.8518109917640686,0.8783563375473022,0.5783761739730835,0.032680924981832504,0.023488137871026993,0.02272333763539791,0.0606311559677124,0.00904989242553711,0.047118186950683594,0.020586729049682617,7.500220709678333,0.00904989242553711,0.047118186950683594,0.020586729049682617,0.7835444211959839,0.8354416489601135,0.7319977879524231,-0.003883032128214836
005429:4,True,1081,3.774202585220337,0.0,0,11.32159628699101,False,0.11838021129369736,0.00962598156183958,0.1179882064461708,0.03472977876663208,0.10295164585113525,0.09658828377723694,0.007632851600646973,7.431782214194805,0.10295164585113525,0.09658828377723694,-0.007632851600646973,0.572075605392456,0.5903826355934143,0.36859917640686035,0.12245506048202515,0.11995338648557663,0.024625718593597412,0.04371422529220581,0.034365713596343994,0.12099161744117737,0.02128016948699951,23.87221283744624,0.034365713596343994,0.12099161744117737,-0.02128016948699951,0.5370108485221863,0.5580816864967346,0.2199946939945221,-0.004074849188327789
005462:0,True,86,32.308815002441406,0.0,0,7.04661673761822,False,0.05132655054330826,0.03845933452248573,0.03398963063955307,0.05994826555252075,0.004938602447509766,0.020944535732269287,0.011436700820922852,9.313171481453157,0.004938602447509766,0.020944535732269287,0.011436700820922852,0.7529815435409546,0.8019653558731079,0.4560295641422272,0.05850638449192047,0.053586408495903015,0.023483913391828537,0.02440422773361206,0.01579231023788452,0.021802544593811035,0.05196034908294678,0.39878378241469353,0.01579231023788452,0.021802544593811035,0.05196034908294678,0.7596465945243835,0.780692458152771,0.5482749342918396,-0.007179833948612213
005462:1,True,75,34.10608673095703,0.0,0,13.895168495492474,False,0.0853012427687645,0.06173170357942581,0.05886848270893097,0.011904001235961914,0.02767127752304077,0.0365985631942749,0.0314173698425293,0.2180915826641781,0.02767127752304077,-0.0365985631942749,0.0314173698425293,0.6903420090675354,0.7013249397277832,0.38541993498802185,0.06335143744945526,0.033139221370220184,0.05399255454540253,0.03921401500701904,0.017904341220855713,0.004290521144866943,0.012424230575561523,5.773241074244287,0.017904341220855713,-0.004290521144866943,-0.012424230575561523,0.745525598526001,0.7773798108100891,0.3741033673286438,0.021949805319309235
005462:2,True,65,25.296268463134766,0.0,0,7.04661673761822,False,0.030187144875526428,0.029652157798409462,0.005658014211803675,0.0651923418045044,0.007097899913787842,0.023723304271697998,3.886222839355469e-05,0.4696884309307678,-0.007097899913787842,-0.023723304271697998,-3.886222839355469e-05,0.8183839321136475,0.8795410990715027,0.6147865653038025,0.0782799944281578,0.04026256874203682,0.06713182479143143,0.02674269676208496,0.004698395729064941,0.02390265464782715,0.04635334014892578,2.2076164048621725,-0.004698395729064941,-0.02390265464782715,0.04635334014892578,0.6938537359237671,0.712157666683197,0.7261205911636353,-0.04809284955263138
005462:3,True,32,41.69385528564453,0.0,0,10.034857176904847,False,0.21541918814182281,0.21541756391525269,0.0008325427770614624,0.055502891540527344,0.020907163619995117,0.06324422359466553,0.0837864875793457,21.386971554623397,0.020907163619995117,0.06324422359466553,-0.0837864875793457,0.43304479122161865,0.45364058017730713,0.37771305441856384,0.1987733542919159,0.1987064629793167,0.0051565696485340595,0.007307887077331543,0.026123344898223877,0.03328752517700195,0.04502594470977783,1.99032213309805,0.026123344898223877,0.03328752517700195,-0.04502594470977783,0.4924968183040619,0.50203537940979,0.7088983058929443,0.01664583384990692
005482:0,True,86,30.88818359375,0.0,0,6.917349701754458,False,0.11162881553173065,0.06364881247282028,0.0917050689458847,0.018256723880767822,0.03770637512207031,0.012763261795043945,0.015197396278381348,8.494368403752029,-0.03770637512207031,-0.012763261795043945,0.015197396278381348,0.6501993536949158,0.6615965962409973,0.5348852276802063,0.09864061325788498,0.042835235595703125,0.08885444700717926,0.006464838981628418,0.0019635558128356934,0.003388822078704834,0.03051161766052246,7.412411797708649,0.0019635558128356934,0.003388822078704834,0.03051161766052246,0.6647477746009827,0.674700915813446,0.5815085768699646,0.012988202273845673
005482:1,True,89,34.94527053833008,0.0,0,10.630286346432934,False,0.435608834028244,0.1663932204246521,0.40257713198661804,0.15649306774139404,0.024342477321624756,0.12885385751724243,0.008490562438964844,0.805105360691754,-0.024342477321624756,-0.12885385751724243,0.008490562438964844,0.16386684775352478,0.18373136222362518,0.1368589848279953,0.16029642522335052,0.15858326852321625,0.023372869938611984,0.08586299419403076,0.019183814525604248,0.07247191667556763,0.01696169376373291,5.60564052589985,-0.019183814525604248,-0.07247191667556763,-0.01696169376373291,0.5033786296844482,0.5458993911743164,0.4251061975955963,0.2753124088048935
005482:2,True,70,23.994352340698242,0.0,0,6.917349701754458,False,0.07190874218940735,0.046994466334581375,0.05442781373858452,0.024235785007476807,0.03205007314682007,0.0009840726852416992,0.015857696533203125,5.453998032437891,-0.03205007314682007,-0.0009840726852416992,0.015857696533203125,0.7245724201202393,0.7426427006721497,0.37680941820144653,0.033562470227479935,0.0143535565584898,0.030338337644934654,0.02326381206512451,0.030832529067993164,0.01835644245147705,0.0247420072555542,7.384373416423575,0.030832529067993164,0.01835644245147705,0.0247420072555542,0.821363091468811,0.8427122831344604,0.46915963292121887,0.038346271961927414
005482:3,True,15,56.13034439086914,0.0,0,16.084895222102837,False,0.08136720955371857,0.08010934293270111,0.01425183191895485,0.028506875038146973,0.06585532426834106,0.0020911693572998047,0.004326939582824707,8.012995340384204,-0.06585532426834106,0.0020911693572998047,0.004326939582824707,0.7069487571716309,0.7277832627296448,0.33886972069740295,0.08720199763774872,0.08221583813428879,0.029064469039440155,0.019599080085754395,0.0045059919357299805,0.03634798526763916,0.02781212329864502,1.2747405165998251,0.0045059919357299805,-0.03634798526763916,-0.02781212329864502,0.6899062991142273,0.7040465474128723,0.2979026436805725,-0.005834788084030151
005482:4,True,71,40.50725555419922,0.0,0,10.630286346432934,False,0.0635722279548645,0.05411799997091293,0.03335670754313469,0.009520649909973145,0.016094863414764404,0.006919443607330322,0.04216301441192627,5.46321241237041,0.016094863414764404,0.006919443607330322,-0.04216301441192627,0.7501829862594604,0.7666395306587219,0.3756365180015564,0.08513883501291275,0.011658476665616035,0.08433683216571808,0.01974654197692871,0.03950923681259155,0.0072005391120910645,0.019295215606689453,4.49370804082212,-0.03950923681259155,-0.0072005391120910645,-0.019295215606689453,0.7164222002029419,0.7312644124031067,0.437847763299942,-0.02156660705804825
005509:0,True,99,30.73406982421875,0.0,0,6.853027560563103,False,0.05600356310606003,0.030611664056777954,0.04689696431159973,0.005538582801818848,0.05049353837966919,0.031033575534820557,0.02348792552947998,14.46225985142901,-0.05049353837966919,-0.031033575534820557,0.02348792552947998,0.7516803741455078,0.7602161765098572,0.5092395544052124,0.07996108382940292,0.0786483958363533,0.014429308474063873,0.02283179759979248,0.020517706871032715,0.01919621229171753,0.03105747699737549,9.424694810221126,-0.020517706871032715,-0.01919621229171753,0.03105747699737549,0.7242715954780579,0.7408477067947388,0.6109358668327332,-0.023957520723342896
005509:1,True,73,23.90709114074707,0.0,0,6.853027560563103,False,0.07667547464370728,0.07573623210191727,0.011964564211666584,0.01931941509246826,0.024703383445739746,0.01863563060760498,0.011684298515319824,4.062122047547354,-0.024703383445739746,0.01863563060760498,0.011684298515319824,0.734572172164917,0.7491931915283203,0.5507542490959167,0.0415179617702961,0.03363475576043129,0.024340180680155754,0.024182558059692383,0.008608460426330566,0.019558370113372803,0.011692404747009277,1.4646011061915052,0.008608460426330566,0.019558370113372803,0.011692404747009277,0.8157880902290344,0.8373448848724365,0.6736054420471191,0.03515751287341118
005509:2,True,30,59.34665298461914,0.0,0,18.491580155145215,False,0.050263457000255585,0.05008319765329361,0.004253075923770666,0.14840912818908691,0.04590564966201782,0.006146430969238281,0.05655252933502197,10.312064335767177,-0.04590564966201782,0.006146430969238281,0.05655252933502197,0.6819891333580017,0.7990211844444275,0.47773119807243347,0.05512024089694023,0.05496060475707054,0.00419197790324688,0.07537317276000977,0.0028682947158813477,0.0039293766021728516,0.028702259063720703,7.280643788240763,-0.0028682947158813477,-0.0039293766021728516,0.028702259063720703,0.7470335364341736,0.8104559779167175,0.5164957046508789,-0.004856783896684647
005509:3,True,51,43.85272979736328,0.0,0,2.6021007941890386,False,0.031708598136901855,0.03133905678987503,0.004826860502362251,0.06436419486999512,0.12002301216125488,0.14265090227127075,0.015252947807312012,7.230264312922749,0.12002301216125488,0.14265090227127075,-0.015252947807312012,0.5956891179084778,0.6342906951904297,0.4982706606388092,0.05727521702647209,0.020731637254357338,0.0533914789557457,0.009734392166137695,0.0001920461654663086,0.07981491088867188,0.04745364189147949,3.1761372291699805,0.0001920461654663086,0.07981491088867188,-0.04745364189147949,0.7326280474662781,0.7502163648605347,0.6323142051696777,-0.025566618889570236
005509:4,True,60,41.83237838745117,0.0,0,2.6021007941890386,False,0.05071353167295456,0.045665889978408813,0.02205648645758629,0.02074718475341797,0.00015926361083984375,0.00611567497253418,0.025716185569763184,17.727738687924084,0.00015926361083984375,0.00611567497253418,-0.025716185569763184,0.7436104416847229,0.7597580552101135,0.5527079105377197,0.09400682896375656,0.0784059390425682,0.05186321958899498,0.059188008308410645,0.02216094732284546,0.0036292076110839844,0.033666133880615234,2.1387134565150836,-0.02216094732284546,-0.0036292076110839844,-0.033666133880615234,0.6442041993141174,0.6837313175201416,0.4819675087928772,-0.043293297290802
005512:0,True,97,30.705842971801758,0.0,0,6.848123140370175,False,0.03279375657439232,0.03135278448462486,0.009614227339625359,0.01129138469696045,0.06010448932647705,0.04307359457015991,0.025720596313476562,14.228858627111334,-0.06010448932647705,-0.04307359457015991,0.025720596313476562,0.7726102471351624,0.7821953892707825,0.4696519374847412,0.10762426257133484,0.07137353718280792,0.0805530846118927,0.028961539268493652,0.027657628059387207,0.023574471473693848,0.03071308135986328,11.37187245956504,-0.027657628059387207,-0.023574471473693848,0.03071308135986328,0.6515018343925476,0.6697496175765991,0.5487813353538513,-0.07483050599694252
005512:1,True,70,23.888975143432617,0.0,0,6.848123140370175,False,0.05097585171461105,0.049992166459560394,0.00996596459299326,0.03693234920501709,0.01812511682510376,0.02876943349838257,0.01707756519317627,5.4762444133067945,-0.01812511682510376,0.02876943349838257,0.01707756519317627,0.7742747068405151,0.8050268888473511,0.5171301960945129,0.062342941761016846,0.03064660169184208,0.054290223866701126,0.03585708141326904,0.017020881175994873,0.025764405727386475,0.024200916290283203,4.023599780628483,0.017020881175994873,0.025764405727386475,0.024200916290283203,0.7412397265434265,0.7694483399391174,0.7170602083206177,-0.011367090046405792
005512:2,True,31,59.75729751586914,0.0,0,18.893964878536114,False,0.030998099595308304,0.029667101800441742,0.008985841646790504,0.12361514568328857,0.014852285385131836,0.011222600936889648,0.06398999691009521,9.636640589122957,0.014852285385131836,-0.011222600936889648,0.06398999691009521,0.7336258888244629,0.8402510285377502,0.5294902920722961,0.04130151867866516,0.02455967292189598,0.033205997198820114,0.05635678768157959,0.008245766162872314,0.04547464847564697,0.043979763984680176,1.9144373649285449,-0.008245766162872314,-0.04547464847564697,0.043979763984680176,0.7860300540924072,0.8352954387664795,0.5416314601898193,-0.010303419083356857
005512:3,True,28,43.946449279785156,0.0,0,2.433029395829052,False,0.3821096122264862,0.13584735989570618,0.3571459650993347,0.21205389499664307,0.17841839790344238,0.1757214069366455,0.008005857467651367,9.19183271610571,0.17841839790344238,0.1757214069366455,-0.008005857467651367,0.15039637684822083,0.1763778179883957,0.11442180722951889,0.01904587633907795,0.006131666246801615,0.018031863495707512,0.05111336708068848,0.060611069202423096,0.08190089464187622,0.0550762414932251,26.064093852951366,0.060611069202423096,0.08190089464187622,-0.0550762414932251,0.6661059260368347,0.7003377676010132,0.19804750382900238,0.36306373588740826
005512:4,True,42,42.06001663208008,0.0,0,2.433029395829052,False,0.048751141875982285,0.003881654003635049,0.04859636351466179,0.0190507173538208,0.017890512943267822,0.03129321336746216,0.014173030853271484,9.041104101501867,0.017890512943267822,0.03129321336746216,-0.014173030853271484,0.7871495485305786,0.8029794692993164,0.4921088218688965,0.05869144946336746,0.03813479468226433,0.04461415857076645,0.05284523963928223,0.02059483528137207,0.012630939483642578,0.08890342712402344,4.129105257995498,0.02059483528137207,0.012630939483642578,-0.08890342712402344,0.7593813538551331,0.8032888770103455,0.6678490042686462,-0.009940307587385178
005521:0,True,48,30.564361572265625,0.0,0,6.913307133265881,False,0.037942055612802505,0.022392814978957176,0.03062942437827587,0.19483691453933716,0.030338585376739502,0.09360307455062866,0.035404205322265625,17.9818290099799,0.030338585376739502,0.09360307455062866,0.035404205322265625,0.6041489243507385,0.7404420375823975,0.3134699761867523,0.02602377161383629,0.019688379019498825,0.017017768695950508,0.0683363676071167,0.020539522171020508,0.04635971784591675,0.058220624923706055,5.545338606950644,-0.020539522171020508,0.04635971784591675,0.058220624923706055,0.8081381916999817,0.8711619973182678,0.39821305871009827,0.011918283998966217
005521:1,True,60,23.680011749267578,0.0,0,6.913307133265881,False,0.06099686399102211,0.050216883420944214,0.0346248634159565,0.06220489740371704,0.012929141521453857,0.025184333324432373,0.01921975612640381,21.36380218646805,0.012929141521453857,0.025184333324432373,0.01921975612640381,0.6814647316932678,0.7276948690414429,0.47418320178985596,0.045777466148138046,0.02340564876794815,0.03934147581458092,0.010807275772094727,0.03094083070755005,0.004937350749969482,0.003683328628540039,9.067120746792618,-0.03094083070755005,-0.004937350749969482,0.003683328628540039,0.7993501424789429,0.8088603019714355,0.6478325128555298,0.015219397842884064
005521:2,True,21,60.568363189697266,0.0,0,19.40861427682515,False,0.03824755921959877,0.005200568120926619,0.03789234533905983,0.13031494617462158,0.009585976600646973,0.01820957660675049,0.0449756383895874,14.713984652056995,0.009585976600646973,0.01820957660675049,0.0449756383895874,0.6899245381355286,0.793432354927063,0.6191863417625427,0.044568393379449844,0.007657766342163086,0.0439055860042572,0.11546862125396729,0.015065670013427734,0.026578247547149658,0.020290732383728027,14.933023809782968,0.015065670013427734,-0.026578247547149658,-0.020290732383728027,0.6906813979148865,0.7827329039573669,0.27338799834251404,-0.006320834159851074
005521:3,True,44,44.237640380859375,0.0,0,1.9173841936150775,True,0.18758587539196014,0.03119753673672676,0.18497343361377716,0.1099705696105957,0.1024928092956543,0.10715353488922119,0.03811240196228027,15.339283461615327,0.1024928092956543,0.10715353488922119,-0.03811240196228027,0.39583805203437805,0.43555861711502075,0.427946001291275,0.05743462219834328,0.028774404898285866,0.0497068352997303,0.0055010318756103516,0.061608970165252686,0.09651482105255127,0.0026192665100097656,9.468872473772768,0.061608970165252686,0.09651482105255127,-0.0026192665100097656,0.6950756907463074,0.6988902688026428,0.41813281178474426,0.13015125319361687
005521:5,True,54,42.62868881225586,0.0,0,1.9173841936150775,True,0.16525167226791382,0.1583506464958191,0.04725658893585205,0.07067322731018066,0.0059258341789245605,0.024363934993743896,0.003328680992126465,2.567403449581764,-0.0059258341789245605,0.024363934993743896,-0.003328680992126465,0.48973560333251953,0.5218967199325562,0.6844269633293152,0.20256301760673523,0.20255213975906372,0.002097584307193756,0.062255263328552246,0.0004798769950866699,0.036768198013305664,0.00908517837524414,16.437823766963497,-0.0004798769950866699,0.036768198013305664,-0.00908517837524414,0.4531807005405426,0.4785188138484955,0.685377836227417,-0.03731134533882141
005638:0,True,72,34.93545150756836,0.0,1,7.812003089130064,False,0.3341090679168701,0.15253299474716187,0.2972583770751953,0.017081856727600098,0.07133561372756958,0.04298901557922363,0.04907357692718506,1.3656726462530404,0.07133561372756958,-0.04298901557922363,-0.04907357692718506,0.29895898699760437,0.3047066032886505,0.5047094225883484,0.27225035429000854,0.14981704950332642,0.22732160985469818,0.020502567291259766,0.004771053791046143,0.08808082342147827,0.026230454444885254,0.6553530083970525,-0.004771053791046143,-0.08808082342147827,0.026230454444885254,0.34551292657852173,0.35096800327301025,0.5418772101402283,0.06185871362686157
005638:1,True,127,27.269563674926758,0.0,1,7.812003089130064,False,0.09560319781303406,0.0022354843094944954,0.09557705372571945,0.056127309799194336,0.006104409694671631,0.014818429946899414,0.05297708511352539,3.062510202137648,-0.006104409694671631,-0.014818429946899414,-0.05297708511352539,0.679232656955719,0.7183496952056885,0.3537752628326416,0.10085800290107727,0.09260758012533188,0.03995212912559509,0.012994170188903809,0.0008143186569213867,0.00988924503326416,0.005927920341491699,1.1906285582039537,-0.0008143186569213867,-0.00988924503326416,-0.005927920341491699,0.6488717198371887,0.656851589679718,0.3441687822341919,-0.005254805088043213
005638:4,True,70,38.784019470214844,0.0,0,12.1371435368975,False,0.8104903697967529,0.03569388389587402,0.809704065322876,0.09113788604736328,0.006445467472076416,0.006895601749420166,0.07843828201293945,5.761578753607576,0.006445467472076416,0.006895601749420166,0.07843828201293945,0.0,0.0,0.1486475020647049,0.12165039032697678,0.11808610707521439,0.029231635853648186,0.030499696731567383,0.031445086002349854,0.006495058536529541,0.001113295555114746,1.0315088288336656,0.031445086002349854,0.006495058536529541,-0.001113295555114746,0.6098570823669434,0.6288890838623047,0.5328775644302368,0.6888399794697762
005638:5,True,18,76.86344146728516,0.0,0,8.181882045432177,False,0.13062098622322083,0.03612113744020462,0.1255273073911667,0.036382436752319336,0.013613104820251465,0.0509914755821228,0.0010194778442382812,5.339660665731877,0.013613104820251465,0.0509914755821228,-0.0010194778442382812,0.6419132947921753,0.6643388271331787,0.4211525022983551,0.058975331485271454,0.031996894627809525,0.049540769308805466,0.04304182529449463,0.00694119930267334,0.033935725688934326,0.0009357929229736328,0.11150602592395721,-0.00694119930267334,0.033935725688934326,-0.0009357929229736328,0.7608752250671387,0.7949344515800476,0.5135637521743774,0.07164565473794937
005638:6,True,17,77.29280090332031,0.0,0,8.181882045432177,False,0.1461854726076126,0.05463094264268875,0.1355937123298645,0.00036597251892089844,0.24148190021514893,0.005962967872619629,0.009377002716064453,89.71148848374766,-0.24148190021514893,0.005962967872619629,-0.009377002716064453,0.6065792441368103,0.6096135973930359,0.5782226324081421,0.08254314959049225,0.04802520200610161,0.0671338438987732,0.028238296508789062,0.17404907941818237,0.021422982215881348,0.004279494285583496,9.751577191243095,-0.17404907941818237,-0.021422982215881348,0.004279494285583496,0.6803109645843506,0.6990973353385925,0.6175386905670166,0.06364232301712036
005662:0,True,79,36.07782745361328,0.0,0,8.780791258533513,False,0.15128514170646667,0.14974765479564667,0.021513689309358597,0.10489368438720703,0.12343531847000122,0.02936011552810669,0.06022489070892334,21.351871667220873,-0.12343531847000122,-0.02936011552810669,0.06022489070892334,0.509979248046875,0.5606514811515808,0.45119205117225647,0.0794895738363266,0.07337591797113419,0.03057069703936577,0.02809298038482666,0.07601648569107056,0.05940729379653931,0.028163790702819824,23.200394064193123,-0.07601648569107056,-0.05940729379653931,-0.028163790702819824,0.6616714596748352,0.6818101406097412,0.3093746304512024,0.07179556787014008
005662:1,True,115,27.332290649414062,0.0,1,8.780791258533513,False,0.005884310696274042,0.005636950954794884,0.0016881643095985055,0.03244948387145996,0.007655978202819824,0.023699462413787842,0.06682896614074707,0.1338270841315589,0.007655978202819824,-0.023699462413787842,-0.06682896614074707,0.9260060787200928,0.9620492458343506,0.3431943953037262,0.06108475103974342,0.03285462036728859,0.051496803760528564,0.02801370620727539,0.011816620826721191,0.02648681402206421,0.03344857692718506,0.8692544973765137,0.011816620826721191,-0.02648681402206421,-0.03344857692718506,0.7867642045021057,0.810025155544281,0.3684150278568268,-0.05520044034346938
005662:3,True,80,35.90584182739258,0.0,0,12.746503477429922,False,0.12346606701612473,0.12005078792572021,0.028838811442255974,0.12872767448425293,0.07367879152297974,0.025015592575073242,0.11215150356292725,8.775304102227322,0.07367879152297974,0.025015592575073242,0.11215150356292725,0.5548928380012512,0.6327368021011353,0.6504759192466736,0.0713915303349495,0.04948219656944275,0.051461271941661835,0.04518449306488037,0.07298243045806885,0.01384657621383667,0.03894352912902832,0.18199722062415977,0.07298243045806885,0.01384657621383667,0.03894352912902832,0.7028740644454956,0.7385038733482361,0.6860299110412598,0.05207453668117523
005662:4,True,931,4.6287407875061035,0.0,0,10.45267817093267,False,0.15081621706485748,0.02550460956990719,0.14864401519298553,0.002051234245300293,0.20445215702056885,0.06941062211990356,0.03009355068206787,16.134172225799407,-0.20445215702056885,0.06941062211990356,0.03009355068206787,0.6053029894828796,0.6133345365524292,0.6038190722465515,0.20205743610858917,0.029541239142417908,0.1998862624168396,0.050559937953948975,0.13628488779067993,0.0728866457939148,0.0021353960037231445,5.202630222879582,-0.13628488779067993,0.0728866457939148,0.0021353960037231445,0.537427544593811,0.5631496906280518,0.6524568796157837,-0.05124121904373169
005662:5,True,18,76.8915786743164,0.0,0,41.730576816050856,False,0.012245604768395424,0.0006022861925885081,0.012230783700942993,0.10342907905578613,0.010644257068634033,0.15973222255706787,0.054305434226989746,3.401451509510361,-0.010644257068634033,-0.15973222255706787,0.054305434226989746,0.7160012722015381,0.7956069111824036,0.5018035173416138,0.05590224266052246,0.04903906583786011,0.026837114244699478,0.04879486560821533,0.016651451587677002,0.14902549982070923,0.06308269500732422,5.542251361445797,-0.016651451587677002,-0.14902549982070923,0.06308269500732422,0.7001001834869385,0.7329251766204834,0.5898407101631165,-0.04365663789212704
005677:0,True,34,41.69279861450195,0.0,0,0.880053033804378,True,0.08549927175045013,0.0831671729683876,0.019832994788885117,0.008554935455322266,0.051012277603149414,0.012324392795562744,0.03934895992279053,38.73579593517052,-0.051012277603149414,-0.012324392795562744,0.03934895992279053,0.640468180179596,0.6522443294525146,0.3525258004665375,0.0741356834769249,0.0636257529258728,0.03805079683661461,0.07795226573944092,0.04275327920913696,0.0053558349609375,0.03372454643249512,51.619800332619015,-0.04275327920913696,0.0053558349609375,0.03372454643249512,0.6199007034301758,0.6694522500038147,0.2752843201160431,0.011363588273525238
005677:1,True,34,40.1464729309082,0.0,0,10.45179919388999,False,0.09391121566295624,0.0887412428855896,0.03072960302233696,0.07384729385375977,0.0546991229057312,0.08322501182556152,0.0058422088623046875,2.3730982280732413,0.0546991229057312,0.08322501182556152,-0.0058422088623046875,0.6053887009620667,0.6514043807983398,0.37238672375679016,0.031647004187107086,0.024746548384428024,0.01972665823996067,0.04531300067901611,0.03312915563583374,0.03666621446609497,0.03999590873718262,6.805563150331356,0.03312915563583374,0.03666621446609497,-0.03999590873718262,0.7951602935791016,0.8352265357971191,0.6177066564559937,0.06226421147584915
005677:2,True,79,34.61189270019531,0.0,0,0.7178193787989463,True,0.1090819463133812,0.09361162036657333,0.05599764734506607,0.09672057628631592,0.008299827575683594,0.011992275714874268,0.0207977294921875,15.28708351351242,-0.008299827575683594,0.011992275714874268,0.0207977294921875,0.5863571763038635,0.6448401808738708,0.379926472902298,0.1596851646900177,0.15798000991344452,0.023273777216672897,0.06251037120819092,0.027679920196533203,0.009351491928100586,0.00559389591217041,23.68736924917102,-0.027679920196533203,-0.009351491928100586,-0.00559389591217041,0.5123518109321594,0.5429604053497314,0.5301921963691711,-0.050603218376636505
005677:3,True,20,40.170509338378906,0.0,0,1.881712869120702,True,0.10180829465389252,0.08861573040485382,0.05012166127562523,0.1706697940826416,0.013420283794403076,0.06961679458618164,0.025687456130981445,10.800568116628494,-0.013420283794403076,-0.06961679458618164,-0.025687456130981445,0.567592442035675,0.674422562122345,0.563598096370697,0.08443035930395126,0.041501566767692566,0.07352621853351593,0.022218823432922363,0.030932962894439697,0.012150585651397705,0.012580513954162598,12.735061649941523,-0.030932962894439697,-0.012150585651397705,0.012580513954162598,0.6912854909896851,0.7066160440444946,0.26869216561317444,0.017377935349941254
005677:4,True,45,41.08744430541992,0.0,0,0.880053033804378,True,0.1013052836060524,0.038547366857528687,0.09368491172790527,0.032628774642944336,0.07231849431991577,0.06372010707855225,0.011403203010559082,3.548102046437533,-0.07231849431991577,-0.06372010707855225,0.011403203010559082,0.6550740003585815,0.6761696934700012,0.3821757137775421,0.08079224079847336,0.03666231036186218,0.07199487090110779,0.08063161373138428,0.00968700647354126,0.020437896251678467,0.03827369213104248,0.6366382900712175,0.00968700647354126,-0.020437896251678467,-0.03827369213104248,0.6743485331535339,0.7335551977157593,0.4992855191230774,0.02051304280757904
005677:5,True,11,45.43864059448242,0.0,0,3.7712794575922723,False,0.44213834404945374,0.13998734951019287,0.41939225792884827,0.08536148071289062,0.0330166220664978,0.006359517574310303,0.0036989450454711914,8.4367489279138,-0.0330166220664978,-0.006359517574310303,0.0036989450454711914,0.18884602189064026,0.20090162754058838,0.25199317932128906,0.42326247692108154,0.10377407819032669,0.41034382581710815,0.01668095588684082,0.014712870121002197,0.01724642515182495,0.006775259971618652,8.975614881249122,-0.014712870121002197,-0.01724642515182495,0.006775259971618652,0.2266615927219391,0.2294234335422516,0.26159921288490295,0.018875867128372192
005677:6,True,30,29.896808624267578,0.0,0,10.45179919388999,False,0.10286746174097061,0.08582322299480438,0.05671058967709541,0.14622199535369873,0.0008383989334106445,0.015032291412353516,0.026064395904541016,10.513286717672086,-0.0008383989334106445,-0.015032291412353516,0.026064395904541016,0.5662455558776855,0.6579335927963257,0.2580951154232025,0.08946717530488968,0.07589095830917358,0.04738076031208038,0.14601194858551025,0.007529735565185547,0.039746880531311035,0.003226637840270996,7.267553503325347,-0.007529735565185547,-0.039746880531311035,-0.003226637840270996,0.5894213318824768,0.6875211000442505,0.33960217237472534,0.013400286436080933
005677:7,True,7,59.94632339477539,0.0,0,14.510662647103274,False,0.023033911362290382,0.005624355748295784,0.02233668975532055,0.12052083015441895,0.05886298418045044,0.05331307649612427,0.03659558296203613,10.851084195729909,0.05886298418045044,0.05331307649612427,0.03659558296203613,0.7066638469696045,0.8045660853385925,0.6249902844429016,0.0631452351808548,0.028434081003069878,0.05638105794787407,0.12466120719909668,0.004606366157531738,0.09315818548202515,0.021777987480163574,3.4362035120073857,-0.004606366157531738,0.09315818548202515,0.021777987480163574,0.6798849701881409,0.775761604309082,0.6555262804031372,-0.040111323818564415
005677:8,True,54,34.06393051147461,0.0,0,0.7178193787989463,True,0.2081834077835083,0.08868096023797989,0.18835079669952393,0.11813366413116455,0.0354999303817749,0.001262068748474121,0.04523146152496338,20.763628455142694,-0.0354999303817749,0.001262068748474121,-0.04523146152496338,0.3535534143447876,0.3921326994895935,0.33684659004211426,0.14228694140911102,0.12562938034534454,0.06680440902709961,0.10014128684997559,0.028158962726593018,0.026714444160461426,0.022062063217163086,14.176156887475516,-0.028158962726593018,0.026714444160461426,0.022062063217163086,0.5154334902763367,0.5670139789581299,0.680517852306366,0.06589646637439728
005689:0,True,12,37.50812530517578,0.0,0,1.0767273687381635,True,0.22864387929439545,0.19237564504146576,0.12357038259506226,0.13733625411987305,0.033298492431640625,0.06645363569259644,0.027567744255065918,8.664030302735146,0.033298492431640625,0.06645363569259644,-0.027567744255065918,0.3548261225223541,0.39889734983444214,0.15741078555583954,0.06437624245882034,0.05328909680247307,0.03611886501312256,0.007392287254333496,0.021410822868347168,0.028933823108673096,0.01609945297241211,10.666477842842804,0.021410822868347168,0.028933823108673096,0.01609945297241211,0.7520639300346375,0.7586260437965393,0.28872165083885193,0.1642676368355751
005689:1,True,81,36.194610595703125,0.0,0,8.885412178220285,False,0.11139791458845139,0.08349582552909851,0.07374240458011627,0.08651101589202881,0.04913794994354248,0.08199304342269897,0.01633918285369873,24.70415583261981,0.04913794994354248,0.08199304342269897,0.01633918285369873,0.5646398663520813,0.615289568901062,0.35123422741889954,0.053560495376586914,0.03782789036631584,0.03791804611682892,0.06851065158843994,0.011758506298065186,0.0451015830039978,0.017404794692993164,10.511842360033715,0.011758506298065186,0.0451015830039978,-0.017404794692993164,0.7211689352989197,0.7766167521476746,0.3839976191520691,0.05783741921186447
005689:2,True,79,31.950279235839844,0.0,0,0.7322336902838954,True,0.05240596458315849,0.04731200262904167,0.0225379541516304,0.01800084114074707,0.012560009956359863,0.003892064094543457,0.016286492347717285,8.3835481297264,-0.012560009956359863,0.003892064094543457,0.016286492347717285,0.7821434140205383,0.79723060131073,0.38702479004859924,0.14646627008914948,0.1463087946176529,0.006789651699364185,0.04168057441711426,0.007180988788604736,0.02308708429336548,0.0022649765014648438,0.18620825961855858,-0.007180988788604736,-0.02308708429336548,-0.0022649765014648438,0.5463899374008179,0.5681930184364319,0.37884750962257385,-0.09406030550599098
005689:3,True,82,36.2486457824707,0.0,0,1.7180537330487768,True,0.1659395843744278,0.07152578979730606,0.14973309636116028,0.08935916423797607,0.06853187084197998,0.03376525640487671,0.07357478141784668,46.10737458604583,0.06853187084197998,-0.03376525640487671,-0.07357478141784668,0.5126742720603943,0.5562416911125183,0.3604000508785248,0.07150723785161972,0.0714905709028244,0.0015438890550285578,0.023766517639160156,0.03825640678405762,0.04591864347457886,0.055078864097595215,37.75557454207231,0.03825640678405762,-0.04591864347457886,-0.055078864097595215,0.6593184471130371,0.6774094104766846,0.5168442130088806,0.09443234652280807
005689:4,True,82,36.755531311035156,0.0,0,1.0767273687381635,True,0.0681741014122963,0.027066737413406372,0.06257075071334839,0.056437015533447266,0.049928367137908936,0.027374744415283203,0.0052492618560791016,4.397640975403719,-0.049928367137908936,-0.027374744415283203,-0.0052492618560791016,0.7187501788139343,0.7629261612892151,0.4964156746864319,0.011253930628299713,0.0036343703977763653,0.010650929994881153,0.011556625366210938,0.0017396211624145508,0.02324122190475464,0.010575413703918457,7.6031853566741034,0.0017396211624145508,-0.02324122190475464,0.010575413703918457,0.871089518070221,0.882318913936615,0.5323323607444763,0.05692017078399658
005689:5,True,61,27.520830154418945,0.0,0,8.885412178220285,False,0.13019981980323792,0.05335839092731476,0.11876393854618073,0.022681474685668945,0.04072850942611694,0.009287416934967041,0.07506370544433594,9.07949340710301,-0.04072850942611694,0.009287416934967041,0.07506370544433594,0.5721475481987,0.592763364315033,0.24975217878818512,0.10574855655431747,0.08558565378189087,0.062111612409353256,0.03533315658569336,0.023449599742889404,0.015469491481781006,0.02788865566253662,8.358198109992983,0.023449599742889404,-0.015469491481781006,-0.02788865566253662,0.6378912329673767,0.6617599129676819,0.1509244441986084,0.02445126324892044
005689:6,True,16,42.62715530395508,0.0,0,5.131064635309011,False,0.30275872349739075,0.19541840255260468,0.2312455028295517,0.14007627964019775,0.0443187952041626,0.0037644505500793457,0.0537186861038208,5.434498297099676,0.0443187952041626,-0.0037644505500793457,0.0537186861038208,0.27412742376327515,0.3064313232898712,0.4380697011947632,0.27913665771484375,0.16682513058185577,0.2238004356622696,0.023069143295288086,0.0387188196182251,0.03819912672042847,0.045905232429504395,2.4331419663246514,0.0387188196182251,0.03819912672042847,-0.045905232429504395,0.33198311924934387,0.33791717886924744,0.34171807765960693,0.023622065782546997
005689:7,True,60,31.43452262878418,0.0,0,0.7322336902838954,True,0.1106511726975441,0.11017055064439774,0.010302098467946053,0.006566405296325684,0.0457766056060791,0.015294015407562256,0.034420013427734375,24.781856064617877,0.0457766056060791,0.015294015407562256,0.034420013427734375,0.6041364669799805,0.6147924065589905,0.42488619685173035,0.08898986130952835,0.06562384963035583,0.060105808079242706,0.00196230411529541,0.022555410861968994,0.007784068584442139,0.004232883453369141,8.652282377362724,-0.022555410861968994,-0.007784068584442139,0.004232883453369141,0.6649336218833923,0.6663108468055725,0.4326319098472595,0.021661311388015747
005692:0,True,4,36.42367172241211,0.0,0,1.194577454112294,True,0.22245316207408905,0.048115313053131104,0.2171873152256012,0.09500300884246826,0.018611609935760498,0.03306514024734497,0.013111472129821777,7.917982400072993,-0.018611609935760498,0.03306514024734497,-0.013111472129821777,0.4166814684867859,0.4530641734600067,0.1886424720287323,0.1870976984500885,0.04097247123718262,0.18255631625652313,0.011226296424865723,0.02984553575515747,0.008407831192016602,0.025439143180847168,7.382725519600766,-0.02984553575515747,-0.008407831192016602,0.025439143180847168,0.4757600426673889,0.4809267520904541,0.2531084716320038,0.03535546362400055
005692:1,True,87,35.22307205200195,0.0,0,8.509546430592561,False,0.03267758712172508,0.0010495278984308243,0.03266073018312454,0.09830582141876221,0.048369765281677246,0.020697176456451416,0.02436244487762451,12.517933578692489,0.048369765281677246,0.020697176456451416,0.02436244487762451,0.7184971570968628,0.8002888560295105,0.4122779667377472,0.0396856926381588,0.00792337954044342,0.03888668492436409,0.036429762840270996,0.008697807788848877,0.027674317359924316,0.011880874633789062,18.42025521033735,-0.008697807788848877,0.027674317359924316,0.011880874633789062,0.7349843382835388,0.7641891837120056,0.577735424041748,-0.007008105516433716
005692:2,True,89,31.251731872558594,0.0,0,0.6727618375594214,True,0.1973053216934204,0.19654743373394012,0.01727699488401413,0.03848826885223389,0.030134916305541992,0.009215474128723145,0.031119346618652344,34.32062641838154,-0.030134916305541992,-0.009215474128723145,0.031119346618652344,0.45679807662963867,0.4721996784210205,0.5774187445640564,0.2187807708978653,0.21582694351673126,0.03582955524325371,0.0301206111907959,0.015019476413726807,0.027087807655334473,0.008292675018310547,4.499164907226788,-0.015019476413726807,-0.027087807655334473,-0.008292675018310547,0.45963773131370544,0.4720657765865326,0.5552642345428467,-0.021475449204444885
005692:3,True,84,35.23955154418945,0.0,0,1.5480959330781294,True,0.03654199838638306,0.03653126582503319,0.0008855953346937895,0.04148685932159424,0.044407427310943604,0.039806365966796875,0.04936683177947998,19.92697763839815,0.044407427310943604,-0.039806365966796875,-0.04936683177947998,0.7250999212265015,0.7565890550613403,0.26857319474220276,0.07535702735185623,0.07514605671167374,0.0056349048390984535,0.12679767608642578,0.07760792970657349,0.025673747062683105,0.02153635025024414,6.420340481142637,0.07760792970657349,-0.025673747062683105,-0.02153635025024414,0.6634078621864319,0.7554030418395996,0.30958202481269836,-0.038815028965473175
005692:4,True,72,35.73029708862305,0.0,0,1.194577454112294,True,0.28226926922798157,0.022402722388505936,0.2813788652420044,0.036913514137268066,0.06739562749862671,0.01703888177871704,0.028569936752319336,3.948904831865223,-0.06739562749862671,0.01703888177871704,0.028569936752319336,0.3951333165168762,0.4072811007499695,0.6419766545295715,0.17849811911582947,0.008391592651605606,0.17830075323581696,0.020333528518676758,0.03430509567260742,0.04635655879974365,0.02349996566772461,10.641062254199014,-0.03430509567260742,-0.04635655879974365,-0.02349996566772461,0.5246762037277222,0.5349107980728149,0.604648768901825,0.1037711501121521
005692:5,True,70,26.913423538208008,0.0,0,8.509546430592561,False,0.024761691689491272,0.023253772407770157,0.008509015664458275,0.1269083023071289,0.009759783744812012,0.008003532886505127,0.03921008110046387,12.385728437117722,-0.009759783744812012,0.008003532886505127,0.03921008110046387,0.7179282307624817,0.8251023888587952,0.3952904939651489,0.030190061777830124,0.029420800507068634,0.006771732121706009,0.08141911029815674,0.0216408371925354,0.030771315097808838,0.06748092174530029,17.10197405901153,0.0216408371925354,-0.030771315097808838,-0.06748092174530029,0.7153393030166626,0.7827860116958618,0.11819761991500854,-0.005428370088338852
005692:6,True,12,42.05646896362305,0.0,0,5.633197815224761,False,0.2598866820335388,0.022627457976341248,0.2588997185230255,0.029804229736328125,0.05046194791793823,0.05120706558227539,0.06991183757781982,39.04123470992215,0.05046194791793823,0.05120706558227539,0.06991183757781982,0.3633750379085541,0.3746355175971985,0.39386552572250366,0.13313038647174835,0.024194780737161636,0.1309133619070053,0.13184773921966553,0.004302561283111572,0.07777857780456543,0.007740020751953125,35.3260489335421,-0.004302561283111572,0.07777857780456543,-0.007740020751953125,0.5092687606811523,0.5780681371688843,0.3227403461933136,0.12675629556179047
005692:7,True,61,30.752931594848633,0.0,0,0.6727618375594214,True,0.15952472388744354,0.08016853779554367,0.137917160987854,0.04577004909515381,0.03307622671127319,0.02208346128463745,0.09312283992767334,18.66143283239617,0.03307622671127319,0.02208346128463745,0.09312283992767334,0.4776339530944824,0.4986954927444458,0.48044663667678833,0.05484916269779205,0.038762129843235016,0.03880629315972328,0.005488753318786621,0.034618079662323,0.0026419758796691895,0.01185309886932373,11.9927366551192,-0.034618079662323,0.0026419758796691895,-0.01185309886932373,0.7564325928688049,0.761371374130249,0.6354523301124573,0.10467556118965149
005698:0,True,27,33.10446548461914,0.0,0,1.2981635672665484,True,0.04025425761938095,0.03833303228020668,0.012287557125091553,0.14549517631530762,0.005987823009490967,0.03038632869720459,0.027492761611938477,16.611556458691943,0.005987823009490967,0.03038632869720459,-0.027492761611938477,0.6647331118583679,0.7773646116256714,0.5076027512550354,0.05610589683055878,0.05398594215512276,0.015277093276381493,0.09781396389007568,0.010869204998016357,0.0076923370361328125,0.03683114051818848,10.416137749383497,-0.010869204998016357,0.0076923370361328125,0.03683114051818848,0.708827793598175,0.7860902547836304,0.5309966802597046,-0.015851639211177826
005698:1,True,92,32.013710021972656,0.0,0,7.235304222075027,False,0.07976622134447098,0.03974568098783493,0.06915873289108276,0.053853511810302734,0.0683290958404541,0.02851206064224243,0.034154415130615234,12.044191657860404,0.0683290958404541,0.02851206064224243,0.034154415130615234,0.6616814732551575,0.700122594833374,0.2728429436683655,0.008828731253743172,0.0008556793909519911,0.008787167258560658,0.07833552360534668,0.014975309371948242,0.05523115396499634,0.02150440216064453,5.497783187483344,0.014975309371948242,0.05523115396499634,0.02150440216064453,0.7986042499542236,0.8731386661529541,0.3980344831943512,0.0709374900907278
005698:10,True,22,48.422203063964844,0.0,0,8.916176464017699,False,0.2589443027973175,0.038253843784332275,0.2561030685901642,0.06732416152954102,0.007729709148406982,0.008734405040740967,0.04829394817352295,2.12660671884015,-0.007729709148406982,-0.008734405040740967,0.04829394817352295,0.4241700768470764,0.44949135184288025,0.30163484811782837,0.2866424024105072,0.04549805074930191,0.2830084562301636,0.03173935413360596,0.029984891414642334,0.013204991817474365,0.037203431129455566,4.511462890198482,-0.029984891414642334,0.013204991817474365,0.037203431129455566,0.39247092604637146,0.40292084217071533,0.41775768995285034,-0.027698099613189697
005698:11,True,620,7.137798309326172,0.0,0,9.057537770284268,False,0.08096430450677872,0.07691215723752975,0.02529304474592209,0.039902567863464355,0.018981218338012695,0.019604504108428955,0.03921842575073242,34.68196937974124,0.018981218338012695,-0.019604504108428955,0.03921842575073242,0.6404656171798706,0.6658086776733398,0.5113427042961121,0.0409301295876503,0.02856828272342682,0.02931090071797371,0.042271971702575684,0.07054203748703003,0.018861889839172363,0.016295194625854492,5.70431809007186,0.07054203748703003,-0.018861889839172363,-0.016295194625854492,0.7679914832115173,0.8031772375106812,0.5671194791793823,0.04003417491912842
005698:13,True,72,16.634410858154297,0.0,0,0.7499612339680414,True,0.02723812125623226,0.01178525947034359,0.02455652691423893,0.013515472412109375,0.021222472190856934,0.07129698991775513,0.07443177700042725,4.511845380792003,0.021222472190856934,0.07129698991775513,0.07443177700042725,0.8076702356338501,0.8437029123306274,0.3573189377784729,0.059171050786972046,0.0591282844543457,0.00224936380982399,0.006384491920471191,0.03496575355529785,0.08611387014389038,0.06875205039978027,1.0251157717705337,0.03496575355529785,0.08611387014389038,0.06875205039978027,0.7136163115501404,0.7419983744621277,0.4981752634048462,-0.031932929530739784
005698:14,True,193,16.09241485595703,0.0,0,0.7499612339680414,True,0.11530546844005585,0.11330202221870422,0.02140096202492714,0.06342154741287231,0.06175512075424194,0.026934325695037842,0.10121262073516846,40.05484206768339,-0.06175512075424194,-0.026934325695037842,-0.10121262073516846,0.5649173855781555,0.600561797618866,0.2463091015815735,0.07446692138910294,0.06776925921440125,0.03086502104997635,0.16440927982330322,0.03256350755691528,0.04316049814224243,0.10369598865509033,23.730216847067346,0.03256350755691528,0.04316049814224243,-0.10369598865509033,0.5955187082290649,0.6975014209747314,0.2656393349170685,0.04083854705095291
005698:15,True,263,24.108386993408203,0.0,0,4.621482735233303,False,0.058074258267879486,0.04322974756360054,0.038778968155384064,0.00417017936706543,1.2472342252731323,0.04806762933731079,0.008692264556884766,71.25240683570229,-1.2472342252731323,0.04806762933731079,0.008692264556884766,0.3034743368625641,0.3040696084499359,0.27929121255874634,0.056324612349271774,0.04725352302193642,0.030652357265353203,0.004430890083312988,1.1991212368011475,0.07974088191986084,0.053690314292907715,76.26603889405844,-1.1991212368011475,0.07974088191986084,-0.053690314292907715,0.2974187731742859,0.30697008967399597,0.2208273708820343,0.0017496459186077118
005698:2,True,64,29.28921127319336,0.0,0,0.8131207642298761,True,0.02992740087211132,0.028047388419508934,0.01043999008834362,0.0009410381317138672,0.007064402103424072,0.008269131183624268,0.05447804927825928,4.670411410097348,0.007064402103424072,0.008269131183624268,0.05447804927825928,0.848405659198761,0.8747082948684692,0.540067195892334,0.040560487657785416,0.031035641208291054,0.026114024221897125,0.040791988372802734,0.006495654582977295,0.01339876651763916,0.004855632781982422,8.939388924382037,-0.006495654582977295,-0.01339876651763916,0.004855632781982422,0.7873411774635315,0.8232426047325134,0.46569693088531494,-0.010633086785674095
005698:3,True,94,31.944292068481445,0.0,0,1.6558432208393903,True,0.02938978001475334,0.001596512971445918,0.029346385970711708,0.11676633358001709,0.012250065803527832,0.014051616191864014,0.009143710136413574,19.351855674457738,0.012250065803527832,0.014051616191864014,-0.009143710136413574,0.6821545958518982,0.7724159955978394,0.3952876925468445,0.005641626659780741,0.004722948651760817,0.0030857266392558813,0.13376212120056152,0.028300940990447998,0.00587308406829834,0.025898456573486328,14.792458516664107,0.028300940990447998,0.00587308406829834,0.025898456573486328,0.7044639587402344,0.8140846490859985,0.5012935996055603,0.0237481533549726
005698:4,True,129,24.957347869873047,0.0,0,7.235304222075027,False,0.029581500217318535,0.01208721473813057,0.0269993394613266,0.04118692874908447,0.06665128469467163,0.05323702096939087,0.07379746437072754,25.168099619716426,0.06665128469467163,-0.05323702096939087,-0.07379746437072754,0.7022707462310791,0.7330420017242432,0.331905722618103,0.03469561040401459,0.033418986946344376,0.009325052611529827,0.015429139137268066,0.07914942502975464,0.0341564416885376,0.055209994316101074,16.845568757569247,0.07914942502975464,-0.0341564416885376,-0.055209994316101074,0.7447328567504883,0.7661462426185608,0.5902199745178223,-0.0051141101866960526
005698:6,True,45,32.323402404785156,0.0,0,1.2981635672665484,True,0.07593219727277756,0.009452319703996181,0.07534155994653702,0.05410122871398926,0.0364147424697876,0.04093402624130249,0.009784936904907227,27.662556648962454,-0.0364147424697876,-0.04093402624130249,0.009784936904907227,0.6483767032623291,0.6847469806671143,0.543997585773468,0.12950104475021362,0.04669211059808731,0.12079058587551117,0.014516711235046387,0.009652018547058105,0.04214656352996826,0.03850972652435303,18.005871275858347,-0.009652018547058105,-0.04214656352996826,0.03850972652435303,0.6121000051498413,0.6231452822685242,0.6357420086860657,-0.053568847477436066
005698:7,True,45,36.415367126464844,0.0,0,0.8704409883894515,True,0.11382144689559937,0.02720627561211586,0.11052212119102478,0.04090404510498047,0.022237539291381836,0.06953775882720947,0.042339444160461426,0.5835699961952259,-0.022237539291381836,-0.06953775882720947,0.042339444160461426,0.6480187773704529,0.6740256547927856,0.3324737250804901,0.11121080070734024,0.024126626551151276,0.1085621789097786,0.06475114822387695,0.04007768630981445,0.03917384147644043,0.03999054431915283,8.853055333273076,-0.04007768630981445,-0.03917384147644043,0.03999054431915283,0.6279263496398926,0.6690290570259094,0.41260042786598206,0.0026106461882591248
005698:8,True,55,36.535430908203125,0.0,0,0.8704409883894515,True,0.03292665258049965,0.018320471048355103,0.027359185740351677,0.004803895950317383,0.07024633884429932,0.024628400802612305,0.006466269493103027,4.997435858601224,-0.07024633884429932,0.024628400802612305,-0.006466269493103027,0.8215993046760559,0.8260031938552856,0.44731688499450684,0.06958228349685669,0.06124445050954819,0.033027444034814835,0.03845870494842529,0.058857083320617676,0.03441452980041504,0.02394270896911621,14.616883040350421,-0.058857083320617676,0.03441452980041504,0.02394270896911621,0.705673336982727,0.7338901162147522,0.5483233332633972,-0.03665563091635704
005698:9,True,61,28.59085464477539,0.0,0,0.8131207642298761,True,0.018100986257195473,0.011721231043338776,0.013793420977890491,0.024999380111694336,0.004428267478942871,0.005635619163513184,0.0005398988723754883,73.16422004149888,-0.004428267478942871,0.005635619163513184,0.0005398988723754883,0.7742941975593567,0.7954039573669434,0.45637911558151245,0.022840403020381927,0.01723027229309082,0.014993390999734402,0.0800853967666626,0.00026339292526245117,0.023720860481262207,0.006215095520019531,48.77858689309912,0.00026339292526245117,0.023720860481262207,-0.006215095520019531,0.6476894021034241,0.7032866477966309,0.5513293147087097,-0.004739416763186455
005710:0,True,60,29.970247268676758,0.0,0,0.9710168640903647,True,0.07297781854867935,0.05730744078755379,0.04518427327275276,0.0574263334274292,0.004022181034088135,0.036644935607910156,0.021883010864257812,0.31158321202331263,0.004022181034088135,0.036644935607910156,0.021883010864257812,0.6919963359832764,0.7344034314155579,0.3476570248603821,0.0630205050110817,0.04980266094207764,0.0386170856654644,0.13403594493865967,0.014302372932434082,0.03465569019317627,0.09324419498443604,2.3626817348467997,0.014302372932434082,0.03465569019317627,0.09324419498443604,0.6663392782211304,0.7666201591491699,0.5734424591064453,0.009957313537597656
005710:1,True,61,29.128463745117188,0.0,0,5.808866350412249,False,0.18118983507156372,0.046551644802093506,0.1751076728105545,0.16286635398864746,0.04642146825790405,0.010165512561798096,0.02388310432434082,18.594261109632594,0.04642146825790405,0.010165512561798096,0.02388310432434082,0.4393150508403778,0.5116314888000488,0.38073936104774475,0.0915900394320488,0.02975497953593731,0.08662202954292297,0.04395556449890137,0.053159117698669434,0.019102871417999268,0.07630109786987305,0.910373602670654,0.053159117698669434,0.019102871417999268,0.07630109786987305,0.6404137015342712,0.6704429388046265,0.5367051362991333,0.08959979563951492
005710:10,True,234,15.182310104370117,0.0,0,0.75778765686855,True,0.13991974294185638,0.12207648903131485,0.06837297976016998,0.1041867733001709,0.0014153122901916504,0.07488751411437988,0.024621129035949707,4.401373901156217,0.0014153122901916504,0.07488751411437988,-0.024621129035949707,0.5297150015830994,0.580802857875824,0.5821698307991028,0.10680843889713287,0.07844982296228409,0.07248218357563019,0.08935678005218506,0.02228999137878418,0.024399101734161377,0.04452061653137207,4.15688044962644,0.02228999137878418,0.024399101734161377,-0.04452061653137207,0.6297716498374939,0.6850041747093201,0.6202560067176819,0.03311130404472351
005710:11,True,254,14.614729881286621,0.0,0,0.75778765686855,True,0.06845509260892868,0.06153571978211403,0.029990913346409798,0.03333628177642822,0.018345236778259277,0.008658409118652344,0.027636051177978516,0.8427155699853432,-0.018345236778259277,0.008658409118652344,-0.027636051177978516,0.7301111817359924,0.7535367012023926,0.2918343245983124,0.11549802124500275,0.11239608377218246,0.026587840169668198,0.06303524971008301,0.015206217765808105,0.0008180141448974609,0.0741281509399414,0.9934988261025447,0.015206217765808105,-0.0008180141448974609,-0.0741281509399414,0.5929317474365234,0.6269671320915222,0.32077205181121826,-0.047042928636074066
005710:12,True,27,48.646812438964844,0.0,0,3.5481272165206796,False,0.0846075713634491,0.08271224796772003,0.017807990312576294,0.059525489807128906,0.01704537868499756,0.03783148527145386,0.08582592010498047,0.3250450601352359,0.01704537868499756,-0.03783148527145386,0.08582592010498047,0.6952078342437744,0.7381545305252075,0.5710363984107971,0.0077082314528524876,0.0024934783577919006,0.007293791510164738,0.06668686866760254,0.0020861029624938965,0.040325701236724854,0.033074378967285156,13.793666293954802,0.0020861029624938965,-0.040325701236724854,-0.033074378967285156,0.7604434490203857,0.8188400268554688,0.18523132801055908,0.07689933991059661
005710:13,True,23,33.43256759643555,0.0,0,0.715438811181208,True,0.3179740309715271,0.2394469678401947,0.20921914279460907,0.8062988519668579,0.029303133487701416,0.11915159225463867,0.05591225624084473,7.915641466420514,0.029303133487701416,0.11915159225463867,0.05591225624084473,0.12435787171125412,0.2717881500720978,0.54267418384552,0.22726954519748688,0.1708507537841797,0.14987154304981232,0.7547683715820312,0.1265975832939148,0.05263632535934448,0.03886604309082031,14.08758299431879,0.1265975832939148,0.05263632535934448,0.03886604309082031,0.18702396750450134,0.40547308325767517,0.12622952461242676,0.09070448577404022
005710:2,True,67,27.67473030090332,0.0,0,0.8136649970359727,True,0.0011424911208450794,0.001131078228354454,0.00016108348791021854,0.23595941066741943,0.01163548231124878,0.03121119737625122,0.056005239486694336,8.343831034444948,-0.01163548231124878,0.03121119737625122,0.056005239486694336,0.6670148372650146,0.87363600730896,0.4298943281173706,0.03875284269452095,0.01284007914364338,0.036563850939273834,0.19954657554626465,0.02867203950881958,0.01823490858078003,0.10615992546081543,0.1912079580910079,0.02867203950881958,0.01823490858078003,0.10615992546081543,0.6860908269882202,0.8583673238754272,0.40985366702079773,-0.03761035157367587
005710:3,True,81,28.945940017700195,0.0,0,1.4536068853377306,True,0.09510328620672226,0.058104027062654495,0.07528982311487198,0.052198171615600586,0.020248830318450928,0.0030511021614074707,0.05742001533508301,13.85202343022339,-0.020248830318450928,0.0030511021614074707,0.05742001533508301,0.6545954346656799,0.6896006464958191,0.7097305059432983,0.12529005110263824,0.1138918399810791,0.05221347510814667,0.04720187187194824,0.003064572811126709,0.010368645191192627,0.1362675428390503,13.212772365423557,-0.003064572811126709,0.010368645191192627,0.1362675428390503,0.57796311378479,0.6165034174919128,0.7054585814476013,-0.030186764895915985
005710:4,True,47,23.413307189941406,0.0,0,5.808866350412249,False,0.06069358438253403,0.04736136272549629,0.037955399602651596,0.187727689743042,0.015013575553894043,0.029013752937316895,0.12868809700012207,17.518943447462465,0.015013575553894043,0.029013752937316895,-0.12868809700012207,0.6126022934913635,0.740300178527832,0.14301243424415588,0.08456849306821823,0.08455102890729904,0.0017191283404827118,0.20299184322357178,0.012852668762207031,0.038654208183288574,0.1335235834121704,10.125331972815362,0.012852668762207031,0.038654208183288574,-0.1335235834121704,0.578506350517273,0.7077596783638,0.14993532001972198,-0.023874908685684204
005710:5,True,83,29.186981201171875,0.0,0,0.9710168640903647,True,0.14236655831336975,0.14100639522075653,0.01963258534669876,0.28820013999938965,0.06049007177352905,0.031620562076568604,0.006978631019592285,7.863368207469571,-0.06049007177352905,-0.031620562076568604,-0.006978631019592285,0.4490266740322113,0.5977446436882019,0.582632303237915,0.03604273498058319,0.034648146480321884,0.009928988292813301,0.21828222274780273,0.02733588218688965,0.018870770931243896,0.05369377136230469,5.279937491629286,0.02733588218688965,-0.018870770931243896,0.05369377136230469,0.6742874383926392,0.8577471971511841,0.5751041173934937,0.10632382333278656
005710:7,True,55,26.987403869628906,0.0,0,0.8136649970359727,True,0.10625108331441879,0.022839801385998726,0.10376723110675812,0.1037212610244751,0.0083962082862854,0.001679539680480957,0.0039904117584228516,89.86698320390151,0.0083962082862854,0.001679539680480957,0.0039904117584228516,0.6009238958358765,0.6657828688621521,0.5192008018493652,0.08778171241283417,0.06114140897989273,0.06298696249723434,0.08568894863128662,0.024172186851501465,0.010101854801177979,0.004383563995361328,64.56292684752314,-0.024172186851501465,0.010101854801177979,-0.004383563995361328,0.6174265146255493,0.6722287535667419,0.44649267196655273,0.018469370901584625
005710:8,True,7,45.357547760009766,0.0,0,3.5481272165206796,False,0.4596147835254669,0.029435094445943832,0.4586712718009949,0.646396279335022,0.02871650457382202,0.009753048419952393,0.011170029640197754,2.955667374183974,0.02871650457382202,-0.009753048419952393,0.011170029640197754,0.1046929880976677,0.18384131789207458,0.26971435546875,0.4572512209415436,0.11538435518741608,0.4424535632133484,0.45417797565460205,0.062025368213653564,0.016608595848083496,0.004397392272949219,12.775858824596181,0.062025368213653564,0.016608595848083496,-0.004397392272949219,0.11789059638977051,0.17023135721683502,0.2144337296485901,0.00236356258392334
005710:9,True,486,4.63176965713501,0.0,0,11.56187726306248,False,0.0972193256020546,0.09409939497709274,0.02443157322704792,0.008511006832122803,0.02423340082168579,0.0676717758178711,0.036809563636779785,62.043535985340895,-0.02423340082168579,0.0676717758178711,0.036809563636779785,0.6540818810462952,0.6663808822631836,0.3396151065826416,0.14758281409740448,0.06168673187494278,0.13407249748706818,0.018001973628997803,0.008177697658538818,0.015729308128356934,0.0005047321319580078,35.32815263180646,0.008177697658538818,-0.015729308128356934,0.0005047321319580078,0.5730774998664856,0.5828729867935181,0.17923502624034882,-0.050363488495349884
005718:0,True,72,28.89727783203125,0.0,0,0.8212547719361294,True,0.06248516961932182,0.020401719957590103,0.05906069278717041,0.027563929557800293,0.0031748414039611816,0.01101386547088623,0.024156570434570312,16.296220285090794,-0.0031748414039611816,0.01101386547088623,0.024156570434570312,0.7284461259841919,0.7495898604393005,0.5873866677284241,0.05782410874962807,0.042483288794755936,0.03922751173377037,0.04302513599395752,0.008025884628295898,0.006754279136657715,0.02229928970336914,13.344595016404803,-0.008025884628295898,0.006754279136657715,0.02229928970336914,0.736688494682312,0.7707037329673767,0.4585627615451813,0.004661060869693756
005718:10,True,277,15.339032173156738,0.0,0,0.7996783038226779,True,0.06925123929977417,0.04425015300512314,0.053269676864147186,0.010274827480316162,0.013371586799621582,0.021153807640075684,0.061031341552734375,10.555282363154996,0.013371586799621582,0.021153807640075684,-0.061031341552734375,0.7291958928108215,0.751081109046936,0.5209861993789673,0.06650537997484207,0.025026600807905197,0.061616845428943634,0.029593169689178467,0.01985478401184082,0.01975315809249878,0.034319281578063965,5.851221798740494,0.01985478401184082,0.01975315809249878,-0.034319281578063965,0.7483199834823608,0.7703672647476196,0.5872688293457031,0.0027458593249320984
005718:11,True,308,14.64836597442627,0.0,0,0.7996783038226779,True,0.02886190637946129,0.010392626747488976,0.02692587859928608,0.04889845848083496,0.025276780128479004,0.009803414344787598,0.09277772903442383,11.373993005931244,-0.025276780128479004,-0.009803414344787598,-0.09277772903442383,0.7874992489814758,0.8280057907104492,0.35893991589546204,0.06981509923934937,0.06694093346595764,0.01982574351131916,0.036488115787506104,0.010260999202728271,0.005109548568725586,0.10604023933410645,1.9822916518669507,0.010260999202728271,0.005109548568725586,-0.10604023933410645,0.7439081072807312,0.7831517457962036,0.3812093436717987,-0.04095319285988808
005718:12,True,11,47.628910064697266,0.0,0,3.2924239024844004,False,0.14364150166511536,0.046964310109615326,0.13574695587158203,0.38660168647766113,0.042982280254364014,0.08184343576431274,0.07306921482086182,5.917002895894715,0.042982280254364014,0.08184343576431274,0.07306921482086182,0.40172117948532104,0.5905729532241821,0.38682541251182556,0.06638996303081512,0.03616943955421448,0.05567225068807602,0.23254501819610596,0.02604353427886963,0.020014584064483643,0.017586231231689453,6.632588154858611,0.02604353427886963,0.020014584064483643,0.017586231231689453,0.5918983817100525,0.7596529722213745,0.3061448931694031,0.07725153863430023
005718:13,True,25,32.2992057800293,0.0,0,0.886317742937319,True,0.07557478547096252,0.046890437602996826,0.05926918610930443,0.039198875427246094,0.0022031068801879883,0.06166189908981323,0.022870421409606934,4.069444010337608,-0.0022031068801879883,0.06166189908981323,0.022870421409606934,0.6886811256408691,0.7179718017578125,0.3778569996356964,0.1078915074467659,0.10529837757349014,0.023512359708547592,0.012045860290527344,0.04808986186981201,0.04931998252868652,0.008232474327087402,0.3163210873322941,0.04808986186981201,0.04931998252868652,0.008232474327087402,0.6165387630462646,0.6241585612297058,0.3989625871181488,-0.032316721975803375
005718:14,True,26,38.32340621948242,0.0,0,6.054682692289866,False,0.10945898294448853,0.012269646860659122,0.10876912623643875,0.11527788639068604,0.019072890281677246,0.004416465759277344,0.03562760353088379,7.234690275504917,-0.019072890281677246,0.004416465759277344,0.03562760353088379,0.5951672792434692,0.667503297328949,0.5127190947532654,0.04818115383386612,0.02027001790702343,0.043709833174943924,0.12042641639709473,0.030269205570220947,0.03984344005584717,0.019869446754455566,2.847058714958766,0.030269205570220947,-0.03984344005584717,0.019869446754455566,0.7134788632392883,0.8128994107246399,0.40469247102737427,0.061277829110622406
005718:15,True,18,75.2336196899414,0.0,0,30.593122061235555,False,0.10524076223373413,0.10481246560811996,0.009485014714300632,0.11869800090789795,0.01019066572189331,0.010430693626403809,0.0006421804428100586,2.4476838938097805,0.01019066572189331,0.010430693626403809,-0.0006421804428100586,0.6139605641365051,0.6909227967262268,0.4895000755786896,0.04535384848713875,0.03624418377876282,0.027264093980193138,0.13109326362609863,0.01542198657989502,0.05627274513244629,0.04157745838165283,1.1434456114175056,0.01542198657989502,0.05627274513244629,0.04157745838165283,0.7175474762916565,0.8250322341918945,0.6396923661231995,0.05988691374659538
005718:17,True,144,28.213022232055664,0.0,0,0.3631714465063581,True,0.29842475056648254,0.213617742061615,0.2083861529827118,0.0028237104415893555,0.04880475997924805,0.09546166658401489,0.0031380653381347656,12.526201750053875,-0.04880475997924805,-0.09546166658401489,0.0031380653381347656,0.30379021167755127,0.30442601442337036,0.24892482161521912,0.10356571525335312,0.034667328000068665,0.09759116172790527,0.013598203659057617,0.051668643951416016,0.06149864196777344,0.0423276424407959,6.338378211102484,-0.051668643951416016,-0.06149864196777344,0.0423276424407959,0.6730887293815613,0.6863783001899719,0.468880295753479,0.19485903531312943
005718:2,True,105,27.669191360473633,0.0,0,0.5829379439090245,True,0.36538517475128174,0.28160232305526733,0.23282277584075928,0.0801306962966919,0.03660053014755249,0.009266495704650879,0.09541118144989014,1.9257868633540987,0.03660053014755249,-0.009266495704650879,0.09541118144989014,0.18077540397644043,0.19159984588623047,0.4642394781112671,0.32166510820388794,0.25893810391426086,0.19083893299102783,0.01203298568725586,0.037916719913482666,0.031780242919921875,0.005013585090637207,15.477319308766278,-0.037916719913482666,-0.031780242919921875,0.005013585090637207,0.22408662736415863,0.22607800364494324,0.4075978994369507,0.0437200665473938
005718:3,True,125,27.907371520996094,0.0,0,1.4148615855399909,True,0.08427927643060684,0.039814434945583344,0.0742819532752037,0.06368517875671387,0.04762810468673706,0.014314711093902588,0.115744948387146,22.27889226213168,-0.04762810468673706,-0.014314711093902588,-0.115744948387146,0.6479352712631226,0.6910527348518372,0.5499975681304932,0.1215638816356659,0.023530926555395126,0.11926472187042236,0.07526004314422607,0.07226741313934326,0.008570849895477295,0.07808256149291992,9.309537820814711,-0.07226741313934326,-0.008570849895477295,-0.07808256149291992,0.5760797262191772,0.6188350319862366,0.54706871509552,-0.03728460520505905
005718:4,True,36,23.311981201171875,0.0,0,5.003581725783684,False,0.1366633027791977,0.0736541748046875,0.11511698365211487,0.06163311004638672,0.0010408759117126465,0.008958518505096436,0.03496885299682617,7.921749022029169,-0.0010408759117126465,-0.008958518505096436,0.03496885299682617,0.5270996689796448,0.5597862601280212,0.1878388226032257,0.04184545949101448,0.02154400385916233,0.03587336465716362,0.04255712032318115,0.0359538197517395,0.0045593976974487305,0.03712034225463867,4.569492177386911,0.0359538197517395,0.0045593976974487305,0.03712034225463867,0.791047990322113,0.8309338688850403,0.216638445854187,0.09481784328818321
005718:6,True,61,31.959850311279297,0.0,0,0.886317742937319,True,0.10812494903802872,0.036096345633268356,0.10192182660102844,0.13571083545684814,0.004268288612365723,0.007911145687103271,0.07628512382507324,14.001105514495087,-0.004268288612365723,0.007911145687103271,0.07628512382507324,0.5817039012908936,0.6665171980857849,0.43183791637420654,0.12250474840402603,0.03931131586432457,0.11602599918842316,0.10359454154968262,0.0035976767539978027,0.003072500228881836,0.07289671897888184,17.375874662641706,0.0035976767539978027,0.003072500228881836,0.07289671897888184,0.5701115727424622,0.6310911178588867,0.4977284073829651,-0.014379799365997314
005718:7,True,75,27.044151306152344,0.0,0,0.7538362435724214,True,0.1312991827726364,0.1028813049197197,0.08157764375209808,0.017966628074645996,0.03539776802062988,0.02044016122817993,0.015633344650268555,83.64098391644607,0.03539776802062988,0.02044016122817993,0.015633344650268555,0.5547488927841187,0.5642051100730896,0.20695406198501587,0.10792458802461624,0.06223098561167717,0.08817607909440994,0.08061635494232178,0.030839264392852783,0.0024474263191223145,0.08991265296936035,52.24662910455143,-0.030839264392852783,-0.0024474263191223145,-0.08991265296936035,0.5651383996009827,0.6128044724464417,0.3563079833984375,0.023374594748020172
005718:8,True,30,44.62294006347656,0.0,0,3.2924239024844004,False,0.29875314235687256,0.09752616286277771,0.2823863923549652,0.04439079761505127,0.02626931667327881,0.03380841016769409,0.0830535888671875,6.108320137012443,0.02626931667327881,-0.03380841016769409,0.0830535888671875,0.38186609745025635,0.3961808979511261,0.521507203578949,0.29964977502822876,0.07752379029989243,0.2894478142261505,0.1027761697769165,0.031147539615631104,0.057285428047180176,0.06941568851470947,3.0338607462929437,-0.031147539615631104,-0.057285428047180176,0.06941568851470947,0.37149882316589355,0.40458694100379944,0.5753322243690491,-0.0008966326713562012
005718:9,True,648,5.072808742523193,0.0,0,12.470950464799332,False,0.03539428487420082,0.010892435908317566,0.033676549792289734,0.07747751474380493,0.02836453914642334,0.002713441848754883,0.009431600570678711,12.122100437999242,0.02836453914642334,0.002713441848754883,-0.009431600570678711,0.7490378022193909,0.813528835773468,0.6532044410705566,0.06103259697556496,0.05638628453016281,0.023357335478067398,0.04383528232574463,0.04159456491470337,0.03482067584991455,0.029657363891601562,1.1378462227887587,0.04159456491470337,0.03482067584991455,-0.029657363891601562,0.7405849099159241,0.7747571468353271,0.7174668312072754,-0.025638312101364136
005727:0,True,100,27.70383644104004,0.0,0,0.8455256237994898,True,0.20034711062908173,0.19661015272140503,0.03851510211825371,0.05847609043121338,0.003849208354949951,0.04057121276855469,0.004645109176635742,17.40749206305187,0.003849208354949951,-0.04057121276855469,0.004645109176635742,0.4508274793624878,0.47471991181373596,0.16737239062786102,0.17877185344696045,0.17829163372516632,0.013094798661768436,0.08903324604034424,0.0031629204750061035,0.002282559871673584,0.022896647453308105,9.295412989611124,-0.0031629204750061035,-0.002282559871673584,0.022896647453308105,0.48042112588882446,0.5209622979164124,0.10602416098117828,0.021575257182121277
005727:1,True,102,27.22591781616211,0.0,0,4.660873627609675,False,0.02901003696024418,0.007337932474911213,0.02806665003299713,0.004979610443115234,0.018297672271728516,0.01993495225906372,0.025029420852661133,7.576428317971664,0.018297672271728516,0.01993495225906372,0.025029420852661133,0.840635359287262,0.852804958820343,0.5177139639854431,0.035396840423345566,0.02998453378677368,0.01881127431988716,0.033596158027648926,0.00795280933380127,0.04140287637710571,0.028715133666992188,6.420159253758546,-0.00795280933380127,-0.04140287637710571,0.028715133666992188,0.8078756928443909,0.8378971219062805,0.528623640537262,-0.006386803463101387
005727:10,True,61,46.58543395996094,0.0,0,3.2533333388684715,False,0.029489120468497276,0.013219388201832771,0.026360122486948967,0.08703446388244629,0.006188631057739258,0.051674604415893555,0.017212867736816406,7.49880003033097,-0.006188631057739258,-0.051674604415893555,0.017212867736816406,0.7740522027015686,0.8496293425559998,0.46424880623817444,0.10653586685657501,0.051342740654945374,0.09334781020879745,0.09622454643249512,0.01962190866470337,0.13690871000289917,0.006235957145690918,2.605652508933835,-0.01962190866470337,-0.13690871000289917,0.006235957145690918,0.6104806065559387,0.6705518364906311,0.6297290921211243,-0.07704674638807774
005727:12,True,13,38.25989532470703,0.0,0,5.951011963578405,False,0.060479067265987396,0.06047891080379486,0.0001349407248198986,0.07116222381591797,0.012402772903442383,0.03084510564804077,0.043622732162475586,39.99408207131762,0.012402772903442383,0.03084510564804077,0.043622732162475586,0.631960391998291,0.6793855428695679,0.24515193700790405,0.223261758685112,0.2232116460800171,0.004729334264993668,0.0841742753982544,0.013207435607910156,0.010377705097198486,0.048746466636657715,25.394049107649618,0.013207435607910156,-0.010377705097198486,0.048746466636657715,0.3831629455089569,0.41166064143180847,0.28603801131248474,-0.1627826914191246
005727:13,True,26,31.291688919067383,0.0,0,0.7733274140720237,True,0.2928368151187897,0.057447876781225204,0.28714653849601746,0.015147209167480469,0.03439807891845703,0.015551865100860596,0.026627302169799805,11.845934944545943,-0.03439807891845703,-0.015551865100860596,-0.026627302169799805,0.35173237323760986,0.3562159836292267,0.49588659405708313,0.18378739058971405,0.03697904571890831,0.1800287812948227,0.019118666648864746,0.0013191699981689453,0.02324390411376953,0.08806324005126953,6.095571361555528,0.0013191699981689453,-0.02324390411376953,-0.08806324005126953,0.5051947832107544,0.5266813039779663,0.2750614583492279,0.10904942452907562
005727:14,True,107,26.991010665893555,0.0,0,0.5732118901160931,True,0.39158517122268677,0.035054273903369904,0.3900130093097687,0.050275206565856934,0.04809027910232544,0.010856866836547852,0.05864846706390381,25.442468318675836,-0.04809027910232544,-0.010856866836547852,0.05864846706390381,0.2033466249704361,0.21077947318553925,0.34901779890060425,0.1523701399564743,0.06186691299080849,0.13924488425254822,0.05251467227935791,0.021650612354278564,0.034424006938934326,0.05848848819732666,43.07170566085567,-0.021650612354278564,0.034424006938934326,0.05848848819732666,0.5321311354637146,0.5592119693756104,0.3520090878009796,0.23921503126621246
005727:15,True,17,60.741477966308594,0.0,0,13.93693214935891,False,0.06346220523118973,0.051475875079631805,0.03711719810962677,0.020487189292907715,0.021244823932647705,0.03526890277862549,0.02102649211883545,5.068447514169011,-0.021244823932647705,0.03526890277862549,-0.02102649211883545,0.7710472941398621,0.7877296209335327,0.2005317062139511,0.028382709249854088,0.028249669820070267,0.002744879573583603,0.009793877601623535,0.009715259075164795,0.04138833284378052,0.03377950191497803,8.710709182013677,0.009715259075164795,-0.04138833284378052,-0.03377950191497803,0.8309534192085266,0.8466981053352356,0.1339402198791504,0.03507949598133564
005727:16,True,20,74.57938385009766,0.0,0,13.93693214935891,False,0.21869179606437683,0.21866996586322784,0.0030901581048965454,0.12473559379577637,0.012908577919006348,0.006155192852020264,0.020813703536987305,2.645212964606549,0.012908577919006348,-0.006155192852020264,-0.020813703536987305,0.4267577528953552,0.47631871700286865,0.4836326241493225,0.20695240795612335,0.19400517642498016,0.07205060869455338,0.05509591102600098,0.0011613965034484863,0.009025394916534424,0.007654309272766113,1.0024632220171006,0.0011613965034484863,-0.009025394916534424,-0.007654309272766113,0.45939934253692627,0.4819888472557068,0.6708797812461853,0.011739388108253479
005727:18,True,97,26.98982048034668,0.0,0,0.5732118901160931,True,0.47632190585136414,0.39562925696372986,0.2652547061443329,0.0035479068756103516,0.012307047843933105,0.0049318671226501465,0.03319823741912842,4.223205228932935,0.012307047843933105,0.0049318671226501465,0.03319823741912842,0.12208960205316544,0.1235085278749466,0.44602349400520325,0.4617498517036438,0.35682952404022217,0.2930625081062317,0.001278996467590332,0.006790280342102051,0.007838189601898193,0.03754305839538574,1.9682246499002234,-0.006790280342102051,0.007838189601898193,0.03754305839538574,0.1270858645439148,0.12874338030815125,0.42034414410591125,0.014572054147720337
005727:2,True,93,27.76091194152832,0.0,0,0.8686247516486889,True,0.21040084958076477,0.2088305652141571,0.025657471269369125,0.010113716125488281,0.02060180902481079,0.03251880407333374,0.0056542158126831055,1.0001755633873182,-0.02060180902481079,-0.03251880407333374,-0.0056542158126831055,0.4464980661869049,0.45053717494010925,0.5688009262084961,0.20228809118270874,0.19981788098812103,0.03151637315750122,0.0030345916748046875,0.004692792892456055,0.007911086082458496,0.038401007652282715,10.921236613952937,-0.004692792892456055,-0.007911086082458496,0.038401007652282715,0.47414442896842957,0.4822159707546234,0.4734710156917572,0.00811275839805603
005727:3,True,112,27.063425064086914,0.0,0,1.3292367856237772,True,0.11406460404396057,0.02116488479077816,0.1120838150382042,0.08809399604797363,0.019779205322265625,0.01743793487548828,0.1725548505783081,12.402056231699724,0.019779205322265625,0.01743793487548828,-0.1725548505783081,0.6003270149230957,0.6507030129432678,0.41727691888809204,0.13850806653499603,0.00022642454132437706,0.1385078877210617,0.07971465587615967,0.018422186374664307,0.009936869144439697,0.11586391925811768,4.956405091024122,-0.018422186374664307,0.009936869144439697,-0.11586391925811768,0.5559105277061462,0.5972651243209839,0.32754456996917725,-0.02444346249103546
005727:4,True,90,22.596181869506836,0.0,0,4.660873627609675,False,0.11082346737384796,0.06732401996850967,0.08803021162748337,0.0038394927978515625,0.0038192272186279297,0.037002384662628174,0.018638253211975098,13.24600442345917,-0.0038192272186279297,0.037002384662628174,0.018638253211975098,0.614989161491394,0.620995283126831,0.3407720923423767,0.14645496010780334,0.10236445814371109,0.10474051535129547,0.06429052352905273,0.024469614028930664,0.014469683170318604,0.009102106094360352,6.622578740001043,-0.024469614028930664,0.014469683170318604,0.009102106094360352,0.49263620376586914,0.5241760015487671,0.38000476360321045,-0.03563149273395538
005727:6,True,71,27.014387130737305,0.0,0,0.8686247516486889,True,0.0870891809463501,0.04008989781141281,0.07731316983699799,0.02943599224090576,0.00499415397644043,0.01409292221069336,0.028609633445739746,66.70788810589595,0.00499415397644043,0.01409292221069336,0.028609633445739746,0.6510768532752991,0.670540452003479,0.4325733482837677,0.03536892682313919,0.02892930805683136,0.020348377525806427,0.013271808624267578,0.012357056140899658,0.049733757972717285,0.005825400352478027,26.83656821225447,0.012357056140899658,0.049733757972717285,0.005825400352478027,0.7133029699325562,0.7232257723808289,0.35226160287857056,0.05172025412321091
005727:7,True,36,43.55797576904297,0.0,0,3.2533333388684715,False,0.24484290182590485,0.09082333743572235,0.22737452387809753,0.054947853088378906,0.03141486644744873,0.0679972767829895,0.04305112361907959,4.267310948127206,0.03141486644744873,-0.0679972767829895,0.04305112361907959,0.43910738825798035,0.46045076847076416,0.48950761556625366,0.2680973708629608,0.08314669132232666,0.25487804412841797,0.07553482055664062,0.0031159520149230957,0.07367736101150513,0.029372692108154297,6.4817129185587,-0.0031159520149230957,-0.07367736101150513,0.029372692108154297,0.3946702778339386,0.4207207262516022,0.3922309875488281,-0.02325446903705597
005727:8,True,265,15.342244148254395,0.0,0,0.7745984928619306,True,0.06063566356897354,0.05736149847507477,0.019655587151646614,0.0076462626457214355,0.010396480560302734,0.044438838958740234,0.05373787879943848,3.8489482010855856,0.010396480560302734,0.044438838958740234,-0.05373787879943848,0.760101854801178,0.7799795866012573,0.5490235090255737,0.03753102943301201,0.020752768963575363,0.03127140924334526,0.0254133939743042,0.018696188926696777,0.025457024574279785,0.058465003967285156,8.675433076183396,0.018696188926696777,0.025457024574279785,-0.058465003967285156,0.8039200901985168,0.8276586532592773,0.5847565531730652,0.023104634135961533
005727:9,True,320,14.70012378692627,0.0,0,0.7745984928619306,True,0.07463088631629944,0.06648362427949905,0.033907171338796616,0.008770942687988281,0.02461552619934082,0.006867706775665283,0.07564759254455566,5.830727588764785,-0.02461552619934082,-0.006867706775665283,-0.07564759254455566,0.7208542823791504,0.7480603456497192,0.36429330706596375,0.02546108327805996,0.012229034677147865,0.022331982851028442,0.011888861656188965,0.009152531623840332,0.002434372901916504,0.10710012912750244,2.9613582882532583,0.009152531623840332,-0.002434372901916504,-0.10710012912750244,0.8553693294525146,0.9046096801757812,0.3960103988647461,0.04916980303823948
005733:0,True,102,26.850500106811523,0.0,0,0.8941937547377298,True,0.1838482767343521,0.11864522844552994,0.14044037461280823,0.06808304786682129,0.017047584056854248,0.04033881425857544,0.04911839962005615,19.61539169339351,-0.017047584056854248,-0.04033881425857544,-0.04911839962005615,0.4525763988494873,0.481794536113739,0.43945273756980896,0.07877059280872345,0.07151787728071213,0.033015139400959015,0.029162883758544922,0.02205801010131836,0.04188662767410278,0.04583859443664551,13.57816016526256,-0.02205801010131836,-0.04188662767410278,-0.04583859443664551,0.6872375011444092,0.7091140151023865,0.47913339734077454,0.10507768392562866
005733:1,True,91,26.6337947845459,0.0,0,4.742284081850549,False,0.02564314752817154,0.021832674741744995,0.01345010194927454,0.06543421745300293,0.02383899688720703,0.04908531904220581,0.04397904872894287,4.841156121434998,0.02383899688720703,0.04908531904220581,0.04397904872894287,0.7896165251731873,0.8502156138420105,0.5538622736930847,0.023550521582365036,0.017887724563479424,0.015318498015403748,0.008685708045959473,0.02325427532196045,0.0011854767799377441,0.03670918941497803,3.759636647498499,0.02325427532196045,0.0011854767799377441,0.03670918941497803,0.8701678514480591,0.8888091444969177,0.5928337574005127,0.0020926259458065033
005733:10,True,19,30.451936721801758,0.0,0,2.7980094676240514,False,0.41945064067840576,0.1721474528312683,0.38249722123146057,0.18726742267608643,0.031160414218902588,0.06856429576873779,0.057752251625061035,3.875833192149419,-0.031160414218902588,-0.06856429576873779,-0.057752251625061035,0.16650184988975525,0.19189970195293427,0.21571195125579834,0.2016202062368393,0.0019712047651410103,0.20161059498786926,0.1144636869430542,0.005385994911193848,0.04864758253097534,0.04268646240234375,3.6524673369553278,0.005385994911193848,-0.04864758253097534,-0.04268646240234375,0.44154584407806396,0.4900817573070526,0.5924976468086243,0.21783043444156647
005733:11,True,98,26.161081314086914,0.0,0,0.6312701866355369,True,0.2061901092529297,0.02719467505812645,0.20438887178897858,0.003752470016479492,0.06912261247634888,0.024087607860565186,0.036719679832458496,5.104026424297779,-0.06912261247634888,-0.024087607860565186,0.036719679832458496,0.43902701139450073,0.4455520808696747,0.4764193892478943,0.12052321434020996,0.04528766870498657,0.11169097572565079,0.0406641960144043,0.03858041763305664,0.022925972938537598,0.06516110897064209,7.938465682651689,-0.03858041763305664,0.022925972938537598,0.06516110897064209,0.599829912185669,0.6237367391586304,0.6318901181221008,0.08566689491271973
005733:12,True,14,38.178794860839844,0.0,0,5.384649863204711,False,0.0927422046661377,0.09272771328687668,0.0016397214494645596,0.08038210868835449,0.03029489517211914,0.0011240839958190918,0.013987898826599121,28.68453690916178,-0.03029489517211914,-0.0011240839958190918,0.013987898826599121,0.6077135801315308,0.6575966477394104,0.16860422492027283,0.10256816446781158,0.10165805369615555,0.013633397407829762,0.030408143997192383,0.04343104362487793,0.027061164379119873,0.03653120994567871,8.648422865739494,-0.04343104362487793,-0.027061164379119873,0.03653120994567871,0.6447057723999023,0.6634304523468018,0.5170816779136658,-0.00982595980167389
005733:13,True,25,60.76957702636719,0.0,0,13.848514674555432,False,0.20526699721813202,0.003348652273416519,0.2052396833896637,0.14918434619903564,0.060230255126953125,0.29659295082092285,0.012313604354858398,4.427338637914934,0.060230255126953125,-0.29659295082092285,0.012313604354858398,0.5139139294624329,0.5934597849845886,0.31368589401245117,0.21459798514842987,0.004258425906300545,0.2145557403564453,0.12517297267913818,0.09938907623291016,0.3710365295410156,0.029586076736450195,9.019520703724627,0.09938907623291016,-0.3710365295410156,0.029586076736450195,0.49194076657295227,0.5521944761276245,0.21104253828525543,-0.009330987930297852
005733:15,True,24,74.50382995605469,0.0,0,13.848514674555432,False,0.06542384624481201,0.06203755736351013,0.020775502547621727,0.06298291683197021,0.02527797222137451,0.0023022890090942383,0.05165672302246094,5.071241516281718,0.02527797222137451,-0.0023022890090942383,-0.05165672302246094,0.7313673496246338,0.7813109159469604,0.35290634632110596,0.05584732070565224,0.030006445944309235,0.047101348638534546,0.024178504943847656,0.004816532135009766,0.01300954818725586,0.06175589561462402,4.926468826634128,0.004816532135009766,0.01300954818725586,-0.06175589561462402,0.7952908277511597,0.821925699710846,0.6064571738243103,0.009576525539159775
005733:2,True,61,27.74795913696289,0.0,0,0.787364196608768,True,0.21109963953495026,0.21104848384857178,0.004646949470043182,0.08476650714874268,0.05118674039840698,0.04767715930938721,0.032536864280700684,5.855019383919021,-0.05118674039840698,-0.04767715930938721,-0.032536864280700684,0.4194255769252777,0.452750563621521,0.5017423033714294,0.37507951259613037,0.3519444465637207,0.1296909749507904,0.00955057144165039,0.04728198051452637,0.02875739336013794,6.461143493652344e-05,10.500406347388106,-0.04728198051452637,-0.02875739336013794,-6.461143493652344e-05,0.19386570155620575,0.19519475102424622,0.41305941343307495,-0.16397987306118011
005733:3,True,133,26.441734313964844,0.0,0,1.4687126246567603,True,0.070714071393013,0.016152363270521164,0.06884461641311646,0.08795678615570068,0.00671994686126709,0.025461316108703613,0.11281108856201172,2.8157418428720855,0.00671994686126709,-0.025461316108703613,-0.11281108856201172,0.7162522673606873,0.7858442664146423,0.6524443030357361,0.09056556224822998,0.04313315823674202,0.07963449507951736,0.10799610614776611,0.06541705131530762,0.02328479290008545,0.06973206996917725,0.885994836290043,-0.06541705131530762,-0.02328479290008545,-0.06973206996917725,0.6265110969543457,0.69844651222229,0.6807364821434021,-0.01985149085521698
005733:4,True,127,21.923521041870117,0.0,0,4.742284081850549,False,0.07539264857769012,0.07521098107099533,0.00523064099252224,0.04640936851501465,0.009628653526306152,0.032270729541778564,0.033986687660217285,17.475175595261025,-0.009628653526306152,-0.032270729541778564,0.033986687660217285,0.6804630160331726,0.714512825012207,0.41593503952026367,0.05101831257343292,0.05016372352838516,0.009298876859247684,0.0036696195602416992,0.02243328094482422,0.07442241907119751,0.017873525619506836,10.232169791812701,-0.02243328094482422,-0.07442241907119751,0.017873525619506836,0.7510526180267334,0.7578470706939697,0.46297454833984375,0.024374336004257202
005733:5,True,71,27.074810028076172,0.0,0,0.787364196608768,True,0.05988762527704239,0.055112000554800034,0.023434916511178017,0.005511045455932617,0.049556732177734375,0.03781783580780029,0.016129016876220703,65.22452629128726,-0.049556732177734375,-0.03781783580780029,-0.016129016876220703,0.6945621371269226,0.7007343769073486,0.19232866168022156,0.1544865220785141,0.14447197318077087,0.054716844111680984,0.09101533889770508,0.047421395778656006,0.013986170291900635,0.022669434547424316,35.148635224593185,-0.047421395778656006,-0.013986170291900635,-0.022669434547424316,0.48868557810783386,0.5323963165283203,0.245319664478302,-0.09459889680147171
005733:6,True,36,42.80522537231445,0.0,0,3.292462756716302,False,0.2100074589252472,0.024625301361083984,0.20855869352817535,0.03713667392730713,0.05382239818572998,0.02303183078765869,0.010979533195495605,1.7095143869841514,0.05382239818572998,-0.02303183078765869,0.010979533195495605,0.4688900113105774,0.4845748543739319,0.4788718521595001,0.18387794494628906,4.92241233587265e-05,0.18387795984745026,0.07727646827697754,0.03889364004135132,0.07567161321640015,0.026611685752868652,5.061443382546249,-0.03889364004135132,-0.07567161321640015,0.026611685752868652,0.5031125545501709,0.5394513607025146,0.3996565639972687,0.02612951397895813
005733:7,True,257,15.328923225402832,0.0,0,0.7906068968742063,True,0.04002208262681961,0.0400119349360466,0.0009012371301651001,0.013051867485046387,0.02070826292037964,0.04915696382522583,0.015842437744140625,1.8194531118646766,0.02070826292037964,0.04915696382522583,-0.015842437744140625,0.8187631964683533,0.8295671343803406,0.5318272709846497,0.01637200452387333,0.008964699693024158,0.013699516654014587,0.016809284687042236,0.022338807582855225,0.029783666133880615,0.009138941764831543,10.147694012157984,0.022338807582855225,0.029783666133880615,-0.009138941764831543,0.8295629024505615,0.8441028594970703,0.5083324313163757,0.02365007810294628
005733:8,True,272,14.650995254516602,0.0,0,0.7906068968742063,True,0.055529918521642685,0.004123147577047348,0.05537663400173187,0.005746245384216309,0.006924033164978027,0.011416435241699219,0.020562171936035156,9.930412034281538,-0.006924033164978027,0.011416435241699219,-0.020562171936035156,0.785325825214386,0.793339192867279,0.3546711802482605,0.05892794579267502,0.03713143244385719,0.04575761407613754,0.0016471147537231445,0.03332287073135376,0.01887071132659912,0.05056560039520264,1.8739580214413785,0.03332287073135376,0.01887071132659912,-0.05056560039520264,0.7817676663398743,0.8010829091072083,0.41635438799858093,-0.0033980272710323334
005805:0,True,306,14.006254196166992,0.0,0,1.1600463085811146,True,0.1664579063653946,0.16636112332344055,0.005675673484802246,0.0029802918434143066,0.010882437229156494,0.014110684394836426,0.04757392406463623,21.46310448557803,-0.010882437229156494,0.014110684394836426,0.04757392406463623,0.5254867076873779,0.5369395613670349,0.6692787408828735,0.11350543797016144,0.10188525915145874,0.05002877116203308,0.03701299428939819,0.006827056407928467,0.030000746250152588,0.03750026226043701,15.65219810578462,0.006827056407928467,0.030000746250152588,0.03750026226043701,0.6246822476387024,0.6479212045669556,0.7620031833648682,0.052952468395233154
005805:1,True,73,24.405290603637695,0.0,0,1.1693814257622364,True,0.14827261865139008,0.0901569277048111,0.11771363019943237,0.0982140302658081,0.015984952449798584,0.02429211139678955,0.10037338733673096,7.122821794812777,0.015984952449798584,0.02429211139678955,0.10037338733673096,0.4788993299007416,0.5245647430419922,0.6861438155174255,0.12419300526380539,0.025211971253156662,0.1216069832444191,0.05466592311859131,0.026149988174438477,0.0030831098556518555,0.0020437240600585938,9.350064520883896,0.026149988174438477,-0.0030831098556518555,-0.0020437240600585938,0.5835983753204346,0.6160326600074768,0.7240654230117798,0.024079613387584686
005805:10,True,86,33.315799713134766,0.0,0,2.6787996918030657,False,0.12035547941923141,0.04530645161867142,0.11150231957435608,0.01949399709701538,0.0019654035568237305,0.0038809776306152344,0.10057461261749268,3.2614326315250994,-0.0019654035568237305,-0.0038809776306152344,0.10057461261749268,0.6134918332099915,0.6441290378570557,0.5128962397575378,0.0931687206029892,0.08790142834186554,0.030882835388183594,0.027632713317871094,0.004801750183105469,0.005677342414855957,0.06284308433532715,8.252681705228955,0.004801750183105469,0.005677342414855957,0.06284308433532715,0.6814362406730652,0.7037416100502014,0.5945433378219604,0.027186758816242218
005805:11,True,242,13.87517261505127,0.0,0,0.7007264876894078,True,0.09178357571363449,0.09108801186084747,0.011278187856078148,0.03377562761306763,0.010970056056976318,0.05546772480010986,0.04660069942474365,1.4400224430921282,-0.010970056056976318,-0.05546772480010986,0.04660069942474365,0.6612979769706726,0.6836990714073181,0.3469690680503845,0.0553763322532177,0.05211975425481796,0.01871013641357422,0.01728200912475586,0.009052693843841553,0.016711115837097168,0.039568185806274414,2.670740569258386,-0.009052693843841553,-0.016711115837097168,0.039568185806274414,0.7790799140930176,0.7957364320755005,0.43395230174064636,0.036407243460416794
005805:2,True,323,14.986593246459961,0.0,0,1.399309025805068,True,0.09214001148939133,0.058850131928920746,0.0708974078297615,0.0207521915435791,0.06317782402038574,0.01618403196334839,0.13289499282836914,12.51837071079937,-0.06317782402038574,-0.01618403196334839,-0.13289499282836914,0.6473444700241089,0.6914663314819336,0.6417942047119141,0.08324933052062988,0.06248228996992111,0.05501284450292587,0.05140650272369385,0.06110292673110962,0.00833958387374878,0.13097238540649414,3.8567072959827198,-0.06110292673110962,-0.00833958387374878,-0.13097238540649414,0.6740906238555908,0.7197456359863281,0.6714543700218201,0.008890680968761444
005805:3,True,12,23.49962615966797,0.0,0,1.1693814257622364,True,0.15326860547065735,0.1522527039051056,0.017617512494325638,0.09806632995605469,0.05370599031448364,0.04461264610290527,0.03286242485046387,31.77864720886558,-0.05370599031448364,-0.04461264610290527,0.03286242485046387,0.49335959553718567,0.5404130816459656,0.284377783536911,0.06314030289649963,0.033170998096466064,0.05372506380081177,0.007026314735412598,0.058493077754974365,0.011629462242126465,0.016270160675048828,29.05334708851713,-0.058493077754974365,-0.011629462242126465,0.016270160675048828,0.6847843527793884,0.6901814937591553,0.31498581171035767,0.09012830257415771
005805:4,True,63,31.438295364379883,0.0,0,2.6787996918030657,False,0.017810257151722908,0.012578252702951431,0.012609235942363739,0.0456080436706543,0.012081563472747803,0.033834874629974365,0.036537766456604004,6.574484190331485,-0.012081563472747803,-0.033834874629974365,0.036537766456604004,0.8339787721633911,0.8752140402793884,0.5395302772521973,0.0157097689807415,0.0014439402148127556,0.015643268823623657,0.11114108562469482,0.02204155921936035,0.0022176504135131836,0.04437065124511719,6.255505704669884,-0.02204155921936035,0.0022176504135131836,0.04437065124511719,0.7894726991653442,0.8900484442710876,0.527635395526886,0.002100488170981407
005805:5,True,264,14.307463645935059,0.0,0,0.7007264876894078,True,0.1459200531244278,0.11943148076534271,0.0838378444314003,0.05991083383560181,0.09223896265029907,0.011732280254364014,0.02738344669342041,3.996169740921711,-0.09223896265029907,-0.011732280254364014,0.02738344669342041,0.527623176574707,0.5581758618354797,0.32012906670570374,0.06524595618247986,0.05651272460818291,0.0326089970767498,0.045066237449645996,0.026153624057769775,0.0162428617477417,0.011368989944458008,6.0482317751603425,-0.026153624057769775,0.0162428617477417,0.011368989944458008,0.7570580244064331,0.7955284714698792,0.4515572488307953,0.08067409694194794
005805:6,True,110,17.753835678100586,0.0,0,1.406298490926611,True,0.09627699851989746,0.05983715504407883,0.075423963367939,0.033676743507385254,0.021641790866851807,0.04434704780578613,0.03954422473907471,19.480044664800538,0.021641790866851807,0.04434704780578613,0.03954422473907471,0.6322094202041626,0.6550211310386658,0.40571433305740356,0.0734461173415184,0.04273846372961998,0.05973070114850998,0.044735074043273926,0.04401212930679321,0.046174705028533936,0.04566919803619385,25.888819814445508,0.04401212930679321,0.046174705028533936,0.04566919803619385,0.6471720337867737,0.678966760635376,0.4262840151786804,0.02283088117837906
005805:7,True,228,17.213956832885742,0.0,0,0.9168977012133259,True,0.05651787668466568,0.004771365784108639,0.056316111236810684,0.12673735618591309,0.1041799783706665,0.024567484855651855,0.0052901506423950195,9.915594166248281,-0.1041799783706665,-0.024567484855651855,-0.0052901506423950195,0.6364995837211609,0.7282038331031799,0.3235761225223541,0.036933790892362595,0.008461717516183853,0.035951413214206696,0.01564633846282959,0.06261444091796875,0.02113288640975952,0.0039577484130859375,11.732806976065195,-0.06261444091796875,-0.02113288640975952,0.0039577484130859375,0.7824779152870178,0.7957852482795715,0.4261625409126282,0.019584085792303085
005805:8,True,61,17.46330451965332,0.0,0,0.9168977012133259,True,0.1438262015581131,0.0002805963158607483,0.14382590353488922,0.08860206604003906,0.06018942594528198,0.018040716648101807,0.008289337158203125,2.4897901888100735,-0.06018942594528198,-0.018040716648101807,-0.008289337158203125,0.5300982594490051,0.5779567360877991,0.5338681936264038,0.08256496489048004,0.04182099923491478,0.07118972390890121,0.007487058639526367,0.020884394645690918,0.01447993516921997,0.01173245906829834,3.540319273249389,-0.020884394645690918,0.01447993516921997,0.01173245906829834,0.7007076740264893,0.7061343193054199,0.5243290066719055,0.06126123666763306
005805:9,True,27,66.65049743652344,0.0,0,35.584656155660014,False,0.05836860090494156,0.0015050158835947514,0.05834919586777687,0.030080318450927734,0.0251123309135437,0.006087183952331543,0.06540870666503906,6.405597290448078,0.0251123309135437,0.006087183952331543,0.06540870666503906,0.7895473837852478,0.8177279233932495,0.3958142101764679,0.08429457992315292,0.006206565536558628,0.08406578004360199,0.0739138126373291,0.04845261573791504,0.011996984481811523,0.0062062740325927734,5.700339277509242,0.04845261573791504,0.011996984481811523,-0.0062062740325927734,0.7007576823234558,0.7567139267921448,0.5644406080245972,-0.025925979018211365
005847:0,True,780,4.1593217849731445,0.0,0,2.140429619128145,False,0.11133773624897003,0.022910747677087784,0.10895498842000961,0.0432928204536438,0.028368830680847168,0.029331982135772705,0.10030186176300049,10.295526626553741,-0.028368830680847168,0.029331982135772705,0.10030186176300049,0.6064336895942688,0.6360194087028503,0.4494782090187073,0.05204314738512039,0.04215874895453453,0.030514411628246307,0.019033968448638916,0.014195263385772705,0.024308443069458008,0.0075234174728393555,0.8838811201130101,0.014195263385772705,0.024308443069458008,0.0075234174728393555,0.8062522411346436,0.823143482208252,0.5900431275367737,0.05929458886384964
005847:1,True,190,19.16717529296875,0.0,0,0.7693302565727826,True,0.07453648746013641,0.0679621696472168,0.030607711523771286,0.03420734405517578,0.05436289310455322,0.03197312355041504,0.015309572219848633,13.602007543378573,0.05436289310455322,0.03197312355041504,-0.015309572219848633,0.6814773082733154,0.7052125930786133,0.4492998421192169,0.19231562316417694,0.15586787462234497,0.11265213787555695,0.057031095027923584,0.047707200050354004,0.020706236362457275,0.015334129333496094,6.179108217570455,0.047707200050354004,0.020706236362457275,-0.015334129333496094,0.4198473393917084,0.44091561436653137,0.4819309711456299,-0.11777913570404053
005847:2,True,1204,4.99179744720459,0.0,0,1.9265659096866827,True,0.11519871652126312,0.06931206583976746,0.09201402962207794,0.08551359176635742,0.04791712760925293,0.023638248443603516,0.10433554649353027,13.211771515339064,-0.04791712760925293,-0.023638248443603516,-0.10433554649353027,0.6007668972015381,0.6497138142585754,0.522555410861969,0.10468527674674988,0.08290044963359833,0.06392590701580048,0.04726529121398926,0.0243721604347229,0.008125841617584229,0.191567063331604,1.991013803437057,-0.0243721604347229,-0.008125841617584229,-0.191567063331604,0.6423256993293762,0.7042211890220642,0.783210277557373,0.010513439774513245
005847:3,True,155,18.511632919311523,0.0,0,0.7693302565727826,True,0.04391547292470932,0.009828842245042324,0.04280142858624458,0.014347970485687256,0.029507458209991455,0.01620393991470337,0.045369625091552734,2.856835903384553,-0.029507458209991455,-0.01620393991470337,0.045369625091552734,0.8129577040672302,0.8327603936195374,0.5278602838516235,0.06477244943380356,0.06249265372753143,0.01703346148133278,0.05468106269836426,0.041513681411743164,0.0034862160682678223,0.02578568458557129,4.154817732497096,0.041513681411743164,0.0034862160682678223,0.02578568458557129,0.7324635982513428,0.7772448658943176,0.671591579914093,-0.02085697650909424
005847:4,True,107,22.275081634521484,0.0,0,1.6796810964086986,True,0.1283925473690033,0.02408345602452755,0.12611357867717743,0.10890477895736694,0.023617208003997803,0.024447083473205566,0.011008620262145996,17.53759350636227,0.023617208003997803,0.024447083473205566,0.011008620262145996,0.5387791395187378,0.5986557006835938,0.6540157794952393,0.12741753458976746,0.01539555937051773,0.1264840066432953,0.056346595287323,0.0056612491607666016,0.01181638240814209,0.02025163173675537,10.937429171242202,-0.0056612491607666016,0.01181638240814209,0.02025163173675537,0.547722339630127,0.5776757001876831,0.6182969212532043,0.0009750127792358398
005847:5,True,402,7.849758148193359,0.0,0,1.1315204663419718,True,0.06369790434837341,0.012058943510055542,0.0625460222363472,0.018381595611572266,0.06300359964370728,0.037087082862854004,0.016216754913330078,14.42497703647341,-0.06300359964370728,-0.037087082862854004,0.016216754913330078,0.7195069193840027,0.7329821586608887,0.49222448468208313,0.04729496315121651,0.02959991618990898,0.03688710555434227,0.00018090009689331055,0.06070864200592041,0.004115641117095947,0.014254927635192871,9.43301033816453,-0.06070864200592041,-0.004115641117095947,-0.014254927635192871,0.7870826721191406,0.7935181260108948,0.44600915908813477,0.016402941197156906
005847:6,True,490,6.884763240814209,0.0,0,0.8335368089556857,True,0.20478928089141846,0.10907311737537384,0.17332543432712555,0.00743257999420166,0.029679954051971436,0.0222550630569458,0.05789446830749512,0.5366206423312218,-0.029679954051971436,0.0222550630569458,0.05789446830749512,0.485696405172348,0.49824997782707214,0.41579246520996094,0.14060911536216736,0.11543426662683487,0.08028606325387955,0.06606745719909668,0.006595432758331299,0.005002439022064209,0.017387747764587402,1.9908498788969766,-0.006595432758331299,-0.005002439022064209,-0.017387747764587402,0.5341087579727173,0.5689036250114441,0.5,0.0641801655292511
005847:7,True,354,7.144069194793701,0.0,0,0.8335368089556857,True,0.07326143234968185,0.018996506929397583,0.07075570523738861,0.03904390335083008,0.035899341106414795,0.003604292869567871,0.061745643615722656,7.791237767368565,-0.035899341106414795,-0.003604292869567871,-0.061745643615722656,0.7160942554473877,0.7468090057373047,0.2471095472574234,0.1494399607181549,0.018414504826068878,0.14830107986927032,0.044751882553100586,0.03189492225646973,0.012375593185424805,0.05483520030975342,5.392529972373447,-0.03189492225646973,0.012375593185424805,-0.05483520030975342,0.5508855581283569,0.574981153011322,0.5891246795654297,-0.07617852836847305
005847:8,True,27,58.96927261352539,0.0,0,37.20812554830044,False,0.16840581595897675,0.1653236299753189,0.03207201883196831,0.04103893041610718,0.050581276416778564,0.03404426574707031,0.02425551414489746,6.334016907946345,-0.050581276416778564,0.03404426574707031,-0.02425551414489746,0.5492260456085205,0.5698791146278381,0.46229830384254456,0.1730482131242752,0.1726028025150299,0.012408122420310974,0.015671133995056152,0.02300471067428589,0.008097529411315918,0.07008147239685059,3.839030766410727,-0.02300471067428589,-0.008097529411315918,-0.07008147239685059,0.5643958449363708,0.583191454410553,0.5294829607009888,-0.004642397165298462
005847:9,True,132,22.603322982788086,0.0,0,1.6796810964086986,True,0.2883778512477875,0.05175749212503433,0.28369516134262085,0.13460910320281982,0.014563143253326416,0.019638359546661377,0.012412309646606445,4.4102668074555735,-0.014563143253326416,-0.019638359546661377,-0.012412309646606445,0.31906142830848694,0.357891321182251,0.5939921736717224,0.23204278945922852,0.08494973182678223,0.21593379974365234,0.05522429943084717,0.0329778790473938,0.009657323360443115,0.05108141899108887,0.6869121248281823,-0.0329778790473938,-0.009657323360443115,0.05108141899108887,0.4003762900829315,0.4195168614387512,0.7154051661491394,0.05633506178855896
005862:0,True,190,19.17836570739746,0.0,0,0.9098570480468723,True,0.033149197697639465,0.022065013647079468,0.024738725274801254,0.01645827293395996,0.0193672776222229,0.04562944173812866,0.027645468711853027,3.508026138853569,0.0193672776222229,0.04562944173812866,-0.027645468711853027,0.8393169045448303,0.8540434241294861,0.46954619884490967,0.04406515136361122,0.0028469152748584747,0.04397309198975563,0.0020869970321655273,0.029577910900115967,0.02260500192642212,0.008290290832519531,1.4760858419097955,0.029577910900115967,0.02260500192642212,-0.008290290832519531,0.8294329047203064,0.8330153822898865,0.4866519272327423,-0.010915953665971756
005862:1,True,1486,3.8208208084106445,0.0,0,1.9378867922393757,True,0.04992172494530678,0.021790141239762306,0.04491512477397919,0.004236102104187012,0.048491477966308594,0.013350963592529297,0.11107587814331055,4.296352912478101,-0.048491477966308594,0.013350963592529297,-0.11107587814331055,0.7807009816169739,0.8254995942115784,0.5471058487892151,0.05727412551641464,0.03793179243803024,0.04291275888681412,0.0754595398902893,0.024591803550720215,0.026429712772369385,0.16209888458251953,7.228635085434615,-0.024591803550720215,0.026429712772369385,-0.16209888458251953,0.7370564341545105,0.7978732585906982,0.649782657623291,-0.007352400571107864
005862:2,True,128,18.435928344726562,0.0,0,0.9098570480468723,True,0.09321767091751099,0.08726632595062256,0.03277381509542465,0.07320243120193481,0.06728148460388184,0.025891661643981934,0.047620415687561035,2.3004213728386347,-0.06728148460388184,-0.025891661643981934,0.047620415687561035,0.6509149670600891,0.700452446937561,0.4207516014575958,0.10477710515260696,0.057222068309783936,0.08777172863483429,0.0485529899597168,0.0022025108337402344,0.008915305137634277,0.04694080352783203,1.5188018449790555,0.0022025108337402344,-0.008915305137634277,0.04694080352783203,0.6099050045013428,0.6398190259933472,0.4887230098247528,-0.011559434235095978
005862:3,True,55,21.769359588623047,0.0,0,1.4834117132964404,True,0.031912531703710556,0.009879610501229763,0.030344737693667412,0.00439608097076416,0.008871018886566162,0.01985955238342285,0.0089186429977417,74.42189510308634,-0.008871018886566162,0.01985955238342285,-0.0089186429977417,0.7903851270675659,0.7941348552703857,0.54964679479599,0.02020321786403656,0.0118071548640728,0.016393935307860374,0.014858841896057129,0.023513853549957275,0.015951335430145264,0.01397240161895752,46.00281668374061,0.023513853549957275,0.015951335430145264,-0.01397240161895752,0.6911928653717041,0.701572835445404,0.6457066535949707,0.011709313839673996
005862:5,True,702,5.4935383796691895,0.0,0,0.817583039643382,True,0.03494985029101372,0.008101449348032475,0.03399791941046715,0.050744473934173584,0.07477021217346191,0.0007659792900085449,0.010045409202575684,11.321957437110587,-0.07477021217346191,0.0007659792900085449,0.010045409202575684,0.7563992142677307,0.7986975908279419,0.33383065462112427,0.03188066557049751,0.020975716412067413,0.0240082498639822,0.011888623237609863,0.046015918254852295,0.006055951118469238,0.04031252861022949,17.534752147667547,-0.046015918254852295,-0.006055951118469238,0.04031252861022949,0.7613479495048523,0.7770591974258423,0.3923209309577942,0.003069184720516205
005862:6,True,515,5.802192211151123,0.0,0,0.817583039643382,True,0.21445801854133606,0.2081703543663025,0.05154935270547867,0.10606652498245239,0.003764033317565918,0.014314472675323486,0.1463766098022461,15.322371913230375,-0.003764033317565918,0.014314472675323486,0.1463766098022461,0.37558579444885254,0.41293418407440186,0.42871367931365967,0.1514744609594345,0.12072260677814484,0.09149078279733658,0.16443920135498047,0.0076062679290771484,0.06937366724014282,0.18909382820129395,8.058274485625054,0.0076062679290771484,0.06937366724014282,0.18909382820129395,0.4644505977630615,0.5470570921897888,0.48455026745796204,0.06298355758190155
005862:7,True,23,58.301055908203125,0.0,0,37.64750555996421,False,0.1449897587299347,0.14205530285835266,0.029022708535194397,0.053247809410095215,0.03663980960845947,0.03776895999908447,0.07048952579498291,1.7003619334963342,-0.03663980960845947,0.03776895999908447,-0.07048952579498291,0.5977978110313416,0.6285738348960876,0.3315926492214203,0.036312203854322433,0.016066260635852814,0.03256457298994064,0.009682059288024902,0.024374067783355713,0.012626349925994873,0.07858264446258545,4.383697371584224,-0.024374067783355713,0.012626349925994873,-0.07858264446258545,0.8276961445808411,0.863770604133606,0.44531646370887756,0.10867755487561226
005862:8,True,216,20.799131393432617,0.0,0,1.4834117132964404,True,0.2207232117652893,0.014609236270189285,0.22023919224739075,0.007330179214477539,0.003914475440979004,0.011362195014953613,0.07719862461090088,0.07173064666347391,0.003914475440979004,0.011362195014953613,0.07719862461090088,0.49409982562065125,0.5120207667350769,0.5423745512962341,0.22121906280517578,0.035973891615867615,0.21827447414398193,0.001275479793548584,0.029082417488098145,0.0077735185623168945,0.04416966438293457,8.388947621636381,0.029082417488098145,-0.0077735185623168945,0.04416966438293457,0.45945167541503906,0.46877267956733704,0.5248875021934509,-0.0004958510398864746
005874:1,True,92,36.47298812866211,0.0,0,8.492983255823567,False,0.029229316860437393,0.025261729955673218,0.01470367331057787,0.05534708499908447,0.11416250467300415,0.14338785409927368,0.16036701202392578,1.8306409617251576,0.11416250467300415,-0.14338785409927368,-0.16036701202392578,0.6738054752349854,0.7293050289154053,0.38210591673851013,0.08630713820457458,0.0750018060207367,0.04270423576235771,0.03883254528045654,0.08171302080154419,0.0804063081741333,0.12695276737213135,2.25509623750643,0.08171302080154419,-0.0804063081741333,-0.12695276737213135,0.6991891264915466,0.7435654997825623,0.5975854992866516,-0.05707782134413719
005874:3,True,46,44.86450958251953,0.0,1,8.492983255823567,False,0.04940575733780861,0.049052972346544266,0.005893652327358723,0.0773324966430664,0.0065097808837890625,0.044728219509124756,0.0014834403991699219,4.861035614385406,0.0065097808837890625,-0.044728219509124756,0.0014834403991699219,0.7450944781303406,0.8092974424362183,0.48166465759277344,0.057392917573451996,0.05727487429976463,0.0036790978629142046,0.000431060791015625,0.0705559253692627,0.047689080238342285,0.0005301237106323242,2.1611638335747436,0.0705559253692627,-0.047689080238342285,-0.0005301237106323242,0.7900188565254211,0.7903724908828735,0.4651568531990051,-0.007987160235643387
005892:2,True,127,29.31980323791504,0.0,0,14.925734841060407,False,0.0482010617852211,0.043050553649663925,0.021679308265447617,0.0172274112701416,0.13726186752319336,0.2050316333770752,0.0803149938583374,4.1941732824947096,-0.13726186752319336,-0.2050316333770752,-0.0803149938583374,0.6221851110458374,0.651273787021637,0.6294560432434082,0.041028037667274475,0.034101881086826324,0.02281143330037594,0.011228561401367188,0.11847841739654541,0.16604095697402954,0.08685111999511719,7.02260925931035,-0.11847841739654541,-0.16604095697402954,-0.08685111999511719,0.6689943671226501,0.7029107213020325,0.6543421149253845,0.007173024117946625
005892:4,True,36,45.05560302734375,0.0,1,1.498443764095347,True,0.03997853025794029,0.0002245220821350813,0.03997790068387985,0.02183985710144043,0.013306140899658203,0.000575721263885498,0.007105708122253418,14.337369387713155,-0.013306140899658203,-0.000575721263885498,0.007105708122253418,0.7740670442581177,0.7916750907897949,0.4355626404285431,0.10196713358163834,0.008619990199804306,0.10160212218761444,0.02827739715576172,0.031024694442749023,0.0022139549255371094,0.020845413208007812,0.5833354937884381,0.031024694442749023,-0.0022139549255371094,-0.020845413208007812,0.6949951648712158,0.7146843075752258,0.6130576729774475,-0.061988603323698044
005892:5,True,31,46.24421310424805,0.0,1,1.498443764095347,True,0.17935101687908173,0.17570021748542786,0.03600310906767845,0.06328129768371582,0.007548332214355469,0.015178978443145752,0.015723466873168945,0.9865079001159507,-0.007548332214355469,0.015178978443145752,-0.015723466873168945,0.5148440003395081,0.5455694794654846,0.6433020234107971,0.20612290501594543,0.20470109581947327,0.024168547242879868,0.020955204963684082,0.015276074409484863,0.04252594709396362,0.010496854782104492,1.8730190978015877,-0.015276074409484863,0.04252594709396362,0.010496854782104492,0.44824644923210144,0.4563615024089813,0.7043817639350891,-0.02677188813686371
005892:7,True,19,79.23738098144531,0.0,1,34.526152435368054,False,0.15071545541286469,0.052721329033374786,0.14119349420070648,0.019718647003173828,0.07667970657348633,0.059710144996643066,0.08886981010437012,2.6019642067820286,-0.07667970657348633,-0.059710144996643066,0.08886981010437012,0.5876418352127075,0.609978437423706,0.23135779798030853,0.16122238337993622,0.08419296890497208,0.13749253749847412,0.028922080993652344,0.037758827209472656,0.11386889219284058,0.0643078088760376,3.9005197717848525,-0.037758827209472656,-0.11386889219284058,0.0643078088760376,0.54719078540802,0.5616675019264221,0.4201391637325287,-0.010506927967071533
005913:1,True,145,24.722089767456055,0.0,1,10.154638994751911,False,0.12517260015010834,0.12306637316942215,0.022865887731313705,0.07834315299987793,0.01137077808380127,0.10897237062454224,0.13053810596466064,2.23919555711864,-0.01137077808380127,-0.10897237062454224,-0.13053810596466064,0.5478375554084778,0.5902626514434814,0.42800670862197876,0.1118147149682045,0.10705450922250748,0.03227789327502251,0.04252505302429199,0.004556119441986084,0.05987977981567383,0.09657406806945801,3.496168930454427,-0.004556119441986084,-0.05987977981567383,-0.09657406806945801,0.6277539134025574,0.6574298143386841,0.4829302728176117,0.013357885181903839
005913:2,True,57,41.820587158203125,0.0,1,6.9839377591041405,False,0.07817064225673676,0.05901579186320305,0.05126192793250084,0.08199596405029297,0.2990264296531677,0.025591790676116943,0.02317070960998535,2.5462298631547244,-0.2990264296531677,0.025591790676116943,0.02317070960998535,0.5408991575241089,0.5826769471168518,0.7320037484169006,0.07343853265047073,0.05438213795423508,0.049353837966918945,0.02850353717803955,0.28099459409713745,0.014584600925445557,0.01650822162628174,0.10156127049241864,-0.28099459409713745,-0.014584600925445557,-0.01650822162628174,0.5779712200164795,0.5945433974266052,0.6897045373916626,0.004732109606266022
005913:3,True,76,34.85008239746094,0.0,0,6.9839377591041405,False,0.07982342690229416,0.05838264152407646,0.05443572252988815,0.10802626609802246,0.010529100894927979,0.018103480339050293,0.034806013107299805,0.9633708616736185,-0.010529100894927979,-0.018103480339050293,-0.034806013107299805,0.6432998776435852,0.7194508910179138,0.6512708067893982,0.03239354118704796,0.031946562230587006,0.0053627099841833115,0.029049158096313477,0.07564479112625122,0.025506794452667236,0.024143338203430176,3.669765018399471,0.07564479112625122,0.025506794452667236,-0.024143338203430176,0.8191954493522644,0.8448393940925598,0.6927114129066467,0.0474298857152462
005913:4,True,69,35.21003723144531,0.0,1,1.2932758562287934,True,0.10191243886947632,0.10150314122438431,0.009124603122472763,0.0184248685836792,0.07550746202468872,0.013130664825439453,0.039658188819885254,13.556045379220722,-0.07550746202468872,0.013130664825439453,-0.039658188819885254,0.6450100541114807,0.6581248641014099,0.42356011271476746,0.09390933811664581,0.08372951298952103,0.04252449423074722,0.012803196907043457,0.05421876907348633,0.021498143672943115,0.013206958770751953,4.107638428176319,-0.05421876907348633,0.021498143672943115,-0.013206958770751953,0.6842682361602783,0.6930395364761353,0.5678914785385132,0.008003100752830505
005913:5,True,76,35.625465393066406,0.0,0,1.3499782164513805,True,0.09022297710180283,0.01584431901574135,0.08882084488868713,0.03157830238342285,0.09904664754867554,0.005640089511871338,0.017759203910827637,15.912107294271115,-0.09904664754867554,-0.005640089511871338,-0.017759203910827637,0.6669507026672363,0.688829243183136,0.2775815427303314,0.038535911589860916,0.03074822761118412,0.023228492587804794,0.044739723205566406,0.046991705894470215,0.007380425930023193,0.045508384704589844,2.975606062861905,-0.046991705894470215,0.007380425930023193,0.045508384704589844,0.8228796124458313,0.8632170557975769,0.463215172290802,0.05168706551194191
005913:6,True,47,36.46156311035156,0.0,1,1.2932758562287934,True,0.14993304014205933,0.13757984340190887,0.05959617346525192,0.009816408157348633,0.023261964321136475,0.06375163793563843,0.0597376823425293,10.663555888368702,0.023261964321136475,0.06375163793563843,-0.0597376823425293,0.5548964738845825,0.5690116882324219,0.37361615896224976,0.03755306825041771,0.017790470272302628,0.033071618527173996,0.06722557544708252,0.014656364917755127,0.07563960552215576,0.07430422306060791,6.128718724339772,-0.014656364917755127,0.07563960552215576,-0.07430422306060791,0.772166907787323,0.8274258971214294,0.20741136372089386,0.11237997189164162
005913:7,True,18,75.27618408203125,0.0,1,34.57969574632039,False,0.07461664825677872,0.004911140073090792,0.07445485889911652,0.10341382026672363,0.007056176662445068,0.055550992488861084,0.02498161792755127,5.245547943900443,-0.007056176662445068,-0.055550992488861084,0.02498161792755127,0.7133235335350037,0.7952262759208679,0.4310375452041626,0.06440635770559311,0.06432633101940155,0.003209761343896389,0.041643500328063965,0.02144378423690796,0.08397877216339111,0.010977506637573242,5.188228996385696,0.02144378423690796,-0.08397877216339111,0.010977506637573242,0.7343866229057312,0.7666921615600586,0.5384343266487122,0.010210290551185608
005964:0,True,113,24.348596572875977,0.0,1,5.677789439784472,False,0.06158817932009697,0.0614178441464901,0.004577419720590115,0.051891207695007324,0.008803009986877441,0.05354154109954834,0.0027462244033813477,2.8897164340489945,0.008803009986877441,-0.05354154109954834,0.0027462244033813477,0.7222732305526733,0.762936532497406,0.3263264000415802,0.10254044085741043,0.10231415927410126,0.006808588281273842,0.04151475429534912,0.050331294536590576,0.0028781890869140625,0.0010232925415039062,6.348879399580293,0.050331294536590576,0.0028781890869140625,-0.0010232925415039062,0.6587186455726624,0.6869704127311707,0.33551111817359924,-0.04095226153731346
005964:1,True,94,30.271730422973633,0.0,0,1.6367326195495309,True,0.06488529592752457,0.00941130705177784,0.06419912725687027,0.015153765678405762,0.02461397647857666,0.010580480098724365,0.04165959358215332,0.42329050115669925,0.02461397647857666,-0.010580480098724365,-0.04165959358215332,0.774848997592926,0.7916253209114075,0.2782105505466461,0.17775708436965942,0.17373092472553253,0.0376184917986393,0.022823572158813477,0.01064455509185791,0.0027601122856140137,0.037361860275268555,2.4968812916592102,0.01064455509185791,0.0027601122856140137,-0.037361860275268555,0.4867788255214691,0.49645209312438965,0.34807252883911133,-0.11287178844213486
005964:2,True,92,29.212125778198242,0.0,0,1.6367326195495309,True,0.0831308364868164,0.05653391033411026,0.0609479583799839,0.04634737968444824,0.17958807945251465,0.018594801425933838,0.011746764183044434,18.494038556217497,-0.17958807945251465,0.018594801425933838,0.011746764183044434,0.623286783695221,0.6510382890701294,0.6861979365348816,0.06154077127575874,0.04272683337330818,0.04429090395569801,0.01473093032836914,0.21665918827056885,0.055555760860443115,0.0037043094635009766,14.396853959936967,-0.21665918827056885,0.055555760860443115,0.0037043094635009766,0.6440238356590271,0.6529993414878845,0.6765830516815186,0.021590065211057663
005964:3,True,20,56.472843170166016,0.0,1,15.640335640068146,False,0.042289115488529205,0.042176615446805954,0.003082587383687496,0.009216547012329102,0.04563039541244507,0.008475959300994873,0.0470273494720459,0.1712292000265487,0.04563039541244507,-0.008475959300994873,-0.0470273494720459,0.8309268951416016,0.8521126508712769,0.3372320532798767,0.059419795870780945,0.0514354333281517,0.0297507606446743,0.04518604278564453,0.06726497411727905,0.055128395557403564,0.0033124685287475586,1.1683275358216902,0.06726497411727905,0.055128395557403564,-0.0033124685287475586,0.7441080212593079,0.78018718957901,0.3515131175518036,-0.01713068038225174
005964:4,True,21,64.30521392822266,0.0,1,15.640335640068146,False,0.0819246843457222,0.03982217237353325,0.07159503549337387,0.041797757148742676,0.033420443534851074,0.04509854316711426,0.08390998840332031,0.27652339627146527,-0.033420443534851074,-0.04509854316711426,-0.08390998840332031,0.6913754343986511,0.7223557829856873,0.18526475131511688,0.0859656110405922,0.0505201518535614,0.06955429911613464,0.07376384735107422,0.07115316390991211,0.012087225914001465,0.07047879695892334,0.5851933052426815,-0.07115316390991211,-0.012087225914001465,-0.07047879695892334,0.6553294658660889,0.7059208750724792,0.30176880955696106,-0.004040926694869995
005964:5,True,47,34.63642883300781,0.0,1,10.041751038723186,False,0.03632969781756401,0.03574739024043083,0.0064785173162817955,0.18213284015655518,0.055407702922821045,0.06900441646575928,0.07325303554534912,9.484937078700638,0.055407702922821045,-0.06900441646575928,-0.07325303554534912,0.6528117656707764,0.7974257469177246,0.19807252287864685,0.047601427882909775,0.007352749817073345,0.04703012853860855,0.1407637596130371,0.007537543773651123,0.06453227996826172,0.04668879508972168,10.61153580115922,-0.007537543773651123,-0.06453227996826172,-0.04668879508972168,0.6704331636428833,0.7808777093887329,0.34682074189186096,-0.011271730065345764
005966:0,True,129,23.684783935546875,0.0,1,5.764151339731134,False,0.14049479365348816,0.12722620368003845,0.05960101634263992,0.0339580774307251,0.012096643447875977,0.0570521354675293,0.006645798683166504,5.000422472501355,0.012096643447875977,-0.0570521354675293,0.006645798683166504,0.5654146075248718,0.583862841129303,0.4318471848964691,0.13968592882156372,0.13318073749542236,0.04213132709264755,0.06169414520263672,0.01695805788040161,0.05840587615966797,0.0021971464157104492,4.110284899108613,-0.01695805788040161,-0.05840587615966797,-0.0021971464157104492,0.5444114208221436,0.5773230195045471,0.6424554586410522,0.0008088648319244385
005966:1,True,103,29.47835922241211,0.0,0,1.5081032963243264,True,0.0979047641158104,0.08215714246034622,0.05324985459446907,0.027635574340820312,0.06761330366134644,0.0006501674652099609,0.0575563907623291,3.718645494565753,0.06761330366134644,-0.0006501674652099609,-0.0575563907623291,0.6509172320365906,0.6682684421539307,0.23986443877220154,0.11908680945634842,0.0844200924038887,0.08399355411529541,0.08139050006866455,0.040338218212127686,0.031780362129211426,0.056566834449768066,0.0708873456720633,0.040338218212127686,0.031780362129211426,-0.056566834449768066,0.5669824481010437,0.611061155796051,0.2647278904914856,-0.021182045340538025
005966:2,True,97,28.605043411254883,0.0,0,1.5081032963243264,True,0.028722861781716347,0.023377826437354088,0.016687721014022827,0.034322381019592285,0.05402171611785889,0.027853071689605713,0.01146543025970459,8.91830458515638,-0.05402171611785889,0.027853071689605713,-0.01146543025970459,0.8051413297653198,0.8351549506187439,0.555435299873352,0.06149540841579437,0.06147731468081474,0.0014916229993104935,0.04747211933135986,0.08225452899932861,0.07194238901138306,0.010827064514160156,5.711612732105434,-0.08225452899932861,0.07194238901138306,0.010827064514160156,0.7326584458351135,0.768950879573822,0.6523553729057312,-0.032772546634078026
005966:3,True,28,56.278873443603516,0.0,1,15.600939665086248,False,0.20470896363258362,0.04711226373910904,0.19921395182609558,0.0018706321716308594,0.07909548282623291,0.016640007495880127,0.025066018104553223,0.05391387084240969,0.07909548282623291,0.016640007495880127,-0.025066018104553223,0.4670858681201935,0.47183385491371155,0.23066528141498566,0.047473207116127014,0.0295251552015543,0.03717486932873726,0.16272270679473877,0.04259669780731201,0.03919750452041626,0.005784034729003906,0.16858637155992567,0.04259669780731201,0.03919750452041626,0.005784034729003906,0.6833358407020569,0.8144820928573608,0.2899913191795349,0.1572357565164566
005975:0,True,177,20.498735427856445,0.0,1,5.999294693161535,False,0.0715535506606102,0.05016746371984482,0.05102093517780304,0.06615769863128662,0.07181823253631592,0.05944854021072388,0.034844279289245605,10.751691282927883,0.07181823253631592,-0.05944854021072388,-0.034844279289245605,0.6840069890022278,0.7338614463806152,0.3133394420146942,0.08486583828926086,0.0711047574877739,0.04632842540740967,0.04236304759979248,0.056027233600616455,0.0638999342918396,0.024074196815490723,17.878693153512707,0.056027233600616455,-0.0638999342918396,0.024074196815490723,0.6636715531349182,0.6930132508277893,0.4397678077220917,-0.013312287628650665
005975:1,True,111,26.399639129638672,0.0,0,1.6292882320507671,True,0.05963756889104843,0.056682806462049484,0.018539123237133026,0.0912395715713501,0.02933669090270996,0.0365411639213562,0.09147393703460693,5.327674138480677,0.02933669090270996,-0.0365411639213562,-0.09147393703460693,0.7141076922416687,0.7858021259307861,0.28662109375,0.03272723779082298,0.025630177929997444,0.020351074635982513,0.06443929672241211,0.014673113822937012,0.04133027791976929,0.04406464099884033,0.46452480791823814,0.014673113822937012,0.04133027791976929,-0.04406464099884033,0.8206329345703125,0.8790575265884399,0.36556127667427063,0.02691033110022545
005975:2,True,141,25.274091720581055,0.0,0,1.6292882320507671,True,0.08823034912347794,0.08775833994150162,0.009114214219152927,0.02388632297515869,0.19087791442871094,0.028264224529266357,0.09931957721710205,4.220036021158049,-0.19087791442871094,-0.028264224529266357,-0.09931957721710205,0.6811023950576782,0.720598042011261,0.43920937180519104,0.05382762849330902,0.051064278930425644,0.01702508144080639,0.05675852298736572,0.2538522481918335,0.028128623962402344,0.07287025451660156,6.72726186168633,-0.2538522481918335,0.028128623962402344,-0.07287025451660156,0.6286919116973877,0.6672857999801636,0.5978469252586365,0.034402720630168915
005975:3,True,33,55.05611038208008,0.0,1,15.020689343845207,False,0.03520117700099945,0.03091823309659958,0.01682812161743641,0.15303468704223633,0.05249464511871338,0.1613701581954956,0.004472017288208008,7.835009262035678,0.05249464511871338,-0.1613701581954956,-0.004472017288208008,0.6185320615768433,0.7242884635925293,0.5466200113296509,0.08676215261220932,0.05539107322692871,0.0667794942855835,0.0732109546661377,0.007191717624664307,0.1381692886352539,0.0005619525909423828,2.5495010690249886,0.007191717624664307,-0.1381692886352539,0.0005619525909423828,0.6301474571228027,0.6777015924453735,0.6731234192848206,-0.05156097561120987
005975:4,True,28,60.63304901123047,0.0,0,15.020689343845207,False,0.12742039561271667,0.1263030767440796,0.016837118193507195,0.09153616428375244,0.038971781730651855,0.045024216175079346,0.10066795349121094,2.9418084656158463,0.038971781730651855,0.045024216175079346,-0.10066795349121094,0.5650302171707153,0.6138827800750732,0.2261628955602646,0.05351758375763893,0.01347651332616806,0.05179300159215927,0.12814807891845703,0.020916998386383057,0.04746788740158081,0.07170510292053223,0.3452077785651135,0.020916998386383057,0.04746788740158081,-0.07170510292053223,0.7199394106864929,0.8218255639076233,0.26142606139183044,0.07390281185507774
005975:5,True,75,32.40000534057617,0.0,0,0.762228250051278,True,0.19185952842235565,0.18077364563941956,0.06427261233329773,0.01776599884033203,0.06338560581207275,0.03076028823852539,0.021299004554748535,4.429914073974201,0.06338560581207275,-0.03076028823852539,-0.021299004554748535,0.4631921947002411,0.4701807498931885,0.49104946851730347,0.05473235622048378,0.02484947070479393,0.0487661212682724,0.03636002540588379,0.07770490646362305,0.034194111824035645,0.019881725311279297,7.695181629347177,0.07770490646362305,-0.034194111824035645,-0.019881725311279297,0.74920254945755,0.7776763439178467,0.6170106530189514,0.13712717220187187
005975:7,True,41,33.838565826416016,0.0,1,1.0146322538390606,True,0.07781387865543365,0.05657133832573891,0.05342922732234001,0.02446162700653076,0.018517613410949707,0.1695324182510376,0.14516472816467285,13.687989607116364,0.018517613410949707,-0.1695324182510376,-0.14516472816467285,0.6534011960029602,0.7072639465332031,0.2280433624982834,0.18151037395000458,0.12496799230575562,0.13163971900939941,0.027573466300964355,0.021087169647216797,0.189189612865448,0.13281118869781494,15.39395229573211,0.021087169647216797,-0.189189612865448,-0.13281118869781494,0.5243694186210632,0.5606753826141357,0.11266477406024933,-0.10369649529457092
005978:0,True,253,12.079875946044922,0.0,0,7.211975299668193,False,0.06286117434501648,0.016387615352869034,0.060687508434057236,0.10781413316726685,0.13120520114898682,0.04513591527938843,0.11784970760345459,33.44641547964261,-0.13120520114898682,0.04513591527938843,-0.11784970760345459,0.6018518805503845,0.6701996922492981,0.31540510058403015,0.05242444574832916,0.01264964696019888,0.05087542533874512,0.06325715780258179,0.11616659164428711,0.05900830030441284,0.138993501663208,25.975117433375782,-0.11616659164428711,0.05900830030441284,-0.138993501663208,0.6529643535614014,0.7010118365287781,0.14866037666797638,0.010436728596687317
005978:1,True,202,19.19442367553711,0.0,1,6.125172005698646,False,0.1668655127286911,0.08012189716100693,0.14637136459350586,0.037722229957580566,0.04786330461502075,0.028388679027557373,0.04364323616027832,6.211046182129435,0.04786330461502075,-0.028388679027557373,0.04364323616027832,0.48880746960639954,0.5059555768966675,0.32867035269737244,0.04608432948589325,0.03882791846990585,0.024822533130645752,0.002040266990661621,0.08047568798065186,0.030269384384155273,0.0402829647064209,3.0245990097784063,0.08047568798065186,-0.030269384384155273,0.0402829647064209,0.8081468343734741,0.8268845677375793,0.44965288043022156,0.12078118324279785
005978:10,True,67,32.11385726928711,0.0,1,0.6238570700417234,True,0.10549890249967575,0.004914054647088051,0.10538439452648163,0.0008100271224975586,0.03138357400894165,0.0515894889831543,0.0011241436004638672,9.71928587808011,-0.03138357400894165,0.0515894889831543,-0.0011241436004638672,0.6587353348731995,0.6592625975608826,0.5055414438247681,0.06336978077888489,0.02335844188928604,0.058907657861709595,0.013935208320617676,0.02328556776046753,0.012120425701141357,0.04720330238342285,7.842822998446172,-0.02328556776046753,0.012120425701141357,-0.04720330238342285,0.7615053057670593,0.781502366065979,0.531701922416687,0.04212912172079086
005978:2,True,127,24.931814193725586,0.0,0,1.405952379900348,True,0.02098928578197956,0.015505257062613964,0.01414698176085949,0.05716836452484131,0.020435094833374023,0.045151472091674805,0.05925309658050537,8.942483454818225,0.020435094833374023,-0.045151472091674805,-0.05925309658050537,0.7968475818634033,0.847488522529602,0.3321194052696228,0.0231933631002903,0.008124278858304024,0.021723909303545952,0.051398634910583496,0.0011140704154968262,0.008969306945800781,0.03759646415710449,4.038810157167929,0.0011140704154968262,-0.008969306945800781,-0.03759646415710449,0.8525846600532532,0.9019036293029785,0.43157288432121277,-0.0022040773183107376
005978:3,True,169,23.954498291015625,0.0,0,1.405952379900348,True,0.05547934025526047,0.017373038455843925,0.05268904194235802,0.07209193706512451,0.03249359130859375,0.07975375652313232,0.0325087308883667,4.313675638703916,0.03249359130859375,-0.07975375652313232,-0.0325087308883667,0.7539698481559753,0.812466561794281,0.3021671175956726,0.07505737245082855,0.07461324334144592,0.008153065107762814,0.0905752182006836,0.009227633476257324,0.014745950698852539,0.05784308910369873,9.35307982203137,-0.009227633476257324,-0.014745950698852539,-0.05784308910369873,0.6805108785629272,0.7454673647880554,0.30346575379371643,-0.019578032195568085
005978:4,True,34,54.65781021118164,0.0,1,14.687499102227806,False,0.0596337616443634,0.04481158405542374,0.03934600204229355,0.05321300029754639,0.008226275444030762,0.08179396390914917,0.0016344785690307617,4.017170751386665,-0.008226275444030762,-0.08179396390914917,0.0016344785690307617,0.7245995402336121,0.7658841013908386,0.5443134307861328,0.015208655036985874,0.008606841787695885,0.01253895927220583,0.15962839126586914,0.027365803718566895,0.011330842971801758,0.04055631160736084,2.801398445615059,0.027365803718566895,0.011330842971801758,0.04055631160736084,0.7666155695915222,0.9175723195075989,0.4774380624294281,0.04442510660737753
005978:5,True,35,59.3491325378418,0.0,0,14.687499102227806,False,0.07249824702739716,0.06706999987363815,0.02752474881708622,0.08365511894226074,0.09980887174606323,0.0680738091468811,0.07900893688201904,1.375562760171219,-0.09980887174606323,-0.0680738091468811,-0.07900893688201904,0.6894884705543518,0.7534538507461548,0.38128164410591125,0.09121290594339371,0.03037814050912857,0.08600559085607529,0.08094632625579834,0.13001060485839844,0.11258208751678467,0.02956843376159668,1.2589778064860995,-0.13001060485839844,-0.11258208751678467,-0.02956843376159668,0.6170667409896851,0.6677517294883728,0.634056031703949,-0.01871465891599655
005978:6,True,81,31.840723037719727,0.0,0,0.7865983666956645,True,0.07915862649679184,0.05291476100683212,0.0588737353682518,0.05693626403808594,0.04226106405258179,0.022498011589050293,0.03364229202270508,4.764811909358266,0.04226106405258179,-0.022498011589050293,-0.03364229202270508,0.7030260562896729,0.7450091242790222,0.3386182487010956,0.10569766908884048,0.02559462934732437,0.10255200415849686,0.050408124923706055,0.03709465265274048,0.04803347587585449,0.042186617851257324,2.4456821936407946,0.03709465265274048,-0.04803347587585449,-0.042186617851257324,0.621174693107605,0.6524832844734192,0.4860347509384155,-0.026539042592048645
005978:8,True,85,33.110267639160156,0.0,1,0.8147956342237975,True,0.10160687565803528,0.08939991146326065,0.048286788165569305,0.07468056678771973,0.14656221866607666,0.014883220195770264,0.06090068817138672,22.96360506604712,-0.14656221866607666,-0.014883220195770264,-0.06090068817138672,0.5861820578575134,0.6302655339241028,0.49984556436538696,0.08284874260425568,0.06302092969417572,0.05377989262342453,0.0220564603805542,0.17818820476531982,0.045531630516052246,0.11173570156097412,6.990196823975141,-0.17818820476531982,-0.045531630516052246,-0.11173570156097412,0.580790102481842,0.6168555021286011,0.5224510431289673,0.018758133053779602
005978:9,True,71,31.625598907470703,0.0,0,0.6238570700417234,True,0.049337033182382584,0.0026167603209614754,0.049267590045928955,0.04699397087097168,0.07453906536102295,0.019954800605773926,0.031110763549804688,16.22447597804898,-0.07453906536102295,0.019954800605773926,-0.031110763549804688,0.7195461988449097,0.7562598586082458,0.14548887312412262,0.18317005038261414,0.007963960990309715,0.18299683928489685,0.010008573532104492,0.05126357078552246,0.015800118446350098,0.026023387908935547,6.785075770544816,-0.05126357078552246,0.015800118446350098,-0.026023387908935547,0.4943797290325165,0.5002789497375488,0.23495972156524658,-0.13383301720023155
005999:0,True,1397,4.5423455238342285,0.0,0,3.0157668870299754,False,0.19482408463954926,0.15323975682258606,0.12030794471502304,0.08067882061004639,0.07364916801452637,0.11637735366821289,0.028186321258544922,84.99321748339386,0.07364916801452637,-0.11637735366821289,-0.028186321258544922,0.4305459260940552,0.46101170778274536,0.4453579783439636,0.1971876323223114,0.1377669721841812,0.14107878506183624,0.018613457679748535,0.05520123243331909,0.07785195112228394,0.07143867015838623,52.854208127427746,0.05520123243331909,-0.07785195112228394,-0.07143867015838623,0.48236846923828125,0.4977743625640869,0.36538130044937134,-0.002363547682762146
005999:1,True,686,7.309864044189453,0.0,1,1.29780908525671,True,0.09230055660009384,0.07424463331699371,0.054837264120578766,0.013437986373901367,0.04411202669143677,0.011967897415161133,0.01208508014678955,7.091522225570108,0.04411202669143677,0.011967897415161133,0.01208508014678955,0.7015238404273987,0.7110985517501831,0.439583420753479,0.06128781661391258,0.05889812856912613,0.016947176307439804,0.014347553253173828,0.02574056386947632,0.01083064079284668,0.009496450424194336,1.5040249580808187,0.02574056386947632,0.01083064079284668,-0.009496450424194336,0.769507646560669,0.780914843082428,0.5174955129623413,0.03101273998618126
005999:10,True,99,31.968339920043945,0.0,1,0.7824007696309021,True,0.15859147906303406,0.00042358972132205963,0.1585909128189087,0.08981776237487793,0.18150466680526733,0.09987109899520874,0.09681832790374756,27.567307839753788,-0.18150466680526733,-0.09987109899520874,-0.09681832790374756,0.47912320494651794,0.5220847129821777,0.30861908197402954,0.18507665395736694,0.1745087206363678,0.061644792556762695,0.0603792667388916,0.1309155821800232,0.08427447080612183,0.09471845626831055,2.3144965714851953,-0.1309155821800232,-0.08427447080612183,-0.09471845626831055,0.4811909794807434,0.5097100138664246,0.297513872385025,-0.026485174894332886
005999:13,True,257,15.988901138305664,0.0,1,7.1300352162306115,False,0.0662778839468956,0.03259650245308876,0.05770810693502426,0.052175045013427734,0.0012992620468139648,0.048324763774871826,0.14388930797576904,11.789302658413868,-0.0012992620468139648,-0.048324763774871826,-0.14388930797576904,0.6992744207382202,0.7539456486701965,0.43926921486854553,0.06049147620797157,0.02579491399228573,0.05471600219607353,0.028995871543884277,0.07146859169006348,0.03681868314743042,0.05115675926208496,1.9571360651537937,0.07146859169006348,0.03681868314743042,-0.05115675926208496,0.7345682382583618,0.7541826963424683,0.47578516602516174,0.0057864077389240265
005999:2,True,225,7.989336967468262,0.0,1,1.2975790007353059,True,0.182906374335289,0.17681217193603516,0.046820901334285736,0.007711827754974365,0.06312435865402222,0.1294071078300476,0.012615680694580078,3.746915192798264,0.06312435865402222,-0.1294071078300476,-0.012615680694580078,0.479318767786026,0.4826085567474365,0.6276273131370544,0.11488630622625351,0.10904142260551453,0.03617776185274124,0.004212498664855957,0.044295668601989746,0.1317461133003235,0.014634847640991211,2.7022040630411355,0.044295668601989746,-0.1317461133003235,-0.014634847640991211,0.6745487451553345,0.679642379283905,0.5380915999412537,0.06802006810903549
005999:3,True,474,9.215012550354004,0.0,1,1.2975790007353059,True,0.039945583790540695,0.036178454756736755,0.016934258863329887,0.0641181468963623,0.04467684030532837,0.04684954881668091,0.012143850326538086,0.13798712407826855,-0.04467684030532837,0.04684954881668091,0.012143850326538086,0.7912923693656921,0.8466452956199646,0.5697615742683411,0.0520167239010334,0.0470769889652729,0.022124581038951874,0.02441239356994629,0.04987257719039917,0.04868835210800171,0.02373349666595459,8.9188236795333,-0.04987257719039917,0.04868835210800171,-0.02373349666595459,0.764649510383606,0.784052848815918,0.6430676579475403,-0.012071140110492706
005999:4,True,140,19.77663803100586,0.0,1,1.0642023945232315,True,0.11903371661901474,0.10516436398029327,0.05576276406645775,0.06233060359954834,0.0015320777893066406,0.029650330543518066,0.025569915771484375,5.497059187431322,0.0015320777893066406,0.029650330543518066,-0.025569915771484375,0.5617554783821106,0.5946520566940308,0.5442706346511841,0.12230175733566284,0.12225573509931564,0.0033553726971149445,0.05603671073913574,0.03932309150695801,0.02302640676498413,0.0008283853530883789,15.82381343887036,0.03932309150695801,0.02302640676498413,-0.0008283853530883789,0.5909624695777893,0.6224228739738464,0.343397855758667,-0.003268040716648102
005999:5,True,249,18.76445198059082,0.0,0,1.0642023945232315,True,0.09405109286308289,0.040574200451374054,0.08484894782304764,0.06922537088394165,0.0009831786155700684,0.11105477809906006,0.060160040855407715,12.789956335043088,0.0009831786155700684,-0.11105477809906006,-0.060160040855407715,0.6436581015586853,0.6891111135482788,0.39239880442619324,0.06419828534126282,0.038835249841213226,0.051119886338710785,0.028583526611328125,0.058296799659729004,0.08368569612503052,0.06278014183044434,2.9427287199209626,0.058296799659729004,-0.08368569612503052,-0.06278014183044434,0.750070333480835,0.7742512822151184,0.42298024892807007,0.02985280752182007
005999:6,True,25,55.156314849853516,0.0,1,13.687837097282522,False,0.02232331968843937,0.02232225425541401,0.00021820957772433758,0.31201010942459106,0.022481262683868408,0.03586137294769287,0.04755735397338867,11.333163956305743,0.022481262683868408,-0.03586137294769287,-0.04755735397338867,0.5880231857299805,0.8349490761756897,0.48257705569267273,0.03042246215045452,0.00139206787571311,0.030390596017241478,0.09137994050979614,0.044492244720458984,0.027648448944091797,0.04578804969787598,2.125025757418378,0.044492244720458984,-0.027648448944091797,0.04578804969787598,0.7880827784538269,0.8709291815757751,0.7620484232902527,-0.008099142462015152
005999:7,True,19,54.67494583129883,0.0,1,13.687837097282522,False,0.033251985907554626,0.03103271871805191,0.011944252997636795,0.025473356246948242,0.03396528959274292,0.08431845903396606,0.12796294689178467,1.8215121865283495,0.03396528959274292,-0.08431845903396606,-0.12796294689178467,0.7615414261817932,0.8164232969284058,0.14185844361782074,0.10515878349542618,0.05997336655855179,0.08638035506010056,0.06513047218322754,0.01603865623474121,0.09678971767425537,0.10764205455780029,1.957330952916225,0.01603865623474121,-0.09678971767425537,-0.10764205455780029,0.6116102337837219,0.6527690291404724,0.13780151307582855,-0.07190679758787155
005999:8,True,96,30.83323097229004,0.0,0,0.8159670602846049,True,0.11408726125955582,0.09783579409122467,0.058686114847660065,0.005267143249511719,0.06097078323364258,0.02819579839706421,0.033101439476013184,11.939042716820895,-0.06097078323364258,0.02819579839706421,0.033101439476013184,0.6332679986953735,0.6431933641433716,0.47044187784194946,0.16388514637947083,0.03570942580699921,0.15994741022586823,0.03730607032775879,0.010446906089782715,0.01560056209564209,0.006687283515930176,3.0774733253763107,-0.010446906089782715,0.01560056209564209,0.006687283515930176,0.5033432245254517,0.5204890370368958,0.4069105386734009,-0.04979788511991501
005999:9,True,77,31.353477478027344,0.0,1,0.7824007696309021,True,0.30509382486343384,0.17919620871543884,0.24692298471927643,0.014158010482788086,0.02941972017288208,0.046681225299835205,0.09750676155090332,6.443882321978835,-0.02941972017288208,-0.046681225299835205,0.09750676155090332,0.30904901027679443,0.32052576541900635,0.4097711145877838,0.07097992300987244,0.009155896492302418,0.07038692384958267,0.05887281894683838,0.01866692304611206,0.03646749258041382,0.06540572643280029,7.711519441841848,-0.01866692304611206,-0.03646749258041382,0.06540572643280029,0.7028552293777466,0.7468143701553345,0.4429532587528229,0.2341139018535614
006086:0,True,63,27.26298713684082,0.0,1,,False,0.08177953213453293,0.0618576854467392,0.053493160754442215,0.0373305082321167,0.07795238494873047,0.0751696228981018,0.04456627368927002,3.953695982196901,-0.07795238494873047,-0.0751696228981018,0.04456627368927002,0.7037191987037659,0.7289518713951111,0.10173766314983368,0.11176590621471405,0.06846296042203903,0.08834274113178253,0.1474447250366211,0.1147117018699646,0.042807579040527344,0.026511311531066895,13.116968489659287,-0.1147117018699646,-0.042807579040527344,-0.026511311531066895,0.5575104355812073,0.646329939365387,0.3291403651237488,-0.029986374080181122
006101:0,True,197,21.60431671142578,0.0,1,,False,0.07290772348642349,0.03841613978147507,0.06196559965610504,0.059628844261169434,0.0001303553581237793,0.07145708799362183,0.05283761024475098,3.709325474072185,-0.0001303553581237793,-0.07145708799362183,0.05283761024475098,0.762998104095459,0.8114755153656006,0.2773325443267822,0.11676079034805298,0.02446678839623928,0.11416855454444885,0.06763625144958496,0.007528066635131836,0.049736201763153076,0.06296372413635254,1.5429807146409005,0.007528066635131836,-0.049736201763153076,0.06296372413635254,0.6598305106163025,0.7050246000289917,0.2463553547859192,-0.043853066861629486
006107:0,True,171,19.307720184326172,0.0,1,37.872512404880354,False,0.09788885712623596,0.08630149811506271,0.04619826748967171,0.24480748176574707,0.1647767424583435,0.005094170570373535,0.010488510131835938,4.420334506292172,0.1647767424583435,0.005094170570373535,0.010488510131835938,0.5213800072669983,0.6674617528915405,0.12101035565137863,0.06613382697105408,0.06536360085010529,0.01006392389535904,0.061867475509643555,0.061182618141174316,0.041826844215393066,0.01859736442565918,2.647681850620423,0.061182618141174316,-0.041826844215393066,-0.01859736442565918,0.7304741740226746,0.7797344326972961,0.2738061845302582,0.031755030155181885
006107:1,True,31,44.66976547241211,0.0,1,37.872512404880354,False,0.06644637882709503,0.05730358511209488,0.03363657742738724,0.04054760932922363,0.06573629379272461,0.0538211464881897,0.061775922775268555,7.277675843675306,0.06573629379272461,0.0538211464881897,0.061775922775268555,0.6900009512901306,0.7226787805557251,0.42209720611572266,0.08404262363910675,0.0824875459074974,0.016092449426651,0.03677976131439209,0.022089004516601562,0.0010412335395812988,0.06344842910766602,2.7730021615118168,-0.022089004516601562,-0.0010412335395812988,0.06344842910766602,0.6387863755226135,0.6628103852272034,0.6375079154968262,-0.01759624481201172
006158:0,True,72,38.98134994506836,0.0,0,,False,0.05464717000722885,0.024446554481983185,0.04887411370873451,0.05897712707519531,0.040122389793395996,0.09789377450942993,0.05223953723907471,82.49273986976556,-0.040122389793395996,0.09789377450942993,-0.05223953723907471,0.7341126203536987,0.7799606323242188,0.30338767170906067,0.02320767194032669,0.016801388934254646,0.01600966416299343,0.040436625480651855,0.07492727041244507,0.022592544555664062,0.04466748237609863,85.76871716175711,-0.07492727041244507,0.022592544555664062,-0.04466748237609863,0.8065227270126343,0.8432663083076477,0.3426937758922577,0.03143949806690216
006262:0,True,99,29.946054458618164,0.0,0,,False,0.049648579210042953,0.049053315073251724,0.007665104232728481,0.05623054504394531,0.32069647312164307,0.023101389408111572,0.015996575355529785,2.80629614599213,-0.32069647312164307,0.023101389408111572,-0.015996575355529785,0.5683861970901489,0.6011649966239929,0.2299576848745346,0.034396421164274216,0.007423829287290573,0.03358571603894234,0.05985748767852783,0.33233916759490967,0.021779537200927734,0.057700157165527344,5.1951684685824295,-0.33233916759490967,0.021779537200927734,-0.057700157165527344,0.5721598863601685,0.6103606820106506,0.44813957810401917,0.015252158045768738
006376:0,True,98,32.253116607666016,0.0,0,8.006320784545258,False,0.07873222231864929,0.07602307945489883,0.020475709810853004,0.06913018226623535,0.10701543092727661,0.09933775663375854,0.08538436889648438,3.6850136430926104,0.10701543092727661,0.09933775663375854,-0.08538436889648438,0.6363551020622253,0.6758816838264465,0.6477360129356384,0.12184567004442215,0.11156681180000305,0.048981767147779465,0.06393945217132568,0.11341851949691772,0.0814095139503479,0.06294882297515869,4.390818071165048,0.11341851949691772,0.0814095139503479,-0.06294882297515869,0.550203800201416,0.5805708765983582,0.7769465446472168,-0.04311344772577286
006376:1,True,71,39.9384765625,0.0,0,8.006320784545258,False,0.051449716091156006,0.04135723039507866,0.030604787170886993,0.00918269157409668,0.008489489555358887,0.005147099494934082,0.07407641410827637,2.5875042415669394,0.008489489555358887,-0.005147099494934082,-0.07407641410827637,0.7970336675643921,0.8280942440032959,0.3839787244796753,0.10005871206521988,0.09491133689880371,0.031679410487413406,0.05182909965515137,0.06429862976074219,0.021449148654937744,0.04883682727813721,7.797716429167409,-0.06429862976074219,0.021449148654937744,-0.04883682727813721,0.6805469393730164,0.7160403728485107,0.6680885553359985,-0.04860899597406387
006376:2,True,53,48.45207214355469,0.0,0,11.781281696056618,False,0.04533658176660538,0.04491730034351349,0.0061515504494309425,0.04691147804260254,0.012692391872406006,0.017309248447418213,0.102225661277771,2.1438697945962715,0.012692391872406006,-0.017309248447418213,-0.102225661277771,0.7864724397659302,0.8297725319862366,0.5042586326599121,0.03281080350279808,0.030621206387877464,0.011785176582634449,0.019907236099243164,0.021046102046966553,0.052198946475982666,0.1037055253982544,2.7358013088262565,0.021046102046966553,-0.052198946475982666,-0.1037055253982544,0.7934966087341309,0.8389131426811218,0.48416846990585327,0.012525778263807297
006376:3,True,75,37.5643424987793,0.0,0,11.781281696056618,False,0.17449136078357697,0.10678412020206451,0.13800139725208282,0.03830850124359131,0.17376136779785156,0.054929912090301514,0.049814581871032715,3.852591879636701,-0.17376136779785156,-0.054929912090301514,0.049814581871032715,0.475894570350647,0.4910835325717926,0.5688666105270386,0.1548425257205963,0.11202307790517807,0.10689732432365417,0.006441473960876465,0.09635311365127563,0.04142463207244873,0.016886591911315918,14.486267511619433,-0.09635311365127563,-0.04142463207244873,0.016886591911315918,0.5511652231216431,0.5552393198013306,0.6768986582756042,0.019648835062980652
006376:4,True,23,64.3564682006836,0.0,0,16.428512955525072,False,0.08430913090705872,0.05839177221059799,0.06081472709774971,0.0687248706817627,0.10515010356903076,0.060400962829589844,0.0005593299865722656,3.379141835706092,0.10515010356903076,0.060400962829589844,-0.0005593299865722656,0.6344262957572937,0.6792938113212585,0.3087562024593353,0.06688670814037323,0.06285413354635239,0.022873327136039734,0.09936213493347168,0.0958259105682373,0.01183021068572998,0.005170106887817383,4.091336587860335,0.0958259105682373,0.01183021068572998,0.005170106887817383,0.6846611499786377,0.75949627161026,0.23963190615177155,0.017422422766685486
006418:0,True,186,22.251548767089844,0.0,0,6.035082143500147,False,0.057753536850214005,0.0575842410326004,0.004418831318616867,0.0016260743141174316,0.1827811896800995,0.1226239800453186,0.01862514019012451,17.883638210471798,0.1827811896800995,0.1226239800453186,-0.01862514019012451,0.5783875584602356,0.581946611404419,0.4240119457244873,0.12204696983098984,0.10980278253555298,0.05328049510717392,0.04489415884017944,0.2228303849697113,0.12400209903717041,0.013602733612060547,3.0278128411539833,0.2228303849697113,0.12400209903717041,-0.013602733612060547,0.522205114364624,0.5419328808784485,0.6326476335525513,-0.06429343298077583
006418:1,True,131,27.163864135742188,0.0,0,6.035082143500147,False,0.07985787838697433,0.026042655110359192,0.07549212872982025,0.008512616157531738,0.13333958387374878,0.04091137647628784,0.09010696411132812,6.687011102165273,0.13333958387374878,0.04091137647628784,-0.09010696411132812,0.6532837152481079,0.6778252720832825,0.3383011221885681,0.071782685816288,0.01858992874622345,0.0693337470293045,0.009187459945678711,0.10284370183944702,0.034710705280303955,0.05820894241333008,4.274622893004791,0.10284370183944702,0.034710705280303955,-0.05820894241333008,0.6859773397445679,0.7031098008155823,0.4156380295753479,0.00807519257068634
006418:2,True,94,33.15510940551758,0.0,0,17.951748831281726,False,0.05746002122759819,0.02493816614151001,0.051766227930784225,0.0392383337020874,0.00775223970413208,0.04744720458984375,0.0778055191040039,9.445205413556502,0.00775223970413208,0.04744720458984375,-0.0778055191040039,0.7484906911849976,0.7771214246749878,0.5766585469245911,0.048554740846157074,0.04394150152802467,0.020656898617744446,0.0618896484375,0.0629921555519104,0.03259408473968506,0.09655618667602539,1.136635458072831,0.0629921555519104,0.03259408473968506,-0.09655618667602539,0.7743075489997864,0.8220646977424622,0.731589674949646,0.008905280381441116
006421:0,True,174,21.641822814941406,0.0,0,5.975123334387069,False,0.17078517377376556,0.1085607036948204,0.13184139132499695,0.02806323766708374,0.0626305341720581,0.11322921514511108,0.08139848709106445,11.982026918500619,-0.0626305341720581,-0.11322921514511108,-0.08139848709106445,0.5058014988899231,0.5262174010276794,0.6055351495742798,0.1837078332901001,0.13204942643642426,0.1277165561914444,0.02888357639312744,0.016820132732391357,0.07580375671386719,0.04242706298828125,4.383851278211635,0.016820132732391357,-0.07580375671386719,-0.04242706298828125,0.5108254551887512,0.523980975151062,0.6813495755195618,-0.012922659516334534
006421:1,True,128,26.31722640991211,0.0,0,5.975123334387069,False,0.06302966177463531,0.028528433293104172,0.05620379373431206,0.06530070304870605,0.23103803396224976,0.021239817142486572,0.06844937801361084,10.432885373228368,-0.23103803396224976,0.021239817142486572,-0.06844937801361084,0.6075727343559265,0.6484699249267578,0.5463818311691284,0.034882936626672745,0.03467855602502823,0.0037705437280237675,0.008443892002105713,0.22373628616333008,0.004580676555633545,0.061388254165649414,3.4872933269990813,-0.22373628616333008,-0.004580676555633545,-0.061388254165649414,0.6988272666931152,0.7230650782585144,0.6483340263366699,0.02814672514796257
006421:2,True,85,32.26427459716797,0.0,0,17.925039745518312,False,0.024357009679079056,0.02094687521457672,0.012429499067366123,0.020494818687438965,0.08170753717422485,0.01847022771835327,0.10550820827484131,11.686436367047806,0.08170753717422485,-0.01847022771835327,-0.10550820827484131,0.7511413097381592,0.7896490693092346,0.40376389026641846,0.039979998022317886,0.008665969595313072,0.03902949392795563,0.010490775108337402,0.1242479681968689,0.07124406099319458,0.09867095947265625,15.362280253808589,0.1242479681968689,-0.07124406099319458,-0.09867095947265625,0.6871098875999451,0.7186490297317505,0.4772646725177765,-0.01562298834323883
006460:0,True,259,16.117372512817383,0.0,0,12.34923918126959,False,0.12272950261831284,0.1216934397816658,0.015913497656583786,0.01033395528793335,0.24919188022613525,0.003038942813873291,0.11464798450469971,37.414728066663336,-0.24919188022613525,0.003038942813873291,-0.11464798450469971,0.5342437624931335,0.5672491192817688,0.4597615599632263,0.06404892355203629,0.052521344274282455,0.036657512187957764,0.02541971206665039,0.2215859293937683,0.03030341863632202,0.08015322685241699,27.372387901219966,-0.2215859293937683,-0.03030341863632202,-0.08015322685241699,0.6040422916412354,0.6307180523872375,0.6865547895431519,0.05868057906627655
006460:1,True,180,22.101293563842773,0.0,0,11.385096496146803,False,0.019157467409968376,0.010732971131801605,0.01586858369410038,0.03823685646057129,0.038429200649261475,0.035659074783325195,0.11302423477172852,2.4426495896493092,-0.038429200649261475,-0.035659074783325195,-0.11302423477172852,0.8366314172744751,0.8915994763374329,0.6312199831008911,0.042053986340761185,0.032041724771261215,0.027237214148044586,0.02131962776184082,0.054933905601501465,0.015558063983917236,0.05213940143585205,1.0468321308655033,-0.054933905601501465,0.015558063983917236,-0.05213940143585205,0.8385414481163025,0.8621894717216492,0.6276496648788452,-0.02289651893079281
006460:2,True,130,26.995012283325195,0.0,0,0.7389154596454859,True,0.08386412262916565,0.016217179596424103,0.082281194627285,0.08625125885009766,0.0060839056968688965,0.06148117780685425,0.02745652198791504,46.42047910902122,-0.0060839056968688965,-0.06148117780685425,-0.02745652198791504,0.5943217277526855,0.6455810070037842,0.17872653901576996,0.10152854025363922,0.08786723017692566,0.05086645483970642,0.11002624034881592,0.021586954593658447,0.08597314357757568,0.001093745231628418,28.837447996576525,-0.021586954593658447,-0.08597314357757568,0.001093745231628418,0.5616843104362488,0.6224287152290344,0.45653077960014343,-0.017664417624473572
006460:3,True,96,26.71834945678711,0.0,0,0.7389154596454859,True,0.013799558393657207,0.006466873921453953,0.012190461158752441,0.10701048374176025,0.022935986518859863,0.0022937655448913574,0.029091238975524902,31.330087740761158,0.022935986518859863,0.0022937655448913574,0.029091238975524902,0.6508261561393738,0.7242135405540466,0.38687899708747864,0.037971872836351395,0.031134551391005516,0.021737126633524895,0.14146292209625244,0.023791193962097168,0.0036742687225341797,0.015727519989013672,4.092714010097669,0.023791193962097168,0.0036742687225341797,0.015727519989013672,0.7219856977462769,0.8395617008209229,0.4832281172275543,-0.024172314442694187
006496:0,True,268,16.783531188964844,0.0,0,,False,0.07892759889364243,0.07887594401836395,0.0028550177812576294,0.034494757652282715,0.022343814373016357,0.017486393451690674,0.14060604572296143,0.06990379843158145,-0.022343814373016357,0.017486393451690674,-0.14060604572296143,0.7194110155105591,0.7713808417320251,0.57657790184021,0.09639663994312286,0.09337889403104782,0.023931022733449936,0.046704888343811035,0.021528184413909912,0.06426066160202026,0.15486383438110352,4.9685901485034245,-0.021528184413909912,0.06426066160202026,-0.15486383438110352,0.6470206379890442,0.6949666738510132,0.7343180179595947,-0.017469041049480438
006534:0,True,106,27.062103271484375,0.0,1,4.494964505323977,False,0.15595890581607819,0.15149584412574768,0.03704306483268738,0.04826498031616211,0.0160711407661438,0.04179704189300537,0.12123095989227295,2.777301538223254,0.0160711407661438,0.04179704189300537,-0.12123095989227295,0.5571512579917908,0.5884710550308228,0.49374866485595703,0.10606913268566132,0.10525316745042801,0.013131286948919296,0.05928540229797363,0.016582012176513672,0.008600294589996338,0.13418292999267578,1.3148760746534838,0.016582012176513672,0.008600294589996338,-0.13418292999267578,0.6112860441207886,0.6522576808929443,0.399497389793396,0.04988977313041687
006534:1,True,99,29.78167152404785,0.0,0,4.494964505323977,False,0.06823836266994476,0.06730274111032486,0.011261241510510445,0.05558943748474121,0.09447360038757324,0.014350175857543945,0.03496122360229492,2.724825649572218,0.09447360038757324,-0.014350175857543945,-0.03496122360229492,0.6721049547195435,0.7090902328491211,0.6638109087944031,0.03441903740167618,0.01948460377752781,0.028372880071401596,0.09414529800415039,0.07428878545761108,0.013310551643371582,0.14580190181732178,0.4857457509272959,0.07428878545761108,0.013310551643371582,-0.14580190181732178,0.7966358661651611,0.8801112771034241,0.6406804323196411,0.033819325268268585
006534:2,True,55,35.056182861328125,0.0,1,5.532843911037216,False,0.1336899697780609,0.07736031711101532,0.10903388261795044,0.06543457508087158,0.03801298141479492,0.03981649875640869,0.047445058822631836,0.48632677174891886,-0.03801298141479492,0.03981649875640869,0.047445058822631836,0.5767869353294373,0.6154523491859436,0.3425215780735016,0.05630582943558693,0.01603117398917675,0.053975436836481094,0.03532230854034424,0.031984150409698486,0.03594815731048584,0.02499687671661377,4.636185786908586,-0.031984150409698486,-0.03594815731048584,-0.02499687671661377,0.7703683972358704,0.8021536469459534,0.3118029236793518,0.07738414034247398
006534:3,True,25,58.74201202392578,0.0,0,36.943340760306214,False,0.17007766664028168,0.06553687900304794,0.15694370865821838,0.1117027997970581,0.09593409299850464,0.007522225379943848,0.0160524845123291,1.8112942235300105,-0.09593409299850464,0.007522225379943848,-0.0160524845123291,0.49242764711380005,0.546462893486023,0.24080915749073029,0.25518307089805603,0.09748096019029617,0.2358301430940628,0.08102500438690186,0.03277456760406494,0.036723315715789795,0.011520743370056152,7.032380072289139,-0.03277456760406494,0.036723315715789795,0.011520743370056152,0.39227715134620667,0.42006999254226685,0.4374818503856659,-0.08510540425777435
006537:0,True,111,27.79514503479004,0.0,0,3.8136881363828565,False,0.10019425302743912,0.008168991655111313,0.09986067563295364,0.09053707122802734,0.01545870304107666,0.04238969087600708,0.10406661033630371,0.1328708576477571,0.01545870304107666,0.04238969087600708,-0.10406661033630371,0.6100410223007202,0.6655673980712891,0.34543538093566895,0.08471319824457169,0.01670093834400177,0.08305061608552933,0.09025359153747559,0.05712836980819702,0.009434044361114502,0.12745416164398193,1.3649277008913372,-0.05712836980819702,-0.009434044361114502,-0.12745416164398193,0.6323714256286621,0.6950398683547974,0.37792012095451355,0.015481054782867432
006537:1,True,98,29.721664428710938,0.0,0,3.8136881363828565,False,0.12776289880275726,0.12491153925657272,0.026841476559638977,0.08341896533966064,0.08357775211334229,0.06131875514984131,0.04373526573181152,0.5852825524440636,0.08357775211334229,-0.06131875514984131,-0.04373526573181152,0.5641485452651978,0.6095385551452637,0.5932079553604126,0.026531293988227844,0.026430323719978333,0.0023125014267861843,0.08450472354888916,0.059230268001556396,0.007814884185791016,0.13665521144866943,5.710738467891672,0.059230268001556396,-0.007814884185791016,-0.13665521144866943,0.7752836346626282,0.8477848768234253,0.5705714225769043,0.10123160481452942
006537:2,True,32,35.822593688964844,0.0,1,6.294080844915151,False,0.07434088736772537,0.06992852687835693,0.02523031458258629,0.09359216690063477,0.0034308433532714844,0.17706865072250366,0.010425448417663574,0.7200485602154133,0.0034308433532714844,0.17706865072250366,-0.010425448417663574,0.5485394597053528,0.6021907329559326,0.13089588284492493,0.42375293374061584,0.0650462955236435,0.41873085498809814,0.0748436450958252,0.015238761901855469,0.1003308892250061,0.0132523775100708,5.51137890639734,-0.015238761901855469,0.1003308892250061,-0.0132523775100708,0.11685102432966232,0.12319563329219818,0.11550922691822052,-0.3494120463728905
006537:3,True,20,58.67098617553711,0.0,0,37.051864266029035,False,0.16724978387355804,0.016203563660383224,0.1664630025625229,0.05974245071411133,0.09748721122741699,0.042278170585632324,0.0040128231048583984,15.256658208483511,-0.09748721122741699,0.042278170585632324,0.0040128231048583984,0.562152087688446,0.5947348475456238,0.4742733836174011,0.07715386152267456,0.050492189824581146,0.05833743140101433,0.12076985836029053,0.005202531814575195,0.10922640562057495,0.10880088806152344,0.39999454713062127,-0.005202531814575195,0.10922640562057495,0.10880088806152344,0.668136477470398,0.757990837097168,0.4361056089401245,0.09009592235088348
006585:1,True,40,41.41446304321289,0.0,1,1.0450337230071804,True,0.17334184050559998,0.06194498389959335,0.16189567744731903,0.08066213130950928,0.01294475793838501,0.024763882160186768,0.032996416091918945,72.41574195798287,-0.01294475793838501,-0.024763882160186768,0.032996416091918945,0.49090132117271423,0.5276735424995422,0.2932102382183075,0.2123195081949234,0.17054708302021027,0.12646445631980896,0.0015579462051391602,0.012048900127410889,0.0015203356742858887,0.057744503021240234,52.35557699726014,0.012048900127410889,0.0015203356742858887,0.057744503021240234,0.47250473499298096,0.48453253507614136,0.25991329550743103,-0.038977667689323425
006585:2,True,57,41.73954772949219,0.0,1,1.0450337230071804,True,0.04716423898935318,0.03479146957397461,0.03184366971254349,0.06068909168243408,0.04851996898651123,0.16220134496688843,0.02993917465209961,35.66269893981936,-0.04851996898651123,-0.16220134496688843,0.02993917465209961,0.6150420904159546,0.6509740948677063,0.31680700182914734,0.03252476081252098,0.024021347984671593,0.02192794904112816,0.11000931262969971,0.00017303228378295898,0.10538041591644287,0.09370923042297363,4.796199816317974,0.00017303228378295898,-0.10538041591644287,0.09370923042297363,0.7474929690361023,0.8371263146400452,0.5239483118057251,0.014639478176832199
006585:4,True,66,42.007266998291016,0.0,1,0.6197303599978715,True,0.2296924591064453,6.467103958129883e-05,0.22969242930412292,0.09642982482910156,0.08913522958755493,0.008237004280090332,0.015912532806396484,1.4612830007455426,-0.08913522958755493,0.008237004280090332,-0.015912532806396484,0.4246010184288025,0.46231725811958313,0.43827876448631287,0.13994000852108002,0.05062944442033768,0.13046018779277802,0.0691366195678711,0.03850662708282471,0.025662720203399658,0.0027338266372680664,0.03047994654226786,-0.03850662708282471,0.025662720203399658,-0.0027338266372680664,0.5519800782203674,0.5892063975334167,0.4127538502216339,0.0897524505853653
006600:0,True,62,40.05305862426758,0.0,0,6.323201943938228,False,0.10405261814594269,0.09400009363889694,0.0446198396384716,0.13907504081726074,0.0010095834732055664,0.04359942674636841,0.08539760112762451,8.601789976552318,0.0010095834732055664,0.04359942674636841,-0.08539760112762451,0.5859342217445374,0.6697043776512146,0.4764505624771118,0.14705953001976013,0.14578227698802948,0.01933993026614189,0.053701162338256836,0.018160760402679443,0.005351364612579346,0.09924185276031494,12.940727297272613,0.018160760402679443,-0.005351364612579346,-0.09924185276031494,0.5791424512863159,0.6085265278816223,0.5687974691390991,-0.043006911873817444
006600:1,True,72,29.599529266357422,0.0,0,0.9025776199986482,True,0.2242003083229065,0.011948652565479279,0.22388169169425964,0.01738572120666504,0.055673301219940186,0.021928787231445312,0.05283665657043457,24.20093117286428,-0.055673301219940186,0.021928787231445312,0.05283665657043457,0.4624939560890198,0.4728039503097534,0.3340199589729309,0.10226759314537048,0.07056748121976852,0.07401952892541885,0.022971630096435547,0.039212703704833984,0.014946341514587402,0.014515280723571777,20.69761786453802,-0.039212703704833984,0.014946341514587402,0.014515280723571777,0.659980297088623,0.6749703288078308,0.44357067346572876,0.12193271517753601
006600:2,True,91,29.732521057128906,0.0,0,0.9025776199986482,True,0.11194752901792526,0.003268614411354065,0.11189980059862137,0.03967297077178955,0.08405071496963501,0.07124769687652588,0.0652608871459961,6.30993366093288,-0.08405071496963501,-0.07124769687652588,0.0652608871459961,0.6306034922599792,0.6527453064918518,0.4017901122570038,0.03772013634443283,0.0348326601088047,0.014473935589194298,0.0014107227325439453,0.045196354389190674,0.048079609870910645,0.04058349132537842,14.850374878360144,-0.045196354389190674,-0.048079609870910645,0.04058349132537842,0.7653955221176147,0.7805805206298828,0.5672577619552612,0.07422739267349243
006600:4,True,65,33.7417106628418,0.0,1,0.7344504816707499,True,0.06869781017303467,0.05323505029082298,0.04342140629887581,0.14704453945159912,0.016057252883911133,0.0068419575691223145,0.07048428058624268,11.437735518989301,-0.016057252883911133,-0.0068419575691223145,-0.07048428058624268,0.6542329788208008,0.7666540741920471,0.19296029210090637,0.07305939495563507,0.013702142052352428,0.07176298648118973,0.04127633571624756,0.04246598482131958,0.044170081615448,0.03993046283721924,11.278837998138124,-0.04246598482131958,-0.044170081615448,-0.03993046283721924,0.7085553407669067,0.7405669689178467,0.5587877631187439,-0.004361584782600403
006606:1,True,67,30.638620376586914,0.0,1,21.764947812012515,False,0.365694135427475,0.06165260821580887,0.36045968532562256,0.17506742477416992,0.06150507926940918,0.017086505889892578,0.031848907470703125,8.644543318290927,-0.06150507926940918,0.017086505889892578,-0.031848907470703125,0.23178809881210327,0.26593518257141113,0.3196457028388977,0.38267576694488525,0.078263059258461,0.3745872974395752,0.025425314903259277,0.055366575717926025,0.0009486079216003418,0.014459729194641113,7.1196079634372005,-0.055366575717926025,0.0009486079216003418,-0.014459729194641113,0.23535272479057312,0.239853635430336,0.31326329708099365,-0.01698163151741028
006618:1,True,68,28.557144165039062,0.0,1,0.8078456264751236,True,0.09726572781801224,0.07886333763599396,0.056931499391794205,0.1675034761428833,0.0700182318687439,0.01971721649169922,0.06982755661010742,5.340952026227182,-0.0700182318687439,-0.01971721649169922,-0.06982755661010742,0.5701702237129211,0.678712785243988,0.19031815230846405,0.31053513288497925,0.10992661118507385,0.29042762517929077,0.048037171363830566,0.016769766807556152,0.0055893659591674805,0.009468913078308105,6.4742716548290575,-0.016769766807556152,-0.0055893659591674805,0.009468913078308105,0.33770421147346497,0.350911408662796,0.40082114934921265,-0.213269405066967
006705:0,True,16,28.158355712890625,0.0,0,5.966741506622305,False,0.1699509471654892,0.016179673373699188,0.1691790074110031,0.024075865745544434,0.08377712965011597,0.00805729627609253,0.15167617797851562,86.4616334776079,-0.08377712965011597,0.00805729627609253,0.15167617797851562,0.4913857579231262,0.5259655117988586,0.10272611677646637,0.1385241448879242,0.08425930887460709,0.10995138436555862,0.017803668975830078,0.02560567855834961,0.023948490619659424,0.15582239627838135,83.40364850316648,-0.02560567855834961,0.023948490619659424,0.15582239627838135,0.5230082273483276,0.564316987991333,0.222421795129776,0.031426802277565
006705:2,True,22,54.50870895385742,0.0,0,36.35699737467899,False,0.17940948903560638,0.07690542191267014,0.1620904803276062,0.16591203212738037,0.032026827335357666,0.04985404014587402,0.029878616333007812,14.551677045577145,0.032026827335357666,0.04985404014587402,0.029878616333007812,0.4558391273021698,0.5335144996643066,0.43551570177078247,0.19696226716041565,0.10083525627851486,0.1691933423280716,0.22266387939453125,0.00451737642288208,0.031770527362823486,0.036942362785339355,11.99814252247618,0.00451737642288208,0.031770527362823486,-0.036942362785339355,0.38870272040367126,0.47922399640083313,0.3559010922908783,-0.017552778124809265
006714:0,True,143,23.81460952758789,0.0,0,35.076345352391925,False,0.11367366462945938,0.1027127206325531,0.04870110750198364,0.06682050228118896,0.0016859173774719238,0.03294938802719116,0.030208587646484375,14.789072109326444,0.0016859173774719238,-0.03294938802719116,0.030208587646484375,0.5942361354827881,0.633353054523468,0.6117887496948242,0.04517950117588043,0.04448683559894562,0.007880892604589462,0.023870468139648438,0.042409420013427734,0.00489574670791626,0.014732956886291504,2.0810047334754738,-0.042409420013427734,0.00489574670791626,0.014732956886291504,0.8296701908111572,0.8512104153633118,0.5302973985671997,0.06849416345357895
006714:1,True,16,47.96956253051758,0.0,0,35.076345352391925,False,0.059227462857961655,0.05741935595870018,0.014522736892104149,0.2512996196746826,0.07317954301834106,0.06739813089370728,0.027283310890197754,30.922552664786842,0.07317954301834106,0.06739813089370728,0.027283310890197754,0.52057945728302,0.6746150851249695,0.3272988498210907,0.06765785813331604,0.06389196217060089,0.022257637232542038,0.21759355068206787,0.1227838397026062,0.10111850500106812,0.027750134468078613,34.98672513557587,0.1227838397026062,0.10111850500106812,0.027750134468078613,0.5057098269462585,0.629439115524292,0.17050965130329132,-0.008430395275354385
006762:0,True,24,61.62773513793945,0.0,0,1.0144565391914164,True,0.044261910021305084,0.008949183858931065,0.04334776848554611,0.1157388687133789,0.06240975856781006,0.03643769025802612,0.03258061408996582,0.9868357491961113,0.06240975856781006,0.03643769025802612,0.03258061408996582,0.7226150035858154,0.8190036416053772,0.3481408953666687,0.06610400974750519,0.053808312863111496,0.03839799761772156,0.06291723251342773,0.09874403476715088,0.056372225284576416,0.02043461799621582,3.7530077215379154,0.09874403476715088,0.056372225284576416,0.02043461799621582,0.710922360420227,0.7597605586051941,0.37041157484054565,-0.021842099726200104
006762:1,True,16,62.58824920654297,0.0,0,1.0144565391914164,True,0.11720464378595352,0.11248892545700073,0.03291156515479088,0.06487071514129639,0.03693336248397827,0.038174450397491455,0.06655895709991455,16.448393257333006,0.03693336248397827,0.038174450397491455,-0.06655895709991455,0.5836029052734375,0.6211037039756775,0.3201473653316498,0.09074703603982925,0.08219578117132187,0.03845618665218353,0.01439058780670166,0.05451858043670654,0.0250777006149292,0.03478419780731201,8.23350617650523,0.05451858043670654,0.0250777006149292,0.03478419780731201,0.6728219985961914,0.6852551102638245,0.4920174479484558,0.026457607746124268
006780:0,True,35,55.58444595336914,0.0,0,1.2359243521019625,True,0.05203051492571831,0.04954134300351143,0.015900621190667152,0.05876892805099487,0.004774272441864014,0.010489463806152344,0.17444491386413574,4.100944842789707,-0.004774272441864014,-0.010489463806152344,-0.17444491386413574,0.7448227405548096,0.8156082630157471,0.4406018853187561,0.09896281361579895,0.09686237573623657,0.020281005650758743,0.03464627265930176,0.007507264614105225,0.007562696933746338,0.21625137329101562,4.310023308730795,0.007507264614105225,0.007562696933746338,-0.21625137329101562,0.6170013546943665,0.6846717596054077,0.5433753132820129,-0.04693229869008064
006780:1,True,18,56.7749137878418,0.0,0,1.2359243521019625,True,0.022687163203954697,0.01279321126639843,0.018736092373728752,0.026282072067260742,0.008215546607971191,0.010206818580627441,0.039781928062438965,8.0024408768837,0.008215546607971191,0.010206818580627441,-0.039781928062438965,0.8439616560935974,0.8691611289978027,0.29523521661758423,0.084642693400383,0.069136843085289,0.04883115738630295,0.0227431058883667,0.039464354515075684,0.005421638488769531,0.047511935234069824,8.860558523447422,0.039464354515075684,0.005421638488769531,-0.047511935234069824,0.7104465365409851,0.7277704477310181,0.29404038190841675,-0.0619555301964283
006816:0,True,40,50.321075439453125,0.0,0,1.1517795541243898,True,0.14592550694942474,0.14586645364761353,0.004151228815317154,0.022687435150146484,0.021818161010742188,0.014993429183959961,0.020590662956237793,5.381332104600297,-0.021818161010742188,0.014993429183959961,0.020590662956237793,0.582744836807251,0.5950972437858582,0.4059429466724396,0.13467314839363098,0.11273957043886185,0.0736657902598381,0.017040371894836426,0.004767000675201416,0.007910370826721191,0.008946895599365234,7.451063383479579,-0.004767000675201416,0.007910370826721191,-0.008946895599365234,0.6197749376296997,0.6299347877502441,0.5602772831916809,0.011252358555793762
006816:1,True,19,51.43947219848633,0.0,0,1.1517795541243898,True,0.06091786548495293,0.042627964168787,0.0435183048248291,0.0407792329788208,0.03727525472640991,0.037519633769989014,0.016704201698303223,26.79157092600243,0.03727525472640991,0.037519633769989014,-0.016704201698303223,0.6749619245529175,0.7030478119850159,0.5466555953025818,0.07230058312416077,0.043267469853162766,0.05792495608329773,0.06139802932739258,0.03828853368759155,0.015606522560119629,0.013766169548034668,20.448182998514824,0.03828853368759155,0.015606522560119629,0.013766169548034668,0.6693980097770691,0.7124148011207581,0.5217733979225159,-0.01138271763920784
006816:2,True,22,51.40452194213867,0.0,0,1.5204783033721971,True,0.275851845741272,0.1690143495798111,0.2180100828409195,0.06463885307312012,0.03235369920730591,0.06247180700302124,0.004179835319519043,0.45591148463268016,-0.03235369920730591,-0.06247180700302124,-0.004179835319519043,0.32206594944000244,0.33936065435409546,0.3829329013824463,0.13515153527259827,0.11752421408891678,0.06673826277256012,0.023447036743164062,0.001339554786682129,0.007829070091247559,0.006657242774963379,7.534282408327014,-0.001339554786682129,-0.007829070091247559,0.006657242774963379,0.6070632934570312,0.6209288239479065,0.45134684443473816,0.1407003104686737
006818:0,True,34,49.939449310302734,0.0,0,1.1129508140672055,True,0.026068909093737602,0.012859167531132698,0.022676637396216393,0.0833202600479126,0.009499430656433105,0.001836240291595459,0.018536090850830078,2.9686174128503184,-0.009499430656433105,0.001836240291595459,0.018536090850830078,0.8348405957221985,0.9159198999404907,0.35956329107284546,0.04801907762885094,0.006962828803807497,0.04751158878207207,0.08980119228363037,0.025356292724609375,0.031134724617004395,0.022228717803955078,1.453574904896097,-0.025356292724609375,-0.031134724617004395,-0.022228717803955078,0.7475353479385376,0.823703944683075,0.49529537558555603,-0.021950168535113335
006818:1,True,22,51.01264953613281,0.0,0,1.1129508140672055,True,0.08629999309778214,0.05956690385937691,0.062445756047964096,0.026025772094726562,0.04802471399307251,0.06926167011260986,0.0033909082412719727,15.870613895063288,0.04802471399307251,0.06926167011260986,-0.0033909082412719727,0.6660805940628052,0.6836370825767517,0.46982720494270325,0.13729576766490936,0.13545969128608704,0.022378509864211082,0.03602743148803711,0.040125131607055664,0.055481672286987305,0.022299647331237793,14.03468636692054,0.040125131607055664,0.055481672286987305,0.022299647331237793,0.5711305141448975,0.5913697481155396,0.6095446944236755,-0.05099577456712723
006818:2,True,31,51.11652374267578,0.0,0,1.5451575462166873,True,0.2108420878648758,0.1157778725028038,0.1762097328901291,0.09378862380981445,0.019236445426940918,0.0670289397239685,0.0022819042205810547,1.9640718948848557,-0.019236445426940918,-0.0670289397239685,-0.0022819042205810547,0.4028513729572296,0.43683379888534546,0.26353025436401367,0.07312168180942535,0.0013384092599153519,0.07310943305492401,0.07878267765045166,0.010689198970794678,0.02236771583557129,0.014822006225585938,8.91359813007607,-0.010689198970794678,0.02236771583557129,0.014822006225585938,0.707098662853241,0.7678465247154236,0.4714534878730774,0.13772040605545044
006851:0,True,39,39.91483688354492,0.0,0,1.138322826459481,True,0.10303184390068054,0.04603151977062225,0.09217733144760132,0.04310333728790283,0.03148829936981201,0.002456486225128174,0.005349278450012207,0.762750902906333,0.03148829936981201,0.002456486225128174,0.005349278450012207,0.6742594838142395,0.7040709853172302,0.4477902948856354,0.10801670700311661,0.04325783997774124,0.09897660464048386,0.07905137538909912,0.030829548835754395,0.00414353609085083,0.020928144454956055,4.780248136882495,-0.030829548835754395,-0.00414353609085083,-0.020928144454956055,0.6367294192314148,0.6895886063575745,0.6105132102966309,-0.004984863102436066
006851:1,True,59,41.24052429199219,0.0,0,1.5537319176507467,True,0.0880279466509819,0.04330933839082718,0.07663694769144058,0.03525596857070923,0.07527673244476318,0.0015143156051635742,0.04270291328430176,5.467310525872418,-0.07527673244476318,-0.0015143156051635742,-0.04270291328430176,0.6802898049354553,0.7054688930511475,0.405860036611557,0.07483423501253128,0.006080017425119877,0.07458683848381042,0.05998528003692627,0.06360507011413574,0.008612990379333496,0.04062092304229736,1.0010225068443996,-0.06360507011413574,0.008612990379333496,-0.04062092304229736,0.7008343935012817,0.7457383275032043,0.508370578289032,0.013193711638450623
006851:2,True,20,41.04852294921875,0.0,0,1.138322826459481,True,0.14109601080417633,0.10638563334941864,0.09268324077129364,0.11897879838943481,0.008619189262390137,0.0006379485130310059,0.030739545822143555,74.06394856697699,-0.008619189262390137,-0.0006379485130310059,-0.030739545822143555,0.5170784592628479,0.5793581008911133,0.19445721805095673,0.09427348524332047,0.08718404173851013,0.0358668677508831,0.2188745141029358,0.0523453950881958,0.02757883071899414,0.05378150939941406,43.55827467694904,-0.0523453950881958,-0.02757883071899414,-0.05378150939941406,0.5088847875595093,0.6354886293411255,0.45500490069389343,0.046822525560855865
006851:3,True,6,51.117950439453125,0.0,0,10.040375037194002,False,0.5588624477386475,0.5464709997177124,0.11703240126371384,0.10692572593688965,0.0005385279655456543,0.010737955570220947,0.017822265625,1.1022659461693267,0.0005385279655456543,-0.010737955570220947,-0.017822265625,0.06688442826271057,0.07177264988422394,0.1963244378566742,0.3940751254558563,0.3768690824508667,0.11517324298620224,0.024507641792297363,0.2276037335395813,0.04845839738845825,0.02760326862335205,0.6151714602520394,0.2276037335395813,-0.04845839738845825,-0.02760326862335205,0.2568557858467102,0.2613762617111206,0.11968772113323212,0.16478732228279114
006869:0,True,68,30.99113655090332,0.0,0,1.114034129687563,True,0.013112207874655724,0.012951469980180264,0.002046808134764433,0.14467215538024902,0.15926426649093628,0.08978575468063354,0.06073188781738281,5.917330744974876,0.15926426649093628,0.08978575468063354,0.06073188781738281,0.5771413445472717,0.6677336692810059,0.5120145082473755,0.0407763309776783,0.0276122335344553,0.030004560947418213,0.06239461898803711,0.08446985483169556,0.020689010620117188,0.02934134006500244,5.35709130849375,0.08446985483169556,0.020689010620117188,0.02934134006500244,0.7200579047203064,0.7687280774116516,0.7816449403762817,-0.027664123103022575
006869:1,True,44,32.29324722290039,0.0,0,1.7410381801368322,True,0.1235201507806778,0.017174942418932915,0.1223202720284462,0.02446436882019043,0.0760313868522644,0.06299018859863281,0.018315911293029785,10.580246249829221,0.0760313868522644,0.06299018859863281,-0.018315911293029785,0.614496648311615,0.6282064914703369,0.35212135314941406,0.07462511956691742,0.05135882645845413,0.0541403666138649,0.03777289390563965,0.02022409439086914,0.016823947429656982,0.023029208183288574,19.757889475305316,0.02022409439086914,0.016823947429656982,-0.023029208183288574,0.6857796311378479,0.7116386890411377,0.29599910974502563,0.048895031213760376
006869:2,True,24,32.07918167114258,0.0,0,1.114034129687563,True,0.1785966008901596,0.06654991954565048,0.16573430597782135,0.08861541748046875,0.1197015643119812,0.10090190172195435,0.05781221389770508,67.48922896249022,0.1197015643119812,0.10090190172195435,0.05781221389770508,0.4343765676021576,0.4719410538673401,0.38075506687164307,0.16529060900211334,0.02842976339161396,0.16282732784748077,0.05715584754943848,0.052860379219055176,0.030805885791778564,0.02420365810394287,45.72707147429236,0.052860379219055176,0.030805885791778564,0.02420365810394287,0.4700300693511963,0.4953519105911255,0.4137286841869354,0.013305991888046265
006875:0,True,85,27.614870071411133,0.0,0,1.0821401869225142,True,0.03478392958641052,0.03443210572004318,0.0049347709864377975,0.16780394315719604,0.0485956072807312,0.00918799638748169,0.010308265686035156,15.26551741857919,0.0485956072807312,0.00918799638748169,0.010308265686035156,0.6538272500038147,0.7813432812690735,0.395241379737854,0.0791529193520546,0.07812468707561493,0.012716840952634811,0.11651748418807983,0.04741859436035156,0.025566279888153076,0.03716111183166504,6.093740870857965,0.04741859436035156,-0.025566279888153076,-0.03716111183166504,0.6198221445083618,0.6980587840080261,0.5438500642776489,-0.044368989765644073
006875:1,True,85,28.853992462158203,0.0,0,1.7418805657774592,True,0.11792294681072235,0.1109296903014183,0.040005311369895935,0.1285112500190735,0.024361848831176758,0.06072515249252319,0.02846527099609375,23.57671881812615,-0.024361848831176758,-0.06072515249252319,-0.02846527099609375,0.5522478818893433,0.6262759566307068,0.49606558680534363,0.028340835124254227,0.02717297151684761,0.008051867596805096,0.13651305437088013,0.041560232639312744,0.0882074236869812,0.005135893821716309,24.031955935263834,-0.041560232639312744,-0.0882074236869812,-0.005135893821716309,0.626559853553772,0.7202336192131042,0.5131372809410095,0.08958211168646812
006881:0,True,101,23.875001907348633,0.0,0,2.0902310873627714,False,0.2939792573451996,0.25047042965888977,0.15391024947166443,0.009765625,0.1156042218208313,0.010130345821380615,0.040702223777770996,7.434698250228228,0.1156042218208313,0.010130345821380615,-0.040702223777770996,0.28255653381347656,0.28649279475212097,0.6662540435791016,0.2147398740053177,0.1488683819770813,0.15476244688034058,0.038272202014923096,0.09790557622909546,0.01927584409713745,0.015942692756652832,2.2108056484623964,0.09790557622909546,0.01927584409713745,0.015942692756652832,0.43330517411231995,0.44781258702278137,0.6256142854690552,0.0792393833398819
006881:1,True,124,25.143213272094727,0.0,0,2.0902310873627714,False,0.10507404059171677,0.020800156518816948,0.10299469530582428,0.01386260986328125,0.006193280220031738,0.04997223615646362,0.13087427616119385,9.174745858777344,-0.006193280220031738,-0.04997223615646362,-0.13087427616119385,0.6418715119361877,0.6858664751052856,0.3669168949127197,0.07277330011129379,0.023064374923706055,0.06902164965867996,0.03136003017425537,0.02945113182067871,0.05566704273223877,0.060202836990356445,16.074220467730704,0.02945113182067871,-0.05566704273223877,-0.060202836990356445,0.7055975794792175,0.7278629541397095,0.5113150477409363,0.032300740480422974
006908:0,True,29,56.396549224853516,0.0,1,0.9304859993012496,True,0.18948836624622345,0.08315824717283249,0.17026610672473907,0.11176252365112305,0.03384464979171753,0.13694816827774048,0.0164492130279541,20.441998034850293,0.03384464979171753,0.13694816827774048,0.0164492130279541,0.38628628849983215,0.42526036500930786,0.3539767563343048,0.07051635533571243,0.06946036964654922,0.012157836928963661,0.12977659702301025,0.024950742721557617,0.07206028699874878,0.005118727684020996,1.857702171216748,-0.024950742721557617,0.07206028699874878,-0.005118727684020996,0.6337782144546509,0.7241566777229309,0.2979814410209656,0.11897201091051102
006908:1,True,42,56.330265045166016,0.0,1,0.9304859993012496,True,0.26225754618644714,0.06728474795818329,0.25347933173179626,0.06853663921356201,0.06525278091430664,0.0879320502281189,0.020670056343078613,27.246563522820654,0.06525278091430664,-0.0879320502281189,-0.020670056343078613,0.30483487248420715,0.3218851685523987,0.4130241572856903,0.1598186045885086,0.08763787150382996,0.13364724814891815,0.03133213520050049,0.04557222127914429,0.09344780445098877,0.08571410179138184,0.532382282580143,0.04557222127914429,-0.09344780445098877,-0.08571410179138184,0.4602415859699249,0.47881531715393066,0.5110198855400085,0.10243894159793854
007027:0,True,79,29.421537399291992,0.0,1,1.6338854155827272,True,0.14994937181472778,0.07335647940635681,0.130780890583992,0.0012961626052856445,0.06810790300369263,0.029860317707061768,0.1142810583114624,18.46402306253879,-0.06810790300369263,0.029860317707061768,0.1142810583114624,0.5827941298484802,0.6164194345474243,0.43003594875335693,0.08300735801458359,0.0006683468818664551,0.0830046683549881,0.06734085083007812,0.07096785306930542,0.027205467224121094,0.06028389930725098,4.25315879616694,-0.07096785306930542,-0.027205467224121094,0.06028389930725098,0.6898509860038757,0.7413042187690735,0.48122674226760864,0.0669420138001442
007027:1,True,72,30.93745994567871,0.0,1,0.719570516902231,True,0.13234327733516693,0.12584877014160156,0.04094914719462395,0.010852694511413574,0.02878594398498535,0.05624490976333618,0.030154824256896973,3.354865976905203,-0.02878594398498535,0.05624490976333618,0.030154824256896973,0.6274375915527344,0.6368393301963806,0.38301408290863037,0.15091383457183838,0.09901798516511917,0.11388777196407318,0.03137993812561035,0.00709843635559082,0.006567895412445068,0.010835886001586914,2.203623931921214,-0.00709843635559082,0.006567895412445068,0.010835886001586914,0.5637632012367249,0.5807088613510132,0.32556506991386414,-0.018570557236671448
007027:2,True,70,30.57957649230957,0.0,1,0.719570516902231,True,0.1452951431274414,0.01796364039182663,0.14418040215969086,0.06540083885192871,0.05014538764953613,0.007228195667266846,0.002295851707458496,3.440352624557083,-0.05014538764953613,-0.007228195667266846,0.002295851707458496,0.5412680506706238,0.5753347873687744,0.2620023787021637,0.10313201695680618,0.09795772284269333,0.032256729900836945,0.04569101333618164,0.011240661144256592,0.015207529067993164,0.038226962089538574,4.442723866391474,0.011240661144256592,0.015207529067993164,-0.038226962089538574,0.6870778799057007,0.7198378443717957,0.2645413875579834,0.04216312617063522
007027:3,True,57,33.36332702636719,0.0,1,2.6001746060243613,False,0.02394382283091545,0.004946570377796888,0.023427294567227364,0.11537313461303711,0.00787121057510376,0.00017702579498291016,0.021106362342834473,0.35542938402912355,0.00787121057510376,0.00017702579498291016,0.021106362342834473,0.8051685690879822,0.9214892983436584,0.40244266390800476,0.016796613112092018,0.01670980267226696,0.0017054872587323189,0.026626229286193848,0.050169289112091064,0.0012086033821105957,0.0369945764541626,1.4966993528248942,0.050169289112091064,-0.0012086033821105957,0.0369945764541626,0.882811963558197,0.9109809398651123,0.38794028759002686,0.007147209718823433
007027:4,True,22,37.32455825805664,0.0,1,4.483798646950275,False,0.018737873062491417,0.01760461926460266,0.006417570635676384,0.07021534442901611,0.059667885303497314,0.06305348873138428,0.0021218061447143555,7.2850114668439,0.059667885303497314,-0.06305348873138428,0.0021218061447143555,0.7822502255439758,0.8443673253059387,0.2035946547985077,0.14601755142211914,0.14590467512607574,0.005739886313676834,0.03011798858642578,0.08443456888198853,0.01493370532989502,0.00885307788848877,2.797741106685603,0.08443456888198853,-0.01493370532989502,-0.00885307788848877,0.5885030031204224,0.605469822883606,0.2933955490589142,-0.12727967835962772
007048:0,True,108,25.3018741607666,0.0,1,18.15318350325892,False,0.1534145325422287,0.05430245399475098,0.14348262548446655,0.037451982498168945,0.014377057552337646,0.09630823135375977,0.10277140140533447,2.39977330450564,-0.014377057552337646,-0.09630823135375977,0.10277140140533447,0.5935856699943542,0.6225471496582031,0.3004909157752991,0.13501831889152527,0.1298471838235855,0.037008799612522125,0.02635347843170166,0.032023847103118896,0.08664524555206299,0.035167813301086426,8.37219999779151,0.032023847103118896,-0.08664524555206299,0.035167813301086426,0.611690878868103,0.6279733180999756,0.20638996362686157,0.01839621365070343
007048:1,True,46,43.10986328125,0.0,1,18.15318350325892,False,0.05612190067768097,0.05327392742037773,0.01765095442533493,0.0037338733673095703,0.045207083225250244,0.0278281569480896,0.007844090461730957,12.599690943057542,-0.045207083225250244,-0.0278281569480896,-0.007844090461730957,0.7740221619606018,0.7773752212524414,0.454321950674057,0.03850590065121651,0.024766789749264717,0.02948407270014286,0.04342174530029297,0.02651923894882202,0.06439262628555298,0.0037512779235839844,12.04751112979703,-0.02651923894882202,-0.06439262628555298,-0.0037512779235839844,0.7613644599914551,0.7973716259002686,0.5922768712043762,0.017616000026464462
007054:0,True,29,40.30747985839844,0.0,1,4.2411740345159705,False,0.19867990911006927,0.19766248762607574,0.02008124068379402,0.026938676834106445,0.09515810012817383,0.02832132577896118,0.007712244987487793,8.88190605232721,-0.09515810012817383,0.02832132577896118,0.007712244987487793,0.49446243047714233,0.5063366293907166,0.4976971745491028,0.047511808574199677,0.0036462265998125076,0.04737169295549393,0.014517903327941895,0.01898723840713501,0.004491984844207764,0.02400076389312744,1.2873713576080144,-0.01898723840713501,0.004491984844207764,0.02400076389312744,0.827235996723175,0.8401417136192322,0.6129326224327087,0.1511681005358696
007054:1,True,45,40.188777923583984,0.0,1,4.2411740345159705,False,0.07991797477006912,0.04552584886550903,0.06568317115306854,0.04939436912536621,0.024918794631958008,0.10235917568206787,0.000935673713684082,6.6465936851228085,-0.024918794631958008,-0.10235917568206787,-0.000935673713684082,0.7294315099716187,0.7680668830871582,0.3107719421386719,0.13231073319911957,0.1296200454235077,0.026547621935606003,0.007212042808532715,0.007037222385406494,0.08722943067550659,0.021562576293945312,8.358758185504925,0.007037222385406494,-0.08722943067550659,0.021562576293945312,0.6208310127258301,0.6269119381904602,0.20910780131816864,-0.052392758429050446
007141:0,True,24,64.68678283691406,0.0,1,,False,0.15925416350364685,0.06999488174915314,0.1430475413799286,0.05032956600189209,0.06560325622558594,0.010992586612701416,0.05260622501373291,1.7599585217281946,0.06560325622558594,0.010992586612701416,0.05260622501373291,0.5685763359069824,0.596611738204956,0.15917210280895233,0.1276189237833023,0.07155634462833405,0.10567060858011246,0.05504345893859863,0.03301972150802612,0.024955809116363525,0.023390531539916992,9.37431533490311,-0.03301972150802612,-0.024955809116363525,0.023390531539916992,0.6116002202033997,0.6447190046310425,0.18505685031414032,0.03163523972034454
007186:0,True,50,47.16096496582031,0.0,0,3.2869077716488317,False,0.10214230418205261,0.09366271644830704,0.040747351944446564,0.06086456775665283,0.019558310508728027,0.03410542011260986,0.07132649421691895,6.136969592857148,-0.019558310508728027,0.03410542011260986,0.07132649421691895,0.6561158895492554,0.6968027949333191,0.5208909511566162,0.03437058627605438,0.033914126455783844,0.005582976620644331,0.1159505844116211,0.05933356285095215,0.005195975303649902,0.02107417583465576,1.6186282474222908,-0.05933356285095215,-0.005195975303649902,0.02107417583465576,0.7765090465545654,0.8823293447494507,0.6014432311058044,0.06777171790599823
007186:1,True,31,43.915611267089844,0.0,1,3.2869077716488317,False,0.3081854581832886,0.25447678565979004,0.1738385260105133,0.01934993267059326,0.016835272312164307,0.015290617942810059,0.03370249271392822,13.596082581644673,0.016835272312164307,-0.015290617942810059,0.03370249271392822,0.319430947303772,0.32439130544662476,0.2714310586452484,0.42023128271102905,0.2986552119255066,0.29563388228416443,0.10077416896820068,0.07380974292755127,0.0015990138053894043,0.003125786781311035,4.215482106214486,0.07380974292755127,-0.0015990138053894043,0.003125786781311035,0.20675179362297058,0.22315523028373718,0.20958532392978668,-0.11204582452774048
007186:2,True,250,16.56415557861328,0.0,0,30.880767832970374,False,0.0818038210272789,0.07120552659034729,0.04026956856250763,0.011250197887420654,0.030360281467437744,0.017440438270568848,0.06183755397796631,4.3054370640742174,-0.030360281467437744,-0.017440438270568848,0.06183755397796631,0.7085285782814026,0.7322831153869629,0.25960177183151245,0.06168341264128685,0.05800904333591461,0.020971277728676796,0.0012985467910766602,0.039661943912506104,0.024648964405059814,0.06560230255126953,0.42893587987680076,0.039661943912506104,0.024648964405059814,0.06560230255126953,0.7807121276855469,0.8121851086616516,0.4991096556186676,0.02012040838599205
007207:0,True,21,42.453399658203125,0.0,1,2.1200040346488933,False,0.21849112212657928,0.13401371240615845,0.1725650280714035,0.012871265411376953,0.03191077709197998,0.014322400093078613,0.023043394088745117,3.5678859167395607,-0.03191077709197998,-0.014322400093078613,0.023043394088745117,0.4273878037929535,0.4318852722644806,0.49929356575012207,0.20120108127593994,0.10360895842313766,0.17247334122657776,0.023623228073120117,0.005341529846191406,0.04621773958206177,0.010826826095581055,1.9038605896276943,0.005341529846191406,-0.04621773958206177,-0.010826826095581055,0.4516029357910156,0.46099555492401123,0.40882694721221924,0.017290040850639343
007207:1,True,43,39.76346206665039,0.0,0,0.8251787295343972,True,0.3247717022895813,0.26733019948005676,0.1844213604927063,0.07217645645141602,0.03801774978637695,0.014917492866516113,3.647804260253906e-05,8.678291737722132,-0.03801774978637695,-0.014917492866516113,3.647804260253906e-05,0.31238502264022827,0.33081769943237305,0.3844303488731384,0.2343820184469223,0.15124669671058655,0.17905130982398987,0.015609979629516602,0.013778448104858398,0.01733309030532837,0.014052748680114746,9.205090568026876,0.013778448104858398,-0.01733309030532837,0.014052748680114746,0.45930397510528564,0.4655080735683441,0.24739399552345276,0.090389683842659
007207:2,True,41,40.338356018066406,0.0,1,0.8251787295343972,True,0.14385125041007996,0.1438339650630951,0.0022298432886600494,0.029137134552001953,0.007343411445617676,0.004632711410522461,0.11736178398132324,11.108438438724647,-0.007343411445617676,0.004632711410522461,0.11736178398132324,0.5758856534957886,0.6104674935340881,0.4293022155761719,0.23495697975158691,0.18486830592155457,0.1450120061635971,0.07902956008911133,0.0044364333152771,0.010934710502624512,0.1024022102355957,3.223484100496509,0.0044364333152771,-0.010934710502624512,0.1024022102355957,0.38275229930877686,0.41031891107559204,0.4360629618167877,-0.09110572934150696
007207:3,True,29,46.13425064086914,0.0,1,5.177122897365176,False,0.26264962553977966,0.26221445202827454,0.015113316476345062,0.010298490524291992,0.009294390678405762,0.00878530740737915,0.07061707973480225,4.878848747740799,0.009294390678405762,-0.00878530740737915,0.07061707973480225,0.3645841181278229,0.37500038743019104,0.1672343611717224,0.8732667565345764,0.49278023838996887,0.7209455370903015,0.15409255027770996,0.007049918174743652,0.05531501770019531,0.03501713275909424,6.2991109988219085,0.007049918174743652,0.05531501770019531,0.03501713275909424,0.0,0.0,0.23506799340248108,-0.6106171309947968
007207:4,True,260,12.74181079864502,0.0,0,30.774102585620252,False,0.09060259163379669,0.0017940327525138855,0.09058482944965363,0.028263568878173828,0.013188064098358154,0.0955917239189148,0.02775132656097412,16.822653472903855,-0.013188064098358154,0.0955917239189148,0.02775132656097412,0.6445971727371216,0.6651638150215149,0.19137853384017944,0.04966017231345177,0.04945599287748337,0.004498543217778206,0.03139317035675049,0.017868638038635254,0.06794875860214233,0.054442405700683594,2.6560420021645186,-0.017868638038635254,0.06794875860214233,0.054442405700683594,0.7599619626998901,0.7888369560241699,0.5389331579208374,0.040942419320344925
007225:0,True,63,35.28533935546875,0.0,0,1.6935903911256376,True,0.10236496478319168,0.07409672439098358,0.0706276148557663,0.06068861484527588,0.007790029048919678,0.061423540115356445,0.020281434059143066,71.80052314114882,-0.007790029048919678,-0.061423540115356445,0.020281434059143066,0.6433394551277161,0.682854175567627,0.3988567292690277,0.1013307049870491,0.07763170450925827,0.06512471288442612,0.00932300090789795,0.11756891012191772,0.05194014310836792,0.013342618942260742,76.08837929829942,0.11756891012191772,-0.05194014310836792,0.013342618942260742,0.6949325203895569,0.701622724533081,0.18318845331668854,0.0010342597961425781
007225:1,True,58,36.74813461303711,0.0,0,1.6935903911256376,True,0.19494259357452393,0.19222548604011536,0.032434117048978806,0.06624209880828857,0.045115888118743896,0.0014624595642089844,0.04038524627685547,16.465386767987997,-0.045115888118743896,0.0014624595642089844,0.04038524627685547,0.4869977831840515,0.5162815451622009,0.6851940155029297,0.26591354608535767,0.2644232213497162,0.028113793581724167,0.05774068832397461,0.013750910758972168,0.017253994941711426,8.344650268554688e-06,24.648089997446675,-0.013750910758972168,-0.017253994941711426,8.344650268554688e-06,0.39295005798339844,0.41246435046195984,0.11584987491369247,-0.07097095251083374
007228:0,True,60,33.70015335083008,0.0,0,1.5274700598650832,True,0.2659887373447418,0.25910264253616333,0.06013179570436478,0.05150902271270752,0.06688541173934937,0.003707408905029297,0.009974956512451172,88.17508205355398,-0.06688541173934937,0.003707408905029297,0.009974956512451172,0.3649108111858368,0.38053205609321594,0.5335630774497986,0.2124946266412735,0.20746232569217682,0.045971259474754333,0.025502681732177734,0.07506084442138672,0.09021109342575073,0.015170454978942871,63.9150164693464,-0.07506084442138672,-0.09021109342575073,0.015170454978942871,0.4466657042503357,0.45615705847740173,0.4621431529521942,0.05349411070346832
007228:1,True,57,34.883941650390625,0.0,0,1.5274700598650832,True,0.13794547319412231,0.1370386928319931,0.015790799632668495,0.07550132274627686,0.09466516971588135,0.012969970703125,0.0055855512619018555,15.044557156463606,-0.09466516971588135,-0.012969970703125,0.0055855512619018555,0.5682195425033569,0.6105509996414185,0.4565472900867462,0.10377225279808044,0.08285883069038391,0.06247474253177643,0.08155333995819092,0.06424844264984131,0.10322177410125732,0.03769874572753906,18.3608872060716,-0.06424844264984131,-0.10322177410125732,-0.03769874572753906,0.5835395455360413,0.6335688233375549,0.6156156659126282,0.03417322039604187
007231:0,True,61,32.71562957763672,0.0,0,1.477489344028122,True,0.17630144953727722,0.09953439235687256,0.14551669359207153,0.06812632083892822,0.018062829971313477,0.004780828952789307,0.013373613357543945,85.75774286899373,-0.018062829971313477,0.004780828952789307,0.013373613357543945,0.4830222725868225,0.5133862495422363,0.41335511207580566,0.16636808216571808,0.07352617383003235,0.14923885464668274,0.026129841804504395,0.01706838607788086,0.056069374084472656,0.007510781288146973,54.83869727897461,-0.01706838607788086,-0.056069374084472656,-0.007510781288146973,0.5327454805374146,0.545730471611023,0.4193486273288727,0.009933367371559143
007231:1,True,70,33.675498962402344,0.0,0,1.477489344028122,True,0.12288665771484375,0.10089557617902756,0.07015135139226913,0.08707427978515625,0.06988203525543213,0.11078423261642456,0.000634312629699707,14.592658180597223,-0.06988203525543213,-0.11078423261642456,0.000634312629699707,0.572873055934906,0.6230352520942688,0.7161371111869812,0.05818828567862511,0.03357706218957901,0.04752323031425476,0.07029235363006592,0.0375363826751709,0.17289036512374878,0.014649510383605957,11.660239403857307,-0.0375363826751709,-0.17289036512374878,-0.014649510383605957,0.6398409605026245,0.687339723110199,0.6577379107475281,0.06469837203621864
007231:2,True,48,40.2235221862793,0.0,1,6.772448004789458,False,0.11392782628536224,0.11388801038265228,0.0030114464461803436,0.11425185203552246,0.045244812965393066,0.06829696893692017,0.03409254550933838,29.547294075404775,-0.045244812965393066,0.06829696893692017,0.03409254550933838,0.5785659551620483,0.6466314792633057,0.3998280167579651,0.16442273557186127,0.15517418086528778,0.05436735227704048,0.0525050163269043,0.03834688663482666,0.015339672565460205,0.030805349349975586,15.261876473009401,-0.03834688663482666,-0.015339672565460205,0.030805349349975586,0.5542928576469421,0.5816707611083984,0.24345748126506805,-0.05049490928649902
007234:0,True,66,31.877479553222656,0.0,0,1.552557824144678,True,0.11480000615119934,0.11477451026439667,0.0024188589304685593,0.03668069839477539,0.04697388410568237,0.006236553192138672,0.02965259552001953,82.32090096167003,-0.04697388410568237,-0.006236553192138672,0.02965259552001953,0.6546528935432434,0.6782867908477783,0.6949223875999451,0.051873162388801575,0.02304915152490139,0.04647108167409897,0.0043201446533203125,0.015286803245544434,0.0013532638549804688,0.027819395065307617,53.25139728804233,-0.015286803245544434,0.0013532638549804688,0.027819395065307617,0.6877012252807617,0.6971547603607178,0.7097837328910828,0.06292684376239777
007234:1,True,66,32.634193420410156,0.0,0,1.552557824144678,True,0.1587962955236435,0.0365239754319191,0.15453886985778809,0.07578051090240479,0.0777658224105835,0.12411850690841675,0.02488088607788086,12.501769708650569,-0.0777658224105835,-0.12411850690841675,0.02488088607788086,0.5256003141403198,0.5627443194389343,0.48334822058677673,0.09495583921670914,0.001802690327167511,0.094938725233078,0.01175987720489502,0.09057557582855225,0.12847095727920532,0.07779574394226074,0.6832001443853664,0.09057557582855225,-0.12847095727920532,0.07779574394226074,0.6796522736549377,0.705467939376831,0.376613050699234,0.06384045630693436
007234:2,True,58,39.61222457885742,0.0,0,0.8135917638920358,True,0.36362072825431824,0.189325213432312,0.3104448616504669,0.0659416913986206,0.04686939716339111,0.008620738983154297,0.06248199939727783,19.501238287052914,-0.04686939716339111,0.008620738983154297,0.06248199939727783,0.2882585823535919,0.3029458224773407,0.44470691680908203,0.18151544034481049,0.12244177609682083,0.13399949669837952,0.02719724178314209,0.05316418409347534,0.006998717784881592,0.08658146858215332,17.99712134878939,-0.05316418409347534,0.006998717784881592,0.08658146858215332,0.5308041572570801,0.5511012673377991,0.3338060677051544,0.18210528790950775
007293:0,True,349,11.188237190246582,0.0,0,8.83272124543318,False,0.12996850907802582,0.0731050968170166,0.10745910555124283,0.07536250352859497,0.05532711744308472,0.032969117164611816,0.18996763229370117,8.899152734723664,-0.05532711744308472,-0.032969117164611816,-0.18996763229370117,0.5592942237854004,0.6144445538520813,0.3070954978466034,0.0590934120118618,0.019692709669470787,0.05571560561656952,0.05390489101409912,0.001365959644317627,0.043681979179382324,0.10249829292297363,5.097742650261368,-0.001365959644317627,-0.043681979179382324,-0.10249829292297363,0.7433364391326904,0.7857869863510132,0.30431249737739563,0.07087509706616402
007293:2,True,64,25.860010147094727,0.0,0,1.7787071495741202,True,0.05413905531167984,0.050574470311403275,0.019319944083690643,0.020948410034179688,0.02745610475540161,0.021763205528259277,0.026955485343933105,20.12951369259871,-0.02745610475540161,0.021763205528259277,-0.026955485343933105,0.7259544134140015,0.7412984371185303,0.21849916875362396,0.06400293856859207,0.06137024983763695,0.018167799338698387,0.10688531398773193,0.0016995072364807129,0.04209548234939575,0.0675809383392334,1.6181364738020498,-0.0016995072364807129,0.04209548234939575,-0.0675809383392334,0.6944303512573242,0.774655818939209,0.31435656547546387,-0.009863883256912231
007293:3,True,212,18.778156280517578,0.0,0,3.2505664429604897,False,0.06562377512454987,0.06553433835506439,0.0034248996526002884,0.06799590587615967,0.04658728837966919,0.04916006326675415,0.21509623527526855,31.450316372997392,-0.04658728837966919,-0.04916006326675415,-0.21509623527526855,0.6136048436164856,0.6824343204498291,0.46013495326042175,0.07092481851577759,0.015639355406165123,0.06917905062437057,0.04644632339477539,0.024789750576019287,0.03143590688705444,0.1365879774093628,5.128679764735854,-0.024789750576019287,0.03143590688705444,-0.1365879774093628,0.7325653433799744,0.7816430926322937,0.6286139488220215,-0.005301043391227722
007293:5,True,76,24.520959854125977,0.0,0,0.5216469984234325,True,0.23674994707107544,0.2228172868490219,0.08001871407032013,0.22770977020263672,7.933378219604492e-05,0.021028578281402588,0.03286612033843994,10.904267236331126,-7.933378219604492e-05,0.021028578281402588,0.03286612033843994,0.3457186222076416,0.41874465346336365,0.6942029595375061,0.24423740804195404,0.19635426998138428,0.14524775743484497,0.1830310821533203,0.01971304416656494,0.05183058977127075,0.06934714317321777,3.258089026555292,0.01971304416656494,0.05183058977127075,0.06934714317321777,0.3338009715080261,0.38754987716674805,0.8275822401046753,-0.007487460970878601
007317:0,True,488,11.638344764709473,0.0,0,1.3747209483782885,True,0.03637158125638962,0.03358691185712814,0.013957487419247627,0.12080121040344238,0.02543240785598755,0.004013657569885254,0.0012428760528564453,0.5404218699754199,0.02543240785598755,0.004013657569885254,0.0012428760528564453,0.7604097127914429,0.8616064786911011,0.423577219247818,0.05467543378472328,0.005855528637766838,0.054360974580049515,0.11899232864379883,0.015489935874938965,0.008076965808868408,0.05184292793273926,3.298506898339929,0.015489935874938965,0.008076965808868408,-0.05184292793273926,0.7278200387954712,0.822210431098938,0.5667975544929504,-0.018303852528333664
007317:1,True,998,5.5620880126953125,0.0,0,6.0994196175550615,False,0.02378970757126808,0.01806124672293663,0.015483591705560684,0.006446480751037598,0.13760912418365479,0.07665365934371948,0.059281229972839355,12.996938387651154,-0.13760912418365479,-0.07665365934371948,-0.059281229972839355,0.6936652064323425,0.7167829871177673,0.4460742473602295,0.11901465058326721,0.11901459842920303,0.00011552870273590088,0.010440468788146973,0.03725665807723999,0.007894277572631836,0.01418602466583252,12.092785266081547,-0.03725665807723999,-0.007894277572631836,-0.01418602466583252,0.650197446346283,0.6565580368041992,0.5016753077507019,-0.09522494301199913
007317:2,True,82,12.411834716796875,0.0,0,0.6002916101556429,True,0.34048277139663696,0.21819183230400085,0.2613825500011444,0.052832067012786865,0.004339456558227539,0.013888895511627197,0.0005252361297607422,32.48152467350758,0.004339456558227539,-0.013888895511627197,-0.0005252361297607422,0.22306957840919495,0.2310638576745987,0.13965633511543274,0.5040295720100403,0.32887768745422363,0.3819493055343628,0.0019221305847167969,0.03981649875640869,0.02489495277404785,0.09455442428588867,31.97945112799828,0.03981649875640869,0.02489495277404785,-0.09455442428588867,0.09218426048755646,0.09473633766174316,0.17372018098831177,-0.16354680061340332
007317:3,True,251,12.907876968383789,0.0,0,0.6002916101556429,True,0.26772353053092957,0.22903655469417572,0.1386295109987259,0.020469963550567627,0.006884515285491943,0.006442606449127197,0.036431312561035156,18.371426187960928,-0.006884515285491943,-0.006442606449127197,0.036431312561035156,0.34832051396369934,0.35373005270957947,0.582995593547821,0.19036847352981567,0.10054425895214081,0.1616508662700653,0.017056167125701904,0.014585494995117188,0.05762016773223877,0.01972639560699463,14.82679023515609,0.014585494995117188,0.05762016773223877,0.01972639560699463,0.44809678196907043,0.45461592078208923,0.5645487308502197,0.07735505700111389
007332:1,True,420,8.744649887084961,0.0,0,0.7145079520047182,True,0.24197110533714294,0.21198627352714539,0.11666977405548096,0.013411164283752441,0.01682966947555542,0.05440807342529297,0.08005833625793457,2.9186969266973586,0.01682966947555542,0.05440807342529297,0.08005833625793457,0.38047483563423157,0.3932407796382904,0.47743046283721924,0.33887091279029846,0.30434101819992065,0.14903032779693604,0.094673752784729,0.0028328895568847656,0.05327194929122925,0.00786590576171875,22.419583686379106,-0.0028328895568847656,0.05327194929122925,0.00786590576171875,0.26337650418281555,0.28260910511016846,0.4832363426685333,-0.09689980745315552
007365:1,True,4,46.62939453125,0.0,0,33.39071749864382,False,0.3996976912021637,0.23989714682102203,0.319699227809906,0.17138028144836426,0.0573158860206604,0.019496679306030273,0.058416008949279785,8.466384663980314,-0.0573158860206604,-0.019496679306030273,0.058416008949279785,0.15392141044139862,0.17485007643699646,0.23968952894210815,0.4476683735847473,0.20676258206367493,0.39705947041511536,0.056417226791381836,0.006114363670349121,0.04278290271759033,0.008168816566467285,2.6827443993535973,0.006114363670349121,-0.04278290271759033,-0.008168816566467285,0.13004043698310852,0.13543887436389923,0.2519668638706207,-0.04797068238258362
007383:0,True,45,44.94192123413086,0.0,0,33.958962435244416,False,0.05091429501771927,0.007258346304297447,0.05039426311850548,0.10294818878173828,0.008751630783081055,0.06722462177276611,0.0012230873107910156,8.555932086464853,0.008751630783081055,0.06722462177276611,-0.0012230873107910156,0.7153659462928772,0.7975175976753235,0.539754331111908,0.053644414991140366,0.053270123898983,0.006325885653495789,0.0029398202896118164,0.010203659534454346,0.016224026679992676,0.06150686740875244,12.459193951830379,-0.010203659534454346,0.016224026679992676,-0.06150686740875244,0.7571830749511719,0.7821608781814575,0.48709845542907715,-0.002730119973421097
007383:1,True,47,40.003971099853516,0.0,0,33.958962435244416,False,0.06080207973718643,0.05830301344394684,0.01725258305668831,0.11442971229553223,0.005106508731842041,0.045141637325286865,0.10034394264221191,25.054537252110123,0.005106508731842041,0.045141637325286865,0.10034394264221191,0.6304157376289368,0.7118255496025085,0.3921731412410736,0.04772884026169777,0.03649122267961502,0.0307641439139843,0.14397668838500977,0.023221731185913086,0.002766430377960205,0.05116915702819824,14.558121101687966,-0.023221731185913086,0.002766430377960205,0.05116915702819824,0.6648538708686829,0.7789088487625122,0.4676535725593567,0.013073239475488663
007398:0,True,73,36.2156867980957,0.0,0,,False,0.02279156632721424,0.014056770130991936,0.01794053241610527,0.03135395050048828,0.01705271005630493,0.04353535175323486,0.009842395782470703,0.6672548403968857,-0.01705271005630493,0.04353535175323486,-0.009842395782470703,0.8754531145095825,0.907688319683075,0.3494804799556732,0.0293422918766737,0.029147114604711533,0.0033787479624152184,0.03344923257827759,0.07991129159927368,0.02127397060394287,0.02267169952392578,5.8530349865940465,-0.07991129159927368,-0.02127397060394287,0.02267169952392578,0.8014805912971497,0.8307225704193115,0.47356241941452026,-0.006550725549459457
007407:0,True,88,30.215423583984375,0.0,0,,False,0.19432410597801208,0.06306348741054535,0.18380656838417053,0.05164384841918945,0.03188765048980713,0.08743619918823242,0.019453048706054688,5.28197653046762,0.03188765048980713,0.08743619918823242,-0.019453048706054688,0.460944265127182,0.48272281885147095,0.24339543282985687,0.050728898495435715,0.0055755190551280975,0.050421569496393204,0.0036438703536987305,0.03383052349090576,0.010110020637512207,0.014772772789001465,2.7000830619327605,-0.03383052349090576,-0.010110020637512207,0.014772772789001465,0.8070962429046631,0.8134081363677979,0.3373238742351532,0.14359520748257637
007410:0,True,96,28.190860748291016,0.0,0,,False,0.0949464812874794,0.06471595168113708,0.06947430223226547,0.03181183338165283,0.011240780353546143,0.08121472597122192,0.020079731941223145,2.2111781211432477,-0.011240780353546143,0.08121472597122192,0.020079731941223145,0.6605371832847595,0.6825309991836548,0.49308067560195923,0.046312395483255386,0.02661987394094467,0.0378974974155426,0.00039017200469970703,0.02072519063949585,0.03433787822723389,0.06092727184295654,1.7309065394646312,0.02072519063949585,0.03433787822723389,0.06092727184295654,0.805799126625061,0.834116518497467,0.6726710200309753,0.048634085804224014
009012:0,True,213,14.064606666564941,0.0,0,,False,0.03166096657514572,0.009528208523988724,0.030193209648132324,0.0041654109954833984,0.12317386269569397,0.050356388092041016,0.1372814178466797,27.086788550032217,0.12317386269569397,-0.050356388092041016,-0.1372814178466797,0.6509794592857361,0.6941454410552979,0.3922928273677826,0.025616753846406937,0.022114142775535583,0.012929919175803661,0.03814816474914551,0.14482524991035461,0.023273050785064697,0.08653676509857178,21.14112253791446,0.14482524991035461,0.023273050785064697,-0.08653676509857178,0.66488116979599,0.6896504163742065,0.35388651490211487,0.006044212728738785
009018:0,True,20,66.28643798828125,0.0,0,13.058428252284061,False,0.07114649564027786,0.06957422196865082,0.014874542132019997,0.14755403995513916,0.0023967623710632324,0.04128897190093994,0.021778464317321777,89.96278844615644,0.0023967623710632324,0.04128897190093994,0.021778464317321777,0.6452617645263672,0.7522153854370117,0.323172926902771,0.165615051984787,0.13538402318954468,0.09539136290550232,0.03519272804260254,0.019746601581573486,0.0283052921295166,0.022568583488464355,72.57293557400722,0.019746601581573486,0.0283052921295166,0.022568583488464355,0.5346131920814514,0.5522281527519226,0.1454819142818451,-0.09446855634450912
009018:1,True,26,71.0328369140625,0.0,1,13.058428252284061,False,0.08046440035104752,0.030961858108639717,0.07426899671554565,0.07519465684890747,0.17609816789627075,0.09308016300201416,0.007910847663879395,83.16443660909795,-0.17609816789627075,0.09308016300201416,0.007910847663879395,0.6891568303108215,0.7446157336235046,0.3049183189868927,0.08190906047821045,0.07856111228466034,0.023178592324256897,0.001000821590423584,0.14992588758468628,0.04089576005935669,0.04873239994049072,81.32753691811806,-0.14992588758468628,0.04089576005935669,0.04873239994049072,0.6410921812057495,0.6553845405578613,0.3756604790687561,-0.0014446601271629333
009144:0,True,184,18.149696350097656,0.0,1,0.8145639714876279,True,0.10036841034889221,0.0939270481467247,0.03537692874670029,0.04790687561035156,0.10135206580162048,0.04934877157211304,0.09076845645904541,12.7005796672878,0.10135206580162048,-0.04934877157211304,-0.09076845645904541,0.6224992275238037,0.6487428545951843,0.4657116234302521,0.08232623338699341,0.0655384287238121,0.049822911620140076,0.08015596866607666,0.07217255234718323,0.060671329498291016,0.07082712650299072,30.036545761980207,0.07217255234718323,-0.060671329498291016,-0.07082712650299072,0.603742778301239,0.6487990617752075,0.6772876381874084,0.018042176961898804
009144:1,True,166,18.881122589111328,0.0,1,0.8145639714876279,True,0.14550480246543884,0.036921534687280655,0.1407424807548523,0.05616128444671631,0.14227581024169922,0.10027527809143066,0.053243279457092285,0.16926939047692696,0.14227581024169922,0.10027527809143066,-0.053243279457092285,0.4748460352420807,0.49533453583717346,0.43902716040611267,0.06493954360485077,0.05149710178375244,0.03956250846385956,0.043939948081970215,0.08538204431533813,0.04081493616104126,0.005090475082397461,6.263546658555824,0.08538204431533813,0.04081493616104126,-0.005090475082397461,0.6772273778915405,0.7055272459983826,0.6607637405395508,0.08056525886058807
009259:0,True,129,21.70318603515625,0.0,0,,False,0.07065986096858978,0.06737270951271057,0.021301057189702988,0.03875410556793213,0.17946189641952515,0.029980897903442383,0.0411221981048584,7.365392775462281,0.17946189641952515,-0.029980897903442383,-0.0411221981048584,0.6473560333251953,0.670732855796814,0.6766143441200256,0.08347903937101364,0.06777903437614441,0.04873144254088402,0.0024737119674682617,0.1953812837600708,0.05349487066268921,0.020427703857421875,0.9943489572831253,0.1953812837600708,-0.05349487066268921,-0.020427703857421875,0.6836845278739929,0.6897439360618591,0.7233320474624634,-0.012819178402423859
009387:0,True,256,19.70697593688965,0.0,0,,False,0.05228041857481003,0.05227888375520706,0.00040059955790638924,0.029689550399780273,0.20200645923614502,0.07998675107955933,0.02975761890411377,0.8965206125432046,-0.20200645923614502,-0.07998675107955933,0.02975761890411377,0.6982355713844299,0.7172665596008301,0.6460668444633484,0.048431120812892914,0.03335428610444069,0.03511502593755722,0.004829287528991699,0.19010668992996216,0.04888266324996948,0.03208267688751221,0.8066553588911749,-0.19010668992996216,-0.04888266324996948,0.03208267688751221,0.7387332320213318,0.7490509152412415,0.5786415338516235,0.0038492977619171143
009399:0,True,289,11.954557418823242,0.0,0,,False,0.12229178845882416,0.11973752826452255,0.024863747879862785,0.0009413957595825195,0.1431666612625122,0.05816012620925903,0.10378193855285645,30.465658999404344,0.1431666612625122,0.05816012620925903,-0.10378193855285645,0.5392922759056091,0.561369776725769,0.5546121597290039,0.05324611812829971,0.05248814821243286,0.008952291682362556,0.0027257204055786133,0.13244783878326416,0.0393252968788147,0.07317173480987549,54.994871375579784,0.13244783878326416,0.0393252968788147,-0.07317173480987549,0.6320497989654541,0.6514907479286194,0.7071042656898499,0.06904567033052444
009510:1,True,33,61.41168975830078,0.0,1,21.668666951007182,False,0.11643944680690765,0.10496482253074646,0.05040368437767029,0.3147648572921753,0.07015824317932129,0.07118958234786987,0.0389941930770874,0.057664099438918606,-0.07015824317932129,-0.07118958234786987,0.0389941930770874,0.46685242652893066,0.6370412707328796,0.4154668152332306,0.04393518343567848,0.001794310286641121,0.043898530304431915,0.10260546207427979,0.06833881139755249,0.09053653478622437,0.01949143409729004,12.484947407466999,-0.06833881139755249,-0.09053653478622437,-0.01949143409729004,0.6762377023696899,0.7536975741386414,0.5427529215812683,0.07250426337122917
009570:0,True,44,54.62152862548828,0.0,1,9.226451716085803,False,0.06109042465686798,0.04360663518309593,0.04278435558080673,0.08706533908843994,0.010139822959899902,0.015083014965057373,0.0718153715133667,2.505276048891328,0.010139822959899902,0.015083014965057373,0.0718153715133667,0.7407654523849487,0.8121141791343689,0.2901371121406555,0.03427202254533768,0.03407781943678856,0.003643305040895939,0.047940850257873535,0.014338195323944092,0.07912617921829224,0.01802825927734375,3.1843607769306757,-0.014338195323944092,0.07912617921829224,-0.01802825927734375,0.804977297782898,0.8480800986289978,0.30322831869125366,0.026818402111530304
009570:1,True,43,45.965789794921875,0.0,0,1.8334946068000224,True,0.17514148354530334,0.14284463226795197,0.10134074836969376,0.011551499366760254,0.07340294122695923,0.022182703018188477,0.10130178928375244,5.129762577090387,-0.07340294122695923,0.022182703018188477,0.10130178928375244,0.5603200793266296,0.5858874917030334,0.6191544532775879,0.1542840451002121,0.1434750258922577,0.05673167482018471,0.052315354347229004,0.04259145259857178,0.0032021403312683105,0.03360605239868164,1.5056842393069598,-0.04259145259857178,0.0032021403312683105,0.03360605239868164,0.627414345741272,0.6598821878433228,0.6049292087554932,0.020857438445091248
009570:2,True,42,42.50111389160156,0.0,1,0.8944541335978609,True,0.15871524810791016,0.12580034136772156,0.09677191078662872,0.007669925689697266,0.016146838665008545,0.036377787590026855,0.2353731393814087,1.169393045332212,0.016146838665008545,0.036377787590026855,0.2353731393814087,0.5111271739006042,0.5777674317359924,0.36932262778282166,0.10239333659410477,0.08988355100154877,0.049044303596019745,0.0611879825592041,0.06548380851745605,0.06062048673629761,0.1526038646697998,0.799224113074201,0.06548380851745605,0.06062048673629761,0.1526038646697998,0.635539174079895,0.6959486603736877,0.32137706875801086,0.05632191151380539
009570:3,True,93,28.907907485961914,0.0,1,29.091711508499504,False,0.08611324429512024,0.06819013506174088,0.05258893221616745,0.06337094306945801,0.061717689037323,7.939338684082031e-05,0.099479079246521,5.47919505502824,-0.061717689037323,7.939338684082031e-05,-0.099479079246521,0.6666492223739624,0.7126745581626892,0.4781261086463928,0.06474556028842926,0.012910534627735615,0.06344529986381531,0.06639212369918823,0.040790438652038574,0.07966583967208862,0.059906721115112305,5.686723522769907,-0.040790438652038574,0.07966583967208862,-0.059906721115112305,0.7406604886054993,0.7936810851097107,0.46219906210899353,0.02136768400669098
009570:4,True,48,44.16265106201172,0.0,1,1.764325491911032,True,0.20789971947669983,0.028274070471525192,0.20596812665462494,0.025037407875061035,0.04211127758026123,0.013681411743164062,0.04369497299194336,3.6256183180701793,0.04211127758026123,0.013681411743164062,0.04369497299194336,0.5287557244300842,0.5411853790283203,0.5082932710647583,0.1059405729174614,0.10081122070550919,0.03256538137793541,0.07352888584136963,0.055051207542419434,0.005372405052185059,0.028308987617492676,3.5660791043330065,0.055051207542419434,0.005372405052185059,-0.028308987617492676,0.6720477342605591,0.7244688272476196,0.41425174474716187,0.10195914655923843
009570:5,True,48,42.87338638305664,0.0,1,0.8944541335978609,True,0.11727497726678848,0.07503622770309448,0.0901276022195816,0.002470254898071289,0.05588698387145996,0.005393087863922119,0.05997514724731445,5.438432486061604,0.05588698387145996,-0.005393087863922119,0.05997514724731445,0.6569798588752747,0.6771016120910645,0.37683695554733276,0.11493044346570969,0.09504231810569763,0.06462171673774719,0.08980679512023926,0.03877919912338257,0.032023608684539795,0.027316927909851074,4.512142266649812,0.03877919912338257,-0.032023608684539795,-0.027316927909851074,0.629240095615387,0.6889466047286987,0.4110531508922577,0.0023445338010787964
009673:0,True,29,59.29132843017578,0.0,0,,False,0.05260635167360306,0.03865618258714676,0.035680919885635376,0.07547128200531006,0.09452557563781738,0.06801426410675049,0.05887436866760254,4.415871205040655,0.09452557563781738,-0.06801426410675049,-0.05887436866760254,0.7107527256011963,0.7672860026359558,0.218521386384964,0.06220221146941185,0.031255725771188736,0.05377912521362305,0.006411910057067871,0.04238998889923096,0.007399857044219971,0.029540181159973145,13.779022368374294,0.04238998889923096,-0.007399857044219971,-0.029540181159973145,0.7366552352905273,0.7472777962684631,0.5636301040649414,-0.009595859795808792
009691:0,True,298,14.287872314453125,0.0,1,3.143419970191659,False,0.07724837213754654,0.07405407726764679,0.021984189748764038,0.03864109516143799,0.21682202816009521,0.010252594947814941,0.1003650426864624,7.5985408280384945,0.21682202816009521,-0.010252594947814941,-0.1003650426864624,0.5785380601882935,0.6002700328826904,0.31965407729148865,0.05375755578279495,0.047018446028232574,0.0260603204369545,0.0219496488571167,0.1928073763847351,0.03840583562850952,0.09018301963806152,22.11247424826215,0.1928073763847351,-0.03840583562850952,-0.09018301963806152,0.611303985118866,0.6332469582557678,0.45684170722961426,0.023490816354751587
009691:1,True,285,17.055322647094727,0.0,0,3.143419970191659,False,0.0882072001695633,0.06808522343635559,0.056079521775245667,0.02927982807159424,0.031729698181152344,0.0007595419883728027,0.024929285049438477,4.275216664720411,0.031729698181152344,0.0007595419883728027,-0.024929285049438477,0.659569501876831,0.6774937510490417,0.5528739094734192,0.06523163616657257,0.04285251721739769,0.049181580543518066,0.0352635383605957,0.007929861545562744,0.00820612907409668,0.011855602264404297,2.2447926697723797,0.007929861545562744,0.00820612907409668,0.011855602264404297,0.7214176058769226,0.746191680431366,0.7834702134132385,0.022975564002990723
009756:0,True,24,58.850685119628906,0.0,0,2.8553555641784985,False,0.07718922942876816,0.03097621537744999,0.07070113718509674,0.030808448791503906,0.038637399673461914,0.11716938018798828,0.011307716369628906,87.77968877794893,0.038637399673461914,0.11716938018798828,-0.011307716369628906,0.7038389444351196,0.726679801940918,0.23555174469947815,0.036617375910282135,0.01039272453635931,0.03511158376932144,0.008442282676696777,0.03796648979187012,0.052170634269714355,0.005381464958190918,89.32799203118611,0.03796648979187012,0.052170634269714355,-0.005381464958190918,0.7890424132347107,0.7962230443954468,0.3789450526237488,0.04057185351848602
009756:1,True,35,56.0063362121582,0.0,0,2.8553555641784985,False,0.13540370762348175,0.13475145399570465,0.013274438679218292,0.08596646785736084,0.10964888334274292,0.037241220474243164,0.015412211418151855,75.94720566360225,-0.10964888334274292,0.037241220474243164,-0.015412211418151855,0.5718874335289001,0.6217391490936279,0.330949068069458,0.1829705387353897,0.1150224432349205,0.14229564368724823,0.12012505531311035,0.16523903608322144,0.008565008640289307,0.014961957931518555,84.23319000473353,-0.16523903608322144,-0.008565008640289307,-0.014961957931518555,0.4560222625732422,0.5089948177337646,0.37184494733810425,-0.04756683111190796
009756:2,True,58,47.45403289794922,0.0,0,12.085948746064187,False,0.12368492782115936,0.12367074936628342,0.0018723579123616219,0.03656488656997681,0.0442463755607605,0.06749647855758667,0.043700575828552246,10.595923355207235,0.0442463755607605,-0.06749647855758667,0.043700575828552246,0.6254315376281738,0.6482989192008972,0.42222344875335693,0.07953812927007675,0.03700050339102745,0.070407934486866,0.07385510206222534,0.0683630108833313,0.08535772562026978,0.027105212211608887,6.507918533171204,0.0683630108833313,-0.08535772562026978,-0.027105212211608887,0.6930999159812927,0.7503528594970703,0.3814740478992462,0.04414679855108261
009756:3,True,74,38.07829666137695,0.0,1,13.849448499178356,False,0.17171397805213928,0.1717107743024826,0.0010464712977409363,0.04139268398284912,0.01750737428665161,0.07305240631103516,0.0063533782958984375,2.9310700417499227,-0.01750737428665161,0.07305240631103516,-0.0063533782958984375,0.5276988744735718,0.5486448407173157,0.4533323049545288,0.17933551967144012,0.17902395129203796,0.010566461831331253,0.0848926305770874,0.09637832641601562,0.09597194194793701,0.04292893409729004,12.473683970783476,-0.09637832641601562,0.09597194194793701,0.04292893409729004,0.47237083315849304,0.5103734731674194,0.5255168676376343,-0.007621541619300842
009973:0,True,165,22.91994857788086,0.0,0,,False,0.0930868536233902,0.009052673354744911,0.09264561533927917,0.013467550277709961,0.0136147141456604,0.11339491605758667,0.050215959548950195,17.499282520565497,0.0136147141456604,-0.11339491605758667,-0.050215959548950195,0.6689333915710449,0.6868426203727722,0.3282945156097412,0.08484011888504028,0.07442530244588852,0.040727388113737106,0.02588057518005371,0.0305824875831604,0.11629170179367065,0.020860671997070312,13.849338711137404,0.0305824875831604,-0.11629170179367065,-0.020860671997070312,0.6990591883659363,0.7177534103393555,0.33495524525642395,0.008246734738349915
010007:0,True,493,14.391698837280273,0.0,0,19.234595172205726,False,0.05235578119754791,0.00530203664675355,0.05208662152290344,0.01998990774154663,0.13954883813858032,0.045770347118377686,0.0204012393951416,7.710317328547925,0.13954883813858032,-0.045770347118377686,0.0204012393951416,0.7180325388908386,0.7327295541763306,0.48295947909355164,0.08758170902729034,0.01805710233747959,0.08570003509521484,0.03708893060684204,0.11121612787246704,0.025712549686431885,0.004108548164367676,1.739276708921396,0.11121612787246704,-0.025712549686431885,0.004108548164367676,0.6778702735900879,0.7025914788246155,0.47013428807258606,-0.03522592782974243
010007:1,True,106,33.48857116699219,0.0,0,19.234595172205726,False,0.025731172412633896,0.022732766345143318,0.01205464731901884,0.07835876941680908,0.12666410207748413,0.06123638153076172,0.06059598922729492,1.0984956817474798,0.12666410207748413,0.06123638153076172,-0.06059598922729492,0.7058067321777344,0.7584484815597534,0.7218856811523438,0.07928457111120224,0.013008873909711838,0.07821004837751389,0.05088561773300171,0.045383334159851074,0.07085275650024414,0.0221102237701416,1.2417110882643072,0.045383334159851074,0.07085275650024414,-0.0221102237701416,0.7261150479316711,0.7617028951644897,0.7085354924201965,-0.053553398698568344
010007:2,True,55,52.795494079589844,0.0,1,19.332207481401007,False,0.08638951927423477,0.07657094299793243,0.040000490844249725,0.1411287784576416,0.22006827592849731,0.03966939449310303,0.17390823364257812,8.244070657918405,-0.22006827592849731,-0.03966939449310303,-0.17390823364257812,0.5974879264831543,0.6881917715072632,0.3010016679763794,0.11376753449440002,0.11376752704381943,3.436580300331116e-05,0.11319196224212646,0.03960096836090088,0.09297680854797363,0.23632073402404785,7.318045904135753,-0.03960096836090088,-0.09297680854797363,-0.23632073402404785,0.6534950733184814,0.7382506132125854,0.255537211894989,-0.027378015220165253
010080:1,True,94,26.859188079833984,0.0,0,5.4312460298677925,False,0.13139460980892181,0.019276326522231102,0.12997294962406158,0.05959773063659668,0.06440401077270508,0.10083764791488647,0.0032700300216674805,62.69689685447531,0.06440401077270508,0.10083764791488647,-0.0032700300216674805,0.5461058616638184,0.5780313014984131,0.3408419191837311,0.11941054463386536,0.012080013751983643,0.11879793554544449,0.0586012601852417,0.07450896501541138,0.0847288966178894,0.06282126903533936,60.52574364186834,0.07450896501541138,0.0847288966178894,-0.06282126903533936,0.5600938200950623,0.5910374522209167,0.22467298805713654,0.011984065175056458
010128:1,True,54,51.528846740722656,0.0,1,0.8396915997912691,True,0.07669313251972198,0.05927514284849167,0.0486651286482811,0.17579352855682373,0.03210103511810303,0.040467262268066406,0.013562321662902832,7.671139363468732,-0.03210103511810303,0.040467262268066406,0.013562321662902832,0.6304888129234314,0.7577731013298035,0.34291326999664307,0.10814926028251648,0.09400491416454315,0.05347280204296112,0.04731154441833496,0.09140932559967041,0.009366154670715332,0.004912614822387695,1.3256404527854238,-0.09140932559967041,-0.009366154670715332,0.004912614822387695,0.6377931833267212,0.6680908203125,0.5017400979995728,-0.031456127762794495
010128:2,True,30,56.69588851928711,0.0,1,0.9191911002400985,True,0.08556857705116272,0.008823245763778687,0.08511245995759964,0.15353071689605713,0.1067582368850708,0.04308724403381348,0.054056644439697266,1.7181850847643967,0.1067582368850708,-0.04308724403381348,0.054056644439697266,0.6182973384857178,0.7232322096824646,0.11210864037275314,0.060007743537425995,0.025073222815990448,0.05451846122741699,0.11745178699493408,0.020459353923797607,0.1261308789253235,0.03597915172576904,7.580051960697442,0.020459353923797607,-0.1261308789253235,0.03597915172576904,0.6898406744003296,0.7789579033851624,0.5102971792221069,0.025560833513736725
010265:0,True,60,35.666954040527344,0.0,0,17.568006358309216,False,0.06373520940542221,0.04126189649105072,0.048576049506664276,0.05338692665100098,0.014333784580230713,0.06707412004470825,0.10188007354736328,2.846013241273582,0.014333784580230713,0.06707412004470825,0.10188007354736328,0.7232401371002197,0.7687811255455017,0.6503884196281433,0.05876724049448967,0.058658190071582794,0.0035784542560577393,0.021045327186584473,0.017131447792053223,0.061508357524871826,0.04211115837097168,4.091402613777027,0.017131447792053223,0.061508357524871826,0.04211115837097168,0.750662624835968,0.769298791885376,0.6408867239952087,0.004967968910932541
010265:1,True,33,48.952537536621094,0.0,1,17.568006358309216,False,0.057907089591026306,0.05382740870118141,0.021350432187318802,0.23021256923675537,0.054531872272491455,0.06666821241378784,0.11837303638458252,8.846775201702336,-0.054531872272491455,-0.06666821241378784,-0.11837303638458252,0.6074433326721191,0.765339195728302,0.16421431303024292,0.06468860805034637,0.05299701541662216,0.03709356114268303,0.2060486078262329,0.043266355991363525,0.025191843509674072,0.1563570499420166,10.464218638674716,-0.043266355991363525,-0.025191843509674072,-0.1563570499420166,0.624643862247467,0.7692975997924805,0.215249702334404,-0.006781518459320068
010289:1,True,76,35.387203216552734,0.0,0,6.321720242974351,False,0.013690995052456856,0.01343959104269743,0.0026116534136235714,0.0917658805847168,0.10864245891571045,0.11626636981964111,0.06538474559783936,3.7114428327148885,0.10864245891571045,-0.11626636981964111,0.06538474559783936,0.6660362482070923,0.7334457635879517,0.49402326345443726,0.023676782846450806,0.015568973496556282,0.01783807948231697,0.02130889892578125,0.08611255884170532,0.10667723417282104,0.07230865955352783,0.7877580466905851,0.08611255884170532,-0.10667723417282104,0.07230865955352783,0.7345741391181946,0.7633130550384521,0.5402109026908875,-0.00998578779399395
010289:2,True,77,31.36347198486328,0.0,0,6.282074003778167,False,0.05412048473954201,0.04210821911692619,0.03399888798594475,0.011656045913696289,0.13272380828857422,0.032806456089019775,0.03254842758178711,81.32551518212374,0.13272380828857422,0.032806456089019775,0.03254842758178711,0.6737115979194641,0.685996949672699,0.46881183981895447,0.06995458155870438,0.06992537528276443,0.0020210668444633484,0.05767810344696045,0.13637137413024902,0.009819269180297852,0.03047025203704834,88.67879484446408,0.13637137413024902,0.009819269180297852,0.03047025203704834,0.6149439811706543,0.651373565196991,0.5450179576873779,-0.01583409681916237
010289:3,True,256,17.434322357177734,0.0,0,14.951905149825942,False,0.11315865814685822,0.0803646519780159,0.07966431230306625,0.038370490074157715,0.1928841471672058,0.1503170132637024,0.06039917469024658,6.453695482583308,0.1928841471672058,0.1503170132637024,0.06039917469024658,0.5748288631439209,0.5999240875244141,0.4534590542316437,0.17051799595355988,0.16279737651348114,0.05072866007685661,0.06077778339385986,0.09444588422775269,0.020254433155059814,0.10195744037628174,0.041459248261977395,0.09444588422775269,0.020254433155059814,0.10195744037628174,0.49534690380096436,0.5250856876373291,0.5288804173469543,-0.05735933780670166
010289:4,True,73,36.08329772949219,0.0,0,6.282074003778167,False,0.0979246273636818,0.09667380154132843,0.015601555816829205,0.04077601432800293,0.05796778202056885,0.05867213010787964,0.17600083351135254,1.0963992684144577,-0.05796778202056885,0.05867213010787964,0.17600083351135254,0.6564847230911255,0.7193511128425598,0.6261881589889526,0.12876534461975098,0.1274927705526352,0.01805834285914898,0.04923510551452637,0.09543931484222412,0.013322889804840088,0.19152653217315674,4.758036361701613,-0.09543931484222412,-0.013322889804840088,0.19152653217315674,0.598850429058075,0.6544700860977173,0.6292089223861694,-0.030840717256069183
010365:0,True,42,54.092281341552734,0.0,0,30.939197472698115,False,0.10576142370700836,0.030746381729841232,0.10119357705116272,0.08019018173217773,0.17380064725875854,0.07159656286239624,0.033799171447753906,2.024886532763986,-0.17380064725875854,0.07159656286239624,0.033799171447753906,0.5804807543754578,0.6261736750602722,0.3078649044036865,0.060735296458005905,0.060380980372428894,0.0065508997067809105,0.011847496032714844,0.20797908306121826,0.012489020824432373,0.00364077091217041,7.110189587313925,-0.20797908306121826,0.012489020824432373,0.00364077091217041,0.7250158190727234,0.7336647510528564,0.3280240595340729,0.04502612724900246
010365:1,True,23,59.344913482666016,0.0,1,19.612801026837193,False,0.1342230886220932,0.09471777081489563,0.09510195255279541,0.04409503936767578,0.07871299982070923,0.034997642040252686,0.010622262954711914,6.100215890191137,0.07871299982070923,-0.034997642040252686,0.010622262954711914,0.5633804798126221,0.5872264504432678,0.35035440325737,0.07299213856458664,0.047113433480262756,0.055751021951436996,0.010036587715148926,0.0047814249992370605,0.006433248519897461,0.0122145414352417,7.572148977085565,-0.0047814249992370605,0.006433248519897461,-0.0122145414352417,0.7435812950134277,0.7513422966003418,0.41166937351226807,0.06123095005750656
010365:2,True,63,39.86516571044922,0.0,1,7.303372943826421,False,0.08887559920549393,0.07900236546993256,0.0407123863697052,0.03881359100341797,0.08288204669952393,0.06928610801696777,0.05204212665557861,2.646945556680725,0.08288204669952393,0.06928610801696777,0.05204212665557861,0.664831280708313,0.6935641765594482,0.7207562923431396,0.06005333364009857,0.059984367340803146,0.0028772493824362755,0.00011444091796875,0.0255853533744812,0.04256325960159302,0.015809297561645508,10.008575352652501,0.0255853533744812,0.04256325960159302,0.015809297561645508,0.761254608631134,0.7680378556251526,0.7619474530220032,0.028822265565395355
010365:3,True,90,33.18352127075195,0.0,0,7.303372943826421,False,0.0116822374984622,0.0066725327633321285,0.009589158929884434,0.04693746566772461,0.046998798847198486,0.06278610229492188,0.0456920862197876,3.5595494434864743,-0.046998798847198486,0.06278610229492188,-0.0456920862197876,0.81801837682724,0.859318196773529,0.4893207848072052,0.006758520845323801,0.005589472595602274,0.0037993944715708494,0.09099173545837402,0.09666705131530762,0.0861966609954834,0.10438430309295654,1.2031341798320752,-0.09666705131530762,0.0861966609954834,-0.10438430309295654,0.7067851424217224,0.7765800356864929,0.6385762095451355,0.004923716653138399
010447:0,True,198,18.261150360107422,0.0,0,0.8216525251488282,True,0.1391281932592392,0.0007394067943096161,0.1391262263059616,0.014490365982055664,0.13769274950027466,0.08677500486373901,0.058863162994384766,10.821826853049073,-0.13769274950027466,0.08677500486373901,-0.058863162994384766,0.5521588921546936,0.5664997100830078,0.37039488554000854,0.13472142815589905,0.07901559770107269,0.10911643505096436,0.051758408546447754,0.1677776575088501,0.07787388563156128,0.07537174224853516,8.617963864506908,-0.1677776575088501,0.07787388563156128,-0.07537174224853516,0.5662250518798828,0.5934252738952637,0.4455592930316925,0.004406765103340149
010447:1,True,188,19.044166564941406,0.0,1,0.8216525251488282,True,0.08281894773244858,0.064759261906147,0.05162573233246803,0.0166628360748291,0.06181693077087402,0.008927226066589355,0.03233349323272705,16.943368415061826,0.06181693077087402,0.008927226066589355,-0.03233349323272705,0.6630579233169556,0.6724146008491516,0.48908910155296326,0.04989103227853775,0.02017451450228691,0.0456300787627697,0.03807175159454346,0.049123167991638184,0.025288164615631104,0.048998475074768066,23.368198151721995,0.049123167991638184,-0.025288164615631104,-0.048998475074768066,0.6864291429519653,0.7105904221534729,0.6644718050956726,0.03292791545391083
010482:0,True,48,39.84296417236328,0.0,0,24.633088101201633,False,0.053093623369932175,0.03526895120739937,0.039686691015958786,0.04607963562011719,0.06896907091140747,0.04984581470489502,0.04589247703552246,9.422310619458619,-0.06896907091140747,-0.04984581470489502,-0.04589247703552246,0.7285200357437134,0.7664824724197388,0.3525957465171814,0.046138182282447815,0.038355227559804916,0.02564387582242489,0.0445592999458313,0.015262126922607422,0.01129293441772461,0.029138565063476562,10.30160185244938,-0.015262126922607422,-0.01129293441772461,-0.029138565063476562,0.7771704792976379,0.81573086977005,0.21074752509593964,0.00695544108748436
010482:1,True,300,15.451662063598633,0.0,1,24.633088101201633,False,0.06384827941656113,0.06384676694869995,0.00043858960270881653,0.19116413593292236,0.0091477632522583,0.047804296016693115,8.58306884765625e-06,8.93461507689437,-0.0091477632522583,0.047804296016693115,-8.58306884765625e-06,0.6422739028930664,0.7877503037452698,0.25367066264152527,0.05652499571442604,0.0021038390696048737,0.05648583173751831,0.1656079888343811,0.06410890817642212,0.0004101395606994629,0.047094106674194336,17.319136735948582,-0.06410890817642212,0.0004101395606994629,-0.047094106674194336,0.6329563856124878,0.7555086612701416,0.1996764838695526,0.007323283702135086
010482:2,True,47,53.85625076293945,0.0,0,5.999143924604089,False,0.19081798195838928,0.056203559041023254,0.18235312402248383,0.08235549926757812,0.0032171010971069336,0.008442580699920654,0.0923154354095459,3.7833187345837684,0.0032171010971069336,0.008442580699920654,0.0923154354095459,0.5345261096954346,0.5779541730880737,0.5484018921852112,0.1531088799238205,0.053369127213954926,0.14350633323192596,0.05733752250671387,0.026160240173339844,0.05314195156097412,0.026415109634399414,7.100413765378801,0.026160240173339844,-0.05314195156097412,-0.026415109634399414,0.5860452055931091,0.6208314299583435,0.445649653673172,0.03770910203456879
010485:2,True,60,37.17457580566406,0.0,1,5.099290239252146,False,0.04337671399116516,0.03776678815484047,0.021335633471608162,0.05827206373214722,0.04936385154724121,0.03693777322769165,0.0027747154235839844,0.7629148274464133,-0.04936385154724121,0.03693777322769165,0.0027747154235839844,0.7917672395706177,0.8435180187225342,0.21105948090553284,0.04939545318484306,0.035655852407217026,0.034184373915195465,0.019978344440460205,0.04602128267288208,0.00031280517578125,0.0022596120834350586,0.5213446968814023,-0.04602128267288208,-0.00031280517578125,0.0022596120834350586,0.8111698627471924,0.8287644982337952,0.41598281264305115,-0.006018739193677902
010485:3,True,42,44.784576416015625,0.0,1,7.76875895706702,False,0.04346439614892006,0.04278915002942085,0.007631668820977211,0.07539069652557373,0.0350911021232605,0.03817719221115112,0.02958512306213379,4.415071618165591,-0.0350911021232605,0.03817719221115112,-0.02958512306213379,0.7725628614425659,0.8390911817550659,0.3385978043079376,0.05005762353539467,0.04964524507522583,0.006412145681679249,0.012314915657043457,0.026990115642547607,0.053105175495147705,0.011398792266845703,4.169164772219794,-0.026990115642547607,0.053105175495147705,0.011398792266845703,0.8098236918449402,0.8206298351287842,0.6016994118690491,-0.006593227386474609
010525:0,True,25,41.73013687133789,0.0,0,2.8852508353686046,False,0.09450100362300873,0.09435928612947464,0.0051734428852796555,0.0005795955657958984,0.04057091474533081,0.009022176265716553,0.0008503198623657227,12.345229057805218,0.04057091474533081,-0.009022176265716553,-0.0008503198623657227,0.6995607614517212,0.6999460458755493,0.36177659034729004,0.09108531475067139,0.047121476382017136,0.07794934511184692,0.0018253326416015625,0.06983941793441772,0.011028528213500977,0.0247805118560791,7.840145564291527,0.06983941793441772,-0.011028528213500977,0.0247805118560791,0.6857053637504578,0.69429612159729,0.1858140528202057,0.0034156888723373413
010525:10,True,30,58.81962203979492,0.0,1,13.466497075849883,False,0.12348080426454544,0.07906998693943024,0.09484432637691498,0.01219940185546875,0.06415176391601562,0.02262246608734131,0.023264765739440918,25.905824709503833,-0.06415176391601562,0.02262246608734131,-0.023264765739440918,0.6181567311286926,0.6256950497627258,0.3572559058666229,0.0862518921494484,0.017682064324617386,0.08441998064517975,0.042122602462768555,0.018647730350494385,0.013216733932495117,0.012627482414245605,29.62473476021438,-0.018647730350494385,0.013216733932495117,-0.012627482414245605,0.6530349850654602,0.6810511350631714,0.3105490505695343,0.037228912115097046
010525:3,True,78,33.81744384765625,0.0,0,2.11741641226924,False,0.03327404335141182,0.03207265958189964,0.008860383182764053,0.05003225803375244,0.0820082426071167,0.0731387734413147,0.002081155776977539,8.478706325243017,0.0820082426071167,-0.0731387734413147,-0.002081155776977539,0.7431178689002991,0.7833125591278076,0.19380730390548706,0.02663731575012207,0.020856525748968124,0.016569610685110092,0.01928389072418213,0.09190255403518677,0.04566377401351929,0.03916525840759277,6.525927920779692,0.09190255403518677,-0.04566377401351929,0.03916525840759277,0.7918273210525513,0.8090901374816895,0.4404212236404419,0.006636727601289749
010525:5,True,92,34.34260559082031,0.0,0,2.11741641226924,False,0.21073812246322632,0.1733764111995697,0.11979635804891586,0.017403006553649902,0.1591508388519287,0.03905594348907471,0.00047576427459716797,6.80239394255647,-0.1591508388519287,-0.03905594348907471,-0.00047576427459716797,0.48661771416664124,0.49415284395217896,0.3977455794811249,0.04357362166047096,0.020139750093221664,0.038640014827251434,0.06615257263183594,0.03701639175415039,0.009913027286529541,0.039536476135253906,3.9421839257219307,-0.03701639175415039,-0.009913027286529541,-0.039536476135253906,0.7923017740249634,0.8530126810073853,0.30806562304496765,0.16716450080275536
010525:6,True,85,38.85421371459961,0.0,1,2.8852508353686046,False,0.04721777141094208,0.009078945964574814,0.04633670672774315,0.03767871856689453,0.12927567958831787,0.05535542964935303,0.037613511085510254,3.4370231347077875,0.12927567958831787,-0.05535542964935303,0.037613511085510254,0.6930842399597168,0.7208136916160583,0.327911376953125,0.07969865202903748,0.03256022557616234,0.07274411618709564,0.0038001537322998047,0.0824819803237915,0.004585087299346924,0.0699307918548584,4.367349541176885,0.0824819803237915,0.004585087299346924,0.0699307918548584,0.6879610419273376,0.7140752673149109,0.5118728876113892,-0.0324808806180954
010525:7,True,73,36.30317687988281,0.0,1,2.209509775076511,False,0.16542112827301025,0.11257576942443848,0.12120580673217773,0.06016850471496582,0.07401776313781738,0.02429908514022827,0.0104445219039917,4.156597224146971,-0.07401776313781738,-0.02429908514022827,-0.0104445219039917,0.5157485008239746,0.545261561870575,0.2490982860326767,0.1638677716255188,0.13795393705368042,0.08843843638896942,0.08005261421203613,0.051054298877716064,0.01061856746673584,0.05378365516662598,7.704907818725275,-0.051054298877716064,-0.01061856746673584,-0.05378365516662598,0.5419440865516663,0.5857558250427246,0.18741323053836823,0.001553356647491455
010525:8,True,66,39.50221633911133,0.0,1,2.8944516417792685,False,0.07246454060077667,0.01884138397872448,0.0699722170829773,0.023334741592407227,0.09845548868179321,0.041715919971466064,0.02945542335510254,8.174988758162232,-0.09845548868179321,0.041715919971466064,0.02945542335510254,0.7209882736206055,0.7378182411193848,0.2523587942123413,0.03442639857530594,0.016026118770241737,0.03046867623925209,0.014824748039245605,0.11102068424224854,0.03304868936538696,0.03274047374725342,12.696027573577073,-0.11102068424224854,0.03304868936538696,0.03274047374725342,0.7609079480171204,0.7731541991233826,0.6440664529800415,0.038038142025470734
010546:0,True,223,18.223188400268555,0.0,0,0.7161880945272748,True,0.1074327751994133,0.10479505360126495,0.02366005629301071,0.01080787181854248,0.05040693283081055,0.026302874088287354,0.011270642280578613,0.10629504632940939,-0.05040693283081055,-0.026302874088287354,-0.011270642280578613,0.6752512454986572,0.6820823550224304,0.527773916721344,0.03013753704726696,0.024147294461727142,0.018032725900411606,0.03283846378326416,0.02767336368560791,0.00833284854888916,0.024564623832702637,1.6039843218417835,-0.02767336368560791,-0.00833284854888916,-0.024564623832702637,0.857021689414978,0.8864110708236694,0.5154740810394287,0.07729523815214634
010546:1,True,149,18.858867645263672,0.0,1,0.7161880945272748,True,0.11419224739074707,0.004031863063573837,0.11412104964256287,0.00026738643646240234,0.023316562175750732,0.0875551700592041,0.05637240409851074,13.134619064965264,0.023316562175750732,0.0875551700592041,0.05637240409851074,0.6119338274002075,0.6287489533424377,0.43753936886787415,0.031137393787503242,0.01660958118736744,0.026337407529354095,0.030064105987548828,0.008381843566894531,0.05369526147842407,0.07174503803253174,3.102418542715861,0.008381843566894531,0.05369526147842407,0.07174503803253174,0.8196190595626831,0.8509844541549683,0.5860609412193298,0.08305485360324383
010561:0,True,82,26.905275344848633,0.0,1,10.669105026182944,False,0.05190729349851608,0.013526884838938713,0.05011377111077309,0.04372668266296387,0.0453486442565918,0.03023672103881836,0.1568070650100708,4.474412301674662,-0.0453486442565918,-0.03023672103881836,0.1568070650100708,0.7433194518089294,0.8074239492416382,0.29019394516944885,0.012592434883117676,0.012211233377456665,0.0030749316792935133,0.017526984214782715,0.07980048656463623,0.07866460084915161,0.04942023754119873,12.093051188717006,-0.07980048656463623,-0.07866460084915161,0.04942023754119873,0.7531396150588989,0.7718465924263,0.3729202449321747,0.03931485861539841
010561:1,True,82,36.32320022583008,0.0,0,1.2754688048035325,True,0.06614341586828232,0.06613308936357498,0.0011690054088830948,0.01680302619934082,0.045043766498565674,0.2512126564979553,0.07321763038635254,20.327515867681043,-0.045043766498565674,-0.2512126564979553,0.07321763038635254,0.593878448009491,0.6112233996391296,0.6308124661445618,0.079375721514225,0.07773720473051071,0.016044721007347107,0.039409637451171875,0.07389062643051147,0.2372080683708191,0.029045462608337402,7.137931539747509,-0.07389062643051147,-0.2372080683708191,0.029045462608337402,0.578673243522644,0.5995824933052063,0.7186852097511292,-0.013232305645942688
010561:3,True,77,40.0273323059082,0.0,1,3.149724955059848,False,0.08893219381570816,0.08174498379230499,0.03502418100833893,0.08059358596801758,0.026051580905914307,0.03487581014633179,0.02225947380065918,10.494848849378723,-0.026051580905914307,-0.03487581014633179,0.02225947380065918,0.6615768671035767,0.7174071669578552,0.5499192476272583,0.0963878482580185,0.0881376564502716,0.03901757299900055,0.051270484924316406,0.034520745277404785,0.00029647350311279297,0.012492060661315918,2.4542408754129927,-0.034520745277404785,0.00029647350311279297,-0.012492060661315918,0.6597158908843994,0.6947222948074341,0.6200077533721924,-0.007455654442310333
010582:0,True,23,56.43529510498047,0.0,1,,False,0.21807247400283813,0.007522895932197571,0.21794266998767853,0.011153459548950195,0.1393483281135559,0.21174216270446777,0.11981391906738281,1.218085918667405,0.1393483281135559,0.21174216270446777,0.11981391906738281,0.39725714921951294,0.4246557652950287,0.13823571801185608,0.07821778208017349,0.033586494624614716,0.0706397145986557,0.0557098388671875,0.13097989559173584,0.16018909215927124,0.03033137321472168,10.408242050702961,0.13097989559173584,0.16018909215927124,0.03033137321472168,0.578074038028717,0.614219605922699,0.2477359026670456,0.13985469192266464
010627:0,True,113,24.17896270751953,0.0,1,19.313016999370156,False,0.033787816762924194,0.021420752629637718,0.0261298269033432,0.16406381130218506,0.028002500534057617,0.015162467956542969,0.05281245708465576,11.980696852845302,-0.028002500534057617,-0.015162467956542969,-0.05281245708465576,0.6821928024291992,0.8176530599594116,0.33106160163879395,0.010269949212670326,0.0030185249634087086,0.00981633085757494,0.1427234411239624,0.0697515606880188,0.05062383413314819,0.08956646919250488,13.836587202699162,-0.0697515606880188,-0.05062383413314819,-0.08956646919250488,0.6720451712608337,0.788724422454834,0.36274296045303345,0.023517867550253868
010627:1,True,56,43.129329681396484,0.0,0,19.313016999370156,False,0.031478241086006165,0.030602244660258293,0.007374417036771774,0.20002508163452148,0.04013478755950928,0.04384720325469971,0.022422194480895996,20.75761788867308,-0.04013478755950928,0.04384720325469971,0.022422194480895996,0.6163440346717834,0.7599276900291443,0.6728715300559998,0.04763484373688698,0.005601556971669197,0.047304343432188034,0.011314034461975098,0.01444101333618164,0.011280655860900879,0.04350101947784424,19.121350450348146,-0.01444101333618164,-0.011280655860900879,-0.04350101947784424,0.7433398365974426,0.7608450055122375,0.3651602268218994,-0.016156602650880814
010627:5,True,77,36.03205108642578,0.0,1,2.493741789221683,False,0.12500165402889252,0.08268000930547714,0.09375195950269699,0.35599851608276367,0.03951770067214966,0.03928321599960327,0.01854407787322998,51.80715879699947,0.03951770067214966,0.03928321599960327,-0.01854407787322998,0.4331861734390259,0.6201052069664001,0.12596359848976135,0.09251879900693893,0.04776439070701599,0.07923567295074463,0.16744178533554077,0.045400142669677734,0.030166923999786377,0.0054024457931518555,52.82306246481249,0.045400142669677734,0.030166923999786377,0.0054024457931518555,0.5580190420150757,0.6590757369995117,0.2729647755622864,0.03248285502195358
010772:0,True,136,25.53301429748535,0.0,0,28.58796350046947,False,0.2626302242279053,0.23224854469299316,0.12261831760406494,0.010418474674224854,0.0796654224395752,0.040083229541778564,0.05476105213165283,17.578430752667604,-0.0796654224395752,0.040083229541778564,-0.05476105213165283,0.41603344678878784,0.4258512556552887,0.1872258186340332,0.16586938500404358,0.07662554085254669,0.14710941910743713,0.0787000060081482,0.08301955461502075,0.01993471384048462,0.10239732265472412,5.7130484383218,-0.08301955461502075,0.01993471384048462,-0.10239732265472412,0.4806866943836212,0.5171262621879578,0.24400699138641357,0.0967608392238617
010903:1,True,64,31.390228271484375,0.0,1,4.502689074769887,False,0.18005122244358063,0.08851473033428192,0.1567915380001068,0.01526111364364624,0.01854008436203003,0.0337061882019043,0.03183579444885254,3.4965477785822765,-0.01854008436203003,-0.0337061882019043,0.03183579444885254,0.5072929859161377,0.5142289400100708,0.17086532711982727,0.06678581982851028,0.05510704964399338,0.03773007169365883,0.10932397842407227,0.06263065338134766,0.07278794050216675,0.043442368507385254,1.8457529826348966,-0.06263065338134766,-0.07278794050216675,-0.043442368507385254,0.6935111880302429,0.781227707862854,0.3926689028739929,0.11326540261507034
010924:0,True,78,33.10734176635742,0.0,1,1.887152816870966,True,0.07788008451461792,0.03505612909793854,0.06954406201839447,0.054497599601745605,0.01897740364074707,0.10371565818786621,0.0471799373626709,4.866663690261496,0.01897740364074707,0.10371565818786621,0.0471799373626709,0.7011420130729675,0.7424526810646057,0.5232363343238831,0.11864957958459854,0.1129043772816658,0.036473650485277176,0.15009844303131104,0.03870069980621338,0.05672234296798706,0.0584942102432251,18.311044127974515,0.03870069980621338,0.05672234296798706,0.0584942102432251,0.5624766945838928,0.6519264578819275,0.2680010497570038,-0.04076949506998062
010924:1,True,47,31.31256866455078,0.0,1,1.887152816870966,True,0.07517512142658234,0.04100204259157181,0.06300897896289825,0.02465236186981201,0.11148250102996826,0.005214393138885498,0.10500288009643555,7.388970588477165,-0.11148250102996826,-0.005214393138885498,-0.10500288009643555,0.6897537112236023,0.7286380529403687,0.48440879583358765,0.11853975802659988,0.07519038766622543,0.09164103865623474,0.07116401195526123,0.07934880256652832,0.01294255256652832,0.08368468284606934,12.756406445839986,-0.07934880256652832,-0.01294255256652832,-0.08368468284606934,0.6265512704849243,0.6712709069252014,0.34799277782440186,-0.04336463660001755
010924:2,True,195,22.19388771057129,0.0,0,9.526206195053499,False,0.10936500132083893,0.10789027065038681,0.01789955049753189,0.02553725242614746,0.1433579921722412,0.017420053482055664,0.015972614288330078,6.612405400603396,-0.1433579921722412,0.017420053482055664,0.015972614288330078,0.6610645651817322,0.6772050857543945,0.6490065455436707,0.10337992757558823,0.10255002230405807,0.013072974979877472,0.006474971771240234,0.15101778507232666,0.05384695529937744,0.09988272190093994,11.653467498666327,-0.15101778507232666,0.05384695529937744,0.09988272190093994,0.6636200547218323,0.6940162181854248,0.5864030122756958,0.005985073745250702
010974:0,True,65,39.88930892944336,0.0,0,,False,0.060303155332803726,0.055976469069719315,0.022430013865232468,0.045975327491760254,0.08420193195343018,0.11639404296875,0.04379916191101074,2.558356636654996,0.08420193195343018,0.11639404296875,0.04379916191101074,0.6683752536773682,0.7019019722938538,0.38947901129722595,0.1114153191447258,0.1110680103302002,0.008790312334895134,0.10727167129516602,0.08366662263870239,0.10897272825241089,0.07115411758422852,16.22274247649046,0.08366662263870239,0.10897272825241089,0.07115411758422852,0.5398459434509277,0.5995802879333496,0.5897939205169678,-0.05111216381192207
011004:0,True,130,21.271780014038086,0.0,0,,False,0.045923519879579544,0.045709021389484406,0.004433410242199898,0.0127716064453125,0.06415039300918579,0.11760079860687256,0.07978200912475586,0.13563025407244225,-0.06415039300918579,0.11760079860687256,0.07978200912475586,0.736020565032959,0.7707036733627319,0.4380042254924774,0.019443709403276443,0.003955527674406767,0.019037112593650818,0.057735323905944824,0.03945362567901611,0.04372262954711914,0.07302618026733398,2.473685969237847,-0.03945362567901611,0.04372262954711914,0.07302618026733398,0.817571222782135,0.8747009038925171,0.5280468463897705,0.0264798104763031
011016:1,True,20,74.70313262939453,0.0,1,18.990823274197638,False,0.18797817826271057,0.1287134289741516,0.13699869811534882,0.0333327054977417,0.21962988376617432,0.060117363929748535,0.0995410680770874,8.326857559615295,0.21962988376617432,0.060117363929748535,0.0995410680770874,0.47047218680381775,0.49541524052619934,0.6463812589645386,0.1330617517232895,0.08609288185834885,0.10145660489797592,0.11754679679870605,0.21036690473556519,0.0731016993522644,0.0889054536819458,0.906902500081624,0.21036690473556519,0.0731016993522644,0.0889054536819458,0.5224853754043579,0.5872315764427185,0.39748233556747437,0.05491642653942108
011019:0,True,183,24.088481903076172,0.0,0,,False,0.046559691429138184,0.04374136030673981,0.015953002497553825,0.07304114103317261,0.10209465026855469,0.011367499828338623,0.13691389560699463,12.589312697984793,-0.10209465026855469,-0.011367499828338623,-0.13691389560699463,0.7161963582038879,0.7729731202125549,0.45383068919181824,0.11853575706481934,0.11704447865486145,0.018743447959423065,0.17683202028274536,0.05406677722930908,0.03108525276184082,0.13819408416748047,4.7648865866969645,-0.05406677722930908,-0.03108525276184082,-0.13819408416748047,0.580654501914978,0.6882341504096985,0.454876184463501,-0.07197606563568115
011061:0,True,33,48.00750732421875,0.0,1,35.588182731886754,False,0.17755673825740814,0.15089111030101776,0.09358562529087067,0.06966626644134521,0.0630902647972107,0.10593754053115845,0.08980059623718262,0.9469547293745788,-0.0630902647972107,-0.10593754053115845,-0.08980059623718262,0.5128418803215027,0.5475329160690308,0.4645630121231079,0.06613435596227646,0.014388220384716988,0.06455022841691971,0.028239846229553223,0.03316086530685425,0.02269214391708374,0.05378139019012451,2.5303565035236146,-0.03316086530685425,-0.02269214391708374,-0.05378139019012451,0.8077324032783508,0.8322407007217407,0.6084684729576111,0.11142238229513168
011061:1,True,400,13.271271705627441,0.0,1,35.588182731886754,False,0.13956435024738312,0.08427295088768005,0.11124871671199799,0.021257758140563965,0.06953614950180054,0.011843860149383545,0.11947989463806152,6.551562075476922,-0.06953614950180054,0.011843860149383545,0.11947989463806152,0.6661291122436523,0.7054753303527832,0.388656347990036,0.06205589696764946,0.018446484580636024,0.0592508390545845,0.03986477851867676,0.07546555995941162,0.11319679021835327,0.028467535972595215,9.550862064569602,0.07546555995941162,0.11319679021835327,0.028467535972595215,0.7510178089141846,0.7844755053520203,0.6104323267936707,0.07750845327973366
011120:0,True,72,45.93916702270508,0.0,0,,False,0.12028244137763977,0.049104150384664536,0.10980278253555298,0.09217727184295654,0.06457698345184326,0.07437175512313843,0.017952919006347656,2.088142735900309,-0.06457698345184326,-0.07437175512313843,-0.017952919006347656,0.6603707671165466,0.721951425075531,0.6072002649307251,0.07757283747196198,0.011462586000561714,0.07672128081321716,0.0355762243270874,0.005890965461730957,0.004669070243835449,0.03025221824645996,2.2377511994802686,-0.005890965461730957,0.004669070243835449,-0.03025221824645996,0.8066486120223999,0.8365191221237183,0.7059628963470459,0.042709603905677795
011123:0,True,144,22.389934539794922,0.0,0,,False,0.026491576805710793,0.026362556964159012,0.002611389383673668,0.009035468101501465,0.06742453575134277,0.045094966888427734,0.004173398017883301,9.882692690274158,0.06742453575134277,0.045094966888427734,0.004173398017883301,0.7952724099159241,0.802958607673645,0.758780837059021,0.03243438899517059,0.03031793422996998,0.011524436995387077,0.0006783008575439453,0.1034044623374939,0.009193181991577148,0.02746903896331787,3.057455862151839,0.1034044623374939,0.009193181991577148,-0.02746903896331787,0.7812712788581848,0.7916027903556824,0.7435016632080078,-0.005942812189459801
011261:0,True,174,20.10430335998535,0.0,0,,False,0.0961260125041008,0.07537013292312622,0.05966198071837425,0.055551767349243164,0.017711520195007324,0.024292469024658203,0.02417612075805664,6.163907858943678,0.017711520195007324,0.024292469024658203,0.02417612075805664,0.6316053867340088,0.6692649722099304,0.31542453169822693,0.0817066878080368,0.0744880959391594,0.03357834741473198,0.05153858661651611,0.004956841468811035,0.00853186845779419,0.018896818161010742,1.0903887019448466,-0.004956841468811035,0.00853186845779419,0.018896818161010742,0.6805906891822815,0.7190741300582886,0.44716376066207886,0.014419324696063995
011401:0,True,138,21.58574104309082,0.0,0,14.916831809642444,False,0.10201802849769592,0.07252989709377289,0.07174324244260788,0.037548065185546875,0.09589862823486328,0.034713923931121826,0.023046135902404785,3.1687979635357157,0.09589862823486328,0.034713923931121826,0.023046135902404785,0.6303801536560059,0.6554740071296692,0.26422810554504395,0.05016017332673073,0.03387919068336487,0.03698977828025818,0.0020961761474609375,0.03686290979385376,0.015251994132995605,0.015049219131469727,2.8428545061535373,0.03686290979385376,-0.015251994132995605,0.015049219131469727,0.8003062605857849,0.8070979714393616,0.43423762917518616,0.051857855170965195
011401:1,True,276,17.090213775634766,0.0,0,14.916831809642444,False,0.09328306466341019,0.002649269998073578,0.09324543178081512,0.040474772453308105,0.030927956104278564,0.03325843811035156,0.06572246551513672,3.5110277796227036,0.030927956104278564,-0.03325843811035156,0.06572246551513672,0.7111580967903137,0.7388027310371399,0.5696662068367004,0.056902989745140076,0.018034644424915314,0.053969450294971466,0.010004401206970215,0.0062029361724853516,0.013871371746063232,0.012006163597106934,6.339709643248464,-0.0062029361724853516,-0.013871371746063232,0.012006163597106934,0.7909402251243591,0.7986788749694824,0.791660487651825,0.03638007491827011
011410:0,True,62,35.5279426574707,0.0,1,1.3374657027050607,True,0.10139817744493484,0.10136187076568604,0.002713218331336975,0.06121814250946045,0.025373458862304688,0.021984755992889404,0.1046757698059082,42.63805194149523,-0.025373458862304688,0.021984755992889404,0.1046757698059082,0.6042032837867737,0.6433884501457214,0.18362361192703247,0.11407294124364853,0.10076656937599182,0.05346713960170746,0.017287611961364746,0.0912848711013794,0.004738569259643555,0.03403830528259277,53.34374508808657,-0.0912848711013794,0.004738569259643555,0.03403830528259277,0.6064756512641907,0.6166508793830872,0.12311030179262161,-0.012674763798713684
011410:2,True,69,32.50012969970703,0.0,0,0.8422541348003967,True,0.20081700384616852,0.0038343816995620728,0.20078040659427643,0.03196835517883301,0.031320810317993164,0.04355412721633911,0.14015471935272217,11.858979239370004,0.031320810317993164,-0.04355412721633911,0.14015471935272217,0.4224128723144531,0.45094233751296997,0.189569354057312,0.04212348163127899,0.022572625428438187,0.03556493669748306,0.09385734796524048,0.06294822692871094,0.060334861278533936,0.10195720195770264,27.148466979470268,0.06294822692871094,-0.060334861278533936,0.10195720195770264,0.6449586749076843,0.7166885137557983,0.22865666449069977,0.15869352221488953
011410:3,True,112,32.07030487060547,0.0,0,0.8422541348003967,True,0.13078922033309937,0.11225539445877075,0.06711593270301819,0.023742079734802246,0.004667818546295166,0.016140758991241455,0.052591800689697266,14.069930143037807,-0.004667818546295166,-0.016140758991241455,0.052591800689697266,0.5926381349563599,0.607649564743042,0.14504650235176086,0.08520884066820145,0.03370199352502823,0.07826060056686401,0.07035189867019653,0.0005077123641967773,0.03291201591491699,0.06574118137359619,27.406994648511585,0.0005077123641967773,-0.03291201591491699,-0.06574118137359619,0.6273815035820007,0.6759824752807617,0.1177930012345314,0.04558037966489792
011410:4,True,213,20.168819427490234,0.0,0,7.39355363054592,False,0.0763963907957077,0.01599058508872986,0.07470414787530899,0.03343266248703003,0.030352473258972168,0.04412651062011719,0.025637388229370117,1.4819461442176667,0.030352473258972168,0.04412651062011719,0.025637388229370117,0.7179403305053711,0.743407666683197,0.303816020488739,0.01991531066596508,0.01722198724746704,0.010001140646636486,0.0528753399848938,0.01956641674041748,0.06784385442733765,0.03968977928161621,6.494376089279904,0.01956641674041748,0.06784385442733765,-0.03968977928161621,0.7934444546699524,0.8397148847579956,0.30710187554359436,0.05648108012974262
011410:5,True,169,27.41209602355957,0.0,0,0.429181255719331,True,0.18685054779052734,0.15984241664409637,0.09676532447338104,0.14092332124710083,0.0011309981346130371,0.010042786598205566,0.009865045547485352,31.390570887094455,0.0011309981346130371,-0.010042786598205566,0.009865045547485352,0.4584997296333313,0.5213359594345093,0.1301887035369873,0.19287143647670746,0.18527741730213165,0.053587980568408966,0.04106038808822632,0.061511874198913574,0.01628410816192627,0.047432661056518555,21.88488733616099,-0.061511874198913574,-0.01628410816192627,-0.047432661056518555,0.47903597354888916,0.4976508915424347,0.27250462770462036,-0.006020888686180115
011501:0,True,491,9.063899993896484,0.0,1,7.62403578039989,False,0.06081299111247063,0.060787782073020935,0.0017509236931800842,0.013475358486175537,0.023513317108154297,0.024091243743896484,0.0247117280960083,3.8567059294920565,0.023513317108154297,0.024091243743896484,-0.0247117280960083,0.7870199680328369,0.797722578048706,0.20068271458148956,0.14550067484378815,0.13560442626476288,0.052743591368198395,0.04157477617263794,0.020935773849487305,0.051013827323913574,0.09093046188354492,20.69747761828895,-0.020935773849487305,0.051013827323913574,-0.09093046188354492,0.5665602087974548,0.5907629728317261,0.27864503860473633,-0.08468768373131752
011501:1,True,277,16.310766220092773,0.0,0,7.62403578039989,False,0.09350243210792542,0.09271924197673798,0.012076690793037415,0.05905759334564209,0.07974272966384888,0.016900599002838135,0.044057607650756836,5.265218888710081,0.07974272966384888,-0.016900599002838135,0.044057607650756836,0.6579158306121826,0.6984484195709229,0.46743014454841614,0.01952761970460415,0.0017991098575294018,0.01944456622004509,0.013236403465270996,0.10636365413665771,0.0241549015045166,0.024215102195739746,30.426952772120053,0.10636365413665771,-0.0241549015045166,-0.024215102195739746,0.6943503022193909,0.7030714750289917,0.42884325981140137,0.07397481240332127
011501:2,True,153,24.174461364746094,0.0,0,7.965077334732791,False,0.06660735607147217,0.03509516268968582,0.056611567735672,0.09329843521118164,0.07764744758605957,0.0751374363899231,0.014237403869628906,0.18040897427104585,0.07764744758605957,-0.0751374363899231,-0.014237403869628906,0.710290789604187,0.781982421875,0.6472348570823669,0.021667541936039925,0.007606226950883865,0.020288610830903053,0.026145339012145996,0.06953209638595581,8.028745651245117e-05,0.067679762840271,0.8909285088457997,0.06953209638595581,8.028745651245117e-05,-0.067679762840271,0.8237622976303101,0.8527474403381348,0.7315866947174072,0.04493981413543224
011501:3,True,22,69.37957763671875,0.0,0,45.61168758614715,False,0.0544063076376915,0.020967885851860046,0.05020352452993393,0.11638998985290527,0.049107372760772705,0.12871050834655762,0.0254288911819458,8.354322205010087,0.049107372760772705,-0.12871050834655762,-0.0254288911819458,0.6730853915214539,0.7605490684509277,0.504319429397583,0.07884868234395981,0.060271572321653366,0.05083751678466797,0.14625024795532227,0.13208889961242676,0.07599163055419922,0.02199876308441162,1.7378359937486954,0.13208889961242676,-0.07599163055419922,0.02199876308441162,0.630810558795929,0.7325495481491089,0.1373463124036789,-0.02444237470626831
011547:0,True,171,22.88528060913086,0.0,0,,False,0.08715207129716873,0.08200173079967499,0.029516097158193588,0.010460138320922852,0.1526084542274475,0.021659910678863525,0.02767801284790039,0.483731299864314,0.1526084542274475,0.021659910678863525,0.02767801284790039,0.7220319509506226,0.7333506345748901,0.45744404196739197,0.028386719524860382,0.02005763165652752,0.020087242126464844,0.015993475914001465,0.06976735591888428,0.025499463081359863,0.011020302772521973,0.7467755451798451,0.06976735591888428,0.025499463081359863,-0.011020302772521973,0.8554386496543884,0.8699683547019958,0.4668969213962555,0.05876535177230835
011590:0,True,0,27.483102798461914,0.0,0,,False,0.3718334436416626,0.3690338134765625,0.04554322361946106,0.15597021579742432,0.25740712881088257,0.10960310697555542,0.16697072982788086,2.3927432186168613,-0.25740712881088257,-0.10960310697555542,-0.16697072982788086,0.2345792055130005,0.2675231993198395,0.18765760958194733,0.17236630618572235,0.1723175048828125,0.004101587459445,0.05572199821472168,0.18136662244796753,0.06214487552642822,0.060962796211242676,3.4584426079449475,-0.18136662244796753,-0.06214487552642822,-0.060962796211242676,0.5544544458389282,0.5849020481109619,0.36691662669181824,0.19946713745594025
011672:0,True,33,57.65232849121094,0.0,0,6.111560490902774,False,0.053251225501298904,0.029225889593362808,0.0445144958794117,0.1043241024017334,0.050534963607788086,0.08435642719268799,0.015049219131469727,6.135357668213024,0.050534963607788086,0.08435642719268799,-0.015049219131469727,0.6950940489768982,0.773933470249176,0.37186357378959656,0.08745457977056503,0.0831797793507576,0.027007928118109703,0.020537137985229492,0.05695384740829468,0.10064899921417236,0.03366553783416748,5.061897817497141,0.05695384740829468,0.10064899921417236,-0.03366553783416748,0.6710333228111267,0.6834505200386047,0.2905689477920532,-0.03420335426926613
011672:3,True,25,57.972618103027344,0.0,0,17.356196978379963,False,0.13542209565639496,0.13439524173736572,0.016645148396492004,0.017506837844848633,0.1781269907951355,0.1444210410118103,0.23409557342529297,0.21630844854863285,0.1781269907951355,0.1444210410118103,0.23409557342529297,0.45555758476257324,0.5255751013755798,0.13060981035232544,0.009848915971815586,0.007602086290717125,0.006261742673814297,0.06754040718078613,0.08075720071792603,0.06605541706085205,0.17055773735046387,4.4068913275149235,0.08075720071792603,0.06605541706085205,0.17055773735046387,0.6984920501708984,0.7806056141853333,0.5330804586410522,0.12557317968457937
011672:5,True,230,20.831146240234375,0.0,0,1.3730759006900821,True,0.11800164729356766,0.11611136049032211,0.021036608144640923,0.13832080364227295,0.04147225618362427,0.07078897953033447,0.12961530685424805,0.41932034001608637,0.04147225618362427,-0.07078897953033447,-0.12961530685424805,0.5695556998252869,0.6509672999382019,0.3803970217704773,0.013469110243022442,0.00642875861376524,0.011835877783596516,0.07259142398834229,0.016933917999267578,0.09668034315109253,0.08746218681335449,22.436022585220663,0.016933917999267578,-0.09668034315109253,-0.08746218681335449,0.6914011836051941,0.7446499466896057,0.464901328086853,0.10453253705054522
011691:0,True,112,25.740787506103516,0.0,0,18.52315322010733,False,0.032094329595565796,0.02166317030787468,0.023680223152041435,0.1115652322769165,0.15343207120895386,0.05518460273742676,0.023436784744262695,10.410027917799834,-0.15343207120895386,0.05518460273742676,0.023436784744262695,0.646513819694519,0.7242645621299744,0.3896969258785248,0.029332293197512627,0.014195037074387074,0.025668740272521973,0.027449846267700195,0.11964762210845947,0.018514931201934814,0.04692959785461426,6.688877565041522,-0.11964762210845947,0.018514931201934814,0.04692959785461426,0.7530777454376221,0.7735249996185303,0.4367864727973938,0.0027620363980531693
011691:1,True,88,34.686824798583984,0.0,0,18.52315322010733,False,0.21911990642547607,0.07033512741327286,0.20752468705177307,0.010096073150634766,0.03399384021759033,0.08612638711929321,0.02188277244567871,45.830104877922,-0.03399384021759033,-0.08612638711929321,0.02188277244567871,0.4710204005241394,0.47507816553115845,0.12437968701124191,0.16608968377113342,0.09636887907981873,0.13527312874794006,0.03003549575805664,0.007350802421569824,0.049715518951416016,0.024150729179382324,22.420901912888915,0.007350802421569824,-0.049715518951416016,-0.024150729179382324,0.5470094084739685,0.5625191330909729,0.22336223721504211,0.05303022265434265
011691:2,True,49,55.92319869995117,0.0,1,21.85298538861319,False,0.04703439027070999,0.036673374474048615,0.029449913650751114,0.10342717170715332,0.05716097354888916,0.24770861864089966,0.03492140769958496,4.305659272593329,0.05716097354888916,-0.24770861864089966,0.03492140769958496,0.607940137386322,0.6720329523086548,0.4499262273311615,0.04014435037970543,0.04014105349779129,0.0005147149786353111,0.015585899353027344,0.11769944429397583,0.20309007167816162,0.024054288864135742,5.3988720303888895,0.11769944429397583,-0.20309007167816162,0.024054288864135742,0.6810721755027771,0.6914703249931335,0.6238980293273926,0.006890039891004562
011718:0,True,25,63.89898681640625,0.0,0,,False,0.036734387278556824,0.03313728794455528,0.01585356518626213,0.03743386268615723,0.013381242752075195,0.04210793972015381,0.10820341110229492,2.1015845481868944,-0.013381242752075195,0.04210793972015381,0.10820341110229492,0.7953128814697266,0.8459062576293945,0.3039584159851074,0.042758747935295105,0.03708645701408386,0.02128157578408718,0.055608510971069336,0.030973196029663086,0.03292417526245117,0.0860205888748169,11.513858432031265,0.030973196029663086,0.03292417526245117,0.0860205888748169,0.7498453259468079,0.7988186478614807,0.3129563629627228,-0.006024360656738281
011753:0,True,53,39.83940887451172,0.0,0,0.8114081015697637,True,0.08627310395240784,0.013248482719063759,0.08524978905916214,0.027884244918823242,0.07285422086715698,0.023945391178131104,0.17883288860321045,10.747046754292274,0.07285422086715698,-0.023945391178131104,0.17883288860321045,0.6199315190315247,0.6849168539047241,0.32026171684265137,0.04976971074938774,0.02841092459857464,0.04086372256278992,0.023831486701965332,0.05271947383880615,0.005543529987335205,0.1156151294708252,5.131334887090154,0.05271947383880615,-0.005543529987335205,0.1156151294708252,0.7622391581535339,0.8178883790969849,0.3536449074745178,0.036503393203020096
011753:1,True,80,39.36521530151367,0.0,0,0.8114081015697637,True,0.30907487869262695,0.15065576136112213,0.2698705792427063,0.02755337953567505,0.006037414073944092,0.04564523696899414,0.047869086265563965,16.15269205636281,0.006037414073944092,-0.04564523696899414,0.047869086265563965,0.28181493282318115,0.28775733709335327,0.39232137799263,0.34028133749961853,0.09594216197729111,0.3264758884906769,0.08501356840133667,0.004713773727416992,0.03955000638961792,0.03516411781311035,26.63378991370946,0.004713773727416992,-0.03955000638961792,-0.03516411781311035,0.2474340945482254,0.2648034691810608,0.24067561328411102,-0.031206458806991577
011753:2,True,130,27.06249237060547,0.0,0,6.2008397489519504,False,0.0867035984992981,0.080413818359375,0.032421160489320755,0.05565851926803589,0.014086723327636719,0.033969998359680176,0.02399158477783203,4.476565632496052,0.014086723327636719,-0.033969998359680176,0.02399158477783203,0.645579993724823,0.6819542646408081,0.37022656202316284,0.07296997308731079,0.008816283196210861,0.0724354237318039,0.014883279800415039,0.01708519458770752,0.02229607105255127,0.003720879554748535,8.323582711279359,-0.01708519458770752,-0.02229607105255127,-0.003720879554748535,0.7387477159500122,0.7502257823944092,0.2796050012111664,0.013733625411987305
011753:3,True,87,33.42390823364258,0.0,0,0.5210972115065012,True,0.2319164276123047,0.17667239904403687,0.15024013817310333,0.20964068174362183,0.039816439151763916,0.014077544212341309,0.05004751682281494,16.042575746563863,-0.039816439151763916,-0.014077544212341309,-0.05004751682281494,0.35335347056388855,0.4257696866989136,0.48222801089286804,0.223032146692276,0.16940702497959137,0.14506757259368896,0.1845429539680481,0.023879170417785645,0.029530227184295654,0.07798683643341064,17.841456328648462,-0.023879170417785645,-0.029530227184295654,-0.07798683643341064,0.37251099944114685,0.4401138126850128,0.4451398551464081,0.008884280920028687
011753:5,True,162,21.485204696655273,0.0,1,6.2008397489519504,False,0.09649013727903366,0.034895364195108414,0.08995921909809113,0.007258236408233643,0.057172417640686035,0.05247390270233154,0.12632465362548828,5.073809667409643,0.057172417640686035,0.05247390270233154,0.12632465362548828,0.6561625003814697,0.7060911059379578,0.3552836775779724,0.03423546999692917,0.025446319952607155,0.022903108969330788,0.004250526428222656,0.04480326175689697,0.03343379497528076,0.1263718605041504,4.8800508610347215,0.04480326175689697,0.03343379497528076,0.1263718605041504,0.7843573689460754,0.8476688861846924,0.3206537961959839,0.06225466728210449
011753:6,True,47,50.639732360839844,0.0,1,12.505465580073173,False,0.04389078915119171,0.025166232138872147,0.03595917671918869,0.12205469608306885,0.06337141990661621,0.01359778642654419,0.03239083290100098,10.180149704603222,-0.06337141990661621,-0.01359778642654419,-0.03239083290100098,0.7006140947341919,0.7999158501625061,0.17430533468723297,0.03092125616967678,0.024736313149333,0.018553677946329117,0.025919854640960693,0.045281171798706055,0.08779406547546387,0.00896453857421875,5.348601838097596,-0.045281171798706055,0.08779406547546387,-0.00896453857421875,0.7964888215065002,0.8188799619674683,0.30110907554626465,0.01296953298151493
011824:0,True,42,49.506961822509766,0.0,0,3.538941366790569,False,0.06405050307512283,0.02047654613852501,0.06068919599056244,0.11190927028656006,0.006110250949859619,0.02109915018081665,0.008689522743225098,83.39624457810618,-0.006110250949859619,-0.02109915018081665,0.008689522743225098,0.6949188709259033,0.7818713784217834,0.4066447615623474,0.06322924047708511,0.06277839839458466,0.007537258788943291,0.11372756958007812,0.024824142456054688,0.0180475115776062,0.010365605354309082,84.31290696376958,0.024824142456054688,0.0180475115776062,0.010365605354309082,0.7135770320892334,0.8057861924171448,0.23020349442958832,0.0008212625980377197
011824:1,True,21,53.816471099853516,0.0,1,3.402561076405813,False,0.030560972169041634,0.00390811450779438,0.03031005710363388,0.05119645595550537,0.048652470111846924,0.02098757028579712,0.0011746883392333984,2.757212130641411,-0.048652470111846924,-0.02098757028579712,-0.0011746883392333984,0.8196616768836975,0.8672295212745667,0.18023769557476044,0.1603243052959442,0.10483315587043762,0.1213008314371109,0.0852665901184082,0.045066654682159424,0.041155099868774414,0.0022170543670654297,10.140416672968422,-0.045066654682159424,-0.041155099868774414,0.0022170543670654297,0.5196903347969055,0.5625044703483582,0.15664732456207275,-0.12976333312690258
011824:2,True,26,50.54484939575195,0.0,1,3.402561076405813,False,0.11214901506900787,0.05819328874349594,0.09586940705776215,0.023783564567565918,0.07574844360351562,0.0662156343460083,0.0014177560806274414,77.92594425061013,-0.07574844360351562,-0.0662156343460083,-0.0014177560806274414,0.6370635628700256,0.6520504355430603,0.27749761939048767,0.12723208963871002,0.013324297964572906,0.12653246521949768,0.052639126777648926,0.04163151979446411,0.0518837571144104,0.03464710712432861,67.34962854727716,-0.04163151979446411,-0.0518837571144104,-0.03464710712432861,0.5868878960609436,0.6182547807693481,0.37560781836509705,-0.015083074569702148
011824:3,True,21,59.842315673828125,0.0,1,6.546761302201484,False,0.054111603647470474,0.01679055765271187,0.05144067481160164,0.0972369909286499,0.006396770477294922,0.10143476724624634,0.006268620491027832,4.464412904729763,-0.006396770477294922,-0.10143476724624634,-0.006268620491027832,0.7395116686820984,0.8215901851654053,0.27275899052619934,0.04158574715256691,0.010885447263717651,0.040135785937309265,0.029629945755004883,0.037269651889801025,0.03059917688369751,0.0023615360260009766,3.4721043527756366,0.037269651889801025,-0.03059917688369751,-0.0023615360260009766,0.8235676884651184,0.8506131768226624,0.13120914995670319,0.012525856494903564
011863:0,True,237,16.08423614501953,0.0,0,4.897725966201562,False,0.07906738668680191,0.018738407641649246,0.07681487500667572,0.04957103729248047,0.04879188537597656,0.012564659118652344,0.024766206741333008,15.308871816964759,0.04879188537597656,0.012564659118652344,-0.024766206741333008,0.6999337673187256,0.734710693359375,0.3238290250301361,0.08452285081148148,0.07611885666847229,0.036742813885211945,0.03342556953430176,0.1523972749710083,0.020174741744995117,0.02505028247833252,6.298563217197644,0.1523972749710083,0.020174741744995117,-0.02505028247833252,0.653582751750946,0.6738630533218384,0.4286092519760132,-0.005455464124679565
011863:1,True,137,21.106592178344727,0.0,1,12.027500832858973,False,0.12185722589492798,0.10828401148319244,0.05589057505130768,0.023825883865356445,0.004663407802581787,0.009942471981048584,0.09413444995880127,1.2263827772761349,-0.004663407802581787,0.009942471981048584,-0.09413444995880127,0.6599781513214111,0.6899394989013672,0.4365658760070801,0.06666702777147293,0.045916952192783356,0.048333484679460526,0.035688161849975586,0.06428688764572144,0.021149158477783203,0.05256056785583496,4.127872636221396,0.06428688764572144,0.021149158477783203,-0.05256056785583496,0.7888155579566956,0.8164553642272949,0.43951472640037537,0.05519019812345505
011863:2,True,199,16.679330825805664,0.0,0,4.897725966201562,False,0.09431866556406021,0.06972377002239227,0.06351854652166367,0.0372014045715332,0.05474001169204712,0.03870391845703125,0.010872721672058105,68.19350160695573,-0.05474001169204712,0.03870391845703125,-0.010872721672058105,0.653451681137085,0.677024781703949,0.27097275853157043,0.031037772074341774,0.018103057518601418,0.025211557745933533,0.006382346153259277,0.05899995565414429,0.018397271633148193,0.0032508373260498047,70.45336531650284,0.05899995565414429,0.018397271633148193,-0.0032508373260498047,0.6856237053871155,0.6897623538970947,0.3515305519104004,0.06328089348971844
011897:0,True,134,21.612442016601562,0.0,0,14.878213444907374,False,0.06272798776626587,0.0037663402035832405,0.0626148134469986,0.061242103576660156,0.06050121784210205,0.02000373601913452,0.04194819927215576,5.506129678649099,0.06050121784210205,0.02000373601913452,0.04194819927215576,0.7230837941169739,0.7732856869697571,0.34846559166908264,0.07536452263593674,0.049872178584337234,0.056502897292375565,0.005576968193054199,0.00829470157623291,0.006790637969970703,0.03324902057647705,1.9299109311221228,0.00829470157623291,-0.006790637969970703,0.03324902057647705,0.7081723809242249,0.7205581068992615,0.5409797430038452,-0.012636534869670868
011897:1,True,278,17.079652786254883,0.0,0,14.878213444907374,False,0.09903568774461746,0.024427294731140137,0.09597591310739517,0.005605578422546387,0.01115107536315918,0.044949352741241455,0.03755927085876465,6.406044440467628,0.01115107536315918,-0.044949352741241455,0.03755927085876465,0.6995694637298584,0.7116304039955139,0.5504196286201477,0.10195310413837433,0.03903159871697426,0.09418583661317825,0.00774538516998291,0.02260267734527588,0.012612700462341309,0.012588739395141602,4.731445980520582,0.02260267734527588,0.012612700462341309,0.012588739395141602,0.6764423847198486,0.6813836693763733,0.7818438410758972,-0.0029174163937568665
011911:0,True,60,37.128814697265625,0.0,1,49.34239903978877,False,0.09434281289577484,0.0385756641626358,0.08609578013420105,0.13595151901245117,0.018467068672180176,0.0536234974861145,0.061136722564697266,28.62084220742791,-0.018467068672180176,0.0536234974861145,-0.061136722564697266,0.582683265209198,0.6620209813117981,0.24988555908203125,0.05563441291451454,0.05526380613446236,0.0064108893275260925,0.09380912780761719,0.04595375061035156,0.013519227504730225,0.07764947414398193,0.4792693651034602,-0.04595375061035156,0.013519227504730225,-0.07764947414398193,0.7198367118835449,0.792473316192627,0.5565944910049438,0.0387083999812603
011911:1,True,18,66.33863830566406,0.0,1,49.34239903978877,False,0.05832783505320549,0.055712372064590454,0.01727043278515339,0.022919178009033203,0.09318375587463379,0.02990013360977173,0.031032323837280273,0.497902121159255,-0.09318375587463379,0.02990013360977173,0.031032323837280273,0.8034234642982483,0.8226828575134277,0.4669424593448639,0.03540126606822014,0.03447923809289932,0.00802692398428917,0.026037931442260742,0.10006779432296753,0.011636137962341309,0.031223773956298828,5.775699942345492,-0.10006779432296753,0.011636137962341309,0.031223773956298828,0.8020022511482239,0.8237307667732239,0.2614739239215851,0.02292656898498535
011951:0,True,163,24.80878448486328,0.0,0,8.510084929325776,False,0.046182502061128616,0.0008744560182094574,0.046174224466085434,0.04778343439102173,0.016580522060394287,0.035547077655792236,0.019816279411315918,5.062007100523861,0.016580522060394287,-0.035547077655792236,-0.019816279411315918,0.7895137071609497,0.8317046165466309,0.36354824900627136,0.06017789617180824,0.059588897973299026,0.00839897058904171,0.027064085006713867,0.036531150341033936,0.04369300603866577,0.05740690231323242,3.6870626998436142,-0.036531150341033936,-0.04369300603866577,-0.05740690231323242,0.7510799765586853,0.7758286595344543,0.42271360754966736,-0.013995394110679626
011951:1,True,52,33.15176010131836,0.0,1,7.081430068370062,False,0.11841046065092087,0.05951971560716629,0.10236426442861557,0.004487514495849609,0.043605148792266846,0.02898848056793213,0.08267796039581299,3.2586185935870544,0.043605148792266846,0.02898848056793213,0.08267796039581299,0.5833323001861572,0.6091533899307251,0.38617539405822754,0.025847245007753372,0.017938774079084396,0.018608616665005684,0.10709518194198608,0.015720605850219727,0.027552664279937744,0.035968661308288574,9.450813453607255,0.015720605850219727,0.027552664279937744,0.035968661308288574,0.7453910112380981,0.8441183567047119,0.5223228335380554,0.0925632156431675
011951:3,True,99,32.03523254394531,0.0,0,7.081430068370062,False,0.3036283552646637,0.21530041098594666,0.21409329771995544,0.018984198570251465,0.028096795082092285,0.03825598955154419,0.045398831367492676,8.096238043522648,0.028096795082092285,-0.03825598955154419,-0.045398831367492676,0.2740188241004944,0.27865901589393616,0.32460644841194153,0.16609732806682587,0.10881605744361877,0.12548862397670746,0.07156926393508911,0.011910974979400635,0.018762707710266113,0.062333106994628906,0.31165288040567635,0.011910974979400635,-0.018762707710266113,-0.062333106994628906,0.46529486775398254,0.4952598214149475,0.3736456632614136,0.13753102719783783
012128:0,True,113,28.83833885192871,0.0,1,,False,0.019552750512957573,0.0037573324516415596,0.019188344478607178,0.02107900381088257,0.05165600776672363,0.062113940715789795,0.09244632720947266,1.2745852434817504,0.05165600776672363,0.062113940715789795,0.09244632720947266,0.801318883895874,0.8467560410499573,0.5573802590370178,0.035204969346523285,0.034846145659685135,0.005013594403862953,0.052621304988861084,0.02546769380569458,0.015730082988739014,0.06112027168273926,8.051737539847181,0.02546769380569458,0.015730082988739014,0.06112027168273926,0.7935177683830261,0.8422165513038635,0.5996876358985901,-0.015652218833565712
012158:0,True,58,44.261417388916016,0.0,0,10.904603986559668,False,0.05651077255606651,0.05609385296702385,0.006851795129477978,0.07828009128570557,0.02682483196258545,0.04286599159240723,0.017558932304382324,17.420933875338452,0.02682483196258545,0.04286599159240723,-0.017558932304382324,0.6961102485656738,0.7550814151763916,0.21693746745586395,0.03015216998755932,0.023050984367728233,0.019437219947576523,0.040201663970947266,0.007032454013824463,0.024471521377563477,0.011908650398254395,16.182529965123095,-0.007032454013824463,0.024471521377563477,0.011908650398254395,0.7612124681472778,0.7942339181900024,0.5589801073074341,0.026358602568507195
012160:0,True,30,61.10908508300781,0.0,1,21.626443391847094,False,0.17367857694625854,0.13450270891189575,0.10987842082977295,0.17074859142303467,0.05037015676498413,0.12864679098129272,0.0305633544921875,6.053404049594877,-0.05037015676498413,-0.12864679098129272,-0.0305633544921875,0.46563026309013367,0.5453846454620361,0.6295781135559082,0.11868773400783539,0.09847454726696014,0.06625360995531082,0.006799221038818359,0.04448413848876953,0.10040807723999023,0.011105537414550781,0.686689916309071,-0.04448413848876953,-0.10040807723999023,-0.011105537414550781,0.6582937240600586,0.6629120707511902,0.6629371643066406,0.05499084293842316
012160:1,True,78,39.50598907470703,0.0,0,21.626443391847094,False,0.12566488981246948,0.12046589702367783,0.03577195480465889,0.1349412202835083,0.02796560525894165,0.08227014541625977,0.1056208610534668,7.044619771281802,0.02796560525894165,-0.08227014541625977,0.1056208610534668,0.5719226002693176,0.6534331440925598,0.288126140832901,0.06491675972938538,0.024239476770162582,0.060221534222364426,0.06992113590240479,0.0016970634460449219,0.12369406223297119,0.018073320388793945,4.175503187769566,-0.0016970634460449219,-0.12369406223297119,0.018073320388793945,0.7246388792991638,0.7816343307495117,0.37587472796440125,0.060748130083084106
012160:2,True,23,75.6518783569336,0.0,1,29.253512180671745,False,0.19942699372768402,0.15283441543579102,0.1281123161315918,0.16350388526916504,0.007272541522979736,0.10053813457489014,0.07374680042266846,0.38605230980178973,0.007272541522979736,0.10053813457489014,0.07374680042266846,0.42044681310653687,0.48643359541893005,0.2893832325935364,0.15133953094482422,0.13099953532218933,0.07578109949827194,0.11346030235290527,0.07495886087417603,0.07298660278320312,0.01723945140838623,3.568865821514372,-0.07495886087417603,0.07298660278320312,-0.01723945140838623,0.5220783948898315,0.5814827680587769,0.10588619112968445,0.0480874627828598
012186:0,True,38,47.39387893676758,0.0,1,16.268671230976768,False,0.07958178222179413,0.07878291606903076,0.01124776341021061,0.017731904983520508,0.0702778697013855,0.011293470859527588,0.12012696266174316,0.5029377918103899,0.0702778697013855,-0.011293470859527588,0.12012696266174316,0.7132213711738586,0.7640100121498108,0.518113374710083,0.05502656102180481,0.05253949761390686,0.01635614037513733,0.09548962116241455,0.04633074998855591,0.065277099609375,0.1274418830871582,0.8224267204269063,0.04633074998855591,0.065277099609375,0.1274418830871582,0.6821016073226929,0.7611805200576782,0.6783358454704285,0.02455522119998932
012229:0,True,93,38.06800079345703,0.0,0,4.5950744350185735,False,0.14407135546207428,0.056899189949035645,0.13235950469970703,0.028611421585083008,0.11041396856307983,0.17570257186889648,0.10514020919799805,5.681392332751626,0.11041396856307983,-0.17570257186889648,0.10514020919799805,0.5909504294395447,0.6221595406532288,0.22322575747966766,0.1390591710805893,0.05843929573893547,0.12618358433246613,0.01132965087890625,0.056205928325653076,0.09620600938796997,0.09377408027648926,12.302768959458747,0.056205928325653076,-0.09620600938796997,0.09377408027648926,0.6008336544036865,0.6293317675590515,0.5113442540168762,0.005012184381484985
012229:1,True,70,42.49462127685547,0.0,0,4.5950744350185735,False,0.1305163949728012,0.03286908566951752,0.12630975246429443,0.058901071548461914,0.12230247259140015,0.01728034019470215,0.06959807872772217,5.182628241266286,0.12230247259140015,-0.01728034019470215,0.06959807872772217,0.5587652921676636,0.5937716960906982,0.1215108260512352,0.12659426033496857,0.012497257441282272,0.12597590684890747,0.13230597972869873,0.011006832122802734,0.061870694160461426,0.07415413856506348,10.230138037905709,0.011006832122802734,0.061870694160461426,0.07415413856506348,0.5707826614379883,0.6544856429100037,0.38245341181755066,0.003922134637832642
012229:2,True,38,57.05896759033203,0.0,1,4.354084939043359,False,0.1153857409954071,0.08745492994785309,0.07526955008506775,0.0038254261016845703,0.06956243515014648,0.009717702865600586,0.0035208463668823242,14.845214897813285,-0.06956243515014648,0.009717702865600586,0.0035208463668823242,0.6646659970283508,0.667092502117157,0.548079788684845,0.09053605794906616,0.07214652001857758,0.05469604581594467,0.08579874038696289,0.07817715406417847,0.07387018203735352,0.003731846809387207,4.007671779484013,-0.07817715406417847,0.07387018203735352,0.003731846809387207,0.6638239622116089,0.7240744233131409,0.653573751449585,0.024849683046340942
012229:3,True,28,63.84340286254883,0.0,0,0.8831123566305005,True,0.06774342060089111,0.054644159972667694,0.04003980755805969,0.07698440551757812,0.07903629541397095,0.09395730495452881,0.1023092269897461,13.679274285735428,0.07903629541397095,0.09395730495452881,0.1023092269897461,0.6472611427307129,0.7041345834732056,0.3817373514175415,0.08660873025655746,0.033794060349464417,0.07974354922771454,0.05303335189819336,0.08191865682601929,0.05669766664505005,0.15147554874420166,14.30125863231347,0.08191865682601929,0.05669766664505005,0.15147554874420166,0.635567843914032,0.690184473991394,0.18907874822616577,-0.01886530965566635
012229:4,True,24,64.04058074951172,0.0,1,0.8831123566305005,True,0.10868676751852036,0.10175544023513794,0.03819219768047333,0.07427787780761719,0.03817969560623169,0.03128749132156372,0.15431880950927734,13.087807224369003,0.03817969560623169,0.03128749132156372,0.15431880950927734,0.6203615069389343,0.6739376783370972,0.3257376551628113,0.11726398020982742,0.10257696360349655,0.056822605431079865,0.11285758018493652,0.029712796211242676,0.03397279977798462,0.15494787693023682,8.598842977296544,0.029712796211242676,0.03397279977798462,0.15494787693023682,0.5719830393791199,0.6432787179946899,0.25488653779029846,-0.008577212691307068
012229:5,True,41,44.17593002319336,0.0,0,8.387523544499285,False,0.10000082105398178,0.0688992366194725,0.07247799634933472,0.10150957107543945,0.16772252321243286,0.04576683044433594,0.2858642339706421,7.785524086756763,0.16772252321243286,0.04576683044433594,0.2858642339706421,0.5396541953086853,0.6450015306472778,0.25490158796310425,0.052288930863142014,0.04531411826610565,0.026091434061527252,0.0051146745681762695,0.09882277250289917,0.07441908121109009,0.24369728565216064,2.0004431069573454,0.09882277250289917,0.07441908121109009,0.24369728565216064,0.632936418056488,0.7413855195045471,0.37823930382728577,0.04771189019083977
012229:6,True,45,55.19136428833008,0.0,0,4.354084939043359,False,0.06823228299617767,0.027138782665133476,0.06260296702384949,0.14270925521850586,0.13833633065223694,0.2034820318222046,0.009860396385192871,5.085666875808785,0.13833633065223694,-0.2034820318222046,-0.009860396385192871,0.557003378868103,0.6410382986068726,0.5467726588249207,0.12769733369350433,0.019646868109703064,0.12617690861225128,0.026395559310913086,0.11923322081565857,0.200464129447937,0.0017067193984985352,2.0607673377068982,0.11923322081565857,-0.200464129447937,-0.0017067193984985352,0.6118919253349304,0.6276151537895203,0.6178021430969238,-0.05946505069732666
012277:0,True,132,26.007877349853516,0.0,1,1.018480451074192,True,0.03302663564682007,0.010231567546725273,0.03140181303024292,0.01745373010635376,0.2019113302230835,0.11890459060668945,0.092917799949646,9.621677465884293,0.2019113302230835,-0.11890459060668945,0.092917799949646,0.6003385186195374,0.6310360431671143,0.20895984768867493,0.03213798627257347,0.002180853858590126,0.032063908874988556,0.02917104959487915,0.23165053129196167,0.12723833322525024,0.06259310245513916,4.889961010778238,0.23165053129196167,-0.12723833322525024,0.06259310245513916,0.5743265748023987,0.5939359068870544,0.6127734184265137,0.0008886493742465973
012277:1,True,163,26.165517807006836,0.0,1,1.018480451074192,True,0.06443504244089127,0.0624590739607811,0.015834739431738853,0.02055734395980835,0.06486433744430542,0.04787313938140869,0.04207813739776611,14.345764144945273,0.06486433744430542,-0.04787313938140869,-0.04207813739776611,0.7290306091308594,0.7439848184585571,0.4639540910720825,0.11416210234165192,0.11404793709516525,0.005104366689920425,0.09732210636138916,0.06932574510574341,0.050879061222076416,0.07687950134277344,0.2425363749614818,0.06932574510574341,-0.050879061222076416,-0.07687950134277344,0.587244987487793,0.6432794332504272,0.5386200547218323,-0.04972705990076065
012277:2,True,131,29.17975425720215,0.0,1,3.288925613634269,False,0.051253851503133774,0.048122256994247437,0.01764102280139923,0.01856386661529541,0.05972355604171753,0.11669707298278809,0.02422463893890381,0.816853286064176,-0.05972355604171753,-0.11669707298278809,0.02422463893890381,0.7541674971580505,0.7679893970489502,0.4174548089504242,0.07213041931390762,0.012475777417421341,0.07104331254959106,0.03728872537612915,0.09757232666015625,0.07342880964279175,0.07045567035675049,2.3036142589045294,-0.09757232666015625,-0.07342880964279175,0.07045567035675049,0.7109740972518921,0.7356030344963074,0.5541254878044128,-0.02087656781077385
012277:3,True,32,33.6964225769043,0.0,1,4.531396070987907,False,0.14174464344978333,0.13001780211925507,0.05645275488495827,0.18678414821624756,0.016095638275146484,0.009965240955352783,0.03821110725402832,2.3442675448444454,-0.016095638275146484,-0.009965240955352783,0.03821110725402832,0.4845312535762787,0.577524721622467,0.21014179289340973,0.08720644563436508,0.04017539694905281,0.07740091532468796,0.054285287857055664,0.03343850374221802,0.015768706798553467,0.020428895950317383,5.8702097246331295,-0.03343850374221802,0.015768706798553467,0.020428895950317383,0.698967695236206,0.7387081980705261,0.22973383963108063,0.05453819781541824
012277:4,True,82,39.070228576660156,0.0,1,0.46788892057428627,True,0.22044135630130768,0.024177221581339836,0.21911150217056274,0.1633257269859314,0.1020931601524353,0.06884640455245972,0.02469801902770996,2.8887702254778618,0.1020931601524353,-0.06884640455245972,0.02469801902770996,0.4127630591392517,0.477238267660141,0.3078491687774658,0.18739686906337738,0.03542100638151169,0.18401886522769928,0.0933067798614502,0.060745835304260254,0.020134925842285156,0.04391670227050781,8.515132178828868,0.060745835304260254,0.020134925842285156,0.04391670227050781,0.5125805139541626,0.559070885181427,0.42860880494117737,0.0330444872379303
012296:0,True,62,35.636592864990234,0.0,0,1.2102090526072644,True,0.024277711287140846,0.024150343611836433,0.0024835991207510233,0.04018890857696533,0.08338016271591187,0.06167638301849365,0.11100268363952637,9.263112570283962,-0.08338016271591187,-0.06167638301849365,0.11100268363952637,0.758888304233551,0.8021346926689148,0.48960602283477783,0.036605045199394226,0.02043077163398266,0.030372899025678635,0.053034067153930664,0.032283663749694824,0.13278192281723022,0.07713425159454346,3.662282773534808,-0.032283663749694824,-0.13278192281723022,0.07713425159454346,0.741794228553772,0.7829265594482422,0.6515555381774902,-0.01232733391225338
012296:1,True,73,39.88344955444336,0.0,0,2.282394848160199,False,0.13028834760189056,0.12353801727294922,0.04139339551329613,0.04315292835235596,0.22483038902282715,0.15748101472854614,0.09104728698730469,59.3550715299285,-0.22483038902282715,-0.15748101472854614,-0.09104728698730469,0.5365951657295227,0.5631589889526367,0.48438921570777893,0.1805715262889862,0.16458694636821747,0.07427795231342316,0.02209794521331787,0.002334296703338623,0.08478009700775146,0.06075024604797363,56.99517787875373,-0.002334296703338623,-0.08478009700775146,-0.06075024604797363,0.5804961919784546,0.5969724059104919,0.2818504571914673,-0.05028317868709564
012296:2,True,39,36.78046417236328,0.0,0,1.2102090526072644,True,0.04889177158474922,0.02930794470012188,0.03913374990224838,0.0892859697341919,0.03670531511306763,0.033200204372406006,0.0036121606826782227,12.270698033582038,-0.03670531511306763,-0.033200204372406006,0.0036121606826782227,0.7196415662765503,0.7909332513809204,0.37396472692489624,0.12508442997932434,0.11032269895076752,0.05894928798079491,0.001280069351196289,0.016840040683746338,0.0579950213432312,0.008732795715332031,35.50678302391198,-0.016840040683746338,-0.0579950213432312,0.008732795715332031,0.6158902049064636,0.6183164715766907,0.3417535126209259,-0.07619265839457512
012296:3,True,52,37.99382781982422,0.0,0,1.4950435810815332,True,0.11121445149183273,0.10317210853099823,0.04152312129735947,0.07379376888275146,0.018515467643737793,0.030611932277679443,0.011960506439208984,0.5025553012168692,-0.018515467643737793,0.030611932277679443,0.011960506439208984,0.6383063197135925,0.6870232820510864,0.49067193269729614,0.09894181787967682,0.0977257639169693,0.015464740805327892,0.0033974647521972656,0.0014968514442443848,0.002922654151916504,0.012592673301696777,6.430940934734497,-0.0014968514442443848,-0.002922654151916504,-0.012592673301696777,0.6998448371887207,0.7043096423149109,0.4150371551513672,0.012272633612155914
012296:4,True,61,40.4699592590332,0.0,0,3.347276883304074,False,0.06522040069103241,0.049646273255348206,0.04229596629738808,0.12440168857574463,0.017351210117340088,0.04640805721282959,0.03290283679962158,26.536741577025587,-0.017351210117340088,-0.04640805721282959,-0.03290283679962158,0.6231845617294312,0.7042380571365356,0.44543328881263733,0.028224725276231766,0.014242788776755333,0.0243675634264946,0.06302285194396973,0.0036491751670837402,0.03505599498748779,0.026143670082092285,25.67374216643814,0.0036491751670837402,0.03505599498748779,-0.026143670082092285,0.6920989751815796,0.7362988591194153,0.4534255862236023,0.036995675414800644
012452:0,True,26,65.427490234375,0.0,1,,False,0.05817278102040291,0.03359448164701462,0.047491930425167084,0.27591145038604736,0.05093824863433838,0.10305517911911011,0.049135684967041016,4.483899889173982,-0.05093824863433838,-0.10305517911911011,-0.049135684967041016,0.5815137028694153,0.7750962972640991,0.3041010797023773,0.04140007495880127,0.034306854009628296,0.023173389956355095,0.09884321689605713,0.010986030101776123,0.07302826642990112,0.06253385543823242,0.21628841272329474,-0.010986030101776123,-0.07302826642990112,-0.06253385543823242,0.7533664703369141,0.8374796509742737,0.44841673970222473,0.01677270606160164
012461:0,True,318,17.706588745117188,0.0,0,1.3621474352628473,True,0.006558832246810198,0.0008341199718415737,0.006505575962364674,0.05093878507614136,0.03748565912246704,0.06338363885879517,0.0835655927658081,10.738916553204952,0.03748565912246704,-0.06338363885879517,-0.0835655927658081,0.7882911562919617,0.832902729511261,0.2765953838825226,0.05165495350956917,0.047728441655635834,0.019754229113459587,0.03332698345184326,0.1132461428642273,0.020216047763824463,0.005033731460571289,8.424946361028018,0.1132461428642273,-0.020216047763824463,-0.005033731460571289,0.7504187226295471,0.7759779691696167,0.33452558517456055,-0.04509612126275897
012461:1,True,231,18.472816467285156,0.0,0,1.3621474352628473,True,0.04257551208138466,0.041690394282341,0.008636271581053734,0.029594779014587402,0.024516165256500244,0.09707772731781006,0.009835481643676758,16.31534117230116,-0.024516165256500244,-0.09707772731781006,0.009835481643676758,0.731421947479248,0.7537761330604553,0.4794664978981018,0.06265108287334442,0.05135224014520645,0.03589019551873207,0.0631982684135437,0.02972877025604248,0.05954885482788086,0.0657188892364502,1.6785376578653082,0.02972877025604248,-0.05954885482788086,0.0657188892364502,0.7540315985679626,0.8050897121429443,0.4341476559638977,-0.020075570791959763
012461:2,True,97,28.433717727661133,0.0,0,1.328810209291421,True,0.04761088266968727,0.0430300347507,0.02037676051259041,0.03406679630279541,0.029552996158599854,0.026309967041015625,0.1256500482559204,1.572620093173085,-0.029552996158599854,0.026309967041015625,0.1256500482559204,0.7842122912406921,0.8408997654914856,0.37919729948043823,0.03754669800400734,0.0334191769361496,0.017114698886871338,0.06883323192596436,0.05143612623214722,0.03495192527770996,0.09417831897735596,8.592707191446864,-0.05143612623214722,0.03495192527770996,0.09417831897735596,0.764117419719696,0.8245406150817871,0.40691688656806946,0.010064184665679932
012461:4,True,78,29.673255920410156,0.0,0,1.328810209291421,True,0.0690252035856247,0.06575284153223038,0.02100103534758091,0.09024691581726074,0.03269314765930176,0.02229928970336914,0.02181565761566162,1.4026103092844695,-0.03269314765930176,-0.02229928970336914,0.02181565761566162,0.7225930094718933,0.794447660446167,0.2684137523174286,0.08228310942649841,0.08220324665307999,0.0036244988441467285,0.014053821563720703,0.02221357822418213,0.028401315212249756,0.018572568893432617,4.736418358236351,-0.02221357822418213,-0.028401315212249756,0.018572568893432617,0.7254171371459961,0.7356009483337402,0.3861829936504364,-0.013257905840873718
012492:0,True,55,45.2443962097168,0.0,0,,False,0.041391413658857346,0.03675122559070587,0.01904197223484516,0.051418423652648926,0.11650103330612183,0.04033392667770386,0.19867241382598877,2.3645668670577233,-0.11650103330612183,0.04033392667770386,0.19867241382598877,0.7111669182777405,0.7871446013450623,0.4717044532299042,0.09137435257434845,0.09136700630187988,0.0011586379259824753,0.07608985900878906,0.06260049343109131,0.11948758363723755,0.1795119047164917,0.9978186933814919,-0.06260049343109131,0.11948758363723755,0.1795119047164917,0.6140232086181641,0.6750782132148743,0.3590051829814911,-0.049982938915491104
012522:0,True,91,32.23412322998047,0.0,0,,False,0.14658614993095398,0.08994536846876144,0.11574684083461761,0.05694615840911865,0.0005913972854614258,0.03322798013687134,0.16828513145446777,3.920456639229948,-0.0005913972854614258,0.03322798013687134,0.16828513145446777,0.5304056406021118,0.5759938359260559,0.488709419965744,0.14168697595596313,0.12777896225452423,0.061218731105327606,0.003035426139831543,0.012833595275878906,0.09035128355026245,0.12135946750640869,3.7244575308072623,-0.012833595275878906,0.09035128355026245,0.12135946750640869,0.548731803894043,0.5838767290115356,0.44028568267822266,0.004899173974990845
012575:0,True,329,15.79100513458252,0.0,0,,False,0.035654302686452866,0.02863866090774536,0.021238088607788086,0.09322059154510498,0.04144710302352905,0.0024463534355163574,0.035977959632873535,2.7858292567731007,-0.04144710302352905,0.0024463534355163574,0.035977959632873535,0.7840667366981506,0.871250331401825,0.5217268466949463,0.035169657319784164,0.01593363657593727,0.031353212893009186,0.04869741201400757,0.090395987033844,0.008397996425628662,0.1030423641204834,8.55787686914547,0.090395987033844,-0.008397996425628662,0.1030423641204834,0.7652386426925659,0.8112934827804565,0.4791915714740753,0.00048464536666870117
012615:0,True,44,47.678749084472656,0.0,0,,False,0.01981847733259201,0.018172886222600937,0.007906847633421421,0.03628718852996826,0.03246217966079712,0.23809093236923218,0.14330387115478516,50.38453967591253,0.03246217966079712,-0.23809093236923218,0.14330387115478516,0.6134127974510193,0.6536534428596497,0.47755876183509827,0.018496613949537277,0.016565842553973198,0.00822785310447216,0.02810680866241455,0.018708407878875732,0.24445849657058716,0.15392136573791504,8.056580598710891,0.018708407878875732,-0.24445849657058716,0.15392136573791504,0.6486189961433411,0.6947104334831238,0.5058295130729675,0.0013218633830547333
012617:0,True,151,22.928579330444336,0.0,0,,False,0.09508568048477173,0.06705477833747864,0.06741619110107422,0.11515557765960693,0.029485464096069336,0.05709946155548096,0.055777549743652344,26.885808867213928,0.029485464096069336,0.05709946155548096,0.055777549743652344,0.5849635601043701,0.6552205085754395,0.4373026192188263,0.054211586713790894,0.04012390598654747,0.03645500913262367,0.07809925079345703,0.0829053521156311,0.05978280305862427,0.02774357795715332,8.183239626679608,0.0829053521156311,0.05978280305862427,0.02774357795715332,0.6976693272590637,0.7573239207267761,0.3091501295566559,0.040874093770980835
012656:0,True,21,53.37345504760742,0.0,1,3.2222215769063887,False,0.030036086216568947,0.023719752207398415,0.01842660829424858,0.2402251958847046,0.05577939748764038,0.011592984199523926,0.049924373626708984,4.465157850091467,-0.05577939748764038,-0.011592984199523926,0.049924373626708984,0.6535409092903137,0.858163058757782,0.41718295216560364,0.09843549132347107,0.09211307764053345,0.03470917046070099,0.15557754039764404,0.09217947721481323,0.012055456638336182,0.004195094108581543,0.8389284574616571,-0.09217947721481323,-0.012055456638336182,-0.004195094108581543,0.6088001132011414,0.7192379832267761,0.43171462416648865,-0.06839940510690212
012656:1,True,78,42.36159896850586,0.0,1,11.428493819652426,False,0.0617351159453392,0.013522152788937092,0.06023600324988365,0.013085126876831055,0.19024449586868286,0.12093138694763184,0.04825031757354736,3.4177000748036495,0.19024449586868286,-0.12093138694763184,-0.04825031757354736,0.6256930828094482,0.6386806964874268,0.4991911053657532,0.061883583664894104,0.02115320786833763,0.05815599858760834,0.047724008560180664,0.1823543906211853,0.07557153701782227,0.025434017181396484,10.26859837837988,0.1823543906211853,-0.07557153701782227,-0.025434017181396484,0.6244726181030273,0.6519826650619507,0.5160704255104065,-0.00014846771955490112
012656:2,True,27,56.56478500366211,0.0,1,3.2222215769063887,False,0.11662745475769043,0.11247473955154419,0.030844712629914284,0.06530106067657471,0.020965874195098877,0.128989577293396,0.13041961193084717,3.3771360360651155,-0.020965874195098877,-0.128989577293396,0.13041961193084717,0.5902450680732727,0.625200092792511,0.21818873286247253,0.01629943959414959,0.012326779775321484,0.010664061643183231,0.058630943298339844,0.049240052700042725,0.08109349012374878,0.09594666957855225,5.6762869937181275,-0.049240052700042725,-0.08109349012374878,0.09594666957855225,0.7789739966392517,0.8272830247879028,0.29094138741493225,0.10032801516354084
012709:0,True,29,58.468482971191406,0.0,0,,False,0.07812768220901489,0.07796069234609604,0.005105530843138695,0.08391618728637695,0.0071868896484375,0.06729555130004883,0.0794219970703125,28.2878194863421,-0.0071868896484375,0.06729555130004883,0.0794219970703125,0.6241562962532043,0.6815738081932068,0.45318594574928284,0.08373793959617615,0.08175862580537796,0.01809890754520893,0.0650472640991211,0.0758979320526123,0.09581977128982544,0.10038065910339355,26.414271276250922,0.0758979320526123,0.09581977128982544,0.10038065910339355,0.614707887172699,0.6602090001106262,0.4108276963233948,-0.005610257387161255
012736:0,True,49,37.912330627441406,0.0,0,29.958237183223815,False,0.08927326649427414,0.08890020102262497,0.008152974769473076,0.12405800819396973,0.04990476369857788,0.01050800085067749,0.051116228103637695,15.790559069034405,-0.04990476369857788,0.01050800085067749,-0.051116228103637695,0.6233757138252258,0.7091483473777771,0.29016992449760437,0.0028391601517796516,0.0012512427056208253,0.0025485726073384285,0.03538155555725098,0.02300363779067993,0.07195806503295898,0.024742603302001953,13.486381092152262,0.02300363779067993,0.07195806503295898,-0.024742603302001953,0.7777034044265747,0.8071147799491882,0.37433701753616333,0.08643410634249449
012736:2,True,79,37.6009521484375,0.0,0,2.317292489955816,False,0.0628853365778923,0.05783357843756676,0.024695003405213356,0.0028377771377563477,0.10124146938323975,0.0636175274848938,0.019840478897094727,0.8409788807033245,-0.10124146938323975,0.0636175274848938,-0.019840478897094727,0.7799279689788818,0.7880649566650391,0.36276140809059143,0.039445661008358,0.005948781967163086,0.03899451345205307,0.06300222873687744,0.13506025075912476,0.06340187788009644,0.06431615352630615,1.7406227109300605,-0.13506025075912476,0.06340187788009644,-0.06431615352630615,0.7251145243644714,0.7750453352928162,0.4716011881828308,0.023439675569534302
012736:3,True,16,77.18013000488281,0.0,1,22.18631802131318,False,0.23336493968963623,0.22095908224582672,0.07507514208555222,0.07873022556304932,0.01833021640777588,0.017028391361236572,0.00670313835144043,47.61129026109993,-0.01833021640777588,-0.017028391361236572,-0.00670313835144043,0.4229893982410431,0.4529266953468323,0.13888683915138245,0.18536292016506195,0.17355403304100037,0.06510306149721146,0.009470105171203613,0.04307210445404053,0.13069504499435425,0.03405928611755371,12.041613488819811,-0.04307210445404053,-0.13069504499435425,-0.03405928611755371,0.4920666217803955,0.5005640387535095,0.43406152725219727,0.04800201952457428
012736:4,True,57,47.30629348754883,0.0,1,4.213160370527992,False,0.051918286830186844,0.0432894192636013,0.02866242453455925,0.09942427277565002,0.02226090431213379,0.00470203161239624,0.07596540451049805,53.733661918467924,0.02226090431213379,-0.00470203161239624,-0.07596540451049805,0.6335615515708923,0.6981397867202759,0.2746194899082184,0.03685245290398598,0.0049699824303388596,0.03651578351855278,0.1321033537387848,0.03415787220001221,0.030744493007659912,0.05783689022064209,25.08432416182272,-0.03415787220001221,-0.030744493007659912,-0.05783689022064209,0.6430411338806152,0.7346620559692383,0.5924873948097229,0.015065833926200867
012736:5,True,69,38.2585563659668,0.0,1,2.317292489955816,False,0.12174978852272034,0.014417927712202072,0.12089306861162186,0.0063381195068359375,0.05513817071914673,0.14702576398849487,0.2541848421096802,20.39603632543461,-0.05513817071914673,-0.14702576398849487,0.2541848421096802,0.5673711895942688,0.6397101283073425,0.1615566909313202,0.05093655735254288,0.028239529579877853,0.04239176586270332,0.017615079879760742,0.0045351386070251465,0.17130374908447266,0.21989130973815918,5.0540107702386114,0.0045351386070251465,-0.17130374908447266,0.21989130973815918,0.649776816368103,0.7272696495056152,0.28330156207084656,0.07081323117017746
012736:6,True,21,55.752864837646484,0.0,1,8.236580172044741,False,0.16199328005313873,0.15545439720153809,0.04556038975715637,0.11681962013244629,0.011394381523132324,0.09618133306503296,0.010489463806152344,10.208554640128469,-0.011394381523132324,-0.09618133306503296,0.010489463806152344,0.5072830319404602,0.5654985308647156,0.2084358185529709,0.13347254693508148,0.13038848340511322,0.02852654457092285,0.10866236686706543,0.03220200538635254,0.05657404661178589,0.015671491622924805,15.251747757212444,-0.03220200538635254,-0.05657404661178589,-0.015671491622924805,0.5615251064300537,0.6243894100189209,0.49760669469833374,0.02852073311805725
012742:0,True,0,23.99407958984375,0.0,0,8.850240066768349,False,0.4074662923812866,0.3071034252643585,0.26779893040657043,0.030910730361938477,0.01721668243408203,0.13278400897979736,0.14120769500732422,3.174388700742457,-0.01721668243408203,0.13278400897979736,0.14120769500732422,0.21026423573493958,0.2224307358264923,0.2632593810558319,0.10857803374528885,0.052903056144714355,0.09481801837682724,0.02500903606414795,0.06317794322967529,0.048304617404937744,0.16939425468444824,10.321955816176018,0.06317794322967529,0.048304617404937744,0.16939425468444824,0.6229785084724426,0.6826609373092651,0.19881214201450348,0.29888825863599777
012742:1,True,0,52.42266082763672,0.0,1,20.167502827259256,False,0.31483158469200134,0.05120379477739334,0.3106398284435272,0.00300753116607666,0.08979934453964233,0.07114642858505249,0.0583796501159668,5.607675922272514,0.08979934453964233,0.07114642858505249,-0.0583796501159668,0.46472713351249695,0.47470661997795105,0.233038529753685,0.16534467041492462,0.09154242277145386,0.13769112527370453,0.005148053169250488,0.030002713203430176,0.10485988855361938,0.08181405067443848,7.2420942005652105,0.030002713203430176,0.10485988855361938,0.08181405067443848,0.6058667898178101,0.628803551197052,0.23403410613536835,0.14948691427707672
012742:2,True,0,32.80495834350586,0.0,1,8.850240066768349,False,0.21528571844100952,0.031870000064373016,0.21291369199752808,0.028944969177246094,0.008973181247711182,0.15938162803649902,0.02274346351623535,0.19379614504427084,0.008973181247711182,0.15938162803649902,0.02274346351623535,0.5657044053077698,0.5816146731376648,0.1103900894522667,0.0855168029665947,0.08477720618247986,0.011222630739212036,0.009640693664550781,0.0605807900428772,0.02925288677215576,0.025681138038635254,4.536191817459599,0.0605807900428772,0.02925288677215576,0.025681138038635254,0.7869774699211121,0.7981761693954468,0.22737209498882294,0.12976891547441483
012772:0,True,60,40.62594223022461,0.0,1,,False,0.1705629527568817,0.17036482691764832,0.008218534290790558,0.0652700662612915,0.01287466287612915,0.17199420928955078,0.08083033561706543,2.6799490307502265,-0.01287466287612915,0.17199420928955078,0.08083033561706543,0.45397624373435974,0.4841826260089874,0.3650808334350586,0.26554515957832336,0.2556118667125702,0.07195001095533371,0.04132556915283203,0.050752460956573486,0.13870906829833984,0.07645845413208008,14.562726925163563,-0.050752460956573486,0.13870906829833984,0.07645845413208008,0.31690293550491333,0.3285699188709259,0.10132212936878204,-0.09498220682144165
012786:0,True,51,45.67108154296875,0.0,0,15.911677991006608,False,0.08218937367200851,0.08195535838603973,0.006197747308760881,0.05478322505950928,0.011222898960113525,0.02224290370941162,0.018312692642211914,3.068722031816689,-0.011222898960113525,-0.02224290370941162,-0.018312692642211914,0.7106148600578308,0.7524804472923279,0.47944578528404236,0.060335543006658554,0.060335393995046616,0.00013428181409835815,0.017495393753051758,0.016793668270111084,0.04727727174758911,0.03737497329711914,3.0859067877684407,-0.016793668270111084,-0.04727727174758911,-0.03737497329711914,0.7640553116798401,0.7800387144088745,0.6362461447715759,0.02185383066534996
012786:1,True,658,9.698834419250488,0.0,0,36.63850460414958,False,0.06204714626073837,0.04985543340444565,0.036936208605766296,0.028693199157714844,0.030432522296905518,0.0038136839866638184,0.019864320755004883,13.560292390393807,-0.030432522296905518,0.0038136839866638184,-0.019864320755004883,0.7457869052886963,0.7687222957611084,0.5432754755020142,0.04327160120010376,0.04326349496841431,0.000837475061416626,0.01496577262878418,0.038236141204833984,0.022410571575164795,0.0023610591888427734,16.04535244583256,-0.038236141204833984,0.022410571575164795,-0.0023610591888427734,0.7676600217819214,0.779815137386322,0.7455295324325562,0.018775545060634613
012786:2,True,28,61.56196975708008,0.0,1,15.911677991006608,False,0.19663628935813904,0.187814861536026,0.05823583900928497,0.1342906951904297,0.027485907077789307,0.025662124156951904,0.04493272304534912,79.15794964006385,0.027485907077789307,0.025662124156951904,0.04493272304534912,0.4706166088581085,0.5347015857696533,0.1704442799091339,0.20432321727275848,0.20052452385425568,0.03921601176261902,0.08137106895446777,0.07885479927062988,0.08117830753326416,0.06525397300720215,70.44283498603552,0.07885479927062988,0.08117830753326416,0.06525397300720215,0.47532472014427185,0.5138384699821472,0.25402358174324036,-0.007686927914619446
012817:0,True,67,41.2100715637207,0.0,1,18.345544237913337,False,0.1541127860546112,0.0565066821873188,0.14337971806526184,0.0060280561447143555,0.08411407470703125,0.0004450678825378418,0.016191601753234863,8.060852654665648,-0.08411407470703125,0.0004450678825378418,0.016191601753234863,0.5470579266548157,0.550841212272644,0.3839235305786133,0.09455501288175583,0.031474851071834564,0.0891626849770546,0.1296064853668213,0.08617204427719116,0.010215997695922852,0.026444196701049805,7.801278145448483,-0.08617204427719116,-0.010215997695922852,-0.026444196701049805,0.5947532653808594,0.6784592270851135,0.3609039783477783,0.05955777317285538
012817:2,True,28,59.433380126953125,0.0,0,11.875644628262547,False,0.13729476928710938,0.12509632110595703,0.05657527223229408,0.03484392166137695,0.04674971103668213,0.04548203945159912,0.019244790077209473,1.535655109384976,-0.04674971103668213,0.04548203945159912,0.019244790077209473,0.6207578778266907,0.6419548988342285,0.4067814350128174,0.1292315572500229,0.12201670557260513,0.04257602617144585,0.05901384353637695,0.06399476528167725,0.03489726781845093,0.034699082374572754,26.94235418211963,-0.06399476528167725,-0.03489726781845093,-0.034699082374572754,0.5762179493904114,0.6106567978858948,0.47375717759132385,0.008063212037086487
012870:0,True,76,30.07558822631836,0.0,0,9.023568940432792,False,0.02469564974308014,0.012186779640614986,0.021479235962033272,0.02287745475769043,0.13575410842895508,0.06389474868774414,0.05482840538024902,18.164686834439483,-0.13575410842895508,0.06389474868774414,0.05482840538024902,0.7059246897697449,0.7259512543678284,0.5591515302658081,0.053960204124450684,0.0436263307929039,0.03175605833530426,0.019065141677856445,0.12810683250427246,0.004807174205780029,0.06434750556945801,7.581882451395005,-0.12810683250427246,-0.004807174205780029,0.06434750556945801,0.7412639260292053,0.7651201486587524,0.6896269917488098,-0.029264554381370544
012870:1,True,159,23.06288719177246,0.0,0,9.023568940432792,False,0.09380898624658585,0.012686828151345253,0.09294712543487549,0.032547831535339355,0.10872381925582886,0.04202437400817871,0.014156103134155273,49.82304348462412,-0.10872381925582886,0.04202437400817871,-0.014156103134155273,0.6286080479621887,0.6485721468925476,0.2703268826007843,0.06140165776014328,0.03241875767707825,0.0521458238363266,0.038263678550720215,0.1253514289855957,0.07648271322250366,0.04386281967163086,85.81481592969836,-0.1253514289855957,0.07648271322250366,0.04386281967163086,0.7511011958122253,0.7803570628166199,0.398854523897171,0.032407328486442566
012985:0,True,209,18.219303131103516,0.0,0,0.9427713732304374,True,0.07275533676147461,0.07200948148965836,0.010391073301434517,0.08178877830505371,0.037981510162353516,0.07968008518218994,0.08531785011291504,17.127539457074885,-0.037981510162353516,0.07968008518218994,-0.08531785011291504,0.649972677230835,0.7004058361053467,0.4242881238460541,0.0551375187933445,0.0409022718667984,0.036974988877773285,0.06598424911499023,0.027922213077545166,0.07316678762435913,0.10340225696563721,30.377956182737883,0.027922213077545166,0.07316678762435913,-0.10340225696563721,0.6440925598144531,0.6819084286689758,0.40978047251701355,0.01761781796813011
012985:1,True,155,18.806835174560547,0.0,1,0.9427713732304374,True,0.14832821488380432,0.05412707477807999,0.13809965550899506,0.0896902084350586,0.039283931255340576,0.08620727062225342,0.10523295402526855,18.39510281134769,-0.039283931255340576,-0.08620727062225342,-0.10523295402526855,0.5097523927688599,0.5538564920425415,0.40519723296165466,0.09385465830564499,0.09273843467235565,0.014431867748498917,0.04688417911529541,0.05479395389556885,0.0522879958152771,0.035155415534973145,2.8214318451928784,-0.05479395389556885,-0.0522879958152771,-0.035155415534973145,0.6318125128746033,0.6603097915649414,0.43402421474456787,0.05447355657815933
012985:2,True,348,14.771842002868652,0.0,0,8.19054583423016,False,0.027614058926701546,0.017004292458295822,0.02175753191113472,0.05126464366912842,0.16137856245040894,0.06812882423400879,0.05201232433319092,8.585160287156173,-0.16137856245040894,0.06812882423400879,0.05201232433319092,0.7404307723045349,0.781234085559845,0.42061349749565125,0.13243362307548523,0.08278584480285645,0.1033690795302391,0.024723291397094727,0.059171319007873535,0.05457615852355957,0.06003093719482422,1.7578926168753517,-0.059171319007873535,0.05457615852355957,0.06003093719482422,0.6483027935028076,0.6681014895439148,0.36021310091018677,-0.10481956414878368
012994:0,True,51,48.9274787902832,0.0,1,0.8910901218909262,True,0.2864450216293335,0.04566577821969986,0.28278154134750366,0.09696042537689209,0.027748823165893555,0.03489130735397339,0.02892613410949707,2.2109768579338187,0.027748823165893555,-0.03489130735397339,0.02892613410949707,0.35946428775787354,0.38939112424850464,0.3882736265659332,0.276626318693161,0.0649525597691536,0.26889270544052124,0.10043990612030029,0.041127920150756836,0.01616603136062622,0.050733089447021484,4.964773893990223,0.041127920150756836,-0.01616603136062622,-0.050733089447021484,0.3592543601989746,0.3909834027290344,0.4292842745780945,0.009818702936172485
012994:1,True,41,48.85088348388672,0.0,1,0.8910901218909262,True,0.18756103515625,0.03147903457283974,0.18490055203437805,0.055658936500549316,0.053448259830474854,0.019607186317443848,0.0445171594619751,1.001179146453138,0.053448259830474854,-0.019607186317443848,0.0445171594619751,0.539025068283081,0.5675235986709595,0.4395742416381836,0.11362729221582413,0.008606689050793648,0.1133008673787117,0.03394508361816406,0.02245885133743286,0.01798921823501587,0.06300055980682373,5.2232196007615,0.02245885133743286,-0.01798921823501587,-0.06300055980682373,0.6826403141021729,0.7067376375198364,0.3777088224887848,0.07393374294042587
012994:2,True,38,60.105979919433594,0.0,1,11.741173325170816,False,0.016181377694010735,0.015969954431056976,0.00260720681399107,0.03645503520965576,0.21477490663528442,0.05908310413360596,0.02033817768096924,9.891852428693317,-0.21477490663528442,-0.05908310413360596,0.02033817768096924,0.6542002558708191,0.676979660987854,0.3071768879890442,0.11435931921005249,0.11432547867298126,0.002781970426440239,0.007774233818054199,0.24029844999313354,0.0947466492652893,0.005462527275085449,3.9806788718841224,-0.24029844999313354,-0.0947466492652893,-0.005462527275085449,0.6134914755821228,0.6184660196304321,0.5020815134048462,-0.09817794151604176
012994:4,True,69,38.03203201293945,0.0,1,10.913281272920416,False,0.11639716476202011,0.08822207152843475,0.0759287029504776,0.04683578014373779,0.03609877824783325,0.06367194652557373,0.12113642692565918,1.0409754710233035,0.03609877824783325,-0.06367194652557373,0.12113642692565918,0.5888684391975403,0.6240634322166443,0.4526507556438446,0.11473070085048676,0.1036493107676506,0.04919305816292763,0.010131359100341797,0.17341852188110352,0.007711172103881836,0.05981731414794922,5.581029533087459,0.17341852188110352,0.007711172103881836,0.05981731414794922,0.6024549603462219,0.622937798500061,0.517180323600769,0.0016664639115333557
