run,condition,class,metric,iou,ap,asf_ap,delta_pp
ASF official RLC,all,sed,3D,0.3,74.97794695657676,74.97794695657676,0.0
ASF official RLC,all,sed,3D,0.5,52.09162529168767,52.09162529168767,0.0
ASF official RLC,all,sed,3D,0.7,11.854227787775777,11.854227787775777,0.0
ASF official RLC,all,sed,BEV,0.3,77.84756800138433,77.84756800138433,0.0
ASF official RLC,all,sed,BEV,0.5,71.70175872066424,71.70175872066424,0.0
ASF official RLC,all,sed,BEV,0.7,43.2084463511566,43.2084463511566,0.0
ASF official RLC,all,bus,3D,0.3,58.12835520133631,58.12835520133631,0.0
ASF official RLC,all,bus,3D,0.5,31.055836725253055,31.055836725253055,0.0
ASF official RLC,all,bus,3D,0.7,7.93057570170773,7.93057570170773,0.0
ASF official RLC,all,bus,BEV,0.3,67.85341563441995,67.85341563441995,0.0
ASF official RLC,all,bus,BEV,0.5,53.20653519852178,53.20653519852178,0.0
ASF official RLC,all,bus,BEV,0.7,20.853579642957946,20.853579642957946,0.0
ASF official RLC,urban,sed,3D,0.3,78.21530346687796,78.21530346687796,0.0
ASF official RLC,urban,sed,3D,0.5,57.069269146190074,57.069269146190074,0.0
ASF official RLC,urban,sed,3D,0.7,14.436119359295468,14.436119359295468,0.0
ASF official RLC,urban,sed,BEV,0.3,81.14274190212569,81.14274190212569,0.0
ASF official RLC,urban,sed,BEV,0.5,74.76960621471763,74.76960621471763,0.0
ASF official RLC,urban,sed,BEV,0.7,50.836694047562126,50.836694047562126,0.0
ASF official RLC,urban,bus,3D,0.3,86.24622015391492,86.24622015391492,0.0
ASF official RLC,urban,bus,3D,0.5,45.14661479140337,45.14661479140337,0.0
ASF official RLC,urban,bus,3D,0.7,13.19080014789471,13.19080014789471,0.0
ASF official RLC,urban,bus,BEV,0.3,88.53903758982509,88.53903758982509,0.0
ASF official RLC,urban,bus,BEV,0.5,82.30261788411943,82.30261788411943,0.0
ASF official RLC,urban,bus,BEV,0.7,38.80794482057661,38.80794482057661,0.0
ASF official RLC,highway,sed,3D,0.3,81.45046674612678,81.45046674612678,0.0
ASF official RLC,highway,sed,3D,0.5,55.73026706875257,55.73026706875257,0.0
ASF official RLC,highway,sed,3D,0.7,6.244769341412074,6.244769341412074,0.0
ASF official RLC,highway,sed,BEV,0.3,84.34393180859784,84.34393180859784,0.0
ASF official RLC,highway,sed,BEV,0.5,78.05297775458348,78.05297775458348,0.0
ASF official RLC,highway,sed,BEV,0.7,41.99861999751438,41.99861999751438,0.0
ASF official RLC,highway,bus,3D,0.3,56.79300374524857,56.79300374524857,0.0
ASF official RLC,highway,bus,3D,0.5,29.334711576873406,29.334711576873406,0.0
ASF official RLC,highway,bus,3D,0.7,8.114078627460296,8.114078627460296,0.0
ASF official RLC,highway,bus,BEV,0.3,68.39847864916388,68.39847864916388,0.0
ASF official RLC,highway,bus,BEV,0.5,51.451891907410385,51.451891907410385,0.0
ASF official RLC,highway,bus,BEV,0.7,18.690332636240395,18.690332636240395,0.0
ASF official RLC,countryside,sed,3D,0.3,65.56484751745663,65.56484751745663,0.0
ASF official RLC,countryside,sed,3D,0.5,43.50148816290062,43.50148816290062,0.0
ASF official RLC,countryside,sed,3D,0.7,6.530115388438913,6.530115388438913,0.0
ASF official RLC,countryside,sed,BEV,0.3,69.847527648194,69.847527648194,0.0
ASF official RLC,countryside,sed,BEV,0.5,60.368185366711856,60.368185366711856,0.0
ASF official RLC,countryside,sed,BEV,0.7,27.25403185255677,27.25403185255677,0.0
ASF official RLC,countryside,bus,3D,0.3,32.68170426065163,32.68170426065163,0.0
ASF official RLC,countryside,bus,3D,0.5,15.098722415795587,15.098722415795587,0.0
ASF official RLC,countryside,bus,3D,0.7,1.9744483159117305,1.9744483159117305,0.0
ASF official RLC,countryside,bus,BEV,0.3,36.0397184999518,36.0397184999518,0.0
ASF official RLC,countryside,bus,BEV,0.5,20.90592334494773,20.90592334494773,0.0
ASF official RLC,countryside,bus,BEV,0.7,10.73170731707317,10.73170731707317,0.0
ASF official RLC,alleyway,sed,3D,0.3,39.07215294721143,39.07215294721143,0.0
ASF official RLC,alleyway,sed,3D,0.5,20.96564531014054,20.96564531014054,0.0
ASF official RLC,alleyway,sed,3D,0.7,4.01230981209457,4.01230981209457,0.0
ASF official RLC,alleyway,sed,BEV,0.3,42.31873165539752,42.31873165539752,0.0
ASF official RLC,alleyway,sed,BEV,0.5,35.67898364381531,35.67898364381531,0.0
ASF official RLC,alleyway,sed,BEV,0.7,17.434291234731138,17.434291234731138,0.0
ASF official RLC,alleyway,bus,3D,0.3,20.6062415028347,20.6062415028347,0.0
ASF official RLC,alleyway,bus,3D,0.5,4.523238120081736,4.523238120081736,0.0
ASF official RLC,alleyway,bus,3D,0.7,0.0,0.0,0.0
ASF official RLC,alleyway,bus,BEV,0.3,22.689073352107012,22.689073352107012,0.0
ASF official RLC,alleyway,bus,BEV,0.5,14.081002148461067,14.081002148461067,0.0
ASF official RLC,alleyway,bus,BEV,0.7,0.9161713465874155,0.9161713465874155,0.0
ASF official RLC,parkinglots,sed,3D,0.3,66.40871747347634,66.40871747347634,0.0
ASF official RLC,parkinglots,sed,3D,0.5,44.80865464908141,44.80865464908141,0.0
ASF official RLC,parkinglots,sed,3D,0.7,26.793951241902597,26.793951241902597,0.0
ASF official RLC,parkinglots,sed,BEV,0.3,68.66446012317637,68.66446012317637,0.0
ASF official RLC,parkinglots,sed,BEV,0.5,55.84886359174085,55.84886359174085,0.0
ASF official RLC,parkinglots,sed,BEV,0.7,33.3808202999792,33.3808202999792,0.0
ASF official RLC,parkinglots,bus,3D,0.3,64.18320887248913,64.18320887248913,0.0
ASF official RLC,parkinglots,bus,3D,0.5,38.036254785614894,38.036254785614894,0.0
ASF official RLC,parkinglots,bus,3D,0.7,9.73464209921206,9.73464209921206,0.0
ASF official RLC,parkinglots,bus,BEV,0.3,66.88404536536319,66.88404536536319,0.0
ASF official RLC,parkinglots,bus,BEV,0.5,53.54145289851559,53.54145289851559,0.0
ASF official RLC,parkinglots,bus,BEV,0.7,20.058069360882467,20.058069360882467,0.0
ASF official RLC,shoulder,sed,3D,0.3,97.31850614334388,97.31850614334388,0.0
ASF official RLC,shoulder,sed,3D,0.5,94.58454349247377,94.58454349247377,0.0
ASF official RLC,shoulder,sed,3D,0.7,65.77405586677395,65.77405586677395,0.0
ASF official RLC,shoulder,sed,BEV,0.3,99.8751358346124,99.8751358346124,0.0
ASF official RLC,shoulder,sed,BEV,0.5,97.45584458702352,97.45584458702352,0.0
ASF official RLC,shoulder,sed,BEV,0.7,91.51245419840147,91.51245419840147,0.0
ASF official RLC,shoulder,bus,3D,0.3,0.0,0.0,0.0
ASF official RLC,shoulder,bus,3D,0.5,0.0,0.0,0.0
ASF official RLC,shoulder,bus,3D,0.7,0.0,0.0,0.0
ASF official RLC,shoulder,bus,BEV,0.3,0.0,0.0,0.0
ASF official RLC,shoulder,bus,BEV,0.5,0.0,0.0,0.0
ASF official RLC,shoulder,bus,BEV,0.7,0.0,0.0,0.0
ASF official RLC,mountain,sed,3D,0.3,89.73177252636825,89.73177252636825,0.0
ASF official RLC,mountain,sed,3D,0.5,67.50128091242576,67.50128091242576,0.0
ASF official RLC,mountain,sed,3D,0.7,13.183441358301417,13.183441358301417,0.0
ASF official RLC,mountain,sed,BEV,0.3,92.32416645520637,92.32416645520637,0.0
ASF official RLC,mountain,sed,BEV,0.5,91.98190998465427,91.98190998465427,0.0
ASF official RLC,mountain,sed,BEV,0.7,70.3354366985676,70.3354366985676,0.0
ASF official RLC,mountain,bus,3D,0.3,62.770121077896015,62.770121077896015,0.0
ASF official RLC,mountain,bus,3D,0.5,58.63868998244516,58.63868998244516,0.0
ASF official RLC,mountain,bus,3D,0.7,17.87936282457588,17.87936282457588,0.0
ASF official RLC,mountain,bus,BEV,0.3,62.81632755638571,62.81632755638571,0.0
ASF official RLC,mountain,bus,BEV,0.5,62.34393124720492,62.34393124720492,0.0
ASF official RLC,mountain,bus,BEV,0.7,40.825571448391415,40.825571448391415,0.0
ASF official RLC,university,sed,3D,0.3,72.46310754511738,72.46310754511738,0.0
ASF official RLC,university,sed,3D,0.5,43.654345636383454,43.654345636383454,0.0
ASF official RLC,university,sed,3D,0.7,5.918686971946433,5.918686971946433,0.0
ASF official RLC,university,sed,BEV,0.3,75.05350307985908,75.05350307985908,0.0
ASF official RLC,university,sed,BEV,0.5,68.77298567749861,68.77298567749861,0.0
ASF official RLC,university,sed,BEV,0.7,32.52734026072008,32.52734026072008,0.0
ASF official RLC,university,bus,3D,0.3,0.0,0.0,0.0
ASF official RLC,university,bus,3D,0.5,0.0,0.0,0.0
ASF official RLC,university,bus,3D,0.7,0.0,0.0,0.0
ASF official RLC,university,bus,BEV,0.3,0.0,0.0,0.0
ASF official RLC,university,bus,BEV,0.5,0.0,0.0,0.0
ASF official RLC,university,bus,BEV,0.7,0.0,0.0,0.0
ASF official RLC,day,sed,3D,0.3,77.14190080374229,77.14190080374229,0.0
ASF official RLC,day,sed,3D,0.5,54.75598286987021,54.75598286987021,0.0
ASF official RLC,day,sed,3D,0.7,12.594213477752811,12.594213477752811,0.0
ASF official RLC,day,sed,BEV,0.3,79.83859234146277,79.83859234146277,0.0
ASF official RLC,day,sed,BEV,0.5,74.1060258863607,74.1060258863607,0.0
ASF official RLC,day,sed,BEV,0.7,45.140982188209506,45.140982188209506,0.0
ASF official RLC,day,bus,3D,0.3,56.9292882026023,56.9292882026023,0.0
ASF official RLC,day,bus,3D,0.5,27.719277309777674,27.719277309777674,0.0
ASF official RLC,day,bus,3D,0.7,6.711469281739466,6.711469281739466,0.0
ASF official RLC,day,bus,BEV,0.3,60.21894965556813,60.21894965556813,0.0
ASF official RLC,day,bus,BEV,0.5,44.76612474412965,44.76612474412965,0.0
ASF official RLC,day,bus,BEV,0.7,16.6243848839265,16.6243848839265,0.0
ASF official RLC,night,sed,3D,0.3,70.67299438396955,70.67299438396955,0.0
ASF official RLC,night,sed,3D,0.5,46.58593243169625,46.58593243169625,0.0
ASF official RLC,night,sed,3D,0.7,11.23791429710876,11.23791429710876,0.0
ASF official RLC,night,sed,BEV,0.3,73.91598674452821,73.91598674452821,0.0
ASF official RLC,night,sed,BEV,0.5,66.84370892725146,66.84370892725146,0.0
ASF official RLC,night,sed,BEV,0.7,40.7247944433854,40.7247944433854,0.0
ASF official RLC,night,bus,3D,0.3,60.36562791309061,60.36562791309061,0.0
ASF official RLC,night,bus,3D,0.5,36.95414581651178,36.95414581651178,0.0
ASF official RLC,night,bus,3D,0.7,11.795749564263,11.795749564263,0.0
ASF official RLC,night,bus,BEV,0.3,75.85685730060533,75.85685730060533,0.0
ASF official RLC,night,bus,BEV,0.5,62.501625521904444,62.501625521904444,0.0
ASF official RLC,night,bus,BEV,0.7,25.94431296741182,25.94431296741182,0.0
ASF official RLC,normal,sed,3D,0.3,74.13846385475061,74.13846385475061,0.0
ASF official RLC,normal,sed,3D,0.5,49.62937192191424,49.62937192191424,0.0
ASF official RLC,normal,sed,3D,0.7,7.41858471823177,7.41858471823177,0.0
ASF official RLC,normal,sed,BEV,0.3,76.93696403582551,76.93696403582551,0.0
ASF official RLC,normal,sed,BEV,0.5,70.65476501087757,70.65476501087757,0.0
ASF official RLC,normal,sed,BEV,0.7,36.37259408289393,36.37259408289393,0.0
ASF official RLC,normal,bus,3D,0.3,53.28396691757169,53.28396691757169,0.0
ASF official RLC,normal,bus,3D,0.5,23.932995588579942,23.932995588579942,0.0
ASF official RLC,normal,bus,3D,0.7,5.728362594412192,5.728362594412192,0.0
ASF official RLC,normal,bus,BEV,0.3,57.35129446247801,57.35129446247801,0.0
ASF official RLC,normal,bus,BEV,0.5,36.91333613194176,36.91333613194176,0.0
ASF official RLC,normal,bus,BEV,0.7,11.30274464241066,11.30274464241066,0.0
ASF official RLC,overcast,sed,3D,0.3,82.35468228208515,82.35468228208515,0.0
ASF official RLC,overcast,sed,3D,0.5,53.37664815403531,53.37664815403531,0.0
ASF official RLC,overcast,sed,3D,0.7,6.298901277641798,6.298901277641798,0.0
ASF official RLC,overcast,sed,BEV,0.3,89.36570822189952,89.36570822189952,0.0
ASF official RLC,overcast,sed,BEV,0.5,81.98155331823098,81.98155331823098,0.0
ASF official RLC,overcast,sed,BEV,0.7,46.16740589274425,46.16740589274425,0.0
ASF official RLC,overcast,bus,3D,0.3,75.32582793213054,75.32582793213054,0.0
ASF official RLC,overcast,bus,3D,0.5,47.04012126011879,47.04012126011879,0.0
ASF official RLC,overcast,bus,3D,0.7,8.177121394765297,8.177121394765297,0.0
ASF official RLC,overcast,bus,BEV,0.3,81.67069508532919,81.67069508532919,0.0
ASF official RLC,overcast,bus,BEV,0.5,54.739976399475886,54.739976399475886,0.0
ASF official RLC,overcast,bus,BEV,0.7,21.953597635504902,21.953597635504902,0.0
ASF official RLC,fog,sed,3D,0.3,92.25503949710469,92.25503949710469,0.0
ASF official RLC,fog,sed,3D,0.5,80.54989713755023,80.54989713755023,0.0
ASF official RLC,fog,sed,3D,0.7,38.988782336889166,38.988782336889166,0.0
ASF official RLC,fog,sed,BEV,0.3,94.91345109202213,94.91345109202213,0.0
ASF official RLC,fog,sed,BEV,0.5,94.78265074487796,94.78265074487796,0.0
ASF official RLC,fog,sed,BEV,0.7,79.65763412163979,79.65763412163979,0.0
ASF official RLC,fog,bus,3D,0.3,0.0,0.0,0.0
ASF official RLC,fog,bus,3D,0.5,0.0,0.0,0.0
ASF official RLC,fog,bus,3D,0.7,0.0,0.0,0.0
ASF official RLC,fog,bus,BEV,0.3,0.0,0.0,0.0
ASF official RLC,fog,bus,BEV,0.5,0.0,0.0,0.0
ASF official RLC,fog,bus,BEV,0.7,0.0,0.0,0.0
ASF official RLC,rain,sed,3D,0.3,66.3666834828411,66.3666834828411,0.0
ASF official RLC,rain,sed,3D,0.5,46.85401943672793,46.85401943672793,0.0
ASF official RLC,rain,sed,3D,0.7,17.18058831482299,17.18058831482299,0.0
ASF official RLC,rain,sed,BEV,0.3,69.15170618976515,69.15170618976515,0.0
ASF official RLC,rain,sed,BEV,0.5,62.269378265348685,62.269378265348685,0.0
ASF official RLC,rain,sed,BEV,0.7,43.52263057534297,43.52263057534297,0.0
ASF official RLC,rain,bus,3D,0.3,7.893203954541796,7.893203954541796,0.0
ASF official RLC,rain,bus,3D,0.5,2.4840301974448318,2.4840301974448318,0.0
ASF official RLC,rain,bus,3D,0.7,0.0,0.0,0.0
ASF official RLC,rain,bus,BEV,0.3,7.893203954541796,7.893203954541796,0.0
ASF official RLC,rain,bus,BEV,0.5,7.893203954541796,7.893203954541796,0.0
ASF official RLC,rain,bus,BEV,0.7,0.7998099461514095,0.7998099461514095,0.0
ASF official RLC,sleet,sed,3D,0.3,70.42968503556456,70.42968503556456,0.0
ASF official RLC,sleet,sed,3D,0.5,44.04536377990363,44.04536377990363,0.0
ASF official RLC,sleet,sed,3D,0.7,8.332399706694844,8.332399706694844,0.0
ASF official RLC,sleet,sed,BEV,0.3,74.00247266003682,74.00247266003682,0.0
ASF official RLC,sleet,sed,BEV,0.5,64.29971942503285,64.29971942503285,0.0
ASF official RLC,sleet,sed,BEV,0.7,40.477166488231234,40.477166488231234,0.0
ASF official RLC,sleet,bus,3D,0.3,59.549548818902096,59.549548818902096,0.0
ASF official RLC,sleet,bus,3D,0.5,38.831956170888624,38.831956170888624,0.0
ASF official RLC,sleet,bus,3D,0.7,8.738664961928992,8.738664961928992,0.0
ASF official RLC,sleet,bus,BEV,0.3,60.54280667676293,60.54280667676293,0.0
ASF official RLC,sleet,bus,BEV,0.5,50.64507343794078,50.64507343794078,0.0
ASF official RLC,sleet,bus,BEV,0.7,22.174883595120217,22.174883595120217,0.0
ASF official RLC,lightsnow,sed,3D,0.3,88.23847406405349,88.23847406405349,0.0
ASF official RLC,lightsnow,sed,3D,0.5,59.251436881905306,59.251436881905306,0.0
ASF official RLC,lightsnow,sed,3D,0.7,10.848713360826416,10.848713360826416,0.0
ASF official RLC,lightsnow,sed,BEV,0.3,90.85357079684266,90.85357079684266,0.0
ASF official RLC,lightsnow,sed,BEV,0.5,87.9794133975015,87.9794133975015,0.0
ASF official RLC,lightsnow,sed,BEV,0.7,67.89478918337454,67.89478918337454,0.0
ASF official RLC,lightsnow,bus,3D,0.3,88.25935219842833,88.25935219842833,0.0
ASF official RLC,lightsnow,bus,3D,0.5,70.81127016589451,70.81127016589451,0.0
ASF official RLC,lightsnow,bus,3D,0.7,39.85807168093349,39.85807168093349,0.0
ASF official RLC,lightsnow,bus,BEV,0.3,94.46301987468712,94.46301987468712,0.0
ASF official RLC,lightsnow,bus,BEV,0.5,91.02288067610948,91.02288067610948,0.0
ASF official RLC,lightsnow,bus,BEV,0.7,69.53403189422211,69.53403189422211,0.0
ASF official RLC,heavysnow,sed,3D,0.3,63.60797021105265,63.60797021105265,0.0
ASF official RLC,heavysnow,sed,3D,0.5,49.52424782762442,49.52424782762442,0.0
ASF official RLC,heavysnow,sed,3D,0.7,16.6205910527445,16.6205910527445,0.0
ASF official RLC,heavysnow,sed,BEV,0.3,63.89596450476439,63.89596450476439,0.0
ASF official RLC,heavysnow,sed,BEV,0.5,61.279116602695694,61.279116602695694,0.0
ASF official RLC,heavysnow,sed,BEV,0.7,42.616778269169906,42.616778269169906,0.0
ASF official RLC,heavysnow,bus,3D,0.3,68.20418622088357,68.20418622088357,0.0
ASF official RLC,heavysnow,bus,3D,0.5,32.550531908424915,32.550531908424915,0.0
ASF official RLC,heavysnow,bus,3D,0.7,7.825995971587418,7.825995971587418,0.0
ASF official RLC,heavysnow,bus,BEV,0.3,87.51376457522746,87.51376457522746,0.0
ASF official RLC,heavysnow,bus,BEV,0.5,79.69984775555656,79.69984775555656,0.0
ASF official RLC,heavysnow,bus,BEV,0.7,29.589559826906587,29.589559826906587,0.0
DecControlled Gentle 08-06,all,sed,3D,0.3,74.56786001697651,74.97794695657676,-0.410086939600248
DecControlled Gentle 08-06,all,sed,3D,0.5,51.73136430155593,52.09162529168767,-0.3602609901317422
DecControlled Gentle 08-06,all,sed,3D,0.7,11.993592747116121,11.854227787775777,0.13936495934034454
DecControlled Gentle 08-06,all,sed,BEV,0.3,77.3690029873196,77.84756800138433,-0.47856501406472773
DecControlled Gentle 08-06,all,sed,BEV,0.5,71.20011732358965,71.70175872066424,-0.501641397074593
DecControlled Gentle 08-06,all,sed,BEV,0.7,42.928365756792054,43.2084463511566,-0.2800805943645486
DecControlled Gentle 08-06,all,bus,3D,0.3,56.40528612574397,58.12835520133631,-1.723069075592342
DecControlled Gentle 08-06,all,bus,3D,0.5,31.77855388280795,31.055836725253055,0.7227171575548965
DecControlled Gentle 08-06,all,bus,3D,0.7,8.364604313795509,7.93057570170773,0.4340286120877783
DecControlled Gentle 08-06,all,bus,BEV,0.3,65.70121088284395,67.85341563441995,-2.1522047515759937
DecControlled Gentle 08-06,all,bus,BEV,0.5,49.31575997069144,53.20653519852178,-3.890775227830339
DecControlled Gentle 08-06,all,bus,BEV,0.7,21.33957052828208,20.853579642957946,0.48599088532413504
DecControlled Gentle 08-06,urban,sed,3D,0.3,77.86559654971575,78.21530346687796,-0.3497069171622087
DecControlled Gentle 08-06,urban,sed,3D,0.5,56.981950663969585,57.069269146190074,-0.0873184822204891
DecControlled Gentle 08-06,urban,sed,3D,0.7,15.057022170983483,14.436119359295468,0.6209028116880155
DecControlled Gentle 08-06,urban,sed,BEV,0.3,80.76643687049202,81.14274190212569,-0.37630503163367734
DecControlled Gentle 08-06,urban,sed,BEV,0.5,74.53663405363173,74.76960621471763,-0.2329721610858968
DecControlled Gentle 08-06,urban,sed,BEV,0.7,50.30496390898791,50.836694047562126,-0.5317301385742184
DecControlled Gentle 08-06,urban,bus,3D,0.3,86.07138505244299,86.24622015391492,-0.1748351014719276
DecControlled Gentle 08-06,urban,bus,3D,0.5,50.059727036781744,45.14661479140337,4.913112245378372
DecControlled Gentle 08-06,urban,bus,3D,0.7,18.69314382976129,13.19080014789471,5.502343681866581
DecControlled Gentle 08-06,urban,bus,BEV,0.3,88.68900627472382,88.53903758982509,0.14996868489873805
DecControlled Gentle 08-06,urban,bus,BEV,0.5,81.47296403821058,82.30261788411943,-0.8296538459088509
DecControlled Gentle 08-06,urban,bus,BEV,0.7,38.93163041382944,38.80794482057661,0.12368559325283002
DecControlled Gentle 08-06,highway,sed,3D,0.3,83.36440017984312,81.45046674612678,1.9139334337163376
DecControlled Gentle 08-06,highway,sed,3D,0.5,54.99905462640305,55.73026706875257,-0.7312124423495163
DecControlled Gentle 08-06,highway,sed,3D,0.7,6.038591013662358,6.244769341412074,-0.20617832774971667
DecControlled Gentle 08-06,highway,sed,BEV,0.3,86.03364625762173,84.34393180859784,1.6897144490238816
DecControlled Gentle 08-06,highway,sed,BEV,0.5,79.34137082528683,78.05297775458348,1.28839307070335
DecControlled Gentle 08-06,highway,sed,BEV,0.7,41.73892886223405,41.99861999751438,-0.2596911352803346
DecControlled Gentle 08-06,highway,bus,3D,0.3,55.77988639963417,56.79300374524857,-1.013117345614397
DecControlled Gentle 08-06,highway,bus,3D,0.5,30.639577668480854,29.334711576873406,1.3048660916074475
DecControlled Gentle 08-06,highway,bus,3D,0.7,8.203622781310257,8.114078627460296,0.0895441538499604
DecControlled Gentle 08-06,highway,bus,BEV,0.3,68.4007400548174,68.39847864916388,0.002261405653527504
DecControlled Gentle 08-06,highway,bus,BEV,0.5,47.53761944045636,51.451891907410385,-3.9142724669540243
DecControlled Gentle 08-06,highway,bus,BEV,0.7,20.775355842972555,18.690332636240395,2.08502320673216
DecControlled Gentle 08-06,countryside,sed,3D,0.3,58.79466803912632,65.56484751745663,-6.770179478330306
DecControlled Gentle 08-06,countryside,sed,3D,0.5,38.24249810561422,43.50148816290062,-5.258990057286404
DecControlled Gentle 08-06,countryside,sed,3D,0.7,8.012235583917832,6.530115388438913,1.4821201954789185
DecControlled Gentle 08-06,countryside,sed,BEV,0.3,64.81900397686424,69.847527648194,-5.028523671329765
DecControlled Gentle 08-06,countryside,sed,BEV,0.5,54.23660523566567,60.368185366711856,-6.131580131046185
DecControlled Gentle 08-06,countryside,sed,BEV,0.7,24.635690492671966,27.25403185255677,-2.6183413598848055
DecControlled Gentle 08-06,countryside,bus,3D,0.3,24.989493089414314,32.68170426065163,-7.6922111712373145
DecControlled Gentle 08-06,countryside,bus,3D,0.5,10.625214408233276,15.098722415795587,-4.473508007562311
DecControlled Gentle 08-06,countryside,bus,3D,0.7,1.3350449293966624,1.9744483159117305,-0.6394033865150681
DecControlled Gentle 08-06,countryside,bus,BEV,0.3,27.372924979006637,36.0397184999518,-8.666793520945166
DecControlled Gentle 08-06,countryside,bus,BEV,0.5,17.80423777986754,20.90592334494773,-3.1016855650801887
DecControlled Gentle 08-06,countryside,bus,BEV,0.7,6.470945069656528,10.73170731707317,-4.260762247416642
DecControlled Gentle 08-06,alleyway,sed,3D,0.3,38.03845327629179,39.07215294721143,-1.0336996709196384
DecControlled Gentle 08-06,alleyway,sed,3D,0.5,19.558391640103455,20.96564531014054,-1.4072536700370861
DecControlled Gentle 08-06,alleyway,sed,3D,0.7,2.5724759576377836,4.01230981209457,-1.4398338544567868
DecControlled Gentle 08-06,alleyway,sed,BEV,0.3,43.05293824591948,42.31873165539752,0.734206590521957
DecControlled Gentle 08-06,alleyway,sed,BEV,0.5,35.20021092666962,35.67898364381531,-0.4787727171456879
DecControlled Gentle 08-06,alleyway,sed,BEV,0.7,16.091977192299726,17.434291234731138,-1.3423140424314113
DecControlled Gentle 08-06,alleyway,bus,3D,0.3,26.25713858291129,20.6062415028347,5.650897080076589
DecControlled Gentle 08-06,alleyway,bus,3D,0.5,5.289492442778968,4.523238120081736,0.7662543226972325
DecControlled Gentle 08-06,alleyway,bus,3D,0.7,0.03048780487804878,0.0,0.03048780487804878
DecControlled Gentle 08-06,alleyway,bus,BEV,0.3,27.24295460941682,22.689073352107012,4.553881257309808
DecControlled Gentle 08-06,alleyway,bus,BEV,0.5,17.062328942084505,14.081002148461067,2.981326793623438
DecControlled Gentle 08-06,alleyway,bus,BEV,0.7,3.4385267048641053,0.9161713465874155,2.5223553582766898
DecControlled Gentle 08-06,parkinglots,sed,3D,0.3,73.65265539225513,66.40871747347634,7.243937918778784
DecControlled Gentle 08-06,parkinglots,sed,3D,0.5,47.375872271520166,44.80865464908141,2.567217622438754
DecControlled Gentle 08-06,parkinglots,sed,3D,0.7,25.70848866300895,26.793951241902597,-1.0854625788936474
DecControlled Gentle 08-06,parkinglots,sed,BEV,0.3,73.80050472183083,68.66446012317637,5.136044598654465
DecControlled Gentle 08-06,parkinglots,sed,BEV,0.5,60.55505215688807,55.84886359174085,4.706188565147215
DecControlled Gentle 08-06,parkinglots,sed,BEV,0.7,34.04421698084682,33.3808202999792,0.6633966808676206
DecControlled Gentle 08-06,parkinglots,bus,3D,0.3,61.009421648235595,64.18320887248913,-3.1737872242535374
DecControlled Gentle 08-06,parkinglots,bus,3D,0.5,27.644403811205425,38.036254785614894,-10.391850974409468
DecControlled Gentle 08-06,parkinglots,bus,3D,0.7,6.992545386843217,9.73464209921206,-2.742096712368843
DecControlled Gentle 08-06,parkinglots,bus,BEV,0.3,64.0643131787958,66.88404536536319,-2.8197321865673928
DecControlled Gentle 08-06,parkinglots,bus,BEV,0.5,41.03353984974119,53.54145289851559,-12.507913048774398
DecControlled Gentle 08-06,parkinglots,bus,BEV,0.7,15.572744337344785,20.058069360882467,-4.485325023537682
DecControlled Gentle 08-06,shoulder,sed,3D,0.3,97.3748307332847,97.31850614334388,0.05632458994081446
DecControlled Gentle 08-06,shoulder,sed,3D,0.5,94.6412220748689,94.58454349247377,0.056678582395136345
DecControlled Gentle 08-06,shoulder,sed,3D,0.7,69.81435733076563,65.77405586677395,4.040301463991682
DecControlled Gentle 08-06,shoulder,sed,BEV,0.3,99.90553312070169,99.8751358346124,0.030397286089296927
DecControlled Gentle 08-06,shoulder,sed,BEV,0.5,99.88152011411788,97.45584458702352,2.4256755270943557
DecControlled Gentle 08-06,shoulder,sed,BEV,0.7,91.29185257973899,91.51245419840147,-0.22060161866248507
DecControlled Gentle 08-06,shoulder,bus,3D,0.3,0.0,0.0,0.0
DecControlled Gentle 08-06,shoulder,bus,3D,0.5,0.0,0.0,0.0
DecControlled Gentle 08-06,shoulder,bus,3D,0.7,0.0,0.0,0.0
DecControlled Gentle 08-06,shoulder,bus,BEV,0.3,0.0,0.0,0.0
DecControlled Gentle 08-06,shoulder,bus,BEV,0.5,0.0,0.0,0.0
DecControlled Gentle 08-06,shoulder,bus,BEV,0.7,0.0,0.0,0.0
DecControlled Gentle 08-06,mountain,sed,3D,0.3,89.49839771255122,89.73177252636825,-0.2333748138170222
DecControlled Gentle 08-06,mountain,sed,3D,0.5,68.24828739918641,67.50128091242576,0.7470064867606538
DecControlled Gentle 08-06,mountain,sed,3D,0.7,10.369778693725374,13.183441358301417,-2.813662664576043
DecControlled Gentle 08-06,mountain,sed,BEV,0.3,92.2346302678189,92.32416645520637,-0.08953618738746627
DecControlled Gentle 08-06,mountain,sed,BEV,0.5,92.01984128027229,91.98190998465427,0.03793129561802289
DecControlled Gentle 08-06,mountain,sed,BEV,0.7,71.11868389748534,70.3354366985676,0.783247198917735
DecControlled Gentle 08-06,mountain,bus,3D,0.3,61.156762835317124,62.770121077896015,-1.6133582425788902
DecControlled Gentle 08-06,mountain,bus,3D,0.5,55.32132641539569,58.63868998244516,-3.317363567049469
DecControlled Gentle 08-06,mountain,bus,3D,0.7,14.981334344066017,17.87936282457588,-2.898028480509865
DecControlled Gentle 08-06,mountain,bus,BEV,0.3,61.156762835317124,62.81632755638571,-1.659564721068584
DecControlled Gentle 08-06,mountain,bus,BEV,0.5,58.777993655698694,62.34393124720492,-3.565937591506227
DecControlled Gentle 08-06,mountain,bus,BEV,0.7,38.083577953310616,40.825571448391415,-2.7419934950807985
DecControlled Gentle 08-06,university,sed,3D,0.3,69.2866724108444,72.46310754511738,-3.176435134272978
DecControlled Gentle 08-06,university,sed,3D,0.5,44.71647471148382,43.654345636383454,1.0621290751003656
DecControlled Gentle 08-06,university,sed,3D,0.7,5.110134144460197,5.918686971946433,-0.8085528274862357
DecControlled Gentle 08-06,university,sed,BEV,0.3,70.01137928043622,75.05350307985908,-5.042123799422868
DecControlled Gentle 08-06,university,sed,BEV,0.5,65.89913400505229,68.77298567749861,-2.873851672446321
DecControlled Gentle 08-06,university,sed,BEV,0.7,31.960282115581823,32.52734026072008,-0.5670581451382581
DecControlled Gentle 08-06,university,bus,3D,0.3,0.0,0.0,0.0
DecControlled Gentle 08-06,university,bus,3D,0.5,0.0,0.0,0.0
DecControlled Gentle 08-06,university,bus,3D,0.7,0.0,0.0,0.0
DecControlled Gentle 08-06,university,bus,BEV,0.3,0.0,0.0,0.0
DecControlled Gentle 08-06,university,bus,BEV,0.5,0.0,0.0,0.0
DecControlled Gentle 08-06,university,bus,BEV,0.7,0.0,0.0,0.0
DecControlled Gentle 08-06,day,sed,3D,0.3,76.79300033154465,77.14190080374229,-0.3489004721976414
DecControlled Gentle 08-06,day,sed,3D,0.5,54.33383593695602,54.75598286987021,-0.42214693291418826
DecControlled Gentle 08-06,day,sed,3D,0.7,12.526276338018905,12.594213477752811,-0.0679371397339068
DecControlled Gentle 08-06,day,sed,BEV,0.3,79.44386664409325,79.83859234146277,-0.39472569736952323
DecControlled Gentle 08-06,day,sed,BEV,0.5,73.53155150117333,74.1060258863607,-0.5744743851873721
DecControlled Gentle 08-06,day,sed,BEV,0.7,44.84056258151827,45.140982188209506,-0.3004196066912357
DecControlled Gentle 08-06,day,bus,3D,0.3,55.60862690537728,56.9292882026023,-1.3206612972250227
DecControlled Gentle 08-06,day,bus,3D,0.5,27.233317103643035,27.719277309777674,-0.48596020613463864
DecControlled Gentle 08-06,day,bus,3D,0.7,4.460813728899657,6.711469281739466,-2.2506555528398087
DecControlled Gentle 08-06,day,bus,BEV,0.3,59.80436405979667,60.21894965556813,-0.41458559577146303
DecControlled Gentle 08-06,day,bus,BEV,0.5,41.69559134865338,44.76612474412965,-3.070533395476268
DecControlled Gentle 08-06,day,bus,BEV,0.7,15.581649607791947,16.6243848839265,-1.042735276134552
DecControlled Gentle 08-06,night,sed,3D,0.3,70.10101025169755,70.67299438396955,-0.5719841322720072
DecControlled Gentle 08-06,night,sed,3D,0.5,46.361195975850535,46.58593243169625,-0.224736455845715
DecControlled Gentle 08-06,night,sed,3D,0.7,11.139702863009694,11.23791429710876,-0.09821143409906696
DecControlled Gentle 08-06,night,sed,BEV,0.3,73.28208664121873,73.91598674452821,-0.633900103309486
DecControlled Gentle 08-06,night,sed,BEV,0.5,66.50046355332726,66.84370892725146,-0.34324537392419074
DecControlled Gentle 08-06,night,sed,BEV,0.7,40.45941273664365,40.7247944433854,-0.2653817067417492
DecControlled Gentle 08-06,night,bus,3D,0.3,61.96445992951614,60.36562791309061,1.5988320164255256
DecControlled Gentle 08-06,night,bus,3D,0.5,38.781367812429174,36.95414581651178,1.827221995917391
DecControlled Gentle 08-06,night,bus,3D,0.7,14.399730920821652,11.795749564263,2.603981356558652
DecControlled Gentle 08-06,night,bus,BEV,0.3,75.97458933148724,75.85685730060533,0.11773203088191053
DecControlled Gentle 08-06,night,bus,BEV,0.5,57.8320659063317,62.501625521904444,-4.669559615572744
DecControlled Gentle 08-06,night,bus,BEV,0.7,29.42418195824656,25.94431296741182,3.479868990834742
DecControlled Gentle 08-06,normal,sed,3D,0.3,73.5524111086459,74.13846385475061,-0.5860527461047127
DecControlled Gentle 08-06,normal,sed,3D,0.5,48.652748012071484,49.62937192191424,-0.9766239098427576
DecControlled Gentle 08-06,normal,sed,3D,0.7,5.444038195756899,7.41858471823177,-1.9745465224748715
DecControlled Gentle 08-06,normal,sed,BEV,0.3,76.2902542594712,76.93696403582551,-0.6467097763543137
DecControlled Gentle 08-06,normal,sed,BEV,0.5,69.77390595475742,70.65476501087757,-0.8808590561201441
DecControlled Gentle 08-06,normal,sed,BEV,0.7,35.868283104864446,36.37259408289393,-0.504310978029487
DecControlled Gentle 08-06,normal,bus,3D,0.3,51.24038486430628,53.28396691757169,-2.0435820532654105
DecControlled Gentle 08-06,normal,bus,3D,0.5,23.262242146957394,23.932995588579942,-0.6707534416225478
DecControlled Gentle 08-06,normal,bus,3D,0.7,2.764174816457509,5.728362594412192,-2.9641877779546832
DecControlled Gentle 08-06,normal,bus,BEV,0.3,57.48316265006734,57.35129446247801,0.13186818758933327
DecControlled Gentle 08-06,normal,bus,BEV,0.5,34.20795992649296,36.91333613194176,-2.7053762054488004
DecControlled Gentle 08-06,normal,bus,BEV,0.7,10.950834262855803,11.30274464241066,-0.35191037955485704
DecControlled Gentle 08-06,overcast,sed,3D,0.3,84.62454108226119,82.35468228208515,2.2698588001760385
DecControlled Gentle 08-06,overcast,sed,3D,0.5,59.79593412013511,53.37664815403531,6.4192859660998
DecControlled Gentle 08-06,overcast,sed,3D,0.7,8.234213602459642,6.298901277641798,1.9353123248178434
DecControlled Gentle 08-06,overcast,sed,BEV,0.3,89.12202040212289,89.36570822189952,-0.243687819776639
DecControlled Gentle 08-06,overcast,sed,BEV,0.5,81.93886380566859,81.98155331823098,-0.042689512562390064
DecControlled Gentle 08-06,overcast,sed,BEV,0.7,47.39176043865483,46.16740589274425,1.224354545910579
DecControlled Gentle 08-06,overcast,bus,3D,0.3,73.74529522688536,75.32582793213054,-1.5805327052451759
DecControlled Gentle 08-06,overcast,bus,3D,0.5,46.06656114063437,47.04012126011879,-0.9735601194844179
DecControlled Gentle 08-06,overcast,bus,3D,0.7,4.8704426753207235,8.177121394765297,-3.306678719444574
DecControlled Gentle 08-06,overcast,bus,BEV,0.3,74.76139999076949,81.67069508532919,-6.909295094559695
DecControlled Gentle 08-06,overcast,bus,BEV,0.5,58.82351065149004,54.739976399475886,4.083534252014154
DecControlled Gentle 08-06,overcast,bus,BEV,0.7,25.533625974650327,21.953597635504902,3.580028339145425
DecControlled Gentle 08-06,fog,sed,3D,0.3,92.22653930514076,92.25503949710469,-0.0285001919639285
DecControlled Gentle 08-06,fog,sed,3D,0.5,80.37711281081002,80.54989713755023,-0.1727843267402136
DecControlled Gentle 08-06,fog,sed,3D,0.7,39.78747688471757,38.988782336889166,0.7986945478284042
DecControlled Gentle 08-06,fog,sed,BEV,0.3,94.8920679615669,94.91345109202213,-0.021383130455234323
DecControlled Gentle 08-06,fog,sed,BEV,0.5,94.8035722906854,94.78265074487796,0.020921545807439657
DecControlled Gentle 08-06,fog,sed,BEV,0.7,81.84369052212303,79.65763412163979,2.1860564004832383
DecControlled Gentle 08-06,fog,bus,3D,0.3,0.0,0.0,0.0
DecControlled Gentle 08-06,fog,bus,3D,0.5,0.0,0.0,0.0
DecControlled Gentle 08-06,fog,bus,3D,0.7,0.0,0.0,0.0
DecControlled Gentle 08-06,fog,bus,BEV,0.3,0.0,0.0,0.0
DecControlled Gentle 08-06,fog,bus,BEV,0.5,0.0,0.0,0.0
DecControlled Gentle 08-06,fog,bus,BEV,0.7,0.0,0.0,0.0
DecControlled Gentle 08-06,rain,sed,3D,0.3,67.96432193596641,66.3666834828411,1.5976384531253132
DecControlled Gentle 08-06,rain,sed,3D,0.5,46.045759699273184,46.85401943672793,-0.8082597374547476
DecControlled Gentle 08-06,rain,sed,3D,0.7,16.55994665576,17.18058831482299,-0.62064165906299
DecControlled Gentle 08-06,rain,sed,BEV,0.3,70.87279658930217,69.15170618976515,1.7210903995370188
DecControlled Gentle 08-06,rain,sed,BEV,0.5,64.0709595261079,62.269378265348685,1.8015812607592139
DecControlled Gentle 08-06,rain,sed,BEV,0.7,44.34840305385509,43.52263057534297,0.8257724785121141
DecControlled Gentle 08-06,rain,bus,3D,0.3,10.626891147848777,7.893203954541796,2.7336871933069817
DecControlled Gentle 08-06,rain,bus,3D,0.5,5.616348055372446,2.4840301974448318,3.132317857927614
DecControlled Gentle 08-06,rain,bus,3D,0.7,0.07390983000739099,0.0,0.07390983000739099
DecControlled Gentle 08-06,rain,bus,BEV,0.3,10.626891147848777,7.893203954541796,2.7336871933069817
DecControlled Gentle 08-06,rain,bus,BEV,0.5,8.165971172229854,7.893203954541796,0.27276721768805867
DecControlled Gentle 08-06,rain,bus,BEV,0.7,2.8311613677467338,0.7998099461514095,2.0313514215953243
DecControlled Gentle 08-06,sleet,sed,3D,0.3,72.31704270723398,70.42968503556456,1.8873576716694203
DecControlled Gentle 08-06,sleet,sed,3D,0.5,46.75669425962212,44.04536377990363,2.711330479718491
DecControlled Gentle 08-06,sleet,sed,3D,0.7,7.6489884182866135,8.332399706694844,-0.6834112884082302
DecControlled Gentle 08-06,sleet,sed,BEV,0.3,75.31131774518346,74.00247266003682,1.3088450851466433
DecControlled Gentle 08-06,sleet,sed,BEV,0.5,65.96445572951441,64.29971942503285,1.6647363044815648
DecControlled Gentle 08-06,sleet,sed,BEV,0.7,39.62532695251086,40.477166488231234,-0.851839535720373
DecControlled Gentle 08-06,sleet,bus,3D,0.3,54.9718737401007,59.549548818902096,-4.5776750788013985
DecControlled Gentle 08-06,sleet,bus,3D,0.5,34.29211335946973,38.831956170888624,-4.539842811418893
DecControlled Gentle 08-06,sleet,bus,3D,0.7,5.702948093962725,8.738664961928992,-3.0357168679662667
DecControlled Gentle 08-06,sleet,bus,BEV,0.3,56.23899208771276,60.54280667676293,-4.30381458905017
DecControlled Gentle 08-06,sleet,bus,BEV,0.5,42.803113982862136,50.64507343794078,-7.841959455078644
DecControlled Gentle 08-06,sleet,bus,BEV,0.7,19.002766533303003,22.174883595120217,-3.1721170618172145
DecControlled Gentle 08-06,lightsnow,sed,3D,0.3,89.90229423661714,88.23847406405349,1.6638201725636463
DecControlled Gentle 08-06,lightsnow,sed,3D,0.5,60.11787406105078,59.251436881905306,0.8664371791454712
DecControlled Gentle 08-06,lightsnow,sed,3D,0.7,11.485925826528044,10.848713360826416,0.6372124657016283
DecControlled Gentle 08-06,lightsnow,sed,BEV,0.3,90.48077815651615,90.85357079684266,-0.3727926403265087
DecControlled Gentle 08-06,lightsnow,sed,BEV,0.5,87.46279611202213,87.9794133975015,-0.51661728547937
DecControlled Gentle 08-06,lightsnow,sed,BEV,0.7,64.11316788590672,67.89478918337454,-3.7816212974678223
DecControlled Gentle 08-06,lightsnow,bus,3D,0.3,86.47895190857793,88.25935219842833,-1.7804002898504052
DecControlled Gentle 08-06,lightsnow,bus,3D,0.5,73.31360808072483,70.81127016589451,2.5023379148303206
DecControlled Gentle 08-06,lightsnow,bus,3D,0.7,44.049548844496734,39.85807168093349,4.191477163563242
DecControlled Gentle 08-06,lightsnow,bus,BEV,0.3,94.61627741270081,94.46301987468712,0.15325753801369046
DecControlled Gentle 08-06,lightsnow,bus,BEV,0.5,88.40423558831829,91.02288067610948,-2.6186450877911938
DecControlled Gentle 08-06,lightsnow,bus,BEV,0.7,69.83368437396274,69.53403189422211,0.2996524797406295
DecControlled Gentle 08-06,heavysnow,sed,3D,0.3,63.26341163920126,63.60797021105265,-0.34455857185139394
DecControlled Gentle 08-06,heavysnow,sed,3D,0.5,51.47035894772485,49.52424782762442,1.9461111201004258
DecControlled Gentle 08-06,heavysnow,sed,3D,0.7,18.783517530665968,16.6205910527445,2.1629264779214665
DecControlled Gentle 08-06,heavysnow,sed,BEV,0.3,65.64398143106767,63.89596450476439,1.7480169263032792
DecControlled Gentle 08-06,heavysnow,sed,BEV,0.5,61.12473029978883,61.279116602695694,-0.15438630290686461
DecControlled Gentle 08-06,heavysnow,sed,BEV,0.7,45.03962409348296,42.616778269169906,2.4228458243130575
DecControlled Gentle 08-06,heavysnow,bus,3D,0.3,67.64699920513677,68.20418622088357,-0.5571870157468055
DecControlled Gentle 08-06,heavysnow,bus,3D,0.5,33.570443191029256,32.550531908424915,1.0199112826043404
DecControlled Gentle 08-06,heavysnow,bus,3D,0.7,8.010766292853091,7.825995971587418,0.18477032126567305
DecControlled Gentle 08-06,heavysnow,bus,BEV,0.3,89.52116422968504,87.51376457522746,2.0073996544575863
DecControlled Gentle 08-06,heavysnow,bus,BEV,0.5,75.87068946275654,79.69984775555656,-3.8291582928000167
DecControlled Gentle 08-06,heavysnow,bus,BEV,0.7,28.905392341132586,29.589559826906587,-0.684167485774001
DecControlled Strong 08-06,all,sed,3D,0.3,74.58434943531094,74.97794695657676,-0.3935975212658178
DecControlled Strong 08-06,all,sed,3D,0.5,52.141909787425355,52.09162529168767,0.05028449573768512
DecControlled Strong 08-06,all,sed,3D,0.7,12.308283567481094,11.854227787775777,0.4540557797053175
DecControlled Strong 08-06,all,sed,BEV,0.3,77.3207697820272,77.84756800138433,-0.5267982193571328
DecControlled Strong 08-06,all,sed,BEV,0.5,71.26560294241487,71.70175872066424,-0.4361557782493719
DecControlled Strong 08-06,all,sed,BEV,0.7,44.25690177529195,43.2084463511566,1.0484554241353479
DecControlled Strong 08-06,all,bus,3D,0.3,59.24418568817133,58.12835520133631,1.1158304868350157
DecControlled Strong 08-06,all,bus,3D,0.5,33.9660847108478,31.055836725253055,2.910247985594747
DecControlled Strong 08-06,all,bus,3D,0.7,9.915535165457054,7.93057570170773,1.9849594637493242
DecControlled Strong 08-06,all,bus,BEV,0.3,65.13721727861488,67.85341563441995,-2.716198355805062
DecControlled Strong 08-06,all,bus,BEV,0.5,50.59252058686502,53.20653519852178,-2.6140146116567564
DecControlled Strong 08-06,all,bus,BEV,0.7,23.12802117047419,20.853579642957946,2.2744415275162453
DecControlled Strong 08-06,urban,sed,3D,0.3,77.95155609097652,78.21530346687796,-0.26374737590143127
DecControlled Strong 08-06,urban,sed,3D,0.5,57.331730212966,57.069269146190074,0.26246106677592707
DecControlled Strong 08-06,urban,sed,3D,0.7,14.85174631301916,14.436119359295468,0.41562695372369163
DecControlled Strong 08-06,urban,sed,BEV,0.3,80.78187123797323,81.14274190212569,-0.3608706641524577
DecControlled Strong 08-06,urban,sed,BEV,0.5,74.48011538310396,74.76960621471763,-0.2894908316136622
DecControlled Strong 08-06,urban,sed,BEV,0.7,50.39233290705776,50.836694047562126,-0.4443611405043697
DecControlled Strong 08-06,urban,bus,3D,0.3,85.183778926199,86.24622015391492,-1.0624412277159223
DecControlled Strong 08-06,urban,bus,3D,0.5,47.79981724533537,45.14661479140337,2.6532024539319963
DecControlled Strong 08-06,urban,bus,3D,0.7,20.0178872625223,13.19080014789471,6.8270871146275915
DecControlled Strong 08-06,urban,bus,BEV,0.3,85.52094664106704,88.53903758982509,-3.0180909487580436
DecControlled Strong 08-06,urban,bus,BEV,0.5,78.70894051091598,82.30261788411943,-3.593677373203448
DecControlled Strong 08-06,urban,bus,BEV,0.7,43.25812873040943,38.80794482057661,4.450183909832823
DecControlled Strong 08-06,highway,sed,3D,0.3,83.05806594123516,81.45046674612678,1.607599195108378
DecControlled Strong 08-06,highway,sed,3D,0.5,56.08302700810596,55.73026706875257,0.35275993935339045
DecControlled Strong 08-06,highway,sed,3D,0.7,5.366135673590466,6.244769341412074,-0.8786336678216085
DecControlled Strong 08-06,highway,sed,BEV,0.3,85.72716444405253,84.34393180859784,1.3832326354546893
DecControlled Strong 08-06,highway,sed,BEV,0.5,79.58352323138045,78.05297775458348,1.5305454767969735
DecControlled Strong 08-06,highway,sed,BEV,0.7,41.78732881732318,41.99861999751438,-0.2112911801912034
DecControlled Strong 08-06,highway,bus,3D,0.3,57.45208274374658,56.79300374524857,0.6590789984980105
DecControlled Strong 08-06,highway,bus,3D,0.5,33.13213376954994,29.334711576873406,3.7974221926765317
DecControlled Strong 08-06,highway,bus,3D,0.7,9.706240884579746,8.114078627460296,1.5921622571194494
DecControlled Strong 08-06,highway,bus,BEV,0.3,68.07565685696194,68.39847864916388,-0.3228217922019354
DecControlled Strong 08-06,highway,bus,BEV,0.5,50.83286424169474,51.451891907410385,-0.6190276657156417
DecControlled Strong 08-06,highway,bus,BEV,0.7,21.60614770798724,18.690332636240395,2.915815071746845
DecControlled Strong 08-06,countryside,sed,3D,0.3,60.01597669605143,65.56484751745663,-5.548870821405195
DecControlled Strong 08-06,countryside,sed,3D,0.5,34.23701683143703,43.50148816290062,-9.26447133146359
DecControlled Strong 08-06,countryside,sed,3D,0.7,8.126580202056259,6.530115388438913,1.5964648136173452
DecControlled Strong 08-06,countryside,sed,BEV,0.3,65.32674491177677,69.847527648194,-4.520782736417232
DecControlled Strong 08-06,countryside,sed,BEV,0.5,55.9302485379546,60.368185366711856,-4.437936828757259
DecControlled Strong 08-06,countryside,sed,BEV,0.7,23.279986194122856,27.25403185255677,-3.9740456584339157
DecControlled Strong 08-06,countryside,bus,3D,0.3,24.83445764156118,32.68170426065163,-7.847246619090448
DecControlled Strong 08-06,countryside,bus,3D,0.5,12.315423023283047,15.098722415795587,-2.7832993925125393
DecControlled Strong 08-06,countryside,bus,3D,0.7,1.5864868372921757,1.9744483159117305,-0.3879614786195549
DecControlled Strong 08-06,countryside,bus,BEV,0.3,27.346297537122016,36.0397184999518,-8.693420962829787
DecControlled Strong 08-06,countryside,bus,BEV,0.5,19.598617837423937,20.90592334494773,-1.3073055075237932
DecControlled Strong 08-06,countryside,bus,BEV,0.7,7.624046222379041,10.73170731707317,-3.1076610946941283
DecControlled Strong 08-06,alleyway,sed,3D,0.3,38.10762820311203,39.07215294721143,-0.9645247440993998
DecControlled Strong 08-06,alleyway,sed,3D,0.5,21.068004816468736,20.96564531014054,0.10235950632819524
DecControlled Strong 08-06,alleyway,sed,3D,0.7,2.7090036760373577,4.01230981209457,-1.3033061360572127
DecControlled Strong 08-06,alleyway,sed,BEV,0.3,41.15283803680305,42.31873165539752,-1.165893618594474
DecControlled Strong 08-06,alleyway,sed,BEV,0.5,35.26825340008451,35.67898364381531,-0.4107302437307965
DecControlled Strong 08-06,alleyway,sed,BEV,0.7,16.003937445640403,17.434291234731138,-1.4303537890907343
DecControlled Strong 08-06,alleyway,bus,3D,0.3,22.975626765901723,20.6062415028347,2.3693852630670236
DecControlled Strong 08-06,alleyway,bus,3D,0.5,3.230899741104333,4.523238120081736,-1.2923383789774028
DecControlled Strong 08-06,alleyway,bus,3D,0.7,0.14139271827500885,0.0,0.14139271827500885
DecControlled Strong 08-06,alleyway,bus,BEV,0.3,25.48163960602573,22.689073352107012,2.792566253918718
DecControlled Strong 08-06,alleyway,bus,BEV,0.5,11.702928632474844,14.081002148461067,-2.378073515986223
DecControlled Strong 08-06,alleyway,bus,BEV,0.7,1.6765136595465333,0.9161713465874155,0.7603423129591178
DecControlled Strong 08-06,parkinglots,sed,3D,0.3,75.30394383216739,66.40871747347634,8.895226358691048
DecControlled Strong 08-06,parkinglots,sed,3D,0.5,51.038719351754345,44.80865464908141,6.230064702672934
DecControlled Strong 08-06,parkinglots,sed,3D,0.7,27.428661719511965,26.793951241902597,0.6347104776093673
DecControlled Strong 08-06,parkinglots,sed,BEV,0.3,75.53350726183027,68.66446012317637,6.869047138653897
DecControlled Strong 08-06,parkinglots,sed,BEV,0.5,60.98240087068544,55.84886359174085,5.133537278944587
DecControlled Strong 08-06,parkinglots,sed,BEV,0.7,36.34971073197592,33.3808202999792,2.9688904319967193
DecControlled Strong 08-06,parkinglots,bus,3D,0.3,66.7891103992397,64.18320887248913,2.6059015267505714
DecControlled Strong 08-06,parkinglots,bus,3D,0.5,40.03288602075996,38.036254785614894,1.9966312351450668
DecControlled Strong 08-06,parkinglots,bus,3D,0.7,9.365319522322837,9.73464209921206,-0.369322576889223
DecControlled Strong 08-06,parkinglots,bus,BEV,0.3,67.05096464086905,66.88404536536319,0.16691927550586172
DecControlled Strong 08-06,parkinglots,bus,BEV,0.5,51.34177197904543,53.54145289851559,-2.199680919470154
DecControlled Strong 08-06,parkinglots,bus,BEV,0.7,19.817677454932678,20.058069360882467,-0.24039190594978876
DecControlled Strong 08-06,shoulder,sed,3D,0.3,97.32176294379819,97.31850614334388,0.0032568004543094276
DecControlled Strong 08-06,shoulder,sed,3D,0.5,94.57080791966906,94.58454349247377,-0.013735572804705498
DecControlled Strong 08-06,shoulder,sed,3D,0.7,77.38051348362906,65.77405586677395,11.60645761685511
DecControlled Strong 08-06,shoulder,sed,BEV,0.3,99.83038797897997,99.8751358346124,-0.044747855632422784
DecControlled Strong 08-06,shoulder,sed,BEV,0.5,97.42481899043605,97.45584458702352,-0.03102559658746884
DecControlled Strong 08-06,shoulder,sed,BEV,0.7,90.76199212452104,91.51245419840147,-0.7504620738804277
DecControlled Strong 08-06,shoulder,bus,3D,0.3,0.0,0.0,0.0
DecControlled Strong 08-06,shoulder,bus,3D,0.5,0.0,0.0,0.0
DecControlled Strong 08-06,shoulder,bus,3D,0.7,0.0,0.0,0.0
DecControlled Strong 08-06,shoulder,bus,BEV,0.3,0.0,0.0,0.0
DecControlled Strong 08-06,shoulder,bus,BEV,0.5,0.0,0.0,0.0
DecControlled Strong 08-06,shoulder,bus,BEV,0.7,0.0,0.0,0.0
DecControlled Strong 08-06,mountain,sed,3D,0.3,89.47650124812243,89.73177252636825,-0.2552712782458144
DecControlled Strong 08-06,mountain,sed,3D,0.5,66.29358514248841,67.50128091242576,-1.2076957699373452
DecControlled Strong 08-06,mountain,sed,3D,0.7,10.114399327195702,13.183441358301417,-3.069042031105715
DecControlled Strong 08-06,mountain,sed,BEV,0.3,92.1312689546302,92.32416645520637,-0.19289750057616573
DecControlled Strong 08-06,mountain,sed,BEV,0.5,91.63194436937057,91.98190998465427,-0.3499656152836934
DecControlled Strong 08-06,mountain,sed,BEV,0.7,74.36676553071966,70.3354366985676,4.031328832152056
DecControlled Strong 08-06,mountain,bus,3D,0.3,59.19952551026516,62.770121077896015,-3.5705955676308534
DecControlled Strong 08-06,mountain,bus,3D,0.5,51.79729009014468,58.63868998244516,-6.84139989230048
DecControlled Strong 08-06,mountain,bus,3D,0.7,15.122482154437296,17.87936282457588,-2.7568806701385853
DecControlled Strong 08-06,mountain,bus,BEV,0.3,59.19952551026516,62.81632755638571,-3.6168020461205472
DecControlled Strong 08-06,mountain,bus,BEV,0.5,56.0950666799367,62.34393124720492,-6.248864567268221
DecControlled Strong 08-06,mountain,bus,BEV,0.7,38.34811226094517,40.825571448391415,-2.477459187446243
DecControlled Strong 08-06,university,sed,3D,0.3,69.713438137072,72.46310754511738,-2.749669408045378
DecControlled Strong 08-06,university,sed,3D,0.5,44.96284351787703,43.654345636383454,1.3084978814935795
DecControlled Strong 08-06,university,sed,3D,0.7,4.998552200726408,5.918686971946433,-0.9201347712200247
DecControlled Strong 08-06,university,sed,BEV,0.3,72.21129353206112,75.05350307985908,-2.842209547797964
DecControlled Strong 08-06,university,sed,BEV,0.5,66.0374101367436,68.77298567749861,-2.7355755407550078
DecControlled Strong 08-06,university,sed,BEV,0.7,30.40756965753455,32.52734026072008,-2.119770603185529
DecControlled Strong 08-06,university,bus,3D,0.3,0.0,0.0,0.0
DecControlled Strong 08-06,university,bus,3D,0.5,0.0,0.0,0.0
DecControlled Strong 08-06,university,bus,3D,0.7,0.0,0.0,0.0
DecControlled Strong 08-06,university,bus,BEV,0.3,0.0,0.0,0.0
DecControlled Strong 08-06,university,bus,BEV,0.5,0.0,0.0,0.0
DecControlled Strong 08-06,university,bus,BEV,0.7,0.0,0.0,0.0
DecControlled Strong 08-06,day,sed,3D,0.3,76.74069078545422,77.14190080374229,-0.4012100182880687
DecControlled Strong 08-06,day,sed,3D,0.5,54.70953478879631,54.75598286987021,-0.04644808107389764
DecControlled Strong 08-06,day,sed,3D,0.7,12.468997048791609,12.594213477752811,-0.12521642896120255
DecControlled Strong 08-06,day,sed,BEV,0.3,79.31169149599458,79.83859234146277,-0.5269008454681909
DecControlled Strong 08-06,day,sed,BEV,0.5,73.64132644713531,74.1060258863607,-0.4646994392253845
DecControlled Strong 08-06,day,sed,BEV,0.7,44.588677837914155,45.140982188209506,-0.5523043502953513
DecControlled Strong 08-06,day,bus,3D,0.3,53.673969965481994,56.9292882026023,-3.2553182371203064
DecControlled Strong 08-06,day,bus,3D,0.5,26.79560335804865,27.719277309777674,-0.9236739517290253
DecControlled Strong 08-06,day,bus,3D,0.7,4.621357705285217,6.711469281739466,-2.090111576454249
DecControlled Strong 08-06,day,bus,BEV,0.3,56.9836883566341,60.21894965556813,-3.2352612989340344
DecControlled Strong 08-06,day,bus,BEV,0.5,41.82002169309907,44.76612474412965,-2.946103051030576
DecControlled Strong 08-06,day,bus,BEV,0.7,15.57784626999118,16.6243848839265,-1.0465386139353186
DecControlled Strong 08-06,night,sed,3D,0.3,70.27500089860274,70.67299438396955,-0.39799348536681123
DecControlled Strong 08-06,night,sed,3D,0.5,46.91352410055849,46.58593243169625,0.3275916688622402
DecControlled Strong 08-06,night,sed,3D,0.7,12.17135722782504,11.23791429710876,0.9334429307162786
DecControlled Strong 08-06,night,sed,BEV,0.3,73.41996462215255,73.91598674452821,-0.49602212237566334
DecControlled Strong 08-06,night,sed,BEV,0.5,66.46646617474936,66.84370892725146,-0.3772427525020987
DecControlled Strong 08-06,night,sed,BEV,0.7,42.25791060345405,40.7247944433854,1.5331161600686514
DecControlled Strong 08-06,night,bus,3D,0.3,63.82832800611643,60.36562791309061,3.4627000930258163
DecControlled Strong 08-06,night,bus,3D,0.5,42.68707979456071,36.95414581651178,5.732933978048926
DecControlled Strong 08-06,night,bus,3D,0.7,18.197058700645066,11.795749564263,6.401309136382066
DecControlled Strong 08-06,night,bus,BEV,0.3,78.02941892414427,75.85685730060533,2.1725616235389396
DecControlled Strong 08-06,night,bus,BEV,0.5,62.27428188776638,62.501625521904444,-0.2273436341380659
DecControlled Strong 08-06,night,bus,BEV,0.7,33.63925670895666,25.94431296741182,7.69494374154484
DecControlled Strong 08-06,normal,sed,3D,0.3,73.51458739880525,74.13846385475061,-0.6238764559453642
DecControlled Strong 08-06,normal,sed,3D,0.5,49.39058686764639,49.62937192191424,-0.23878505426785068
DecControlled Strong 08-06,normal,sed,3D,0.7,5.553728758859114,7.41858471823177,-1.8648559593726564
DecControlled Strong 08-06,normal,sed,BEV,0.3,76.1296850263338,76.93696403582551,-0.8072790094917082
DecControlled Strong 08-06,normal,sed,BEV,0.5,70.00539861483695,70.65476501087757,-0.6493663960406195
DecControlled Strong 08-06,normal,sed,BEV,0.7,35.587099240835364,36.37259408289393,-0.7854948420585686
DecControlled Strong 08-06,normal,bus,3D,0.3,51.630890403287545,53.28396691757169,-1.6530765142841446
DecControlled Strong 08-06,normal,bus,3D,0.5,23.936136862373502,23.932995588579942,0.0031412737935596624
DecControlled Strong 08-06,normal,bus,3D,0.7,2.48277242083018,5.728362594412192,-3.2455901735820123
DecControlled Strong 08-06,normal,bus,BEV,0.3,55.525716531272586,57.35129446247801,-1.825577931205423
DecControlled Strong 08-06,normal,bus,BEV,0.5,35.13510343847124,36.91333613194176,-1.778232693470521
DecControlled Strong 08-06,normal,bus,BEV,0.7,10.402571686487033,11.30274464241066,-0.9001729559236278
DecControlled Strong 08-06,overcast,sed,3D,0.3,84.30388440437787,82.35468228208515,1.9492021222927178
DecControlled Strong 08-06,overcast,sed,3D,0.5,59.62361869139369,53.37664815403531,6.246970537358379
DecControlled Strong 08-06,overcast,sed,3D,0.7,8.724316215166606,6.298901277641798,2.425414937524808
DecControlled Strong 08-06,overcast,sed,BEV,0.3,91.38712327057618,89.36570822189952,2.0214150486766584
DecControlled Strong 08-06,overcast,sed,BEV,0.5,82.30568257362836,81.98155331823098,0.3241292553973807
DecControlled Strong 08-06,overcast,sed,BEV,0.7,45.46403529227293,46.16740589274425,-0.7033706004713167
DecControlled Strong 08-06,overcast,bus,3D,0.3,73.82130508299801,75.32582793213054,-1.5045228491325275
DecControlled Strong 08-06,overcast,bus,3D,0.5,49.654868957211995,47.04012126011879,2.6147476970932075
DecControlled Strong 08-06,overcast,bus,3D,0.7,5.251002001037798,8.177121394765297,-2.9261193937274994
DecControlled Strong 08-06,overcast,bus,BEV,0.3,74.02102192981732,81.67069508532919,-7.649673155511863
DecControlled Strong 08-06,overcast,bus,BEV,0.5,62.30515540061342,54.739976399475886,7.565179001137537
DecControlled Strong 08-06,overcast,bus,BEV,0.7,18.715816703621588,21.953597635504902,-3.2377809318833144
DecControlled Strong 08-06,fog,sed,3D,0.3,94.45576829875584,92.25503949710469,2.2007288016511524
DecControlled Strong 08-06,fog,sed,3D,0.5,80.30148404335333,80.54989713755023,-0.2484130941969056
DecControlled Strong 08-06,fog,sed,3D,0.7,43.51804264010096,38.988782336889166,4.529260303211792
DecControlled Strong 08-06,fog,sed,BEV,0.3,94.83924440755152,94.91345109202213,-0.07420668447061018
DecControlled Strong 08-06,fog,sed,BEV,0.5,94.66788330776384,94.78265074487796,-0.11476743711411075
DecControlled Strong 08-06,fog,sed,BEV,0.7,82.17234585430381,79.65763412163979,2.5147117326640256
DecControlled Strong 08-06,fog,bus,3D,0.3,0.0,0.0,0.0
DecControlled Strong 08-06,fog,bus,3D,0.5,0.0,0.0,0.0
DecControlled Strong 08-06,fog,bus,3D,0.7,0.0,0.0,0.0
DecControlled Strong 08-06,fog,bus,BEV,0.3,0.0,0.0,0.0
DecControlled Strong 08-06,fog,bus,BEV,0.5,0.0,0.0,0.0
DecControlled Strong 08-06,fog,bus,BEV,0.7,0.0,0.0,0.0
DecControlled Strong 08-06,rain,sed,3D,0.3,68.10965295372804,66.3666834828411,1.7429694708869476
DecControlled Strong 08-06,rain,sed,3D,0.5,48.298848693647464,46.85401943672793,1.4448292569195331
DecControlled Strong 08-06,rain,sed,3D,0.7,17.493888348856977,17.18058831482299,0.3133000340339862
DecControlled Strong 08-06,rain,sed,BEV,0.3,68.84273100082373,69.15170618976515,-0.3089751889414174
DecControlled Strong 08-06,rain,sed,BEV,0.5,64.0555777774779,62.269378265348685,1.7861995121292082
DecControlled Strong 08-06,rain,sed,BEV,0.7,44.90001944102435,43.52263057534297,1.3773888656813753
DecControlled Strong 08-06,rain,bus,3D,0.3,10.083134717177533,7.893203954541796,2.189930762635737
DecControlled Strong 08-06,rain,bus,3D,0.5,5.051640209024325,2.4840301974448318,2.567610011579493
DecControlled Strong 08-06,rain,bus,3D,0.7,0.9004300467715103,0.0,0.9004300467715103
DecControlled Strong 08-06,rain,bus,BEV,0.3,10.083134717177533,7.893203954541796,2.189930762635737
DecControlled Strong 08-06,rain,bus,BEV,0.5,8.356283824685358,7.893203954541796,0.4630798701435621
DecControlled Strong 08-06,rain,bus,BEV,0.7,3.6512507372584393,0.7998099461514095,2.85144079110703
DecControlled Strong 08-06,sleet,sed,3D,0.3,72.51657044466288,70.42968503556456,2.086885409098315
DecControlled Strong 08-06,sleet,sed,3D,0.5,49.12897807261431,44.04536377990363,5.083614292710678
DecControlled Strong 08-06,sleet,sed,3D,0.7,7.320596264524121,8.332399706694844,-1.0118034421707227
DecControlled Strong 08-06,sleet,sed,BEV,0.3,75.60991797975673,74.00247266003682,1.6074453197199148
DecControlled Strong 08-06,sleet,sed,BEV,0.5,63.84629266975349,64.29971942503285,-0.4534267552793594
DecControlled Strong 08-06,sleet,sed,BEV,0.7,42.012900576850434,40.477166488231234,1.5357340886192006
DecControlled Strong 08-06,sleet,bus,3D,0.3,57.4718623927167,59.549548818902096,-2.0776864261853945
DecControlled Strong 08-06,sleet,bus,3D,0.5,38.47873609677131,38.831956170888624,-0.35322007411731704
DecControlled Strong 08-06,sleet,bus,3D,0.7,9.336519378624955,8.738664961928992,0.597854416695963
DecControlled Strong 08-06,sleet,bus,BEV,0.3,58.07812181919184,60.54280667676293,-2.4646848575710862
DecControlled Strong 08-06,sleet,bus,BEV,0.5,48.31430227803312,50.64507343794078,-2.3307711599076626
DecControlled Strong 08-06,sleet,bus,BEV,0.7,22.6760757063882,22.174883595120217,0.5011921112679829
DecControlled Strong 08-06,lightsnow,sed,3D,0.3,89.55544896711352,88.23847406405349,1.3169749030600286
DecControlled Strong 08-06,lightsnow,sed,3D,0.5,60.7450227634318,59.251436881905306,1.4935858815264922
DecControlled Strong 08-06,lightsnow,sed,3D,0.7,10.666389876541478,10.848713360826416,-0.18232348428493772
DecControlled Strong 08-06,lightsnow,sed,BEV,0.3,90.13030216540857,90.85357079684266,-0.7232686314340953
DecControlled Strong 08-06,lightsnow,sed,BEV,0.5,87.46913846232847,87.9794133975015,-0.5102749351730296
DecControlled Strong 08-06,lightsnow,sed,BEV,0.7,67.43740771819881,67.89478918337454,-0.45738146517572886
DecControlled Strong 08-06,lightsnow,bus,3D,0.3,89.56350131502805,88.25935219842833,1.3041491165997172
DecControlled Strong 08-06,lightsnow,bus,3D,0.5,75.09186027851328,70.81127016589451,4.280590112618768
DecControlled Strong 08-06,lightsnow,bus,3D,0.7,48.47579336661988,39.85807168093349,8.61772168568639
DecControlled Strong 08-06,lightsnow,bus,BEV,0.3,94.64121254882689,94.46301987468712,0.17819267413976547
DecControlled Strong 08-06,lightsnow,bus,BEV,0.5,89.13724914739298,91.02288067610948,-1.8856315287165017
DecControlled Strong 08-06,lightsnow,bus,BEV,0.7,74.19409925632915,69.53403189422211,4.660067362107043
DecControlled Strong 08-06,heavysnow,sed,3D,0.3,63.573542852068464,63.60797021105265,-0.03442735898418903
DecControlled Strong 08-06,heavysnow,sed,3D,0.5,50.48532396870704,49.52424782762442,0.9610761410826214
DecControlled Strong 08-06,heavysnow,sed,3D,0.7,18.18523248704392,16.6205910527445,1.5646414342994177
DecControlled Strong 08-06,heavysnow,sed,BEV,0.3,65.87382823123504,63.89596450476439,1.9778637264706447
DecControlled Strong 08-06,heavysnow,sed,BEV,0.5,61.33387520169754,61.279116602695694,0.05475859900184332
DecControlled Strong 08-06,heavysnow,sed,BEV,0.7,43.24680476470426,42.616778269169906,0.6300264955343522
DecControlled Strong 08-06,heavysnow,bus,3D,0.3,72.34123850166718,68.20418622088357,4.137052280783607
DecControlled Strong 08-06,heavysnow,bus,3D,0.5,39.36839489426447,32.550531908424915,6.817862985839554
DecControlled Strong 08-06,heavysnow,bus,3D,0.7,13.94172379466292,7.825995971587418,6.115727823075502
DecControlled Strong 08-06,heavysnow,bus,BEV,0.3,89.50402222660298,87.51376457522746,1.9902576513755292
DecControlled Strong 08-06,heavysnow,bus,BEV,0.5,78.96456092133096,79.69984775555656,-0.7352868342256045
DecControlled Strong 08-06,heavysnow,bus,BEV,0.7,36.92555024985116,29.589559826906587,7.335990422944576
TaskDec Balanced 08-08,all,sed,3D,0.3,74.50511280423588,74.97794695657676,-0.4728341523408801
TaskDec Balanced 08-08,all,sed,3D,0.5,51.356186316133424,52.09162529168767,-0.7354389755542456
TaskDec Balanced 08-08,all,sed,3D,0.7,11.86961306081115,11.854227787775777,0.015385273035372293
TaskDec Balanced 08-08,all,sed,BEV,0.3,75.34242403449998,77.84756800138433,-2.505143966884347
TaskDec Balanced 08-08,all,sed,BEV,0.5,71.15339848720123,71.70175872066424,-0.5483602334630149
TaskDec Balanced 08-08,all,sed,BEV,0.7,43.1728910063567,43.2084463511566,-0.035555344799902855
TaskDec Balanced 08-08,all,bus,3D,0.3,58.41502838831376,58.12835520133631,0.2866731869774455
TaskDec Balanced 08-08,all,bus,3D,0.5,31.348305639409922,31.055836725253055,0.29246891415686704
TaskDec Balanced 08-08,all,bus,3D,0.7,7.327662262436413,7.93057570170773,-0.6029134392713171
TaskDec Balanced 08-08,all,bus,BEV,0.3,67.45912433088843,67.85341563441995,-0.3942913035315172
TaskDec Balanced 08-08,all,bus,BEV,0.5,50.019553794195936,53.20653519852178,-3.1869814043258415
TaskDec Balanced 08-08,all,bus,BEV,0.7,18.792927254518087,20.853579642957946,-2.060652388439859
TaskDec Balanced 08-08,urban,sed,3D,0.3,77.69805012027128,78.21530346687796,-0.5172533466066795
TaskDec Balanced 08-08,urban,sed,3D,0.5,54.77850779723844,57.069269146190074,-2.2907613489516336
TaskDec Balanced 08-08,urban,sed,3D,0.7,15.300708138039209,14.436119359295468,0.864588778743741
TaskDec Balanced 08-08,urban,sed,BEV,0.3,78.58042744698017,81.14274190212569,-2.5623144551455255
TaskDec Balanced 08-08,urban,sed,BEV,0.5,74.15093714985225,74.76960621471763,-0.6186690648653723
TaskDec Balanced 08-08,urban,sed,BEV,0.7,49.16691120070765,50.836694047562126,-1.6697828468544742
TaskDec Balanced 08-08,urban,bus,3D,0.3,87.34781084378972,86.24622015391492,1.1015906898747971
TaskDec Balanced 08-08,urban,bus,3D,0.5,51.534053100153166,45.14661479140337,6.387438308749793
TaskDec Balanced 08-08,urban,bus,3D,0.7,16.049757103204197,13.19080014789471,2.8589569553094876
TaskDec Balanced 08-08,urban,bus,BEV,0.3,88.9643653026828,88.53903758982509,0.4253277128577082
TaskDec Balanced 08-08,urban,bus,BEV,0.5,81.79503087365931,82.30261788411943,-0.5075870104601137
TaskDec Balanced 08-08,urban,bus,BEV,0.7,34.51483918085934,38.80794482057661,-4.293105639717268
TaskDec Balanced 08-08,highway,sed,3D,0.3,83.19336402378428,81.45046674612678,1.7428972776575051
TaskDec Balanced 08-08,highway,sed,3D,0.5,54.82210890667307,55.73026706875257,-0.908158162079495
TaskDec Balanced 08-08,highway,sed,3D,0.7,5.682915161640322,6.244769341412074,-0.5618541797717524
TaskDec Balanced 08-08,highway,sed,BEV,0.3,86.01816219932779,84.34393180859784,1.6742303907299458
TaskDec Balanced 08-08,highway,sed,BEV,0.5,79.96656972325572,78.05297775458348,1.913591968672236
TaskDec Balanced 08-08,highway,sed,BEV,0.7,43.03104258261436,41.99861999751438,1.0324225850999795
TaskDec Balanced 08-08,highway,bus,3D,0.3,55.78737884923538,56.79300374524857,-1.0056248960131882
TaskDec Balanced 08-08,highway,bus,3D,0.5,29.652857996408077,29.334711576873406,0.3181464195346706
TaskDec Balanced 08-08,highway,bus,3D,0.7,7.134442871844672,8.114078627460296,-0.9796357556156243
TaskDec Balanced 08-08,highway,bus,BEV,0.3,67.84392824027628,68.39847864916388,-0.554550408887593
TaskDec Balanced 08-08,highway,bus,BEV,0.5,48.061327810085984,51.451891907410385,-3.3905640973244004
TaskDec Balanced 08-08,highway,bus,BEV,0.7,18.337559251632204,18.690332636240395,-0.3527733846081915
TaskDec Balanced 08-08,countryside,sed,3D,0.3,61.65881652337437,65.56484751745663,-3.9060309940822577
TaskDec Balanced 08-08,countryside,sed,3D,0.5,34.298608995461024,43.50148816290062,-9.202879167439598
TaskDec Balanced 08-08,countryside,sed,3D,0.7,4.817264352619579,6.530115388438913,-1.7128510358193347
TaskDec Balanced 08-08,countryside,sed,BEV,0.3,66.41527166735844,69.847527648194,-3.4322559808355635
TaskDec Balanced 08-08,countryside,sed,BEV,0.5,58.066630785109986,60.368185366711856,-2.30155458160187
TaskDec Balanced 08-08,countryside,sed,BEV,0.7,22.777763401847853,27.25403185255677,-4.476268450708918
TaskDec Balanced 08-08,countryside,bus,3D,0.3,28.32687966348354,32.68170426065163,-4.35482459716809
TaskDec Balanced 08-08,countryside,bus,3D,0.5,12.39444007343299,15.098722415795587,-2.704282342362596
TaskDec Balanced 08-08,countryside,bus,3D,0.7,1.1665355363231051,1.9744483159117305,-0.8079127795886254
TaskDec Balanced 08-08,countryside,bus,BEV,0.3,29.376479596476702,36.0397184999518,-6.663238903475101
TaskDec Balanced 08-08,countryside,bus,BEV,0.5,20.445843168109096,20.90592334494773,-0.460080176838634
TaskDec Balanced 08-08,countryside,bus,BEV,0.7,8.696564384998688,10.73170731707317,-2.035142932074482
TaskDec Balanced 08-08,alleyway,sed,3D,0.3,36.83627940864191,39.07215294721143,-2.235873538569521
TaskDec Balanced 08-08,alleyway,sed,3D,0.5,20.22877524849879,20.96564531014054,-0.7368700616417527
TaskDec Balanced 08-08,alleyway,sed,3D,0.7,1.8408288575131844,4.01230981209457,-2.1714809545813862
TaskDec Balanced 08-08,alleyway,sed,BEV,0.3,39.85247912253294,42.31873165539752,-2.46625253286458
TaskDec Balanced 08-08,alleyway,sed,BEV,0.5,33.72110153922993,35.67898364381531,-1.95788210458538
TaskDec Balanced 08-08,alleyway,sed,BEV,0.7,14.58999560498794,17.434291234731138,-2.844295629743197
TaskDec Balanced 08-08,alleyway,bus,3D,0.3,21.221349272196733,20.6062415028347,0.6151077693620337
TaskDec Balanced 08-08,alleyway,bus,3D,0.5,3.794985502302575,4.523238120081736,-0.7282526177791606
TaskDec Balanced 08-08,alleyway,bus,3D,0.7,0.04065040650406504,0.0,0.04065040650406504
TaskDec Balanced 08-08,alleyway,bus,BEV,0.3,23.224800423176735,22.689073352107012,0.5357270710697222
TaskDec Balanced 08-08,alleyway,bus,BEV,0.5,11.225346997600404,14.081002148461067,-2.855655150860663
TaskDec Balanced 08-08,alleyway,bus,BEV,0.7,1.6434784727467653,0.9161713465874155,0.7273071261593498
TaskDec Balanced 08-08,parkinglots,sed,3D,0.3,70.21275801731349,66.40871747347634,3.8040405438371465
TaskDec Balanced 08-08,parkinglots,sed,3D,0.5,37.85483570449484,44.80865464908141,-6.953818944586573
TaskDec Balanced 08-08,parkinglots,sed,3D,0.7,19.845660124950047,26.793951241902597,-6.94829111695255
TaskDec Balanced 08-08,parkinglots,sed,BEV,0.3,75.19768523639539,68.66446012317637,6.533225113219018
TaskDec Balanced 08-08,parkinglots,sed,BEV,0.5,53.00954555546647,55.84886359174085,-2.839318036274385
TaskDec Balanced 08-08,parkinglots,sed,BEV,0.7,25.08092844998478,33.3808202999792,-8.29989184999442
TaskDec Balanced 08-08,parkinglots,bus,3D,0.3,63.657634336688574,64.18320887248913,-0.5255745358005584
TaskDec Balanced 08-08,parkinglots,bus,3D,0.5,31.19871368995432,38.036254785614894,-6.837541095660573
TaskDec Balanced 08-08,parkinglots,bus,3D,0.7,5.57523159577075,9.73464209921206,-4.15941050344131
TaskDec Balanced 08-08,parkinglots,bus,BEV,0.3,67.00076516491747,66.88404536536319,0.11671979955427503
TaskDec Balanced 08-08,parkinglots,bus,BEV,0.5,46.37650178585317,53.54145289851559,-7.164951112662415
TaskDec Balanced 08-08,parkinglots,bus,BEV,0.7,12.856239513845225,20.058069360882467,-7.201829847037242
TaskDec Balanced 08-08,shoulder,sed,3D,0.3,97.4675791424566,97.31850614334388,0.1490729991127182
TaskDec Balanced 08-08,shoulder,sed,3D,0.5,94.66835160769975,94.58454349247377,0.08380811522597753
TaskDec Balanced 08-08,shoulder,sed,3D,0.7,64.20767068561433,65.77405586677395,-1.5663851811596174
TaskDec Balanced 08-08,shoulder,sed,BEV,0.3,99.93416816016901,99.8751358346124,0.05903232555661475
TaskDec Balanced 08-08,shoulder,sed,BEV,0.5,97.49482163555545,97.45584458702352,0.03897704853193318
TaskDec Balanced 08-08,shoulder,sed,BEV,0.7,91.72950689717192,91.51245419840147,0.21705269877044486
TaskDec Balanced 08-08,shoulder,bus,3D,0.3,0.0,0.0,0.0
TaskDec Balanced 08-08,shoulder,bus,3D,0.5,0.0,0.0,0.0
TaskDec Balanced 08-08,shoulder,bus,3D,0.7,0.0,0.0,0.0
TaskDec Balanced 08-08,shoulder,bus,BEV,0.3,0.0,0.0,0.0
TaskDec Balanced 08-08,shoulder,bus,BEV,0.5,0.0,0.0,0.0
TaskDec Balanced 08-08,shoulder,bus,BEV,0.7,0.0,0.0,0.0
TaskDec Balanced 08-08,mountain,sed,3D,0.3,91.86356990634789,89.73177252636825,2.131797379979645
TaskDec Balanced 08-08,mountain,sed,3D,0.5,69.83425251615742,67.50128091242576,2.3329716037316643
TaskDec Balanced 08-08,mountain,sed,3D,0.7,11.38214406400309,13.183441358301417,-1.8012972942983279
TaskDec Balanced 08-08,mountain,sed,BEV,0.3,92.30178701682344,92.32416645520637,-0.02237943838292722
TaskDec Balanced 08-08,mountain,sed,BEV,0.5,92.07132296473655,91.98190998465427,0.08941298008228671
TaskDec Balanced 08-08,mountain,sed,BEV,0.7,75.02736895443749,70.3354366985676,4.691932255869887
TaskDec Balanced 08-08,mountain,bus,3D,0.3,69.35948560292321,62.770121077896015,6.5893645250272
TaskDec Balanced 08-08,mountain,bus,3D,0.5,59.77995917168247,58.63868998244516,1.1412691892373132
TaskDec Balanced 08-08,mountain,bus,3D,0.7,13.900749296138178,17.87936282457588,-3.9786135284377036
TaskDec Balanced 08-08,mountain,bus,BEV,0.3,69.35948560292321,62.81632755638571,6.543158046537506
TaskDec Balanced 08-08,mountain,bus,BEV,0.5,66.12924637862744,62.34393124720492,3.7853151314225215
TaskDec Balanced 08-08,mountain,bus,BEV,0.7,37.94487399612472,40.825571448391415,-2.880697452266695
TaskDec Balanced 08-08,university,sed,3D,0.3,69.50728495072906,72.46310754511738,-2.955822594388323
TaskDec Balanced 08-08,university,sed,3D,0.5,44.48887332804656,43.654345636383454,0.834527691663105
TaskDec Balanced 08-08,university,sed,3D,0.7,4.0417576181159465,5.918686971946433,-1.8769293538304863
TaskDec Balanced 08-08,university,sed,BEV,0.3,70.05349058172892,75.05350307985908,-5.000012498130161
TaskDec Balanced 08-08,university,sed,BEV,0.5,65.95807400555293,68.77298567749861,-2.81491167194568
TaskDec Balanced 08-08,university,sed,BEV,0.7,30.855200302285844,32.52734026072008,-1.6721399584342365
TaskDec Balanced 08-08,university,bus,3D,0.3,0.0,0.0,0.0
TaskDec Balanced 08-08,university,bus,3D,0.5,0.0,0.0,0.0
TaskDec Balanced 08-08,university,bus,3D,0.7,0.0,0.0,0.0
TaskDec Balanced 08-08,university,bus,BEV,0.3,0.0,0.0,0.0
TaskDec Balanced 08-08,university,bus,BEV,0.5,0.0,0.0,0.0
TaskDec Balanced 08-08,university,bus,BEV,0.7,0.0,0.0,0.0
TaskDec Balanced 08-08,day,sed,3D,0.3,76.73919841780818,77.14190080374229,-0.4027023859341057
TaskDec Balanced 08-08,day,sed,3D,0.5,54.20640869057826,54.75598286987021,-0.5495741792919517
TaskDec Balanced 08-08,day,sed,3D,0.7,11.636397639280602,12.594213477752811,-0.9578158384722091
TaskDec Balanced 08-08,day,sed,BEV,0.3,79.39088414525457,79.83859234146277,-0.4477081962081968
TaskDec Balanced 08-08,day,sed,BEV,0.5,73.68298130571725,74.1060258863607,-0.42304458064344885
TaskDec Balanced 08-08,day,sed,BEV,0.7,45.10100576389157,45.140982188209506,-0.0399764243179348
TaskDec Balanced 08-08,day,bus,3D,0.3,55.0912680125763,56.9292882026023,-1.8380201900260005
TaskDec Balanced 08-08,day,bus,3D,0.5,26.873368899287335,27.719277309777674,-0.8459084104903383
TaskDec Balanced 08-08,day,bus,3D,0.7,4.809019369148712,6.711469281739466,-1.902449912590754
TaskDec Balanced 08-08,day,bus,BEV,0.3,59.535852204249636,60.21894965556813,-0.6830974513184955
TaskDec Balanced 08-08,day,bus,BEV,0.5,42.82618147105607,44.76612474412965,-1.939943273073581
TaskDec Balanced 08-08,day,bus,BEV,0.7,13.402464062836794,16.6243848839265,-3.2219208210897055
TaskDec Balanced 08-08,night,sed,3D,0.3,68.06771363169432,70.67299438396955,-2.6052807522752346
TaskDec Balanced 08-08,night,sed,3D,0.5,44.11073183348739,46.58593243169625,-2.4752005982088576
TaskDec Balanced 08-08,night,sed,3D,0.7,11.588895386151373,11.23791429710876,0.3509810890426124
TaskDec Balanced 08-08,night,sed,BEV,0.3,71.33788692147834,73.91598674452821,-2.578099823049868
TaskDec Balanced 08-08,night,sed,BEV,0.5,64.18288079034772,66.84370892725146,-2.6608281369037314
TaskDec Balanced 08-08,night,sed,BEV,0.7,40.76205025703755,40.7247944433854,0.037255813652151915
TaskDec Balanced 08-08,night,bus,3D,0.3,62.56132265479244,60.36562791309061,2.1956947417018284
TaskDec Balanced 08-08,night,bus,3D,0.5,37.361123743281695,36.95414581651178,0.40697792676991185
TaskDec Balanced 08-08,night,bus,3D,0.7,12.595618177225775,11.795749564263,0.7998686129627757
TaskDec Balanced 08-08,night,bus,BEV,0.3,76.00674973687542,75.85685730060533,0.1498924362700933
TaskDec Balanced 08-08,night,bus,BEV,0.5,61.48968260395886,62.501625521904444,-1.011942917945582
TaskDec Balanced 08-08,night,bus,BEV,0.7,27.213273508411636,25.94431296741182,1.2689605409998173
TaskDec Balanced 08-08,normal,sed,3D,0.3,73.42286756414728,74.13846385475061,-0.7155962906033295
TaskDec Balanced 08-08,normal,sed,3D,0.5,47.12353084004122,49.62937192191424,-2.5058410818730223
TaskDec Balanced 08-08,normal,sed,3D,0.7,6.8763532014437185,7.41858471823177,-0.5422315167880516
TaskDec Balanced 08-08,normal,sed,BEV,0.3,74.12189563348724,76.93696403582551,-2.8150684023382695
TaskDec Balanced 08-08,normal,sed,BEV,0.5,69.90173559109803,70.65476501087757,-0.7530294197795371
TaskDec Balanced 08-08,normal,sed,BEV,0.7,36.34550614175863,36.37259408289393,-0.027087941135306437
TaskDec Balanced 08-08,normal,bus,3D,0.3,50.59973813257095,53.28396691757169,-2.684228785000741
TaskDec Balanced 08-08,normal,bus,3D,0.5,22.177351131434936,23.932995588579942,-1.7556444571450065
TaskDec Balanced 08-08,normal,bus,3D,0.7,2.7517966697292944,5.728362594412192,-2.9765659246828977
TaskDec Balanced 08-08,normal,bus,BEV,0.3,55.18796550128844,57.35129446247801,-2.1633289611895705
TaskDec Balanced 08-08,normal,bus,BEV,0.5,33.460780343277115,36.91333613194176,-3.4525557886646467
TaskDec Balanced 08-08,normal,bus,BEV,0.7,8.112824196090724,11.30274464241066,-3.1899204463199364
TaskDec Balanced 08-08,overcast,sed,3D,0.3,82.14846177589614,82.35468228208515,-0.20622050618901255
TaskDec Balanced 08-08,overcast,sed,3D,0.5,58.71374731431352,53.37664815403531,5.337099160278214
TaskDec Balanced 08-08,overcast,sed,3D,0.7,9.802779328919332,6.298901277641798,3.5038780512775336
TaskDec Balanced 08-08,overcast,sed,BEV,0.3,89.0550360855654,89.36570822189952,-0.3106721363341194
TaskDec Balanced 08-08,overcast,sed,BEV,0.5,81.84304812347017,81.98155331823098,-0.13850519476081047
TaskDec Balanced 08-08,overcast,sed,BEV,0.7,46.20427488840813,46.16740589274425,0.036868995663880355
TaskDec Balanced 08-08,overcast,bus,3D,0.3,71.25024432862148,75.32582793213054,-4.07558360350906
TaskDec Balanced 08-08,overcast,bus,3D,0.5,41.41656575661214,47.04012126011879,-5.623555503506651
TaskDec Balanced 08-08,overcast,bus,3D,0.7,7.731861483828438,8.177121394765297,-0.44525991093685935
TaskDec Balanced 08-08,overcast,bus,BEV,0.3,74.28908703624145,81.67069508532919,-7.381608049087731
TaskDec Balanced 08-08,overcast,bus,BEV,0.5,53.26813017562667,54.739976399475886,-1.4718462238492123
TaskDec Balanced 08-08,overcast,bus,BEV,0.7,14.762000615557453,21.953597635504902,-7.19159701994745
TaskDec Balanced 08-08,fog,sed,3D,0.3,94.71307442971208,92.25503949710469,2.45803493260739
TaskDec Balanced 08-08,fog,sed,3D,0.5,82.8671007083769,80.54989713755023,2.3172035708266634
TaskDec Balanced 08-08,fog,sed,3D,0.7,37.17946092449094,38.988782336889166,-1.8093214123982264
TaskDec Balanced 08-08,fog,sed,BEV,0.3,94.92052780808461,94.91345109202213,0.007076716062485389
TaskDec Balanced 08-08,fog,sed,BEV,0.5,94.83895308610735,94.78265074487796,0.05630234122939726
TaskDec Balanced 08-08,fog,sed,BEV,0.7,84.85117450692317,79.65763412163979,5.193540385283384
TaskDec Balanced 08-08,fog,bus,3D,0.3,0.0,0.0,0.0
TaskDec Balanced 08-08,fog,bus,3D,0.5,0.0,0.0,0.0
TaskDec Balanced 08-08,fog,bus,3D,0.7,0.0,0.0,0.0
TaskDec Balanced 08-08,fog,bus,BEV,0.3,0.0,0.0,0.0
TaskDec Balanced 08-08,fog,bus,BEV,0.5,0.0,0.0,0.0
TaskDec Balanced 08-08,fog,bus,BEV,0.7,0.0,0.0,0.0
TaskDec Balanced 08-08,rain,sed,3D,0.3,66.22149918037837,66.3666834828411,-0.14518430246272374
TaskDec Balanced 08-08,rain,sed,3D,0.5,46.37882883898495,46.85401943672793,-0.47519059774298
TaskDec Balanced 08-08,rain,sed,3D,0.7,16.51176921496206,17.18058831482299,-0.6688190998609294
TaskDec Balanced 08-08,rain,sed,BEV,0.3,66.86071907700088,69.15170618976515,-2.2909871127642703
TaskDec Balanced 08-08,rain,sed,BEV,0.5,62.100213435378535,62.269378265348685,-0.1691648299701498
TaskDec Balanced 08-08,rain,sed,BEV,0.7,43.315225467872565,43.52263057534297,-0.2074051074704073
TaskDec Balanced 08-08,rain,bus,3D,0.3,9.180337111310076,7.893203954541796,1.28713315676828
TaskDec Balanced 08-08,rain,bus,3D,0.5,7.085652010679869,2.4840301974448318,4.601621813235037
TaskDec Balanced 08-08,rain,bus,3D,0.7,0.16260162601626016,0.0,0.16260162601626016
TaskDec Balanced 08-08,rain,bus,BEV,0.3,9.180337111310076,7.893203954541796,1.28713315676828
TaskDec Balanced 08-08,rain,bus,BEV,0.5,8.7575728836678,7.893203954541796,0.8643689291260044
TaskDec Balanced 08-08,rain,bus,BEV,0.7,3.0632644154156896,0.7998099461514095,2.26345446926428
TaskDec Balanced 08-08,sleet,sed,3D,0.3,71.30119267516955,70.42968503556456,0.8715076396049852
TaskDec Balanced 08-08,sleet,sed,3D,0.5,41.80737060937028,44.04536377990363,-2.2379931705333505
TaskDec Balanced 08-08,sleet,sed,3D,0.7,6.924845890396771,8.332399706694844,-1.4075538162980727
TaskDec Balanced 08-08,sleet,sed,BEV,0.3,77.6540772976613,74.00247266003682,3.6516046376244873
TaskDec Balanced 08-08,sleet,sed,BEV,0.5,63.985550274670565,64.29971942503285,-0.3141691503622823
TaskDec Balanced 08-08,sleet,sed,BEV,0.7,37.693052177851975,40.477166488231234,-2.784114310379259
TaskDec Balanced 08-08,sleet,bus,3D,0.3,59.21439059795994,59.549548818902096,-0.3351582209421551
TaskDec Balanced 08-08,sleet,bus,3D,0.5,38.70362989196509,38.831956170888624,-0.12832627892353088
TaskDec Balanced 08-08,sleet,bus,3D,0.7,6.715388545778064,8.738664961928992,-2.023276416150927
TaskDec Balanced 08-08,sleet,bus,BEV,0.3,62.33718634998859,60.54280667676293,1.794379673225663
TaskDec Balanced 08-08,sleet,bus,BEV,0.5,49.49072392442057,50.64507343794078,-1.1543495135202093
TaskDec Balanced 08-08,sleet,bus,BEV,0.7,19.44015549240685,22.174883595120217,-2.734728102713369
TaskDec Balanced 08-08,lightsnow,sed,3D,0.3,90.1283114958501,88.23847406405349,1.8898374317966073
TaskDec Balanced 08-08,lightsnow,sed,3D,0.5,62.51953596503365,59.251436881905306,3.268099083128341
TaskDec Balanced 08-08,lightsnow,sed,3D,0.7,12.321995637531545,10.848713360826416,1.4732822767051292
TaskDec Balanced 08-08,lightsnow,sed,BEV,0.3,90.81946861442732,90.85357079684266,-0.03410218241533869
TaskDec Balanced 08-08,lightsnow,sed,BEV,0.5,89.96200637902754,87.9794133975015,1.9825929815260395
TaskDec Balanced 08-08,lightsnow,sed,BEV,0.7,65.61642155445325,67.89478918337454,-2.2783676289212877
TaskDec Balanced 08-08,lightsnow,bus,3D,0.3,88.13926623367591,88.25935219842833,-0.12008596475241973
TaskDec Balanced 08-08,lightsnow,bus,3D,0.5,71.73037167615777,70.81127016589451,0.9191015102632605
TaskDec Balanced 08-08,lightsnow,bus,3D,0.7,36.53169859850004,39.85807168093349,-3.3263730824334488
TaskDec Balanced 08-08,lightsnow,bus,BEV,0.3,97.35725935800423,94.46301987468712,2.894239483317108
TaskDec Balanced 08-08,lightsnow,bus,BEV,0.5,89.3345621308386,91.02288067610948,-1.6883185452708744
TaskDec Balanced 08-08,lightsnow,bus,BEV,0.7,73.6808645573335,69.53403189422211,4.146832663111397
TaskDec Balanced 08-08,heavysnow,sed,3D,0.3,63.265379729047865,63.60797021105265,-0.3425904820047876
TaskDec Balanced 08-08,heavysnow,sed,3D,0.5,48.9875613206142,49.52424782762442,-0.5366865070102236
TaskDec Balanced 08-08,heavysnow,sed,3D,0.7,18.96497707360655,16.6205910527445,2.34438602086205
TaskDec Balanced 08-08,heavysnow,sed,BEV,0.3,65.8580985242277,63.89596450476439,1.9621340194633063
TaskDec Balanced 08-08,heavysnow,sed,BEV,0.5,61.05271057727675,61.279116602695694,-0.22640602541894594
TaskDec Balanced 08-08,heavysnow,sed,BEV,0.7,44.41978110851121,42.616778269169906,1.8030028393413033
TaskDec Balanced 08-08,heavysnow,bus,3D,0.3,68.07983973913852,68.20418622088357,-0.12434648174505014
TaskDec Balanced 08-08,heavysnow,bus,3D,0.5,32.31176073853162,32.550531908424915,-0.2387711698932975
TaskDec Balanced 08-08,heavysnow,bus,3D,0.7,8.670622377184682,7.825995971587418,0.8446264055972632
TaskDec Balanced 08-08,heavysnow,bus,BEV,0.3,89.6775408288993,87.51376457522746,2.1637762536718412
TaskDec Balanced 08-08,heavysnow,bus,BEV,0.5,82.72533221505269,79.69984775555656,3.025484459496127
TaskDec Balanced 08-08,heavysnow,bus,BEV,0.7,26.07398033691547,29.589559826906587,-3.5155794899911186
TaskDec Robust 08-08,all,sed,3D,0.3,74.59117394166564,74.97794695657676,-0.38677301491111393
TaskDec Robust 08-08,all,sed,3D,0.5,52.23996698428988,52.09162529168767,0.14834169260220875
TaskDec Robust 08-08,all,sed,3D,0.7,12.27652508532892,11.854227787775777,0.4222972975531434
TaskDec Robust 08-08,all,sed,BEV,0.3,75.32423255627165,77.84756800138433,-2.5233354451126786
TaskDec Robust 08-08,all,sed,BEV,0.5,71.25768207044378,71.70175872066424,-0.4440766502204667
TaskDec Robust 08-08,all,sed,BEV,0.7,44.919464653032776,43.2084463511566,1.711018301876173
TaskDec Robust 08-08,all,bus,3D,0.3,54.62124142940331,58.12835520133631,-3.5071137719329997
TaskDec Robust 08-08,all,bus,3D,0.5,34.430914428501836,31.055836725253055,3.375077703248781
TaskDec Robust 08-08,all,bus,3D,0.7,7.412886611841689,7.93057570170773,-0.5176890898660416
TaskDec Robust 08-08,all,bus,BEV,0.3,63.07842619461742,67.85341563441995,-4.774989439802525
TaskDec Robust 08-08,all,bus,BEV,0.5,51.28179501871502,53.20653519852178,-1.9247401798067543
TaskDec Robust 08-08,all,bus,BEV,0.7,20.677231042699486,20.853579642957946,-0.17634860025846066
TaskDec Robust 08-08,urban,sed,3D,0.3,77.78927349201346,78.21530346687796,-0.4260299748644911
TaskDec Robust 08-08,urban,sed,3D,0.5,55.60037300799499,57.069269146190074,-1.4688961381950847
TaskDec Robust 08-08,urban,sed,3D,0.7,14.452527286304079,14.436119359295468,0.016407927008611267
TaskDec Robust 08-08,urban,sed,BEV,0.3,78.58700754785067,81.14274190212569,-2.5557343542750175
TaskDec Robust 08-08,urban,sed,BEV,0.5,74.08963341424237,74.76960621471763,-0.6799728004752552
TaskDec Robust 08-08,urban,sed,BEV,0.7,50.626259609485714,50.836694047562126,-0.21043443807641182
TaskDec Robust 08-08,urban,bus,3D,0.3,79.08933963324117,86.24622015391492,-7.156880520673752
TaskDec Robust 08-08,urban,bus,3D,0.5,51.33357923313603,45.14661479140337,6.1869644417326555
TaskDec Robust 08-08,urban,bus,3D,0.7,17.44515249142233,13.19080014789471,4.254352343527621
TaskDec Robust 08-08,urban,bus,BEV,0.3,86.33408478393086,88.53903758982509,-2.204952805894223
TaskDec Robust 08-08,urban,bus,BEV,0.5,79.33759802134293,82.30261788411943,-2.9650198627765008
TaskDec Robust 08-08,urban,bus,BEV,0.7,32.37851232123695,38.80794482057661,-6.429432499339661
TaskDec Robust 08-08,highway,sed,3D,0.3,83.0159154826404,81.45046674612678,1.5654487365136163
TaskDec Robust 08-08,highway,sed,3D,0.5,56.76437135962929,55.73026706875257,1.0341042908767193
TaskDec Robust 08-08,highway,sed,3D,0.7,5.834154972776327,6.244769341412074,-0.4106143686357475
TaskDec Robust 08-08,highway,sed,BEV,0.3,83.61058052113343,84.34393180859784,-0.7333512874644157
TaskDec Robust 08-08,highway,sed,BEV,0.5,79.8127246241399,78.05297775458348,1.7597468695564231
TaskDec Robust 08-08,highway,sed,BEV,0.7,45.42644330066318,41.99861999751438,3.4278233031487986
TaskDec Robust 08-08,highway,bus,3D,0.3,56.20958488542422,56.79300374524857,-0.5834188598243486
TaskDec Robust 08-08,highway,bus,3D,0.5,34.48620567303978,29.334711576873406,5.15149409616637
TaskDec Robust 08-08,highway,bus,3D,0.7,7.501169493844059,8.114078627460296,-0.6129091336162373
TaskDec Robust 08-08,highway,bus,BEV,0.3,65.41027087213773,68.39847864916388,-2.9882077770261475
TaskDec Robust 08-08,highway,bus,BEV,0.5,51.77551972816514,51.451891907410385,0.3236278207547585
TaskDec Robust 08-08,highway,bus,BEV,0.7,21.84222080909551,18.690332636240395,3.1518881728551165
TaskDec Robust 08-08,countryside,sed,3D,0.3,61.404856541408435,65.56484751745663,-4.159990976048192
TaskDec Robust 08-08,countryside,sed,3D,0.5,34.28596558470835,43.50148816290062,-9.215522578192271
TaskDec Robust 08-08,countryside,sed,3D,0.7,6.001940298050366,6.530115388438913,-0.5281750903885474
TaskDec Robust 08-08,countryside,sed,BEV,0.3,65.53431750599543,69.847527648194,-4.313210142198571
TaskDec Robust 08-08,countryside,sed,BEV,0.5,55.980754308029724,60.368185366711856,-4.387431058682132
TaskDec Robust 08-08,countryside,sed,BEV,0.7,23.552634434882236,27.25403185255677,-3.701397417674535
TaskDec Robust 08-08,countryside,bus,3D,0.3,26.975742344147996,32.68170426065163,-5.705961916503632
TaskDec Robust 08-08,countryside,bus,3D,0.5,14.676171399395155,15.098722415795587,-0.4225510164004316
TaskDec Robust 08-08,countryside,bus,3D,0.7,2.331017361726823,1.9744483159117305,0.3565690458150923
TaskDec Robust 08-08,countryside,bus,BEV,0.3,27.050525370459273,36.0397184999518,-8.98919312949253
TaskDec Robust 08-08,countryside,bus,BEV,0.5,18.911276069282426,20.90592334494773,-1.9946472756653044
TaskDec Robust 08-08,countryside,bus,BEV,0.7,9.673883255686492,10.73170731707317,-1.0578240613866772
TaskDec Robust 08-08,alleyway,sed,3D,0.3,36.644255703080454,39.07215294721143,-2.4278972441309747
TaskDec Robust 08-08,alleyway,sed,3D,0.5,20.161407823455427,20.96564531014054,-0.8042374866851141
TaskDec Robust 08-08,alleyway,sed,3D,0.7,2.4948531406717196,4.01230981209457,-1.5174566714228508
TaskDec Robust 08-08,alleyway,sed,BEV,0.3,41.582391512076285,42.31873165539752,-0.736340143321236
TaskDec Robust 08-08,alleyway,sed,BEV,0.5,35.27909247569824,35.67898364381531,-0.3998911681170654
TaskDec Robust 08-08,alleyway,sed,BEV,0.7,16.264314259859557,17.434291234731138,-1.169976974871581
TaskDec Robust 08-08,alleyway,bus,3D,0.3,15.55655677110872,20.6062415028347,-5.0496847317259785
TaskDec Robust 08-08,alleyway,bus,3D,0.5,3.090832632464256,4.523238120081736,-1.4324054876174799
TaskDec Robust 08-08,alleyway,bus,3D,0.7,0.09291521486643439,0.0,0.09291521486643439
TaskDec Robust 08-08,alleyway,bus,BEV,0.3,20.874479625677722,22.689073352107012,-1.8145937264292904
TaskDec Robust 08-08,alleyway,bus,BEV,0.5,6.077891424075531,14.081002148461067,-8.003110724385536
TaskDec Robust 08-08,alleyway,bus,BEV,0.7,1.0092514718250631,0.9161713465874155,0.09308012523764764
TaskDec Robust 08-08,parkinglots,sed,3D,0.3,75.1344292738611,66.40871747347634,8.725711800384758
TaskDec Robust 08-08,parkinglots,sed,3D,0.5,48.26345216586491,44.80865464908141,3.4547975167835006
TaskDec Robust 08-08,parkinglots,sed,3D,0.7,24.3245589039569,26.793951241902597,-2.469392337945699
TaskDec Robust 08-08,parkinglots,sed,BEV,0.3,77.50935776499539,68.66446012317637,8.844897641819017
TaskDec Robust 08-08,parkinglots,sed,BEV,0.5,64.15937372762886,55.84886359174085,8.31051013588801
TaskDec Robust 08-08,parkinglots,sed,BEV,0.7,32.03382903660168,33.3808202999792,-1.346991263377518
TaskDec Robust 08-08,parkinglots,bus,3D,0.3,64.04295638443556,64.18320887248913,-0.14025248805357649
TaskDec Robust 08-08,parkinglots,bus,3D,0.5,37.37793103988006,38.036254785614894,-0.6583237457348332
TaskDec Robust 08-08,parkinglots,bus,3D,0.7,3.5058648296406627,9.73464209921206,-6.228777269571397
TaskDec Robust 08-08,parkinglots,bus,BEV,0.3,69.3713060368139,66.88404536536319,2.487260671450713
TaskDec Robust 08-08,parkinglots,bus,BEV,0.5,47.87104833617698,53.54145289851559,-5.670404562338604
TaskDec Robust 08-08,parkinglots,bus,BEV,0.7,8.671084770103702,20.058069360882467,-11.386984590778765
TaskDec Robust 08-08,shoulder,sed,3D,0.3,97.4069896220724,97.31850614334388,0.08848347872852003
TaskDec Robust 08-08,shoulder,sed,3D,0.5,94.33510204017462,94.58454349247377,-0.24944145229915193
TaskDec Robust 08-08,shoulder,sed,3D,0.7,73.93952072608083,65.77405586677395,8.16546485930688
TaskDec Robust 08-08,shoulder,sed,BEV,0.3,99.89767286436592,99.8751358346124,0.02253702975352212
TaskDec Robust 08-08,shoulder,sed,BEV,0.5,97.33519416500977,97.45584458702352,-0.1206504220137532
TaskDec Robust 08-08,shoulder,sed,BEV,0.7,90.06498059103582,91.51245419840147,-1.4474736073656516
TaskDec Robust 08-08,shoulder,bus,3D,0.3,0.0,0.0,0.0
TaskDec Robust 08-08,shoulder,bus,3D,0.5,0.0,0.0,0.0
TaskDec Robust 08-08,shoulder,bus,3D,0.7,0.0,0.0,0.0
TaskDec Robust 08-08,shoulder,bus,BEV,0.3,0.0,0.0,0.0
TaskDec Robust 08-08,shoulder,bus,BEV,0.5,0.0,0.0,0.0
TaskDec Robust 08-08,shoulder,bus,BEV,0.7,0.0,0.0,0.0
TaskDec Robust 08-08,mountain,sed,3D,0.3,89.48471001889648,89.73177252636825,-0.2470625074717674
TaskDec Robust 08-08,mountain,sed,3D,0.5,64.46883334467832,67.50128091242576,-3.0324475677474396
TaskDec Robust 08-08,mountain,sed,3D,0.7,7.940832977005514,13.183441358301417,-5.242608381295903
TaskDec Robust 08-08,mountain,sed,BEV,0.3,92.2540270074077,92.32416645520637,-0.07013944779866677
TaskDec Robust 08-08,mountain,sed,BEV,0.5,91.87907707482029,91.98190998465427,-0.10283290983397819
TaskDec Robust 08-08,mountain,sed,BEV,0.7,72.06511601824225,70.3354366985676,1.729679319674645
TaskDec Robust 08-08,mountain,bus,3D,0.3,53.1415620553247,62.770121077896015,-9.628559022571316
TaskDec Robust 08-08,mountain,bus,3D,0.5,49.62282864940068,58.63868998244516,-9.015861333044477
TaskDec Robust 08-08,mountain,bus,3D,0.7,15.034136281317734,17.87936282457588,-2.845226543258148
TaskDec Robust 08-08,mountain,bus,BEV,0.3,53.1415620553247,62.81632755638571,-9.67476550106101
TaskDec Robust 08-08,mountain,bus,BEV,0.5,52.919021309705705,62.34393124720492,-9.424909937499216
TaskDec Robust 08-08,mountain,bus,BEV,0.7,36.37443488071227,40.825571448391415,-4.451136567679143
TaskDec Robust 08-08,university,sed,3D,0.3,67.87244604909336,72.46310754511738,-4.590661496024026
TaskDec Robust 08-08,university,sed,3D,0.5,43.500833238500846,43.654345636383454,-0.15351239788260784
TaskDec Robust 08-08,university,sed,3D,0.7,4.607665517410229,5.918686971946433,-1.3110214545362036
TaskDec Robust 08-08,university,sed,BEV,0.3,70.50706296216302,75.05350307985908,-4.546440117696065
TaskDec Robust 08-08,university,sed,BEV,0.5,64.64627174133739,68.77298567749861,-4.126713936161224
TaskDec Robust 08-08,university,sed,BEV,0.7,30.814600451095952,32.52734026072008,-1.7127398096241286
TaskDec Robust 08-08,university,bus,3D,0.3,0.0,0.0,0.0
TaskDec Robust 08-08,university,bus,3D,0.5,0.0,0.0,0.0
TaskDec Robust 08-08,university,bus,3D,0.7,0.0,0.0,0.0
TaskDec Robust 08-08,university,bus,BEV,0.3,0.0,0.0,0.0
TaskDec Robust 08-08,university,bus,BEV,0.5,0.0,0.0,0.0
TaskDec Robust 08-08,university,bus,BEV,0.7,0.0,0.0,0.0
TaskDec Robust 08-08,day,sed,3D,0.3,76.74906674246859,77.14190080374229,-0.39283406127370313
TaskDec Robust 08-08,day,sed,3D,0.5,54.76796224106768,54.75598286987021,0.01197937119746939
TaskDec Robust 08-08,day,sed,3D,0.7,12.54707087308525,12.594213477752811,-0.04714260466756137
TaskDec Robust 08-08,day,sed,BEV,0.3,77.29746099500805,79.83859234146277,-2.541131346454719
TaskDec Robust 08-08,day,sed,BEV,0.5,73.77734306042105,74.1060258863607,-0.3286828259396515
TaskDec Robust 08-08,day,sed,BEV,0.7,45.38278279795287,45.140982188209506,0.2418006097433647
TaskDec Robust 08-08,day,bus,3D,0.3,50.815253428799124,56.9292882026023,-6.114034773803176
TaskDec Robust 08-08,day,bus,3D,0.5,28.89910847016697,27.719277309777674,1.1798311603892948
TaskDec Robust 08-08,day,bus,3D,0.7,6.355005905802277,6.711469281739466,-0.3564633759371887
TaskDec Robust 08-08,day,bus,BEV,0.3,57.573977761695986,60.21894965556813,-2.644971893872146
TaskDec Robust 08-08,day,bus,BEV,0.5,42.8230270318897,44.76612474412965,-1.9430977122399469
TaskDec Robust 08-08,day,bus,BEV,0.7,15.708781297188468,16.6243848839265,-0.9156035867380314
TaskDec Robust 08-08,night,sed,3D,0.3,68.25408993622207,70.67299438396955,-2.4189044477474795
TaskDec Robust 08-08,night,sed,3D,0.5,47.071365646261135,46.58593243169625,0.4854332145648854
TaskDec Robust 08-08,night,sed,3D,0.7,11.708310878563426,11.23791429710876,0.4703965814546649
TaskDec Robust 08-08,night,sed,BEV,0.3,71.43962319691595,73.91598674452821,-2.476363547612266
TaskDec Robust 08-08,night,sed,BEV,0.5,64.22227687294252,66.84370892725146,-2.62143205430894
TaskDec Robust 08-08,night,sed,BEV,0.7,41.0401679951676,40.7247944433854,0.3153735517822014
TaskDec Robust 08-08,night,bus,3D,0.3,61.381700619608424,60.36562791309061,1.0160727065178108
TaskDec Robust 08-08,night,bus,3D,0.5,44.2802500475836,36.95414581651178,7.326104231071817
TaskDec Robust 08-08,night,bus,3D,0.7,11.831353550939836,11.795749564263,0.035603986676836286
TaskDec Robust 08-08,night,bus,BEV,0.3,73.42377723235761,75.85685730060533,-2.433080068247719
TaskDec Robust 08-08,night,bus,BEV,0.5,62.88002922553293,62.501625521904444,0.37840370362848574
TaskDec Robust 08-08,night,bus,BEV,0.7,29.40321422274416,25.94431296741182,3.458901255332343
TaskDec Robust 08-08,normal,sed,3D,0.3,73.3662282209983,74.13846385475061,-0.7722356337523166
TaskDec Robust 08-08,normal,sed,3D,0.5,49.59875978555196,49.62937192191424,-0.03061213636227933
TaskDec Robust 08-08,normal,sed,3D,0.7,6.918594528968093,7.41858471823177,-0.4999901892636771
TaskDec Robust 08-08,normal,sed,BEV,0.3,76.08077273846385,76.93696403582551,-0.8561912973616614
TaskDec Robust 08-08,normal,sed,BEV,0.5,69.91416093220569,70.65476501087757,-0.740604078671879
TaskDec Robust 08-08,normal,sed,BEV,0.7,36.764295134413686,36.37259408289393,0.3917010515197532
TaskDec Robust 08-08,normal,bus,3D,0.3,49.16794566507603,53.28396691757169,-4.116021252495656
TaskDec Robust 08-08,normal,bus,3D,0.5,27.82660686673249,23.932995588579942,3.893611278152548
TaskDec Robust 08-08,normal,bus,3D,0.7,6.197775966315831,5.728362594412192,0.46941337190363885
TaskDec Robust 08-08,normal,bus,BEV,0.3,55.47508177663871,57.35129446247801,-1.876212685839299
TaskDec Robust 08-08,normal,bus,BEV,0.5,38.78968351368593,36.91333613194176,1.8763473817441678
TaskDec Robust 08-08,normal,bus,BEV,0.7,14.43651327949092,11.30274464241066,3.1337686370802604
TaskDec Robust 08-08,overcast,sed,3D,0.3,82.42616701163722,82.35468228208515,0.07148472955206842
TaskDec Robust 08-08,overcast,sed,3D,0.5,59.18366589334128,53.37664815403531,5.807017739305969
TaskDec Robust 08-08,overcast,sed,3D,0.7,7.083349435452842,6.298901277641798,0.7844481578110436
TaskDec Robust 08-08,overcast,sed,BEV,0.3,89.15697821890083,89.36570822189952,-0.20873000299869204
TaskDec Robust 08-08,overcast,sed,BEV,0.5,82.81901485200595,81.98155331823098,0.8374615337749702
TaskDec Robust 08-08,overcast,sed,BEV,0.7,48.830565574441486,46.16740589274425,2.6631596816972376
TaskDec Robust 08-08,overcast,bus,3D,0.3,69.06743168851011,75.32582793213054,-6.258396243620425
TaskDec Robust 08-08,overcast,bus,3D,0.5,43.891421840455536,47.04012126011879,-3.1486994196632523
TaskDec Robust 08-08,overcast,bus,3D,0.7,3.015807419219302,8.177121394765297,-5.161313975545996
TaskDec Robust 08-08,overcast,bus,BEV,0.3,69.06743168851011,81.67069508532919,-12.603263396819074
TaskDec Robust 08-08,overcast,bus,BEV,0.5,50.75481791886364,54.739976399475886,-3.985158480612249
TaskDec Robust 08-08,overcast,bus,BEV,0.7,16.187739135433215,21.953597635504902,-5.765858500071687
TaskDec Robust 08-08,fog,sed,3D,0.3,94.58860793955945,92.25503949710469,2.3335684424547622
TaskDec Robust 08-08,fog,sed,3D,0.5,79.68488115994687,80.54989713755023,-0.8650159776033632
TaskDec Robust 08-08,fog,sed,3D,0.7,41.04070146430886,38.988782336889166,2.051919127419694
TaskDec Robust 08-08,fog,sed,BEV,0.3,94.89471087157575,94.91345109202213,-0.018740220446375133
TaskDec Robust 08-08,fog,sed,BEV,0.5,94.66575053411054,94.78265074487796,-0.11690021076741175
TaskDec Robust 08-08,fog,sed,BEV,0.7,81.45209219486289,79.65763412163979,1.7944580732230975
TaskDec Robust 08-08,fog,bus,3D,0.3,0.0,0.0,0.0
TaskDec Robust 08-08,fog,bus,3D,0.5,0.0,0.0,0.0
TaskDec Robust 08-08,fog,bus,3D,0.7,0.0,0.0,0.0
TaskDec Robust 08-08,fog,bus,BEV,0.3,0.0,0.0,0.0
TaskDec Robust 08-08,fog,bus,BEV,0.5,0.0,0.0,0.0
TaskDec Robust 08-08,fog,bus,BEV,0.7,0.0,0.0,0.0
TaskDec Robust 08-08,rain,sed,3D,0.3,66.08046378400837,66.3666834828411,-0.28621969883272413
TaskDec Robust 08-08,rain,sed,3D,0.5,46.56822315784835,46.85401943672793,-0.28579627887958026
TaskDec Robust 08-08,rain,sed,3D,0.7,16.40035285671538,17.18058831482299,-0.7802354581076116
TaskDec Robust 08-08,rain,sed,BEV,0.3,68.9334032877689,69.15170618976515,-0.21830290199625324
TaskDec Robust 08-08,rain,sed,BEV,0.5,61.77162088065041,62.269378265348685,-0.497757384698275
TaskDec Robust 08-08,rain,sed,BEV,0.7,45.047883709508156,43.52263057534297,1.5252531341651832
TaskDec Robust 08-08,rain,bus,3D,0.3,5.386948436735049,7.893203954541796,-2.5062555178067463
TaskDec Robust 08-08,rain,bus,3D,0.5,4.412320772220721,2.4840301974448318,1.9282905747758896
TaskDec Robust 08-08,rain,bus,3D,0.7,0.1456133964324718,0.0,0.1456133964324718
TaskDec Robust 08-08,rain,bus,BEV,0.3,5.386948436735049,7.893203954541796,-2.5062555178067463
TaskDec Robust 08-08,rain,bus,BEV,0.5,5.1877070588929195,7.893203954541796,-2.705496895648876
TaskDec Robust 08-08,rain,bus,BEV,0.7,1.0329985652797704,0.7998099461514095,0.23318861912836086
TaskDec Robust 08-08,sleet,sed,3D,0.3,71.60675329640112,70.42968503556456,1.1770682608365632
TaskDec Robust 08-08,sleet,sed,3D,0.5,47.65897909683773,44.04536377990363,3.6136153169341014
TaskDec Robust 08-08,sleet,sed,3D,0.7,6.308223911709572,8.332399706694844,-2.024175794985272
TaskDec Robust 08-08,sleet,sed,BEV,0.3,74.74429924235052,74.00247266003682,0.7418265823137062
TaskDec Robust 08-08,sleet,sed,BEV,0.5,65.38847725430244,64.29971942503285,1.0887578292695963
TaskDec Robust 08-08,sleet,sed,BEV,0.7,39.77771339295761,40.477166488231234,-0.6994530952736255
TaskDec Robust 08-08,sleet,bus,3D,0.3,52.42218351590782,59.549548818902096,-7.127365302994278
TaskDec Robust 08-08,sleet,bus,3D,0.5,35.69500427168188,38.831956170888624,-3.1369518992067427
TaskDec Robust 08-08,sleet,bus,3D,0.7,5.818543716210735,8.738664961928992,-2.9201212457182564
TaskDec Robust 08-08,sleet,bus,BEV,0.3,55.69082369383233,60.54280667676293,-4.8519829829306005
TaskDec Robust 08-08,sleet,bus,BEV,0.5,42.860575574634794,50.64507343794078,-7.784497863305987
TaskDec Robust 08-08,sleet,bus,BEV,0.7,16.67128339040602,22.174883595120217,-5.503600204714196
TaskDec Robust 08-08,lightsnow,sed,3D,0.3,88.12449521842576,88.23847406405349,-0.11397884562772731
TaskDec Robust 08-08,lightsnow,sed,3D,0.5,61.41964954129182,59.251436881905306,2.168212659386512
TaskDec Robust 08-08,lightsnow,sed,3D,0.7,10.386493048835293,10.848713360826416,-0.462220311991123
TaskDec Robust 08-08,lightsnow,sed,BEV,0.3,90.69974131136065,90.85357079684266,-0.1538294854820066
TaskDec Robust 08-08,lightsnow,sed,BEV,0.5,87.96466879241711,87.9794133975015,-0.01474460508438824
TaskDec Robust 08-08,lightsnow,sed,BEV,0.7,67.68338445541363,67.89478918337454,-0.21140472796091103
TaskDec Robust 08-08,lightsnow,bus,3D,0.3,86.3640297157898,88.25935219842833,-1.8953224826385338
TaskDec Robust 08-08,lightsnow,bus,3D,0.5,74.25790432179599,70.81127016589451,3.446634155901478
TaskDec Robust 08-08,lightsnow,bus,3D,0.7,40.242317666152715,39.85807168093349,0.3842459852192235
TaskDec Robust 08-08,lightsnow,bus,BEV,0.3,94.28160085651923,94.46301987468712,-0.18141901816788675
TaskDec Robust 08-08,lightsnow,bus,BEV,0.5,88.51058708201953,91.02288067610948,-2.512293594089954
TaskDec Robust 08-08,lightsnow,bus,BEV,0.7,74.73096142561386,69.53403189422211,5.196929531391746
TaskDec Robust 08-08,heavysnow,sed,3D,0.3,63.12820974697807,63.60797021105265,-0.4797604640745803
TaskDec Robust 08-08,heavysnow,sed,3D,0.5,50.915245314377835,49.52424782762442,1.3909974867534132
TaskDec Robust 08-08,heavysnow,sed,3D,0.7,17.617955828139298,16.6205910527445,0.9973647753947965
TaskDec Robust 08-08,heavysnow,sed,BEV,0.3,63.54452223360689,63.89596450476439,-0.35144227115750226
TaskDec Robust 08-08,heavysnow,sed,BEV,0.5,60.86701321313428,61.279116602695694,-0.4121033895614161
TaskDec Robust 08-08,heavysnow,sed,BEV,0.7,43.47004976988467,42.616778269169906,0.8532715007147615
TaskDec Robust 08-08,heavysnow,bus,3D,0.3,66.13192831891392,68.20418622088357,-2.0722579019696497
TaskDec Robust 08-08,heavysnow,bus,3D,0.5,35.85868340724218,32.550531908424915,3.308151498817267
TaskDec Robust 08-08,heavysnow,bus,3D,0.7,7.125666938857811,7.825995971587418,-0.7003290327296074
TaskDec Robust 08-08,heavysnow,bus,BEV,0.3,84.98899259483798,87.51376457522746,-2.524771980389474
TaskDec Robust 08-08,heavysnow,bus,BEV,0.5,77.46664606943324,79.69984775555656,-2.233201686123323
TaskDec Robust 08-08,heavysnow,bus,BEV,0.7,24.405149897185165,29.589559826906587,-5.184409929721422
TaskDec Robust 08-21 final,all,sed,3D,0.3,74.65455653513011,74.97794695657676,-0.3233904214466463
TaskDec Robust 08-21 final,all,sed,3D,0.5,51.7594366371671,52.09162529168767,-0.33218865452057145
TaskDec Robust 08-21 final,all,sed,3D,0.7,10.163274316629357,11.854227787775777,-1.69095347114642
TaskDec Robust 08-21 final,all,sed,BEV,0.3,77.48303288238145,77.84756800138433,-0.3645351190028805
TaskDec Robust 08-21 final,all,sed,BEV,0.5,71.258601796296,71.70175872066424,-0.44315692436823895
TaskDec Robust 08-21 final,all,sed,BEV,0.7,44.66746466007874,43.2084463511566,1.4590183089221398
TaskDec Robust 08-21 final,all,bus,3D,0.3,55.768650690695864,58.12835520133631,-2.359704510640448
TaskDec Robust 08-21 final,all,bus,3D,0.5,30.75396757917664,31.055836725253055,-0.3018691460764167
TaskDec Robust 08-21 final,all,bus,3D,0.7,6.360624299764467,7.93057570170773,-1.5699514019432632
TaskDec Robust 08-21 final,all,bus,BEV,0.3,65.08645271260902,67.85341563441995,-2.7669629218109293
TaskDec Robust 08-21 final,all,bus,BEV,0.5,50.46733884957347,53.20653519852178,-2.7391963489483047
TaskDec Robust 08-21 final,all,bus,BEV,0.7,18.974153896538287,20.853579642957946,-1.8794257464196598
TaskDec Robust 08-21 final,urban,sed,3D,0.3,77.72612072502835,78.21530346687796,-0.48918274184960353
TaskDec Robust 08-21 final,urban,sed,3D,0.5,55.02539155974314,57.069269146190074,-2.043877586446932
TaskDec Robust 08-21 final,urban,sed,3D,0.7,13.917608291029918,14.436119359295468,-0.5185110682655498
TaskDec Robust 08-21 final,urban,sed,BEV,0.3,80.63830599945315,81.14274190212569,-0.5044359026725402
TaskDec Robust 08-21 final,urban,sed,BEV,0.5,73.91031468780686,74.76960621471763,-0.8592915269107664
TaskDec Robust 08-21 final,urban,sed,BEV,0.7,48.53865811326406,50.836694047562126,-2.2980359342980634
TaskDec Robust 08-21 final,urban,bus,3D,0.3,82.86784191741532,86.24622015391492,-3.3783782364996
TaskDec Robust 08-21 final,urban,bus,3D,0.5,48.31240801728361,45.14661479140337,3.165793225880236
TaskDec Robust 08-21 final,urban,bus,3D,0.7,17.29633326654064,13.19080014789471,4.10553311864593
TaskDec Robust 08-21 final,urban,bus,BEV,0.3,86.04780382864993,88.53903758982509,-2.4912337611751525
TaskDec Robust 08-21 final,urban,bus,BEV,0.5,79.49334420279136,82.30261788411943,-2.809273681328065
TaskDec Robust 08-21 final,urban,bus,BEV,0.7,35.085673967418415,38.80794482057661,-3.722270853158193
TaskDec Robust 08-21 final,highway,sed,3D,0.3,83.58316178057886,81.45046674612678,2.132695034452084
TaskDec Robust 08-21 final,highway,sed,3D,0.5,56.80546656641419,55.73026706875257,1.0751994976616217
TaskDec Robust 08-21 final,highway,sed,3D,0.7,6.114140619896484,6.244769341412074,-0.13062872151559013
TaskDec Robust 08-21 final,highway,sed,BEV,0.3,84.23596776495756,84.34393180859784,-0.10796404364027978
TaskDec Robust 08-21 final,highway,sed,BEV,0.5,80.35493205222724,78.05297775458348,2.3019542976437606
TaskDec Robust 08-21 final,highway,sed,BEV,0.7,44.386290958357236,41.99861999751438,2.387670960842854
TaskDec Robust 08-21 final,highway,bus,3D,0.3,54.69290987867728,56.79300374524857,-2.1000938665712923
TaskDec Robust 08-21 final,highway,bus,3D,0.5,29.03267927977376,29.334711576873406,-0.30203229709964674
TaskDec Robust 08-21 final,highway,bus,3D,0.7,6.508958868946507,8.114078627460296,-1.6051197585137889
TaskDec Robust 08-21 final,highway,bus,BEV,0.3,65.75879395024587,68.39847864916388,-2.6396846989180034
TaskDec Robust 08-21 final,highway,bus,BEV,0.5,50.58569719814629,51.451891907410385,-0.8661947092640929
TaskDec Robust 08-21 final,highway,bus,BEV,0.7,19.328209028443606,18.690332636240395,0.6378763922032107
TaskDec Robust 08-21 final,countryside,sed,3D,0.3,61.7606687307087,65.56484751745663,-3.8041787867479258
TaskDec Robust 08-21 final,countryside,sed,3D,0.5,35.92882035874456,43.50148816290062,-7.572667804156062
TaskDec Robust 08-21 final,countryside,sed,3D,0.7,5.525140287150011,6.530115388438913,-1.0049751012889026
TaskDec Robust 08-21 final,countryside,sed,BEV,0.3,66.24628980901163,69.847527648194,-3.6012378391823745
TaskDec Robust 08-21 final,countryside,sed,BEV,0.5,56.31259979050629,60.368185366711856,-4.055585576205566
TaskDec Robust 08-21 final,countryside,sed,BEV,0.7,21.019849690559997,27.25403185255677,-6.234182161996774
TaskDec Robust 08-21 final,countryside,bus,3D,0.3,31.730420285248606,32.68170426065163,-0.9512839754030225
TaskDec Robust 08-21 final,countryside,bus,3D,0.5,15.094124631927414,15.098722415795587,-0.004597783868172556
TaskDec Robust 08-21 final,countryside,bus,3D,0.7,2.8632025450689293,1.9744483159117305,0.8887542291571988
TaskDec Robust 08-21 final,countryside,bus,BEV,0.3,32.1356173641378,36.0397184999518,-3.9041011358140025
TaskDec Robust 08-21 final,countryside,bus,BEV,0.5,22.253774423761797,20.90592334494773,1.3478510788140667
TaskDec Robust 08-21 final,countryside,bus,BEV,0.7,11.400220190145625,10.73170731707317,0.668512873072455
TaskDec Robust 08-21 final,alleyway,sed,3D,0.3,38.43157186316434,39.07215294721143,-0.6405810840470849
TaskDec Robust 08-21 final,alleyway,sed,3D,0.5,19.5340928586035,20.96564531014054,-1.4315524515370406
TaskDec Robust 08-21 final,alleyway,sed,3D,0.7,1.8336276827395828,4.01230981209457,-2.1786821293549874
TaskDec Robust 08-21 final,alleyway,sed,BEV,0.3,41.71373488223386,42.31873165539752,-0.6049967731636627
TaskDec Robust 08-21 final,alleyway,sed,BEV,0.5,35.30567986225665,35.67898364381531,-0.3733037815586542
TaskDec Robust 08-21 final,alleyway,sed,BEV,0.7,15.94659365584552,17.434291234731138,-1.4876975788856175
TaskDec Robust 08-21 final,alleyway,bus,3D,0.3,17.017598575097278,20.6062415028347,-3.588642927737421
TaskDec Robust 08-21 final,alleyway,bus,3D,0.5,1.5784466355301854,4.523238120081736,-2.9447914845515504
TaskDec Robust 08-21 final,alleyway,bus,3D,0.7,0.02345215759849906,0.0,0.02345215759849906
TaskDec Robust 08-21 final,alleyway,bus,BEV,0.3,18.32141006496407,22.689073352107012,-4.367663287142943
TaskDec Robust 08-21 final,alleyway,bus,BEV,0.5,5.813198506504162,14.081002148461067,-8.267803641956906
TaskDec Robust 08-21 final,alleyway,bus,BEV,0.7,1.0768033212247015,0.9161713465874155,0.16063197463728596
TaskDec Robust 08-21 final,parkinglots,sed,3D,0.3,76.31903713656288,66.40871747347634,9.91031966308654
TaskDec Robust 08-21 final,parkinglots,sed,3D,0.5,51.535323971066816,44.80865464908141,6.726669321985405
TaskDec Robust 08-21 final,parkinglots,sed,3D,0.7,23.250495951464053,26.793951241902597,-3.543455290438544
TaskDec Robust 08-21 final,parkinglots,sed,BEV,0.3,78.44419657180825,68.66446012317637,9.77973644863188
TaskDec Robust 08-21 final,parkinglots,sed,BEV,0.5,62.81758086921582,55.84886359174085,6.9687172774749655
TaskDec Robust 08-21 final,parkinglots,sed,BEV,0.7,29.577998918816988,33.3808202999792,-3.802821381162211
TaskDec Robust 08-21 final,parkinglots,bus,3D,0.3,64.65507815506092,64.18320887248913,0.47186928257178806
TaskDec Robust 08-21 final,parkinglots,bus,3D,0.5,38.48225525279618,38.036254785614894,0.4460004671812854
TaskDec Robust 08-21 final,parkinglots,bus,3D,0.7,0.5809940174873447,9.73464209921206,-9.153648081724715
TaskDec Robust 08-21 final,parkinglots,bus,BEV,0.3,68.00734339527993,66.88404536536319,1.1232980299167394
TaskDec Robust 08-21 final,parkinglots,bus,BEV,0.5,52.643215906904906,53.54145289851559,-0.8982369916106805
TaskDec Robust 08-21 final,parkinglots,bus,BEV,0.7,4.9107369850581994,20.058069360882467,-15.147332375824266
TaskDec Robust 08-21 final,shoulder,sed,3D,0.3,97.31071423899871,97.31850614334388,-0.007791904345168632
TaskDec Robust 08-21 final,shoulder,sed,3D,0.5,94.61967118652854,94.58454349247377,0.0351276940547649
TaskDec Robust 08-21 final,shoulder,sed,3D,0.7,74.24386883325154,65.77405586677395,8.46981296647759
TaskDec Robust 08-21 final,shoulder,sed,BEV,0.3,99.83387304583347,99.8751358346124,-0.041262788778922754
TaskDec Robust 08-21 final,shoulder,sed,BEV,0.5,97.40307344320523,97.45584458702352,-0.05277114381829051
TaskDec Robust 08-21 final,shoulder,sed,BEV,0.7,90.86647638044738,91.51245419840147,-0.6459778179540905
TaskDec Robust 08-21 final,shoulder,bus,3D,0.3,0.0,0.0,0.0
TaskDec Robust 08-21 final,shoulder,bus,3D,0.5,0.0,0.0,0.0
TaskDec Robust 08-21 final,shoulder,bus,3D,0.7,0.0,0.0,0.0
TaskDec Robust 08-21 final,shoulder,bus,BEV,0.3,0.0,0.0,0.0
TaskDec Robust 08-21 final,shoulder,bus,BEV,0.5,0.0,0.0,0.0
TaskDec Robust 08-21 final,shoulder,bus,BEV,0.7,0.0,0.0,0.0
TaskDec Robust 08-21 final,mountain,sed,3D,0.3,89.27214574676586,89.73177252636825,-0.45962677960238807
TaskDec Robust 08-21 final,mountain,sed,3D,0.5,65.70429076787704,67.50128091242576,-1.7969901445487153
TaskDec Robust 08-21 final,mountain,sed,3D,0.7,6.910202561082144,13.183441358301417,-6.273238797219273
TaskDec Robust 08-21 final,mountain,sed,BEV,0.3,92.1649819601976,92.32416645520637,-0.1591844950087733
TaskDec Robust 08-21 final,mountain,sed,BEV,0.5,89.45882244992292,91.98190998465427,-2.5230875347313457
TaskDec Robust 08-21 final,mountain,sed,BEV,0.7,72.08981869393253,70.3354366985676,1.7543819953649233
TaskDec Robust 08-21 final,mountain,bus,3D,0.3,55.64683472999258,62.770121077896015,-7.123286347903438
TaskDec Robust 08-21 final,mountain,bus,3D,0.5,48.94537327889052,58.63868998244516,-9.693316703554636
TaskDec Robust 08-21 final,mountain,bus,3D,0.7,14.110731350578215,17.87936282457588,-3.768631473997667
TaskDec Robust 08-21 final,mountain,bus,BEV,0.3,55.64683472999258,62.81632755638571,-7.169492826393132
TaskDec Robust 08-21 final,mountain,bus,BEV,0.5,53.05966756659119,62.34393124720492,-9.284263680613734
TaskDec Robust 08-21 final,mountain,bus,BEV,0.7,30.24584914707495,40.825571448391415,-10.579722301316465
TaskDec Robust 08-21 final,university,sed,3D,0.3,67.63350353842428,72.46310754511738,-4.829604006693103
TaskDec Robust 08-21 final,university,sed,3D,0.5,41.568262568901446,43.654345636383454,-2.086083067482008
TaskDec Robust 08-21 final,university,sed,3D,0.7,4.592782267383926,5.918686971946433,-1.3259047045625065
TaskDec Robust 08-21 final,university,sed,BEV,0.3,70.26659621365047,75.05350307985908,-4.786906866208611
TaskDec Robust 08-21 final,university,sed,BEV,0.5,64.43755883140454,68.77298567749861,-4.335426846094066
TaskDec Robust 08-21 final,university,sed,BEV,0.7,31.281205395276363,32.52734026072008,-1.246134865443718
TaskDec Robust 08-21 final,university,bus,3D,0.3,0.0,0.0,0.0
TaskDec Robust 08-21 final,university,bus,3D,0.5,0.0,0.0,0.0
TaskDec Robust 08-21 final,university,bus,3D,0.7,0.0,0.0,0.0
TaskDec Robust 08-21 final,university,bus,BEV,0.3,0.0,0.0,0.0
TaskDec Robust 08-21 final,university,bus,BEV,0.5,0.0,0.0,0.0
TaskDec Robust 08-21 final,university,bus,BEV,0.7,0.0,0.0,0.0
TaskDec Robust 08-21 final,day,sed,3D,0.3,76.89875179946178,77.14190080374229,-0.2431490042805109
TaskDec Robust 08-21 final,day,sed,3D,0.5,54.239367361778115,54.75598286987021,-0.5166155080920944
TaskDec Robust 08-21 final,day,sed,3D,0.7,11.324412482856635,12.594213477752811,-1.2698009948961761
TaskDec Robust 08-21 final,day,sed,BEV,0.3,77.48476653744477,79.83859234146277,-2.353825804018001
TaskDec Robust 08-21 final,day,sed,BEV,0.5,73.86669403402057,74.1060258863607,-0.2393318523401291
TaskDec Robust 08-21 final,day,sed,BEV,0.7,45.17197799926673,45.140982188209506,0.030995811057223932
TaskDec Robust 08-21 final,day,bus,3D,0.3,52.969047826593275,56.9292882026023,-3.9602403760090255
TaskDec Robust 08-21 final,day,bus,3D,0.5,25.93179895308671,27.719277309777674,-1.7874783566909649
TaskDec Robust 08-21 final,day,bus,3D,0.7,4.463340251687815,6.711469281739466,-2.2481290300516505
TaskDec Robust 08-21 final,day,bus,BEV,0.3,56.999266025276704,60.21894965556813,-3.219683630291428
TaskDec Robust 08-21 final,day,bus,BEV,0.5,41.780447356733504,44.76612474412965,-2.9856773873961444
TaskDec Robust 08-21 final,day,bus,BEV,0.7,14.39043390639145,16.6243848839265,-2.2339509775350486
TaskDec Robust 08-21 final,night,sed,3D,0.3,68.146566590889,70.67299438396955,-2.5264277930805576
TaskDec Robust 08-21 final,night,sed,3D,0.5,46.717981775746985,46.58593243169625,0.13204934405073487
TaskDec Robust 08-21 final,night,sed,3D,0.7,10.221947775428486,11.23791429710876,-1.0159665216802747
TaskDec Robust 08-21 final,night,sed,BEV,0.3,71.32425653801494,73.91598674452821,-2.591730206513276
TaskDec Robust 08-21 final,night,sed,BEV,0.5,64.03480913841881,66.84370892725146,-2.8088997888326475
TaskDec Robust 08-21 final,night,sed,BEV,0.7,40.75553373489354,40.7247944433854,0.03073929150814081
TaskDec Robust 08-21 final,night,bus,3D,0.3,58.72303978050994,60.36562791309061,-1.64258813258067
TaskDec Robust 08-21 final,night,bus,3D,0.5,35.032805224362534,36.95414581651178,-1.9213405921492495
TaskDec Robust 08-21 final,night,bus,3D,0.7,8.84010741535325,11.795749564263,-2.9556421489097495
TaskDec Robust 08-21 final,night,bus,BEV,0.3,73.913197719015,75.85685730060533,-1.9436595815903246
TaskDec Robust 08-21 final,night,bus,BEV,0.5,59.88199469402842,62.501625521904444,-2.6196308278760227
TaskDec Robust 08-21 final,night,bus,BEV,0.7,24.142311031412437,25.94431296741182,-1.8020019359993817
TaskDec Robust 08-21 final,normal,sed,3D,0.3,73.67087996114373,74.13846385475061,-0.4675838936068857
TaskDec Robust 08-21 final,normal,sed,3D,0.5,47.36930929679386,49.62937192191424,-2.2600626251203835
TaskDec Robust 08-21 final,normal,sed,3D,0.7,6.668512736010612,7.41858471823177,-0.7500719822211579
TaskDec Robust 08-21 final,normal,sed,BEV,0.3,76.3946617803119,76.93696403582551,-0.5423022555136043
TaskDec Robust 08-21 final,normal,sed,BEV,0.5,70.1706764713691,70.65476501087757,-0.48408853950846265
TaskDec Robust 08-21 final,normal,sed,BEV,0.7,36.950751143100874,36.37259408289393,0.5781570602069408
TaskDec Robust 08-21 final,normal,bus,3D,0.3,51.11560986959711,53.28396691757169,-2.168357047974581
TaskDec Robust 08-21 final,normal,bus,3D,0.5,25.443184359630557,23.932995588579942,1.5101887710506148
TaskDec Robust 08-21 final,normal,bus,3D,0.7,3.3052002840112955,5.728362594412192,-2.4231623104008966
TaskDec Robust 08-21 final,normal,bus,BEV,0.3,55.48617994392329,57.35129446247801,-1.8651145185547193
TaskDec Robust 08-21 final,normal,bus,BEV,0.5,36.447428498710714,36.91333613194176,-0.46590763323104767
TaskDec Robust 08-21 final,normal,bus,BEV,0.7,11.007733096222154,11.30274464241066,-0.29501154618850656
TaskDec Robust 08-21 final,overcast,sed,3D,0.3,82.45747387390891,82.35468228208515,0.10279159182375963
TaskDec Robust 08-21 final,overcast,sed,3D,0.5,58.8141819216855,53.37664815403531,5.437533767650194
TaskDec Robust 08-21 final,overcast,sed,3D,0.7,8.206284022446845,6.298901277641798,1.9073827448050462
TaskDec Robust 08-21 final,overcast,sed,BEV,0.3,89.05671324386104,89.36570822189952,-0.3089949780384842
TaskDec Robust 08-21 final,overcast,sed,BEV,0.5,81.88972389568582,81.98155331823098,-0.09182942254516036
TaskDec Robust 08-21 final,overcast,sed,BEV,0.7,44.62375412288078,46.16740589274425,-1.543651769863466
TaskDec Robust 08-21 final,overcast,bus,3D,0.3,68.15458861912695,75.32582793213054,-7.171239313003582
TaskDec Robust 08-21 final,overcast,bus,3D,0.5,43.02683460321251,47.04012126011879,-4.013286656906281
TaskDec Robust 08-21 final,overcast,bus,3D,0.7,5.876637477765565,8.177121394765297,-2.300483916999732
TaskDec Robust 08-21 final,overcast,bus,BEV,0.3,71.65026500346721,81.67069508532919,-10.020430081861974
TaskDec Robust 08-21 final,overcast,bus,BEV,0.5,55.78186986349664,54.739976399475886,1.0418934640207524
TaskDec Robust 08-21 final,overcast,bus,BEV,0.7,17.42710007893553,21.953597635504902,-4.526497556569371
TaskDec Robust 08-21 final,fog,sed,3D,0.3,92.15723412915216,92.25503949710469,-0.0978053679525317
TaskDec Robust 08-21 final,fog,sed,3D,0.5,80.07830003527098,80.54989713755023,-0.47159710227924734
TaskDec Robust 08-21 final,fog,sed,3D,0.7,37.443470167761575,38.988782336889166,-1.545312169127591
TaskDec Robust 08-21 final,fog,sed,BEV,0.3,94.84825010537344,94.91345109202213,-0.06520098664869067
TaskDec Robust 08-21 final,fog,sed,BEV,0.5,94.59224624885306,94.78265074487796,-0.19040449602489673
TaskDec Robust 08-21 final,fog,sed,BEV,0.7,81.84722650488705,79.65763412163979,2.189592383247259
TaskDec Robust 08-21 final,fog,bus,3D,0.3,0.0,0.0,0.0
TaskDec Robust 08-21 final,fog,bus,3D,0.5,0.0,0.0,0.0
TaskDec Robust 08-21 final,fog,bus,3D,0.7,0.0,0.0,0.0
TaskDec Robust 08-21 final,fog,bus,BEV,0.3,0.0,0.0,0.0
TaskDec Robust 08-21 final,fog,bus,BEV,0.5,0.0,0.0,0.0
TaskDec Robust 08-21 final,fog,bus,BEV,0.7,0.0,0.0,0.0
TaskDec Robust 08-21 final,rain,sed,3D,0.3,66.00722421807222,66.3666834828411,-0.3594592647688728
TaskDec Robust 08-21 final,rain,sed,3D,0.5,46.361063650026324,46.85401943672793,-0.4929557867016072
TaskDec Robust 08-21 final,rain,sed,3D,0.7,16.22578839202233,17.18058831482299,-0.9547999228006603
TaskDec Robust 08-21 final,rain,sed,BEV,0.3,68.8953718914364,69.15170618976515,-0.25633429832875265
TaskDec Robust 08-21 final,rain,sed,BEV,0.5,61.571299695330715,62.269378265348685,-0.6980785700179695
TaskDec Robust 08-21 final,rain,sed,BEV,0.7,44.781763862900604,43.52263057534297,1.2591332875576313
TaskDec Robust 08-21 final,rain,bus,3D,0.3,3.418080525114299,7.893203954541796,-4.475123429427496
TaskDec Robust 08-21 final,rain,bus,3D,0.5,1.3706596179262283,2.4840301974448318,-1.1133705795186035
TaskDec Robust 08-21 final,rain,bus,3D,0.7,0.042789901583226354,0.0,0.042789901583226354
TaskDec Robust 08-21 final,rain,bus,BEV,0.3,3.418080525114299,7.893203954541796,-4.475123429427496
TaskDec Robust 08-21 final,rain,bus,BEV,0.5,2.398894629340382,7.893203954541796,-5.494309325201414
TaskDec Robust 08-21 final,rain,bus,BEV,0.7,0.6657313892756429,0.7998099461514095,-0.13407855687576664
TaskDec Robust 08-21 final,sleet,sed,3D,0.3,73.62451379984367,70.42968503556456,3.1948287642791087
TaskDec Robust 08-21 final,sleet,sed,3D,0.5,49.401970671160846,44.04536377990363,5.356606891257215
TaskDec Robust 08-21 final,sleet,sed,3D,0.7,7.6787574448354725,8.332399706694844,-0.6536422618593711
TaskDec Robust 08-21 final,sleet,sed,BEV,0.3,76.7180074963611,74.00247266003682,2.715534836324281
TaskDec Robust 08-21 final,sleet,sed,BEV,0.5,66.9887238809647,64.29971942503285,2.689004455931851
TaskDec Robust 08-21 final,sleet,sed,BEV,0.7,40.39535888787485,40.477166488231234,-0.08180760035638457
TaskDec Robust 08-21 final,sleet,bus,3D,0.3,55.04636305460016,59.549548818902096,-4.503185764301939
TaskDec Robust 08-21 final,sleet,bus,3D,0.5,36.54694172210099,38.831956170888624,-2.285014448787635
TaskDec Robust 08-21 final,sleet,bus,3D,0.7,3.8538472037123275,8.738664961928992,-4.8848177582166645
TaskDec Robust 08-21 final,sleet,bus,BEV,0.3,56.249078880397526,60.54280667676293,-4.293727796365403
TaskDec Robust 08-21 final,sleet,bus,BEV,0.5,46.55323034859214,50.64507343794078,-4.091843089348643
TaskDec Robust 08-21 final,sleet,bus,BEV,0.7,13.792604291931102,22.174883595120217,-8.382279303189115
TaskDec Robust 08-21 final,lightsnow,sed,3D,0.3,87.47749156735757,88.23847406405349,-0.7609824966959167
TaskDec Robust 08-21 final,lightsnow,sed,3D,0.5,59.75225016162655,59.251436881905306,0.5008132797212426
TaskDec Robust 08-21 final,lightsnow,sed,3D,0.7,9.687421394833057,10.848713360826416,-1.1612919659933585
TaskDec Robust 08-21 final,lightsnow,sed,BEV,0.3,90.16190861489811,90.85357079684266,-0.691662181944551
TaskDec Robust 08-21 final,lightsnow,sed,BEV,0.5,87.4026442763339,87.9794133975015,-0.5767691211676009
TaskDec Robust 08-21 final,lightsnow,sed,BEV,0.7,65.91812761463436,67.89478918337454,-1.9766615687401838
TaskDec Robust 08-21 final,lightsnow,bus,3D,0.3,89.109123363296,88.25935219842833,0.8497711648676756
TaskDec Robust 08-21 final,lightsnow,bus,3D,0.5,75.04273258634909,70.81127016589451,4.2314624204545765
TaskDec Robust 08-21 final,lightsnow,bus,3D,0.7,41.20831415157673,39.85807168093349,1.3502424706432379
TaskDec Robust 08-21 final,lightsnow,bus,BEV,0.3,94.9101741015157,94.46301987468712,0.4471542268285731
TaskDec Robust 08-21 final,lightsnow,bus,BEV,0.5,91.72574731680018,91.02288067610948,0.7028666406907007
TaskDec Robust 08-21 final,lightsnow,bus,BEV,0.7,74.47356880815707,69.53403189422211,4.939536913934958
TaskDec Robust 08-21 final,heavysnow,sed,3D,0.3,63.38328880750629,63.60797021105265,-0.2246814035463629
TaskDec Robust 08-21 final,heavysnow,sed,3D,0.5,51.44217739077801,49.52424782762442,1.9179295631535922
TaskDec Robust 08-21 final,heavysnow,sed,3D,0.7,17.41122726592635,16.6205910527445,0.7906362131818483
TaskDec Robust 08-21 final,heavysnow,sed,BEV,0.3,65.87236155411556,63.89596450476439,1.9763970493511636
TaskDec Robust 08-21 final,heavysnow,sed,BEV,0.5,61.07854611614651,61.279116602695694,-0.2005704865491822
TaskDec Robust 08-21 final,heavysnow,sed,BEV,0.7,42.522995653888934,42.616778269169906,-0.09378261528097198
TaskDec Robust 08-21 final,heavysnow,bus,3D,0.3,62.10334737997795,68.20418622088357,-6.100838840905624
TaskDec Robust 08-21 final,heavysnow,bus,3D,0.5,27.485767529046207,32.550531908424915,-5.064764379378708
TaskDec Robust 08-21 final,heavysnow,bus,3D,0.7,6.717687728297148,7.825995971587418,-1.1083082432902707
TaskDec Robust 08-21 final,heavysnow,bus,BEV,0.3,84.55966433107379,87.51376457522746,-2.954100244153665
TaskDec Robust 08-21 final,heavysnow,bus,BEV,0.5,73.96851254505124,79.69984775555656,-5.731335210505321
TaskDec Robust 08-21 final,heavysnow,bus,BEV,0.7,23.036046528131177,29.589559826906587,-6.55351329877541
TaskDec Robust model_6,all,sed,3D,0.3,74.67046999550905,74.97794695657676,-0.3074769610677066
TaskDec Robust model_6,all,sed,3D,0.5,51.05862647351105,52.09162529168767,-1.0329988181766225
TaskDec Robust model_6,all,sed,3D,0.7,10.974309616080081,11.854227787775777,-0.8799181716956959
TaskDec Robust model_6,all,sed,BEV,0.3,75.4526492865481,77.84756800138433,-2.394918714836237
TaskDec Robust model_6,all,sed,BEV,0.5,71.31521981316324,71.70175872066424,-0.3865389075010057
TaskDec Robust model_6,all,sed,BEV,0.7,42.53442903094182,43.2084463511566,-0.6740173202147801
TaskDec Robust model_6,all,bus,3D,0.3,57.922614002726526,58.12835520133631,-0.20574119860978612
TaskDec Robust model_6,all,bus,3D,0.5,30.77755907799002,31.055836725253055,-0.2782776472630353
TaskDec Robust model_6,all,bus,3D,0.7,5.646483718982964,7.93057570170773,-2.2840919827247665
TaskDec Robust model_6,all,bus,BEV,0.3,65.17850515679275,67.85341563441995,-2.6749104776271935
TaskDec Robust model_6,all,bus,BEV,0.5,50.599903110149,53.20653519852178,-2.606632088372777
TaskDec Robust model_6,all,bus,BEV,0.7,17.850468879367078,20.853579642957946,-3.0031107635908683
TaskDec Robust model_6,urban,sed,3D,0.3,77.79830322001953,78.21530346687796,-0.4170002468584215
TaskDec Robust model_6,urban,sed,3D,0.5,54.264560323148935,57.069269146190074,-2.804708823041139
TaskDec Robust model_6,urban,sed,3D,0.7,14.167276939401141,14.436119359295468,-0.26884241989432667
TaskDec Robust model_6,urban,sed,BEV,0.3,80.688211093297,81.14274190212569,-0.454530808828693
TaskDec Robust model_6,urban,sed,BEV,0.5,74.04381572123555,74.76960621471763,-0.72579049348208
TaskDec Robust model_6,urban,sed,BEV,0.7,48.4416417333417,50.836694047562126,-2.395052314220429
TaskDec Robust model_6,urban,bus,3D,0.3,88.05470890116888,86.24622015391492,1.8084887472539606
TaskDec Robust model_6,urban,bus,3D,0.5,48.535935951758944,45.14661479140337,3.3893211603555713
TaskDec Robust model_6,urban,bus,3D,0.7,15.337498848942039,13.19080014789471,2.1466987010473293
TaskDec Robust model_6,urban,bus,BEV,0.3,88.50808072833603,88.53903758982509,-0.030956861489059406
TaskDec Robust model_6,urban,bus,BEV,0.5,82.69280793659665,82.30261788411943,0.39019005247722305
TaskDec Robust model_6,urban,bus,BEV,0.7,39.07553556526061,38.80794482057661,0.267590744684
TaskDec Robust model_6,highway,sed,3D,0.3,81.47294740387179,81.45046674612678,0.022480657745006738
TaskDec Robust model_6,highway,sed,3D,0.5,53.77970917408438,55.73026706875257,-1.9505578946681865
TaskDec Robust model_6,highway,sed,3D,0.7,5.345249108659591,6.244769341412074,-0.8995202327524838
TaskDec Robust model_6,highway,sed,BEV,0.3,84.27834241891935,84.34393180859784,-0.06558938967849315
TaskDec Robust model_6,highway,sed,BEV,0.5,78.36958299769897,78.05297775458348,0.31660524311548954
TaskDec Robust model_6,highway,sed,BEV,0.7,42.32336987775199,41.99861999751438,0.3247498802376114
TaskDec Robust model_6,highway,bus,3D,0.3,54.545145686797035,56.79300374524857,-2.247858058451534
TaskDec Robust model_6,highway,bus,3D,0.5,28.73295415272497,29.334711576873406,-0.6017574241484347
TaskDec Robust model_6,highway,bus,3D,0.7,5.518263200906047,8.114078627460296,-2.5958154265542497
TaskDec Robust model_6,highway,bus,BEV,0.3,65.20760155924107,68.39847864916388,-3.1908770899228074
TaskDec Robust model_6,highway,bus,BEV,0.5,50.03600356576986,51.451891907410385,-1.4158883416405246
TaskDec Robust model_6,highway,bus,BEV,0.7,16.897100754497625,18.690332636240395,-1.79323188174277
TaskDec Robust model_6,countryside,sed,3D,0.3,60.8311385644847,65.56484751745663,-4.733708952971931
TaskDec Robust model_6,countryside,sed,3D,0.5,37.1656503144906,43.50148816290062,-6.335837848410023
TaskDec Robust model_6,countryside,sed,3D,0.7,3.219690298006364,6.530115388438913,-3.3104250904325494
TaskDec Robust model_6,countryside,sed,BEV,0.3,67.6631734018722,69.847527648194,-2.184354246321803
TaskDec Robust model_6,countryside,sed,BEV,0.5,56.753382792326846,60.368185366711856,-3.61480257438501
TaskDec Robust model_6,countryside,sed,BEV,0.7,24.70870135895254,27.25403185255677,-2.545330493604233
TaskDec Robust model_6,countryside,bus,3D,0.3,40.006108073873406,32.68170426065163,7.324403813221778
TaskDec Robust model_6,countryside,bus,3D,0.5,24.239522059139418,15.098722415795587,9.140799643343831
TaskDec Robust model_6,countryside,bus,3D,0.7,2.2062599625175907,1.9744483159117305,0.23181164660586018
TaskDec Robust model_6,countryside,bus,BEV,0.3,43.49723973732484,36.0397184999518,7.457521237373037
TaskDec Robust model_6,countryside,bus,BEV,0.5,32.14089230043749,20.90592334494773,11.234968955489762
TaskDec Robust model_6,countryside,bus,BEV,0.7,21.97521020844259,10.73170731707317,11.24350289136942
TaskDec Robust model_6,alleyway,sed,3D,0.3,38.7301633693866,39.07215294721143,-0.3419895778248261
TaskDec Robust model_6,alleyway,sed,3D,0.5,19.645718848962105,20.96564531014054,-1.3199264611784365
TaskDec Robust model_6,alleyway,sed,3D,0.7,1.5627059248043214,4.01230981209457,-2.449603887290249
TaskDec Robust model_6,alleyway,sed,BEV,0.3,41.819554612496326,42.31873165539752,-0.499177042901195
TaskDec Robust model_6,alleyway,sed,BEV,0.5,35.33391887266935,35.67898364381531,-0.3450647711459567
TaskDec Robust model_6,alleyway,sed,BEV,0.7,15.239768826410394,17.434291234731138,-2.1945224083207435
TaskDec Robust model_6,alleyway,bus,3D,0.3,16.86151895341847,20.6062415028347,-3.7447225494162275
TaskDec Robust model_6,alleyway,bus,3D,0.5,1.056148968983835,4.523238120081736,-3.467089151097901
TaskDec Robust model_6,alleyway,bus,3D,0.7,0.03252032520325203,0.0,0.03252032520325203
TaskDec Robust model_6,alleyway,bus,BEV,0.3,22.13117271163771,22.689073352107012,-0.5579006404693025
TaskDec Robust model_6,alleyway,bus,BEV,0.5,5.3064911598158275,14.081002148461067,-8.77451098864524
TaskDec Robust model_6,alleyway,bus,BEV,0.7,0.4198320671731307,0.9161713465874155,-0.4963392794142848
TaskDec Robust model_6,parkinglots,sed,3D,0.3,72.86173581985557,66.40871747347634,6.453018346379224
TaskDec Robust model_6,parkinglots,sed,3D,0.5,44.17701576890056,44.80865464908141,-0.6316388801808515
TaskDec Robust model_6,parkinglots,sed,3D,0.7,22.079414024330603,26.793951241902597,-4.714537217571994
TaskDec Robust model_6,parkinglots,sed,BEV,0.3,73.63843878865815,68.66446012317637,4.973978665481781
TaskDec Robust model_6,parkinglots,sed,BEV,0.5,57.20333900600514,55.84886359174085,1.3544754142642859
TaskDec Robust model_6,parkinglots,sed,BEV,0.7,26.25190006868172,33.3808202999792,-7.128920231297478
TaskDec Robust model_6,parkinglots,bus,3D,0.3,63.81310543284487,64.18320887248913,-0.37010343964426085
TaskDec Robust model_6,parkinglots,bus,3D,0.5,33.361550483051005,38.036254785614894,-4.674704302563889
TaskDec Robust model_6,parkinglots,bus,3D,0.7,1.6000610936534871,9.73464209921206,-8.134581005558573
TaskDec Robust model_6,parkinglots,bus,BEV,0.3,66.91209086992174,66.88404536536319,0.028045504558548373
TaskDec Robust model_6,parkinglots,bus,BEV,0.5,45.335699530919186,53.54145289851559,-8.205753367596401
TaskDec Robust model_6,parkinglots,bus,BEV,0.7,4.9176805229768785,20.058069360882467,-15.140388837905588
TaskDec Robust model_6,shoulder,sed,3D,0.3,97.37101480872663,97.31850614334388,0.05250866538274579
TaskDec Robust model_6,shoulder,sed,3D,0.5,92.01832795366869,94.58454349247377,-2.566215538805082
TaskDec Robust model_6,shoulder,sed,3D,0.7,64.54561369796016,65.77405586677395,-1.2284421688137854
TaskDec Robust model_6,shoulder,sed,BEV,0.3,99.87178571595597,99.8751358346124,-0.0033501186564279806
TaskDec Robust model_6,shoulder,sed,BEV,0.5,97.46342937025719,97.45584458702352,0.007584783233667736
TaskDec Robust model_6,shoulder,sed,BEV,0.7,90.94761855240053,91.51245419840147,-0.5648356460009438
TaskDec Robust model_6,shoulder,bus,3D,0.3,0.0,0.0,0.0
TaskDec Robust model_6,shoulder,bus,3D,0.5,0.0,0.0,0.0
TaskDec Robust model_6,shoulder,bus,3D,0.7,0.0,0.0,0.0
TaskDec Robust model_6,shoulder,bus,BEV,0.3,0.0,0.0,0.0
TaskDec Robust model_6,shoulder,bus,BEV,0.5,0.0,0.0,0.0
TaskDec Robust model_6,shoulder,bus,BEV,0.7,0.0,0.0,0.0
TaskDec Robust model_6,mountain,sed,3D,0.3,89.54963210917849,89.73177252636825,-0.18214041718975693
TaskDec Robust model_6,mountain,sed,3D,0.5,69.30254764497684,67.50128091242576,1.8012667325510847
TaskDec Robust model_6,mountain,sed,3D,0.7,8.417712064254804,13.183441358301417,-4.765729294046613
TaskDec Robust model_6,mountain,sed,BEV,0.3,92.2127623460972,92.32416645520637,-0.11140410910917353
TaskDec Robust model_6,mountain,sed,BEV,0.5,89.69496430107135,91.98190998465427,-2.286945683582914
TaskDec Robust model_6,mountain,sed,BEV,0.7,71.9183254565425,70.3354366985676,1.5828887579748994
TaskDec Robust model_6,mountain,bus,3D,0.3,61.43602339827796,62.770121077896015,-1.3340976796180541
TaskDec Robust model_6,mountain,bus,3D,0.5,51.042635312265496,58.63868998244516,-7.596054670179662
TaskDec Robust model_6,mountain,bus,3D,0.7,10.960498912777311,17.87936282457588,-6.918863911798571
TaskDec Robust model_6,mountain,bus,BEV,0.3,61.4418583848575,62.81632755638571,-1.3744691715282116
TaskDec Robust model_6,mountain,bus,BEV,0.5,57.74129376628696,62.34393124720492,-4.602637480917963
TaskDec Robust model_6,mountain,bus,BEV,0.7,29.305412787367235,40.825571448391415,-11.52015866102418
TaskDec Robust model_6,university,sed,3D,0.3,69.60632290946216,72.46310754511738,-2.8567846356552167
TaskDec Robust model_6,university,sed,3D,0.5,41.96781310787877,43.654345636383454,-1.686532528504685
TaskDec Robust model_6,university,sed,3D,0.7,3.8364890503674336,5.918686971946433,-2.082197921578999
TaskDec Robust model_6,university,sed,BEV,0.3,70.27991939985564,75.05350307985908,-4.773583680003441
TaskDec Robust model_6,university,sed,BEV,0.5,66.31807043219253,68.77298567749861,-2.4549152453060827
TaskDec Robust model_6,university,sed,BEV,0.7,31.144732008521043,32.52734026072008,-1.382608252199038
TaskDec Robust model_6,university,bus,3D,0.3,0.0,0.0,0.0
TaskDec Robust model_6,university,bus,3D,0.5,0.0,0.0,0.0
TaskDec Robust model_6,university,bus,3D,0.7,0.0,0.0,0.0
TaskDec Robust model_6,university,bus,BEV,0.3,0.0,0.0,0.0
TaskDec Robust model_6,university,bus,BEV,0.5,0.0,0.0,0.0
TaskDec Robust model_6,university,bus,BEV,0.7,0.0,0.0,0.0
TaskDec Robust model_6,day,sed,3D,0.3,76.8691220214097,77.14190080374229,-0.272778782332594
TaskDec Robust model_6,day,sed,3D,0.5,53.86670851320729,54.75598286987021,-0.8892743566629164
TaskDec Robust model_6,day,sed,3D,0.7,10.98228062827593,12.594213477752811,-1.6119328494768812
TaskDec Robust model_6,day,sed,BEV,0.3,77.52184556238977,79.83859234146277,-2.316746779073
TaskDec Robust model_6,day,sed,BEV,0.5,73.93146292680682,74.1060258863607,-0.17456295955388157
TaskDec Robust model_6,day,sed,BEV,0.7,44.454758455707136,45.140982188209506,-0.6862237325023699
TaskDec Robust model_6,day,bus,3D,0.3,55.037751892325545,56.9292882026023,-1.8915363102767557
TaskDec Robust model_6,day,bus,3D,0.5,27.891336555698732,27.719277309777674,0.1720592459210586
TaskDec Robust model_6,day,bus,3D,0.7,3.8143794787573766,6.711469281739466,-2.897089802982089
TaskDec Robust model_6,day,bus,BEV,0.3,59.11637468338885,60.21894965556813,-1.1025749721792835
TaskDec Robust model_6,day,bus,BEV,0.5,44.20092020666536,44.76612474412965,-0.5652045374642896
TaskDec Robust model_6,day,bus,BEV,0.7,14.730247105971554,16.6243848839265,-1.8941377779549455
TaskDec Robust model_6,night,sed,3D,0.3,68.26256847516878,70.67299438396955,-2.410425908800775
TaskDec Robust model_6,night,sed,3D,0.5,43.76052528057121,46.58593243169625,-2.8254071511250416
TaskDec Robust model_6,night,sed,3D,0.7,9.534064013012635,11.23791429710876,-1.7038502840961254
TaskDec Robust model_6,night,sed,BEV,0.3,71.35564747130428,73.91598674452821,-2.5603392732239314
TaskDec Robust model_6,night,sed,BEV,0.5,64.08541577129608,66.84370892725146,-2.7582931559553714
TaskDec Robust model_6,night,sed,BEV,0.7,40.093224892165196,40.7247944433854,-0.6315695512202026
TaskDec Robust model_6,night,bus,3D,0.3,59.59326299829052,60.36562791309061,-0.7723649148000931
TaskDec Robust model_6,night,bus,3D,0.5,34.99789389648977,36.95414581651178,-1.9562519200220123
TaskDec Robust model_6,night,bus,3D,0.7,8.497974908116593,11.795749564263,-3.297774656146407
TaskDec Robust model_6,night,bus,BEV,0.3,73.57136301610461,75.85685730060533,-2.2854942845007145
TaskDec Robust model_6,night,bus,BEV,0.5,59.481979680998506,62.501625521904444,-3.0196458409059375
TaskDec Robust model_6,night,bus,BEV,0.7,21.44637914863573,25.94431296741182,-4.497933818776087
TaskDec Robust model_6,normal,sed,3D,0.3,73.56493038658132,74.13846385475061,-0.5735334681692876
TaskDec Robust model_6,normal,sed,3D,0.5,47.052621022497526,49.62937192191424,-2.576750899416716
TaskDec Robust model_6,normal,sed,3D,0.7,4.592320674770713,7.41858471823177,-2.826264043461057
TaskDec Robust model_6,normal,sed,BEV,0.3,76.33893376783728,76.93696403582551,-0.5980302679882357
TaskDec Robust model_6,normal,sed,BEV,0.5,70.18277956462866,70.65476501087757,-0.47198544624890815
TaskDec Robust model_6,normal,sed,BEV,0.7,35.55393129265843,36.37259408289393,-0.8186627902354999
TaskDec Robust model_6,normal,bus,3D,0.3,49.61802239688174,53.28396691757169,-3.6659445206899477
TaskDec Robust model_6,normal,bus,3D,0.5,24.662253114861418,23.932995588579942,0.7292575262814758
TaskDec Robust model_6,normal,bus,3D,0.7,2.4764603099906615,5.728362594412192,-3.2519022844215306
TaskDec Robust model_6,normal,bus,BEV,0.3,56.016119725540406,57.35129446247801,-1.3351747369376028
TaskDec Robust model_6,normal,bus,BEV,0.5,34.99089625814693,36.91333613194176,-1.9224398737948292
TaskDec Robust model_6,normal,bus,BEV,0.7,9.011272094600258,11.30274464241066,-2.291472547810402
TaskDec Robust model_6,overcast,sed,3D,0.3,82.26493775980171,82.35468228208515,-0.08974452228343921
TaskDec Robust model_6,overcast,sed,3D,0.5,53.71471678704722,53.37664815403531,0.3380686330119147
TaskDec Robust model_6,overcast,sed,3D,0.7,5.360088525407444,6.298901277641798,-0.9388127522343543
TaskDec Robust model_6,overcast,sed,BEV,0.3,89.23486175383441,89.36570822189952,-0.13084646806511557
TaskDec Robust model_6,overcast,sed,BEV,0.5,79.58941638790684,81.98155331823098,-2.392136930324142
TaskDec Robust model_6,overcast,sed,BEV,0.7,43.14701184985926,46.16740589274425,-3.0203940428849876
TaskDec Robust model_6,overcast,bus,3D,0.3,66.97790517777435,75.32582793213054,-8.34792275435619
TaskDec Robust model_6,overcast,bus,3D,0.5,48.21048685582754,47.04012126011879,1.170365595708752
TaskDec Robust model_6,overcast,bus,3D,0.7,6.729271931862106,8.177121394765297,-1.447849462903191
TaskDec Robust model_6,overcast,bus,BEV,0.3,69.30931345598673,81.67069508532919,-12.36138162934246
TaskDec Robust model_6,overcast,bus,BEV,0.5,56.07793872312335,54.739976399475886,1.3379623236474671
TaskDec Robust model_6,overcast,bus,BEV,0.7,20.68912632600529,21.953597635504902,-1.264471309499612
TaskDec Robust model_6,fog,sed,3D,0.3,92.29277899283777,92.25503949710469,0.03773949573307789
TaskDec Robust model_6,fog,sed,3D,0.5,80.19892395791017,80.54989713755023,-0.35097317964006436
TaskDec Robust model_6,fog,sed,3D,0.7,33.3162304862849,38.988782336889166,-5.672551850604265
TaskDec Robust model_6,fog,sed,BEV,0.3,94.89091965632423,94.91345109202213,-0.022531435697899838
TaskDec Robust model_6,fog,sed,BEV,0.5,94.72922038909857,94.78265074487796,-0.053430355779383376
TaskDec Robust model_6,fog,sed,BEV,0.7,81.66110339588315,79.65763412163979,2.0034692742433577
TaskDec Robust model_6,fog,bus,3D,0.3,0.0,0.0,0.0
TaskDec Robust model_6,fog,bus,3D,0.5,0.0,0.0,0.0
TaskDec Robust model_6,fog,bus,3D,0.7,0.0,0.0,0.0
TaskDec Robust model_6,fog,bus,BEV,0.3,0.0,0.0,0.0
TaskDec Robust model_6,fog,bus,BEV,0.5,0.0,0.0,0.0
TaskDec Robust model_6,fog,bus,BEV,0.7,0.0,0.0,0.0
TaskDec Robust model_6,rain,sed,3D,0.3,66.22539983661999,66.3666834828411,-0.14128364622111178
TaskDec Robust model_6,rain,sed,3D,0.5,45.903168561517724,46.85401943672793,-0.9508508752102074
TaskDec Robust model_6,rain,sed,3D,0.7,15.968795642728645,17.18058831482299,-1.2117926720943455
TaskDec Robust model_6,rain,sed,BEV,0.3,68.97947351080342,69.15170618976515,-0.1722326789617341
TaskDec Robust model_6,rain,sed,BEV,0.5,61.70336277400822,62.269378265348685,-0.5660154913404654
TaskDec Robust model_6,rain,sed,BEV,0.7,42.62820089957743,43.52263057534297,-0.8944296757655437
TaskDec Robust model_6,rain,bus,3D,0.3,4.184329432283407,7.893203954541796,-3.7088745222583883
TaskDec Robust model_6,rain,bus,3D,0.5,1.2132582864290182,2.4840301974448318,-1.2707719110158135
TaskDec Robust model_6,rain,bus,3D,0.7,0.07867820613690008,0.0,0.07867820613690008
TaskDec Robust model_6,rain,bus,BEV,0.3,5.050031269543464,7.893203954541796,-2.843172684998332
TaskDec Robust model_6,rain,bus,BEV,0.5,2.5251344568347167,7.893203954541796,-5.368069497707079
TaskDec Robust model_6,rain,bus,BEV,0.7,0.47038327526132395,0.7998099461514095,-0.3294266708900856
TaskDec Robust model_6,sleet,sed,3D,0.3,70.46795918457673,70.42968503556456,0.03827414901216741
TaskDec Robust model_6,sleet,sed,3D,0.5,44.2855713700647,44.04536377990363,0.24020759016107007
TaskDec Robust model_6,sleet,sed,3D,0.7,8.070409702227778,8.332399706694844,-0.2619900044670658
TaskDec Robust model_6,sleet,sed,BEV,0.3,75.99982913495263,74.00247266003682,1.9973564749158186
TaskDec Robust model_6,sleet,sed,BEV,0.5,63.70438027548151,64.29971942503285,-0.5953391495513358
TaskDec Robust model_6,sleet,sed,BEV,0.7,39.800411352866654,40.477166488231234,-0.67675513536458
TaskDec Robust model_6,sleet,bus,3D,0.3,57.60689319180771,59.549548818902096,-1.942655627094389
TaskDec Robust model_6,sleet,bus,3D,0.5,36.76140989529761,38.831956170888624,-2.0705462755910133
TaskDec Robust model_6,sleet,bus,3D,0.7,3.883244563206191,8.738664961928992,-4.855420398722801
TaskDec Robust model_6,sleet,bus,BEV,0.3,60.73341203633813,60.54280667676293,0.1906053595752013
TaskDec Robust model_6,sleet,bus,BEV,0.5,45.38523489377251,50.64507343794078,-5.259838544168268
TaskDec Robust model_6,sleet,bus,BEV,0.7,14.761262928624145,22.174883595120217,-7.413620666496072
TaskDec Robust model_6,lightsnow,sed,3D,0.3,88.15389177021888,88.23847406405349,-0.08458229383461457
TaskDec Robust model_6,lightsnow,sed,3D,0.5,61.56201410635739,59.251436881905306,2.310577224452082
TaskDec Robust model_6,lightsnow,sed,3D,0.7,11.972144235141906,10.848713360826416,1.1234308743154902
TaskDec Robust model_6,lightsnow,sed,BEV,0.3,90.73968052235001,90.85357079684266,-0.11389027449264688
TaskDec Robust model_6,lightsnow,sed,BEV,0.5,87.99534273405672,87.9794133975015,0.015929336555217333
TaskDec Robust model_6,lightsnow,sed,BEV,0.7,66.61652980470592,67.89478918337454,-1.278259378668622
TaskDec Robust model_6,lightsnow,bus,3D,0.3,88.10447643621696,88.25935219842833,-0.15487576221137545
TaskDec Robust model_6,lightsnow,bus,3D,0.5,75.43384007946867,70.81127016589451,4.622569913574154
TaskDec Robust model_6,lightsnow,bus,3D,0.7,33.70090483637794,39.85807168093349,-6.1571668445555545
TaskDec Robust model_6,lightsnow,bus,BEV,0.3,94.73642515274439,94.46301987468712,0.2734052780572682
TaskDec Robust model_6,lightsnow,bus,BEV,0.5,89.06122514397049,91.02288067610948,-1.961655532138991
TaskDec Robust model_6,lightsnow,bus,BEV,0.7,72.79043553198106,69.53403189422211,3.2564036377589503
TaskDec Robust model_6,heavysnow,sed,3D,0.3,63.70407531595617,63.60797021105265,0.09610510490351487
TaskDec Robust model_6,heavysnow,sed,3D,0.5,46.36882605118603,49.52424782762442,-3.155421776438388
TaskDec Robust model_6,heavysnow,sed,3D,0.7,16.987495120128806,16.6205910527445,0.36690406738430426
TaskDec Robust model_6,heavysnow,sed,BEV,0.3,66.24538727479936,63.89596450476439,2.3494227700349626
TaskDec Robust model_6,heavysnow,sed,BEV,0.5,61.48144476650461,61.279116602695694,0.2023281638089145
TaskDec Robust model_6,heavysnow,sed,BEV,0.7,43.22863988740779,42.616778269169906,0.6118616182378815
TaskDec Robust model_6,heavysnow,bus,3D,0.3,69.33075998565121,68.20418622088357,1.1265737647676417
TaskDec Robust model_6,heavysnow,bus,3D,0.5,29.905459416974622,32.550531908424915,-2.6450724914502928
TaskDec Robust model_6,heavysnow,bus,3D,0.7,7.5269811717180835,7.825995971587418,-0.2990147998693349
TaskDec Robust model_6,heavysnow,bus,BEV,0.3,87.38196946967707,87.51376457522746,-0.1317951055503812
TaskDec Robust model_6,heavysnow,bus,BEV,0.5,80.48584099761668,79.69984775555656,0.7859932420601154
TaskDec Robust model_6,heavysnow,bus,BEV,0.7,26.821401276480817,29.589559826906587,-2.7681585504257704
TaskDec Robust model_8,all,sed,3D,0.3,74.73608945427098,74.97794695657676,-0.24185750230577696
TaskDec Robust model_8,all,sed,3D,0.5,51.94216085228026,52.09162529168767,-0.14946443940741005
TaskDec Robust model_8,all,sed,3D,0.7,11.409594823673618,11.854227787775777,-0.44463296410215847
TaskDec Robust model_8,all,sed,BEV,0.3,77.58386205110797,77.84756800138433,-0.26370595027636057
TaskDec Robust model_8,all,sed,BEV,0.5,71.32653656600829,71.70175872066424,-0.3752221546559582
TaskDec Robust model_8,all,sed,BEV,0.7,44.49705790288559,43.2084463511566,1.2886115517289838
TaskDec Robust model_8,all,bus,3D,0.3,55.82725766440318,58.12835520133631,-2.301097536933135
TaskDec Robust model_8,all,bus,3D,0.5,30.867372345808352,31.055836725253055,-0.18846437944470296
TaskDec Robust model_8,all,bus,3D,0.7,6.163124842058395,7.93057570170773,-1.767450859649335
TaskDec Robust model_8,all,bus,BEV,0.3,64.9603213722053,67.85341563441995,-2.893094262214646
TaskDec Robust model_8,all,bus,BEV,0.5,50.61901033355074,53.20653519852178,-2.587524864971037
TaskDec Robust model_8,all,bus,BEV,0.7,18.46172174899627,20.853579642957946,-2.391857893961678
TaskDec Robust model_8,urban,sed,3D,0.3,77.8830057988323,78.21530346687796,-0.33229766804565486
TaskDec Robust model_8,urban,sed,3D,0.5,54.99002423754609,57.069269146190074,-2.079244908643986
TaskDec Robust model_8,urban,sed,3D,0.7,13.315214496577774,14.436119359295468,-1.120904862717694
TaskDec Robust model_8,urban,sed,BEV,0.3,80.78120459079673,81.14274190212569,-0.3615373113289593
TaskDec Robust model_8,urban,sed,BEV,0.5,73.92111471142536,74.76960621471763,-0.8484915032922657
TaskDec Robust model_8,urban,sed,BEV,0.7,48.07043440614732,50.836694047562126,-2.7662596414148055
TaskDec Robust model_8,urban,bus,3D,0.3,87.97539356185793,86.24622015391492,1.7291734079430086
TaskDec Robust model_8,urban,bus,3D,0.5,51.464041502165,45.14661479140337,6.31742671076163
TaskDec Robust model_8,urban,bus,3D,0.7,18.563610514722985,13.19080014789471,5.372810366828276
TaskDec Robust model_8,urban,bus,BEV,0.3,88.40312058909397,88.53903758982509,-0.13591700073111213
TaskDec Robust model_8,urban,bus,BEV,0.5,85.2293804986176,82.30261788411943,2.9267626144981733
TaskDec Robust model_8,urban,bus,BEV,0.7,44.0733882042968,38.80794482057661,5.265443383720189
TaskDec Robust model_8,highway,sed,3D,0.3,83.63986013491595,81.45046674612678,2.1893933887891706
TaskDec Robust model_8,highway,sed,3D,0.5,56.811201298542336,55.73026706875257,1.0809342297897686
TaskDec Robust model_8,highway,sed,3D,0.7,7.633507834519876,6.244769341412074,1.3887384931078017
TaskDec Robust model_8,highway,sed,BEV,0.3,84.34427760583137,84.34393180859784,0.0003457972335212389
TaskDec Robust model_8,highway,sed,BEV,0.5,80.4278376151968,78.05297775458348,2.374859860613313
TaskDec Robust model_8,highway,sed,BEV,0.7,45.74188450886729,41.99861999751438,3.743264511352905
TaskDec Robust model_8,highway,bus,3D,0.3,54.524220167080614,56.79300374524857,-2.2687835781679553
TaskDec Robust model_8,highway,bus,3D,0.5,28.841414594491543,29.334711576873406,-0.4932969823818638
TaskDec Robust model_8,highway,bus,3D,0.7,5.894835914691699,8.114078627460296,-2.2192427127685974
TaskDec Robust model_8,highway,bus,BEV,0.3,67.38471890424576,68.39847864916388,-1.0137597449181186
TaskDec Robust model_8,highway,bus,BEV,0.5,50.26985130024407,51.451891907410385,-1.1820406071663143
TaskDec Robust model_8,highway,bus,BEV,0.7,17.343089372787187,18.690332636240395,-1.3472432634532083
TaskDec Robust model_8,countryside,sed,3D,0.3,63.19003069523463,65.56484751745663,-2.3748168222219945
TaskDec Robust model_8,countryside,sed,3D,0.5,38.323570381751814,43.50148816290062,-5.177917781148807
TaskDec Robust model_8,countryside,sed,3D,0.7,7.640136965283478,6.530115388438913,1.1100215768445647
TaskDec Robust model_8,countryside,sed,BEV,0.3,68.22942287723734,69.847527648194,-1.6181047709566627
TaskDec Robust model_8,countryside,sed,BEV,0.5,58.936958053739886,60.368185366711856,-1.43122731297197
TaskDec Robust model_8,countryside,sed,BEV,0.7,21.61451679876994,27.25403185255677,-5.63951505378683
TaskDec Robust model_8,countryside,bus,3D,0.3,32.836713709939914,32.68170426065163,0.1550094492882863
TaskDec Robust model_8,countryside,bus,3D,0.5,22.461269155883873,15.098722415795587,7.362546740088286
TaskDec Robust model_8,countryside,bus,3D,0.7,3.533714248479937,1.9744483159117305,1.5592659325682063
TaskDec Robust model_8,countryside,bus,BEV,0.3,35.925715928221166,36.0397184999518,-0.11400257173063721
TaskDec Robust model_8,countryside,bus,BEV,0.5,28.266718931590173,20.90592334494773,7.360795586642443
TaskDec Robust model_8,countryside,bus,BEV,0.7,18.56143738363607,10.73170731707317,7.829730066562899
TaskDec Robust model_8,alleyway,sed,3D,0.3,38.568182756392275,39.07215294721143,-0.5039701908191532
TaskDec Robust model_8,alleyway,sed,3D,0.5,20.476447022887296,20.96564531014054,-0.4891982872532452
TaskDec Robust model_8,alleyway,sed,3D,0.7,1.9577617400489589,4.01230981209457,-2.0545480720456117
TaskDec Robust model_8,alleyway,sed,BEV,0.3,41.80426002921815,42.31873165539752,-0.5144716261793718
TaskDec Robust model_8,alleyway,sed,BEV,0.5,35.82177204362113,35.67898364381531,0.14278839980582347
TaskDec Robust model_8,alleyway,sed,BEV,0.7,16.891697765693507,17.434291234731138,-0.5425934690376302
TaskDec Robust model_8,alleyway,bus,3D,0.3,17.17078368024996,20.6062415028347,-3.4354578225847376
TaskDec Robust model_8,alleyway,bus,3D,0.5,1.6749271770792575,4.523238120081736,-2.8483109430024784
TaskDec Robust model_8,alleyway,bus,3D,0.7,0.027404768429706766,0.0,0.027404768429706766
TaskDec Robust model_8,alleyway,bus,BEV,0.3,19.780098939916233,22.689073352107012,-2.90897441219078
TaskDec Robust model_8,alleyway,bus,BEV,0.5,9.420730055805244,14.081002148461067,-4.660272092655823
TaskDec Robust model_8,alleyway,bus,BEV,0.7,0.4377736085053158,0.9161713465874155,-0.4783977380820997
TaskDec Robust model_8,parkinglots,sed,3D,0.3,73.63481187024315,66.40871747347634,7.226094396766811
TaskDec Robust model_8,parkinglots,sed,3D,0.5,45.34960303637795,44.80865464908141,0.5409483872965382
TaskDec Robust model_8,parkinglots,sed,3D,0.7,23.657229425479645,26.793951241902597,-3.136721816422952
TaskDec Robust model_8,parkinglots,sed,BEV,0.3,74.88067436404397,68.66446012317637,6.2162142408676
TaskDec Robust model_8,parkinglots,sed,BEV,0.5,58.12702637354425,55.84886359174085,2.2781627818033954
TaskDec Robust model_8,parkinglots,sed,BEV,0.7,28.54651178036024,33.3808202999792,-4.834308519618958
TaskDec Robust model_8,parkinglots,bus,3D,0.3,61.36263692532634,64.18320887248913,-2.82057194716279
TaskDec Robust model_8,parkinglots,bus,3D,0.5,34.175626060357764,38.036254785614894,-3.860628725257129
TaskDec Robust model_8,parkinglots,bus,3D,0.7,1.7388840923807467,9.73464209921206,-7.995758006831313
TaskDec Robust model_8,parkinglots,bus,BEV,0.3,64.90437612017828,66.88404536536319,-1.9796692451849083
TaskDec Robust model_8,parkinglots,bus,BEV,0.5,48.697093168786424,53.54145289851559,-4.844359729729163
TaskDec Robust model_8,parkinglots,bus,BEV,0.7,6.010697094141421,20.058069360882467,-14.047372266741046
TaskDec Robust model_8,shoulder,sed,3D,0.3,97.22555299610292,97.31850614334388,-0.09295314724096215
TaskDec Robust model_8,shoulder,sed,3D,0.5,94.52316212422724,94.58454349247377,-0.06138136824652918
TaskDec Robust model_8,shoulder,sed,3D,0.7,72.01338275446815,65.77405586677395,6.2393268876942045
TaskDec Robust model_8,shoulder,sed,BEV,0.3,99.7476188166249,99.8751358346124,-0.12751701798750048
TaskDec Robust model_8,shoulder,sed,BEV,0.5,99.6612764158387,97.45584458702352,2.205431828815179
TaskDec Robust model_8,shoulder,sed,BEV,0.7,90.81867859540932,91.51245419840147,-0.6937756029921474
TaskDec Robust model_8,shoulder,bus,3D,0.3,0.0,0.0,0.0
TaskDec Robust model_8,shoulder,bus,3D,0.5,0.0,0.0,0.0
TaskDec Robust model_8,shoulder,bus,3D,0.7,0.0,0.0,0.0
TaskDec Robust model_8,shoulder,bus,BEV,0.3,0.0,0.0,0.0
TaskDec Robust model_8,shoulder,bus,BEV,0.5,0.0,0.0,0.0
TaskDec Robust model_8,shoulder,bus,BEV,0.7,0.0,0.0,0.0
TaskDec Robust model_8,mountain,sed,3D,0.3,89.46667456495945,89.73177252636825,-0.2650979614087987
TaskDec Robust model_8,mountain,sed,3D,0.5,69.01314863102752,67.50128091242576,1.5118677186017635
TaskDec Robust model_8,mountain,sed,3D,0.7,8.925156512072679,13.183441358301417,-4.258284846228738
TaskDec Robust model_8,mountain,sed,BEV,0.3,92.1639613690718,92.32416645520637,-0.1602050861345674
TaskDec Robust model_8,mountain,sed,BEV,0.5,91.8477201021869,91.98190998465427,-0.13418988246736774
TaskDec Robust model_8,mountain,sed,BEV,0.7,76.12022351938221,70.3354366985676,5.7847868208146025
TaskDec Robust model_8,mountain,bus,3D,0.3,54.7522457450757,62.770121077896015,-8.017875332820317
TaskDec Robust model_8,mountain,bus,3D,0.5,48.93616640282899,58.63868998244516,-9.70252357961617
TaskDec Robust model_8,mountain,bus,3D,0.7,9.642648469798514,17.87936282457588,-8.236714354777368
TaskDec Robust model_8,mountain,bus,BEV,0.3,54.7522457450757,62.81632755638571,-8.064081811310011
TaskDec Robust model_8,mountain,bus,BEV,0.5,53.95787682010281,62.34393124720492,-8.38605442710211
TaskDec Robust model_8,mountain,bus,BEV,0.7,28.198891610515325,40.825571448391415,-12.62667983787609
TaskDec Robust model_8,university,sed,3D,0.3,69.71482229809985,72.46310754511738,-2.7482852470175345
TaskDec Robust model_8,university,sed,3D,0.5,44.825563670494326,43.654345636383454,1.171218034110872
TaskDec Robust model_8,university,sed,3D,0.7,3.6501235418033495,5.918686971946433,-2.2685634301430833
TaskDec Robust model_8,university,sed,BEV,0.3,70.33792151048114,75.05350307985908,-4.715581569377946
TaskDec Robust model_8,university,sed,BEV,0.5,66.30071309097198,68.77298567749861,-2.4722725865266284
TaskDec Robust model_8,university,sed,BEV,0.7,32.90058937632239,32.52734026072008,0.3732491156023059
TaskDec Robust model_8,university,bus,3D,0.3,0.0,0.0,0.0
TaskDec Robust model_8,university,bus,3D,0.5,0.0,0.0,0.0
TaskDec Robust model_8,university,bus,3D,0.7,0.0,0.0,0.0
TaskDec Robust model_8,university,bus,BEV,0.3,0.0,0.0,0.0
TaskDec Robust model_8,university,bus,BEV,0.5,0.0,0.0,0.0
TaskDec Robust model_8,university,bus,BEV,0.7,0.0,0.0,0.0
TaskDec Robust model_8,day,sed,3D,0.3,76.98094575478204,77.14190080374229,-0.16095504896024693
TaskDec Robust model_8,day,sed,3D,0.5,54.80057413448246,54.75598286987021,0.044591264612250825
TaskDec Robust model_8,day,sed,3D,0.7,11.389815851395333,12.594213477752811,-1.204397626357478
TaskDec Robust model_8,day,sed,BEV,0.3,79.63017864327006,79.83859234146277,-0.2084136981927145
TaskDec Robust model_8,day,sed,BEV,0.5,74.03454117521959,74.1060258863607,-0.07148471114111032
TaskDec Robust model_8,day,sed,BEV,0.7,45.35147919242672,45.140982188209506,0.21049700421721695
TaskDec Robust model_8,day,bus,3D,0.3,54.70867342497902,56.9292882026023,-2.2206147776232825
TaskDec Robust model_8,day,bus,3D,0.5,27.13911124627275,27.719277309777674,-0.5801660635049224
TaskDec Robust model_8,day,bus,3D,0.7,4.058133871308672,6.711469281739466,-2.6533354104307936
TaskDec Robust model_8,day,bus,BEV,0.3,58.511859440058544,60.21894965556813,-1.707090215509588
TaskDec Robust model_8,day,bus,BEV,0.5,44.10517623498275,44.76612474412965,-0.6609485091468983
TaskDec Robust model_8,day,bus,BEV,0.7,14.974547877345238,16.6243848839265,-1.6498370065812615
TaskDec Robust model_8,night,sed,3D,0.3,70.21062844873552,70.67299438396955,-0.4623659352340326
TaskDec Robust model_8,night,sed,3D,0.5,45.7901437812197,46.58593243169625,-0.7957886504765526
TaskDec Robust model_8,night,sed,3D,0.7,10.480493465077956,11.23791429710876,-0.7574208320308049
TaskDec Robust model_8,night,sed,BEV,0.3,73.51650834213319,73.91598674452821,-0.39947840239501886
TaskDec Robust model_8,night,sed,BEV,0.5,63.93929577996007,66.84370892725146,-2.904413147291386
TaskDec Robust model_8,night,sed,BEV,0.7,40.04250472314637,40.7247944433854,-0.6822897202390266
TaskDec Robust model_8,night,bus,3D,0.3,59.09280578596342,60.36562791309061,-1.272822127127192
TaskDec Robust model_8,night,bus,3D,0.5,34.952542713212424,36.95414581651178,-2.0016031032993595
TaskDec Robust model_8,night,bus,3D,0.7,9.03459969809214,11.795749564263,-2.761149866170859
TaskDec Robust model_8,night,bus,BEV,0.3,75.75656747928302,75.85685730060533,-0.10028982132230624
TaskDec Robust model_8,night,bus,BEV,0.5,59.67303687423947,62.501625521904444,-2.828588647664972
TaskDec Robust model_8,night,bus,BEV,0.7,23.49970098175184,25.94431296741182,-2.4446119856599786
TaskDec Robust model_8,normal,sed,3D,0.3,73.80185318873852,74.13846385475061,-0.336610666012092
TaskDec Robust model_8,normal,sed,3D,0.5,49.83673659929322,49.62937192191424,0.20736467737897613
TaskDec Robust model_8,normal,sed,3D,0.7,7.043406403209413,7.41858471823177,-0.37517831502235754
TaskDec Robust model_8,normal,sed,BEV,0.3,76.49397078980397,76.93696403582551,-0.442993246021544
TaskDec Robust model_8,normal,sed,BEV,0.5,70.28207426998738,70.65476501087757,-0.3726907408901923
TaskDec Robust model_8,normal,sed,BEV,0.7,37.17911192685928,36.37259408289393,0.8065178439653451
TaskDec Robust model_8,normal,bus,3D,0.3,50.36660201795495,53.28396691757169,-2.917364899616736
TaskDec Robust model_8,normal,bus,3D,0.5,22.35294523482205,23.932995588579942,-1.5800503537578905
TaskDec Robust model_8,normal,bus,3D,0.7,2.3133510904662207,5.728362594412192,-3.4150115039459714
TaskDec Robust model_8,normal,bus,BEV,0.3,56.14833324838061,57.35129446247801,-1.2029612140973995
TaskDec Robust model_8,normal,bus,BEV,0.5,35.8228834629163,36.91333613194176,-1.09045266902546
TaskDec Robust model_8,normal,bus,BEV,0.7,8.801477496376508,11.30274464241066,-2.5012671460341522
TaskDec Robust model_8,overcast,sed,3D,0.3,82.49171419634708,82.35468228208515,0.13703191426192518
TaskDec Robust model_8,overcast,sed,3D,0.5,56.875385207246055,53.37664815403531,3.4987370532107462
TaskDec Robust model_8,overcast,sed,3D,0.7,7.362174129882962,6.298901277641798,1.0632728522411634
TaskDec Robust model_8,overcast,sed,BEV,0.3,89.1816576395691,89.36570822189952,-0.18405058233042837
TaskDec Robust model_8,overcast,sed,BEV,0.5,81.74163583665779,81.98155331823098,-0.23991748157318682
TaskDec Robust model_8,overcast,sed,BEV,0.7,45.46139101570007,46.16740589274425,-0.7060148770441756
TaskDec Robust model_8,overcast,bus,3D,0.3,70.95992638079058,75.32582793213054,-4.3659015513399595
TaskDec Robust model_8,overcast,bus,3D,0.5,49.292056959256634,47.04012126011879,2.251935699137846
TaskDec Robust model_8,overcast,bus,3D,0.7,5.095436728571379,8.177121394765297,-3.081684666193919
TaskDec Robust model_8,overcast,bus,BEV,0.3,73.51451057884681,81.67069508532919,-8.156184506482376
TaskDec Robust model_8,overcast,bus,BEV,0.5,60.99170957641373,54.739976399475886,6.251733176937847
TaskDec Robust model_8,overcast,bus,BEV,0.7,19.820770470617934,21.953597635504902,-2.1328271648869688
TaskDec Robust model_8,fog,sed,3D,0.3,92.14223498496365,92.25503949710469,-0.11280451214103948
TaskDec Robust model_8,fog,sed,3D,0.5,80.30816966881682,80.54989713755023,-0.24172746873341566
TaskDec Robust model_8,fog,sed,3D,0.7,37.17277306931289,38.988782336889166,-1.816009267576277
TaskDec Robust model_8,fog,sed,BEV,0.3,94.78378298774011,94.91345109202213,-0.12966810428201825
TaskDec Robust model_8,fog,sed,BEV,0.5,94.64652924316657,94.78265074487796,-0.13612150171138637
TaskDec Robust model_8,fog,sed,BEV,0.7,82.50409696305086,79.65763412163979,2.8464628414110678
TaskDec Robust model_8,fog,bus,3D,0.3,0.0,0.0,0.0
TaskDec Robust model_8,fog,bus,3D,0.5,0.0,0.0,0.0
TaskDec Robust model_8,fog,bus,3D,0.7,0.0,0.0,0.0
TaskDec Robust model_8,fog,bus,BEV,0.3,0.0,0.0,0.0
TaskDec Robust model_8,fog,bus,BEV,0.5,0.0,0.0,0.0
TaskDec Robust model_8,fog,bus,BEV,0.7,0.0,0.0,0.0
TaskDec Robust model_8,rain,sed,3D,0.3,66.09514532307958,66.3666834828411,-0.2715381597615192
TaskDec Robust model_8,rain,sed,3D,0.5,47.77558850737087,46.85401943672793,0.9215690706429385
TaskDec Robust model_8,rain,sed,3D,0.7,16.68756522587172,17.18058831482299,-0.4930230889512721
TaskDec Robust model_8,rain,sed,BEV,0.3,69.03029064700704,69.15170618976515,-0.12141554275811473
TaskDec Robust model_8,rain,sed,BEV,0.5,61.659647254280394,62.269378265348685,-0.6097310110682912
TaskDec Robust model_8,rain,sed,BEV,0.7,44.0231103919287,43.52263057534297,0.5004798165857238
TaskDec Robust model_8,rain,bus,3D,0.3,3.6134137376659234,7.893203954541796,-4.279790216875872
TaskDec Robust model_8,rain,bus,3D,0.5,0.7247386759581882,2.4840301974448318,-1.7592915214866436
TaskDec Robust model_8,rain,bus,3D,0.7,0.0594883997620464,0.0,0.0594883997620464
TaskDec Robust model_8,rain,bus,BEV,0.3,3.6134137376659234,7.893203954541796,-4.279790216875872
TaskDec Robust model_8,rain,bus,BEV,0.5,1.240809009361163,7.893203954541796,-6.652394945180633
TaskDec Robust model_8,rain,bus,BEV,0.7,0.4878048780487805,0.7998099461514095,-0.31200506810262907
TaskDec Robust model_8,sleet,sed,3D,0.3,72.51168739778736,70.42968503556456,2.082002362222795
TaskDec Robust model_8,sleet,sed,3D,0.5,47.59800576718371,44.04536377990363,3.552641987280076
TaskDec Robust model_8,sleet,sed,3D,0.7,7.797772286010908,8.332399706694844,-0.5346274206839352
TaskDec Robust model_8,sleet,sed,BEV,0.3,76.46024513820993,74.00247266003682,2.457772478173112
TaskDec Robust model_8,sleet,sed,BEV,0.5,65.73288983698787,64.29971942503285,1.4331704119550182
TaskDec Robust model_8,sleet,sed,BEV,0.7,39.69151386449413,40.477166488231234,-0.7856526237371071
TaskDec Robust model_8,sleet,bus,3D,0.3,53.22033547335917,59.549548818902096,-6.329213345542925
TaskDec Robust model_8,sleet,bus,3D,0.5,37.18875563375033,38.831956170888624,-1.6432005371382914
TaskDec Robust model_8,sleet,bus,3D,0.7,3.5681202088067834,8.738664961928992,-5.170544753122208
TaskDec Robust model_8,sleet,bus,BEV,0.3,56.68349951556767,60.54280667676293,-3.859307161195261
TaskDec Robust model_8,sleet,bus,BEV,0.5,45.27038995494537,50.64507343794078,-5.374683482995408
TaskDec Robust model_8,sleet,bus,BEV,0.7,15.096964556927258,22.174883595120217,-7.0779190381929595
TaskDec Robust model_8,lightsnow,sed,3D,0.3,90.26859786625086,88.23847406405349,2.030123802197366
TaskDec Robust model_8,lightsnow,sed,3D,0.5,63.699360944265784,59.251436881905306,4.447924062360478
TaskDec Robust model_8,lightsnow,sed,3D,0.7,11.420026241527562,10.848713360826416,0.5713128807011465
TaskDec Robust model_8,lightsnow,sed,BEV,0.3,90.67571868743038,90.85357079684266,-0.17785210941228513
TaskDec Robust model_8,lightsnow,sed,BEV,0.5,90.08609635823257,87.9794133975015,2.1066829607310638
TaskDec Robust model_8,lightsnow,sed,BEV,0.7,67.76757929402518,67.89478918337454,-0.12720988934935917
TaskDec Robust model_8,lightsnow,bus,3D,0.3,90.38080305455533,88.25935219842833,2.121450856126998
TaskDec Robust model_8,lightsnow,bus,3D,0.5,74.77874914909103,70.81127016589451,3.9674789831965143
TaskDec Robust model_8,lightsnow,bus,3D,0.7,37.89561872115863,39.85807168093349,-1.9624529597748648
TaskDec Robust model_8,lightsnow,bus,BEV,0.3,94.79726426359369,94.46301987468712,0.33424438890656916
TaskDec Robust model_8,lightsnow,bus,BEV,0.5,88.99510344512782,91.02288067610948,-2.0277772309816555
TaskDec Robust model_8,lightsnow,bus,BEV,0.7,70.58323183637705,69.53403189422211,1.0491999421549423
TaskDec Robust model_8,heavysnow,sed,3D,0.3,63.75020991693734,63.60797021105265,0.14223970588468404
TaskDec Robust model_8,heavysnow,sed,3D,0.5,49.26331149456047,49.52424782762442,-0.2609363330639525
TaskDec Robust model_8,heavysnow,sed,3D,0.7,14.687762144903774,16.6205910527445,-1.9328289078407277
TaskDec Robust model_8,heavysnow,sed,BEV,0.3,66.08037707046245,63.89596450476439,2.1844125656980538
TaskDec Robust model_8,heavysnow,sed,BEV,0.5,61.366684588442865,61.279116602695694,0.08756798574717095
TaskDec Robust model_8,heavysnow,sed,BEV,0.7,39.39686452460515,42.616778269169906,-3.2199137445647565
TaskDec Robust model_8,heavysnow,bus,3D,0.3,67.70841146265994,68.20418622088357,-0.49577475822363226
TaskDec Robust model_8,heavysnow,bus,3D,0.5,32.351739340990434,32.550531908424915,-0.19879256743448082
TaskDec Robust model_8,heavysnow,bus,3D,0.7,7.766991098567737,7.825995971587418,-0.05900487301968127
TaskDec Robust model_8,heavysnow,bus,BEV,0.3,87.34995399677153,87.51376457522746,-0.16381057845592295
TaskDec Robust model_8,heavysnow,bus,BEV,0.5,79.59518803714654,79.69984775555656,-0.10465971841001931
TaskDec Robust model_8,heavysnow,bus,BEV,0.7,31.55649483450482,29.589559826906587,1.9669350075982344
DecControlled Strong resume model_16,all,sed,3D,0.3,74.41710604426504,74.97794695657676,-0.5608409123117184
DecControlled Strong resume model_16,all,sed,3D,0.5,51.77837719944193,52.09162529168767,-0.31324809224574324
DecControlled Strong resume model_16,all,sed,3D,0.7,12.007433654657923,11.854227787775777,0.15320586688214632
DecControlled Strong resume model_16,all,sed,BEV,0.3,77.26243862389002,77.84756800138433,-0.5851293774943116
DecControlled Strong resume model_16,all,sed,BEV,0.5,71.1914616667016,71.70175872066424,-0.5102970539626455
DecControlled Strong resume model_16,all,sed,BEV,0.7,44.58253300337848,43.2084463511566,1.3740866522218766
DecControlled Strong resume model_16,all,bus,3D,0.3,58.85080627317405,58.12835520133631,0.7224510718377388
DecControlled Strong resume model_16,all,bus,3D,0.5,32.27241957159417,31.055836725253055,1.2165828463411152
DecControlled Strong resume model_16,all,bus,3D,0.7,8.54388679022165,7.93057570170773,0.6133110885139201
DecControlled Strong resume model_16,all,bus,BEV,0.3,67.52803706938201,67.85341563441995,-0.32537856503793705
DecControlled Strong resume model_16,all,bus,BEV,0.5,50.0167962797181,53.20653519852178,-3.189738918803677
DecControlled Strong resume model_16,all,bus,BEV,0.7,21.75204947511881,20.853579642957946,0.8984698321608633
DecControlled Strong resume model_16,urban,sed,3D,0.3,77.79494876951136,78.21530346687796,-0.4203546973665908
DecControlled Strong resume model_16,urban,sed,3D,0.5,57.21193562877628,57.069269146190074,0.14266648258620762
DecControlled Strong resume model_16,urban,sed,3D,0.7,15.934206702292572,14.436119359295468,1.4980873429971044
DecControlled Strong resume model_16,urban,sed,BEV,0.3,80.79157759874718,81.14274190212569,-0.35116430337851057
DecControlled Strong resume model_16,urban,sed,BEV,0.5,74.29696381984051,74.76960621471763,-0.4726423948771128
DecControlled Strong resume model_16,urban,sed,BEV,0.7,50.87174156899087,50.836694047562126,0.03504752142874423
DecControlled Strong resume model_16,urban,bus,3D,0.3,90.04268164132323,86.24622015391492,3.7964614874083082
DecControlled Strong resume model_16,urban,bus,3D,0.5,54.10916757964019,45.14661479140337,8.96255278823682
DecControlled Strong resume model_16,urban,bus,3D,0.7,21.26573277904324,13.19080014789471,8.074932631148531
DecControlled Strong resume model_16,urban,bus,BEV,0.3,90.4510685533485,88.53903758982509,1.9120309635234207
DecControlled Strong resume model_16,urban,bus,BEV,0.5,84.06687678893636,82.30261788411943,1.764258904816927
DecControlled Strong resume model_16,urban,bus,BEV,0.7,45.569990690683085,38.80794482057661,6.762045870106476
DecControlled Strong resume model_16,highway,sed,3D,0.3,82.68462891435485,81.45046674612678,1.2341621682280675
DecControlled Strong resume model_16,highway,sed,3D,0.5,55.14086989237538,55.73026706875257,-0.5893971763771901
DecControlled Strong resume model_16,highway,sed,3D,0.7,5.373020708233182,6.244769341412074,-0.8717486331788926
DecControlled Strong resume model_16,highway,sed,BEV,0.3,85.41340503708165,84.34393180859784,1.069473228483801
DecControlled Strong resume model_16,highway,sed,BEV,0.5,79.36114021350596,78.05297775458348,1.3081624589224816
DecControlled Strong resume model_16,highway,sed,BEV,0.7,41.96339550892388,41.99861999751438,-0.03522448859050087
DecControlled Strong resume model_16,highway,bus,3D,0.3,56.00563775252409,56.79300374524857,-0.7873659927244816
DecControlled Strong resume model_16,highway,bus,3D,0.5,30.36230176241898,29.334711576873406,1.0275901855455736
DecControlled Strong resume model_16,highway,bus,3D,0.7,7.733774721817493,8.114078627460296,-0.38030390564280303
DecControlled Strong resume model_16,highway,bus,BEV,0.3,67.90469590956899,68.39847864916388,-0.4937827395948915
DecControlled Strong resume model_16,highway,bus,BEV,0.5,47.96792881798054,51.451891907410385,-3.4839630894298423
DecControlled Strong resume model_16,highway,bus,BEV,0.7,18.8103152591229,18.690332636240395,0.11998262288250316
DecControlled Strong resume model_16,countryside,sed,3D,0.3,62.17617737873782,65.56484751745663,-3.3886701387188083
DecControlled Strong resume model_16,countryside,sed,3D,0.5,32.776433359794794,43.50148816290062,-10.725054803105827
DecControlled Strong resume model_16,countryside,sed,3D,0.7,7.780107191202198,6.530115388438913,1.2499918027632848
DecControlled Strong resume model_16,countryside,sed,BEV,0.3,66.05582125153597,69.847527648194,-3.7917063966580287
DecControlled Strong resume model_16,countryside,sed,BEV,0.5,57.61966754580536,60.368185366711856,-2.7485178209064927
DecControlled Strong resume model_16,countryside,sed,BEV,0.7,24.310193851794793,27.25403185255677,-2.9438380007619784
DecControlled Strong resume model_16,countryside,bus,3D,0.3,31.424689851938055,32.68170426065163,-1.257014408713573
DecControlled Strong resume model_16,countryside,bus,3D,0.5,19.739588200479705,15.098722415795587,4.640865784684118
DecControlled Strong resume model_16,countryside,bus,3D,0.7,3.8233014724877292,1.9744483159117305,1.8488531565759987
DecControlled Strong resume model_16,countryside,bus,BEV,0.3,36.03589503616062,36.0397184999518,-0.0038234637911855884
DecControlled Strong resume model_16,countryside,bus,BEV,0.5,23.2461416713687,20.90592334494773,2.3402183264209704
DecControlled Strong resume model_16,countryside,bus,BEV,0.7,14.82055931172836,10.73170731707317,4.08885199465519
DecControlled Strong resume model_16,alleyway,sed,3D,0.3,38.176328016925595,39.07215294721143,-0.8958249302858334
DecControlled Strong resume model_16,alleyway,sed,3D,0.5,19.33166671697021,20.96564531014054,-1.6339785931703297
DecControlled Strong resume model_16,alleyway,sed,3D,0.7,4.439501100547603,4.01230981209457,0.42719128845303267
DecControlled Strong resume model_16,alleyway,sed,BEV,0.3,41.05668634873212,42.31873165539752,-1.2620453066653994
DecControlled Strong resume model_16,alleyway,sed,BEV,0.5,35.24454034344649,35.67898364381531,-0.4344433003688195
DecControlled Strong resume model_16,alleyway,sed,BEV,0.7,16.453786641733036,17.434291234731138,-0.980504592998102
DecControlled Strong resume model_16,alleyway,bus,3D,0.3,23.31868652230474,20.6062415028347,2.7124450194700422
DecControlled Strong resume model_16,alleyway,bus,3D,0.5,3.8567370091309012,4.523238120081736,-0.6665011109508345
DecControlled Strong resume model_16,alleyway,bus,3D,0.7,0.13066202090592333,0.0,0.13066202090592333
DecControlled Strong resume model_16,alleyway,bus,BEV,0.3,26.252393139531367,22.689073352107012,3.563319787424355
DecControlled Strong resume model_16,alleyway,bus,BEV,0.5,12.006761596967095,14.081002148461067,-2.074240551493972
DecControlled Strong resume model_16,alleyway,bus,BEV,0.7,1.6475528993700534,0.9161713465874155,0.731381552782638
DecControlled Strong resume model_16,parkinglots,sed,3D,0.3,70.02747102903444,66.40871747347634,3.6187535555581007
DecControlled Strong resume model_16,parkinglots,sed,3D,0.5,51.53373277272609,44.80865464908141,6.725078123644678
DecControlled Strong resume model_16,parkinglots,sed,3D,0.7,27.23043628780409,26.793951241902597,0.43648504590149173
DecControlled Strong resume model_16,parkinglots,sed,BEV,0.3,72.88699924887325,68.66446012317637,4.222539125696883
DecControlled Strong resume model_16,parkinglots,sed,BEV,0.5,62.34815818771001,55.84886359174085,6.499294595969161
DecControlled Strong resume model_16,parkinglots,sed,BEV,0.7,34.09393872780973,33.3808202999792,0.7131184278305298
DecControlled Strong resume model_16,parkinglots,bus,3D,0.3,66.89699149599112,64.18320887248913,2.7137826235019844
DecControlled Strong resume model_16,parkinglots,bus,3D,0.5,34.9636097474481,38.036254785614894,-3.0726450381667902
DecControlled Strong resume model_16,parkinglots,bus,3D,0.7,8.837327031389067,9.73464209921206,-0.8973150678229924
DecControlled Strong resume model_16,parkinglots,bus,BEV,0.3,67.70053158706644,66.88404536536319,0.8164862217032436
DecControlled Strong resume model_16,parkinglots,bus,BEV,0.5,47.58036303347482,53.54145289851559,-5.961089865040769
DecControlled Strong resume model_16,parkinglots,bus,BEV,0.7,14.44108433189275,20.058069360882467,-5.616985028989717
DecControlled Strong resume model_16,shoulder,sed,3D,0.3,97.3182107589215,97.31850614334388,-0.00029538442238674634
DecControlled Strong resume model_16,shoulder,sed,3D,0.5,94.59107817873254,94.58454349247377,0.006534686258774514
DecControlled Strong resume model_16,shoulder,sed,3D,0.7,78.00392757553976,65.77405586677395,12.229871708765813
DecControlled Strong resume model_16,shoulder,sed,BEV,0.3,99.8183684283514,99.8751358346124,-0.056767406260988196
DecControlled Strong resume model_16,shoulder,sed,BEV,0.5,99.75712298854528,97.45584458702352,2.3012784015217562
DecControlled Strong resume model_16,shoulder,sed,BEV,0.7,90.50389287064085,91.51245419840147,-1.0085613277606171
DecControlled Strong resume model_16,shoulder,bus,3D,0.3,0.0,0.0,0.0
DecControlled Strong resume model_16,shoulder,bus,3D,0.5,0.0,0.0,0.0
DecControlled Strong resume model_16,shoulder,bus,3D,0.7,0.0,0.0,0.0
DecControlled Strong resume model_16,shoulder,bus,BEV,0.3,0.0,0.0,0.0
DecControlled Strong resume model_16,shoulder,bus,BEV,0.5,0.0,0.0,0.0
DecControlled Strong resume model_16,shoulder,bus,BEV,0.7,0.0,0.0,0.0
DecControlled Strong resume model_16,mountain,sed,3D,0.3,89.21655920500139,89.73177252636825,-0.5152133213668577
DecControlled Strong resume model_16,mountain,sed,3D,0.5,65.39506764821277,67.50128091242576,-2.1062132642129825
DecControlled Strong resume model_16,mountain,sed,3D,0.7,9.949783575773656,13.183441358301417,-3.233657782527761
DecControlled Strong resume model_16,mountain,sed,BEV,0.3,92.1060832500706,92.32416645520637,-0.21808320513576973
DecControlled Strong resume model_16,mountain,sed,BEV,0.5,91.58915922251974,91.98190998465427,-0.39275076213452564
DecControlled Strong resume model_16,mountain,sed,BEV,0.7,70.67223166682435,70.3354366985676,0.33679496825673993
DecControlled Strong resume model_16,mountain,bus,3D,0.3,62.86632976683495,62.770121077896015,0.09620868893893686
DecControlled Strong resume model_16,mountain,bus,3D,0.5,56.131651500807614,58.63868998244516,-2.5070384816375437
DecControlled Strong resume model_16,mountain,bus,3D,0.7,11.76861274896786,17.87936282457588,-6.110750075608022
DecControlled Strong resume model_16,mountain,bus,BEV,0.3,63.27329045657708,62.81632755638571,0.4569629001913711
DecControlled Strong resume model_16,mountain,bus,BEV,0.5,62.1178123241547,62.34393124720492,-0.22611892305022252
DecControlled Strong resume model_16,mountain,bus,BEV,0.7,38.18658147060148,40.825571448391415,-2.638989977789933
DecControlled Strong resume model_16,university,sed,3D,0.3,69.64396954907247,72.46310754511738,-2.8191379960449154
DecControlled Strong resume model_16,university,sed,3D,0.5,42.77253107976731,43.654345636383454,-0.8818145566161419
DecControlled Strong resume model_16,university,sed,3D,0.7,4.956425228639755,5.918686971946433,-0.9622617433066774
DecControlled Strong resume model_16,university,sed,BEV,0.3,70.2169186870731,75.05350307985908,-4.83658439278598
DecControlled Strong resume model_16,university,sed,BEV,0.5,66.12058965020974,68.77298567749861,-2.652396027288873
DecControlled Strong resume model_16,university,sed,BEV,0.7,31.632611676174747,32.52734026072008,-0.8947285845453337
DecControlled Strong resume model_16,university,bus,3D,0.3,0.0,0.0,0.0
DecControlled Strong resume model_16,university,bus,3D,0.5,0.0,0.0,0.0
DecControlled Strong resume model_16,university,bus,3D,0.7,0.0,0.0,0.0
DecControlled Strong resume model_16,university,bus,BEV,0.3,0.0,0.0,0.0
DecControlled Strong resume model_16,university,bus,BEV,0.5,0.0,0.0,0.0
DecControlled Strong resume model_16,university,bus,BEV,0.7,0.0,0.0,0.0
DecControlled Strong resume model_16,day,sed,3D,0.3,76.5949891241575,77.14190080374229,-0.5469116795847953
DecControlled Strong resume model_16,day,sed,3D,0.5,54.59883972728898,54.75598286987021,-0.1571431425812264
DecControlled Strong resume model_16,day,sed,3D,0.7,12.780386223072385,12.594213477752811,0.18617274531957406
DecControlled Strong resume model_16,day,sed,BEV,0.3,79.22838069541598,79.83859234146277,-0.6102116460467926
DecControlled Strong resume model_16,day,sed,BEV,0.5,73.67943385347405,74.1060258863607,-0.4265920328866457
DecControlled Strong resume model_16,day,sed,BEV,0.7,45.10550971859673,45.140982188209506,-0.0354724696127775
DecControlled Strong resume model_16,day,bus,3D,0.3,56.03390550311271,56.9292882026023,-0.8953826994895877
DecControlled Strong resume model_16,day,bus,3D,0.5,27.596820230981844,27.719277309777674,-0.12245707879582923
DecControlled Strong resume model_16,day,bus,3D,0.7,4.979304833284625,6.711469281739466,-1.7321644484548404
DecControlled Strong resume model_16,day,bus,BEV,0.3,59.978523942068705,60.21894965556813,-0.24042571349942676
DecControlled Strong resume model_16,day,bus,BEV,0.5,43.713429927649685,44.76612474412965,-1.0526948164799634
DecControlled Strong resume model_16,day,bus,BEV,0.7,15.83271052339555,16.6243848839265,-0.7916743605309495
DecControlled Strong resume model_16,night,sed,3D,0.3,70.05066843131596,70.67299438396955,-0.6223259526535969
DecControlled Strong resume model_16,night,sed,3D,0.5,45.98536467963124,46.58593243169625,-0.600567752065011
DecControlled Strong resume model_16,night,sed,3D,0.7,11.158706788595806,11.23791429710876,-0.07920750851295466
DecControlled Strong resume model_16,night,sed,BEV,0.3,73.32598291207111,73.91598674452821,-0.5900038324571
DecControlled Strong resume model_16,night,sed,BEV,0.5,66.12340140871807,66.84370892725146,-0.7203075185333887
DecControlled Strong resume model_16,night,sed,BEV,0.7,41.92894515004289,40.7247944433854,1.2041507066574937
DecControlled Strong resume model_16,night,bus,3D,0.3,62.43327614218631,60.36562791309061,2.0676482290956955
DecControlled Strong resume model_16,night,bus,3D,0.5,38.387574946732435,36.95414581651178,1.4334291302206523
DecControlled Strong resume model_16,night,bus,3D,0.7,15.548114622216955,11.795749564263,3.7523650579539556
DecControlled Strong resume model_16,night,bus,BEV,0.3,75.87605959039406,75.85685730060533,0.019202289788736948
DecControlled Strong resume model_16,night,bus,BEV,0.5,59.052303328863,62.501625521904444,-3.4493221930414464
DecControlled Strong resume model_16,night,bus,BEV,0.7,29.05253842552006,25.94431296741182,3.1082254581082402
DecControlled Strong resume model_16,normal,sed,3D,0.3,73.19493059644492,74.13846385475061,-0.9435332583056919
DecControlled Strong resume model_16,normal,sed,3D,0.5,49.0207983500015,49.62937192191424,-0.6085735719127428
DecControlled Strong resume model_16,normal,sed,3D,0.7,6.8357332793012535,7.41858471823177,-0.5828514389305166
DecControlled Strong resume model_16,normal,sed,BEV,0.3,75.89907523874115,76.93696403582551,-1.0378887970843635
DecControlled Strong resume model_16,normal,sed,BEV,0.5,69.83680234653323,70.65476501087757,-0.8179626643443356
DecControlled Strong resume model_16,normal,sed,BEV,0.7,35.95616421195353,36.37259408289393,-0.41642987094040507
DecControlled Strong resume model_16,normal,bus,3D,0.3,51.330562038845585,53.28396691757169,-1.9534048787261042
DecControlled Strong resume model_16,normal,bus,3D,0.5,22.69891340984596,23.932995588579942,-1.2340821787339813
DecControlled Strong resume model_16,normal,bus,3D,0.7,2.962586701065215,5.728362594412192,-2.765775893346977
DecControlled Strong resume model_16,normal,bus,BEV,0.3,55.70942405324454,57.35129446247801,-1.6418704092334693
DecControlled Strong resume model_16,normal,bus,BEV,0.5,34.379707245021166,36.91333613194176,-2.533628886920596
DecControlled Strong resume model_16,normal,bus,BEV,0.7,8.878543968622836,11.30274464241066,-2.4242006737878246
DecControlled Strong resume model_16,overcast,sed,3D,0.3,82.25551425146497,82.35468228208515,-0.0991680306201772
DecControlled Strong resume model_16,overcast,sed,3D,0.5,59.56100860537374,53.37664815403531,6.184360451338435
DecControlled Strong resume model_16,overcast,sed,3D,0.7,7.102524339119859,6.298901277641798,0.8036230614780608
DecControlled Strong resume model_16,overcast,sed,BEV,0.3,88.96698944216025,89.36570822189952,-0.3987187797392693
DecControlled Strong resume model_16,overcast,sed,BEV,0.5,82.34385534108216,81.98155331823098,0.36230202285118196
DecControlled Strong resume model_16,overcast,sed,BEV,0.7,46.13061141188883,46.16740589274425,-0.03679448085541992
DecControlled Strong resume model_16,overcast,bus,3D,0.3,70.64115457863981,75.32582793213054,-4.684673353490723
DecControlled Strong resume model_16,overcast,bus,3D,0.5,45.107248719928705,47.04012126011879,-1.9328725401900826
DecControlled Strong resume model_16,overcast,bus,3D,0.7,4.937997338298369,8.177121394765297,-3.2391240564669284
DecControlled Strong resume model_16,overcast,bus,BEV,0.3,70.8631781729109,81.67069508532919,-10.80751691241828
DecControlled Strong resume model_16,overcast,bus,BEV,0.5,54.15067524773443,54.739976399475886,-0.5893011517414521
DecControlled Strong resume model_16,overcast,bus,BEV,0.7,13.177171096893318,21.953597635504902,-8.776426538611585
DecControlled Strong resume model_16,fog,sed,3D,0.3,92.09593833753804,92.25503949710469,-0.15910115956664583
DecControlled Strong resume model_16,fog,sed,3D,0.5,80.1214804145816,80.54989713755023,-0.42841672296863464
DecControlled Strong resume model_16,fog,sed,3D,0.7,43.258352495469374,38.988782336889166,4.269570158580208
DecControlled Strong resume model_16,fog,sed,BEV,0.3,94.79426383812331,94.91345109202213,-0.11918725389881502
DecControlled Strong resume model_16,fog,sed,BEV,0.5,94.59607354984213,94.78265074487796,-0.1865771950358237
DecControlled Strong resume model_16,fog,sed,BEV,0.7,79.10589825765013,79.65763412163979,-0.5517358639896628
DecControlled Strong resume model_16,fog,bus,3D,0.3,0.0,0.0,0.0
DecControlled Strong resume model_16,fog,bus,3D,0.5,0.0,0.0,0.0
DecControlled Strong resume model_16,fog,bus,3D,0.7,0.0,0.0,0.0
DecControlled Strong resume model_16,fog,bus,BEV,0.3,0.0,0.0,0.0
DecControlled Strong resume model_16,fog,bus,BEV,0.5,0.0,0.0,0.0
DecControlled Strong resume model_16,fog,bus,BEV,0.7,0.0,0.0,0.0
DecControlled Strong resume model_16,rain,sed,3D,0.3,68.02071586439273,66.3666834828411,1.6540323815516302
DecControlled Strong resume model_16,rain,sed,3D,0.5,47.80881393935882,46.85401943672793,0.9547945026308895
DecControlled Strong resume model_16,rain,sed,3D,0.7,17.78888626984778,17.18058831482299,0.6082979550247885
DecControlled Strong resume model_16,rain,sed,BEV,0.3,70.96346371329408,69.15170618976515,1.8117575235289252
DecControlled Strong resume model_16,rain,sed,BEV,0.5,63.79816917923269,62.269378265348685,1.5287909138840021
DecControlled Strong resume model_16,rain,sed,BEV,0.7,45.25475994273276,43.52263057534297,1.7321293673897884
DecControlled Strong resume model_16,rain,bus,3D,0.3,10.102607160960568,7.893203954541796,2.2094032064187727
DecControlled Strong resume model_16,rain,bus,3D,0.5,5.687910156711418,2.4840301974448318,3.203879959266586
DecControlled Strong resume model_16,rain,bus,3D,0.7,0.31582238899312065,0.0,0.31582238899312065
DecControlled Strong resume model_16,rain,bus,BEV,0.3,10.102607160960568,7.893203954541796,2.2094032064187727
DecControlled Strong resume model_16,rain,bus,BEV,0.5,8.757056424762116,7.893203954541796,0.8638524702203201
DecControlled Strong resume model_16,rain,bus,BEV,0.7,4.3959315123133065,0.7998099461514095,3.596121566161897
DecControlled Strong resume model_16,sleet,sed,3D,0.3,70.5058377659203,70.42968503556456,0.07615273035574432
DecControlled Strong resume model_16,sleet,sed,3D,0.5,47.52719685990971,44.04536377990363,3.4818330800060764
DecControlled Strong resume model_16,sleet,sed,3D,0.7,8.053209946570258,8.332399706694844,-0.2791897601245861
DecControlled Strong resume model_16,sleet,sed,BEV,0.3,75.78142057467612,74.00247266003682,1.7789479146393035
DecControlled Strong resume model_16,sleet,sed,BEV,0.5,64.50586074152505,64.29971942503285,0.20614131649220724
DecControlled Strong resume model_16,sleet,sed,BEV,0.7,40.2900057940136,40.477166488231234,-0.18716069421763137
DecControlled Strong resume model_16,sleet,bus,3D,0.3,60.46701946985312,59.549548818902096,0.9174706509510244
DecControlled Strong resume model_16,sleet,bus,3D,0.5,39.61275829296241,38.831956170888624,0.7808021220737871
DecControlled Strong resume model_16,sleet,bus,3D,0.7,8.02475296800694,8.738664961928992,-0.7139119939220517
DecControlled Strong resume model_16,sleet,bus,BEV,0.3,61.62629878520233,60.54280667676293,1.0834921084394011
DecControlled Strong resume model_16,sleet,bus,BEV,0.5,47.518717325416056,50.64507343794078,-3.126356112524725
DecControlled Strong resume model_16,sleet,bus,BEV,0.7,21.30196621115147,22.174883595120217,-0.8729173839687476
DecControlled Strong resume model_16,lightsnow,sed,3D,0.3,89.85023512656396,88.23847406405349,1.6117610625104675
DecControlled Strong resume model_16,lightsnow,sed,3D,0.5,60.64855219653415,59.251436881905306,1.3971153146288415
DecControlled Strong resume model_16,lightsnow,sed,3D,0.7,12.803169488682625,10.848713360826416,1.9544561278562096
DecControlled Strong resume model_16,lightsnow,sed,BEV,0.3,92.3590598620779,90.85357079684266,1.5054890652352384
DecControlled Strong resume model_16,lightsnow,sed,BEV,0.5,89.48447423536268,87.9794133975015,1.5050608378611798
DecControlled Strong resume model_16,lightsnow,sed,BEV,0.7,66.95821206190651,67.89478918337454,-0.9365771214680336
DecControlled Strong resume model_16,lightsnow,bus,3D,0.3,86.99798114964014,88.25935219842833,-1.2613710487881917
DecControlled Strong resume model_16,lightsnow,bus,3D,0.5,74.4395077789894,70.81127016589451,3.628237613094882
DecControlled Strong resume model_16,lightsnow,bus,3D,0.7,43.799976132468124,39.85807168093349,3.941904451534633
DecControlled Strong resume model_16,lightsnow,bus,BEV,0.3,94.58751500161885,94.46301987468712,0.12449512693173403
DecControlled Strong resume model_16,lightsnow,bus,BEV,0.5,88.7321594870124,91.02288067610948,-2.290721189097084
DecControlled Strong resume model_16,lightsnow,bus,BEV,0.7,73.15651905088382,69.53403189422211,3.6224871566617054
DecControlled Strong resume model_16,heavysnow,sed,3D,0.3,63.64372592013062,63.60797021105265,0.03575570907796788
DecControlled Strong resume model_16,heavysnow,sed,3D,0.5,50.03344323305918,49.52424782762442,0.5091954054347596
DecControlled Strong resume model_16,heavysnow,sed,3D,0.7,17.654384572921806,16.6205910527445,1.033793520177305
DecControlled Strong resume model_16,heavysnow,sed,BEV,0.3,66.0166578895326,63.89596450476439,2.1206933847682023
DecControlled Strong resume model_16,heavysnow,sed,BEV,0.5,63.16631199496562,61.279116602695694,1.8871953922699234
DecControlled Strong resume model_16,heavysnow,sed,BEV,0.7,43.601763904076805,42.616778269169906,0.9849856349068986
DecControlled Strong resume model_16,heavysnow,bus,3D,0.3,71.06371103100585,68.20418622088357,2.8595248101222808
DecControlled Strong resume model_16,heavysnow,bus,3D,0.5,35.56906655416071,32.550531908424915,3.018534645735798
DecControlled Strong resume model_16,heavysnow,bus,3D,0.7,13.503677161734743,7.825995971587418,5.677681190147324
DecControlled Strong resume model_16,heavysnow,bus,BEV,0.3,89.58461599457982,87.51376457522746,2.0708514193523655
DecControlled Strong resume model_16,heavysnow,bus,BEV,0.5,77.7233049554701,79.69984775555656,-1.976542800086463
DecControlled Strong resume model_16,heavysnow,bus,BEV,0.7,31.527983644782548,29.589559826906587,1.938423817875961
