weather,feature,pair,centering,seed,pairs,matched,mismatched,gap
all,raw,C-L,uncentered,260923,8406,-0.03321101570446398,-0.03903499912173242,0.005823983417268445
all,raw,C-L,weather_centered,260923,8406,0.13878556811420922,-0.014552095008575804,0.15333766312278507
all,raw,C-R,uncentered,260923,8406,-0.41024737089766344,-0.4159682286347884,0.005720857737124935
all,raw,C-R,weather_centered,260923,8406,0.17420824863683473,-0.02035447664370166,0.19456272528053642
all,raw,L-R,uncentered,260923,8406,0.4354507228421049,0.416919845912817,0.0185308769292879
all,raw,L-R,weather_centered,260923,8406,0.37230207085742506,-0.047922799573803875,0.4202248704312289
all,shared,C-L,uncentered,260923,8406,0.9792230715379596,0.9792230362806833,3.5257276510649666e-08
all,shared,C-L,weather_centered,260923,8406,0.013259754199125074,0.00045539792867949,0.012804356270445585
all,shared,C-R,uncentered,260923,8406,0.9702258659675714,0.9702349675122516,-9.10154467997974e-06
all,shared,C-R,weather_centered,260923,8406,-0.005273051778076889,0.003396087253298426,-0.008669139031375317
all,shared,L-R,uncentered,260923,8406,0.9876875307720191,0.9871390193307045,0.0005485114413146052
all,shared,L-R,weather_centered,260923,8406,0.1449801854397311,-0.014636950719773272,0.15961713615950435
all,specific,C-L,uncentered,260923,8406,0.45373863070538567,0.4540903712811889,-0.00035174057580324847
all,specific,C-L,weather_centered,260923,8406,-0.019732969111739673,0.0017687296217844093,-0.021501698733524085
all,specific,C-R,uncentered,260923,8406,0.6733041015130807,0.6733123173690349,-8.215855954047124e-06
all,specific,C-R,weather_centered,260923,8406,-0.001635258708046832,-0.0007281836532383917,-0.0009070750548084394
all,specific,L-R,uncentered,260923,8406,0.4453457323781243,0.4447468185804507,0.0005989137976736316
all,specific,L-R,weather_centered,260923,8406,0.013133613188519556,-0.00025188516011274726,0.013385498348632304
all,raw,C-L,uncentered,260924,8268,-0.03319931787754533,-0.039017889970905266,0.005818572093359939
all,raw,C-L,weather_centered,260924,8268,0.1405498831447807,-0.012903450046764471,0.15345333319154514
all,raw,C-R,uncentered,260924,8268,-0.4102591503765118,-0.41590462430569053,0.005645473929178697
all,raw,C-R,weather_centered,260924,8268,0.17415256013207983,-0.01739692894903748,0.19154948908111727
all,raw,L-R,uncentered,260924,8268,0.43553493466308413,0.416966515069568,0.018568419593516176
all,raw,L-R,weather_centered,260924,8268,0.3737593569200768,-0.0413698541286231,0.41512921104869993
all,shared,C-L,uncentered,260924,8268,0.9792362757680246,0.9792170880699838,1.9187698041057602e-05
all,shared,C-L,weather_centered,260924,8268,0.014065459930121683,-0.00015313921927023478,0.014218599149391914
all,shared,C-R,uncentered,260924,8268,0.970207538041095,0.9702461631502408,-3.862510914572345e-05
all,shared,C-R,weather_centered,260924,8268,-0.005506281294787778,0.004477962884932501,-0.009984244179720282
all,shared,L-R,uncentered,260924,8268,0.9876773899000526,0.9871388896850041,0.0005385002150485454
all,shared,L-R,weather_centered,260924,8268,0.14979829871715364,-0.0085630120821754,0.15836131079932902
all,specific,C-L,uncentered,260924,8268,0.4538086335327061,0.45370077981394946,0.00010785371875662621
all,specific,C-L,weather_centered,260924,8268,-0.019626146628692002,0.0019228974783940616,-0.021549044107086066
all,specific,C-R,uncentered,260924,8268,0.6732248113727669,0.6733557367315048,-0.0001309253587378429
all,specific,C-R,weather_centered,260924,8268,-0.0011698429659864713,0.0005300496112812739,-0.0016998925772677466
all,specific,L-R,uncentered,260924,8268,0.44541369922986385,0.4448882977093922,0.000525401520471663
all,specific,L-R,weather_centered,260924,8268,0.013708340408247966,0.0014069820873782101,0.012301358320869754
all,raw,C-L,uncentered,260925,8326,-0.033301720028554936,-0.03871768585287107,0.00541596582431612
all,raw,C-L,weather_centered,260925,8326,0.1389664576392916,-0.005573054282093832,0.14453951192138548
all,raw,C-R,uncentered,260925,8326,-0.4104370568646777,-0.4157946705563977,0.005357613691720008
all,raw,C-R,weather_centered,260925,8326,0.174789292755781,-0.014108690247448423,0.18889798300322944
all,raw,L-R,uncentered,260925,8326,0.4354422836290627,0.41718828187350565,0.018254001755557005
all,raw,L-R,weather_centered,260925,8326,0.3736371341131685,-0.0405207112484984,0.4141578453616669
all,shared,C-L,uncentered,260925,8326,0.9792403480828764,0.9792137004901224,2.664759275403037e-05
all,shared,C-L,weather_centered,260925,8326,0.014334183250015935,7.488697700024008e-05,0.014259296273015696
all,shared,C-R,uncentered,260925,8326,0.970298604149665,0.9702692094567676,2.9394692897392237e-05
all,shared,C-R,weather_centered,260925,8326,-0.005199397765699784,0.00437237461194364,-0.009571772377643423
all,shared,L-R,uncentered,260925,8326,0.987743512367694,0.9871576995622412,0.0005858128054528769
all,shared,L-R,weather_centered,260925,8326,0.1506622794832631,-0.022599044163529678,0.17326132364679275
all,specific,C-L,uncentered,260925,8326,0.45377571348335816,0.45326923348879017,0.0005064799945679412
all,specific,C-L,weather_centered,260925,8326,-0.019596765632449564,0.0027634302335539586,-0.022360195866003525
all,specific,C-R,uncentered,260925,8326,0.6735142042939908,0.6734433129135022,7.089138048860859e-05
all,specific,C-R,weather_centered,260925,8326,-0.0017054019073788572,7.652310075444771e-05,-0.0017819250081333048
all,specific,L-R,uncentered,260925,8326,0.44549584356327127,0.44491425675168667,0.0005815868115846257
all,specific,L-R,weather_centered,260925,8326,0.01459842445027749,0.00013916832522795785,0.014459256125049532
all,raw,C-L,uncentered,260926,8374,-0.033061069553400754,-0.038766410353812834,0.005705340800412078
all,raw,C-L,weather_centered,260926,8374,0.14042515789828466,-0.009045184729852409,0.1494703426281371
all,raw,C-R,uncentered,260926,8374,-0.4100820237676798,-0.4158572601597337,0.005775236392053769
all,raw,C-R,weather_centered,260926,8374,0.17478627814493572,-0.01906969216608164,0.1938559703110174
all,raw,L-R,uncentered,260926,8374,0.43541373690468177,0.41745056150167936,0.01796317540300246
all,raw,L-R,weather_centered,260926,8374,0.37036248749238576,-0.041613929136199136,0.4119764166285849
all,shared,C-L,uncentered,260926,8374,0.9791999794126034,0.9791898961581005,1.008325450288128e-05
all,shared,C-L,weather_centered,260926,8374,0.014035253382415694,-0.0016553578560642612,0.015690611238479955
all,shared,C-R,uncentered,260926,8374,0.9701214443122467,0.9701886294884399,-6.718517619311031e-05
all,shared,C-R,weather_centered,260926,8374,-0.004245446818920199,0.00046035272266642906,-0.004705799541586626
all,shared,L-R,uncentered,260926,8374,0.9876879558944773,0.987120805202704,0.0005671506917731954
all,shared,L-R,weather_centered,260926,8374,0.15165988246353868,-0.00935368157760209,0.16101356404114078
all,specific,C-L,uncentered,260926,8374,0.45464909566346956,0.4537000364778503,0.0009490591856193265
all,specific,C-L,weather_centered,260926,8374,-0.019523096655697063,0.0014448890540601769,-0.020967985709757237
all,specific,C-R,uncentered,260926,8374,0.6731282466820556,0.6732301708822386,-0.0001019242001831284
all,specific,C-R,weather_centered,260926,8374,-0.0011407983637443024,-0.001903156487008086,0.0007623581232637832
all,specific,L-R,uncentered,260926,8374,0.4461832384967382,0.4455656921934686,0.0006175463032696251
all,specific,L-R,weather_centered,260926,8374,0.014280621554745887,0.002478777045989913,0.011801844508755972
all,raw,C-L,uncentered,260927,8302,-0.03309641877765328,-0.038713057591185235,0.0056166388135319495
all,raw,C-L,weather_centered,260927,8302,0.14133386971224635,-0.005481967455238696,0.146815837167485
all,raw,C-R,uncentered,260927,8302,-0.41015334154330507,-0.41575429147615744,0.005600949932852405
all,raw,C-R,weather_centered,260927,8302,0.174997995919979,-0.015754642938799898,0.19075263885877888
all,raw,L-R,uncentered,260927,8302,0.43570235774127347,0.4174442184999969,0.01825813924127649
all,raw,L-R,weather_centered,260927,8302,0.37350133639532673,-0.04425121976499966,0.4177525561603263
all,shared,C-L,uncentered,260927,8302,0.9792015131664005,0.9791953201266986,6.193039701957116e-06
all,shared,C-L,weather_centered,260927,8302,0.013637174959797705,0.0008195718544732299,0.012817603105324475
all,shared,C-R,uncentered,260927,8302,0.9702118795807751,0.9702644471622064,-5.2567581431173065e-05
all,shared,C-R,weather_centered,260927,8302,-0.0043241560433721704,0.0010958627804209154,-0.0054200188237930845
all,shared,L-R,uncentered,260927,8302,0.9877004387054953,0.9871505174697613,0.0005499212357337755
all,shared,L-R,weather_centered,260927,8302,0.1502712403549684,-0.015732542738589556,0.16600378309355793
all,specific,C-L,uncentered,260927,8302,0.4528983071159462,0.4528755622216282,2.2744894318035278e-05
all,specific,C-L,weather_centered,260927,8302,-0.019258829804992043,0.001861392686023272,-0.02112022249101531
all,specific,C-R,uncentered,260927,8302,0.6732862973461253,0.6734097273161337,-0.00012342997000830606
all,specific,C-R,weather_centered,260927,8302,-0.0009736851896832894,-0.0021783145295640022,0.001204629339880713
all,specific,L-R,uncentered,260927,8302,0.44459300972130283,0.4439737317205399,0.0006192780007629126
all,specific,L-R,weather_centered,260927,8302,0.013535640310093834,0.0025625054814701147,0.010973134828623717
all,raw,C-L,uncentered,260928,8386,-0.033222471964099984,-0.03877805146849993,0.005555579504399943
all,raw,C-L,weather_centered,260928,8386,0.1403474838367699,-0.003034687537855959,0.14338217137462583
all,raw,C-R,uncentered,260928,8386,-0.4101206775774501,-0.41590368421559143,0.005783006638141354
all,raw,C-R,weather_centered,260928,8386,0.1753287933986566,-0.016246922386094338,0.1915757157847509
all,raw,L-R,uncentered,260928,8386,0.4355834284299257,0.4171965601202541,0.01838686830967163
all,raw,L-R,weather_centered,260928,8386,0.37309507474994485,-0.039717163896640796,0.41281223864658567
all,shared,C-L,uncentered,260928,8386,0.9792126368953891,0.979211141597152,1.495298237340862e-06
all,shared,C-L,weather_centered,260928,8386,0.014657361044374427,-0.0015461498694626177,0.016203510913837045
all,shared,C-R,uncentered,260928,8386,0.9701559602861544,0.9702482847932574,-9.232450710312103e-05
all,shared,C-R,weather_centered,260928,8386,-0.004569196768093317,0.0023217944266561283,-0.006890991194749444
all,shared,L-R,uncentered,260928,8386,0.9876803551069747,0.9871501480025319,0.000530207104442759
all,shared,L-R,weather_centered,260928,8386,0.14794951447107296,-0.008306797042402836,0.15625631151347583
all,specific,C-L,uncentered,260928,8386,0.4533763580854543,0.4533872091934238,-1.0851107969601447e-05
all,specific,C-L,weather_centered,260928,8386,-0.01951431185817464,0.0028723713803170624,-0.0223866832384917
all,specific,C-R,uncentered,260928,8386,0.6731738708108855,0.6733848544437914,-0.00021098363290572068
all,specific,C-R,weather_centered,260928,8386,-0.001139797000718355,-0.0002354900993825381,-0.0009043069013358165
all,specific,L-R,uncentered,260928,8386,0.4449882569552557,0.444487737841044,0.0005005191142116555
all,specific,L-R,weather_centered,260928,8386,0.01293356379283936,0.0025714937926070622,0.0103620700002323
all,raw,C-L,uncentered,260929,8333,-0.03329027338183258,-0.03879067680511337,0.0055004034232807855
all,raw,C-L,weather_centered,260929,8333,0.14127531287831352,-0.005310666369384656,0.1465859792476982
all,raw,C-R,uncentered,260929,8333,-0.41018816049536716,-0.41571630875354393,0.0055281482581767205
all,raw,C-R,weather_centered,260929,8333,0.17605109295605176,-0.01413720602023349,0.19018829897628528
all,raw,L-R,uncentered,260929,8333,0.435384847252967,0.417390080932481,0.017994766320486032
all,raw,L-R,weather_centered,260929,8333,0.3748454980524911,-0.04093798089811449,0.4157834789506057
all,shared,C-L,uncentered,260929,8333,0.9791995298068176,0.9791942546673066,5.275139510974309e-06
all,shared,C-L,weather_centered,260929,8333,0.01422819575491455,-0.0006173530932283614,0.014845548848142912
all,shared,C-R,uncentered,260929,8333,0.9702097993887542,0.9702354412023502,-2.5641813595971834e-05
all,shared,C-R,weather_centered,260929,8333,-0.004824985244647768,0.0009763866459230353,-0.005801371890570802
all,shared,L-R,uncentered,260929,8333,0.9877163701504689,0.9872062523844064,0.0005101177660625192
all,shared,L-R,weather_centered,260929,8333,0.14952558338605465,-0.005987285717663779,0.15551286910371845
all,specific,C-L,uncentered,260929,8333,0.4526002993788115,0.4527280529829543,-0.0001277536041428105
all,specific,C-L,weather_centered,260929,8333,-0.02006557351091287,0.000556651541476059,-0.02062222505238893
all,specific,C-R,uncentered,260929,8333,0.6733324542627896,0.6733631052973101,-3.065103452034567e-05
all,specific,C-R,weather_centered,260929,8333,-0.0014833389377121304,-0.0004179647365123123,-0.001065374201199818
all,specific,L-R,uncentered,260929,8333,0.44428362104919017,0.44374720649621036,0.0005364145529797514
all,specific,L-R,weather_centered,260929,8333,0.013737305951340187,0.001316201606465856,0.012421104344874333
all,raw,C-L,uncentered,260930,8343,-0.03323692403555241,-0.03901473640844947,0.0057778123728970555
all,raw,C-L,weather_centered,260930,8343,0.13998131182809134,-0.012631070456751292,0.15261238228484267
all,raw,C-R,uncentered,260930,8343,-0.41020924396191166,-0.4158524875162787,0.005643243554367062
all,raw,C-R,weather_centered,260930,8343,0.17353323988852026,-0.018512121132356705,0.19204536102087694
all,raw,L-R,uncentered,260930,8343,0.43547069025946233,0.417325263338097,0.018145426921365358
all,raw,L-R,weather_centered,260930,8343,0.3749785059193127,-0.03992462344679907,0.4149031293661118
all,shared,C-L,uncentered,260930,8343,0.9791948300817921,0.9791975575446671,-2.7274628748850473e-06
all,shared,C-L,weather_centered,260930,8343,0.014204040765938328,-0.0004286762753647171,0.014632717041303048
all,shared,C-R,uncentered,260930,8343,0.9701673815754901,0.9701573766854958,1.0004889994176639e-05
all,shared,C-R,weather_centered,260930,8343,-0.004160557096795054,0.002245844784900637,-0.006406401881695692
all,shared,L-R,uncentered,260930,8343,0.987686239362791,0.9870814574403777,0.0006047819224132493
all,shared,L-R,weather_centered,260930,8343,0.148332142538085,-0.0239027201779012,0.1722348627159862
all,specific,C-L,uncentered,260930,8343,0.45424279818778074,0.45351159314242134,0.0007312050453593517
all,specific,C-L,weather_centered,260930,8343,-0.019524470300802017,0.002011753362709879,-0.0215362236635119
all,specific,C-R,uncentered,260930,8343,0.6732199011285209,0.6731769748884276,4.292624009311165e-05
all,specific,C-R,weather_centered,260930,8343,-0.000934734177853228,-0.00048072287667085147,-0.0004540113011823752
all,specific,L-R,uncentered,260930,8343,0.44579220040303263,0.44513527475305875,0.0006569256499739166
all,specific,L-R,weather_centered,260930,8343,0.0141446320919807,-0.0022998984876271447,0.016444530579607847
all,raw,C-L,uncentered,260931,8304,-0.03317817761260686,-0.03885483281911184,0.005676655206504976
all,raw,C-L,weather_centered,260931,8304,0.1399493207543938,-0.005560060697353361,0.1455093814517471
all,raw,C-R,uncentered,260931,8304,-0.4102108074087067,-0.41589522118099426,0.005684413772287554
all,raw,C-R,weather_centered,260931,8304,0.17539557333101724,-0.015469422639271565,0.19086499597028878
all,raw,L-R,uncentered,260931,8304,0.43546538385445505,0.4172517251859583,0.018213658668496724
all,raw,L-R,weather_centered,260931,8304,0.3734076759443283,-0.03748876786137218,0.4108964438057005
all,shared,C-L,uncentered,260931,8304,0.9792436900704764,0.9792127136948324,3.097637564384437e-05
all,shared,C-L,weather_centered,260931,8304,0.014486494460701153,0.0014709451413342381,0.013015549319366913
all,shared,C-R,uncentered,260931,8304,0.9702087069077887,0.9702108400454159,-2.1331376271758396e-06
all,shared,C-R,weather_centered,260931,8304,-0.004615051259019032,0.0013424912146595771,-0.005957542473678608
all,shared,L-R,uncentered,260931,8304,0.987671300954875,0.9870906469223282,0.0005806540325468034
all,shared,L-R,weather_centered,260931,8304,0.1463145380054901,-0.022516755652643085,0.16883129365813318
all,specific,C-L,uncentered,260931,8304,0.4537815358749204,0.45327697616250684,0.0005045597124136172
all,specific,C-L,weather_centered,260931,8304,-0.01935267671575036,0.0020370797697304393,-0.021389756485480808
all,specific,C-R,uncentered,260931,8304,0.6733054923414541,0.6733503469790537,-4.48546375996178e-05
all,specific,C-R,weather_centered,260931,8304,-0.0013707436648925373,-0.0009093133511139309,-0.0004614303137786067
all,specific,L-R,uncentered,260931,8304,0.44543507759138373,0.4448210332779655,0.0006140443134182032
all,specific,L-R,weather_centered,260931,8304,0.013373747454007141,-0.0013514346208120995,0.014725182074819237
all,raw,C-L,uncentered,260932,8305,-0.03322932137431864,-0.03889588770052036,0.005666566326201728
all,raw,C-L,weather_centered,260932,8305,0.14104156953065466,-0.00704837453934977,0.1480899440700044
all,raw,C-R,uncentered,260932,8305,-0.4102535145624687,-0.41579986495569593,0.005546350393227176
all,raw,C-R,weather_centered,260932,8305,0.17364806611485384,-0.016468708213176416,0.19011677432803023
all,raw,L-R,uncentered,260932,8305,0.43557630727703406,0.4171237953418598,0.018452511935174328
all,raw,L-R,weather_centered,260932,8305,0.3739526614062003,-0.043783449102985546,0.4177361105091859
all,shared,C-L,uncentered,260932,8305,0.9791925371249616,0.9791941676720577,-1.6305470960321335e-06
all,shared,C-L,weather_centered,260932,8305,0.013095024352607449,-0.0018206065655184344,0.014915630918125885
all,shared,C-R,uncentered,260932,8305,0.9701978580197402,0.9701905179038404,7.340115899821686e-06
all,shared,C-R,weather_centered,260932,8305,-0.0049828241103848135,0.0012547444270134293,-0.006237568537398244
all,shared,L-R,uncentered,260932,8305,0.9877183089713829,0.9871262286999001,0.0005920802714826593
all,shared,L-R,weather_centered,260932,8305,0.14790952204444793,-0.015289481476579847,0.16319900352102779
all,specific,C-L,uncentered,260932,8305,0.45305031793893263,0.4534862334447712,-0.0004359155058385594
all,specific,C-L,weather_centered,260932,8305,-0.019839817480623072,0.001026385352292405,-0.020866202832915477
all,specific,C-R,uncentered,260932,8305,0.6733033100507934,0.6732976512113757,5.658839417609176e-06
all,specific,C-R,weather_centered,260932,8305,-0.0016320845033240049,-0.0018111396338958703,0.00017905513057186467
all,specific,L-R,uncentered,260932,8305,0.4447281891428943,0.4440950215572676,0.0006331675856265851
all,specific,L-R,weather_centered,260932,8305,0.014527099859630022,-0.0004005094473003318,0.014927609306930354
normal,raw,C-L,uncentered,260923,4027,-0.036635413923060016,-0.045069081490273256,0.008433667567213242
normal,raw,C-L,weather_centered,260923,4027,0.22822830182070702,-0.012679757935608634,0.24090805975631568
normal,raw,C-R,uncentered,260923,4027,-0.4078415099664846,-0.4142304492914011,0.006388939324916568
normal,raw,C-R,weather_centered,260923,4027,0.22398519833011712,-0.007088850148953945,0.2310740484790711
normal,raw,L-R,uncentered,260923,4027,0.44058042609165027,0.42527679001198415,0.015303636079666094
normal,raw,L-R,weather_centered,260923,4027,0.4104242686131828,-0.013872334127610663,0.42429660274079345
normal,shared,C-L,uncentered,260923,4027,0.978953843525755,0.978941971836204,1.1871689551009728e-05
normal,shared,C-L,weather_centered,260923,4027,0.027942590137415613,-0.001058956064092196,0.029001546201507807
normal,shared,C-R,uncentered,260923,4027,0.9691949103003402,0.9692181220887452,-2.3211788405012796e-05
normal,shared,C-R,weather_centered,260923,4027,-0.0003833190731228871,0.006187754097639294,-0.0065710731707621815
normal,shared,L-R,uncentered,260923,4027,0.9881060481044781,0.9877530454829595,0.00035300262151848836
normal,shared,L-R,weather_centered,260923,4027,0.12986098744959093,-0.0007943807101159683,0.1306553681597069
normal,specific,C-L,uncentered,260923,4027,0.3786881783344215,0.37838953605913145,0.00029864227529011276
normal,specific,C-L,weather_centered,260923,4027,-0.008480223073069023,0.0005342629952069415,-0.009014486068275965
normal,specific,C-R,uncentered,260923,4027,0.6738285615847519,0.6738294681695386,-9.06584786661144e-07
normal,specific,C-R,weather_centered,260923,4027,0.0003603669727194552,0.00130209708311704,-0.0009417301103975856
normal,specific,L-R,uncentered,260923,4027,0.3772902891127304,0.37680614497764714,0.00048414413508324764
normal,specific,L-R,weather_centered,260923,4027,0.025405164549408634,0.00017366817891929583,0.02523149637048934
normal,raw,C-L,uncentered,260924,4006,-0.03678598333787187,-0.045050000077957814,0.008264016740085938
normal,raw,C-L,weather_centered,260924,4006,0.22522467060039816,-0.01861968496099511,0.24384435556139328
normal,raw,C-R,uncentered,260924,4006,-0.4080578455324709,-0.41400903673126327,0.005951191198792423
normal,raw,C-R,weather_centered,260924,4006,0.221549820772538,-0.014069516430183442,0.2356193372027214
normal,raw,L-R,uncentered,260924,4006,0.44041178561948174,0.42492514356419037,0.015486642055291301
normal,raw,L-R,weather_centered,260924,4006,0.40760123693643946,-0.03088319134842969,0.43848442828486917
normal,shared,C-L,uncentered,260924,4006,0.9789598817620643,0.9789314286995885,2.8453062475834524e-05
normal,shared,C-L,weather_centered,260924,4006,0.027210450849015768,0.0016364373613647954,0.02557401348765098
normal,shared,C-R,uncentered,260924,4006,0.9692744711338415,0.9691609514665628,0.00011351966727880125
normal,shared,C-R,weather_centered,260924,4006,0.0006478276770975133,7.022100009345961e-06,0.0006408055770881671
normal,shared,L-R,uncentered,260924,4006,0.9881288414481942,0.9877834969225159,0.00034534452567837006
normal,shared,L-R,weather_centered,260924,4006,0.12848650588724767,0.010708045358204228,0.11777846052904342
normal,specific,C-L,uncentered,260924,4006,0.37832913695762294,0.3783610988882031,-3.196193058012397e-05
normal,specific,C-L,weather_centered,260924,4006,-0.009424300626801213,-0.0003814121862896498,-0.009042888440511562
normal,specific,C-R,uncentered,260924,4006,0.6739126891007663,0.6737004484241144,0.00021224067665190615
normal,specific,C-R,weather_centered,260924,4006,0.0012859837547588822,-0.0017468188083815876,0.003032802563140469
normal,specific,L-R,uncentered,260924,4006,0.3769533233914862,0.37646536657926044,0.0004879568122256829
normal,specific,L-R,weather_centered,260924,4006,0.025062829202584642,0.006231991199298189,0.018830838003286453
normal,raw,C-L,uncentered,260925,3999,-0.036787135724795986,-0.04492811776785592,0.008140982043059937
normal,raw,C-L,weather_centered,260925,3999,0.22386644064735153,-0.009298147748833896,0.23316458839618542
normal,raw,C-R,uncentered,260925,3999,-0.40801564357356385,-0.4140122486755442,0.005996605101980422
normal,raw,C-R,weather_centered,260925,3999,0.22109566888335352,-0.0025245359407890205,0.22362020482414252
normal,raw,L-R,uncentered,260925,3999,0.4404984075969111,0.4257727830786819,0.014725624518229181
normal,raw,L-R,weather_centered,260925,3999,0.40702449889855974,-0.0074216494735088205,0.4144461483720686
normal,shared,C-L,uncentered,260925,3999,0.9789453222216015,0.9789493460121924,-4.023790590922694e-06
normal,shared,C-L,weather_centered,260925,3999,0.02662266540260448,0.0034438569239230777,0.0231788084786814
normal,shared,C-R,uncentered,260925,3999,0.9692323001285287,0.9692213451163516,1.0955012177124842e-05
normal,shared,C-R,weather_centered,260925,3999,-0.0015464547517237137,0.00164979590037462,-0.0031962506520983344
normal,shared,L-R,uncentered,260925,3999,0.9881077799439948,0.9877543063913266,0.0003534735526683181
normal,shared,L-R,weather_centered,260925,3999,0.1245148068420743,0.006073772017067762,0.11844103482500655
normal,specific,C-L,uncentered,260925,3999,0.3778811998480321,0.37817073732282697,-0.0002895374747948665
normal,specific,C-L,weather_centered,260925,3999,-0.009203973523491973,0.00038072594834020075,-0.009584699471832174
normal,specific,C-R,uncentered,260925,3999,0.6737678892944826,0.673773559622108,-5.670327625368048e-06
normal,specific,C-R,weather_centered,260925,3999,7.132830098001911e-05,-0.0009867078168828325,0.0010580361178628523
normal,specific,L-R,uncentered,260925,3999,0.37648018490636337,0.37599099048431095,0.0004891944220524453
normal,specific,L-R,weather_centered,260925,3999,0.024076157189634146,0.004270076368620849,0.019806080821013303
normal,raw,C-L,uncentered,260926,3987,-0.03661428858254693,-0.044568742637094365,0.007954454054547434
normal,raw,C-L,weather_centered,260926,3987,0.22655283811721988,-0.0016156067007716418,0.22816844481799156
normal,raw,C-R,uncentered,260926,3987,-0.4077461112566739,-0.41388090885841206,0.006134797601738071
normal,raw,C-R,weather_centered,260926,3987,0.22223408865641292,-0.0025977916761008735,0.22483188033251375
normal,raw,L-R,uncentered,260926,3987,0.44065923571621973,0.42542153798361604,0.0152376977326037
normal,raw,L-R,weather_centered,260926,3987,0.4090620247965833,-0.009682163431470873,0.41874418822805426
normal,shared,C-L,uncentered,260926,3987,0.9789550826918043,0.9789626843752164,-7.601683412094872e-06
normal,shared,C-L,weather_centered,260926,3987,0.026966355328811708,-0.004049484596379948,0.031015839925191663
normal,shared,C-R,uncentered,260926,3987,0.969160327256892,0.9692202563549783,-5.99290980862026e-05
normal,shared,C-R,weather_centered,260926,3987,-0.0006135872227467799,0.004662074201899393,-0.0052756614246461725
normal,shared,L-R,uncentered,260926,3987,0.9880625660904976,0.98774294895907,0.00031961713142765984
normal,shared,L-R,weather_centered,260926,3987,0.1258119852842101,-0.0037972386043138105,0.1296092238885239
normal,specific,C-L,uncentered,260926,3987,0.37859315846373504,0.3787738644038445,-0.00018070594010944344
normal,specific,C-L,weather_centered,260926,3987,-0.00865555138602209,-0.00032855607366695993,-0.008326995312355128
normal,specific,C-R,uncentered,260926,3987,0.6736810185607414,0.6738402839174233,-0.00015926535668201814
normal,specific,C-R,weather_centered,260926,3987,0.0008576557380062719,-0.000813358845158847,0.0016710145831651197
normal,specific,L-R,uncentered,260926,3987,0.377113885276982,0.37672719487482054,0.00038669040216145363
normal,specific,L-R,weather_centered,260926,3987,0.024280518461339076,0.0024605889840351868,0.02181992947730389
normal,raw,C-L,uncentered,260927,3994,-0.036819519780764656,-0.04495136679721065,0.008131847016445997
normal,raw,C-L,weather_centered,260927,3994,0.22573355522108746,-0.005775688856755559,0.231509244077843
normal,raw,C-R,uncentered,260927,3994,-0.40796273106655184,-0.41411375222685914,0.006151021160307326
normal,raw,C-R,weather_centered,260927,3994,0.22241893851764893,-0.006829349095801596,0.22924828761345054
normal,raw,L-R,uncentered,260927,3994,0.4405241114066167,0.42521608035948444,0.015308031047132294
normal,raw,L-R,weather_centered,260927,3994,0.40810925360461786,-0.017717837206571982,0.4258270908111899
normal,shared,C-L,uncentered,260927,3994,0.9789449220725366,0.9789494427103962,-4.520637859646408e-06
normal,shared,C-L,weather_centered,260927,3994,0.0279649594505141,-0.0025484748544033434,0.030513434304917448
normal,shared,C-R,uncentered,260927,3994,0.9691813601203755,0.9692115969160382,-3.0236795662629634e-05
normal,shared,C-R,weather_centered,260927,3994,-0.0005080272835723431,0.0005168098987709418,-0.0010248371823432848
normal,shared,L-R,uncentered,260927,3994,0.9881153751733475,0.9877474287489518,0.0003679464243957506
normal,shared,L-R,weather_centered,260927,3994,0.1274871616106369,-0.010108615723667672,0.13759577733430456
normal,specific,C-L,uncentered,260927,3994,0.378644992352449,0.37867911052910264,-3.4118176653588846e-05
normal,specific,C-L,weather_centered,260927,3994,-0.008924960968490202,-0.0005475950972070246,-0.008377365871283179
normal,specific,C-R,uncentered,260927,3994,0.6737793745589719,0.6738534544186086,-7.407985963676298e-05
normal,specific,C-R,weather_centered,260927,3994,0.001127043060718321,-0.001243474178872251,0.00237051723959057
normal,specific,L-R,uncentered,260927,3994,0.37721543693198994,0.37679486184441313,0.0004205750875768257
normal,specific,L-R,weather_centered,260927,3994,0.02524001910987035,0.001132291893529493,0.024107727216340857
normal,raw,C-L,uncentered,260928,4022,-0.0368181252550594,-0.04479222416945454,0.007974098914395138
normal,raw,C-L,weather_centered,260928,4022,0.22657642056828997,-0.003424153812536823,0.23000057438082683
normal,raw,C-R,uncentered,260928,4022,-0.4079328510679199,-0.4139585771687433,0.006025726100823439
normal,raw,C-R,weather_centered,260928,4022,0.22215555727424482,-0.006036981224663578,0.2281925384989084
normal,raw,L-R,uncentered,260928,4022,0.4405521472547035,0.4257124778807027,0.014839669374000778
normal,raw,L-R,weather_centered,260928,4022,0.409343324858381,-0.011072369919033539,0.4204156947774146
normal,shared,C-L,uncentered,260928,4022,0.9789518583250838,0.9789393930168407,1.2465308243054003e-05
normal,shared,C-L,weather_centered,260928,4022,0.027795901069667193,-0.002055879374044445,0.02985178044371164
normal,shared,C-R,uncentered,260928,4022,0.9692073000195981,0.9691870371771347,2.0262842463405014e-05
normal,shared,C-R,weather_centered,260928,4022,-0.0004467981251282233,0.004554807744462314,-0.00500160586959054
normal,shared,L-R,uncentered,260928,4022,0.9881184655613675,0.9877272882950734,0.00039117726629393237
normal,shared,L-R,weather_centered,260928,4022,0.12839026145849308,-0.002435660421909814,0.13082592188040287
normal,specific,C-L,uncentered,260928,4022,0.3782747759775275,0.37882902008063285,-0.0005542441031053038
normal,specific,C-L,weather_centered,260928,4022,-0.00843261375451723,0.00122590643245759,-0.009658520186974818
normal,specific,C-R,uncentered,260928,4022,0.6737763344402619,0.6737827736385438,-6.439198281952957e-06
normal,specific,C-R,weather_centered,260928,4022,0.0007206629870811454,0.0012439338536552492,-0.0005232708665741034
normal,specific,L-R,uncentered,260928,4022,0.3768318473541239,0.37632895268354605,0.0005028946705778971
normal,specific,L-R,weather_centered,260928,4022,0.02360723197953038,-0.001903541848183098,0.025510773827713478
normal,raw,C-L,uncentered,260929,3970,-0.036769449312166226,-0.04493504854136194,0.008165599229195717
normal,raw,C-L,weather_centered,260929,3970,0.22737053628327392,-0.007917424947499713,0.2352879612307736
normal,raw,C-R,uncentered,260929,3970,-0.4079927979181067,-0.41399291664113125,0.006000118723024507
normal,raw,C-R,weather_centered,260929,3970,0.22283213338330007,-0.006200634948761409,0.22903276833206146
normal,raw,L-R,uncentered,260929,3970,0.4405033171003386,0.42560412351595234,0.014899193584386254
normal,raw,L-R,weather_centered,260929,3970,0.41028356640539837,-0.008090243293745556,0.4183738096991439
normal,shared,C-L,uncentered,260929,3970,0.9789506262630135,0.978953533782625,-2.9075196115309565e-06
normal,shared,C-L,weather_centered,260929,3970,0.02768408352590636,0.002736937644744865,0.024947145881161488
normal,shared,C-R,uncentered,260929,3970,0.9692346155707825,0.9692305114796967,4.104091085822109e-06
normal,shared,C-R,weather_centered,260929,3970,-0.001652517191810636,0.0003003713517231514,-0.001952888543533787
normal,shared,L-R,uncentered,260929,3970,0.9881302588187637,0.9877391039251724,0.0003911548935912556
normal,shared,L-R,weather_centered,260929,3970,0.1298370582413598,-0.006076088563083552,0.13591314680444336
normal,specific,C-L,uncentered,260929,3970,0.37841049352711165,0.378327422327176,8.307119993564737e-05
normal,specific,C-L,weather_centered,260929,3970,-0.008012021859778718,0.0002129697482672058,-0.008224991608045924
normal,specific,C-R,uncentered,260929,3970,0.6738685147625549,0.6738461166817882,2.2398080766770704e-05
normal,specific,C-R,weather_centered,260929,3970,0.0006730835808416896,-0.0013419076561395685,0.002014991236981259
normal,specific,L-R,uncentered,260929,3970,0.37704148768236,0.37654907358691125,0.0004924140954487456
normal,specific,L-R,weather_centered,260929,3970,0.025133134985499343,0.002861893234827096,0.022271241750672244
normal,raw,C-L,uncentered,260930,4015,-0.03679571237404236,-0.04487266668608538,0.00807695431204303
normal,raw,C-L,weather_centered,260930,4015,0.2269844793467705,-0.013561682871790165,0.24054616221856065
normal,raw,C-R,uncentered,260930,4015,-0.40807852254299776,-0.41422856658108764,0.006150044038089845
normal,raw,C-R,weather_centered,260930,4015,0.22157180518294714,-0.010171770992177887,0.231743576175125
normal,raw,L-R,uncentered,260930,4015,0.44050989739946295,0.4253920757972426,0.01511782160222027
normal,raw,L-R,weather_centered,260930,4015,0.40933304149266464,-0.018976923705840577,0.42830996519850517
normal,shared,C-L,uncentered,260930,4015,0.978937340137404,0.9789692286667809,-3.1888529376901666e-05
normal,shared,C-L,weather_centered,260930,4015,0.026956283965868223,-0.0037168573628028325,0.03067314132867105
normal,shared,C-R,uncentered,260930,4015,0.9692079454835941,0.969209365442487,-1.4199588929680438e-06
normal,shared,C-R,weather_centered,260930,4015,-0.0006111486741161851,-0.0008307406246629665,0.00021959195054678022
normal,shared,L-R,uncentered,260930,4015,0.988119137362879,0.9877411259659945,0.00037801139688451054
normal,shared,L-R,weather_centered,260930,4015,0.13041447606835627,-0.00949620504108525,0.1399106811094415
normal,specific,C-L,uncentered,260930,4015,0.3780479905621753,0.3781892904660177,-0.00014129990384242235
normal,specific,C-L,weather_centered,260930,4015,-0.008838237375922011,-0.0012771718738823058,-0.007561065502039704
normal,specific,C-R,uncentered,260930,4015,0.6737801790175402,0.6738032574304081,-2.3078412867877034e-05
normal,specific,C-R,weather_centered,260930,4015,0.0008873264238403651,-0.003770022665065673,0.004657349088906037
normal,specific,L-R,uncentered,260930,4015,0.376598344691102,0.3760746744535407,0.0005236702375612311
normal,specific,L-R,weather_centered,260930,4015,0.025048317203555565,-0.001576777751260542,0.026625094954816107
normal,raw,C-L,uncentered,260931,4015,-0.03668684199335139,-0.04492309881871801,0.008236256825366621
normal,raw,C-L,weather_centered,260931,4015,0.22668356304503867,-0.013180688485447836,0.2398642515304865
normal,raw,C-R,uncentered,260931,4015,-0.40780912539030406,-0.4139430577005649,0.006133932310260845
normal,raw,C-R,weather_centered,260931,4015,0.22276600946938718,-0.011147507654123832,0.23391351712351102
normal,raw,L-R,uncentered,260931,4015,0.44067118794110516,0.4253836461280749,0.015287541813030355
normal,raw,L-R,weather_centered,260931,4015,0.4101573442372805,-0.025059341565694622,0.4352166858029751
normal,shared,C-L,uncentered,260931,4015,0.9789525171959975,0.9789467528549812,5.764341016266803e-06
normal,shared,C-L,weather_centered,260931,4015,0.027739157798799846,-0.0025715365145550233,0.03031069431335487
normal,shared,C-R,uncentered,260931,4015,0.9691847392687117,0.9691196149982507,6.512427046107511e-05
normal,shared,C-R,weather_centered,260931,4015,-0.0011742829094951032,-0.0007118066804842576,-0.00046247622901084823
normal,shared,L-R,uncentered,260931,4015,0.9881005276645956,0.9876990876333408,0.00040144003125488966
normal,shared,L-R,weather_centered,260931,4015,0.1321019361971529,-0.005426495392176707,0.13752843158932962
normal,specific,C-L,uncentered,260931,4015,0.37913540951496477,0.37927248708582445,-0.00013707757085973474
normal,specific,C-L,weather_centered,260931,4015,-0.008389375369248966,0.001089148873978343,-0.00947852424322731
normal,specific,C-R,uncentered,260931,4015,0.6738052460913817,0.6736630739608854,0.0001421721304961847
normal,specific,C-R,weather_centered,260931,4015,0.0003871012423658512,-0.0010445228293859202,0.0014316240717517712
normal,specific,L-R,uncentered,260931,4015,0.37772436951127697,0.3771831535560149,0.0005412159552621187
normal,specific,L-R,weather_centered,260931,4015,0.025220979730337413,-0.0007729540831477923,0.025993933813485203
normal,raw,C-L,uncentered,260932,4015,-0.03668531900184943,-0.04482333689150414,0.008138017889654703
normal,raw,C-L,weather_centered,260932,4015,0.22653531188060133,-0.007943555663605405,0.23447886754420674
normal,raw,C-R,uncentered,260932,4015,-0.407846539947583,-0.4139751771336602,0.0061286371860772215
normal,raw,C-R,weather_centered,260932,4015,0.22141298132994103,-0.00926398220873273,0.2306769635386737
normal,raw,L-R,uncentered,260932,4015,0.4404741069455778,0.42494695301065427,0.015527153934923517
normal,raw,L-R,weather_centered,260932,4015,0.4080800524686289,-0.02238050892478277,0.43046056139341166
normal,shared,C-L,uncentered,260932,4015,0.9789537950375562,0.9789351131386553,1.8681898900881772e-05
normal,shared,C-L,weather_centered,260932,4015,0.026422740356150363,-0.002326029436328752,0.02874876979247912
normal,shared,C-R,uncentered,260932,4015,0.969160197600501,0.9691890830404509,-2.888543994988529e-05
normal,shared,C-R,weather_centered,260932,4015,-0.0008554469430389715,0.002979972173575222,-0.0038354191166141984
normal,shared,L-R,uncentered,260932,4015,0.9881049564609607,0.9877543797288046,0.0003505767321561324
normal,shared,L-R,weather_centered,260932,4015,0.12742942464093412,0.0020835590769009158,0.1253458655640332
normal,specific,C-L,uncentered,260932,4015,0.3792447607382955,0.3785212922746247,0.0007234684636707915
normal,specific,C-L,weather_centered,260932,4015,-0.009159676314257164,-0.0010825162314322626,-0.008077160082824901
normal,specific,C-R,uncentered,260932,4015,0.67371416354928,0.6737601806375977,-4.6017088317699796e-05
normal,specific,C-R,weather_centered,260932,4015,0.0007394801318795788,-0.0002000153602959176,0.0009394954921754974
normal,specific,L-R,uncentered,260932,4015,0.37775942951984054,0.3773007215048128,0.0004587080150277278
normal,specific,L-R,weather_centered,260932,4015,0.02464355572827596,-9.2623167400903e-05,0.024736178895676864
overcast,raw,C-L,uncentered,260923,138,-0.03305830060411412,-0.03606532972103208,0.003007029116917962
overcast,raw,C-L,weather_centered,260923,138,0.10391665988461715,-0.007367415269677545,0.11128407515429467
overcast,raw,C-R,uncentered,260923,138,-0.4013666550074253,-0.4020382223526072,0.0006715673451818977
overcast,raw,C-R,weather_centered,260923,138,0.02488569412696178,0.007458598838856485,0.017427095288105293
overcast,raw,L-R,uncentered,260923,138,0.43933218865543155,0.43431841495220413,0.005013773703227491
overcast,raw,L-R,weather_centered,260923,138,0.2515010183004248,0.02978146067579322,0.2217195576246316
overcast,shared,C-L,uncentered,260923,138,0.97824977124955,0.978152397645462,9.737360408794998e-05
overcast,shared,C-L,weather_centered,260923,138,-0.03830107972660846,0.00806447429959009,-0.04636555402619856
overcast,shared,C-R,uncentered,260923,138,0.968626273268628,0.9685306777485145,9.559552011317298e-05
overcast,shared,C-R,weather_centered,260923,138,0.009971603166375135,-0.012746068372603692,0.02271767153897883
overcast,shared,L-R,uncentered,260923,138,0.9884532816723502,0.9883222590135613,0.0001310226587890024
overcast,shared,L-R,weather_centered,260923,138,-0.017051725887846966,0.04494796721783425,-0.06199969310568122
overcast,specific,C-L,uncentered,260923,138,0.4520949919601482,0.455202229131524,-0.0031072371713758333
overcast,specific,C-L,weather_centered,260923,138,-0.04998984521195808,-0.0020694066694641865,-0.04792043854249389
overcast,specific,C-R,uncentered,260923,138,0.6698727290372564,0.6695192915946804,0.000353437442575942
overcast,specific,C-R,weather_centered,260923,138,0.0019758095968372053,-0.0018432255826388451,0.003819035179476048
overcast,specific,L-R,uncentered,260923,138,0.4453082626938631,0.4450957373839848,0.00021252530987819843
overcast,specific,L-R,weather_centered,260923,138,0.016245993848115297,0.0022514450957225444,0.013994548752392756
overcast,raw,C-L,uncentered,260924,118,-0.03380201630185035,-0.035238315286608625,0.0014362989847582746
overcast,raw,C-L,weather_centered,260924,118,0.09909274373000965,-0.022443551221302368,0.12153629495131198
overcast,raw,C-R,uncentered,260924,118,-0.4036813402726863,-0.40286861817110503,-0.0008127221015812177
overcast,raw,C-R,weather_centered,260924,118,0.02478649901870313,-0.02950851066880102,0.054295009687504156
overcast,raw,L-R,uncentered,260924,118,0.43697048754235446,0.43445722972499784,0.002513257817356803
overcast,raw,L-R,weather_centered,260924,118,0.20343051474380125,0.016108143835246995,0.18732237090855428
overcast,shared,C-L,uncentered,260924,118,0.9784277688535815,0.9783043004239595,0.00012346842962215087
overcast,shared,C-L,weather_centered,260924,118,-0.03718497197742072,0.008007281680457308,-0.045192253657878025
overcast,shared,C-R,uncentered,260924,118,0.969296332685755,0.9682121764303123,0.001084156255442634
overcast,shared,C-R,weather_centered,260924,118,0.01596040079995099,0.013171217482050577,0.002789183317900407
overcast,shared,L-R,uncentered,260924,118,0.9889270277051782,0.9879181713076538,0.0010088563975241404
overcast,shared,L-R,weather_centered,260924,118,-0.024531380178323705,-0.05881808348951418,0.03428670331119047
overcast,specific,C-L,uncentered,260924,118,0.450009547154825,0.4576717073772716,-0.00766216022244649
overcast,specific,C-L,weather_centered,260924,118,-0.05041828419241246,0.027045853027644312,-0.07746413722005678
overcast,specific,C-R,uncentered,260924,118,0.6716904848450228,0.6684575262902044,0.0032329585548185043
overcast,specific,C-R,weather_centered,260924,118,0.005048093777520878,0.010406575615477108,-0.005358481837956231
overcast,specific,L-R,uncentered,260924,118,0.4440362773701352,0.44219105832876476,0.00184521904137046
overcast,specific,L-R,weather_centered,260924,118,0.006043588583593585,-0.010014194534785071,0.016057783118378657
overcast,raw,C-L,uncentered,260925,112,-0.033302916393800695,-0.03697248220085204,0.003669565807051338
overcast,raw,C-L,weather_centered,260925,112,0.06024622354251747,0.015034850470001524,0.045211373072515944
overcast,raw,C-R,uncentered,260925,112,-0.4028073651716901,-0.4033334531146232,0.0005260879429330689
overcast,raw,C-R,weather_centered,260925,112,0.028869738053901316,0.02855012681326253,0.00031961124063880193
overcast,raw,L-R,uncentered,260925,112,0.43936907504289635,0.4348723580416577,0.004496717001238691
overcast,raw,L-R,weather_centered,260925,112,0.24905055110095736,-0.010068215870913456,0.25911876697187086
overcast,shared,C-L,uncentered,260925,112,0.9783322391733879,0.9780881563185287,0.00024408285485889164
overcast,shared,C-L,weather_centered,260925,112,-0.03958083073898568,0.00620811102090813,-0.04578894175989382
overcast,shared,C-R,uncentered,260925,112,0.9691644331271533,0.9695034257556286,-0.00033899262847528596
overcast,shared,C-R,weather_centered,260925,112,0.00506454326101591,-0.004774111932382826,0.009838655193398738
overcast,shared,L-R,uncentered,260925,112,0.9888477742272733,0.9887971919307288,5.058229654464639e-05
overcast,shared,L-R,weather_centered,260925,112,0.05019069998552829,-0.05018285078243985,0.10037355076796814
overcast,specific,C-L,uncentered,260925,112,0.4548702727907705,0.4459068272549042,0.008963445535866244
overcast,specific,C-L,weather_centered,260925,112,-0.04077151907886817,0.01301202340322845,-0.053783542482096616
overcast,specific,C-R,uncentered,260925,112,0.6710697496052562,0.671895795263236,-0.0008260456579797336
overcast,specific,C-R,weather_centered,260925,112,0.0043171991880554305,-0.0020941183858156193,0.006411317573871042
overcast,specific,L-R,uncentered,260925,112,0.4486183337744721,0.448837428134074,-0.00021909435960191078
overcast,specific,L-R,weather_centered,260925,112,0.015252770204846472,-0.024608492510667428,0.0398612627155139
overcast,raw,C-L,uncentered,260926,116,-0.03305045696316073,-0.03639911142714363,0.0033486544639829046
overcast,raw,C-L,weather_centered,260926,116,0.1017778445214527,-0.0027163382518250265,0.10449418277327772
overcast,raw,C-R,uncentered,260926,116,-0.40263000937881166,-0.403236799280698,0.0006067899018863083
overcast,raw,C-R,weather_centered,260926,116,0.04662122072713616,0.025404410857868903,0.021216809869267265
overcast,raw,L-R,uncentered,260926,116,0.4389544181199035,0.43406535743728175,0.004889060682621676
overcast,raw,L-R,weather_centered,260926,116,0.2120732453184998,-0.026755954415633356,0.23882919973413316
overcast,shared,C-L,uncentered,260926,116,0.9784514425499723,0.9784329682932824,1.8474256689973042e-05
overcast,shared,C-L,weather_centered,260926,116,-0.03956507897884944,0.010975954999128193,-0.05054103397797764
overcast,shared,C-R,uncentered,260926,116,0.9690522155018507,0.969337941866389,-0.00028572636453826213
overcast,shared,C-R,weather_centered,260926,116,0.028060115893099,0.0014640216516145735,0.02659609424148442
overcast,shared,L-R,uncentered,260926,116,0.9885661528851308,0.988761444520404,-0.00019529163527320445
overcast,shared,L-R,weather_centered,260926,116,0.01876588099740528,0.00937652222431268,0.009389358773092603
overcast,specific,C-L,uncentered,260926,116,0.44828653253704925,0.44959065485452093,-0.0013041223174716796
overcast,specific,C-L,weather_centered,260926,116,-0.05227174351510731,0.005852211011290732,-0.05812395452639805
overcast,specific,C-R,uncentered,260926,116,0.6703585309912545,0.6719333927111439,-0.0015748617198895793
overcast,specific,C-R,weather_centered,260926,116,0.024506529648116643,-0.0037451936331174512,0.02825172328123409
overcast,specific,L-R,uncentered,260926,116,0.4418784564885579,0.44261090254556,-0.000732446057002166
overcast,specific,L-R,weather_centered,260926,116,0.006273915296412957,0.02054926053783119,-0.014275345241418231
overcast,raw,C-L,uncentered,260927,130,-0.033496717766418556,-0.035437388762129055,0.0019406709957104841
overcast,raw,C-L,weather_centered,260927,130,0.12516754580704187,-0.023438034903591854,0.1486055807106337
overcast,raw,C-R,uncentered,260927,130,-0.40243143532435577,-0.40269617088050347,0.00026473555614768145
overcast,raw,C-R,weather_centered,260927,130,0.03895846909779892,0.013491352502824239,0.02546711659497469
overcast,raw,L-R,uncentered,260927,130,0.4376386398867475,0.4337650026173029,0.0038736372694445974
overcast,raw,L-R,weather_centered,260927,130,0.1894968588997436,-0.03333975473933568,0.22283661363907933
overcast,shared,C-L,uncentered,260927,130,0.9783469220749208,0.9783005917603993,4.633031452144776e-05
overcast,shared,C-L,weather_centered,260927,130,-0.041297330927617525,0.01819919762992099,-0.0594965285575385
overcast,shared,C-R,uncentered,260927,130,0.9690727494854878,0.9686804722804407,0.0003922772050470638
overcast,shared,C-R,weather_centered,260927,130,0.010255190477357061,-0.0015493728702996215,0.01180456334765668
overcast,shared,L-R,uncentered,260927,130,0.9886438117445511,0.9881976961579519,0.0004461155865991632
overcast,shared,L-R,weather_centered,260927,130,0.05170979356907112,-0.06570570191012953,0.11741549547920065
overcast,specific,C-L,uncentered,260927,130,0.4493353549427196,0.4536180646111732,-0.004282709668453687
overcast,specific,C-L,weather_centered,260927,130,-0.052439231586316644,0.009878899409409489,-0.06231813099572612
overcast,specific,C-R,uncentered,260927,130,0.6710053987346523,0.6698136710621249,0.0011917276725272644
overcast,specific,C-R,weather_centered,260927,130,-0.0030534804804742193,-0.008133403563096336,0.005079923082622122
overcast,specific,L-R,uncentered,260927,130,0.44325832681622385,0.4423583619392611,0.0008999648769628055
overcast,specific,L-R,weather_centered,260927,130,0.02130554888495114,-0.015461123229343971,0.03676667211429511
overcast,raw,C-L,uncentered,260928,138,-0.033539295089989395,-0.03629057644540194,0.0027512813554125466
overcast,raw,C-L,weather_centered,260928,138,0.09152551547459163,-0.0044542331361127835,0.0959797486107044
overcast,raw,C-R,uncentered,260928,138,-0.40242840131468777,-0.4025317378831391,0.00010333656845136264
overcast,raw,C-R,weather_centered,260928,138,0.04494679645321662,0.03715683470298144,0.007789961750235188
overcast,raw,L-R,uncentered,260928,138,0.43900656480574335,0.4361021653697389,0.0029043994360044463
overcast,raw,L-R,weather_centered,260928,138,0.24377681485613137,0.06316274549646364,0.18061406935966776
overcast,shared,C-L,uncentered,260928,138,0.9784496393406901,0.9783056364612466,0.00014400287944335848
overcast,shared,C-L,weather_centered,260928,138,-0.031477439997794954,0.011531236989683724,-0.04300867698747868
overcast,shared,C-R,uncentered,260928,138,0.9687287669908998,0.9688857839110347,-0.0001570169201348863
overcast,shared,C-R,weather_centered,260928,138,-0.003396775745624349,-0.007743578617231031,0.004346802871606677
overcast,shared,L-R,uncentered,260928,138,0.9886073083970894,0.9882993142514429,0.0003079941456463724
overcast,shared,L-R,weather_centered,260928,138,0.07822800380769737,-0.027381684303693744,0.10560968811139111
overcast,specific,C-L,uncentered,260928,138,0.4529901374477162,0.4509737362573289,0.0020164011903873397
overcast,specific,C-L,weather_centered,260928,138,-0.04474124758327125,0.020635989598542046,-0.06537723718181329
overcast,specific,C-R,uncentered,260928,138,0.6703617331018078,0.6701733995025181,0.0001883335992897574
overcast,specific,C-R,weather_centered,260928,138,-0.004020450981660076,-0.0051342938898999045,0.0011138429082398298
overcast,specific,L-R,uncentered,260928,138,0.44655299161021456,0.4463031301063487,0.00024986150386585137
overcast,specific,L-R,weather_centered,260928,138,0.02550431718557895,0.004009673217521355,0.0214946439680576
overcast,raw,C-L,uncentered,260929,120,-0.032990508477788526,-0.03589186072684882,0.0029013522490602913
overcast,raw,C-L,weather_centered,260929,120,0.10995003514704793,-0.012293344188670645,0.12224337933571858
overcast,raw,C-R,uncentered,260929,120,-0.4018573421468981,-0.40217525165691287,0.0003179095100147152
overcast,raw,C-R,weather_centered,260929,120,0.019628704117340613,0.023214365540553387,-0.0035856614232127725
overcast,raw,L-R,uncentered,260929,120,0.4386701670666978,0.43458734716180064,0.004082819904897153
overcast,raw,L-R,weather_centered,260929,120,0.2466253130843369,0.03885530380429463,0.20777000928004227
overcast,shared,C-L,uncentered,260929,120,0.9783419128792794,0.978037874739782,0.0003040381394971999
overcast,shared,C-L,weather_centered,260929,120,-0.038620407511885925,0.03078543276197587,-0.06940584027386179
overcast,shared,C-R,uncentered,260929,120,0.9688897998968081,0.968785801693894,0.00010399820291403424
overcast,shared,C-R,weather_centered,260929,120,0.008365546502495621,-0.015105968535596537,0.023471515038092156
overcast,shared,L-R,uncentered,260929,120,0.9886815771858093,0.9884496982890979,0.00023187889671132296
overcast,shared,L-R,weather_centered,260929,120,0.05940249587290346,0.005312528460262658,0.0540899674126408
overcast,specific,C-L,uncentered,260929,120,0.4539576657323761,0.4588449330827222,-0.004887267350345977
overcast,specific,C-L,weather_centered,260929,120,-0.05172703084590571,0.015330677352665526,-0.06705770819857124
overcast,specific,C-R,uncentered,260929,120,0.6709757922422409,0.6705997617863358,0.0003760304559052278
overcast,specific,C-R,weather_centered,260929,120,0.0020940227115998937,-0.009857495191140287,0.011951517902740178
overcast,specific,L-R,uncentered,260929,120,0.4477437530785429,0.44747561748183845,0.0002681355967045172
overcast,specific,L-R,weather_centered,260929,120,0.01801251153757773,0.009796463015933869,0.008216048521643862
overcast,raw,C-L,uncentered,260930,122,-0.03377804314827428,-0.036295633133725094,0.0025175899854508006
overcast,raw,C-L,weather_centered,260930,122,0.13554799051536684,0.0030973315946045644,0.13245065892076227
overcast,raw,C-R,uncentered,260930,122,-0.40292367306735916,-0.4031758201908915,0.00025214712353227494
overcast,raw,C-R,weather_centered,260930,122,0.04623831795688122,0.013886376321786012,0.03235194163509521
overcast,raw,L-R,uncentered,260930,122,0.4387871369052566,0.4334312519812505,0.005355884924006019
overcast,raw,L-R,weather_centered,260930,122,0.23222251432572197,0.015599035597371184,0.2166234787283508
overcast,shared,C-L,uncentered,260930,122,0.9784222028118496,0.9785725847465444,-0.00015038193469469956
overcast,shared,C-L,weather_centered,260930,122,-0.0453099167124935,0.00241817316026288,-0.047728089872756375
overcast,shared,C-R,uncentered,260930,122,0.9691372875824517,0.9693779443574005,-0.0002406567749490797
overcast,shared,C-R,weather_centered,260930,122,-0.0035535942356764694,-0.006502845831565608,0.002949251595889139
overcast,shared,L-R,uncentered,260930,122,0.988822994803152,0.9885895973579691,0.00023339744518295738
overcast,shared,L-R,weather_centered,260930,122,0.11951963757444127,-0.04113229681764597,0.16065193439208728
overcast,specific,C-L,uncentered,260930,122,0.4518090492237616,0.4543652477327639,-0.002556198509002368
overcast,specific,C-L,weather_centered,260930,122,-0.05259068218511866,0.0054607665420941705,-0.058051448727212816
overcast,specific,C-R,uncentered,260930,122,0.6710164462112325,0.6721362416736596,-0.0011197954624271448
overcast,specific,C-R,weather_centered,260930,122,-0.010153100331484224,-0.0053102880117600875,-0.004842812319724137
overcast,specific,L-R,uncentered,260930,122,0.445514184538753,0.44571429290869435,-0.00020010836994129738
overcast,specific,L-R,weather_centered,260930,122,0.036891475695207704,0.009308517864019806,0.02758295783118789
overcast,raw,C-L,uncentered,260931,130,-0.03312382874598521,-0.036384478312903666,0.003260649566918447
overcast,raw,C-L,weather_centered,260931,130,0.11879590529901958,-0.00557009752590381,0.1243660028249234
overcast,raw,C-R,uncentered,260931,130,-0.4030576480237762,-0.4039348221566218,0.0008771741328456368
overcast,raw,C-R,weather_centered,260931,130,0.04274818357899983,0.056025608673214315,-0.01327742509421449
overcast,raw,L-R,uncentered,260931,130,0.43963039356236594,0.43405170401851983,0.005578689543846038
overcast,raw,L-R,weather_centered,260931,130,0.26076370205876676,0.0029682850113288443,0.2577954170474379
overcast,shared,C-L,uncentered,260931,130,0.9784576598853353,0.9786930588850047,-0.00023539899966938522
overcast,shared,C-L,weather_centered,260931,130,-0.043063186343410956,0.02003660832677626,-0.06309979467018723
overcast,shared,C-R,uncentered,260931,130,0.9689032654597576,0.9690679476290063,-0.00016468216924869943
overcast,shared,C-R,weather_centered,260931,130,0.012312994955794758,-0.015743617283739735,0.028056612239534488
overcast,shared,L-R,uncentered,260931,130,0.9886664409823335,0.9885029523641483,0.00016348861818516855
overcast,shared,L-R,weather_centered,260931,130,0.10931522124606549,-0.03364764775652739,0.14296286900259286
overcast,specific,C-L,uncentered,260931,130,0.45298527823074763,0.4550382079557857,-0.002052929725038134
overcast,specific,C-L,weather_centered,260931,130,-0.05196025859466963,0.009335491638443915,-0.06129575023311354
overcast,specific,C-R,uncentered,260931,130,0.6709592229156376,0.6706830484638686,0.0002761744517689444
overcast,specific,C-R,weather_centered,260931,130,-0.0018704528123228063,0.006553405233024687,-0.00842385804534749
overcast,specific,L-R,uncentered,260931,130,0.4469582195436096,0.44677137167066694,0.00018684787294257103
overcast,specific,L-R,weather_centered,260931,130,0.027472624947734732,-0.020198238523270264,0.047670863471005
overcast,raw,C-L,uncentered,260932,126,-0.03343486950110583,-0.03662750030951005,0.0031926308084042183
overcast,raw,C-L,weather_centered,260932,126,0.09257364839885317,-0.02624226321784551,0.11881591161669867
overcast,raw,C-R,uncentered,260932,126,-0.40171129607179473,-0.40233188019525007,0.000620584123455486
overcast,raw,C-R,weather_centered,260932,126,0.005756185361782149,0.01704118431240146,-0.011284998950619313
overcast,raw,L-R,uncentered,260932,126,0.4379945745441567,0.4343179162922287,0.0036766582519279266
overcast,raw,L-R,weather_centered,260932,126,0.2122179925373734,0.026359147537375983,0.1858588449999974
overcast,shared,C-L,uncentered,260932,126,0.9782645633048417,0.978201573729037,6.298957580484567e-05
overcast,shared,C-L,weather_centered,260932,126,-0.04021446712920064,0.008984309006114008,-0.04919877613531464
overcast,shared,C-R,uncentered,260932,126,0.9688356664606202,0.9687957998475882,3.98666130320673e-05
overcast,shared,C-R,weather_centered,260932,126,0.015169545814985778,-0.019528260973202878,0.03469780678818865
overcast,shared,L-R,uncentered,260932,126,0.9885205039929864,0.9882304971185792,0.0002900068744069882
overcast,shared,L-R,weather_centered,260932,126,0.02162682488251776,-0.05469429396861443,0.07632111885113219
overcast,specific,C-L,uncentered,260932,126,0.4548345231921365,0.45375395246720784,0.0010805707249286376
overcast,specific,C-L,weather_centered,260932,126,-0.046013318229509985,0.00936791475237706,-0.05538123298188701
overcast,specific,C-R,uncentered,260932,126,0.6706460242413986,0.6705508990350582,9.512520634043165e-05
overcast,specific,C-R,weather_centered,260932,126,0.012377570535885275,-0.007497188629449664,0.019874759165334942
overcast,specific,L-R,uncentered,260932,126,0.44831182048151036,0.44810062215794944,0.000211198323560978
overcast,specific,L-R,weather_centered,260932,126,0.014731651038765772,-0.03343770782042821,0.04816935885919398
fog,raw,C-L,uncentered,260923,865,-0.03564507001448612,-0.04080777719164266,0.0051627071771565385
fog,raw,C-L,weather_centered,260923,865,0.08975118980441293,-0.03342015987849658,0.12317134968290953
fog,raw,C-R,uncentered,260923,865,-0.42520833102408406,-0.43365816428983545,0.008449833265751366
fog,raw,C-R,weather_centered,260923,865,0.1876332532840069,-0.029901899344199442,0.21753515262820633
fog,raw,L-R,uncentered,260923,865,0.4265077361399154,0.38975221981640157,0.03675551632351379
fog,raw,L-R,weather_centered,260923,865,0.4934782360630945,-0.12549167864497937,0.6189699147080739
fog,shared,C-L,uncentered,260923,865,0.9815225216271785,0.9815232155165734,-6.938893948390592e-07
fog,shared,C-L,weather_centered,260923,865,-0.016753203444690817,0.008442939149412382,-0.025196142594103205
fog,shared,C-R,uncentered,260923,865,0.9743028051904696,0.9741970795096051,0.00010572568086426733
fog,shared,C-R,weather_centered,260923,865,0.01197240769076508,-0.0015854230538550735,0.013557830744620155
fog,shared,L-R,uncentered,260923,865,0.988663408343459,0.9875095905143227,0.0011538178291362847
fog,shared,L-R,weather_centered,260923,865,0.3090533436877715,-0.043516965364171205,0.35257030905194264
fog,specific,C-L,uncentered,260923,865,0.5412009778807603,0.5421457586357374,-0.000944780754977138
fog,specific,C-L,weather_centered,260923,865,-0.020779477612169747,0.004072340373259587,-0.024851817985429337
fog,specific,C-R,uncentered,260923,865,0.6810793051766046,0.6809122047281018,0.0001671004485027771
fog,specific,C-R,weather_centered,260923,865,-0.009044216019890566,0.0033704134758737476,-0.01241462949576431
fog,specific,L-R,uncentered,260923,865,0.5311322629091406,0.5308559681156472,0.00027629479349352355
fog,specific,L-R,weather_centered,260923,865,-0.0005168371351083659,0.0020277642771050508,-0.0025446014122134193
fog,raw,C-L,uncentered,260924,823,-0.03607884741572484,-0.04172802945841498,0.005649182042690128
fog,raw,C-L,weather_centered,260924,823,0.08768700838749413,-0.03305761788533962,0.12074462627283371
fog,raw,C-R,uncentered,260924,823,-0.4258769396833009,-0.43479870732765946,0.008921767644358572
fog,raw,C-R,weather_centered,260924,823,0.18580993469872772,-0.04107576261927224,0.22688569731799993
fog,raw,L-R,uncentered,260924,823,0.4267404109293602,0.38992446889134197,0.036815942038018246
fog,raw,L-R,weather_centered,260924,823,0.49967913712172457,-0.1272901413961432,0.6269692785178678
fog,shared,C-L,uncentered,260924,823,0.9815576373185867,0.9815063422416147,5.129507697192634e-05
fog,shared,C-L,weather_centered,260924,823,-0.01712946558578594,0.00769842729758468,-0.024827892883370627
fog,shared,C-R,uncentered,260924,823,0.974383729135138,0.9743499441248595,3.378501027856141e-05
fog,shared,C-R,weather_centered,260924,823,0.010147706492147685,-0.0001402552916296375,0.010287961783777324
fog,shared,L-R,uncentered,260924,823,0.9887601733267034,0.9874049075295034,0.001355265797200011
fog,shared,L-R,weather_centered,260924,823,0.3255856824824502,-0.07524770240695311,0.4008333848894033
fog,specific,C-L,uncentered,260924,823,0.5390734950218217,0.5381243463060085,0.0009491487158132155
fog,specific,C-L,weather_centered,260924,823,-0.020659152185161407,0.005200173138521601,-0.02585932532368301
fog,specific,C-R,uncentered,260924,823,0.6811633247246072,0.6811187770839741,4.454764063306147e-05
fog,specific,C-R,weather_centered,260924,823,-0.010666096107858835,0.005332180294126383,-0.015998276401985218
fog,specific,L-R,uncentered,260924,823,0.5292858389567312,0.5289275247886531,0.0003583141680780572
fog,specific,L-R,weather_centered,260924,823,0.0018567976184556286,-0.0004720231276188239,0.002328820746074454
fog,raw,C-L,uncentered,260925,850,-0.035498579303670647,-0.04004157145984492,0.004542992156174259
fog,raw,C-L,weather_centered,260925,850,0.08656587566436176,-0.0004903638100778179,0.08705623947443958
fog,raw,C-R,uncentered,260925,850,-0.4252933331421273,-0.43337459562207775,0.00808126247995048
fog,raw,C-R,weather_centered,260925,850,0.1855354089612051,-0.018594053866494785,0.2041294628276999
fog,raw,L-R,uncentered,260925,850,0.426245257316275,0.39115315241698867,0.03509210489928633
fog,raw,L-R,weather_centered,260925,850,0.4953792692607325,-0.11428689635641505,0.6096661656171476
fog,shared,C-L,uncentered,260925,850,0.9814788918626675,0.9814461060289565,3.2785833710994764e-05
fog,shared,C-L,weather_centered,260925,850,-0.0159659058153809,0.00858721797607272,-0.024553123791453624
fog,shared,C-R,uncentered,260925,850,0.9741987781403091,0.9742318302861049,-3.305214579605492e-05
fog,shared,C-R,weather_centered,260925,850,0.01122778269060828,0.001239511500936073,0.0099882711896722
fog,shared,L-R,uncentered,260925,850,0.9886729186031695,0.9872803298951599,0.0013925887080097224
fog,shared,L-R,weather_centered,260925,850,0.3227451769729333,-0.0909935615046982,0.41373873847763154
fog,specific,C-L,uncentered,260925,850,0.5423422993463767,0.5402787951678426,0.002063504178533991
fog,specific,C-L,weather_centered,260925,850,-0.019998487114369287,0.005817694284748897,-0.025816181399118183
fog,specific,C-R,uncentered,260925,850,0.6809836638213089,0.6809390629111229,4.46009101860946e-05
fog,specific,C-R,weather_centered,260925,850,-0.009701471506226042,0.00717398251430055,-0.01687545402052659
fog,specific,L-R,uncentered,260925,850,0.532306977106974,0.531882808445276,0.0004241686616979604
fog,specific,L-R,weather_centered,260925,850,0.001356951249756354,-0.005476422317665363,0.006833373567421718
fog,raw,C-L,uncentered,260926,841,-0.035201348075373624,-0.040020875200404434,0.004819527125030808
fog,raw,C-L,weather_centered,260926,841,0.08397962285476833,-0.01909117287042535,0.10307079572519369
fog,raw,C-R,uncentered,260926,841,-0.42477419320878596,-0.4335011649960792,0.008726971787293316
fog,raw,C-R,weather_centered,260926,841,0.18487720067990912,-0.03304741824194347,0.21792461892185255
fog,raw,L-R,uncentered,260926,841,0.4261514909434648,0.3908143804146928,0.03533711052877193
fog,raw,L-R,weather_centered,260926,841,0.493622506140769,-0.10562582625305268,0.5992483323938217
fog,shared,C-L,uncentered,260926,841,0.9814165349769596,0.9814390298805453,-2.2494903585844936e-05
fog,shared,C-L,weather_centered,260926,841,-0.01672344264074301,0.0006102762008426579,-0.01733371884158567
fog,shared,C-R,uncentered,260926,841,0.9740534912246052,0.9740748032086479,-2.131198404292108e-05
fog,shared,C-R,weather_centered,260926,841,0.013103121644902996,-0.006784764683686521,0.019887886328589514
fog,shared,L-R,uncentered,260926,841,0.9886849690443884,0.9873596772486113,0.0013252917957770809
fog,shared,L-R,weather_centered,260926,841,0.314989388310153,-0.07290400376174722,0.38789339207190016
fog,specific,C-L,uncentered,260926,841,0.5421087007878315,0.5418056939747483,0.0003030068130831097
fog,specific,C-L,weather_centered,260926,841,-0.019178230780455698,0.0012472852474758444,-0.020425516027931544
fog,specific,C-R,uncentered,260926,841,0.680754279130957,0.680788857648088,-3.4578517131084285e-05
fog,specific,C-R,weather_centered,260926,841,-0.008379905058763017,0.0007015566248041251,-0.009081461683567138
fog,specific,L-R,uncentered,260926,841,0.5319510359597912,0.5315916280619821,0.0003594078978091564
fog,specific,L-R,weather_centered,260926,841,0.0023889541227805015,-0.004002232855248504,0.006391186978029008
fog,raw,C-L,uncentered,260927,836,-0.035306352125987345,-0.04034076854626928,0.0050344164202819315
fog,raw,C-L,weather_centered,260927,836,0.08766103635754563,-0.008503836022459688,0.09616487238000533
fog,raw,C-R,uncentered,260927,836,-0.4251150693125551,-0.433851251684137,0.008736182371581887
fog,raw,C-R,weather_centered,260927,836,0.1900553683405318,-0.03035282018901928,0.2204081885295511
fog,raw,L-R,uncentered,260927,836,0.4262432030426097,0.3897215026623963,0.0365217003802135
fog,raw,L-R,weather_centered,260927,836,0.4912721649240719,-0.11362813526820413,0.604900300192276
fog,shared,C-L,uncentered,260927,836,0.9815127712715035,0.9814794147723486,3.3356499154917226e-05
fog,shared,C-L,weather_centered,260927,836,-0.01948032966109642,0.001836727029574084,-0.021317056690670497
fog,shared,C-R,uncentered,260927,836,0.9741451688625857,0.9741786624033111,-3.349354072540179e-05
fog,shared,C-R,weather_centered,260927,836,0.012531451221516979,-0.0029794642839259286,0.015510915505442906
fog,shared,L-R,uncentered,260927,836,0.988645309019506,0.9873419038708678,0.0013034051486380425
fog,shared,L-R,weather_centered,260927,836,0.33127765048499636,-0.07722727491112578,0.4085049253961222
fog,specific,C-L,uncentered,260927,836,0.5440405828182232,0.5420191058735411,0.002021476944682055
fog,specific,C-L,weather_centered,260927,836,-0.02120317925055319,0.0072659656306695965,-0.02846914488122278
fog,specific,C-R,uncentered,260927,836,0.680808608469528,0.6808577949936577,-4.918652412965844e-05
fog,specific,C-R,weather_centered,260927,836,-0.009147985622529475,0.001160776553157286,-0.01030876217568676
fog,specific,L-R,uncentered,260927,836,0.5336485199540343,0.5333111750776084,0.00033734487642581295
fog,specific,L-R,weather_centered,260927,836,-0.0024340058384006618,0.003065080047483984,-0.005499085885884647
fog,raw,C-L,uncentered,260928,842,-0.035795195906571715,-0.040329481628156166,0.004534285721584447
fog,raw,C-L,weather_centered,260928,842,0.08518341793926223,-0.018710117739350465,0.10389353567861272
fog,raw,C-R,uncentered,260928,842,-0.4252382056365229,-0.4334731402908274,0.008234934654304466
fog,raw,C-R,weather_centered,260928,842,0.1842131096432507,-0.026394807916550675,0.21060791755980138
fog,raw,L-R,uncentered,260928,842,0.426401638946708,0.39233120157165896,0.03407043737504914
fog,raw,L-R,weather_centered,260928,842,0.4924295810190895,-0.09558267592550794,0.5880122569445975
fog,shared,C-L,uncentered,260928,842,0.9814083396869557,0.9814583980010452,-5.005831408949784e-05
fog,shared,C-L,weather_centered,260928,842,-0.016840546537705944,0.0030843548633114268,-0.019924901401017374
fog,shared,C-R,uncentered,260928,842,0.9742207541393895,0.9742730578870284,-5.230374763904666e-05
fog,shared,C-R,weather_centered,260928,842,0.013574636333724242,-0.0019691261010533955,0.01554376243477764
fog,shared,L-R,uncentered,260928,842,0.9887277715511411,0.9874302829490387,0.0012974886021024858
fog,shared,L-R,weather_centered,260928,842,0.3142265572282302,-0.05714932406459813,0.3713758812928283
fog,specific,C-L,uncentered,260928,842,0.5402863593072351,0.5394497072838973,0.0008366520233379964
fog,specific,C-L,weather_centered,260928,842,-0.019510277748724283,0.003767034234477563,-0.023277311983201845
fog,specific,C-R,uncentered,260928,842,0.6808764038219698,0.6809661724456789,-8.976862370917427e-05
fog,specific,C-R,weather_centered,260928,842,-0.00792841957831464,0.002586405589671787,-0.010514825167986429
fog,specific,L-R,uncentered,260928,842,0.5301960499356781,0.5298299528856611,0.0003660970500169828
fog,specific,L-R,weather_centered,260928,842,0.0014579325996952521,0.008821998909327887,-0.007364066309632633
fog,raw,C-L,uncentered,260929,823,-0.03550715498310105,-0.04052647998346785,0.0050193250003667984
fog,raw,C-L,weather_centered,260929,823,0.08828320831583138,-0.018461902319955575,0.10674511063578693
fog,raw,C-R,uncentered,260929,823,-0.42486584571977865,-0.4334176944616716,0.008551848741892968
fog,raw,C-R,weather_centered,260929,823,0.18994577913507912,-0.02531118517445392,0.21525696430953303
fog,raw,L-R,uncentered,260929,823,0.4257082788328736,0.3915471553963399,0.034161123436533804
fog,raw,L-R,weather_centered,260929,823,0.49283296039530744,-0.10095947000548912,0.5937924304007967
fog,shared,C-L,uncentered,260929,823,0.981409163610918,0.9814884054602396,-7.924184932152439e-05
fog,shared,C-L,weather_centered,260929,823,-0.017554609793960275,0.006057217900411127,-0.02361182769437141
fog,shared,C-R,uncentered,260929,823,0.9741795127739975,0.9741782974860673,1.2152879301960916e-06
fog,shared,C-R,weather_centered,260929,823,0.011681307173617882,-0.003675634048932233,0.015356941222550114
fog,shared,L-R,uncentered,260929,823,0.9886895817377329,0.9874153854982152,0.001274196239517778
fog,shared,L-R,weather_centered,260929,823,0.3166137614032357,-0.05914706995619982,0.37576083135943555
fog,specific,C-L,uncentered,260929,823,0.541841090496538,0.5428449309110154,-0.0010038404144772674
fog,specific,C-L,weather_centered,260929,823,-0.020251279624945735,0.0040627894649520845,-0.02431406908989782
fog,specific,C-R,uncentered,260929,823,0.6809182171305047,0.6808803769459315,3.784018457323391e-05
fog,specific,C-R,weather_centered,260929,823,-0.007863318413909888,0.0030597878494658098,-0.010923106263375696
fog,specific,L-R,uncentered,260929,823,0.5314733158531817,0.5311908101958371,0.0002825056573445003
fog,specific,L-R,weather_centered,260929,823,0.0016749536705785815,0.0027555587385486545,-0.0010806050679700741
fog,raw,C-L,uncentered,260930,833,-0.03552639267644735,-0.04121144730850382,0.005685054632056462
fog,raw,C-L,weather_centered,260930,833,0.08351191173177941,-0.030178434499977168,0.11369034623175658
fog,raw,C-R,uncentered,260930,833,-0.4250013728361871,-0.4337137035204322,0.008712330684245125
fog,raw,C-R,weather_centered,260930,833,0.18675910969396428,-0.025007873687848518,0.21176698338181282
fog,raw,L-R,uncentered,260930,833,0.42595604906263485,0.3917043275592227,0.034251721503412255
fog,raw,L-R,weather_centered,260930,833,0.4871724228814292,-0.08995554109951588,0.5771279639809451
fog,shared,C-L,uncentered,260930,833,0.9814424526892975,0.981501451145386,-5.899845608830583e-05
fog,shared,C-L,weather_centered,260930,833,-0.015161892264079997,0.007715719411820674,-0.022877611675900675
fog,shared,C-R,uncentered,260930,833,0.9741474797714301,0.9742418410191912,-9.43612477611745e-05
fog,shared,C-R,weather_centered,260930,833,0.013596089714446803,-0.004381947616840163,0.017978037331286965
fog,shared,L-R,uncentered,260930,833,0.9886716117279878,0.9873044444892508,0.001367167238737012
fog,shared,L-R,weather_centered,260930,833,0.3075814250163629,-0.07033505118115689,0.37791647619751984
fog,specific,C-L,uncentered,260930,833,0.5417512413910173,0.5421988947789416,-0.00044765338792436245
fog,specific,C-L,weather_centered,260930,833,-0.020768848279593827,0.0034782347870908345,-0.02424708306668466
fog,specific,C-R,uncentered,260930,833,0.6807250292544315,0.6809879533367111,-0.0002629240822795576
fog,specific,C-R,weather_centered,260930,833,-0.00933572563463558,0.003083068014849323,-0.012418793649484904
fog,specific,L-R,uncentered,260930,833,0.5314567521764396,0.5311462900558851,0.0003104621205545663
fog,specific,L-R,weather_centered,260930,833,0.00112982528403086,-0.001596427177988736,0.002726252462019596
fog,raw,C-L,uncentered,260931,860,-0.03581974219440609,-0.0417597858502658,0.005940043655859716
fog,raw,C-L,weather_centered,260931,860,0.08787315704207255,-0.02653854387541056,0.11441170091748311
fog,raw,C-R,uncentered,260931,860,-0.42542323555708167,-0.434414712628763,0.008991477071681348
fog,raw,C-R,weather_centered,260931,860,0.18791094902310762,-0.04017928410545342,0.22809023312856105
fog,raw,L-R,uncentered,260931,860,0.4261960329407937,0.39137173885195764,0.03482429408883602
fog,raw,L-R,weather_centered,260931,860,0.49077938453368913,-0.11299815706639489,0.6037775416000839
fog,shared,C-L,uncentered,260931,860,0.9814802089065386,0.981470180785223,1.0028121315658592e-05
fog,shared,C-L,weather_centered,260931,860,-0.0164326268903705,0.006092589822510054,-0.022525216712880547
fog,shared,C-R,uncentered,260931,860,0.9743596959053613,0.9742038923991116,0.00015580350624968284
fog,shared,C-R,weather_centered,260931,860,0.010299102801129091,-0.001507046853340716,0.011806149654469807
fog,shared,L-R,uncentered,260931,860,0.9887089522838106,0.9873739540837333,0.001334998200077283
fog,shared,L-R,weather_centered,260931,860,0.3116258270627198,-0.093933528580968,0.4055593556436878
fog,specific,C-L,uncentered,260931,860,0.53977331606657,0.5394154698263823,0.00035784624018754443
fog,specific,C-L,weather_centered,260931,860,-0.020265604606238115,0.00354429747288218,-0.023809902079120298
fog,specific,C-R,uncentered,260931,860,0.6811782452656692,0.6809102892273271,0.00026795603834203335
fog,specific,C-R,weather_centered,260931,860,-0.011227323264089558,0.004562799269245146,-0.015790122533334703
fog,specific,L-R,uncentered,260931,860,0.5298214454486316,0.5295137608429501,0.0003076846056814945
fog,specific,L-R,weather_centered,260931,860,0.00016476547865135272,0.0019390057847165697,-0.0017742403060652164
fog,raw,C-L,uncentered,260932,816,-0.03506926233945663,-0.03985952863035867,0.004790266290902042
fog,raw,C-L,weather_centered,260932,816,0.08661167692888413,-0.004277052186600727,0.09088872911548487
fog,raw,C-R,uncentered,260932,816,-0.42483983445007645,-0.4329688971071916,0.00812906265711512
fog,raw,C-R,weather_centered,260932,816,0.18727151408333093,-0.01555397673259006,0.20282549081592097
fog,raw,L-R,uncentered,260932,816,0.4265657214096832,0.3913101758774172,0.03525554553226592
fog,raw,L-R,weather_centered,260932,816,0.4929436914032694,-0.09837740936012912,0.5913211007633986
fog,shared,C-L,uncentered,260932,816,0.981487437706773,0.9814024554348597,8.498227191333954e-05
fog,shared,C-L,weather_centered,260932,816,-0.019314251842601615,0.003198354912598449,-0.022512606755200067
fog,shared,C-R,uncentered,260932,816,0.9741194392143623,0.9741753514195538,-5.591220519141316e-05
fog,shared,C-R,weather_centered,260932,816,0.011608547518845597,0.0021497414742456503,0.009458806044599949
fog,shared,L-R,uncentered,260932,816,0.9886252844781325,0.9875272069075595,0.0010980775705729353
fog,shared,L-R,weather_centered,260932,816,0.31380586497114465,-0.038815642349385726,0.3526215073205304
fog,specific,C-L,uncentered,260932,816,0.5410355806125682,0.5391245108973987,0.0019110697151694677
fog,specific,C-L,weather_centered,260932,816,-0.02072314669987199,0.005420033519460469,-0.02614318021933246
fog,specific,C-R,uncentered,260932,816,0.680774687118086,0.68108823827278,-0.0003135511546939498
fog,specific,C-R,weather_centered,260932,816,-0.009174834403193746,0.007483018462425861,-0.016657852865619608
fog,specific,L-R,uncentered,260932,816,0.5309327501013722,0.5309149430372964,1.7807064075964435e-05
fog,specific,L-R,weather_centered,260932,816,0.0015930739582530557,0.0003889495018488469,0.00120412445640421
rain,raw,C-L,uncentered,260923,1056,-0.04435938765159293,-0.05136714161904756,0.007007753967454632
rain,raw,C-L,weather_centered,260923,1056,0.15509880441874563,-0.0254047081392367,0.18050351255798233
rain,raw,C-R,uncentered,260923,1056,-0.4091575035861987,-0.413265731931671,0.0041082283454723124
rain,raw,C-R,weather_centered,260923,1056,0.15259832594514294,-0.018954860558944027,0.17155318650408696
rain,raw,L-R,uncentered,260923,1056,0.4422365158390783,0.4221098640307781,0.020126651808300148
rain,raw,L-R,weather_centered,260923,1056,0.4401769854045844,-0.06682612834958294,0.5070031137541673
rain,shared,C-L,uncentered,260923,1056,0.979471716671254,0.9795079727391416,-3.625606788752386e-05
rain,shared,C-L,weather_centered,260923,1056,-0.012762188260316134,0.00981121612794481,-0.02257340438826094
rain,shared,C-R,uncentered,260923,1056,0.9691800604011815,0.9690997138461259,8.034655505573693e-05
rain,shared,C-R,weather_centered,260923,1056,-0.031105900525059398,0.012114721997892016,-0.043220622522951405
rain,shared,L-R,uncentered,260923,1056,0.988230291812176,0.9878181603657817,0.00041213144639443334
rain,shared,L-R,weather_centered,260923,1056,0.178214419985968,-0.03445825653800446,0.21267267652397248
rain,specific,C-L,uncentered,260923,1056,0.4386615179298185,0.4393749349912909,-0.0007134170614724154
rain,specific,C-L,weather_centered,260923,1056,-0.014771246277561077,-0.004586655382531723,-0.010184590895029355
rain,specific,C-R,uncentered,260923,1056,0.671854500818621,0.6716447436467017,0.00020975717191930058
rain,specific,C-R,weather_centered,260923,1056,-0.03006795357007529,0.009036913199518503,-0.039104866769593793
rain,specific,L-R,uncentered,260923,1056,0.4312363795165951,0.43101779677018803,0.00021858274640703467
rain,specific,L-R,weather_centered,260923,1056,0.013287192794893123,0.005564856623477277,0.007722336171415846
rain,raw,C-L,uncentered,260924,1052,-0.0442782772888894,-0.050844058147488914,0.006565780858599513
rain,raw,C-L,weather_centered,260924,1052,0.16812842184951643,-0.01214176301197194,0.18027018486148838
rain,raw,C-R,uncentered,260924,1052,-0.40893331946341244,-0.413032067210137,0.004098747746724624
rain,raw,C-R,weather_centered,260924,1052,0.15691341526427324,-0.010006655078240662,0.1669200703425139
rain,raw,L-R,uncentered,260924,1052,0.4422910282443205,0.4223029980752389,0.019988030169081544
rain,raw,L-R,weather_centered,260924,1052,0.4352799466426261,-0.0618896625232582,0.4971696091658843
rain,shared,C-L,uncentered,260924,1052,0.9795222756018988,0.9794587792312182,6.349637068043747e-05
rain,shared,C-L,weather_centered,260924,1052,-0.016329136824858852,0.008615454967242078,-0.024944591792100925
rain,shared,C-R,uncentered,260924,1052,0.9691107095257944,0.969234838335868,-0.00012412881007350075
rain,shared,C-R,weather_centered,260924,1052,-0.03573344698441857,0.014359429762558945,-0.05009287674697751
rain,shared,L-R,uncentered,260924,1052,0.9881544633016829,0.9879095584144048,0.00024490488727794794
rain,shared,L-R,weather_centered,260924,1052,0.17310889465664106,-0.03729519406554052,0.21040408872218158
rain,specific,C-L,uncentered,260924,1052,0.43803228344133066,0.4383473451716408,-0.0003150617303102148
rain,specific,C-L,weather_centered,260924,1052,-0.01338176821553205,-0.0013046127811973415,-0.012077155434334706
rain,specific,C-R,uncentered,260924,1052,0.6716937984881552,0.6720644282788751,-0.0003706297907199758
rain,specific,C-R,weather_centered,260924,1052,-0.031052966648801597,0.007738851612688593,-0.03879181826149019
rain,specific,L-R,uncentered,260924,1052,0.4306130115290493,0.43075495905406264,-0.0001419475250133165
rain,specific,L-R,weather_centered,260924,1052,0.012280956365543114,-0.011312197569774902,0.023593153935318016
rain,raw,C-L,uncentered,260925,1060,-0.044582083618159886,-0.050540923018894006,0.005958839400734118
rain,raw,C-L,weather_centered,260925,1060,0.16309795294664498,-0.00677401130199224,0.16987196424863724
rain,raw,C-R,uncentered,260925,1060,-0.40935426118493595,-0.41253563202118354,0.003181370836247598
rain,raw,C-R,weather_centered,260925,1060,0.1540351576867559,0.005887531237292959,0.14814762644946292
rain,raw,L-R,uncentered,260925,1060,0.4421971842105073,0.4226048127645593,0.019592371445947904
rain,raw,L-R,weather_centered,260925,1060,0.4436369528933281,-0.03500423124253325,0.4786411841358614
rain,shared,C-L,uncentered,260925,1060,0.979474821416206,0.9794857219740817,-1.0900557875676638e-05
rain,shared,C-L,weather_centered,260925,1060,-0.01632881466207965,-5.7533900507544075e-05,-0.016271280761572103
rain,shared,C-R,uncentered,260925,1060,0.9694415432068152,0.969122467085649,0.00031907612116602053
rain,shared,C-R,weather_centered,260925,1060,-0.034166075611096774,0.003238222823465796,-0.03740429843456256
rain,shared,L-R,uncentered,260925,1060,0.9883663491874963,0.9878910102485188,0.0004753389389777798
rain,shared,L-R,weather_centered,260925,1060,0.17211789463891217,-0.011578333043074589,0.18369622768198673
rain,specific,C-L,uncentered,260925,1060,0.43810021167595276,0.43967145532935664,-0.0015712436534038178
rain,specific,C-L,weather_centered,260925,1060,-0.014403058603845281,0.0038541862996953826,-0.018257244903540668
rain,specific,C-R,uncentered,260925,1060,0.6726696760643195,0.6719849353742882,0.0006847406900314392
rain,specific,C-R,weather_centered,260925,1060,-0.03202368134394268,0.007934614771742518,-0.0399582961156852
rain,specific,L-R,uncentered,260925,1060,0.43106429161466236,0.43068915515581335,0.00037513645884894856
rain,specific,L-R,weather_centered,260925,1060,0.016165533372590725,-0.0038028967718893064,0.019968430144480027
rain,raw,C-L,uncentered,260926,1070,-0.044508263762291916,-0.0508904460486511,0.00638218228635918
rain,raw,C-L,weather_centered,260926,1070,0.1594478105275237,-0.017502283475854925,0.1769500940033786
rain,raw,C-R,uncentered,260926,1070,-0.40914868801715976,-0.41304575352375056,0.0038970655065908135
rain,raw,C-R,weather_centered,260926,1070,0.15681429735261163,-0.020054396423860903,0.17686869377647252
rain,raw,L-R,uncentered,260926,1070,0.4420955698062944,0.4219614036595167,0.020134166146777738
rain,raw,L-R,weather_centered,260926,1070,0.44648508629373346,-0.056937180659405916,0.5034222669531393
rain,shared,C-L,uncentered,260926,1070,0.9794963717633364,0.9794839393938312,1.2432369505085531e-05
rain,shared,C-L,weather_centered,260926,1070,-0.016024823643770936,0.00724358829017144,-0.023268411933942378
rain,shared,C-R,uncentered,260926,1070,0.9692763340144984,0.9691669168208444,0.00010941719365410036
rain,shared,C-R,weather_centered,260926,1070,-0.03446596702914739,0.01601630242478384,-0.05048226945393123
rain,shared,L-R,uncentered,260926,1070,0.9882701859765458,0.9879071587388897,0.0003630272376557882
rain,shared,L-R,weather_centered,260926,1070,0.1722391366790667,-0.014919369968614713,0.18715850664768144
rain,specific,C-L,uncentered,260926,1070,0.4377577692549117,0.4396211117583513,-0.0018633425034395455
rain,specific,C-L,weather_centered,260926,1070,-0.013409729621229318,-0.001554367537180925,-0.011855362084048393
rain,specific,C-R,uncentered,260926,1070,0.6722658986958243,0.6719385379610472,0.00032736073477716767
rain,specific,C-R,weather_centered,260926,1070,-0.030802882395663953,0.0040406310800270686,-0.03484351347569102
rain,specific,L-R,uncentered,260926,1070,0.43051989102691357,0.43032969294449686,0.00019019808241672545
rain,specific,L-R,weather_centered,260926,1070,0.015025715628861581,-0.0013511505254239862,0.01637686615428556
rain,raw,C-L,uncentered,260927,1022,-0.0434054439235223,-0.05099581550012436,0.00759037157660206
rain,raw,C-L,weather_centered,260927,1022,0.1646617991565503,-0.025396263796764115,0.1900580629533144
rain,raw,C-R,uncentered,260927,1022,-0.40892337005287105,-0.41315560781187155,0.004232237759000543
rain,raw,C-R,weather_centered,260927,1022,0.1584553924788085,-0.02762752054103594,0.18608291301984442
rain,raw,L-R,uncentered,260927,1022,0.4418445983754769,0.422799293847871,0.01904530452760589
rain,raw,L-R,weather_centered,260927,1022,0.4333597040165879,-0.05399929148495923,0.48735899550154715
rain,shared,C-L,uncentered,260927,1022,0.9794862865660489,0.9795203624454647,-3.40758794157568e-05
rain,shared,C-L,weather_centered,260927,1022,-0.01593365560785373,0.004829990519065862,-0.020763646126919593
rain,shared,C-R,uncentered,260927,1022,0.969331661320952,0.969249114077397,8.254724355505904e-05
rain,shared,C-R,weather_centered,260927,1022,-0.03940080823394414,0.0070560223125773,-0.046456830546521444
rain,shared,L-R,uncentered,260927,1022,0.9883118353501179,0.9879329185186388,0.00037891683147915325
rain,shared,L-R,weather_centered,260927,1022,0.17234327555248596,-0.01889124884547646,0.19123452439796243
rain,specific,C-L,uncentered,260927,1022,0.4397502703731431,0.43883400489362434,0.0009162654795188292
rain,specific,C-L,weather_centered,260927,1022,-0.013899605067348829,0.0007909321136627854,-0.014690537181011615
rain,specific,C-R,uncentered,260927,1022,0.6724233247266375,0.6721095691322184,0.00031375559441895637
rain,specific,C-R,weather_centered,260927,1022,-0.033089133312331376,0.0006844900991326251,-0.033773623411464004
rain,specific,L-R,uncentered,260927,1022,0.4325890173934528,0.4323674908541277,0.00022152653932514622
rain,specific,L-R,weather_centered,260927,1022,0.01558479648053231,0.002999869507519813,0.012584926973012493
rain,raw,C-L,uncentered,260928,1055,-0.044144087305068046,-0.05102147908327028,0.006877391778202237
rain,raw,C-L,weather_centered,260928,1055,0.16209257418656697,-0.031156400241811634,0.19324897442837863
rain,raw,C-R,uncentered,260928,1055,-0.4092794532156705,-0.4130862434405999,0.003806790224929434
rain,raw,C-R,weather_centered,260928,1055,0.15693183820092182,-0.02740117883404265,0.1843330170349645
rain,raw,L-R,uncentered,260928,1055,0.4418458001490503,0.4210116530654151,0.020834147083635127
rain,raw,L-R,weather_centered,260928,1055,0.43940065737522127,-0.08692179353423775,0.526322450909459
rain,shared,C-L,uncentered,260928,1055,0.9794847526339702,0.9795321586911739,-4.7406057203604856e-05
rain,shared,C-L,weather_centered,260928,1055,-0.012978215216744528,0.0001836748137657185,-0.01316189003051025
rain,shared,C-R,uncentered,260928,1055,0.9693552734410766,0.9690480698387932,0.0003072036022835528
rain,shared,C-R,weather_centered,260928,1055,-0.03523111517044319,0.013578711995094713,-0.0488098271655379
rain,shared,L-R,uncentered,260928,1055,0.9883948061681039,0.9878322368495056,0.000562569318598493
rain,shared,L-R,weather_centered,260928,1055,0.1791028770770432,-0.008851234961800129,0.18795411203884332
rain,specific,C-L,uncentered,260928,1055,0.43789592120932125,0.4395997640905625,-0.0017038428812412474
rain,specific,C-L,weather_centered,260928,1055,-0.012689927883817141,0.0012212083813594413,-0.013911136265176581
rain,specific,C-R,uncentered,260928,1055,0.6723106374238973,0.6716848166189168,0.0006258208049804882
rain,specific,C-R,weather_centered,260928,1055,-0.03165186532080297,0.011929583306029936,-0.0435814486268329
rain,specific,L-R,uncentered,260928,1055,0.4307168336321708,0.43027598872795586,0.00044084490421498145
rain,specific,L-R,weather_centered,260928,1055,0.01397940353079727,-0.0017090522687749222,0.015688455799572194
rain,raw,C-L,uncentered,260929,1066,-0.044330555280325604,-0.05166892999266781,0.007338374712342203
rain,raw,C-L,weather_centered,260929,1066,0.1594614594869162,-0.021325641725058075,0.18078710121197428
rain,raw,C-R,uncentered,260929,1066,-0.40913660871833374,-0.41343531202063566,0.004298703302301952
rain,raw,C-R,weather_centered,260929,1066,0.1550995176284521,-0.012264708444364019,0.1673642260728161
rain,raw,L-R,uncentered,260929,1066,0.44227766213580955,0.42231280559293377,0.01996485654287581
rain,raw,L-R,weather_centered,260929,1066,0.443522258126209,-0.0633674321898306,0.5068896903160396
rain,shared,C-L,uncentered,260929,1066,0.9794942474413424,0.9794616502355068,3.259720583558306e-05
rain,shared,C-L,weather_centered,260929,1066,-0.015860578139904255,-0.0008157124691572107,-0.015044865670747042
rain,shared,C-R,uncentered,260929,1066,0.969245870312327,0.9693153326240593,-6.946231173222802e-05
rain,shared,C-R,weather_centered,260929,1066,-0.033627079531089,-0.000552076045073271,-0.03307500348601575
rain,shared,L-R,uncentered,260929,1066,0.9882766316898385,0.9879763871892584,0.00030024450058018805
rain,shared,L-R,weather_centered,260929,1066,0.1773846373229537,-0.011700509547387522,0.18908514687034123
rain,specific,C-L,uncentered,260929,1066,0.43936472321828773,0.4374926950856439,0.001872028132643775
rain,specific,C-L,weather_centered,260929,1066,-0.013733970795657073,0.0007103121327093519,-0.014444282928366423
rain,specific,C-R,uncentered,260929,1066,0.6721903099365425,0.6722102085404079,-1.989860386546384e-05
rain,specific,C-R,weather_centered,260929,1066,-0.03125561562771417,-9.54611125661352e-06,-0.03124606951645756
rain,specific,L-R,uncentered,260929,1066,0.4321374072482297,0.4320437826909769,9.36245572528282e-05
rain,specific,L-R,weather_centered,260929,1066,0.014278298179530474,-0.0006277094849448894,0.01490600766447536
rain,raw,C-L,uncentered,260930,1077,-0.044455529041584986,-0.051777945110678916,0.007322416069093934
rain,raw,C-L,weather_centered,260930,1077,0.15696724673366277,-0.028176489763539432,0.1851437364972022
rain,raw,C-R,uncentered,260930,1077,-0.40906531888265746,-0.41326105569405386,0.004195736811396439
rain,raw,C-R,weather_centered,260930,1077,0.1566661076788262,-0.023656417629359872,0.1803225253081861
rain,raw,L-R,uncentered,260930,1077,0.4423202303409697,0.4213000901416318,0.021020140199337994
rain,raw,L-R,weather_centered,260930,1077,0.4456421632224043,-0.0791496867853868,0.5247918500077912
rain,shared,C-L,uncentered,260930,1077,0.9795216865031301,0.9795096482632514,1.2038239878486505e-05
rain,shared,C-L,weather_centered,260930,1077,-0.015536912013305055,0.007733285756510366,-0.023270197769815423
rain,shared,C-R,uncentered,260930,1077,0.9691948857393179,0.9690468910626406,0.0001479946766772473
rain,shared,C-R,weather_centered,260930,1077,-0.033355699499538725,0.012923227763935811,-0.04627892726347453
rain,shared,L-R,uncentered,260930,1077,0.9882105937768036,0.9877963755961945,0.0004142181806093368
rain,shared,L-R,weather_centered,260930,1077,0.1702920780777022,-0.03955426956509678,0.20984634764279897
rain,specific,C-L,uncentered,260930,1077,0.43927223868105547,0.43981733955747443,-0.000545100876418941
rain,specific,C-L,weather_centered,260930,1077,-0.012694371255071817,0.0020419389797078375,-0.014736310234779653
rain,specific,C-R,uncentered,260930,1077,0.6720878104697278,0.6717229872731112,0.00036482319661659097
rain,specific,C-R,weather_centered,260930,1077,-0.03145893676979672,0.009225257285615808,-0.04068419405541252
rain,specific,L-R,uncentered,260930,1077,0.431973151125812,0.43174746345037784,0.0002256876754341231
rain,specific,L-R,weather_centered,260930,1077,0.015317774265274177,-0.0035550263845849864,0.01887280064985916
rain,raw,C-L,uncentered,260931,1069,-0.0445981362441752,-0.05041063298532485,0.005812496741149652
rain,raw,C-L,weather_centered,260931,1069,0.16457123954216538,-0.00025679994713256735,0.16482803948929792
rain,raw,C-R,uncentered,260931,1069,-0.4095957250467974,-0.4131326500829753,0.0035369250361778327
rain,raw,C-R,weather_centered,260931,1069,0.155081099227922,-0.004380774428837467,0.15946187365675946
rain,raw,L-R,uncentered,260931,1069,0.44196073271417896,0.4215021794475348,0.020458553266644124
rain,raw,L-R,weather_centered,260931,1069,0.4387588020906607,-0.07233119447857288,0.5110899965692336
rain,shared,C-L,uncentered,260931,1069,0.9795375706757823,0.979520656606769,1.691406901318601e-05
rain,shared,C-L,weather_centered,260931,1069,-0.01403591297883505,0.003472520154883647,-0.0175084331337187
rain,shared,C-R,uncentered,260931,1069,0.9693608658207148,0.9692003915535351,0.0001604742671795397
rain,shared,C-R,weather_centered,260931,1069,-0.03452187624853906,0.009877828607820311,-0.04439970485635937
rain,shared,L-R,uncentered,260931,1069,0.9882605176244325,0.9878302619455801,0.00043025567885234635
rain,shared,L-R,weather_centered,260931,1069,0.1652938793566997,-0.0451961239365482,0.21049000329324785
rain,specific,C-L,uncentered,260931,1069,0.43873761130837496,0.4382752392313036,0.00046237207707130123
rain,specific,C-L,weather_centered,260931,1069,-0.01405218897780264,0.005294330981114835,-0.019346519958917476
rain,specific,C-R,uncentered,260931,1069,0.6722421264757397,0.6720609439138082,0.00018118256193141568
rain,specific,C-R,weather_centered,260931,1069,-0.02812140146423323,0.008532089582077374,-0.036653491046310605
rain,specific,L-R,uncentered,260931,1069,0.4314451247339178,0.4312903398646505,0.00015478486926737858
rain,specific,L-R,weather_centered,260931,1069,0.012585564669279046,-0.004508301139352901,0.017093865808631946
rain,raw,C-L,uncentered,260932,1033,-0.04448863283630161,-0.05145341838428388,0.006964785547982276
rain,raw,C-L,weather_centered,260932,1033,0.1633374182283321,-0.028862757080524812,0.19220017530885689
rain,raw,C-R,uncentered,260932,1033,-0.40927254077333475,-0.41320120657258347,0.003928665799248696
rain,raw,C-R,weather_centered,260932,1033,0.1594297717124912,-0.029171810785020864,0.18860158249751208
rain,raw,L-R,uncentered,260932,1033,0.4420997626024337,0.42151469760594473,0.02058506499648893
rain,raw,L-R,weather_centered,260932,1033,0.4519358096469204,-0.08337371409697554,0.5353095237438958
rain,shared,C-L,uncentered,260932,1033,0.9794290569249889,0.9794935088828263,-6.445195783729576e-05
rain,shared,C-L,weather_centered,260932,1033,-0.013535799420731317,0.013897208759983716,-0.027433008180715035
rain,shared,C-R,uncentered,260932,1033,0.9693831476732767,0.9691209232601714,0.0002622244131053469
rain,shared,C-R,weather_centered,260932,1033,-0.03619880638288596,0.013802559881985966,-0.05000136626487193
rain,shared,L-R,uncentered,260932,1033,0.9883809043134648,0.9878268387927901,0.0005540655206748961
rain,shared,L-R,weather_centered,260932,1033,0.1719287583708359,-0.04641298422392379,0.2183417425947597
rain,specific,C-L,uncentered,260932,1033,0.4377756005065681,0.43973660338268195,-0.0019610028761138892
rain,specific,C-L,weather_centered,260932,1033,-0.01416969143381417,0.0006973157471294321,-0.014867007180943597
rain,specific,C-R,uncentered,260932,1033,0.6725969442968112,0.6719165542610115,0.0006803900357995741
rain,specific,C-R,weather_centered,260932,1033,-0.029271881388165458,0.007865472521214242,-0.0371373539093797
rain,specific,L-R,uncentered,260932,1033,0.4307276466060941,0.43030499817698703,0.00042264842910700093
rain,specific,L-R,weather_centered,260932,1033,0.013511245621122629,-0.008958490583358526,0.022469736204481155
sleet,raw,C-L,uncentered,260923,887,-0.008956701299203146,-0.00996140850358904,0.0010047072043858948
sleet,raw,C-L,weather_centered,260923,887,-0.0068769192901537626,0.0010436898844096798,-0.007920609174563442
sleet,raw,C-R,uncentered,260923,887,-0.40322308147762803,-0.40777971994080797,0.0045566384631799605
sleet,raw,C-R,weather_centered,260923,887,0.07832523012521812,-0.030258951595595326,0.10858418172081347
sleet,raw,L-R,uncentered,260923,887,0.426089976376957,0.41171608665911835,0.014373889717838607
sleet,raw,L-R,weather_centered,260923,887,0.20890331748645097,-0.0070608347426706596,0.2159641522291216
sleet,shared,C-L,uncentered,260923,887,0.9783141060694153,0.9781586121670571,0.00015549390235814533
sleet,shared,C-L,weather_centered,260923,887,0.04093020990740018,-0.0094043028892105,0.050334512796610664
sleet,shared,C-R,uncentered,260923,887,0.9723492798713724,0.9722724247815968,7.685508977544532e-05
sleet,shared,C-R,weather_centered,260923,887,0.01103675699341376,-0.015650488509652723,0.026687245503066483
sleet,shared,L-R,uncentered,260923,887,0.9855215521317718,0.984946169212557,0.0005753829192149947
sleet,shared,L-R,weather_centered,260923,887,0.13416315886615957,-0.011715521152936408,0.14587868001909599
sleet,specific,C-L,uncentered,260923,887,0.5727781772127267,0.5733059886070658,-0.0005278113943390699
sleet,specific,C-L,weather_centered,260923,887,-0.048876537670628585,0.004258755562861693,-0.053135293233490276
sleet,specific,C-R,uncentered,260923,887,0.6709778952748053,0.6709888284251069,-1.0933150301530228e-05
sleet,specific,C-R,weather_centered,260923,887,0.0340415834095586,-0.016970323391109647,0.05101190680066825
sleet,specific,L-R,uncentered,260923,887,0.5500791215190873,0.5501241455074178,-4.502398833052719e-05
sleet,specific,L-R,weather_centered,260923,887,-0.04899100799050189,0.01800961178674931,-0.06700061977725119
sleet,raw,C-L,uncentered,260924,890,-0.009124977638396339,-0.010280103460487678,0.00115512582209134
sleet,raw,C-L,weather_centered,260924,890,-0.005939763733816733,0.013215110101989896,-0.019154873835806625
sleet,raw,C-R,uncentered,260924,890,-0.4034465816311315,-0.40760792319374495,0.004161341562613409
sleet,raw,C-R,weather_centered,260924,890,0.08106149685887497,-0.009945669646200616,0.0910071665050756
sleet,raw,L-R,uncentered,260924,890,0.4258205718419641,0.41268769661746174,0.013132875224502285
sleet,raw,L-R,weather_centered,260924,890,0.2061855059605482,0.011656145100330846,0.19452936086021735
sleet,shared,C-L,uncentered,260924,890,0.9782846193131004,0.9782150865302397,6.953278286064808e-05
sleet,shared,C-L,weather_centered,260924,890,0.03964233908651377,-0.012602766205493086,0.05224510529200685
sleet,shared,C-R,uncentered,260924,890,0.9721838491416301,0.9724489607369877,-0.00026511159535772097
sleet,shared,C-R,weather_centered,260924,890,0.011289837364430394,-0.01081247165085021,0.022102309015280604
sleet,shared,L-R,uncentered,260924,890,0.9854374704344738,0.9851452900954535,0.0002921803390203795
sleet,shared,L-R,weather_centered,260924,890,0.13943298018853362,0.005625460010258092,0.13380752017827555
sleet,specific,C-L,uncentered,260924,890,0.57280243780433,0.5717763749217789,0.0010260628825510996
sleet,specific,C-L,weather_centered,260924,890,-0.049165999289671705,0.00573299002165174,-0.054898989311323435
sleet,specific,C-R,uncentered,260924,890,0.6709164172785158,0.6713285114485865,-0.00041209417007046525
sleet,specific,C-R,weather_centered,260924,890,0.03132649106119651,-0.007838944572966038,0.03916543563416255
sleet,specific,L-R,uncentered,260924,890,0.5501739054380526,0.5503785628027609,-0.00020465736470837644
sleet,specific,L-R,weather_centered,260924,890,-0.049813258460684594,0.013856707315663887,-0.0636699657763485
sleet,raw,C-L,uncentered,260925,882,-0.008813553357405616,-0.008910718386151229,9.716502874561545e-05
sleet,raw,C-L,weather_centered,260925,882,-0.011930667213215711,0.010888901466972413,-0.022819568680188133
sleet,raw,C-R,uncentered,260925,882,-0.40350937776209483,-0.40691162362729866,0.0034022458652038343
sleet,raw,C-R,weather_centered,260925,882,0.08428932732357486,-0.004372126013307688,0.08866145333688254
sleet,raw,L-R,uncentered,260925,882,0.4261083554377656,0.4124345300149834,0.01367382542278226
sleet,raw,L-R,weather_centered,260925,882,0.20744763101227132,-0.007773700186446815,0.21522133119871814
sleet,shared,C-L,uncentered,260925,882,0.978189184180018,0.9782103660695617,-2.1181889543573973e-05
sleet,shared,C-L,weather_centered,260925,882,0.04079372339359036,-0.013417077381189198,0.054210800774779556
sleet,shared,C-R,uncentered,260925,882,0.9727992167365644,0.9722724904507681,0.0005267262857963222
sleet,shared,C-R,weather_centered,260925,882,0.009558955738220572,-0.010641380458381498,0.020200336196602067
sleet,shared,L-R,uncentered,260925,882,0.9856786628254022,0.9851236412973965,0.0005550215280058508
sleet,shared,L-R,weather_centered,260925,882,0.13736751384915089,-0.004557984337579701,0.1419254981867306
sleet,specific,C-L,uncentered,260925,882,0.5623006506436415,0.565549732681965,-0.0032490820383235808
sleet,specific,C-L,weather_centered,260925,882,-0.048934392591692015,0.00403533633726245,-0.052969728928954456
sleet,specific,C-R,uncentered,260925,882,0.6721107543605335,0.6709829436954335,0.0011278106650999152
sleet,specific,C-R,weather_centered,260925,882,0.032939342550550796,-0.009502380823040906,0.04244172337359171
sleet,specific,L-R,uncentered,260925,882,0.5407405856555457,0.5403862208692297,0.000354364786316016
sleet,specific,L-R,weather_centered,260925,882,-0.046859826347974406,0.019036499609415163,-0.06589632595738958
sleet,raw,C-L,uncentered,260926,871,-0.009358055261528865,-0.009731858551440235,0.00037380328991136805
sleet,raw,C-L,weather_centered,260926,871,-0.01405901838280242,0.005703353253296976,-0.0197623716360994
sleet,raw,C-R,uncentered,260926,871,-0.40351741088031307,-0.40744875292828847,0.003931342047975429
sleet,raw,C-R,weather_centered,260926,871,0.08195503891908575,-0.012995385728331525,0.09495042464741726
sleet,raw,L-R,uncentered,260926,871,0.4260510110726021,0.41123517336490034,0.014815837707701856
sleet,raw,L-R,weather_centered,260926,871,0.2076457791958669,0.0040894140565287335,0.20355636513933817
sleet,shared,C-L,uncentered,260926,871,0.9782335638869806,0.9782262438878443,7.3199991363461346e-06
sleet,shared,C-L,weather_centered,260926,871,0.04009249254161238,-0.004003197338518457,0.04409568988013083
sleet,shared,C-R,uncentered,260926,871,0.9723357509393289,0.9722161010018628,0.0001196499374660613
sleet,shared,C-R,weather_centered,260926,871,0.009915062426058172,-0.00482419446542894,0.014739256891487116
sleet,shared,L-R,uncentered,260926,871,0.9854840182988054,0.9847338876289791,0.0007501306698264018
sleet,shared,L-R,weather_centered,260926,871,0.13833332156171813,0.0036981541028431124,0.13463516745887505
sleet,specific,C-L,uncentered,260926,871,0.5731665192787891,0.5749334281491721,-0.0017669088703830917
sleet,specific,C-L,weather_centered,260926,871,-0.049316528450912576,0.008170817780153487,-0.05748734623106607
sleet,specific,C-R,uncentered,260926,871,0.6710281820027549,0.6710515197212311,-2.333771847627189e-05
sleet,specific,C-R,weather_centered,260926,871,0.03325768898189569,-0.010958905127844924,0.0442165941097406
sleet,specific,L-R,uncentered,260926,871,0.5502907202659525,0.5501886547202185,0.0001020655457339973
sleet,specific,L-R,weather_centered,260926,871,-0.051229821580882545,0.020230755454713523,-0.07146057703559608
sleet,raw,C-L,uncentered,260927,869,-0.008786700203669617,-0.010066652480907637,0.0012799522772380225
sleet,raw,C-L,weather_centered,260927,869,-0.013004554839320998,-0.0004808375867023826,-0.012523717252618602
sleet,raw,C-R,uncentered,260927,869,-0.4039926523748818,-0.40827409845715623,0.004281446082274415
sleet,raw,C-R,weather_centered,260927,869,0.07607930681489022,-0.032520870636258525,0.10860017745114875
sleet,raw,L-R,uncentered,260927,869,0.4252905795323249,0.41212929015877786,0.013161289373546988
sleet,raw,L-R,weather_centered,260927,869,0.20522055617540585,0.003297474097319684,0.2019230820780862
sleet,shared,C-L,uncentered,260927,869,0.9782632232570635,0.9782429636096263,2.0259647437192688e-05
sleet,shared,C-L,weather_centered,260927,869,0.041530815305855236,-0.012110217007032128,0.053641032312887374
sleet,shared,C-R,uncentered,260927,869,0.9726308989823936,0.9726032331413501,2.766584104341866e-05
sleet,shared,C-R,weather_centered,260927,869,0.011184569393923241,-0.02044249537621001,0.031627064770133245
sleet,shared,L-R,uncentered,260927,869,0.9856228912794481,0.9852066065164798,0.0004162847629683283
sleet,shared,L-R,weather_centered,260927,869,0.1441413721304561,0.0026257776611577715,0.14151559446929837
sleet,specific,C-L,uncentered,260927,869,0.5700689491566666,0.5680444994629499,0.0020244496937168975
sleet,specific,C-L,weather_centered,260927,869,-0.048364613349654334,0.006235680634361904,-0.054600293984016245
sleet,specific,C-R,uncentered,260927,869,0.6719433026162291,0.6718010420463438,0.0001422605698854153
sleet,specific,C-R,weather_centered,260927,869,0.03254037498957779,-0.008401771888450786,0.040942146878028586
sleet,specific,L-R,uncentered,260927,869,0.5480986753995644,0.5479535952299697,0.0001450801695946822
sleet,specific,L-R,weather_centered,260927,869,-0.04932542166238921,0.009844980794262857,-0.05917040245665207
sleet,raw,C-L,uncentered,260928,879,-0.009294185130935563,-0.009034466414409203,-0.00025971871652636
sleet,raw,C-L,weather_centered,260928,879,-0.014453446259622678,0.013485297052600155,-0.027938743312222826
sleet,raw,C-R,uncentered,260928,879,-0.4033323854742265,-0.40721521010132555,0.003882824627099008
sleet,raw,C-R,weather_centered,260928,879,0.08098745225703263,-0.016677354525807313,0.09766480678283995
sleet,raw,L-R,uncentered,260928,879,0.4259297215047297,0.41239387660395244,0.013535844900777288
sleet,raw,L-R,weather_centered,260928,879,0.20023482820068997,-0.005041219396020522,0.20527604759671048
sleet,shared,C-L,uncentered,260928,879,0.978116094264944,0.9781981529839328,-8.205871898869952e-05
sleet,shared,C-L,weather_centered,260928,879,0.04677022863736226,-0.011235750237460913,0.05800597887482317
sleet,shared,C-R,uncentered,260928,879,0.9723099875290864,0.9723438428805656,-3.385535147938039e-05
sleet,shared,C-R,weather_centered,260928,879,0.01388893620878276,-0.012375602584518258,0.026264538793301016
sleet,shared,L-R,uncentered,260928,879,0.9855798895769478,0.9848906472778245,0.0006892422991232104
sleet,shared,L-R,weather_centered,260928,879,0.14102873641110422,-0.005596819137260681,0.14662555554836487
sleet,specific,C-L,uncentered,260928,879,0.5658038152226409,0.5653511693176998,0.00045264590494114014
sleet,specific,C-L,weather_centered,260928,879,-0.048490953416991465,0.006490287118549683,-0.05498124053554116
sleet,specific,C-R,uncentered,260928,879,0.670874900374479,0.6711399598200228,-0.00026505944554375217
sleet,specific,C-R,weather_centered,260928,879,0.03511295460361347,-0.013185159115572562,0.04829811371918602
sleet,specific,L-R,uncentered,260928,879,0.5434057385240527,0.5434891539614052,-8.341543735241856e-05
sleet,specific,L-R,weather_centered,260928,879,-0.05092781663864926,0.020830183541456576,-0.07175800018010584
sleet,raw,C-L,uncentered,260929,878,-0.009516719928766272,-0.009852436734995616,0.0003357168062293442
sleet,raw,C-L,weather_centered,260929,878,-0.013850495043948212,-0.009185611242854925,-0.004664883801093294
sleet,raw,C-R,uncentered,260929,878,-0.40393322093825335,-0.40791418035842236,0.00398095942016899
sleet,raw,C-R,weather_centered,260929,878,0.07211174044910211,-0.03146541076625856,0.10357715121536065
sleet,raw,L-R,uncentered,260929,878,0.4258160906242476,0.4098752616254254,0.015940828998822053
sleet,raw,L-R,weather_centered,260929,878,0.20424967230950522,-0.028158144316176595,0.23240781662568183
sleet,shared,C-L,uncentered,260929,878,0.9782423889882483,0.9782652413891424,-2.285240089414836e-05
sleet,shared,C-L,weather_centered,260929,878,0.04271503309789563,0.0026052563235073626,0.04010977677438826
sleet,shared,C-R,uncentered,260929,878,0.9723713415559518,0.9720961319503617,0.00027520960559008936
sleet,shared,C-R,weather_centered,260929,878,0.009380049965689075,-0.007214818045663618,0.016594868011352695
sleet,shared,L-R,uncentered,260929,878,0.9854900922498572,0.9848269512403618,0.0006631410094954078
sleet,shared,L-R,weather_centered,260929,878,0.13496829410656386,-0.009900856004564716,0.14486915011112858
sleet,specific,C-L,uncentered,260929,878,0.5756978760318918,0.5783999018837755,-0.0027020258518837196
sleet,specific,C-L,weather_centered,260929,878,-0.048858149004338096,0.006768461714348943,-0.05562661071868704
sleet,specific,C-R,uncentered,260929,878,0.6711745031569267,0.6706859877513726,0.000488515405554174
sleet,specific,C-R,weather_centered,260929,878,0.032803339520739834,-0.008042129433969558,0.04084546895470939
sleet,specific,L-R,uncentered,260929,878,0.5527259973007261,0.5526033556108676,0.00012264168985861229
sleet,specific,L-R,weather_centered,260929,878,-0.05195990413242223,0.01013100907678371,-0.06209091320920593
sleet,raw,C-L,uncentered,260930,889,-0.009020877976533129,-0.008169382347758122,-0.0008514956287750067
sleet,raw,C-L,weather_centered,260930,889,-0.012826054698502006,0.02483919653454213,-0.037665251233044136
sleet,raw,C-R,uncentered,260930,889,-0.40365136568518456,-0.4068858005228514,0.003234434837666797
sleet,raw,C-R,weather_centered,260930,889,0.07529035812113775,-0.004846577928989589,0.08013693605012734
sleet,raw,L-R,uncentered,260930,889,0.42599876643078166,0.41254044494072695,0.013458321490054777
sleet,raw,L-R,weather_centered,260930,889,0.2079628813061762,0.004789611847079553,0.20317326945909664
sleet,shared,C-L,uncentered,260930,889,0.9782313090868096,0.9782382525249782,-6.9434381686336466e-06
sleet,shared,C-L,weather_centered,260930,889,0.040968982493732244,-0.020187494616539618,0.06115647711027187
sleet,shared,C-R,uncentered,260930,889,0.9726766655091492,0.9724078370530219,0.0002688284561273389
sleet,shared,C-R,weather_centered,260930,889,0.010788352902378432,0.0033493278800674742,0.007439025022310959
sleet,shared,L-R,uncentered,260930,889,0.9855963643887782,0.9847199432939784,0.0008764210947998408
sleet,shared,L-R,weather_centered,260930,889,0.1319414099238275,-0.04242777592229391,0.17436918584612143
sleet,specific,C-L,uncentered,260930,889,0.568328870025092,0.5707060833703084,-0.0023772133452163095
sleet,specific,C-L,weather_centered,260930,889,-0.048642490700695665,0.007937031421699187,-0.05657952212239486
sleet,specific,C-R,uncentered,260930,889,0.6717502125313018,0.6712980537727787,0.0004521587585229204
sleet,specific,C-R,weather_centered,260930,889,0.03392490750078445,-0.009697779549817062,0.043622687050601516
sleet,specific,L-R,uncentered,260930,889,0.5460542678568063,0.5455704041634213,0.0004838636933849933
sleet,specific,L-R,weather_centered,260930,889,-0.0529485996518242,0.01448314236415302,-0.06743174201597722
sleet,raw,C-L,uncentered,260931,898,-0.009473395338973602,-0.009762157738588313,0.0002887623996147106
sleet,raw,C-L,weather_centered,260931,898,-0.011516148193215623,0.009262328883350324,-0.020778477076565945
sleet,raw,C-R,uncentered,260931,898,-0.40396576878847656,-0.40781457747851413,0.003848808690037606
sleet,raw,C-R,weather_centered,260931,898,0.08212538793335661,-0.018555663054849552,0.10068105098820615
sleet,raw,L-R,uncentered,260931,898,0.4255464431950261,0.41141511544290654,0.014131327752119538
sleet,raw,L-R,weather_centered,260931,898,0.20990620696040366,-0.010339853171556185,0.22024606013195983
sleet,shared,C-L,uncentered,260931,898,0.9782584093614435,0.9782833613945495,-2.4952033106121666e-05
sleet,shared,C-L,weather_centered,260931,898,0.03844745641988072,-0.018487142586286122,0.05693459900616684
sleet,shared,C-R,uncentered,260931,898,0.9724430810790676,0.9721627110070631,0.0002803700720046858
sleet,shared,C-R,weather_centered,260931,898,0.010320443539142903,-0.007515093888032136,0.017835537427175037
sleet,shared,L-R,uncentered,260931,898,0.9854316736604815,0.9848098440033393,0.0006218296571421753
sleet,shared,L-R,weather_centered,260931,898,0.13069814005626781,-0.0018972683362735822,0.13259540839254141
sleet,specific,C-L,uncentered,260931,898,0.576653615790593,0.5771680074306185,-0.0005143916400254378
sleet,specific,C-L,weather_centered,260931,898,-0.04996469311711617,0.002040388806981365,-0.05200508192409753
sleet,specific,C-R,uncentered,260931,898,0.6715206637968657,0.6707885193756347,0.0007321444212308886
sleet,specific,C-R,weather_centered,260931,898,0.030209421388890146,-0.01158760801918341,0.041797029408073554
sleet,specific,L-R,uncentered,260931,898,0.553866583647009,0.5533843208863839,0.0004822627606251832
sleet,specific,L-R,weather_centered,260931,898,-0.047234242834416115,0.013351523721820732,-0.06058576655623686
sleet,raw,C-L,uncentered,260932,867,-0.009107085218493429,-0.009272374039810731,0.00016528882131730375
sleet,raw,C-L,weather_centered,260932,867,-0.010572554331954942,0.004409364420698947,-0.014981918752653893
sleet,raw,C-R,uncentered,260932,867,-0.4033709568934045,-0.4073830057085986,0.004012048815194131
sleet,raw,C-R,weather_centered,260932,867,0.07994660515495791,-0.01304572980574745,0.09299233496070537
sleet,raw,L-R,uncentered,260932,867,0.4260931561150006,0.410898573454984,0.015194582660016614
sleet,raw,L-R,weather_centered,260932,867,0.2149981466627359,-0.01710357487053049,0.2321017215332664
sleet,shared,C-L,uncentered,260932,867,0.9782928886925476,0.9782640017097759,2.8886982771878913e-05
sleet,shared,C-L,weather_centered,260932,867,0.04017125941890191,-0.007779700576216953,0.04795095999511887
sleet,shared,C-R,uncentered,260932,867,0.9722246989872552,0.9723764464567559,-0.00015174746950070986
sleet,shared,C-R,weather_centered,260932,867,0.01186769288882742,-0.0050354866052570195,0.01690317949408444
sleet,shared,L-R,uncentered,260932,867,0.9853902806084622,0.9848066593806611,0.0005836212278011209
sleet,shared,L-R,weather_centered,260932,867,0.1503236780514984,-0.00839829546431941,0.15872197351581782
sleet,specific,C-L,uncentered,260932,867,0.5755062455964456,0.5745955906342198,0.0009106549622257633
sleet,specific,C-L,weather_centered,260932,867,-0.048758495962051125,0.007839488887247715,-0.05659798484929883
sleet,specific,C-R,uncentered,260932,867,0.6708271094922579,0.6712912032693228,-0.0004640937770647553
sleet,specific,C-R,weather_centered,260932,867,0.033128724047268014,-0.005287700960073763,0.03841642500734178
sleet,specific,L-R,uncentered,260932,867,0.5526784663984798,0.5528267061921908,-0.00014823979371097752
sleet,specific,L-R,weather_centered,260932,867,-0.046271101715605036,0.016940251539815664,-0.06321135325542071
lightsnow,raw,C-L,uncentered,260923,565,-0.027037945007987663,-0.03076851121517949,0.0037305662071918243
lightsnow,raw,C-L,weather_centered,260923,565,0.06843819156334191,-0.010960278248408431,0.07939846981175036
lightsnow,raw,C-R,uncentered,260923,565,-0.41754370787025236,-0.4239570951897449,0.006413387319492594
lightsnow,raw,C-R,weather_centered,260923,565,0.1299401695547979,-0.0528661840356981,0.18280635359049596
lightsnow,raw,L-R,uncentered,260923,565,0.4198597135512647,0.39892179792385335,0.02093791562741133
lightsnow,raw,L-R,weather_centered,260923,565,0.32338043200350286,-0.11921281400559293,0.44259324600909583
lightsnow,shared,C-L,uncentered,260923,565,0.9805560044593743,0.9805948295847071,-3.882512533287088e-05
lightsnow,shared,C-L,weather_centered,260923,565,0.003232590458916017,-0.000927999279922144,0.00416058973883816
lightsnow,shared,C-R,uncentered,260923,565,0.9724080495901642,0.9724243631302163,-1.631354005199462e-05
lightsnow,shared,C-R,weather_centered,260923,565,0.0010774679284834513,0.005108950018755122,-0.00403148209027167
lightsnow,shared,L-R,uncentered,260923,565,0.9880523283282919,0.9880857209048712,-3.3392576579310976e-05
lightsnow,shared,L-R,weather_centered,260923,565,0.05881259097861845,0.020152344355335933,0.038660246623282504
lightsnow,specific,C-L,uncentered,260923,565,0.5426894006043238,0.5469176687218541,-0.004228268117530259
lightsnow,specific,C-L,weather_centered,260923,565,-0.04024184043435933,0.014693576938573214,-0.05493541737293254
lightsnow,specific,C-R,uncentered,260923,565,0.6781486684973516,0.6781549597663699,-6.29126901838452e-06
lightsnow,specific,C-R,weather_centered,260923,565,0.005553697196125104,0.003344499841807771,0.0022091973543173315
lightsnow,specific,L-R,uncentered,260923,565,0.5294882915240359,0.5287264694468906,0.0007618220771452583
lightsnow,specific,L-R,weather_centered,260923,565,0.027614930193073418,-0.010433267262313238,0.038048197455386665
lightsnow,raw,C-L,uncentered,260924,556,-0.02749696334490804,-0.03090969317826215,0.0034127298333541125
lightsnow,raw,C-L,weather_centered,260924,556,0.07058887134852503,-0.0036149289079348734,0.07420380025645991
lightsnow,raw,C-R,uncentered,260924,556,-0.41711078818162806,-0.4236539473689736,0.00654315918734555
lightsnow,raw,C-R,weather_centered,260924,556,0.13628899767580926,-0.05317014258865513,0.18945914026446442
lightsnow,raw,L-R,uncentered,260924,556,0.4200709411538944,0.3994291580504718,0.020641783103422583
lightsnow,raw,L-R,weather_centered,260924,556,0.33845007965329144,-0.11571872184715705,0.4541688015004485
lightsnow,shared,C-L,uncentered,260924,556,0.9805938678629138,0.9806663519898581,-7.248412694424124e-05
lightsnow,shared,C-L,weather_centered,260924,556,0.00782986360585208,-0.01041106694090371,0.018240930546755792
lightsnow,shared,C-R,uncentered,260924,556,0.9724232440501118,0.9725088438331193,-8.559978300741844e-05
lightsnow,shared,C-R,weather_centered,260924,556,0.0037582868103233384,-0.007153641065323042,0.010911927875646382
lightsnow,shared,L-R,uncentered,260924,556,0.9881478707930365,0.9881026924021463,4.517839089035529e-05
lightsnow,shared,L-R,weather_centered,260924,556,0.036664408123281006,0.00956998584857494,0.02709442227470605
lightsnow,specific,C-L,uncentered,260924,556,0.5387652591774743,0.5423211236299743,-0.0035558644525001404
lightsnow,specific,C-L,weather_centered,260924,556,-0.041446945399038614,0.013480351697509597,-0.05492729709654822
lightsnow,specific,C-R,uncentered,260924,556,0.6782785816811304,0.6783291601011087,-5.057841997838996e-05
lightsnow,specific,C-R,weather_centered,260924,556,0.010120929092115793,-0.009177566848080437,0.019298495940196232
lightsnow,specific,L-R,uncentered,260924,556,0.5261119360171768,0.5251076742494054,0.001004261767771386
lightsnow,specific,L-R,weather_centered,260924,556,0.02687801301646131,0.0074687619663076415,0.019409251050153672
lightsnow,raw,C-L,uncentered,260925,552,-0.02705330545209121,-0.03164367451041498,0.0045903690583237655
lightsnow,raw,C-L,weather_centered,260925,552,0.06444839759976069,-0.01745851779431169,0.08190691539407238
lightsnow,raw,C-R,uncentered,260925,552,-0.41689217131980666,-0.4236201209288813,0.006727949609074637
lightsnow,raw,C-R,weather_centered,260925,552,0.1342944956909194,-0.048418011653492826,0.1827125073444122
lightsnow,raw,L-R,uncentered,260925,552,0.41913536229897125,0.39852828848374044,0.020607073815230803
lightsnow,raw,L-R,weather_centered,260925,552,0.32102181531128443,-0.11603473082992935,0.4370565461412138
lightsnow,shared,C-L,uncentered,260925,552,0.9805912408552654,0.9805006219349265,9.061892033890878e-05
lightsnow,shared,C-L,weather_centered,260925,552,0.002618070947943535,-0.009959524922173273,0.012577595870116809
lightsnow,shared,C-R,uncentered,260925,552,0.972355387884205,0.9724402558602957,-8.486797609046826e-05
lightsnow,shared,C-R,weather_centered,260925,552,0.0042611583150302095,-0.001766940443571945,0.006028098758602158
lightsnow,shared,L-R,uncentered,260925,552,0.9880441139493688,0.9881900093137189,-0.00014589536435037994
lightsnow,shared,L-R,weather_centered,260925,552,0.03319403834581792,0.04523740035254186,-0.012043362006723946
lightsnow,specific,C-L,uncentered,260925,552,0.5456193476783154,0.5434470350993581,0.0021723125789573474
lightsnow,specific,C-L,weather_centered,260925,552,-0.041814887138609765,0.013578152854667519,-0.05539303999327729
lightsnow,specific,C-R,uncentered,260925,552,0.6780655861641516,0.6783634063238492,-0.00029782015969746474
lightsnow,specific,C-R,weather_centered,260925,552,0.008650843433087158,0.0008422384341018977,0.007808604998985261
lightsnow,specific,L-R,uncentered,260925,552,0.5321611226015684,0.5314864413775767,0.0006746812239917089
lightsnow,specific,L-R,weather_centered,260925,552,0.02116106914928509,-0.007253089516285097,0.028414158665570184
lightsnow,raw,C-L,uncentered,260926,541,-0.027314830622930573,-0.030437872742546158,0.0031230421196155812
lightsnow,raw,C-L,weather_centered,260926,541,0.06521562300884325,-0.005548429055919732,0.07076405206476297
lightsnow,raw,C-R,uncentered,260926,541,-0.4172295798668725,-0.42296627663842357,0.005736696771551013
lightsnow,raw,C-R,weather_centered,260926,541,0.12726636182900938,-0.04289861732326923,0.17016497915227863
lightsnow,raw,L-R,uncentered,260926,541,0.41951044619704353,0.4008575968101168,0.018652849386926736
lightsnow,raw,L-R,weather_centered,260926,541,0.33478986703176483,-0.10899034176304472,0.44378020879480956
lightsnow,shared,C-L,uncentered,260926,541,0.9805667049014226,0.9805896289847951,-2.292408337247749e-05
lightsnow,shared,C-L,weather_centered,260926,541,0.007033105285095361,6.128894181833945e-05,0.0069718163432770245
lightsnow,shared,C-R,uncentered,260926,541,0.9723381643556678,0.9723944659343526,-5.630157868475623e-05
lightsnow,shared,C-R,weather_centered,260926,541,-0.0012365674496499543,-0.00231030857240054,0.0010737411227505864
lightsnow,shared,L-R,uncentered,260926,541,0.98803599578453,0.9880923842216024,-5.638843707247756e-05
lightsnow,shared,L-R,weather_centered,260926,541,0.05203741308273164,0.013770648257344064,0.03826676482538758
lightsnow,specific,C-L,uncentered,260926,541,0.5445781868289298,0.5449509915074041,-0.0003728046784742812
lightsnow,specific,C-L,weather_centered,260926,541,-0.045024915965200016,0.008553389821668877,-0.053578305786868896
lightsnow,specific,C-R,uncentered,260926,541,0.6777857786525272,0.6777887079877122,-2.92933518492915e-06
lightsnow,specific,C-R,weather_centered,260926,541,0.006297077089303889,0.0027680063761313877,0.0035290707131724964
lightsnow,specific,L-R,uncentered,260926,541,0.5311773102268443,0.530417130503331,0.0007601797235133496
lightsnow,specific,L-R,weather_centered,260926,541,0.026595022866422593,-0.007412101277640652,0.03400712414406324
lightsnow,raw,C-L,uncentered,260927,541,-0.026576736724026693,-0.029713645089817404,0.003136908365790713
lightsnow,raw,C-L,weather_centered,260927,541,0.064438549714621,0.009441406656430626,0.05499714305819038
lightsnow,raw,C-R,uncentered,260927,541,-0.41780948393935907,-0.42376406654781035,0.0059545826084513
lightsnow,raw,C-R,weather_centered,260927,541,0.13063771785574355,-0.04800769085283322,0.17864540870857676
lightsnow,raw,L-R,uncentered,260927,541,0.41849181942246405,0.3995080330103031,0.018983786412160947
lightsnow,raw,L-R,weather_centered,260927,541,0.31847040948266386,-0.09958560263702401,0.4180560121196879
lightsnow,shared,C-L,uncentered,260927,541,0.9805971751024057,0.9806198800300655,-2.2704927659742213e-05
lightsnow,shared,C-L,weather_centered,260927,541,0.003291983898867743,-0.006547196863694076,0.009839180762561817
lightsnow,shared,C-R,uncentered,260927,541,0.9723051059267092,0.9724568931672756,-0.00015178724056643232
lightsnow,shared,C-R,weather_centered,260927,541,-0.0007282801530087393,0.003266628191409427,-0.003994908344418166
lightsnow,shared,L-R,uncentered,260927,541,0.9880521614550364,0.9881441893937992,-9.202793876264892e-05
lightsnow,shared,L-R,weather_centered,260927,541,0.026920285251654394,0.0013706660757944007,0.025549619175859985
lightsnow,specific,C-L,uncentered,260927,541,0.5500307523164896,0.5489225554901901,0.0011081968262996393
lightsnow,specific,C-L,weather_centered,260927,541,-0.041200519406827715,0.009704494545874071,-0.05090501395270179
lightsnow,specific,C-R,uncentered,260927,541,0.6779918374697073,0.6782352910859174,-0.00024345361621010467
lightsnow,specific,C-R,weather_centered,260927,541,0.006197354810022123,0.002671444240302712,0.0035259105697194094
lightsnow,specific,L-R,uncentered,260927,541,0.5364852748763974,0.5359644243701536,0.0005208505062438849
lightsnow,specific,L-R,weather_centered,260927,541,0.016158021824514927,-0.002631702293359003,0.018789724117873934
lightsnow,raw,C-L,uncentered,260928,556,-0.0269176550411477,-0.030268082536907895,0.003350427495760197
lightsnow,raw,C-L,weather_centered,260928,556,0.058262610597874985,0.006951614884728268,0.05131099571314672
lightsnow,raw,C-R,uncentered,260928,556,-0.4176862866956839,-0.42291396789601154,0.0052276812003276335
lightsnow,raw,C-R,weather_centered,260928,556,0.12381955399429334,-0.04688014789682667,0.17069970189112005
lightsnow,raw,L-R,uncentered,260928,556,0.4204620889584434,0.4008086807569365,0.019653408201506895
lightsnow,raw,L-R,weather_centered,260928,556,0.33189990451973617,-0.10855303308937628,0.44045293760911247
lightsnow,shared,C-L,uncentered,260928,556,0.980557917697786,0.9805705723285277,-1.2654630741429543e-05
lightsnow,shared,C-L,weather_centered,260928,556,0.01033779743197934,-0.012790941883990227,0.023128739315969572
lightsnow,shared,C-R,uncentered,260928,556,0.972584431341248,0.9723572560597841,0.00022717528146390126
lightsnow,shared,C-R,weather_centered,260928,556,0.00023753990473890653,-0.0026450767820402456,0.0028826166867791532
lightsnow,shared,L-R,uncentered,260928,556,0.9881152123779673,0.9880252696661329,8.994271183431644e-05
lightsnow,shared,L-R,weather_centered,260928,556,0.047299527293917724,0.03728053845050279,0.010018988843414942
lightsnow,specific,C-L,uncentered,260928,556,0.5431559104881019,0.5413839989731807,0.0017719115149213464
lightsnow,specific,C-L,weather_centered,260928,556,-0.04440449677468585,0.013259729549449512,-0.057664226324135356
lightsnow,specific,C-R,uncentered,260928,556,0.6780910149811469,0.6776620825306219,0.00042893245052502433
lightsnow,specific,C-R,weather_centered,260928,556,0.007722276585857199,2.1562169252200333e-05,0.007700714416604999
lightsnow,specific,L-R,uncentered,260928,556,0.5297353591644505,0.528752894705779,0.0009824644586715894
lightsnow,specific,L-R,weather_centered,260928,556,0.027450651382195133,-0.007169993134482794,0.034620644516677936
lightsnow,raw,C-L,uncentered,260929,529,-0.026952980561015777,-0.029943478606623126,0.0029904980456073533
lightsnow,raw,C-L,weather_centered,260929,529,0.06411399923733123,0.018306251319132702,0.045807747918198534
lightsnow,raw,C-R,uncentered,260929,529,-0.4173295583142568,-0.4227759731778353,0.005446414863578445
lightsnow,raw,C-R,weather_centered,260929,529,0.13042410058690704,-0.02566072353086295,0.15608482411776997
lightsnow,raw,L-R,uncentered,260929,529,0.4195386197895738,0.3994937576282777,0.020044862161295963
lightsnow,raw,L-R,weather_centered,260929,529,0.32127035008173527,-0.11667069030984922,0.43794104039158455
lightsnow,shared,C-L,uncentered,260929,529,0.9805613975005284,0.9805896199998209,-2.8222499292398467e-05
lightsnow,shared,C-L,weather_centered,260929,529,0.0012951337919607671,-0.005666606890340075,0.0069617406823008435
lightsnow,shared,C-R,uncentered,260929,529,0.9724257022652192,0.9725422516307861,-0.00011654936556701305
lightsnow,shared,C-R,weather_centered,260929,529,0.00014347656022812338,0.00402806930127971,-0.003884592741051586
lightsnow,shared,L-R,uncentered,260929,529,0.9880208390308992,0.9880150169623308,5.822068568561459e-06
lightsnow,shared,L-R,weather_centered,260929,529,0.04815535038316341,-0.02175437445481003,0.06990972483797345
lightsnow,specific,C-L,uncentered,260929,529,0.5435354476200228,0.5434490581500833,8.638946993954652e-05
lightsnow,specific,C-L,weather_centered,260929,529,-0.03964249369494779,0.014438234572899927,-0.05408072826784771
lightsnow,specific,C-R,uncentered,260929,529,0.6777971428628699,0.6781587349953657,-0.0003615921324957843
lightsnow,specific,C-R,weather_centered,260929,529,0.008589260786772851,0.00796271884218277,0.0006265419445900756
lightsnow,specific,L-R,uncentered,260929,529,0.5301553430607194,0.5295406806526697,0.000614662408049798
lightsnow,specific,L-R,weather_centered,260929,529,0.024455092613220177,-0.01774248606822153,0.04219757868144171
lightsnow,raw,C-L,uncentered,260930,555,-0.026439241844865295,-0.030782502653151432,0.004343260808286142
lightsnow,raw,C-L,weather_centered,260930,555,0.0658520151050741,0.005294614201084156,0.060557400903989936
lightsnow,raw,C-R,uncentered,260930,555,-0.41804956796381343,-0.42336439309740154,0.005314825133588085
lightsnow,raw,C-R,weather_centered,260930,555,0.12466396529078193,-0.03398705860857256,0.15865102389935448
lightsnow,raw,L-R,uncentered,260930,555,0.4195291291408435,0.4002340925577583,0.019295036583085193
lightsnow,raw,L-R,weather_centered,260930,555,0.3233405762334387,-0.0921009502638149,0.41544152649725363
lightsnow,shared,C-L,uncentered,260930,555,0.9806051759413873,0.9806067042947115,-1.5283533240413855e-06
lightsnow,shared,C-L,weather_centered,260930,555,0.006701342658958292,0.0033861192368474717,0.0033152234221108185
lightsnow,shared,C-R,uncentered,260930,555,0.9728579700579278,0.9724722206492191,0.0003857494087088055
lightsnow,shared,C-R,weather_centered,260930,555,0.0018008926169398576,-0.0012479322861274366,0.0030488249030672957
lightsnow,shared,L-R,uncentered,260930,555,0.9883280144746003,0.9879803557280847,0.0003476587465156005
lightsnow,shared,L-R,weather_centered,260930,555,0.028016552815392694,-0.005703115133196446,0.03371966794858914
lightsnow,specific,C-L,uncentered,260930,555,0.5455789292092559,0.5419401994054805,0.0036387298037752714
lightsnow,specific,C-L,weather_centered,260930,555,-0.042669454633113196,0.010268339727719606,-0.052937794360832804
lightsnow,specific,C-R,uncentered,260930,555,0.6786486591022889,0.6779756552905846,0.0006730038117044649
lightsnow,specific,C-R,weather_centered,260930,555,0.009468852884785097,-0.00039910917095010523,0.009867962055735204
lightsnow,specific,L-R,uncentered,260930,555,0.5323575927874359,0.5311362350614705,0.0012213577259653917
lightsnow,specific,L-R,weather_centered,260930,555,0.020885418205163247,-0.009900746264225602,0.03078616446938886
lightsnow,raw,C-L,uncentered,260931,550,-0.026736377146785298,-0.031144250678662572,0.004407873531877275
lightsnow,raw,C-L,weather_centered,260931,550,0.06405857279737232,-0.013103615802397864,0.07716218859977016
lightsnow,raw,C-R,uncentered,260931,550,-0.41786463092288784,-0.42354592147425424,0.005681290551366406
lightsnow,raw,C-R,weather_centered,260931,550,0.12929871348301192,-0.05088534762231796,0.18018406110532986
lightsnow,raw,L-R,uncentered,260931,550,0.419878107457988,0.4007423757650271,0.01913573169296096
lightsnow,raw,L-R,weather_centered,260931,550,0.33714273003637046,-0.11483852320422443,0.4519812532405949
lightsnow,shared,C-L,uncentered,260931,550,0.9805979824602123,0.980576289266922,2.1693193290112808e-05
lightsnow,shared,C-L,weather_centered,260931,550,0.006342558595300073,-0.005681741554526205,0.012024300149826276
lightsnow,shared,C-R,uncentered,260931,550,0.9726179870101566,0.9722338037115101,0.0003841832986465614
lightsnow,shared,C-R,weather_centered,260931,550,0.0025830296570333497,-0.0013473796432922351,0.003930409300325586
lightsnow,shared,L-R,uncentered,260931,550,0.9881691309403041,0.9879957559117102,0.00017337502859390326
lightsnow,shared,L-R,weather_centered,260931,550,0.03351964856690421,-0.014262523725678693,0.047782172292582914
lightsnow,specific,C-L,uncentered,260931,550,0.5445602556042771,0.5412406305518865,0.0033196250523906978
lightsnow,specific,C-L,weather_centered,260931,550,-0.044015718753347234,0.015142799126093268,-0.05915851787944049
lightsnow,specific,C-R,uncentered,260931,550,0.678642742739543,0.6776201267662773,0.0010226159732656718
lightsnow,specific,C-R,weather_centered,260931,550,0.007666459509452305,0.0017386595696547626,0.005927799939797538
lightsnow,specific,L-R,uncentered,260931,550,0.5316892662605254,0.530400144268284,0.0012891219922414386
lightsnow,specific,L-R,weather_centered,260931,550,0.023070293149363062,-0.009504212876351784,0.03257450602571485
lightsnow,raw,C-L,uncentered,260932,531,-0.0263242791174474,-0.029716082219165867,0.0033918031017184606
lightsnow,raw,C-L,weather_centered,260932,531,0.06273825578216718,-0.0038931649729931636,0.06663142075516036
lightsnow,raw,C-R,uncentered,260932,531,-0.41807603049865494,-0.42316526180779535,0.005089231309140409
lightsnow,raw,C-R,weather_centered,260932,531,0.1302549728617776,-0.044407973471887074,0.1746629463336647
lightsnow,raw,L-R,uncentered,260932,531,0.4189475221094177,0.398126996532778,0.02082052557663984
lightsnow,raw,L-R,weather_centered,260932,531,0.3218321826534827,-0.14632100946454532,0.468153192118028
lightsnow,shared,C-L,uncentered,260932,531,0.9807734127735371,0.9806884409084535,8.497186508365862e-05
lightsnow,shared,C-L,weather_centered,260932,531,0.006461433506024182,-0.000820805465459583,0.007282238971483762
lightsnow,shared,C-R,uncentered,260932,531,0.972911448336733,0.9725703403932838,0.0003411079434492056
lightsnow,shared,C-R,weather_centered,260932,531,0.0003321070958774429,-0.005383613381267357,0.005715720477144799
lightsnow,shared,L-R,uncentered,260932,531,0.9882401590988036,0.9879025054213955,0.00033765367740796695
lightsnow,shared,L-R,weather_centered,260932,531,0.03759748128658404,-0.0040272064651812245,0.04162468775176526
lightsnow,specific,C-L,uncentered,260932,531,0.5452881746757977,0.543579503353692,0.0017086713221056414
lightsnow,specific,C-L,weather_centered,260932,531,-0.04515501922372194,0.012691728357488866,-0.057846747581210806
lightsnow,specific,C-R,uncentered,260932,531,0.6790046462338652,0.6780714508842709,0.000933195349594553
lightsnow,specific,C-R,weather_centered,260932,531,0.005936331560024748,0.0005821699051476913,0.005354161654877057
lightsnow,specific,L-R,uncentered,260932,531,0.5324529392518893,0.5309452163976334,0.0015077228542558878
lightsnow,specific,L-R,weather_centered,260932,531,0.024431528014507996,-0.007332465701171183,0.03176399371567919
heavysnow,raw,C-L,uncentered,260923,904,-0.02944149700055703,-0.02905634873233191,-0.0003851482682251224
heavysnow,raw,C-L,weather_centered,260923,904,-0.01719877059158133,0.003958723035159295,-0.021157493626740624
heavysnow,raw,C-R,uncentered,260923,904,-0.4111386479526266,-0.41561692523175736,0.0044782772791307065
heavysnow,raw,C-R,weather_centered,260923,904,0.10761765997395072,-0.023353051573538328,0.13097071154748904
heavysnow,raw,L-R,uncentered,260923,904,0.4323762230287145,0.4131099860115675,0.01926623701714699
heavysnow,raw,L-R,weather_centered,260923,904,0.22660504769632173,-0.053891641320601855,0.2804966890169236
heavysnow,shared,C-L,uncentered,260923,904,0.978125117015587,0.9781292570570665,-4.140041479522318e-06
heavysnow,shared,C-L,weather_centered,260923,904,0.002866150032847192,-0.0021034645337275654,0.004969614566574757
heavysnow,shared,C-R,uncentered,260923,904,0.9688502552599856,0.9688843398937187,-3.4084633733168306e-05
heavysnow,shared,C-R,weather_centered,260923,904,-0.023095489135322507,0.0075303073166940035,-0.030625796452016515
heavysnow,shared,L-R,uncentered,260923,904,0.9861908239316889,0.9845380348476246,0.0016527890840644284
heavysnow,shared,L-R,weather_centered,260923,904,0.15383782825970113,-0.03515594789992822,0.18899377615962934
heavysnow,specific,C-L,uncentered,260923,904,0.5494821986249728,0.5570913501514838,-0.0076091515265110515
heavysnow,specific,C-L,weather_centered,260923,904,-0.026010932218312566,-0.0021631213124951596,-0.023847810905817404
heavysnow,specific,C-R,uncentered,260923,904,0.6647952402024173,0.665050874039923,-0.00025563383750572055
heavysnow,specific,C-R,weather_centered,260923,904,-0.00239613133578059,-0.0032443125945058877,0.0008481812587252985
heavysnow,specific,L-R,uncentered,260923,904,0.527308015229858,0.524774762357254,0.002533252872603974
heavysnow,specific,L-R,weather_centered,260923,904,0.02901509993244523,-0.0007269076641750202,0.029742007596620258
heavysnow,raw,C-L,uncentered,260924,936,-0.02987107235545771,-0.029056949963324745,-0.0008141223921329659
heavysnow,raw,C-L,weather_centered,260924,936,-0.024245279621222457,0.009017438349984055,-0.033262717971206515
heavysnow,raw,C-R,uncentered,260924,936,-0.4112762983609294,-0.41522591734413183,0.003949618983202378
heavysnow,raw,C-R,weather_centered,260924,936,0.11051693704614127,-0.009173247937593165,0.11969018498373445
heavysnow,raw,L-R,uncentered,260924,936,0.43176888065400176,0.41559729060350536,0.01617159005049647
heavysnow,raw,L-R,weather_centered,260924,936,0.2227322339769284,-0.015582704368798625,0.23831493834572703
heavysnow,shared,C-L,uncentered,260924,936,0.978097527711672,0.9781194659548129,-2.193824314088499e-05
heavysnow,shared,C-L,weather_centered,260924,936,0.005664482888168695,0.0012416619610573255,0.004422820927111368
heavysnow,shared,C-R,uncentered,260924,936,0.9690220638844466,0.9689517047796335,7.035910481295214e-05
heavysnow,shared,C-R,weather_centered,260924,936,-0.023761485596710895,0.0032854148299347736,-0.027046900426645672
heavysnow,shared,L-R,uncentered,260924,936,0.9862634909830994,0.9849039158157805,0.0013595751673189035
heavysnow,shared,L-R,weather_centered,260924,936,0.15357421891364992,0.012407286026719365,0.14116693288693055
heavysnow,specific,C-L,uncentered,260924,936,0.54951751810695,0.5504301627964809,-0.0009126446895307525
heavysnow,specific,C-L,weather_centered,260924,936,-0.026728098297576313,0.0014195593189344458,-0.02814765761651076
heavysnow,specific,C-R,uncentered,260924,936,0.6653979375429315,0.6651291795736992,0.00026875796923213547
heavysnow,specific,C-R,weather_centered,260924,936,-0.004126821147729553,-0.0022989264565388867,-0.0018278946911906668
heavysnow,specific,L-R,uncentered,260924,936,0.5275147561922129,0.5252678249773748,0.0022469312148381258
heavysnow,specific,L-R,weather_centered,260924,936,0.027923969521203195,0.011079313781297933,0.016844655739905262
heavysnow,raw,C-L,uncentered,260925,910,-0.029275313738650437,-0.02961168669692109,0.00033637295827065324
heavysnow,raw,C-L,weather_centered,260925,910,-0.014620071706230647,-0.004038286470827078,-0.010581785235403585
heavysnow,raw,C-R,uncentered,260925,910,-0.41134545922993554,-0.41505287854998246,0.003707419320046877
heavysnow,raw,C-R,weather_centered,260925,910,0.11583466145145564,-0.006774559465274551,0.1226092209167302
heavysnow,raw,L-R,uncentered,260925,910,0.43140815924673376,0.4149849525111138,0.01642320673561995
heavysnow,raw,L-R,weather_centered,260925,910,0.23513233385465018,-0.027105232800606602,0.2622375666552567
heavysnow,shared,C-L,uncentered,260925,910,0.9782277160072242,0.9781578365088873,6.987949833702602e-05
heavysnow,shared,C-L,weather_centered,260925,910,0.003095365863756046,-0.0014751067782966714,0.004570472642052716
heavysnow,shared,C-R,uncentered,260925,910,0.9692994810942804,0.9689919268366906,0.0003075542575898803
heavysnow,shared,C-R,weather_centered,260925,910,-0.025026092694361318,0.002925185211624654,-0.027951277905985977
heavysnow,shared,L-R,uncentered,260925,910,0.9862573977429011,0.9848819351283187,0.0013754626145823015
heavysnow,shared,L-R,weather_centered,260925,910,0.15516347460844554,0.0015337578021656947,0.15362971680627982
heavysnow,specific,C-L,uncentered,260925,910,0.5544981241201054,0.5533092512292312,0.0011888728908739908
heavysnow,specific,C-L,weather_centered,260925,910,-0.025269440271484738,-0.001948952863330968,-0.02332048740815377
heavysnow,specific,C-R,uncentered,260925,910,0.6660589365738165,0.6650626435006614,0.0009962930731552888
heavysnow,specific,C-R,weather_centered,260925,910,-0.004226796357820516,-0.0012546876575787696,-0.002972108700241744
heavysnow,specific,L-R,uncentered,260925,910,0.5324792879166871,0.5297299834421099,0.0027493044745771056
heavysnow,specific,L-R,weather_centered,260925,910,0.032871218750749,-0.0017499760818335277,0.034621194832582525
heavysnow,raw,C-L,uncentered,260926,901,-0.029412086494005445,-0.029660991444475617,0.00024890495047017234
heavysnow,raw,C-L,weather_centered,260926,901,-0.013698361796427232,0.010154721370665778,-0.02385308316709301
heavysnow,raw,C-R,uncentered,260926,901,-0.410944200998493,-0.4155381538616256,0.004593952863132671
heavysnow,raw,C-R,weather_centered,260926,901,0.11355641155622127,-0.023645157883475695,0.13720156943969694
heavysnow,raw,L-R,uncentered,260926,901,0.4319746544949202,0.41399740710653216,0.017977247388388084
heavysnow,raw,L-R,weather_centered,260926,901,0.22604083709645872,-0.03192960214369797,0.2579704392401567
heavysnow,shared,C-L,uncentered,260926,901,0.9781043330384188,0.9781693091740321,-6.497613561305381e-05
heavysnow,shared,C-L,weather_centered,260926,901,0.0020748469830882913,0.0013223318873870748,0.0007525150957012137
heavysnow,shared,C-R,uncentered,260926,901,0.9689011513088628,0.9688053750835747,9.577622528808638e-05
heavysnow,shared,C-R,weather_centered,260926,901,-0.024501879342263277,0.0002100260094389199,-0.0247119053517022
heavysnow,shared,L-R,uncentered,260926,901,0.9862371376254223,0.9845314357091985,0.0017057019162238947
heavysnow,shared,L-R,weather_centered,260926,901,0.14992605942162582,-0.04329804456844192,0.19322410399006767
heavysnow,specific,C-L,uncentered,260926,901,0.5511576765575916,0.5495183703281147,0.0016393062294769434
heavysnow,specific,C-L,weather_centered,260926,901,-0.025815534614177273,-0.0015423069080745505,-0.024273227706102723
heavysnow,specific,C-R,uncentered,260926,901,0.6649457057496302,0.665042730523023,-9.702477339276887e-05
heavysnow,specific,C-R,weather_centered,260926,901,-0.005199506834478791,-0.005136131334854479,-6.337549962431201e-05
heavysnow,specific,L-R,uncentered,260926,901,0.5288639929978358,0.5262124474132084,0.0026515455846274397
heavysnow,specific,L-R,weather_centered,260926,901,0.03089051345987962,0.0013693254176039464,0.02952118804227567
heavysnow,raw,C-L,uncentered,260927,863,-0.029098797469178074,-0.028550581464351805,-0.0005482160048262663
heavysnow,raw,C-L,weather_centered,260927,863,-0.022480496308651395,0.007353022999930616,-0.029833519308582003
heavysnow,raw,C-R,uncentered,260927,863,-0.4109386221087924,-0.4145964442573679,0.00365782214857559
heavysnow,raw,C-R,weather_centered,260927,863,0.11019969410861771,-0.004812854344677165,0.11501254845329487
heavysnow,raw,L-R,uncentered,260927,863,0.43203977174620223,0.4143171651419278,0.017722606604274466
heavysnow,raw,L-R,weather_centered,260927,863,0.22604649913421349,-0.03730616561691095,0.26335266475112445
heavysnow,shared,C-L,uncentered,260927,863,0.9781690449604488,0.9781854521286665,-1.64071682176265e-05
heavysnow,shared,C-L,weather_centered,260927,863,0.0026291080428949604,-0.0009262470357575643,0.003555355078652525
heavysnow,shared,C-R,uncentered,260927,863,0.9689976782902042,0.9688099812219179,0.00018769706828632285
heavysnow,shared,C-R,weather_centered,260927,863,-0.02587045181743008,0.002388984332513145,-0.028259436149943223
heavysnow,shared,L-R,uncentered,260927,863,0.986112190860526,0.9846561289601583,0.0014560619003677986
heavysnow,shared,L-R,weather_centered,260927,863,0.14878529031481644,-0.04310171024336436,0.19188700055818084
heavysnow,specific,C-L,uncentered,260927,863,0.5538426467516476,0.5551498471817111,-0.0013072004300635767
heavysnow,specific,C-L,weather_centered,260927,863,-0.025277367927957792,-0.00189646249365248,-0.02338090543430531
heavysnow,specific,C-R,uncentered,260927,863,0.6650477110698256,0.6645444976417769,0.0005032134280486389
heavysnow,specific,C-R,weather_centered,260927,863,-0.0057924088606039975,-0.0034231345372085016,-0.0023692743233954985
heavysnow,specific,L-R,uncentered,260927,863,0.531237794048517,0.5287471826314668,0.0024906114170502158
heavysnow,specific,L-R,weather_centered,260927,863,0.029177965122499434,-0.0015096630431649404,0.030687628165664376
heavysnow,raw,C-L,uncentered,260928,901,-0.02911101325937566,-0.029434988576267116,0.0003239753168914606
heavysnow,raw,C-L,weather_centered,260928,901,-0.020209024098332036,0.008283900120582582,-0.028492924218914605
heavysnow,raw,C-R,uncentered,260928,901,-0.411087855535974,-0.4151971704285268,0.004109314892552894
heavysnow,raw,C-R,weather_centered,260928,901,0.11141615872289427,-0.015766027200378376,0.12718218592327263
heavysnow,raw,L-R,uncentered,260928,901,0.4321627453746181,0.41472162091995457,0.01744112445466354
heavysnow,raw,L-R,weather_centered,260928,901,0.23041990547761484,-0.027577426495482872,0.25799733197309777
heavysnow,shared,C-L,uncentered,260928,901,0.9781882039391655,0.9781643714825069,2.3832456658626862e-05
heavysnow,shared,C-L,weather_centered,260928,901,0.006255994847680078,-0.0003824716887483892,0.006638466536428468
heavysnow,shared,C-R,uncentered,260928,901,0.9690594679875149,0.9689162229603353,0.00014324502717944683
heavysnow,shared,C-R,weather_centered,260928,901,-0.023769329008142295,0.004382948080240222,-0.02815227708838252
heavysnow,shared,L-R,uncentered,260928,901,0.9862136228127414,0.9848060729646583,0.0014075498480831524
heavysnow,shared,L-R,weather_centered,260928,901,0.1455001528466283,-0.011663115474762882,0.1571632683213911
heavysnow,specific,C-L,uncentered,260928,901,0.5538283153513461,0.5516747671171769,0.002153548234169251
heavysnow,specific,C-L,weather_centered,260928,901,-0.025045332032035898,0.0012057632095085666,-0.026251095241544467
heavysnow,specific,C-R,uncentered,260928,901,0.6653289316183533,0.6650710585251887,0.0002578730931645552
heavysnow,specific,C-R,weather_centered,260928,901,-0.0052874122949783985,0.000323418295804562,-0.005610830590782962
heavysnow,specific,L-R,uncentered,260928,901,0.5316103451820922,0.529250183074141,0.002360162107951194
heavysnow,specific,L-R,weather_centered,260928,901,0.026724844171603715,-0.0003969068129163472,0.02712175098452006
heavysnow,raw,C-L,uncentered,260929,887,-0.029076408047865415,-0.029710599825423425,0.0006341917775580081
heavysnow,raw,C-L,weather_centered,260929,887,-0.020229571228445133,0.0038249105463732756,-0.024054481774818413
heavysnow,raw,C-R,uncentered,260929,887,-0.41084960006360094,-0.41488189545882537,0.004032295395224508
heavysnow,raw,C-R,weather_centered,260929,887,0.11000239361113773,-0.015639873466023187,0.1256422670771609
heavysnow,raw,L-R,uncentered,260929,887,0.43205989347065366,0.41419210096116355,0.01786779250949001
heavysnow,raw,L-R,weather_centered,260929,887,0.22956176729318353,-0.037183435425769164,0.2667452027189527
heavysnow,shared,C-L,uncentered,260929,887,0.9781897160009476,0.9781431992581638,4.6516742783727815e-05
heavysnow,shared,C-L,weather_centered,260929,887,0.004070024654181059,-0.001276952166108332,0.00534697682028939
heavysnow,shared,C-R,uncentered,260929,887,0.9688858542475504,0.9685439542900804,0.000341899957469988
heavysnow,shared,C-R,weather_centered,260929,887,-0.023482083570209103,0.003505683861891216,-0.026987767432100317
heavysnow,shared,L-R,uncentered,260929,887,0.9860577996719017,0.9844562836743552,0.001601515997546348
heavysnow,shared,L-R,weather_centered,260929,887,0.1489302332115846,-0.02251187936464458,0.17144211257622913
heavysnow,specific,C-L,uncentered,260929,887,0.5530462614304829,0.5503441336917665,0.0027021277387163953
heavysnow,specific,C-L,weather_centered,260929,887,-0.026137813464960257,0.0012321952127420392,-0.027370008677702295
heavysnow,specific,C-R,uncentered,260929,887,0.6648608265272552,0.6642717783014488,0.0005890482258063733
heavysnow,specific,C-R,weather_centered,260929,887,-0.003960150838405628,0.0017895556624981524,-0.005749706500903782
heavysnow,specific,L-R,uncentered,260929,887,0.5306063665216567,0.5278040687350064,0.0028022977866503295
heavysnow,specific,L-R,weather_centered,260929,887,0.028123990520189237,-0.0020553025671428676,0.030179293087332106
heavysnow,raw,C-L,uncentered,260930,885,-0.029006022207460663,-0.02909682409330467,9.08018858440107e-05
heavysnow,raw,C-L,weather_centered,260930,885,-0.014781835511310144,-0.004526427878230442,-0.0102554076330797
heavysnow,raw,C-R,uncentered,260930,885,-0.41081798748399895,-0.4149738809672521,0.004155893483253117
heavysnow,raw,C-R,weather_centered,260930,885,0.11189723768541875,-0.012744114845843577,0.12464135253126234
heavysnow,raw,L-R,uncentered,260930,885,0.4320022400620448,0.4132933401725418,0.018708899889502913
heavysnow,raw,L-R,weather_centered,260930,885,0.2359835266249095,-0.04827281598139906,0.2842563426063085
heavysnow,shared,C-L,uncentered,260930,885,0.9781173555671057,0.9780866154944206,3.074007268515567e-05
heavysnow,shared,C-L,weather_centered,260930,885,0.0022181960334918586,0.0011673807367652334,0.0010508152967266253
heavysnow,shared,C-R,uncentered,260930,885,0.9687750778340204,0.9686980339029139,7.704393110645019e-05
heavysnow,shared,C-R,weather_centered,260930,885,-0.02593158861560211,0.003940329914354516,-0.02987191852995663
heavysnow,shared,L-R,uncentered,260930,885,0.9860312829985205,0.9844709260886282,0.00156035690989224
heavysnow,shared,L-R,weather_centered,260930,885,0.15013145977231968,-0.027905665648179683,0.1780371254204994
heavysnow,specific,C-L,uncentered,260930,885,0.5550559768499641,0.5586795908381912,-0.003623613988227169
heavysnow,specific,C-L,weather_centered,260930,885,-0.02495787977121624,-0.0036516312539443593,-0.021306248517271874
heavysnow,specific,C-R,uncentered,260930,885,0.6646653458844669,0.6644062047237861,0.00025914116068080813
heavysnow,specific,C-R,weather_centered,260930,885,-0.0034264611788673125,-0.004235295838178766,0.0008088346593114533
heavysnow,specific,L-R,uncentered,260930,885,0.5322660454623183,0.5297064135440327,0.0025596319182855276
heavysnow,specific,L-R,weather_centered,260930,885,0.02739419556102014,0.00041488470665865175,0.02697931085436149
heavysnow,raw,C-L,uncentered,260931,904,-0.029057212336496684,-0.02873845255125442,-0.0003187597852422646
heavysnow,raw,C-L,weather_centered,260931,904,-0.01815347371968604,0.010164413465539018,-0.028317887185225068
heavysnow,raw,C-R,uncentered,260931,904,-0.41042675304320586,-0.41472204784976113,0.004295294806555213
heavysnow,raw,C-R,weather_centered,260931,904,0.11274234663527337,-0.013088483270985204,0.12583082990625857
heavysnow,raw,L-R,uncentered,260931,904,0.43215028277753503,0.414206784848714,0.01794349792882111
heavysnow,raw,L-R,weather_centered,260931,904,0.22429483612020373,-0.03154261138106956,0.2558374475012733
heavysnow,shared,C-L,uncentered,260931,904,0.9781304042523136,0.9780923776322584,3.802662005503436e-05
heavysnow,shared,C-L,weather_centered,260931,904,0.004592798881650542,-0.0016808656410766101,0.006273664522727151
heavysnow,shared,C-R,uncentered,260931,904,0.9686901826647802,0.9688766561589918,-0.00018647349421149049
heavysnow,shared,C-R,weather_centered,260931,904,-0.025877218498071338,-0.0004928025169618525,-0.025384415981109493
heavysnow,shared,L-R,uncentered,260931,904,0.98604893244114,0.9845721595204812,0.0014767729206588665
heavysnow,shared,L-R,weather_centered,260931,904,0.1461473816705949,-0.011828047366404384,0.15797542903699932
heavysnow,specific,C-L,uncentered,260931,904,0.5530721802250016,0.5505189579222002,0.0025532223028015884
heavysnow,specific,C-L,weather_centered,260931,904,-0.02417659494038116,-0.0010142107623201913,-0.023162384178060966
heavysnow,specific,C-R,uncentered,260931,904,0.6645099143850584,0.6649260571077455,-0.00041614272268719805
heavysnow,specific,C-R,weather_centered,260931,904,-0.005162079673375197,-0.006117365299160143,0.0009552856257849479
heavysnow,specific,L-R,uncentered,260931,904,0.5304748562734874,0.5280407992586025,0.002434057014884888
heavysnow,specific,L-R,weather_centered,260931,904,0.02665272613791298,0.009256341227736956,0.017396384910176022
heavysnow,raw,C-L,uncentered,260932,882,-0.029321644479944235,-0.028884530004145263,-0.0004371144757989735
heavysnow,raw,C-L,weather_centered,260932,882,-0.018757514460216777,0.01562786387079059,-0.034385378331007375
heavysnow,raw,C-R,uncentered,260932,882,-0.4106764234047116,-0.414921743801589,0.0042453203968774505
heavysnow,raw,C-R,weather_centered,260932,882,0.10741702927610722,-0.01034451865514615,0.11776154793125335
heavysnow,raw,L-R,uncentered,260932,882,0.43211918518629416,0.41398773225272706,0.018131452933567056
heavysnow,raw,L-R,weather_centered,260932,882,0.2285378574085397,-0.04406859900355675,0.2726064564120965
heavysnow,shared,C-L,uncentered,260932,882,0.9781076046350405,0.9781315385180467,-2.393388300610441e-05
heavysnow,shared,C-L,weather_centered,260932,882,0.0019554833005330403,-0.000325293835490421,0.0022807771360234615
heavysnow,shared,C-R,uncentered,260932,882,0.9687353718768258,0.9689158470010173,-0.00018047512419150445
heavysnow,shared,C-R,weather_centered,260932,882,-0.025282246395488053,0.002325592602483201,-0.02760783899797126
heavysnow,shared,L-R,uncentered,260932,882,0.9861049372331169,0.9847628364568844,0.0013421007762325608
heavysnow,shared,L-R,weather_centered,260932,882,0.14961256165331444,-0.008748692200129285,0.1583612538534437
heavysnow,specific,C-L,uncentered,260932,882,0.553640470651669,0.5523768386061385,0.001263632045530408
heavysnow,specific,C-L,weather_centered,260932,882,-0.026168036453059373,0.0022254735456863875,-0.02839350999874576
heavysnow,specific,C-R,uncentered,260932,882,0.6646775692097403,0.6650333313140678,-0.0003557621043275585
heavysnow,specific,C-R,weather_centered,260932,882,-0.006476165484242967,-0.0016585633908386007,-0.004817602093404367
heavysnow,specific,L-R,uncentered,260932,882,0.5311403592420827,0.5289067177460208,0.002233641496061954
heavysnow,specific,L-R,weather_centered,260932,882,0.030481824461342198,-0.0039415385651447735,0.03442336302648697
